date,buy_mb,sell_mb,buy_sell_mb,net_mb,nvdr_pct,symbol,sector,cumulative_net_mb
2020-01-02,416.62,386.76,803.39,29.86,31.33,ADVANC,ICT,29.86
2020-01-03,399.53,337.78,737.31,61.75,38.56,ADVANC,ICT,91.61
2020-01-06,323.86,148.33,472.2,175.53,21.04,ADVANC,ICT,267.14
2020-01-07,566.06,284.81,850.87,281.25,26.51,ADVANC,ICT,548.39
2020-01-08,551.62,400.93,952.55,150.69,31.88,ADVANC,ICT,699.0799999999999
2020-01-09,450.96,480.05,931.01,-29.08,23.66,ADVANC,ICT,669.9999999999999
2020-01-10,681.82,513.08,1194.9,168.74,27.38,ADVANC,ICT,838.7399999999999
2020-01-13,774.31,262.59,1036.9,511.73,27.49,ADVANC,ICT,1350.4699999999998
2020-01-14,473.17,285.44,758.61,187.73,30.25,ADVANC,ICT,1538.1999999999998
2020-01-15,396.7,312.9,709.6,83.81,31.63,ADVANC,ICT,1622.0099999999998
2020-01-16,290.81,395.06,685.87,-104.25,39.76,ADVANC,ICT,1517.7599999999998
2020-01-17,467.45,358.92,826.37,108.52,20.73,ADVANC,ICT,1626.2799999999997
2020-01-20,400.84,152.67,553.5,248.17,34.47,ADVANC,ICT,1874.4499999999998
2020-01-21,300.78,290.88,591.66,9.91,32.65,ADVANC,ICT,1884.36
2020-01-22,458.71,478.27,936.99,-19.56,34.07,ADVANC,ICT,1864.8
2020-01-23,241.2,243.5,484.69,-2.3,26.91,ADVANC,ICT,1862.5
2020-01-24,265.7,174.11,439.81,91.59,20.72,ADVANC,ICT,1954.09
2020-01-27,272.79,497.87,770.66,-225.08,27.93,ADVANC,ICT,1729.01
2020-01-28,185.57,519.04,704.61,-333.46,33.14,ADVANC,ICT,1395.55
2020-01-29,559.0,485.83,1044.83,73.18,30.21,ADVANC,ICT,1468.73
2020-01-30,880.78,1565.41,2446.2,-684.63,28.5,ADVANC,ICT,784.1
2020-01-31,538.78,466.34,1005.13,72.44,27.8,ADVANC,ICT,856.54
2020-02-03,442.12,330.98,773.1,111.14,38.26,ADVANC,ICT,967.68
2020-02-04,536.86,373.38,910.24,163.48,33.68,ADVANC,ICT,1131.1599999999999
2020-02-05,495.63,499.4,995.03,-3.77,35.18,ADVANC,ICT,1127.3899999999999
2020-02-06,403.39,364.94,768.33,38.45,23.57,ADVANC,ICT,1165.84
2020-02-07,1156.35,1123.19,2279.54,33.17,27.43,ADVANC,ICT,1199.01
2020-02-11,931.49,653.81,1585.29,277.68,39.87,ADVANC,ICT,1476.69
2020-02-12,719.55,564.53,1284.07,155.02,31.09,ADVANC,ICT,1631.71
2020-02-13,337.5,369.04,706.54,-31.54,34.03,ADVANC,ICT,1600.17
2020-02-14,407.23,516.95,924.18,-109.72,26.54,ADVANC,ICT,1490.45
2020-02-17,1011.56,896.99,1908.55,114.56,29.81,ADVANC,ICT,1605.01
2020-02-18,230.81,1408.8,1639.62,-1177.99,39.06,ADVANC,ICT,427.02
2020-02-19,1248.02,533.29,1781.31,714.73,35.81,ADVANC,ICT,1141.75
2020-02-20,543.95,735.21,1279.16,-191.26,36.53,ADVANC,ICT,950.49
2020-02-21,356.2,376.5,732.7,-20.3,26.56,ADVANC,ICT,930.19
2020-02-24,606.92,576.51,1183.43,30.41,34.28,ADVANC,ICT,960.6
2020-02-25,485.5,762.29,1247.79,-276.79,33.02,ADVANC,ICT,683.81
2020-02-26,864.33,957.7,1822.02,-93.37,35.26,ADVANC,ICT,590.4399999999999
2020-02-27,641.53,752.04,1393.57,-110.51,39.54,ADVANC,ICT,479.92999999999995
2020-02-28,570.8,1083.17,1653.97,-512.36,29.85,ADVANC,ICT,-32.430000000000064
2020-03-02,778.53,1279.71,2058.24,-501.18,40.67,ADVANC,ICT,-533.6100000000001
2020-03-03,713.9,909.37,1623.27,-195.47,36.35,ADVANC,ICT,-729.0800000000002
2020-03-04,606.43,549.08,1155.51,57.35,33.69,ADVANC,ICT,-671.7300000000001
2020-03-05,292.42,464.62,757.04,-172.2,26.13,ADVANC,ICT,-843.9300000000001
2020-03-06,607.5,643.27,1250.77,-35.76,31.05,ADVANC,ICT,-879.69
2020-03-09,787.2,996.79,1783.99,-209.59,40.01,ADVANC,ICT,-1089.28
2020-03-10,532.83,586.22,1119.05,-53.39,41.52,ADVANC,ICT,-1142.67
2020-03-11,796.53,760.19,1556.72,36.33,28.48,ADVANC,ICT,-1106.3400000000001
2020-03-12,882.74,1416.01,2298.74,-533.27,35.19,ADVANC,ICT,-1639.6100000000001
2020-03-13,1463.65,1494.07,2957.71,-30.42,39.72,ADVANC,ICT,-1670.0300000000002
2020-03-16,804.88,1098.46,1903.35,-293.58,39.14,ADVANC,ICT,-1963.6100000000001
2020-03-17,987.32,1114.48,2101.8,-127.16,44.36,ADVANC,ICT,-2090.77
2020-03-18,1196.43,1060.1,2256.53,136.33,35.84,ADVANC,ICT,-1954.44
2020-03-19,1634.89,1371.75,3006.64,263.14,44.97,ADVANC,ICT,-1691.3000000000002
2020-03-20,1703.78,1636.6,3340.38,67.18,41.46,ADVANC,ICT,-1624.1200000000001
2020-03-23,969.73,1148.0,2117.73,-178.26,43.39,ADVANC,ICT,-1802.38
2020-03-24,1099.82,1374.92,2474.75,-275.1,39.74,ADVANC,ICT,-2077.48
2020-03-25,1530.69,1512.13,3042.82,18.56,40.49,ADVANC,ICT,-2058.92
2020-03-26,576.5,1341.92,1918.43,-765.42,39.63,ADVANC,ICT,-2824.34
2020-03-27,904.21,938.07,1842.29,-33.86,30.04,ADVANC,ICT,-2858.2000000000003
2020-03-30,723.06,626.66,1349.72,96.4,37.99,ADVANC,ICT,-2761.8
2020-03-31,308.49,496.58,805.07,-188.09,33.15,ADVANC,ICT,-2949.8900000000003
2020-04-01,649.93,659.58,1309.52,-9.65,27.8,ADVANC,ICT,-2959.5400000000004
2020-04-02,784.43,512.93,1297.36,271.49,38.95,ADVANC,ICT,-2688.05
2020-04-03,692.22,721.58,1413.8,-29.35,41.06,ADVANC,ICT,-2717.4
2020-04-07,1127.13,760.54,1887.68,366.59,28.19,ADVANC,ICT,-2350.81
2020-04-08,1121.44,1312.89,2434.34,-191.45,26.54,ADVANC,ICT,-2542.2599999999998
2020-04-09,1124.52,871.64,1996.16,252.88,35.55,ADVANC,ICT,-2289.3799999999997
2020-04-10,465.05,550.24,1015.28,-85.19,39.55,ADVANC,ICT,-2374.5699999999997
2020-04-13,270.7,373.43,644.13,-102.73,30.91,ADVANC,ICT,-2477.2999999999997
2020-04-14,794.71,638.48,1433.19,156.24,29.68,ADVANC,ICT,-2321.0599999999995
2020-04-15,356.65,392.99,749.64,-36.34,36.54,ADVANC,ICT,-2357.3999999999996
2020-04-16,441.79,421.09,862.87,20.7,34.93,ADVANC,ICT,-2336.7
2020-04-17,612.94,444.31,1057.25,168.63,26.92,ADVANC,ICT,-2168.0699999999997
2020-04-20,779.44,695.59,1475.03,83.85,34.64,ADVANC,ICT,-2084.22
2020-04-21,550.27,509.32,1059.59,40.95,38.6,ADVANC,ICT,-2043.2699999999998
2020-04-22,1234.22,759.85,1994.07,474.37,35.19,ADVANC,ICT,-1568.8999999999996
2020-04-23,587.83,391.84,979.67,195.99,30.46,ADVANC,ICT,-1372.9099999999996
2020-04-24,532.46,566.44,1098.9,-33.98,38.97,ADVANC,ICT,-1406.8899999999996
2020-04-27,302.8,402.87,705.66,-100.07,32.8,ADVANC,ICT,-1506.9599999999996
2020-04-28,420.09,432.74,852.84,-12.65,38.87,ADVANC,ICT,-1519.6099999999997
2020-04-29,163.77,59.3,223.06,104.47,18.36,ADVANC,ICT,-1415.1399999999996
2020-04-30,466.36,402.79,869.15,63.57,29.65,ADVANC,ICT,-1351.5699999999997
2020-05-05,340.33,356.11,696.43,-15.78,42.51,ADVANC,ICT,-1367.3499999999997
2020-05-07,527.48,411.66,939.14,115.82,37.27,ADVANC,ICT,-1251.5299999999997
2020-05-08,491.6,821.87,1313.47,-330.28,29.69,ADVANC,ICT,-1581.8099999999997
2020-05-11,472.64,452.38,925.01,20.26,26.51,ADVANC,ICT,-1561.5499999999997
2020-05-12,475.27,877.36,1352.63,-402.08,26.83,ADVANC,ICT,-1963.6299999999997
2020-05-13,497.7,459.77,957.47,37.94,31.14,ADVANC,ICT,-1925.6899999999996
2020-05-14,349.66,518.79,868.46,-169.13,39.73,ADVANC,ICT,-2094.8199999999997
2020-05-15,359.96,442.56,802.52,-82.6,42.36,ADVANC,ICT,-2177.4199999999996
2020-05-18,319.94,796.85,1116.8,-476.91,43.85,ADVANC,ICT,-2654.3299999999995
2020-05-19,343.34,613.86,957.2,-270.52,33.08,ADVANC,ICT,-2924.8499999999995
2020-05-20,341.65,577.94,919.59,-236.28,23.62,ADVANC,ICT,-3161.1299999999997
2020-05-21,241.21,419.56,660.77,-178.34,34.52,ADVANC,ICT,-3339.47
2020-05-22,181.01,224.02,405.03,-43.01,19.46,ADVANC,ICT,-3382.48
2020-05-25,187.45,231.35,418.81,-43.9,29.51,ADVANC,ICT,-3426.38
2020-05-26,364.45,400.49,764.94,-36.04,28.83,ADVANC,ICT,-3462.42
2020-05-27,570.49,591.36,1161.84,-20.87,39.91,ADVANC,ICT,-3483.29
2020-05-28,528.2,559.99,1088.19,-31.79,38.33,ADVANC,ICT,-3515.08
2020-05-29,1329.62,891.25,2220.87,438.37,40.79,ADVANC,ICT,-3076.71
2020-06-01,498.23,438.69,936.93,59.54,34.93,ADVANC,ICT,-3017.17
2020-06-02,533.8,281.95,815.76,251.85,35.43,ADVANC,ICT,-2765.32
2020-06-04,1050.85,887.8,1938.65,163.04,28.06,ADVANC,ICT,-2602.28
2020-06-05,777.76,629.85,1407.6,147.91,16.93,ADVANC,ICT,-2454.3700000000003
2020-06-08,436.73,364.31,801.04,72.42,22.38,ADVANC,ICT,-2381.9500000000003
2020-06-09,492.19,624.49,1116.69,-132.3,26.5,ADVANC,ICT,-2514.2500000000005
2020-06-10,351.23,397.73,748.96,-46.5,34.26,ADVANC,ICT,-2560.7500000000005
2020-06-11,400.0,514.77,914.77,-114.76,33.9,ADVANC,ICT,-2675.5100000000007
2020-06-12,475.18,613.42,1088.59,-138.24,34.22,ADVANC,ICT,-2813.750000000001
2020-06-15,621.48,665.29,1286.77,-43.8,29.49,ADVANC,ICT,-2857.550000000001
2020-06-16,300.48,368.24,668.72,-67.76,32.64,ADVANC,ICT,-2925.3100000000013
2020-06-17,553.55,758.07,1311.62,-204.53,40.23,ADVANC,ICT,-3129.8400000000015
2020-06-18,263.9,497.03,760.92,-233.13,43.63,ADVANC,ICT,-3362.9700000000016
2020-06-19,515.4,789.03,1304.43,-273.63,40.2,ADVANC,ICT,-3636.6000000000017
2020-06-22,246.12,370.29,616.4,-124.17,47.81,ADVANC,ICT,-3760.770000000002
2020-06-23,234.8,353.92,588.72,-119.12,40.93,ADVANC,ICT,-3879.8900000000017
2020-06-24,289.51,878.04,1167.55,-588.54,32.74,ADVANC,ICT,-4468.430000000002
2020-06-25,487.97,393.99,881.96,93.98,27.28,ADVANC,ICT,-4374.450000000003
2020-06-26,327.9,483.23,811.12,-155.33,26.03,ADVANC,ICT,-4529.7800000000025
2020-06-29,428.58,459.39,887.97,-30.81,37.94,ADVANC,ICT,-4560.590000000003
2020-06-30,919.58,467.82,1387.4,451.76,33.95,ADVANC,ICT,-4108.830000000003
2020-07-01,391.74,422.35,814.09,-30.61,30.89,ADVANC,ICT,-4139.440000000002
2020-07-02,393.42,318.1,711.53,75.32,30.08,ADVANC,ICT,-4064.120000000002
2020-07-03,307.69,188.8,496.48,118.89,31.26,ADVANC,ICT,-3945.2300000000023
2020-07-07,346.82,678.38,1025.2,-331.55,29.85,ADVANC,ICT,-4276.7800000000025
2020-07-08,577.9,378.26,956.17,199.64,31.86,ADVANC,ICT,-4077.1400000000026
2020-07-09,655.0,663.89,1318.89,-8.9,44.12,ADVANC,ICT,-4086.0400000000027
2020-07-10,421.32,348.12,769.44,73.19,37.71,ADVANC,ICT,-4012.8500000000026
2020-07-13,279.67,277.62,557.29,2.05,38.22,ADVANC,ICT,-4010.8000000000025
2020-07-14,269.14,467.78,736.92,-198.64,35.39,ADVANC,ICT,-4209.440000000002
2020-07-15,272.14,235.46,507.6,36.68,36.49,ADVANC,ICT,-4172.760000000002
2020-07-16,306.4,377.57,683.97,-71.17,26.93,ADVANC,ICT,-4243.930000000002
2020-07-17,264.27,203.85,468.12,60.41,33.21,ADVANC,ICT,-4183.520000000002
2020-07-20,507.5,249.26,756.76,258.25,39.19,ADVANC,ICT,-3925.2700000000023
2020-07-21,369.16,733.11,1102.27,-363.94,32.25,ADVANC,ICT,-4289.210000000002
2020-07-22,210.13,330.16,540.29,-120.03,30.06,ADVANC,ICT,-4409.240000000002
2020-07-23,212.47,369.3,581.77,-156.83,38.77,ADVANC,ICT,-4566.0700000000015
2020-07-24,121.27,287.36,408.63,-166.09,24.48,ADVANC,ICT,-4732.160000000002
2020-07-29,374.92,242.03,616.96,132.89,43.45,ADVANC,ICT,-4599.270000000001
2020-07-30,314.82,365.27,680.09,-50.45,43.04,ADVANC,ICT,-4649.720000000001
2020-07-31,574.73,485.61,1060.34,89.12,51.8,ADVANC,ICT,-4560.600000000001
2020-08-03,144.34,287.05,431.4,-142.71,35.2,ADVANC,ICT,-4703.310000000001
2020-08-04,409.37,291.03,700.4,118.34,45.19,ADVANC,ICT,-4584.970000000001
2020-08-05,312.62,230.71,543.33,81.9,47.9,ADVANC,ICT,-4503.0700000000015
2020-08-06,531.91,394.89,926.8,137.02,23.82,ADVANC,ICT,-4366.050000000001
2020-08-07,211.76,494.44,706.2,-282.68,20.21,ADVANC,ICT,-4648.730000000001
2020-08-10,198.23,214.88,413.11,-16.64,32.0,ADVANC,ICT,-4665.370000000002
2020-08-11,499.44,424.84,924.28,74.6,24.28,ADVANC,ICT,-4590.770000000001
2020-08-13,368.96,363.65,732.61,5.31,30.35,ADVANC,ICT,-4585.460000000001
2020-08-14,441.01,552.56,993.57,-111.55,33.26,ADVANC,ICT,-4697.010000000001
2020-08-17,296.67,202.43,499.1,94.24,34.33,ADVANC,ICT,-4602.770000000001
2020-08-18,345.98,320.54,666.52,25.44,29.12,ADVANC,ICT,-4577.330000000002
2020-08-19,272.75,319.75,592.5,-47.0,28.4,ADVANC,ICT,-4624.330000000002
2020-08-20,298.36,273.05,571.41,25.31,29.72,ADVANC,ICT,-4599.020000000001
2020-08-21,126.24,119.16,245.4,7.08,30.46,ADVANC,ICT,-4591.940000000001
2020-08-24,74.64,144.2,218.84,-69.56,25.43,ADVANC,ICT,-4661.500000000002
2020-08-25,211.67,165.76,377.43,45.91,33.72,ADVANC,ICT,-4615.590000000002
2020-08-26,181.07,216.03,397.1,-34.97,36.87,ADVANC,ICT,-4650.560000000002
2020-08-27,151.79,234.68,386.47,-82.89,22.16,ADVANC,ICT,-4733.450000000003
2020-08-28,233.81,171.74,405.55,62.08,28.24,ADVANC,ICT,-4671.370000000003
2020-08-31,461.26,287.88,749.14,173.38,30.36,ADVANC,ICT,-4497.9900000000025
2020-09-01,131.01,151.28,282.29,-20.27,24.83,ADVANC,ICT,-4518.260000000003
2020-09-02,221.76,166.13,387.88,55.63,37.14,ADVANC,ICT,-4462.630000000003
2020-09-03,157.03,180.43,337.45,-23.4,34.31,ADVANC,ICT,-4486.0300000000025
2020-09-08,170.11,336.49,506.59,-166.38,32.65,ADVANC,ICT,-4652.410000000003
2020-09-09,98.54,121.48,220.03,-22.94,24.62,ADVANC,ICT,-4675.350000000002
2020-09-10,228.11,148.85,376.97,79.26,28.39,ADVANC,ICT,-4596.090000000002
2020-09-11,112.6,141.08,253.68,-28.47,32.63,ADVANC,ICT,-4624.560000000002
2020-09-14,224.3,171.09,395.39,53.2,43.09,ADVANC,ICT,-4571.360000000002
2020-09-15,81.97,190.26,272.23,-108.29,33.89,ADVANC,ICT,-4679.650000000002
2020-09-16,192.81,169.93,362.74,22.89,33.11,ADVANC,ICT,-4656.760000000002
2020-09-17,265.2,367.99,633.18,-102.79,31.32,ADVANC,ICT,-4759.550000000002
2020-09-18,441.95,317.11,759.06,124.85,34.7,ADVANC,ICT,-4634.700000000002
2020-09-21,164.89,177.64,342.54,-12.75,29.18,ADVANC,ICT,-4647.450000000002
2020-09-22,212.71,167.72,380.44,44.99,31.57,ADVANC,ICT,-4602.460000000002
2020-09-23,222.45,218.52,440.97,3.93,29.5,ADVANC,ICT,-4598.530000000002
2020-09-24,426.45,382.72,809.17,43.74,32.54,ADVANC,ICT,-4554.790000000002
2020-09-25,309.01,297.61,606.62,11.41,37.66,ADVANC,ICT,-4543.380000000002
2020-09-28,320.05,334.12,654.17,-14.08,30.38,ADVANC,ICT,-4557.460000000002
2020-09-29,220.17,215.89,436.06,4.28,28.61,ADVANC,ICT,-4553.180000000002
2020-09-30,287.92,256.85,544.78,31.07,34.04,ADVANC,ICT,-4522.110000000002
2020-10-01,97.12,166.46,263.58,-69.34,22.05,ADVANC,ICT,-4591.450000000003
2020-10-02,139.68,164.78,304.45,-25.1,22.61,ADVANC,ICT,-4616.550000000003
2020-10-05,178.45,295.86,474.31,-117.4,24.19,ADVANC,ICT,-4733.950000000003
2020-10-06,189.44,375.85,565.29,-186.41,33.63,ADVANC,ICT,-4920.360000000002
2020-10-07,237.08,152.33,389.41,84.74,22.07,ADVANC,ICT,-4835.620000000003
2020-10-08,414.31,250.28,664.59,164.03,30.37,ADVANC,ICT,-4671.590000000003
2020-10-09,262.08,216.04,478.12,46.04,31.31,ADVANC,ICT,-4625.550000000003
2020-10-12,191.17,97.07,288.24,94.1,36.48,ADVANC,ICT,-4531.450000000003
2020-10-14,339.65,243.86,583.51,95.79,37.4,ADVANC,ICT,-4435.660000000003
2020-10-15,359.39,254.39,613.78,105.0,37.01,ADVANC,ICT,-4330.660000000003
2020-10-16,426.05,222.82,648.86,203.23,36.33,ADVANC,ICT,-4127.430000000003
2020-10-19,490.65,307.82,798.47,182.82,38.56,ADVANC,ICT,-3944.610000000003
2020-10-20,547.82,407.48,955.3,140.34,47.01,ADVANC,ICT,-3804.2700000000027
2020-10-21,209.03,358.12,567.15,-149.08,35.35,ADVANC,ICT,-3953.3500000000026
2020-10-22,409.11,433.09,842.2,-23.97,43.14,ADVANC,ICT,-3977.3200000000024
2020-10-26,247.43,183.97,431.4,63.45,31.07,ADVANC,ICT,-3913.8700000000026
2020-10-27,122.84,216.85,339.69,-94.0,27.59,ADVANC,ICT,-4007.8700000000026
2020-10-28,185.73,214.61,400.33,-28.88,31.55,ADVANC,ICT,-4036.7500000000027
2020-10-29,214.03,285.21,499.24,-71.19,35.65,ADVANC,ICT,-4107.940000000002
2020-10-30,314.3,318.42,632.72,-4.11,41.52,ADVANC,ICT,-4112.050000000002
2020-11-02,115.71,227.1,342.81,-111.4,33.49,ADVANC,ICT,-4223.450000000002
2020-11-03,286.57,290.03,576.6,-3.46,25.62,ADVANC,ICT,-4226.910000000002
2020-11-04,377.82,303.84,681.66,73.97,33.8,ADVANC,ICT,-4152.940000000001
2020-11-05,692.07,356.65,1048.72,335.42,34.24,ADVANC,ICT,-3817.5200000000013
2020-11-06,680.68,444.76,1125.44,235.91,39.67,ADVANC,ICT,-3581.6100000000015
2020-11-09,981.86,547.62,1529.48,434.23,37.99,ADVANC,ICT,-3147.3800000000015
2020-11-10,1166.47,967.54,2134.0,198.93,36.44,ADVANC,ICT,-2948.4500000000016
2020-11-11,682.51,594.87,1277.38,87.64,37.89,ADVANC,ICT,-2860.8100000000018
2020-11-12,567.05,650.0,1217.06,-82.95,24.42,ADVANC,ICT,-2943.7600000000016
2020-11-13,706.25,682.23,1388.48,24.02,30.8,ADVANC,ICT,-2919.7400000000016
2020-11-16,496.74,450.82,947.56,45.91,31.79,ADVANC,ICT,-2873.8300000000017
2020-11-17,579.18,767.59,1346.77,-188.41,30.81,ADVANC,ICT,-3062.2400000000016
2020-11-18,422.67,346.65,769.32,76.02,37.8,ADVANC,ICT,-2986.2200000000016
2020-11-19,722.43,768.36,1490.79,-45.94,20.4,ADVANC,ICT,-3032.1600000000017
2020-11-20,871.08,932.07,1803.15,-60.99,17.96,ADVANC,ICT,-3093.1500000000015
2020-11-23,1187.32,561.24,1748.57,626.08,23.66,ADVANC,ICT,-2467.0700000000015
2020-11-24,1020.16,1443.24,2463.4,-423.09,26.27,ADVANC,ICT,-2890.1600000000017
2020-11-25,857.24,1039.52,1896.76,-182.28,34.18,ADVANC,ICT,-3072.440000000002
2020-11-26,693.25,729.8,1423.04,-36.55,29.12,ADVANC,ICT,-3108.990000000002
2020-11-27,635.12,416.09,1051.22,219.03,27.78,ADVANC,ICT,-2889.960000000002
2020-11-30,1736.08,1777.89,3513.97,-41.81,48.29,ADVANC,ICT,-2931.770000000002
2020-12-01,711.13,626.21,1337.34,84.92,30.13,ADVANC,ICT,-2846.8500000000017
2020-12-02,839.77,643.61,1483.38,196.16,21.68,ADVANC,ICT,-2650.690000000002
2020-12-03,395.19,449.83,845.03,-54.64,23.11,ADVANC,ICT,-2705.3300000000017
2020-12-04,353.08,449.66,802.74,-96.58,23.26,ADVANC,ICT,-2801.9100000000017
2020-12-08,1008.15,573.19,1581.34,434.96,23.24,ADVANC,ICT,-2366.9500000000016
2020-12-09,1240.12,1012.64,2252.76,227.48,28.07,ADVANC,ICT,-2139.4700000000016
2020-12-14,1100.04,1068.62,2168.67,31.42,26.67,ADVANC,ICT,-2108.0500000000015
2020-12-15,402.49,943.47,1345.96,-540.98,24.06,ADVANC,ICT,-2649.0300000000016
2020-12-16,306.21,520.09,826.3,-213.88,26.46,ADVANC,ICT,-2862.9100000000017
2020-12-17,586.2,563.22,1149.42,22.98,34.55,ADVANC,ICT,-2839.9300000000017
2020-12-18,1154.1,1186.4,2340.51,-32.3,47.61,ADVANC,ICT,-2872.230000000002
2020-12-21,846.87,778.65,1625.52,68.22,24.46,ADVANC,ICT,-2804.010000000002
2020-12-22,775.82,621.08,1396.9,154.74,31.13,ADVANC,ICT,-2649.2700000000023
2020-12-23,587.13,881.64,1468.78,-294.51,41.2,ADVANC,ICT,-2943.7800000000025
2020-12-24,414.57,456.07,870.65,-41.5,33.18,ADVANC,ICT,-2985.2800000000025
2020-12-25,254.43,157.7,412.13,96.73,22.12,ADVANC,ICT,-2888.5500000000025
2020-12-28,347.54,359.04,706.58,-11.5,25.08,ADVANC,ICT,-2900.0500000000025
2020-12-29,452.29,163.74,616.03,288.55,29.31,ADVANC,ICT,-2611.5000000000023
2020-12-30,274.91,401.11,676.02,-126.2,25.95,ADVANC,ICT,-2737.700000000002
2021-01-04,429.07,341.17,770.24,87.89,29.16,ADVANC,ICT,-2649.810000000002
2021-01-05,484.96,480.39,965.35,4.57,27.54,ADVANC,ICT,-2645.240000000002
2021-01-06,616.53,508.36,1124.89,108.18,21.4,ADVANC,ICT,-2537.060000000002
2021-01-07,271.46,465.94,737.4,-194.47,26.11,ADVANC,ICT,-2731.530000000002
2021-01-08,605.68,561.06,1166.74,44.62,22.25,ADVANC,ICT,-2686.910000000002
2021-01-11,615.49,1041.82,1657.32,-426.33,37.06,ADVANC,ICT,-3113.240000000002
2021-01-12,311.68,554.23,865.91,-242.55,30.89,ADVANC,ICT,-3355.7900000000022
2021-01-13,357.17,566.66,923.83,-209.49,33.26,ADVANC,ICT,-3565.2800000000025
2021-01-14,299.3,420.02,719.32,-120.71,36.19,ADVANC,ICT,-3685.9900000000025
2021-01-15,715.43,902.82,1618.24,-187.39,48.99,ADVANC,ICT,-3873.3800000000024
2021-01-18,220.42,321.31,541.72,-100.89,28.37,ADVANC,ICT,-3974.2700000000023
2021-01-19,170.97,274.58,445.55,-103.6,29.06,ADVANC,ICT,-4077.870000000002
2021-01-20,327.14,502.07,829.21,-174.93,33.63,ADVANC,ICT,-4252.800000000002
2021-01-21,293.48,594.45,887.92,-300.97,32.38,ADVANC,ICT,-4553.770000000002
2021-01-22,281.73,320.94,602.67,-39.21,33.03,ADVANC,ICT,-4592.980000000002
2021-01-25,482.48,445.1,927.58,37.39,28.32,ADVANC,ICT,-4555.590000000002
2021-01-26,331.05,408.67,739.72,-77.61,37.09,ADVANC,ICT,-4633.200000000002
2021-01-27,118.76,313.03,431.79,-194.26,28.24,ADVANC,ICT,-4827.460000000002
2021-01-28,232.4,361.8,594.21,-129.4,27.22,ADVANC,ICT,-4956.8600000000015
2021-01-29,348.49,293.08,641.57,55.41,22.41,ADVANC,ICT,-4901.450000000002
2021-02-01,160.7,236.31,397.01,-75.61,29.21,ADVANC,ICT,-4977.060000000001
2021-02-02,310.11,274.98,585.1,35.13,33.43,ADVANC,ICT,-4941.930000000001
2021-02-03,337.16,498.2,835.36,-161.04,23.24,ADVANC,ICT,-5102.970000000001
2021-02-04,218.93,370.38,589.31,-151.45,24.12,ADVANC,ICT,-5254.420000000001
2021-02-05,280.34,326.75,607.09,-46.41,24.96,ADVANC,ICT,-5300.830000000001
2021-02-08,166.66,258.84,425.5,-92.17,18.5,ADVANC,ICT,-5393.000000000001
2021-02-09,214.43,192.17,406.6,22.27,13.82,ADVANC,ICT,-5370.7300000000005
2021-02-10,278.74,275.65,554.39,3.08,27.05,ADVANC,ICT,-5367.650000000001
2021-02-11,208.29,190.65,398.93,17.64,23.05,ADVANC,ICT,-5350.01
2021-02-15,219.0,129.87,348.87,89.13,21.81,ADVANC,ICT,-5260.88
2021-02-16,144.54,102.43,246.97,42.11,25.45,ADVANC,ICT,-5218.77
2021-02-17,222.47,270.71,493.18,-48.24,29.72,ADVANC,ICT,-5267.01
2021-02-18,142.76,399.61,542.37,-256.86,28.61,ADVANC,ICT,-5523.87
2021-02-19,280.01,190.2,470.22,89.81,23.32,ADVANC,ICT,-5434.0599999999995
2021-02-22,221.49,374.43,595.91,-152.94,32.54,ADVANC,ICT,-5586.999999999999
2021-02-23,435.6,386.48,822.07,49.12,25.1,ADVANC,ICT,-5537.879999999999
2021-02-24,521.14,370.87,892.01,150.27,28.69,ADVANC,ICT,-5387.609999999999
2021-02-25,500.16,363.39,863.55,136.77,35.91,ADVANC,ICT,-5250.839999999998
2021-03-01,394.16,388.14,782.3,6.01,35.49,ADVANC,ICT,-5244.829999999998
2021-03-02,340.18,286.8,626.99,53.38,34.12,ADVANC,ICT,-5191.449999999998
2021-03-03,281.15,234.58,515.73,46.57,18.37,ADVANC,ICT,-5144.879999999998
2021-03-04,203.5,210.44,413.95,-6.94,27.56,ADVANC,ICT,-5151.819999999998
2021-03-05,384.49,380.53,765.03,3.96,29.96,ADVANC,ICT,-5147.859999999998
2021-03-08,426.93,352.21,779.14,74.73,29.03,ADVANC,ICT,-5073.129999999998
2021-03-09,242.18,216.12,458.3,26.06,27.21,ADVANC,ICT,-5047.069999999998
2021-03-10,504.88,417.39,922.27,87.49,19.58,ADVANC,ICT,-4959.579999999998
2021-03-11,315.2,446.95,762.15,-131.75,24.25,ADVANC,ICT,-5091.329999999998
2021-03-12,140.7,259.6,400.3,-118.89,30.77,ADVANC,ICT,-5210.219999999998
2021-03-15,231.08,240.51,471.6,-9.43,33.62,ADVANC,ICT,-5219.649999999999
2021-03-16,213.97,314.25,528.22,-100.28,24.77,ADVANC,ICT,-5319.9299999999985
2021-03-17,312.89,243.68,556.57,69.21,25.94,ADVANC,ICT,-5250.719999999998
2021-03-18,319.21,253.27,572.48,65.94,35.79,ADVANC,ICT,-5184.779999999999
2021-03-19,579.39,330.9,910.28,248.49,37.5,ADVANC,ICT,-4936.289999999999
2021-03-22,234.15,388.34,622.49,-154.2,37.96,ADVANC,ICT,-5090.489999999999
2021-03-23,152.87,226.6,379.47,-73.73,25.54,ADVANC,ICT,-5164.219999999998
2021-03-24,274.31,183.03,457.33,91.28,28.83,ADVANC,ICT,-5072.939999999999
2021-03-25,883.18,410.93,1294.1,472.25,24.3,ADVANC,ICT,-4600.689999999999
2021-03-26,236.14,339.37,575.52,-103.23,25.4,ADVANC,ICT,-4703.919999999998
2021-03-29,222.41,211.79,434.2,10.62,24.72,ADVANC,ICT,-4693.299999999998
2021-03-30,314.8,153.91,468.71,160.89,33.95,ADVANC,ICT,-4532.409999999998
2021-03-31,246.9,257.16,504.06,-10.26,20.32,ADVANC,ICT,-4542.669999999998
2021-04-01,37.99,95.41,133.41,-57.42,20.9,ADVANC,ICT,-4600.089999999998
2021-04-02,131.18,314.36,445.54,-183.17,29.03,ADVANC,ICT,-4783.259999999998
2021-04-05,159.27,183.28,342.55,-24.0,32.02,ADVANC,ICT,-4807.259999999998
2021-04-07,393.94,365.84,759.77,28.1,30.36,ADVANC,ICT,-4779.159999999998
2021-04-08,163.38,158.57,321.95,4.82,28.32,ADVANC,ICT,-4774.339999999998
2021-04-09,110.15,124.73,234.88,-14.58,22.14,ADVANC,ICT,-4788.919999999998
2021-04-12,292.08,185.92,478.0,106.15,22.87,ADVANC,ICT,-4682.769999999999
2021-04-16,365.87,390.89,756.76,-25.02,39.97,ADVANC,ICT,-4707.789999999999
2021-04-19,564.42,509.76,1074.18,54.66,28.85,ADVANC,ICT,-4653.129999999999
2021-04-20,1160.84,571.77,1732.61,589.07,21.74,ADVANC,ICT,-4064.059999999999
2021-04-21,751.17,653.44,1404.61,97.72,20.62,ADVANC,ICT,-3966.3399999999992
2021-04-22,406.45,641.22,1047.67,-234.78,20.83,ADVANC,ICT,-4201.119999999999
2021-04-23,444.61,335.01,779.61,109.6,25.26,ADVANC,ICT,-4091.519999999999
2021-04-26,322.76,258.89,581.65,63.88,27.1,ADVANC,ICT,-4027.639999999999
2021-04-27,113.39,325.75,439.15,-212.36,29.95,ADVANC,ICT,-4239.999999999999
2021-04-28,395.18,423.92,819.1,-28.73,32.0,ADVANC,ICT,-4268.729999999999
2021-04-29,334.44,134.25,468.7,200.19,25.58,ADVANC,ICT,-4068.5399999999986
2021-04-30,235.35,238.75,474.1,-3.4,28.01,ADVANC,ICT,-4071.9399999999987
2021-05-05,561.77,842.21,1403.98,-280.45,35.05,ADVANC,ICT,-4352.3899999999985
2021-05-06,407.26,246.0,653.26,161.26,31.19,ADVANC,ICT,-4191.129999999998
2021-05-07,218.87,204.46,423.33,14.41,36.31,ADVANC,ICT,-4176.719999999998
2021-05-10,234.85,184.42,419.26,50.43,38.58,ADVANC,ICT,-4126.289999999998
2021-05-11,282.83,162.91,445.73,119.92,34.71,ADVANC,ICT,-4006.369999999998
2021-05-12,39.35,124.44,163.8,-85.09,20.17,ADVANC,ICT,-4091.459999999998
2021-05-13,494.5,488.91,983.4,5.59,35.74,ADVANC,ICT,-4085.869999999998
2021-05-14,106.94,200.5,307.44,-93.56,34.71,ADVANC,ICT,-4179.4299999999985
2021-05-17,242.36,165.96,408.31,76.4,24.81,ADVANC,ICT,-4103.029999999999
2021-05-18,187.47,181.53,369.0,5.94,26.94,ADVANC,ICT,-4097.089999999999
2021-05-19,90.29,180.22,270.51,-89.94,27.32,ADVANC,ICT,-4187.029999999999
2021-05-20,254.82,333.05,587.87,-78.23,35.83,ADVANC,ICT,-4265.259999999998
2021-05-21,159.23,63.0,222.23,96.23,21.25,ADVANC,ICT,-4169.029999999999
2021-05-24,121.51,232.82,354.33,-111.31,29.56,ADVANC,ICT,-4280.339999999999
2021-05-25,149.96,476.12,626.08,-326.15,34.79,ADVANC,ICT,-4606.489999999999
2021-05-27,853.46,779.61,1633.07,73.85,49.09,ADVANC,ICT,-4532.6399999999985
2021-05-28,165.97,151.51,317.48,14.46,21.35,ADVANC,ICT,-4518.1799999999985
2021-05-31,207.24,140.36,347.6,66.87,24.04,ADVANC,ICT,-4451.309999999999
2021-06-01,277.11,183.27,460.38,93.84,26.42,ADVANC,ICT,-4357.469999999998
2021-06-02,443.25,388.48,831.73,54.77,21.36,ADVANC,ICT,-4302.699999999998
2021-06-04,153.89,330.09,483.98,-176.2,27.54,ADVANC,ICT,-4478.899999999998
2021-06-07,185.36,327.26,512.63,-141.9,34.08,ADVANC,ICT,-4620.799999999997
2021-06-08,296.4,327.59,623.99,-31.19,15.54,ADVANC,ICT,-4651.989999999997
2021-06-09,318.76,272.6,591.36,46.16,14.17,ADVANC,ICT,-4605.829999999997
2021-06-10,238.27,189.06,427.33,49.22,21.07,ADVANC,ICT,-4556.609999999997
2021-06-11,185.72,172.61,358.33,13.11,33.41,ADVANC,ICT,-4543.499999999997
2021-06-14,257.17,191.01,448.18,66.16,27.05,ADVANC,ICT,-4477.339999999997
2021-06-15,308.3,184.32,492.63,123.98,28.99,ADVANC,ICT,-4353.359999999998
2021-06-16,148.09,121.85,269.94,26.24,28.06,ADVANC,ICT,-4327.119999999998
2021-06-17,216.03,209.31,425.34,6.72,39.3,ADVANC,ICT,-4320.399999999998
2021-06-18,366.28,406.0,772.29,-39.72,38.9,ADVANC,ICT,-4360.119999999998
2021-06-21,183.84,236.39,420.23,-52.55,30.65,ADVANC,ICT,-4412.669999999998
2021-06-22,178.26,300.32,478.58,-122.06,33.69,ADVANC,ICT,-4534.729999999999
2021-06-23,224.93,106.67,331.6,118.25,25.92,ADVANC,ICT,-4416.479999999999
2021-06-24,235.54,265.01,500.55,-29.47,36.04,ADVANC,ICT,-4445.949999999999
2021-06-25,156.34,189.36,345.7,-33.01,39.35,ADVANC,ICT,-4478.959999999999
2021-06-28,116.88,257.31,374.19,-140.44,30.07,ADVANC,ICT,-4619.399999999999
2021-06-29,306.26,188.11,494.37,118.15,27.26,ADVANC,ICT,-4501.249999999999
2021-06-30,233.28,184.86,418.14,48.41,28.11,ADVANC,ICT,-4452.839999999999
2021-07-01,96.7,184.94,281.64,-88.24,25.06,ADVANC,ICT,-4541.079999999999
2021-07-02,136.56,258.22,394.78,-121.66,28.92,ADVANC,ICT,-4662.739999999999
2021-07-05,120.55,79.43,199.98,41.12,23.9,ADVANC,ICT,-4621.619999999999
2021-07-06,123.21,353.51,476.72,-230.31,41.72,ADVANC,ICT,-4851.929999999999
2021-07-07,204.61,345.4,550.01,-140.78,35.31,ADVANC,ICT,-4992.709999999999
2021-07-08,223.88,154.47,378.34,69.41,24.76,ADVANC,ICT,-4923.299999999999
2021-07-09,209.06,230.99,440.05,-21.93,29.93,ADVANC,ICT,-4945.23
2021-07-12,73.77,109.85,183.62,-36.08,25.41,ADVANC,ICT,-4981.3099999999995
2021-07-13,112.63,116.8,229.43,-4.17,30.33,ADVANC,ICT,-4985.48
2021-07-14,168.18,166.34,334.52,1.84,22.56,ADVANC,ICT,-4983.639999999999
2021-07-15,158.14,243.6,401.74,-85.46,28.73,ADVANC,ICT,-5069.099999999999
2021-07-16,137.36,158.35,295.71,-20.99,21.99,ADVANC,ICT,-5090.089999999999
2021-07-19,293.55,135.73,429.28,157.82,31.55,ADVANC,ICT,-4932.2699999999995
2021-07-20,700.49,197.34,897.83,503.15,21.19,ADVANC,ICT,-4429.12
2021-07-21,210.49,294.34,504.83,-83.85,13.23,ADVANC,ICT,-4512.97
2021-07-22,223.52,379.21,602.73,-155.69,29.15,ADVANC,ICT,-4668.66
2021-07-23,178.59,143.05,321.63,35.54,21.43,ADVANC,ICT,-4633.12
2021-07-27,389.91,341.37,731.28,48.54,33.42,ADVANC,ICT,-4584.58
2021-07-29,501.88,209.17,711.06,292.71,16.85,ADVANC,ICT,-4291.87
2021-07-30,574.94,238.71,813.65,336.24,22.59,ADVANC,ICT,-3955.63
2021-08-02,324.73,348.8,673.53,-24.07,28.85,ADVANC,ICT,-3979.7000000000003
2021-08-03,421.32,875.59,1296.91,-454.27,26.08,ADVANC,ICT,-4433.97
2021-08-04,179.54,592.89,772.43,-413.35,31.14,ADVANC,ICT,-4847.320000000001
2021-08-05,357.05,470.05,827.1,-113.0,30.42,ADVANC,ICT,-4960.320000000001
2021-08-06,207.53,301.62,509.15,-94.09,33.39,ADVANC,ICT,-5054.410000000001
2021-08-09,277.52,224.95,502.47,52.57,31.83,ADVANC,ICT,-5001.840000000001
2021-08-10,600.68,450.22,1050.9,150.46,20.2,ADVANC,ICT,-4851.380000000001
2021-08-11,719.26,906.23,1625.49,-186.97,19.62,ADVANC,ICT,-5038.350000000001
2021-08-13,242.35,301.52,543.87,-59.17,19.41,ADVANC,ICT,-5097.520000000001
2021-08-16,278.72,175.98,454.71,102.74,20.87,ADVANC,ICT,-4994.780000000002
2021-08-17,474.79,364.24,839.03,110.55,33.49,ADVANC,ICT,-4884.230000000001
2021-08-18,102.36,238.1,340.45,-135.74,21.73,ADVANC,ICT,-5019.970000000001
2021-08-19,208.25,107.06,315.31,101.2,22.06,ADVANC,ICT,-4918.770000000001
2021-08-20,417.24,257.62,674.86,159.61,18.71,ADVANC,ICT,-4759.160000000002
2021-08-23,354.76,237.11,591.87,117.65,15.82,ADVANC,ICT,-4641.510000000002
2021-08-24,289.13,235.46,524.59,53.68,26.46,ADVANC,ICT,-4587.830000000002
2021-08-25,455.7,243.32,699.02,212.38,26.83,ADVANC,ICT,-4375.450000000002
2021-08-26,345.36,381.61,726.96,-36.25,19.99,ADVANC,ICT,-4411.700000000002
2021-08-27,576.81,305.57,882.38,271.24,24.7,ADVANC,ICT,-4140.460000000002
2021-08-30,459.28,218.39,677.67,240.89,22.25,ADVANC,ICT,-3899.570000000002
2021-08-31,731.23,672.91,1404.14,58.33,20.88,ADVANC,ICT,-3841.240000000002
2021-09-01,529.4,527.57,1056.97,1.84,30.41,ADVANC,ICT,-3839.400000000002
2021-09-02,943.54,511.59,1455.13,431.94,23.89,ADVANC,ICT,-3407.460000000002
2021-09-03,409.87,307.63,717.5,102.24,28.25,ADVANC,ICT,-3305.220000000002
2021-09-06,414.14,356.9,771.04,57.23,27.85,ADVANC,ICT,-3247.990000000002
2021-09-07,809.2,878.59,1687.79,-69.38,20.92,ADVANC,ICT,-3317.370000000002
2021-09-08,915.5,786.54,1702.04,128.96,18.74,ADVANC,ICT,-3188.410000000002
2021-09-09,847.11,718.71,1565.82,128.4,19.34,ADVANC,ICT,-3060.010000000002
2021-09-10,937.73,953.88,1891.61,-16.14,22.88,ADVANC,ICT,-3076.150000000002
2021-09-13,372.86,335.84,708.7,37.01,21.47,ADVANC,ICT,-3039.1400000000017
2021-09-14,361.68,375.91,737.59,-14.23,25.36,ADVANC,ICT,-3053.3700000000017
2021-09-15,357.57,325.3,682.87,32.27,28.38,ADVANC,ICT,-3021.1000000000017
2021-09-16,172.74,196.26,369.0,-23.52,21.37,ADVANC,ICT,-3044.6200000000017
2021-09-17,352.74,283.99,636.74,68.75,34.06,ADVANC,ICT,-2975.8700000000017
2021-09-20,456.98,332.41,789.38,124.57,27.53,ADVANC,ICT,-2851.3000000000015
2021-09-21,503.41,361.83,865.24,141.58,30.55,ADVANC,ICT,-2709.7200000000016
2021-09-22,599.78,504.41,1104.19,95.38,19.77,ADVANC,ICT,-2614.3400000000015
2021-09-23,792.26,339.32,1131.58,452.94,22.91,ADVANC,ICT,-2161.4000000000015
2021-09-27,406.71,350.01,756.73,56.7,33.16,ADVANC,ICT,-2104.7000000000016
2021-09-28,320.15,262.47,582.62,57.68,39.11,ADVANC,ICT,-2047.0200000000016
2021-09-29,343.51,373.73,717.23,-30.22,30.5,ADVANC,ICT,-2077.2400000000016
2021-09-30,443.36,375.26,818.62,68.1,29.33,ADVANC,ICT,-2009.1400000000017
2021-10-01,264.48,390.38,654.87,-125.9,26.87,ADVANC,ICT,-2135.040000000002
2021-10-04,225.12,252.16,477.28,-27.04,29.86,ADVANC,ICT,-2162.0800000000017
2021-10-05,263.7,235.53,499.24,28.17,32.09,ADVANC,ICT,-2133.9100000000017
2021-10-06,405.18,403.84,809.02,1.34,28.65,ADVANC,ICT,-2132.5700000000015
2021-10-07,317.07,228.64,545.71,88.43,34.07,ADVANC,ICT,-2044.1400000000015
2021-10-08,516.9,350.5,867.4,166.4,29.63,ADVANC,ICT,-1877.7400000000014
2021-10-11,369.18,173.25,542.43,195.92,30.7,ADVANC,ICT,-1681.8200000000013
2021-10-12,274.24,265.63,539.86,8.61,27.86,ADVANC,ICT,-1673.2100000000014
2021-10-14,313.64,264.52,578.17,49.12,32.22,ADVANC,ICT,-1624.0900000000015
2021-10-15,308.81,156.06,464.87,152.75,29.21,ADVANC,ICT,-1471.3400000000015
2021-10-18,357.49,378.09,735.59,-20.6,31.84,ADVANC,ICT,-1491.9400000000014
2021-10-19,526.57,541.91,1068.48,-15.34,30.49,ADVANC,ICT,-1507.2800000000013
2021-10-20,272.63,245.5,518.14,27.13,24.61,ADVANC,ICT,-1480.1500000000012
2021-10-21,214.42,113.52,327.94,100.9,33.72,ADVANC,ICT,-1379.2500000000011
2021-10-25,207.06,199.61,406.68,7.45,24.37,ADVANC,ICT,-1371.800000000001
2021-10-26,213.82,232.94,446.75,-19.12,21.48,ADVANC,ICT,-1390.920000000001
2021-10-27,169.18,245.06,414.24,-75.88,28.7,ADVANC,ICT,-1466.800000000001
2021-10-28,224.8,189.47,414.28,35.33,22.42,ADVANC,ICT,-1431.4700000000012
2021-10-29,165.82,305.17,470.99,-139.35,35.63,ADVANC,ICT,-1570.820000000001
2021-11-01,215.03,249.76,464.79,-34.73,27.46,ADVANC,ICT,-1605.550000000001
2021-11-02,301.43,271.14,572.57,30.29,26.83,ADVANC,ICT,-1575.2600000000011
2021-11-03,329.92,260.0,589.92,69.93,30.98,ADVANC,ICT,-1505.330000000001
2021-11-04,517.66,279.76,797.42,237.9,39.58,ADVANC,ICT,-1267.430000000001
2021-11-05,255.59,221.22,476.81,34.38,35.53,ADVANC,ICT,-1233.0500000000009
2021-11-08,498.54,273.04,771.57,225.5,37.57,ADVANC,ICT,-1007.5500000000009
2021-11-09,167.71,240.87,408.57,-73.16,18.14,ADVANC,ICT,-1080.710000000001
2021-11-10,341.39,170.24,511.63,171.15,37.56,ADVANC,ICT,-909.560000000001
2021-11-11,189.47,168.45,357.92,21.03,35.99,ADVANC,ICT,-888.530000000001
2021-11-12,307.95,218.23,526.18,89.72,39.36,ADVANC,ICT,-798.810000000001
2021-11-15,278.62,166.79,445.42,111.83,36.37,ADVANC,ICT,-686.9800000000009
2021-11-16,341.26,171.06,512.33,170.2,30.28,ADVANC,ICT,-516.7800000000009
2021-11-17,265.35,289.56,554.91,-24.21,27.38,ADVANC,ICT,-540.9900000000009
2021-11-18,384.32,288.21,672.53,96.11,27.32,ADVANC,ICT,-444.8800000000009
2021-11-19,420.2,293.7,713.9,126.49,25.37,ADVANC,ICT,-318.3900000000009
2021-11-22,1255.84,1070.42,2326.26,185.42,16.05,ADVANC,ICT,-132.9700000000009
2021-11-23,939.43,618.78,1558.22,320.65,22.12,ADVANC,ICT,187.67999999999907
2021-11-24,1472.63,729.33,2201.95,743.3,30.81,ADVANC,ICT,930.979999999999
2021-11-25,585.58,319.29,904.87,266.28,32.25,ADVANC,ICT,1197.2599999999989
2021-11-26,622.07,492.29,1114.36,129.78,33.16,ADVANC,ICT,1327.0399999999988
2021-11-29,680.0,639.39,1319.39,40.61,29.35,ADVANC,ICT,1367.6499999999987
2021-11-30,1644.02,1231.31,2875.33,412.71,39.61,ADVANC,ICT,1780.3599999999988
2021-12-01,882.34,575.03,1457.37,307.32,28.23,ADVANC,ICT,2087.679999999999
2021-12-02,572.31,583.57,1155.88,-11.26,29.57,ADVANC,ICT,2076.4199999999987
2021-12-03,422.08,326.81,748.89,95.27,30.39,ADVANC,ICT,2171.6899999999987
2021-12-07,424.42,386.16,810.58,38.26,31.23,ADVANC,ICT,2209.949999999999
2021-12-08,258.92,439.61,698.53,-180.69,20.61,ADVANC,ICT,2029.2599999999989
2021-12-09,389.77,293.82,683.59,95.95,22.79,ADVANC,ICT,2125.2099999999987
2021-12-13,658.07,168.73,826.8,489.33,33.03,ADVANC,ICT,2614.5399999999986
2021-12-14,531.58,236.18,767.76,295.4,42.5,ADVANC,ICT,2909.9399999999987
2021-12-15,278.01,273.88,551.89,4.12,25.42,ADVANC,ICT,2914.0599999999986
2021-12-16,570.7,271.54,842.24,299.16,39.93,ADVANC,ICT,3213.2199999999984
2021-12-17,535.18,583.28,1118.46,-48.1,50.3,ADVANC,ICT,3165.1199999999985
2021-12-20,582.24,378.68,960.92,203.57,29.55,ADVANC,ICT,3368.6899999999987
2021-12-21,513.06,239.89,752.95,273.17,27.13,ADVANC,ICT,3641.8599999999988
2021-12-22,136.3,113.88,250.18,22.41,30.84,ADVANC,ICT,3664.2699999999986
2021-12-23,587.41,520.73,1108.14,66.68,17.7,ADVANC,ICT,3730.9499999999985
2021-12-24,119.99,88.52,208.51,31.47,16.86,ADVANC,ICT,3762.4199999999983
2021-12-27,278.76,148.52,427.28,130.25,32.92,ADVANC,ICT,3892.6699999999983
2021-12-28,387.99,248.88,636.87,139.11,25.59,ADVANC,ICT,4031.7799999999984
2021-12-29,374.18,241.37,615.55,132.81,39.63,ADVANC,ICT,4164.589999999998
2021-12-30,505.37,276.01,781.37,229.36,33.79,ADVANC,ICT,4393.949999999998
2022-01-04,539.87,261.06,800.92,278.81,33.96,ADVANC,ICT,4672.759999999998
2022-01-05,597.09,189.66,786.75,407.43,28.18,ADVANC,ICT,5080.189999999999
2022-01-06,692.64,522.09,1214.73,170.55,31.76,ADVANC,ICT,5250.739999999999
2022-01-07,1066.05,602.19,1668.23,463.86,31.57,ADVANC,ICT,5714.5999999999985
2022-01-10,804.52,277.61,1082.14,526.91,40.2,ADVANC,ICT,6241.509999999998
2022-01-11,465.41,302.16,767.58,163.25,21.1,ADVANC,ICT,6404.759999999998
2022-01-12,295.81,159.12,454.92,136.69,31.74,ADVANC,ICT,6541.449999999998
2022-01-13,328.19,149.54,477.73,178.64,23.3,ADVANC,ICT,6720.089999999998
2022-01-14,607.68,122.91,730.59,484.77,27.23,ADVANC,ICT,7204.859999999999
2022-01-17,451.67,178.06,629.73,273.61,28.3,ADVANC,ICT,7478.469999999998
2022-01-18,231.25,276.59,507.85,-45.34,18.89,ADVANC,ICT,7433.129999999998
2022-01-19,188.04,111.04,299.08,77.01,30.7,ADVANC,ICT,7510.1399999999985
2022-01-20,170.14,103.64,273.79,66.5,25.33,ADVANC,ICT,7576.6399999999985
2022-01-21,248.29,151.66,399.95,96.63,31.73,ADVANC,ICT,7673.269999999999
2022-01-24,260.1,228.98,489.09,31.12,29.53,ADVANC,ICT,7704.3899999999985
2022-01-25,563.36,717.65,1281.01,-154.29,57.35,ADVANC,ICT,7550.0999999999985
2022-01-26,252.1,123.31,375.41,128.79,29.97,ADVANC,ICT,7678.8899999999985
2022-01-27,390.71,219.2,609.91,171.51,37.45,ADVANC,ICT,7850.399999999999
2022-01-28,181.69,235.37,417.05,-53.68,37.14,ADVANC,ICT,7796.719999999998
2022-01-31,78.33,118.41,196.74,-40.07,17.16,ADVANC,ICT,7756.649999999999
2022-02-01,197.64,143.03,340.67,54.61,29.01,ADVANC,ICT,7811.259999999998
2022-02-02,159.51,106.46,265.97,53.05,23.39,ADVANC,ICT,7864.309999999999
2022-02-03,82.7,128.59,211.29,-45.9,21.99,ADVANC,ICT,7818.409999999999
2022-02-04,396.79,180.51,577.3,216.28,23.97,ADVANC,ICT,8034.689999999999
2022-02-07,281.4,232.46,513.86,48.94,42.48,ADVANC,ICT,8083.629999999998
2022-02-08,610.33,575.54,1185.88,34.79,45.19,ADVANC,ICT,8118.419999999998
2022-02-09,1265.89,585.46,1851.35,680.43,32.35,ADVANC,ICT,8798.849999999999
2022-02-10,358.31,274.21,632.52,84.1,21.03,ADVANC,ICT,8882.949999999999
2022-02-11,1356.04,758.27,2114.31,597.78,33.32,ADVANC,ICT,9480.73
2022-02-14,862.56,504.35,1366.91,358.2,27.2,ADVANC,ICT,9838.93
2022-02-15,837.8,363.78,1201.58,474.02,36.77,ADVANC,ICT,10312.95
2022-02-17,955.19,708.33,1663.52,246.86,29.96,ADVANC,ICT,10559.810000000001
2022-02-18,377.62,245.4,623.02,132.22,19.57,ADVANC,ICT,10692.03
2022-02-21,593.17,282.64,875.81,310.52,22.53,ADVANC,ICT,11002.550000000001
2022-02-22,357.6,274.69,632.28,82.91,21.68,ADVANC,ICT,11085.460000000001
2022-02-23,439.11,488.89,928.0,-49.78,44.23,ADVANC,ICT,11035.68
2022-02-24,662.84,403.15,1065.99,259.69,34.66,ADVANC,ICT,11295.37
2022-02-25,149.15,101.34,250.49,47.81,21.09,ADVANC,ICT,11343.18
2022-02-28,656.25,371.75,1028.0,284.51,29.41,ADVANC,ICT,11627.69
2022-03-01,617.26,334.74,952.01,282.52,27.1,ADVANC,ICT,11910.210000000001
2022-03-02,472.78,623.98,1096.76,-151.21,26.74,ADVANC,ICT,11759.000000000002
2022-03-03,207.96,337.34,545.29,-129.38,24.93,ADVANC,ICT,11629.620000000003
2022-03-04,386.94,585.64,972.58,-198.71,35.42,ADVANC,ICT,11430.910000000003
2022-03-07,654.47,599.45,1253.92,55.03,26.78,ADVANC,ICT,11485.940000000004
2022-03-08,812.24,611.48,1423.72,200.76,34.57,ADVANC,ICT,11686.700000000004
2022-03-09,809.83,723.98,1533.81,85.85,37.63,ADVANC,ICT,11772.550000000005
2022-03-10,497.59,468.52,966.11,29.07,36.93,ADVANC,ICT,11801.620000000004
2022-03-11,483.98,319.29,803.26,164.69,37.28,ADVANC,ICT,11966.310000000005
2022-03-14,533.14,285.39,818.53,247.75,44.48,ADVANC,ICT,12214.060000000005
2022-03-15,989.8,555.56,1545.36,434.24,47.25,ADVANC,ICT,12648.300000000005
2022-03-16,392.0,202.26,594.25,189.74,29.8,ADVANC,ICT,12838.040000000005
2022-03-17,832.54,484.14,1316.68,348.4,31.23,ADVANC,ICT,13186.440000000004
2022-03-18,447.38,335.72,783.1,111.67,32.73,ADVANC,ICT,13298.110000000004
2022-03-21,310.34,166.11,476.45,144.24,24.69,ADVANC,ICT,13442.350000000004
2022-03-22,287.16,189.81,476.96,97.35,31.93,ADVANC,ICT,13539.700000000004
2022-03-23,197.5,223.71,421.22,-26.21,19.82,ADVANC,ICT,13513.490000000005
2022-03-24,430.48,370.55,801.04,59.93,25.36,ADVANC,ICT,13573.420000000006
2022-03-25,92.99,173.39,266.38,-80.4,20.44,ADVANC,ICT,13493.020000000006
2022-03-28,268.44,156.08,424.52,112.37,31.8,ADVANC,ICT,13605.390000000007
2022-03-29,332.56,309.15,641.71,23.41,22.63,ADVANC,ICT,13628.800000000007
2022-03-30,380.79,290.41,671.2,90.38,25.28,ADVANC,ICT,13719.180000000006
2022-03-31,307.86,212.71,520.57,95.15,27.6,ADVANC,ICT,13814.330000000005
2022-04-01,426.66,235.35,662.01,191.31,33.89,ADVANC,ICT,14005.640000000005
2022-04-04,166.76,117.36,284.11,49.4,37.11,ADVANC,ICT,14055.040000000005
2022-04-05,440.61,179.33,619.94,261.29,40.56,ADVANC,ICT,14316.330000000005
2022-04-07,534.65,394.49,929.14,140.16,23.25,ADVANC,ICT,14456.490000000005
2022-04-08,260.29,149.48,409.77,110.81,20.58,ADVANC,ICT,14567.300000000005
2022-04-11,246.25,166.12,412.37,80.13,26.26,ADVANC,ICT,14647.430000000004
2022-04-12,293.79,117.05,410.84,176.74,34.76,ADVANC,ICT,14824.170000000004
2022-04-18,567.48,465.1,1032.58,102.38,40.29,ADVANC,ICT,14926.550000000003
2022-04-19,733.63,627.83,1361.46,105.81,32.02,ADVANC,ICT,15032.360000000002
2022-04-20,536.33,741.61,1277.93,-205.28,36.37,ADVANC,ICT,14827.080000000002
2022-04-21,447.32,489.4,936.72,-42.08,27.36,ADVANC,ICT,14785.000000000002
2022-04-22,198.63,323.74,522.37,-125.11,29.57,ADVANC,ICT,14659.890000000001
2022-04-25,314.71,288.59,603.3,26.12,25.95,ADVANC,ICT,14686.010000000002
2022-04-26,253.61,380.87,634.48,-127.26,38.18,ADVANC,ICT,14558.750000000002
2022-04-27,530.2,393.42,923.62,136.78,38.28,ADVANC,ICT,14695.530000000002
2022-04-28,324.79,643.37,968.16,-318.58,36.5,ADVANC,ICT,14376.950000000003
2022-04-29,468.44,694.82,1163.27,-226.38,30.88,ADVANC,ICT,14150.570000000003
2022-05-03,510.51,502.67,1013.17,7.84,39.93,ADVANC,ICT,14158.410000000003
2022-05-05,947.01,1179.09,2126.09,-232.08,44.66,ADVANC,ICT,13926.330000000004
2022-05-06,350.02,699.23,1049.25,-349.22,45.15,ADVANC,ICT,13577.110000000004
2022-05-09,459.91,492.27,952.18,-32.36,35.86,ADVANC,ICT,13544.750000000004
2022-05-10,1351.28,1463.08,2814.36,-111.8,38.72,ADVANC,ICT,13432.950000000004
2022-05-11,402.98,752.12,1155.1,-349.14,32.76,ADVANC,ICT,13083.810000000005
2022-05-12,688.2,598.38,1286.58,89.82,32.96,ADVANC,ICT,13173.630000000005
2022-05-13,168.31,547.03,715.34,-378.73,33.33,ADVANC,ICT,12794.900000000005
2022-05-17,475.81,513.02,988.83,-37.21,39.82,ADVANC,ICT,12757.690000000006
2022-05-18,695.35,502.57,1197.92,192.78,42.87,ADVANC,ICT,12950.470000000007
2022-05-19,488.55,369.5,858.06,119.05,45.77,ADVANC,ICT,13069.520000000006
2022-05-20,597.49,409.44,1006.92,188.05,50.44,ADVANC,ICT,13257.570000000005
2022-05-23,582.55,489.2,1071.74,93.35,48.88,ADVANC,ICT,13350.920000000006
2022-05-24,931.96,823.53,1755.49,108.44,36.56,ADVANC,ICT,13459.360000000006
2022-05-25,592.04,375.91,967.95,216.13,30.62,ADVANC,ICT,13675.490000000005
2022-05-26,381.12,273.52,654.65,107.6,48.01,ADVANC,ICT,13783.090000000006
2022-05-27,698.75,691.32,1390.07,7.43,38.04,ADVANC,ICT,13790.520000000006
2022-05-30,246.6,297.43,544.03,-50.83,37.05,ADVANC,ICT,13739.690000000006
2022-05-31,1973.57,2291.47,4265.04,-317.91,65.43,ADVANC,ICT,13421.780000000006
2022-06-01,456.63,307.12,763.75,149.51,37.24,ADVANC,ICT,13571.290000000006
2022-06-02,306.65,283.26,589.91,23.4,30.21,ADVANC,ICT,13594.690000000006
2022-06-06,332.11,410.02,742.13,-77.91,27.6,ADVANC,ICT,13516.780000000006
2022-06-07,272.19,389.17,661.37,-116.98,35.14,ADVANC,ICT,13399.800000000007
2022-06-08,567.17,745.15,1312.32,-177.98,37.5,ADVANC,ICT,13221.820000000007
2022-06-09,243.17,371.64,614.81,-128.47,27.58,ADVANC,ICT,13093.350000000008
2022-06-10,343.82,384.9,728.72,-41.08,27.38,ADVANC,ICT,13052.270000000008
2022-06-13,460.34,236.34,696.68,224.01,31.87,ADVANC,ICT,13276.280000000008
2022-06-14,260.73,359.17,619.89,-98.44,37.19,ADVANC,ICT,13177.840000000007
2022-06-15,138.39,429.71,568.11,-291.32,30.74,ADVANC,ICT,12886.520000000008
2022-06-16,926.62,785.33,1711.95,141.3,28.54,ADVANC,ICT,13027.820000000007
2022-06-17,1034.94,816.76,1851.7,218.18,42.36,ADVANC,ICT,13246.000000000007
2022-06-20,225.74,183.63,409.36,42.11,36.76,ADVANC,ICT,13288.110000000008
2022-06-21,284.48,238.55,523.03,45.94,31.9,ADVANC,ICT,13334.050000000008
2022-06-22,573.28,698.21,1271.49,-124.93,37.96,ADVANC,ICT,13209.120000000008
2022-06-23,515.35,662.86,1178.21,-147.51,34.22,ADVANC,ICT,13061.610000000008
2022-06-24,586.28,596.53,1182.81,-10.25,30.48,ADVANC,ICT,13051.360000000008
2022-06-27,248.93,338.74,587.67,-89.8,33.42,ADVANC,ICT,12961.560000000009
2022-06-28,337.15,519.92,857.08,-182.77,44.15,ADVANC,ICT,12778.790000000008
2022-06-29,569.82,413.33,983.15,156.5,22.74,ADVANC,ICT,12935.290000000008
2022-06-30,994.22,892.13,1886.35,102.09,36.32,ADVANC,ICT,13037.380000000008
2022-07-01,420.3,395.37,815.67,24.93,33.98,ADVANC,ICT,13062.310000000009
2022-07-04,626.47,516.63,1143.1,109.84,25.12,ADVANC,ICT,13172.150000000009
2022-07-05,599.81,775.03,1374.85,-175.22,26.44,ADVANC,ICT,12996.93000000001
2022-07-06,448.23,454.05,902.28,-5.82,31.22,ADVANC,ICT,12991.11000000001
2022-07-07,538.09,472.33,1010.43,65.76,37.05,ADVANC,ICT,13056.87000000001
2022-07-08,415.06,249.9,664.96,165.16,31.83,ADVANC,ICT,13222.03000000001
2022-07-11,183.26,171.61,354.88,11.65,41.06,ADVANC,ICT,13233.68000000001
2022-07-12,196.46,282.84,479.3,-86.38,33.16,ADVANC,ICT,13147.30000000001
2022-07-14,510.01,449.84,959.85,60.17,36.48,ADVANC,ICT,13207.47000000001
2022-07-15,350.68,247.18,597.87,103.5,36.81,ADVANC,ICT,13310.97000000001
2022-07-18,261.5,290.64,552.14,-29.15,44.03,ADVANC,ICT,13281.82000000001
2022-07-19,384.99,530.45,915.44,-145.47,44.28,ADVANC,ICT,13136.350000000011
2022-07-20,504.3,442.75,947.05,61.55,41.4,ADVANC,ICT,13197.90000000001
2022-07-21,278.93,407.8,686.73,-128.86,47.22,ADVANC,ICT,13069.04000000001
2022-07-22,375.89,325.14,701.03,50.75,36.95,ADVANC,ICT,13119.79000000001
2022-07-25,291.8,376.78,668.58,-84.98,31.68,ADVANC,ICT,13034.81000000001
2022-07-26,273.33,403.02,676.35,-129.69,40.95,ADVANC,ICT,12905.12000000001
2022-07-27,649.62,483.19,1132.81,166.43,49.21,ADVANC,ICT,13071.55000000001
2022-08-01,649.61,573.74,1223.36,75.87,47.43,ADVANC,ICT,13147.420000000011
2022-08-02,692.37,425.53,1117.9,266.84,44.46,ADVANC,ICT,13414.260000000011
2022-08-03,162.26,121.39,283.65,40.87,23.54,ADVANC,ICT,13455.130000000012
2022-08-04,222.87,63.12,285.99,159.75,29.99,ADVANC,ICT,13614.880000000012
2022-08-05,271.71,252.8,524.51,18.91,49.86,ADVANC,ICT,13633.790000000012
2022-08-08,505.02,469.17,974.19,35.85,52.61,ADVANC,ICT,13669.640000000012
2022-08-09,349.32,358.47,707.79,-9.16,41.82,ADVANC,ICT,13660.480000000012
2022-08-10,548.94,703.68,1252.62,-154.74,50.67,ADVANC,ICT,13505.740000000013
2022-08-11,642.6,962.93,1605.53,-320.33,40.96,ADVANC,ICT,13185.410000000013
2022-08-15,450.39,177.08,627.47,273.31,33.25,ADVANC,ICT,13458.720000000012
2022-08-16,419.41,278.89,698.31,140.52,32.89,ADVANC,ICT,13599.240000000013
2022-08-17,441.73,411.32,853.05,30.42,31.68,ADVANC,ICT,13629.660000000013
2022-08-18,232.65,169.45,402.11,63.2,25.17,ADVANC,ICT,13692.860000000013
2022-08-19,337.76,596.86,934.62,-259.1,30.58,ADVANC,ICT,13433.760000000013
2022-08-22,386.98,479.85,866.83,-92.87,30.74,ADVANC,ICT,13340.890000000012
2022-08-23,634.19,632.48,1266.67,1.72,37.06,ADVANC,ICT,13342.610000000011
2022-08-24,261.57,497.33,758.89,-235.76,32.23,ADVANC,ICT,13106.850000000011
2022-08-25,242.48,353.52,595.99,-111.04,28.42,ADVANC,ICT,12995.81000000001
2022-08-26,167.79,320.11,487.9,-152.33,33.27,ADVANC,ICT,12843.48000000001
2022-08-29,235.73,537.43,773.17,-301.7,30.46,ADVANC,ICT,12541.78000000001
2022-08-30,409.16,508.69,917.85,-99.54,40.01,ADVANC,ICT,12442.240000000009
2022-08-31,586.56,571.01,1157.57,15.55,32.85,ADVANC,ICT,12457.790000000008
2022-09-01,324.83,528.89,853.72,-204.06,39.08,ADVANC,ICT,12253.730000000009
2022-09-02,108.12,290.44,398.56,-182.33,26.68,ADVANC,ICT,12071.400000000009
2022-09-05,420.44,788.97,1209.41,-368.53,34.7,ADVANC,ICT,11702.870000000008
2022-09-06,565.92,767.71,1333.63,-201.79,36.34,ADVANC,ICT,11501.080000000007
2022-09-07,515.37,590.93,1106.3,-75.56,40.33,ADVANC,ICT,11425.520000000008
2022-09-08,236.88,369.6,606.48,-132.71,27.16,ADVANC,ICT,11292.810000000009
2022-09-09,210.96,224.16,435.12,-13.2,23.0,ADVANC,ICT,11279.610000000008
2022-09-12,238.0,131.89,369.9,106.11,26.58,ADVANC,ICT,11385.720000000008
2022-09-13,514.35,703.49,1217.84,-189.14,26.16,ADVANC,ICT,11196.580000000009
2022-09-14,433.86,636.42,1070.28,-202.56,31.27,ADVANC,ICT,10994.02000000001
2022-09-15,261.44,386.19,647.63,-124.76,25.02,ADVANC,ICT,10869.26000000001
2022-09-16,468.13,639.5,1107.63,-171.37,50.09,ADVANC,ICT,10697.890000000009
2022-09-19,196.57,258.4,454.97,-61.83,21.71,ADVANC,ICT,10636.060000000009
2022-09-20,475.78,378.06,853.84,97.72,39.92,ADVANC,ICT,10733.780000000008
2022-09-21,1577.33,916.02,2493.35,661.32,37.94,ADVANC,ICT,11395.100000000008
2022-09-22,394.45,417.74,812.19,-23.29,44.03,ADVANC,ICT,11371.810000000007
2022-09-23,215.88,280.69,496.57,-64.81,42.13,ADVANC,ICT,11307.000000000007
2022-09-26,1261.8,889.12,2150.91,372.68,28.53,ADVANC,ICT,11679.680000000008
2022-09-27,515.96,349.54,865.51,166.42,25.12,ADVANC,ICT,11846.100000000008
2022-09-28,791.57,580.93,1372.5,210.64,39.38,ADVANC,ICT,12056.740000000007
2022-09-29,458.82,553.93,1012.75,-95.11,38.53,ADVANC,ICT,11961.630000000006
2022-09-30,314.29,432.32,746.61,-118.04,36.55,ADVANC,ICT,11843.590000000006
2022-10-03,727.48,621.8,1349.28,105.68,41.33,ADVANC,ICT,11949.270000000006
2022-10-04,674.01,693.86,1367.87,-19.86,44.52,ADVANC,ICT,11929.410000000005
2022-10-05,433.75,623.78,1057.53,-190.02,27.77,ADVANC,ICT,11739.390000000005
2022-10-06,800.19,1556.2,2356.39,-756.01,31.39,ADVANC,ICT,10983.380000000005
2022-10-07,202.99,240.57,443.56,-37.57,32.29,ADVANC,ICT,10945.810000000005
2022-10-10,388.33,291.48,679.81,96.86,29.28,ADVANC,ICT,11042.670000000006
2022-10-11,315.99,315.53,631.52,0.46,35.53,ADVANC,ICT,11043.130000000005
2022-10-12,213.96,238.94,452.91,-24.98,36.81,ADVANC,ICT,11018.150000000005
2022-10-17,347.07,472.04,819.11,-124.97,40.89,ADVANC,ICT,10893.180000000006
2022-10-18,422.53,520.02,942.54,-97.49,31.56,ADVANC,ICT,10795.690000000006
2022-10-19,284.59,255.62,540.2,28.97,39.44,ADVANC,ICT,10824.660000000005
2022-10-20,781.04,1047.15,1828.19,-266.11,34.25,ADVANC,ICT,10558.550000000005
2022-10-21,798.99,705.11,1504.1,93.88,34.22,ADVANC,ICT,10652.430000000004
2022-10-25,355.42,172.5,527.92,182.91,27.27,ADVANC,ICT,10835.340000000004
2022-10-26,486.05,237.3,723.35,248.75,42.87,ADVANC,ICT,11084.090000000004
2022-10-27,564.95,300.97,865.92,263.98,45.74,ADVANC,ICT,11348.070000000003
2022-10-28,437.28,196.93,634.22,240.35,39.95,ADVANC,ICT,11588.420000000004
2022-10-31,489.63,375.24,864.87,114.38,27.88,ADVANC,ICT,11702.800000000003
2022-11-01,269.55,199.21,468.76,70.34,19.64,ADVANC,ICT,11773.140000000003
2022-11-02,359.03,364.23,723.26,-5.2,29.62,ADVANC,ICT,11767.940000000002
2022-11-03,180.42,341.11,521.53,-160.69,29.71,ADVANC,ICT,11607.250000000002
2022-11-04,542.3,1410.77,1953.07,-868.47,35.5,ADVANC,ICT,10738.780000000002
2022-11-07,449.25,986.54,1435.79,-537.29,39.72,ADVANC,ICT,10201.490000000002
2022-11-08,470.23,468.62,938.85,1.61,41.45,ADVANC,ICT,10203.100000000002
2022-11-09,247.45,398.83,646.28,-151.38,31.05,ADVANC,ICT,10051.720000000003
2022-11-10,392.21,257.92,650.12,134.29,29.0,ADVANC,ICT,10186.010000000004
2022-11-11,617.41,383.14,1000.55,234.27,34.78,ADVANC,ICT,10420.280000000004
2022-11-14,382.77,176.7,559.47,206.06,31.61,ADVANC,ICT,10626.340000000004
2022-11-15,330.07,360.85,690.91,-30.78,36.31,ADVANC,ICT,10595.560000000003
2022-11-16,375.41,253.85,629.25,121.56,29.62,ADVANC,ICT,10717.120000000003
2022-11-17,401.03,442.87,843.91,-41.84,36.68,ADVANC,ICT,10675.280000000002
2022-11-18,458.34,409.21,867.56,49.13,28.93,ADVANC,ICT,10724.410000000002
2022-11-21,362.64,374.17,736.81,-11.53,38.81,ADVANC,ICT,10712.880000000001
2022-11-22,427.12,558.53,985.64,-131.41,33.27,ADVANC,ICT,10581.470000000001
2022-11-23,313.37,323.47,636.84,-10.1,39.06,ADVANC,ICT,10571.37
2022-11-24,248.58,166.44,415.02,82.14,23.19,ADVANC,ICT,10653.51
2022-11-25,206.56,208.9,415.46,-2.34,34.91,ADVANC,ICT,10651.17
2022-11-28,264.8,152.85,417.65,111.95,47.75,ADVANC,ICT,10763.12
2022-11-29,355.72,257.39,613.11,98.34,45.29,ADVANC,ICT,10861.460000000001
2022-11-30,746.95,793.67,1540.62,-46.71,48.65,ADVANC,ICT,10814.750000000002
2022-12-01,270.59,201.6,472.19,69.0,42.76,ADVANC,ICT,10883.750000000002
2022-12-02,214.8,245.69,460.49,-30.89,35.66,ADVANC,ICT,10852.860000000002
2022-12-06,781.69,765.15,1546.85,16.54,37.08,ADVANC,ICT,10869.400000000003
2022-12-07,391.12,283.5,674.62,107.62,47.75,ADVANC,ICT,10977.020000000004
2022-12-08,176.18,240.87,417.05,-64.69,39.27,ADVANC,ICT,10912.330000000004
2022-12-09,279.01,138.1,417.1,140.91,39.06,ADVANC,ICT,11053.240000000003
2022-12-13,213.8,343.1,556.9,-129.31,39.38,ADVANC,ICT,10923.930000000004
2022-12-14,236.93,187.73,424.66,49.2,29.54,ADVANC,ICT,10973.130000000005
2022-12-15,152.09,258.12,410.2,-106.03,39.78,ADVANC,ICT,10867.100000000004
2022-12-16,495.24,582.71,1077.95,-87.47,58.33,ADVANC,ICT,10779.630000000005
2022-12-19,241.45,202.46,443.91,38.99,40.38,ADVANC,ICT,10818.620000000004
2022-12-20,153.01,160.15,313.16,-7.14,42.06,ADVANC,ICT,10811.480000000005
2022-12-21,157.64,258.1,415.74,-100.46,23.63,ADVANC,ICT,10711.020000000006
2022-12-22,198.51,272.7,471.21,-74.19,26.91,ADVANC,ICT,10636.830000000005
2022-12-23,240.65,184.17,424.82,56.47,23.61,ADVANC,ICT,10693.300000000005
2022-12-26,248.29,338.79,587.08,-90.5,20.2,ADVANC,ICT,10602.800000000005
2022-12-27,319.83,246.31,566.15,73.52,28.57,ADVANC,ICT,10676.320000000005
2022-12-28,361.94,211.12,573.06,150.82,39.95,ADVANC,ICT,10827.140000000005
2022-12-29,564.26,175.11,739.37,389.14,40.79,ADVANC,ICT,11216.280000000004
2022-12-30,580.14,280.71,860.85,299.43,36.48,ADVANC,ICT,11515.710000000005
2023-01-03,190.2,181.79,371.99,8.41,31.81,ADVANC,ICT,11524.120000000004
2023-01-04,346.31,209.05,555.36,137.25,27.9,ADVANC,ICT,11661.370000000004
2023-01-05,681.74,619.33,1301.08,62.41,23.85,ADVANC,ICT,11723.780000000004
2023-01-06,180.63,163.41,344.04,17.22,20.08,ADVANC,ICT,11741.000000000004
2023-01-09,315.52,369.14,684.66,-53.62,37.12,ADVANC,ICT,11687.380000000003
2023-01-10,295.12,316.8,611.92,-21.68,31.1,ADVANC,ICT,11665.700000000003
2023-01-11,431.72,620.26,1051.99,-188.54,39.42,ADVANC,ICT,11477.160000000002
2023-01-12,580.19,576.38,1156.57,3.82,40.55,ADVANC,ICT,11480.980000000001
2023-01-13,371.18,392.28,763.45,-21.1,46.78,ADVANC,ICT,11459.880000000001
2023-01-16,235.94,202.58,438.52,33.35,29.45,ADVANC,ICT,11493.230000000001
2023-01-17,303.05,302.89,605.94,0.16,34.46,ADVANC,ICT,11493.390000000001
2023-01-18,311.65,237.1,548.74,74.55,35.66,ADVANC,ICT,11567.94
2023-01-19,315.2,96.73,411.92,218.47,32.85,ADVANC,ICT,11786.41
2023-01-20,332.51,238.74,571.25,93.77,32.57,ADVANC,ICT,11880.18
2023-01-23,145.95,155.8,301.75,-9.85,29.42,ADVANC,ICT,11870.33
2023-01-24,138.63,72.84,211.47,65.79,22.5,ADVANC,ICT,11936.12
2023-01-25,127.19,58.09,185.28,69.1,19.03,ADVANC,ICT,12005.220000000001
2023-01-26,160.89,203.41,364.29,-42.52,20.63,ADVANC,ICT,11962.7
2023-01-27,76.45,83.44,159.9,-6.99,20.26,ADVANC,ICT,11955.710000000001
2023-01-30,496.02,394.02,890.03,102.0,25.69,ADVANC,ICT,12057.710000000001
2023-01-31,653.17,437.86,1091.04,215.31,33.67,ADVANC,ICT,12273.02
2023-02-01,211.84,321.71,533.56,-109.87,28.43,ADVANC,ICT,12163.15
2023-02-02,382.49,398.96,781.45,-16.47,34.26,ADVANC,ICT,12146.68
2023-02-03,199.53,145.38,344.91,54.14,36.23,ADVANC,ICT,12200.82
2023-02-06,133.63,238.89,372.52,-105.25,44.61,ADVANC,ICT,12095.57
2023-02-07,247.01,260.81,507.82,-13.8,40.06,ADVANC,ICT,12081.77
2023-02-08,177.71,268.42,446.13,-90.7,30.24,ADVANC,ICT,11991.07
2023-02-09,555.44,632.6,1188.04,-77.16,25.66,ADVANC,ICT,11913.91
2023-02-10,1188.75,603.94,1792.69,584.82,25.81,ADVANC,ICT,12498.73
2023-02-13,853.11,535.83,1388.94,317.28,29.97,ADVANC,ICT,12816.01
2023-02-14,675.74,396.25,1071.99,279.48,29.56,ADVANC,ICT,13095.49
2023-02-15,473.31,384.93,858.24,88.38,36.73,ADVANC,ICT,13183.869999999999
2023-02-16,330.15,339.95,670.09,-9.8,23.29,ADVANC,ICT,13174.07
2023-02-17,493.37,226.94,720.31,266.44,26.87,ADVANC,ICT,13440.51
2023-02-20,170.75,245.01,415.77,-74.26,19.76,ADVANC,ICT,13366.25
2023-02-21,554.56,1241.08,1795.63,-686.52,40.01,ADVANC,ICT,12679.73
2023-02-22,183.14,291.38,474.52,-108.24,20.46,ADVANC,ICT,12571.49
2023-02-23,929.93,554.51,1484.45,375.42,39.54,ADVANC,ICT,12946.91
2023-02-24,516.86,571.1,1087.96,-54.24,27.46,ADVANC,ICT,12892.67
2023-02-27,412.57,462.76,875.34,-50.19,29.67,ADVANC,ICT,12842.48
2023-02-28,280.26,492.61,772.88,-212.35,33.59,ADVANC,ICT,12630.13
2023-03-01,362.87,680.82,1043.7,-317.95,33.51,ADVANC,ICT,12312.179999999998
2023-03-02,268.35,250.85,519.2,17.51,24.41,ADVANC,ICT,12329.689999999999
2023-03-03,62.97,415.84,478.81,-352.87,28.19,ADVANC,ICT,11976.819999999998
2023-03-07,453.74,436.52,890.25,17.22,30.14,ADVANC,ICT,11994.039999999997
2023-03-08,344.31,634.64,978.95,-290.33,37.09,ADVANC,ICT,11703.709999999997
2023-03-09,1014.45,562.48,1576.93,451.97,39.53,ADVANC,ICT,12155.679999999997
2023-03-10,528.16,377.04,905.19,151.12,28.77,ADVANC,ICT,12306.799999999997
2023-03-13,772.58,712.28,1484.86,60.3,31.24,ADVANC,ICT,12367.099999999997
2023-03-14,826.9,643.97,1470.87,182.94,26.61,ADVANC,ICT,12550.039999999997
2023-03-15,685.87,575.21,1261.08,110.66,34.3,ADVANC,ICT,12660.699999999997
2023-03-16,377.09,534.31,911.39,-157.22,30.37,ADVANC,ICT,12503.479999999998
2023-03-17,633.68,564.59,1198.26,69.09,33.57,ADVANC,ICT,12572.569999999998
2023-03-20,627.75,674.83,1302.58,-47.08,30.92,ADVANC,ICT,12525.489999999998
2023-03-21,524.99,896.96,1421.95,-371.98,24.36,ADVANC,ICT,12153.509999999998
2023-03-22,449.05,484.2,933.26,-35.15,23.69,ADVANC,ICT,12118.359999999999
2023-03-23,199.82,210.67,410.5,-10.85,11.9,ADVANC,ICT,12107.509999999998
2023-03-24,449.3,271.38,720.68,177.92,29.63,ADVANC,ICT,12285.429999999998
2023-03-27,272.74,131.4,404.14,141.34,22.18,ADVANC,ICT,12426.769999999999
2023-03-28,247.95,241.21,489.17,6.74,34.83,ADVANC,ICT,12433.509999999998
2023-03-29,251.32,299.2,550.52,-47.87,29.33,ADVANC,ICT,12385.639999999998
2023-03-30,227.12,183.51,410.64,43.61,22.03,ADVANC,ICT,12429.249999999998
2023-03-31,187.02,181.42,368.45,5.6,26.91,ADVANC,ICT,12434.849999999999
2023-04-03,117.43,66.83,184.26,50.6,16.6,ADVANC,ICT,12485.449999999999
2023-04-04,209.17,236.5,445.67,-27.34,20.42,ADVANC,ICT,12458.109999999999
2023-04-05,272.09,71.5,343.59,200.58,18.2,ADVANC,ICT,12658.689999999999
2023-04-07,178.57,108.71,287.28,69.86,19.01,ADVANC,ICT,12728.55
2023-04-10,202.0,214.04,416.04,-12.04,23.3,ADVANC,ICT,12716.509999999998
2023-04-11,135.73,181.69,317.42,-45.96,23.57,ADVANC,ICT,12670.55
2023-04-12,204.62,271.1,475.72,-66.48,29.7,ADVANC,ICT,12604.07
2023-04-17,387.9,127.72,515.62,260.18,26.01,ADVANC,ICT,12864.25
2023-04-18,75.81,175.99,251.8,-100.18,17.17,ADVANC,ICT,12764.07
2023-04-19,314.54,276.31,590.86,38.23,29.32,ADVANC,ICT,12802.3
2023-04-20,228.48,194.49,422.97,33.99,21.43,ADVANC,ICT,12836.289999999999
2023-04-21,199.37,152.6,351.98,46.77,17.85,ADVANC,ICT,12883.06
2023-04-24,402.49,149.58,552.07,252.91,22.8,ADVANC,ICT,13135.97
2023-04-25,348.39,380.77,729.16,-32.38,28.87,ADVANC,ICT,13103.59
2023-04-26,337.06,247.43,584.48,89.63,32.6,ADVANC,ICT,13193.22
2023-04-27,585.38,618.32,1203.7,-32.94,25.3,ADVANC,ICT,13160.279999999999
2023-04-28,267.59,275.15,542.74,-7.56,29.26,ADVANC,ICT,13152.72
2023-05-02,121.04,71.64,192.68,49.39,19.32,ADVANC,ICT,13202.109999999999
2023-05-03,383.79,357.91,741.7,25.88,27.82,ADVANC,ICT,13227.989999999998
2023-05-08,565.71,772.95,1338.66,-207.25,29.92,ADVANC,ICT,13020.739999999998
2023-05-09,172.3,473.36,645.65,-301.06,27.6,ADVANC,ICT,12719.679999999998
2023-05-10,268.79,365.54,634.33,-96.76,36.28,ADVANC,ICT,12622.919999999998
2023-05-11,329.74,157.02,486.76,172.72,36.02,ADVANC,ICT,12795.639999999998
2023-05-12,241.03,336.21,577.24,-95.18,29.14,ADVANC,ICT,12700.459999999997
2023-05-15,794.04,703.14,1497.18,90.91,25.99,ADVANC,ICT,12791.369999999997
2023-05-16,432.41,492.84,925.26,-60.43,30.72,ADVANC,ICT,12730.939999999997
2023-05-17,503.38,406.06,909.44,97.32,41.57,ADVANC,ICT,12828.259999999997
2023-05-18,245.56,444.79,690.35,-199.23,36.76,ADVANC,ICT,12629.029999999997
2023-05-19,327.71,186.15,513.86,141.56,33.97,ADVANC,ICT,12770.589999999997
2023-05-22,370.9,319.75,690.65,51.16,29.7,ADVANC,ICT,12821.749999999996
2023-05-23,90.63,360.51,451.14,-269.89,32.23,ADVANC,ICT,12551.859999999997
2023-05-24,114.95,203.06,318.01,-88.11,30.79,ADVANC,ICT,12463.749999999996
2023-05-25,277.37,365.39,642.76,-88.02,39.8,ADVANC,ICT,12375.729999999996
2023-05-26,138.24,203.52,341.76,-65.27,34.62,ADVANC,ICT,12310.459999999995
2023-05-29,224.95,478.99,703.94,-254.04,42.86,ADVANC,ICT,12056.419999999995
2023-05-30,227.74,302.8,530.54,-75.07,35.51,ADVANC,ICT,11981.349999999995
2023-05-31,745.37,706.54,1451.91,38.83,52.26,ADVANC,ICT,12020.179999999995
2023-06-01,308.46,263.44,571.9,45.03,32.33,ADVANC,ICT,12065.209999999995
2023-06-02,333.97,326.59,660.56,7.38,37.53,ADVANC,ICT,12072.589999999995
2023-06-06,309.36,313.44,622.81,-4.08,32.95,ADVANC,ICT,12068.509999999995
2023-06-07,589.03,551.9,1140.92,37.13,48.37,ADVANC,ICT,12105.639999999994
2023-06-08,455.12,340.85,795.98,114.27,34.49,ADVANC,ICT,12219.909999999994
2023-06-09,261.17,322.39,583.56,-61.22,26.24,ADVANC,ICT,12158.689999999995
2023-06-12,107.87,260.62,368.49,-152.75,25.01,ADVANC,ICT,12005.939999999995
2023-06-13,146.92,171.54,318.46,-24.62,20.28,ADVANC,ICT,11981.319999999994
2023-06-14,192.62,141.12,333.75,51.5,28.09,ADVANC,ICT,12032.819999999994
2023-06-15,180.54,251.77,432.31,-71.24,28.24,ADVANC,ICT,11961.579999999994
2023-06-16,357.25,385.09,742.34,-27.84,33.86,ADVANC,ICT,11933.739999999994
2023-06-19,122.05,121.82,243.87,0.23,36.32,ADVANC,ICT,11933.969999999994
2023-06-20,485.25,271.47,756.72,213.78,46.17,ADVANC,ICT,12147.749999999995
2023-06-21,193.21,398.41,591.62,-205.2,41.89,ADVANC,ICT,11942.549999999994
2023-06-22,365.81,427.8,793.6,-61.99,34.93,ADVANC,ICT,11880.559999999994
2023-06-23,296.15,472.08,768.23,-175.93,41.14,ADVANC,ICT,11704.629999999994
2023-06-26,190.29,255.82,446.11,-65.53,37.82,ADVANC,ICT,11639.099999999993
2023-06-27,126.52,268.1,394.63,-141.58,28.51,ADVANC,ICT,11497.519999999993
2023-06-28,235.93,215.95,451.89,19.98,27.3,ADVANC,ICT,11517.499999999993
2023-06-29,140.74,212.99,353.73,-72.24,24.47,ADVANC,ICT,11445.259999999993
2023-06-30,403.13,249.25,652.39,153.88,21.91,ADVANC,ICT,11599.139999999992
2023-07-03,173.54,267.33,440.87,-93.79,23.02,ADVANC,ICT,11505.349999999991
2023-07-04,304.71,355.77,660.48,-51.06,20.84,ADVANC,ICT,11454.289999999992
2023-07-05,358.72,377.44,736.17,-18.72,23.8,ADVANC,ICT,11435.569999999992
2023-07-06,311.3,266.93,578.23,44.37,27.82,ADVANC,ICT,11479.939999999993
2023-07-07,198.36,310.96,509.32,-112.6,30.72,ADVANC,ICT,11367.339999999993
2023-07-10,283.98,237.38,521.35,46.6,30.5,ADVANC,ICT,11413.939999999993
2023-07-11,216.38,232.98,449.36,-16.6,27.36,ADVANC,ICT,11397.339999999993
2023-07-12,212.02,372.4,584.42,-160.38,24.14,ADVANC,ICT,11236.959999999994
2023-07-13,350.65,220.16,570.81,130.49,34.97,ADVANC,ICT,11367.449999999993
2023-07-14,281.89,252.15,534.04,29.74,19.39,ADVANC,ICT,11397.189999999993
2023-07-17,448.36,246.62,694.98,201.74,28.56,ADVANC,ICT,11598.929999999993
2023-07-18,124.78,258.99,383.77,-134.22,27.46,ADVANC,ICT,11464.709999999994
2023-07-19,263.09,272.7,535.79,-9.61,20.38,ADVANC,ICT,11455.099999999993
2023-07-20,324.88,133.11,457.99,191.77,27.03,ADVANC,ICT,11646.869999999994
2023-07-21,409.41,171.53,580.94,237.89,29.07,ADVANC,ICT,11884.759999999993
2023-07-24,150.92,145.69,296.62,5.23,30.72,ADVANC,ICT,11889.989999999993
2023-07-25,229.51,171.66,401.17,57.84,43.49,ADVANC,ICT,11947.829999999993
2023-07-26,203.47,117.32,320.79,86.15,34.03,ADVANC,ICT,12033.979999999992
2023-07-27,434.49,194.94,629.43,239.55,27.36,ADVANC,ICT,12273.529999999992
2023-07-31,698.5,739.71,1438.21,-41.21,40.15,ADVANC,ICT,12232.319999999992
2023-08-02,433.94,541.37,975.31,-107.43,37.38,ADVANC,ICT,12124.889999999992
2023-08-03,410.99,371.9,782.89,39.09,31.55,ADVANC,ICT,12163.979999999992
2023-08-04,334.59,325.5,660.09,9.09,50.84,ADVANC,ICT,12173.069999999992
2023-08-07,346.72,435.9,782.62,-89.18,35.06,ADVANC,ICT,12083.889999999992
2023-08-08,440.2,416.26,856.45,23.94,32.52,ADVANC,ICT,12107.829999999993
2023-08-09,201.21,233.8,435.01,-32.6,26.73,ADVANC,ICT,12075.229999999992
2023-08-10,288.92,303.93,592.85,-15.01,28.99,ADVANC,ICT,12060.219999999992
2023-08-11,96.41,186.03,282.44,-89.62,29.1,ADVANC,ICT,11970.599999999991
2023-08-15,140.42,223.01,363.42,-82.59,30.89,ADVANC,ICT,11888.009999999991
2023-08-16,365.21,485.12,850.34,-119.91,33.24,ADVANC,ICT,11768.099999999991
2023-08-17,254.19,385.74,639.93,-131.54,34.1,ADVANC,ICT,11636.55999999999
2023-08-18,880.49,640.5,1520.99,240.0,46.02,ADVANC,ICT,11876.55999999999
2023-08-21,295.92,390.21,686.13,-94.29,27.2,ADVANC,ICT,11782.26999999999
2023-08-22,291.57,747.76,1039.33,-456.2,34.92,ADVANC,ICT,11326.069999999989
2023-08-23,185.7,267.46,453.15,-81.76,22.0,ADVANC,ICT,11244.309999999989
2023-08-24,156.91,296.07,452.98,-139.16,22.09,ADVANC,ICT,11105.149999999989
2023-08-25,308.33,301.88,610.21,6.46,18.62,ADVANC,ICT,11111.609999999988
2023-08-28,88.92,214.75,303.67,-125.83,20.04,ADVANC,ICT,10985.779999999988
2023-08-29,636.36,672.55,1308.91,-36.18,23.66,ADVANC,ICT,10949.599999999988
2023-08-30,611.12,237.42,848.54,373.7,24.13,ADVANC,ICT,11323.299999999988
2023-08-31,524.59,246.05,770.64,278.54,27.1,ADVANC,ICT,11601.83999999999
2023-09-01,163.12,178.93,342.05,-15.81,22.73,ADVANC,ICT,11586.02999999999
2023-09-04,145.99,361.13,507.11,-215.14,27.16,ADVANC,ICT,11370.88999999999
2023-09-05,89.51,240.63,330.14,-151.12,26.09,ADVANC,ICT,11219.76999999999
2023-09-06,199.36,241.15,440.5,-41.79,26.35,ADVANC,ICT,11177.979999999989
2023-09-07,406.29,306.05,712.35,100.24,44.52,ADVANC,ICT,11278.219999999988
2023-09-08,350.27,170.05,520.33,180.22,40.64,ADVANC,ICT,11458.439999999988
2023-09-11,355.55,272.77,628.32,82.78,32.8,ADVANC,ICT,11541.219999999988
2023-09-12,338.03,260.39,598.42,77.65,27.46,ADVANC,ICT,11618.869999999988
2023-09-13,176.87,212.45,389.32,-35.58,30.49,ADVANC,ICT,11583.289999999988
2023-09-14,172.34,176.9,349.24,-4.56,26.06,ADVANC,ICT,11578.729999999989
2023-09-15,725.54,595.64,1321.18,129.89,45.39,ADVANC,ICT,11708.619999999988
2023-09-18,178.98,89.29,268.28,89.69,19.61,ADVANC,ICT,11798.309999999989
2023-09-19,610.3,260.37,870.67,349.93,26.96,ADVANC,ICT,12148.239999999989
2023-09-20,646.53,188.81,835.34,457.72,28.85,ADVANC,ICT,12605.959999999988
2023-09-21,315.13,203.4,518.53,111.73,31.36,ADVANC,ICT,12717.689999999988
2023-09-22,963.88,389.4,1353.29,574.48,25.91,ADVANC,ICT,13292.169999999987
2023-09-25,214.21,285.23,499.44,-71.02,37.25,ADVANC,ICT,13221.149999999987
2023-09-26,449.91,356.12,806.03,93.78,29.21,ADVANC,ICT,13314.929999999988
2023-09-27,322.44,241.66,564.1,80.78,33.54,ADVANC,ICT,13395.709999999988
2023-09-28,394.96,498.58,893.54,-103.61,37.08,ADVANC,ICT,13292.099999999988
2023-09-29,609.16,399.62,1008.77,209.54,36.02,ADVANC,ICT,13501.639999999989
2023-10-02,937.14,400.34,1337.48,536.8,38.4,ADVANC,ICT,14038.439999999988
2023-10-03,857.56,643.41,1500.97,214.15,40.61,ADVANC,ICT,14252.589999999987
2023-10-04,322.16,264.74,586.9,57.41,31.81,ADVANC,ICT,14309.999999999987
2023-10-05,286.85,277.97,564.82,8.88,32.85,ADVANC,ICT,14318.879999999986
2023-10-06,256.52,228.65,485.17,27.87,37.66,ADVANC,ICT,14346.749999999987
2023-10-09,209.68,224.14,433.82,-14.47,33.62,ADVANC,ICT,14332.279999999988
2023-10-10,103.86,168.27,272.13,-64.42,26.52,ADVANC,ICT,14267.859999999988
2023-10-11,359.39,231.42,590.81,127.97,37.54,ADVANC,ICT,14395.829999999987
2023-10-12,101.94,223.54,325.49,-121.6,29.55,ADVANC,ICT,14274.229999999987
2023-10-16,222.52,366.1,588.62,-143.58,32.01,ADVANC,ICT,14130.649999999987
2023-10-17,129.09,147.46,276.55,-18.36,36.23,ADVANC,ICT,14112.289999999986
2023-10-18,204.87,129.58,334.45,75.29,29.39,ADVANC,ICT,14187.579999999987
2023-10-19,573.64,433.33,1006.98,140.31,51.53,ADVANC,ICT,14327.889999999987
2023-10-20,134.02,299.73,433.75,-165.71,22.22,ADVANC,ICT,14162.179999999988
2023-10-24,370.67,415.48,786.15,-44.81,30.58,ADVANC,ICT,14117.369999999988
2023-10-25,147.35,242.99,390.33,-95.64,24.53,ADVANC,ICT,14021.729999999989
2023-10-26,254.35,239.91,494.26,14.44,26.04,ADVANC,ICT,14036.16999999999
2023-10-27,146.13,143.46,289.58,2.67,21.17,ADVANC,ICT,14038.83999999999
2023-10-30,264.59,282.24,546.83,-17.66,42.76,ADVANC,ICT,14021.17999999999
2023-10-31,453.48,321.97,775.45,131.52,23.68,ADVANC,ICT,14152.69999999999
2023-11-01,572.15,489.7,1061.85,82.45,23.9,ADVANC,ICT,14235.14999999999
2023-11-02,248.61,204.38,452.98,44.23,13.83,ADVANC,ICT,14279.37999999999
2023-11-03,179.04,329.87,508.91,-150.84,26.99,ADVANC,ICT,14128.53999999999
2023-11-06,623.89,527.67,1151.57,96.22,38.17,ADVANC,ICT,14224.75999999999
2023-11-07,478.12,421.82,899.94,56.3,24.16,ADVANC,ICT,14281.059999999989
2023-11-08,196.93,348.84,545.77,-151.91,34.88,ADVANC,ICT,14129.149999999989
2023-11-09,258.1,260.2,518.3,-2.1,23.87,ADVANC,ICT,14127.049999999988
2023-11-10,190.91,213.22,404.13,-22.31,23.85,ADVANC,ICT,14104.739999999989
2023-11-13,247.74,106.86,354.59,140.88,26.58,ADVANC,ICT,14245.619999999988
2023-11-14,167.77,266.78,434.55,-99.01,21.19,ADVANC,ICT,14146.609999999988
2023-11-15,278.46,870.58,1149.04,-592.12,26.89,ADVANC,ICT,13554.489999999987
2023-11-16,212.95,462.87,675.82,-249.92,31.83,ADVANC,ICT,13304.569999999987
2023-11-17,125.47,97.52,222.99,27.95,16.66,ADVANC,ICT,13332.519999999988
2023-11-20,194.93,212.88,407.81,-17.95,25.63,ADVANC,ICT,13314.569999999987
2023-11-21,488.08,711.25,1199.33,-223.17,45.46,ADVANC,ICT,13091.399999999987
2023-11-22,278.94,286.08,565.03,-7.14,43.11,ADVANC,ICT,13084.259999999987
2023-11-23,193.9,209.9,403.8,-16.0,34.06,ADVANC,ICT,13068.259999999987
2023-11-24,143.95,285.59,429.55,-141.64,26.26,ADVANC,ICT,12926.619999999988
2023-11-27,192.26,187.09,379.35,5.16,37.24,ADVANC,ICT,12931.779999999988
2023-11-28,310.32,206.26,516.58,104.06,37.68,ADVANC,ICT,13035.839999999987
2023-11-29,302.17,217.82,519.99,84.36,44.81,ADVANC,ICT,13120.199999999988
2023-11-30,930.34,712.33,1642.66,218.01,62.02,ADVANC,ICT,13338.209999999988
2023-12-01,133.28,156.21,289.49,-22.93,28.86,ADVANC,ICT,13315.279999999988
2023-12-04,398.13,374.03,772.16,24.1,28.95,ADVANC,ICT,13339.379999999988
2023-12-06,197.81,272.2,470.01,-74.4,23.38,ADVANC,ICT,13264.979999999989
2023-12-07,207.5,144.46,351.96,63.04,22.08,ADVANC,ICT,13328.01999999999
2023-12-08,176.86,137.65,314.51,39.21,34.88,ADVANC,ICT,13367.229999999989
2023-12-12,165.63,234.73,400.35,-69.1,32.9,ADVANC,ICT,13298.129999999988
2023-12-13,143.65,143.53,287.19,0.12,24.69,ADVANC,ICT,13298.249999999989
2023-12-14,215.66,168.81,384.47,46.86,28.87,ADVANC,ICT,13345.10999999999
2023-12-15,659.7,535.58,1195.28,124.13,45.98,ADVANC,ICT,13469.239999999989
2023-12-18,70.61,88.81,159.41,-18.2,23.48,ADVANC,ICT,13451.039999999988
2023-12-19,105.63,95.92,201.55,9.71,20.48,ADVANC,ICT,13460.749999999987
2023-12-20,293.1,137.62,430.72,155.48,31.7,ADVANC,ICT,13616.229999999987
2023-12-21,331.09,293.11,624.2,37.98,51.04,ADVANC,ICT,13654.209999999986
2023-12-22,256.09,225.25,481.35,30.84,34.24,ADVANC,ICT,13685.049999999987
2023-12-25,92.78,93.7,186.48,-0.92,31.36,ADVANC,ICT,13684.129999999986
2023-12-26,168.97,421.37,590.34,-252.4,27.99,ADVANC,ICT,13431.729999999987
2023-12-27,192.14,216.22,408.36,-24.07,17.38,ADVANC,ICT,13407.659999999987
2023-12-28,302.84,319.24,622.08,-16.4,23.66,ADVANC,ICT,13391.259999999987
2024-01-02,201.82,176.03,377.85,25.79,25.24,ADVANC,ICT,13417.049999999988
2024-01-03,178.73,259.11,437.84,-80.38,26.3,ADVANC,ICT,13336.66999999999
2024-01-04,218.77,272.87,491.64,-54.1,38.34,ADVANC,ICT,13282.569999999989
2024-01-05,266.67,432.31,698.98,-165.64,16.46,ADVANC,ICT,13116.92999999999
2024-01-08,217.01,77.54,294.55,139.46,22.24,ADVANC,ICT,13256.389999999989
2024-01-09,338.18,341.14,679.33,-2.96,29.96,ADVANC,ICT,13253.42999999999
2024-01-10,160.52,436.37,596.89,-275.85,35.59,ADVANC,ICT,12977.579999999989
2024-01-11,206.39,132.94,339.33,73.45,24.2,ADVANC,ICT,13051.02999999999
2024-01-12,107.25,238.64,345.89,-131.39,18.34,ADVANC,ICT,12919.63999999999
2024-01-15,299.74,185.48,485.21,114.26,31.76,ADVANC,ICT,13033.89999999999
2024-01-16,142.36,291.97,434.33,-149.6,38.6,ADVANC,ICT,12884.29999999999
2024-01-17,264.24,329.92,594.15,-65.68,28.87,ADVANC,ICT,12818.61999999999
2024-01-18,142.37,231.21,373.59,-88.84,32.71,ADVANC,ICT,12729.77999999999
2024-01-19,295.19,231.6,526.79,63.58,38.38,ADVANC,ICT,12793.35999999999
2024-01-22,81.63,231.62,313.24,-149.99,29.26,ADVANC,ICT,12643.36999999999
2024-01-23,167.74,264.52,432.26,-96.78,33.47,ADVANC,ICT,12546.58999999999
2024-01-24,319.32,183.82,503.14,135.5,36.12,ADVANC,ICT,12682.08999999999
2024-01-25,154.55,193.14,347.69,-38.59,29.31,ADVANC,ICT,12643.499999999989
2024-01-26,515.57,394.09,909.66,121.47,31.17,ADVANC,ICT,12764.969999999988
2024-01-29,215.7,103.47,319.17,112.23,29.05,ADVANC,ICT,12877.199999999988
2024-01-30,241.52,185.17,426.69,56.35,32.69,ADVANC,ICT,12933.549999999988
2024-01-31,325.58,322.41,647.99,3.18,30.95,ADVANC,ICT,12936.729999999989
2024-02-01,165.58,126.46,292.04,39.12,20.64,ADVANC,ICT,12975.84999999999
2024-02-02,226.6,143.94,370.54,82.66,30.08,ADVANC,ICT,13058.50999999999
2024-02-05,162.67,261.09,423.76,-98.41,32.29,ADVANC,ICT,12960.09999999999
2024-02-06,289.51,377.84,667.34,-88.33,29.68,ADVANC,ICT,12871.76999999999
2024-02-07,313.85,203.1,516.95,110.75,22.67,ADVANC,ICT,12982.51999999999
2024-02-08,374.19,441.05,815.24,-66.86,29.14,ADVANC,ICT,12915.659999999989
2024-02-09,208.61,474.96,683.56,-266.35,41.51,ADVANC,ICT,12649.309999999989
2024-02-12,81.05,74.43,155.48,6.62,19.33,ADVANC,ICT,12655.92999999999
2024-02-13,101.48,318.88,420.36,-217.39,27.54,ADVANC,ICT,12438.53999999999
2024-02-14,141.46,331.32,472.78,-189.87,24.56,ADVANC,ICT,12248.66999999999
2024-02-15,113.47,273.68,387.15,-160.21,15.86,ADVANC,ICT,12088.45999999999
2024-02-16,265.32,733.92,999.24,-468.6,30.4,ADVANC,ICT,11619.85999999999
2024-02-19,499.11,230.74,729.85,268.37,36.18,ADVANC,ICT,11888.22999999999
2024-02-20,227.9,469.86,697.76,-241.95,38.49,ADVANC,ICT,11646.27999999999
2024-02-21,534.93,725.49,1260.42,-190.56,24.64,ADVANC,ICT,11455.71999999999
2024-02-22,632.98,438.51,1071.49,194.47,27.89,ADVANC,ICT,11650.18999999999
2024-02-23,209.45,239.39,448.84,-29.95,25.77,ADVANC,ICT,11620.239999999989
2024-02-27,248.59,301.28,549.87,-52.69,34.67,ADVANC,ICT,11567.549999999988
2024-02-28,126.85,205.48,332.32,-78.63,29.87,ADVANC,ICT,11488.91999999999
2024-02-29,598.51,810.43,1408.95,-211.92,33.49,ADVANC,ICT,11276.999999999989
2024-03-01,258.42,360.73,619.15,-102.32,25.04,ADVANC,ICT,11174.67999999999
2024-03-04,172.0,364.47,536.47,-192.48,26.63,ADVANC,ICT,10982.19999999999
2024-03-05,155.55,343.44,498.99,-187.89,25.3,ADVANC,ICT,10794.30999999999
2024-03-06,117.55,122.62,240.17,-5.07,24.82,ADVANC,ICT,10789.23999999999
2024-03-07,330.39,362.31,692.7,-31.91,20.33,ADVANC,ICT,10757.32999999999
2024-03-08,90.26,203.77,294.03,-113.51,28.07,ADVANC,ICT,10643.81999999999
2024-03-11,122.62,180.09,302.7,-57.47,31.33,ADVANC,ICT,10586.349999999991
2024-03-12,267.91,234.59,502.5,33.31,19.28,ADVANC,ICT,10619.65999999999
2024-03-13,155.34,228.49,383.83,-73.14,27.42,ADVANC,ICT,10546.519999999991
2024-03-14,216.89,309.73,526.63,-92.84,33.22,ADVANC,ICT,10453.679999999991
2024-03-15,712.16,994.99,1707.15,-282.83,47.52,ADVANC,ICT,10170.849999999991
2024-03-18,172.8,181.42,354.22,-8.62,25.79,ADVANC,ICT,10162.22999999999
2024-03-19,237.82,577.21,815.03,-339.39,23.85,ADVANC,ICT,9822.839999999991
2024-03-20,179.58,283.57,463.15,-103.99,23.35,ADVANC,ICT,9718.849999999991
2024-03-21,280.87,170.59,451.46,110.28,27.72,ADVANC,ICT,9829.129999999992
2024-03-22,52.61,170.46,223.07,-117.86,19.42,ADVANC,ICT,9711.269999999991
2024-03-25,208.4,288.23,496.64,-79.83,15.92,ADVANC,ICT,9631.439999999991
2024-03-26,250.84,277.2,528.04,-26.35,23.02,ADVANC,ICT,9605.089999999991
2024-03-27,140.57,140.87,281.45,-0.3,23.26,ADVANC,ICT,9604.789999999992
2024-03-28,153.33,200.81,354.14,-47.48,22.51,ADVANC,ICT,9557.309999999992
2024-03-29,74.85,169.81,244.66,-94.96,23.91,ADVANC,ICT,9462.349999999993
2024-04-01,131.76,199.16,330.92,-67.41,24.1,ADVANC,ICT,9394.939999999993
2024-04-02,208.1,186.01,394.12,22.09,30.38,ADVANC,ICT,9417.029999999993
2024-04-03,194.67,560.0,754.67,-365.32,25.35,ADVANC,ICT,9051.709999999994
2024-04-04,194.91,221.79,416.69,-26.88,27.3,ADVANC,ICT,9024.829999999994
2024-04-05,79.62,117.1,196.71,-37.48,18.32,ADVANC,ICT,8987.349999999995
2024-04-09,480.12,444.36,924.49,35.76,27.11,ADVANC,ICT,9023.109999999995
2024-04-10,331.0,297.77,628.77,33.23,16.3,ADVANC,ICT,9056.339999999995
2024-04-11,238.91,276.08,514.99,-37.17,26.57,ADVANC,ICT,9019.169999999995
2024-04-17,427.31,727.39,1154.7,-300.09,33.27,ADVANC,ICT,8719.079999999994
2024-04-18,440.27,527.74,968.01,-87.47,27.97,ADVANC,ICT,8631.609999999995
2024-04-19,473.06,500.24,973.3,-27.18,31.38,ADVANC,ICT,8604.429999999995
2024-04-22,151.69,241.54,393.23,-89.85,27.68,ADVANC,ICT,8514.579999999994
2024-04-23,233.87,197.78,431.65,36.09,29.91,ADVANC,ICT,8550.669999999995
2024-04-24,292.18,262.83,555.01,29.35,24.21,ADVANC,ICT,8580.019999999995
2024-04-25,171.36,137.25,308.61,34.12,35.87,ADVANC,ICT,8614.139999999996
2024-04-26,166.09,223.87,389.96,-57.78,19.24,ADVANC,ICT,8556.359999999995
2024-04-29,256.79,255.24,512.03,1.56,29.68,ADVANC,ICT,8557.919999999995
2024-04-30,307.83,332.96,640.8,-25.13,21.49,ADVANC,ICT,8532.789999999995
2024-05-02,1408.78,637.01,2045.79,771.77,29.82,ADVANC,ICT,9304.559999999996
2024-05-03,543.96,421.2,965.16,122.76,40.92,ADVANC,ICT,9427.319999999996
2024-05-07,760.98,807.55,1568.52,-46.57,47.53,ADVANC,ICT,9380.749999999996
2024-05-08,801.21,1006.28,1807.49,-205.07,49.38,ADVANC,ICT,9175.679999999997
2024-05-09,488.52,373.02,861.54,115.5,40.12,ADVANC,ICT,9291.179999999997
2024-05-10,545.52,523.94,1069.46,21.58,40.22,ADVANC,ICT,9312.759999999997
2024-05-13,265.77,332.52,598.29,-66.76,30.18,ADVANC,ICT,9245.999999999996
2024-05-14,265.59,54.13,319.72,211.46,29.02,ADVANC,ICT,9457.459999999995
2024-05-15,150.59,151.36,301.95,-0.77,18.43,ADVANC,ICT,9456.689999999995
2024-05-16,267.49,263.55,531.04,3.95,33.65,ADVANC,ICT,9460.639999999996
2024-05-17,187.17,142.05,329.23,45.12,33.54,ADVANC,ICT,9505.759999999997
2024-05-20,225.14,179.52,404.65,45.62,39.39,ADVANC,ICT,9551.379999999997
2024-05-21,353.23,276.38,629.61,76.86,42.86,ADVANC,ICT,9628.239999999998
2024-05-23,407.34,126.24,533.58,281.1,36.01,ADVANC,ICT,9909.339999999998
2024-05-24,74.45,116.87,191.32,-42.41,30.85,ADVANC,ICT,9866.929999999998
2024-05-27,121.38,94.54,215.92,26.83,24.25,ADVANC,ICT,9893.759999999998
2024-05-28,121.58,207.7,329.28,-86.13,38.18,ADVANC,ICT,9807.63
2024-05-29,222.94,223.21,446.14,-0.27,22.42,ADVANC,ICT,9807.359999999999
2024-05-30,133.25,121.98,255.23,11.27,22.16,ADVANC,ICT,9818.63
2024-05-31,1185.1,1029.58,2214.68,155.53,59.34,ADVANC,ICT,9974.16
2024-06-04,426.32,307.84,734.16,118.47,27.27,ADVANC,ICT,10092.63
2024-06-05,371.93,432.07,804.0,-60.14,29.78,ADVANC,ICT,10032.49
2024-06-06,275.25,138.1,413.34,137.15,18.75,ADVANC,ICT,10169.64
2024-06-07,420.06,260.37,680.42,159.69,20.0,ADVANC,ICT,10329.33
2024-06-10,249.17,454.95,704.12,-205.79,22.34,ADVANC,ICT,10123.539999999999
2024-06-11,401.27,478.62,879.89,-77.35,24.3,ADVANC,ICT,10046.189999999999
2024-06-12,142.11,514.0,656.11,-371.9,31.3,ADVANC,ICT,9674.289999999999
2024-06-13,84.55,358.82,443.36,-274.27,34.31,ADVANC,ICT,9400.019999999999
2024-06-14,175.44,166.85,342.29,8.59,41.82,ADVANC,ICT,9408.609999999999
2024-06-17,455.43,482.7,938.13,-27.26,32.56,ADVANC,ICT,9381.349999999999
2024-06-18,241.6,255.56,497.17,-13.96,38.58,ADVANC,ICT,9367.39
2024-06-19,196.85,250.57,447.43,-53.72,31.5,ADVANC,ICT,9313.67
2024-06-20,295.33,382.45,677.79,-87.12,34.7,ADVANC,ICT,9226.55
2024-06-21,355.68,490.28,845.96,-134.6,46.66,ADVANC,ICT,9091.949999999999
2024-06-24,122.88,109.2,232.08,13.68,23.19,ADVANC,ICT,9105.63
2024-06-25,260.06,98.23,358.29,161.83,43.47,ADVANC,ICT,9267.46
2024-06-26,328.62,240.66,569.28,87.96,34.09,ADVANC,ICT,9355.419999999998
2024-06-27,199.6,108.25,307.85,91.35,33.08,ADVANC,ICT,9446.769999999999
2024-06-28,470.76,385.54,856.3,85.23,29.15,ADVANC,ICT,9531.999999999998
2024-07-01,169.71,122.52,292.23,47.18,31.78,ADVANC,ICT,9579.179999999998
2024-07-02,181.23,260.89,442.12,-79.65,27.39,ADVANC,ICT,9499.529999999999
2024-07-03,135.95,119.72,255.67,16.23,33.59,ADVANC,ICT,9515.759999999998
2024-07-04,148.59,378.55,527.14,-229.97,41.5,ADVANC,ICT,9285.789999999999
2024-07-05,110.59,104.46,215.05,6.13,29.11,ADVANC,ICT,9291.919999999998
2024-07-08,289.36,194.49,483.86,94.87,28.65,ADVANC,ICT,9386.789999999999
2024-07-09,812.15,287.17,1099.32,524.98,28.46,ADVANC,ICT,9911.769999999999
2024-07-10,329.1,424.8,753.9,-95.7,22.44,ADVANC,ICT,9816.069999999998
2024-07-11,226.13,389.86,615.99,-163.73,21.49,ADVANC,ICT,9652.339999999998
2024-07-12,303.61,476.49,780.1,-172.88,36.42,ADVANC,ICT,9479.46
2024-07-15,344.53,157.51,502.05,187.02,22.15,ADVANC,ICT,9666.48
2024-07-16,301.0,148.88,449.88,152.13,25.88,ADVANC,ICT,9818.609999999999
2024-07-17,1356.02,774.4,2130.41,581.62,22.2,ADVANC,ICT,10400.23
2024-07-18,494.83,598.74,1093.57,-103.91,27.6,ADVANC,ICT,10296.32
2024-07-19,567.74,204.47,772.21,363.27,27.17,ADVANC,ICT,10659.59
2024-07-23,193.2,288.05,481.25,-94.85,30.21,ADVANC,ICT,10564.74
2024-07-24,333.05,169.66,502.72,163.39,23.69,ADVANC,ICT,10728.13
2024-07-25,317.71,144.44,462.15,173.27,27.0,ADVANC,ICT,10901.4
2024-07-26,257.37,286.84,544.21,-29.47,18.3,ADVANC,ICT,10871.93
2024-07-30,289.7,755.84,1045.54,-466.14,22.0,ADVANC,ICT,10405.79
2024-07-31,399.08,680.45,1079.52,-281.37,33.89,ADVANC,ICT,10124.42
2024-08-01,99.3,237.5,336.81,-138.2,15.74,ADVANC,ICT,9986.22
2024-08-02,451.6,464.49,916.1,-12.89,24.94,ADVANC,ICT,9973.33
2024-08-05,479.25,790.33,1269.58,-311.08,14.7,ADVANC,ICT,9662.25
2024-08-06,281.39,400.67,682.06,-119.29,19.1,ADVANC,ICT,9542.96
2024-08-07,282.81,438.77,721.58,-155.95,16.85,ADVANC,ICT,9387.009999999998
2024-08-08,378.14,329.52,707.65,48.62,22.4,ADVANC,ICT,9435.63
2024-08-09,305.4,477.9,783.3,-172.5,24.54,ADVANC,ICT,9263.13
2024-08-13,118.98,260.2,379.18,-141.22,29.48,ADVANC,ICT,9121.91
2024-08-14,451.28,619.66,1070.94,-168.37,42.13,ADVANC,ICT,8953.539999999999
2024-08-15,215.31,207.79,423.09,7.52,28.38,ADVANC,ICT,8961.06
2024-08-16,205.7,279.44,485.14,-73.75,25.2,ADVANC,ICT,8887.31
2024-08-19,250.77,424.04,674.81,-173.28,28.48,ADVANC,ICT,8714.029999999999
2024-08-20,350.53,390.18,740.71,-39.65,25.2,ADVANC,ICT,8674.38
2024-08-21,110.47,156.21,266.68,-45.74,19.45,ADVANC,ICT,8628.64
2024-08-22,435.29,249.6,684.88,185.69,28.37,ADVANC,ICT,8814.33
2024-08-23,359.13,538.97,898.09,-179.84,29.54,ADVANC,ICT,8634.49
2024-08-26,212.58,280.85,493.43,-68.27,22.81,ADVANC,ICT,8566.22
2024-08-27,405.39,672.4,1077.79,-267.01,42.61,ADVANC,ICT,8299.21
2024-08-28,236.06,382.46,618.52,-146.4,15.36,ADVANC,ICT,8152.8099999999995
2024-08-29,400.03,209.53,609.56,190.5,16.3,ADVANC,ICT,8343.31
2024-08-30,587.59,581.45,1169.04,6.14,30.73,ADVANC,ICT,8349.449999999999
2024-09-02,118.98,114.3,233.28,4.69,16.88,ADVANC,ICT,8354.14
2024-09-03,171.02,287.27,458.29,-116.25,21.24,ADVANC,ICT,8237.89
2024-09-04,167.02,165.64,332.67,1.38,21.81,ADVANC,ICT,8239.269999999999
2024-09-05,1415.56,912.83,2328.39,502.72,24.89,ADVANC,ICT,8741.989999999998
2024-09-06,878.38,379.61,1257.99,498.76,20.99,ADVANC,ICT,9240.749999999998
2024-09-09,651.59,572.18,1223.77,79.41,20.84,ADVANC,ICT,9320.159999999998
2024-09-10,904.47,737.64,1642.12,166.83,35.54,ADVANC,ICT,9486.989999999998
2024-09-11,369.25,711.02,1080.26,-341.77,29.84,ADVANC,ICT,9145.219999999998
2024-09-12,426.51,684.69,1111.2,-258.19,24.97,ADVANC,ICT,8887.029999999997
2024-09-13,207.94,318.39,526.33,-110.45,21.72,ADVANC,ICT,8776.579999999996
2024-09-16,168.11,302.1,470.21,-133.99,18.89,ADVANC,ICT,8642.589999999997
2024-09-17,449.94,607.76,1057.7,-157.83,30.14,ADVANC,ICT,8484.759999999997
2024-09-18,420.86,213.12,633.97,207.74,25.58,ADVANC,ICT,8692.499999999996
2024-09-19,220.18,160.7,380.88,59.47,21.67,ADVANC,ICT,8751.969999999996
2024-09-20,454.03,578.57,1032.6,-124.54,35.48,ADVANC,ICT,8627.429999999995
2024-09-23,387.05,290.1,677.15,96.94,22.42,ADVANC,ICT,8724.369999999995
2024-09-24,517.03,268.58,785.61,248.45,24.96,ADVANC,ICT,8972.819999999996
2024-09-25,315.9,513.14,829.05,-197.24,28.98,ADVANC,ICT,8775.579999999996
2024-09-26,315.93,456.55,772.48,-140.62,22.62,ADVANC,ICT,8634.959999999995
2024-09-27,231.58,335.69,567.26,-104.11,29.71,ADVANC,ICT,8530.849999999995
2024-09-30,213.55,552.3,765.86,-338.75,25.82,ADVANC,ICT,8192.099999999995
2024-10-01,425.95,809.89,1235.84,-383.95,28.99,ADVANC,ICT,7808.149999999995
2024-10-02,171.95,405.41,577.36,-233.45,21.73,ADVANC,ICT,7574.699999999995
2024-10-03,248.09,638.71,886.8,-390.62,21.31,ADVANC,ICT,7184.079999999995
2024-10-04,263.42,393.56,656.98,-130.14,19.5,ADVANC,ICT,7053.939999999995
2024-10-07,140.5,503.4,643.9,-362.9,36.41,ADVANC,ICT,6691.039999999995
2024-10-08,328.23,518.25,846.49,-190.02,22.43,ADVANC,ICT,6501.019999999995
2024-10-09,191.25,373.88,565.13,-182.62,23.25,ADVANC,ICT,6318.399999999995
2024-10-10,429.36,270.89,700.26,158.47,17.99,ADVANC,ICT,6476.869999999995
2024-10-11,252.56,247.48,500.04,5.09,20.69,ADVANC,ICT,6481.9599999999955
2024-10-15,721.33,375.08,1096.4,346.25,26.86,ADVANC,ICT,6828.2099999999955
2024-10-16,434.54,482.41,916.95,-47.86,17.06,ADVANC,ICT,6780.349999999996
2024-10-17,552.13,422.62,974.75,129.5,20.9,ADVANC,ICT,6909.849999999996
2024-10-18,807.19,536.74,1343.93,270.45,13.51,ADVANC,ICT,7180.299999999996
2024-10-21,245.47,331.86,577.33,-86.39,13.76,ADVANC,ICT,7093.909999999995
2024-10-22,550.57,289.08,839.65,261.5,15.62,ADVANC,ICT,7355.409999999995
2024-10-24,449.18,340.48,789.66,108.7,18.38,ADVANC,ICT,7464.109999999995
2024-10-25,311.39,225.44,536.84,85.95,15.75,ADVANC,ICT,7550.059999999995
2024-10-28,324.17,281.94,606.11,42.23,17.15,ADVANC,ICT,7592.2899999999945
2024-10-29,863.25,410.03,1273.28,453.22,21.05,ADVANC,ICT,8045.509999999995
2024-10-30,686.55,239.91,926.45,446.64,15.11,ADVANC,ICT,8492.149999999994
2024-10-31,427.57,703.38,1130.94,-275.81,25.6,ADVANC,ICT,8216.339999999995
2024-11-01,121.56,466.96,588.51,-345.4,23.15,ADVANC,ICT,7870.939999999995
2024-11-04,201.7,239.34,441.03,-37.64,20.18,ADVANC,ICT,7833.299999999995
2024-11-05,233.26,260.56,493.82,-27.3,17.49,ADVANC,ICT,7805.9999999999945
2024-11-06,348.29,621.17,969.46,-272.88,19.83,ADVANC,ICT,7533.119999999994
2024-11-07,1217.25,861.73,2078.97,355.52,24.59,ADVANC,ICT,7888.639999999994
2024-11-08,224.86,406.3,631.16,-181.44,22.58,ADVANC,ICT,7707.199999999994
2024-11-11,261.16,353.11,614.26,-91.95,24.26,ADVANC,ICT,7615.2499999999945
2024-11-12,748.1,242.83,990.93,505.28,33.03,ADVANC,ICT,8120.529999999994
2024-11-13,290.37,327.9,618.27,-37.53,16.05,ADVANC,ICT,8082.9999999999945
2024-11-14,817.06,593.02,1410.08,224.03,18.74,ADVANC,ICT,8307.029999999995
2024-11-15,383.25,392.36,775.61,-9.11,18.81,ADVANC,ICT,8297.919999999995
2024-11-18,326.91,290.26,617.17,36.65,27.5,ADVANC,ICT,8334.569999999994
2024-11-19,189.65,245.33,434.97,-55.68,17.94,ADVANC,ICT,8278.889999999994
2024-11-20,274.95,188.52,463.46,86.43,19.56,ADVANC,ICT,8365.319999999994
2024-11-21,903.49,348.28,1251.77,555.21,34.44,ADVANC,ICT,8920.529999999995
2024-11-22,608.1,384.84,992.93,223.26,17.75,ADVANC,ICT,9143.789999999995
2024-11-25,771.12,715.65,1486.78,55.47,39.5,ADVANC,ICT,9199.259999999995
2024-11-26,246.25,474.99,721.24,-228.74,20.51,ADVANC,ICT,8970.519999999995
2024-11-27,302.24,464.74,766.99,-162.5,31.4,ADVANC,ICT,8808.019999999995
2024-11-28,271.19,376.02,647.21,-104.84,26.17,ADVANC,ICT,8703.179999999995
2024-11-29,436.11,229.3,665.4,206.81,24.73,ADVANC,ICT,8909.989999999994
2024-12-02,245.09,124.41,369.5,120.67,21.88,ADVANC,ICT,9030.659999999994
2024-12-03,713.4,598.5,1311.91,114.9,21.37,ADVANC,ICT,9145.559999999994
2024-12-04,469.95,652.37,1122.32,-182.43,25.41,ADVANC,ICT,8963.129999999994
2024-12-06,206.72,286.63,493.34,-79.91,20.39,ADVANC,ICT,8883.219999999994
2024-12-09,227.01,338.27,565.28,-111.26,22.59,ADVANC,ICT,8771.959999999994
2024-12-11,290.41,667.51,957.92,-377.1,25.03,ADVANC,ICT,8394.859999999993
2024-12-12,337.0,648.94,985.93,-311.94,24.77,ADVANC,ICT,8082.919999999994
2024-12-13,154.35,283.37,437.72,-129.03,16.49,ADVANC,ICT,7953.889999999994
2024-12-16,82.69,220.88,303.56,-138.19,14.47,ADVANC,ICT,7815.699999999994
2024-12-17,358.38,363.4,721.78,-5.01,16.27,ADVANC,ICT,7810.689999999994
2024-12-18,364.08,298.4,662.48,65.68,21.91,ADVANC,ICT,7876.369999999994
2024-12-19,319.33,422.33,741.66,-103.01,18.0,ADVANC,ICT,7773.359999999994
2024-12-20,821.76,648.1,1469.87,173.66,31.52,ADVANC,ICT,7947.019999999994
2024-12-23,278.24,325.61,603.84,-47.37,19.84,ADVANC,ICT,7899.649999999994
2024-12-24,102.91,193.06,295.96,-90.15,13.76,ADVANC,ICT,7809.4999999999945
2024-12-25,46.95,67.34,114.29,-20.38,11.9,ADVANC,ICT,7789.119999999994
2024-12-26,39.58,118.54,158.12,-78.95,12.03,ADVANC,ICT,7710.169999999995
2024-12-27,308.8,213.71,522.51,95.09,17.44,ADVANC,ICT,7805.259999999995
2024-12-30,253.42,193.74,447.16,59.69,22.62,ADVANC,ICT,7864.949999999994
2025-01-02,209.7,118.58,328.28,91.12,19.11,ADVANC,ICT,7956.069999999994
2025-01-03,283.94,198.48,482.42,85.45,24.93,ADVANC,ICT,8041.519999999994
2025-01-06,267.41,150.03,417.44,117.39,15.47,ADVANC,ICT,8158.909999999994
2025-01-07,513.24,128.46,641.71,384.78,21.59,ADVANC,ICT,8543.689999999995
2025-01-08,415.31,245.96,661.27,169.35,23.02,ADVANC,ICT,8713.039999999995
2025-01-09,422.74,574.07,996.8,-151.33,18.66,ADVANC,ICT,8561.709999999995
2025-01-10,277.29,367.67,644.97,-90.38,24.84,ADVANC,ICT,8471.329999999996
2025-01-13,355.97,191.47,547.44,164.51,25.32,ADVANC,ICT,8635.839999999997
2025-01-14,571.74,196.05,767.79,375.69,27.86,ADVANC,ICT,9011.529999999997
2025-01-15,438.36,646.87,1085.23,-208.51,24.46,ADVANC,ICT,8803.019999999997
2025-01-16,364.93,344.95,709.88,19.98,19.66,ADVANC,ICT,8822.999999999996
2025-01-17,576.3,566.54,1142.84,9.75,28.41,ADVANC,ICT,8832.749999999996
2025-01-20,283.9,75.07,358.98,208.83,26.32,ADVANC,ICT,9041.579999999996
2025-01-21,212.3,177.75,390.05,34.56,19.75,ADVANC,ICT,9076.139999999996
2025-01-22,584.04,271.19,855.23,312.85,37.28,ADVANC,ICT,9388.989999999996
2025-01-23,645.53,365.07,1010.6,280.46,34.88,ADVANC,ICT,9669.449999999995
2025-01-24,496.68,123.72,620.4,372.96,32.31,ADVANC,ICT,10042.409999999994
2025-01-27,127.85,200.74,328.58,-72.89,20.28,ADVANC,ICT,9969.519999999995
2025-01-28,340.92,375.47,716.38,-34.55,21.06,ADVANC,ICT,9934.969999999996
2025-01-29,553.18,127.22,680.4,425.96,22.34,ADVANC,ICT,10360.929999999995
2025-01-30,281.94,115.34,397.28,166.6,32.13,ADVANC,ICT,10527.529999999995
2025-01-31,293.19,378.98,672.17,-85.79,25.12,ADVANC,ICT,10441.739999999994
2025-02-03,367.05,552.68,919.72,-185.63,30.83,ADVANC,ICT,10256.109999999995
2025-02-04,561.23,568.78,1130.01,-7.54,44.88,ADVANC,ICT,10248.569999999994
2025-02-05,441.45,329.88,771.33,111.57,22.93,ADVANC,ICT,10360.139999999994
2025-02-06,297.47,429.08,726.54,-131.61,27.58,ADVANC,ICT,10228.529999999993
2025-02-07,791.62,581.14,1372.76,210.49,23.78,ADVANC,ICT,10439.019999999993
2025-02-10,1272.92,543.51,1816.44,729.41,32.57,ADVANC,ICT,11168.429999999993
2025-02-11,1506.48,542.73,2049.21,963.75,32.77,ADVANC,ICT,12132.179999999993
2025-02-13,3762.67,1291.14,5053.8,2471.53,29.8,ADVANC,ICT,14603.709999999994
2025-02-14,1095.71,540.44,1636.15,555.27,28.72,ADVANC,ICT,15158.979999999994
2025-02-17,868.54,679.97,1548.51,188.57,32.56,ADVANC,ICT,15347.549999999994
2025-02-18,739.76,612.33,1352.09,127.43,28.72,ADVANC,ICT,15474.979999999994
2025-02-19,672.61,709.3,1381.91,-36.69,26.07,ADVANC,ICT,15438.289999999994
2025-02-20,923.78,1034.41,1958.19,-110.62,33.77,ADVANC,ICT,15327.669999999993
2025-02-21,891.59,700.17,1591.76,191.43,34.28,ADVANC,ICT,15519.099999999993
2025-02-24,707.29,701.63,1408.92,5.65,40.98,ADVANC,ICT,15524.749999999993
2025-02-25,549.03,933.65,1482.67,-384.62,27.81,ADVANC,ICT,15140.129999999992
2025-02-26,658.25,613.98,1272.23,44.27,27.09,ADVANC,ICT,15184.399999999992
2025-02-27,928.21,1034.84,1963.05,-106.63,32.51,ADVANC,ICT,15077.769999999993
2025-02-28,1335.53,1416.75,2752.29,-81.22,33.07,ADVANC,ICT,14996.549999999994
2025-03-03,868.6,658.93,1527.53,209.68,33.53,ADVANC,ICT,15206.229999999994
2025-03-04,970.47,734.24,1704.72,236.23,32.54,ADVANC,ICT,15442.459999999994
2025-03-05,839.46,554.9,1394.36,284.57,28.8,ADVANC,ICT,15727.029999999993
2025-03-06,942.33,763.89,1706.22,178.44,39.86,ADVANC,ICT,15905.469999999994
2025-03-07,933.2,1003.79,1936.98,-70.59,51.89,ADVANC,ICT,15834.879999999994
2025-03-10,425.77,321.95,747.72,103.82,37.36,ADVANC,ICT,15938.699999999993
2025-03-11,534.83,725.66,1260.49,-190.84,29.2,ADVANC,ICT,15747.859999999993
2025-03-12,937.43,718.04,1655.47,219.39,42.16,ADVANC,ICT,15967.249999999993
2025-03-13,511.57,414.41,925.97,97.16,52.8,ADVANC,ICT,16064.409999999993
2025-03-14,445.55,525.87,971.43,-80.32,48.76,ADVANC,ICT,15984.089999999993
2025-03-17,892.2,1091.49,1983.69,-199.3,45.25,ADVANC,ICT,15784.789999999994
2025-03-18,849.84,381.25,1231.09,468.58,36.55,ADVANC,ICT,16253.369999999994
2025-03-19,552.39,493.99,1046.38,58.4,31.33,ADVANC,ICT,16311.769999999993
2025-03-20,507.96,669.45,1177.41,-161.49,31.09,ADVANC,ICT,16150.279999999993
2025-03-21,821.29,900.55,1721.85,-79.26,29.94,ADVANC,ICT,16071.019999999993
2025-03-24,284.0,416.1,700.1,-132.11,31.93,ADVANC,ICT,15938.909999999993
2025-03-25,501.23,680.58,1181.81,-179.34,40.81,ADVANC,ICT,15759.569999999992
2025-03-26,381.51,400.96,782.48,-19.45,38.36,ADVANC,ICT,15740.119999999992
2025-03-27,142.56,125.39,267.96,17.17,25.04,ADVANC,ICT,15757.289999999992
2025-03-28,103.07,161.98,265.05,-58.91,34.09,ADVANC,ICT,15698.379999999992
2025-03-31,662.39,410.19,1072.58,252.19,43.15,ADVANC,ICT,15950.569999999992
2025-04-01,478.13,277.03,755.16,201.11,27.84,ADVANC,ICT,16151.679999999993
2025-04-02,263.47,337.39,600.86,-73.92,30.91,ADVANC,ICT,16077.759999999993
2025-04-03,326.08,263.71,589.8,62.37,28.24,ADVANC,ICT,16140.129999999994
2025-04-04,434.46,534.0,968.46,-99.54,36.72,ADVANC,ICT,16040.589999999993
2025-04-08,1777.5,1006.13,2783.63,771.37,47.95,ADVANC,ICT,16811.959999999992
2025-04-09,876.2,697.09,1573.28,179.11,38.73,ADVANC,ICT,16991.069999999992
2025-04-10,685.46,423.03,1108.49,262.43,30.86,ADVANC,ICT,17253.499999999993
2025-04-11,603.81,713.2,1317.02,-109.39,46.03,ADVANC,ICT,17144.109999999993
2025-04-16,682.95,526.14,1209.09,156.81,34.33,ADVANC,ICT,17300.919999999995
2025-04-17,230.49,343.06,573.55,-112.56,41.14,ADVANC,ICT,17188.359999999993
2025-04-18,236.18,226.35,462.53,9.84,36.25,ADVANC,ICT,17198.199999999993
2025-04-21,145.8,238.7,384.5,-92.9,36.94,ADVANC,ICT,17105.299999999992
2025-04-22,770.18,312.15,1082.33,458.03,29.42,ADVANC,ICT,17563.32999999999
2025-04-23,357.83,350.96,708.8,6.87,30.69,ADVANC,ICT,17570.19999999999
2025-04-24,320.67,390.82,711.49,-70.16,33.61,ADVANC,ICT,17500.03999999999
2025-04-25,317.11,244.52,561.63,72.59,25.29,ADVANC,ICT,17572.62999999999
2025-04-28,293.98,178.57,472.55,115.41,27.79,ADVANC,ICT,17688.03999999999
2025-04-29,726.74,494.57,1221.31,232.17,51.13,ADVANC,ICT,17920.20999999999
2025-04-30,1024.01,1063.24,2087.24,-39.23,30.61,ADVANC,ICT,17880.97999999999
2025-05-02,755.77,692.07,1447.84,63.7,45.96,ADVANC,ICT,17944.67999999999
2025-05-06,933.21,899.06,1832.27,34.15,40.03,ADVANC,ICT,17978.82999999999
2025-05-07,1720.04,560.78,2280.82,1159.26,27.42,ADVANC,ICT,19138.08999999999
2025-05-08,1309.12,934.28,2243.4,374.85,35.6,ADVANC,ICT,19512.939999999988
2025-05-09,1043.87,569.4,1613.27,474.48,35.1,ADVANC,ICT,19987.419999999987
2025-05-13,1641.62,887.82,2529.43,753.8,33.65,ADVANC,ICT,20741.219999999987
2025-05-14,758.52,739.03,1497.55,19.49,25.75,ADVANC,ICT,20760.70999999999
2025-05-15,960.94,712.48,1673.42,248.46,38.43,ADVANC,ICT,21009.169999999987
2025-05-16,1565.25,956.43,2521.68,608.83,36.12,ADVANC,ICT,21617.99999999999
2025-05-19,502.62,542.27,1044.89,-39.65,40.21,ADVANC,ICT,21578.349999999988
2025-05-20,713.53,610.57,1324.1,102.96,42.22,ADVANC,ICT,21681.309999999987
2025-05-21,481.51,752.66,1234.17,-271.16,35.28,ADVANC,ICT,21410.149999999987
2025-05-22,367.35,405.53,772.89,-38.18,27.77,ADVANC,ICT,21371.969999999987
2025-05-23,320.55,323.12,643.67,-2.56,39.16,ADVANC,ICT,21369.409999999985
2025-05-26,266.32,326.2,592.51,-59.88,52.07,ADVANC,ICT,21309.529999999984
2025-05-27,279.48,556.51,835.99,-277.04,42.33,ADVANC,ICT,21032.489999999983
2025-05-28,585.42,784.32,1369.74,-198.9,43.01,ADVANC,ICT,20833.589999999982
2025-05-29,745.87,652.41,1398.27,93.46,40.71,ADVANC,ICT,20927.04999999998
2025-05-30,5930.32,4185.14,10115.46,1745.17,62.8,ADVANC,ICT,22672.21999999998
2025-06-04,1515.62,1084.37,2600.0,431.25,45.12,ADVANC,ICT,23103.46999999998
2025-06-05,548.79,626.4,1175.2,-77.61,47.13,ADVANC,ICT,23025.85999999998
2025-06-06,343.33,405.4,748.74,-62.07,36.87,ADVANC,ICT,22963.78999999998
2025-06-09,306.39,323.03,629.42,-16.64,37.54,ADVANC,ICT,22947.14999999998
2025-06-10,286.71,269.85,556.56,16.85,42.59,ADVANC,ICT,22963.999999999978
2025-06-11,446.06,421.59,867.65,24.47,38.89,ADVANC,ICT,22988.46999999998
2025-06-12,288.68,421.59,710.26,-132.91,28.35,ADVANC,ICT,22855.55999999998
2025-06-13,449.44,536.02,985.46,-86.58,55.13,ADVANC,ICT,22768.979999999978
2025-06-16,547.16,550.53,1097.69,-3.37,38.55,ADVANC,ICT,22765.60999999998
2025-06-17,862.24,361.15,1223.39,501.09,33.84,ADVANC,ICT,23266.69999999998
2025-06-18,904.01,518.11,1422.11,385.9,40.4,ADVANC,ICT,23652.59999999998
2025-06-19,1389.04,711.22,2100.25,677.82,37.39,ADVANC,ICT,24330.41999999998
2025-06-20,1339.79,691.74,2031.53,648.05,39.75,ADVANC,ICT,24978.46999999998
2025-06-23,1017.79,814.58,1832.36,203.21,41.12,ADVANC,ICT,25181.67999999998
2025-06-24,1187.89,1309.67,2497.56,-121.78,41.98,ADVANC,ICT,25059.89999999998
2025-06-25,982.46,827.95,1810.41,154.51,45.38,ADVANC,ICT,25214.409999999978
2025-06-26,1119.44,878.21,1997.65,241.23,47.33,ADVANC,ICT,25455.639999999978
2025-06-27,1416.63,1389.06,2805.7,27.57,42.0,ADVANC,ICT,25483.209999999977
2025-06-30,1574.09,1252.02,2826.1,322.07,34.05,ADVANC,ICT,25805.279999999977
2025-07-01,1278.53,710.95,1989.47,567.58,39.91,ADVANC,ICT,26372.85999999998
2025-07-02,616.21,789.24,1405.44,-173.03,31.6,ADVANC,ICT,26199.82999999998
2025-07-03,492.56,536.98,1029.54,-44.42,35.22,ADVANC,ICT,26155.40999999998
2025-07-04,265.43,395.13,660.56,-129.69,38.78,ADVANC,ICT,26025.719999999983
2025-07-07,857.78,393.15,1250.94,464.63,34.17,ADVANC,ICT,26490.349999999984
2025-07-08,558.8,453.26,1012.06,105.54,38.57,ADVANC,ICT,26595.889999999985
2025-07-09,896.23,783.01,1679.24,113.23,58.33,ADVANC,ICT,26709.119999999984
2025-07-11,636.97,331.92,968.89,305.05,51.05,ADVANC,ICT,27014.169999999984
2025-07-14,498.5,297.32,795.82,201.18,31.28,ADVANC,ICT,27215.349999999984
2025-07-15,505.35,239.22,744.57,266.13,37.3,ADVANC,ICT,27481.479999999985
2025-07-16,426.39,320.71,747.1,105.67,40.0,ADVANC,ICT,27587.149999999983
2025-07-17,753.48,495.49,1248.97,257.99,35.12,ADVANC,ICT,27845.139999999985
2025-07-18,582.46,427.35,1009.8,155.11,38.93,ADVANC,ICT,28000.249999999985
2025-07-21,193.09,233.45,426.54,-40.37,26.58,ADVANC,ICT,27959.879999999986
2025-07-22,505.92,285.34,791.26,220.58,29.6,ADVANC,ICT,28180.45999999999
2025-07-23,387.02,200.61,587.63,186.42,33.05,ADVANC,ICT,28366.879999999986
2025-07-24,202.56,360.37,562.93,-157.8,31.85,ADVANC,ICT,28209.079999999987
2025-07-25,421.6,327.68,749.28,93.92,23.59,ADVANC,ICT,28302.999999999985
2025-07-29,626.06,388.04,1014.11,238.02,31.03,ADVANC,ICT,28541.019999999986
2025-07-30,339.72,308.29,648.02,31.43,20.74,ADVANC,ICT,28572.449999999986
2025-07-31,828.67,441.61,1270.28,387.06,35.81,ADVANC,ICT,28959.509999999987
2025-08-01,344.32,361.42,705.74,-17.11,31.05,ADVANC,ICT,28942.399999999987
2025-08-04,401.67,162.92,564.59,238.75,26.63,ADVANC,ICT,29181.149999999987
2025-08-05,731.33,508.68,1240.01,222.65,25.5,ADVANC,ICT,29403.79999999999
2025-08-06,195.54,390.59,586.13,-195.05,29.37,ADVANC,ICT,29208.74999999999
2025-08-07,749.13,586.08,1335.22,163.05,22.88,ADVANC,ICT,29371.79999999999
2025-08-08,545.58,683.35,1228.92,-137.77,28.32,ADVANC,ICT,29234.029999999988
2025-08-13,580.26,438.53,1018.78,141.73,30.31,ADVANC,ICT,29375.759999999987
2025-08-14,250.38,425.26,675.64,-174.88,33.58,ADVANC,ICT,29200.879999999986
2025-08-15,417.2,433.68,850.87,-16.48,40.55,ADVANC,ICT,29184.399999999987
2025-08-18,292.89,320.44,613.33,-27.55,19.97,ADVANC,ICT,29156.849999999988
2025-08-19,670.19,1115.25,1785.44,-445.07,35.16,ADVANC,ICT,28711.779999999988
2025-08-20,104.44,318.32,422.76,-213.88,21.05,ADVANC,ICT,28497.899999999987
2025-08-21,319.93,437.34,757.27,-117.41,40.35,ADVANC,ICT,28380.489999999987
2025-08-22,320.08,176.9,496.98,143.18,36.64,ADVANC,ICT,28523.669999999987
2025-08-25,475.8,246.73,722.52,229.07,27.38,ADVANC,ICT,28752.739999999987
2025-08-26,1368.44,1165.73,2534.18,202.71,29.08,ADVANC,ICT,28955.449999999986
2025-08-27,256.68,421.4,678.09,-164.72,31.04,ADVANC,ICT,28790.729999999985
2025-08-28,600.05,654.66,1254.71,-54.61,41.82,ADVANC,ICT,28736.119999999984
2025-08-29,927.47,1005.15,1932.62,-77.68,36.77,ADVANC,ICT,28658.439999999984
2025-09-01,535.07,393.86,928.93,141.21,34.15,ADVANC,ICT,28799.649999999983
2025-09-02,423.45,231.69,655.13,191.76,33.27,ADVANC,ICT,28991.40999999998
2025-09-03,421.21,330.09,751.3,91.12,23.88,ADVANC,ICT,29082.52999999998
2025-09-04,140.24,521.74,661.98,-381.51,21.04,ADVANC,ICT,28701.019999999982
2025-09-05,611.59,407.11,1018.7,204.47,28.91,ADVANC,ICT,28905.489999999983
2025-09-08,302.67,284.29,586.96,18.38,22.55,ADVANC,ICT,28923.869999999984
2025-09-09,308.66,518.81,827.47,-210.15,35.33,ADVANC,ICT,28713.719999999983
2025-09-10,195.58,254.91,450.49,-59.33,15.08,ADVANC,ICT,28654.38999999998
2025-09-11,372.53,264.43,636.95,108.1,25.62,ADVANC,ICT,28762.48999999998
2025-09-12,261.2,697.09,958.29,-435.89,27.55,ADVANC,ICT,28326.59999999998
2025-09-15,176.72,198.53,375.26,-21.81,19.68,ADVANC,ICT,28304.78999999998
2025-09-16,392.55,303.67,696.22,88.87,28.6,ADVANC,ICT,28393.659999999978
2025-09-17,298.09,356.11,654.2,-58.02,20.7,ADVANC,ICT,28335.639999999978
2025-09-18,249.41,621.84,871.24,-372.43,30.75,ADVANC,ICT,27963.209999999977
2025-09-19,942.93,648.8,1591.73,294.13,46.59,ADVANC,ICT,28257.33999999998
2025-09-22,177.36,271.01,448.37,-93.65,32.06,ADVANC,ICT,28163.689999999977
2025-09-23,119.69,560.37,680.06,-440.69,21.71,ADVANC,ICT,27722.999999999978
2025-09-24,1011.94,586.0,1597.94,425.94,36.08,ADVANC,ICT,28148.939999999977
2025-09-25,323.42,714.19,1037.61,-390.77,41.01,ADVANC,ICT,27758.169999999976
2025-09-26,208.99,327.27,536.26,-118.27,22.69,ADVANC,ICT,27639.899999999976
2025-09-29,243.11,297.47,540.58,-54.36,21.33,ADVANC,ICT,27585.539999999975
2025-09-30,327.11,763.93,1091.04,-436.83,27.15,ADVANC,ICT,27148.709999999974
2025-10-01,152.18,315.14,467.32,-162.96,15.2,ADVANC,ICT,26985.749999999975
2025-10-02,392.45,396.66,789.11,-4.2,25.56,ADVANC,ICT,26981.549999999974
2025-10-03,212.9,211.09,423.99,1.81,29.49,ADVANC,ICT,26983.359999999975
2025-10-06,262.46,162.0,424.45,100.46,24.12,ADVANC,ICT,27083.819999999974
2025-10-07,604.31,333.09,937.4,271.22,33.89,ADVANC,ICT,27355.039999999975
2025-10-08,353.87,163.91,517.78,189.97,28.44,ADVANC,ICT,27545.009999999977
2025-10-09,826.12,313.51,1139.63,512.62,31.63,ADVANC,ICT,28057.629999999976
2025-10-10,548.01,418.24,966.25,129.77,33.86,ADVANC,ICT,28187.399999999976
2025-10-14,774.53,645.21,1419.74,129.31,46.04,ADVANC,ICT,28316.709999999977
2025-10-15,979.2,1029.04,2008.24,-49.84,55.82,ADVANC,ICT,28266.869999999977
2025-10-16,222.64,372.22,594.86,-149.57,34.63,ADVANC,ICT,28117.299999999977
2025-10-17,210.14,153.07,363.21,57.07,28.49,ADVANC,ICT,28174.369999999977
2025-10-20,340.31,284.75,625.06,55.57,38.72,ADVANC,ICT,28229.939999999977
2025-10-21,301.9,445.53,747.43,-143.63,36.0,ADVANC,ICT,28086.309999999976
2025-10-22,644.04,446.13,1090.18,197.91,22.93,ADVANC,ICT,28284.219999999976
2025-10-24,587.38,705.26,1292.64,-117.89,23.98,ADVANC,ICT,28166.329999999976
2025-10-27,614.33,883.34,1497.67,-269.02,28.55,ADVANC,ICT,27897.309999999976
2025-10-28,1260.72,1301.23,2561.95,-40.51,38.58,ADVANC,ICT,27856.799999999977
2025-10-29,558.63,496.93,1055.56,61.7,34.85,ADVANC,ICT,27918.499999999978
2025-10-30,568.99,762.97,1331.96,-193.98,40.06,ADVANC,ICT,27724.51999999998
2025-10-31,472.76,684.41,1157.16,-211.65,36.82,ADVANC,ICT,27512.869999999977
2025-11-03,592.62,505.02,1097.65,87.6,35.23,ADVANC,ICT,27600.469999999976
2025-11-04,1334.39,1086.67,2421.05,247.72,35.17,ADVANC,ICT,27848.189999999977
2025-11-05,1803.1,678.24,2481.34,1124.86,36.72,ADVANC,ICT,28973.049999999977
2025-11-06,966.16,929.23,1895.38,36.93,38.0,ADVANC,ICT,29009.979999999978
2025-11-07,433.23,434.03,867.25,-0.8,38.38,ADVANC,ICT,29009.17999999998
2025-11-10,556.34,610.74,1167.08,-54.4,33.22,ADVANC,ICT,28954.779999999977
2025-11-11,429.83,543.3,973.13,-113.47,34.5,ADVANC,ICT,28841.309999999976
2025-11-12,771.83,652.93,1424.76,118.9,33.9,ADVANC,ICT,28960.209999999977
2025-11-13,289.69,454.21,743.9,-164.52,36.85,ADVANC,ICT,28795.689999999977
2025-11-14,577.33,1140.08,1717.41,-562.74,37.16,ADVANC,ICT,28232.949999999975
2025-11-17,425.7,404.43,830.13,21.28,34.54,ADVANC,ICT,28254.229999999974
2025-11-18,675.29,600.24,1275.53,75.06,40.84,ADVANC,ICT,28329.289999999975
2025-11-19,511.71,568.12,1079.83,-56.41,33.79,ADVANC,ICT,28272.879999999976
2025-11-20,472.91,409.64,882.55,63.27,33.11,ADVANC,ICT,28336.149999999976
2025-11-21,376.44,465.11,841.55,-88.67,31.05,ADVANC,ICT,28247.479999999978
2025-11-24,1357.98,1275.37,2633.34,82.61,50.41,ADVANC,ICT,28330.08999999998
2025-11-25,464.36,434.76,899.12,29.6,37.0,ADVANC,ICT,28359.689999999977
2025-11-26,247.1,694.96,942.06,-447.86,32.52,ADVANC,ICT,27911.829999999976
2025-11-27,523.68,732.77,1256.45,-209.1,34.48,ADVANC,ICT,27702.729999999978
2025-11-28,656.99,684.58,1341.57,-27.59,47.6,ADVANC,ICT,27675.139999999978
2025-12-01,606.47,538.76,1145.23,67.71,37.49,ADVANC,ICT,27742.849999999977
2025-12-02,370.77,520.47,891.24,-149.7,34.32,ADVANC,ICT,27593.149999999976
2025-12-03,191.09,326.75,517.84,-135.67,29.26,ADVANC,ICT,27457.479999999978
2025-12-04,381.71,562.67,944.38,-180.97,31.82,ADVANC,ICT,27276.509999999977
2025-12-08,482.54,397.38,879.92,85.15,35.09,ADVANC,ICT,27361.659999999978
2025-12-09,444.96,390.11,835.07,54.85,37.16,ADVANC,ICT,27416.509999999977
2025-12-11,380.51,581.15,961.67,-200.64,40.09,ADVANC,ICT,27215.869999999977
2025-12-12,536.15,999.28,1535.42,-463.13,47.24,ADVANC,ICT,26752.739999999976
2025-12-15,531.4,545.24,1076.64,-13.85,39.64,ADVANC,ICT,26738.889999999978
2025-12-16,525.72,301.17,826.88,224.55,42.09,ADVANC,ICT,26963.439999999977
2025-12-17,271.81,401.74,673.55,-129.92,33.27,ADVANC,ICT,26833.51999999998
2025-12-18,437.56,429.35,866.91,8.21,37.29,ADVANC,ICT,26841.729999999978
2025-12-19,570.89,695.74,1266.63,-124.85,50.73,ADVANC,ICT,26716.87999999998
2025-12-22,369.12,384.58,753.71,-15.46,42.16,ADVANC,ICT,26701.41999999998
2025-12-23,319.2,344.12,663.31,-24.92,36.14,ADVANC,ICT,26676.49999999998
2025-12-24,450.12,380.99,831.11,69.13,37.19,ADVANC,ICT,26745.629999999983
2025-12-25,77.62,99.45,177.07,-21.83,28.39,ADVANC,ICT,26723.79999999998
2025-12-26,127.44,117.81,245.25,9.63,33.19,ADVANC,ICT,26733.429999999982
2025-12-29,436.55,408.7,845.25,27.85,43.71,ADVANC,ICT,26761.27999999998
2025-12-30,416.73,317.77,734.5,98.97,43.0,ADVANC,ICT,26860.24999999998
2026-01-05,925.05,626.1,1551.15,298.96,29.4,ADVANC,ICT,27159.20999999998
2026-01-06,485.74,954.1,1439.84,-468.37,34.19,ADVANC,ICT,26690.839999999982
2026-01-07,427.77,704.93,1132.7,-277.17,38.48,ADVANC,ICT,26413.669999999984
2026-01-08,417.42,301.47,718.89,115.96,35.19,ADVANC,ICT,26529.629999999983
2026-01-09,250.24,425.55,675.8,-175.31,39.35,ADVANC,ICT,26354.31999999998
2026-01-12,700.25,555.5,1255.75,144.76,36.04,ADVANC,ICT,26499.07999999998
2026-01-13,734.76,695.14,1429.9,39.62,39.02,ADVANC,ICT,26538.69999999998
2026-01-14,968.66,1164.37,2133.03,-195.71,45.81,ADVANC,ICT,26342.98999999998
2026-01-15,705.69,779.13,1484.82,-73.44,35.4,ADVANC,ICT,26269.54999999998
2026-01-16,1127.89,1199.26,2327.15,-71.37,42.45,ADVANC,ICT,26198.179999999982
2026-01-19,392.6,434.48,827.08,-41.88,37.71,ADVANC,ICT,26156.29999999998
2026-01-20,876.23,728.72,1604.95,147.5,49.01,ADVANC,ICT,26303.79999999998
2026-01-21,767.09,1032.12,1799.21,-265.02,46.24,ADVANC,ICT,26038.77999999998
2026-01-22,1143.94,1283.56,2427.5,-139.62,46.74,ADVANC,ICT,25899.15999999998
2026-01-23,1325.19,840.97,2166.16,484.22,36.22,ADVANC,ICT,26383.379999999983
2026-01-26,586.67,529.87,1116.54,56.8,41.01,ADVANC,ICT,26440.179999999982
2026-01-27,1445.02,965.35,2410.37,479.67,43.71,ADVANC,ICT,26919.84999999998
2026-01-28,554.13,464.82,1018.95,89.31,40.42,ADVANC,ICT,27009.15999999998
2026-01-29,998.23,808.12,1806.35,190.11,46.0,ADVANC,ICT,27199.269999999982
2026-01-30,1401.14,1223.05,2624.19,178.1,49.46,ADVANC,ICT,27377.36999999998
2026-02-02,937.47,995.89,1933.35,-58.42,35.96,ADVANC,ICT,27318.949999999983
2026-02-03,1775.7,1934.59,3710.29,-158.88,38.13,ADVANC,ICT,27160.06999999998
2026-02-04,2230.68,1010.72,3241.4,1219.96,31.66,ADVANC,ICT,28380.02999999998
2026-02-05,2166.08,1999.54,4165.62,166.54,30.16,ADVANC,ICT,28546.56999999998
2026-02-06,1345.66,1035.09,2380.75,310.57,29.98,ADVANC,ICT,28857.13999999998
2026-02-09,1621.84,1030.94,2652.78,590.91,34.22,ADVANC,ICT,29448.04999999998
2026-02-10,1316.99,1875.94,3192.93,-558.96,31.74,ADVANC,ICT,28889.089999999982
2026-02-11,1122.41,1306.82,2429.23,-184.4,34.02,ADVANC,ICT,28704.68999999998
2026-02-12,1671.02,1686.07,3357.09,-15.05,35.5,ADVANC,ICT,28689.63999999998
2026-02-13,518.38,889.24,1407.62,-370.86,34.18,ADVANC,ICT,28318.77999999998
2026-02-16,339.4,323.85,663.25,15.55,36.89,ADVANC,ICT,28334.32999999998
2026-02-17,405.41,434.04,839.46,-28.63,29.24,ADVANC,ICT,28305.69999999998
2026-02-18,435.19,714.78,1149.97,-279.6,31.26,ADVANC,ICT,28026.09999999998
2026-02-19,686.82,904.74,1591.55,-217.92,24.71,ADVANC,ICT,27808.179999999982
2026-02-20,1116.93,1414.73,2531.66,-297.8,37.24,ADVANC,ICT,27510.379999999983
2026-02-23,904.5,852.22,1756.72,52.29,33.88,ADVANC,ICT,27562.669999999984
2026-02-24,1631.53,984.55,2616.08,646.98,40.42,ADVANC,ICT,28209.649999999983
2026-02-25,1440.0,1251.2,2691.21,188.8,37.24,ADVANC,ICT,28398.449999999983
2026-02-26,1537.43,1322.24,2859.67,215.19,32.44,ADVANC,ICT,28613.63999999998
2026-02-27,2429.5,1874.16,4303.66,555.34,34.84,ADVANC,ICT,29168.97999999998
2026-03-02,1838.86,1100.58,2939.44,738.28,31.23,ADVANC,ICT,29907.25999999998
2026-03-04,3332.45,1832.48,5164.93,1499.97,40.91,ADVANC,ICT,31407.22999999998
2026-03-05,1756.08,1655.43,3411.51,100.65,48.39,ADVANC,ICT,31507.879999999983
2026-03-06,757.42,1214.59,1972.02,-457.17,41.69,ADVANC,ICT,31050.709999999985
2026-03-09,2001.15,1867.27,3868.42,133.88,47.12,ADVANC,ICT,31184.589999999986
2026-03-10,948.61,1439.15,2387.76,-490.54,48.44,ADVANC,ICT,30694.049999999985
2026-03-11,847.39,1190.31,2037.7,-342.92,46.78,ADVANC,ICT,30351.129999999986
2026-03-12,913.78,760.83,1674.61,152.95,47.37,ADVANC,ICT,30504.079999999987
2026-03-13,861.31,1103.32,1964.63,-242.02,41.5,ADVANC,ICT,30262.059999999987
2026-03-16,1159.02,1051.43,2210.45,107.58,40.58,ADVANC,ICT,30369.63999999999
2026-03-17,1089.71,1276.71,2366.42,-186.99,35.67,ADVANC,ICT,30182.649999999987
2026-03-18,720.15,1021.94,1742.09,-301.79,41.07,ADVANC,ICT,29880.859999999986
2026-03-19,748.07,1107.97,1856.04,-359.9,38.62,ADVANC,ICT,29520.959999999985
2026-03-20,1104.35,1723.38,2827.73,-619.04,43.11,ADVANC,ICT,28901.919999999984
2026-03-23,840.57,1388.21,2228.78,-547.64,40.66,ADVANC,ICT,28354.279999999984
2026-03-24,622.43,1280.7,1903.13,-658.27,46.42,ADVANC,ICT,27696.009999999984
2026-03-25,632.4,716.93,1349.33,-84.54,33.53,ADVANC,ICT,27611.469999999983
2026-03-26,730.07,1004.67,1734.74,-274.61,35.58,ADVANC,ICT,27336.859999999982
2026-03-27,869.33,877.76,1747.09,-8.43,38.3,ADVANC,ICT,27328.429999999982
2026-03-30,731.61,644.69,1376.3,86.92,40.54,ADVANC,ICT,27415.34999999998
2026-03-31,936.97,883.21,1820.17,53.76,29.98,ADVANC,ICT,27469.10999999998
2026-04-01,1398.81,2431.46,3830.27,-1032.65,36.44,ADVANC,ICT,26436.459999999977
2026-04-02,870.54,905.99,1776.54,-35.45,30.62,ADVANC,ICT,26401.009999999977
2026-04-03,542.13,367.56,909.69,174.56,36.99,ADVANC,ICT,26575.569999999978
2026-04-07,852.56,845.44,1698.0,7.11,40.2,ADVANC,ICT,26582.67999999998
2026-04-08,953.13,950.55,1903.69,2.58,34.3,ADVANC,ICT,26585.25999999998
2026-04-09,1008.99,820.32,1829.31,188.67,41.31,ADVANC,ICT,26773.92999999998
2026-04-10,225.34,311.36,536.69,-86.02,41.08,ADVANC,ICT,26687.909999999978
2026-04-16,1580.67,1882.63,3463.29,-301.96,31.07,ADVANC,ICT,26385.94999999998
2026-04-17,809.82,2087.2,2897.02,-1277.38,27.74,ADVANC,ICT,25108.569999999978
2026-04-20,1025.94,795.41,1821.35,230.53,38.43,ADVANC,ICT,25339.099999999977
2026-04-21,650.25,699.49,1349.74,-49.24,36.92,ADVANC,ICT,25289.859999999975
2026-04-22,640.79,609.42,1250.21,31.37,35.31,ADVANC,ICT,25321.229999999974
2026-04-23,1344.28,1020.76,2365.04,323.51,44.3,ADVANC,ICT,25644.739999999972
2026-04-24,471.61,804.07,1275.68,-332.46,36.38,ADVANC,ICT,25312.279999999973
2026-04-27,283.71,644.91,928.62,-361.2,36.52,ADVANC,ICT,24951.079999999973
2026-04-28,672.53,1065.62,1738.16,-393.09,34.29,ADVANC,ICT,24557.989999999972
2026-04-29,258.76,744.15,1002.91,-485.39,35.22,ADVANC,ICT,24072.599999999973
2026-04-30,1002.95,1160.65,2163.6,-157.71,28.37,ADVANC,ICT,23914.889999999974
2026-05-05,1937.74,1178.1,3115.83,759.64,38.18,ADVANC,ICT,24674.529999999973
2026-05-06,835.72,1470.14,2305.86,-634.43,32.61,ADVANC,ICT,24040.099999999973
2026-05-07,1594.36,2271.57,3865.93,-677.21,30.06,ADVANC,ICT,23362.889999999974
2026-05-08,1513.43,1706.19,3219.62,-192.75,36.32,ADVANC,ICT,23170.139999999974
2026-05-11,1006.66,770.51,1777.16,236.15,38.56,ADVANC,ICT,23406.289999999975
2026-05-12,1557.55,1036.17,2593.72,521.37,38.12,ADVANC,ICT,23927.659999999974
2026-05-13,1517.72,1148.28,2666.0,369.44,34.7,ADVANC,ICT,24297.099999999973
2026-05-14,1156.92,1228.14,2385.06,-71.22,35.63,ADVANC,ICT,24225.879999999972
2026-05-15,614.04,504.45,1118.49,109.59,36.18,ADVANC,ICT,24335.469999999972
2026-05-18,453.09,561.46,1014.56,-108.37,31.44,ADVANC,ICT,24227.099999999973
2026-05-19,718.18,434.55,1152.73,283.64,29.97,ADVANC,ICT,24510.739999999972
2026-05-20,708.32,893.25,1601.57,-184.93,34.98,ADVANC,ICT,24325.809999999972
2026-05-21,756.57,1502.73,2259.31,-746.16,36.82,ADVANC,ICT,23579.649999999972
2026-05-22,1056.32,889.95,1946.27,166.38,37.4,ADVANC,ICT,23746.029999999973
2026-05-25,503.9,689.14,1193.04,-185.24,34.29,ADVANC,ICT,23560.78999999997
2026-05-26,434.14,588.99,1023.14,-154.85,37.13,ADVANC,ICT,23405.939999999973
2026-05-27,372.39,645.72,1018.11,-273.34,30.29,ADVANC,ICT,23132.599999999973
2026-05-28,457.75,683.67,1141.42,-225.92,34.33,ADVANC,ICT,22906.679999999975
2026-05-29,2778.21,1587.63,4365.83,1190.58,46.7,ADVANC,ICT,24097.259999999973
2026-06-02,2074.83,1894.48,3969.31,180.35,34.5,ADVANC,ICT,24277.60999999997
2026-06-04,1063.08,1165.36,2228.43,-102.28,29.0,ADVANC,ICT,24175.329999999973
2026-06-05,670.53,984.66,1655.19,-314.12,39.97,ADVANC,ICT,23861.209999999974
2026-06-08,700.69,594.39,1295.08,106.3,41.75,ADVANC,ICT,23967.509999999973
2026-06-09,842.87,892.87,1735.74,-50.0,43.72,ADVANC,ICT,23917.509999999973
2026-06-10,920.01,757.85,1677.85,162.16,37.2,ADVANC,ICT,24079.669999999973
2026-06-11,1041.41,705.28,1746.69,336.13,37.78,ADVANC,ICT,24415.799999999974
2026-06-12,1139.49,784.61,1924.1,354.88,30.84,ADVANC,ICT,24770.679999999975
2026-06-15,851.01,1799.22,2650.23,-948.21,29.99,ADVANC,ICT,23822.469999999976
2026-06-16,420.38,1003.75,1424.13,-583.37,38.43,ADVANC,ICT,23239.099999999977
2026-06-17,310.9,585.56,896.46,-274.66,38.67,ADVANC,ICT,22964.439999999977
2026-06-18,667.75,789.16,1456.91,-121.42,44.66,ADVANC,ICT,22843.01999999998
2026-06-19,3180.04,603.06,3783.11,2576.98,44.85,ADVANC,ICT,25419.999999999978
2026-06-22,751.91,579.22,1331.13,172.7,39.86,ADVANC,ICT,25592.69999999998
2026-06-23,1012.71,1056.61,2069.32,-43.9,38.05,ADVANC,ICT,25548.799999999977
2026-06-24,397.52,1207.55,1605.07,-810.03,33.25,ADVANC,ICT,24738.76999999998
2026-06-25,1217.97,936.37,2154.33,281.6,34.04,ADVANC,ICT,25020.369999999977
2026-06-26,828.47,814.05,1642.51,14.42,42.86,ADVANC,ICT,25034.789999999975
2026-06-29,975.22,684.43,1659.65,290.79,34.76,ADVANC,ICT,25325.579999999976
2026-06-30,3282.94,947.76,4230.7,2335.17,33.86,ADVANC,ICT,27660.749999999978
2026-07-01,751.38,1056.73,1808.11,-305.35,40.71,ADVANC,ICT,27355.39999999998
2026-07-02,988.6,867.18,1855.78,121.43,34.14,ADVANC,ICT,27476.82999999998
2026-07-03,1248.33,827.31,2075.64,421.03,35.14,ADVANC,ICT,27897.85999999998
2026-07-06,537.66,995.63,1533.29,-457.97,37.18,ADVANC,ICT,27439.889999999978
2026-07-07,1429.11,1095.32,2524.42,333.79,40.32,ADVANC,ICT,27773.67999999998
2026-07-08,1575.42,830.84,2406.26,744.58,38.45,ADVANC,ICT,28518.25999999998
2026-07-09,1195.9,939.23,2135.13,256.67,35.69,ADVANC,ICT,28774.92999999998
2026-07-10,815.71,975.31,1791.02,-159.59,32.02,ADVANC,ICT,28615.33999999998
2026-07-13,801.14,517.88,1319.01,283.26,40.95,ADVANC,ICT,28898.599999999977
2026-07-14,1574.55,944.71,2519.27,629.84,35.71,ADVANC,ICT,29528.439999999977
2026-07-15,752.41,1856.25,2608.66,-1103.85,33.22,ADVANC,ICT,28424.58999999998
2026-07-16,698.81,923.47,1622.28,-224.66,38.06,ADVANC,ICT,28199.92999999998
2026-07-17,1915.69,1351.59,3267.28,564.09,43.92,ADVANC,ICT,28764.01999999998
2026-07-20,1716.92,906.19,2623.12,810.73,42.91,ADVANC,ICT,29574.749999999978
2026-07-21,1330.44,1007.04,2337.47,323.4,36.47,ADVANC,ICT,29898.14999999998
2026-07-22,616.75,1573.58,2190.33,-956.83,34.57,ADVANC,ICT,28941.319999999978
2026-07-23,813.18,814.85,1628.03,-1.66,34.71,ADVANC,ICT,28939.659999999978
2026-07-24,538.75,685.02,1223.78,-146.27,32.77,ADVANC,ICT,28793.389999999978
2026-07-27,427.11,754.39,1181.51,-327.28,31.03,ADVANC,ICT,28466.10999999998
2026-07-30,2285.22,1423.94,3709.16,861.28,38.49,ADVANC,ICT,29327.389999999978
