date,buy_mb,sell_mb,buy_sell_mb,net_mb,nvdr_pct,symbol,sector,cumulative_net_mb
2020-01-02,20.2,30.94,51.13,-10.74,12.64,AMATA,Property,-10.74
2020-01-03,28.7,19.54,48.24,9.15,14.34,AMATA,Property,-1.5899999999999999
2020-01-06,51.38,26.37,77.75,25.01,12.6,AMATA,Property,23.42
2020-01-07,33.62,17.18,50.8,16.44,16.36,AMATA,Property,39.86
2020-01-08,48.7,25.45,74.15,23.25,16.13,AMATA,Property,63.11
2020-01-09,59.9,18.0,77.9,41.9,16.92,AMATA,Property,105.00999999999999
2020-01-10,42.6,35.75,78.34,6.85,13.5,AMATA,Property,111.85999999999999
2020-01-13,37.14,19.25,56.39,17.89,13.23,AMATA,Property,129.75
2020-01-14,27.09,6.53,33.61,20.56,14.66,AMATA,Property,150.31
2020-01-15,33.78,16.89,50.67,16.89,19.43,AMATA,Property,167.2
2020-01-16,29.83,14.97,44.8,14.85,11.81,AMATA,Property,182.04999999999998
2020-01-17,26.15,13.49,39.64,12.66,18.64,AMATA,Property,194.70999999999998
2020-01-20,11.66,32.18,43.83,-20.52,12.35,AMATA,Property,174.18999999999997
2020-01-21,31.36,6.42,37.78,24.94,13.17,AMATA,Property,199.12999999999997
2020-01-22,54.13,55.75,109.88,-1.63,11.64,AMATA,Property,197.49999999999997
2020-01-23,92.76,11.3,104.06,81.46,13.87,AMATA,Property,278.96
2020-01-24,60.09,15.84,75.92,44.25,14.59,AMATA,Property,323.21
2020-01-27,28.2,21.7,49.89,6.5,8.88,AMATA,Property,329.71
2020-01-28,43.05,31.83,74.88,11.23,15.07,AMATA,Property,340.94
2020-01-29,35.26,46.04,81.3,-10.77,21.86,AMATA,Property,330.17
2020-01-30,14.92,3.4,18.31,11.52,11.78,AMATA,Property,341.69
2020-01-31,14.53,20.65,35.18,-6.12,16.8,AMATA,Property,335.57
2020-02-03,24.05,17.25,41.3,6.81,14.59,AMATA,Property,342.38
2020-02-04,37.76,10.12,47.88,27.63,19.03,AMATA,Property,370.01
2020-02-05,19.8,38.39,58.19,-18.6,12.01,AMATA,Property,351.40999999999997
2020-02-06,47.77,62.82,110.59,-15.05,24.76,AMATA,Property,336.35999999999996
2020-02-07,38.56,64.51,103.08,-25.95,19.29,AMATA,Property,310.40999999999997
2020-02-11,17.26,35.58,52.84,-18.31,25.03,AMATA,Property,292.09999999999997
2020-02-12,65.68,40.2,105.89,25.48,20.6,AMATA,Property,317.58
2020-02-13,20.58,21.99,42.57,-1.42,17.67,AMATA,Property,316.15999999999997
2020-02-14,42.22,31.31,73.53,10.91,9.53,AMATA,Property,327.07
2020-02-17,13.25,32.58,45.83,-19.34,14.97,AMATA,Property,307.73
2020-02-18,11.32,29.2,40.53,-17.88,9.42,AMATA,Property,289.85
2020-02-19,41.37,17.13,58.5,24.24,12.77,AMATA,Property,314.09000000000003
2020-02-20,57.29,12.67,69.96,44.61,20.33,AMATA,Property,358.70000000000005
2020-02-21,35.6,14.81,50.42,20.79,23.89,AMATA,Property,379.49000000000007
2020-02-24,9.66,64.36,74.03,-54.7,17.7,AMATA,Property,324.7900000000001
2020-02-25,29.1,39.12,68.22,-10.02,25.09,AMATA,Property,314.7700000000001
2020-02-26,38.3,36.15,74.45,2.14,20.41,AMATA,Property,316.9100000000001
2020-02-27,45.29,29.67,74.97,15.62,28.51,AMATA,Property,332.5300000000001
2020-02-28,24.05,28.55,52.6,-4.49,22.1,AMATA,Property,328.0400000000001
2020-03-02,15.52,56.93,72.45,-41.41,27.29,AMATA,Property,286.6300000000001
2020-03-03,43.75,25.36,69.11,18.39,23.31,AMATA,Property,305.0200000000001
2020-03-04,72.86,66.73,139.59,6.14,23.88,AMATA,Property,311.1600000000001
2020-03-05,38.55,75.89,114.44,-37.35,21.49,AMATA,Property,273.81000000000006
2020-03-06,35.48,29.31,64.79,6.17,21.09,AMATA,Property,279.9800000000001
2020-03-09,27.68,48.68,76.36,-20.99,30.73,AMATA,Property,258.99000000000007
2020-03-10,43.29,46.69,89.98,-3.4,23.4,AMATA,Property,255.59000000000006
2020-03-11,17.15,17.55,34.7,-0.4,23.07,AMATA,Property,255.19000000000005
2020-03-12,31.25,25.36,56.61,5.89,18.04,AMATA,Property,261.08000000000004
2020-03-13,54.65,48.0,102.65,6.65,21.82,AMATA,Property,267.73
2020-03-16,25.8,35.07,60.87,-9.26,3.94,AMATA,Property,258.47
2020-03-17,12.99,22.72,35.71,-9.73,23.7,AMATA,Property,248.74000000000004
2020-03-18,24.54,42.24,66.78,-17.69,34.3,AMATA,Property,231.05000000000004
2020-03-19,19.76,24.93,44.7,-5.17,22.31,AMATA,Property,225.88000000000005
2020-03-20,30.15,62.4,92.55,-32.25,27.17,AMATA,Property,193.63000000000005
2020-03-23,8.19,19.12,27.31,-10.93,16.48,AMATA,Property,182.70000000000005
2020-03-24,14.0,18.79,32.79,-4.79,25.9,AMATA,Property,177.91000000000005
2020-03-25,36.22,24.42,60.64,11.79,26.88,AMATA,Property,189.70000000000005
2020-03-26,21.65,21.58,43.23,0.07,20.71,AMATA,Property,189.77000000000004
2020-03-27,40.48,31.61,72.09,8.86,15.42,AMATA,Property,198.63000000000005
2020-03-30,28.43,14.57,43.01,13.86,13.33,AMATA,Property,212.49000000000007
2020-03-31,61.94,24.41,86.35,37.53,17.12,AMATA,Property,250.02000000000007
2020-04-01,32.28,30.57,62.85,1.71,15.5,AMATA,Property,251.73000000000008
2020-04-02,20.6,15.27,35.87,5.33,14.36,AMATA,Property,257.06000000000006
2020-04-03,29.52,53.53,83.05,-24.01,11.61,AMATA,Property,233.05000000000007
2020-04-07,19.14,36.49,55.63,-17.35,7.96,AMATA,Property,215.70000000000007
2020-04-08,37.81,40.66,78.47,-2.85,14.86,AMATA,Property,212.85000000000008
2020-04-09,34.66,41.08,75.74,-6.41,10.57,AMATA,Property,206.44000000000008
2020-04-10,24.98,29.99,54.97,-5.0,14.5,AMATA,Property,201.44000000000008
2020-04-13,41.74,50.03,91.77,-8.28,12.94,AMATA,Property,193.16000000000008
2020-04-14,23.63,54.71,78.34,-31.08,10.18,AMATA,Property,162.0800000000001
2020-04-15,20.38,25.64,46.03,-5.26,7.71,AMATA,Property,156.8200000000001
2020-04-16,53.09,21.28,74.37,31.81,16.04,AMATA,Property,188.6300000000001
2020-04-17,24.25,26.0,50.24,-1.75,12.7,AMATA,Property,186.8800000000001
2020-04-20,16.61,45.92,62.52,-29.31,14.89,AMATA,Property,157.5700000000001
2020-04-21,12.13,18.39,30.53,-6.26,10.93,AMATA,Property,151.31000000000012
2020-04-22,15.9,20.65,36.55,-4.75,15.73,AMATA,Property,146.56000000000012
2020-04-23,22.48,31.83,54.31,-9.35,13.31,AMATA,Property,137.21000000000012
2020-04-24,12.9,33.29,46.19,-20.39,7.06,AMATA,Property,116.82000000000012
2020-04-27,25.46,15.11,40.57,10.35,11.41,AMATA,Property,127.17000000000012
2020-04-28,40.57,14.58,55.16,25.99,14.3,AMATA,Property,153.1600000000001
2020-04-29,26.02,3.94,29.96,22.08,17.23,AMATA,Property,175.24000000000012
2020-04-30,36.11,19.92,56.02,16.19,13.64,AMATA,Property,191.43000000000012
2020-05-05,13.84,16.31,30.16,-2.47,13.21,AMATA,Property,188.96000000000012
2020-05-07,9.42,20.53,29.95,-11.11,10.5,AMATA,Property,177.85000000000014
2020-05-08,13.46,7.3,20.76,6.16,12.03,AMATA,Property,184.01000000000013
2020-05-11,27.12,10.43,37.55,16.69,15.55,AMATA,Property,200.70000000000013
2020-05-12,67.16,53.67,120.83,13.5,15.95,AMATA,Property,214.20000000000013
2020-05-13,35.6,35.17,70.77,0.43,14.36,AMATA,Property,214.63000000000014
2020-05-14,12.17,10.54,22.71,1.62,16.3,AMATA,Property,216.25000000000014
2020-05-15,21.75,33.96,55.71,-12.21,15.61,AMATA,Property,204.04000000000013
2020-05-18,30.28,34.47,64.74,-4.19,13.64,AMATA,Property,199.85000000000014
2020-05-19,68.18,41.47,109.65,26.72,15.86,AMATA,Property,226.57000000000014
2020-05-20,170.84,200.9,371.74,-30.07,16.45,AMATA,Property,196.50000000000014
2020-05-21,39.63,101.89,141.52,-62.26,11.45,AMATA,Property,134.24000000000015
2020-05-22,49.63,92.45,142.08,-42.81,11.09,AMATA,Property,91.43000000000015
2020-05-25,294.5,309.64,604.14,-15.13,20.24,AMATA,Property,76.30000000000015
2020-05-26,84.36,158.13,242.49,-73.77,13.71,AMATA,Property,2.5300000000001575
2020-05-27,63.81,58.25,122.06,5.55,11.28,AMATA,Property,8.080000000000158
2020-05-28,44.61,86.63,131.24,-42.03,10.07,AMATA,Property,-33.94999999999985
2020-05-29,68.78,43.69,112.47,25.09,11.84,AMATA,Property,-8.859999999999847
2020-06-01,31.2,51.64,82.85,-20.44,12.02,AMATA,Property,-29.299999999999848
2020-06-02,80.61,50.08,130.69,30.54,12.31,AMATA,Property,1.2400000000001512
2020-06-04,217.38,96.63,314.01,120.76,14.7,AMATA,Property,122.00000000000016
2020-06-05,165.57,50.09,215.66,115.48,14.63,AMATA,Property,237.48000000000016
2020-06-08,179.15,109.25,288.4,69.91,18.54,AMATA,Property,307.39000000000016
2020-06-09,76.33,66.92,143.25,9.42,14.47,AMATA,Property,316.8100000000002
2020-06-10,46.91,53.66,100.57,-6.75,12.85,AMATA,Property,310.0600000000002
2020-06-11,19.77,57.37,77.14,-37.6,6.36,AMATA,Property,272.46000000000015
2020-06-12,70.64,43.61,114.25,27.03,8.7,AMATA,Property,299.4900000000001
2020-06-15,45.03,97.43,142.45,-52.4,11.13,AMATA,Property,247.09000000000012
2020-06-16,59.69,53.27,112.96,6.43,18.33,AMATA,Property,253.52000000000012
2020-06-17,38.63,60.04,98.67,-21.41,9.41,AMATA,Property,232.11000000000013
2020-06-18,37.4,57.97,95.37,-20.57,9.27,AMATA,Property,211.54000000000013
2020-06-19,40.08,44.59,84.67,-4.51,12.8,AMATA,Property,207.03000000000014
2020-06-22,8.08,35.76,43.84,-27.68,10.02,AMATA,Property,179.35000000000014
2020-06-23,12.82,17.79,30.61,-4.97,7.11,AMATA,Property,174.38000000000014
2020-06-24,18.96,21.08,40.04,-2.12,10.4,AMATA,Property,172.26000000000013
2020-06-25,36.91,29.32,66.24,7.59,11.05,AMATA,Property,179.85000000000014
2020-06-26,17.31,25.8,43.1,-8.49,14.73,AMATA,Property,171.36000000000013
2020-06-29,32.88,26.02,58.9,6.86,17.61,AMATA,Property,178.22000000000014
2020-06-30,44.78,28.22,73.0,16.55,13.57,AMATA,Property,194.77000000000015
2020-07-01,21.78,20.48,42.27,1.3,13.61,AMATA,Property,196.07000000000016
2020-07-02,45.28,17.18,62.47,28.1,17.34,AMATA,Property,224.17000000000016
2020-07-03,10.79,22.2,33.0,-11.41,10.91,AMATA,Property,212.76000000000016
2020-07-07,21.59,10.47,32.06,11.11,14.06,AMATA,Property,223.87000000000018
2020-07-08,78.34,37.73,116.07,40.62,29.05,AMATA,Property,264.4900000000002
2020-07-09,38.8,51.42,90.22,-12.63,27.34,AMATA,Property,251.86000000000018
2020-07-10,11.71,10.78,22.49,0.93,16.47,AMATA,Property,252.7900000000002
2020-07-13,30.83,29.79,60.61,1.04,21.3,AMATA,Property,253.83000000000018
2020-07-14,15.86,10.47,26.33,5.4,14.03,AMATA,Property,259.2300000000002
2020-07-15,33.73,13.78,47.51,19.95,26.42,AMATA,Property,279.1800000000002
2020-07-16,17.39,13.38,30.77,4.01,16.68,AMATA,Property,283.19000000000017
2020-07-17,14.22,14.45,28.67,-0.23,27.0,AMATA,Property,282.96000000000015
2020-07-20,16.61,15.83,32.44,0.79,17.63,AMATA,Property,283.75000000000017
2020-07-21,80.56,28.72,109.28,51.84,17.73,AMATA,Property,335.59000000000015
2020-07-22,18.42,46.79,65.21,-28.36,16.41,AMATA,Property,307.23000000000013
2020-07-23,38.59,37.42,76.01,1.18,26.78,AMATA,Property,308.41000000000014
2020-07-24,16.52,20.9,37.42,-4.38,17.02,AMATA,Property,304.03000000000014
2020-07-29,28.18,65.57,93.75,-37.39,20.41,AMATA,Property,266.64000000000016
2020-07-30,33.87,46.49,80.36,-12.62,18.18,AMATA,Property,254.02000000000015
2020-07-31,33.65,26.31,59.95,7.34,20.69,AMATA,Property,261.3600000000001
2020-08-03,38.4,29.88,68.28,8.52,15.79,AMATA,Property,269.8800000000001
2020-08-04,23.2,4.49,27.69,18.72,13.07,AMATA,Property,288.60000000000014
2020-08-05,51.45,29.09,80.53,22.36,15.83,AMATA,Property,310.96000000000015
2020-08-06,41.91,11.56,53.47,30.35,17.11,AMATA,Property,341.3100000000002
2020-08-07,35.25,20.34,55.59,14.91,22.47,AMATA,Property,356.2200000000002
2020-08-10,5.64,9.63,15.27,-3.98,14.79,AMATA,Property,352.2400000000002
2020-08-11,34.4,28.91,63.31,5.49,21.29,AMATA,Property,357.7300000000002
2020-08-13,30.67,11.69,42.36,18.98,13.68,AMATA,Property,376.7100000000002
2020-08-14,33.8,26.57,60.37,7.23,22.19,AMATA,Property,383.9400000000002
2020-08-17,31.41,16.04,47.45,15.37,19.4,AMATA,Property,399.31000000000023
2020-08-18,9.04,27.09,36.13,-18.05,17.91,AMATA,Property,381.2600000000002
2020-08-19,24.16,40.08,64.24,-15.92,21.65,AMATA,Property,365.3400000000002
2020-08-20,19.53,11.67,31.2,7.86,22.52,AMATA,Property,373.2000000000002
2020-08-21,3.5,11.42,14.92,-7.92,17.9,AMATA,Property,365.2800000000002
2020-08-24,22.91,10.01,32.92,12.89,20.98,AMATA,Property,378.1700000000002
2020-08-25,14.71,18.9,33.62,-4.19,20.09,AMATA,Property,373.9800000000002
2020-08-26,18.89,12.35,31.24,6.53,12.14,AMATA,Property,380.51000000000016
2020-08-27,4.1,26.17,30.27,-22.07,10.61,AMATA,Property,358.44000000000017
2020-08-28,6.47,28.21,34.68,-21.73,25.62,AMATA,Property,336.71000000000015
2020-08-31,5.76,12.1,17.86,-6.33,15.39,AMATA,Property,330.38000000000017
2020-09-01,8.98,9.87,18.84,-0.89,17.1,AMATA,Property,329.4900000000002
2020-09-02,8.6,6.51,15.11,2.08,13.4,AMATA,Property,331.57000000000016
2020-09-03,4.05,8.06,12.11,-4.01,13.2,AMATA,Property,327.5600000000002
2020-09-08,3.47,8.78,12.24,-5.31,9.32,AMATA,Property,322.25000000000017
2020-09-09,8.26,9.06,17.32,-0.8,12.62,AMATA,Property,321.45000000000016
2020-09-10,3.98,7.16,11.14,-3.18,7.48,AMATA,Property,318.27000000000015
2020-09-11,7.16,5.17,12.33,2.0,17.92,AMATA,Property,320.27000000000015
2020-09-14,9.98,10.07,20.05,-0.09,8.18,AMATA,Property,320.1800000000002
2020-09-15,28.22,2.55,30.77,25.68,22.54,AMATA,Property,345.8600000000002
2020-09-16,19.86,19.81,39.66,0.05,18.11,AMATA,Property,345.9100000000002
2020-09-17,27.65,20.96,48.6,6.69,16.07,AMATA,Property,352.6000000000002
2020-09-18,22.65,9.33,31.98,13.32,11.58,AMATA,Property,365.9200000000002
2020-09-21,14.1,28.73,42.83,-14.63,18.36,AMATA,Property,351.2900000000002
2020-09-22,5.57,16.96,22.53,-11.39,18.52,AMATA,Property,339.9000000000002
2020-09-23,4.09,9.16,13.25,-5.08,12.17,AMATA,Property,334.8200000000002
2020-09-24,4.56,12.54,17.1,-7.98,14.29,AMATA,Property,326.8400000000002
2020-09-25,4.0,8.15,12.15,-4.15,8.48,AMATA,Property,322.6900000000002
2020-09-28,14.17,10.09,24.26,4.08,19.63,AMATA,Property,326.7700000000002
2020-09-29,5.49,12.47,17.96,-6.98,19.09,AMATA,Property,319.7900000000002
2020-09-30,4.51,12.14,16.65,-7.63,15.27,AMATA,Property,312.1600000000002
2020-10-01,4.96,11.64,16.6,-6.68,15.83,AMATA,Property,305.4800000000002
2020-10-02,19.2,33.26,52.46,-14.06,33.05,AMATA,Property,291.4200000000002
2020-10-05,14.41,7.71,22.11,6.7,16.89,AMATA,Property,298.1200000000002
2020-10-06,16.27,4.43,20.7,11.85,16.02,AMATA,Property,309.9700000000002
2020-10-07,13.88,8.64,22.52,5.24,19.81,AMATA,Property,315.2100000000002
2020-10-08,10.0,5.68,15.68,4.31,12.32,AMATA,Property,319.5200000000002
2020-10-09,7.11,5.55,12.66,1.56,20.71,AMATA,Property,321.0800000000002
2020-10-12,15.25,10.62,25.87,4.63,14.27,AMATA,Property,325.7100000000002
2020-10-14,50.45,19.54,69.99,30.91,16.57,AMATA,Property,356.62000000000023
2020-10-15,13.77,23.72,37.48,-9.95,16.07,AMATA,Property,346.67000000000024
2020-10-16,8.11,19.22,27.34,-11.11,22.87,AMATA,Property,335.56000000000023
2020-10-19,19.2,16.62,35.82,2.57,14.03,AMATA,Property,338.1300000000002
2020-10-20,28.98,9.46,38.44,19.52,21.86,AMATA,Property,357.6500000000002
2020-10-21,25.62,18.16,43.78,7.47,13.88,AMATA,Property,365.12000000000023
2020-10-22,22.11,43.27,65.38,-21.17,20.95,AMATA,Property,343.9500000000002
2020-10-26,5.43,17.12,22.55,-11.68,20.57,AMATA,Property,332.2700000000002
2020-10-27,5.3,6.66,11.95,-1.36,17.94,AMATA,Property,330.9100000000002
2020-10-28,7.06,14.24,21.3,-7.18,8.67,AMATA,Property,323.7300000000002
2020-10-29,5.73,8.08,13.8,-2.35,8.71,AMATA,Property,321.38000000000017
2020-10-30,2.9,6.38,9.28,-3.48,15.42,AMATA,Property,317.90000000000015
2020-11-02,4.57,4.66,9.23,-0.08,12.69,AMATA,Property,317.82000000000016
2020-11-03,8.99,5.65,14.64,3.34,8.38,AMATA,Property,321.16000000000014
2020-11-04,9.48,16.98,26.46,-7.5,9.25,AMATA,Property,313.66000000000014
2020-11-05,42.13,10.38,52.51,31.75,13.54,AMATA,Property,345.41000000000014
2020-11-06,28.06,14.2,42.26,13.86,16.22,AMATA,Property,359.27000000000015
2020-11-09,48.59,10.11,58.7,38.47,13.94,AMATA,Property,397.7400000000001
2020-11-10,67.61,73.39,141.01,-5.78,13.01,AMATA,Property,391.96000000000015
2020-11-11,52.85,30.81,83.66,22.04,14.17,AMATA,Property,414.00000000000017
2020-11-12,17.63,17.01,34.63,0.62,13.22,AMATA,Property,414.6200000000002
2020-11-13,49.26,16.97,66.23,32.29,15.39,AMATA,Property,446.9100000000002
2020-11-16,97.04,81.54,178.58,15.5,12.83,AMATA,Property,462.4100000000002
2020-11-17,32.65,71.5,104.15,-38.85,17.92,AMATA,Property,423.5600000000002
2020-11-18,39.44,42.75,82.19,-3.32,22.56,AMATA,Property,420.2400000000002
2020-11-19,49.17,64.95,114.12,-15.78,19.19,AMATA,Property,404.4600000000002
2020-11-20,37.83,49.51,87.33,-11.68,14.96,AMATA,Property,392.7800000000002
2020-11-23,26.08,52.67,78.74,-26.59,10.52,AMATA,Property,366.1900000000002
2020-11-24,18.44,52.39,70.82,-33.95,16.71,AMATA,Property,332.24000000000024
2020-11-25,34.49,17.23,51.72,17.25,17.11,AMATA,Property,349.49000000000024
2020-11-26,16.69,9.86,26.55,6.83,18.27,AMATA,Property,356.3200000000002
2020-11-27,124.51,47.52,172.03,77.0,19.46,AMATA,Property,433.3200000000002
2020-11-30,31.13,78.88,110.01,-47.75,15.41,AMATA,Property,385.5700000000002
2020-12-01,18.13,39.3,57.43,-21.17,17.09,AMATA,Property,364.4000000000002
2020-12-02,38.6,33.31,71.91,5.29,20.22,AMATA,Property,369.6900000000002
2020-12-03,16.21,15.18,31.39,1.03,22.41,AMATA,Property,370.7200000000002
2020-12-04,25.29,30.76,56.05,-5.48,18.93,AMATA,Property,365.2400000000002
2020-12-08,46.73,26.31,73.04,20.42,13.52,AMATA,Property,385.6600000000002
2020-12-09,24.18,30.98,55.16,-6.79,16.36,AMATA,Property,378.8700000000002
2020-12-14,40.76,42.88,83.64,-2.12,13.15,AMATA,Property,376.75000000000017
2020-12-15,31.71,27.35,59.06,4.36,14.43,AMATA,Property,381.1100000000002
2020-12-16,37.0,26.4,63.4,10.61,11.95,AMATA,Property,391.7200000000002
2020-12-17,80.73,41.62,122.34,39.11,10.98,AMATA,Property,430.8300000000002
2020-12-18,20.44,48.25,68.69,-27.82,12.27,AMATA,Property,403.0100000000002
2020-12-21,132.3,68.19,200.49,64.12,15.43,AMATA,Property,467.1300000000002
2020-12-22,75.17,46.33,121.5,28.85,14.39,AMATA,Property,495.98000000000025
2020-12-23,37.05,46.34,83.39,-9.29,19.88,AMATA,Property,486.6900000000002
2020-12-24,27.72,36.47,64.19,-8.75,14.45,AMATA,Property,477.9400000000002
2020-12-25,67.83,50.56,118.4,17.27,12.44,AMATA,Property,495.2100000000002
2020-12-28,44.83,25.25,70.07,19.58,15.21,AMATA,Property,514.7900000000002
2020-12-29,33.93,14.29,48.22,19.65,19.56,AMATA,Property,534.4400000000002
2020-12-30,51.85,58.37,110.21,-6.52,16.6,AMATA,Property,527.9200000000002
2021-01-04,70.49,41.13,111.62,29.36,27.04,AMATA,Property,557.2800000000002
2021-01-05,78.62,65.04,143.67,13.58,15.32,AMATA,Property,570.8600000000002
2021-01-06,100.45,82.34,182.79,18.11,16.98,AMATA,Property,588.9700000000003
2021-01-07,51.76,47.86,99.62,3.9,16.06,AMATA,Property,592.8700000000002
2021-01-08,65.13,51.91,117.04,13.22,16.88,AMATA,Property,606.0900000000003
2021-01-11,56.45,67.83,124.28,-11.38,24.48,AMATA,Property,594.7100000000003
2021-01-12,43.41,46.72,90.13,-3.31,19.42,AMATA,Property,591.4000000000003
2021-01-13,45.57,45.62,91.2,-0.05,23.89,AMATA,Property,591.3500000000004
2021-01-14,29.3,28.84,58.14,0.46,26.56,AMATA,Property,591.8100000000004
2021-01-15,33.58,51.5,85.07,-17.92,20.04,AMATA,Property,573.8900000000004
2021-01-18,32.45,34.7,67.15,-2.24,26.35,AMATA,Property,571.6500000000004
2021-01-19,29.33,40.01,69.33,-10.68,17.18,AMATA,Property,560.9700000000005
2021-01-20,9.78,22.24,32.02,-12.46,16.15,AMATA,Property,548.5100000000004
2021-01-21,35.99,36.36,72.35,-0.37,24.55,AMATA,Property,548.1400000000004
2021-01-22,67.91,60.58,128.5,7.33,19.7,AMATA,Property,555.4700000000005
2021-01-25,111.25,102.81,214.06,8.43,14.51,AMATA,Property,563.9000000000004
2021-01-26,21.34,125.27,146.61,-103.93,21.21,AMATA,Property,459.9700000000004
2021-01-27,125.53,125.51,251.04,0.02,13.19,AMATA,Property,459.9900000000004
2021-01-28,52.19,71.09,123.28,-18.9,14.11,AMATA,Property,441.09000000000043
2021-01-29,62.2,53.22,115.42,8.98,15.44,AMATA,Property,450.07000000000045
2021-02-01,61.64,92.91,154.55,-31.27,16.41,AMATA,Property,418.80000000000047
2021-02-02,34.32,31.47,65.79,2.85,16.3,AMATA,Property,421.6500000000005
2021-02-03,34.15,49.06,83.21,-14.91,15.26,AMATA,Property,406.74000000000046
2021-02-04,34.04,26.03,60.07,8.01,17.99,AMATA,Property,414.75000000000045
2021-02-05,50.74,31.6,82.34,19.14,16.76,AMATA,Property,433.89000000000044
2021-02-08,57.0,47.23,104.23,9.77,22.31,AMATA,Property,443.6600000000004
2021-02-09,55.11,82.03,137.13,-26.92,14.25,AMATA,Property,416.7400000000004
2021-02-10,43.38,50.03,93.4,-6.65,16.0,AMATA,Property,410.09000000000043
2021-02-11,31.97,30.34,62.31,1.63,15.59,AMATA,Property,411.7200000000004
2021-02-15,20.55,21.89,42.45,-1.34,28.1,AMATA,Property,410.38000000000045
2021-02-16,34.97,23.35,58.32,11.61,17.32,AMATA,Property,421.99000000000046
2021-02-17,11.54,24.56,36.1,-13.02,19.57,AMATA,Property,408.9700000000005
2021-02-18,56.22,30.55,86.76,25.67,20.51,AMATA,Property,434.6400000000005
2021-02-19,17.95,10.84,28.79,7.1,15.97,AMATA,Property,441.7400000000005
2021-02-22,39.98,27.58,67.56,12.4,22.39,AMATA,Property,454.1400000000005
2021-02-23,66.57,26.43,92.99,40.14,17.28,AMATA,Property,494.2800000000005
2021-02-24,36.12,21.07,57.19,15.06,23.39,AMATA,Property,509.3400000000005
2021-02-25,69.97,63.71,133.68,6.27,15.06,AMATA,Property,515.6100000000005
2021-03-01,100.29,87.67,187.97,12.62,14.09,AMATA,Property,528.2300000000005
2021-03-02,110.75,88.62,199.37,22.13,19.21,AMATA,Property,550.3600000000005
2021-03-03,63.53,52.12,115.65,11.41,20.15,AMATA,Property,561.7700000000004
2021-03-04,105.71,95.46,201.16,10.25,21.56,AMATA,Property,572.0200000000004
2021-03-05,86.41,53.04,139.45,33.37,20.76,AMATA,Property,605.3900000000004
2021-03-08,60.26,57.8,118.06,2.46,20.23,AMATA,Property,607.8500000000005
2021-03-09,114.46,140.82,255.28,-26.36,21.19,AMATA,Property,581.4900000000005
2021-03-10,82.75,95.99,178.73,-13.24,17.58,AMATA,Property,568.2500000000005
2021-03-11,100.87,97.62,198.49,3.25,22.94,AMATA,Property,571.5000000000005
2021-03-12,55.64,42.72,98.36,12.91,22.31,AMATA,Property,584.4100000000004
2021-03-15,143.08,104.83,247.91,38.25,22.18,AMATA,Property,622.6600000000004
2021-03-16,81.64,63.0,144.64,18.64,17.3,AMATA,Property,641.3000000000004
2021-03-17,51.77,41.54,93.32,10.23,18.35,AMATA,Property,651.5300000000004
2021-03-18,137.81,141.74,279.55,-3.93,17.29,AMATA,Property,647.6000000000005
2021-03-19,19.56,47.19,66.75,-27.64,16.48,AMATA,Property,619.9600000000005
2021-03-22,47.18,66.7,113.88,-19.52,15.42,AMATA,Property,600.4400000000005
2021-03-23,52.72,56.74,109.46,-4.02,14.55,AMATA,Property,596.4200000000005
2021-03-24,28.81,12.9,41.72,15.91,12.02,AMATA,Property,612.3300000000005
2021-03-25,34.76,19.11,53.87,15.65,19.81,AMATA,Property,627.9800000000005
2021-03-26,85.38,68.72,154.1,16.66,24.24,AMATA,Property,644.6400000000004
2021-03-29,33.78,23.64,57.42,10.13,26.38,AMATA,Property,654.7700000000004
2021-03-30,29.27,20.72,49.99,8.55,20.57,AMATA,Property,663.3200000000004
2021-03-31,31.49,48.51,79.99,-17.02,10.72,AMATA,Property,646.3000000000004
2021-04-01,15.63,23.58,39.22,-7.95,20.77,AMATA,Property,638.3500000000004
2021-04-02,16.44,22.41,38.85,-5.97,7.77,AMATA,Property,632.3800000000003
2021-04-05,25.66,24.25,49.91,1.41,11.61,AMATA,Property,633.7900000000003
2021-04-07,76.31,24.16,100.47,52.15,18.9,AMATA,Property,685.9400000000003
2021-04-08,43.21,27.4,70.61,15.81,12.19,AMATA,Property,701.7500000000002
2021-04-09,97.28,26.21,123.5,71.07,28.91,AMATA,Property,772.8200000000002
2021-04-12,76.1,34.01,110.11,42.09,21.29,AMATA,Property,814.9100000000002
2021-04-16,27.38,20.83,48.21,6.55,16.65,AMATA,Property,821.4600000000002
2021-04-19,15.04,17.93,32.97,-2.89,14.34,AMATA,Property,818.5700000000002
2021-04-20,34.0,11.53,45.53,22.47,18.49,AMATA,Property,841.0400000000002
2021-04-21,43.15,18.44,61.59,24.71,12.61,AMATA,Property,865.7500000000002
2021-04-22,30.44,33.65,64.09,-3.21,22.65,AMATA,Property,862.5400000000002
2021-04-23,41.49,29.32,70.81,12.16,17.28,AMATA,Property,874.7000000000002
2021-04-26,40.31,7.67,47.98,32.63,21.21,AMATA,Property,907.3300000000002
2021-04-27,33.55,27.64,61.19,5.92,27.22,AMATA,Property,913.2500000000001
2021-04-28,23.12,8.78,31.9,14.34,22.51,AMATA,Property,927.5900000000001
2021-04-29,31.16,28.4,59.56,2.76,13.24,AMATA,Property,930.3500000000001
2021-04-30,21.71,34.91,56.61,-13.2,20.03,AMATA,Property,917.1500000000001
2021-05-05,20.75,52.37,73.12,-31.62,37.94,AMATA,Property,885.5300000000001
2021-05-06,4.07,6.15,10.22,-2.09,13.06,AMATA,Property,883.44
2021-05-07,64.6,50.12,114.73,14.48,19.95,AMATA,Property,897.9200000000001
2021-05-10,39.25,93.01,132.26,-53.76,16.01,AMATA,Property,844.1600000000001
2021-05-11,40.72,78.84,119.56,-38.12,20.6,AMATA,Property,806.0400000000001
2021-05-12,19.21,57.24,76.44,-38.03,17.6,AMATA,Property,768.0100000000001
2021-05-13,38.09,62.79,100.88,-24.7,23.17,AMATA,Property,743.3100000000001
2021-05-14,26.66,35.24,61.9,-8.59,19.8,AMATA,Property,734.72
2021-05-17,80.51,77.75,158.26,2.77,15.0,AMATA,Property,737.49
2021-05-18,28.41,54.69,83.09,-26.28,20.75,AMATA,Property,711.21
2021-05-19,39.92,35.93,75.85,3.99,21.41,AMATA,Property,715.2
2021-05-20,27.64,27.25,54.9,0.39,23.77,AMATA,Property,715.59
2021-05-21,25.01,31.49,56.51,-6.48,23.72,AMATA,Property,709.11
2021-05-24,14.91,29.52,44.43,-14.61,24.6,AMATA,Property,694.5
2021-05-25,34.84,76.21,111.05,-41.38,31.82,AMATA,Property,653.12
2021-05-27,102.65,67.85,170.5,34.8,32.41,AMATA,Property,687.92
2021-05-28,34.84,18.4,53.24,16.45,26.38,AMATA,Property,704.37
2021-05-31,115.13,82.3,197.42,32.83,17.84,AMATA,Property,737.2
2021-06-01,44.32,51.58,95.9,-7.25,20.2,AMATA,Property,729.95
2021-06-02,35.98,51.09,87.07,-15.1,15.84,AMATA,Property,714.85
2021-06-04,34.53,45.39,79.92,-10.86,14.21,AMATA,Property,703.99
2021-06-07,55.8,83.79,139.59,-27.98,27.45,AMATA,Property,676.01
2021-06-08,100.58,24.04,124.62,76.53,22.1,AMATA,Property,752.54
2021-06-09,45.03,44.04,89.07,1.0,16.53,AMATA,Property,753.54
2021-06-10,288.73,374.97,663.7,-86.24,25.37,AMATA,Property,667.3
2021-06-11,98.08,32.1,130.18,65.98,24.2,AMATA,Property,733.28
2021-06-14,55.81,46.71,102.52,9.1,24.75,AMATA,Property,742.38
2021-06-15,60.88,43.2,104.08,17.68,27.16,AMATA,Property,760.06
2021-06-16,93.64,50.65,144.29,42.99,22.01,AMATA,Property,803.05
2021-06-17,68.57,58.59,127.16,9.98,28.04,AMATA,Property,813.03
2021-06-18,67.27,97.71,164.98,-30.44,32.62,AMATA,Property,782.5899999999999
2021-06-21,49.71,28.64,78.35,21.07,20.51,AMATA,Property,803.66
2021-06-22,45.27,37.54,82.81,7.73,28.59,AMATA,Property,811.39
2021-06-23,44.53,51.12,95.65,-6.59,23.97,AMATA,Property,804.8
2021-06-24,63.17,42.78,105.94,20.39,23.39,AMATA,Property,825.1899999999999
2021-06-25,64.47,35.99,100.46,28.49,22.5,AMATA,Property,853.68
2021-06-28,39.89,29.01,68.9,10.88,34.34,AMATA,Property,864.56
2021-06-29,31.91,28.15,60.06,3.76,20.41,AMATA,Property,868.3199999999999
2021-06-30,52.26,79.0,131.27,-26.74,19.13,AMATA,Property,841.5799999999999
2021-07-01,40.35,39.43,79.78,0.92,23.18,AMATA,Property,842.4999999999999
2021-07-02,14.76,17.45,32.21,-2.69,21.84,AMATA,Property,839.8099999999998
2021-07-05,9.51,31.18,40.7,-21.67,18.17,AMATA,Property,818.1399999999999
2021-07-06,12.4,32.34,44.74,-19.94,27.41,AMATA,Property,798.1999999999998
2021-07-07,44.46,72.52,116.99,-28.06,22.32,AMATA,Property,770.1399999999999
2021-07-08,59.7,40.02,99.72,19.67,25.51,AMATA,Property,789.8099999999998
2021-07-09,61.69,81.92,143.62,-20.23,40.37,AMATA,Property,769.5799999999998
2021-07-12,35.75,54.41,90.16,-18.66,23.61,AMATA,Property,750.9199999999998
2021-07-13,30.77,45.98,76.75,-15.21,10.89,AMATA,Property,735.7099999999998
2021-07-14,28.1,50.98,79.08,-22.89,25.04,AMATA,Property,712.8199999999998
2021-07-15,20.89,66.13,87.02,-45.25,17.25,AMATA,Property,667.5699999999998
2021-07-16,43.53,71.31,114.84,-27.79,11.65,AMATA,Property,639.7799999999999
2021-07-19,72.68,75.55,148.23,-2.86,26.5,AMATA,Property,636.9199999999998
2021-07-20,34.53,48.31,82.83,-13.78,20.54,AMATA,Property,623.1399999999999
2021-07-21,61.07,53.78,114.86,7.29,28.36,AMATA,Property,630.4299999999998
2021-07-22,25.03,48.16,73.19,-23.14,21.81,AMATA,Property,607.2899999999998
2021-07-23,33.57,49.79,83.36,-16.22,18.34,AMATA,Property,591.0699999999998
2021-07-27,18.1,36.14,54.24,-18.05,24.58,AMATA,Property,573.0199999999999
2021-07-29,17.66,23.72,41.38,-6.06,28.4,AMATA,Property,566.9599999999999
2021-07-30,25.15,36.73,61.88,-11.59,22.91,AMATA,Property,555.3699999999999
2021-08-02,22.34,22.92,45.26,-0.57,17.42,AMATA,Property,554.7999999999998
2021-08-03,29.85,31.18,61.03,-1.33,22.35,AMATA,Property,553.4699999999998
2021-08-04,13.49,16.89,30.39,-3.4,19.01,AMATA,Property,550.0699999999998
2021-08-05,24.47,38.31,62.78,-13.84,22.31,AMATA,Property,536.2299999999998
2021-08-06,26.51,18.28,44.79,8.23,23.28,AMATA,Property,544.4599999999998
2021-08-09,13.51,19.47,32.98,-5.96,20.93,AMATA,Property,538.4999999999998
2021-08-10,18.58,19.98,38.56,-1.39,25.19,AMATA,Property,537.1099999999998
2021-08-11,12.47,8.61,21.07,3.86,19.78,AMATA,Property,540.9699999999998
2021-08-13,11.38,8.17,19.55,3.21,28.61,AMATA,Property,544.1799999999998
2021-08-16,26.48,33.72,60.2,-7.25,20.05,AMATA,Property,536.9299999999998
2021-08-17,50.02,25.22,75.24,24.8,26.37,AMATA,Property,561.7299999999998
2021-08-18,67.58,66.7,134.29,0.88,23.47,AMATA,Property,562.6099999999998
2021-08-19,15.83,24.81,40.64,-8.98,23.52,AMATA,Property,553.6299999999998
2021-08-20,74.95,75.9,150.85,-0.94,18.75,AMATA,Property,552.6899999999997
2021-08-23,53.36,77.15,130.51,-23.79,19.11,AMATA,Property,528.8999999999997
2021-08-24,41.39,25.72,67.11,15.67,18.47,AMATA,Property,544.5699999999997
2021-08-25,41.46,20.92,62.38,20.54,25.5,AMATA,Property,565.1099999999997
2021-08-26,57.18,30.19,87.37,26.99,30.5,AMATA,Property,592.0999999999997
2021-08-27,71.79,28.27,100.06,43.52,22.81,AMATA,Property,635.6199999999997
2021-08-30,114.0,72.17,186.17,41.83,24.92,AMATA,Property,677.4499999999997
2021-08-31,55.06,42.39,97.44,12.67,21.76,AMATA,Property,690.1199999999997
2021-09-01,50.17,47.76,97.93,2.42,18.52,AMATA,Property,692.5399999999996
2021-09-02,41.64,23.31,64.95,18.33,21.97,AMATA,Property,710.8699999999997
2021-09-03,17.59,14.55,32.13,3.04,10.7,AMATA,Property,713.9099999999996
2021-09-06,10.35,29.27,39.63,-18.92,16.57,AMATA,Property,694.9899999999997
2021-09-07,23.49,36.52,60.01,-13.02,19.51,AMATA,Property,681.9699999999997
2021-09-08,22.14,64.02,86.17,-41.88,23.97,AMATA,Property,640.0899999999997
2021-09-09,4.04,33.7,37.74,-29.66,11.27,AMATA,Property,610.4299999999997
2021-09-10,18.41,34.28,52.69,-15.88,19.01,AMATA,Property,594.5499999999997
2021-09-13,15.48,12.61,28.08,2.87,24.92,AMATA,Property,597.4199999999997
2021-09-14,53.69,64.22,117.91,-10.53,21.35,AMATA,Property,586.8899999999998
2021-09-15,159.49,122.8,282.29,36.69,19.16,AMATA,Property,623.5799999999997
2021-09-16,22.85,50.11,72.95,-27.26,24.36,AMATA,Property,596.3199999999997
2021-09-17,58.48,94.78,153.25,-36.3,36.75,AMATA,Property,560.0199999999998
2021-09-20,26.02,20.53,46.55,5.49,18.44,AMATA,Property,565.5099999999998
2021-09-21,31.26,28.25,59.51,3.01,17.24,AMATA,Property,568.5199999999998
2021-09-22,25.45,30.76,56.21,-5.31,30.11,AMATA,Property,563.2099999999998
2021-09-23,89.29,78.54,167.83,10.76,22.97,AMATA,Property,573.9699999999998
2021-09-27,93.63,112.21,205.83,-18.58,26.99,AMATA,Property,555.3899999999998
2021-09-28,65.82,115.95,181.77,-50.13,34.38,AMATA,Property,505.25999999999976
2021-09-29,63.95,108.28,172.23,-44.33,34.53,AMATA,Property,460.9299999999998
2021-09-30,38.82,112.02,150.84,-73.2,28.57,AMATA,Property,387.7299999999998
2021-10-01,40.97,102.34,143.31,-61.36,38.4,AMATA,Property,326.3699999999998
2021-10-04,426.77,207.96,634.73,218.81,35.47,AMATA,Property,545.1799999999998
2021-10-05,32.92,58.85,91.77,-25.93,19.08,AMATA,Property,519.2499999999999
2021-10-06,82.47,202.71,285.18,-120.23,23.22,AMATA,Property,399.01999999999987
2021-10-07,30.21,33.59,63.8,-3.38,17.89,AMATA,Property,395.6399999999999
2021-10-08,74.16,77.66,151.82,-3.49,28.53,AMATA,Property,392.14999999999986
2021-10-11,39.1,24.22,63.32,14.89,18.44,AMATA,Property,407.03999999999985
2021-10-12,169.84,76.28,246.12,93.55,19.67,AMATA,Property,500.58999999999986
2021-10-14,36.92,48.68,85.6,-11.76,20.47,AMATA,Property,488.82999999999987
2021-10-15,24.83,44.38,69.21,-19.55,22.63,AMATA,Property,469.27999999999986
2021-10-18,21.27,37.25,58.53,-15.98,20.36,AMATA,Property,453.29999999999984
2021-10-19,118.01,129.24,247.25,-11.22,20.06,AMATA,Property,442.0799999999998
2021-10-20,44.2,49.08,93.28,-4.89,21.65,AMATA,Property,437.1899999999998
2021-10-21,75.71,26.2,101.91,49.52,30.09,AMATA,Property,486.7099999999998
2021-10-25,45.35,70.74,116.09,-25.38,20.99,AMATA,Property,461.3299999999998
2021-10-26,37.25,47.27,84.52,-10.03,27.48,AMATA,Property,451.29999999999984
2021-10-27,49.76,24.89,74.65,24.87,20.62,AMATA,Property,476.16999999999985
2021-10-28,28.04,8.98,37.02,19.06,24.67,AMATA,Property,495.22999999999985
2021-10-29,56.53,19.98,76.51,36.55,31.81,AMATA,Property,531.7799999999999
2021-11-01,101.27,69.08,170.35,32.19,22.28,AMATA,Property,563.9699999999998
2021-11-02,40.56,35.12,75.68,5.44,14.65,AMATA,Property,569.4099999999999
2021-11-03,23.15,40.46,63.62,-17.31,16.84,AMATA,Property,552.0999999999999
2021-11-04,63.82,48.84,112.67,14.98,19.91,AMATA,Property,567.0799999999999
2021-11-05,87.97,33.84,121.81,54.14,23.38,AMATA,Property,621.2199999999999
2021-11-08,114.59,77.43,192.02,37.16,24.71,AMATA,Property,658.3799999999999
2021-11-09,31.91,41.97,73.88,-10.06,23.27,AMATA,Property,648.3199999999999
2021-11-10,53.3,61.96,115.26,-8.66,23.6,AMATA,Property,639.66
2021-11-11,13.26,26.3,39.56,-13.03,19.33,AMATA,Property,626.63
2021-11-12,6.95,24.3,31.25,-17.35,24.67,AMATA,Property,609.28
2021-11-15,24.13,39.6,63.73,-15.47,21.71,AMATA,Property,593.81
2021-11-16,114.1,56.55,170.65,57.55,27.56,AMATA,Property,651.3599999999999
2021-11-17,34.85,50.85,85.69,-16.0,18.83,AMATA,Property,635.3599999999999
2021-11-18,28.15,104.57,132.72,-76.42,20.6,AMATA,Property,558.9399999999999
2021-11-19,20.78,41.88,62.65,-21.1,12.82,AMATA,Property,537.8399999999999
2021-11-22,32.11,25.03,57.14,7.07,16.32,AMATA,Property,544.91
2021-11-23,86.14,37.1,123.24,49.03,13.84,AMATA,Property,593.9399999999999
2021-11-24,21.13,22.17,43.31,-1.04,20.85,AMATA,Property,592.9
2021-11-25,49.52,48.28,97.8,1.23,21.65,AMATA,Property,594.13
2021-11-26,210.86,114.79,325.65,96.07,34.96,AMATA,Property,690.2
2021-11-29,126.63,67.06,193.69,59.58,22.58,AMATA,Property,749.7800000000001
2021-11-30,79.54,138.6,218.14,-59.06,24.31,AMATA,Property,690.72
2021-12-01,34.83,108.54,143.37,-73.71,28.26,AMATA,Property,617.01
2021-12-02,26.81,34.72,61.53,-7.91,20.54,AMATA,Property,609.1
2021-12-03,14.9,20.68,35.58,-5.78,23.27,AMATA,Property,603.32
2021-12-07,55.29,80.61,135.9,-25.31,31.66,AMATA,Property,578.0100000000001
2021-12-08,38.03,52.55,90.59,-14.52,24.26,AMATA,Property,563.4900000000001
2021-12-09,20.01,61.31,81.31,-41.3,20.12,AMATA,Property,522.1900000000002
2021-12-13,22.38,77.12,99.5,-54.73,29.17,AMATA,Property,467.46000000000015
2021-12-14,37.63,17.88,55.51,19.75,22.81,AMATA,Property,487.21000000000015
2021-12-15,59.32,43.13,102.45,16.19,22.29,AMATA,Property,503.40000000000015
2021-12-16,26.24,52.21,78.45,-25.98,20.54,AMATA,Property,477.42000000000013
2021-12-17,33.23,43.5,76.72,-10.27,22.31,AMATA,Property,467.15000000000015
2021-12-20,40.58,25.18,65.77,15.4,21.83,AMATA,Property,482.5500000000001
2021-12-21,27.77,39.31,67.08,-11.54,24.85,AMATA,Property,471.0100000000001
2021-12-22,13.12,14.25,27.36,-1.13,18.04,AMATA,Property,469.8800000000001
2021-12-23,40.6,56.74,97.34,-16.14,22.94,AMATA,Property,453.7400000000001
2021-12-24,11.35,20.35,31.7,-9.01,21.18,AMATA,Property,444.73000000000013
2021-12-27,4.17,15.51,19.68,-11.34,24.32,AMATA,Property,433.39000000000016
2021-12-28,80.38,94.04,174.43,-13.66,16.44,AMATA,Property,419.73000000000013
2021-12-29,69.82,128.46,198.28,-58.64,16.74,AMATA,Property,361.09000000000015
2021-12-30,47.29,83.12,130.4,-35.83,15.37,AMATA,Property,325.26000000000016
2022-01-04,49.77,65.61,115.38,-15.85,29.84,AMATA,Property,309.41000000000014
2022-01-05,49.04,33.74,82.78,15.29,20.88,AMATA,Property,324.70000000000016
2022-01-06,36.6,37.57,74.16,-0.97,13.54,AMATA,Property,323.73000000000013
2022-01-07,11.15,25.19,36.35,-14.04,15.94,AMATA,Property,309.6900000000001
2022-01-10,26.6,35.8,62.39,-9.2,19.86,AMATA,Property,300.4900000000001
2022-01-11,59.83,45.63,105.47,14.2,16.54,AMATA,Property,314.6900000000001
2022-01-12,34.18,12.6,46.78,21.59,13.54,AMATA,Property,336.2800000000001
2022-01-13,118.03,138.16,256.19,-20.14,18.54,AMATA,Property,316.1400000000001
2022-01-14,46.15,103.97,150.12,-57.82,21.56,AMATA,Property,258.3200000000001
2022-01-17,46.81,32.95,79.76,13.87,31.65,AMATA,Property,272.1900000000001
2022-01-18,28.21,73.63,101.84,-45.42,17.33,AMATA,Property,226.7700000000001
2022-01-19,44.09,57.12,101.21,-13.03,25.98,AMATA,Property,213.7400000000001
2022-01-20,75.06,79.71,154.77,-4.65,26.23,AMATA,Property,209.0900000000001
2022-01-21,180.73,114.15,294.89,66.58,21.39,AMATA,Property,275.6700000000001
2022-01-24,113.33,121.6,234.92,-8.27,26.46,AMATA,Property,267.4000000000001
2022-01-25,55.22,47.63,102.85,7.59,19.36,AMATA,Property,274.99000000000007
2022-01-26,29.34,63.58,92.92,-34.23,26.29,AMATA,Property,240.76000000000008
2022-01-27,52.73,75.68,128.41,-22.96,26.35,AMATA,Property,217.80000000000007
2022-01-28,61.88,66.0,127.88,-4.11,33.52,AMATA,Property,213.69000000000005
2022-01-31,53.18,35.62,88.8,17.55,19.76,AMATA,Property,231.24000000000007
2022-02-01,62.26,69.16,131.42,-6.9,23.22,AMATA,Property,224.34000000000006
2022-02-02,28.94,28.26,57.21,0.68,24.11,AMATA,Property,225.02000000000007
2022-02-03,66.57,51.9,118.47,14.66,20.59,AMATA,Property,239.68000000000006
2022-02-04,49.52,30.18,79.69,19.34,16.99,AMATA,Property,259.02000000000004
2022-02-07,66.15,30.52,96.67,35.64,32.41,AMATA,Property,294.66
2022-02-08,88.53,86.97,175.5,1.56,17.63,AMATA,Property,296.22
2022-02-09,38.21,40.01,78.21,-1.8,19.23,AMATA,Property,294.42
2022-02-10,18.63,35.27,53.9,-16.65,20.02,AMATA,Property,277.77000000000004
2022-02-11,25.26,36.36,61.62,-11.1,21.56,AMATA,Property,266.67
2022-02-14,34.57,11.11,45.68,23.46,19.75,AMATA,Property,290.13
2022-02-15,27.77,20.29,48.06,7.48,21.83,AMATA,Property,297.61
2022-02-17,50.22,65.87,116.09,-15.65,20.6,AMATA,Property,281.96000000000004
2022-02-18,26.09,29.26,55.35,-3.17,23.34,AMATA,Property,278.79
2022-02-21,41.03,46.13,87.16,-5.09,28.77,AMATA,Property,273.70000000000005
2022-02-22,83.11,44.23,127.34,38.89,22.37,AMATA,Property,312.59000000000003
2022-02-23,44.87,39.46,84.33,5.4,26.23,AMATA,Property,317.99
2022-02-24,113.74,119.55,233.29,-5.81,26.76,AMATA,Property,312.18
2022-02-25,55.8,70.77,126.57,-14.96,20.72,AMATA,Property,297.22
2022-02-28,24.64,94.04,118.67,-69.4,17.88,AMATA,Property,227.82000000000002
2022-03-01,73.3,112.01,185.31,-38.72,18.79,AMATA,Property,189.10000000000002
2022-03-02,80.6,94.96,175.56,-14.36,29.18,AMATA,Property,174.74
2022-03-03,76.72,66.21,142.92,10.51,28.47,AMATA,Property,185.25
2022-03-04,39.79,34.79,74.58,5.0,24.44,AMATA,Property,190.25
2022-03-07,41.09,46.16,87.26,-5.07,21.6,AMATA,Property,185.18
2022-03-08,70.49,58.68,129.17,11.81,19.93,AMATA,Property,196.99
2022-03-09,146.08,76.71,222.79,69.38,32.02,AMATA,Property,266.37
2022-03-10,21.35,25.29,46.65,-3.94,26.39,AMATA,Property,262.43
2022-03-11,30.49,23.27,53.76,7.22,35.56,AMATA,Property,269.65000000000003
2022-03-14,46.41,22.52,68.93,23.89,28.89,AMATA,Property,293.54
2022-03-15,44.26,31.15,75.41,13.11,28.51,AMATA,Property,306.65000000000003
2022-03-16,37.02,44.47,81.49,-7.45,21.35,AMATA,Property,299.20000000000005
2022-03-17,27.7,36.81,64.51,-9.11,22.78,AMATA,Property,290.09000000000003
2022-03-18,43.89,55.51,99.4,-11.62,22.11,AMATA,Property,278.47
2022-03-21,32.51,47.78,80.28,-15.27,31.13,AMATA,Property,263.20000000000005
2022-03-22,18.97,19.27,38.24,-0.3,26.14,AMATA,Property,262.90000000000003
2022-03-23,75.08,20.29,95.37,54.8,38.5,AMATA,Property,317.70000000000005
2022-03-24,38.48,12.97,51.46,25.51,38.15,AMATA,Property,343.21000000000004
2022-03-25,55.61,34.16,89.77,21.46,32.61,AMATA,Property,364.67
2022-03-28,19.56,12.73,32.29,6.84,32.35,AMATA,Property,371.51
2022-03-29,74.79,41.53,116.31,33.26,24.99,AMATA,Property,404.77
2022-03-30,33.58,28.22,61.8,5.36,18.07,AMATA,Property,410.13
2022-03-31,22.88,19.84,42.72,3.05,29.43,AMATA,Property,413.18
2022-04-01,38.06,21.39,59.46,16.67,21.6,AMATA,Property,429.85
2022-04-04,13.81,5.18,18.99,8.63,32.92,AMATA,Property,438.48
2022-04-05,22.0,5.99,27.99,16.01,30.69,AMATA,Property,454.49
2022-04-07,46.52,13.31,59.83,33.21,29.85,AMATA,Property,487.7
2022-04-08,27.73,14.71,42.45,13.02,28.39,AMATA,Property,500.71999999999997
2022-04-11,22.25,10.95,33.19,11.3,35.26,AMATA,Property,512.02
2022-04-12,46.76,46.06,92.82,0.7,21.31,AMATA,Property,512.72
2022-04-18,43.79,42.16,85.95,1.63,34.36,AMATA,Property,514.35
2022-04-19,16.19,15.9,32.09,0.28,37.72,AMATA,Property,514.63
2022-04-20,7.74,10.38,18.12,-2.64,24.86,AMATA,Property,511.99
2022-04-21,34.11,44.63,78.74,-10.51,22.9,AMATA,Property,501.48
2022-04-22,11.58,36.82,48.4,-25.24,24.55,AMATA,Property,476.24
2022-04-25,24.22,8.1,32.32,16.12,22.01,AMATA,Property,492.36
2022-04-26,30.03,22.55,52.58,7.48,27.48,AMATA,Property,499.84000000000003
2022-04-27,25.64,25.87,51.51,-0.23,30.84,AMATA,Property,499.61
2022-04-28,18.01,7.04,25.05,10.97,19.47,AMATA,Property,510.58000000000004
2022-04-29,50.56,9.61,60.16,40.95,36.72,AMATA,Property,551.5300000000001
2022-05-03,115.78,209.73,325.51,-93.95,26.35,AMATA,Property,457.5800000000001
2022-05-05,73.74,52.51,126.25,21.23,31.82,AMATA,Property,478.8100000000001
2022-05-06,58.68,52.93,111.62,5.75,23.55,AMATA,Property,484.5600000000001
2022-05-09,95.01,84.61,179.62,10.4,29.37,AMATA,Property,494.9600000000001
2022-05-10,35.45,60.17,95.62,-24.72,24.72,AMATA,Property,470.2400000000001
2022-05-11,8.55,36.23,44.78,-27.69,26.22,AMATA,Property,442.5500000000001
2022-05-12,39.38,31.25,70.63,8.14,22.67,AMATA,Property,450.6900000000001
2022-05-13,25.06,55.54,80.6,-30.47,29.18,AMATA,Property,420.22000000000014
2022-05-17,65.98,56.79,122.78,9.19,21.85,AMATA,Property,429.41000000000014
2022-05-18,19.26,62.11,81.37,-42.85,33.44,AMATA,Property,386.5600000000001
2022-05-19,12.48,43.87,56.34,-31.39,25.97,AMATA,Property,355.17000000000013
2022-05-20,57.61,67.19,124.79,-9.58,29.54,AMATA,Property,345.59000000000015
2022-05-23,7.53,38.55,46.07,-31.02,17.51,AMATA,Property,314.57000000000016
2022-05-24,22.42,24.98,47.4,-2.55,19.93,AMATA,Property,312.02000000000015
2022-05-25,11.04,15.02,26.05,-3.98,15.2,AMATA,Property,308.04000000000013
2022-05-26,4.08,5.41,9.49,-1.32,8.83,AMATA,Property,306.72000000000014
2022-05-27,18.99,9.32,28.31,9.66,10.31,AMATA,Property,316.38000000000017
2022-05-30,23.85,44.95,68.8,-21.1,14.51,AMATA,Property,295.28000000000014
2022-05-31,37.55,31.75,69.3,5.8,26.09,AMATA,Property,301.08000000000015
2022-06-01,4.35,13.79,18.14,-9.44,13.31,AMATA,Property,291.64000000000016
2022-06-02,41.59,18.85,60.44,22.75,15.71,AMATA,Property,314.39000000000016
2022-06-06,26.1,13.18,39.28,12.93,21.14,AMATA,Property,327.32000000000016
2022-06-07,34.65,16.91,51.56,17.73,20.78,AMATA,Property,345.0500000000002
2022-06-08,45.3,34.31,79.61,10.99,22.51,AMATA,Property,356.0400000000002
2022-06-09,17.19,21.47,38.66,-4.28,28.85,AMATA,Property,351.7600000000002
2022-06-10,16.78,18.96,35.74,-2.18,26.93,AMATA,Property,349.5800000000002
2022-06-13,17.71,27.58,45.29,-9.87,21.52,AMATA,Property,339.7100000000002
2022-06-14,21.97,30.49,52.46,-8.52,35.07,AMATA,Property,331.1900000000002
2022-06-15,29.38,31.26,60.64,-1.88,31.84,AMATA,Property,329.31000000000023
2022-06-16,24.47,20.69,45.17,3.78,21.07,AMATA,Property,333.0900000000002
2022-06-17,21.78,15.66,37.45,6.12,19.44,AMATA,Property,339.2100000000002
2022-06-20,30.85,15.69,46.54,15.16,27.84,AMATA,Property,354.37000000000023
2022-06-21,58.44,25.05,83.48,33.39,26.43,AMATA,Property,387.7600000000002
2022-06-22,42.52,14.36,56.88,28.16,15.74,AMATA,Property,415.92000000000024
2022-06-23,8.09,4.97,13.06,3.13,20.29,AMATA,Property,419.05000000000024
2022-06-24,27.41,10.32,37.73,17.08,19.01,AMATA,Property,436.1300000000002
2022-06-27,21.32,34.98,56.3,-13.65,31.03,AMATA,Property,422.48000000000025
2022-06-28,25.08,15.87,40.94,9.21,19.29,AMATA,Property,431.6900000000002
2022-06-29,24.27,14.37,38.64,9.89,25.04,AMATA,Property,441.5800000000002
2022-06-30,26.56,29.84,56.41,-3.28,22.26,AMATA,Property,438.30000000000024
2022-07-01,9.05,14.99,24.04,-5.94,24.65,AMATA,Property,432.36000000000024
2022-07-04,13.4,20.38,33.78,-6.98,20.43,AMATA,Property,425.3800000000002
2022-07-05,32.7,22.9,55.61,9.8,20.26,AMATA,Property,435.18000000000023
2022-07-06,26.97,27.08,54.05,-0.11,31.66,AMATA,Property,435.0700000000002
2022-07-07,45.26,31.79,77.04,13.47,26.05,AMATA,Property,448.54000000000025
2022-07-08,21.35,25.72,47.07,-4.37,31.66,AMATA,Property,444.17000000000024
2022-07-11,20.94,8.03,28.97,12.9,31.04,AMATA,Property,457.0700000000002
2022-07-12,8.83,11.87,20.7,-3.03,27.58,AMATA,Property,454.04000000000025
2022-07-14,5.96,13.7,19.66,-7.74,30.61,AMATA,Property,446.30000000000024
2022-07-15,15.53,34.72,50.25,-19.18,33.53,AMATA,Property,427.12000000000023
2022-07-18,16.84,25.4,42.24,-8.55,33.27,AMATA,Property,418.5700000000002
2022-07-19,12.72,14.6,27.31,-1.88,18.14,AMATA,Property,416.6900000000002
2022-07-20,10.12,31.2,41.32,-21.08,35.17,AMATA,Property,395.61000000000024
2022-07-21,22.33,48.24,70.57,-25.91,17.66,AMATA,Property,369.7000000000002
2022-07-22,13.55,21.3,34.85,-7.76,19.48,AMATA,Property,361.9400000000002
2022-07-25,18.03,20.7,38.73,-2.67,15.7,AMATA,Property,359.2700000000002
2022-07-26,25.59,15.93,41.52,9.66,14.81,AMATA,Property,368.93000000000023
2022-07-27,13.77,13.41,27.19,0.36,14.24,AMATA,Property,369.29000000000025
2022-08-01,14.87,9.1,23.97,5.76,12.82,AMATA,Property,375.05000000000024
2022-08-02,26.51,34.43,60.94,-7.92,13.91,AMATA,Property,367.1300000000002
2022-08-03,15.95,47.96,63.91,-32.0,16.17,AMATA,Property,335.1300000000002
2022-08-04,18.57,56.37,74.93,-37.8,8.19,AMATA,Property,297.3300000000002
2022-08-05,28.03,33.74,61.78,-5.71,25.87,AMATA,Property,291.62000000000023
2022-08-08,8.18,12.3,20.48,-4.13,9.07,AMATA,Property,287.49000000000024
2022-08-09,3.39,5.93,9.33,-2.54,11.41,AMATA,Property,284.9500000000002
2022-08-10,70.61,22.61,93.22,47.99,13.08,AMATA,Property,332.9400000000002
2022-08-11,64.47,35.5,99.97,28.98,22.83,AMATA,Property,361.92000000000024
2022-08-15,48.7,57.88,106.58,-9.17,27.42,AMATA,Property,352.7500000000002
2022-08-16,65.97,38.01,103.98,27.96,34.89,AMATA,Property,380.7100000000002
2022-08-17,57.95,26.05,84.0,31.91,16.41,AMATA,Property,412.62000000000023
2022-08-18,15.73,28.97,44.69,-13.24,23.88,AMATA,Property,399.3800000000002
2022-08-19,24.28,28.92,53.19,-4.64,19.66,AMATA,Property,394.74000000000024
2022-08-22,26.29,12.29,38.58,14.0,15.45,AMATA,Property,408.74000000000024
2022-08-23,38.12,75.65,113.77,-37.53,17.31,AMATA,Property,371.21000000000026
2022-08-24,28.31,49.49,77.8,-21.18,19.79,AMATA,Property,350.03000000000026
2022-08-25,16.89,31.81,48.7,-14.91,13.27,AMATA,Property,335.12000000000023
2022-08-26,25.25,40.54,65.79,-15.3,15.74,AMATA,Property,319.8200000000002
2022-08-29,45.93,35.07,81.0,10.86,16.84,AMATA,Property,330.68000000000023
2022-08-30,38.22,40.02,78.24,-1.8,13.0,AMATA,Property,328.8800000000002
2022-08-31,27.7,35.3,63.0,-7.61,12.75,AMATA,Property,321.2700000000002
2022-09-01,91.67,26.68,118.35,64.99,14.3,AMATA,Property,386.2600000000002
2022-09-02,36.26,15.46,51.71,20.8,11.8,AMATA,Property,407.06000000000023
2022-09-05,26.72,25.92,52.64,0.8,15.8,AMATA,Property,407.86000000000024
2022-09-06,61.4,20.16,81.56,41.24,14.68,AMATA,Property,449.10000000000025
2022-09-07,56.58,24.54,81.12,32.03,17.99,AMATA,Property,481.1300000000002
2022-09-08,95.39,20.27,115.66,75.13,17.53,AMATA,Property,556.2600000000002
2022-09-09,35.87,38.36,74.24,-2.49,19.43,AMATA,Property,553.7700000000002
2022-09-12,37.53,19.54,57.07,17.99,12.77,AMATA,Property,571.7600000000002
2022-09-13,22.12,31.48,53.6,-9.36,21.57,AMATA,Property,562.4000000000002
2022-09-14,51.51,45.14,96.65,6.37,27.08,AMATA,Property,568.7700000000002
2022-09-15,19.62,39.74,59.36,-20.12,24.44,AMATA,Property,548.6500000000002
2022-09-16,71.25,63.09,134.34,8.16,25.48,AMATA,Property,556.8100000000002
2022-09-19,15.28,13.26,28.53,2.02,16.5,AMATA,Property,558.8300000000002
2022-09-20,10.94,16.71,27.65,-5.77,22.0,AMATA,Property,553.0600000000002
2022-09-21,5.71,18.8,24.52,-13.09,21.36,AMATA,Property,539.9700000000001
2022-09-22,13.64,30.98,44.63,-17.34,22.71,AMATA,Property,522.6300000000001
2022-09-23,7.33,15.53,22.86,-8.2,20.75,AMATA,Property,514.4300000000001
2022-09-26,23.84,27.37,51.22,-3.53,25.94,AMATA,Property,510.9000000000001
2022-09-27,17.98,31.68,49.67,-13.7,26.2,AMATA,Property,497.2000000000001
2022-09-28,49.29,62.19,111.49,-12.9,38.42,AMATA,Property,484.3000000000001
2022-09-29,27.34,44.56,71.9,-17.21,32.46,AMATA,Property,467.09000000000015
2022-09-30,29.56,22.09,51.65,7.47,23.17,AMATA,Property,474.5600000000002
2022-10-03,23.87,25.04,48.9,-1.17,22.95,AMATA,Property,473.39000000000016
2022-10-04,29.7,29.24,58.94,0.46,33.39,AMATA,Property,473.85000000000014
2022-10-05,11.4,20.67,32.07,-9.26,24.41,AMATA,Property,464.59000000000015
2022-10-06,19.69,22.71,42.4,-3.02,25.68,AMATA,Property,461.57000000000016
2022-10-07,21.61,21.44,43.06,0.17,25.64,AMATA,Property,461.7400000000002
2022-10-10,8.31,12.89,21.2,-4.58,25.23,AMATA,Property,457.1600000000002
2022-10-11,15.66,29.16,44.82,-13.5,36.02,AMATA,Property,443.6600000000002
2022-10-12,25.08,24.89,49.96,0.19,27.32,AMATA,Property,443.8500000000002
2022-10-17,13.89,35.49,49.38,-21.6,30.99,AMATA,Property,422.25000000000017
2022-10-18,18.9,14.2,33.1,4.7,20.11,AMATA,Property,426.95000000000016
2022-10-19,11.78,19.09,30.87,-7.3,17.21,AMATA,Property,419.65000000000015
2022-10-20,100.48,51.85,152.33,48.62,45.46,AMATA,Property,468.27000000000015
2022-10-21,18.19,28.59,46.77,-10.4,25.37,AMATA,Property,457.8700000000002
2022-10-25,18.59,26.38,44.97,-7.79,16.26,AMATA,Property,450.08000000000015
2022-10-26,31.49,39.75,71.25,-8.26,17.45,AMATA,Property,441.82000000000016
2022-10-27,42.84,38.53,81.37,4.3,18.88,AMATA,Property,446.1200000000002
2022-10-28,37.88,43.86,81.75,-5.98,18.73,AMATA,Property,440.14000000000016
2022-10-31,22.5,14.64,37.14,7.86,20.81,AMATA,Property,448.00000000000017
2022-11-01,25.51,12.77,38.29,12.74,27.22,AMATA,Property,460.7400000000002
2022-11-02,22.92,12.99,35.9,9.93,14.14,AMATA,Property,470.6700000000002
2022-11-03,44.35,17.55,61.9,26.79,24.34,AMATA,Property,497.4600000000002
2022-11-04,14.92,8.79,23.72,6.13,17.72,AMATA,Property,503.5900000000002
2022-11-07,17.14,9.26,26.4,7.88,16.39,AMATA,Property,511.4700000000002
2022-11-08,21.68,15.26,36.94,6.42,19.08,AMATA,Property,517.8900000000002
2022-11-09,14.23,13.14,27.37,1.09,21.05,AMATA,Property,518.9800000000002
2022-11-10,16.35,9.53,25.88,6.83,31.14,AMATA,Property,525.8100000000003
2022-11-11,10.32,15.21,25.53,-4.9,15.0,AMATA,Property,520.9100000000003
2022-11-14,18.41,17.9,36.31,0.5,16.82,AMATA,Property,521.4100000000003
2022-11-15,16.01,28.74,44.75,-12.74,26.23,AMATA,Property,508.6700000000003
2022-11-16,18.35,11.24,29.58,7.11,42.83,AMATA,Property,515.7800000000003
2022-11-17,8.9,9.76,18.66,-0.86,27.3,AMATA,Property,514.9200000000003
2022-11-18,14.27,27.14,41.41,-12.87,21.56,AMATA,Property,502.0500000000003
2022-11-21,21.36,18.79,40.15,2.58,26.74,AMATA,Property,504.6300000000003
2022-11-22,10.45,13.55,24.0,-3.1,24.22,AMATA,Property,501.53000000000026
2022-11-23,17.47,14.3,31.77,3.18,18.89,AMATA,Property,504.71000000000026
2022-11-24,11.75,10.36,22.11,1.39,22.01,AMATA,Property,506.10000000000025
2022-11-25,12.47,1.02,13.49,11.45,10.03,AMATA,Property,517.5500000000003
2022-11-28,12.26,16.68,28.94,-4.41,22.88,AMATA,Property,513.1400000000003
2022-11-29,28.51,21.93,50.44,6.58,24.54,AMATA,Property,519.7200000000004
2022-11-30,16.24,15.11,31.35,1.14,14.09,AMATA,Property,520.8600000000004
2022-12-01,59.6,45.6,105.19,14.0,12.62,AMATA,Property,534.8600000000004
2022-12-02,53.55,27.43,80.98,26.12,15.53,AMATA,Property,560.9800000000004
2022-12-06,131.15,54.42,185.57,76.73,23.81,AMATA,Property,637.7100000000004
2022-12-07,32.9,18.51,51.41,14.39,18.8,AMATA,Property,652.1000000000004
2022-12-08,31.7,15.16,46.86,16.54,17.1,AMATA,Property,668.6400000000003
2022-12-09,30.57,15.69,46.27,14.88,16.78,AMATA,Property,683.5200000000003
2022-12-13,21.49,10.83,32.32,10.66,21.35,AMATA,Property,694.1800000000003
2022-12-14,46.43,61.17,107.61,-14.74,12.54,AMATA,Property,679.4400000000003
2022-12-15,31.51,35.02,66.53,-3.51,15.43,AMATA,Property,675.9300000000003
2022-12-16,15.51,11.03,26.55,4.48,14.67,AMATA,Property,680.4100000000003
2022-12-19,15.89,15.73,31.62,0.16,26.4,AMATA,Property,680.5700000000003
2022-12-20,56.95,38.5,95.45,18.44,20.93,AMATA,Property,699.0100000000003
2022-12-21,10.63,17.94,28.57,-7.31,18.95,AMATA,Property,691.7000000000004
2022-12-22,11.85,14.01,25.86,-2.15,22.26,AMATA,Property,689.5500000000004
2022-12-23,12.85,13.67,26.52,-0.81,16.69,AMATA,Property,688.7400000000005
2022-12-26,8.85,15.9,24.75,-7.06,18.64,AMATA,Property,681.6800000000005
2022-12-27,21.08,30.17,51.25,-9.09,12.95,AMATA,Property,672.5900000000005
2022-12-28,47.53,46.54,94.07,0.99,18.95,AMATA,Property,673.5800000000005
2022-12-29,16.55,36.37,52.92,-19.83,18.03,AMATA,Property,653.7500000000005
2022-12-30,35.76,25.27,61.04,10.49,22.5,AMATA,Property,664.2400000000005
2023-01-03,15.76,14.96,30.71,0.8,15.76,AMATA,Property,665.0400000000004
2023-01-04,38.74,20.67,59.4,18.07,17.38,AMATA,Property,683.1100000000005
2023-01-05,38.23,55.7,93.93,-17.47,14.64,AMATA,Property,665.6400000000004
2023-01-06,78.99,48.61,127.61,30.38,15.65,AMATA,Property,696.0200000000004
2023-01-09,28.42,18.77,47.19,9.65,14.78,AMATA,Property,705.6700000000004
2023-01-10,38.16,54.01,92.17,-15.85,14.94,AMATA,Property,689.8200000000004
2023-01-11,59.41,32.56,91.97,26.85,22.66,AMATA,Property,716.6700000000004
2023-01-12,22.8,20.0,42.8,2.8,16.72,AMATA,Property,719.4700000000004
2023-01-13,59.02,24.59,83.61,34.43,21.18,AMATA,Property,753.9000000000003
2023-01-16,12.25,14.91,27.17,-2.66,23.6,AMATA,Property,751.2400000000004
2023-01-17,66.82,19.13,85.95,47.69,21.29,AMATA,Property,798.9300000000003
2023-01-18,39.08,25.63,64.72,13.45,23.69,AMATA,Property,812.3800000000003
2023-01-19,16.59,21.67,38.25,-5.08,19.73,AMATA,Property,807.3000000000003
2023-01-20,34.93,26.98,61.91,7.95,30.3,AMATA,Property,815.2500000000003
2023-01-23,29.16,48.65,77.81,-19.49,19.93,AMATA,Property,795.7600000000003
2023-01-24,20.94,14.02,34.96,6.91,18.82,AMATA,Property,802.6700000000003
2023-01-25,18.23,17.07,35.31,1.16,22.35,AMATA,Property,803.8300000000003
2023-01-26,78.58,72.84,151.42,5.75,19.21,AMATA,Property,809.5800000000003
2023-01-27,21.52,19.29,40.82,2.23,16.0,AMATA,Property,811.8100000000003
2023-01-30,9.76,18.87,28.63,-9.11,22.54,AMATA,Property,802.7000000000003
2023-01-31,14.46,15.45,29.91,-0.99,12.19,AMATA,Property,801.7100000000003
2023-02-01,21.26,37.26,58.51,-16.0,14.75,AMATA,Property,785.7100000000003
2023-02-02,139.74,55.8,195.54,83.94,25.1,AMATA,Property,869.6500000000003
2023-02-03,24.21,17.0,41.21,7.22,16.95,AMATA,Property,876.8700000000003
2023-02-06,51.4,17.2,68.61,34.2,28.13,AMATA,Property,911.0700000000004
2023-02-07,34.63,35.55,70.18,-0.93,28.27,AMATA,Property,910.1400000000004
2023-02-08,38.02,34.71,72.74,3.31,24.9,AMATA,Property,913.4500000000004
2023-02-09,27.93,50.12,78.06,-22.19,23.54,AMATA,Property,891.2600000000003
2023-02-10,45.44,15.23,60.67,30.21,22.3,AMATA,Property,921.4700000000004
2023-02-13,16.84,13.18,30.02,3.66,15.74,AMATA,Property,925.1300000000003
2023-02-14,38.76,19.6,58.37,19.16,27.93,AMATA,Property,944.2900000000003
2023-02-15,22.82,44.56,67.38,-21.74,22.45,AMATA,Property,922.5500000000003
2023-02-16,11.7,29.41,41.11,-17.7,18.68,AMATA,Property,904.8500000000003
2023-02-17,7.99,32.41,40.4,-24.43,26.06,AMATA,Property,880.4200000000003
2023-02-20,8.51,11.28,19.79,-2.77,18.97,AMATA,Property,877.6500000000003
2023-02-21,33.99,13.22,47.21,20.77,19.16,AMATA,Property,898.4200000000003
2023-02-22,21.52,42.97,64.49,-21.45,16.92,AMATA,Property,876.9700000000003
2023-02-23,17.76,23.48,41.24,-5.72,24.62,AMATA,Property,871.2500000000002
2023-02-24,19.62,35.5,55.12,-15.88,15.37,AMATA,Property,855.3700000000002
2023-02-27,12.33,18.31,30.64,-5.98,14.54,AMATA,Property,849.3900000000002
2023-02-28,22.21,23.29,45.51,-1.08,20.49,AMATA,Property,848.3100000000002
2023-03-01,40.01,22.2,62.21,17.8,14.46,AMATA,Property,866.1100000000001
2023-03-02,69.66,45.03,114.69,24.63,15.02,AMATA,Property,890.7400000000001
2023-03-03,110.49,56.88,167.37,53.6,18.38,AMATA,Property,944.3400000000001
2023-03-07,60.4,26.93,87.33,33.47,19.27,AMATA,Property,977.8100000000002
2023-03-08,149.08,45.52,194.6,103.56,23.73,AMATA,Property,1081.3700000000001
2023-03-09,106.47,59.17,165.64,47.3,22.77,AMATA,Property,1128.67
2023-03-10,60.97,27.43,88.4,33.55,16.46,AMATA,Property,1162.22
2023-03-13,101.35,97.95,199.3,3.4,21.12,AMATA,Property,1165.6200000000001
2023-03-14,123.26,110.71,233.97,12.55,30.67,AMATA,Property,1178.17
2023-03-15,72.16,38.41,110.57,33.76,19.96,AMATA,Property,1211.93
2023-03-16,37.56,61.77,99.33,-24.21,17.66,AMATA,Property,1187.72
2023-03-17,50.77,58.68,109.46,-7.91,16.64,AMATA,Property,1179.81
2023-03-20,76.01,58.44,134.45,17.57,16.55,AMATA,Property,1197.3799999999999
2023-03-21,38.05,37.27,75.33,0.78,23.65,AMATA,Property,1198.1599999999999
2023-03-22,11.65,22.48,34.13,-10.83,27.07,AMATA,Property,1187.33
2023-03-23,31.61,30.56,62.16,1.05,21.78,AMATA,Property,1188.3799999999999
2023-03-24,15.71,16.43,32.14,-0.72,27.11,AMATA,Property,1187.6599999999999
2023-03-27,34.54,27.26,61.8,7.28,29.79,AMATA,Property,1194.9399999999998
2023-03-28,20.33,25.11,45.44,-4.78,15.41,AMATA,Property,1190.1599999999999
2023-03-29,34.52,35.14,69.65,-0.62,25.4,AMATA,Property,1189.54
2023-03-30,68.01,14.23,82.24,53.78,30.88,AMATA,Property,1243.32
2023-03-31,46.67,31.73,78.41,14.94,22.68,AMATA,Property,1258.26
2023-04-03,37.61,21.19,58.8,16.43,23.87,AMATA,Property,1274.69
2023-04-04,57.59,20.95,78.55,36.64,27.62,AMATA,Property,1311.3300000000002
2023-04-05,80.28,43.98,124.26,36.3,27.31,AMATA,Property,1347.63
2023-04-07,48.55,9.59,58.14,38.96,17.39,AMATA,Property,1386.5900000000001
2023-04-10,57.87,22.24,80.11,35.63,25.87,AMATA,Property,1422.2200000000003
2023-04-11,48.64,19.25,67.89,29.39,29.43,AMATA,Property,1451.6100000000004
2023-04-12,77.21,13.42,90.63,63.78,33.18,AMATA,Property,1515.3900000000003
2023-04-17,68.14,66.24,134.38,1.89,28.64,AMATA,Property,1517.2800000000004
2023-04-18,52.91,37.16,90.07,15.75,25.95,AMATA,Property,1533.0300000000004
2023-04-19,63.86,22.09,85.95,41.78,24.19,AMATA,Property,1574.8100000000004
2023-04-20,51.88,24.95,76.82,26.93,26.46,AMATA,Property,1601.7400000000005
2023-04-21,76.67,47.12,123.79,29.55,33.64,AMATA,Property,1631.2900000000004
2023-04-24,12.81,16.14,28.96,-3.33,23.54,AMATA,Property,1627.9600000000005
2023-04-25,18.44,17.56,36.0,0.87,17.75,AMATA,Property,1628.8300000000004
2023-04-26,31.02,24.05,55.07,6.96,19.51,AMATA,Property,1635.7900000000004
2023-04-27,26.01,39.54,65.55,-13.53,26.29,AMATA,Property,1622.2600000000004
2023-04-28,12.01,30.96,42.97,-18.94,22.46,AMATA,Property,1603.3200000000004
2023-05-02,27.89,25.59,53.49,2.3,24.98,AMATA,Property,1605.6200000000003
2023-05-03,39.16,43.27,82.43,-4.11,17.98,AMATA,Property,1601.5100000000004
2023-05-08,124.91,35.96,160.86,88.95,30.49,AMATA,Property,1690.4600000000005
2023-05-09,16.49,15.21,31.71,1.28,27.28,AMATA,Property,1691.7400000000005
2023-05-10,21.89,20.12,42.01,1.76,22.33,AMATA,Property,1693.5000000000005
2023-05-11,38.78,24.42,63.19,14.36,21.89,AMATA,Property,1707.8600000000004
2023-05-12,76.04,31.35,107.39,44.69,37.17,AMATA,Property,1752.5500000000004
2023-05-15,27.83,45.49,73.32,-17.66,27.63,AMATA,Property,1734.8900000000003
2023-05-16,64.71,46.1,110.81,18.61,23.18,AMATA,Property,1753.5000000000002
2023-05-17,41.6,27.69,69.29,13.91,19.28,AMATA,Property,1767.4100000000003
2023-05-18,16.47,71.0,87.47,-54.52,30.1,AMATA,Property,1712.8900000000003
2023-05-19,18.87,27.01,45.88,-8.14,22.71,AMATA,Property,1704.7500000000002
2023-05-22,50.88,72.62,123.5,-21.75,31.73,AMATA,Property,1683.0000000000002
2023-05-23,38.74,72.98,111.73,-34.24,26.08,AMATA,Property,1648.7600000000002
2023-05-24,49.37,84.48,133.85,-35.12,18.98,AMATA,Property,1613.6400000000003
2023-05-25,28.27,48.77,77.04,-20.51,22.89,AMATA,Property,1593.1300000000003
2023-05-26,28.52,57.19,85.7,-28.67,23.79,AMATA,Property,1564.4600000000003
2023-05-29,17.71,11.66,29.37,6.05,21.4,AMATA,Property,1570.5100000000002
2023-05-30,14.99,35.14,50.13,-20.15,25.41,AMATA,Property,1550.3600000000001
2023-05-31,40.82,51.27,92.09,-10.45,38.02,AMATA,Property,1539.91
2023-06-01,46.07,56.64,102.71,-10.56,25.64,AMATA,Property,1529.3500000000001
2023-06-02,8.31,31.6,39.91,-23.29,19.85,AMATA,Property,1506.0600000000002
2023-06-06,18.73,29.03,47.77,-10.3,25.68,AMATA,Property,1495.7600000000002
2023-06-07,36.46,24.58,61.05,11.88,25.87,AMATA,Property,1507.6400000000003
2023-06-08,67.55,35.45,103.0,32.1,23.37,AMATA,Property,1539.7400000000002
2023-06-09,15.05,18.24,33.29,-3.19,30.44,AMATA,Property,1536.5500000000002
2023-06-12,42.8,29.39,72.18,13.41,28.82,AMATA,Property,1549.9600000000003
2023-06-13,29.52,17.08,46.61,12.44,24.36,AMATA,Property,1562.4000000000003
2023-06-14,25.63,64.14,89.77,-38.51,35.5,AMATA,Property,1523.8900000000003
2023-06-15,23.49,37.53,61.02,-14.04,37.44,AMATA,Property,1509.8500000000004
2023-06-16,16.28,22.82,39.1,-6.54,22.73,AMATA,Property,1503.3100000000004
2023-06-19,16.58,27.59,44.18,-11.01,17.43,AMATA,Property,1492.3000000000004
2023-06-20,11.19,21.18,32.37,-10.0,22.29,AMATA,Property,1482.3000000000004
2023-06-21,31.1,36.77,67.87,-5.67,32.94,AMATA,Property,1476.6300000000003
2023-06-22,15.93,25.36,41.29,-9.44,16.25,AMATA,Property,1467.1900000000003
2023-06-23,13.76,21.15,34.91,-7.39,20.17,AMATA,Property,1459.8000000000002
2023-06-26,15.93,32.14,48.07,-16.22,14.73,AMATA,Property,1443.5800000000002
2023-06-27,3.95,11.7,15.65,-7.75,13.14,AMATA,Property,1435.8300000000002
2023-06-28,33.33,59.51,92.84,-26.18,24.04,AMATA,Property,1409.65
2023-06-29,17.43,20.04,37.47,-2.61,28.19,AMATA,Property,1407.0400000000002
2023-06-30,21.32,12.54,33.87,8.78,20.36,AMATA,Property,1415.8200000000002
2023-07-03,16.47,46.75,63.22,-30.27,25.01,AMATA,Property,1385.5500000000002
2023-07-04,40.02,38.46,78.48,1.56,17.74,AMATA,Property,1387.1100000000001
2023-07-05,11.54,31.44,42.98,-19.9,25.03,AMATA,Property,1367.21
2023-07-06,23.05,37.3,60.35,-14.26,25.82,AMATA,Property,1352.95
2023-07-07,10.53,16.41,26.94,-5.87,24.45,AMATA,Property,1347.0800000000002
2023-07-10,12.52,15.85,28.37,-3.33,24.25,AMATA,Property,1343.7500000000002
2023-07-11,13.23,16.7,29.93,-3.48,26.41,AMATA,Property,1340.2700000000002
2023-07-12,28.66,37.98,66.64,-9.32,21.08,AMATA,Property,1330.9500000000003
2023-07-13,10.52,22.41,32.93,-11.89,13.35,AMATA,Property,1319.0600000000002
2023-07-14,37.86,29.62,67.48,8.24,34.39,AMATA,Property,1327.3000000000002
2023-07-17,33.09,26.0,59.1,7.09,26.05,AMATA,Property,1334.39
2023-07-18,10.78,26.62,37.4,-15.84,21.32,AMATA,Property,1318.5500000000002
2023-07-19,78.18,32.51,110.69,45.67,20.9,AMATA,Property,1364.2200000000003
2023-07-20,103.89,43.04,146.93,60.85,32.03,AMATA,Property,1425.0700000000002
2023-07-21,43.75,25.69,69.44,18.07,22.51,AMATA,Property,1443.14
2023-07-24,48.36,37.19,85.56,11.17,26.89,AMATA,Property,1454.3100000000002
2023-07-25,22.22,19.22,41.44,2.99,21.7,AMATA,Property,1457.3000000000002
2023-07-26,71.89,23.46,95.36,48.43,28.61,AMATA,Property,1505.7300000000002
2023-07-27,55.96,26.34,82.3,29.61,36.14,AMATA,Property,1535.3400000000001
2023-07-31,89.92,31.29,121.21,58.63,25.56,AMATA,Property,1593.9700000000003
2023-08-02,49.93,26.67,76.6,23.27,22.88,AMATA,Property,1617.2400000000002
2023-08-03,21.05,23.57,44.62,-2.52,35.33,AMATA,Property,1614.7200000000003
2023-08-04,29.9,31.4,61.3,-1.5,28.57,AMATA,Property,1613.2200000000003
2023-08-07,21.88,31.81,53.7,-9.93,37.25,AMATA,Property,1603.2900000000002
2023-08-08,14.98,26.25,41.23,-11.27,23.02,AMATA,Property,1592.0200000000002
2023-08-09,28.43,44.95,73.38,-16.51,18.73,AMATA,Property,1575.5100000000002
2023-08-10,23.98,24.01,47.99,-0.02,16.03,AMATA,Property,1575.4900000000002
2023-08-11,22.79,36.36,59.15,-13.57,27.84,AMATA,Property,1561.9200000000003
2023-08-15,116.8,96.19,212.99,20.61,39.79,AMATA,Property,1582.5300000000002
2023-08-16,21.04,68.91,89.94,-47.87,25.17,AMATA,Property,1534.6600000000003
2023-08-17,37.3,54.33,91.63,-17.03,17.5,AMATA,Property,1517.6300000000003
2023-08-18,92.69,85.3,177.99,7.4,23.54,AMATA,Property,1525.0300000000004
2023-08-21,24.38,89.51,113.9,-65.13,24.53,AMATA,Property,1459.9000000000005
2023-08-22,37.55,49.51,87.06,-11.96,28.6,AMATA,Property,1447.9400000000005
2023-08-23,67.78,27.46,95.24,40.33,26.68,AMATA,Property,1488.2700000000004
2023-08-24,32.28,26.61,58.9,5.67,26.29,AMATA,Property,1493.9400000000005
2023-08-25,64.09,71.16,135.25,-7.07,39.66,AMATA,Property,1486.8700000000006
2023-08-28,64.76,63.04,127.81,1.72,32.63,AMATA,Property,1488.5900000000006
2023-08-29,23.15,30.13,53.27,-6.98,30.99,AMATA,Property,1481.6100000000006
2023-08-30,61.09,27.6,88.69,33.49,25.16,AMATA,Property,1515.1000000000006
2023-08-31,130.59,22.82,153.41,107.76,19.57,AMATA,Property,1622.8600000000006
2023-09-01,65.97,33.86,99.83,32.11,31.02,AMATA,Property,1654.9700000000005
2023-09-04,20.7,43.87,64.57,-23.16,15.3,AMATA,Property,1631.8100000000004
2023-09-05,13.76,46.57,60.33,-32.81,25.13,AMATA,Property,1599.0000000000005
2023-09-06,20.58,10.24,30.82,10.34,28.09,AMATA,Property,1609.3400000000004
2023-09-07,58.8,12.63,71.43,46.17,22.31,AMATA,Property,1655.5100000000004
2023-09-08,36.48,27.42,63.9,9.05,21.09,AMATA,Property,1664.5600000000004
2023-09-11,86.88,78.51,165.39,8.37,42.73,AMATA,Property,1672.9300000000003
2023-09-12,44.98,28.99,73.97,15.98,16.12,AMATA,Property,1688.9100000000003
2023-09-13,38.27,13.11,51.38,25.16,24.93,AMATA,Property,1714.0700000000004
2023-09-14,17.13,13.71,30.84,3.43,31.84,AMATA,Property,1717.5000000000005
2023-09-15,38.91,24.93,63.83,13.98,21.54,AMATA,Property,1731.4800000000005
2023-09-18,24.98,24.16,49.14,0.82,32.3,AMATA,Property,1732.3000000000004
2023-09-19,9.74,5.32,15.06,4.42,22.3,AMATA,Property,1736.7200000000005
2023-09-20,84.6,12.91,97.5,71.69,24.24,AMATA,Property,1808.4100000000005
2023-09-21,60.96,26.03,86.99,34.93,36.18,AMATA,Property,1843.3400000000006
2023-09-22,46.67,39.59,86.26,7.08,29.05,AMATA,Property,1850.4200000000005
2023-09-25,26.49,28.91,55.39,-2.42,19.96,AMATA,Property,1848.0000000000005
2023-09-26,14.84,39.0,53.83,-24.16,17.49,AMATA,Property,1823.8400000000004
2023-09-27,11.35,10.59,21.94,0.76,18.62,AMATA,Property,1824.6000000000004
2023-09-28,27.52,23.6,51.12,3.92,24.43,AMATA,Property,1828.5200000000004
2023-09-29,97.2,83.31,180.51,13.88,21.52,AMATA,Property,1842.4000000000005
2023-10-02,40.97,34.39,75.36,6.58,22.27,AMATA,Property,1848.9800000000005
2023-10-03,19.25,49.68,68.93,-30.42,27.85,AMATA,Property,1818.5600000000004
2023-10-04,30.65,53.65,84.3,-23.0,33.32,AMATA,Property,1795.5600000000004
2023-10-05,15.12,25.8,40.92,-10.68,27.21,AMATA,Property,1784.8800000000003
2023-10-06,38.9,20.6,59.5,18.31,25.65,AMATA,Property,1803.1900000000003
2023-10-09,37.74,44.98,82.72,-7.24,26.82,AMATA,Property,1795.9500000000003
2023-10-10,39.33,31.62,70.94,7.71,27.6,AMATA,Property,1803.6600000000003
2023-10-11,25.15,74.33,99.48,-49.18,31.54,AMATA,Property,1754.4800000000002
2023-10-12,16.43,23.44,39.86,-7.01,21.73,AMATA,Property,1747.4700000000003
2023-10-16,96.47,93.09,189.56,3.38,47.69,AMATA,Property,1750.8500000000004
2023-10-17,20.6,50.04,70.64,-29.44,26.77,AMATA,Property,1721.4100000000003
2023-10-18,98.76,124.37,223.13,-25.61,62.11,AMATA,Property,1695.8000000000004
2023-10-19,52.12,42.2,94.32,9.93,26.14,AMATA,Property,1705.7300000000005
2023-10-20,423.93,357.66,781.6,66.27,74.55,AMATA,Property,1772.0000000000005
2023-10-24,41.54,22.65,64.18,18.89,24.82,AMATA,Property,1790.8900000000006
2023-10-25,26.13,30.97,57.1,-4.84,26.8,AMATA,Property,1786.0500000000006
2023-10-26,16.93,28.22,45.14,-11.29,21.09,AMATA,Property,1774.7600000000007
2023-10-27,41.76,74.3,116.05,-32.54,29.78,AMATA,Property,1742.2200000000007
2023-10-30,18.19,61.56,79.75,-43.38,37.42,AMATA,Property,1698.8400000000006
2023-10-31,48.15,96.08,144.23,-47.94,23.48,AMATA,Property,1650.9000000000005
2023-11-01,27.37,34.75,62.12,-7.38,30.62,AMATA,Property,1643.5200000000004
2023-11-02,24.75,24.51,49.26,0.24,23.24,AMATA,Property,1643.7600000000004
2023-11-03,16.49,33.01,49.5,-16.52,19.66,AMATA,Property,1627.2400000000005
2023-11-06,15.89,31.0,46.89,-15.11,20.53,AMATA,Property,1612.1300000000006
2023-11-07,3.18,16.51,19.68,-13.33,22.91,AMATA,Property,1598.8000000000006
2023-11-08,22.46,25.99,48.44,-3.53,16.06,AMATA,Property,1595.2700000000007
2023-11-09,24.85,30.45,55.3,-5.6,13.54,AMATA,Property,1589.6700000000008
2023-11-10,32.52,30.81,63.34,1.71,21.05,AMATA,Property,1591.3800000000008
2023-11-13,18.06,17.25,35.31,0.81,23.29,AMATA,Property,1592.1900000000007
2023-11-14,12.52,25.41,37.93,-12.89,20.71,AMATA,Property,1579.3000000000006
2023-11-15,26.47,57.36,83.83,-30.89,15.2,AMATA,Property,1548.4100000000005
2023-11-16,14.07,33.97,48.04,-19.9,22.45,AMATA,Property,1528.5100000000004
2023-11-17,11.46,23.92,35.38,-12.46,20.73,AMATA,Property,1516.0500000000004
2023-11-20,86.0,35.54,121.54,50.45,31.42,AMATA,Property,1566.5000000000005
2023-11-21,6.81,27.89,34.7,-21.08,17.08,AMATA,Property,1545.4200000000005
2023-11-22,36.29,13.59,49.88,22.7,39.43,AMATA,Property,1568.1200000000006
2023-11-23,64.77,8.22,72.99,56.55,29.2,AMATA,Property,1624.6700000000005
2023-11-24,35.29,17.32,52.61,17.98,22.0,AMATA,Property,1642.6500000000005
2023-11-27,41.18,11.0,52.18,30.18,27.68,AMATA,Property,1672.8300000000006
2023-11-28,20.75,23.13,43.89,-2.38,16.86,AMATA,Property,1670.4500000000005
2023-11-29,19.69,20.76,40.45,-1.06,10.07,AMATA,Property,1669.3900000000006
2023-11-30,64.62,52.56,117.19,12.06,34.38,AMATA,Property,1681.4500000000005
2023-12-01,34.23,18.57,52.81,15.66,28.52,AMATA,Property,1697.1100000000006
2023-12-04,10.28,14.49,24.77,-4.21,17.16,AMATA,Property,1692.9000000000005
2023-12-06,14.74,12.21,26.95,2.54,14.68,AMATA,Property,1695.4400000000005
2023-12-07,14.38,12.28,26.66,2.11,8.93,AMATA,Property,1697.5500000000004
2023-12-08,12.23,16.91,29.14,-4.68,18.31,AMATA,Property,1692.8700000000003
2023-12-12,32.81,12.76,45.57,20.04,34.93,AMATA,Property,1712.9100000000003
2023-12-13,40.75,16.34,57.09,24.4,24.15,AMATA,Property,1737.3100000000004
2023-12-14,9.2,5.57,14.77,3.63,19.76,AMATA,Property,1740.9400000000005
2023-12-15,137.01,38.87,175.87,98.14,25.09,AMATA,Property,1839.0800000000006
2023-12-18,12.56,15.5,28.05,-2.94,12.96,AMATA,Property,1836.1400000000006
2023-12-19,11.1,18.94,30.04,-7.83,22.66,AMATA,Property,1828.3100000000006
2023-12-20,28.27,6.29,34.56,21.99,18.77,AMATA,Property,1850.3000000000006
2023-12-21,66.34,20.89,87.23,45.45,22.11,AMATA,Property,1895.7500000000007
2023-12-22,28.31,15.94,44.25,12.38,23.25,AMATA,Property,1908.1300000000008
2023-12-25,5.7,10.35,16.04,-4.65,9.63,AMATA,Property,1903.4800000000007
2023-12-26,5.08,7.28,12.36,-2.2,10.06,AMATA,Property,1901.2800000000007
2023-12-27,21.09,17.76,38.85,3.33,27.3,AMATA,Property,1904.6100000000006
2023-12-28,26.38,7.73,34.1,18.65,20.27,AMATA,Property,1923.2600000000007
2024-01-02,59.97,9.04,69.01,50.93,17.01,AMATA,Property,1974.1900000000007
2024-01-03,113.59,27.13,140.72,86.46,16.07,AMATA,Property,2060.6500000000005
2024-01-04,29.02,11.51,40.53,17.51,14.17,AMATA,Property,2078.1600000000008
2024-01-05,27.65,5.26,32.9,22.39,21.69,AMATA,Property,2100.5500000000006
2024-01-08,65.72,63.42,129.15,2.3,19.04,AMATA,Property,2102.850000000001
2024-01-09,25.46,17.26,42.72,8.2,18.55,AMATA,Property,2111.0500000000006
2024-01-10,11.16,33.59,44.75,-22.43,21.32,AMATA,Property,2088.620000000001
2024-01-11,30.14,18.21,48.34,11.93,22.35,AMATA,Property,2100.5500000000006
2024-01-12,46.48,26.01,72.5,20.47,24.91,AMATA,Property,2121.0200000000004
2024-01-15,29.55,49.77,79.32,-20.22,17.48,AMATA,Property,2100.8000000000006
2024-01-16,11.62,43.72,55.34,-32.09,23.22,AMATA,Property,2068.7100000000005
2024-01-17,190.12,127.39,317.51,62.73,21.13,AMATA,Property,2131.4400000000005
2024-01-18,70.46,88.46,158.92,-18.01,19.66,AMATA,Property,2113.4300000000003
2024-01-19,193.12,141.51,334.64,51.61,44.24,AMATA,Property,2165.0400000000004
2024-01-22,60.93,20.85,81.78,40.08,18.97,AMATA,Property,2205.1200000000003
2024-01-23,53.96,21.38,75.34,32.58,23.68,AMATA,Property,2237.7000000000003
2024-01-24,48.53,51.86,100.39,-3.33,28.65,AMATA,Property,2234.3700000000003
2024-01-25,22.55,33.56,56.1,-11.01,18.16,AMATA,Property,2223.36
2024-01-26,57.94,31.3,89.25,26.64,15.54,AMATA,Property,2250.0
2024-01-29,201.37,62.13,263.5,139.25,21.86,AMATA,Property,2389.25
2024-01-30,88.58,107.69,196.27,-19.11,19.47,AMATA,Property,2370.14
2024-01-31,43.16,103.34,146.5,-60.18,15.6,AMATA,Property,2309.96
2024-02-01,44.32,40.01,84.33,4.31,25.2,AMATA,Property,2314.27
2024-02-02,29.32,105.9,135.21,-76.58,18.66,AMATA,Property,2237.69
2024-02-05,7.96,54.17,62.13,-46.2,22.02,AMATA,Property,2191.4900000000002
2024-02-06,52.4,55.66,108.06,-3.26,15.35,AMATA,Property,2188.23
2024-02-07,51.03,72.03,123.06,-21.0,20.57,AMATA,Property,2167.23
2024-02-08,15.86,61.13,76.98,-45.27,21.91,AMATA,Property,2121.96
2024-02-09,22.77,15.91,38.69,6.86,19.81,AMATA,Property,2128.82
2024-02-12,18.51,10.08,28.59,8.42,15.9,AMATA,Property,2137.2400000000002
2024-02-13,22.34,10.36,32.7,11.97,26.82,AMATA,Property,2149.21
2024-02-14,14.71,23.92,38.63,-9.2,17.49,AMATA,Property,2140.01
2024-02-15,15.29,29.43,44.72,-14.14,18.21,AMATA,Property,2125.8700000000003
2024-02-16,20.75,28.09,48.84,-7.35,18.74,AMATA,Property,2118.5200000000004
2024-02-19,18.33,13.24,31.58,5.09,12.53,AMATA,Property,2123.6100000000006
2024-02-20,37.86,31.76,69.62,6.11,23.92,AMATA,Property,2129.7200000000007
2024-02-21,23.72,29.26,52.98,-5.53,22.82,AMATA,Property,2124.1900000000005
2024-02-22,50.1,30.79,80.89,19.31,20.3,AMATA,Property,2143.5000000000005
2024-02-23,21.64,17.19,38.83,4.44,22.99,AMATA,Property,2147.9400000000005
2024-02-27,18.25,27.69,45.94,-9.43,20.04,AMATA,Property,2138.5100000000007
2024-02-28,30.64,23.5,54.14,7.14,19.27,AMATA,Property,2145.6500000000005
2024-02-29,28.52,23.46,51.97,5.06,11.99,AMATA,Property,2150.7100000000005
2024-03-01,38.11,20.95,59.05,17.16,27.27,AMATA,Property,2167.8700000000003
2024-03-04,31.61,30.1,61.71,1.5,17.96,AMATA,Property,2169.3700000000003
2024-03-05,40.93,15.25,56.18,25.68,28.81,AMATA,Property,2195.05
2024-03-06,33.72,33.12,66.83,0.6,19.03,AMATA,Property,2195.65
2024-03-07,17.68,12.48,30.16,5.2,25.09,AMATA,Property,2200.85
2024-03-08,40.0,28.36,68.35,11.64,21.89,AMATA,Property,2212.49
2024-03-11,12.19,14.03,26.22,-1.84,20.01,AMATA,Property,2210.6499999999996
2024-03-12,14.6,13.28,27.88,1.32,16.44,AMATA,Property,2211.97
2024-03-13,9.92,21.24,31.16,-11.31,20.89,AMATA,Property,2200.66
2024-03-14,42.74,25.03,67.77,17.71,18.19,AMATA,Property,2218.37
2024-03-15,33.18,52.37,85.55,-19.19,16.13,AMATA,Property,2199.18
2024-03-18,17.8,33.03,50.83,-15.23,19.52,AMATA,Property,2183.95
2024-03-19,18.26,22.29,40.55,-4.03,15.76,AMATA,Property,2179.9199999999996
2024-03-20,18.71,18.3,37.01,0.41,18.23,AMATA,Property,2180.3299999999995
2024-03-21,21.43,11.76,33.2,9.67,24.66,AMATA,Property,2189.9999999999995
2024-03-22,30.14,10.17,40.31,19.98,22.06,AMATA,Property,2209.9799999999996
2024-03-25,84.67,21.72,106.39,62.95,30.71,AMATA,Property,2272.9299999999994
2024-03-26,43.79,14.61,58.4,29.18,30.12,AMATA,Property,2302.109999999999
2024-03-27,18.56,1.97,20.53,16.59,17.74,AMATA,Property,2318.6999999999994
2024-03-28,11.29,17.7,29.0,-6.41,20.72,AMATA,Property,2312.2899999999995
2024-03-29,22.85,34.27,57.12,-11.42,17.74,AMATA,Property,2300.8699999999994
2024-04-01,12.22,24.05,36.27,-11.83,16.77,AMATA,Property,2289.0399999999995
2024-04-02,11.73,30.37,42.1,-18.64,16.52,AMATA,Property,2270.3999999999996
2024-04-03,3.62,13.78,17.4,-10.15,11.83,AMATA,Property,2260.2499999999995
2024-04-04,4.62,10.7,15.32,-6.08,18.76,AMATA,Property,2254.1699999999996
2024-04-05,6.16,8.81,14.97,-2.66,17.1,AMATA,Property,2251.5099999999998
2024-04-09,21.41,6.52,27.93,14.88,34.28,AMATA,Property,2266.39
2024-04-10,48.61,22.59,71.2,26.02,18.45,AMATA,Property,2292.41
2024-04-11,9.34,33.46,42.8,-24.12,23.55,AMATA,Property,2268.29
2024-04-17,32.44,46.04,78.48,-13.6,27.38,AMATA,Property,2254.69
2024-04-18,38.31,37.38,75.69,0.92,23.47,AMATA,Property,2255.61
2024-04-19,115.58,113.25,228.83,2.32,47.18,AMATA,Property,2257.9300000000003
2024-04-22,26.54,36.53,63.06,-9.99,28.82,AMATA,Property,2247.9400000000005
2024-04-23,16.39,23.46,39.85,-7.07,29.08,AMATA,Property,2240.8700000000003
2024-04-24,10.04,17.39,27.43,-7.35,21.37,AMATA,Property,2233.5200000000004
2024-04-25,12.45,19.27,31.72,-6.82,20.18,AMATA,Property,2226.7000000000003
2024-04-26,13.97,24.98,38.95,-11.01,26.51,AMATA,Property,2215.69
2024-04-29,42.22,15.62,57.85,26.6,25.3,AMATA,Property,2242.29
2024-04-30,11.65,25.53,37.17,-13.88,23.8,AMATA,Property,2228.41
2024-05-02,7.64,9.43,17.07,-1.8,16.52,AMATA,Property,2226.6099999999997
2024-05-03,4.6,10.42,15.02,-5.82,15.76,AMATA,Property,2220.7899999999995
2024-05-07,16.72,12.35,29.07,4.37,23.38,AMATA,Property,2225.1599999999994
2024-05-08,9.96,27.6,37.56,-17.64,14.82,AMATA,Property,2207.5199999999995
2024-05-09,29.24,8.92,38.16,20.32,26.13,AMATA,Property,2227.8399999999997
2024-05-10,27.19,7.61,34.8,19.58,28.54,AMATA,Property,2247.4199999999996
2024-05-13,74.85,18.54,93.39,56.31,27.11,AMATA,Property,2303.7299999999996
2024-05-14,62.45,21.07,83.53,41.38,21.63,AMATA,Property,2345.1099999999997
2024-05-15,46.16,117.22,163.38,-71.06,20.2,AMATA,Property,2274.0499999999997
2024-05-16,196.72,25.78,222.5,170.93,28.62,AMATA,Property,2444.9799999999996
2024-05-17,37.88,11.42,49.3,26.45,25.55,AMATA,Property,2471.4299999999994
2024-05-20,112.51,38.2,150.71,74.32,28.3,AMATA,Property,2545.7499999999995
2024-05-21,93.67,23.92,117.59,69.75,24.13,AMATA,Property,2615.4999999999995
2024-05-23,45.86,78.93,124.79,-33.07,16.22,AMATA,Property,2582.4299999999994
2024-05-24,25.45,27.81,53.26,-2.36,13.6,AMATA,Property,2580.0699999999993
2024-05-27,18.55,11.57,30.12,6.99,14.45,AMATA,Property,2587.059999999999
2024-05-28,16.44,26.84,43.28,-10.41,17.53,AMATA,Property,2576.649999999999
2024-05-29,18.15,20.48,38.63,-2.33,20.32,AMATA,Property,2574.3199999999993
2024-05-30,32.49,21.2,53.69,11.28,18.59,AMATA,Property,2585.5999999999995
2024-05-31,31.74,17.94,49.69,13.8,22.2,AMATA,Property,2599.3999999999996
2024-06-04,15.19,28.38,43.57,-13.2,28.47,AMATA,Property,2586.2
2024-06-05,13.34,32.53,45.87,-19.2,29.53,AMATA,Property,2567.0
2024-06-06,36.93,13.6,50.53,23.33,19.37,AMATA,Property,2590.33
2024-06-07,79.96,17.27,97.23,62.68,25.34,AMATA,Property,2653.0099999999998
2024-06-10,99.52,27.69,127.21,71.83,25.82,AMATA,Property,2724.8399999999997
2024-06-11,27.48,44.89,72.37,-17.41,27.11,AMATA,Property,2707.43
2024-06-12,59.93,65.36,125.29,-5.43,22.06,AMATA,Property,2702.0
2024-06-13,27.01,54.2,81.21,-27.19,21.05,AMATA,Property,2674.81
2024-06-14,13.43,65.81,79.23,-52.38,20.16,AMATA,Property,2622.43
2024-06-17,15.28,36.66,51.93,-21.38,26.2,AMATA,Property,2601.0499999999997
2024-06-18,9.86,31.36,41.22,-21.5,20.51,AMATA,Property,2579.5499999999997
2024-06-19,27.35,33.85,61.2,-6.5,25.3,AMATA,Property,2573.0499999999997
2024-06-20,21.03,47.06,68.09,-26.03,22.12,AMATA,Property,2547.0199999999995
2024-06-21,97.11,55.5,152.61,41.61,23.41,AMATA,Property,2588.6299999999997
2024-06-24,20.75,17.1,37.84,3.65,18.6,AMATA,Property,2592.2799999999997
2024-06-25,12.62,15.63,28.25,-3.02,22.62,AMATA,Property,2589.2599999999998
2024-06-26,34.78,31.95,66.73,2.84,25.93,AMATA,Property,2592.1
2024-06-27,30.44,22.77,53.2,7.67,36.81,AMATA,Property,2599.77
2024-06-28,18.43,30.33,48.76,-11.89,25.3,AMATA,Property,2587.88
2024-07-01,15.57,27.24,42.82,-11.67,22.15,AMATA,Property,2576.21
2024-07-02,14.49,22.53,37.02,-8.04,30.4,AMATA,Property,2568.17
2024-07-03,32.56,59.34,91.9,-26.79,24.43,AMATA,Property,2541.38
2024-07-04,9.31,15.21,24.51,-5.9,31.19,AMATA,Property,2535.48
2024-07-05,11.26,32.33,43.58,-21.07,16.88,AMATA,Property,2514.41
2024-07-08,26.79,20.06,46.86,6.73,24.14,AMATA,Property,2521.14
2024-07-09,13.34,22.79,36.13,-9.44,13.14,AMATA,Property,2511.7
2024-07-10,10.25,14.01,24.26,-3.76,15.4,AMATA,Property,2507.9399999999996
2024-07-11,5.71,30.83,36.54,-25.11,28.51,AMATA,Property,2482.8299999999995
2024-07-12,14.63,25.85,40.48,-11.22,18.0,AMATA,Property,2471.6099999999997
2024-07-15,27.82,39.06,66.88,-11.25,16.38,AMATA,Property,2460.3599999999997
2024-07-16,21.92,8.31,30.23,13.61,13.72,AMATA,Property,2473.97
2024-07-17,8.92,7.33,16.25,1.59,10.11,AMATA,Property,2475.56
2024-07-18,28.72,17.92,46.64,10.79,13.31,AMATA,Property,2486.35
2024-07-19,46.66,73.78,120.44,-27.12,32.93,AMATA,Property,2459.23
2024-07-23,4.72,9.75,14.47,-5.03,13.18,AMATA,Property,2454.2
2024-07-24,13.76,12.96,26.71,0.8,11.87,AMATA,Property,2455.0
2024-07-25,8.2,9.81,18.01,-1.61,9.74,AMATA,Property,2453.39
2024-07-26,35.96,39.77,75.73,-3.81,19.79,AMATA,Property,2449.58
2024-07-30,27.75,15.4,43.15,12.35,20.73,AMATA,Property,2461.93
2024-07-31,60.3,36.73,97.03,23.57,28.14,AMATA,Property,2485.5
2024-08-01,7.16,21.99,29.15,-14.84,13.42,AMATA,Property,2470.66
2024-08-02,27.65,25.86,53.52,1.79,17.05,AMATA,Property,2472.45
2024-08-05,67.78,64.21,132.0,3.57,28.59,AMATA,Property,2476.02
2024-08-06,15.34,10.0,25.34,5.34,22.31,AMATA,Property,2481.36
2024-08-07,15.28,25.69,40.97,-10.4,14.82,AMATA,Property,2470.96
2024-08-08,8.08,9.94,18.02,-1.86,8.29,AMATA,Property,2469.1
2024-08-09,30.48,24.53,55.01,5.95,14.05,AMATA,Property,2475.0499999999997
2024-08-13,7.0,15.94,22.94,-8.94,14.39,AMATA,Property,2466.1099999999997
2024-08-14,42.0,109.14,151.14,-67.14,16.46,AMATA,Property,2398.97
2024-08-15,30.3,45.34,75.64,-15.03,14.41,AMATA,Property,2383.9399999999996
2024-08-16,11.59,19.36,30.95,-7.77,13.07,AMATA,Property,2376.1699999999996
2024-08-19,3.98,34.66,38.64,-30.68,19.95,AMATA,Property,2345.49
2024-08-20,5.3,21.4,26.69,-16.1,5.51,AMATA,Property,2329.39
2024-08-21,15.69,14.65,30.34,1.04,11.23,AMATA,Property,2330.43
2024-08-22,24.29,55.18,79.47,-30.88,16.94,AMATA,Property,2299.5499999999997
2024-08-23,34.27,16.4,50.67,17.87,15.09,AMATA,Property,2317.4199999999996
2024-08-26,10.95,14.32,25.26,-3.37,14.21,AMATA,Property,2314.0499999999997
2024-08-27,32.74,26.34,59.07,6.4,21.76,AMATA,Property,2320.45
2024-08-28,68.87,30.41,99.28,38.46,18.61,AMATA,Property,2358.91
2024-08-29,55.45,35.05,90.51,20.4,25.34,AMATA,Property,2379.31
2024-08-30,68.93,90.01,158.94,-21.07,36.36,AMATA,Property,2358.24
2024-09-02,12.71,7.46,20.17,5.25,14.69,AMATA,Property,2363.49
2024-09-03,17.98,5.65,23.63,12.33,11.93,AMATA,Property,2375.8199999999997
2024-09-04,13.9,14.87,28.76,-0.97,12.98,AMATA,Property,2374.85
2024-09-05,43.56,40.65,84.21,2.9,12.51,AMATA,Property,2377.75
2024-09-06,140.17,55.5,195.67,84.68,30.8,AMATA,Property,2462.43
2024-09-09,52.64,27.76,80.4,24.88,14.5,AMATA,Property,2487.31
2024-09-10,38.44,38.38,76.82,0.05,14.28,AMATA,Property,2487.36
2024-09-11,83.01,35.76,118.78,47.25,20.02,AMATA,Property,2534.61
2024-09-12,43.65,10.24,53.9,33.41,21.23,AMATA,Property,2568.02
2024-09-13,76.68,7.77,84.46,68.91,26.03,AMATA,Property,2636.93
2024-09-16,18.08,28.93,47.0,-10.85,14.49,AMATA,Property,2626.08
2024-09-17,10.61,7.16,17.77,3.45,15.54,AMATA,Property,2629.5299999999997
2024-09-18,36.55,14.85,51.41,21.7,15.94,AMATA,Property,2651.2299999999996
2024-09-19,28.58,2.95,31.53,25.63,16.8,AMATA,Property,2676.8599999999997
2024-09-20,30.04,22.23,52.27,7.81,29.32,AMATA,Property,2684.6699999999996
2024-09-23,21.2,18.91,40.1,2.29,24.24,AMATA,Property,2686.9599999999996
2024-09-24,75.64,31.73,107.37,43.9,24.82,AMATA,Property,2730.8599999999997
2024-09-25,40.39,8.51,48.89,31.88,19.27,AMATA,Property,2762.74
2024-09-26,34.27,22.44,56.72,11.83,20.8,AMATA,Property,2774.5699999999997
2024-09-27,34.92,47.78,82.7,-12.87,31.96,AMATA,Property,2761.7
2024-09-30,15.2,23.7,38.9,-8.5,12.63,AMATA,Property,2753.2
2024-10-01,14.88,27.2,42.08,-12.32,20.83,AMATA,Property,2740.8799999999997
2024-10-02,29.91,23.01,52.92,6.9,21.6,AMATA,Property,2747.7799999999997
2024-10-03,24.63,23.27,47.89,1.36,19.55,AMATA,Property,2749.14
2024-10-04,4.86,19.98,24.84,-15.12,13.72,AMATA,Property,2734.02
2024-10-07,26.26,16.41,42.66,9.85,13.16,AMATA,Property,2743.87
2024-10-08,16.13,11.37,27.5,4.76,14.2,AMATA,Property,2748.63
2024-10-09,9.73,13.06,22.78,-3.33,12.32,AMATA,Property,2745.3
2024-10-10,9.11,9.48,18.59,-0.38,8.76,AMATA,Property,2744.92
2024-10-11,9.31,14.81,24.11,-5.5,22.3,AMATA,Property,2739.42
2024-10-15,14.69,21.58,36.27,-6.89,28.08,AMATA,Property,2732.53
2024-10-16,58.71,12.4,71.11,46.31,25.84,AMATA,Property,2778.84
2024-10-17,64.43,11.71,76.13,52.72,19.2,AMATA,Property,2831.56
2024-10-18,81.86,62.51,144.36,19.35,16.76,AMATA,Property,2850.91
2024-10-21,12.21,11.54,23.75,0.67,10.89,AMATA,Property,2851.58
2024-10-22,51.54,20.92,72.46,30.63,10.48,AMATA,Property,2882.21
2024-10-24,38.54,95.01,133.55,-56.47,11.91,AMATA,Property,2825.7400000000002
2024-10-25,226.88,150.23,377.11,76.65,22.84,AMATA,Property,2902.3900000000003
2024-10-28,131.79,94.13,225.92,37.66,22.73,AMATA,Property,2940.05
2024-10-29,138.83,186.74,325.57,-47.91,35.76,AMATA,Property,2892.1400000000003
2024-10-30,73.16,106.9,180.06,-33.74,30.51,AMATA,Property,2858.4000000000005
2024-10-31,72.58,92.38,164.96,-19.81,37.42,AMATA,Property,2838.5900000000006
2024-11-01,80.72,36.76,117.48,43.96,21.43,AMATA,Property,2882.5500000000006
2024-11-04,29.26,36.44,65.7,-7.18,34.96,AMATA,Property,2875.370000000001
2024-11-05,100.42,32.07,132.49,68.36,24.79,AMATA,Property,2943.730000000001
2024-11-06,117.33,30.56,147.89,86.77,15.41,AMATA,Property,3030.500000000001
2024-11-07,67.33,96.33,163.66,-29.0,21.92,AMATA,Property,3001.500000000001
2024-11-08,36.61,49.5,86.11,-12.89,16.16,AMATA,Property,2988.610000000001
2024-11-11,40.43,46.08,86.51,-5.64,13.81,AMATA,Property,2982.970000000001
2024-11-12,41.64,33.42,75.06,8.22,16.94,AMATA,Property,2991.190000000001
2024-11-13,141.2,28.52,169.72,112.68,19.61,AMATA,Property,3103.870000000001
2024-11-14,40.29,19.03,59.32,21.26,21.85,AMATA,Property,3125.130000000001
2024-11-15,71.73,62.98,134.71,8.75,16.24,AMATA,Property,3133.880000000001
2024-11-18,17.84,36.98,54.82,-19.14,15.75,AMATA,Property,3114.740000000001
2024-11-19,45.53,12.53,58.06,33.01,20.07,AMATA,Property,3147.7500000000014
2024-11-20,9.38,14.38,23.76,-5.0,23.25,AMATA,Property,3142.7500000000014
2024-11-21,23.26,22.56,45.83,0.7,14.51,AMATA,Property,3143.450000000001
2024-11-22,31.41,127.71,159.12,-96.31,21.99,AMATA,Property,3047.1400000000012
2024-11-25,81.13,86.28,167.41,-5.15,28.35,AMATA,Property,3041.990000000001
2024-11-26,41.36,9.76,51.12,31.61,16.16,AMATA,Property,3073.6000000000013
2024-11-27,29.18,16.05,45.23,13.12,21.9,AMATA,Property,3086.720000000001
2024-11-28,7.12,19.94,27.07,-12.82,16.85,AMATA,Property,3073.900000000001
2024-11-29,22.94,55.84,78.78,-32.9,28.59,AMATA,Property,3041.000000000001
2024-12-02,44.59,44.19,88.78,0.39,28.51,AMATA,Property,3041.390000000001
2024-12-03,18.84,33.49,52.33,-14.66,15.85,AMATA,Property,3026.730000000001
2024-12-04,28.2,26.03,54.23,2.18,23.66,AMATA,Property,3028.9100000000008
2024-12-06,37.57,44.24,81.81,-6.67,32.96,AMATA,Property,3022.2400000000007
2024-12-09,30.72,17.41,48.14,13.31,17.28,AMATA,Property,3035.5500000000006
2024-12-11,16.7,32.79,49.49,-16.1,16.45,AMATA,Property,3019.4500000000007
2024-12-12,29.21,42.04,71.26,-12.83,30.81,AMATA,Property,3006.620000000001
2024-12-13,40.67,30.49,71.16,10.18,30.19,AMATA,Property,3016.8000000000006
2024-12-16,50.9,23.46,74.36,27.44,12.58,AMATA,Property,3044.2400000000007
2024-12-17,144.47,17.66,162.14,126.81,22.88,AMATA,Property,3171.0500000000006
2024-12-18,37.55,41.17,78.72,-3.62,17.92,AMATA,Property,3167.4300000000007
2024-12-19,37.86,21.78,59.64,16.08,19.24,AMATA,Property,3183.5100000000007
2024-12-20,48.37,64.87,113.24,-16.5,24.48,AMATA,Property,3167.0100000000007
2024-12-23,28.72,37.77,66.49,-9.05,21.23,AMATA,Property,3157.9600000000005
2024-12-24,6.68,25.11,31.78,-18.43,13.92,AMATA,Property,3139.5300000000007
2024-12-25,10.07,21.39,31.47,-11.32,16.41,AMATA,Property,3128.2100000000005
2024-12-26,5.04,42.49,47.52,-37.45,16.13,AMATA,Property,3090.7600000000007
2024-12-27,3.86,19.07,22.93,-15.22,18.44,AMATA,Property,3075.540000000001
2024-12-30,33.73,46.35,80.08,-12.62,24.85,AMATA,Property,3062.920000000001
2025-01-02,18.44,35.82,54.26,-17.37,29.43,AMATA,Property,3045.550000000001
2025-01-03,62.88,40.1,102.97,22.78,24.29,AMATA,Property,3068.3300000000013
2025-01-06,16.01,32.98,48.98,-16.97,30.8,AMATA,Property,3051.3600000000015
2025-01-07,21.05,38.51,59.56,-17.47,24.69,AMATA,Property,3033.8900000000017
2025-01-08,23.49,17.39,40.87,6.1,18.65,AMATA,Property,3039.9900000000016
2025-01-09,38.47,15.78,54.25,22.69,26.35,AMATA,Property,3062.6800000000017
2025-01-10,83.88,22.91,106.79,60.96,28.5,AMATA,Property,3123.6400000000017
2025-01-13,17.7,8.73,26.43,8.97,21.75,AMATA,Property,3132.6100000000015
2025-01-14,21.21,26.84,48.05,-5.63,24.96,AMATA,Property,3126.9800000000014
2025-01-15,13.49,50.19,63.68,-36.71,22.97,AMATA,Property,3090.2700000000013
2025-01-16,11.91,58.1,70.01,-46.2,27.53,AMATA,Property,3044.0700000000015
2025-01-17,64.65,66.08,130.73,-1.43,35.63,AMATA,Property,3042.6400000000017
2025-01-20,11.69,19.98,31.66,-8.29,13.61,AMATA,Property,3034.3500000000017
2025-01-21,11.54,34.82,46.36,-23.28,27.88,AMATA,Property,3011.0700000000015
2025-01-22,17.09,72.93,90.02,-55.84,23.69,AMATA,Property,2955.2300000000014
2025-01-23,6.61,19.21,25.82,-12.61,11.98,AMATA,Property,2942.6200000000013
2025-01-24,48.22,17.28,65.5,30.94,18.78,AMATA,Property,2973.5600000000013
2025-01-27,18.61,25.19,43.8,-6.58,25.56,AMATA,Property,2966.9800000000014
2025-01-28,33.76,20.51,54.27,13.25,26.93,AMATA,Property,2980.2300000000014
2025-01-29,29.18,7.04,36.22,22.14,15.03,AMATA,Property,3002.3700000000013
2025-01-30,11.98,7.57,19.55,4.4,18.57,AMATA,Property,3006.7700000000013
2025-01-31,31.02,36.43,67.45,-5.41,19.63,AMATA,Property,3001.3600000000015
2025-02-03,78.13,36.12,114.25,42.01,27.82,AMATA,Property,3043.3700000000017
2025-02-04,29.6,25.2,54.8,4.4,25.12,AMATA,Property,3047.770000000002
2025-02-05,61.43,55.82,117.25,5.6,28.14,AMATA,Property,3053.3700000000017
2025-02-06,248.23,26.26,274.49,221.97,29.72,AMATA,Property,3275.3400000000015
2025-02-07,148.99,46.76,195.75,102.22,28.67,AMATA,Property,3377.5600000000013
2025-02-10,67.04,48.84,115.88,18.21,31.84,AMATA,Property,3395.7700000000013
2025-02-11,253.19,59.9,313.09,193.28,29.69,AMATA,Property,3589.0500000000015
2025-02-13,108.32,89.87,198.19,18.44,29.18,AMATA,Property,3607.4900000000016
2025-02-14,43.54,56.26,99.8,-12.71,32.06,AMATA,Property,3594.7800000000016
2025-02-17,46.16,32.12,78.28,14.03,31.01,AMATA,Property,3608.8100000000018
2025-02-18,35.96,11.38,47.34,24.58,13.8,AMATA,Property,3633.3900000000017
2025-02-19,30.1,35.1,65.19,-5.0,27.67,AMATA,Property,3628.3900000000017
2025-02-20,35.89,69.54,105.43,-33.64,24.89,AMATA,Property,3594.750000000002
2025-02-21,24.02,17.04,41.06,6.98,22.99,AMATA,Property,3601.730000000002
2025-02-24,128.6,92.49,221.08,36.11,23.35,AMATA,Property,3637.840000000002
2025-02-25,98.25,63.0,161.26,35.25,29.51,AMATA,Property,3673.090000000002
2025-02-26,54.55,54.05,108.6,0.49,31.52,AMATA,Property,3673.5800000000017
2025-02-27,49.38,81.91,131.3,-32.53,33.36,AMATA,Property,3641.0500000000015
2025-02-28,51.53,66.07,117.6,-14.54,38.27,AMATA,Property,3626.5100000000016
2025-03-03,82.06,81.7,163.76,0.36,22.75,AMATA,Property,3626.8700000000017
2025-03-04,67.84,46.91,114.75,20.93,27.17,AMATA,Property,3647.8000000000015
2025-03-05,79.62,73.18,152.8,6.44,24.91,AMATA,Property,3654.2400000000016
2025-03-06,55.13,56.59,111.72,-1.46,29.64,AMATA,Property,3652.7800000000016
2025-03-07,69.18,30.85,100.03,38.33,27.93,AMATA,Property,3691.1100000000015
2025-03-10,48.13,52.77,100.91,-4.64,33.74,AMATA,Property,3686.4700000000016
2025-03-11,68.37,62.62,130.99,5.75,26.42,AMATA,Property,3692.2200000000016
2025-03-12,18.85,60.63,79.48,-41.78,29.75,AMATA,Property,3650.4400000000014
2025-03-13,12.15,12.49,24.64,-0.34,18.8,AMATA,Property,3650.1000000000013
2025-03-14,15.87,17.07,32.94,-1.2,16.22,AMATA,Property,3648.9000000000015
2025-03-17,38.26,17.36,55.62,20.9,19.59,AMATA,Property,3669.8000000000015
2025-03-18,74.03,16.89,90.92,57.14,20.43,AMATA,Property,3726.9400000000014
2025-03-19,45.76,27.95,73.71,17.82,24.81,AMATA,Property,3744.7600000000016
2025-03-20,24.28,36.16,60.44,-11.88,26.59,AMATA,Property,3732.8800000000015
2025-03-21,30.43,41.34,71.77,-10.91,32.06,AMATA,Property,3721.9700000000016
2025-03-24,42.2,20.98,63.18,21.22,18.68,AMATA,Property,3743.1900000000014
2025-03-25,51.84,35.83,87.67,16.01,19.88,AMATA,Property,3759.2000000000016
2025-03-26,66.67,3.54,70.22,63.13,22.33,AMATA,Property,3822.3300000000017
2025-03-27,43.11,39.99,83.11,3.12,19.58,AMATA,Property,3825.4500000000016
2025-03-28,23.58,15.95,39.53,7.63,26.08,AMATA,Property,3833.0800000000017
2025-03-31,41.6,54.26,95.86,-12.65,28.68,AMATA,Property,3820.4300000000017
2025-04-01,63.56,30.31,93.87,33.25,30.37,AMATA,Property,3853.6800000000017
2025-04-02,20.5,18.11,38.61,2.39,22.73,AMATA,Property,3856.0700000000015
2025-04-03,50.76,107.67,158.44,-56.91,9.89,AMATA,Property,3799.1600000000017
2025-04-04,290.88,137.08,427.96,153.8,20.58,AMATA,Property,3952.960000000002
2025-04-08,178.65,71.33,249.98,107.33,22.64,AMATA,Property,4060.290000000002
2025-04-09,258.18,130.49,388.67,127.69,17.89,AMATA,Property,4187.980000000001
2025-04-10,45.12,64.57,109.69,-19.44,14.74,AMATA,Property,4168.540000000002
2025-04-11,124.18,129.75,253.93,-5.57,13.77,AMATA,Property,4162.970000000002
2025-04-16,118.22,90.98,209.2,27.24,17.61,AMATA,Property,4190.210000000002
2025-04-17,50.74,104.58,155.31,-53.84,20.18,AMATA,Property,4136.370000000002
2025-04-18,13.42,72.99,86.4,-59.57,21.85,AMATA,Property,4076.8000000000015
2025-04-21,69.44,128.93,198.37,-59.49,22.25,AMATA,Property,4017.3100000000018
2025-04-22,100.83,34.16,135.0,66.67,21.47,AMATA,Property,4083.980000000002
2025-04-23,44.58,64.88,109.46,-20.3,25.47,AMATA,Property,4063.6800000000017
2025-04-24,111.83,83.48,195.31,28.34,32.8,AMATA,Property,4092.020000000002
2025-04-25,69.09,49.19,118.29,19.9,20.64,AMATA,Property,4111.920000000002
2025-04-28,44.97,96.35,141.32,-51.38,25.81,AMATA,Property,4060.540000000002
2025-04-29,47.01,70.78,117.79,-23.76,17.15,AMATA,Property,4036.7800000000016
2025-04-30,86.13,49.94,136.06,36.19,22.42,AMATA,Property,4072.9700000000016
2025-05-02,96.13,68.11,164.23,28.02,18.04,AMATA,Property,4100.990000000002
2025-05-06,26.05,82.63,108.69,-56.58,19.02,AMATA,Property,4044.4100000000017
2025-05-07,68.28,49.62,117.9,18.66,17.86,AMATA,Property,4063.0700000000015
2025-05-08,46.96,97.74,144.7,-50.77,17.31,AMATA,Property,4012.3000000000015
2025-05-09,49.7,93.78,143.47,-44.08,15.72,AMATA,Property,3968.2200000000016
2025-05-13,110.41,140.16,250.57,-29.75,19.4,AMATA,Property,3938.4700000000016
2025-05-14,88.14,113.57,201.71,-25.43,16.69,AMATA,Property,3913.040000000002
2025-05-15,79.94,86.12,166.06,-6.18,26.0,AMATA,Property,3906.860000000002
2025-05-16,24.28,52.07,76.35,-27.79,22.28,AMATA,Property,3879.070000000002
2025-05-19,94.56,49.67,144.23,44.89,28.98,AMATA,Property,3923.960000000002
2025-05-20,74.11,66.92,141.04,7.19,23.4,AMATA,Property,3931.150000000002
2025-05-21,33.66,21.92,55.58,11.74,21.25,AMATA,Property,3942.8900000000017
2025-05-22,20.96,28.42,49.38,-7.46,18.24,AMATA,Property,3935.4300000000017
2025-05-23,36.43,57.01,93.44,-20.58,19.2,AMATA,Property,3914.8500000000017
2025-05-26,23.18,70.76,93.94,-47.58,21.03,AMATA,Property,3867.270000000002
2025-05-27,39.39,19.61,59.0,19.77,20.43,AMATA,Property,3887.040000000002
2025-05-28,38.47,43.96,82.43,-5.49,20.87,AMATA,Property,3881.550000000002
2025-05-29,99.43,87.39,186.82,12.04,14.89,AMATA,Property,3893.590000000002
2025-05-30,26.81,111.36,138.17,-84.54,28.15,AMATA,Property,3809.050000000002
2025-06-04,12.18,73.4,85.59,-61.22,23.8,AMATA,Property,3747.830000000002
2025-06-05,35.61,26.83,62.45,8.78,26.75,AMATA,Property,3756.6100000000024
2025-06-06,27.73,34.85,62.58,-7.11,29.18,AMATA,Property,3749.5000000000023
2025-06-09,46.24,34.71,80.95,11.52,23.61,AMATA,Property,3761.0200000000023
2025-06-10,69.98,13.76,83.74,56.22,24.61,AMATA,Property,3817.240000000002
2025-06-11,26.79,59.23,86.02,-32.44,23.19,AMATA,Property,3784.800000000002
2025-06-12,5.54,24.09,29.63,-18.54,16.49,AMATA,Property,3766.260000000002
2025-06-13,17.79,17.95,35.74,-0.16,16.28,AMATA,Property,3766.100000000002
2025-06-16,29.58,18.47,48.05,11.1,23.11,AMATA,Property,3777.200000000002
2025-06-17,16.11,19.26,35.36,-3.15,21.63,AMATA,Property,3774.050000000002
2025-06-18,20.24,21.31,41.54,-1.07,17.42,AMATA,Property,3772.980000000002
2025-06-19,72.74,23.81,96.55,48.93,19.34,AMATA,Property,3821.9100000000017
2025-06-20,65.2,38.91,104.11,26.29,29.15,AMATA,Property,3848.2000000000016
2025-06-23,38.88,21.81,60.69,17.07,32.44,AMATA,Property,3865.270000000002
2025-06-24,66.52,25.55,92.07,40.98,27.48,AMATA,Property,3906.250000000002
2025-06-25,50.53,16.69,67.23,33.84,24.0,AMATA,Property,3940.090000000002
2025-06-26,29.99,21.71,51.7,8.28,18.23,AMATA,Property,3948.370000000002
2025-06-27,24.96,32.23,57.19,-7.28,24.55,AMATA,Property,3941.090000000002
2025-06-30,44.94,19.93,64.87,25.01,26.01,AMATA,Property,3966.100000000002
2025-07-01,51.37,32.32,83.7,19.05,17.77,AMATA,Property,3985.1500000000024
2025-07-02,34.94,39.87,74.81,-4.93,18.5,AMATA,Property,3980.2200000000025
2025-07-03,57.61,44.38,101.99,13.23,13.3,AMATA,Property,3993.4500000000025
2025-07-04,44.91,57.8,102.72,-12.89,13.87,AMATA,Property,3980.5600000000027
2025-07-07,56.39,87.78,144.17,-31.39,15.45,AMATA,Property,3949.170000000003
2025-07-08,107.34,28.38,135.72,78.97,14.03,AMATA,Property,4028.1400000000026
2025-07-09,45.09,34.22,79.31,10.88,26.86,AMATA,Property,4039.0200000000027
2025-07-11,42.85,31.32,74.17,11.52,27.19,AMATA,Property,4050.5400000000027
2025-07-14,43.76,28.46,72.22,15.3,17.15,AMATA,Property,4065.840000000003
2025-07-15,61.0,13.56,74.55,47.44,19.63,AMATA,Property,4113.2800000000025
2025-07-16,55.07,67.26,122.33,-12.19,17.64,AMATA,Property,4101.090000000003
2025-07-17,65.34,84.64,149.98,-19.3,20.39,AMATA,Property,4081.7900000000027
2025-07-18,81.32,111.2,192.52,-29.88,39.77,AMATA,Property,4051.9100000000026
2025-07-21,31.76,30.96,62.73,0.8,16.18,AMATA,Property,4052.7100000000028
2025-07-22,54.18,77.44,131.61,-23.26,30.52,AMATA,Property,4029.4500000000025
2025-07-23,52.91,52.95,105.86,-0.05,23.41,AMATA,Property,4029.4000000000024
2025-07-24,34.59,69.68,104.27,-35.09,20.5,AMATA,Property,3994.310000000002
2025-07-25,42.16,97.04,139.2,-54.88,19.02,AMATA,Property,3939.430000000002
2025-07-29,96.17,61.5,157.66,34.67,23.78,AMATA,Property,3974.100000000002
2025-07-30,117.68,254.84,372.52,-137.15,20.89,AMATA,Property,3836.950000000002
2025-07-31,77.51,180.95,258.46,-103.44,19.18,AMATA,Property,3733.510000000002
2025-08-01,201.52,221.31,422.83,-19.78,18.11,AMATA,Property,3713.730000000002
2025-08-04,65.43,86.27,151.7,-20.85,17.33,AMATA,Property,3692.880000000002
2025-08-05,73.34,66.41,139.75,6.93,20.68,AMATA,Property,3699.8100000000018
2025-08-06,68.48,63.12,131.6,5.36,20.84,AMATA,Property,3705.170000000002
2025-08-07,57.65,68.41,126.06,-10.76,19.84,AMATA,Property,3694.4100000000017
2025-08-08,26.76,70.95,97.71,-44.2,27.2,AMATA,Property,3650.210000000002
2025-08-13,80.6,73.7,154.31,6.9,18.47,AMATA,Property,3657.110000000002
2025-08-14,45.76,61.46,107.22,-15.71,24.17,AMATA,Property,3641.400000000002
2025-08-15,25.14,51.48,76.62,-26.34,21.35,AMATA,Property,3615.0600000000018
2025-08-18,57.47,44.49,101.96,12.98,26.28,AMATA,Property,3628.040000000002
2025-08-19,17.31,47.16,64.47,-29.84,25.39,AMATA,Property,3598.2000000000016
2025-08-20,93.25,49.53,142.78,43.72,24.73,AMATA,Property,3641.9200000000014
2025-08-21,73.2,95.8,169.0,-22.6,23.66,AMATA,Property,3619.3200000000015
2025-08-22,44.66,52.57,97.23,-7.91,23.56,AMATA,Property,3611.4100000000017
2025-08-25,60.77,54.57,115.34,6.2,15.83,AMATA,Property,3617.6100000000015
2025-08-26,37.64,78.73,116.37,-41.1,23.53,AMATA,Property,3576.5100000000016
2025-08-27,37.66,40.59,78.26,-2.93,24.43,AMATA,Property,3573.5800000000017
2025-08-28,21.64,50.46,72.11,-28.82,23.13,AMATA,Property,3544.7600000000016
2025-08-29,24.91,63.97,88.88,-39.06,29.56,AMATA,Property,3505.7000000000016
2025-09-01,21.38,15.05,36.42,6.33,13.89,AMATA,Property,3512.0300000000016
2025-09-02,42.2,36.65,78.84,5.55,21.17,AMATA,Property,3517.5800000000017
2025-09-03,89.19,20.88,110.08,68.31,21.67,AMATA,Property,3585.8900000000017
2025-09-04,56.25,27.22,83.47,29.02,29.4,AMATA,Property,3614.9100000000017
2025-09-05,84.5,50.19,134.69,34.32,32.04,AMATA,Property,3649.230000000002
2025-09-08,45.94,24.27,70.21,21.67,24.37,AMATA,Property,3670.900000000002
2025-09-09,49.51,49.98,99.5,-0.47,22.46,AMATA,Property,3670.430000000002
2025-09-10,59.17,112.21,171.38,-53.04,18.79,AMATA,Property,3617.390000000002
2025-09-11,102.95,34.44,137.39,68.51,15.53,AMATA,Property,3685.9000000000024
2025-09-12,54.4,109.58,163.97,-55.18,22.36,AMATA,Property,3630.7200000000025
2025-09-15,53.51,62.38,115.89,-8.86,31.99,AMATA,Property,3621.8600000000024
2025-09-16,84.93,40.85,125.78,44.08,20.39,AMATA,Property,3665.9400000000023
2025-09-17,50.24,62.15,112.39,-11.91,22.13,AMATA,Property,3654.0300000000025
2025-09-18,48.94,120.52,169.45,-71.58,30.6,AMATA,Property,3582.4500000000025
2025-09-19,44.07,37.61,81.68,6.46,25.87,AMATA,Property,3588.9100000000026
2025-09-22,22.09,65.35,87.44,-43.26,23.08,AMATA,Property,3545.6500000000024
2025-09-23,28.03,28.61,56.64,-0.59,17.94,AMATA,Property,3545.060000000002
2025-09-24,29.39,32.52,61.91,-3.13,23.06,AMATA,Property,3541.930000000002
2025-09-25,27.57,48.4,75.97,-20.83,17.92,AMATA,Property,3521.100000000002
2025-09-26,11.06,25.93,37.0,-14.87,28.33,AMATA,Property,3506.2300000000023
2025-09-29,14.72,18.42,33.14,-3.7,29.15,AMATA,Property,3502.5300000000025
2025-09-30,14.65,50.85,65.51,-36.2,29.38,AMATA,Property,3466.3300000000027
2025-10-01,5.15,21.24,26.4,-16.09,16.34,AMATA,Property,3450.2400000000025
2025-10-02,9.18,12.76,21.94,-3.58,19.32,AMATA,Property,3446.6600000000026
2025-10-03,13.44,26.89,40.34,-13.45,21.59,AMATA,Property,3433.2100000000028
2025-10-06,8.42,12.38,20.8,-3.96,31.27,AMATA,Property,3429.2500000000027
2025-10-07,38.3,17.48,55.78,20.81,27.17,AMATA,Property,3450.0600000000027
2025-10-08,18.7,18.62,37.32,0.07,34.95,AMATA,Property,3450.130000000003
2025-10-09,48.23,22.11,70.34,26.11,18.97,AMATA,Property,3476.240000000003
2025-10-10,25.65,28.55,54.2,-2.91,20.61,AMATA,Property,3473.330000000003
2025-10-14,43.15,49.35,92.5,-6.2,19.81,AMATA,Property,3467.1300000000033
2025-10-15,160.14,118.92,279.06,41.23,60.88,AMATA,Property,3508.3600000000033
2025-10-16,9.44,8.28,17.73,1.16,14.81,AMATA,Property,3509.520000000003
2025-10-17,27.95,45.31,73.26,-17.37,28.19,AMATA,Property,3492.1500000000033
2025-10-20,18.82,43.8,62.62,-24.98,14.38,AMATA,Property,3467.1700000000033
2025-10-21,31.18,8.8,39.98,22.37,14.19,AMATA,Property,3489.540000000003
2025-10-22,15.62,11.37,26.99,4.25,14.19,AMATA,Property,3493.790000000003
2025-10-24,14.65,22.45,37.1,-7.81,15.2,AMATA,Property,3485.980000000003
2025-10-27,40.76,19.59,60.35,21.18,16.86,AMATA,Property,3507.160000000003
2025-10-28,45.21,43.4,88.62,1.81,25.23,AMATA,Property,3508.970000000003
2025-10-29,62.35,42.54,104.89,19.81,26.73,AMATA,Property,3528.780000000003
2025-10-30,28.8,37.76,66.57,-8.96,24.61,AMATA,Property,3519.820000000003
2025-10-31,34.34,32.82,67.15,1.52,28.88,AMATA,Property,3521.340000000003
2025-11-03,36.31,40.92,77.24,-4.61,25.72,AMATA,Property,3516.7300000000027
2025-11-04,16.82,24.45,41.27,-7.63,23.16,AMATA,Property,3509.1000000000026
2025-11-05,44.28,24.06,68.34,20.22,25.4,AMATA,Property,3529.3200000000024
2025-11-06,46.21,17.29,63.49,28.92,23.5,AMATA,Property,3558.2400000000025
2025-11-07,18.25,25.45,43.7,-7.2,15.83,AMATA,Property,3551.0400000000027
2025-11-10,49.55,14.63,64.18,34.92,35.77,AMATA,Property,3585.9600000000028
2025-11-11,99.26,47.55,146.81,51.71,23.64,AMATA,Property,3637.670000000003
2025-11-12,60.29,48.55,108.83,11.74,16.65,AMATA,Property,3649.4100000000026
2025-11-13,50.73,18.08,68.81,32.66,28.26,AMATA,Property,3682.0700000000024
2025-11-14,36.87,19.86,56.74,17.01,21.87,AMATA,Property,3699.0800000000027
2025-11-17,22.06,8.66,30.72,13.4,25.16,AMATA,Property,3712.4800000000027
2025-11-18,90.85,33.24,124.09,57.61,32.72,AMATA,Property,3770.090000000003
2025-11-19,67.12,16.28,83.4,50.84,25.05,AMATA,Property,3820.930000000003
2025-11-20,57.84,25.97,83.81,31.86,25.63,AMATA,Property,3852.790000000003
2025-11-21,62.48,39.45,101.93,23.03,30.47,AMATA,Property,3875.8200000000033
2025-11-24,151.85,62.0,213.85,89.85,32.75,AMATA,Property,3965.6700000000033
2025-11-25,219.22,69.56,288.78,149.66,25.43,AMATA,Property,4115.330000000004
2025-11-26,107.77,34.34,142.11,73.42,31.4,AMATA,Property,4188.750000000004
2025-11-27,29.01,15.52,44.54,13.49,20.74,AMATA,Property,4202.240000000003
2025-11-28,29.65,26.06,55.71,3.59,35.54,AMATA,Property,4205.830000000004
2025-12-01,31.44,44.75,76.19,-13.31,30.84,AMATA,Property,4192.520000000003
2025-12-02,46.02,55.91,101.93,-9.89,32.38,AMATA,Property,4182.630000000003
2025-12-03,29.38,25.01,54.39,4.38,32.51,AMATA,Property,4187.010000000003
2025-12-04,48.76,63.52,112.29,-14.76,36.34,AMATA,Property,4172.250000000003
2025-12-08,53.0,25.45,78.45,27.55,21.36,AMATA,Property,4199.800000000003
2025-12-09,35.65,67.16,102.81,-31.51,40.14,AMATA,Property,4168.290000000003
2025-12-11,19.35,33.67,53.02,-14.32,29.24,AMATA,Property,4153.970000000003
2025-12-12,15.37,20.85,36.21,-5.48,35.37,AMATA,Property,4148.490000000003
2025-12-15,26.65,36.42,63.07,-9.77,31.79,AMATA,Property,4138.720000000003
2025-12-16,19.13,27.16,46.29,-8.02,16.52,AMATA,Property,4130.700000000003
2025-12-17,89.96,76.08,166.04,13.87,19.71,AMATA,Property,4144.570000000002
2025-12-18,35.37,93.79,129.16,-58.42,20.25,AMATA,Property,4086.1500000000024
2025-12-19,83.03,87.18,170.2,-4.15,23.11,AMATA,Property,4082.0000000000023
2025-12-22,31.84,22.57,54.41,9.26,15.99,AMATA,Property,4091.2600000000025
2025-12-23,164.12,32.94,197.06,131.17,29.69,AMATA,Property,4222.430000000002
2025-12-24,32.5,21.29,53.79,11.22,23.35,AMATA,Property,4233.650000000002
2025-12-25,26.77,23.55,50.32,3.23,21.64,AMATA,Property,4236.880000000002
2025-12-26,30.49,48.87,79.35,-18.38,23.67,AMATA,Property,4218.500000000002
2025-12-29,16.26,28.53,44.8,-12.27,31.56,AMATA,Property,4206.230000000001
2025-12-30,51.04,37.66,88.7,13.37,27.1,AMATA,Property,4219.600000000001
2026-01-05,54.38,113.67,168.05,-59.29,19.0,AMATA,Property,4160.310000000001
2026-01-06,37.96,46.24,84.21,-8.28,21.19,AMATA,Property,4152.030000000002
2026-01-07,27.54,49.7,77.24,-22.16,19.0,AMATA,Property,4129.870000000002
2026-01-08,42.25,76.06,118.31,-33.8,18.39,AMATA,Property,4096.0700000000015
2026-01-09,35.51,35.33,70.84,0.18,18.54,AMATA,Property,4096.250000000002
2026-01-12,11.32,59.85,71.17,-48.52,19.3,AMATA,Property,4047.730000000002
2026-01-13,20.67,30.61,51.29,-9.94,24.91,AMATA,Property,4037.790000000002
2026-01-14,17.82,54.6,72.42,-36.79,24.07,AMATA,Property,4001.000000000002
2026-01-15,37.99,44.36,82.35,-6.38,13.54,AMATA,Property,3994.6200000000017
2026-01-16,39.82,40.65,80.47,-0.82,25.49,AMATA,Property,3993.8000000000015
2026-01-19,18.29,23.96,42.26,-5.67,17.3,AMATA,Property,3988.1300000000015
2026-01-20,67.7,52.39,120.08,15.31,28.58,AMATA,Property,4003.4400000000014
2026-01-21,64.53,42.15,106.68,22.38,23.67,AMATA,Property,4025.8200000000015
2026-01-22,35.54,49.19,84.73,-13.65,19.48,AMATA,Property,4012.1700000000014
2026-01-23,3.69,26.3,30.0,-22.61,15.84,AMATA,Property,3989.5600000000013
2026-01-26,46.83,36.78,83.61,10.05,17.02,AMATA,Property,3999.6100000000015
2026-01-27,23.02,22.51,45.53,0.51,14.53,AMATA,Property,4000.1200000000017
2026-01-28,31.15,34.62,65.76,-3.47,19.98,AMATA,Property,3996.650000000002
2026-01-29,11.0,23.79,34.78,-12.79,22.15,AMATA,Property,3983.860000000002
2026-01-30,24.18,27.4,51.57,-3.22,22.95,AMATA,Property,3980.640000000002
2026-02-02,17.63,44.74,62.38,-27.11,22.85,AMATA,Property,3953.530000000002
2026-02-03,24.19,45.54,69.74,-21.35,23.39,AMATA,Property,3932.180000000002
2026-02-04,31.3,31.2,62.5,0.09,24.75,AMATA,Property,3932.2700000000023
2026-02-05,39.36,30.5,69.86,8.86,14.75,AMATA,Property,3941.1300000000024
2026-02-06,7.59,39.18,46.77,-31.58,25.11,AMATA,Property,3909.5500000000025
2026-02-09,321.36,86.2,407.57,235.16,24.52,AMATA,Property,4144.710000000003
2026-02-10,146.66,69.32,215.98,77.34,27.81,AMATA,Property,4222.050000000003
2026-02-11,155.63,85.25,240.88,70.38,18.01,AMATA,Property,4292.430000000003
2026-02-12,131.33,162.53,293.85,-31.2,20.72,AMATA,Property,4261.230000000003
2026-02-13,99.0,125.87,224.88,-26.87,25.38,AMATA,Property,4234.360000000003
2026-02-16,26.92,91.94,118.86,-65.01,18.1,AMATA,Property,4169.350000000003
2026-02-17,79.99,80.69,160.68,-0.7,21.95,AMATA,Property,4168.650000000003
2026-02-18,176.23,158.71,334.93,17.52,29.22,AMATA,Property,4186.170000000004
2026-02-19,184.47,163.03,347.5,21.44,30.94,AMATA,Property,4207.610000000003
2026-02-20,130.17,222.17,352.34,-92.01,26.81,AMATA,Property,4115.600000000003
2026-02-23,98.27,217.02,315.29,-118.75,22.58,AMATA,Property,3996.850000000003
2026-02-24,92.06,148.31,240.37,-56.25,28.97,AMATA,Property,3940.600000000003
2026-02-25,91.3,120.65,211.95,-29.35,24.93,AMATA,Property,3911.250000000003
2026-02-26,156.83,95.24,252.07,61.59,33.59,AMATA,Property,3972.8400000000033
2026-02-27,113.38,46.6,159.98,66.78,33.54,AMATA,Property,4039.6200000000035
2026-03-02,196.36,66.8,263.16,129.56,24.93,AMATA,Property,4169.180000000004
2026-03-04,265.69,219.66,485.35,46.03,28.4,AMATA,Property,4215.210000000004
2026-03-05,261.64,168.56,430.2,93.08,37.27,AMATA,Property,4308.290000000004
2026-03-06,17.41,36.0,53.41,-18.6,18.81,AMATA,Property,4289.690000000003
2026-03-09,116.13,110.54,226.67,5.59,23.56,AMATA,Property,4295.280000000003
2026-03-10,119.86,129.39,249.26,-9.53,32.45,AMATA,Property,4285.750000000004
2026-03-11,122.12,95.05,217.17,27.07,25.28,AMATA,Property,4312.820000000003
2026-03-12,46.72,76.63,123.35,-29.91,24.62,AMATA,Property,4282.9100000000035
2026-03-13,20.7,56.05,76.75,-35.35,17.2,AMATA,Property,4247.560000000003
2026-03-16,53.48,40.54,94.02,12.93,27.26,AMATA,Property,4260.490000000003
2026-03-17,111.24,54.86,166.1,56.38,22.45,AMATA,Property,4316.8700000000035
2026-03-18,76.11,82.41,158.51,-6.3,22.42,AMATA,Property,4310.570000000003
2026-03-19,25.64,85.0,110.64,-59.36,19.94,AMATA,Property,4251.210000000004
2026-03-20,19.96,42.6,62.56,-22.64,24.17,AMATA,Property,4228.570000000003
2026-03-23,26.35,59.05,85.4,-32.7,22.04,AMATA,Property,4195.8700000000035
2026-03-24,21.82,43.75,65.57,-21.94,26.45,AMATA,Property,4173.930000000004
2026-03-25,54.28,62.9,117.17,-8.62,26.88,AMATA,Property,4165.310000000004
2026-03-26,59.62,45.79,105.41,13.83,25.59,AMATA,Property,4179.140000000004
2026-03-27,75.46,59.18,134.64,16.29,26.46,AMATA,Property,4195.430000000004
2026-03-30,18.21,30.25,48.45,-12.04,20.29,AMATA,Property,4183.390000000004
2026-03-31,52.71,49.7,102.42,3.01,24.87,AMATA,Property,4186.400000000004
2026-04-01,92.46,42.27,134.74,50.19,21.41,AMATA,Property,4236.590000000004
2026-04-02,77.91,78.44,156.34,-0.53,29.04,AMATA,Property,4236.060000000004
2026-04-03,70.25,65.12,135.37,5.12,20.3,AMATA,Property,4241.180000000004
2026-04-07,72.65,30.17,102.82,42.47,30.75,AMATA,Property,4283.650000000004
2026-04-08,155.92,37.69,193.61,118.23,23.52,AMATA,Property,4401.880000000004
2026-04-09,84.38,121.71,206.09,-37.33,34.39,AMATA,Property,4364.550000000004
2026-04-10,33.47,28.84,62.32,4.63,28.45,AMATA,Property,4369.180000000004
2026-04-16,148.69,112.29,260.98,36.4,24.84,AMATA,Property,4405.580000000004
2026-04-17,141.64,164.35,306.0,-22.71,37.77,AMATA,Property,4382.8700000000035
2026-04-20,35.44,27.04,62.48,8.4,22.07,AMATA,Property,4391.270000000003
2026-04-21,124.2,77.87,202.07,46.32,24.03,AMATA,Property,4437.590000000003
2026-04-22,38.74,65.19,103.94,-26.45,24.82,AMATA,Property,4411.140000000003
2026-04-23,50.23,75.05,125.28,-24.82,24.51,AMATA,Property,4386.320000000003
2026-04-24,190.13,178.28,368.41,11.85,45.37,AMATA,Property,4398.170000000004
2026-04-27,22.44,66.08,88.52,-43.64,20.59,AMATA,Property,4354.530000000003
2026-04-28,21.55,22.89,44.44,-1.34,14.28,AMATA,Property,4353.190000000003
2026-04-29,140.62,126.92,267.55,13.7,17.24,AMATA,Property,4366.890000000003
2026-04-30,33.34,131.85,165.19,-98.51,22.27,AMATA,Property,4268.380000000003
2026-05-05,26.3,87.69,113.99,-61.39,19.37,AMATA,Property,4206.9900000000025
2026-05-06,160.22,77.54,237.77,82.68,24.74,AMATA,Property,4289.670000000003
2026-05-07,51.93,114.48,166.41,-62.56,23.34,AMATA,Property,4227.110000000002
2026-05-08,93.49,38.88,132.37,54.61,26.96,AMATA,Property,4281.720000000002
2026-05-11,22.82,45.86,68.68,-23.04,20.77,AMATA,Property,4258.680000000002
2026-05-12,45.62,33.77,79.39,11.85,28.49,AMATA,Property,4270.5300000000025
2026-05-13,33.0,46.38,79.38,-13.38,28.43,AMATA,Property,4257.150000000002
2026-05-14,70.62,88.73,159.35,-18.11,26.67,AMATA,Property,4239.040000000003
2026-05-15,297.95,80.29,378.24,217.66,24.55,AMATA,Property,4456.700000000003
2026-05-18,121.73,134.06,255.79,-12.32,29.14,AMATA,Property,4444.380000000003
2026-05-19,575.52,236.93,812.45,338.59,27.62,AMATA,Property,4782.970000000003
2026-05-20,156.87,129.91,286.78,26.97,26.72,AMATA,Property,4809.940000000003
2026-05-21,191.95,130.36,322.31,61.6,24.78,AMATA,Property,4871.540000000004
2026-05-22,142.34,129.74,272.08,12.59,31.61,AMATA,Property,4884.130000000004
2026-05-25,27.09,43.02,70.11,-15.93,18.19,AMATA,Property,4868.2000000000035
2026-05-26,157.38,184.2,341.58,-26.82,32.28,AMATA,Property,4841.380000000004
2026-05-27,61.55,30.08,91.63,31.46,22.76,AMATA,Property,4872.840000000004
2026-05-28,149.78,108.52,258.3,41.27,25.16,AMATA,Property,4914.110000000004
2026-05-29,126.07,138.6,264.67,-12.54,34.54,AMATA,Property,4901.570000000004
2026-06-02,98.03,90.61,188.64,7.42,23.66,AMATA,Property,4908.990000000004
2026-06-04,185.94,124.23,310.17,61.71,23.8,AMATA,Property,4970.700000000004
2026-06-05,73.74,145.12,218.86,-71.38,28.11,AMATA,Property,4899.320000000004
2026-06-08,96.59,78.89,175.49,17.7,28.14,AMATA,Property,4917.020000000004
2026-06-09,152.21,113.0,265.21,39.21,27.06,AMATA,Property,4956.230000000004
2026-06-10,125.8,109.11,234.91,16.68,31.56,AMATA,Property,4972.910000000004
2026-06-11,117.02,92.57,209.6,24.45,37.78,AMATA,Property,4997.360000000004
2026-06-12,159.4,112.64,272.04,46.76,21.33,AMATA,Property,5044.120000000004
2026-06-15,81.7,181.74,263.43,-100.04,20.6,AMATA,Property,4944.0800000000045
2026-06-16,60.0,144.79,204.79,-84.79,29.27,AMATA,Property,4859.2900000000045
2026-06-17,50.18,126.63,176.81,-76.45,32.54,AMATA,Property,4782.840000000005
2026-06-18,62.7,137.41,200.11,-74.71,47.5,AMATA,Property,4708.130000000005
2026-06-19,82.09,152.1,234.19,-70.01,31.86,AMATA,Property,4638.120000000004
2026-06-22,69.1,83.37,152.47,-14.27,32.19,AMATA,Property,4623.850000000004
2026-06-23,85.66,99.64,185.3,-13.99,19.87,AMATA,Property,4609.860000000004
2026-06-24,20.64,25.93,46.57,-5.28,24.53,AMATA,Property,4604.5800000000045
2026-06-25,41.94,56.71,98.65,-14.77,22.28,AMATA,Property,4589.810000000004
2026-06-26,36.63,20.13,56.76,16.5,23.25,AMATA,Property,4606.310000000004
2026-06-29,45.72,49.67,95.4,-3.95,15.72,AMATA,Property,4602.360000000004
2026-06-30,70.54,24.43,94.97,46.11,24.59,AMATA,Property,4648.470000000004
2026-07-01,119.2,79.61,198.8,39.59,30.41,AMATA,Property,4688.060000000004
2026-07-02,12.44,96.79,109.23,-84.35,21.68,AMATA,Property,4603.710000000004
2026-07-03,76.25,22.55,98.8,53.69,28.11,AMATA,Property,4657.400000000003
2026-07-06,52.2,22.94,75.14,29.26,23.42,AMATA,Property,4686.6600000000035
2026-07-07,175.41,83.35,258.76,92.06,22.93,AMATA,Property,4778.720000000004
2026-07-08,87.82,76.77,164.59,11.05,32.86,AMATA,Property,4789.770000000004
2026-07-09,109.19,30.36,139.56,78.83,33.59,AMATA,Property,4868.600000000004
2026-07-10,222.55,88.37,310.91,134.18,25.26,AMATA,Property,5002.780000000004
2026-07-13,78.08,120.77,198.84,-42.69,35.72,AMATA,Property,4960.090000000005
2026-07-14,38.5,99.45,137.95,-60.95,32.61,AMATA,Property,4899.140000000005
2026-07-15,85.52,74.54,160.07,10.98,26.03,AMATA,Property,4910.120000000004
2026-07-16,106.5,116.11,222.6,-9.61,33.45,AMATA,Property,4900.510000000005
2026-07-17,117.59,146.21,263.79,-28.62,38.0,AMATA,Property,4871.890000000005
2026-07-20,85.64,69.99,155.63,15.65,23.79,AMATA,Property,4887.5400000000045
2026-07-21,143.1,186.8,329.9,-43.71,31.42,AMATA,Property,4843.8300000000045
2026-07-22,88.76,96.03,184.79,-7.27,30.35,AMATA,Property,4836.560000000004
2026-07-23,113.28,118.82,232.1,-5.54,28.27,AMATA,Property,4831.020000000004
2026-07-24,39.61,109.23,148.85,-69.62,22.47,AMATA,Property,4761.400000000004
2026-07-27,182.84,78.65,261.49,104.19,21.57,AMATA,Property,4865.590000000004
2026-07-30,106.65,100.58,207.23,6.06,32.91,AMATA,Property,4871.650000000004
2026-07-31,151.12,209.33,360.46,-58.21,28.08,AMATA,Property,4813.440000000004
2026-08-03,24.38,63.15,87.53,-38.78,22.78,AMATA,Property,4774.660000000004
2026-08-04,30.83,41.4,72.23,-10.58,21.1,AMATA,Property,4764.0800000000045
2026-08-05,20.33,37.71,58.03,-17.38,23.99,AMATA,Property,4746.700000000004
2026-08-06,31.71,56.08,87.79,-24.37,19.59,AMATA,Property,4722.3300000000045
2026-08-07,40.63,65.64,106.27,-25.02,14.48,AMATA,Property,4697.310000000004
2026-08-10,6.8,50.23,57.03,-43.42,19.96,AMATA,Property,4653.890000000004
2026-08-11,18.22,30.41,48.63,-12.19,12.86,AMATA,Property,4641.700000000004
2026-08-13,16.82,23.78,40.61,-6.96,20.09,AMATA,Property,4634.740000000004
2026-08-14,374.2,118.71,492.91,255.5,25.33,AMATA,Property,4890.240000000004
2026-08-17,89.94,181.85,271.79,-91.92,32.86,AMATA,Property,4798.320000000004
