date,buy_mb,sell_mb,buy_sell_mb,net_mb,nvdr_pct,symbol,sector,cumulative_net_mb
2020-01-02,0.78,0.01,0.79,0.77,4.13,BA,Trans,0.77
2020-01-03,0.65,0.2,0.85,0.45,6.75,BA,Trans,1.22
2020-01-06,1.01,0.32,1.34,0.69,13.13,BA,Trans,1.91
2020-01-07,1.01,0.57,1.58,0.44,10.48,BA,Trans,2.35
2020-01-08,0.02,1.04,1.05,-1.02,8.65,BA,Trans,1.33
2020-01-09,0.11,0.53,0.64,-0.42,6.45,BA,Trans,0.9100000000000001
2020-01-10,0.0,0.3,0.3,-0.3,6.84,BA,Trans,0.6100000000000001
2020-01-13,0.47,0.1,0.56,0.37,4.45,BA,Trans,0.9800000000000001
2020-01-14,0.72,0.06,0.79,0.66,11.72,BA,Trans,1.6400000000000001
2020-01-15,0.05,0.2,0.24,-0.15,12.19,BA,Trans,1.4900000000000002
2020-01-16,0.24,0.06,0.3,0.17,2.96,BA,Trans,1.6600000000000001
2020-01-17,1.39,0.31,1.69,1.08,3.67,BA,Trans,2.74
2020-01-20,1.95,0.41,2.37,1.54,6.99,BA,Trans,4.28
2020-01-21,0.04,0.77,0.8,-0.73,7.94,BA,Trans,3.5500000000000003
2020-01-22,0.06,1.63,1.69,-1.57,9.95,BA,Trans,1.9800000000000002
2020-01-23,0.44,0.54,0.99,-0.1,20.26,BA,Trans,1.8800000000000001
2020-01-24,0.0,0.45,0.45,-0.45,5.25,BA,Trans,1.4300000000000002
2020-01-27,0.0,1.74,1.74,-1.74,12.56,BA,Trans,-0.30999999999999983
2020-01-28,0.34,0.3,0.63,0.04,13.28,BA,Trans,-0.26999999999999985
2020-01-29,0.09,0.66,0.75,-0.56,8.33,BA,Trans,-0.8299999999999998
2020-01-30,0.11,0.36,0.48,-0.25,4.56,BA,Trans,-1.0799999999999998
2020-01-31,0.42,0.84,1.26,-0.42,8.17,BA,Trans,-1.4999999999999998
2020-02-03,0.33,2.83,3.16,-2.5,28.31,BA,Trans,-4.0
2020-02-04,1.07,3.61,4.68,-2.53,17.9,BA,Trans,-6.529999999999999
2020-02-05,1.36,2.7,4.06,-1.34,22.1,BA,Trans,-7.869999999999999
2020-02-06,1.78,2.45,4.23,-0.68,23.93,BA,Trans,-8.549999999999999
2020-02-07,0.9,0.01,0.9,0.89,7.1,BA,Trans,-7.659999999999999
2020-02-11,0.88,0.13,1.01,0.74,10.51,BA,Trans,-6.919999999999999
2020-02-12,0.16,0.78,0.94,-0.62,5.88,BA,Trans,-7.539999999999999
2020-02-13,0.16,0.99,1.15,-0.83,19.26,BA,Trans,-8.37
2020-02-14,0.07,0.39,0.45,-0.32,12.54,BA,Trans,-8.69
2020-02-17,0.07,0.42,0.49,-0.35,19.67,BA,Trans,-9.04
2020-02-18,0.07,3.42,3.48,-3.35,15.97,BA,Trans,-12.389999999999999
2020-02-19,0.13,2.96,3.09,-2.84,21.67,BA,Trans,-15.229999999999999
2020-02-20,0.17,1.64,1.81,-1.47,15.72,BA,Trans,-16.7
2020-02-21,0.02,3.88,3.9,-3.87,21.09,BA,Trans,-20.57
2020-02-24,0.3,1.51,1.81,-1.21,6.53,BA,Trans,-21.78
2020-02-25,0.04,2.45,2.49,-2.41,7.06,BA,Trans,-24.19
2020-02-26,0.8,6.37,7.18,-5.57,17.82,BA,Trans,-29.76
2020-02-27,3.94,1.3,5.24,2.64,37.7,BA,Trans,-27.12
2020-02-28,0.94,1.53,2.46,-0.59,20.24,BA,Trans,-27.71
2020-03-02,1.09,1.03,2.11,0.06,16.35,BA,Trans,-27.650000000000002
2020-03-03,1.61,1.01,2.62,0.6,18.74,BA,Trans,-27.05
2020-03-04,0.74,0.05,0.79,0.69,9.51,BA,Trans,-26.36
2020-03-05,1.29,0.09,1.39,1.2,5.01,BA,Trans,-25.16
2020-03-06,0.29,0.04,0.33,0.26,4.16,BA,Trans,-24.9
2020-03-09,0.2,0.72,0.92,-0.52,4.72,BA,Trans,-25.419999999999998
2020-03-10,0.32,1.48,1.8,-1.15,10.06,BA,Trans,-26.569999999999997
2020-03-11,0.64,0.22,0.86,0.41,8.09,BA,Trans,-26.159999999999997
2020-03-12,0.84,2.64,3.48,-1.81,14.45,BA,Trans,-27.969999999999995
2020-03-13,1.67,1.86,3.52,-0.19,12.72,BA,Trans,-28.159999999999997
2020-03-16,0.49,1.4,1.89,-0.91,14.06,BA,Trans,-29.069999999999997
2020-03-17,0.55,1.38,1.93,-0.82,13.36,BA,Trans,-29.889999999999997
2020-03-18,1.0,0.87,1.87,0.12,8.9,BA,Trans,-29.769999999999996
2020-03-19,0.45,1.23,1.68,-0.79,9.3,BA,Trans,-30.559999999999995
2020-03-20,1.59,0.38,1.97,1.21,21.11,BA,Trans,-29.349999999999994
2020-03-23,0.1,0.99,1.09,-0.89,14.37,BA,Trans,-30.239999999999995
2020-03-24,0.08,0.86,0.94,-0.78,22.71,BA,Trans,-31.019999999999996
2020-03-25,0.2,0.25,0.45,-0.04,15.62,BA,Trans,-31.059999999999995
2020-03-26,0.8,0.56,1.37,0.24,13.27,BA,Trans,-30.819999999999997
2020-03-27,0.76,0.08,0.84,0.67,5.86,BA,Trans,-30.149999999999995
2020-03-30,0.19,0.22,0.41,-0.02,12.64,BA,Trans,-30.169999999999995
2020-03-31,0.26,0.34,0.6,-0.08,6.66,BA,Trans,-30.249999999999993
2020-04-01,0.21,0.26,0.47,-0.05,8.17,BA,Trans,-30.299999999999994
2020-04-02,0.34,0.09,0.42,0.25,4.04,BA,Trans,-30.049999999999994
2020-04-03,2.16,1.39,3.55,0.76,7.98,BA,Trans,-29.289999999999992
2020-04-07,5.57,2.94,8.51,2.62,12.95,BA,Trans,-26.66999999999999
2020-04-08,5.77,2.81,8.58,2.97,11.95,BA,Trans,-23.699999999999992
2020-04-09,3.18,5.25,8.43,-2.07,8.3,BA,Trans,-25.769999999999992
2020-04-10,1.02,0.44,1.46,0.58,4.18,BA,Trans,-25.189999999999994
2020-04-13,0.71,2.61,3.32,-1.9,10.91,BA,Trans,-27.089999999999993
2020-04-14,2.63,0.32,2.96,2.31,12.35,BA,Trans,-24.779999999999994
2020-04-15,3.02,0.71,3.73,2.32,9.18,BA,Trans,-22.459999999999994
2020-04-16,1.71,4.21,5.92,-2.51,8.65,BA,Trans,-24.96999999999999
2020-04-17,0.66,3.53,4.18,-2.87,7.42,BA,Trans,-27.839999999999993
2020-04-20,3.06,1.37,4.43,1.68,5.15,BA,Trans,-26.159999999999993
2020-04-21,2.6,4.92,7.52,-2.33,7.44,BA,Trans,-28.489999999999995
2020-04-22,2.74,0.39,3.12,2.35,8.2,BA,Trans,-26.139999999999993
2020-04-23,1.23,0.01,1.23,1.22,6.4,BA,Trans,-24.919999999999995
2020-04-24,2.09,0.79,2.88,1.3,11.72,BA,Trans,-23.619999999999994
2020-04-27,12.94,2.44,15.38,10.5,21.97,BA,Trans,-13.119999999999994
2020-04-28,0.24,0.22,0.46,0.03,3.98,BA,Trans,-13.089999999999995
2020-04-29,3.05,0.12,3.18,2.93,9.68,BA,Trans,-10.159999999999995
2020-04-30,8.24,0.0,8.25,8.24,17.57,BA,Trans,-1.9199999999999946
2020-05-05,1.08,12.08,13.15,-11.0,25.86,BA,Trans,-12.919999999999995
2020-05-07,0.63,1.32,1.95,-0.69,7.57,BA,Trans,-13.609999999999994
2020-05-08,1.7,0.43,2.13,1.28,16.79,BA,Trans,-12.329999999999995
2020-05-11,0.58,0.7,1.29,-0.12,8.83,BA,Trans,-12.449999999999994
2020-05-12,2.57,0.72,3.29,1.85,19.23,BA,Trans,-10.599999999999994
2020-05-13,5.99,0.1,6.08,5.89,16.9,BA,Trans,-4.709999999999995
2020-05-14,0.3,0.48,0.79,-0.18,5.99,BA,Trans,-4.889999999999994
2020-05-15,0.13,1.45,1.58,-1.32,10.25,BA,Trans,-6.209999999999995
2020-05-18,0.24,1.47,1.72,-1.23,7.77,BA,Trans,-7.439999999999994
2020-05-19,1.92,0.34,2.25,1.58,6.37,BA,Trans,-5.859999999999994
2020-05-20,0.15,0.07,0.22,0.08,1.39,BA,Trans,-5.779999999999994
2020-05-21,0.66,1.2,1.85,-0.54,8.35,BA,Trans,-6.319999999999994
2020-05-22,0.04,1.37,1.41,-1.34,10.96,BA,Trans,-7.659999999999994
2020-05-25,0.47,0.22,0.69,0.25,6.58,BA,Trans,-7.409999999999994
2020-05-26,1.5,1.53,3.03,-0.03,7.7,BA,Trans,-7.439999999999994
2020-05-27,9.47,3.66,13.12,5.81,5.32,BA,Trans,-1.6299999999999946
2020-05-28,2.14,3.01,5.16,-0.87,5.73,BA,Trans,-2.4999999999999947
2020-05-29,0.32,3.86,4.18,-3.54,12.51,BA,Trans,-6.039999999999995
2020-06-01,0.44,0.21,0.65,0.23,2.17,BA,Trans,-5.809999999999994
2020-06-02,1.18,1.58,2.76,-0.4,5.18,BA,Trans,-6.209999999999995
2020-06-04,6.68,4.3,10.98,2.38,8.71,BA,Trans,-3.8299999999999947
2020-06-05,1.19,6.45,7.65,-5.26,10.53,BA,Trans,-9.089999999999995
2020-06-08,2.27,4.24,6.51,-1.97,7.1,BA,Trans,-11.059999999999995
2020-06-09,18.51,2.2,20.71,16.31,22.19,BA,Trans,5.2500000000000036
2020-06-10,1.83,1.37,3.2,0.46,10.86,BA,Trans,5.7100000000000035
2020-06-11,2.41,0.91,3.32,1.5,7.26,BA,Trans,7.2100000000000035
2020-06-12,3.54,2.48,6.02,1.05,9.02,BA,Trans,8.260000000000003
2020-06-15,2.0,2.51,4.51,-0.51,7.17,BA,Trans,7.7500000000000036
2020-06-16,2.12,6.18,8.3,-4.06,8.13,BA,Trans,3.690000000000004
2020-06-17,5.0,8.34,13.34,-3.34,14.15,BA,Trans,0.3500000000000041
2020-06-18,2.19,6.71,8.9,-4.52,10.37,BA,Trans,-4.1699999999999955
2020-06-19,2.32,4.02,6.34,-1.7,7.21,BA,Trans,-5.869999999999996
2020-06-22,3.71,3.4,7.11,0.32,9.71,BA,Trans,-5.549999999999995
2020-06-23,0.67,3.64,4.31,-2.98,11.36,BA,Trans,-8.529999999999996
2020-06-24,1.1,3.86,4.95,-2.76,7.14,BA,Trans,-11.289999999999996
2020-06-25,6.83,2.0,8.83,4.84,9.17,BA,Trans,-6.449999999999996
2020-06-26,0.7,2.98,3.69,-2.28,23.11,BA,Trans,-8.729999999999995
2020-06-29,0.8,1.54,2.34,-0.74,10.07,BA,Trans,-9.469999999999995
2020-06-30,6.01,9.47,15.48,-3.46,17.2,BA,Trans,-12.929999999999996
2020-07-01,1.65,2.06,3.71,-0.41,10.68,BA,Trans,-13.339999999999996
2020-07-02,1.51,1.9,3.41,-0.39,12.24,BA,Trans,-13.729999999999997
2020-07-03,0.67,1.5,2.16,-0.83,8.36,BA,Trans,-14.559999999999997
2020-07-07,1.12,2.64,3.75,-1.52,12.66,BA,Trans,-16.08
2020-07-08,0.82,1.7,2.53,-0.88,12.67,BA,Trans,-16.959999999999997
2020-07-09,0.31,0.98,1.29,-0.66,10.81,BA,Trans,-17.619999999999997
2020-07-10,1.22,0.33,1.55,0.88,11.59,BA,Trans,-16.74
2020-07-13,0.37,1.55,1.92,-1.19,11.47,BA,Trans,-17.93
2020-07-14,0.96,0.72,1.68,0.24,9.74,BA,Trans,-17.69
2020-07-15,1.34,0.9,2.24,0.44,14.79,BA,Trans,-17.25
2020-07-16,0.37,0.6,0.97,-0.23,11.11,BA,Trans,-17.48
2020-07-17,0.14,0.8,0.95,-0.66,14.23,BA,Trans,-18.14
2020-07-20,0.17,0.36,0.53,-0.19,4.06,BA,Trans,-18.330000000000002
2020-07-21,1.13,0.61,1.75,0.52,7.07,BA,Trans,-17.810000000000002
2020-07-22,0.01,1.54,1.54,-1.53,12.99,BA,Trans,-19.340000000000003
2020-07-23,0.23,0.29,0.52,-0.05,4.97,BA,Trans,-19.390000000000004
2020-07-24,0.06,0.52,0.59,-0.46,6.35,BA,Trans,-19.850000000000005
2020-07-29,1.15,0.9,2.06,0.25,15.45,BA,Trans,-19.600000000000005
2020-07-30,0.41,0.73,1.14,-0.32,8.15,BA,Trans,-19.920000000000005
2020-07-31,2.75,0.21,2.96,2.54,20.02,BA,Trans,-17.380000000000006
2020-08-03,0.8,0.48,1.29,0.32,7.15,BA,Trans,-17.060000000000006
2020-08-04,0.87,0.04,0.91,0.83,7.17,BA,Trans,-16.230000000000008
2020-08-05,0.41,0.5,0.9,-0.09,7.29,BA,Trans,-16.320000000000007
2020-08-06,0.64,0.28,0.92,0.37,14.59,BA,Trans,-15.950000000000008
2020-08-07,0.41,0.56,0.97,-0.14,23.16,BA,Trans,-16.090000000000007
2020-08-10,0.04,0.25,0.29,-0.21,15.46,BA,Trans,-16.300000000000008
2020-08-11,0.84,1.18,2.02,-0.34,7.33,BA,Trans,-16.640000000000008
2020-08-13,1.57,0.94,2.52,0.63,4.99,BA,Trans,-16.01000000000001
2020-08-14,0.17,1.04,1.21,-0.87,14.3,BA,Trans,-16.88000000000001
2020-08-17,0.5,0.15,0.66,0.35,12.4,BA,Trans,-16.53000000000001
2020-08-18,0.25,1.17,1.42,-0.92,16.76,BA,Trans,-17.45000000000001
2020-08-19,0.36,1.04,1.41,-0.68,5.07,BA,Trans,-18.13000000000001
2020-08-20,0.11,0.41,0.52,-0.31,5.55,BA,Trans,-18.44000000000001
2020-08-21,0.09,0.14,0.23,-0.05,5.79,BA,Trans,-18.49000000000001
2020-08-24,0.11,0.07,0.18,0.04,3.66,BA,Trans,-18.45000000000001
2020-08-25,0.28,0.15,0.43,0.13,5.54,BA,Trans,-18.32000000000001
2020-08-26,0.0,0.06,0.06,-0.05,1.95,BA,Trans,-18.37000000000001
2020-08-27,0.44,0.15,0.59,0.29,3.8,BA,Trans,-18.080000000000013
2020-08-28,0.11,0.34,0.44,-0.23,5.36,BA,Trans,-18.310000000000013
2020-08-31,0.26,0.7,0.95,-0.44,12.42,BA,Trans,-18.750000000000014
2020-09-01,0.05,0.02,0.07,0.03,1.19,BA,Trans,-18.720000000000013
2020-09-02,0.11,0.0,0.11,0.11,4.67,BA,Trans,-18.610000000000014
2020-09-03,0.1,0.2,0.3,-0.1,8.32,BA,Trans,-18.710000000000015
2020-09-08,0.12,0.1,0.22,0.02,3.56,BA,Trans,-18.690000000000015
2020-09-09,0.37,0.15,0.52,0.22,5.0,BA,Trans,-18.470000000000017
2020-09-10,0.27,0.23,0.5,0.04,10.14,BA,Trans,-18.430000000000017
2020-09-11,0.5,0.01,0.52,0.49,3.18,BA,Trans,-17.94000000000002
2020-09-14,0.01,0.26,0.27,-0.25,4.07,BA,Trans,-18.19000000000002
2020-09-15,0.37,0.17,0.53,0.2,6.82,BA,Trans,-17.99000000000002
2020-09-16,0.27,0.17,0.44,0.1,6.52,BA,Trans,-17.89000000000002
2020-09-17,0.07,0.09,0.16,-0.02,1.33,BA,Trans,-17.910000000000018
2020-09-18,0.48,0.24,0.72,0.24,6.96,BA,Trans,-17.67000000000002
2020-09-21,1.05,0.0,1.05,1.05,12.1,BA,Trans,-16.62000000000002
2020-09-22,0.3,0.25,0.55,0.06,7.01,BA,Trans,-16.56000000000002
2020-09-23,0.21,0.37,0.58,-0.17,2.89,BA,Trans,-16.73000000000002
2020-09-24,0.01,0.2,0.21,-0.19,3.22,BA,Trans,-16.920000000000023
2020-09-25,0.01,0.03,0.04,-0.01,1.95,BA,Trans,-16.930000000000025
2020-09-28,0.21,0.18,0.39,0.04,18.82,BA,Trans,-16.890000000000025
2020-09-29,0.32,0.01,0.33,0.31,6.93,BA,Trans,-16.580000000000027
2020-09-30,0.03,0.03,0.06,0.0,2.27,BA,Trans,-16.580000000000027
2020-10-01,0.33,0.03,0.36,0.31,8.24,BA,Trans,-16.270000000000028
2020-10-02,0.08,0.07,0.15,0.01,14.84,BA,Trans,-16.260000000000026
2020-10-05,0.13,0.15,0.28,-0.02,6.3,BA,Trans,-16.280000000000026
2020-10-06,0.13,0.02,0.14,0.11,5.56,BA,Trans,-16.170000000000027
2020-10-07,0.26,0.04,0.3,0.22,3.32,BA,Trans,-15.950000000000026
2020-10-08,0.49,0.34,0.83,0.15,8.45,BA,Trans,-15.800000000000026
2020-10-09,0.04,0.04,0.08,0.0,7.0,BA,Trans,-15.800000000000026
2020-10-12,0.01,0.02,0.03,-0.0,3.72,BA,Trans,-15.800000000000026
2020-10-14,0.05,0.02,0.08,0.03,2.43,BA,Trans,-15.770000000000026
2020-10-15,0.36,0.48,0.84,-0.12,12.37,BA,Trans,-15.890000000000025
2020-10-16,0.02,0.06,0.08,-0.05,2.01,BA,Trans,-15.940000000000026
2020-10-19,0.0,0.16,0.16,-0.16,1.18,BA,Trans,-16.100000000000026
2020-10-20,0.1,0.95,1.06,-0.85,12.7,BA,Trans,-16.950000000000028
2020-10-21,0.25,0.15,0.4,0.1,37.24,BA,Trans,-16.850000000000026
2020-10-22,0.92,0.39,1.31,0.52,18.13,BA,Trans,-16.330000000000027
2020-10-26,0.81,0.34,1.14,0.47,17.43,BA,Trans,-15.860000000000026
2020-10-27,1.7,0.01,1.71,1.68,35.68,BA,Trans,-14.180000000000026
2020-10-28,0.0,0.0,0.0,-0.0,0.03,BA,Trans,-14.180000000000026
2020-10-29,0.03,0.03,0.06,-0.0,2.02,BA,Trans,-14.180000000000026
2020-11-02,0.82,0.05,0.87,0.78,35.65,BA,Trans,-13.400000000000027
2020-11-03,1.08,0.17,1.25,0.92,28.04,BA,Trans,-12.480000000000027
2020-11-04,0.38,0.02,0.39,0.36,9.9,BA,Trans,-12.120000000000028
2020-11-05,0.74,0.12,0.86,0.61,26.33,BA,Trans,-11.510000000000028
2020-11-06,1.59,0.15,1.74,1.45,28.37,BA,Trans,-10.060000000000029
2020-11-09,0.24,0.41,0.65,-0.17,8.51,BA,Trans,-10.230000000000029
2020-11-10,2.28,2.42,4.7,-0.15,4.04,BA,Trans,-10.38000000000003
2020-11-11,3.37,2.29,5.65,1.08,9.43,BA,Trans,-9.30000000000003
2020-11-12,2.5,0.26,2.75,2.24,13.46,BA,Trans,-7.060000000000029
2020-11-13,0.1,0.47,0.57,-0.37,7.79,BA,Trans,-7.430000000000029
2020-11-16,0.36,0.45,0.81,-0.09,8.24,BA,Trans,-7.520000000000029
2020-11-17,1.79,0.77,2.56,1.02,11.4,BA,Trans,-6.500000000000028
2020-11-18,6.56,0.79,7.35,5.77,44.31,BA,Trans,-0.7300000000000288
2020-11-19,1.93,1.73,3.66,0.2,10.89,BA,Trans,-0.5300000000000289
2020-11-20,4.96,1.53,6.49,3.43,9.7,BA,Trans,2.899999999999971
2020-11-23,3.03,0.25,3.28,2.78,9.11,BA,Trans,5.679999999999971
2020-11-24,4.63,0.98,5.61,3.65,23.83,BA,Trans,9.329999999999972
2020-11-25,3.0,1.85,4.85,1.16,25.64,BA,Trans,10.489999999999972
2020-11-26,5.33,1.18,6.5,4.15,19.37,BA,Trans,14.639999999999972
2020-11-27,4.01,2.15,6.16,1.86,20.79,BA,Trans,16.49999999999997
2020-11-30,9.76,3.89,13.65,5.87,44.15,BA,Trans,22.369999999999973
2020-12-01,2.15,0.78,2.93,1.36,26.09,BA,Trans,23.729999999999972
2020-12-02,4.97,0.18,5.15,4.79,28.24,BA,Trans,28.51999999999997
2020-12-03,8.29,2.57,10.86,5.72,36.19,BA,Trans,34.239999999999974
2020-12-04,2.84,1.47,4.32,1.37,18.06,BA,Trans,35.60999999999997
2020-12-08,3.99,0.81,4.79,3.18,12.06,BA,Trans,38.78999999999997
2020-12-09,19.17,6.47,25.64,12.7,36.83,BA,Trans,51.48999999999997
2020-12-14,41.07,18.33,59.4,22.74,29.07,BA,Trans,74.22999999999996
2020-12-15,24.78,17.02,41.8,7.77,46.39,BA,Trans,81.99999999999996
2020-12-16,2.21,3.0,5.21,-0.79,15.99,BA,Trans,81.20999999999995
2020-12-17,2.42,8.24,10.66,-5.82,31.44,BA,Trans,75.38999999999996
2020-12-18,3.88,0.54,4.42,3.34,12.47,BA,Trans,78.72999999999996
2020-12-21,12.65,2.57,15.22,10.08,9.63,BA,Trans,88.80999999999996
2020-12-22,5.93,1.43,7.36,4.5,13.36,BA,Trans,93.30999999999996
2020-12-23,0.94,3.18,4.12,-2.25,12.25,BA,Trans,91.05999999999996
2020-12-24,0.93,2.63,3.56,-1.7,10.06,BA,Trans,89.35999999999996
2020-12-25,0.6,1.1,1.7,-0.5,11.81,BA,Trans,88.85999999999996
2020-12-28,1.89,1.98,3.86,-0.09,10.32,BA,Trans,88.76999999999995
2020-12-29,1.47,0.11,1.58,1.35,14.37,BA,Trans,90.11999999999995
2020-12-30,0.32,1.47,1.78,-1.15,12.63,BA,Trans,88.96999999999994
2021-01-04,0.81,1.23,2.04,-0.42,9.56,BA,Trans,88.54999999999994
2021-01-05,0.87,1.38,2.26,-0.51,14.65,BA,Trans,88.03999999999994
2021-01-06,0.68,1.99,2.67,-1.31,8.66,BA,Trans,86.72999999999993
2021-01-07,1.04,1.15,2.18,-0.11,11.98,BA,Trans,86.61999999999993
2021-01-08,0.78,1.6,2.38,-0.82,17.49,BA,Trans,85.79999999999994
2021-01-11,4.31,0.52,4.83,3.78,22.73,BA,Trans,89.57999999999994
2021-01-12,0.43,0.85,1.28,-0.43,10.74,BA,Trans,89.14999999999993
2021-01-13,14.81,1.14,15.94,13.67,39.27,BA,Trans,102.81999999999994
2021-01-14,1.53,0.71,2.25,0.82,22.71,BA,Trans,103.63999999999993
2021-01-15,3.31,0.42,3.73,2.88,25.78,BA,Trans,106.51999999999992
2021-01-18,0.44,0.61,1.05,-0.18,9.65,BA,Trans,106.33999999999992
2021-01-19,1.19,0.92,2.11,0.26,8.5,BA,Trans,106.59999999999992
2021-01-20,0.66,0.85,1.51,-0.19,9.49,BA,Trans,106.40999999999993
2021-01-21,0.71,2.16,2.88,-1.45,20.33,BA,Trans,104.95999999999992
2021-01-22,0.0,0.66,0.66,-0.66,8.84,BA,Trans,104.29999999999993
2021-01-25,0.04,1.01,1.04,-0.97,8.24,BA,Trans,103.32999999999993
2021-01-26,0.5,0.44,0.94,0.05,12.26,BA,Trans,103.37999999999992
2021-01-27,1.84,1.67,3.5,0.17,14.25,BA,Trans,103.54999999999993
2021-01-28,0.11,2.15,2.27,-2.04,9.51,BA,Trans,101.50999999999992
2021-01-29,0.16,1.44,1.61,-1.28,14.34,BA,Trans,100.22999999999992
2021-02-01,0.54,0.33,0.87,0.2,12.96,BA,Trans,100.42999999999992
2021-02-02,0.99,1.85,2.83,-0.86,12.61,BA,Trans,99.56999999999992
2021-02-03,0.95,1.32,2.27,-0.37,19.32,BA,Trans,99.19999999999992
2021-02-04,0.61,0.1,0.71,0.51,10.13,BA,Trans,99.70999999999992
2021-02-05,1.92,1.03,2.96,0.89,14.75,BA,Trans,100.59999999999992
2021-02-08,5.25,4.2,9.45,1.05,17.71,BA,Trans,101.64999999999992
2021-02-09,5.28,4.5,9.78,0.78,13.68,BA,Trans,102.42999999999992
2021-02-10,0.8,1.62,2.42,-0.82,8.61,BA,Trans,101.60999999999993
2021-02-11,0.85,0.84,1.69,0.01,10.01,BA,Trans,101.61999999999993
2021-02-15,1.03,1.07,2.1,-0.04,6.47,BA,Trans,101.57999999999993
2021-02-16,3.7,1.99,5.69,1.71,15.23,BA,Trans,103.28999999999992
2021-02-17,0.78,0.05,0.83,0.73,4.66,BA,Trans,104.01999999999992
2021-02-18,0.48,0.48,0.95,0.0,6.92,BA,Trans,104.01999999999992
2021-02-19,0.15,0.95,1.1,-0.79,6.39,BA,Trans,103.22999999999992
2021-02-22,3.84,1.34,5.18,2.5,9.17,BA,Trans,105.72999999999992
2021-02-23,4.49,1.48,5.97,3.01,7.54,BA,Trans,108.73999999999992
2021-02-24,4.96,7.3,12.26,-2.33,9.42,BA,Trans,106.40999999999993
2021-02-25,2.97,3.9,6.87,-0.93,8.93,BA,Trans,105.47999999999992
2021-03-01,3.04,0.59,3.63,2.45,10.51,BA,Trans,107.92999999999992
2021-03-02,2.3,0.87,3.18,1.43,19.24,BA,Trans,109.35999999999993
2021-03-03,2.64,3.25,5.89,-0.61,12.57,BA,Trans,108.74999999999993
2021-03-04,9.92,2.15,12.08,7.77,12.41,BA,Trans,116.51999999999992
2021-03-05,3.93,2.05,5.98,1.88,11.37,BA,Trans,118.39999999999992
2021-03-08,4.99,8.53,13.52,-3.54,15.79,BA,Trans,114.85999999999991
2021-03-09,7.54,2.46,10.0,5.07,18.57,BA,Trans,119.92999999999992
2021-03-10,17.04,5.43,22.47,11.61,23.49,BA,Trans,131.5399999999999
2021-03-11,4.41,6.32,10.73,-1.91,17.13,BA,Trans,129.6299999999999
2021-03-12,6.15,2.81,8.95,3.34,14.7,BA,Trans,132.9699999999999
2021-03-15,7.37,3.41,10.77,3.96,38.23,BA,Trans,136.92999999999992
2021-03-16,1.84,0.92,2.76,0.92,22.65,BA,Trans,137.8499999999999
2021-03-17,2.82,2.12,4.94,0.7,25.95,BA,Trans,138.5499999999999
2021-03-18,6.31,4.45,10.76,1.86,26.58,BA,Trans,140.4099999999999
2021-03-19,2.23,4.85,7.08,-2.62,27.58,BA,Trans,137.7899999999999
2021-03-22,2.69,2.43,5.12,0.26,15.71,BA,Trans,138.0499999999999
2021-03-23,4.21,9.87,14.08,-5.66,33.56,BA,Trans,132.3899999999999
2021-03-24,2.12,0.73,2.85,1.39,16.54,BA,Trans,133.7799999999999
2021-03-25,6.29,2.24,8.53,4.05,39.04,BA,Trans,137.8299999999999
2021-03-26,16.81,4.63,21.44,12.18,20.83,BA,Trans,150.0099999999999
2021-03-29,7.0,5.66,12.67,1.34,19.09,BA,Trans,151.3499999999999
2021-03-30,1.59,4.2,5.79,-2.61,19.52,BA,Trans,148.7399999999999
2021-03-31,7.6,13.09,20.69,-5.49,42.33,BA,Trans,143.2499999999999
2021-04-01,5.85,7.15,13.0,-1.3,33.08,BA,Trans,141.94999999999987
2021-04-02,3.17,4.17,7.34,-1.0,21.95,BA,Trans,140.94999999999987
2021-04-05,3.92,3.04,6.95,0.88,9.39,BA,Trans,141.82999999999987
2021-04-07,10.24,5.39,15.63,4.85,17.42,BA,Trans,146.67999999999986
2021-04-08,3.8,1.66,5.47,2.14,17.66,BA,Trans,148.81999999999985
2021-04-09,0.57,1.37,1.94,-0.8,15.59,BA,Trans,148.01999999999984
2021-04-12,2.76,2.01,4.77,0.75,9.74,BA,Trans,148.76999999999984
2021-04-16,3.3,0.91,4.21,2.39,15.24,BA,Trans,151.15999999999983
2021-04-19,4.54,2.22,6.76,2.32,15.15,BA,Trans,153.47999999999982
2021-04-20,1.25,2.5,3.74,-1.25,24.05,BA,Trans,152.22999999999982
2021-04-21,0.51,3.37,3.88,-2.86,17.74,BA,Trans,149.3699999999998
2021-04-22,1.68,5.11,6.79,-3.43,25.06,BA,Trans,145.9399999999998
2021-04-23,7.24,8.77,16.02,-1.53,28.93,BA,Trans,144.4099999999998
2021-04-26,0.7,3.93,4.63,-3.24,19.16,BA,Trans,141.1699999999998
2021-04-27,0.75,1.41,2.16,-0.66,14.01,BA,Trans,140.5099999999998
2021-04-28,1.44,3.15,4.59,-1.71,30.7,BA,Trans,138.79999999999978
2021-04-29,0.67,2.53,3.2,-1.87,24.85,BA,Trans,136.92999999999978
2021-04-30,0.81,1.33,2.13,-0.52,13.51,BA,Trans,136.40999999999977
2021-05-05,1.85,2.75,4.6,-0.89,24.95,BA,Trans,135.51999999999978
2021-05-06,2.91,0.8,3.71,2.11,14.44,BA,Trans,137.6299999999998
2021-05-07,1.6,1.08,2.68,0.52,23.79,BA,Trans,138.1499999999998
2021-05-10,2.66,1.36,4.01,1.3,25.33,BA,Trans,139.44999999999982
2021-05-11,1.33,1.44,2.77,-0.11,14.95,BA,Trans,139.3399999999998
2021-05-12,0.73,1.37,2.1,-0.65,15.1,BA,Trans,138.6899999999998
2021-05-13,4.21,5.22,9.43,-1.01,14.73,BA,Trans,137.6799999999998
2021-05-14,1.81,2.07,3.88,-0.26,28.42,BA,Trans,137.41999999999982
2021-05-17,0.48,0.82,1.3,-0.34,15.41,BA,Trans,137.0799999999998
2021-05-18,6.26,2.16,8.42,4.1,28.38,BA,Trans,141.1799999999998
2021-05-19,3.47,1.83,5.3,1.64,22.22,BA,Trans,142.8199999999998
2021-05-20,1.46,0.74,2.2,0.72,18.44,BA,Trans,143.5399999999998
2021-05-21,1.84,0.49,2.33,1.35,11.02,BA,Trans,144.8899999999998
2021-05-24,0.59,0.3,0.9,0.29,8.97,BA,Trans,145.17999999999978
2021-05-25,0.99,0.6,1.59,0.38,11.44,BA,Trans,145.55999999999977
2021-05-27,6.73,2.16,8.9,4.57,24.8,BA,Trans,150.12999999999977
2021-05-28,7.61,2.59,10.2,5.02,11.23,BA,Trans,155.14999999999978
2021-05-31,1.96,3.92,5.88,-1.96,18.69,BA,Trans,153.18999999999977
2021-06-01,6.25,2.99,9.25,3.26,19.87,BA,Trans,156.44999999999976
2021-06-02,4.68,4.68,9.36,0.0,14.38,BA,Trans,156.44999999999976
2021-06-04,2.08,4.8,6.88,-2.73,10.78,BA,Trans,153.71999999999977
2021-06-07,11.53,14.3,25.84,-2.77,16.01,BA,Trans,150.94999999999976
2021-06-08,8.21,7.78,15.98,0.43,9.9,BA,Trans,151.37999999999977
2021-06-09,7.64,6.65,14.29,0.99,22.91,BA,Trans,152.36999999999978
2021-06-10,22.9,5.17,28.06,17.73,35.82,BA,Trans,170.09999999999977
2021-06-11,10.53,7.21,17.74,3.32,28.25,BA,Trans,173.41999999999976
2021-06-14,11.36,26.15,37.51,-14.79,26.06,BA,Trans,158.62999999999977
2021-06-15,91.32,32.76,124.07,58.56,20.92,BA,Trans,217.18999999999977
2021-06-16,13.7,23.34,37.03,-9.64,21.1,BA,Trans,207.54999999999978
2021-06-17,104.57,74.84,179.41,29.73,19.81,BA,Trans,237.27999999999977
2021-06-18,13.64,7.71,21.35,5.92,15.52,BA,Trans,243.19999999999976
2021-06-21,8.88,4.71,13.58,4.17,15.48,BA,Trans,247.36999999999975
2021-06-22,13.05,8.96,22.02,4.09,19.63,BA,Trans,251.45999999999975
2021-06-23,16.88,5.21,22.08,11.67,20.34,BA,Trans,263.12999999999977
2021-06-24,20.58,7.73,28.31,12.85,23.35,BA,Trans,275.9799999999998
2021-06-25,9.89,12.08,21.98,-2.19,24.11,BA,Trans,273.7899999999998
2021-06-28,19.0,12.06,31.06,6.94,14.97,BA,Trans,280.7299999999998
2021-06-29,28.04,26.83,54.87,1.21,27.87,BA,Trans,281.93999999999977
2021-06-30,1.14,24.26,25.39,-23.12,14.9,BA,Trans,258.81999999999977
2021-07-01,19.77,47.56,67.33,-27.79,17.24,BA,Trans,231.02999999999977
2021-07-02,3.01,23.61,26.62,-20.6,18.18,BA,Trans,210.42999999999978
2021-07-05,5.1,12.63,17.74,-7.53,25.14,BA,Trans,202.89999999999978
2021-07-06,44.02,38.91,82.93,5.11,20.39,BA,Trans,208.0099999999998
2021-07-07,6.8,17.66,24.47,-10.86,13.7,BA,Trans,197.1499999999998
2021-07-08,8.13,15.73,23.86,-7.6,16.31,BA,Trans,189.5499999999998
2021-07-09,61.3,30.94,92.23,30.36,25.08,BA,Trans,219.9099999999998
2021-07-12,9.93,50.2,60.13,-40.27,37.72,BA,Trans,179.6399999999998
2021-07-13,10.11,12.88,22.99,-2.77,10.02,BA,Trans,176.86999999999978
2021-07-14,3.18,8.93,12.11,-5.76,15.36,BA,Trans,171.1099999999998
2021-07-15,24.35,17.04,41.39,7.31,12.31,BA,Trans,178.4199999999998
2021-07-16,9.14,9.22,18.36,-0.08,20.22,BA,Trans,178.33999999999978
2021-07-19,3.94,7.76,11.7,-3.81,20.08,BA,Trans,174.52999999999977
2021-07-20,28.38,10.36,38.74,18.02,19.15,BA,Trans,192.54999999999978
2021-07-21,36.64,49.0,85.64,-12.36,28.34,BA,Trans,180.18999999999977
2021-07-22,5.02,22.47,27.49,-17.44,25.95,BA,Trans,162.74999999999977
2021-07-23,2.17,7.75,9.92,-5.58,25.87,BA,Trans,157.16999999999976
2021-07-27,4.06,6.37,10.44,-2.31,25.32,BA,Trans,154.85999999999976
2021-07-29,3.81,7.53,11.34,-3.72,16.09,BA,Trans,151.13999999999976
2021-07-30,7.62,11.84,19.47,-4.22,31.05,BA,Trans,146.91999999999976
2021-08-02,4.44,2.9,7.34,1.54,30.72,BA,Trans,148.45999999999975
2021-08-03,3.01,28.42,31.43,-25.4,32.62,BA,Trans,123.05999999999975
2021-08-04,1.72,6.14,7.86,-4.41,34.89,BA,Trans,118.64999999999975
2021-08-05,1.55,7.49,9.04,-5.94,25.15,BA,Trans,112.70999999999975
2021-08-06,6.07,8.45,14.52,-2.38,21.55,BA,Trans,110.32999999999976
2021-08-09,6.81,3.05,9.86,3.77,30.59,BA,Trans,114.09999999999975
2021-08-10,1.75,3.79,5.53,-2.04,36.87,BA,Trans,112.05999999999975
2021-08-11,5.68,4.79,10.47,0.89,40.43,BA,Trans,112.94999999999975
2021-08-13,9.77,9.57,19.35,0.2,39.84,BA,Trans,113.14999999999975
2021-08-16,4.59,3.7,8.29,0.89,22.55,BA,Trans,114.03999999999975
2021-08-17,2.89,2.29,5.18,0.6,29.94,BA,Trans,114.63999999999974
2021-08-18,21.44,6.71,28.15,14.73,21.5,BA,Trans,129.36999999999975
2021-08-19,3.77,3.91,7.68,-0.14,21.57,BA,Trans,129.22999999999976
2021-08-20,18.34,23.21,41.55,-4.87,16.63,BA,Trans,124.35999999999976
2021-08-23,19.31,22.16,41.47,-2.85,24.19,BA,Trans,121.50999999999976
2021-08-24,5.16,15.72,20.88,-10.56,18.98,BA,Trans,110.94999999999976
2021-08-25,4.42,5.29,9.71,-0.87,24.71,BA,Trans,110.07999999999976
2021-08-26,2.16,1.09,3.25,1.07,15.15,BA,Trans,111.14999999999975
2021-08-27,3.28,4.21,7.49,-0.94,10.93,BA,Trans,110.20999999999975
2021-08-30,13.81,4.74,18.55,9.07,9.0,BA,Trans,119.27999999999975
2021-08-31,10.56,31.03,41.59,-20.48,14.55,BA,Trans,98.79999999999974
2021-09-01,16.08,5.17,21.25,10.91,16.56,BA,Trans,109.70999999999974
2021-09-02,9.67,1.68,11.35,7.99,12.73,BA,Trans,117.69999999999973
2021-09-03,21.32,6.81,28.13,14.51,11.72,BA,Trans,132.20999999999972
2021-09-06,10.89,2.04,12.93,8.85,21.25,BA,Trans,141.05999999999972
2021-09-07,15.16,12.49,27.66,2.67,18.89,BA,Trans,143.7299999999997
2021-09-08,8.83,17.01,25.84,-8.18,22.0,BA,Trans,135.5499999999997
2021-09-09,13.99,4.06,18.05,9.93,11.59,BA,Trans,145.4799999999997
2021-09-10,7.32,6.23,13.55,1.1,12.74,BA,Trans,146.5799999999997
2021-09-13,16.23,9.6,25.84,6.63,11.74,BA,Trans,153.2099999999997
2021-09-14,28.26,17.73,45.99,10.54,10.68,BA,Trans,163.7499999999997
2021-09-15,16.48,33.11,49.59,-16.63,27.47,BA,Trans,147.1199999999997
2021-09-16,4.95,21.73,26.68,-16.78,26.03,BA,Trans,130.3399999999997
2021-09-17,6.07,17.22,23.3,-11.15,21.75,BA,Trans,119.18999999999969
2021-09-20,46.24,5.63,51.87,40.62,24.12,BA,Trans,159.8099999999997
2021-09-21,38.64,14.82,53.46,23.82,20.26,BA,Trans,183.62999999999968
2021-09-22,2.25,9.63,11.88,-7.37,31.61,BA,Trans,176.25999999999968
2021-09-23,9.05,20.93,29.98,-11.87,19.29,BA,Trans,164.38999999999967
2021-09-27,27.72,12.09,39.81,15.64,19.84,BA,Trans,180.0299999999997
2021-09-28,42.42,2.95,45.37,39.47,16.15,BA,Trans,219.4999999999997
2021-09-29,7.6,9.49,17.09,-1.89,19.49,BA,Trans,217.6099999999997
2021-09-30,4.22,9.69,13.91,-5.47,33.83,BA,Trans,212.1399999999997
2021-10-01,1.77,6.93,8.7,-5.16,16.18,BA,Trans,206.9799999999997
2021-10-04,8.11,35.2,43.3,-27.09,20.39,BA,Trans,179.8899999999997
2021-10-05,3.77,8.51,12.28,-4.74,21.23,BA,Trans,175.1499999999997
2021-10-06,3.0,5.74,8.73,-2.74,15.94,BA,Trans,172.40999999999968
2021-10-07,0.62,7.62,8.24,-7.0,26.44,BA,Trans,165.40999999999968
2021-10-08,4.12,5.41,9.52,-1.29,9.91,BA,Trans,164.1199999999997
2021-10-11,7.8,12.46,20.27,-4.66,24.76,BA,Trans,159.4599999999997
2021-10-12,21.87,28.33,50.2,-6.46,20.34,BA,Trans,152.9999999999997
2021-10-14,2.49,3.97,6.46,-1.48,9.0,BA,Trans,151.5199999999997
2021-10-15,4.49,7.64,12.13,-3.16,10.77,BA,Trans,148.3599999999997
2021-10-18,2.95,1.43,4.38,1.52,10.01,BA,Trans,149.8799999999997
2021-10-19,0.63,6.14,6.77,-5.51,11.89,BA,Trans,144.36999999999972
2021-10-20,0.52,3.32,3.83,-2.8,19.6,BA,Trans,141.5699999999997
2021-10-21,0.22,3.49,3.71,-3.27,19.26,BA,Trans,138.2999999999997
2021-10-25,3.9,4.74,8.64,-0.84,14.88,BA,Trans,137.4599999999997
2021-10-26,7.1,2.79,9.89,4.31,23.07,BA,Trans,141.7699999999997
2021-10-27,6.22,1.19,7.4,5.03,17.21,BA,Trans,146.7999999999997
2021-10-28,1.34,7.73,9.07,-6.39,20.63,BA,Trans,140.4099999999997
2021-10-29,3.78,2.67,6.45,1.11,16.07,BA,Trans,141.51999999999973
2021-11-01,1.83,11.57,13.39,-9.74,15.56,BA,Trans,131.77999999999972
2021-11-02,0.24,2.64,2.87,-2.4,11.23,BA,Trans,129.3799999999997
2021-11-03,0.06,7.31,7.37,-7.25,20.85,BA,Trans,122.12999999999971
2021-11-04,2.66,0.97,3.63,1.69,12.02,BA,Trans,123.81999999999971
2021-11-05,3.16,1.25,4.4,1.91,16.02,BA,Trans,125.7299999999997
2021-11-08,4.54,4.58,9.12,-0.05,15.06,BA,Trans,125.67999999999971
2021-11-09,10.97,3.55,14.52,7.42,18.78,BA,Trans,133.0999999999997
2021-11-10,2.47,1.25,3.72,1.22,11.44,BA,Trans,134.3199999999997
2021-11-11,0.99,4.71,5.69,-3.72,15.72,BA,Trans,130.5999999999997
2021-11-12,1.46,0.79,2.26,0.67,11.61,BA,Trans,131.2699999999997
2021-11-15,1.22,5.08,6.31,-3.86,15.84,BA,Trans,127.4099999999997
2021-11-16,3.32,7.57,10.89,-4.25,10.88,BA,Trans,123.1599999999997
2021-11-17,1.78,4.1,5.88,-2.32,10.65,BA,Trans,120.8399999999997
2021-11-18,0.18,3.4,3.58,-3.21,13.14,BA,Trans,117.62999999999971
2021-11-19,0.26,4.25,4.51,-3.99,16.74,BA,Trans,113.63999999999972
2021-11-22,1.8,5.83,7.63,-4.03,20.52,BA,Trans,109.60999999999972
2021-11-23,0.06,4.27,4.33,-4.21,23.98,BA,Trans,105.39999999999972
2021-11-24,0.81,1.92,2.73,-1.11,10.48,BA,Trans,104.28999999999972
2021-11-25,3.76,1.72,5.48,2.04,7.12,BA,Trans,106.32999999999973
2021-11-26,30.14,12.63,42.77,17.51,16.55,BA,Trans,123.83999999999973
2021-11-29,19.09,6.93,26.02,12.16,23.72,BA,Trans,135.99999999999974
2021-11-30,2.62,13.33,15.95,-10.71,20.42,BA,Trans,125.28999999999974
2021-12-01,8.57,5.04,13.6,3.53,19.88,BA,Trans,128.81999999999974
2021-12-02,5.14,5.5,10.64,-0.36,18.77,BA,Trans,128.45999999999972
2021-12-03,4.11,2.47,6.58,1.64,14.69,BA,Trans,130.0999999999997
2021-12-07,2.2,12.52,14.72,-10.32,15.22,BA,Trans,119.77999999999972
2021-12-08,2.53,9.25,11.78,-6.73,17.51,BA,Trans,113.04999999999971
2021-12-09,0.94,3.59,4.53,-2.65,12.0,BA,Trans,110.39999999999971
2021-12-13,1.7,4.08,5.78,-2.38,24.28,BA,Trans,108.01999999999971
2021-12-14,1.67,3.19,4.87,-1.52,19.68,BA,Trans,106.49999999999972
2021-12-15,5.53,1.79,7.31,3.74,22.61,BA,Trans,110.23999999999971
2021-12-16,2.48,1.79,4.26,0.69,20.84,BA,Trans,110.92999999999971
2021-12-17,3.09,2.87,5.96,0.22,24.29,BA,Trans,111.14999999999971
2021-12-20,1.3,7.86,9.16,-6.57,16.74,BA,Trans,104.5799999999997
2021-12-21,1.76,2.57,4.34,-0.81,13.91,BA,Trans,103.7699999999997
2021-12-22,0.66,1.41,2.07,-0.75,14.59,BA,Trans,103.0199999999997
2021-12-23,1.34,1.15,2.49,0.19,23.06,BA,Trans,103.2099999999997
2021-12-24,0.67,1.27,1.94,-0.6,21.85,BA,Trans,102.6099999999997
2021-12-27,1.51,3.3,4.8,-1.79,29.54,BA,Trans,100.8199999999997
2021-12-28,11.07,4.33,15.4,6.74,18.2,BA,Trans,107.55999999999969
2021-12-29,9.57,3.03,12.6,6.55,27.84,BA,Trans,114.10999999999969
2021-12-30,1.59,2.85,4.44,-1.26,20.75,BA,Trans,112.84999999999968
2022-01-04,6.94,9.49,16.43,-2.54,30.22,BA,Trans,110.30999999999968
2022-01-05,5.17,2.3,7.47,2.87,14.91,BA,Trans,113.17999999999968
2022-01-06,3.87,15.83,19.7,-11.95,18.24,BA,Trans,101.22999999999968
2022-01-07,2.82,7.56,10.38,-4.74,11.52,BA,Trans,96.48999999999968
2022-01-10,5.56,4.0,9.56,1.56,7.32,BA,Trans,98.04999999999968
2022-01-11,6.2,1.29,7.49,4.91,16.8,BA,Trans,102.95999999999968
2022-01-12,7.05,2.93,9.98,4.12,14.05,BA,Trans,107.07999999999969
2022-01-13,6.72,0.98,7.7,5.74,14.78,BA,Trans,112.81999999999968
2022-01-14,7.45,1.64,9.09,5.81,15.35,BA,Trans,118.62999999999968
2022-01-17,9.15,4.85,13.99,4.3,13.15,BA,Trans,122.92999999999968
2022-01-18,4.52,18.5,23.01,-13.98,10.95,BA,Trans,108.94999999999968
2022-01-19,12.17,9.95,22.12,2.21,11.17,BA,Trans,111.15999999999967
2022-01-20,27.24,13.24,40.47,14.0,14.46,BA,Trans,125.15999999999967
2022-01-21,6.94,8.71,15.65,-1.77,12.33,BA,Trans,123.38999999999967
2022-01-24,2.55,22.65,25.2,-20.1,20.06,BA,Trans,103.28999999999968
2022-01-25,6.51,6.07,12.58,0.44,16.99,BA,Trans,103.72999999999968
2022-01-26,3.6,10.06,13.66,-6.46,25.12,BA,Trans,97.26999999999968
2022-01-27,18.48,10.6,29.08,7.88,21.64,BA,Trans,105.14999999999968
2022-01-28,6.04,1.74,7.78,4.3,19.31,BA,Trans,109.44999999999968
2022-01-31,4.25,2.02,6.27,2.23,23.64,BA,Trans,111.67999999999968
2022-02-01,16.21,0.82,17.03,15.39,27.54,BA,Trans,127.06999999999968
2022-02-02,12.09,4.23,16.32,7.86,27.33,BA,Trans,134.9299999999997
2022-02-03,6.7,1.0,7.7,5.7,18.63,BA,Trans,140.62999999999968
2022-02-04,11.7,8.46,20.16,3.24,24.38,BA,Trans,143.8699999999997
2022-02-07,8.19,6.07,14.26,2.12,22.62,BA,Trans,145.9899999999997
2022-02-08,101.4,24.75,126.15,76.65,15.81,BA,Trans,222.6399999999997
2022-02-09,13.58,7.47,21.05,6.11,11.94,BA,Trans,228.74999999999972
2022-02-10,11.59,14.83,26.42,-3.24,13.45,BA,Trans,225.5099999999997
2022-02-11,12.45,5.59,18.04,6.87,13.95,BA,Trans,232.3799999999997
2022-02-14,16.54,11.05,27.59,5.49,17.62,BA,Trans,237.86999999999972
2022-02-15,22.25,7.29,29.54,14.95,22.86,BA,Trans,252.8199999999997
2022-02-17,7.36,17.11,24.48,-9.75,17.89,BA,Trans,243.0699999999997
2022-02-18,1.9,15.55,17.45,-13.65,18.68,BA,Trans,229.4199999999997
2022-02-21,5.08,11.18,16.26,-6.1,14.13,BA,Trans,223.3199999999997
2022-02-22,10.82,12.71,23.53,-1.89,18.72,BA,Trans,221.42999999999972
2022-02-23,4.43,10.5,14.93,-6.07,24.57,BA,Trans,215.35999999999973
2022-02-24,4.93,26.46,31.39,-21.53,18.88,BA,Trans,193.82999999999973
2022-02-25,3.5,10.52,14.02,-7.02,27.75,BA,Trans,186.80999999999972
2022-02-28,3.3,11.2,14.49,-7.9,29.67,BA,Trans,178.9099999999997
2022-03-01,1.75,3.88,5.63,-2.13,20.8,BA,Trans,176.77999999999972
2022-03-02,0.8,15.56,16.35,-14.76,30.48,BA,Trans,162.01999999999973
2022-03-03,7.4,14.51,21.9,-7.11,22.52,BA,Trans,154.9099999999997
2022-03-04,11.6,11.51,23.11,0.08,30.52,BA,Trans,154.98999999999972
2022-03-07,26.1,25.08,51.18,1.02,24.0,BA,Trans,156.00999999999974
2022-03-08,17.13,22.27,39.4,-5.14,24.65,BA,Trans,150.86999999999975
2022-03-09,3.79,8.19,11.99,-4.4,23.96,BA,Trans,146.46999999999974
2022-03-10,4.93,8.76,13.69,-3.82,15.87,BA,Trans,142.64999999999975
2022-03-11,7.2,5.03,12.24,2.17,22.56,BA,Trans,144.81999999999974
2022-03-14,1.63,5.39,7.02,-3.75,27.56,BA,Trans,141.06999999999974
2022-03-15,3.95,9.0,12.95,-5.05,18.85,BA,Trans,136.01999999999973
2022-03-16,2.61,4.94,7.55,-2.33,21.79,BA,Trans,133.6899999999997
2022-03-17,7.75,4.99,12.73,2.76,18.71,BA,Trans,136.4499999999997
2022-03-18,12.1,11.14,23.24,0.95,13.39,BA,Trans,137.3999999999997
2022-03-21,3.17,10.37,13.54,-7.2,14.48,BA,Trans,130.1999999999997
2022-03-22,0.65,4.53,5.18,-3.88,17.23,BA,Trans,126.31999999999971
2022-03-23,1.34,3.02,4.36,-1.68,9.67,BA,Trans,124.6399999999997
2022-03-24,9.88,1.61,11.49,8.27,17.07,BA,Trans,132.9099999999997
2022-03-25,8.27,3.8,12.08,4.47,14.37,BA,Trans,137.3799999999997
2022-03-28,1.7,2.04,3.73,-0.34,11.05,BA,Trans,137.0399999999997
2022-03-29,8.33,6.69,15.02,1.65,12.67,BA,Trans,138.6899999999997
2022-03-30,1.11,2.9,4.01,-1.79,9.28,BA,Trans,136.89999999999972
2022-03-31,3.07,2.38,5.46,0.69,13.82,BA,Trans,137.58999999999972
2022-04-01,0.64,1.54,2.18,-0.9,15.34,BA,Trans,136.6899999999997
2022-04-04,5.18,4.29,9.46,0.89,14.76,BA,Trans,137.5799999999997
2022-04-05,2.43,3.02,5.45,-0.59,13.03,BA,Trans,136.9899999999997
2022-04-07,6.2,6.14,12.34,0.06,20.81,BA,Trans,137.0499999999997
2022-04-08,21.55,25.94,47.49,-4.39,13.75,BA,Trans,132.6599999999997
2022-04-11,7.72,31.03,38.75,-23.3,10.27,BA,Trans,109.35999999999972
2022-04-12,19.56,13.91,33.46,5.65,16.24,BA,Trans,115.00999999999972
2022-04-18,14.34,10.76,25.1,3.58,11.64,BA,Trans,118.58999999999972
2022-04-19,7.67,7.78,15.46,-0.11,15.81,BA,Trans,118.47999999999972
2022-04-20,16.18,4.22,20.39,11.96,15.11,BA,Trans,130.4399999999997
2022-04-21,3.33,17.34,20.67,-14.01,18.8,BA,Trans,116.42999999999971
2022-04-22,2.4,1.91,4.3,0.49,9.87,BA,Trans,116.9199999999997
2022-04-25,5.93,2.49,8.42,3.44,13.2,BA,Trans,120.3599999999997
2022-04-26,13.56,10.47,24.03,3.09,12.82,BA,Trans,123.4499999999997
2022-04-27,6.29,13.42,19.71,-7.14,17.9,BA,Trans,116.3099999999997
2022-04-28,1.43,2.47,3.9,-1.04,15.86,BA,Trans,115.2699999999997
2022-04-29,2.91,4.87,7.78,-1.95,9.96,BA,Trans,113.3199999999997
2022-05-03,7.5,7.41,14.91,0.08,13.01,BA,Trans,113.3999999999997
2022-05-05,32.07,12.55,44.62,19.52,22.53,BA,Trans,132.9199999999997
2022-05-06,15.35,13.63,28.98,1.72,16.63,BA,Trans,134.6399999999997
2022-05-09,16.8,4.55,21.35,12.25,14.08,BA,Trans,146.8899999999997
2022-05-10,18.99,9.03,28.02,9.95,21.52,BA,Trans,156.8399999999997
2022-05-11,6.19,7.23,13.43,-1.04,15.46,BA,Trans,155.7999999999997
2022-05-12,3.52,8.19,11.71,-4.67,19.12,BA,Trans,151.1299999999997
2022-05-13,3.98,23.06,27.04,-19.09,19.1,BA,Trans,132.0399999999997
2022-05-17,5.02,16.38,21.4,-11.35,19.27,BA,Trans,120.68999999999971
2022-05-18,8.37,1.1,9.47,7.27,12.98,BA,Trans,127.95999999999971
2022-05-19,4.67,5.11,9.78,-0.44,12.11,BA,Trans,127.51999999999971
2022-05-20,2.3,4.1,6.4,-1.79,9.43,BA,Trans,125.7299999999997
2022-05-23,4.81,4.75,9.56,0.06,20.66,BA,Trans,125.78999999999971
2022-05-24,3.36,6.68,10.04,-3.33,22.18,BA,Trans,122.45999999999971
2022-05-25,9.99,3.54,13.52,6.45,15.12,BA,Trans,128.9099999999997
2022-05-26,1.78,0.92,2.7,0.86,16.5,BA,Trans,129.76999999999973
2022-05-27,7.73,16.37,24.1,-8.64,23.56,BA,Trans,121.12999999999973
2022-05-30,10.71,5.01,15.72,5.71,20.28,BA,Trans,126.83999999999972
2022-05-31,7.44,5.01,12.45,2.43,22.28,BA,Trans,129.26999999999973
2022-06-01,3.41,4.09,7.5,-0.68,17.95,BA,Trans,128.58999999999972
2022-06-02,2.57,5.1,7.67,-2.54,22.82,BA,Trans,126.04999999999971
2022-06-06,1.59,7.31,8.91,-5.72,17.58,BA,Trans,120.32999999999971
2022-06-07,1.67,1.72,3.39,-0.04,16.1,BA,Trans,120.28999999999971
2022-06-08,2.79,2.78,5.57,0.01,22.61,BA,Trans,120.29999999999971
2022-06-09,13.63,12.21,25.84,1.42,26.4,BA,Trans,121.71999999999971
2022-06-10,4.0,4.02,8.02,-0.02,11.29,BA,Trans,121.69999999999972
2022-06-13,2.83,3.76,6.59,-0.93,10.01,BA,Trans,120.76999999999971
2022-06-14,1.63,3.37,5.0,-1.75,27.59,BA,Trans,119.01999999999971
2022-06-15,4.46,9.49,13.95,-5.03,25.64,BA,Trans,113.98999999999971
2022-06-16,6.36,8.37,14.74,-2.01,14.43,BA,Trans,111.9799999999997
2022-06-17,2.8,2.37,5.17,0.43,16.91,BA,Trans,112.40999999999971
2022-06-20,20.48,6.85,27.33,13.63,14.47,BA,Trans,126.03999999999971
2022-06-21,2.31,2.85,5.16,-0.54,8.0,BA,Trans,125.4999999999997
2022-06-22,9.05,10.31,19.36,-1.26,14.24,BA,Trans,124.2399999999997
2022-06-23,14.62,14.02,28.63,0.6,12.73,BA,Trans,124.83999999999969
2022-06-24,3.06,9.1,12.16,-6.04,15.73,BA,Trans,118.79999999999968
2022-06-27,3.36,17.79,21.14,-14.43,26.72,BA,Trans,104.36999999999969
2022-06-28,6.39,0.82,7.2,5.57,9.61,BA,Trans,109.93999999999969
2022-06-29,3.3,2.17,5.47,1.12,10.18,BA,Trans,111.05999999999969
2022-06-30,8.43,3.73,12.15,4.7,16.26,BA,Trans,115.75999999999969
2022-07-01,1.53,1.94,3.47,-0.41,19.23,BA,Trans,115.3499999999997
2022-07-04,2.39,5.61,8.0,-3.23,17.13,BA,Trans,112.11999999999969
2022-07-05,2.68,8.36,11.04,-5.67,9.15,BA,Trans,106.44999999999969
2022-07-06,1.24,3.78,5.02,-2.53,11.31,BA,Trans,103.91999999999969
2022-07-07,1.61,1.56,3.17,0.05,9.45,BA,Trans,103.96999999999969
2022-07-08,1.32,1.95,3.27,-0.62,16.66,BA,Trans,103.34999999999968
2022-07-11,9.94,12.8,22.74,-2.85,8.44,BA,Trans,100.49999999999969
2022-07-12,9.6,10.03,19.63,-0.43,8.45,BA,Trans,100.06999999999968
2022-07-14,1.15,5.03,6.18,-3.88,17.9,BA,Trans,96.18999999999969
2022-07-15,1.2,5.16,6.36,-3.97,18.88,BA,Trans,92.21999999999969
2022-07-18,1.06,2.05,3.11,-1.0,11.69,BA,Trans,91.21999999999969
2022-07-19,2.27,3.29,5.56,-1.02,14.17,BA,Trans,90.19999999999969
2022-07-20,6.28,4.01,10.29,2.28,15.72,BA,Trans,92.47999999999969
2022-07-21,5.58,1.63,7.2,3.95,13.03,BA,Trans,96.4299999999997
2022-07-22,3.72,4.9,8.63,-1.18,19.31,BA,Trans,95.24999999999969
2022-07-25,5.78,1.35,7.13,4.43,12.02,BA,Trans,99.6799999999997
2022-07-26,2.09,4.01,6.1,-1.91,16.45,BA,Trans,97.7699999999997
2022-07-27,2.76,2.0,4.76,0.76,14.03,BA,Trans,98.5299999999997
2022-08-01,4.82,9.37,14.19,-4.56,9.51,BA,Trans,93.9699999999997
2022-08-02,1.88,3.69,5.58,-1.81,9.96,BA,Trans,92.1599999999997
2022-08-03,1.57,2.39,3.97,-0.82,12.25,BA,Trans,91.3399999999997
2022-08-04,11.53,5.3,16.83,6.23,23.22,BA,Trans,97.56999999999971
2022-08-05,2.22,5.78,8.0,-3.56,16.35,BA,Trans,94.0099999999997
2022-08-08,1.5,1.57,3.06,-0.07,16.48,BA,Trans,93.93999999999971
2022-08-09,9.63,4.38,14.01,5.24,12.97,BA,Trans,99.17999999999971
2022-08-10,4.06,3.06,7.12,1.0,8.4,BA,Trans,100.17999999999971
2022-08-11,8.95,1.55,10.5,7.39,11.26,BA,Trans,107.56999999999971
2022-08-15,11.25,16.22,27.47,-4.97,26.84,BA,Trans,102.59999999999971
2022-08-16,6.93,15.63,22.56,-8.7,30.85,BA,Trans,93.89999999999971
2022-08-17,2.9,3.38,6.28,-0.48,10.54,BA,Trans,93.4199999999997
2022-08-18,2.14,2.85,4.99,-0.71,9.01,BA,Trans,92.70999999999971
2022-08-19,6.54,1.84,8.38,4.69,16.95,BA,Trans,97.39999999999971
2022-08-22,2.88,2.47,5.36,0.41,11.88,BA,Trans,97.8099999999997
2022-08-23,11.21,7.59,18.8,3.62,9.35,BA,Trans,101.42999999999971
2022-08-24,5.56,8.93,14.49,-3.37,11.34,BA,Trans,98.0599999999997
2022-08-25,5.18,2.01,7.19,3.17,22.13,BA,Trans,101.2299999999997
2022-08-26,4.26,1.48,5.73,2.78,12.69,BA,Trans,104.0099999999997
2022-08-29,3.5,1.66,5.16,1.84,10.96,BA,Trans,105.84999999999971
2022-08-30,2.75,0.9,3.65,1.85,13.65,BA,Trans,107.6999999999997
2022-08-31,4.66,2.76,7.43,1.9,16.31,BA,Trans,109.59999999999971
2022-09-01,15.57,9.09,24.66,6.48,10.06,BA,Trans,116.07999999999971
2022-09-02,9.77,4.63,14.4,5.14,12.62,BA,Trans,121.21999999999971
2022-09-05,2.14,9.05,11.18,-6.91,16.35,BA,Trans,114.30999999999972
2022-09-06,1.55,5.16,6.71,-3.61,18.55,BA,Trans,110.69999999999972
2022-09-07,3.61,2.39,6.0,1.23,13.2,BA,Trans,111.92999999999972
2022-09-08,9.73,8.32,18.05,1.41,16.47,BA,Trans,113.33999999999972
2022-09-09,2.12,2.92,5.05,-0.8,10.33,BA,Trans,112.53999999999972
2022-09-12,2.16,1.9,4.06,0.27,6.73,BA,Trans,112.80999999999972
2022-09-13,3.43,1.34,4.77,2.09,16.05,BA,Trans,114.89999999999972
2022-09-14,1.87,1.7,3.56,0.17,11.11,BA,Trans,115.06999999999972
2022-09-15,2.18,2.36,4.55,-0.18,10.5,BA,Trans,114.88999999999972
2022-09-16,4.38,7.08,11.46,-2.7,27.54,BA,Trans,112.18999999999971
2022-09-19,4.42,1.49,5.92,2.93,15.49,BA,Trans,115.11999999999972
2022-09-20,14.94,4.81,19.75,10.13,12.76,BA,Trans,125.24999999999972
2022-09-21,5.95,3.75,9.7,2.21,13.8,BA,Trans,127.45999999999971
2022-09-22,18.36,2.96,21.31,15.4,9.16,BA,Trans,142.8599999999997
2022-09-23,11.89,7.38,19.27,4.51,7.63,BA,Trans,147.3699999999997
2022-09-26,18.61,3.85,22.46,14.76,11.98,BA,Trans,162.12999999999968
2022-09-27,13.87,5.32,19.2,8.55,15.59,BA,Trans,170.6799999999997
2022-09-28,9.36,5.55,14.91,3.8,12.3,BA,Trans,174.4799999999997
2022-09-29,7.91,15.97,23.89,-8.06,17.75,BA,Trans,166.4199999999997
2022-09-30,5.01,3.01,8.01,2.0,15.38,BA,Trans,168.4199999999997
2022-10-03,5.75,3.72,9.47,2.02,13.32,BA,Trans,170.4399999999997
2022-10-04,10.03,10.24,20.27,-0.21,16.27,BA,Trans,170.2299999999997
2022-10-05,6.48,10.37,16.85,-3.88,9.64,BA,Trans,166.3499999999997
2022-10-06,7.38,8.4,15.78,-1.02,24.28,BA,Trans,165.3299999999997
2022-10-07,23.09,9.47,32.56,13.62,15.16,BA,Trans,178.9499999999997
2022-10-10,5.26,9.42,14.69,-4.16,22.7,BA,Trans,174.7899999999997
2022-10-11,5.9,7.25,13.15,-1.36,13.81,BA,Trans,173.4299999999997
2022-10-12,8.86,4.28,13.14,4.59,9.41,BA,Trans,178.0199999999997
2022-10-17,5.72,8.23,13.95,-2.5,11.49,BA,Trans,175.5199999999997
2022-10-18,6.68,11.59,18.27,-4.91,9.23,BA,Trans,170.6099999999997
2022-10-19,1.72,1.07,2.78,0.65,28.91,BA,Trans,171.2599999999997
2022-10-20,5.62,3.2,8.82,2.42,19.69,BA,Trans,173.6799999999997
2022-10-21,13.54,6.19,19.73,7.35,22.99,BA,Trans,181.0299999999997
2022-10-25,11.63,12.53,24.16,-0.89,19.83,BA,Trans,180.1399999999997
2022-10-26,1.55,1.75,3.3,-0.2,10.01,BA,Trans,179.9399999999997
2022-10-27,59.3,15.33,74.63,43.98,19.44,BA,Trans,223.9199999999997
2022-10-28,5.32,8.85,14.17,-3.53,10.46,BA,Trans,220.3899999999997
2022-10-31,16.42,21.22,37.65,-4.8,18.14,BA,Trans,215.5899999999997
2022-11-01,11.49,10.4,21.89,1.1,19.4,BA,Trans,216.68999999999969
2022-11-02,37.86,18.05,55.91,19.81,15.5,BA,Trans,236.4999999999997
2022-11-03,23.27,22.97,46.24,0.29,25.49,BA,Trans,236.78999999999968
2022-11-04,18.78,12.5,31.27,6.28,18.79,BA,Trans,243.06999999999968
2022-11-07,29.57,8.9,38.46,20.67,21.46,BA,Trans,263.73999999999967
2022-11-08,17.26,13.23,30.49,4.03,25.31,BA,Trans,267.76999999999964
2022-11-09,8.62,6.84,15.46,1.78,23.07,BA,Trans,269.5499999999996
2022-11-10,8.2,6.31,14.51,1.89,20.99,BA,Trans,271.4399999999996
2022-11-11,1.96,6.47,8.44,-4.51,14.7,BA,Trans,266.9299999999996
2022-11-14,4.01,6.75,10.76,-2.74,23.25,BA,Trans,264.1899999999996
2022-11-15,8.57,8.64,17.2,-0.07,22.53,BA,Trans,264.1199999999996
2022-11-16,6.5,5.71,12.22,0.79,22.01,BA,Trans,264.9099999999996
2022-11-17,6.13,5.06,11.19,1.06,27.29,BA,Trans,265.96999999999963
2022-11-18,28.41,8.04,36.45,20.37,14.39,BA,Trans,286.33999999999963
2022-11-21,9.15,9.18,18.34,-0.03,27.65,BA,Trans,286.30999999999966
2022-11-22,7.8,7.6,15.4,0.19,11.49,BA,Trans,286.49999999999966
2022-11-23,3.13,6.41,9.54,-3.28,21.14,BA,Trans,283.2199999999997
2022-11-24,2.93,2.83,5.76,0.1,19.73,BA,Trans,283.3199999999997
2022-11-25,2.61,4.78,7.39,-2.16,25.37,BA,Trans,281.1599999999997
2022-11-28,1.12,1.02,2.14,0.1,18.9,BA,Trans,281.2599999999997
2022-11-29,1.56,2.39,3.95,-0.83,26.17,BA,Trans,280.4299999999997
2022-11-30,22.7,19.14,41.85,3.56,41.11,BA,Trans,283.9899999999997
2022-12-01,2.48,6.89,9.37,-4.4,16.64,BA,Trans,279.58999999999975
2022-12-02,4.14,4.7,8.84,-0.55,24.26,BA,Trans,279.03999999999974
2022-12-06,16.54,4.68,21.22,11.86,35.11,BA,Trans,290.89999999999975
2022-12-07,2.49,7.47,9.96,-4.98,19.45,BA,Trans,285.91999999999973
2022-12-08,2.96,2.51,5.47,0.45,18.2,BA,Trans,286.3699999999997
2022-12-09,3.19,2.4,5.59,0.79,13.04,BA,Trans,287.15999999999974
2022-12-13,6.63,2.74,9.38,3.89,21.79,BA,Trans,291.0499999999997
2022-12-14,1.19,1.41,2.6,-0.22,17.97,BA,Trans,290.8299999999997
2022-12-15,6.96,6.58,13.54,0.37,13.95,BA,Trans,291.1999999999997
2022-12-16,2.23,6.32,8.54,-4.09,8.56,BA,Trans,287.10999999999973
2022-12-19,5.23,10.51,15.74,-5.29,19.93,BA,Trans,281.8199999999997
2022-12-20,11.11,4.93,16.04,6.17,16.47,BA,Trans,287.9899999999997
2022-12-21,4.62,5.8,10.43,-1.18,16.89,BA,Trans,286.8099999999997
2022-12-22,2.19,3.69,5.88,-1.51,18.99,BA,Trans,285.2999999999997
2022-12-23,2.64,2.8,5.45,-0.16,20.59,BA,Trans,285.1399999999997
2022-12-26,0.35,1.26,1.61,-0.91,14.44,BA,Trans,284.2299999999997
2022-12-27,41.16,10.84,52.0,30.33,23.09,BA,Trans,314.55999999999966
2022-12-28,4.33,5.94,10.27,-1.61,9.94,BA,Trans,312.94999999999965
2022-12-29,2.45,3.17,5.62,-0.71,12.06,BA,Trans,312.23999999999967
2022-12-30,4.31,3.97,8.28,0.33,8.87,BA,Trans,312.56999999999965
2023-01-03,8.23,3.33,11.55,4.9,15.89,BA,Trans,317.46999999999963
2023-01-04,10.53,6.3,16.83,4.24,14.42,BA,Trans,321.70999999999964
2023-01-05,12.7,15.4,28.1,-2.7,16.03,BA,Trans,319.00999999999965
2023-01-06,13.86,12.17,26.02,1.69,9.54,BA,Trans,320.69999999999965
2023-01-09,11.65,8.27,19.92,3.38,9.81,BA,Trans,324.07999999999964
2023-01-10,9.95,3.64,13.6,6.31,18.57,BA,Trans,330.38999999999965
2023-01-11,4.65,4.82,9.46,-0.17,19.85,BA,Trans,330.21999999999963
2023-01-12,5.28,4.83,10.11,0.45,24.55,BA,Trans,330.6699999999996
2023-01-13,12.8,4.3,17.1,8.5,20.67,BA,Trans,339.1699999999996
2023-01-16,4.95,3.96,8.91,0.98,16.26,BA,Trans,340.14999999999964
2023-01-17,3.15,3.56,6.7,-0.41,24.32,BA,Trans,339.7399999999996
2023-01-18,3.23,10.49,13.72,-7.26,21.08,BA,Trans,332.4799999999996
2023-01-19,21.22,15.31,36.53,5.91,26.4,BA,Trans,338.38999999999965
2023-01-20,31.35,53.61,84.97,-22.26,27.07,BA,Trans,316.12999999999965
2023-01-23,11.86,4.58,16.44,7.27,21.6,BA,Trans,323.39999999999964
2023-01-24,4.85,8.37,13.21,-3.52,10.75,BA,Trans,319.87999999999965
2023-01-25,12.44,3.98,16.42,8.47,27.64,BA,Trans,328.3499999999997
2023-01-26,44.61,9.98,54.59,34.63,13.9,BA,Trans,362.9799999999997
2023-01-27,9.63,11.97,21.6,-2.34,28.14,BA,Trans,360.6399999999997
2023-01-30,12.13,13.12,25.25,-0.99,14.86,BA,Trans,359.6499999999997
2023-01-31,9.24,20.28,29.52,-11.04,19.85,BA,Trans,348.6099999999997
2023-02-01,3.61,7.31,10.92,-3.7,16.03,BA,Trans,344.9099999999997
2023-02-02,2.69,3.55,6.24,-0.86,22.48,BA,Trans,344.04999999999967
2023-02-03,4.44,1.87,6.31,2.57,16.06,BA,Trans,346.61999999999966
2023-02-06,17.07,5.91,22.98,11.16,10.35,BA,Trans,357.7799999999997
2023-02-07,18.56,11.91,30.47,6.65,11.19,BA,Trans,364.42999999999967
2023-02-08,4.84,8.38,13.23,-3.54,11.92,BA,Trans,360.88999999999965
2023-02-09,4.46,4.27,8.73,0.19,20.39,BA,Trans,361.07999999999964
2023-02-10,3.27,4.7,7.96,-1.43,15.08,BA,Trans,359.64999999999964
2023-02-13,1.13,1.93,3.06,-0.8,13.74,BA,Trans,358.8499999999996
2023-02-14,2.16,5.99,8.15,-3.84,16.89,BA,Trans,355.00999999999965
2023-02-15,3.63,9.78,13.41,-6.16,21.48,BA,Trans,348.8499999999996
2023-02-16,2.13,5.94,8.07,-3.81,23.08,BA,Trans,345.0399999999996
2023-02-17,4.48,4.92,9.4,-0.44,18.08,BA,Trans,344.5999999999996
2023-02-20,10.99,7.17,18.16,3.82,17.32,BA,Trans,348.4199999999996
2023-02-21,4.47,4.3,8.77,0.16,22.4,BA,Trans,348.57999999999964
2023-02-22,10.09,7.68,17.77,2.41,13.42,BA,Trans,350.98999999999967
2023-02-23,6.99,4.38,11.37,2.6,16.45,BA,Trans,353.5899999999997
2023-02-24,8.66,18.23,26.89,-9.57,19.59,BA,Trans,344.0199999999997
2023-02-27,1.23,1.99,3.22,-0.76,13.03,BA,Trans,343.2599999999997
2023-02-28,5.51,9.13,14.64,-3.62,26.78,BA,Trans,339.6399999999997
2023-03-01,3.97,6.77,10.73,-2.8,23.96,BA,Trans,336.8399999999997
2023-03-02,9.04,7.32,16.36,1.72,21.58,BA,Trans,338.5599999999997
2023-03-03,3.01,1.54,4.54,1.47,20.04,BA,Trans,340.02999999999975
2023-03-07,4.19,5.47,9.66,-1.28,14.76,BA,Trans,338.7499999999998
2023-03-08,3.74,1.58,5.32,2.16,14.27,BA,Trans,340.9099999999998
2023-03-09,2.09,9.13,11.22,-7.05,19.92,BA,Trans,333.8599999999998
2023-03-10,3.2,4.8,8.0,-1.6,24.9,BA,Trans,332.25999999999976
2023-03-13,7.8,9.38,17.18,-1.58,28.02,BA,Trans,330.6799999999998
2023-03-14,10.49,9.42,19.91,1.07,25.21,BA,Trans,331.7499999999998
2023-03-15,9.75,5.9,15.65,3.85,14.44,BA,Trans,335.5999999999998
2023-03-16,8.41,5.94,14.35,2.46,16.28,BA,Trans,338.0599999999998
2023-03-17,3.12,4.3,7.43,-1.18,20.91,BA,Trans,336.87999999999977
2023-03-20,1.74,4.61,6.35,-2.87,21.06,BA,Trans,334.00999999999976
2023-03-21,0.86,5.38,6.24,-4.51,21.31,BA,Trans,329.4999999999998
2023-03-22,2.78,4.26,7.05,-1.48,23.25,BA,Trans,328.01999999999975
2023-03-23,1.65,3.83,5.48,-2.19,14.67,BA,Trans,325.82999999999976
2023-03-24,2.88,3.43,6.32,-0.55,28.79,BA,Trans,325.27999999999975
2023-03-27,1.32,5.73,7.05,-4.41,15.67,BA,Trans,320.8699999999997
2023-03-28,2.38,16.42,18.81,-14.04,18.35,BA,Trans,306.8299999999997
2023-03-29,7.25,8.21,15.46,-0.95,18.87,BA,Trans,305.8799999999997
2023-03-30,2.0,5.77,7.78,-3.77,17.39,BA,Trans,302.10999999999973
2023-03-31,7.38,7.91,15.29,-0.53,20.12,BA,Trans,301.57999999999976
2023-04-03,6.65,5.15,11.8,1.5,23.66,BA,Trans,303.07999999999976
2023-04-04,2.17,9.07,11.24,-6.89,23.03,BA,Trans,296.18999999999977
2023-04-05,3.88,7.16,11.04,-3.27,25.62,BA,Trans,292.9199999999998
2023-04-07,7.19,5.92,13.11,1.27,30.37,BA,Trans,294.18999999999977
2023-04-10,2.23,1.8,4.03,0.44,18.89,BA,Trans,294.62999999999977
2023-04-11,1.81,0.58,2.38,1.23,24.51,BA,Trans,295.8599999999998
2023-04-12,14.23,2.79,17.01,11.44,27.01,BA,Trans,307.2999999999998
2023-04-17,3.88,5.05,8.93,-1.17,35.52,BA,Trans,306.12999999999977
2023-04-18,4.41,10.39,14.8,-5.98,50.41,BA,Trans,300.14999999999975
2023-04-19,1.45,3.57,5.03,-2.12,28.71,BA,Trans,298.02999999999975
2023-04-20,1.68,4.74,6.42,-3.07,24.28,BA,Trans,294.95999999999975
2023-04-21,1.1,5.25,6.35,-4.16,24.82,BA,Trans,290.7999999999997
2023-04-24,1.31,2.29,3.61,-0.98,25.7,BA,Trans,289.8199999999997
2023-04-25,10.54,6.37,16.91,4.16,19.55,BA,Trans,293.97999999999973
2023-04-26,6.88,12.16,19.04,-5.28,15.69,BA,Trans,288.69999999999976
2023-04-27,6.76,11.13,17.89,-4.38,11.88,BA,Trans,284.31999999999977
2023-04-28,2.32,3.71,6.03,-1.39,17.06,BA,Trans,282.9299999999998
2023-05-02,6.07,11.74,17.81,-5.67,26.64,BA,Trans,277.25999999999976
2023-05-03,11.36,3.99,15.35,7.37,14.99,BA,Trans,284.62999999999977
2023-05-08,2.13,3.3,5.43,-1.17,5.18,BA,Trans,283.45999999999975
2023-05-09,2.37,3.36,5.72,-0.99,10.32,BA,Trans,282.46999999999974
2023-05-10,6.6,5.09,11.69,1.51,17.24,BA,Trans,283.97999999999973
2023-05-11,10.23,4.85,15.08,5.38,27.84,BA,Trans,289.35999999999973
2023-05-12,16.88,17.65,34.52,-0.77,8.66,BA,Trans,288.58999999999975
2023-05-15,28.25,20.36,48.61,7.88,35.19,BA,Trans,296.46999999999974
2023-05-16,16.49,15.99,32.47,0.5,35.14,BA,Trans,296.96999999999974
2023-05-17,16.23,5.25,21.48,10.98,20.71,BA,Trans,307.94999999999976
2023-05-18,8.94,6.74,15.68,2.19,22.36,BA,Trans,310.13999999999976
2023-05-19,5.36,9.89,15.25,-4.53,20.13,BA,Trans,305.6099999999998
2023-05-22,6.07,11.61,17.69,-5.54,22.12,BA,Trans,300.06999999999977
2023-05-23,9.84,4.47,14.31,5.37,19.82,BA,Trans,305.43999999999977
2023-05-24,10.38,6.75,17.13,3.64,21.14,BA,Trans,309.07999999999976
2023-05-25,15.28,8.01,23.29,7.27,17.59,BA,Trans,316.34999999999974
2023-05-26,11.4,1.4,12.8,10.0,19.18,BA,Trans,326.34999999999974
2023-05-29,3.57,3.26,6.83,0.32,37.36,BA,Trans,326.66999999999973
2023-05-30,8.74,8.69,17.43,0.05,26.04,BA,Trans,326.71999999999974
2023-05-31,11.14,5.02,16.16,6.12,17.06,BA,Trans,332.83999999999975
2023-06-01,51.08,13.35,64.43,37.73,15.92,BA,Trans,370.56999999999977
2023-06-02,37.05,11.13,48.18,25.92,18.67,BA,Trans,396.4899999999998
2023-06-06,49.71,3.28,52.99,46.42,15.17,BA,Trans,442.9099999999998
2023-06-07,14.87,9.47,24.33,5.4,19.95,BA,Trans,448.3099999999998
2023-06-08,27.47,9.57,37.04,17.9,16.49,BA,Trans,466.20999999999975
2023-06-09,16.26,10.91,27.17,5.36,18.65,BA,Trans,471.56999999999977
2023-06-12,24.63,2.48,27.12,22.15,14.19,BA,Trans,493.71999999999974
2023-06-13,29.9,10.99,40.88,18.91,17.03,BA,Trans,512.6299999999998
2023-06-14,31.74,10.18,41.92,21.55,23.79,BA,Trans,534.1799999999997
2023-06-15,11.87,2.0,13.87,9.87,27.77,BA,Trans,544.0499999999997
2023-06-16,15.67,5.45,21.12,10.22,27.26,BA,Trans,554.2699999999998
2023-06-19,12.19,3.24,15.43,8.95,12.54,BA,Trans,563.2199999999998
2023-06-20,10.22,3.5,13.72,6.72,22.85,BA,Trans,569.9399999999998
2023-06-21,7.41,2.58,9.99,4.83,17.88,BA,Trans,574.7699999999999
2023-06-22,5.98,5.37,11.35,0.61,13.15,BA,Trans,575.3799999999999
2023-06-23,15.32,4.35,19.67,10.98,16.14,BA,Trans,586.3599999999999
2023-06-26,7.96,8.86,16.81,-0.9,28.31,BA,Trans,585.4599999999999
2023-06-27,7.76,4.74,12.5,3.03,29.94,BA,Trans,588.4899999999999
2023-06-28,8.58,6.65,15.23,1.92,20.13,BA,Trans,590.4099999999999
2023-06-29,3.69,6.51,10.2,-2.81,11.29,BA,Trans,587.5999999999999
2023-06-30,13.09,7.75,20.84,5.34,22.33,BA,Trans,592.9399999999999
2023-07-03,4.32,14.54,18.86,-10.22,23.07,BA,Trans,582.7199999999999
2023-07-04,1.67,11.7,13.37,-10.04,14.13,BA,Trans,572.68
2023-07-05,19.09,12.37,31.46,6.72,12.16,BA,Trans,579.4
2023-07-06,22.94,11.41,34.35,11.53,22.68,BA,Trans,590.93
2023-07-07,5.06,4.97,10.03,0.1,25.48,BA,Trans,591.03
2023-07-10,8.72,8.06,16.78,0.66,23.65,BA,Trans,591.6899999999999
2023-07-11,17.06,15.45,32.5,1.61,11.47,BA,Trans,593.3
2023-07-12,6.14,23.94,30.08,-17.8,20.15,BA,Trans,575.5
2023-07-13,3.74,5.36,9.1,-1.63,26.69,BA,Trans,573.87
2023-07-14,5.69,16.53,22.23,-10.84,33.71,BA,Trans,563.03
2023-07-17,6.5,8.59,15.09,-2.09,29.51,BA,Trans,560.9399999999999
2023-07-18,4.46,10.17,14.63,-5.71,24.48,BA,Trans,555.2299999999999
2023-07-19,2.89,8.35,11.24,-5.46,19.56,BA,Trans,549.7699999999999
2023-07-20,1.29,3.48,4.77,-2.19,22.18,BA,Trans,547.5799999999998
2023-07-21,4.03,2.79,6.81,1.24,29.74,BA,Trans,548.8199999999998
2023-07-24,4.35,10.22,14.57,-5.87,26.98,BA,Trans,542.9499999999998
2023-07-25,2.45,13.91,16.36,-11.47,25.08,BA,Trans,531.4799999999998
2023-07-26,9.27,15.28,24.55,-6.0,14.73,BA,Trans,525.4799999999998
2023-07-27,4.15,13.02,17.16,-8.87,11.25,BA,Trans,516.6099999999998
2023-07-31,12.12,13.15,25.27,-1.04,13.76,BA,Trans,515.5699999999998
2023-08-02,6.11,9.71,15.82,-3.6,17.01,BA,Trans,511.9699999999998
2023-08-03,0.93,4.39,5.32,-3.45,14.04,BA,Trans,508.5199999999998
2023-08-04,3.4,9.47,12.87,-6.07,22.8,BA,Trans,502.4499999999998
2023-08-07,4.66,7.39,12.05,-2.74,14.95,BA,Trans,499.7099999999998
2023-08-08,2.69,3.58,6.27,-0.88,13.63,BA,Trans,498.8299999999998
2023-08-09,3.53,6.67,10.2,-3.14,9.75,BA,Trans,495.6899999999998
2023-08-10,11.94,3.89,15.83,8.05,23.04,BA,Trans,503.73999999999984
2023-08-11,25.71,29.74,55.45,-4.03,14.38,BA,Trans,499.70999999999987
2023-08-15,13.76,6.61,20.37,7.15,20.33,BA,Trans,506.85999999999984
2023-08-16,27.61,10.55,38.16,17.06,19.08,BA,Trans,523.9199999999998
2023-08-17,20.62,5.02,25.64,15.6,20.7,BA,Trans,539.5199999999999
2023-08-18,12.9,7.63,20.53,5.28,20.78,BA,Trans,544.7999999999998
2023-08-21,7.6,10.71,18.31,-3.11,15.53,BA,Trans,541.6899999999998
2023-08-22,9.84,6.47,16.31,3.38,19.52,BA,Trans,545.0699999999998
2023-08-23,15.36,5.56,20.92,9.8,28.46,BA,Trans,554.8699999999998
2023-08-24,15.85,16.12,31.97,-0.26,15.93,BA,Trans,554.6099999999998
2023-08-25,8.18,26.43,34.62,-18.25,15.43,BA,Trans,536.3599999999998
2023-08-28,28.11,10.01,38.12,18.1,16.78,BA,Trans,554.4599999999998
2023-08-29,65.75,16.64,82.39,49.11,19.03,BA,Trans,603.5699999999998
2023-08-30,7.96,9.54,17.5,-1.59,26.47,BA,Trans,601.9799999999998
2023-08-31,24.32,11.2,35.52,13.13,35.57,BA,Trans,615.1099999999998
2023-09-01,11.81,10.5,22.31,1.31,31.66,BA,Trans,616.4199999999997
2023-09-04,38.29,6.77,45.06,31.52,23.6,BA,Trans,647.9399999999997
2023-09-05,2.19,3.02,5.21,-0.83,13.42,BA,Trans,647.1099999999997
2023-09-06,27.17,3.09,30.26,24.07,13.33,BA,Trans,671.1799999999997
2023-09-07,7.36,3.84,11.21,3.52,21.61,BA,Trans,674.6999999999997
2023-09-08,44.53,11.65,56.18,32.87,16.95,BA,Trans,707.5699999999997
2023-09-11,32.85,4.2,37.04,28.65,22.07,BA,Trans,736.2199999999997
2023-09-12,21.22,10.04,31.26,11.18,21.69,BA,Trans,747.3999999999996
2023-09-13,15.85,4.95,20.8,10.9,27.01,BA,Trans,758.2999999999996
2023-09-14,11.74,5.98,17.72,5.76,29.99,BA,Trans,764.0599999999996
2023-09-15,5.67,8.37,14.05,-2.7,18.62,BA,Trans,761.3599999999996
2023-09-18,4.26,13.42,17.68,-9.16,33.37,BA,Trans,752.1999999999996
2023-09-19,1.46,11.92,13.37,-10.46,23.97,BA,Trans,741.7399999999996
2023-09-20,32.12,21.37,53.5,10.75,16.07,BA,Trans,752.4899999999996
2023-09-21,3.08,10.24,13.31,-7.16,22.83,BA,Trans,745.3299999999996
2023-09-22,7.26,22.29,29.55,-15.03,32.59,BA,Trans,730.2999999999996
2023-09-25,9.43,15.59,25.02,-6.16,15.9,BA,Trans,724.1399999999996
2023-09-26,10.75,10.99,21.74,-0.23,25.19,BA,Trans,723.9099999999996
2023-09-27,3.09,6.21,9.31,-3.12,25.87,BA,Trans,720.7899999999996
2023-09-28,8.37,39.38,47.74,-31.01,20.03,BA,Trans,689.7799999999996
2023-09-29,0.9,15.38,16.28,-14.48,14.09,BA,Trans,675.2999999999996
2023-10-02,3.71,12.18,15.89,-8.47,17.05,BA,Trans,666.8299999999996
2023-10-03,14.44,11.9,26.34,2.54,15.99,BA,Trans,669.3699999999995
2023-10-04,24.28,36.42,60.7,-12.14,11.91,BA,Trans,657.2299999999996
2023-10-05,11.37,11.75,23.12,-0.39,18.3,BA,Trans,656.8399999999996
2023-10-06,39.6,42.74,82.34,-3.14,17.26,BA,Trans,653.6999999999996
2023-10-09,5.78,14.05,19.83,-8.27,13.78,BA,Trans,645.4299999999996
2023-10-10,14.38,28.46,42.85,-14.08,20.46,BA,Trans,631.3499999999996
2023-10-11,9.42,20.11,29.52,-10.69,17.39,BA,Trans,620.6599999999995
2023-10-12,6.14,20.26,26.4,-14.11,23.89,BA,Trans,606.5499999999995
2023-10-16,6.13,26.16,32.29,-20.03,35.45,BA,Trans,586.5199999999995
2023-10-17,1.02,15.63,16.65,-14.61,13.22,BA,Trans,571.9099999999995
2023-10-18,3.94,23.53,27.47,-19.59,22.12,BA,Trans,552.3199999999995
2023-10-19,10.44,18.85,29.28,-8.41,24.17,BA,Trans,543.9099999999995
2023-10-20,12.21,23.29,35.5,-11.09,19.42,BA,Trans,532.8199999999995
2023-10-24,22.45,15.57,38.02,6.88,22.99,BA,Trans,539.6999999999995
2023-10-25,4.11,13.87,17.98,-9.75,24.85,BA,Trans,529.9499999999995
2023-10-26,6.75,17.08,23.83,-10.32,23.71,BA,Trans,519.6299999999994
2023-10-27,21.25,9.9,31.14,11.35,9.19,BA,Trans,530.9799999999994
2023-10-30,3.94,16.64,20.58,-12.71,19.98,BA,Trans,518.2699999999994
2023-10-31,6.42,21.87,28.29,-15.46,22.74,BA,Trans,502.80999999999943
2023-11-01,13.92,54.49,68.41,-40.57,25.77,BA,Trans,462.23999999999944
2023-11-02,16.64,89.25,105.89,-72.61,36.38,BA,Trans,389.6299999999994
2023-11-03,14.14,21.57,35.7,-7.43,17.28,BA,Trans,382.1999999999994
2023-11-06,2.53,17.33,19.86,-14.8,13.7,BA,Trans,367.3999999999994
2023-11-07,4.58,24.34,28.92,-19.76,22.52,BA,Trans,347.6399999999994
2023-11-08,13.52,19.45,32.98,-5.93,17.78,BA,Trans,341.7099999999994
2023-11-09,10.98,14.71,25.69,-3.73,20.84,BA,Trans,337.9799999999994
2023-11-10,14.38,15.29,29.67,-0.91,21.71,BA,Trans,337.06999999999937
2023-11-13,13.58,25.17,38.76,-11.59,18.89,BA,Trans,325.4799999999994
2023-11-14,7.29,30.41,37.7,-23.12,24.57,BA,Trans,302.3599999999994
2023-11-15,14.33,4.9,19.23,9.43,17.96,BA,Trans,311.7899999999994
2023-11-16,11.66,5.27,16.93,6.4,14.8,BA,Trans,318.1899999999994
2023-11-17,9.15,9.81,18.96,-0.65,14.78,BA,Trans,317.5399999999994
2023-11-20,22.03,29.68,51.71,-7.65,26.22,BA,Trans,309.8899999999994
2023-11-21,9.28,24.32,33.6,-15.03,22.9,BA,Trans,294.85999999999945
2023-11-22,3.05,22.02,25.07,-18.97,19.13,BA,Trans,275.8899999999994
2023-11-23,4.32,7.72,12.04,-3.4,13.26,BA,Trans,272.48999999999944
2023-11-24,5.68,11.96,17.64,-6.28,21.89,BA,Trans,266.20999999999947
2023-11-27,7.64,16.82,24.46,-9.18,12.69,BA,Trans,257.02999999999946
2023-11-28,5.42,8.64,14.05,-3.22,24.96,BA,Trans,253.80999999999946
2023-11-29,1.1,18.87,19.97,-17.77,24.06,BA,Trans,236.03999999999945
2023-11-30,9.94,25.92,35.85,-15.98,24.5,BA,Trans,220.05999999999946
2023-12-01,1.41,4.28,5.69,-2.87,19.7,BA,Trans,217.18999999999946
2023-12-04,3.15,14.15,17.3,-11.0,29.06,BA,Trans,206.18999999999946
2023-12-06,4.33,4.11,8.44,0.22,26.17,BA,Trans,206.40999999999946
2023-12-07,6.8,8.19,14.98,-1.39,26.51,BA,Trans,205.01999999999947
2023-12-08,1.8,7.03,8.83,-5.22,27.31,BA,Trans,199.79999999999947
2023-12-12,1.92,4.15,6.07,-2.22,26.07,BA,Trans,197.57999999999947
2023-12-13,2.99,7.34,10.33,-4.36,26.62,BA,Trans,193.21999999999946
2023-12-14,4.25,7.22,11.47,-2.97,34.95,BA,Trans,190.24999999999946
2023-12-15,6.37,5.14,11.51,1.23,32.22,BA,Trans,191.47999999999945
2023-12-18,4.11,5.77,9.88,-1.66,36.31,BA,Trans,189.81999999999945
2023-12-19,3.88,7.51,11.39,-3.63,39.44,BA,Trans,186.18999999999946
2023-12-20,2.17,5.89,8.06,-3.73,32.48,BA,Trans,182.45999999999947
2023-12-21,2.07,8.15,10.22,-6.09,19.52,BA,Trans,176.36999999999946
2023-12-22,2.85,5.59,8.44,-2.73,13.14,BA,Trans,173.63999999999947
2023-12-25,1.91,1.78,3.69,0.13,5.42,BA,Trans,173.76999999999947
2023-12-26,1.12,2.97,4.09,-1.85,4.88,BA,Trans,171.91999999999948
2023-12-27,4.0,9.53,13.53,-5.53,8.16,BA,Trans,166.38999999999947
2023-12-28,11.24,11.16,22.4,0.08,11.57,BA,Trans,166.4699999999995
2024-01-02,10.57,3.48,14.05,7.09,16.76,BA,Trans,173.5599999999995
2024-01-03,43.62,4.68,48.3,38.94,20.13,BA,Trans,212.4999999999995
2024-01-04,8.55,5.57,14.12,2.98,21.11,BA,Trans,215.47999999999948
2024-01-05,7.45,3.43,10.88,4.02,28.68,BA,Trans,219.4999999999995
2024-01-08,7.98,2.53,10.51,5.46,19.62,BA,Trans,224.9599999999995
2024-01-09,6.15,1.4,7.54,4.75,7.89,BA,Trans,229.7099999999995
2024-01-10,11.61,3.61,15.22,8.0,9.83,BA,Trans,237.7099999999995
2024-01-11,3.03,6.2,9.22,-3.17,8.88,BA,Trans,234.5399999999995
2024-01-12,3.21,2.3,5.51,0.9,9.19,BA,Trans,235.43999999999951
2024-01-15,3.06,1.95,5.02,1.11,14.28,BA,Trans,236.54999999999953
2024-01-16,3.01,6.04,9.05,-3.03,36.07,BA,Trans,233.51999999999953
2024-01-17,0.48,9.16,9.64,-8.68,18.47,BA,Trans,224.83999999999952
2024-01-18,3.47,4.4,7.86,-0.93,31.3,BA,Trans,223.9099999999995
2024-01-19,6.43,5.1,11.52,1.33,16.91,BA,Trans,225.23999999999953
2024-01-22,0.73,4.32,5.05,-3.59,17.84,BA,Trans,221.64999999999952
2024-01-23,2.74,8.97,11.71,-6.23,32.68,BA,Trans,215.41999999999953
2024-01-24,3.37,10.37,13.73,-7.0,19.34,BA,Trans,208.41999999999953
2024-01-25,0.72,3.49,4.21,-2.77,13.04,BA,Trans,205.64999999999952
2024-01-26,1.12,3.21,4.33,-2.09,20.0,BA,Trans,203.55999999999952
2024-01-29,1.1,2.78,3.88,-1.67,9.94,BA,Trans,201.88999999999953
2024-01-30,1.68,10.74,12.42,-9.07,21.61,BA,Trans,192.81999999999954
2024-01-31,2.59,10.31,12.9,-7.71,26.19,BA,Trans,185.10999999999953
2024-02-01,1.29,5.84,7.12,-4.55,18.43,BA,Trans,180.55999999999952
2024-02-02,15.48,5.31,20.79,10.17,18.21,BA,Trans,190.7299999999995
2024-02-05,12.78,8.51,21.28,4.27,17.26,BA,Trans,194.99999999999952
2024-02-06,13.5,8.43,21.93,5.07,16.26,BA,Trans,200.0699999999995
2024-02-07,4.18,6.13,10.31,-1.95,18.33,BA,Trans,198.11999999999952
2024-02-08,2.61,4.2,6.82,-1.59,13.52,BA,Trans,196.52999999999952
2024-02-09,10.04,8.2,18.23,1.84,11.38,BA,Trans,198.36999999999952
2024-02-12,13.43,11.0,24.43,2.43,12.78,BA,Trans,200.79999999999953
2024-02-13,4.88,5.56,10.44,-0.68,10.07,BA,Trans,200.11999999999952
2024-02-14,13.14,3.99,17.13,9.15,15.53,BA,Trans,209.26999999999953
2024-02-15,16.06,4.23,20.29,11.83,16.4,BA,Trans,221.09999999999954
2024-02-16,1.27,2.61,3.88,-1.34,7.41,BA,Trans,219.75999999999954
2024-02-19,16.58,5.02,21.6,11.55,13.62,BA,Trans,231.30999999999955
2024-02-20,8.98,9.62,18.59,-0.64,12.18,BA,Trans,230.66999999999956
2024-02-21,5.07,8.25,13.32,-3.17,12.56,BA,Trans,227.49999999999957
2024-02-22,4.73,11.15,15.88,-6.42,7.12,BA,Trans,221.0799999999996
2024-02-23,18.84,10.55,29.38,8.29,11.37,BA,Trans,229.36999999999958
2024-02-27,6.58,18.15,24.74,-11.57,18.15,BA,Trans,217.79999999999959
2024-02-28,3.94,15.28,19.22,-11.34,25.69,BA,Trans,206.45999999999958
2024-02-29,15.99,13.94,29.92,2.05,24.43,BA,Trans,208.5099999999996
2024-03-01,8.28,10.94,19.22,-2.65,15.67,BA,Trans,205.8599999999996
2024-03-04,7.9,23.06,30.96,-15.16,13.43,BA,Trans,190.6999999999996
2024-03-05,7.47,19.82,27.29,-12.35,24.72,BA,Trans,178.3499999999996
2024-03-06,16.15,4.05,20.21,12.1,12.55,BA,Trans,190.4499999999996
2024-03-07,6.01,8.63,14.64,-2.62,22.19,BA,Trans,187.8299999999996
2024-03-08,4.59,22.57,27.16,-17.98,29.4,BA,Trans,169.8499999999996
2024-03-11,0.37,3.67,4.04,-3.3,13.98,BA,Trans,166.54999999999959
2024-03-12,2.62,5.46,8.08,-2.84,8.27,BA,Trans,163.70999999999958
2024-03-13,3.24,7.97,11.21,-4.73,9.61,BA,Trans,158.9799999999996
2024-03-14,7.79,16.52,24.31,-8.73,20.09,BA,Trans,150.2499999999996
2024-03-15,4.16,10.11,14.27,-5.95,19.52,BA,Trans,144.2999999999996
2024-03-18,2.85,4.44,7.29,-1.59,14.91,BA,Trans,142.7099999999996
2024-03-19,1.09,4.25,5.35,-3.16,15.03,BA,Trans,139.5499999999996
2024-03-20,1.28,5.94,7.22,-4.67,13.64,BA,Trans,134.87999999999963
2024-03-21,2.6,2.79,5.39,-0.18,18.14,BA,Trans,134.69999999999962
2024-03-22,1.33,4.02,5.34,-2.69,23.94,BA,Trans,132.00999999999962
2024-03-25,3.73,8.23,11.96,-4.5,13.02,BA,Trans,127.50999999999962
2024-03-26,2.68,3.1,5.78,-0.42,7.71,BA,Trans,127.08999999999962
2024-03-27,8.13,4.67,12.8,3.46,13.65,BA,Trans,130.5499999999996
2024-03-28,4.3,3.21,7.52,1.09,17.18,BA,Trans,131.63999999999962
2024-03-29,1.62,6.81,8.43,-5.18,13.97,BA,Trans,126.45999999999961
2024-04-01,28.95,5.05,34.0,23.9,13.12,BA,Trans,150.35999999999962
2024-04-02,15.36,10.57,25.93,4.79,13.4,BA,Trans,155.1499999999996
2024-04-03,7.66,4.96,12.62,2.7,13.53,BA,Trans,157.8499999999996
2024-04-04,0.8,2.1,2.9,-1.3,11.2,BA,Trans,156.54999999999959
2024-04-05,25.9,8.7,34.6,17.2,11.01,BA,Trans,173.74999999999957
2024-04-09,5.77,8.28,14.04,-2.51,8.66,BA,Trans,171.23999999999958
2024-04-10,14.35,9.48,23.83,4.87,17.45,BA,Trans,176.1099999999996
2024-04-11,18.11,6.32,24.43,11.79,22.51,BA,Trans,187.89999999999958
2024-04-17,12.15,8.71,20.87,3.44,19.23,BA,Trans,191.33999999999958
2024-04-18,11.36,5.46,16.81,5.9,21.71,BA,Trans,197.23999999999958
2024-04-19,18.27,10.2,28.47,8.06,17.48,BA,Trans,205.29999999999959
2024-04-22,4.47,10.5,14.97,-6.02,30.09,BA,Trans,199.27999999999957
2024-04-23,3.66,3.83,7.49,-0.16,18.59,BA,Trans,199.11999999999958
2024-04-24,2.44,3.3,5.73,-0.86,16.74,BA,Trans,198.25999999999956
2024-04-25,12.45,11.76,24.21,0.69,17.01,BA,Trans,198.94999999999956
2024-04-26,1.77,4.16,5.92,-2.39,33.49,BA,Trans,196.55999999999958
2024-04-29,5.49,7.87,13.36,-2.39,23.69,BA,Trans,194.1699999999996
2024-04-30,20.38,13.3,33.68,7.08,18.25,BA,Trans,201.2499999999996
2024-05-02,1.18,5.22,6.4,-4.05,10.77,BA,Trans,197.1999999999996
2024-05-03,2.73,8.34,11.07,-5.62,20.61,BA,Trans,191.5799999999996
2024-05-07,27.65,5.22,32.86,22.43,18.93,BA,Trans,214.0099999999996
2024-05-08,8.08,6.24,14.32,1.83,15.89,BA,Trans,215.8399999999996
2024-05-09,5.22,15.88,21.1,-10.67,23.27,BA,Trans,205.16999999999962
2024-05-10,1.3,3.01,4.32,-1.71,17.09,BA,Trans,203.4599999999996
2024-05-13,38.51,21.46,59.97,17.05,12.12,BA,Trans,220.50999999999962
2024-05-14,48.47,19.94,68.41,28.54,26.75,BA,Trans,249.0499999999996
2024-05-15,54.19,8.39,62.57,45.8,23.87,BA,Trans,294.8499999999996
2024-05-16,23.5,22.5,46.0,1.0,24.58,BA,Trans,295.8499999999996
2024-05-17,18.4,7.58,25.98,10.82,20.49,BA,Trans,306.6699999999996
2024-05-20,16.27,7.69,23.97,8.58,12.64,BA,Trans,315.2499999999996
2024-05-21,63.19,3.41,66.6,59.79,21.37,BA,Trans,375.0399999999996
2024-05-23,23.79,15.75,39.54,8.03,15.36,BA,Trans,383.0699999999996
2024-05-24,30.28,15.06,45.34,15.22,16.98,BA,Trans,398.2899999999996
2024-05-27,46.08,19.31,65.38,26.77,24.96,BA,Trans,425.0599999999996
2024-05-28,47.5,10.07,57.58,37.43,24.84,BA,Trans,462.4899999999996
2024-05-29,42.36,11.36,53.72,31.0,26.07,BA,Trans,493.4899999999996
2024-05-30,32.94,18.77,51.72,14.17,43.45,BA,Trans,507.6599999999996
2024-05-31,77.57,37.52,115.08,40.05,37.64,BA,Trans,547.7099999999996
2024-06-04,100.03,57.49,157.52,42.54,24.1,BA,Trans,590.2499999999995
2024-06-05,48.24,78.22,126.46,-29.98,24.88,BA,Trans,560.2699999999995
2024-06-06,68.62,37.38,106.0,31.24,24.76,BA,Trans,591.5099999999995
2024-06-07,71.36,27.41,98.77,43.95,33.86,BA,Trans,635.4599999999996
2024-06-10,40.46,38.38,78.84,2.08,20.66,BA,Trans,637.5399999999996
2024-06-11,73.68,61.87,135.55,11.81,26.96,BA,Trans,649.3499999999996
2024-06-12,65.07,16.17,81.24,48.9,21.79,BA,Trans,698.2499999999995
2024-06-13,82.18,30.47,112.65,51.7,26.04,BA,Trans,749.9499999999996
2024-06-14,70.18,28.23,98.41,41.95,25.84,BA,Trans,791.8999999999996
2024-06-17,28.3,39.45,67.75,-11.15,23.11,BA,Trans,780.7499999999997
2024-06-18,26.94,44.37,71.31,-17.43,26.27,BA,Trans,763.3199999999997
2024-06-19,27.53,55.26,82.78,-27.73,22.39,BA,Trans,735.5899999999997
2024-06-20,42.18,26.14,68.32,16.05,37.02,BA,Trans,751.6399999999996
2024-06-21,62.21,193.53,255.74,-131.31,46.69,BA,Trans,620.3299999999997
2024-06-24,71.45,40.2,111.65,31.25,34.61,BA,Trans,651.5799999999997
2024-06-25,70.83,39.18,110.01,31.65,40.14,BA,Trans,683.2299999999997
2024-06-26,28.37,13.59,41.97,14.78,32.9,BA,Trans,698.0099999999996
2024-06-27,20.45,10.18,30.63,10.26,24.46,BA,Trans,708.2699999999996
2024-06-28,13.24,23.58,36.82,-10.33,21.19,BA,Trans,697.9399999999996
2024-07-01,14.15,19.5,33.66,-5.35,39.37,BA,Trans,692.5899999999996
2024-07-02,24.23,34.97,59.2,-10.73,39.39,BA,Trans,681.8599999999996
2024-07-03,24.57,12.07,36.64,12.49,22.02,BA,Trans,694.3499999999996
2024-07-04,8.33,8.61,16.94,-0.28,22.91,BA,Trans,694.0699999999996
2024-07-05,13.16,27.2,40.36,-14.04,29.57,BA,Trans,680.0299999999996
2024-07-08,20.37,14.42,34.79,5.95,46.18,BA,Trans,685.9799999999997
2024-07-09,19.0,19.88,38.88,-0.88,26.75,BA,Trans,685.0999999999997
2024-07-10,32.95,42.79,75.75,-9.84,24.22,BA,Trans,675.2599999999996
2024-07-11,10.05,21.98,32.04,-11.93,24.75,BA,Trans,663.3299999999997
2024-07-12,7.58,16.04,23.63,-8.46,21.95,BA,Trans,654.8699999999997
2024-07-15,17.03,13.86,30.89,3.17,17.48,BA,Trans,658.0399999999996
2024-07-16,11.08,18.98,30.05,-7.9,20.27,BA,Trans,650.1399999999996
2024-07-17,8.76,15.67,24.43,-6.92,28.9,BA,Trans,643.2199999999997
2024-07-18,29.81,18.29,48.1,11.52,40.36,BA,Trans,654.7399999999997
2024-07-19,25.33,39.85,65.18,-14.52,21.32,BA,Trans,640.2199999999997
2024-07-23,22.33,30.22,52.55,-7.89,25.8,BA,Trans,632.3299999999997
2024-07-24,20.42,23.72,44.14,-3.29,24.0,BA,Trans,629.0399999999997
2024-07-25,11.46,19.93,31.4,-8.47,27.48,BA,Trans,620.5699999999997
2024-07-26,11.13,23.15,34.28,-12.02,27.37,BA,Trans,608.5499999999997
2024-07-30,28.17,37.9,66.07,-9.72,35.46,BA,Trans,598.8299999999997
2024-07-31,20.07,39.0,59.07,-18.93,35.16,BA,Trans,579.8999999999997
2024-08-01,17.87,32.99,50.86,-15.12,30.95,BA,Trans,564.7799999999997
2024-08-02,16.39,27.81,44.2,-11.42,28.83,BA,Trans,553.3599999999998
2024-08-05,68.79,35.07,103.86,33.72,29.97,BA,Trans,587.0799999999998
2024-08-06,55.07,39.53,94.6,15.54,26.52,BA,Trans,602.6199999999998
2024-08-07,18.33,30.97,49.3,-12.64,23.99,BA,Trans,589.9799999999998
2024-08-08,17.28,32.23,49.51,-14.95,34.01,BA,Trans,575.0299999999997
2024-08-09,10.23,45.32,55.55,-35.08,35.21,BA,Trans,539.9499999999997
2024-08-13,11.92,32.67,44.59,-20.75,35.6,BA,Trans,519.1999999999997
2024-08-14,9.6,15.41,25.01,-5.8,29.29,BA,Trans,513.3999999999997
2024-08-15,20.56,10.28,30.84,10.29,18.62,BA,Trans,523.6899999999997
2024-08-16,10.13,14.43,24.56,-4.3,15.22,BA,Trans,519.3899999999998
2024-08-19,7.69,17.23,24.92,-9.54,26.57,BA,Trans,509.84999999999974
2024-08-20,20.31,34.89,55.2,-14.58,15.08,BA,Trans,495.26999999999975
2024-08-21,14.11,21.97,36.07,-7.86,17.98,BA,Trans,487.40999999999974
2024-08-22,16.8,13.25,30.04,3.55,15.32,BA,Trans,490.95999999999975
2024-08-23,42.73,17.86,60.59,24.88,12.05,BA,Trans,515.8399999999998
2024-08-26,28.05,15.63,43.67,12.42,22.5,BA,Trans,528.2599999999998
2024-08-27,16.76,12.44,29.19,4.32,22.64,BA,Trans,532.5799999999998
2024-08-28,13.66,9.04,22.71,4.62,19.21,BA,Trans,537.1999999999998
2024-08-29,9.28,7.32,16.6,1.96,13.53,BA,Trans,539.1599999999999
2024-08-30,45.44,72.74,118.18,-27.3,54.32,BA,Trans,511.85999999999984
2024-09-02,10.22,11.64,21.86,-1.43,19.66,BA,Trans,510.42999999999984
2024-09-03,28.56,15.74,44.3,12.82,26.1,BA,Trans,523.2499999999999
2024-09-04,13.56,20.43,34.0,-6.87,21.9,BA,Trans,516.3799999999999
2024-09-05,30.46,27.49,57.95,2.97,22.77,BA,Trans,519.3499999999999
2024-09-06,24.32,18.54,42.86,5.79,19.13,BA,Trans,525.1399999999999
2024-09-09,41.94,17.43,59.37,24.51,16.63,BA,Trans,549.6499999999999
2024-09-10,18.99,20.64,39.64,-1.65,14.83,BA,Trans,547.9999999999999
2024-09-11,18.83,34.57,53.39,-15.74,19.88,BA,Trans,532.2599999999999
2024-09-12,128.53,8.45,136.97,120.08,25.41,BA,Trans,652.3399999999999
2024-09-13,20.36,14.72,35.08,5.64,33.56,BA,Trans,657.9799999999999
2024-09-16,23.21,25.95,49.16,-2.75,36.51,BA,Trans,655.2299999999999
2024-09-17,16.45,7.23,23.68,9.22,25.33,BA,Trans,664.4499999999999
2024-09-18,31.11,9.87,40.98,21.24,33.76,BA,Trans,685.6899999999999
2024-09-19,16.39,12.96,29.35,3.43,31.04,BA,Trans,689.1199999999999
2024-09-20,86.37,39.74,126.11,46.63,38.44,BA,Trans,735.7499999999999
2024-09-23,49.64,26.23,75.87,23.41,28.2,BA,Trans,759.1599999999999
2024-09-24,30.45,23.79,54.24,6.66,36.57,BA,Trans,765.8199999999998
2024-09-25,29.65,16.38,46.03,13.27,30.78,BA,Trans,779.0899999999998
2024-09-26,48.06,19.68,67.74,28.38,18.05,BA,Trans,807.4699999999998
2024-09-27,175.27,26.44,201.71,148.83,25.77,BA,Trans,956.2999999999998
2024-09-30,71.99,48.34,120.33,23.65,32.69,BA,Trans,979.9499999999998
2024-10-01,82.59,28.61,111.2,53.98,25.26,BA,Trans,1033.9299999999998
2024-10-02,79.87,53.1,132.97,26.77,15.96,BA,Trans,1060.6999999999998
2024-10-03,52.85,28.42,81.27,24.42,21.11,BA,Trans,1085.12
2024-10-04,25.64,31.67,57.31,-6.02,25.74,BA,Trans,1079.1
2024-10-07,24.96,46.2,71.16,-21.23,38.11,BA,Trans,1057.87
2024-10-08,40.33,47.7,88.03,-7.37,30.13,BA,Trans,1050.5
2024-10-09,81.75,23.91,105.66,57.84,26.08,BA,Trans,1108.34
2024-10-10,37.15,91.91,129.07,-54.76,40.11,BA,Trans,1053.58
2024-10-11,19.47,31.02,50.49,-11.55,17.51,BA,Trans,1042.03
2024-10-15,53.81,56.22,110.03,-2.41,32.38,BA,Trans,1039.62
2024-10-16,30.22,41.29,71.51,-11.08,33.45,BA,Trans,1028.54
2024-10-17,37.64,35.49,73.14,2.15,22.01,BA,Trans,1030.69
2024-10-18,44.82,30.77,75.59,14.06,20.38,BA,Trans,1044.75
2024-10-21,16.29,13.19,29.48,3.09,35.15,BA,Trans,1047.84
2024-10-22,23.34,15.73,39.07,7.61,23.48,BA,Trans,1055.4499999999998
2024-10-24,63.75,20.66,84.41,43.1,19.9,BA,Trans,1098.5499999999997
2024-10-25,15.84,14.98,30.82,0.86,35.52,BA,Trans,1099.4099999999996
2024-10-28,23.82,12.88,36.69,10.94,27.64,BA,Trans,1110.3499999999997
2024-10-29,81.85,26.28,108.13,55.57,23.08,BA,Trans,1165.9199999999996
2024-10-30,41.49,25.73,67.22,15.75,37.09,BA,Trans,1181.6699999999996
2024-10-31,117.6,23.81,141.41,93.79,20.5,BA,Trans,1275.4599999999996
2024-11-01,38.62,17.3,55.91,21.32,21.84,BA,Trans,1296.7799999999995
2024-11-04,14.55,16.07,30.62,-1.52,17.88,BA,Trans,1295.2599999999995
2024-11-05,30.76,7.21,37.97,23.55,18.51,BA,Trans,1318.8099999999995
2024-11-06,17.1,17.59,34.69,-0.49,21.26,BA,Trans,1318.3199999999995
2024-11-07,28.32,23.21,51.53,5.11,25.13,BA,Trans,1323.4299999999994
2024-11-08,3.88,19.0,22.88,-15.12,19.42,BA,Trans,1308.3099999999995
2024-11-11,70.44,90.85,161.29,-20.41,26.06,BA,Trans,1287.8999999999994
2024-11-12,33.0,31.15,64.15,1.85,31.04,BA,Trans,1289.7499999999993
2024-11-13,27.88,28.92,56.8,-1.04,25.73,BA,Trans,1288.7099999999994
2024-11-14,17.12,33.23,50.35,-16.11,32.13,BA,Trans,1272.5999999999995
2024-11-15,7.62,22.42,30.04,-14.8,19.72,BA,Trans,1257.7999999999995
2024-11-18,7.78,18.23,26.01,-10.46,24.65,BA,Trans,1247.3399999999995
2024-11-19,29.95,34.2,64.15,-4.25,26.32,BA,Trans,1243.0899999999995
2024-11-20,8.63,17.93,26.57,-9.3,20.7,BA,Trans,1233.7899999999995
2024-11-21,9.3,13.84,23.14,-4.54,23.5,BA,Trans,1229.2499999999995
2024-11-22,42.36,38.81,81.17,3.55,29.87,BA,Trans,1232.7999999999995
2024-11-25,37.37,26.16,63.53,11.21,29.23,BA,Trans,1244.0099999999995
2024-11-26,14.63,27.27,41.9,-12.64,25.12,BA,Trans,1231.3699999999994
2024-11-27,24.61,32.9,57.51,-8.28,36.44,BA,Trans,1223.0899999999995
2024-11-28,12.78,21.57,34.34,-8.79,21.64,BA,Trans,1214.2999999999995
2024-11-29,14.09,29.02,43.12,-14.93,21.81,BA,Trans,1199.3699999999994
2024-12-02,43.15,28.33,71.48,14.82,25.63,BA,Trans,1214.1899999999994
2024-12-03,25.33,16.08,41.41,9.25,25.63,BA,Trans,1223.4399999999994
2024-12-04,26.56,24.91,51.48,1.65,25.06,BA,Trans,1225.0899999999995
2024-12-06,25.0,19.47,44.48,5.53,27.5,BA,Trans,1230.6199999999994
2024-12-09,21.52,21.72,43.24,-0.2,30.16,BA,Trans,1230.4199999999994
2024-12-11,14.05,11.06,25.11,3.0,32.1,BA,Trans,1233.4199999999994
2024-12-12,9.91,24.59,34.5,-14.67,27.6,BA,Trans,1218.7499999999993
2024-12-13,11.21,10.32,21.53,0.9,30.35,BA,Trans,1219.6499999999994
2024-12-16,6.76,15.59,22.34,-8.83,21.67,BA,Trans,1210.8199999999995
2024-12-17,27.26,25.81,53.07,1.46,27.89,BA,Trans,1212.2799999999995
2024-12-18,17.84,10.3,28.13,7.54,26.55,BA,Trans,1219.8199999999995
2024-12-19,21.75,19.22,40.97,2.54,30.61,BA,Trans,1222.3599999999994
2024-12-20,19.38,17.24,36.62,2.13,36.21,BA,Trans,1224.4899999999996
2024-12-23,19.19,21.44,40.63,-2.24,30.52,BA,Trans,1222.2499999999995
2024-12-24,13.29,20.89,34.18,-7.61,25.62,BA,Trans,1214.6399999999996
2024-12-25,8.39,7.11,15.5,1.28,19.44,BA,Trans,1215.9199999999996
2024-12-26,12.75,9.48,22.23,3.27,31.21,BA,Trans,1219.1899999999996
2024-12-27,27.77,16.12,43.9,11.65,32.99,BA,Trans,1230.8399999999997
2024-12-30,11.2,6.63,17.83,4.57,19.26,BA,Trans,1235.4099999999996
2025-01-02,26.1,29.43,55.53,-3.33,36.92,BA,Trans,1232.0799999999997
2025-01-03,34.52,17.53,52.05,16.99,25.74,BA,Trans,1249.0699999999997
2025-01-06,24.75,36.6,61.35,-11.85,26.65,BA,Trans,1237.2199999999998
2025-01-07,34.68,15.21,49.89,19.47,29.01,BA,Trans,1256.6899999999998
2025-01-08,10.74,11.13,21.86,-0.39,37.1,BA,Trans,1256.2999999999997
2025-01-09,17.06,12.79,29.85,4.27,31.31,BA,Trans,1260.5699999999997
2025-01-10,86.19,13.01,99.2,73.17,32.92,BA,Trans,1333.7399999999998
2025-01-13,70.32,16.09,86.41,54.23,22.16,BA,Trans,1387.9699999999998
2025-01-14,59.22,12.95,72.17,46.27,25.76,BA,Trans,1434.2399999999998
2025-01-15,69.07,16.64,85.71,52.44,26.1,BA,Trans,1486.6799999999998
2025-01-16,25.29,24.93,50.23,0.36,23.5,BA,Trans,1487.0399999999997
2025-01-17,28.35,29.95,58.3,-1.59,30.37,BA,Trans,1485.4499999999998
2025-01-20,10.06,14.72,24.78,-4.67,32.2,BA,Trans,1480.7799999999997
2025-01-21,8.91,21.08,29.99,-12.17,24.01,BA,Trans,1468.6099999999997
2025-01-22,3.52,22.8,26.32,-19.28,19.24,BA,Trans,1449.3299999999997
2025-01-23,27.93,21.88,49.8,6.05,21.36,BA,Trans,1455.3799999999997
2025-01-24,36.49,21.03,57.52,15.45,39.48,BA,Trans,1470.8299999999997
2025-01-27,13.15,27.66,40.81,-14.52,23.58,BA,Trans,1456.3099999999997
2025-01-28,15.84,12.61,28.45,3.24,27.0,BA,Trans,1459.5499999999997
2025-01-29,18.48,31.19,49.66,-12.71,22.69,BA,Trans,1446.8399999999997
2025-01-30,9.23,54.15,63.38,-44.92,24.23,BA,Trans,1401.9199999999996
2025-01-31,10.67,41.41,52.08,-30.74,24.84,BA,Trans,1371.1799999999996
2025-02-03,37.44,11.61,49.05,25.83,20.89,BA,Trans,1397.0099999999995
2025-02-04,33.82,27.02,60.84,6.8,20.51,BA,Trans,1403.8099999999995
2025-02-05,42.1,41.83,83.93,0.27,26.85,BA,Trans,1404.0799999999995
2025-02-06,15.22,20.9,36.12,-5.68,20.97,BA,Trans,1398.3999999999994
2025-02-07,25.86,19.9,45.76,5.97,24.46,BA,Trans,1404.3699999999994
2025-02-10,8.35,18.98,27.32,-10.63,24.27,BA,Trans,1393.7399999999993
2025-02-11,28.83,18.74,47.57,10.09,18.04,BA,Trans,1403.8299999999992
2025-02-13,14.9,39.14,54.05,-24.24,34.06,BA,Trans,1379.5899999999992
2025-02-14,7.68,26.97,34.65,-19.3,21.0,BA,Trans,1360.2899999999993
2025-02-17,2.01,28.25,30.27,-26.24,16.42,BA,Trans,1334.0499999999993
2025-02-18,20.82,52.82,73.64,-32.0,20.1,BA,Trans,1302.0499999999993
2025-02-19,10.01,42.29,52.29,-32.28,26.12,BA,Trans,1269.7699999999993
2025-02-20,14.75,24.85,39.6,-10.1,17.96,BA,Trans,1259.6699999999994
2025-02-21,7.68,11.53,19.2,-3.85,21.09,BA,Trans,1255.8199999999995
2025-02-24,8.77,9.43,18.2,-0.66,17.84,BA,Trans,1255.1599999999994
2025-02-25,12.96,16.53,29.49,-3.58,22.49,BA,Trans,1251.5799999999995
2025-02-26,34.74,35.81,70.54,-1.07,26.39,BA,Trans,1250.5099999999995
2025-02-27,20.08,13.7,33.78,6.38,27.64,BA,Trans,1256.8899999999996
2025-02-28,36.09,18.37,54.46,17.72,16.33,BA,Trans,1274.6099999999997
2025-03-03,19.89,12.48,32.36,7.41,18.46,BA,Trans,1282.0199999999998
2025-03-04,13.82,16.03,29.86,-2.21,21.1,BA,Trans,1279.8099999999997
2025-03-05,22.61,16.72,39.33,5.88,23.45,BA,Trans,1285.6899999999998
2025-03-06,30.39,40.97,71.36,-10.58,20.82,BA,Trans,1275.11
2025-03-07,17.78,29.11,46.89,-11.32,24.85,BA,Trans,1263.79
2025-03-10,20.9,18.14,39.04,2.76,24.72,BA,Trans,1266.55
2025-03-11,19.78,19.51,39.29,0.26,16.5,BA,Trans,1266.81
2025-03-12,3.69,23.65,27.34,-19.96,16.73,BA,Trans,1246.85
2025-03-13,14.98,15.04,30.01,-0.06,18.92,BA,Trans,1246.79
2025-03-14,7.1,8.99,16.1,-1.89,12.36,BA,Trans,1244.8999999999999
2025-03-17,8.41,8.78,17.19,-0.37,13.7,BA,Trans,1244.53
2025-03-18,30.49,17.4,47.9,13.09,18.92,BA,Trans,1257.62
2025-03-19,37.03,17.95,54.98,19.08,17.39,BA,Trans,1276.6999999999998
2025-03-20,37.75,19.61,57.36,18.14,19.8,BA,Trans,1294.84
2025-03-21,92.38,19.94,112.32,72.45,35.41,BA,Trans,1367.29
2025-03-24,38.85,15.46,54.31,23.39,29.82,BA,Trans,1390.68
2025-03-25,48.62,29.12,77.73,19.5,33.52,BA,Trans,1410.18
2025-03-26,30.09,30.5,60.59,-0.42,31.49,BA,Trans,1409.76
2025-03-27,22.42,10.99,33.41,11.43,34.59,BA,Trans,1421.19
2025-03-28,7.76,8.14,15.9,-0.38,23.14,BA,Trans,1420.81
2025-03-31,38.72,18.87,57.58,19.85,25.11,BA,Trans,1440.6599999999999
2025-04-01,12.62,21.24,33.86,-8.62,29.62,BA,Trans,1432.04
2025-04-02,30.21,27.59,57.8,2.63,29.28,BA,Trans,1434.67
2025-04-03,16.0,8.26,24.26,7.74,22.03,BA,Trans,1442.41
2025-04-04,48.46,24.82,73.27,23.64,24.83,BA,Trans,1466.0500000000002
2025-04-08,74.51,36.6,111.11,37.91,45.2,BA,Trans,1503.9600000000003
2025-04-09,20.57,27.22,47.79,-6.65,43.29,BA,Trans,1497.3100000000002
2025-04-10,60.29,37.45,97.75,22.84,29.1,BA,Trans,1520.15
2025-04-11,12.43,17.91,30.34,-5.49,26.75,BA,Trans,1514.66
2025-04-16,21.13,17.9,39.02,3.23,35.34,BA,Trans,1517.89
2025-04-17,10.17,18.03,28.21,-7.86,29.5,BA,Trans,1510.0300000000002
2025-04-18,10.16,53.21,63.38,-43.05,15.61,BA,Trans,1466.9800000000002
2025-04-21,61.87,19.46,81.33,42.4,25.63,BA,Trans,1509.3800000000003
2025-04-22,13.95,17.88,31.82,-3.93,19.86,BA,Trans,1505.4500000000003
2025-04-23,14.5,9.96,24.45,4.54,21.97,BA,Trans,1509.9900000000002
2025-04-24,21.65,8.47,30.12,13.17,24.77,BA,Trans,1523.1600000000003
2025-04-25,11.31,21.78,33.09,-10.47,26.01,BA,Trans,1512.6900000000003
2025-04-28,11.44,11.29,22.73,0.15,33.08,BA,Trans,1512.8400000000004
2025-04-29,16.38,13.89,30.27,2.48,22.25,BA,Trans,1515.3200000000004
2025-04-30,27.84,18.98,46.82,8.87,26.38,BA,Trans,1524.1900000000003
2025-05-02,26.96,13.29,40.25,13.67,24.48,BA,Trans,1537.8600000000004
2025-05-06,14.96,21.47,36.43,-6.52,29.09,BA,Trans,1531.3400000000004
2025-05-07,23.56,15.29,38.85,8.27,22.38,BA,Trans,1539.6100000000004
2025-05-08,14.6,51.85,66.45,-37.25,16.95,BA,Trans,1502.3600000000004
2025-05-09,18.99,22.86,41.84,-3.87,23.15,BA,Trans,1498.4900000000005
2025-05-13,32.94,8.16,41.1,24.77,22.47,BA,Trans,1523.2600000000004
2025-05-14,7.65,25.89,33.54,-18.24,16.93,BA,Trans,1505.0200000000004
2025-05-15,29.23,35.81,65.03,-6.58,23.61,BA,Trans,1498.4400000000005
2025-05-16,19.38,13.59,32.97,5.78,28.49,BA,Trans,1504.2200000000005
2025-05-19,19.26,13.73,32.99,5.53,37.03,BA,Trans,1509.7500000000005
2025-05-20,26.99,26.46,53.45,0.52,30.06,BA,Trans,1510.2700000000004
2025-05-21,21.09,18.23,39.33,2.86,23.42,BA,Trans,1513.1300000000003
2025-05-22,21.31,14.8,36.11,6.51,32.83,BA,Trans,1519.6400000000003
2025-05-23,18.25,22.78,41.03,-4.53,20.58,BA,Trans,1515.1100000000004
2025-05-26,3.51,12.27,15.78,-8.76,24.48,BA,Trans,1506.3500000000004
2025-05-27,4.78,10.04,14.82,-5.26,18.73,BA,Trans,1501.0900000000004
2025-05-28,39.46,10.43,49.89,29.03,27.27,BA,Trans,1530.1200000000003
2025-05-29,13.25,21.98,35.23,-8.73,25.72,BA,Trans,1521.3900000000003
2025-05-30,11.41,36.16,47.57,-24.75,34.46,BA,Trans,1496.6400000000003
2025-06-04,21.25,28.42,49.67,-7.18,27.9,BA,Trans,1489.4600000000003
2025-06-05,20.18,10.57,30.75,9.6,24.1,BA,Trans,1499.0600000000002
2025-06-06,14.11,19.11,33.22,-5.0,27.67,BA,Trans,1494.0600000000002
2025-06-09,6.13,8.53,14.66,-2.4,37.54,BA,Trans,1491.66
2025-06-10,8.56,9.61,18.17,-1.04,41.63,BA,Trans,1490.6200000000001
2025-06-11,14.64,20.17,34.8,-5.53,41.94,BA,Trans,1485.0900000000001
2025-06-12,12.14,23.17,35.31,-11.03,30.07,BA,Trans,1474.0600000000002
2025-06-13,18.71,20.77,39.48,-2.07,27.29,BA,Trans,1471.9900000000002
2025-06-16,18.59,13.68,32.28,4.91,25.35,BA,Trans,1476.9000000000003
2025-06-17,24.92,7.92,32.84,17.0,30.95,BA,Trans,1493.9000000000003
2025-06-18,23.88,15.15,39.03,8.73,33.89,BA,Trans,1502.6300000000003
2025-06-19,40.52,18.64,59.16,21.88,28.84,BA,Trans,1524.5100000000004
2025-06-20,111.68,6.46,118.14,105.21,39.18,BA,Trans,1629.7200000000005
2025-06-23,21.64,4.36,26.0,17.29,32.25,BA,Trans,1647.0100000000004
2025-06-24,20.78,19.61,40.38,1.17,25.1,BA,Trans,1648.1800000000005
2025-06-25,18.18,21.31,39.49,-3.12,24.57,BA,Trans,1645.0600000000006
2025-06-26,26.63,7.95,34.58,18.68,25.56,BA,Trans,1663.7400000000007
2025-06-27,15.13,9.53,24.67,5.6,29.89,BA,Trans,1669.3400000000006
2025-06-30,7.61,7.78,15.39,-0.17,28.59,BA,Trans,1669.1700000000005
2025-07-01,8.21,10.66,18.87,-2.45,30.58,BA,Trans,1666.7200000000005
2025-07-02,8.73,17.81,26.54,-9.08,26.02,BA,Trans,1657.6400000000006
2025-07-03,14.75,35.14,49.89,-20.38,37.19,BA,Trans,1637.2600000000004
2025-07-04,7.46,15.23,22.69,-7.77,29.65,BA,Trans,1629.4900000000005
2025-07-07,14.57,25.22,39.79,-10.64,33.95,BA,Trans,1618.8500000000004
2025-07-08,18.64,19.85,38.5,-1.21,40.05,BA,Trans,1617.6400000000003
2025-07-09,14.5,17.88,32.38,-3.39,43.24,BA,Trans,1614.2500000000002
2025-07-11,13.63,14.04,27.67,-0.41,34.68,BA,Trans,1613.8400000000001
2025-07-14,31.68,56.67,88.35,-24.99,20.81,BA,Trans,1588.8500000000001
2025-07-15,22.06,35.52,57.58,-13.47,25.61,BA,Trans,1575.38
2025-07-16,64.83,74.76,139.59,-9.94,26.37,BA,Trans,1565.44
2025-07-17,49.72,54.99,104.71,-5.26,18.03,BA,Trans,1560.18
2025-07-18,10.89,37.67,48.56,-26.78,23.36,BA,Trans,1533.4
2025-07-21,12.11,22.45,34.56,-10.34,22.33,BA,Trans,1523.0600000000002
2025-07-22,22.85,22.19,45.04,0.66,28.75,BA,Trans,1523.7200000000003
2025-07-23,47.17,42.54,89.71,4.63,23.19,BA,Trans,1528.3500000000004
2025-07-24,17.47,43.14,60.62,-25.67,23.13,BA,Trans,1502.6800000000003
2025-07-25,20.82,53.56,74.38,-32.74,33.4,BA,Trans,1469.9400000000003
2025-07-29,37.9,43.83,81.73,-5.93,18.14,BA,Trans,1464.0100000000002
2025-07-30,24.26,64.97,89.24,-40.71,20.09,BA,Trans,1423.3000000000002
2025-07-31,25.63,78.85,104.48,-53.22,26.22,BA,Trans,1370.0800000000002
2025-08-01,51.14,93.03,144.17,-41.9,18.87,BA,Trans,1328.18
2025-08-04,27.89,98.36,126.25,-70.47,21.23,BA,Trans,1257.71
2025-08-05,58.15,60.68,118.83,-2.53,25.51,BA,Trans,1255.18
2025-08-06,30.89,71.09,101.98,-40.2,27.33,BA,Trans,1214.98
2025-08-07,64.15,74.55,138.7,-10.4,20.44,BA,Trans,1204.58
2025-08-08,54.23,46.95,101.17,7.28,29.34,BA,Trans,1211.86
2025-08-13,23.81,44.19,68.0,-20.38,23.28,BA,Trans,1191.4799999999998
2025-08-14,17.74,68.13,85.87,-50.39,28.45,BA,Trans,1141.0899999999997
2025-08-15,32.32,28.98,61.3,3.34,31.84,BA,Trans,1144.4299999999996
2025-08-18,21.58,39.53,61.11,-17.95,34.11,BA,Trans,1126.4799999999996
2025-08-19,19.32,50.62,69.94,-31.3,33.76,BA,Trans,1095.1799999999996
2025-08-20,49.31,25.08,74.39,24.23,18.32,BA,Trans,1119.4099999999996
2025-08-21,31.66,20.5,52.16,11.16,21.62,BA,Trans,1130.5699999999997
2025-08-22,21.09,25.27,46.36,-4.18,29.6,BA,Trans,1126.3899999999996
2025-08-25,37.38,25.36,62.74,12.02,21.49,BA,Trans,1138.4099999999996
2025-08-26,13.62,42.56,56.18,-28.94,30.39,BA,Trans,1109.4699999999996
2025-08-27,13.25,30.88,44.12,-17.63,24.76,BA,Trans,1091.8399999999995
2025-08-28,59.04,40.76,99.8,18.28,28.03,BA,Trans,1110.1199999999994
2025-08-29,19.23,56.62,75.85,-37.4,34.42,BA,Trans,1072.7199999999993
2025-09-01,19.66,20.14,39.79,-0.48,24.8,BA,Trans,1072.2399999999993
2025-09-02,17.24,25.21,42.45,-7.97,21.51,BA,Trans,1064.2699999999993
2025-09-03,43.63,44.02,87.65,-0.39,39.19,BA,Trans,1063.8799999999992
2025-09-04,26.87,73.73,100.61,-46.86,33.44,BA,Trans,1017.0199999999992
2025-09-05,36.36,48.93,85.3,-12.57,36.75,BA,Trans,1004.4499999999991
2025-09-08,36.91,69.7,106.61,-32.78,27.33,BA,Trans,971.6699999999992
2025-09-09,7.95,84.73,92.69,-76.78,24.71,BA,Trans,894.8899999999992
2025-09-10,3.39,52.91,56.3,-49.53,16.46,BA,Trans,845.3599999999992
2025-09-11,5.64,13.06,18.69,-7.42,12.65,BA,Trans,837.9399999999993
2025-09-12,11.08,33.69,44.77,-22.61,24.37,BA,Trans,815.3299999999992
2025-09-15,26.29,35.59,61.89,-9.3,20.68,BA,Trans,806.0299999999993
2025-09-16,71.05,41.07,112.12,29.98,27.68,BA,Trans,836.0099999999993
2025-09-17,15.1,79.82,94.92,-64.72,27.11,BA,Trans,771.2899999999993
2025-09-18,11.05,32.29,43.34,-21.24,23.11,BA,Trans,750.0499999999993
2025-09-19,3.26,13.82,17.08,-10.57,14.99,BA,Trans,739.4799999999992
2025-09-22,10.27,25.73,36.0,-15.46,23.31,BA,Trans,724.0199999999992
2025-09-23,0.59,17.85,18.44,-17.26,11.07,BA,Trans,706.7599999999992
2025-09-24,12.76,11.1,23.87,1.66,21.95,BA,Trans,708.4199999999992
2025-09-25,9.16,11.38,20.53,-2.22,29.38,BA,Trans,706.1999999999991
2025-09-26,16.64,17.05,33.69,-0.41,25.28,BA,Trans,705.7899999999992
2025-09-29,19.22,11.22,30.44,8.0,27.26,BA,Trans,713.7899999999992
2025-09-30,13.68,16.19,29.87,-2.51,22.51,BA,Trans,711.2799999999992
2025-10-01,3.75,9.52,13.26,-5.77,20.99,BA,Trans,705.5099999999992
2025-10-02,202.38,65.97,268.35,136.42,24.8,BA,Trans,841.9299999999992
2025-10-03,31.76,20.77,52.54,10.99,21.66,BA,Trans,852.9199999999992
2025-10-06,10.42,35.97,46.39,-25.55,23.57,BA,Trans,827.3699999999992
2025-10-07,16.6,20.63,37.23,-4.03,10.65,BA,Trans,823.3399999999992
2025-10-08,13.86,48.63,62.5,-34.77,27.55,BA,Trans,788.5699999999993
2025-10-09,25.57,28.31,53.88,-2.73,17.05,BA,Trans,785.8399999999992
2025-10-10,20.76,35.94,56.7,-15.18,22.99,BA,Trans,770.6599999999993
2025-10-14,40.38,22.44,62.82,17.93,18.78,BA,Trans,788.5899999999992
2025-10-15,10.28,6.54,16.82,3.73,13.18,BA,Trans,792.3199999999993
2025-10-16,7.14,9.02,16.16,-1.88,12.55,BA,Trans,790.4399999999993
2025-10-17,15.88,10.06,25.93,5.82,14.73,BA,Trans,796.2599999999993
2025-10-20,5.26,17.47,22.73,-12.21,14.23,BA,Trans,784.0499999999993
2025-10-21,27.98,19.64,47.62,8.34,17.49,BA,Trans,792.3899999999993
2025-10-22,13.66,27.6,41.26,-13.94,22.83,BA,Trans,778.4499999999992
2025-10-24,18.5,46.07,64.58,-27.57,19.89,BA,Trans,750.8799999999992
2025-10-27,4.92,36.31,41.23,-31.39,21.95,BA,Trans,719.4899999999992
2025-10-28,5.62,5.62,11.23,0.0,20.42,BA,Trans,719.4899999999992
2025-10-29,5.72,8.42,14.13,-2.7,14.47,BA,Trans,716.7899999999992
2025-10-30,6.78,5.1,11.88,1.68,16.47,BA,Trans,718.4699999999991
2025-10-31,12.67,4.6,17.27,8.07,19.56,BA,Trans,726.5399999999992
2025-11-03,2.15,10.28,12.44,-8.13,23.03,BA,Trans,718.4099999999992
2025-11-04,3.46,6.09,9.55,-2.64,9.51,BA,Trans,715.7699999999992
2025-11-05,3.29,1.78,5.08,1.51,6.34,BA,Trans,717.2799999999992
2025-11-06,12.12,4.03,16.15,8.09,12.09,BA,Trans,725.3699999999992
2025-11-07,4.68,7.0,11.68,-2.31,22.82,BA,Trans,723.0599999999993
2025-11-10,2.78,4.85,7.63,-2.07,13.1,BA,Trans,720.9899999999992
2025-11-11,71.17,16.93,88.1,54.24,19.09,BA,Trans,775.2299999999992
2025-11-12,39.64,21.4,61.04,18.24,24.61,BA,Trans,793.4699999999992
2025-11-13,52.45,23.51,75.97,28.94,21.31,BA,Trans,822.4099999999993
2025-11-14,11.11,41.34,52.46,-30.23,21.85,BA,Trans,792.1799999999993
2025-11-17,30.26,50.8,81.06,-20.54,24.89,BA,Trans,771.6399999999993
2025-11-18,5.76,12.99,18.75,-7.23,15.88,BA,Trans,764.4099999999993
2025-11-19,34.51,27.66,62.16,6.85,16.22,BA,Trans,771.2599999999993
2025-11-20,67.64,10.6,78.24,57.04,17.72,BA,Trans,828.2999999999993
2025-11-21,34.0,20.76,54.76,13.24,18.83,BA,Trans,841.5399999999993
2025-11-24,50.08,26.27,76.35,23.81,36.66,BA,Trans,865.3499999999992
2025-11-25,26.47,25.06,51.53,1.41,23.4,BA,Trans,866.7599999999992
2025-11-26,27.75,30.15,57.9,-2.4,21.72,BA,Trans,864.3599999999992
2025-11-27,37.01,8.0,45.0,29.01,18.76,BA,Trans,893.3699999999992
2025-11-28,21.65,17.26,38.91,4.38,21.03,BA,Trans,897.7499999999992
2025-12-01,28.26,51.1,79.36,-22.84,34.75,BA,Trans,874.9099999999992
2025-12-02,21.73,13.67,35.41,8.06,20.74,BA,Trans,882.9699999999991
2025-12-03,19.5,24.27,43.76,-4.77,33.1,BA,Trans,878.1999999999991
2025-12-04,20.59,31.73,52.33,-11.14,35.81,BA,Trans,867.0599999999991
2025-12-08,23.13,25.03,48.16,-1.9,31.48,BA,Trans,865.1599999999992
2025-12-09,7.2,22.65,29.85,-15.46,41.22,BA,Trans,849.6999999999991
2025-12-11,11.91,20.8,32.72,-8.89,35.11,BA,Trans,840.8099999999991
2025-12-12,22.45,27.45,49.89,-5.0,38.03,BA,Trans,835.8099999999991
2025-12-15,73.08,23.03,96.11,50.05,31.3,BA,Trans,885.8599999999991
2025-12-16,59.25,15.42,74.67,43.83,29.8,BA,Trans,929.6899999999991
2025-12-17,48.22,31.3,79.52,16.92,35.19,BA,Trans,946.6099999999991
2025-12-18,76.92,19.87,96.8,57.05,34.79,BA,Trans,1003.6599999999991
2025-12-19,12.48,11.27,23.75,1.2,36.79,BA,Trans,1004.8599999999991
2025-12-22,24.16,29.12,53.28,-4.97,48.62,BA,Trans,999.8899999999991
2025-12-23,12.85,10.39,23.24,2.46,20.65,BA,Trans,1002.3499999999991
2025-12-24,20.25,18.12,38.37,2.13,36.07,BA,Trans,1004.4799999999991
2025-12-25,5.18,24.48,29.66,-19.29,29.76,BA,Trans,985.1899999999991
2025-12-26,11.92,26.04,37.96,-14.12,42.93,BA,Trans,971.0699999999991
2025-12-29,17.27,20.73,38.0,-3.45,40.96,BA,Trans,967.6199999999991
2025-12-30,12.6,13.77,26.38,-1.17,31.87,BA,Trans,966.4499999999991
2026-01-05,33.79,18.12,51.92,15.67,30.48,BA,Trans,982.1199999999991
2026-01-06,24.86,41.08,65.93,-16.22,34.15,BA,Trans,965.8999999999991
2026-01-07,56.03,34.6,90.63,21.43,33.15,BA,Trans,987.329999999999
2026-01-08,42.59,26.84,69.43,15.75,19.49,BA,Trans,1003.079999999999
2026-01-09,29.14,31.56,60.7,-2.42,27.41,BA,Trans,1000.6599999999991
2026-01-12,27.44,48.86,76.3,-21.42,26.48,BA,Trans,979.2399999999991
2026-01-13,29.33,33.11,62.44,-3.78,32.15,BA,Trans,975.4599999999991
2026-01-14,20.88,54.04,74.92,-33.16,23.36,BA,Trans,942.2999999999992
2026-01-15,30.94,10.6,41.54,20.34,22.76,BA,Trans,962.6399999999992
2026-01-16,4.98,19.06,24.03,-14.08,19.54,BA,Trans,948.5599999999991
2026-01-19,26.3,22.1,48.41,4.2,27.98,BA,Trans,952.7599999999992
2026-01-20,23.87,19.51,43.39,4.36,29.67,BA,Trans,957.1199999999992
2026-01-21,35.13,16.77,51.9,18.36,32.38,BA,Trans,975.4799999999992
2026-01-22,20.3,37.27,57.57,-16.97,29.2,BA,Trans,958.5099999999992
2026-01-23,18.24,17.49,35.73,0.74,24.13,BA,Trans,959.2499999999992
2026-01-26,25.48,26.23,51.71,-0.75,27.37,BA,Trans,958.4999999999992
2026-01-27,13.43,19.55,32.98,-6.12,33.69,BA,Trans,952.3799999999992
2026-01-28,21.44,32.64,54.08,-11.19,33.44,BA,Trans,941.1899999999991
2026-01-29,10.93,15.65,26.58,-4.72,30.02,BA,Trans,936.4699999999991
2026-01-30,26.88,29.76,56.64,-2.88,46.27,BA,Trans,933.5899999999991
2026-02-02,18.54,22.75,41.29,-4.2,23.31,BA,Trans,929.3899999999991
2026-02-03,71.6,27.1,98.7,44.49,29.05,BA,Trans,973.8799999999991
2026-02-04,12.59,34.82,47.41,-22.23,27.52,BA,Trans,951.6499999999991
2026-02-05,30.11,18.09,48.2,12.01,19.49,BA,Trans,963.6599999999991
2026-02-06,15.2,34.49,49.69,-19.29,27.49,BA,Trans,944.3699999999991
2026-02-09,57.69,11.4,69.09,46.29,19.72,BA,Trans,990.6599999999991
2026-02-10,72.16,56.28,128.44,15.88,23.93,BA,Trans,1006.539999999999
2026-02-11,46.27,54.86,101.13,-8.59,19.69,BA,Trans,997.949999999999
2026-02-12,40.3,42.09,82.39,-1.79,31.5,BA,Trans,996.1599999999991
2026-02-13,41.24,41.28,82.52,-0.04,29.0,BA,Trans,996.1199999999991
2026-02-16,16.29,31.79,48.09,-15.5,19.78,BA,Trans,980.6199999999991
2026-02-17,23.65,21.92,45.57,1.74,16.12,BA,Trans,982.3599999999991
2026-02-18,25.97,40.57,66.54,-14.6,26.98,BA,Trans,967.7599999999991
2026-02-19,30.09,52.55,82.65,-22.46,30.17,BA,Trans,945.299999999999
2026-02-20,45.09,25.67,70.75,19.42,20.54,BA,Trans,964.719999999999
2026-02-23,68.09,30.16,98.24,37.93,26.25,BA,Trans,1002.649999999999
2026-02-24,30.76,21.09,51.85,9.67,27.21,BA,Trans,1012.3199999999989
2026-02-25,16.59,31.36,47.95,-14.77,21.54,BA,Trans,997.5499999999989
2026-02-26,28.95,24.02,52.97,4.93,32.17,BA,Trans,1002.4799999999989
2026-02-27,48.54,41.95,90.49,6.59,19.77,BA,Trans,1009.0699999999989
2026-03-02,85.84,59.84,145.68,26.01,15.2,BA,Trans,1035.079999999999
2026-03-04,139.08,118.67,257.75,20.41,27.17,BA,Trans,1055.489999999999
2026-03-05,59.41,79.65,139.06,-20.23,25.17,BA,Trans,1035.259999999999
2026-03-06,43.89,68.86,112.75,-24.96,20.88,BA,Trans,1010.299999999999
2026-03-09,76.47,65.74,142.21,10.73,24.08,BA,Trans,1021.0299999999991
2026-03-10,24.54,86.1,110.64,-61.56,24.91,BA,Trans,959.4699999999991
2026-03-11,9.0,80.03,89.03,-71.03,19.66,BA,Trans,888.4399999999991
2026-03-12,11.99,59.77,71.76,-47.78,20.34,BA,Trans,840.6599999999992
2026-03-13,15.01,28.9,43.91,-13.88,23.63,BA,Trans,826.7799999999992
2026-03-16,15.78,22.22,38.01,-6.44,22.99,BA,Trans,820.3399999999991
2026-03-17,24.75,15.16,39.91,9.59,25.9,BA,Trans,829.9299999999992
2026-03-18,10.08,28.88,38.96,-18.81,27.42,BA,Trans,811.1199999999992
2026-03-19,5.58,15.77,21.35,-10.19,11.43,BA,Trans,800.9299999999992
2026-03-20,20.89,18.36,39.25,2.53,16.34,BA,Trans,803.4599999999991
2026-03-23,11.11,24.97,36.09,-13.86,14.04,BA,Trans,789.5999999999991
2026-03-24,14.85,13.22,28.06,1.63,13.06,BA,Trans,791.2299999999991
2026-03-25,26.87,20.99,47.86,5.88,10.6,BA,Trans,797.1099999999991
2026-03-26,7.79,11.49,19.28,-3.7,9.88,BA,Trans,793.4099999999991
2026-03-27,9.62,11.14,20.76,-1.52,17.35,BA,Trans,791.8899999999991
2026-03-30,13.71,5.91,19.62,7.8,12.54,BA,Trans,799.689999999999
2026-03-31,15.92,23.42,39.34,-7.5,18.61,BA,Trans,792.189999999999
2026-04-01,15.36,24.89,40.25,-9.53,8.85,BA,Trans,782.6599999999991
2026-04-02,4.34,3.36,7.7,0.98,5.82,BA,Trans,783.6399999999991
2026-04-03,8.07,10.71,18.78,-2.64,19.1,BA,Trans,780.9999999999991
2026-04-07,8.67,30.03,38.7,-21.36,10.79,BA,Trans,759.6399999999991
2026-04-08,40.41,18.16,58.57,22.25,12.14,BA,Trans,781.8899999999991
2026-04-09,1.13,21.19,22.32,-20.05,12.12,BA,Trans,761.8399999999991
2026-04-10,6.64,8.58,15.22,-1.94,21.19,BA,Trans,759.8999999999991
2026-04-16,29.84,25.9,55.74,3.94,17.46,BA,Trans,763.8399999999991
2026-04-17,8.08,14.13,22.21,-6.05,13.04,BA,Trans,757.7899999999992
2026-04-20,20.23,22.04,42.27,-1.81,24.81,BA,Trans,755.9799999999992
2026-04-21,29.63,23.82,53.45,5.81,20.79,BA,Trans,761.7899999999992
2026-04-22,1.89,15.96,17.85,-14.07,15.91,BA,Trans,747.7199999999991
2026-04-23,0.61,18.7,19.31,-18.08,19.63,BA,Trans,729.6399999999991
2026-04-24,4.31,8.85,13.16,-4.54,21.37,BA,Trans,725.0999999999991
2026-04-27,7.37,11.12,18.49,-3.76,14.65,BA,Trans,721.3399999999991
2026-04-28,9.52,12.85,22.38,-3.33,27.67,BA,Trans,718.0099999999991
2026-04-29,5.27,4.76,10.03,0.51,9.69,BA,Trans,718.5199999999991
2026-04-30,1.83,9.64,11.47,-7.81,12.87,BA,Trans,710.7099999999991
2026-05-05,2.06,3.42,5.48,-1.36,6.54,BA,Trans,709.3499999999991
2026-05-06,20.34,20.77,41.12,-0.43,14.48,BA,Trans,708.9199999999992
2026-05-07,15.9,13.19,29.09,2.7,8.06,BA,Trans,711.6199999999992
2026-05-08,7.99,20.07,28.06,-12.09,17.28,BA,Trans,699.5299999999992
2026-05-11,7.22,20.36,27.58,-13.14,13.44,BA,Trans,686.3899999999992
2026-05-12,9.63,17.22,26.86,-7.59,9.66,BA,Trans,678.7999999999992
2026-05-13,6.34,10.06,16.4,-3.71,17.06,BA,Trans,675.0899999999991
2026-05-14,7.01,13.73,20.74,-6.72,14.75,BA,Trans,668.3699999999991
2026-05-15,10.1,19.54,29.64,-9.45,16.36,BA,Trans,658.919999999999
2026-05-18,6.66,6.6,13.26,0.06,20.43,BA,Trans,658.979999999999
2026-05-19,35.57,21.75,57.33,13.82,33.9,BA,Trans,672.799999999999
2026-05-20,8.8,13.34,22.14,-4.55,21.63,BA,Trans,668.2499999999991
2026-05-21,24.7,27.04,51.75,-2.34,16.33,BA,Trans,665.9099999999991
2026-05-22,2.41,23.8,26.21,-21.38,20.39,BA,Trans,644.5299999999991
2026-05-25,77.38,45.94,123.32,31.44,18.92,BA,Trans,675.9699999999991
2026-05-26,7.5,27.44,34.94,-19.94,11.86,BA,Trans,656.0299999999991
2026-05-27,3.97,15.33,19.3,-11.36,10.04,BA,Trans,644.669999999999
2026-05-28,20.17,24.77,44.94,-4.59,13.56,BA,Trans,640.079999999999
2026-05-29,57.46,48.1,105.57,9.36,20.87,BA,Trans,649.439999999999
2026-06-02,21.84,22.45,44.29,-0.61,16.26,BA,Trans,648.829999999999
2026-06-04,44.15,22.4,66.55,21.74,20.89,BA,Trans,670.569999999999
2026-06-05,45.79,37.66,83.44,8.13,20.2,BA,Trans,678.699999999999
2026-06-08,42.59,53.58,96.17,-10.98,24.48,BA,Trans,667.719999999999
2026-06-09,34.66,36.33,70.99,-1.67,23.04,BA,Trans,666.049999999999
2026-06-10,42.42,24.25,66.68,18.17,30.35,BA,Trans,684.219999999999
2026-06-11,33.5,33.19,66.69,0.31,30.66,BA,Trans,684.529999999999
2026-06-12,60.31,27.73,88.04,32.58,21.02,BA,Trans,717.109999999999
2026-06-15,55.39,25.18,80.57,30.22,23.89,BA,Trans,747.329999999999
2026-06-16,33.09,42.43,75.52,-9.35,22.98,BA,Trans,737.979999999999
2026-06-17,34.56,43.4,77.96,-8.85,19.21,BA,Trans,729.129999999999
2026-06-18,49.0,39.06,88.07,9.94,22.2,BA,Trans,739.069999999999
2026-06-19,71.5,26.3,97.8,45.2,24.67,BA,Trans,784.2699999999991
2026-06-22,43.37,39.36,82.73,4.01,32.09,BA,Trans,788.2799999999991
2026-06-23,69.77,19.72,89.49,50.05,24.54,BA,Trans,838.329999999999
2026-06-24,57.05,23.21,80.26,33.84,20.66,BA,Trans,872.169999999999
2026-06-25,51.02,86.79,137.82,-35.77,21.18,BA,Trans,836.3999999999991
2026-06-26,32.88,60.32,93.2,-27.43,24.96,BA,Trans,808.9699999999991
2026-06-29,19.89,33.6,53.48,-13.71,20.41,BA,Trans,795.2599999999991
2026-06-30,27.96,41.2,69.17,-13.24,15.88,BA,Trans,782.0199999999991
2026-07-01,14.4,26.78,41.19,-12.38,23.52,BA,Trans,769.6399999999991
2026-07-02,17.41,24.37,41.78,-6.96,22.93,BA,Trans,762.679999999999
2026-07-03,14.38,22.13,36.51,-7.75,20.48,BA,Trans,754.929999999999
2026-07-06,61.02,43.1,104.13,17.92,27.58,BA,Trans,772.849999999999
2026-07-07,88.1,13.64,101.74,74.46,28.04,BA,Trans,847.309999999999
2026-07-08,169.35,40.79,210.15,128.56,18.53,BA,Trans,975.869999999999
2026-07-09,63.52,64.95,128.47,-1.43,28.23,BA,Trans,974.439999999999
2026-07-10,109.43,31.6,141.03,77.83,25.72,BA,Trans,1052.269999999999
2026-07-13,62.55,89.05,151.6,-26.5,25.25,BA,Trans,1025.769999999999
2026-07-14,48.76,23.07,71.83,25.69,21.23,BA,Trans,1051.4599999999991
2026-07-15,44.07,24.24,68.32,19.83,22.79,BA,Trans,1071.289999999999
2026-07-16,40.55,8.55,49.1,32.0,19.08,BA,Trans,1103.289999999999
2026-07-17,28.14,43.61,71.75,-15.47,33.99,BA,Trans,1087.819999999999
2026-07-20,32.81,31.68,64.49,1.13,23.15,BA,Trans,1088.9499999999991
2026-07-21,27.61,24.12,51.73,3.49,25.41,BA,Trans,1092.4399999999991
2026-07-22,35.57,75.11,110.68,-39.54,22.87,BA,Trans,1052.8999999999992
2026-07-23,58.08,53.88,111.96,4.19,20.03,BA,Trans,1057.0899999999992
2026-07-24,47.66,12.07,59.73,35.6,20.66,BA,Trans,1092.6899999999991
2026-07-27,117.89,27.73,145.62,90.17,29.03,BA,Trans,1182.8599999999992
2026-07-30,67.83,36.0,103.83,31.83,18.97,BA,Trans,1214.6899999999991
2026-07-31,84.65,64.35,149.01,20.3,22.21,BA,Trans,1234.989999999999
2026-08-03,53.96,100.9,154.86,-46.95,23.0,BA,Trans,1188.039999999999
2026-08-04,47.18,48.02,95.2,-0.85,28.6,BA,Trans,1187.1899999999991
2026-08-05,53.88,45.7,99.59,8.18,22.59,BA,Trans,1195.3699999999992
2026-08-06,22.97,24.33,47.3,-1.37,28.17,BA,Trans,1193.9999999999993
2026-08-07,38.14,24.05,62.18,14.09,32.17,BA,Trans,1208.0899999999992
2026-08-10,28.82,42.59,71.42,-13.77,37.15,BA,Trans,1194.3199999999993
2026-08-11,82.45,104.67,187.11,-22.22,23.4,BA,Trans,1172.0999999999992
2026-08-13,140.32,57.8,198.11,82.52,33.79,BA,Trans,1254.6199999999992
2026-08-14,40.0,43.06,83.05,-3.06,31.81,BA,Trans,1251.5599999999993
2026-08-17,14.7,45.01,59.71,-30.31,31.41,BA,Trans,1221.2499999999993
2026-08-18,17.84,56.12,73.96,-38.29,21.38,BA,Trans,1182.9599999999994
2026-08-19,29.21,29.14,58.34,0.07,30.03,BA,Trans,1183.0299999999993
2026-08-20,13.04,49.73,62.77,-36.69,23.34,BA,Trans,1146.3399999999992
2026-08-21,10.27,35.13,45.4,-24.86,26.58,BA,Trans,1121.4799999999993
2026-08-24,32.52,36.65,69.17,-4.12,32.66,BA,Trans,1117.3599999999994
