date,buy_mb,sell_mb,buy_sell_mb,net_mb,nvdr_pct,symbol,sector,cumulative_net_mb
2020-01-02,275.51,332.31,607.82,-56.81,16.72,BBL,Banking,-56.81
2020-01-03,462.47,694.84,1157.31,-232.36,33.1,BBL,Banking,-289.17
2020-01-06,607.63,710.65,1318.28,-103.02,32.75,BBL,Banking,-392.19
2020-01-07,676.11,854.51,1530.63,-178.4,28.82,BBL,Banking,-570.59
2020-01-08,515.13,423.75,938.88,91.39,32.7,BBL,Banking,-479.20000000000005
2020-01-09,484.62,695.7,1180.32,-211.07,49.81,BBL,Banking,-690.27
2020-01-10,513.8,496.91,1010.71,16.89,51.72,BBL,Banking,-673.38
2020-01-13,414.71,614.77,1029.48,-200.07,42.69,BBL,Banking,-873.45
2020-01-14,326.49,445.66,772.15,-119.17,34.6,BBL,Banking,-992.62
2020-01-15,567.44,732.8,1300.25,-165.36,34.35,BBL,Banking,-1157.98
2020-01-16,341.37,532.76,874.12,-191.39,23.87,BBL,Banking,-1349.37
2020-01-17,224.02,522.24,746.26,-298.23,22.57,BBL,Banking,-1647.6
2020-01-20,476.57,550.65,1027.22,-74.07,19.99,BBL,Banking,-1721.6699999999998
2020-01-21,1023.43,1251.52,2274.95,-228.08,34.28,BBL,Banking,-1949.7499999999998
2020-01-22,827.44,463.36,1290.79,364.08,25.34,BBL,Banking,-1585.6699999999998
2020-01-23,516.58,945.65,1462.23,-429.06,40.08,BBL,Banking,-2014.7299999999998
2020-01-24,149.57,530.3,679.87,-380.73,38.1,BBL,Banking,-2395.46
2020-01-27,366.53,615.0,981.53,-248.46,31.27,BBL,Banking,-2643.92
2020-01-28,388.52,427.04,815.55,-38.52,31.86,BBL,Banking,-2682.44
2020-01-29,681.8,725.83,1407.63,-44.03,45.36,BBL,Banking,-2726.4700000000003
2020-01-30,702.44,704.08,1406.51,-1.64,39.43,BBL,Banking,-2728.11
2020-01-31,452.36,515.68,968.03,-63.32,41.3,BBL,Banking,-2791.4300000000003
2020-02-03,472.18,264.24,736.42,207.94,44.92,BBL,Banking,-2583.4900000000002
2020-02-04,338.47,385.42,723.89,-46.95,41.61,BBL,Banking,-2630.44
2020-02-05,271.87,515.02,786.89,-243.15,33.73,BBL,Banking,-2873.59
2020-02-06,449.7,741.23,1190.93,-291.53,29.52,BBL,Banking,-3165.12
2020-02-07,1455.06,1848.24,3303.3,-393.18,63.92,BBL,Banking,-3558.2999999999997
2020-02-11,731.73,668.19,1399.92,63.54,47.39,BBL,Banking,-3494.7599999999998
2020-02-12,579.71,267.48,847.2,312.23,41.77,BBL,Banking,-3182.5299999999997
2020-02-13,251.55,362.07,613.62,-110.51,39.79,BBL,Banking,-3293.04
2020-02-14,470.43,287.62,758.04,182.81,47.25,BBL,Banking,-3110.23
2020-02-17,131.57,195.59,327.17,-64.02,27.22,BBL,Banking,-3174.25
2020-02-18,271.4,420.66,692.07,-149.26,29.68,BBL,Banking,-3323.51
2020-02-19,477.06,721.82,1198.88,-244.76,30.8,BBL,Banking,-3568.2700000000004
2020-02-20,623.46,437.36,1060.82,186.09,42.7,BBL,Banking,-3382.1800000000003
2020-02-21,269.0,203.95,472.96,65.05,39.22,BBL,Banking,-3317.13
2020-02-24,554.59,626.97,1181.57,-72.38,41.27,BBL,Banking,-3389.51
2020-02-25,563.62,614.54,1178.16,-50.92,37.83,BBL,Banking,-3440.4300000000003
2020-02-26,1606.7,1004.63,2611.33,602.06,43.21,BBL,Banking,-2838.3700000000003
2020-02-27,548.9,282.31,831.21,266.6,37.71,BBL,Banking,-2571.7700000000004
2020-02-28,483.18,344.23,827.41,138.95,34.74,BBL,Banking,-2432.8200000000006
2020-03-02,688.3,689.45,1377.76,-1.15,41.4,BBL,Banking,-2433.9700000000007
2020-03-03,725.02,424.89,1149.91,300.12,43.57,BBL,Banking,-2133.850000000001
2020-03-04,612.56,526.08,1138.64,86.49,55.86,BBL,Banking,-2047.3600000000008
2020-03-05,769.36,949.06,1718.42,-179.69,36.28,BBL,Banking,-2227.0500000000006
2020-03-06,346.52,369.74,716.26,-23.22,40.81,BBL,Banking,-2250.2700000000004
2020-03-09,406.15,642.63,1048.78,-236.48,26.17,BBL,Banking,-2486.7500000000005
2020-03-10,266.55,356.92,623.46,-90.37,35.55,BBL,Banking,-2577.1200000000003
2020-03-11,132.62,288.76,421.37,-156.14,35.78,BBL,Banking,-2733.26
2020-03-12,501.01,451.33,952.34,49.68,30.42,BBL,Banking,-2683.5800000000004
2020-03-13,1069.19,1495.01,2564.2,-425.82,42.48,BBL,Banking,-3109.4000000000005
2020-03-16,539.38,601.24,1140.62,-61.86,46.28,BBL,Banking,-3171.2600000000007
2020-03-17,444.82,623.48,1068.3,-178.66,38.08,BBL,Banking,-3349.9200000000005
2020-03-18,393.8,597.05,990.84,-203.25,39.71,BBL,Banking,-3553.1700000000005
2020-03-19,235.48,417.62,653.1,-182.14,29.88,BBL,Banking,-3735.3100000000004
2020-03-20,511.77,579.27,1091.04,-67.5,43.59,BBL,Banking,-3802.8100000000004
2020-03-23,394.75,384.21,778.96,10.54,37.78,BBL,Banking,-3792.2700000000004
2020-03-24,608.83,402.99,1011.83,205.84,54.07,BBL,Banking,-3586.4300000000003
2020-03-25,292.64,528.87,821.51,-236.24,42.63,BBL,Banking,-3822.67
2020-03-26,241.33,540.54,781.87,-299.22,37.06,BBL,Banking,-4121.89
2020-03-27,553.75,379.07,932.82,174.68,29.17,BBL,Banking,-3947.2100000000005
2020-03-30,369.32,222.7,592.01,146.62,41.27,BBL,Banking,-3800.5900000000006
2020-03-31,369.38,306.91,676.29,62.47,28.92,BBL,Banking,-3738.120000000001
2020-04-01,128.11,387.66,515.77,-259.56,28.75,BBL,Banking,-3997.6800000000007
2020-04-02,243.24,585.45,828.7,-342.21,34.7,BBL,Banking,-4339.89
2020-04-03,205.09,435.98,641.07,-230.89,31.92,BBL,Banking,-4570.780000000001
2020-04-07,622.88,577.97,1200.85,44.91,30.91,BBL,Banking,-4525.870000000001
2020-04-08,711.25,590.39,1301.64,120.85,29.59,BBL,Banking,-4405.02
2020-04-09,359.31,379.63,738.93,-20.32,17.07,BBL,Banking,-4425.34
2020-04-10,157.25,137.57,294.82,19.68,25.05,BBL,Banking,-4405.66
2020-04-13,86.27,83.79,170.05,2.48,24.15,BBL,Banking,-4403.18
2020-04-14,332.53,343.58,676.11,-11.04,22.57,BBL,Banking,-4414.22
2020-04-15,307.12,470.15,777.27,-163.04,24.32,BBL,Banking,-4577.26
2020-04-16,264.72,302.18,566.9,-37.47,24.9,BBL,Banking,-4614.7300000000005
2020-04-17,134.82,349.27,484.1,-214.45,22.87,BBL,Banking,-4829.18
2020-04-20,194.42,519.04,713.45,-324.62,23.55,BBL,Banking,-5153.8
2020-04-21,166.06,284.58,450.64,-118.53,23.09,BBL,Banking,-5272.33
2020-04-22,397.2,709.05,1106.25,-311.85,31.46,BBL,Banking,-5584.18
2020-04-23,452.77,576.69,1029.46,-123.92,42.2,BBL,Banking,-5708.1
2020-04-24,411.7,303.55,715.25,108.15,36.96,BBL,Banking,-5599.950000000001
2020-04-27,208.68,257.37,466.05,-48.69,34.43,BBL,Banking,-5648.64
2020-04-28,274.3,422.39,696.69,-148.09,34.52,BBL,Banking,-5796.7300000000005
2020-04-29,276.18,167.94,444.12,108.24,32.25,BBL,Banking,-5688.490000000001
2020-04-30,574.85,676.79,1251.64,-101.93,40.6,BBL,Banking,-5790.420000000001
2020-05-05,261.35,652.55,913.9,-391.2,42.37,BBL,Banking,-6181.620000000001
2020-05-07,574.38,864.37,1438.75,-289.99,38.24,BBL,Banking,-6471.610000000001
2020-05-08,277.9,203.18,481.07,74.72,26.91,BBL,Banking,-6396.89
2020-05-11,395.46,193.54,589.0,201.92,26.79,BBL,Banking,-6194.97
2020-05-12,220.53,400.18,620.7,-179.65,42.08,BBL,Banking,-6374.62
2020-05-13,362.73,977.81,1340.54,-615.08,41.73,BBL,Banking,-6989.7
2020-05-14,191.48,255.69,447.17,-64.2,28.85,BBL,Banking,-7053.9
2020-05-15,249.19,264.7,513.89,-15.5,29.96,BBL,Banking,-7069.4
2020-05-18,160.06,225.2,385.26,-65.14,29.64,BBL,Banking,-7134.54
2020-05-19,560.41,1117.64,1678.06,-557.23,39.06,BBL,Banking,-7691.77
2020-05-20,177.42,617.76,795.18,-440.34,26.67,BBL,Banking,-8132.110000000001
2020-05-21,168.25,395.82,564.07,-227.57,23.92,BBL,Banking,-8359.68
2020-05-22,72.43,228.5,300.93,-156.07,19.36,BBL,Banking,-8515.75
2020-05-25,189.42,197.73,387.15,-8.31,31.22,BBL,Banking,-8524.06
2020-05-26,243.96,311.48,555.44,-67.52,20.74,BBL,Banking,-8591.58
2020-05-27,328.23,320.41,648.64,7.82,17.14,BBL,Banking,-8583.76
2020-05-28,521.77,589.94,1111.71,-68.18,13.78,BBL,Banking,-8651.94
2020-05-29,575.33,493.7,1069.03,81.63,36.26,BBL,Banking,-8570.310000000001
2020-06-01,637.97,491.66,1129.63,146.31,27.99,BBL,Banking,-8424.000000000002
2020-06-02,260.11,453.91,714.03,-193.8,20.63,BBL,Banking,-8617.800000000001
2020-06-04,1510.36,1803.51,3313.87,-293.15,18.51,BBL,Banking,-8910.95
2020-06-05,515.67,1145.83,1661.5,-630.16,24.91,BBL,Banking,-9541.11
2020-06-08,583.41,839.83,1423.24,-256.42,23.79,BBL,Banking,-9797.53
2020-06-09,1711.95,995.93,2707.88,716.03,43.1,BBL,Banking,-9081.5
2020-06-10,822.34,544.03,1366.36,278.31,28.12,BBL,Banking,-8803.19
2020-06-11,635.53,289.05,924.58,346.48,27.52,BBL,Banking,-8456.710000000001
2020-06-12,544.58,427.67,972.25,116.91,25.0,BBL,Banking,-8339.800000000001
2020-06-15,377.21,338.6,715.81,38.61,16.69,BBL,Banking,-8301.19
2020-06-16,604.85,190.34,795.2,414.51,31.33,BBL,Banking,-7886.68
2020-06-17,248.07,194.72,442.79,53.35,18.06,BBL,Banking,-7833.33
2020-06-18,270.48,220.02,490.5,50.45,25.41,BBL,Banking,-7782.88
2020-06-19,303.66,247.23,550.89,56.42,22.0,BBL,Banking,-7726.46
2020-06-22,503.58,863.89,1367.48,-360.31,16.98,BBL,Banking,-8086.77
2020-06-23,325.91,190.46,516.36,135.45,19.13,BBL,Banking,-7951.320000000001
2020-06-24,537.32,424.46,961.78,112.86,23.73,BBL,Banking,-7838.460000000001
2020-06-25,220.77,266.07,486.84,-45.29,20.96,BBL,Banking,-7883.750000000001
2020-06-26,90.52,189.02,279.53,-98.5,15.2,BBL,Banking,-7982.250000000001
2020-06-29,201.31,332.64,533.95,-131.33,27.37,BBL,Banking,-8113.580000000001
2020-06-30,323.36,286.53,609.89,36.84,26.42,BBL,Banking,-8076.740000000001
2020-07-01,183.98,174.04,358.02,9.93,24.71,BBL,Banking,-8066.81
2020-07-02,281.35,156.02,437.37,125.33,17.8,BBL,Banking,-7941.4800000000005
2020-07-03,122.72,224.34,347.06,-101.62,19.89,BBL,Banking,-8043.1
2020-07-07,342.78,125.02,467.8,217.75,19.12,BBL,Banking,-7825.35
2020-07-08,374.61,212.9,587.51,161.72,30.47,BBL,Banking,-7663.63
2020-07-09,322.95,311.93,634.88,11.03,44.69,BBL,Banking,-7652.6
2020-07-10,103.23,190.71,293.94,-87.48,26.6,BBL,Banking,-7740.08
2020-07-13,199.29,153.22,352.52,46.07,29.27,BBL,Banking,-7694.01
2020-07-14,323.55,171.77,495.33,151.78,23.27,BBL,Banking,-7542.2300000000005
2020-07-15,358.44,90.34,448.78,268.1,24.05,BBL,Banking,-7274.13
2020-07-16,187.69,206.19,393.88,-18.5,37.45,BBL,Banking,-7292.63
2020-07-17,147.71,68.06,215.76,79.65,25.32,BBL,Banking,-7212.9800000000005
2020-07-20,215.47,162.59,378.05,52.88,25.58,BBL,Banking,-7160.1
2020-07-21,267.05,219.85,486.9,47.19,29.2,BBL,Banking,-7112.910000000001
2020-07-22,549.53,746.54,1296.07,-197.0,24.49,BBL,Banking,-7309.910000000001
2020-07-23,370.73,107.62,478.35,263.11,28.93,BBL,Banking,-7046.800000000001
2020-07-24,246.06,208.88,454.94,37.17,48.22,BBL,Banking,-7009.630000000001
2020-07-29,325.41,388.03,713.44,-62.62,30.09,BBL,Banking,-7072.250000000001
2020-07-30,426.0,108.39,534.39,317.61,30.49,BBL,Banking,-6754.640000000001
2020-07-31,193.28,162.12,355.4,31.17,30.6,BBL,Banking,-6723.470000000001
2020-08-03,173.05,284.62,457.67,-111.58,23.9,BBL,Banking,-6835.050000000001
2020-08-04,214.54,91.91,306.45,122.63,19.02,BBL,Banking,-6712.420000000001
2020-08-05,319.88,246.7,566.58,73.18,28.99,BBL,Banking,-6639.240000000001
2020-08-06,260.54,387.0,647.54,-126.46,48.13,BBL,Banking,-6765.700000000001
2020-08-07,239.34,307.78,547.12,-68.43,37.12,BBL,Banking,-6834.130000000001
2020-08-10,90.59,136.08,226.66,-45.49,23.28,BBL,Banking,-6879.620000000001
2020-08-11,154.34,284.95,439.28,-130.61,17.3,BBL,Banking,-7010.2300000000005
2020-08-13,393.47,477.15,870.62,-83.68,13.64,BBL,Banking,-7093.910000000001
2020-08-14,109.99,220.5,330.48,-110.51,14.69,BBL,Banking,-7204.420000000001
2020-08-17,86.42,124.56,210.98,-38.15,20.5,BBL,Banking,-7242.570000000001
2020-08-18,86.98,111.22,198.2,-24.24,18.31,BBL,Banking,-7266.81
2020-08-19,122.54,182.97,305.5,-60.43,17.92,BBL,Banking,-7327.240000000001
2020-08-20,111.34,243.5,354.84,-132.16,20.51,BBL,Banking,-7459.400000000001
2020-08-21,133.81,124.98,258.79,8.82,31.84,BBL,Banking,-7450.580000000001
2020-08-24,463.99,240.08,704.08,223.91,43.76,BBL,Banking,-7226.670000000001
2020-08-25,264.63,207.9,472.53,56.73,33.94,BBL,Banking,-7169.940000000001
2020-08-26,122.52,89.05,211.57,33.47,22.91,BBL,Banking,-7136.470000000001
2020-08-27,94.4,164.3,258.7,-69.9,14.52,BBL,Banking,-7206.370000000001
2020-08-28,309.78,254.12,563.89,55.66,15.81,BBL,Banking,-7150.710000000001
2020-08-31,798.43,475.06,1273.49,323.37,41.89,BBL,Banking,-6827.340000000001
2020-09-01,175.7,291.27,466.97,-115.56,21.18,BBL,Banking,-6942.9000000000015
2020-09-02,174.61,149.27,323.88,25.33,34.29,BBL,Banking,-6917.5700000000015
2020-09-03,145.18,164.5,309.68,-19.31,32.22,BBL,Banking,-6936.880000000002
2020-09-08,230.25,148.11,378.36,82.14,34.79,BBL,Banking,-6854.740000000002
2020-09-09,498.01,243.28,741.29,254.72,38.8,BBL,Banking,-6600.020000000001
2020-09-10,141.32,199.96,341.29,-58.64,28.66,BBL,Banking,-6658.660000000002
2020-09-11,161.26,184.3,345.56,-23.04,23.83,BBL,Banking,-6681.700000000002
2020-09-14,195.21,200.46,395.68,-5.25,38.7,BBL,Banking,-6686.950000000002
2020-09-15,160.5,92.06,252.57,68.44,35.41,BBL,Banking,-6618.510000000002
2020-09-16,470.88,280.07,750.95,190.81,25.55,BBL,Banking,-6427.700000000002
2020-09-17,369.0,335.47,704.47,33.53,31.36,BBL,Banking,-6394.170000000002
2020-09-18,3074.2,2539.43,5613.63,534.77,79.2,BBL,Banking,-5859.4000000000015
2020-09-21,251.97,132.09,384.06,119.89,44.13,BBL,Banking,-5739.510000000001
2020-09-22,191.66,131.12,322.78,60.54,16.8,BBL,Banking,-5678.970000000001
2020-09-23,128.15,101.49,229.64,26.66,9.69,BBL,Banking,-5652.310000000001
2020-09-24,162.18,181.52,343.7,-19.35,15.73,BBL,Banking,-5671.660000000002
2020-09-25,363.62,273.8,637.41,89.82,40.91,BBL,Banking,-5581.840000000002
2020-09-28,189.96,129.9,319.86,60.07,16.83,BBL,Banking,-5521.770000000002
2020-09-29,186.29,243.67,429.96,-57.39,23.45,BBL,Banking,-5579.160000000003
2020-09-30,286.53,394.95,681.47,-108.42,29.31,BBL,Banking,-5687.580000000003
2020-10-01,110.56,102.03,212.59,8.52,18.23,BBL,Banking,-5679.060000000002
2020-10-02,94.11,226.23,320.33,-132.12,16.64,BBL,Banking,-5811.180000000002
2020-10-05,112.57,69.36,181.94,43.21,20.02,BBL,Banking,-5767.970000000002
2020-10-06,393.24,120.34,513.59,272.9,32.12,BBL,Banking,-5495.070000000002
2020-10-07,322.2,89.36,411.56,232.84,32.95,BBL,Banking,-5262.230000000002
2020-10-08,154.99,78.73,233.72,76.25,14.94,BBL,Banking,-5185.980000000002
2020-10-09,142.28,166.81,309.09,-24.54,25.66,BBL,Banking,-5210.520000000002
2020-10-12,246.64,130.65,377.29,115.99,20.73,BBL,Banking,-5094.5300000000025
2020-10-14,143.59,246.07,389.66,-102.49,27.33,BBL,Banking,-5197.020000000002
2020-10-15,167.36,77.24,244.6,90.13,20.81,BBL,Banking,-5106.890000000002
2020-10-16,263.21,89.0,352.2,174.21,30.66,BBL,Banking,-4932.680000000002
2020-10-19,219.37,240.22,459.59,-20.85,21.11,BBL,Banking,-4953.5300000000025
2020-10-20,193.75,145.42,339.17,48.34,23.76,BBL,Banking,-4905.190000000002
2020-10-21,434.34,175.32,609.66,259.01,26.83,BBL,Banking,-4646.180000000002
2020-10-22,122.62,127.15,249.77,-4.53,19.91,BBL,Banking,-4650.710000000002
2020-10-26,95.96,110.92,206.87,-14.96,17.36,BBL,Banking,-4665.670000000002
2020-10-27,126.34,126.74,253.08,-0.4,19.74,BBL,Banking,-4666.0700000000015
2020-10-28,259.63,185.86,445.48,73.77,17.28,BBL,Banking,-4592.300000000001
2020-10-29,225.46,229.65,455.11,-4.19,16.97,BBL,Banking,-4596.490000000001
2020-10-30,194.8,299.06,493.86,-104.25,23.25,BBL,Banking,-4700.740000000001
2020-11-02,117.54,113.26,230.79,4.28,18.34,BBL,Banking,-4696.460000000001
2020-11-03,92.16,202.08,294.24,-109.91,13.11,BBL,Banking,-4806.370000000001
2020-11-04,56.21,75.52,131.74,-19.31,11.4,BBL,Banking,-4825.680000000001
2020-11-05,273.25,239.48,512.73,33.77,20.08,BBL,Banking,-4791.910000000001
2020-11-06,221.57,383.87,605.45,-162.3,14.37,BBL,Banking,-4954.210000000001
2020-11-09,249.45,261.62,511.07,-12.17,19.05,BBL,Banking,-4966.380000000001
2020-11-10,846.57,437.13,1283.7,409.44,14.48,BBL,Banking,-4556.940000000001
2020-11-11,598.24,441.17,1039.4,157.07,16.95,BBL,Banking,-4399.870000000002
2020-11-12,270.47,183.21,453.68,87.26,14.92,BBL,Banking,-4312.6100000000015
2020-11-13,520.18,287.35,807.52,232.83,20.75,BBL,Banking,-4079.7800000000016
2020-11-16,121.78,270.52,392.31,-148.74,18.68,BBL,Banking,-4228.520000000001
2020-11-17,304.68,326.98,631.66,-22.3,23.34,BBL,Banking,-4250.8200000000015
2020-11-18,265.04,244.04,509.08,20.99,20.87,BBL,Banking,-4229.830000000002
2020-11-19,245.57,784.16,1029.73,-538.59,30.22,BBL,Banking,-4768.420000000002
2020-11-20,887.09,906.78,1793.87,-19.7,24.57,BBL,Banking,-4788.120000000002
2020-11-23,741.98,446.42,1188.4,295.56,31.94,BBL,Banking,-4492.560000000001
2020-11-24,349.9,376.88,726.78,-26.98,25.47,BBL,Banking,-4519.540000000001
2020-11-25,610.45,381.66,992.11,228.79,29.37,BBL,Banking,-4290.750000000001
2020-11-26,298.3,507.03,805.33,-208.73,32.12,BBL,Banking,-4499.4800000000005
2020-11-27,167.28,100.67,267.95,66.62,18.15,BBL,Banking,-4432.860000000001
2020-11-30,291.72,327.52,619.24,-35.79,25.4,BBL,Banking,-4468.650000000001
2020-12-01,512.15,285.4,797.56,226.75,30.4,BBL,Banking,-4241.900000000001
2020-12-02,208.02,224.45,432.47,-16.43,18.4,BBL,Banking,-4258.330000000001
2020-12-03,280.63,330.56,611.19,-49.94,27.18,BBL,Banking,-4308.27
2020-12-04,310.62,288.18,598.8,22.44,22.74,BBL,Banking,-4285.830000000001
2020-12-08,501.92,355.26,857.18,146.66,26.0,BBL,Banking,-4139.170000000001
2020-12-09,402.64,411.45,814.09,-8.8,24.34,BBL,Banking,-4147.970000000001
2020-12-14,311.04,329.21,640.25,-18.17,24.7,BBL,Banking,-4166.140000000001
2020-12-15,376.78,230.99,607.77,145.78,25.87,BBL,Banking,-4020.360000000001
2020-12-16,208.54,353.75,562.29,-145.21,23.44,BBL,Banking,-4165.570000000001
2020-12-17,164.78,177.16,341.95,-12.38,18.82,BBL,Banking,-4177.950000000001
2020-12-18,683.61,484.83,1168.44,198.79,30.97,BBL,Banking,-3979.1600000000008
2020-12-21,581.79,163.88,745.66,417.91,18.39,BBL,Banking,-3561.250000000001
2020-12-22,474.01,435.04,909.04,38.97,25.41,BBL,Banking,-3522.280000000001
2020-12-23,654.98,521.34,1176.32,133.64,47.41,BBL,Banking,-3388.6400000000012
2020-12-24,294.5,194.6,489.1,99.91,27.5,BBL,Banking,-3288.7300000000014
2020-12-25,56.67,111.72,168.39,-55.04,16.19,BBL,Banking,-3343.7700000000013
2020-12-28,116.4,141.11,257.51,-24.7,18.3,BBL,Banking,-3368.470000000001
2020-12-29,185.23,89.96,275.19,95.27,25.11,BBL,Banking,-3273.200000000001
2020-12-30,211.98,172.21,384.19,39.78,22.43,BBL,Banking,-3233.420000000001
2021-01-04,188.73,134.45,323.18,54.28,19.99,BBL,Banking,-3179.140000000001
2021-01-05,131.73,233.11,364.84,-101.38,18.1,BBL,Banking,-3280.520000000001
2021-01-06,429.28,305.82,735.1,123.46,22.26,BBL,Banking,-3157.060000000001
2021-01-07,274.85,594.89,869.74,-320.04,20.12,BBL,Banking,-3477.100000000001
2021-01-08,410.75,164.07,574.82,246.69,26.29,BBL,Banking,-3230.4100000000008
2021-01-11,82.91,169.36,252.27,-86.45,23.25,BBL,Banking,-3316.8600000000006
2021-01-12,149.72,95.3,245.01,54.42,21.25,BBL,Banking,-3262.4400000000005
2021-01-13,514.66,305.6,820.26,209.06,22.95,BBL,Banking,-3053.3800000000006
2021-01-14,172.82,137.5,310.32,35.31,20.44,BBL,Banking,-3018.0700000000006
2021-01-15,174.02,200.61,374.63,-26.6,25.35,BBL,Banking,-3044.6700000000005
2021-01-18,78.84,163.67,242.52,-84.83,17.44,BBL,Banking,-3129.5000000000005
2021-01-19,114.34,113.49,227.83,0.85,19.51,BBL,Banking,-3128.6500000000005
2021-01-20,161.27,184.6,345.88,-23.33,16.97,BBL,Banking,-3151.9800000000005
2021-01-21,757.11,313.59,1070.69,443.52,16.71,BBL,Banking,-2708.4600000000005
2021-01-22,589.54,992.41,1581.95,-402.86,16.57,BBL,Banking,-3111.3200000000006
2021-01-25,282.5,382.7,665.21,-100.2,25.37,BBL,Banking,-3211.5200000000004
2021-01-26,121.57,225.27,346.84,-103.7,11.37,BBL,Banking,-3315.2200000000003
2021-01-27,270.92,298.56,569.48,-27.64,18.39,BBL,Banking,-3342.86
2021-01-28,221.72,278.23,499.95,-56.51,14.55,BBL,Banking,-3399.3700000000003
2021-01-29,683.23,648.6,1331.83,34.63,24.53,BBL,Banking,-3364.7400000000002
2021-02-01,456.08,270.53,726.61,185.55,18.53,BBL,Banking,-3179.19
2021-02-02,412.05,259.89,671.94,152.16,20.51,BBL,Banking,-3027.03
2021-02-03,380.59,306.52,687.1,74.07,12.93,BBL,Banking,-2952.96
2021-02-04,1191.41,521.67,1713.08,669.74,15.5,BBL,Banking,-2283.2200000000003
2021-02-05,1057.28,883.08,1940.36,174.2,20.53,BBL,Banking,-2109.0200000000004
2021-02-08,872.41,1065.03,1937.44,-192.62,14.71,BBL,Banking,-2301.6400000000003
2021-02-09,670.11,959.38,1629.5,-289.27,21.96,BBL,Banking,-2590.9100000000003
2021-02-10,209.85,208.35,418.2,1.51,11.66,BBL,Banking,-2589.4
2021-02-11,316.86,341.42,658.28,-24.56,18.93,BBL,Banking,-2613.96
2021-02-15,180.86,153.83,334.69,27.03,24.12,BBL,Banking,-2586.93
2021-02-16,199.63,187.35,386.98,12.27,14.14,BBL,Banking,-2574.66
2021-02-17,220.02,271.58,491.6,-51.57,21.03,BBL,Banking,-2626.23
2021-02-18,142.6,574.38,716.98,-431.79,30.21,BBL,Banking,-3058.02
2021-02-19,420.14,674.76,1094.9,-254.62,30.98,BBL,Banking,-3312.64
2021-02-22,326.53,492.06,818.59,-165.54,28.08,BBL,Banking,-3478.18
2021-02-23,384.56,384.97,769.53,-0.41,28.67,BBL,Banking,-3478.5899999999997
2021-02-24,212.6,195.75,408.35,16.84,24.63,BBL,Banking,-3461.7499999999995
2021-02-25,412.41,761.81,1174.22,-349.39,32.72,BBL,Banking,-3811.1399999999994
2021-03-01,140.33,281.48,421.81,-141.15,22.59,BBL,Banking,-3952.2899999999995
2021-03-02,174.89,188.16,363.05,-13.27,16.02,BBL,Banking,-3965.5599999999995
2021-03-03,395.86,405.38,801.24,-9.52,15.03,BBL,Banking,-3975.0799999999995
2021-03-04,389.15,333.31,722.46,55.84,23.61,BBL,Banking,-3919.2399999999993
2021-03-05,449.5,384.89,834.38,64.61,20.17,BBL,Banking,-3854.629999999999
2021-03-08,261.1,259.25,520.35,1.84,15.25,BBL,Banking,-3852.789999999999
2021-03-09,320.33,429.59,749.92,-109.26,28.39,BBL,Banking,-3962.0499999999993
2021-03-10,669.32,1058.62,1727.94,-389.29,35.91,BBL,Banking,-4351.339999999999
2021-03-11,333.42,549.56,882.98,-216.14,29.5,BBL,Banking,-4567.48
2021-03-12,175.3,210.44,385.74,-35.14,15.96,BBL,Banking,-4602.62
2021-03-15,268.39,248.7,517.09,19.7,22.22,BBL,Banking,-4582.92
2021-03-16,264.15,310.32,574.47,-46.17,32.11,BBL,Banking,-4629.09
2021-03-17,191.98,176.84,368.82,15.14,14.42,BBL,Banking,-4613.95
2021-03-18,119.53,305.3,424.83,-185.77,14.27,BBL,Banking,-4799.72
2021-03-19,836.69,379.32,1216.01,457.37,30.79,BBL,Banking,-4342.35
2021-03-22,100.94,266.66,367.6,-165.71,20.04,BBL,Banking,-4508.06
2021-03-23,146.05,173.43,319.48,-27.38,14.66,BBL,Banking,-4535.4400000000005
2021-03-24,190.22,269.52,459.74,-79.3,25.77,BBL,Banking,-4614.740000000001
2021-03-25,160.62,261.73,422.35,-101.11,13.58,BBL,Banking,-4715.85
2021-03-26,77.57,209.19,286.76,-131.62,25.24,BBL,Banking,-4847.47
2021-03-29,219.11,153.46,372.58,65.65,20.29,BBL,Banking,-4781.820000000001
2021-03-30,311.46,159.97,471.44,151.49,18.42,BBL,Banking,-4630.330000000001
2021-03-31,181.64,221.33,402.97,-39.69,26.72,BBL,Banking,-4670.02
2021-04-01,325.51,318.43,643.94,7.09,15.52,BBL,Banking,-4662.93
2021-04-02,290.55,169.9,460.45,120.65,11.57,BBL,Banking,-4542.280000000001
2021-04-05,137.38,169.27,306.66,-31.89,15.35,BBL,Banking,-4574.170000000001
2021-04-07,281.18,180.23,461.41,100.95,21.24,BBL,Banking,-4473.220000000001
2021-04-08,124.24,149.54,273.78,-25.29,21.22,BBL,Banking,-4498.510000000001
2021-04-09,72.73,124.11,196.84,-51.37,19.38,BBL,Banking,-4549.880000000001
2021-04-12,158.45,288.08,446.53,-129.63,14.38,BBL,Banking,-4679.510000000001
2021-04-16,301.45,451.27,752.72,-149.82,22.34,BBL,Banking,-4829.330000000001
2021-04-19,246.85,267.16,514.01,-20.32,20.6,BBL,Banking,-4849.650000000001
2021-04-20,495.18,483.57,978.75,11.62,19.54,BBL,Banking,-4838.030000000001
2021-04-21,613.79,308.73,922.51,305.06,22.67,BBL,Banking,-4532.97
2021-04-22,562.7,410.44,973.14,152.26,26.54,BBL,Banking,-4380.71
2021-04-23,212.49,172.71,385.2,39.78,17.8,BBL,Banking,-4340.93
2021-04-26,382.86,202.34,585.2,180.52,23.52,BBL,Banking,-4160.41
2021-04-27,121.55,148.4,269.95,-26.86,12.74,BBL,Banking,-4187.2699999999995
2021-04-28,254.49,256.48,510.97,-1.99,26.78,BBL,Banking,-4189.259999999999
2021-04-29,307.61,249.05,556.65,58.56,26.5,BBL,Banking,-4130.699999999999
2021-04-30,237.88,193.75,431.63,44.14,19.44,BBL,Banking,-4086.559999999999
2021-05-05,202.12,944.93,1147.05,-742.81,26.89,BBL,Banking,-4829.369999999999
2021-05-06,203.05,377.0,580.05,-173.95,25.02,BBL,Banking,-5003.319999999999
2021-05-07,349.32,218.78,568.1,130.53,31.48,BBL,Banking,-4872.789999999999
2021-05-10,78.75,179.67,258.42,-100.92,23.98,BBL,Banking,-4973.709999999999
2021-05-11,249.8,194.64,444.44,55.16,31.67,BBL,Banking,-4918.549999999999
2021-05-12,457.85,505.67,963.53,-47.82,27.82,BBL,Banking,-4966.369999999999
2021-05-13,373.73,377.57,751.3,-3.85,22.68,BBL,Banking,-4970.219999999999
2021-05-14,187.93,272.12,460.05,-84.2,25.43,BBL,Banking,-5054.419999999999
2021-05-17,270.14,191.24,461.38,78.9,24.57,BBL,Banking,-4975.5199999999995
2021-05-18,248.92,158.32,407.24,90.6,24.66,BBL,Banking,-4884.919999999999
2021-05-19,185.68,125.2,310.87,60.48,31.85,BBL,Banking,-4824.44
2021-05-20,177.92,276.52,454.44,-98.6,21.45,BBL,Banking,-4923.04
2021-05-21,104.82,163.63,268.45,-58.81,26.03,BBL,Banking,-4981.85
2021-05-24,73.57,175.21,248.78,-101.65,21.86,BBL,Banking,-5083.5
2021-05-25,351.53,338.91,690.43,12.62,21.05,BBL,Banking,-5070.88
2021-05-27,557.67,620.64,1178.31,-62.97,37.81,BBL,Banking,-5133.85
2021-05-28,166.15,254.08,420.22,-87.93,29.95,BBL,Banking,-5221.780000000001
2021-05-31,152.46,251.99,404.45,-99.53,35.71,BBL,Banking,-5321.31
2021-06-01,225.79,193.76,419.54,32.03,23.04,BBL,Banking,-5289.280000000001
2021-06-02,149.97,390.86,540.82,-240.89,33.45,BBL,Banking,-5530.170000000001
2021-06-04,445.79,354.38,800.17,91.41,32.26,BBL,Banking,-5438.760000000001
2021-06-07,431.59,283.31,714.9,148.29,31.89,BBL,Banking,-5290.470000000001
2021-06-08,468.63,488.49,957.12,-19.86,43.17,BBL,Banking,-5310.330000000001
2021-06-09,432.77,370.6,803.36,62.17,22.79,BBL,Banking,-5248.160000000001
2021-06-10,293.06,333.28,626.33,-40.22,22.57,BBL,Banking,-5288.380000000001
2021-06-11,211.53,188.5,400.03,23.03,24.88,BBL,Banking,-5265.350000000001
2021-06-14,122.74,168.8,291.55,-46.06,17.28,BBL,Banking,-5311.410000000002
2021-06-15,346.1,400.15,746.25,-54.05,29.1,BBL,Banking,-5365.460000000002
2021-06-16,411.28,241.26,652.54,170.02,30.48,BBL,Banking,-5195.440000000001
2021-06-17,230.1,154.98,385.08,75.12,31.85,BBL,Banking,-5120.3200000000015
2021-06-18,642.15,441.78,1083.92,200.37,39.12,BBL,Banking,-4919.950000000002
2021-06-21,106.26,382.37,488.63,-276.12,21.66,BBL,Banking,-5196.0700000000015
2021-06-22,94.39,191.65,286.03,-97.26,15.25,BBL,Banking,-5293.330000000002
2021-06-23,80.59,132.17,212.76,-51.58,18.63,BBL,Banking,-5344.910000000002
2021-06-24,133.93,249.57,383.5,-115.65,20.31,BBL,Banking,-5460.560000000001
2021-06-25,187.44,224.6,412.04,-37.16,29.53,BBL,Banking,-5497.720000000001
2021-06-28,70.19,234.36,304.55,-164.17,23.84,BBL,Banking,-5661.890000000001
2021-06-29,220.01,333.22,553.22,-113.21,30.11,BBL,Banking,-5775.100000000001
2021-06-30,66.49,175.72,242.22,-109.23,20.38,BBL,Banking,-5884.330000000001
2021-07-01,500.82,279.57,780.39,221.25,22.3,BBL,Banking,-5663.080000000001
2021-07-02,207.33,384.87,592.2,-177.54,21.14,BBL,Banking,-5840.620000000001
2021-07-05,113.85,96.27,210.12,17.59,19.4,BBL,Banking,-5823.030000000001
2021-07-06,263.65,372.32,635.97,-108.68,39.64,BBL,Banking,-5931.710000000001
2021-07-07,414.6,254.62,669.22,159.98,14.03,BBL,Banking,-5771.730000000001
2021-07-08,1139.45,274.62,1414.07,864.84,29.47,BBL,Banking,-4906.890000000001
2021-07-09,743.29,308.95,1052.24,434.33,26.86,BBL,Banking,-4472.560000000001
2021-07-12,341.02,222.12,563.15,118.9,24.67,BBL,Banking,-4353.660000000002
2021-07-13,105.0,239.2,344.2,-134.2,19.79,BBL,Banking,-4487.8600000000015
2021-07-14,454.08,378.05,832.13,76.03,34.53,BBL,Banking,-4411.830000000002
2021-07-15,286.87,240.78,527.65,46.08,34.52,BBL,Banking,-4365.750000000002
2021-07-16,217.02,124.54,341.56,92.47,29.41,BBL,Banking,-4273.280000000002
2021-07-19,267.65,297.15,564.8,-29.49,33.86,BBL,Banking,-4302.770000000001
2021-07-20,384.31,415.38,799.69,-31.08,32.1,BBL,Banking,-4333.850000000001
2021-07-21,399.25,279.65,678.89,119.6,22.56,BBL,Banking,-4214.250000000001
2021-07-22,742.1,269.16,1011.26,472.94,29.78,BBL,Banking,-3741.310000000001
2021-07-23,430.97,194.54,625.51,236.42,30.3,BBL,Banking,-3504.890000000001
2021-07-27,262.95,229.18,492.13,33.76,26.15,BBL,Banking,-3471.1300000000006
2021-07-29,284.15,329.22,613.37,-45.07,37.54,BBL,Banking,-3516.2000000000007
2021-07-30,342.35,267.75,610.1,74.6,28.77,BBL,Banking,-3441.600000000001
2021-08-02,143.85,97.81,241.66,46.04,16.95,BBL,Banking,-3395.560000000001
2021-08-03,463.87,201.52,665.4,262.35,24.51,BBL,Banking,-3133.210000000001
2021-08-04,272.14,103.72,375.86,168.42,35.72,BBL,Banking,-2964.790000000001
2021-08-05,317.16,301.64,618.8,15.52,47.43,BBL,Banking,-2949.270000000001
2021-08-06,169.65,173.51,343.15,-3.86,43.57,BBL,Banking,-2953.130000000001
2021-08-09,445.17,386.28,831.44,58.89,38.35,BBL,Banking,-2894.240000000001
2021-08-10,241.78,484.75,726.53,-242.97,41.86,BBL,Banking,-3137.210000000001
2021-08-11,294.36,185.38,479.75,108.98,26.67,BBL,Banking,-3028.230000000001
2021-08-13,299.15,152.76,451.91,146.39,26.98,BBL,Banking,-2881.840000000001
2021-08-16,416.89,219.18,636.07,197.71,38.81,BBL,Banking,-2684.130000000001
2021-08-17,322.4,447.55,769.95,-125.16,37.17,BBL,Banking,-2809.290000000001
2021-08-18,137.96,122.66,260.62,15.3,26.86,BBL,Banking,-2793.9900000000007
2021-08-19,251.44,172.66,424.1,78.78,29.53,BBL,Banking,-2715.2100000000005
2021-08-20,298.03,348.38,646.41,-50.34,27.17,BBL,Banking,-2765.5500000000006
2021-08-23,971.5,823.87,1795.37,147.63,20.85,BBL,Banking,-2617.9200000000005
2021-08-24,339.85,922.2,1262.05,-582.35,24.42,BBL,Banking,-3200.2700000000004
2021-08-25,284.77,306.47,591.25,-21.7,17.59,BBL,Banking,-3221.9700000000003
2021-08-26,278.89,363.74,642.63,-84.85,23.21,BBL,Banking,-3306.82
2021-08-27,404.13,228.25,632.39,175.88,18.83,BBL,Banking,-3130.94
2021-08-30,509.87,768.08,1277.96,-258.21,24.74,BBL,Banking,-3389.15
2021-08-31,3008.99,1665.5,4674.49,1343.49,33.52,BBL,Banking,-2045.66
2021-09-01,663.17,499.97,1163.14,163.2,20.07,BBL,Banking,-1882.46
2021-09-02,266.02,239.75,505.77,26.27,21.99,BBL,Banking,-1856.19
2021-09-03,247.25,347.87,595.11,-100.62,20.62,BBL,Banking,-1956.81
2021-09-06,44.67,159.81,204.48,-115.13,14.43,BBL,Banking,-2071.94
2021-09-07,204.11,226.28,430.38,-22.17,21.86,BBL,Banking,-2094.11
2021-09-08,197.01,199.64,396.65,-2.62,16.81,BBL,Banking,-2096.73
2021-09-09,193.84,287.0,480.84,-93.16,21.87,BBL,Banking,-2189.89
2021-09-10,190.62,270.16,460.78,-79.54,28.8,BBL,Banking,-2269.43
2021-09-13,132.06,131.15,263.21,0.91,18.64,BBL,Banking,-2268.52
2021-09-14,137.62,121.87,259.49,15.74,18.63,BBL,Banking,-2252.78
2021-09-15,102.93,233.12,336.05,-130.18,24.95,BBL,Banking,-2382.96
2021-09-16,229.63,134.44,364.06,95.19,28.9,BBL,Banking,-2287.77
2021-09-17,507.55,448.81,956.37,58.74,32.57,BBL,Banking,-2229.03
2021-09-20,114.37,177.75,292.11,-63.38,16.76,BBL,Banking,-2292.4100000000003
2021-09-21,417.56,279.33,696.89,138.24,22.6,BBL,Banking,-2154.17
2021-09-22,137.94,201.87,339.81,-63.93,15.18,BBL,Banking,-2218.1
2021-09-23,1193.82,573.27,1767.09,620.54,17.11,BBL,Banking,-1597.56
2021-09-27,969.99,1930.87,2900.86,-960.87,17.92,BBL,Banking,-2558.43
2021-09-28,346.54,601.66,948.2,-255.12,22.8,BBL,Banking,-2813.5499999999997
2021-09-29,638.55,1124.15,1762.7,-485.6,25.65,BBL,Banking,-3299.1499999999996
2021-09-30,301.09,751.44,1052.53,-450.35,26.6,BBL,Banking,-3749.4999999999995
2021-10-01,338.26,231.32,569.58,106.94,22.23,BBL,Banking,-3642.5599999999995
2021-10-04,290.53,762.88,1053.41,-472.35,24.18,BBL,Banking,-4114.91
2021-10-05,328.86,407.33,736.19,-78.48,26.65,BBL,Banking,-4193.389999999999
2021-10-06,310.19,361.4,671.59,-51.22,23.58,BBL,Banking,-4244.61
2021-10-07,732.28,458.2,1190.48,274.08,20.77,BBL,Banking,-3970.5299999999997
2021-10-08,212.01,225.28,437.29,-13.27,14.53,BBL,Banking,-3983.7999999999997
2021-10-11,86.96,286.65,373.61,-199.7,12.4,BBL,Banking,-4183.5
2021-10-12,249.92,254.13,504.05,-4.22,18.51,BBL,Banking,-4187.72
2021-10-14,325.44,446.63,772.07,-121.2,31.89,BBL,Banking,-4308.92
2021-10-15,256.12,230.54,486.66,25.58,19.09,BBL,Banking,-4283.34
2021-10-18,173.14,175.19,348.33,-2.05,18.24,BBL,Banking,-4285.39
2021-10-19,333.69,299.1,632.79,34.59,23.31,BBL,Banking,-4250.8
2021-10-20,175.47,189.16,364.63,-13.68,18.03,BBL,Banking,-4264.4800000000005
2021-10-21,635.38,239.08,874.46,396.3,20.35,BBL,Banking,-3868.1800000000003
2021-10-25,708.9,279.97,988.87,428.92,19.66,BBL,Banking,-3439.26
2021-10-26,310.95,406.67,717.62,-95.72,23.57,BBL,Banking,-3534.98
2021-10-27,193.74,190.92,384.65,2.82,20.98,BBL,Banking,-3532.16
2021-10-28,96.25,156.13,252.38,-59.88,22.69,BBL,Banking,-3592.04
2021-10-29,293.27,243.98,537.26,49.29,32.71,BBL,Banking,-3542.75
2021-11-01,125.45,150.86,276.31,-25.4,23.23,BBL,Banking,-3568.15
2021-11-02,236.66,292.04,528.7,-55.38,14.91,BBL,Banking,-3623.53
2021-11-03,309.42,423.69,733.12,-114.27,15.42,BBL,Banking,-3737.8
2021-11-04,1055.14,463.79,1518.93,591.34,15.54,BBL,Banking,-3146.46
2021-11-05,265.6,464.57,730.17,-198.98,15.54,BBL,Banking,-3345.44
2021-11-08,372.52,267.57,640.09,104.95,19.22,BBL,Banking,-3240.4900000000002
2021-11-09,110.7,131.52,242.22,-20.82,12.24,BBL,Banking,-3261.3100000000004
2021-11-10,63.5,155.23,218.73,-91.73,15.85,BBL,Banking,-3353.0400000000004
2021-11-11,198.31,308.66,506.97,-110.35,18.61,BBL,Banking,-3463.3900000000003
2021-11-12,91.04,149.28,240.32,-58.24,18.92,BBL,Banking,-3521.63
2021-11-15,127.38,183.62,311.0,-56.24,16.35,BBL,Banking,-3577.87
2021-11-16,208.3,170.72,379.02,37.58,17.08,BBL,Banking,-3540.29
2021-11-17,145.46,160.32,305.79,-14.86,16.61,BBL,Banking,-3555.15
2021-11-18,133.76,317.03,450.79,-183.28,22.0,BBL,Banking,-3738.4300000000003
2021-11-19,277.27,528.59,805.86,-251.32,16.86,BBL,Banking,-3989.7500000000005
2021-11-22,128.7,127.76,256.46,0.94,22.36,BBL,Banking,-3988.8100000000004
2021-11-23,176.12,338.9,515.01,-162.78,21.03,BBL,Banking,-4151.59
2021-11-24,240.9,241.45,482.35,-0.56,22.72,BBL,Banking,-4152.150000000001
2021-11-25,174.57,396.7,571.27,-222.13,18.16,BBL,Banking,-4374.280000000001
2021-11-26,361.39,425.83,787.22,-64.44,13.89,BBL,Banking,-4438.72
2021-11-29,594.4,358.71,953.11,235.69,17.82,BBL,Banking,-4203.030000000001
2021-11-30,1063.82,645.96,1709.78,417.85,17.43,BBL,Banking,-3785.1800000000007
2021-12-01,233.43,326.5,559.93,-93.07,15.42,BBL,Banking,-3878.250000000001
2021-12-02,301.74,314.27,616.01,-12.53,28.65,BBL,Banking,-3890.780000000001
2021-12-03,184.35,275.84,460.19,-91.48,28.01,BBL,Banking,-3982.260000000001
2021-12-07,153.61,360.28,513.89,-206.67,17.76,BBL,Banking,-4188.930000000001
2021-12-08,167.77,447.6,615.37,-279.84,21.88,BBL,Banking,-4468.770000000001
2021-12-09,155.31,382.4,537.7,-227.09,24.48,BBL,Banking,-4695.8600000000015
2021-12-13,143.41,196.23,339.64,-52.83,23.38,BBL,Banking,-4748.690000000001
2021-12-14,240.21,157.1,397.31,83.1,24.88,BBL,Banking,-4665.590000000001
2021-12-15,257.7,70.7,328.4,187.01,16.64,BBL,Banking,-4478.580000000001
2021-12-16,372.05,201.1,573.15,170.95,20.7,BBL,Banking,-4307.630000000001
2021-12-17,618.89,284.29,903.18,334.61,31.71,BBL,Banking,-3973.020000000001
2021-12-20,210.44,257.24,467.68,-46.8,17.63,BBL,Banking,-4019.820000000001
2021-12-21,174.99,102.54,277.53,72.45,19.43,BBL,Banking,-3947.3700000000013
2021-12-22,94.55,30.56,125.11,64.0,13.49,BBL,Banking,-3883.3700000000013
2021-12-23,249.4,105.6,355.01,143.8,22.08,BBL,Banking,-3739.570000000001
2021-12-24,46.84,59.74,106.57,-12.9,14.1,BBL,Banking,-3752.470000000001
2021-12-27,101.48,48.3,149.78,53.18,15.3,BBL,Banking,-3699.2900000000013
2021-12-28,260.43,112.52,372.95,147.9,20.75,BBL,Banking,-3551.3900000000012
2021-12-29,215.25,56.27,271.52,158.98,19.34,BBL,Banking,-3392.410000000001
2021-12-30,128.75,139.38,268.13,-10.63,19.12,BBL,Banking,-3403.0400000000013
2022-01-04,533.03,344.36,877.39,188.67,19.72,BBL,Banking,-3214.3700000000013
2022-01-05,86.03,212.6,298.63,-126.57,10.71,BBL,Banking,-3340.9400000000014
2022-01-06,320.37,295.1,615.47,25.26,17.8,BBL,Banking,-3315.680000000001
2022-01-07,711.14,181.56,892.7,529.58,22.94,BBL,Banking,-2786.1000000000013
2022-01-10,366.49,199.13,565.62,167.36,21.92,BBL,Banking,-2618.740000000001
2022-01-11,191.42,125.99,317.41,65.42,22.96,BBL,Banking,-2553.320000000001
2022-01-12,274.69,217.63,492.32,57.06,12.67,BBL,Banking,-2496.260000000001
2022-01-13,322.37,91.06,413.43,231.31,17.38,BBL,Banking,-2264.950000000001
2022-01-14,256.73,105.16,361.89,151.58,20.93,BBL,Banking,-2113.3700000000013
2022-01-17,89.12,206.25,295.37,-117.14,13.43,BBL,Banking,-2230.510000000001
2022-01-18,583.19,495.91,1079.11,87.28,14.22,BBL,Banking,-2143.230000000001
2022-01-19,226.98,285.59,512.57,-58.61,13.43,BBL,Banking,-2201.840000000001
2022-01-20,525.92,465.41,991.33,60.51,28.04,BBL,Banking,-2141.330000000001
2022-01-21,447.34,680.51,1127.86,-233.17,28.43,BBL,Banking,-2374.500000000001
2022-01-24,637.07,509.78,1146.85,127.29,38.27,BBL,Banking,-2247.210000000001
2022-01-25,1484.85,597.1,2081.95,887.75,26.57,BBL,Banking,-1359.460000000001
2022-01-26,638.49,698.6,1337.09,-60.1,12.76,BBL,Banking,-1419.5600000000009
2022-01-27,795.06,650.16,1445.23,144.9,24.54,BBL,Banking,-1274.6600000000008
2022-01-28,554.01,851.16,1405.17,-297.15,32.84,BBL,Banking,-1571.8100000000009
2022-01-31,601.17,893.35,1494.52,-292.18,35.95,BBL,Banking,-1863.990000000001
2022-02-01,133.73,355.03,488.76,-221.3,26.37,BBL,Banking,-2085.290000000001
2022-02-02,326.43,266.76,593.18,59.67,19.08,BBL,Banking,-2025.6200000000008
2022-02-03,901.0,371.69,1272.69,529.31,33.07,BBL,Banking,-1496.3100000000009
2022-02-04,594.48,453.57,1048.05,140.92,19.11,BBL,Banking,-1355.3900000000008
2022-02-07,531.51,413.13,944.65,118.38,26.99,BBL,Banking,-1237.0100000000007
2022-02-08,509.55,454.73,964.29,54.82,15.88,BBL,Banking,-1182.1900000000007
2022-02-09,1379.8,449.84,1829.64,929.96,17.04,BBL,Banking,-252.2300000000007
2022-02-10,674.87,620.29,1295.16,54.58,14.06,BBL,Banking,-197.65000000000072
2022-02-11,689.88,540.26,1230.14,149.62,11.6,BBL,Banking,-48.03000000000071
2022-02-14,436.09,381.12,817.21,54.96,14.82,BBL,Banking,6.929999999999289
2022-02-15,851.97,1492.93,2344.9,-640.96,21.1,BBL,Banking,-634.0300000000008
2022-02-17,774.39,1200.85,1975.24,-426.46,28.31,BBL,Banking,-1060.4900000000007
2022-02-18,402.43,379.05,781.48,23.38,16.91,BBL,Banking,-1037.1100000000006
2022-02-21,563.09,498.09,1061.19,65.0,16.86,BBL,Banking,-972.1100000000006
2022-02-22,655.27,613.35,1268.62,41.92,28.68,BBL,Banking,-930.1900000000006
2022-02-23,434.27,485.85,920.12,-51.58,20.91,BBL,Banking,-981.7700000000007
2022-02-24,434.47,1069.87,1504.34,-635.39,20.35,BBL,Banking,-1617.1600000000008
2022-02-25,201.99,584.08,786.07,-382.09,21.99,BBL,Banking,-1999.2500000000007
2022-02-28,281.73,740.68,1022.41,-458.94,22.53,BBL,Banking,-2458.1900000000005
2022-03-01,338.96,823.69,1162.65,-484.73,20.27,BBL,Banking,-2942.9200000000005
2022-03-02,687.33,1080.04,1767.37,-392.7,25.04,BBL,Banking,-3335.6200000000003
2022-03-03,625.49,840.43,1465.92,-214.95,33.65,BBL,Banking,-3550.57
2022-03-04,306.06,385.4,691.46,-79.34,26.02,BBL,Banking,-3629.9100000000003
2022-03-07,808.64,749.27,1557.91,59.37,25.05,BBL,Banking,-3570.5400000000004
2022-03-08,541.2,931.72,1472.92,-390.52,19.68,BBL,Banking,-3961.0600000000004
2022-03-09,864.52,1136.49,2001.01,-271.97,28.1,BBL,Banking,-4233.030000000001
2022-03-10,280.9,414.15,695.05,-133.25,20.17,BBL,Banking,-4366.280000000001
2022-03-11,520.06,335.89,855.95,184.17,32.56,BBL,Banking,-4182.110000000001
2022-03-14,529.73,358.28,888.01,171.45,26.34,BBL,Banking,-4010.6600000000008
2022-03-15,257.28,410.05,667.33,-152.77,24.95,BBL,Banking,-4163.430000000001
2022-03-16,459.1,248.72,707.83,210.38,21.9,BBL,Banking,-3953.050000000001
2022-03-17,505.26,393.58,898.84,111.68,27.26,BBL,Banking,-3841.3700000000013
2022-03-18,759.26,379.65,1138.92,379.61,32.44,BBL,Banking,-3461.760000000001
2022-03-21,209.62,659.3,868.92,-449.69,23.75,BBL,Banking,-3911.450000000001
2022-03-22,407.84,315.77,723.61,92.07,23.89,BBL,Banking,-3819.380000000001
2022-03-23,271.26,297.3,568.56,-26.04,19.43,BBL,Banking,-3845.420000000001
2022-03-24,197.54,249.09,446.63,-51.54,23.12,BBL,Banking,-3896.960000000001
2022-03-25,171.05,143.48,314.53,27.57,24.79,BBL,Banking,-3869.390000000001
2022-03-28,201.88,88.34,290.22,113.54,34.28,BBL,Banking,-3755.850000000001
2022-03-29,118.62,125.39,244.0,-6.77,24.29,BBL,Banking,-3762.620000000001
2022-03-30,600.31,373.96,974.26,226.35,25.02,BBL,Banking,-3536.270000000001
2022-03-31,662.84,617.52,1280.36,45.32,34.81,BBL,Banking,-3490.9500000000007
2022-04-01,141.01,108.68,249.69,32.34,17.18,BBL,Banking,-3458.6100000000006
2022-04-04,129.5,144.27,273.77,-14.77,21.43,BBL,Banking,-3473.3800000000006
2022-04-05,229.09,168.2,397.29,60.9,22.5,BBL,Banking,-3412.4800000000005
2022-04-07,173.36,164.41,337.77,8.95,17.21,BBL,Banking,-3403.5300000000007
2022-04-08,154.03,166.22,320.25,-12.18,23.69,BBL,Banking,-3415.7100000000005
2022-04-11,319.8,444.07,763.87,-124.28,34.96,BBL,Banking,-3539.9900000000007
2022-04-12,139.51,394.79,534.3,-255.28,33.25,BBL,Banking,-3795.270000000001
2022-04-18,244.23,781.33,1025.56,-537.1,31.66,BBL,Banking,-4332.370000000001
2022-04-19,346.94,391.33,738.27,-44.39,28.19,BBL,Banking,-4376.760000000001
2022-04-20,485.28,269.16,754.45,216.12,18.28,BBL,Banking,-4160.640000000001
2022-04-21,274.01,342.42,616.43,-68.41,23.31,BBL,Banking,-4229.050000000001
2022-04-22,437.38,1196.98,1634.36,-759.59,29.17,BBL,Banking,-4988.640000000001
2022-04-25,675.05,510.19,1185.24,164.87,43.0,BBL,Banking,-4823.770000000001
2022-04-26,490.08,372.9,862.99,117.18,36.43,BBL,Banking,-4706.590000000001
2022-04-27,467.59,173.95,641.55,293.64,26.52,BBL,Banking,-4412.950000000001
2022-04-28,407.26,174.68,581.94,232.58,33.07,BBL,Banking,-4180.370000000001
2022-04-29,333.83,468.84,802.66,-135.01,42.49,BBL,Banking,-4315.380000000001
2022-05-03,55.82,60.52,116.34,-4.7,15.92,BBL,Banking,-4320.080000000001
2022-05-05,134.55,398.61,533.16,-264.06,20.65,BBL,Banking,-4584.140000000001
2022-05-06,210.07,273.75,483.82,-63.68,17.92,BBL,Banking,-4647.8200000000015
2022-05-09,189.38,149.38,338.77,40.0,25.56,BBL,Banking,-4607.8200000000015
2022-05-10,311.6,251.21,562.82,60.39,24.13,BBL,Banking,-4547.430000000001
2022-05-11,259.73,308.68,568.41,-48.95,26.0,BBL,Banking,-4596.380000000001
2022-05-12,376.26,194.12,570.38,182.14,27.48,BBL,Banking,-4414.240000000001
2022-05-13,159.05,232.12,391.17,-73.06,24.81,BBL,Banking,-4487.300000000001
2022-05-17,123.9,262.61,386.5,-138.71,18.88,BBL,Banking,-4626.010000000001
2022-05-18,400.83,195.57,596.41,205.26,22.58,BBL,Banking,-4420.750000000001
2022-05-19,202.97,260.46,463.43,-57.49,26.75,BBL,Banking,-4478.240000000001
2022-05-20,83.23,45.85,129.08,37.39,11.75,BBL,Banking,-4440.85
2022-05-23,207.84,323.82,531.66,-115.99,16.56,BBL,Banking,-4556.84
2022-05-24,114.54,300.68,415.22,-186.13,22.35,BBL,Banking,-4742.97
2022-05-25,209.97,313.91,523.87,-103.94,34.19,BBL,Banking,-4846.91
2022-05-26,278.34,334.26,612.61,-55.92,41.23,BBL,Banking,-4902.83
2022-05-27,287.45,189.44,476.9,98.01,23.75,BBL,Banking,-4804.82
2022-05-30,84.93,73.75,158.69,11.18,22.38,BBL,Banking,-4793.639999999999
2022-05-31,217.23,223.37,440.6,-6.13,38.42,BBL,Banking,-4799.7699999999995
2022-06-01,83.53,94.96,178.49,-11.43,22.81,BBL,Banking,-4811.2
2022-06-02,105.95,184.87,290.82,-78.92,26.63,BBL,Banking,-4890.12
2022-06-06,244.92,233.15,478.08,11.77,29.65,BBL,Banking,-4878.349999999999
2022-06-07,219.88,151.2,371.08,68.67,26.97,BBL,Banking,-4809.679999999999
2022-06-08,253.41,336.91,590.31,-83.5,30.95,BBL,Banking,-4893.179999999999
2022-06-09,1589.84,589.27,2179.11,1000.58,23.64,BBL,Banking,-3892.5999999999995
2022-06-10,281.73,499.81,781.54,-218.09,28.81,BBL,Banking,-4110.69
2022-06-13,140.78,230.38,371.16,-89.6,21.88,BBL,Banking,-4200.29
2022-06-14,154.04,360.05,514.09,-206.01,15.35,BBL,Banking,-4406.3
2022-06-15,411.07,386.69,797.76,24.38,18.13,BBL,Banking,-4381.92
2022-06-16,699.58,966.0,1665.58,-266.41,26.28,BBL,Banking,-4648.33
2022-06-17,712.11,699.46,1411.57,12.65,31.75,BBL,Banking,-4635.68
2022-06-20,262.16,467.28,729.44,-205.12,28.01,BBL,Banking,-4840.8
2022-06-21,102.71,70.12,172.83,32.58,17.69,BBL,Banking,-4808.22
2022-06-22,373.74,406.72,780.46,-32.99,25.0,BBL,Banking,-4841.21
2022-06-23,220.2,288.89,509.09,-68.69,32.85,BBL,Banking,-4909.9
2022-06-24,150.95,379.17,530.12,-228.22,29.56,BBL,Banking,-5138.12
2022-06-27,288.12,359.26,647.37,-71.14,33.94,BBL,Banking,-5209.26
2022-06-28,178.33,147.14,325.47,31.19,25.55,BBL,Banking,-5178.070000000001
2022-06-29,263.37,274.74,538.11,-11.37,40.11,BBL,Banking,-5189.4400000000005
2022-06-30,386.23,604.31,990.54,-218.08,33.05,BBL,Banking,-5407.52
2022-07-01,161.14,202.36,363.51,-41.22,23.21,BBL,Banking,-5448.740000000001
2022-07-04,217.67,223.21,440.88,-5.54,32.85,BBL,Banking,-5454.280000000001
2022-07-05,115.15,309.64,424.8,-194.49,23.86,BBL,Banking,-5648.77
2022-07-06,206.33,254.62,460.95,-48.3,27.04,BBL,Banking,-5697.070000000001
2022-07-07,271.14,509.4,780.54,-238.25,23.64,BBL,Banking,-5935.320000000001
2022-07-08,236.41,284.95,521.37,-48.54,25.92,BBL,Banking,-5983.860000000001
2022-07-11,515.77,263.65,779.42,252.12,40.2,BBL,Banking,-5731.740000000001
2022-07-12,289.27,221.68,510.95,67.59,30.97,BBL,Banking,-5664.150000000001
2022-07-14,550.71,774.28,1324.98,-223.57,26.54,BBL,Banking,-5887.72
2022-07-15,339.81,359.6,699.42,-19.79,24.02,BBL,Banking,-5907.51
2022-07-18,185.01,183.23,368.24,1.77,28.61,BBL,Banking,-5905.74
2022-07-19,307.58,372.99,680.57,-65.41,33.44,BBL,Banking,-5971.15
2022-07-20,443.59,309.3,752.89,134.29,30.4,BBL,Banking,-5836.86
2022-07-21,294.78,332.0,626.78,-37.22,19.27,BBL,Banking,-5874.08
2022-07-22,446.74,333.73,780.48,113.01,31.01,BBL,Banking,-5761.07
2022-07-25,366.59,276.16,642.75,90.43,30.15,BBL,Banking,-5670.639999999999
2022-07-26,396.8,282.07,678.87,114.72,33.81,BBL,Banking,-5555.919999999999
2022-07-27,312.95,184.07,497.02,128.88,38.1,BBL,Banking,-5427.039999999999
2022-08-01,292.03,341.02,633.06,-48.99,35.78,BBL,Banking,-5476.029999999999
2022-08-02,156.69,97.86,254.54,58.83,39.9,BBL,Banking,-5417.199999999999
2022-08-03,204.5,181.78,386.27,22.72,31.54,BBL,Banking,-5394.479999999999
2022-08-04,126.91,84.73,211.64,42.18,30.03,BBL,Banking,-5352.299999999998
2022-08-05,333.83,229.65,563.48,104.19,32.92,BBL,Banking,-5248.109999999999
2022-08-08,294.23,201.0,495.22,93.23,24.98,BBL,Banking,-5154.879999999999
2022-08-09,483.15,589.8,1072.96,-106.65,31.77,BBL,Banking,-5261.529999999999
2022-08-10,518.45,437.97,956.43,80.48,46.21,BBL,Banking,-5181.049999999999
2022-08-11,471.34,255.29,726.63,216.05,35.83,BBL,Banking,-4964.999999999999
2022-08-15,419.98,321.43,741.41,98.55,33.19,BBL,Banking,-4866.449999999999
2022-08-16,326.31,215.64,541.95,110.67,35.99,BBL,Banking,-4755.779999999999
2022-08-17,491.55,286.35,777.89,205.2,32.51,BBL,Banking,-4550.579999999999
2022-08-18,337.28,143.43,480.71,193.85,32.0,BBL,Banking,-4356.729999999999
2022-08-19,230.29,229.46,459.75,0.84,36.1,BBL,Banking,-4355.8899999999985
2022-08-22,224.9,212.33,437.22,12.57,24.1,BBL,Banking,-4343.319999999999
2022-08-23,508.78,428.35,937.13,80.43,31.35,BBL,Banking,-4262.8899999999985
2022-08-24,424.45,321.62,746.07,102.83,35.63,BBL,Banking,-4160.059999999999
2022-08-25,501.15,240.42,741.56,260.73,22.28,BBL,Banking,-3899.3299999999986
2022-08-26,374.28,451.72,826.0,-77.43,22.33,BBL,Banking,-3976.7599999999984
2022-08-29,181.87,197.46,379.32,-15.59,28.9,BBL,Banking,-3992.3499999999985
2022-08-30,80.37,67.8,148.16,12.57,25.92,BBL,Banking,-3979.7799999999984
2022-08-31,276.39,399.3,675.69,-122.91,37.37,BBL,Banking,-4102.689999999999
2022-09-01,116.19,402.82,519.01,-286.63,33.48,BBL,Banking,-4389.319999999999
2022-09-02,462.45,358.91,821.36,103.53,39.03,BBL,Banking,-4285.789999999999
2022-09-05,391.95,187.91,579.86,204.05,48.11,BBL,Banking,-4081.739999999999
2022-09-06,166.07,403.86,569.93,-237.78,30.18,BBL,Banking,-4319.519999999999
2022-09-07,245.84,657.57,903.41,-411.72,31.37,BBL,Banking,-4731.239999999999
2022-09-08,188.13,378.03,566.16,-189.9,26.93,BBL,Banking,-4921.1399999999985
2022-09-09,334.09,267.14,601.23,66.95,36.13,BBL,Banking,-4854.189999999999
2022-09-12,91.09,24.12,115.21,66.97,18.81,BBL,Banking,-4787.219999999998
2022-09-13,263.09,112.45,375.55,150.64,37.4,BBL,Banking,-4636.579999999998
2022-09-14,109.11,148.53,257.63,-39.42,23.81,BBL,Banking,-4675.999999999998
2022-09-15,185.25,144.79,330.04,40.46,29.41,BBL,Banking,-4635.539999999998
2022-09-16,457.72,361.32,819.04,96.4,43.23,BBL,Banking,-4539.1399999999985
2022-09-19,196.53,137.03,333.56,59.5,26.94,BBL,Banking,-4479.6399999999985
2022-09-20,248.86,99.12,347.99,149.74,22.54,BBL,Banking,-4329.899999999999
2022-09-21,359.15,227.96,587.11,131.2,28.22,BBL,Banking,-4198.699999999999
2022-09-22,546.87,313.69,860.56,233.18,32.99,BBL,Banking,-3965.519999999999
2022-09-23,867.67,389.64,1257.31,478.04,20.18,BBL,Banking,-3487.479999999999
2022-09-26,458.72,513.86,972.58,-55.14,24.8,BBL,Banking,-3542.619999999999
2022-09-27,325.72,662.78,988.5,-337.06,25.55,BBL,Banking,-3879.679999999999
2022-09-28,158.66,368.29,526.94,-209.63,21.87,BBL,Banking,-4089.309999999999
2022-09-29,539.55,814.68,1354.23,-275.12,33.35,BBL,Banking,-4364.429999999999
2022-09-30,551.95,869.82,1421.78,-317.87,38.69,BBL,Banking,-4682.299999999999
2022-10-03,704.01,589.13,1293.14,114.88,23.45,BBL,Banking,-4567.419999999999
2022-10-04,311.92,395.05,706.97,-83.13,34.61,BBL,Banking,-4650.549999999999
2022-10-05,347.9,208.59,556.48,139.31,27.57,BBL,Banking,-4511.239999999999
2022-10-06,326.94,230.4,557.34,96.54,22.54,BBL,Banking,-4414.699999999999
2022-10-07,160.32,204.38,364.7,-44.07,33.57,BBL,Banking,-4458.769999999999
2022-10-10,277.5,281.36,558.86,-3.85,29.9,BBL,Banking,-4462.619999999999
2022-10-11,128.07,264.37,392.44,-136.3,23.24,BBL,Banking,-4598.919999999999
2022-10-12,199.92,167.77,367.69,32.15,31.83,BBL,Banking,-4566.7699999999995
2022-10-17,308.26,372.34,680.6,-64.08,26.92,BBL,Banking,-4630.849999999999
2022-10-18,285.03,469.01,754.04,-183.99,27.74,BBL,Banking,-4814.839999999999
2022-10-19,523.16,338.53,861.69,184.63,26.54,BBL,Banking,-4630.209999999999
2022-10-20,1078.57,512.66,1591.23,565.92,23.13,BBL,Banking,-4064.289999999999
2022-10-21,455.68,573.89,1029.58,-118.21,21.09,BBL,Banking,-4182.499999999999
2022-10-25,1363.17,441.18,1804.35,921.99,36.27,BBL,Banking,-3260.5099999999993
2022-10-26,499.43,421.34,920.77,78.09,31.34,BBL,Banking,-3182.419999999999
2022-10-27,493.16,267.68,760.84,225.48,31.08,BBL,Banking,-2956.939999999999
2022-10-28,714.38,379.83,1094.21,334.55,38.75,BBL,Banking,-2622.389999999999
2022-10-31,554.88,294.65,849.53,260.23,32.38,BBL,Banking,-2362.159999999999
2022-11-01,597.71,244.27,841.98,353.44,31.27,BBL,Banking,-2008.719999999999
2022-11-02,598.62,480.43,1079.05,118.19,30.11,BBL,Banking,-1890.5299999999988
2022-11-03,579.04,184.78,763.82,394.26,27.37,BBL,Banking,-1496.2699999999988
2022-11-04,401.91,533.74,935.65,-131.83,35.88,BBL,Banking,-1628.0999999999988
2022-11-07,255.24,263.05,518.29,-7.8,31.84,BBL,Banking,-1635.8999999999987
2022-11-08,298.78,109.97,408.75,188.81,30.56,BBL,Banking,-1447.0899999999988
2022-11-09,400.23,243.05,643.28,157.18,37.25,BBL,Banking,-1289.9099999999987
2022-11-10,325.25,258.62,583.88,66.63,40.7,BBL,Banking,-1223.2799999999988
2022-11-11,414.97,456.1,871.07,-41.13,30.98,BBL,Banking,-1264.409999999999
2022-11-14,317.76,351.84,669.59,-34.08,26.09,BBL,Banking,-1298.4899999999989
2022-11-15,249.48,125.61,375.09,123.87,29.82,BBL,Banking,-1174.619999999999
2022-11-16,490.1,524.93,1015.02,-34.83,32.14,BBL,Banking,-1209.449999999999
2022-11-17,254.71,153.49,408.2,101.23,30.11,BBL,Banking,-1108.219999999999
2022-11-18,178.43,146.25,324.68,32.18,25.69,BBL,Banking,-1076.0399999999988
2022-11-21,245.44,261.86,507.3,-16.42,33.76,BBL,Banking,-1092.459999999999
2022-11-22,159.36,165.03,324.4,-5.67,24.61,BBL,Banking,-1098.129999999999
2022-11-23,147.08,211.0,358.08,-63.91,25.07,BBL,Banking,-1162.039999999999
2022-11-24,74.12,60.69,134.81,13.43,17.95,BBL,Banking,-1148.609999999999
2022-11-25,72.44,48.59,121.03,23.84,26.92,BBL,Banking,-1124.769999999999
2022-11-28,98.92,72.65,171.56,26.27,29.56,BBL,Banking,-1098.499999999999
2022-11-29,428.59,415.69,844.29,12.9,33.04,BBL,Banking,-1085.599999999999
2022-11-30,220.08,223.24,443.32,-3.15,25.9,BBL,Banking,-1088.749999999999
2022-12-01,113.71,53.05,166.76,60.66,21.22,BBL,Banking,-1028.089999999999
2022-12-02,139.3,290.29,429.58,-150.99,30.25,BBL,Banking,-1179.079999999999
2022-12-06,137.83,236.39,374.22,-98.56,18.96,BBL,Banking,-1277.639999999999
2022-12-07,253.0,238.45,491.46,14.55,24.29,BBL,Banking,-1263.089999999999
2022-12-08,184.29,317.71,502.0,-133.42,35.41,BBL,Banking,-1396.509999999999
2022-12-09,122.98,125.76,248.74,-2.79,25.86,BBL,Banking,-1399.299999999999
2022-12-13,186.04,102.48,288.51,83.56,23.49,BBL,Banking,-1315.739999999999
2022-12-14,167.26,165.81,333.07,1.45,25.67,BBL,Banking,-1314.289999999999
2022-12-15,77.93,23.72,101.65,54.21,20.76,BBL,Banking,-1260.079999999999
2022-12-16,114.96,117.09,232.05,-2.12,29.53,BBL,Banking,-1262.199999999999
2022-12-19,222.21,288.94,511.15,-66.73,37.66,BBL,Banking,-1328.929999999999
2022-12-20,347.18,305.57,652.75,41.61,40.77,BBL,Banking,-1287.319999999999
2022-12-21,204.31,111.27,315.59,93.04,22.14,BBL,Banking,-1194.279999999999
2022-12-22,436.84,305.38,742.23,131.46,28.02,BBL,Banking,-1062.819999999999
2022-12-23,104.89,111.81,216.71,-6.92,16.99,BBL,Banking,-1069.739999999999
2022-12-26,51.74,94.32,146.07,-42.58,22.21,BBL,Banking,-1112.319999999999
2022-12-27,477.56,128.15,605.71,349.41,25.76,BBL,Banking,-762.909999999999
2022-12-28,282.17,216.41,498.58,65.76,27.84,BBL,Banking,-697.149999999999
2022-12-29,349.95,126.31,476.26,223.63,26.66,BBL,Banking,-473.51999999999896
2022-12-30,580.43,183.16,763.59,397.26,24.11,BBL,Banking,-76.25999999999897
2023-01-03,461.85,541.67,1003.53,-79.82,21.64,BBL,Banking,-156.07999999999896
2023-01-04,572.5,225.4,797.91,347.1,19.35,BBL,Banking,191.02000000000106
2023-01-05,865.12,216.6,1081.72,648.52,24.87,BBL,Banking,839.5400000000011
2023-01-06,355.11,221.5,576.61,133.61,15.57,BBL,Banking,973.1500000000011
2023-01-09,444.72,543.03,987.75,-98.32,28.65,BBL,Banking,874.8300000000011
2023-01-10,274.65,459.1,733.76,-184.45,23.68,BBL,Banking,690.380000000001
2023-01-11,349.97,716.29,1066.26,-366.32,26.32,BBL,Banking,324.060000000001
2023-01-12,538.8,123.56,662.36,415.24,18.49,BBL,Banking,739.3000000000011
2023-01-13,1060.66,192.51,1253.17,868.16,23.7,BBL,Banking,1607.460000000001
2023-01-16,341.13,310.14,651.27,30.99,29.61,BBL,Banking,1638.450000000001
2023-01-17,517.36,279.87,797.23,237.48,25.9,BBL,Banking,1875.930000000001
2023-01-18,505.71,282.62,788.33,223.09,29.74,BBL,Banking,2099.020000000001
2023-01-19,567.4,154.95,722.35,412.45,25.17,BBL,Banking,2511.4700000000007
2023-01-20,788.51,1281.8,2070.31,-493.29,28.36,BBL,Banking,2018.1800000000007
2023-01-23,398.53,383.65,782.19,14.88,23.82,BBL,Banking,2033.0600000000009
2023-01-24,240.17,300.88,541.06,-60.71,21.08,BBL,Banking,1972.3500000000008
2023-01-25,208.92,236.99,445.9,-28.07,18.17,BBL,Banking,1944.2800000000009
2023-01-26,521.23,591.61,1112.84,-70.38,20.29,BBL,Banking,1873.900000000001
2023-01-27,1654.7,845.2,2499.9,809.5,23.67,BBL,Banking,2683.400000000001
2023-01-30,439.1,856.94,1296.04,-417.83,25.25,BBL,Banking,2265.570000000001
2023-01-31,631.03,1025.99,1657.03,-394.96,38.02,BBL,Banking,1870.610000000001
2023-02-01,379.74,509.15,888.89,-129.42,35.07,BBL,Banking,1741.190000000001
2023-02-02,855.62,803.37,1658.99,52.26,41.04,BBL,Banking,1793.450000000001
2023-02-03,224.57,190.47,415.04,34.1,30.56,BBL,Banking,1827.5500000000009
2023-02-06,228.24,342.33,570.57,-114.09,27.42,BBL,Banking,1713.460000000001
2023-02-07,172.63,163.23,335.86,9.41,33.76,BBL,Banking,1722.870000000001
2023-02-08,324.49,145.14,469.64,179.35,39.62,BBL,Banking,1902.220000000001
2023-02-09,307.84,228.07,535.9,79.77,31.84,BBL,Banking,1981.990000000001
2023-02-10,655.35,689.28,1344.63,-33.93,23.35,BBL,Banking,1948.0600000000009
2023-02-13,402.25,403.42,805.67,-1.17,30.69,BBL,Banking,1946.8900000000008
2023-02-14,411.24,389.7,800.94,21.54,28.63,BBL,Banking,1968.4300000000007
2023-02-15,361.82,262.56,624.38,99.26,29.46,BBL,Banking,2067.690000000001
2023-02-16,384.73,419.73,804.46,-34.99,27.07,BBL,Banking,2032.700000000001
2023-02-17,294.53,129.29,423.81,165.24,16.58,BBL,Banking,2197.940000000001
2023-02-20,483.64,466.03,949.67,17.61,31.98,BBL,Banking,2215.550000000001
2023-02-21,271.27,374.99,646.27,-103.72,24.05,BBL,Banking,2111.8300000000013
2023-02-22,316.61,222.44,539.05,94.17,26.5,BBL,Banking,2206.0000000000014
2023-02-23,248.28,243.0,491.28,5.27,34.34,BBL,Banking,2211.2700000000013
2023-02-24,623.43,369.49,992.92,253.94,37.13,BBL,Banking,2465.2100000000014
2023-02-27,314.66,161.01,475.67,153.65,29.29,BBL,Banking,2618.8600000000015
2023-02-28,368.37,435.92,804.29,-67.55,37.44,BBL,Banking,2551.3100000000013
2023-03-01,275.31,281.13,556.45,-5.82,40.6,BBL,Banking,2545.490000000001
2023-03-02,715.01,427.69,1142.69,287.32,21.77,BBL,Banking,2832.8100000000013
2023-03-03,314.81,157.15,471.96,157.66,15.95,BBL,Banking,2990.470000000001
2023-03-07,237.5,288.19,525.69,-50.69,21.26,BBL,Banking,2939.780000000001
2023-03-08,203.39,337.57,540.96,-134.17,21.5,BBL,Banking,2805.610000000001
2023-03-09,473.25,271.14,744.4,202.11,37.79,BBL,Banking,3007.720000000001
2023-03-10,124.18,272.52,396.7,-148.33,38.36,BBL,Banking,2859.3900000000012
2023-03-13,335.55,631.63,967.18,-296.08,23.93,BBL,Banking,2563.3100000000013
2023-03-14,679.89,420.47,1100.37,259.42,19.22,BBL,Banking,2822.7300000000014
2023-03-15,313.91,309.39,623.3,4.52,25.32,BBL,Banking,2827.2500000000014
2023-03-16,573.33,517.27,1090.6,56.06,25.92,BBL,Banking,2883.3100000000013
2023-03-17,441.81,707.33,1149.14,-265.52,30.61,BBL,Banking,2617.7900000000013
2023-03-20,436.48,522.84,959.32,-86.36,27.0,BBL,Banking,2531.430000000001
2023-03-21,230.22,136.04,366.27,94.18,22.9,BBL,Banking,2625.610000000001
2023-03-22,117.45,105.9,223.35,11.55,20.48,BBL,Banking,2637.160000000001
2023-03-23,204.59,188.19,392.78,16.4,25.77,BBL,Banking,2653.5600000000013
2023-03-24,410.36,260.32,670.68,150.03,34.7,BBL,Banking,2803.5900000000015
2023-03-27,311.87,306.96,618.82,4.91,34.73,BBL,Banking,2808.5000000000014
2023-03-28,203.56,295.87,499.43,-92.31,26.96,BBL,Banking,2716.1900000000014
2023-03-29,155.66,385.29,540.95,-229.64,19.53,BBL,Banking,2486.5500000000015
2023-03-30,103.91,228.09,332.0,-124.18,19.72,BBL,Banking,2362.3700000000017
2023-03-31,788.18,881.84,1670.02,-93.66,38.39,BBL,Banking,2268.710000000002
2023-04-03,281.28,130.13,411.41,151.15,30.72,BBL,Banking,2419.860000000002
2023-04-04,294.05,253.99,548.04,40.06,36.99,BBL,Banking,2459.920000000002
2023-04-05,301.22,121.1,422.32,180.12,27.5,BBL,Banking,2640.040000000002
2023-04-07,79.59,108.73,188.32,-29.14,21.4,BBL,Banking,2610.900000000002
2023-04-10,188.21,79.79,268.0,108.42,25.34,BBL,Banking,2719.320000000002
2023-04-11,405.37,291.1,696.47,114.26,27.84,BBL,Banking,2833.580000000002
2023-04-12,196.82,185.87,382.69,10.94,26.06,BBL,Banking,2844.5200000000023
2023-04-17,224.19,299.17,523.35,-74.98,26.34,BBL,Banking,2769.5400000000022
2023-04-18,72.07,170.05,242.12,-97.98,22.14,BBL,Banking,2671.560000000002
2023-04-19,191.24,205.11,396.35,-13.87,20.96,BBL,Banking,2657.6900000000023
2023-04-20,474.24,269.54,743.78,204.71,25.77,BBL,Banking,2862.4000000000024
2023-04-21,838.21,411.27,1249.49,426.94,25.59,BBL,Banking,3289.3400000000024
2023-04-24,157.7,294.9,452.6,-137.2,28.33,BBL,Banking,3152.1400000000026
2023-04-25,349.55,173.29,522.84,176.26,20.3,BBL,Banking,3328.4000000000024
2023-04-26,345.9,130.87,476.77,215.03,24.8,BBL,Banking,3543.4300000000026
2023-04-27,304.85,149.1,453.95,155.75,28.99,BBL,Banking,3699.1800000000026
2023-04-28,170.71,271.99,442.71,-101.28,28.9,BBL,Banking,3597.9000000000024
2023-05-02,138.4,112.5,250.9,25.9,18.67,BBL,Banking,3623.8000000000025
2023-05-03,113.15,171.05,284.2,-57.9,19.5,BBL,Banking,3565.9000000000024
2023-05-08,140.44,142.39,282.83,-1.95,13.53,BBL,Banking,3563.9500000000025
2023-05-09,284.23,204.56,488.79,79.67,31.73,BBL,Banking,3643.6200000000026
2023-05-10,69.3,239.7,309.01,-170.4,20.02,BBL,Banking,3473.2200000000025
2023-05-11,148.78,268.04,416.82,-119.27,27.94,BBL,Banking,3353.9500000000025
2023-05-12,153.64,432.3,585.94,-278.66,32.24,BBL,Banking,3075.2900000000027
2023-05-15,747.46,397.15,1144.6,350.31,30.43,BBL,Banking,3425.6000000000026
2023-05-16,198.18,261.78,459.96,-63.6,24.64,BBL,Banking,3362.0000000000027
2023-05-17,132.93,376.2,509.13,-243.28,26.22,BBL,Banking,3118.7200000000025
2023-05-18,432.83,502.44,935.26,-69.61,40.64,BBL,Banking,3049.1100000000024
2023-05-19,265.7,128.71,394.41,136.98,25.6,BBL,Banking,3186.0900000000024
2023-05-22,212.42,376.04,588.46,-163.61,24.36,BBL,Banking,3022.4800000000023
2023-05-23,259.21,246.47,505.68,12.74,30.34,BBL,Banking,3035.220000000002
2023-05-24,102.3,313.97,416.27,-211.67,21.62,BBL,Banking,2823.550000000002
2023-05-25,64.37,298.47,362.84,-234.09,14.55,BBL,Banking,2589.460000000002
2023-05-26,136.71,250.76,387.47,-114.05,23.83,BBL,Banking,2475.4100000000017
2023-05-29,52.98,85.66,138.64,-32.69,10.93,BBL,Banking,2442.7200000000016
2023-05-30,64.45,148.81,213.26,-84.36,18.44,BBL,Banking,2358.3600000000015
2023-05-31,89.38,207.65,297.03,-118.28,20.14,BBL,Banking,2240.0800000000013
2023-06-01,144.74,285.46,430.2,-140.73,26.21,BBL,Banking,2099.3500000000013
2023-06-02,234.7,198.99,433.69,35.71,22.71,BBL,Banking,2135.0600000000013
2023-06-06,133.81,383.99,517.8,-250.17,26.76,BBL,Banking,1884.8900000000012
2023-06-07,446.18,381.82,828.0,64.37,21.29,BBL,Banking,1949.2600000000011
2023-06-08,420.41,149.36,569.77,271.05,29.72,BBL,Banking,2220.3100000000013
2023-06-09,274.66,182.45,457.11,92.22,29.25,BBL,Banking,2312.530000000001
2023-06-12,175.41,153.01,328.42,22.39,33.34,BBL,Banking,2334.920000000001
2023-06-13,291.17,115.54,406.71,175.63,22.15,BBL,Banking,2510.550000000001
2023-06-14,189.72,119.8,309.52,69.92,27.21,BBL,Banking,2580.470000000001
2023-06-15,129.55,144.72,274.27,-15.17,18.08,BBL,Banking,2565.300000000001
2023-06-16,318.36,300.06,618.42,18.3,39.86,BBL,Banking,2583.6000000000013
2023-06-19,155.68,166.41,322.09,-10.72,26.48,BBL,Banking,2572.8800000000015
2023-06-20,379.63,239.52,619.15,140.11,33.08,BBL,Banking,2712.9900000000016
2023-06-21,152.88,255.16,408.05,-102.28,33.11,BBL,Banking,2610.7100000000014
2023-06-22,215.25,214.67,429.91,0.58,21.66,BBL,Banking,2611.2900000000013
2023-06-23,183.02,123.97,306.99,59.05,36.29,BBL,Banking,2670.3400000000015
2023-06-26,145.04,168.65,313.69,-23.6,30.85,BBL,Banking,2646.7400000000016
2023-06-27,164.26,220.06,384.32,-55.8,25.08,BBL,Banking,2590.9400000000014
2023-06-28,577.29,807.42,1384.72,-230.13,17.31,BBL,Banking,2360.8100000000013
2023-06-29,247.15,415.5,662.66,-168.35,19.75,BBL,Banking,2192.4600000000014
2023-06-30,522.38,445.16,967.54,77.22,25.03,BBL,Banking,2269.680000000001
2023-07-03,131.36,385.63,516.99,-254.28,19.59,BBL,Banking,2015.4000000000012
2023-07-04,629.24,152.9,782.14,476.34,26.19,BBL,Banking,2491.740000000001
2023-07-05,455.77,369.02,824.79,86.74,25.82,BBL,Banking,2578.480000000001
2023-07-06,345.75,817.15,1162.9,-471.4,27.13,BBL,Banking,2107.080000000001
2023-07-07,75.28,208.74,284.01,-133.46,18.63,BBL,Banking,1973.6200000000008
2023-07-10,65.82,288.32,354.13,-222.5,21.64,BBL,Banking,1751.1200000000008
2023-07-11,271.99,262.87,534.86,9.13,21.91,BBL,Banking,1760.250000000001
2023-07-12,323.44,424.32,747.76,-100.88,26.72,BBL,Banking,1659.3700000000008
2023-07-13,172.29,276.04,448.33,-103.75,22.14,BBL,Banking,1555.6200000000008
2023-07-14,579.08,350.66,929.74,228.42,31.01,BBL,Banking,1784.0400000000009
2023-07-17,664.27,189.09,853.36,475.19,31.66,BBL,Banking,2259.230000000001
2023-07-18,552.97,215.52,768.49,337.45,24.16,BBL,Banking,2596.6800000000007
2023-07-19,552.11,385.37,937.48,166.74,35.4,BBL,Banking,2763.420000000001
2023-07-20,812.64,404.32,1216.96,408.32,40.79,BBL,Banking,3171.740000000001
2023-07-21,723.28,339.47,1062.74,383.81,18.49,BBL,Banking,3555.550000000001
2023-07-24,1371.36,214.76,1586.12,1156.59,31.31,BBL,Banking,4712.140000000001
2023-07-25,584.64,206.89,791.54,377.75,29.37,BBL,Banking,5089.890000000001
2023-07-26,592.93,249.46,842.39,343.47,24.49,BBL,Banking,5433.3600000000015
2023-07-27,491.55,252.59,744.13,238.96,18.4,BBL,Banking,5672.3200000000015
2023-07-31,474.23,152.77,627.0,321.46,28.08,BBL,Banking,5993.780000000002
2023-08-02,550.1,487.86,1037.96,62.24,26.36,BBL,Banking,6056.020000000001
2023-08-03,131.26,231.29,362.54,-100.03,15.83,BBL,Banking,5955.990000000002
2023-08-04,360.46,225.63,586.09,134.83,25.13,BBL,Banking,6090.8200000000015
2023-08-07,872.78,246.41,1119.19,626.37,27.47,BBL,Banking,6717.190000000001
2023-08-08,502.49,354.7,857.19,147.79,34.7,BBL,Banking,6864.980000000001
2023-08-09,285.94,114.86,400.81,171.08,26.54,BBL,Banking,7036.060000000001
2023-08-10,136.97,341.65,478.62,-204.68,21.52,BBL,Banking,6831.380000000001
2023-08-11,106.91,229.65,336.55,-122.74,31.32,BBL,Banking,6708.640000000001
2023-08-15,286.94,206.75,493.68,80.19,25.4,BBL,Banking,6788.830000000001
2023-08-16,239.84,96.79,336.63,143.06,17.32,BBL,Banking,6931.890000000001
2023-08-17,162.23,196.66,358.89,-34.43,23.85,BBL,Banking,6897.460000000001
2023-08-18,226.96,287.74,514.7,-60.79,21.21,BBL,Banking,6836.670000000001
2023-08-21,107.64,97.23,204.87,10.41,19.15,BBL,Banking,6847.080000000001
2023-08-22,294.74,267.64,562.38,27.1,22.28,BBL,Banking,6874.180000000001
2023-08-23,294.95,387.88,682.83,-92.93,17.31,BBL,Banking,6781.250000000001
2023-08-24,337.15,421.65,758.81,-84.5,20.02,BBL,Banking,6696.750000000001
2023-08-25,203.45,111.66,315.11,91.79,20.54,BBL,Banking,6788.540000000001
2023-08-28,245.61,132.62,378.23,113.0,25.98,BBL,Banking,6901.540000000001
2023-08-29,181.97,161.49,343.46,20.48,20.22,BBL,Banking,6922.02
2023-08-30,96.97,263.55,360.52,-166.59,23.76,BBL,Banking,6755.43
2023-08-31,151.63,313.59,465.22,-161.96,31.45,BBL,Banking,6593.47
2023-09-01,49.87,173.91,223.78,-124.04,25.07,BBL,Banking,6469.43
2023-09-04,60.13,135.32,195.45,-75.2,17.72,BBL,Banking,6394.2300000000005
2023-09-05,134.12,254.4,388.51,-120.28,22.82,BBL,Banking,6273.950000000001
2023-09-06,232.93,190.28,423.21,42.65,35.65,BBL,Banking,6316.6
2023-09-07,150.99,221.15,372.14,-70.16,41.52,BBL,Banking,6246.4400000000005
2023-09-08,17.81,77.25,95.06,-59.44,21.96,BBL,Banking,6187.000000000001
2023-09-11,129.37,142.46,271.82,-13.09,25.73,BBL,Banking,6173.910000000001
2023-09-12,272.85,202.91,475.76,69.94,18.37,BBL,Banking,6243.85
2023-09-13,419.94,155.7,575.64,264.23,27.12,BBL,Banking,6508.08
2023-09-14,181.8,279.75,461.55,-97.94,31.96,BBL,Banking,6410.14
2023-09-15,314.57,348.13,662.7,-33.57,51.93,BBL,Banking,6376.570000000001
2023-09-18,83.93,249.81,333.74,-165.88,32.72,BBL,Banking,6210.6900000000005
2023-09-19,103.53,428.97,532.5,-325.44,36.84,BBL,Banking,5885.250000000001
2023-09-20,176.38,382.78,559.16,-206.4,41.86,BBL,Banking,5678.850000000001
2023-09-21,144.52,300.1,444.61,-155.58,30.34,BBL,Banking,5523.270000000001
2023-09-22,284.38,349.22,633.61,-64.84,37.33,BBL,Banking,5458.430000000001
2023-09-25,219.47,125.29,344.75,94.18,22.85,BBL,Banking,5552.6100000000015
2023-09-26,85.38,363.73,449.11,-278.35,18.55,BBL,Banking,5274.260000000001
2023-09-27,425.11,97.51,522.62,327.6,20.42,BBL,Banking,5601.8600000000015
2023-09-28,342.21,289.16,631.37,53.05,41.51,BBL,Banking,5654.910000000002
2023-09-29,554.45,338.47,892.92,215.98,35.85,BBL,Banking,5870.890000000001
2023-10-02,233.87,243.9,477.77,-10.03,37.48,BBL,Banking,5860.8600000000015
2023-10-03,333.57,386.73,720.3,-53.16,33.48,BBL,Banking,5807.700000000002
2023-10-04,142.97,209.92,352.89,-66.95,23.01,BBL,Banking,5740.750000000002
2023-10-05,200.19,112.99,313.17,87.2,19.55,BBL,Banking,5827.950000000002
2023-10-06,235.88,138.32,374.2,97.56,24.2,BBL,Banking,5925.510000000002
2023-10-09,334.56,247.68,582.24,86.88,37.02,BBL,Banking,6012.390000000002
2023-10-10,72.87,318.13,391.0,-245.26,26.61,BBL,Banking,5767.130000000002
2023-10-11,410.44,292.54,702.98,117.9,33.68,BBL,Banking,5885.030000000002
2023-10-12,213.05,176.7,389.75,36.35,20.65,BBL,Banking,5921.380000000002
2023-10-16,279.41,401.79,681.2,-122.38,22.09,BBL,Banking,5799.000000000002
2023-10-17,46.65,136.29,182.93,-89.64,19.02,BBL,Banking,5709.3600000000015
2023-10-18,172.36,204.49,376.84,-32.13,27.25,BBL,Banking,5677.230000000001
2023-10-19,106.55,342.56,449.12,-236.01,20.34,BBL,Banking,5441.220000000001
2023-10-20,205.4,388.23,593.63,-182.83,18.94,BBL,Banking,5258.390000000001
2023-10-24,284.74,665.72,950.46,-380.97,19.04,BBL,Banking,4877.420000000001
2023-10-25,197.95,330.45,528.41,-132.5,16.53,BBL,Banking,4744.920000000001
2023-10-26,297.26,352.51,649.78,-55.25,19.53,BBL,Banking,4689.670000000001
2023-10-27,353.8,285.9,639.7,67.9,22.39,BBL,Banking,4757.570000000001
2023-10-30,236.25,299.75,536.0,-63.5,23.62,BBL,Banking,4694.070000000001
2023-10-31,271.47,452.27,723.74,-180.79,34.64,BBL,Banking,4513.280000000001
2023-11-01,337.46,279.56,617.02,57.9,29.16,BBL,Banking,4571.18
2023-11-02,272.68,183.12,455.8,89.56,28.33,BBL,Banking,4660.740000000001
2023-11-03,170.62,230.06,400.67,-59.44,18.89,BBL,Banking,4601.300000000001
2023-11-06,147.21,261.04,408.25,-113.83,20.54,BBL,Banking,4487.470000000001
2023-11-07,206.56,140.64,347.2,65.92,25.81,BBL,Banking,4553.390000000001
2023-11-08,187.65,138.84,326.49,48.8,20.37,BBL,Banking,4602.190000000001
2023-11-09,230.56,240.13,470.7,-9.57,21.42,BBL,Banking,4592.620000000002
2023-11-10,269.38,178.85,448.23,90.53,23.62,BBL,Banking,4683.1500000000015
2023-11-13,396.98,645.56,1042.54,-248.58,23.7,BBL,Banking,4434.5700000000015
2023-11-14,633.86,221.97,855.83,411.89,20.14,BBL,Banking,4846.460000000002
2023-11-15,564.09,561.47,1125.56,2.62,18.25,BBL,Banking,4849.080000000002
2023-11-16,766.78,177.97,944.74,588.81,25.73,BBL,Banking,5437.890000000001
2023-11-17,399.35,256.65,656.0,142.7,27.67,BBL,Banking,5580.590000000001
2023-11-20,192.02,278.72,470.74,-86.7,26.17,BBL,Banking,5493.890000000001
2023-11-21,145.25,213.23,358.49,-67.98,18.01,BBL,Banking,5425.910000000002
2023-11-22,378.64,446.16,824.8,-67.52,31.05,BBL,Banking,5358.390000000001
2023-11-23,82.3,63.09,145.39,19.21,23.01,BBL,Banking,5377.600000000001
2023-11-24,27.03,74.98,102.01,-47.95,17.27,BBL,Banking,5329.6500000000015
2023-11-27,177.18,236.87,414.05,-59.68,22.88,BBL,Banking,5269.970000000001
2023-11-28,245.46,238.33,483.79,7.14,33.34,BBL,Banking,5277.1100000000015
2023-11-29,130.72,313.98,444.7,-183.26,31.76,BBL,Banking,5093.850000000001
2023-11-30,219.72,416.7,636.42,-196.98,20.73,BBL,Banking,4896.870000000002
2023-12-01,139.87,120.47,260.34,19.4,19.45,BBL,Banking,4916.270000000001
2023-12-04,57.16,147.68,204.83,-90.52,29.12,BBL,Banking,4825.750000000001
2023-12-06,109.05,145.17,254.22,-36.12,18.08,BBL,Banking,4789.630000000001
2023-12-07,85.13,167.47,252.6,-82.34,17.67,BBL,Banking,4707.290000000001
2023-12-08,109.65,93.38,203.03,16.27,16.21,BBL,Banking,4723.560000000001
2023-12-12,218.28,72.69,290.97,145.59,29.89,BBL,Banking,4869.1500000000015
2023-12-13,124.01,444.74,568.76,-320.73,20.92,BBL,Banking,4548.420000000002
2023-12-14,139.86,163.63,303.49,-23.77,20.97,BBL,Banking,4524.6500000000015
2023-12-15,600.65,278.77,879.41,321.88,27.27,BBL,Banking,4846.530000000002
2023-12-18,70.99,70.39,141.38,0.61,11.6,BBL,Banking,4847.140000000001
2023-12-19,100.78,45.98,146.76,54.79,16.25,BBL,Banking,4901.930000000001
2023-12-20,122.78,97.89,220.67,24.89,14.21,BBL,Banking,4926.8200000000015
2023-12-21,236.4,70.99,307.39,165.41,23.26,BBL,Banking,5092.230000000001
2023-12-22,87.85,237.37,325.22,-149.52,16.81,BBL,Banking,4942.710000000001
2023-12-25,122.17,93.79,215.96,28.38,18.71,BBL,Banking,4971.090000000001
2023-12-26,103.11,124.92,228.03,-21.8,8.79,BBL,Banking,4949.290000000001
2023-12-27,278.4,345.85,624.25,-67.45,19.42,BBL,Banking,4881.840000000001
2023-12-28,880.74,514.26,1395.0,366.48,19.24,BBL,Banking,5248.3200000000015
2024-01-02,89.85,374.89,464.74,-285.04,22.44,BBL,Banking,4963.280000000002
2024-01-03,129.05,204.76,333.81,-75.71,18.56,BBL,Banking,4887.5700000000015
2024-01-04,142.62,118.99,261.61,23.62,9.89,BBL,Banking,4911.190000000001
2024-01-05,254.58,176.81,431.38,77.77,13.87,BBL,Banking,4988.960000000002
2024-01-08,144.74,160.31,305.05,-15.56,13.54,BBL,Banking,4973.4000000000015
2024-01-09,128.6,139.4,267.99,-10.8,14.81,BBL,Banking,4962.600000000001
2024-01-10,66.48,859.07,925.55,-792.59,15.56,BBL,Banking,4170.010000000001
2024-01-11,249.99,127.38,377.37,122.61,9.55,BBL,Banking,4292.620000000001
2024-01-12,193.45,272.1,465.55,-78.65,22.19,BBL,Banking,4213.970000000001
2024-01-15,64.68,170.33,235.01,-105.65,15.26,BBL,Banking,4108.3200000000015
2024-01-16,68.46,230.66,299.12,-162.21,19.38,BBL,Banking,3946.1100000000015
2024-01-17,190.79,308.41,499.19,-117.62,13.6,BBL,Banking,3828.4900000000016
2024-01-18,229.51,677.32,906.84,-447.81,19.05,BBL,Banking,3380.6800000000017
2024-01-19,591.26,627.85,1219.11,-36.59,14.85,BBL,Banking,3344.0900000000015
2024-01-22,586.43,290.05,876.48,296.37,22.82,BBL,Banking,3640.4600000000014
2024-01-23,427.52,451.18,878.7,-23.66,44.2,BBL,Banking,3616.8000000000015
2024-01-24,129.01,340.83,469.85,-211.82,19.61,BBL,Banking,3404.9800000000014
2024-01-25,137.25,291.91,429.16,-154.65,23.78,BBL,Banking,3250.3300000000013
2024-01-26,544.55,306.58,851.12,237.97,13.33,BBL,Banking,3488.300000000001
2024-01-29,280.06,211.82,491.88,68.23,19.89,BBL,Banking,3556.530000000001
2024-01-30,82.18,135.26,217.43,-53.08,16.51,BBL,Banking,3503.450000000001
2024-01-31,179.77,158.24,338.01,21.53,16.11,BBL,Banking,3524.9800000000014
2024-02-01,139.07,149.92,288.98,-10.85,9.96,BBL,Banking,3514.1300000000015
2024-02-02,441.55,280.85,722.4,160.7,25.61,BBL,Banking,3674.8300000000013
2024-02-05,164.21,167.04,331.25,-2.83,23.93,BBL,Banking,3672.0000000000014
2024-02-06,84.7,61.18,145.88,23.51,8.78,BBL,Banking,3695.5100000000016
2024-02-07,236.87,114.98,351.86,121.89,18.27,BBL,Banking,3817.4000000000015
2024-02-08,299.48,202.85,502.33,96.62,21.95,BBL,Banking,3914.0200000000013
2024-02-09,317.53,312.21,629.73,5.32,32.06,BBL,Banking,3919.3400000000015
2024-02-12,250.88,63.92,314.8,186.97,25.86,BBL,Banking,4106.310000000001
2024-02-13,236.82,243.54,480.37,-6.72,39.32,BBL,Banking,4099.590000000001
2024-02-14,225.62,233.65,459.27,-8.04,36.66,BBL,Banking,4091.550000000001
2024-02-15,145.7,547.61,693.32,-401.91,20.34,BBL,Banking,3689.6400000000012
2024-02-16,279.9,252.52,532.42,27.38,25.74,BBL,Banking,3717.0200000000013
2024-02-19,141.03,109.97,251.0,31.06,33.17,BBL,Banking,3748.0800000000013
2024-02-20,260.36,254.74,515.1,5.63,24.35,BBL,Banking,3753.7100000000014
2024-02-21,459.75,290.9,750.64,168.85,25.24,BBL,Banking,3922.5600000000013
2024-02-22,370.56,399.15,769.71,-28.58,25.55,BBL,Banking,3893.9800000000014
2024-02-23,220.84,438.27,659.11,-217.42,16.09,BBL,Banking,3676.5600000000013
2024-02-27,185.89,363.16,549.04,-177.27,24.39,BBL,Banking,3499.2900000000013
2024-02-28,312.49,171.34,483.83,141.16,21.65,BBL,Banking,3640.450000000001
2024-02-29,301.87,200.95,502.81,100.92,28.49,BBL,Banking,3741.3700000000013
2024-03-01,281.99,144.84,426.83,137.14,24.1,BBL,Banking,3878.510000000001
2024-03-04,113.14,65.45,178.59,47.69,17.32,BBL,Banking,3926.200000000001
2024-03-05,100.57,131.48,232.04,-30.91,20.41,BBL,Banking,3895.2900000000013
2024-03-06,189.64,201.48,391.13,-11.84,23.72,BBL,Banking,3883.450000000001
2024-03-07,215.29,153.17,368.45,62.12,35.05,BBL,Banking,3945.570000000001
2024-03-08,69.88,139.22,209.1,-69.34,19.85,BBL,Banking,3876.230000000001
2024-03-11,262.92,615.22,878.14,-352.3,16.98,BBL,Banking,3523.9300000000007
2024-03-12,127.62,135.18,262.8,-7.55,19.88,BBL,Banking,3516.3800000000006
2024-03-13,325.44,136.74,462.18,188.7,32.44,BBL,Banking,3705.0800000000004
2024-03-14,281.33,212.27,493.6,69.06,34.13,BBL,Banking,3774.1400000000003
2024-03-15,335.8,471.41,807.21,-135.61,30.64,BBL,Banking,3638.53
2024-03-18,117.4,70.28,187.67,47.12,11.01,BBL,Banking,3685.65
2024-03-19,69.06,159.9,228.95,-90.84,17.96,BBL,Banking,3594.81
2024-03-20,56.96,88.81,145.77,-31.85,13.78,BBL,Banking,3562.96
2024-03-21,352.13,114.43,466.57,237.7,30.31,BBL,Banking,3800.66
2024-03-22,332.99,75.73,408.72,257.26,22.53,BBL,Banking,4057.92
2024-03-25,425.01,226.49,651.5,198.52,27.34,BBL,Banking,4256.4400000000005
2024-03-26,235.84,163.56,399.4,72.28,36.35,BBL,Banking,4328.72
2024-03-27,39.4,172.27,211.66,-132.87,20.1,BBL,Banking,4195.85
2024-03-28,89.42,76.11,165.53,13.3,15.17,BBL,Banking,4209.150000000001
2024-03-29,97.26,117.23,214.49,-19.97,20.55,BBL,Banking,4189.18
2024-04-01,79.62,50.78,130.39,28.84,19.7,BBL,Banking,4218.02
2024-04-02,94.96,444.16,539.12,-349.2,28.45,BBL,Banking,3868.8200000000006
2024-04-03,244.04,578.14,822.18,-334.1,34.61,BBL,Banking,3534.7200000000007
2024-04-04,108.23,411.01,519.23,-302.78,20.52,BBL,Banking,3231.9400000000005
2024-04-05,63.41,42.84,106.25,20.57,23.61,BBL,Banking,3252.5100000000007
2024-04-09,589.92,210.38,800.3,379.53,33.97,BBL,Banking,3632.040000000001
2024-04-10,518.29,141.82,660.11,376.48,30.71,BBL,Banking,4008.520000000001
2024-04-11,830.83,600.79,1431.62,230.04,25.46,BBL,Banking,4238.560000000001
2024-04-17,265.32,333.38,598.69,-68.06,21.52,BBL,Banking,4170.500000000001
2024-04-18,184.34,345.98,530.32,-161.64,26.17,BBL,Banking,4008.860000000001
2024-04-19,189.79,1097.56,1287.35,-907.77,24.0,BBL,Banking,3101.090000000001
2024-04-22,276.89,248.23,525.13,28.66,22.27,BBL,Banking,3129.750000000001
2024-04-23,147.48,472.64,620.12,-325.16,19.66,BBL,Banking,2804.590000000001
2024-04-24,777.82,601.94,1379.76,175.88,26.77,BBL,Banking,2980.470000000001
2024-04-25,125.48,147.94,273.43,-22.46,13.55,BBL,Banking,2958.010000000001
2024-04-26,186.47,504.19,690.65,-317.72,17.44,BBL,Banking,2640.290000000001
2024-04-29,122.76,276.05,398.81,-153.28,25.9,BBL,Banking,2487.0100000000007
2024-04-30,206.83,286.06,492.89,-79.23,25.65,BBL,Banking,2407.7800000000007
2024-05-02,210.34,435.71,646.05,-225.38,30.43,BBL,Banking,2182.4000000000005
2024-05-03,141.55,251.05,392.61,-109.5,16.68,BBL,Banking,2072.9000000000005
2024-05-07,464.7,313.59,778.3,151.11,28.55,BBL,Banking,2224.0100000000007
2024-05-08,320.67,144.97,465.64,175.7,24.69,BBL,Banking,2399.7100000000005
2024-05-09,492.08,310.68,802.75,181.4,33.61,BBL,Banking,2581.1100000000006
2024-05-10,270.51,106.62,377.13,163.88,20.21,BBL,Banking,2744.9900000000007
2024-05-13,225.09,97.65,322.74,127.43,19.93,BBL,Banking,2872.4200000000005
2024-05-14,238.98,173.63,412.62,65.35,25.3,BBL,Banking,2937.7700000000004
2024-05-15,301.92,213.13,515.05,88.8,23.57,BBL,Banking,3026.5700000000006
2024-05-16,284.6,35.22,319.82,249.39,21.75,BBL,Banking,3275.9600000000005
2024-05-17,228.04,116.14,344.18,111.9,27.28,BBL,Banking,3387.8600000000006
2024-05-20,211.53,66.81,278.34,144.71,23.94,BBL,Banking,3532.5700000000006
2024-05-21,187.15,158.72,345.87,28.43,26.32,BBL,Banking,3561.0000000000005
2024-05-23,176.37,232.26,408.63,-55.89,34.2,BBL,Banking,3505.1100000000006
2024-05-24,65.48,53.8,119.28,11.67,29.07,BBL,Banking,3516.7800000000007
2024-05-27,116.11,37.71,153.82,78.4,20.24,BBL,Banking,3595.1800000000007
2024-05-28,107.1,126.47,233.57,-19.37,28.19,BBL,Banking,3575.810000000001
2024-05-29,130.97,202.88,333.85,-71.91,30.28,BBL,Banking,3503.900000000001
2024-05-30,168.54,397.35,565.89,-228.81,20.81,BBL,Banking,3275.090000000001
2024-05-31,214.92,186.69,401.61,28.22,38.38,BBL,Banking,3303.310000000001
2024-06-04,226.4,231.1,457.5,-4.7,39.96,BBL,Banking,3298.610000000001
2024-06-05,171.03,178.84,349.87,-7.8,23.11,BBL,Banking,3290.810000000001
2024-06-06,217.08,439.43,656.51,-222.35,23.93,BBL,Banking,3068.460000000001
2024-06-07,509.79,118.67,628.46,391.12,19.88,BBL,Banking,3459.580000000001
2024-06-10,345.64,237.43,583.07,108.21,31.99,BBL,Banking,3567.790000000001
2024-06-11,292.58,262.39,554.98,30.19,33.85,BBL,Banking,3597.980000000001
2024-06-12,192.8,238.05,430.84,-45.25,26.84,BBL,Banking,3552.730000000001
2024-06-13,370.91,138.47,509.37,232.44,40.33,BBL,Banking,3785.170000000001
2024-06-14,443.11,197.47,640.58,245.64,37.03,BBL,Banking,4030.810000000001
2024-06-17,378.41,409.28,787.7,-30.87,23.38,BBL,Banking,3999.940000000001
2024-06-18,221.52,195.19,416.72,26.33,20.01,BBL,Banking,4026.270000000001
2024-06-19,204.34,285.43,489.77,-81.09,17.6,BBL,Banking,3945.1800000000007
2024-06-20,125.37,53.62,178.99,71.76,22.78,BBL,Banking,4016.940000000001
2024-06-21,474.51,282.14,756.66,192.37,35.82,BBL,Banking,4209.310000000001
2024-06-24,276.89,136.62,413.51,140.27,29.52,BBL,Banking,4349.580000000002
2024-06-25,344.9,250.52,595.42,94.38,24.54,BBL,Banking,4443.960000000002
2024-06-26,251.92,202.77,454.68,49.15,26.46,BBL,Banking,4493.1100000000015
2024-06-27,182.71,188.21,370.92,-5.51,25.69,BBL,Banking,4487.600000000001
2024-06-28,430.32,85.63,515.95,344.69,26.07,BBL,Banking,4832.290000000001
2024-07-01,276.83,34.2,311.03,242.64,21.85,BBL,Banking,5074.930000000001
2024-07-02,260.59,77.35,337.94,183.24,29.19,BBL,Banking,5258.170000000001
2024-07-03,370.29,87.19,457.48,283.1,33.7,BBL,Banking,5541.270000000001
2024-07-04,191.9,180.65,372.56,11.25,23.99,BBL,Banking,5552.520000000001
2024-07-05,97.09,107.88,204.97,-10.79,16.18,BBL,Banking,5541.730000000001
2024-07-08,83.62,72.18,155.8,11.43,27.95,BBL,Banking,5553.160000000002
2024-07-09,279.4,135.89,415.29,143.5,40.76,BBL,Banking,5696.660000000002
2024-07-10,78.36,183.71,262.06,-105.35,22.87,BBL,Banking,5591.310000000001
2024-07-11,215.7,139.47,355.17,76.23,30.42,BBL,Banking,5667.540000000001
2024-07-12,94.22,151.72,245.94,-57.5,18.74,BBL,Banking,5610.040000000001
2024-07-15,237.06,276.55,513.61,-39.48,17.49,BBL,Banking,5570.560000000001
2024-07-16,445.08,99.67,544.75,345.42,22.95,BBL,Banking,5915.980000000001
2024-07-17,105.18,83.24,188.42,21.94,15.21,BBL,Banking,5937.920000000001
2024-07-18,524.65,389.74,914.39,134.92,22.39,BBL,Banking,6072.840000000001
2024-07-19,328.03,505.9,833.93,-177.87,16.29,BBL,Banking,5894.970000000001
2024-07-23,1025.24,322.09,1347.34,703.15,41.85,BBL,Banking,6598.120000000001
2024-07-24,37.73,44.5,82.23,-6.77,16.86,BBL,Banking,6591.35
2024-07-25,38.31,31.15,69.46,7.17,13.7,BBL,Banking,6598.52
2024-07-26,589.91,174.3,764.21,415.61,33.59,BBL,Banking,7014.13
2024-07-30,276.11,164.72,440.83,111.39,17.9,BBL,Banking,7125.52
2024-07-31,727.82,442.97,1170.79,284.85,46.1,BBL,Banking,7410.370000000001
2024-08-01,287.14,111.11,398.25,176.03,30.94,BBL,Banking,7586.400000000001
2024-08-02,84.42,80.35,164.77,4.07,20.6,BBL,Banking,7590.47
2024-08-05,83.61,163.3,246.91,-79.69,15.4,BBL,Banking,7510.780000000001
2024-08-06,83.57,348.14,431.7,-264.57,27.95,BBL,Banking,7246.210000000001
2024-08-07,111.12,205.59,316.71,-94.48,26.49,BBL,Banking,7151.730000000001
2024-08-08,76.32,360.34,436.66,-284.02,28.99,BBL,Banking,6867.710000000001
2024-08-09,66.85,150.1,216.95,-83.25,19.61,BBL,Banking,6784.460000000001
2024-08-13,114.95,74.68,189.63,40.26,24.73,BBL,Banking,6824.720000000001
2024-08-14,128.83,193.1,321.93,-64.26,24.55,BBL,Banking,6760.460000000001
2024-08-15,139.16,148.74,287.89,-9.58,15.32,BBL,Banking,6750.880000000001
2024-08-16,455.55,138.59,594.14,316.97,24.67,BBL,Banking,7067.850000000001
2024-08-19,940.95,277.91,1218.86,663.04,22.5,BBL,Banking,7730.890000000001
2024-08-20,249.73,201.15,450.87,48.58,18.4,BBL,Banking,7779.470000000001
2024-08-21,466.45,153.41,619.86,313.03,24.4,BBL,Banking,8092.500000000001
2024-08-22,303.65,100.24,403.89,203.41,23.69,BBL,Banking,8295.910000000002
2024-08-23,817.71,366.37,1184.08,451.33,19.59,BBL,Banking,8747.240000000002
2024-08-26,296.83,267.0,563.83,29.83,18.43,BBL,Banking,8777.070000000002
2024-08-27,244.17,138.17,382.34,106.01,16.9,BBL,Banking,8883.080000000002
2024-08-28,251.32,171.8,423.13,79.52,21.39,BBL,Banking,8962.600000000002
2024-08-29,144.13,214.13,358.26,-70.0,15.86,BBL,Banking,8892.600000000002
2024-08-30,112.23,335.59,447.81,-223.36,35.56,BBL,Banking,8669.240000000002
2024-09-02,112.47,141.1,253.57,-28.63,19.66,BBL,Banking,8640.610000000002
2024-09-03,233.86,188.12,421.98,45.74,17.64,BBL,Banking,8686.350000000002
2024-09-04,136.35,275.55,411.9,-139.21,15.76,BBL,Banking,8547.140000000003
2024-09-05,475.25,437.05,912.3,38.2,20.01,BBL,Banking,8585.340000000004
2024-09-06,1650.23,671.81,2322.04,978.42,18.19,BBL,Banking,9563.760000000004
2024-09-09,906.83,1073.08,1979.91,-166.26,22.22,BBL,Banking,9397.500000000004
2024-09-10,611.86,493.03,1104.88,118.83,19.28,BBL,Banking,9516.330000000004
2024-09-11,243.57,450.71,694.28,-207.14,13.54,BBL,Banking,9309.190000000004
2024-09-12,62.88,421.14,484.02,-358.26,20.47,BBL,Banking,8950.930000000004
2024-09-13,428.72,501.26,929.98,-72.54,13.51,BBL,Banking,8878.390000000003
2024-09-16,194.72,328.59,523.32,-133.87,23.51,BBL,Banking,8744.520000000002
2024-09-17,150.65,199.81,350.46,-49.15,13.84,BBL,Banking,8695.370000000003
2024-09-18,689.74,196.82,886.55,492.92,15.29,BBL,Banking,9188.290000000003
2024-09-19,392.73,415.29,808.02,-22.56,16.86,BBL,Banking,9165.730000000003
2024-09-20,778.44,557.07,1335.51,221.38,32.65,BBL,Banking,9387.110000000002
2024-09-23,602.39,207.56,809.94,394.83,24.51,BBL,Banking,9781.940000000002
2024-09-24,202.81,412.42,615.23,-209.61,28.3,BBL,Banking,9572.330000000002
2024-09-25,182.01,486.28,668.29,-304.28,24.4,BBL,Banking,9268.050000000001
2024-09-26,189.22,251.96,441.18,-62.74,22.77,BBL,Banking,9205.310000000001
2024-09-27,598.11,620.5,1218.61,-22.39,22.47,BBL,Banking,9182.920000000002
2024-09-30,1037.26,952.63,1989.88,84.63,33.86,BBL,Banking,9267.550000000001
2024-10-01,382.55,445.22,827.76,-62.67,25.31,BBL,Banking,9204.880000000001
2024-10-02,230.91,357.75,588.66,-126.84,22.66,BBL,Banking,9078.04
2024-10-03,273.4,273.13,546.52,0.27,23.16,BBL,Banking,9078.310000000001
2024-10-04,367.18,292.66,659.84,74.51,26.72,BBL,Banking,9152.820000000002
2024-10-07,359.22,231.1,590.32,128.13,28.93,BBL,Banking,9280.95
2024-10-08,584.87,326.11,910.98,258.77,32.26,BBL,Banking,9539.720000000001
2024-10-09,134.27,205.33,339.6,-71.05,26.35,BBL,Banking,9468.670000000002
2024-10-10,245.54,238.28,483.81,7.26,26.65,BBL,Banking,9475.930000000002
2024-10-11,663.65,571.38,1235.02,92.27,28.58,BBL,Banking,9568.200000000003
2024-10-15,595.51,357.91,953.41,237.6,26.46,BBL,Banking,9805.800000000003
2024-10-16,588.75,524.12,1112.87,64.63,21.96,BBL,Banking,9870.430000000002
2024-10-17,345.7,149.7,495.4,196.01,17.99,BBL,Banking,10066.440000000002
2024-10-18,335.89,337.83,673.72,-1.94,18.29,BBL,Banking,10064.500000000002
2024-10-21,341.65,192.28,533.93,149.37,27.13,BBL,Banking,10213.870000000003
2024-10-22,398.99,239.26,638.25,159.73,22.38,BBL,Banking,10373.600000000002
2024-10-24,805.92,383.68,1189.6,422.23,25.22,BBL,Banking,10795.830000000002
2024-10-25,710.54,504.99,1215.53,205.54,30.18,BBL,Banking,11001.370000000003
2024-10-28,184.93,360.98,545.91,-176.04,25.89,BBL,Banking,10825.330000000002
2024-10-29,214.14,368.82,582.96,-154.68,36.08,BBL,Banking,10670.650000000001
2024-10-30,250.68,623.48,874.15,-372.8,29.3,BBL,Banking,10297.850000000002
2024-10-31,387.81,776.1,1163.9,-388.29,44.17,BBL,Banking,9909.560000000001
2024-11-01,125.53,277.28,402.81,-151.75,20.16,BBL,Banking,9757.810000000001
2024-11-04,74.29,127.19,201.48,-52.9,22.3,BBL,Banking,9704.910000000002
2024-11-05,114.09,155.62,269.71,-41.53,19.02,BBL,Banking,9663.380000000001
2024-11-06,159.28,523.05,682.34,-363.77,26.89,BBL,Banking,9299.61
2024-11-07,153.51,218.93,372.44,-65.43,21.88,BBL,Banking,9234.18
2024-11-08,220.59,267.81,488.4,-47.21,31.45,BBL,Banking,9186.970000000001
2024-11-11,79.8,235.09,314.89,-155.3,27.08,BBL,Banking,9031.670000000002
2024-11-12,81.9,151.66,233.55,-69.76,21.24,BBL,Banking,8961.910000000002
2024-11-13,78.71,230.48,309.19,-151.77,24.88,BBL,Banking,8810.140000000001
2024-11-14,183.96,224.43,408.39,-40.47,21.0,BBL,Banking,8769.670000000002
2024-11-15,186.84,195.49,382.33,-8.65,26.67,BBL,Banking,8761.020000000002
2024-11-18,261.17,232.02,493.19,29.15,20.18,BBL,Banking,8790.170000000002
2024-11-19,320.67,320.92,641.59,-0.24,32.22,BBL,Banking,8789.930000000002
2024-11-20,205.23,244.52,449.74,-39.29,38.96,BBL,Banking,8750.640000000001
2024-11-21,462.14,537.69,999.82,-75.55,44.11,BBL,Banking,8675.090000000002
2024-11-22,248.99,384.66,633.65,-135.67,41.65,BBL,Banking,8539.420000000002
2024-11-25,294.8,691.98,986.77,-397.18,43.77,BBL,Banking,8142.240000000002
2024-11-26,136.28,115.2,251.48,21.07,17.06,BBL,Banking,8163.310000000001
2024-11-27,165.31,284.88,450.19,-119.57,24.76,BBL,Banking,8043.740000000002
2024-11-28,57.25,460.34,517.59,-403.09,32.84,BBL,Banking,7640.6500000000015
2024-11-29,279.85,228.14,508.0,51.71,29.58,BBL,Banking,7692.3600000000015
2024-12-02,47.5,85.86,133.36,-38.37,25.53,BBL,Banking,7653.990000000002
2024-12-03,94.5,158.99,253.49,-64.5,18.56,BBL,Banking,7589.490000000002
2024-12-04,59.51,126.96,186.48,-67.45,11.39,BBL,Banking,7522.040000000002
2024-12-06,259.86,210.4,470.25,49.46,24.31,BBL,Banking,7571.500000000002
2024-12-09,77.99,245.62,323.61,-167.63,25.75,BBL,Banking,7403.870000000002
2024-12-11,103.68,260.09,363.76,-156.41,23.69,BBL,Banking,7247.460000000002
2024-12-12,281.87,315.56,597.43,-33.68,19.99,BBL,Banking,7213.780000000002
2024-12-13,210.02,109.51,319.53,100.51,18.8,BBL,Banking,7314.290000000002
2024-12-16,107.15,62.07,169.22,45.08,22.53,BBL,Banking,7359.370000000002
2024-12-17,176.81,226.22,403.03,-49.4,21.84,BBL,Banking,7309.970000000002
2024-12-18,55.63,83.16,138.79,-27.53,15.5,BBL,Banking,7282.440000000002
2024-12-19,46.33,213.73,260.06,-167.4,18.64,BBL,Banking,7115.040000000003
2024-12-20,157.59,186.52,344.11,-28.93,19.7,BBL,Banking,7086.110000000002
2024-12-23,87.01,111.15,198.17,-24.14,16.56,BBL,Banking,7061.970000000002
2024-12-24,47.57,94.12,141.69,-46.54,18.46,BBL,Banking,7015.430000000002
2024-12-25,127.11,32.23,159.34,94.88,19.99,BBL,Banking,7110.310000000002
2024-12-26,83.59,88.84,172.42,-5.25,18.16,BBL,Banking,7105.060000000002
2024-12-27,154.29,224.3,378.59,-70.0,28.41,BBL,Banking,7035.060000000002
2024-12-30,188.49,125.5,313.99,62.99,30.69,BBL,Banking,7098.050000000002
2025-01-02,164.49,71.8,236.29,92.7,19.06,BBL,Banking,7190.750000000002
2025-01-03,70.81,135.97,206.78,-65.17,21.99,BBL,Banking,7125.580000000002
2025-01-06,409.14,279.75,688.89,129.39,21.49,BBL,Banking,7254.970000000002
2025-01-07,239.74,406.76,646.5,-167.02,24.05,BBL,Banking,7087.950000000002
2025-01-08,116.08,179.11,295.19,-63.03,20.86,BBL,Banking,7024.920000000002
2025-01-09,181.06,335.37,516.42,-154.31,28.93,BBL,Banking,6870.6100000000015
2025-01-10,286.33,499.68,786.01,-213.34,37.95,BBL,Banking,6657.270000000001
2025-01-13,244.47,129.54,374.01,114.93,17.77,BBL,Banking,6772.200000000002
2025-01-14,277.8,624.77,902.57,-346.97,34.3,BBL,Banking,6425.230000000001
2025-01-15,125.94,245.12,371.06,-119.18,23.19,BBL,Banking,6306.050000000001
2025-01-16,239.6,419.11,658.71,-179.51,44.6,BBL,Banking,6126.540000000001
2025-01-17,189.52,311.42,500.94,-121.9,26.59,BBL,Banking,6004.640000000001
2025-01-20,179.95,257.3,437.24,-77.35,28.95,BBL,Banking,5927.290000000001
2025-01-21,242.87,236.19,479.06,6.68,33.0,BBL,Banking,5933.970000000001
2025-01-22,1479.59,416.17,1895.76,1063.42,27.41,BBL,Banking,6997.390000000001
2025-01-23,306.9,415.83,722.73,-108.92,25.2,BBL,Banking,6888.470000000001
2025-01-24,282.89,453.92,736.81,-171.02,28.28,BBL,Banking,6717.450000000001
2025-01-27,362.76,314.61,677.36,48.15,29.0,BBL,Banking,6765.6
2025-01-28,153.88,96.64,250.51,57.24,22.46,BBL,Banking,6822.84
2025-01-29,311.36,142.32,453.68,169.04,26.83,BBL,Banking,6991.88
2025-01-30,188.49,434.73,623.23,-246.24,42.41,BBL,Banking,6745.64
2025-01-31,638.34,1000.66,1639.0,-362.31,38.01,BBL,Banking,6383.33
2025-02-03,222.74,502.22,724.96,-279.48,22.14,BBL,Banking,6103.85
2025-02-04,342.54,424.52,767.06,-81.99,31.92,BBL,Banking,6021.860000000001
2025-02-05,250.94,241.19,492.13,9.75,31.93,BBL,Banking,6031.610000000001
2025-02-06,499.68,490.76,990.44,8.92,37.46,BBL,Banking,6040.530000000001
2025-02-07,325.29,641.55,966.84,-316.25,33.43,BBL,Banking,5724.280000000001
2025-02-10,122.7,296.49,419.19,-173.79,24.53,BBL,Banking,5550.490000000001
2025-02-11,172.59,150.86,323.46,21.73,21.44,BBL,Banking,5572.22
2025-02-13,326.33,377.93,704.26,-51.6,28.49,BBL,Banking,5520.62
2025-02-14,428.61,324.81,753.42,103.79,42.1,BBL,Banking,5624.41
2025-02-17,357.38,209.97,567.35,147.41,29.78,BBL,Banking,5771.82
2025-02-18,562.93,158.09,721.02,404.85,26.72,BBL,Banking,6176.67
2025-02-19,1467.76,522.2,1989.96,945.56,24.83,BBL,Banking,7122.23
2025-02-20,680.28,538.81,1219.08,141.47,28.06,BBL,Banking,7263.7
2025-02-21,650.33,960.82,1611.15,-310.48,24.22,BBL,Banking,6953.219999999999
2025-02-24,533.73,334.14,867.87,199.59,22.31,BBL,Banking,7152.8099999999995
2025-02-25,328.26,545.83,874.1,-217.57,23.36,BBL,Banking,6935.24
2025-02-26,598.04,736.79,1334.83,-138.75,21.06,BBL,Banking,6796.49
2025-02-27,495.88,341.64,837.52,154.24,28.42,BBL,Banking,6950.73
2025-02-28,1342.11,1319.42,2661.53,22.69,47.63,BBL,Banking,6973.419999999999
2025-03-03,667.09,502.0,1169.09,165.08,29.66,BBL,Banking,7138.499999999999
2025-03-04,82.4,269.44,351.84,-187.05,26.04,BBL,Banking,6951.449999999999
2025-03-05,240.55,143.17,383.72,97.37,29.17,BBL,Banking,7048.819999999999
2025-03-06,196.52,296.64,493.16,-100.13,25.57,BBL,Banking,6948.689999999999
2025-03-07,623.97,437.24,1061.2,186.73,46.33,BBL,Banking,7135.419999999998
2025-03-10,225.04,268.14,493.17,-43.1,34.61,BBL,Banking,7092.319999999998
2025-03-11,230.71,279.64,510.35,-48.93,28.68,BBL,Banking,7043.389999999998
2025-03-12,161.77,234.64,396.42,-72.87,21.47,BBL,Banking,6970.519999999998
2025-03-13,368.74,254.16,622.89,114.58,23.12,BBL,Banking,7085.099999999998
2025-03-14,196.81,113.6,310.41,83.21,19.47,BBL,Banking,7168.309999999998
2025-03-17,311.25,475.91,787.16,-164.66,27.74,BBL,Banking,7003.649999999998
2025-03-18,973.56,313.49,1287.05,660.07,31.82,BBL,Banking,7663.7199999999975
2025-03-19,168.54,245.83,414.37,-77.29,23.22,BBL,Banking,7586.429999999998
2025-03-20,258.22,237.53,495.75,20.69,22.37,BBL,Banking,7607.119999999997
2025-03-21,293.42,288.37,581.79,5.04,24.95,BBL,Banking,7612.159999999997
2025-03-24,104.6,45.1,149.7,59.51,24.59,BBL,Banking,7671.669999999997
2025-03-25,150.65,161.09,311.74,-10.44,20.02,BBL,Banking,7661.229999999998
2025-03-26,63.6,202.52,266.13,-138.92,26.84,BBL,Banking,7522.309999999998
2025-03-27,381.9,226.39,608.29,155.52,25.88,BBL,Banking,7677.829999999998
2025-03-28,238.89,155.02,393.91,83.86,34.22,BBL,Banking,7761.689999999998
2025-03-31,408.86,360.58,769.44,48.28,31.18,BBL,Banking,7809.9699999999975
2025-04-01,99.46,97.51,196.96,1.95,18.43,BBL,Banking,7811.919999999997
2025-04-02,146.09,44.98,191.07,101.11,22.22,BBL,Banking,7913.029999999997
2025-04-03,374.08,384.49,758.58,-10.41,16.1,BBL,Banking,7902.619999999997
2025-04-04,202.85,381.84,584.69,-178.98,13.31,BBL,Banking,7723.639999999998
2025-04-08,737.13,487.54,1224.67,249.59,25.31,BBL,Banking,7973.229999999998
2025-04-09,452.57,394.23,846.8,58.34,29.2,BBL,Banking,8031.569999999998
2025-04-10,224.28,223.19,447.47,1.09,29.86,BBL,Banking,8032.659999999998
2025-04-11,224.27,198.59,422.86,25.69,41.83,BBL,Banking,8058.349999999998
2025-04-16,277.14,347.97,625.11,-70.83,36.0,BBL,Banking,7987.519999999998
2025-04-17,328.49,384.99,713.48,-56.5,25.58,BBL,Banking,7931.019999999998
2025-04-18,195.28,456.67,651.95,-261.38,21.48,BBL,Banking,7669.639999999998
2025-04-21,189.33,231.47,420.79,-42.14,13.79,BBL,Banking,7627.499999999997
2025-04-22,415.22,239.15,654.36,176.07,20.12,BBL,Banking,7803.569999999997
2025-04-23,178.6,171.36,349.96,7.24,14.37,BBL,Banking,7810.809999999997
2025-04-24,522.87,221.39,744.26,301.47,17.66,BBL,Banking,8112.279999999997
2025-04-25,425.0,311.11,736.11,113.89,26.59,BBL,Banking,8226.169999999996
2025-04-28,572.61,190.64,763.24,381.97,30.38,BBL,Banking,8608.139999999996
2025-04-29,748.69,400.85,1149.53,347.84,36.09,BBL,Banking,8955.979999999996
2025-04-30,463.74,281.72,745.46,182.01,22.58,BBL,Banking,9137.989999999996
2025-05-02,582.49,307.14,889.63,275.35,39.16,BBL,Banking,9413.339999999997
2025-05-06,277.13,218.23,495.36,58.91,25.79,BBL,Banking,9472.249999999996
2025-05-07,279.9,298.46,578.36,-18.56,23.13,BBL,Banking,9453.689999999997
2025-05-08,144.09,255.15,399.24,-111.05,30.8,BBL,Banking,9342.639999999998
2025-05-09,253.58,449.36,702.93,-195.78,38.81,BBL,Banking,9146.859999999997
2025-05-13,144.91,144.98,289.89,-0.08,13.37,BBL,Banking,9146.779999999997
2025-05-14,243.26,68.63,311.89,174.64,27.35,BBL,Banking,9321.419999999996
2025-05-15,393.65,197.23,590.88,196.41,32.38,BBL,Banking,9517.829999999996
2025-05-16,279.67,291.81,571.48,-12.14,30.44,BBL,Banking,9505.689999999997
2025-05-19,503.66,177.03,680.69,326.63,28.61,BBL,Banking,9832.319999999996
2025-05-20,987.57,555.97,1543.53,431.6,15.32,BBL,Banking,10263.919999999996
2025-05-21,482.09,421.93,904.02,60.16,24.25,BBL,Banking,10324.079999999996
2025-05-22,309.66,609.91,919.57,-300.25,22.49,BBL,Banking,10023.829999999996
2025-05-23,140.53,213.15,353.68,-72.61,19.58,BBL,Banking,9951.219999999996
2025-05-26,89.94,109.25,199.19,-19.31,14.94,BBL,Banking,9931.909999999996
2025-05-27,423.06,346.97,770.03,76.09,31.16,BBL,Banking,10007.999999999996
2025-05-28,490.91,594.91,1085.82,-104.0,45.38,BBL,Banking,9903.999999999996
2025-05-29,313.17,574.52,887.69,-261.34,36.96,BBL,Banking,9642.659999999996
2025-05-30,414.75,745.44,1160.19,-330.69,47.58,BBL,Banking,9311.969999999996
2025-06-04,334.88,376.48,711.37,-41.6,32.28,BBL,Banking,9270.369999999995
2025-06-05,387.9,680.09,1068.0,-292.19,38.1,BBL,Banking,8978.179999999995
2025-06-06,207.63,364.28,571.91,-156.65,47.71,BBL,Banking,8821.529999999995
2025-06-09,147.38,203.74,351.12,-56.36,29.3,BBL,Banking,8765.169999999995
2025-06-10,234.28,138.03,372.31,96.25,24.73,BBL,Banking,8861.419999999995
2025-06-11,211.77,97.85,309.62,113.92,38.0,BBL,Banking,8975.339999999995
2025-06-12,214.57,562.66,777.23,-348.09,30.1,BBL,Banking,8627.249999999995
2025-06-13,333.33,384.14,717.47,-50.8,48.41,BBL,Banking,8576.449999999995
2025-06-16,267.76,402.21,669.97,-134.45,51.92,BBL,Banking,8441.999999999995
2025-06-17,77.21,259.47,336.68,-182.26,31.94,BBL,Banking,8259.739999999994
2025-06-18,238.61,250.09,488.71,-11.48,26.55,BBL,Banking,8248.259999999995
2025-06-19,433.41,499.92,933.33,-66.51,36.7,BBL,Banking,8181.7499999999945
2025-06-20,356.93,445.83,802.76,-88.9,45.63,BBL,Banking,8092.849999999995
2025-06-23,249.66,198.16,447.82,51.49,39.02,BBL,Banking,8144.339999999995
2025-06-24,302.61,473.76,776.37,-171.14,34.31,BBL,Banking,7973.199999999994
2025-06-25,186.7,157.51,344.21,29.19,26.65,BBL,Banking,8002.389999999994
2025-06-26,455.53,231.53,687.06,223.99,32.22,BBL,Banking,8226.379999999994
2025-06-27,210.25,215.0,425.25,-4.75,27.03,BBL,Banking,8221.629999999994
2025-06-30,220.15,247.51,467.65,-27.36,23.89,BBL,Banking,8194.269999999993
2025-07-01,188.13,178.37,366.5,9.77,17.74,BBL,Banking,8204.039999999994
2025-07-02,208.06,180.05,388.11,28.01,30.24,BBL,Banking,8232.049999999994
2025-07-03,71.98,97.99,169.96,-26.01,21.7,BBL,Banking,8206.039999999994
2025-07-04,92.87,102.77,195.64,-9.9,19.56,BBL,Banking,8196.139999999994
2025-07-07,268.58,130.97,399.55,137.61,27.56,BBL,Banking,8333.749999999995
2025-07-08,179.84,163.27,343.11,16.57,17.86,BBL,Banking,8350.319999999994
2025-07-09,202.52,193.18,395.7,9.35,25.83,BBL,Banking,8359.669999999995
2025-07-11,165.9,128.86,294.76,37.05,21.96,BBL,Banking,8396.719999999994
2025-07-14,289.71,134.21,423.93,155.5,36.21,BBL,Banking,8552.219999999994
2025-07-15,368.61,319.36,687.97,49.25,16.24,BBL,Banking,8601.469999999994
2025-07-16,225.9,159.31,385.21,66.59,21.66,BBL,Banking,8668.059999999994
2025-07-17,219.13,193.02,412.14,26.11,26.24,BBL,Banking,8694.169999999995
2025-07-18,231.6,175.6,407.2,56.0,14.53,BBL,Banking,8750.169999999995
2025-07-21,173.55,172.95,346.5,0.6,18.4,BBL,Banking,8750.769999999995
2025-07-22,390.22,191.64,581.86,198.58,18.98,BBL,Banking,8949.349999999995
2025-07-23,96.13,166.42,262.55,-70.29,7.66,BBL,Banking,8879.059999999994
2025-07-24,319.68,183.41,503.09,136.27,11.74,BBL,Banking,9015.329999999994
2025-07-25,60.66,218.07,278.72,-157.41,17.89,BBL,Banking,8857.919999999995
2025-07-29,338.65,608.43,947.07,-269.78,18.59,BBL,Banking,8588.139999999994
2025-07-30,206.31,279.8,486.11,-73.49,20.31,BBL,Banking,8514.649999999994
2025-07-31,329.87,421.9,751.78,-92.03,31.25,BBL,Banking,8422.619999999994
2025-08-01,143.43,159.92,303.36,-16.49,12.14,BBL,Banking,8406.129999999994
2025-08-04,154.76,158.31,313.07,-3.54,15.04,BBL,Banking,8402.589999999993
2025-08-05,349.22,511.65,860.87,-162.43,18.61,BBL,Banking,8240.159999999993
2025-08-06,651.91,443.84,1095.74,208.07,12.94,BBL,Banking,8448.229999999992
2025-08-07,347.75,695.17,1042.92,-347.41,14.88,BBL,Banking,8100.819999999992
2025-08-08,203.59,237.25,440.84,-33.66,11.92,BBL,Banking,8067.159999999993
2025-08-13,225.78,277.2,502.98,-51.43,12.95,BBL,Banking,8015.729999999992
2025-08-14,321.45,532.83,854.28,-211.39,24.83,BBL,Banking,7804.339999999992
2025-08-15,429.7,272.08,701.79,157.62,37.77,BBL,Banking,7961.959999999992
2025-08-18,267.94,201.16,469.1,66.77,29.46,BBL,Banking,8028.729999999992
2025-08-19,169.33,188.3,357.63,-18.97,20.25,BBL,Banking,8009.759999999992
2025-08-20,109.45,192.05,301.5,-82.6,20.31,BBL,Banking,7927.159999999992
2025-08-21,166.49,231.26,397.75,-64.78,20.16,BBL,Banking,7862.379999999992
2025-08-22,166.35,171.46,337.81,-5.11,21.73,BBL,Banking,7857.269999999992
2025-08-25,115.45,146.23,261.68,-30.78,17.44,BBL,Banking,7826.4899999999925
2025-08-26,240.82,361.36,602.18,-120.54,27.53,BBL,Banking,7705.9499999999925
2025-08-27,204.17,220.88,425.05,-16.7,19.38,BBL,Banking,7689.249999999993
2025-08-28,403.57,183.42,586.98,220.15,31.11,BBL,Banking,7909.399999999992
2025-08-29,356.8,424.22,781.02,-67.43,33.08,BBL,Banking,7841.969999999992
2025-09-01,230.87,122.52,353.39,108.35,20.62,BBL,Banking,7950.319999999992
2025-09-02,66.31,90.39,156.7,-24.07,28.18,BBL,Banking,7926.249999999993
2025-09-03,94.8,111.02,205.82,-16.22,21.11,BBL,Banking,7910.0299999999925
2025-09-04,143.06,117.17,260.23,25.89,14.29,BBL,Banking,7935.919999999993
2025-09-05,272.43,157.97,430.4,114.45,14.64,BBL,Banking,8050.369999999993
2025-09-08,146.28,84.49,230.78,61.79,22.44,BBL,Banking,8112.159999999993
2025-09-09,61.99,61.66,123.66,0.33,12.51,BBL,Banking,8112.4899999999925
2025-09-10,252.54,122.01,374.55,130.54,14.95,BBL,Banking,8243.029999999993
2025-09-11,199.61,153.49,353.11,46.12,15.28,BBL,Banking,8289.149999999994
2025-09-12,120.22,156.49,276.7,-36.27,16.25,BBL,Banking,8252.879999999994
2025-09-15,142.32,282.46,424.78,-140.14,17.02,BBL,Banking,8112.739999999993
2025-09-16,116.59,238.52,355.11,-121.93,21.85,BBL,Banking,7990.809999999993
2025-09-17,54.65,153.31,207.96,-98.65,23.11,BBL,Banking,7892.1599999999935
2025-09-18,10.84,153.26,164.1,-142.42,14.8,BBL,Banking,7749.739999999993
2025-09-19,277.35,287.4,564.75,-10.04,30.48,BBL,Banking,7739.699999999993
2025-09-22,65.41,121.15,186.56,-55.73,14.62,BBL,Banking,7683.969999999994
2025-09-23,52.81,199.47,252.28,-146.67,20.87,BBL,Banking,7537.299999999994
2025-09-24,42.42,74.68,117.11,-32.26,11.54,BBL,Banking,7505.039999999994
2025-09-25,151.42,88.7,240.13,62.72,19.2,BBL,Banking,7567.759999999994
2025-09-26,93.02,136.48,229.5,-43.46,8.04,BBL,Banking,7524.299999999994
2025-09-29,295.28,73.24,368.53,222.04,23.41,BBL,Banking,7746.339999999994
2025-09-30,231.68,239.36,471.04,-7.68,13.42,BBL,Banking,7738.6599999999935
2025-10-01,57.04,159.78,216.82,-102.74,25.61,BBL,Banking,7635.919999999994
2025-10-02,48.01,99.66,147.67,-51.66,16.68,BBL,Banking,7584.259999999994
2025-10-03,358.85,53.93,412.79,304.92,44.22,BBL,Banking,7889.179999999994
2025-10-06,34.91,44.86,79.78,-9.95,22.13,BBL,Banking,7879.229999999994
2025-10-07,17.88,56.36,74.24,-38.48,22.06,BBL,Banking,7840.7499999999945
2025-10-08,145.16,177.33,322.49,-32.17,15.28,BBL,Banking,7808.5799999999945
2025-10-09,24.0,130.39,154.39,-106.39,17.18,BBL,Banking,7702.189999999994
2025-10-10,49.85,99.84,149.69,-49.98,18.69,BBL,Banking,7652.209999999995
2025-10-14,211.85,214.72,426.57,-2.87,17.37,BBL,Banking,7649.339999999995
2025-10-15,722.59,333.78,1056.37,388.81,22.92,BBL,Banking,8038.149999999995
2025-10-16,64.0,211.6,275.6,-147.61,19.56,BBL,Banking,7890.539999999995
2025-10-17,66.45,114.82,181.26,-48.37,24.03,BBL,Banking,7842.1699999999955
2025-10-20,32.59,90.06,122.65,-57.48,18.17,BBL,Banking,7784.689999999996
2025-10-21,261.98,248.16,510.14,13.82,12.83,BBL,Banking,7798.509999999996
2025-10-22,1998.33,594.95,2593.28,1403.37,30.48,BBL,Banking,9201.879999999996
2025-10-24,1442.94,728.75,2171.69,714.2,38.37,BBL,Banking,9916.079999999996
2025-10-27,370.02,265.1,635.11,104.92,16.67,BBL,Banking,10020.999999999996
2025-10-28,428.47,573.35,1001.81,-144.88,30.57,BBL,Banking,9876.119999999997
2025-10-29,370.29,681.13,1051.42,-310.84,35.22,BBL,Banking,9565.279999999997
2025-10-30,871.84,835.98,1707.82,35.87,40.24,BBL,Banking,9601.149999999998
2025-10-31,611.55,821.59,1433.14,-210.03,39.44,BBL,Banking,9391.119999999997
2025-11-03,256.49,320.4,576.89,-63.91,27.43,BBL,Banking,9327.209999999997
2025-11-04,271.86,176.95,448.81,94.92,21.41,BBL,Banking,9422.129999999997
2025-11-05,153.56,247.27,400.83,-93.7,28.22,BBL,Banking,9328.429999999997
2025-11-06,300.36,346.21,646.57,-45.86,22.81,BBL,Banking,9282.569999999996
2025-11-07,257.16,485.26,742.42,-228.1,34.02,BBL,Banking,9054.469999999996
2025-11-10,127.07,162.69,289.76,-35.61,24.93,BBL,Banking,9018.859999999995
2025-11-11,83.73,253.8,337.53,-170.08,24.11,BBL,Banking,8848.779999999995
2025-11-12,163.01,314.77,477.78,-151.76,22.18,BBL,Banking,8697.019999999995
2025-11-13,108.5,253.33,361.83,-144.83,33.08,BBL,Banking,8552.189999999995
2025-11-14,147.59,238.22,385.82,-90.63,29.85,BBL,Banking,8461.559999999996
2025-11-17,466.46,303.94,770.4,162.52,35.16,BBL,Banking,8624.079999999996
2025-11-18,210.24,306.81,517.05,-96.57,31.32,BBL,Banking,8527.509999999997
2025-11-19,210.61,172.52,383.13,38.09,32.23,BBL,Banking,8565.599999999997
2025-11-20,258.29,231.48,489.77,26.81,22.8,BBL,Banking,8592.409999999996
2025-11-21,230.93,624.24,855.18,-393.31,40.89,BBL,Banking,8199.099999999997
2025-11-24,386.34,588.36,974.69,-202.02,44.43,BBL,Banking,7997.079999999996
2025-11-25,176.51,369.17,545.68,-192.66,36.04,BBL,Banking,7804.419999999996
2025-11-26,387.18,225.41,612.59,161.78,22.4,BBL,Banking,7966.199999999996
2025-11-27,105.12,158.96,264.08,-53.84,26.82,BBL,Banking,7912.359999999996
2025-11-28,327.24,403.2,730.44,-75.95,40.87,BBL,Banking,7836.409999999996
2025-12-01,222.64,178.22,400.86,44.42,28.95,BBL,Banking,7880.829999999996
2025-12-02,658.23,724.39,1382.62,-66.16,29.09,BBL,Banking,7814.669999999996
2025-12-03,753.22,692.69,1445.91,60.53,27.66,BBL,Banking,7875.199999999996
2025-12-04,408.86,415.91,824.77,-7.05,25.13,BBL,Banking,7868.149999999996
2025-12-08,407.84,456.85,864.69,-49.01,30.91,BBL,Banking,7819.139999999996
2025-12-09,412.27,327.29,739.56,84.98,27.59,BBL,Banking,7904.119999999995
2025-12-11,390.72,374.54,765.26,16.18,27.92,BBL,Banking,7920.299999999996
2025-12-12,306.6,236.15,542.76,70.45,29.01,BBL,Banking,7990.749999999995
2025-12-15,484.24,366.2,850.45,118.04,32.74,BBL,Banking,8108.789999999995
2025-12-16,398.48,220.94,619.42,177.54,32.14,BBL,Banking,8286.329999999996
2025-12-17,386.54,279.55,666.09,106.99,33.66,BBL,Banking,8393.319999999996
2025-12-18,443.65,377.25,820.9,66.41,21.62,BBL,Banking,8459.729999999996
2025-12-19,255.16,461.95,717.11,-206.79,28.14,BBL,Banking,8252.939999999995
2025-12-22,231.14,339.62,570.76,-108.48,33.34,BBL,Banking,8144.4599999999955
2025-12-23,248.8,275.29,524.09,-26.49,28.96,BBL,Banking,8117.969999999996
2025-12-24,158.53,132.96,291.49,25.56,29.81,BBL,Banking,8143.529999999996
2025-12-25,165.29,161.92,327.21,3.37,28.77,BBL,Banking,8146.899999999996
2025-12-26,224.54,258.7,483.24,-34.16,34.67,BBL,Banking,8112.739999999996
2025-12-29,245.6,390.23,635.83,-144.63,34.99,BBL,Banking,7968.109999999996
2025-12-30,428.72,447.25,875.97,-18.53,33.73,BBL,Banking,7949.579999999996
2026-01-05,473.75,484.76,958.5,-11.01,28.66,BBL,Banking,7938.569999999996
2026-01-06,225.6,328.54,554.14,-102.93,31.49,BBL,Banking,7835.639999999996
2026-01-07,201.91,423.84,625.75,-221.93,26.89,BBL,Banking,7613.7099999999955
2026-01-08,537.79,192.79,730.58,345.01,30.42,BBL,Banking,7958.719999999996
2026-01-09,312.15,310.72,622.86,1.43,28.4,BBL,Banking,7960.149999999996
2026-01-12,272.42,60.09,332.51,212.32,17.73,BBL,Banking,8172.469999999996
2026-01-13,290.09,288.34,578.43,1.74,37.07,BBL,Banking,8174.2099999999955
2026-01-14,315.22,299.67,614.89,15.55,30.38,BBL,Banking,8189.759999999996
2026-01-15,459.49,284.97,744.47,174.52,36.21,BBL,Banking,8364.279999999995
2026-01-16,709.53,433.63,1143.16,275.89,31.94,BBL,Banking,8640.169999999995
2026-01-19,129.29,127.07,256.35,2.22,17.06,BBL,Banking,8642.389999999994
2026-01-20,387.92,129.71,517.63,258.21,25.1,BBL,Banking,8900.599999999993
2026-01-21,880.77,2028.22,2908.99,-1147.45,17.25,BBL,Banking,7753.149999999993
2026-01-22,878.52,992.98,1871.49,-114.46,24.32,BBL,Banking,7638.689999999993
2026-01-23,299.75,448.11,747.86,-148.36,11.28,BBL,Banking,7490.329999999994
2026-01-26,391.98,464.77,856.75,-72.79,16.85,BBL,Banking,7417.539999999994
2026-01-27,765.73,1052.81,1818.54,-287.09,31.0,BBL,Banking,7130.449999999993
2026-01-28,179.6,656.43,836.03,-476.83,18.84,BBL,Banking,6653.6199999999935
2026-01-29,548.23,629.14,1177.36,-80.91,16.1,BBL,Banking,6572.709999999994
2026-01-30,192.86,728.43,921.29,-535.56,18.97,BBL,Banking,6037.149999999994
2026-02-02,231.89,178.69,410.58,53.21,15.9,BBL,Banking,6090.359999999994
2026-02-03,260.41,289.11,549.52,-28.7,21.52,BBL,Banking,6061.659999999994
2026-02-04,279.57,313.9,593.47,-34.34,20.4,BBL,Banking,6027.319999999994
2026-02-05,204.39,256.27,460.66,-51.88,17.83,BBL,Banking,5975.439999999994
2026-02-06,137.57,297.39,434.97,-159.82,21.97,BBL,Banking,5815.619999999994
2026-02-09,1249.45,264.19,1513.65,985.26,25.47,BBL,Banking,6800.879999999995
2026-02-10,510.43,695.19,1205.62,-184.76,17.9,BBL,Banking,6616.119999999994
2026-02-11,292.57,298.31,590.87,-5.74,22.18,BBL,Banking,6610.379999999995
2026-02-12,835.49,256.29,1091.78,579.2,18.69,BBL,Banking,7189.5799999999945
2026-02-13,650.36,958.08,1608.44,-307.72,27.23,BBL,Banking,6881.859999999994
2026-02-16,677.77,463.45,1141.23,214.32,27.04,BBL,Banking,7096.179999999994
2026-02-17,967.02,502.27,1469.29,464.75,27.25,BBL,Banking,7560.929999999994
2026-02-18,179.51,340.99,520.5,-161.48,19.67,BBL,Banking,7399.449999999994
2026-02-19,640.94,781.61,1422.55,-140.66,22.32,BBL,Banking,7258.7899999999945
2026-02-20,3361.6,1463.63,4825.24,1897.97,34.94,BBL,Banking,9156.759999999995
2026-02-23,1491.57,882.86,2374.43,608.71,34.59,BBL,Banking,9765.469999999994
2026-02-24,452.78,598.63,1051.41,-145.85,33.79,BBL,Banking,9619.619999999994
2026-02-25,1602.57,1995.77,3598.34,-393.2,41.46,BBL,Banking,9226.419999999993
2026-02-26,1108.8,929.42,2038.22,179.37,31.25,BBL,Banking,9405.789999999994
2026-02-27,2359.55,1633.38,3992.93,726.17,33.27,BBL,Banking,10131.959999999994
2026-03-02,1243.06,887.07,2130.13,355.99,34.47,BBL,Banking,10487.949999999993
2026-03-04,2060.64,1783.81,3844.46,276.83,33.7,BBL,Banking,10764.779999999993
2026-03-05,2383.32,1101.62,3484.94,1281.7,37.27,BBL,Banking,12046.479999999994
2026-03-06,353.54,465.74,819.28,-112.2,27.22,BBL,Banking,11934.279999999993
2026-03-09,1085.58,1121.32,2206.9,-35.74,35.15,BBL,Banking,11898.539999999994
2026-03-10,489.26,582.48,1071.74,-93.22,29.9,BBL,Banking,11805.319999999994
2026-03-11,507.23,271.64,778.87,235.6,32.61,BBL,Banking,12040.919999999995
2026-03-12,205.52,343.23,548.75,-137.71,30.1,BBL,Banking,11903.209999999995
2026-03-13,295.96,294.22,590.19,1.74,35.32,BBL,Banking,11904.949999999995
2026-03-16,136.49,391.18,527.67,-254.69,24.64,BBL,Banking,11650.259999999995
2026-03-17,458.35,281.96,740.31,176.38,29.89,BBL,Banking,11826.639999999994
2026-03-18,372.54,224.65,597.19,147.88,30.16,BBL,Banking,11974.519999999993
2026-03-19,704.39,417.77,1122.16,286.61,27.63,BBL,Banking,12261.129999999994
2026-03-20,396.31,369.87,766.18,26.44,44.16,BBL,Banking,12287.569999999994
2026-03-23,193.81,469.82,663.62,-276.01,34.68,BBL,Banking,12011.559999999994
2026-03-24,951.25,408.25,1359.5,542.99,36.92,BBL,Banking,12554.549999999994
2026-03-25,596.09,393.38,989.47,202.71,31.63,BBL,Banking,12757.259999999993
2026-03-26,608.69,238.5,847.19,370.2,33.41,BBL,Banking,13127.459999999994
2026-03-27,396.41,546.43,942.84,-150.02,36.7,BBL,Banking,12977.439999999993
2026-03-30,300.74,349.38,650.12,-48.64,34.66,BBL,Banking,12928.799999999994
2026-03-31,485.37,403.84,889.21,81.54,40.55,BBL,Banking,13010.339999999995
2026-04-01,391.86,238.76,630.62,153.1,35.46,BBL,Banking,13163.439999999995
2026-04-02,476.69,210.26,686.95,266.42,27.31,BBL,Banking,13429.859999999995
2026-04-03,179.34,469.29,648.63,-289.95,30.22,BBL,Banking,13139.909999999994
2026-04-07,176.34,236.94,413.27,-60.6,33.17,BBL,Banking,13079.309999999994
2026-04-08,383.04,367.68,750.72,15.37,30.63,BBL,Banking,13094.679999999995
2026-04-09,276.94,417.66,694.61,-140.72,42.69,BBL,Banking,12953.959999999995
2026-04-10,367.81,332.04,699.85,35.76,30.52,BBL,Banking,12989.719999999996
2026-04-16,689.86,840.47,1530.33,-150.6,26.33,BBL,Banking,12839.119999999995
2026-04-17,156.08,423.19,579.27,-267.11,33.63,BBL,Banking,12572.009999999995
2026-04-20,584.1,510.37,1094.47,73.72,38.48,BBL,Banking,12645.729999999994
2026-04-21,799.89,804.74,1604.63,-4.85,28.63,BBL,Banking,12640.879999999994
2026-04-22,1018.17,798.97,1817.14,219.2,27.46,BBL,Banking,12860.079999999994
2026-04-23,524.8,807.74,1332.54,-282.95,32.51,BBL,Banking,12577.129999999994
2026-04-24,256.22,413.96,670.18,-157.74,26.77,BBL,Banking,12419.389999999994
2026-04-27,479.59,325.34,804.94,154.25,30.72,BBL,Banking,12573.639999999994
2026-04-28,517.9,352.94,870.83,164.96,26.72,BBL,Banking,12738.599999999993
2026-04-29,364.49,269.15,633.63,95.34,30.27,BBL,Banking,12833.939999999993
2026-04-30,307.12,512.47,819.58,-205.35,33.02,BBL,Banking,12628.589999999993
2026-05-05,582.49,455.9,1038.38,126.59,27.25,BBL,Banking,12755.179999999993
2026-05-06,660.33,298.31,958.64,362.02,32.56,BBL,Banking,13117.199999999993
2026-05-07,482.26,433.45,915.7,48.81,32.0,BBL,Banking,13166.009999999993
2026-05-08,552.36,285.68,838.04,266.68,35.85,BBL,Banking,13432.689999999993
2026-05-11,699.27,468.73,1168.01,230.54,35.62,BBL,Banking,13663.229999999994
2026-05-12,366.09,340.38,706.46,25.71,41.18,BBL,Banking,13688.939999999993
2026-05-13,318.5,370.98,689.48,-52.48,36.6,BBL,Banking,13636.459999999994
2026-05-14,702.89,389.68,1092.57,313.22,33.58,BBL,Banking,13949.679999999993
2026-05-15,708.72,455.11,1163.83,253.61,29.35,BBL,Banking,14203.289999999994
2026-05-18,588.94,315.79,904.72,273.15,23.49,BBL,Banking,14476.439999999993
2026-05-19,207.79,320.15,527.94,-112.36,31.08,BBL,Banking,14364.079999999993
2026-05-20,877.95,542.2,1420.15,335.75,31.4,BBL,Banking,14699.829999999993
2026-05-21,232.03,409.41,641.43,-177.38,28.65,BBL,Banking,14522.449999999993
2026-05-22,467.74,377.64,845.38,90.1,31.82,BBL,Banking,14612.549999999994
2026-05-25,271.41,397.14,668.55,-125.73,31.1,BBL,Banking,14486.819999999994
2026-05-26,933.0,739.73,1672.73,193.28,27.62,BBL,Banking,14680.099999999995
2026-05-27,836.62,782.07,1618.69,54.54,26.96,BBL,Banking,14734.639999999996
2026-05-28,316.49,331.99,648.48,-15.5,23.91,BBL,Banking,14719.139999999996
2026-05-29,456.85,507.99,964.83,-51.14,33.62,BBL,Banking,14667.999999999996
2026-06-02,617.07,961.77,1578.84,-344.71,33.75,BBL,Banking,14323.289999999997
2026-06-04,1029.79,1181.24,2211.02,-151.45,29.97,BBL,Banking,14171.839999999997
2026-06-05,585.47,879.85,1465.31,-294.38,36.27,BBL,Banking,13877.459999999997
2026-06-08,570.78,1325.91,1896.68,-755.13,28.38,BBL,Banking,13122.329999999998
2026-06-09,465.05,698.43,1163.48,-233.37,27.12,BBL,Banking,12888.959999999997
2026-06-10,506.96,323.04,830.0,183.93,30.55,BBL,Banking,13072.889999999998
2026-06-11,248.92,434.36,683.28,-185.44,29.98,BBL,Banking,12887.449999999997
2026-06-12,747.08,464.81,1211.89,282.26,31.66,BBL,Banking,13169.709999999997
2026-06-15,503.22,359.03,862.26,144.19,26.81,BBL,Banking,13313.899999999998
2026-06-16,402.11,532.75,934.85,-130.64,17.45,BBL,Banking,13183.259999999998
2026-06-17,182.01,568.58,750.59,-386.57,32.87,BBL,Banking,12796.689999999999
2026-06-18,620.03,549.03,1169.06,70.99,27.2,BBL,Banking,12867.679999999998
2026-06-19,308.56,369.28,677.83,-60.72,28.83,BBL,Banking,12806.96
2026-06-22,2978.66,1011.42,3990.08,1967.25,33.87,BBL,Banking,14774.21
2026-06-23,780.8,1377.89,2158.69,-597.09,34.34,BBL,Banking,14177.119999999999
2026-06-24,406.61,801.46,1208.06,-394.85,38.17,BBL,Banking,13782.269999999999
2026-06-25,716.45,1425.39,2141.84,-708.93,36.57,BBL,Banking,13073.339999999998
2026-06-26,476.22,831.93,1308.15,-355.72,38.12,BBL,Banking,12717.619999999999
2026-06-29,629.94,465.19,1095.13,164.74,31.15,BBL,Banking,12882.359999999999
2026-06-30,771.59,620.98,1392.57,150.61,31.87,BBL,Banking,13032.97
2026-07-01,1098.81,873.09,1971.9,225.72,35.56,BBL,Banking,13258.689999999999
2026-07-02,2099.79,720.92,2820.71,1378.87,32.27,BBL,Banking,14637.559999999998
2026-07-03,770.15,666.42,1436.56,103.73,28.03,BBL,Banking,14741.289999999997
2026-07-06,669.4,858.07,1527.46,-188.67,32.01,BBL,Banking,14552.619999999997
2026-07-07,997.06,1234.38,2231.44,-237.32,32.66,BBL,Banking,14315.299999999997
2026-07-08,799.65,661.76,1461.41,137.89,29.38,BBL,Banking,14453.189999999997
2026-07-09,754.92,1024.8,1779.72,-269.88,29.22,BBL,Banking,14183.309999999998
2026-07-10,1184.65,1860.25,3044.9,-675.6,39.46,BBL,Banking,13507.709999999997
2026-07-13,1030.9,1111.13,2142.04,-80.23,34.95,BBL,Banking,13427.479999999998
2026-07-14,907.61,1486.36,2393.97,-578.75,38.9,BBL,Banking,12848.729999999998
2026-07-15,612.44,730.29,1342.72,-117.85,29.77,BBL,Banking,12730.879999999997
2026-07-16,1029.09,824.29,1853.38,204.8,30.28,BBL,Banking,12935.679999999997
2026-07-17,472.89,636.51,1109.4,-163.62,36.38,BBL,Banking,12772.059999999996
2026-07-20,1669.87,1734.16,3404.03,-64.3,38.58,BBL,Banking,12707.759999999997
2026-07-21,1822.94,1951.64,3774.59,-128.7,36.09,BBL,Banking,12579.059999999996
2026-07-22,2052.24,4509.98,6562.22,-2457.73,27.7,BBL,Banking,10121.329999999996
2026-07-23,1604.73,758.06,2362.79,846.67,27.62,BBL,Banking,10967.999999999996
2026-07-24,2054.1,1534.39,3588.5,519.71,31.33,BBL,Banking,11487.709999999995
2026-07-27,1883.66,1554.94,3438.59,328.72,31.09,BBL,Banking,11816.429999999995
2026-07-30,1248.73,1716.43,2965.16,-467.7,38.8,BBL,Banking,11348.729999999994
2026-07-31,841.55,1101.85,1943.4,-260.3,41.65,BBL,Banking,11088.429999999995
2026-08-03,760.85,508.32,1269.16,252.53,33.26,BBL,Banking,11340.959999999995
2026-08-04,828.15,475.28,1303.43,352.86,31.59,BBL,Banking,11693.819999999996
2026-08-05,705.42,878.68,1584.1,-173.27,31.37,BBL,Banking,11520.549999999996
2026-08-06,1433.99,726.2,2160.18,707.79,31.18,BBL,Banking,12228.339999999997
2026-08-07,636.08,1013.17,1649.25,-377.1,45.6,BBL,Banking,11851.239999999996
2026-08-10,537.84,1092.03,1629.88,-554.19,30.69,BBL,Banking,11297.049999999996
2026-08-11,252.29,366.63,618.93,-114.34,29.4,BBL,Banking,11182.709999999995
2026-08-13,324.25,363.39,687.64,-39.13,30.62,BBL,Banking,11143.579999999996
2026-08-14,296.61,681.08,977.7,-384.47,32.22,BBL,Banking,10759.109999999997
2026-08-17,349.43,391.32,740.75,-41.88,33.96,BBL,Banking,10717.229999999998
2026-08-18,662.29,1083.85,1746.14,-421.55,35.17,BBL,Banking,10295.679999999998
