date,buy_mb,sell_mb,buy_sell_mb,net_mb,nvdr_pct,symbol,sector,cumulative_net_mb
2020-01-02,25.17,72.39,97.55,-47.22,20.88,BCP,Energy,-47.22
2020-01-03,14.51,27.36,41.87,-12.85,15.41,BCP,Energy,-60.07
2020-01-06,38.46,37.85,76.31,0.61,14.87,BCP,Energy,-59.46
2020-01-07,14.27,109.92,124.19,-95.65,28.99,BCP,Energy,-155.11
2020-01-08,29.38,13.21,42.58,16.17,9.41,BCP,Energy,-138.94
2020-01-09,2.37,17.05,19.42,-14.68,7.73,BCP,Energy,-153.62
2020-01-10,2.09,4.42,6.51,-2.32,4.36,BCP,Energy,-155.94
2020-01-13,8.86,45.58,54.44,-36.72,16.31,BCP,Energy,-192.66
2020-01-14,14.09,29.57,43.66,-15.48,13.08,BCP,Energy,-208.14
2020-01-15,15.98,26.34,42.32,-10.36,17.11,BCP,Energy,-218.5
2020-01-16,4.45,25.09,29.54,-20.64,16.38,BCP,Energy,-239.14
2020-01-17,9.34,12.99,22.32,-3.65,13.11,BCP,Energy,-242.79
2020-01-20,9.68,9.33,19.0,0.35,16.76,BCP,Energy,-242.44
2020-01-21,11.48,9.47,20.95,2.0,12.76,BCP,Energy,-240.44
2020-01-22,14.5,28.12,42.62,-13.62,10.65,BCP,Energy,-254.06
2020-01-23,24.55,22.67,47.22,1.88,17.28,BCP,Energy,-252.18
2020-01-24,3.79,2.81,6.6,0.98,6.37,BCP,Energy,-251.20000000000002
2020-01-27,17.51,25.43,42.94,-7.92,16.36,BCP,Energy,-259.12
2020-01-28,37.36,20.71,58.08,16.65,24.49,BCP,Energy,-242.47
2020-01-29,13.17,27.72,40.89,-14.54,17.28,BCP,Energy,-257.01
2020-01-30,32.47,9.5,41.97,22.98,16.22,BCP,Energy,-234.03
2020-01-31,18.66,14.9,33.56,3.76,24.93,BCP,Energy,-230.27
2020-02-03,6.85,31.25,38.1,-24.41,16.85,BCP,Energy,-254.68
2020-02-04,14.49,19.12,33.61,-4.63,17.52,BCP,Energy,-259.31
2020-02-05,8.53,13.92,22.45,-5.39,22.31,BCP,Energy,-264.7
2020-02-06,22.17,19.64,41.82,2.53,13.03,BCP,Energy,-262.17
2020-02-07,10.0,9.64,19.64,0.36,12.37,BCP,Energy,-261.81
2020-02-11,4.91,12.41,17.32,-7.5,8.31,BCP,Energy,-269.31
2020-02-12,7.8,5.91,13.7,1.89,12.13,BCP,Energy,-267.42
2020-02-13,6.39,13.92,20.31,-7.53,22.52,BCP,Energy,-274.95
2020-02-14,7.69,11.69,19.38,-4.0,20.0,BCP,Energy,-278.95
2020-02-17,10.18,5.98,16.16,4.19,18.17,BCP,Energy,-274.76
2020-02-18,5.79,10.17,15.95,-4.38,14.18,BCP,Energy,-279.14
2020-02-19,20.68,16.23,36.91,4.45,20.28,BCP,Energy,-274.69
2020-02-20,8.89,7.7,16.58,1.19,10.42,BCP,Energy,-273.5
2020-02-21,55.94,11.88,67.81,44.06,32.4,BCP,Energy,-229.44
2020-02-24,14.89,51.01,65.9,-36.11,11.74,BCP,Energy,-265.55
2020-02-25,36.09,27.52,63.61,8.57,16.33,BCP,Energy,-256.98
2020-02-26,21.27,19.2,40.47,2.07,17.48,BCP,Energy,-254.91000000000003
2020-02-27,20.06,24.99,45.05,-4.92,17.25,BCP,Energy,-259.83000000000004
2020-02-28,26.15,29.99,56.14,-3.84,15.43,BCP,Energy,-263.67
2020-03-02,28.81,39.01,67.82,-10.21,23.64,BCP,Energy,-273.88
2020-03-03,17.86,11.28,29.13,6.58,11.89,BCP,Energy,-267.3
2020-03-04,19.84,19.29,39.13,0.55,25.59,BCP,Energy,-266.75
2020-03-05,22.56,17.11,39.66,5.45,18.93,BCP,Energy,-261.3
2020-03-06,18.32,13.8,32.12,4.52,22.6,BCP,Energy,-256.78000000000003
2020-03-09,22.45,59.9,82.35,-37.46,9.16,BCP,Energy,-294.24
2020-03-10,17.06,73.55,90.6,-56.49,29.73,BCP,Energy,-350.73
2020-03-11,28.29,18.16,46.44,10.13,34.79,BCP,Energy,-340.6
2020-03-12,16.17,16.75,32.91,-0.58,26.79,BCP,Energy,-341.18
2020-03-13,13.23,26.99,40.22,-13.76,28.51,BCP,Energy,-354.94
2020-03-16,24.03,14.86,38.89,9.18,31.39,BCP,Energy,-345.76
2020-03-17,12.17,10.85,23.03,1.32,23.18,BCP,Energy,-344.44
2020-03-18,29.8,13.09,42.89,16.71,19.73,BCP,Energy,-327.73
2020-03-19,9.01,9.7,18.71,-0.68,32.96,BCP,Energy,-328.41
2020-03-20,24.8,15.94,40.74,8.86,19.38,BCP,Energy,-319.55
2020-03-23,13.47,10.0,23.47,3.48,12.31,BCP,Energy,-316.07
2020-03-24,7.39,8.06,15.45,-0.68,18.78,BCP,Energy,-316.75
2020-03-25,16.14,6.79,22.93,9.36,24.07,BCP,Energy,-307.39
2020-03-26,18.87,11.06,29.93,7.8,28.66,BCP,Energy,-299.59
2020-03-27,5.56,6.83,12.38,-1.27,15.41,BCP,Energy,-300.85999999999996
2020-03-30,3.72,0.64,4.35,3.08,17.48,BCP,Energy,-297.78
2020-03-31,12.43,6.87,19.3,5.56,24.54,BCP,Energy,-292.21999999999997
2020-04-01,6.14,3.35,9.49,2.79,15.37,BCP,Energy,-289.42999999999995
2020-04-02,11.76,13.76,25.52,-2.0,11.73,BCP,Energy,-291.42999999999995
2020-04-03,16.21,17.87,34.09,-1.66,14.62,BCP,Energy,-293.09
2020-04-07,12.4,16.68,29.08,-4.28,22.8,BCP,Energy,-297.36999999999995
2020-04-08,5.79,19.09,24.89,-13.3,22.77,BCP,Energy,-310.66999999999996
2020-04-09,12.87,13.42,26.28,-0.55,23.9,BCP,Energy,-311.21999999999997
2020-04-10,13.42,6.78,20.2,6.64,21.41,BCP,Energy,-304.58
2020-04-13,2.66,5.5,8.16,-2.85,20.78,BCP,Energy,-307.43
2020-04-14,30.69,27.15,57.83,3.54,13.88,BCP,Energy,-303.89
2020-04-15,4.69,23.41,28.11,-18.72,11.93,BCP,Energy,-322.61
2020-04-16,6.51,19.35,25.86,-12.85,22.12,BCP,Energy,-335.46000000000004
2020-04-17,8.1,5.81,13.91,2.28,15.28,BCP,Energy,-333.18000000000006
2020-04-20,17.4,7.84,25.24,9.55,15.93,BCP,Energy,-323.63000000000005
2020-04-21,11.27,9.71,20.99,1.56,13.52,BCP,Energy,-322.07000000000005
2020-04-22,15.46,10.17,25.63,5.29,12.2,BCP,Energy,-316.78000000000003
2020-04-23,16.03,3.73,19.76,12.3,26.18,BCP,Energy,-304.48
2020-04-24,17.78,3.96,21.74,13.82,25.35,BCP,Energy,-290.66
2020-04-27,8.69,1.79,10.47,6.9,17.13,BCP,Energy,-283.76000000000005
2020-04-28,5.98,10.03,16.01,-4.05,18.17,BCP,Energy,-287.81000000000006
2020-04-29,2.74,3.75,6.49,-1.01,25.59,BCP,Energy,-288.82000000000005
2020-04-30,22.5,5.41,27.9,17.09,14.47,BCP,Energy,-271.7300000000001
2020-05-05,17.14,7.48,24.63,9.66,18.59,BCP,Energy,-262.07000000000005
2020-05-07,12.13,16.67,28.81,-4.54,18.11,BCP,Energy,-266.61000000000007
2020-05-08,6.92,9.87,16.79,-2.95,16.67,BCP,Energy,-269.56000000000006
2020-05-11,11.53,10.5,22.03,1.03,16.0,BCP,Energy,-268.5300000000001
2020-05-12,28.6,10.58,39.18,18.01,17.57,BCP,Energy,-250.5200000000001
2020-05-13,11.8,24.8,36.6,-12.99,16.07,BCP,Energy,-263.5100000000001
2020-05-14,3.75,7.82,11.56,-4.07,12.52,BCP,Energy,-267.5800000000001
2020-05-15,11.32,10.07,21.39,1.25,16.51,BCP,Energy,-266.3300000000001
2020-05-18,48.61,25.23,73.83,23.38,14.95,BCP,Energy,-242.9500000000001
2020-05-19,16.52,32.17,48.69,-15.64,8.65,BCP,Energy,-258.5900000000001
2020-05-20,2.02,18.53,20.55,-16.51,14.2,BCP,Energy,-275.1000000000001
2020-05-21,5.04,15.92,20.96,-10.88,16.79,BCP,Energy,-285.9800000000001
2020-05-22,4.75,10.52,15.27,-5.77,12.67,BCP,Energy,-291.75000000000006
2020-05-25,48.8,3.93,52.73,44.87,26.36,BCP,Energy,-246.88000000000005
2020-05-26,11.89,2.78,14.68,9.11,11.52,BCP,Energy,-237.77000000000004
2020-05-27,3.71,8.32,12.03,-4.62,16.35,BCP,Energy,-242.39000000000004
2020-05-28,23.69,29.08,52.77,-5.39,7.69,BCP,Energy,-247.78000000000003
2020-05-29,3.92,39.11,43.03,-35.19,20.66,BCP,Energy,-282.97
2020-06-01,4.96,19.03,23.99,-14.06,14.9,BCP,Energy,-297.03000000000003
2020-06-02,12.77,14.24,27.01,-1.47,15.34,BCP,Energy,-298.50000000000006
2020-06-04,18.59,21.9,40.49,-3.31,16.1,BCP,Energy,-301.81000000000006
2020-06-05,35.94,17.75,53.69,18.19,15.85,BCP,Energy,-283.62000000000006
2020-06-08,17.04,26.78,43.82,-9.74,14.28,BCP,Energy,-293.36000000000007
2020-06-09,34.52,15.0,49.52,19.52,15.93,BCP,Energy,-273.8400000000001
2020-06-10,19.45,15.91,35.36,3.55,28.4,BCP,Energy,-270.2900000000001
2020-06-11,8.22,10.41,18.63,-2.19,12.21,BCP,Energy,-272.4800000000001
2020-06-12,26.75,9.05,35.8,17.7,20.88,BCP,Energy,-254.7800000000001
2020-06-15,18.91,13.72,32.62,5.19,29.03,BCP,Energy,-249.5900000000001
2020-06-16,14.71,13.93,28.64,0.78,20.78,BCP,Energy,-248.8100000000001
2020-06-17,9.45,6.19,15.64,3.26,17.3,BCP,Energy,-245.5500000000001
2020-06-18,6.02,7.03,13.05,-1.01,26.01,BCP,Energy,-246.5600000000001
2020-06-19,8.38,4.7,13.08,3.68,20.26,BCP,Energy,-242.88000000000008
2020-06-22,4.09,5.23,9.32,-1.13,24.04,BCP,Energy,-244.01000000000008
2020-06-23,2.3,3.88,6.19,-1.58,19.96,BCP,Energy,-245.5900000000001
2020-06-24,1.34,11.12,12.46,-9.78,19.63,BCP,Energy,-255.3700000000001
2020-06-25,6.98,9.32,16.29,-2.34,12.85,BCP,Energy,-257.7100000000001
2020-06-26,6.54,14.93,21.47,-8.4,19.54,BCP,Energy,-266.11000000000007
2020-06-29,3.52,8.22,11.74,-4.7,26.21,BCP,Energy,-270.81000000000006
2020-06-30,8.72,5.38,14.1,3.34,12.65,BCP,Energy,-267.4700000000001
2020-07-01,8.03,8.22,16.26,-0.19,18.9,BCP,Energy,-267.6600000000001
2020-07-02,5.73,7.49,13.21,-1.76,21.18,BCP,Energy,-269.4200000000001
2020-07-03,2.29,5.74,8.03,-3.46,8.81,BCP,Energy,-272.88000000000005
2020-07-07,7.11,11.48,18.58,-4.37,14.53,BCP,Energy,-277.25000000000006
2020-07-08,2.96,9.38,12.34,-6.42,17.18,BCP,Energy,-283.6700000000001
2020-07-09,22.96,14.14,37.1,8.83,31.14,BCP,Energy,-274.8400000000001
2020-07-10,5.71,13.47,19.18,-7.76,14.59,BCP,Energy,-282.6000000000001
2020-07-13,8.86,12.76,21.62,-3.9,15.72,BCP,Energy,-286.50000000000006
2020-07-14,9.0,4.23,13.23,4.77,15.2,BCP,Energy,-281.7300000000001
2020-07-15,13.88,3.01,16.89,10.88,17.41,BCP,Energy,-270.8500000000001
2020-07-16,9.93,8.09,18.02,1.84,12.16,BCP,Energy,-269.0100000000001
2020-07-17,4.08,5.02,9.09,-0.94,15.21,BCP,Energy,-269.9500000000001
2020-07-20,40.3,12.2,52.5,28.09,25.42,BCP,Energy,-241.8600000000001
2020-07-21,28.5,7.31,35.81,21.2,14.29,BCP,Energy,-220.6600000000001
2020-07-22,4.03,13.92,17.95,-9.89,17.5,BCP,Energy,-230.55000000000013
2020-07-23,4.5,5.43,9.94,-0.93,24.22,BCP,Energy,-231.48000000000013
2020-07-24,2.52,2.39,4.92,0.13,6.54,BCP,Energy,-231.35000000000014
2020-07-29,5.81,10.88,16.69,-5.07,36.66,BCP,Energy,-236.42000000000013
2020-07-30,9.79,8.55,18.34,1.24,12.87,BCP,Energy,-235.18000000000012
2020-07-31,17.01,6.06,23.07,10.95,22.16,BCP,Energy,-224.23000000000013
2020-08-03,3.38,5.87,9.25,-2.49,21.55,BCP,Energy,-226.72000000000014
2020-08-04,11.58,15.52,27.11,-3.94,22.25,BCP,Energy,-230.66000000000014
2020-08-05,5.77,4.4,10.17,1.38,8.67,BCP,Energy,-229.28000000000014
2020-08-06,21.64,13.9,35.55,7.74,20.23,BCP,Energy,-221.54000000000013
2020-08-07,5.17,8.25,13.42,-3.08,23.15,BCP,Energy,-224.62000000000015
2020-08-10,0.9,2.58,3.49,-1.68,17.04,BCP,Energy,-226.30000000000015
2020-08-11,2.38,10.84,13.22,-8.46,17.47,BCP,Energy,-234.76000000000016
2020-08-13,5.66,9.29,14.95,-3.62,25.04,BCP,Energy,-238.38000000000017
2020-08-14,2.35,5.39,7.75,-3.04,17.39,BCP,Energy,-241.42000000000016
2020-08-17,1.98,6.28,8.26,-4.29,26.55,BCP,Energy,-245.71000000000015
2020-08-18,6.48,10.89,17.37,-4.41,20.72,BCP,Energy,-250.12000000000015
2020-08-19,1.94,6.75,8.7,-4.81,11.48,BCP,Energy,-254.93000000000015
2020-08-20,2.49,3.28,5.77,-0.78,10.37,BCP,Energy,-255.71000000000015
2020-08-21,7.75,14.71,22.46,-6.96,8.99,BCP,Energy,-262.67000000000013
2020-08-24,5.25,1.77,7.02,3.48,15.69,BCP,Energy,-259.1900000000001
2020-08-25,1.23,7.86,9.09,-6.62,15.28,BCP,Energy,-265.8100000000001
2020-08-26,1.75,3.52,5.27,-1.77,25.31,BCP,Energy,-267.5800000000001
2020-08-27,4.26,6.13,10.39,-1.86,14.89,BCP,Energy,-269.4400000000001
2020-08-28,4.64,5.04,9.69,-0.4,12.3,BCP,Energy,-269.8400000000001
2020-08-31,0.48,5.8,6.28,-5.32,10.98,BCP,Energy,-275.1600000000001
2020-09-01,1.75,5.04,6.79,-3.29,14.63,BCP,Energy,-278.4500000000001
2020-09-02,2.53,2.79,5.32,-0.26,10.28,BCP,Energy,-278.7100000000001
2020-09-03,1.44,5.32,6.76,-3.88,8.38,BCP,Energy,-282.5900000000001
2020-09-08,0.51,5.24,5.76,-4.73,18.74,BCP,Energy,-287.3200000000001
2020-09-09,2.61,3.11,5.73,-0.5,16.09,BCP,Energy,-287.8200000000001
2020-09-10,2.66,2.41,5.08,0.25,17.22,BCP,Energy,-287.5700000000001
2020-09-11,2.96,2.08,5.05,0.88,18.13,BCP,Energy,-286.6900000000001
2020-09-14,6.46,3.57,10.03,2.89,12.46,BCP,Energy,-283.8000000000001
2020-09-15,5.07,2.26,7.33,2.81,22.57,BCP,Energy,-280.9900000000001
2020-09-16,1.55,1.84,3.39,-0.29,14.08,BCP,Energy,-281.28000000000014
2020-09-17,1.16,1.56,2.72,-0.4,10.9,BCP,Energy,-281.6800000000001
2020-09-18,1.18,3.65,4.83,-2.47,27.29,BCP,Energy,-284.15000000000015
2020-09-21,2.66,3.74,6.4,-1.08,13.79,BCP,Energy,-285.23000000000013
2020-09-22,1.93,7.24,9.16,-5.31,19.49,BCP,Energy,-290.54000000000013
2020-09-23,0.74,5.34,6.08,-4.6,19.65,BCP,Energy,-295.14000000000016
2020-09-24,3.05,5.38,8.42,-2.33,16.11,BCP,Energy,-297.47000000000014
2020-09-25,3.07,1.96,5.03,1.11,15.45,BCP,Energy,-296.3600000000001
2020-09-28,3.64,2.21,5.84,1.43,14.24,BCP,Energy,-294.9300000000001
2020-09-29,2.17,2.82,5.0,-0.65,11.94,BCP,Energy,-295.5800000000001
2020-09-30,3.76,3.05,6.81,0.7,12.67,BCP,Energy,-294.8800000000001
2020-10-01,8.25,2.78,11.03,5.47,15.57,BCP,Energy,-289.4100000000001
2020-10-02,6.45,2.8,9.25,3.64,11.33,BCP,Energy,-285.7700000000001
2020-10-05,5.32,1.56,6.88,3.76,21.05,BCP,Energy,-282.0100000000001
2020-10-06,27.9,6.76,34.66,21.15,22.74,BCP,Energy,-260.8600000000001
2020-10-07,5.47,10.24,15.71,-4.77,22.59,BCP,Energy,-265.6300000000001
2020-10-08,5.92,3.1,9.02,2.82,14.9,BCP,Energy,-262.8100000000001
2020-10-09,6.15,5.16,11.31,0.98,16.29,BCP,Energy,-261.8300000000001
2020-10-12,5.03,1.64,6.66,3.39,21.94,BCP,Energy,-258.4400000000001
2020-10-14,4.99,7.39,12.38,-2.4,12.62,BCP,Energy,-260.8400000000001
2020-10-15,9.73,2.89,12.62,6.85,13.5,BCP,Energy,-253.9900000000001
2020-10-16,3.78,3.18,6.96,0.59,13.1,BCP,Energy,-253.4000000000001
2020-10-19,3.52,5.87,9.39,-2.35,8.38,BCP,Energy,-255.75000000000009
2020-10-20,1.76,11.36,13.12,-9.6,17.99,BCP,Energy,-265.3500000000001
2020-10-21,6.46,1.83,8.28,4.63,8.97,BCP,Energy,-260.7200000000001
2020-10-22,18.86,23.56,42.43,-4.7,31.31,BCP,Energy,-265.4200000000001
2020-10-26,6.93,3.85,10.77,3.08,14.71,BCP,Energy,-262.3400000000001
2020-10-27,6.18,7.85,14.03,-1.67,18.08,BCP,Energy,-264.0100000000001
2020-10-28,5.92,6.19,12.11,-0.27,16.4,BCP,Energy,-264.2800000000001
2020-10-29,2.73,1.75,4.48,0.97,12.41,BCP,Energy,-263.31000000000006
2020-10-30,3.06,7.53,10.59,-4.47,16.52,BCP,Energy,-267.7800000000001
2020-11-02,5.12,3.17,8.29,1.95,21.94,BCP,Energy,-265.8300000000001
2020-11-03,8.41,1.8,10.21,6.61,10.87,BCP,Energy,-259.2200000000001
2020-11-04,3.78,5.32,9.1,-1.54,12.9,BCP,Energy,-260.7600000000001
2020-11-05,12.4,3.56,15.95,8.84,18.8,BCP,Energy,-251.9200000000001
2020-11-06,12.81,6.96,19.77,5.84,18.37,BCP,Energy,-246.0800000000001
2020-11-09,18.48,6.03,24.51,12.46,20.76,BCP,Energy,-233.6200000000001
2020-11-10,24.43,12.37,36.8,12.06,12.8,BCP,Energy,-221.5600000000001
2020-11-11,12.82,16.42,29.24,-3.6,13.79,BCP,Energy,-225.16000000000008
2020-11-12,8.31,6.55,14.86,1.76,12.61,BCP,Energy,-223.4000000000001
2020-11-13,8.62,10.17,18.8,-1.55,14.0,BCP,Energy,-224.9500000000001
2020-11-16,11.81,15.37,27.18,-3.55,17.09,BCP,Energy,-228.5000000000001
2020-11-17,16.8,17.34,34.14,-0.54,15.84,BCP,Energy,-229.0400000000001
2020-11-18,13.01,6.6,19.62,6.41,23.02,BCP,Energy,-222.6300000000001
2020-11-19,7.55,8.34,15.88,-0.79,18.39,BCP,Energy,-223.4200000000001
2020-11-20,3.21,17.27,20.48,-14.05,14.75,BCP,Energy,-237.4700000000001
2020-11-23,15.32,11.23,26.55,4.08,21.81,BCP,Energy,-233.3900000000001
2020-11-24,21.38,32.73,54.11,-11.36,32.2,BCP,Energy,-244.7500000000001
2020-11-25,57.53,24.89,82.42,32.64,19.49,BCP,Energy,-212.11000000000013
2020-11-26,7.57,36.22,43.79,-28.65,27.66,BCP,Energy,-240.76000000000013
2020-11-27,10.63,14.48,25.1,-3.85,17.28,BCP,Energy,-244.61000000000013
2020-11-30,49.7,19.68,69.37,30.02,27.98,BCP,Energy,-214.59000000000012
2020-12-01,16.23,7.96,24.19,8.28,18.18,BCP,Energy,-206.31000000000012
2020-12-02,12.73,8.09,20.82,4.64,13.88,BCP,Energy,-201.67000000000013
2020-12-03,14.91,9.77,24.68,5.14,10.44,BCP,Energy,-196.53000000000014
2020-12-04,29.93,31.17,61.1,-1.23,16.49,BCP,Energy,-197.76000000000013
2020-12-08,29.05,27.14,56.2,1.91,19.92,BCP,Energy,-195.85000000000014
2020-12-09,39.0,42.61,81.61,-3.61,19.58,BCP,Energy,-199.46000000000015
2020-12-14,12.78,25.77,38.56,-12.99,25.91,BCP,Energy,-212.45000000000016
2020-12-15,16.54,31.07,47.61,-14.53,16.04,BCP,Energy,-226.98000000000016
2020-12-16,13.53,19.12,32.64,-5.59,19.42,BCP,Energy,-232.57000000000016
2020-12-17,5.45,16.51,21.96,-11.06,27.36,BCP,Energy,-243.63000000000017
2020-12-18,25.56,17.27,42.83,8.29,26.69,BCP,Energy,-235.34000000000017
2020-12-21,44.72,21.89,66.61,22.82,17.39,BCP,Energy,-212.52000000000018
2020-12-22,35.4,21.3,56.7,14.1,24.36,BCP,Energy,-198.4200000000002
2020-12-23,23.29,18.06,41.35,5.23,30.6,BCP,Energy,-193.1900000000002
2020-12-24,11.58,17.04,28.62,-5.46,22.74,BCP,Energy,-198.6500000000002
2020-12-25,12.1,2.14,14.24,9.96,16.85,BCP,Energy,-188.6900000000002
2020-12-28,6.99,19.28,26.27,-12.29,23.87,BCP,Energy,-200.9800000000002
2020-12-29,9.73,12.51,22.24,-2.78,21.37,BCP,Energy,-203.7600000000002
2020-12-30,5.19,19.49,24.68,-14.29,16.35,BCP,Energy,-218.05000000000018
2021-01-04,65.51,42.93,108.44,22.57,15.61,BCP,Energy,-195.4800000000002
2021-01-05,171.2,119.45,290.65,51.75,14.07,BCP,Energy,-143.7300000000002
2021-01-06,66.46,92.3,158.75,-25.84,13.01,BCP,Energy,-169.5700000000002
2021-01-07,89.01,53.0,142.0,36.01,15.67,BCP,Energy,-133.5600000000002
2021-01-08,74.53,48.93,123.47,25.6,14.93,BCP,Energy,-107.9600000000002
2021-01-11,49.38,70.49,119.87,-21.11,16.44,BCP,Energy,-129.07000000000022
2021-01-12,100.79,140.89,241.69,-40.1,18.85,BCP,Energy,-169.17000000000021
2021-01-13,181.39,116.36,297.75,65.03,11.55,BCP,Energy,-104.14000000000021
2021-01-14,25.39,43.62,69.02,-18.23,13.37,BCP,Energy,-122.37000000000022
2021-01-15,30.51,70.22,100.73,-39.7,17.81,BCP,Energy,-162.07000000000022
2021-01-18,56.13,66.8,122.93,-10.67,14.52,BCP,Energy,-172.7400000000002
2021-01-19,32.25,91.01,123.26,-58.76,2.67,BCP,Energy,-231.5000000000002
2021-01-20,33.49,59.68,93.17,-26.19,17.29,BCP,Energy,-257.6900000000002
2021-01-21,30.29,15.25,45.53,15.04,14.06,BCP,Energy,-242.65000000000023
2021-01-22,42.43,46.41,88.84,-3.98,11.49,BCP,Energy,-246.63000000000022
2021-01-25,61.65,23.41,85.06,38.24,16.82,BCP,Energy,-208.3900000000002
2021-01-26,56.3,33.16,89.46,23.13,22.2,BCP,Energy,-185.26000000000022
2021-01-27,12.23,26.6,38.84,-14.37,17.19,BCP,Energy,-199.63000000000022
2021-01-28,56.33,80.93,137.27,-24.6,18.57,BCP,Energy,-224.23000000000022
2021-01-29,112.21,68.05,180.27,44.16,26.4,BCP,Energy,-180.07000000000022
2021-02-01,67.18,75.73,142.92,-8.55,13.05,BCP,Energy,-188.62000000000023
2021-02-02,58.45,130.13,188.58,-71.67,18.28,BCP,Energy,-260.29000000000025
2021-02-03,47.06,72.8,119.86,-25.74,20.6,BCP,Energy,-286.03000000000026
2021-02-04,42.58,37.78,80.36,4.81,21.49,BCP,Energy,-281.22000000000025
2021-02-05,49.3,42.2,91.5,7.09,31.31,BCP,Energy,-274.1300000000003
2021-02-08,35.11,34.11,69.22,1.0,21.9,BCP,Energy,-273.1300000000003
2021-02-09,46.05,33.73,79.78,12.32,11.24,BCP,Energy,-260.8100000000003
2021-02-10,6.85,5.08,11.92,1.77,7.63,BCP,Energy,-259.0400000000003
2021-02-11,23.3,20.02,43.32,3.28,10.0,BCP,Energy,-255.7600000000003
2021-02-15,55.48,71.39,126.87,-15.91,6.66,BCP,Energy,-271.6700000000003
2021-02-16,12.98,37.81,50.79,-24.82,7.37,BCP,Energy,-296.4900000000003
2021-02-17,58.53,95.23,153.76,-36.7,12.9,BCP,Energy,-333.1900000000003
2021-02-18,43.19,71.96,115.16,-28.77,10.86,BCP,Energy,-361.96000000000026
2021-02-19,43.23,87.06,130.29,-43.83,14.12,BCP,Energy,-405.79000000000025
2021-02-22,48.96,30.67,79.62,18.29,16.54,BCP,Energy,-387.5000000000002
2021-02-23,28.04,7.27,35.32,20.77,7.5,BCP,Energy,-366.73000000000025
2021-02-24,6.12,25.91,32.03,-19.79,11.2,BCP,Energy,-386.52000000000027
2021-02-25,29.82,72.33,102.15,-42.51,11.0,BCP,Energy,-429.03000000000026
2021-03-01,18.33,10.46,28.79,7.87,14.79,BCP,Energy,-421.16000000000025
2021-03-02,13.96,23.91,37.87,-9.95,12.34,BCP,Energy,-431.11000000000024
2021-03-03,13.64,4.49,18.13,9.15,7.52,BCP,Energy,-421.96000000000026
2021-03-04,38.68,21.86,60.53,16.82,14.87,BCP,Energy,-405.14000000000027
2021-03-05,48.25,16.91,65.16,31.34,20.24,BCP,Energy,-373.8000000000003
2021-03-08,54.47,28.32,82.8,26.15,16.49,BCP,Energy,-347.6500000000003
2021-03-09,18.56,19.95,38.51,-1.39,11.23,BCP,Energy,-349.0400000000003
2021-03-10,19.55,14.76,34.31,4.79,24.06,BCP,Energy,-344.2500000000003
2021-03-11,23.54,34.6,58.14,-11.05,23.33,BCP,Energy,-355.3000000000003
2021-03-12,41.48,30.76,72.23,10.72,18.51,BCP,Energy,-344.58000000000027
2021-03-15,28.06,32.48,60.54,-4.42,28.81,BCP,Energy,-349.0000000000003
2021-03-16,7.19,23.79,30.97,-16.6,25.63,BCP,Energy,-365.6000000000003
2021-03-17,28.27,18.69,46.96,9.57,15.16,BCP,Energy,-356.0300000000003
2021-03-18,24.42,24.43,48.85,-0.02,18.8,BCP,Energy,-356.0500000000003
2021-03-19,79.19,54.78,133.98,24.41,30.83,BCP,Energy,-331.64000000000027
2021-03-22,32.41,25.04,57.45,7.37,20.0,BCP,Energy,-324.27000000000027
2021-03-23,9.99,17.27,27.26,-7.28,19.19,BCP,Energy,-331.55000000000024
2021-03-24,16.99,13.21,30.21,3.78,16.01,BCP,Energy,-327.77000000000027
2021-03-25,38.71,11.6,50.31,27.11,16.23,BCP,Energy,-300.66000000000025
2021-03-26,24.92,16.26,41.18,8.67,15.74,BCP,Energy,-291.99000000000024
2021-03-29,25.26,28.45,53.71,-3.19,21.6,BCP,Energy,-295.18000000000023
2021-03-30,12.32,18.92,31.23,-6.6,14.67,BCP,Energy,-301.78000000000026
2021-03-31,40.72,20.06,60.78,20.66,14.75,BCP,Energy,-281.12000000000023
2021-04-01,12.99,15.88,28.86,-2.89,13.97,BCP,Energy,-284.0100000000002
2021-04-02,6.5,34.08,40.58,-27.59,22.15,BCP,Energy,-311.6000000000002
2021-04-05,21.66,31.36,53.02,-9.69,21.88,BCP,Energy,-321.2900000000002
2021-04-07,35.61,15.64,51.25,19.97,28.62,BCP,Energy,-301.32000000000016
2021-04-08,72.82,44.37,117.19,28.45,31.62,BCP,Energy,-272.8700000000002
2021-04-09,60.73,18.78,79.5,41.95,31.76,BCP,Energy,-230.9200000000002
2021-04-12,78.92,46.75,125.66,32.17,25.39,BCP,Energy,-198.75000000000017
2021-04-16,76.81,21.78,98.58,55.03,31.67,BCP,Energy,-143.72000000000017
2021-04-19,11.69,35.62,47.31,-23.92,22.27,BCP,Energy,-167.64000000000016
2021-04-20,10.4,9.67,20.07,0.73,14.71,BCP,Energy,-166.91000000000017
2021-04-21,21.11,23.41,44.51,-2.3,26.74,BCP,Energy,-169.21000000000018
2021-04-22,19.36,39.84,59.2,-20.47,23.6,BCP,Energy,-189.68000000000018
2021-04-23,20.03,21.08,41.11,-1.05,22.35,BCP,Energy,-190.7300000000002
2021-04-26,30.94,16.4,47.35,14.54,30.44,BCP,Energy,-176.1900000000002
2021-04-27,47.73,9.88,57.61,37.85,27.14,BCP,Energy,-138.3400000000002
2021-04-28,31.68,11.67,43.36,20.01,15.53,BCP,Energy,-118.3300000000002
2021-04-29,45.75,21.87,67.62,23.88,25.62,BCP,Energy,-94.4500000000002
2021-04-30,51.01,15.45,66.46,35.56,28.3,BCP,Energy,-58.8900000000002
2021-05-05,32.55,48.74,81.3,-16.19,26.59,BCP,Energy,-75.0800000000002
2021-05-06,31.21,4.87,36.07,26.34,32.05,BCP,Energy,-48.740000000000194
2021-05-07,39.39,20.34,59.72,19.05,27.86,BCP,Energy,-29.690000000000193
2021-05-10,37.06,13.37,50.43,23.69,18.9,BCP,Energy,-6.000000000000192
2021-05-11,31.34,60.91,92.25,-29.57,22.08,BCP,Energy,-35.57000000000019
2021-05-12,21.95,39.86,61.81,-17.92,25.8,BCP,Energy,-53.490000000000194
2021-05-13,56.6,80.63,137.23,-24.03,28.51,BCP,Energy,-77.5200000000002
2021-05-14,56.55,89.61,146.16,-33.05,29.74,BCP,Energy,-110.57000000000019
2021-05-17,59.65,44.71,104.35,14.94,36.65,BCP,Energy,-95.6300000000002
2021-05-18,155.61,47.03,202.64,108.58,23.85,BCP,Energy,12.949999999999804
2021-05-19,15.54,21.94,37.48,-6.4,20.77,BCP,Energy,6.5499999999998035
2021-05-20,20.01,18.91,38.92,1.11,27.79,BCP,Energy,7.659999999999804
2021-05-21,12.78,29.91,42.7,-17.13,31.44,BCP,Energy,-9.470000000000194
2021-05-24,5.42,10.36,15.78,-4.94,22.22,BCP,Energy,-14.410000000000196
2021-05-25,6.8,11.93,18.74,-5.13,12.74,BCP,Energy,-19.540000000000195
2021-05-27,14.73,16.81,31.53,-2.08,18.91,BCP,Energy,-21.620000000000196
2021-05-28,21.38,10.0,31.38,11.37,19.69,BCP,Energy,-10.250000000000197
2021-05-31,7.58,12.5,20.09,-4.92,24.95,BCP,Energy,-15.170000000000197
2021-06-01,41.67,22.39,64.06,19.28,16.75,BCP,Energy,4.109999999999804
2021-06-02,27.56,39.02,66.59,-11.46,21.07,BCP,Energy,-7.350000000000197
2021-06-04,28.8,24.25,53.05,4.55,23.95,BCP,Energy,-2.800000000000197
2021-06-07,57.56,44.09,101.65,13.47,21.62,BCP,Energy,10.669999999999803
2021-06-08,14.17,51.05,65.21,-36.88,18.57,BCP,Energy,-26.2100000000002
2021-06-09,15.72,35.85,51.57,-20.12,23.1,BCP,Energy,-46.3300000000002
2021-06-10,19.81,20.82,40.64,-1.01,24.65,BCP,Energy,-47.340000000000195
2021-06-11,14.07,11.99,26.06,2.09,19.32,BCP,Energy,-45.2500000000002
2021-06-14,9.45,9.84,19.29,-0.39,16.26,BCP,Energy,-45.6400000000002
2021-06-15,21.71,28.34,50.05,-6.63,26.65,BCP,Energy,-52.2700000000002
2021-06-16,20.0,18.63,38.62,1.37,26.96,BCP,Energy,-50.900000000000205
2021-06-17,11.66,18.93,30.58,-7.27,20.96,BCP,Energy,-58.1700000000002
2021-06-18,25.97,42.82,68.79,-16.85,29.49,BCP,Energy,-75.02000000000021
2021-06-21,8.0,41.92,49.92,-33.92,18.54,BCP,Energy,-108.94000000000021
2021-06-22,7.43,20.27,27.7,-12.84,16.33,BCP,Energy,-121.78000000000021
2021-06-23,7.55,17.52,25.07,-9.97,24.13,BCP,Energy,-131.75000000000023
2021-06-24,32.3,28.07,60.37,4.23,24.75,BCP,Energy,-127.52000000000022
2021-06-25,5.63,6.78,12.41,-1.15,24.04,BCP,Energy,-128.67000000000021
2021-06-28,4.87,11.21,16.09,-6.34,22.97,BCP,Energy,-135.01000000000022
2021-06-29,14.23,8.68,22.91,5.55,24.53,BCP,Energy,-129.4600000000002
2021-06-30,23.95,15.87,39.81,8.08,19.67,BCP,Energy,-121.38000000000021
2021-07-01,14.87,9.88,24.76,4.99,10.93,BCP,Energy,-116.39000000000021
2021-07-02,16.65,14.15,30.81,2.5,18.99,BCP,Energy,-113.89000000000021
2021-07-05,23.92,9.37,33.29,14.56,18.35,BCP,Energy,-99.33000000000021
2021-07-06,10.24,10.86,21.1,-0.62,20.45,BCP,Energy,-99.95000000000022
2021-07-07,18.5,35.52,54.02,-17.02,23.54,BCP,Energy,-116.97000000000021
2021-07-08,15.07,46.06,61.13,-30.99,21.29,BCP,Energy,-147.9600000000002
2021-07-09,16.62,21.23,37.84,-4.61,25.09,BCP,Energy,-152.57000000000022
2021-07-12,11.91,27.6,39.51,-15.69,26.3,BCP,Energy,-168.26000000000022
2021-07-13,16.2,11.7,27.9,4.49,27.42,BCP,Energy,-163.7700000000002
2021-07-14,9.41,37.43,46.84,-28.02,33.64,BCP,Energy,-191.79000000000022
2021-07-15,19.25,9.36,28.61,9.89,16.17,BCP,Energy,-181.9000000000002
2021-07-16,15.34,9.5,24.84,5.83,23.86,BCP,Energy,-176.0700000000002
2021-07-19,2.74,26.29,29.02,-23.55,27.53,BCP,Energy,-199.6200000000002
2021-07-20,22.03,52.5,74.53,-30.47,19.93,BCP,Energy,-230.0900000000002
2021-07-21,33.79,20.32,54.11,13.47,23.05,BCP,Energy,-216.6200000000002
2021-07-22,27.63,8.04,35.67,19.59,29.91,BCP,Energy,-197.0300000000002
2021-07-23,30.78,21.27,52.05,9.5,28.24,BCP,Energy,-187.5300000000002
2021-07-27,15.68,26.74,42.42,-11.06,35.76,BCP,Energy,-198.5900000000002
2021-07-29,18.63,14.42,33.05,4.21,29.32,BCP,Energy,-194.3800000000002
2021-07-30,15.91,35.54,51.44,-19.63,27.82,BCP,Energy,-214.0100000000002
2021-08-02,19.64,10.21,29.85,9.42,20.04,BCP,Energy,-204.5900000000002
2021-08-03,16.14,25.71,41.85,-9.56,25.45,BCP,Energy,-214.1500000000002
2021-08-04,7.48,16.62,24.1,-9.14,22.08,BCP,Energy,-223.2900000000002
2021-08-05,5.8,20.74,26.53,-14.94,28.94,BCP,Energy,-238.2300000000002
2021-08-06,7.95,13.35,21.3,-5.4,26.53,BCP,Energy,-243.6300000000002
2021-08-09,17.02,16.19,33.21,0.83,14.98,BCP,Energy,-242.80000000000018
2021-08-10,28.49,12.11,40.61,16.38,29.59,BCP,Energy,-226.4200000000002
2021-08-11,22.53,16.9,39.43,5.63,21.31,BCP,Energy,-220.7900000000002
2021-08-13,63.94,12.39,76.34,51.55,32.4,BCP,Energy,-169.24000000000018
2021-08-16,48.57,11.87,60.44,36.71,33.39,BCP,Energy,-132.53000000000017
2021-08-17,12.04,10.13,22.17,1.91,26.39,BCP,Energy,-130.62000000000018
2021-08-18,25.26,20.41,45.67,4.85,27.18,BCP,Energy,-125.77000000000018
2021-08-19,13.92,33.98,47.91,-20.06,23.67,BCP,Energy,-145.83000000000018
2021-08-20,15.34,15.63,30.97,-0.29,18.6,BCP,Energy,-146.12000000000018
2021-08-23,88.35,10.58,98.93,77.78,26.34,BCP,Energy,-68.34000000000017
2021-08-24,62.44,31.07,93.51,31.36,23.45,BCP,Energy,-36.980000000000175
2021-08-25,24.11,25.18,49.29,-1.07,22.57,BCP,Energy,-38.050000000000175
2021-08-26,14.92,16.19,31.11,-1.26,20.57,BCP,Energy,-39.31000000000017
2021-08-27,80.06,29.79,109.85,50.27,16.75,BCP,Energy,10.95999999999983
2021-08-30,43.3,20.54,63.84,22.76,12.26,BCP,Energy,33.71999999999983
2021-08-31,25.12,8.85,33.96,16.27,11.79,BCP,Energy,49.989999999999824
2021-09-01,43.93,64.22,108.15,-20.29,28.91,BCP,Energy,29.699999999999825
2021-09-02,22.05,9.72,31.77,12.33,20.57,BCP,Energy,42.02999999999982
2021-09-03,23.17,15.12,38.29,8.05,14.99,BCP,Energy,50.07999999999983
2021-09-06,76.04,40.11,116.15,35.94,20.36,BCP,Energy,86.01999999999983
2021-09-07,38.89,79.82,118.71,-40.93,13.31,BCP,Energy,45.089999999999826
2021-09-08,29.92,61.56,91.48,-31.65,20.82,BCP,Energy,13.439999999999827
2021-09-09,11.39,39.1,50.5,-27.71,15.3,BCP,Energy,-14.270000000000174
2021-09-10,9.74,12.22,21.96,-2.49,29.25,BCP,Energy,-16.760000000000176
2021-09-13,19.86,7.35,27.21,12.51,22.95,BCP,Energy,-4.250000000000176
2021-09-14,26.73,11.03,37.77,15.7,27.46,BCP,Energy,11.449999999999823
2021-09-15,17.97,23.3,41.27,-5.33,26.3,BCP,Energy,6.119999999999823
2021-09-16,9.22,7.22,16.44,2.0,23.16,BCP,Energy,8.119999999999823
2021-09-17,60.68,28.43,89.11,32.25,38.16,BCP,Energy,40.36999999999982
2021-09-20,71.18,14.59,85.77,56.59,25.19,BCP,Energy,96.95999999999982
2021-09-21,47.99,9.0,57.0,38.99,18.97,BCP,Energy,135.94999999999982
2021-09-22,23.39,12.42,35.8,10.97,22.83,BCP,Energy,146.91999999999982
2021-09-23,32.15,20.21,52.36,11.94,26.7,BCP,Energy,158.85999999999981
2021-09-27,54.99,31.52,86.5,23.47,17.6,BCP,Energy,182.3299999999998
2021-09-28,27.63,14.29,41.92,13.35,9.71,BCP,Energy,195.6799999999998
2021-09-29,30.42,16.8,47.22,13.62,21.46,BCP,Energy,209.2999999999998
2021-09-30,22.75,13.5,36.25,9.25,23.88,BCP,Energy,218.5499999999998
2021-10-01,38.35,14.24,52.59,24.11,17.96,BCP,Energy,242.6599999999998
2021-10-04,19.84,7.76,27.59,12.08,24.19,BCP,Energy,254.7399999999998
2021-10-05,50.57,29.44,80.01,21.14,15.07,BCP,Energy,275.8799999999998
2021-10-06,25.94,27.25,53.19,-1.3,19.76,BCP,Energy,274.5799999999998
2021-10-07,12.92,69.03,81.95,-56.11,28.05,BCP,Energy,218.4699999999998
2021-10-08,31.25,37.68,68.94,-6.43,19.33,BCP,Energy,212.0399999999998
2021-10-11,48.2,27.42,75.61,20.78,16.42,BCP,Energy,232.8199999999998
2021-10-12,17.45,20.03,37.48,-2.59,19.04,BCP,Energy,230.2299999999998
2021-10-14,26.37,21.16,47.52,5.21,24.43,BCP,Energy,235.4399999999998
2021-10-15,16.8,38.28,55.08,-21.48,18.7,BCP,Energy,213.9599999999998
2021-10-18,39.19,24.91,64.1,14.28,14.69,BCP,Energy,228.2399999999998
2021-10-19,15.3,46.8,62.1,-31.5,20.1,BCP,Energy,196.7399999999998
2021-10-20,27.04,41.0,68.04,-13.96,8.07,BCP,Energy,182.7799999999998
2021-10-21,74.35,76.15,150.5,-1.8,21.25,BCP,Energy,180.9799999999998
2021-10-25,36.79,71.72,108.5,-34.93,23.86,BCP,Energy,146.04999999999978
2021-10-26,23.89,31.42,55.31,-7.53,26.63,BCP,Energy,138.51999999999978
2021-10-27,5.7,14.02,19.72,-8.32,17.43,BCP,Energy,130.1999999999998
2021-10-28,8.76,11.12,19.88,-2.35,17.48,BCP,Energy,127.8499999999998
2021-10-29,18.44,23.96,42.4,-5.52,25.78,BCP,Energy,122.3299999999998
2021-11-01,32.97,24.0,56.97,8.97,19.03,BCP,Energy,131.2999999999998
2021-11-02,27.18,9.82,37.0,17.36,16.03,BCP,Energy,148.6599999999998
2021-11-03,32.62,21.13,53.75,11.5,19.78,BCP,Energy,160.1599999999998
2021-11-04,8.19,15.5,23.69,-7.31,17.71,BCP,Energy,152.8499999999998
2021-11-05,37.94,33.02,70.96,4.92,16.47,BCP,Energy,157.76999999999978
2021-11-08,22.2,19.25,41.46,2.95,15.07,BCP,Energy,160.71999999999977
2021-11-09,13.66,7.8,21.45,5.86,19.1,BCP,Energy,166.57999999999979
2021-11-10,8.34,10.5,18.83,-2.16,18.04,BCP,Energy,164.4199999999998
2021-11-11,21.89,54.71,76.6,-32.82,25.53,BCP,Energy,131.5999999999998
2021-11-12,5.86,17.98,23.84,-12.13,15.93,BCP,Energy,119.4699999999998
2021-11-15,3.96,7.08,11.04,-3.12,21.78,BCP,Energy,116.3499999999998
2021-11-16,7.89,25.3,33.19,-17.4,12.69,BCP,Energy,98.94999999999979
2021-11-17,20.09,12.57,32.66,7.51,17.14,BCP,Energy,106.4599999999998
2021-11-18,23.79,16.25,40.03,7.54,13.58,BCP,Energy,113.9999999999998
2021-11-19,11.52,9.78,21.3,1.74,13.17,BCP,Energy,115.7399999999998
2021-11-22,35.71,32.37,68.08,3.34,14.07,BCP,Energy,119.0799999999998
2021-11-23,31.05,9.31,40.36,21.74,18.67,BCP,Energy,140.8199999999998
2021-11-24,30.08,16.77,46.85,13.31,17.14,BCP,Energy,154.1299999999998
2021-11-25,7.02,10.92,17.94,-3.9,14.65,BCP,Energy,150.2299999999998
2021-11-26,11.96,21.8,33.76,-9.84,12.61,BCP,Energy,140.3899999999998
2021-11-29,31.87,52.73,84.6,-20.87,23.26,BCP,Energy,119.51999999999978
2021-11-30,21.87,49.13,71.0,-27.26,18.53,BCP,Energy,92.25999999999978
2021-12-01,33.91,30.5,64.41,3.41,28.59,BCP,Energy,95.66999999999977
2021-12-02,22.56,24.47,47.03,-1.91,21.19,BCP,Energy,93.75999999999978
2021-12-03,14.47,10.57,25.05,3.9,21.37,BCP,Energy,97.65999999999978
2021-12-07,17.02,18.02,35.04,-1.0,23.19,BCP,Energy,96.65999999999978
2021-12-08,8.87,13.84,22.71,-4.97,18.2,BCP,Energy,91.68999999999978
2021-12-09,24.71,4.59,29.3,20.13,21.9,BCP,Energy,111.81999999999978
2021-12-13,16.04,3.67,19.71,12.37,10.23,BCP,Energy,124.18999999999978
2021-12-14,10.72,15.29,26.0,-4.57,14.74,BCP,Energy,119.61999999999978
2021-12-15,11.5,9.14,20.64,2.36,7.7,BCP,Energy,121.97999999999978
2021-12-16,34.72,16.66,51.38,18.05,20.24,BCP,Energy,140.02999999999977
2021-12-17,42.94,14.05,56.99,28.88,19.72,BCP,Energy,168.90999999999977
2021-12-20,10.37,49.63,60.0,-39.26,24.66,BCP,Energy,129.64999999999978
2021-12-21,3.34,28.93,32.27,-25.6,31.39,BCP,Energy,104.04999999999978
2021-12-22,4.94,18.18,23.12,-13.24,23.57,BCP,Energy,90.80999999999979
2021-12-23,33.92,9.8,43.72,24.11,18.67,BCP,Energy,114.91999999999979
2021-12-24,15.34,8.28,23.62,7.06,21.43,BCP,Energy,121.97999999999979
2021-12-27,9.81,9.5,19.31,0.31,16.33,BCP,Energy,122.2899999999998
2021-12-28,10.53,5.96,16.49,4.57,21.35,BCP,Energy,126.85999999999979
2021-12-29,4.91,3.73,8.63,1.18,7.48,BCP,Energy,128.0399999999998
2021-12-30,2.21,2.84,5.05,-0.63,8.47,BCP,Energy,127.4099999999998
2022-01-04,28.95,5.97,34.92,22.98,16.66,BCP,Energy,150.3899999999998
2022-01-05,56.31,19.63,75.94,36.68,19.45,BCP,Energy,187.0699999999998
2022-01-06,17.17,50.92,68.09,-33.75,18.62,BCP,Energy,153.3199999999998
2022-01-07,133.07,19.97,153.04,113.1,23.56,BCP,Energy,266.4199999999998
2022-01-10,14.05,21.8,35.85,-7.75,22.68,BCP,Energy,258.6699999999998
2022-01-11,10.81,11.71,22.52,-0.9,19.76,BCP,Energy,257.7699999999998
2022-01-12,34.8,28.29,63.08,6.51,21.06,BCP,Energy,264.2799999999998
2022-01-13,15.06,14.42,29.48,0.64,13.55,BCP,Energy,264.9199999999998
2022-01-14,16.05,13.08,29.13,2.97,19.95,BCP,Energy,267.8899999999998
2022-01-17,19.75,23.35,43.11,-3.6,11.22,BCP,Energy,264.2899999999998
2022-01-18,26.2,26.78,52.98,-0.58,20.48,BCP,Energy,263.7099999999998
2022-01-19,61.93,27.92,89.84,34.01,18.44,BCP,Energy,297.7199999999998
2022-01-20,16.21,12.76,28.97,3.45,21.45,BCP,Energy,301.1699999999998
2022-01-21,31.07,25.23,56.3,5.83,20.88,BCP,Energy,306.9999999999998
2022-01-24,9.43,31.66,41.09,-22.23,21.6,BCP,Energy,284.76999999999975
2022-01-25,20.57,25.91,46.48,-5.34,20.91,BCP,Energy,279.4299999999998
2022-01-26,21.66,30.17,51.82,-8.51,11.45,BCP,Energy,270.9199999999998
2022-01-27,11.52,11.92,23.45,-0.4,9.84,BCP,Energy,270.5199999999998
2022-01-28,30.14,14.41,44.55,15.73,10.69,BCP,Energy,286.24999999999983
2022-01-31,12.32,13.84,26.16,-1.53,12.47,BCP,Energy,284.71999999999986
2022-02-01,5.46,5.33,10.79,0.14,10.76,BCP,Energy,284.85999999999984
2022-02-02,16.72,46.12,62.84,-29.41,17.49,BCP,Energy,255.44999999999985
2022-02-03,98.79,14.26,113.05,84.52,23.25,BCP,Energy,339.96999999999986
2022-02-04,55.82,14.16,69.98,41.65,12.07,BCP,Energy,381.61999999999983
2022-02-07,176.51,64.86,241.37,111.66,21.27,BCP,Energy,493.27999999999986
2022-02-08,111.61,58.5,170.11,53.1,33.28,BCP,Energy,546.3799999999999
2022-02-09,97.11,80.33,177.45,16.78,20.28,BCP,Energy,563.1599999999999
2022-02-10,72.18,14.5,86.68,57.68,21.18,BCP,Energy,620.8399999999998
2022-02-11,70.0,11.04,81.04,58.97,25.79,BCP,Energy,679.8099999999998
2022-02-14,102.85,31.93,134.78,70.93,29.68,BCP,Energy,750.7399999999998
2022-02-15,45.52,116.13,161.65,-70.61,38.43,BCP,Energy,680.1299999999998
2022-02-17,32.98,52.47,85.44,-19.49,31.43,BCP,Energy,660.6399999999998
2022-02-18,83.52,101.92,185.43,-18.4,22.28,BCP,Energy,642.2399999999998
2022-02-21,71.02,46.3,117.32,24.73,20.17,BCP,Energy,666.9699999999998
2022-02-22,61.17,28.67,89.84,32.5,16.49,BCP,Energy,699.4699999999998
2022-02-23,106.61,38.47,145.08,68.14,35.17,BCP,Energy,767.6099999999998
2022-02-24,147.1,72.93,220.03,74.18,25.93,BCP,Energy,841.7899999999997
2022-02-25,108.87,31.29,140.16,77.57,18.9,BCP,Energy,919.3599999999997
2022-02-28,63.66,17.19,80.85,46.47,20.68,BCP,Energy,965.8299999999997
2022-03-01,162.3,53.13,215.43,109.17,32.59,BCP,Energy,1074.9999999999998
2022-03-02,148.33,53.4,201.73,94.92,19.62,BCP,Energy,1169.9199999999998
2022-03-03,211.27,139.29,350.56,71.98,27.77,BCP,Energy,1241.8999999999999
2022-03-04,78.38,112.56,190.95,-34.18,25.02,BCP,Energy,1207.7199999999998
2022-03-07,98.09,85.28,183.36,12.81,18.8,BCP,Energy,1220.5299999999997
2022-03-08,195.25,106.54,301.8,88.71,29.92,BCP,Energy,1309.2399999999998
2022-03-09,207.0,55.28,262.28,151.72,18.09,BCP,Energy,1460.9599999999998
2022-03-10,137.22,150.45,287.68,-13.23,27.59,BCP,Energy,1447.7299999999998
2022-03-11,46.43,50.42,96.86,-3.99,24.05,BCP,Energy,1443.7399999999998
2022-03-14,60.01,76.08,136.09,-16.08,27.02,BCP,Energy,1427.6599999999999
2022-03-15,105.68,51.26,156.93,54.42,22.6,BCP,Energy,1482.08
2022-03-16,53.23,39.16,92.39,14.07,23.2,BCP,Energy,1496.1499999999999
2022-03-17,74.01,68.73,142.75,5.28,25.15,BCP,Energy,1501.4299999999998
2022-03-18,92.69,141.87,234.55,-49.18,34.0,BCP,Energy,1452.2499999999998
2022-03-21,10.21,8.13,18.34,2.07,16.66,BCP,Energy,1454.3199999999997
2022-03-22,116.41,132.06,248.46,-15.65,24.88,BCP,Energy,1438.6699999999996
2022-03-23,73.51,35.61,109.12,37.89,31.73,BCP,Energy,1476.5599999999997
2022-03-24,70.88,26.66,97.54,44.21,23.95,BCP,Energy,1520.7699999999998
2022-03-25,85.74,29.35,115.09,56.39,24.54,BCP,Energy,1577.1599999999999
2022-03-28,128.49,47.7,176.19,80.79,23.41,BCP,Energy,1657.9499999999998
2022-03-29,128.45,75.2,203.65,53.25,29.66,BCP,Energy,1711.1999999999998
2022-03-30,49.14,59.25,108.39,-10.11,26.18,BCP,Energy,1701.09
2022-03-31,66.32,22.74,89.06,43.58,23.1,BCP,Energy,1744.6699999999998
2022-04-01,87.04,115.09,202.13,-28.04,57.27,BCP,Energy,1716.6299999999999
2022-04-04,21.18,8.35,29.53,12.83,30.33,BCP,Energy,1729.4599999999998
2022-04-05,153.53,44.42,197.94,109.11,42.24,BCP,Energy,1838.5699999999997
2022-04-07,67.29,67.1,134.39,0.2,39.58,BCP,Energy,1838.7699999999998
2022-04-08,37.06,58.77,95.83,-21.71,40.6,BCP,Energy,1817.0599999999997
2022-04-11,21.25,17.44,38.69,3.82,36.56,BCP,Energy,1820.8799999999997
2022-04-12,17.84,27.7,45.54,-9.86,30.57,BCP,Energy,1811.0199999999998
2022-04-18,30.9,52.93,83.83,-22.03,19.72,BCP,Energy,1788.9899999999998
2022-04-19,85.07,73.87,158.94,11.2,26.53,BCP,Energy,1800.1899999999998
2022-04-20,43.96,64.39,108.35,-20.43,29.42,BCP,Energy,1779.7599999999998
2022-04-21,112.75,155.26,268.02,-42.51,25.32,BCP,Energy,1737.2499999999998
2022-04-22,34.14,41.63,75.76,-7.49,26.49,BCP,Energy,1729.7599999999998
2022-04-25,63.9,28.55,92.45,35.36,28.56,BCP,Energy,1765.1199999999997
2022-04-26,81.27,42.9,124.17,38.37,37.24,BCP,Energy,1803.4899999999996
2022-04-27,128.04,81.46,209.5,46.57,22.56,BCP,Energy,1850.0599999999995
2022-04-28,107.84,29.51,137.36,78.33,17.08,BCP,Energy,1928.3899999999994
2022-04-29,105.45,72.07,177.52,33.38,30.83,BCP,Energy,1961.7699999999995
2022-05-03,40.73,58.67,99.41,-17.94,30.08,BCP,Energy,1943.8299999999995
2022-05-05,129.08,107.81,236.89,21.27,24.35,BCP,Energy,1965.0999999999995
2022-05-06,150.85,65.86,216.7,84.99,23.31,BCP,Energy,2050.0899999999992
2022-05-09,92.78,65.62,158.41,27.16,19.49,BCP,Energy,2077.249999999999
2022-05-10,223.85,84.73,308.58,139.13,31.88,BCP,Energy,2216.379999999999
2022-05-11,94.93,33.71,128.64,61.23,23.61,BCP,Energy,2277.609999999999
2022-05-12,82.8,74.15,156.95,8.65,28.59,BCP,Energy,2286.2599999999993
2022-05-13,98.2,66.77,164.97,31.43,33.4,BCP,Energy,2317.689999999999
2022-05-17,110.47,33.01,143.49,77.46,28.29,BCP,Energy,2395.149999999999
2022-05-18,101.34,58.57,159.91,42.77,34.94,BCP,Energy,2437.919999999999
2022-05-19,50.06,52.96,103.02,-2.9,29.97,BCP,Energy,2435.019999999999
2022-05-20,110.6,42.61,153.21,67.99,25.11,BCP,Energy,2503.009999999999
2022-05-23,152.05,38.5,190.55,113.55,31.59,BCP,Energy,2616.559999999999
2022-05-24,121.56,34.25,155.81,87.3,23.13,BCP,Energy,2703.859999999999
2022-05-25,221.0,21.74,242.74,199.26,23.92,BCP,Energy,2903.119999999999
2022-05-26,240.64,45.23,285.88,195.41,28.13,BCP,Energy,3098.529999999999
2022-05-27,188.3,47.99,236.29,140.3,20.89,BCP,Energy,3238.829999999999
2022-05-30,64.3,19.36,83.66,44.94,19.73,BCP,Energy,3283.769999999999
2022-05-31,109.86,36.2,146.06,73.65,19.1,BCP,Energy,3357.419999999999
2022-06-01,45.18,36.4,81.58,8.78,20.13,BCP,Energy,3366.1999999999994
2022-06-02,84.16,51.07,135.23,33.09,29.04,BCP,Energy,3399.2899999999995
2022-06-06,32.56,27.24,59.8,5.32,24.28,BCP,Energy,3404.6099999999997
2022-06-07,163.06,105.15,268.21,57.92,29.38,BCP,Energy,3462.5299999999997
2022-06-08,117.48,70.75,188.23,46.73,35.23,BCP,Energy,3509.2599999999998
2022-06-09,124.96,63.39,188.34,61.57,32.83,BCP,Energy,3570.83
2022-06-10,122.98,26.4,149.38,96.58,29.53,BCP,Energy,3667.41
2022-06-13,205.29,168.54,373.83,36.76,22.63,BCP,Energy,3704.17
2022-06-14,190.99,55.28,246.27,135.72,26.55,BCP,Energy,3839.89
2022-06-15,136.47,76.11,212.57,60.36,41.32,BCP,Energy,3900.25
2022-06-16,214.08,99.3,313.37,114.78,37.33,BCP,Energy,4015.03
2022-06-17,176.96,122.41,299.37,54.54,18.48,BCP,Energy,4069.57
2022-06-20,99.77,58.79,158.56,40.98,28.51,BCP,Energy,4110.55
2022-06-21,84.72,72.47,157.19,12.25,25.56,BCP,Energy,4122.8
2022-06-22,206.67,150.28,356.95,56.39,44.57,BCP,Energy,4179.1900000000005
2022-06-23,130.15,112.92,243.07,17.22,52.81,BCP,Energy,4196.410000000001
2022-06-24,120.07,106.3,226.37,13.77,40.32,BCP,Energy,4210.180000000001
2022-06-27,21.64,62.6,84.24,-40.96,35.45,BCP,Energy,4169.220000000001
2022-06-28,136.16,46.13,182.3,90.03,39.26,BCP,Energy,4259.250000000001
2022-06-29,108.97,67.82,176.79,41.15,40.35,BCP,Energy,4300.400000000001
2022-06-30,65.08,86.04,151.11,-20.96,31.85,BCP,Energy,4279.4400000000005
2022-07-01,22.29,22.62,44.91,-0.34,26.47,BCP,Energy,4279.1
2022-07-04,17.71,23.87,41.59,-6.16,27.96,BCP,Energy,4272.9400000000005
2022-07-05,37.21,30.57,67.78,6.64,24.66,BCP,Energy,4279.580000000001
2022-07-06,95.44,67.34,162.77,28.1,38.12,BCP,Energy,4307.680000000001
2022-07-07,112.91,85.49,198.4,27.42,40.24,BCP,Energy,4335.100000000001
2022-07-08,29.44,16.57,46.01,12.88,32.6,BCP,Energy,4347.980000000001
2022-07-11,44.64,14.28,58.92,30.36,28.15,BCP,Energy,4378.340000000001
2022-07-12,66.93,33.41,100.34,33.52,39.51,BCP,Energy,4411.8600000000015
2022-07-14,60.64,56.3,116.94,4.34,29.27,BCP,Energy,4416.200000000002
2022-07-15,72.03,44.62,116.65,27.41,28.27,BCP,Energy,4443.6100000000015
2022-07-18,64.67,31.99,96.66,32.68,30.31,BCP,Energy,4476.290000000002
2022-07-19,57.72,71.05,128.77,-13.32,36.21,BCP,Energy,4462.970000000002
2022-07-20,58.28,41.71,99.99,16.57,34.41,BCP,Energy,4479.540000000002
2022-07-21,64.77,38.88,103.65,25.89,35.64,BCP,Energy,4505.430000000002
2022-07-22,26.09,46.14,72.22,-20.05,16.74,BCP,Energy,4485.380000000002
2022-07-25,41.28,19.77,61.05,21.52,31.84,BCP,Energy,4506.900000000002
2022-07-26,76.2,40.92,117.12,35.28,24.05,BCP,Energy,4542.180000000002
2022-07-27,86.0,62.7,148.7,23.3,28.39,BCP,Energy,4565.480000000002
2022-08-01,83.8,70.39,154.19,13.41,23.31,BCP,Energy,4578.890000000002
2022-08-02,45.84,40.04,85.88,5.8,42.63,BCP,Energy,4584.690000000002
2022-08-03,71.33,48.27,119.59,23.06,47.25,BCP,Energy,4607.750000000003
2022-08-04,81.93,140.54,222.46,-58.61,29.59,BCP,Energy,4549.140000000003
2022-08-05,61.19,109.39,170.58,-48.19,30.4,BCP,Energy,4500.9500000000035
2022-08-08,36.87,88.61,125.49,-51.74,36.59,BCP,Energy,4449.210000000004
2022-08-09,79.18,21.52,100.7,57.66,26.88,BCP,Energy,4506.8700000000035
2022-08-10,137.15,78.69,215.84,58.46,22.34,BCP,Energy,4565.330000000004
2022-08-11,73.23,70.88,144.11,2.35,21.35,BCP,Energy,4567.680000000004
2022-08-15,100.89,27.83,128.73,73.06,26.69,BCP,Energy,4640.740000000004
2022-08-16,171.73,50.7,222.43,121.03,31.31,BCP,Energy,4761.770000000004
2022-08-17,138.15,35.9,174.04,102.25,23.47,BCP,Energy,4864.020000000004
2022-08-18,146.02,50.65,196.67,95.37,32.65,BCP,Energy,4959.390000000004
2022-08-19,115.8,29.84,145.64,85.97,29.34,BCP,Energy,5045.360000000004
2022-08-22,98.45,48.6,147.05,49.85,33.27,BCP,Energy,5095.210000000005
2022-08-23,131.86,20.85,152.71,111.01,30.93,BCP,Energy,5206.220000000005
2022-08-24,168.06,70.62,238.68,97.45,37.24,BCP,Energy,5303.670000000005
2022-08-25,67.18,62.56,129.74,4.62,29.56,BCP,Energy,5308.2900000000045
2022-08-26,109.4,69.0,178.4,40.41,22.2,BCP,Energy,5348.700000000004
2022-08-29,82.68,85.7,168.37,-3.02,23.18,BCP,Energy,5345.680000000004
2022-08-30,168.02,64.53,232.54,103.49,29.29,BCP,Energy,5449.170000000004
2022-08-31,140.54,110.0,250.54,30.55,34.52,BCP,Energy,5479.720000000004
2022-09-01,113.71,57.68,171.39,56.03,32.42,BCP,Energy,5535.750000000004
2022-09-02,78.88,26.11,104.99,52.77,34.11,BCP,Energy,5588.520000000004
2022-09-05,43.48,25.72,69.2,17.76,24.56,BCP,Energy,5606.280000000004
2022-09-06,45.51,20.51,66.01,25.0,22.13,BCP,Energy,5631.280000000004
2022-09-07,106.46,11.71,118.17,94.74,23.44,BCP,Energy,5726.020000000004
2022-09-08,105.5,43.54,149.04,61.96,36.68,BCP,Energy,5787.980000000004
2022-09-09,33.32,42.47,75.8,-9.15,25.09,BCP,Energy,5778.8300000000045
2022-09-12,11.29,26.61,37.9,-15.32,35.11,BCP,Energy,5763.510000000005
2022-09-13,30.46,14.25,44.71,16.2,28.12,BCP,Energy,5779.710000000005
2022-09-14,25.28,16.39,41.67,8.89,20.09,BCP,Energy,5788.600000000005
2022-09-15,20.34,27.01,47.35,-6.67,25.47,BCP,Energy,5781.930000000005
2022-09-16,30.88,43.61,74.5,-12.73,28.49,BCP,Energy,5769.200000000005
2022-09-19,52.48,40.7,93.18,11.78,31.6,BCP,Energy,5780.980000000005
2022-09-20,16.74,11.34,28.09,5.4,21.87,BCP,Energy,5786.380000000005
2022-09-21,18.88,79.35,98.23,-60.48,29.66,BCP,Energy,5725.900000000005
2022-09-22,45.17,27.27,72.43,17.9,36.22,BCP,Energy,5743.800000000005
2022-09-23,69.52,35.31,104.83,34.21,38.1,BCP,Energy,5778.010000000005
2022-09-26,73.76,49.39,123.15,24.37,45.38,BCP,Energy,5802.380000000005
2022-09-27,32.78,44.62,77.4,-11.85,29.3,BCP,Energy,5790.530000000004
2022-09-28,52.07,50.73,102.8,1.35,37.56,BCP,Energy,5791.880000000005
2022-09-29,25.08,36.51,61.59,-11.43,32.2,BCP,Energy,5780.450000000004
2022-09-30,29.11,30.93,60.04,-1.82,31.45,BCP,Energy,5778.630000000005
2022-10-03,24.89,41.33,66.22,-16.44,25.63,BCP,Energy,5762.190000000005
2022-10-04,32.05,54.43,86.48,-22.39,31.06,BCP,Energy,5739.800000000005
2022-10-05,37.05,41.67,78.72,-4.62,25.38,BCP,Energy,5735.180000000005
2022-10-06,20.59,44.81,65.4,-24.22,18.29,BCP,Energy,5710.960000000005
2022-10-07,45.82,32.05,77.87,13.77,34.91,BCP,Energy,5724.730000000005
2022-10-10,27.14,50.09,77.23,-22.94,28.89,BCP,Energy,5701.790000000005
2022-10-11,20.19,37.42,57.61,-17.23,34.92,BCP,Energy,5684.560000000006
2022-10-12,15.73,77.79,93.52,-62.06,41.39,BCP,Energy,5622.5000000000055
2022-10-17,38.4,76.46,114.87,-38.06,32.85,BCP,Energy,5584.440000000005
2022-10-18,32.18,48.6,80.78,-16.43,26.78,BCP,Energy,5568.010000000005
2022-10-19,34.66,20.15,54.8,14.51,24.37,BCP,Energy,5582.520000000005
2022-10-20,115.61,56.98,172.6,58.63,52.53,BCP,Energy,5641.150000000005
2022-10-21,30.82,37.07,67.89,-6.25,30.85,BCP,Energy,5634.900000000005
2022-10-25,42.01,60.49,102.5,-18.48,44.95,BCP,Energy,5616.4200000000055
2022-10-26,29.75,43.64,73.39,-13.9,22.52,BCP,Energy,5602.520000000006
2022-10-27,29.55,30.09,59.64,-0.54,27.62,BCP,Energy,5601.980000000006
2022-10-28,28.74,13.08,41.82,15.66,30.05,BCP,Energy,5617.640000000006
2022-10-31,40.75,30.17,70.92,10.57,31.58,BCP,Energy,5628.2100000000055
2022-11-01,44.27,25.44,69.7,18.83,22.94,BCP,Energy,5647.040000000005
2022-11-02,91.55,81.05,172.6,10.49,24.92,BCP,Energy,5657.530000000005
2022-11-03,50.39,57.13,107.52,-6.74,29.95,BCP,Energy,5650.790000000005
2022-11-04,45.92,38.77,84.69,7.14,30.17,BCP,Energy,5657.930000000006
2022-11-07,118.66,106.39,225.05,12.27,36.48,BCP,Energy,5670.200000000006
2022-11-08,69.24,48.21,117.44,21.03,36.9,BCP,Energy,5691.230000000006
2022-11-09,66.61,61.23,127.84,5.39,26.71,BCP,Energy,5696.620000000006
2022-11-10,28.56,46.68,75.24,-18.11,33.94,BCP,Energy,5678.510000000007
2022-11-11,76.23,66.09,142.32,10.15,24.57,BCP,Energy,5688.660000000006
2022-11-14,35.59,43.49,79.08,-7.89,30.57,BCP,Energy,5680.770000000006
2022-11-15,30.59,59.61,90.2,-29.01,41.26,BCP,Energy,5651.760000000006
2022-11-16,47.96,75.22,123.17,-27.26,43.21,BCP,Energy,5624.5000000000055
2022-11-17,13.7,49.6,63.3,-35.89,31.41,BCP,Energy,5588.610000000005
2022-11-18,21.67,28.05,49.72,-6.38,24.19,BCP,Energy,5582.230000000005
2022-11-21,34.13,26.02,60.16,8.11,28.36,BCP,Energy,5590.340000000005
2022-11-22,19.52,34.54,54.06,-15.02,19.56,BCP,Energy,5575.320000000004
2022-11-23,51.02,27.04,78.07,23.98,23.31,BCP,Energy,5599.300000000004
2022-11-24,30.05,29.55,59.6,0.5,26.01,BCP,Energy,5599.800000000004
2022-11-25,4.85,8.21,13.06,-3.36,12.81,BCP,Energy,5596.440000000004
2022-11-28,11.86,12.78,24.63,-0.92,20.18,BCP,Energy,5595.520000000004
2022-11-29,46.33,21.59,67.91,24.74,31.05,BCP,Energy,5620.260000000004
2022-11-30,49.94,43.39,93.32,6.55,38.73,BCP,Energy,5626.810000000004
2022-12-01,48.73,66.05,114.78,-17.32,43.54,BCP,Energy,5609.490000000004
2022-12-02,28.49,40.09,68.58,-11.61,30.09,BCP,Energy,5597.880000000005
2022-12-06,8.1,24.88,32.98,-16.78,22.56,BCP,Energy,5581.100000000005
2022-12-07,7.11,23.46,30.58,-16.35,22.16,BCP,Energy,5564.750000000005
2022-12-08,20.85,41.49,62.34,-20.65,29.17,BCP,Energy,5544.100000000005
2022-12-09,41.16,59.54,100.71,-18.38,42.43,BCP,Energy,5525.720000000005
2022-12-13,17.45,33.26,50.7,-15.81,39.63,BCP,Energy,5509.910000000004
2022-12-14,39.64,50.83,90.47,-11.19,46.55,BCP,Energy,5498.720000000005
2022-12-15,28.92,35.76,64.69,-6.84,24.85,BCP,Energy,5491.880000000005
2022-12-16,63.49,33.94,97.43,29.56,23.01,BCP,Energy,5521.440000000005
2022-12-19,9.29,23.64,32.94,-14.35,32.24,BCP,Energy,5507.090000000005
2022-12-20,15.18,65.5,80.68,-50.33,35.68,BCP,Energy,5456.760000000005
2022-12-21,28.07,18.24,46.31,9.83,21.42,BCP,Energy,5466.590000000005
2022-12-22,28.73,35.01,63.74,-6.28,21.26,BCP,Energy,5460.310000000005
2022-12-23,11.98,29.74,41.72,-17.76,36.62,BCP,Energy,5442.550000000005
2022-12-26,21.47,9.84,31.32,11.63,23.52,BCP,Energy,5454.180000000005
2022-12-27,32.43,30.85,63.28,1.59,21.99,BCP,Energy,5455.770000000005
2022-12-28,18.91,16.98,35.89,1.93,47.12,BCP,Energy,5457.700000000005
2022-12-29,15.55,23.64,39.2,-8.09,15.29,BCP,Energy,5449.610000000005
2022-12-30,71.76,79.21,150.97,-7.45,19.78,BCP,Energy,5442.160000000005
2023-01-03,25.69,60.67,86.36,-34.97,21.69,BCP,Energy,5407.190000000005
2023-01-04,37.61,93.4,131.01,-55.79,34.16,BCP,Energy,5351.400000000005
2023-01-05,50.79,134.05,184.85,-83.26,35.47,BCP,Energy,5268.140000000005
2023-01-06,26.64,32.83,59.47,-6.2,26.57,BCP,Energy,5261.940000000005
2023-01-09,34.2,35.93,70.14,-1.73,21.71,BCP,Energy,5260.2100000000055
2023-01-10,99.79,74.17,173.96,25.63,25.49,BCP,Energy,5285.840000000006
2023-01-11,59.17,83.48,142.65,-24.32,28.11,BCP,Energy,5261.520000000006
2023-01-12,327.03,290.85,617.88,36.18,17.46,BCP,Energy,5297.700000000006
2023-01-13,501.28,437.88,939.16,63.39,17.78,BCP,Energy,5361.0900000000065
2023-01-16,254.4,259.04,513.44,-4.64,18.43,BCP,Energy,5356.450000000006
2023-01-17,211.4,90.85,302.26,120.55,23.13,BCP,Energy,5477.000000000006
2023-01-18,150.55,154.71,305.27,-4.16,30.45,BCP,Energy,5472.8400000000065
2023-01-19,109.29,44.54,153.83,64.75,20.31,BCP,Energy,5537.5900000000065
2023-01-20,108.79,61.45,170.24,47.34,34.37,BCP,Energy,5584.930000000007
2023-01-23,79.12,20.53,99.65,58.59,25.41,BCP,Energy,5643.520000000007
2023-01-24,89.54,44.31,133.85,45.23,21.83,BCP,Energy,5688.750000000006
2023-01-25,45.13,14.82,59.95,30.32,25.22,BCP,Energy,5719.070000000006
2023-01-26,68.8,48.76,117.56,20.04,29.87,BCP,Energy,5739.110000000006
2023-01-27,39.48,39.32,78.8,0.16,21.41,BCP,Energy,5739.270000000006
2023-01-30,48.81,41.96,90.77,6.85,38.65,BCP,Energy,5746.120000000006
2023-01-31,73.32,105.82,179.14,-32.5,34.34,BCP,Energy,5713.620000000006
2023-02-01,25.46,15.7,41.16,9.77,17.11,BCP,Energy,5723.390000000007
2023-02-02,71.25,111.21,182.46,-39.96,30.99,BCP,Energy,5683.430000000007
2023-02-03,49.01,53.51,102.52,-4.49,16.72,BCP,Energy,5678.940000000007
2023-02-06,59.54,34.4,93.94,25.14,23.35,BCP,Energy,5704.080000000007
2023-02-07,47.97,79.19,127.16,-31.23,30.77,BCP,Energy,5672.850000000008
2023-02-08,29.73,25.03,54.75,4.7,15.99,BCP,Energy,5677.5500000000075
2023-02-09,54.79,91.81,146.59,-37.02,37.31,BCP,Energy,5640.530000000007
2023-02-10,13.64,34.04,47.68,-20.4,26.67,BCP,Energy,5620.130000000007
2023-02-13,29.48,41.99,71.47,-12.51,28.31,BCP,Energy,5607.620000000007
2023-02-14,63.58,99.06,162.64,-35.48,31.25,BCP,Energy,5572.140000000008
2023-02-15,55.22,99.97,155.19,-44.76,29.38,BCP,Energy,5527.380000000007
2023-02-16,63.2,82.57,145.77,-19.37,24.14,BCP,Energy,5508.0100000000075
2023-02-17,68.32,78.61,146.93,-10.29,23.57,BCP,Energy,5497.7200000000075
2023-02-20,34.52,39.19,73.71,-4.66,30.12,BCP,Energy,5493.060000000008
2023-02-21,49.76,107.21,156.97,-57.44,23.06,BCP,Energy,5435.620000000008
2023-02-22,25.86,94.04,119.9,-68.18,38.25,BCP,Energy,5367.440000000008
2023-02-23,26.74,213.39,240.13,-186.66,40.21,BCP,Energy,5180.780000000008
2023-02-24,66.05,66.91,132.95,-0.86,26.19,BCP,Energy,5179.920000000008
2023-02-27,24.24,44.13,68.38,-19.89,21.89,BCP,Energy,5160.030000000008
2023-02-28,137.59,300.33,437.91,-162.74,29.65,BCP,Energy,4997.290000000008
2023-03-01,51.15,102.44,153.59,-51.29,28.57,BCP,Energy,4946.000000000008
2023-03-02,58.6,105.47,164.07,-46.87,23.99,BCP,Energy,4899.130000000008
2023-03-03,27.21,86.15,113.36,-58.94,27.8,BCP,Energy,4840.190000000009
2023-03-07,66.19,106.72,172.91,-40.54,35.53,BCP,Energy,4799.650000000009
2023-03-08,55.48,80.96,136.44,-25.49,25.47,BCP,Energy,4774.160000000009
2023-03-09,36.87,115.98,152.86,-79.11,33.74,BCP,Energy,4695.050000000009
2023-03-10,17.95,15.73,33.68,2.22,21.83,BCP,Energy,4697.2700000000095
2023-03-13,52.16,80.47,132.63,-28.32,25.6,BCP,Energy,4668.95000000001
2023-03-14,96.74,152.33,249.07,-55.58,30.55,BCP,Energy,4613.37000000001
2023-03-15,62.69,103.84,166.52,-41.15,26.79,BCP,Energy,4572.22000000001
2023-03-16,74.49,131.64,206.13,-57.15,31.78,BCP,Energy,4515.070000000011
2023-03-17,106.46,109.66,216.13,-3.2,36.82,BCP,Energy,4511.870000000011
2023-03-20,47.79,87.65,135.45,-39.86,31.65,BCP,Energy,4472.010000000011
2023-03-21,28.11,77.93,106.04,-49.82,25.82,BCP,Energy,4422.190000000011
2023-03-22,85.48,76.32,161.8,9.15,28.48,BCP,Energy,4431.340000000011
2023-03-23,20.44,39.57,60.01,-19.13,18.54,BCP,Energy,4412.210000000011
2023-03-24,47.42,97.98,145.39,-50.56,32.12,BCP,Energy,4361.650000000011
2023-03-27,43.82,84.33,128.15,-40.51,30.62,BCP,Energy,4321.14000000001
2023-03-28,78.2,55.14,133.33,23.06,32.42,BCP,Energy,4344.200000000011
2023-03-29,24.48,91.15,115.63,-66.67,27.19,BCP,Energy,4277.530000000011
2023-03-30,33.39,65.81,99.19,-32.42,25.17,BCP,Energy,4245.110000000011
2023-03-31,73.19,145.17,218.36,-71.99,50.72,BCP,Energy,4173.120000000011
2023-04-03,136.78,141.17,277.95,-4.39,24.89,BCP,Energy,4168.7300000000105
2023-04-04,59.36,107.48,166.84,-48.12,27.22,BCP,Energy,4120.610000000011
2023-04-05,40.37,61.89,102.26,-21.51,26.48,BCP,Energy,4099.10000000001
2023-04-07,8.55,15.92,24.47,-7.37,23.57,BCP,Energy,4091.7300000000105
2023-04-10,23.98,69.78,93.75,-45.8,29.42,BCP,Energy,4045.9300000000103
2023-04-11,36.29,58.12,94.41,-21.83,20.26,BCP,Energy,4024.1000000000104
2023-04-12,25.1,47.96,73.06,-22.85,25.45,BCP,Energy,4001.2500000000105
2023-04-17,34.32,39.09,73.41,-4.77,29.37,BCP,Energy,3996.4800000000105
2023-04-18,88.62,189.1,277.72,-100.49,36.81,BCP,Energy,3895.9900000000107
2023-04-19,56.27,60.48,116.74,-4.21,31.09,BCP,Energy,3891.7800000000107
2023-04-20,27.55,71.04,98.59,-43.48,38.77,BCP,Energy,3848.3000000000106
2023-04-21,38.95,61.8,100.75,-22.85,21.99,BCP,Energy,3825.4500000000107
2023-04-24,22.76,26.77,49.53,-4.01,28.83,BCP,Energy,3821.4400000000105
2023-04-25,86.47,127.06,213.53,-40.59,38.29,BCP,Energy,3780.8500000000104
2023-04-26,23.57,51.13,74.7,-27.55,30.81,BCP,Energy,3753.30000000001
2023-04-27,45.07,86.55,131.62,-41.48,31.72,BCP,Energy,3711.82000000001
2023-04-28,11.71,103.2,114.91,-91.49,36.21,BCP,Energy,3620.3300000000104
2023-05-02,68.41,95.88,164.29,-27.46,32.47,BCP,Energy,3592.8700000000104
2023-05-03,50.16,104.51,154.66,-54.35,23.33,BCP,Energy,3538.5200000000104
2023-05-08,41.72,25.13,66.85,16.59,21.59,BCP,Energy,3555.1100000000106
2023-05-09,56.32,74.52,130.84,-18.2,30.25,BCP,Energy,3536.9100000000108
2023-05-10,19.29,24.6,43.88,-5.31,19.69,BCP,Energy,3531.600000000011
2023-05-11,78.42,41.76,120.18,36.66,32.34,BCP,Energy,3568.2600000000107
2023-05-12,92.38,38.86,131.24,53.52,42.43,BCP,Energy,3621.7800000000107
2023-05-15,46.58,44.27,90.84,2.31,37.77,BCP,Energy,3624.0900000000106
2023-05-16,73.51,21.54,95.06,51.97,30.41,BCP,Energy,3676.0600000000104
2023-05-17,60.47,49.87,110.34,10.6,32.68,BCP,Energy,3686.6600000000103
2023-05-18,64.15,30.0,94.15,34.15,34.53,BCP,Energy,3720.8100000000104
2023-05-19,38.73,40.77,79.49,-2.04,35.87,BCP,Energy,3718.7700000000104
2023-05-22,55.02,25.78,80.8,29.24,27.73,BCP,Energy,3748.01000000001
2023-05-23,107.51,41.74,149.25,65.78,32.75,BCP,Energy,3813.7900000000104
2023-05-24,33.24,48.99,82.24,-15.75,29.54,BCP,Energy,3798.0400000000104
2023-05-25,60.99,61.1,122.09,-0.12,31.44,BCP,Energy,3797.9200000000105
2023-05-26,68.45,93.05,161.5,-24.61,41.34,BCP,Energy,3773.3100000000104
2023-05-29,29.44,35.51,64.95,-6.07,29.77,BCP,Energy,3767.2400000000102
2023-05-30,28.77,31.43,60.2,-2.66,25.21,BCP,Energy,3764.5800000000104
2023-05-31,56.85,121.73,178.58,-64.88,39.21,BCP,Energy,3699.7000000000103
2023-06-01,58.04,36.2,94.24,21.84,32.06,BCP,Energy,3721.5400000000104
2023-06-02,168.68,50.35,219.02,118.33,25.62,BCP,Energy,3839.8700000000104
2023-06-06,154.48,323.2,477.68,-168.72,38.53,BCP,Energy,3671.1500000000106
2023-06-07,94.42,75.19,169.61,19.23,37.96,BCP,Energy,3690.3800000000106
2023-06-08,158.21,55.28,213.49,102.93,27.59,BCP,Energy,3793.3100000000104
2023-06-09,125.09,47.05,172.14,78.04,20.53,BCP,Energy,3871.3500000000104
2023-06-12,50.76,26.52,77.28,24.23,21.27,BCP,Energy,3895.5800000000104
2023-06-13,76.82,81.87,158.69,-5.04,20.92,BCP,Energy,3890.5400000000104
2023-06-14,22.94,12.7,35.64,10.24,16.13,BCP,Energy,3900.78000000001
2023-06-15,133.51,53.3,186.82,80.21,34.61,BCP,Energy,3980.9900000000102
2023-06-16,99.6,86.13,185.72,13.47,25.48,BCP,Energy,3994.46000000001
2023-06-19,33.5,37.32,70.82,-3.83,30.6,BCP,Energy,3990.63000000001
2023-06-20,48.43,39.88,88.32,8.55,17.94,BCP,Energy,3999.1800000000103
2023-06-21,71.28,58.65,129.94,12.63,21.03,BCP,Energy,4011.8100000000104
2023-06-22,41.34,27.84,69.18,13.49,19.06,BCP,Energy,4025.30000000001
2023-06-23,72.31,55.4,127.71,16.91,36.26,BCP,Energy,4042.21000000001
2023-06-26,175.84,53.41,229.25,122.44,28.54,BCP,Energy,4164.65000000001
2023-06-27,65.91,23.0,88.92,42.91,29.26,BCP,Energy,4207.5600000000095
2023-06-28,115.76,52.28,168.04,63.48,38.07,BCP,Energy,4271.040000000009
2023-06-29,103.23,51.77,155.0,51.45,20.74,BCP,Energy,4322.490000000009
2023-06-30,77.89,76.04,153.92,1.85,29.89,BCP,Energy,4324.340000000009
2023-07-03,42.2,25.47,67.66,16.73,27.15,BCP,Energy,4341.070000000009
2023-07-04,47.16,18.68,65.84,28.48,21.46,BCP,Energy,4369.550000000008
2023-07-05,32.72,27.32,60.04,5.4,14.7,BCP,Energy,4374.950000000008
2023-07-06,28.42,36.58,65.0,-8.16,22.03,BCP,Energy,4366.790000000008
2023-07-07,18.25,31.98,50.24,-13.73,22.3,BCP,Energy,4353.060000000009
2023-07-10,94.66,102.76,197.42,-8.1,25.8,BCP,Energy,4344.960000000008
2023-07-11,76.57,46.72,123.3,29.85,21.2,BCP,Energy,4374.810000000009
2023-07-12,154.65,69.49,224.14,85.16,19.08,BCP,Energy,4459.970000000008
2023-07-13,58.13,38.13,96.26,20.0,24.33,BCP,Energy,4479.970000000008
2023-07-14,67.44,64.85,132.29,2.59,36.58,BCP,Energy,4482.560000000009
2023-07-17,38.58,34.81,73.39,3.77,21.31,BCP,Energy,4486.330000000009
2023-07-18,132.49,61.1,193.59,71.38,34.36,BCP,Energy,4557.710000000009
2023-07-19,83.71,39.75,123.46,43.96,27.87,BCP,Energy,4601.670000000009
2023-07-20,184.63,100.07,284.7,84.56,27.57,BCP,Energy,4686.23000000001
2023-07-21,168.27,40.48,208.75,127.78,28.2,BCP,Energy,4814.010000000009
2023-07-24,78.46,72.02,150.48,6.44,40.0,BCP,Energy,4820.450000000009
2023-07-25,72.91,39.13,112.04,33.78,21.84,BCP,Energy,4854.230000000009
2023-07-26,39.97,13.33,53.31,26.64,27.7,BCP,Energy,4880.870000000009
2023-07-27,61.5,23.51,85.01,37.98,27.28,BCP,Energy,4918.850000000009
2023-07-31,47.79,40.13,87.92,7.66,25.67,BCP,Energy,4926.510000000008
2023-08-02,143.1,82.7,225.81,60.4,22.23,BCP,Energy,4986.910000000008
2023-08-03,40.94,73.82,114.76,-32.88,23.39,BCP,Energy,4954.030000000008
2023-08-04,44.2,29.48,73.69,14.72,18.69,BCP,Energy,4968.750000000008
2023-08-07,67.06,51.45,118.51,15.62,24.28,BCP,Energy,4984.370000000008
2023-08-08,44.01,41.73,85.75,2.28,33.98,BCP,Energy,4986.650000000008
2023-08-09,251.47,80.8,332.26,170.67,27.76,BCP,Energy,5157.320000000008
2023-08-10,115.58,101.38,216.96,14.19,21.24,BCP,Energy,5171.5100000000075
2023-08-11,83.05,122.88,205.93,-39.83,25.43,BCP,Energy,5131.680000000008
2023-08-15,123.15,115.75,238.9,7.41,24.72,BCP,Energy,5139.090000000007
2023-08-16,56.04,107.94,163.98,-51.9,30.27,BCP,Energy,5087.190000000008
2023-08-17,57.53,98.74,156.27,-41.21,26.9,BCP,Energy,5045.980000000008
2023-08-18,83.26,68.97,152.24,14.29,24.85,BCP,Energy,5060.270000000008
2023-08-21,24.91,19.9,44.81,5.01,17.41,BCP,Energy,5065.280000000008
2023-08-22,38.06,57.41,95.46,-19.35,31.1,BCP,Energy,5045.930000000008
2023-08-23,34.34,115.02,149.36,-80.67,31.94,BCP,Energy,4965.2600000000075
2023-08-24,49.43,83.41,132.85,-33.98,26.08,BCP,Energy,4931.280000000008
2023-08-25,71.2,118.4,189.6,-47.2,49.45,BCP,Energy,4884.080000000008
2023-08-28,93.79,42.44,136.23,51.36,22.11,BCP,Energy,4935.440000000008
2023-08-29,129.19,189.42,318.61,-60.23,24.98,BCP,Energy,4875.210000000008
2023-08-30,133.8,112.01,245.81,21.79,21.91,BCP,Energy,4897.000000000008
2023-08-31,150.88,203.96,354.84,-53.07,26.98,BCP,Energy,4843.9300000000085
2023-09-01,39.04,72.46,111.49,-33.42,29.98,BCP,Energy,4810.510000000008
2023-09-04,76.5,78.53,155.03,-2.03,32.79,BCP,Energy,4808.480000000009
2023-09-05,80.7,67.58,148.28,13.13,38.94,BCP,Energy,4821.610000000009
2023-09-06,47.14,17.34,64.48,29.8,22.92,BCP,Energy,4851.410000000009
2023-09-07,54.49,84.22,138.71,-29.73,39.12,BCP,Energy,4821.680000000009
2023-09-08,23.35,29.33,52.68,-5.97,28.99,BCP,Energy,4815.710000000009
2023-09-11,61.74,53.23,114.97,8.52,29.8,BCP,Energy,4824.23000000001
2023-09-12,47.95,40.93,88.88,7.02,26.84,BCP,Energy,4831.25000000001
2023-09-13,168.53,63.79,232.32,104.74,32.26,BCP,Energy,4935.99000000001
2023-09-14,96.85,39.02,135.86,57.83,22.95,BCP,Energy,4993.82000000001
2023-09-15,178.05,69.83,247.88,108.22,25.51,BCP,Energy,5102.04000000001
2023-09-18,51.13,60.51,111.64,-9.39,25.55,BCP,Energy,5092.65000000001
2023-09-19,112.92,35.61,148.53,77.3,24.39,BCP,Energy,5169.95000000001
2023-09-20,83.31,22.97,106.28,60.33,15.51,BCP,Energy,5230.28000000001
2023-09-21,65.09,23.14,88.24,41.95,23.23,BCP,Energy,5272.23000000001
2023-09-22,203.15,63.91,267.06,139.24,34.67,BCP,Energy,5411.470000000009
2023-09-25,69.65,49.12,118.78,20.53,25.89,BCP,Energy,5432.000000000009
2023-09-26,36.01,23.38,59.39,12.63,29.35,BCP,Energy,5444.630000000009
2023-09-27,100.89,26.22,127.11,74.66,29.23,BCP,Energy,5519.290000000009
2023-09-28,54.05,26.76,80.81,27.28,17.33,BCP,Energy,5546.570000000009
2023-09-29,80.0,66.64,146.65,13.36,39.14,BCP,Energy,5559.9300000000085
2023-10-02,143.82,69.25,213.07,74.58,44.04,BCP,Energy,5634.510000000008
2023-10-03,53.59,72.68,126.27,-19.09,23.94,BCP,Energy,5615.420000000008
2023-10-04,61.27,41.2,102.46,20.07,22.51,BCP,Energy,5635.490000000008
2023-10-05,85.98,61.38,147.35,24.6,30.55,BCP,Energy,5660.090000000008
2023-10-06,44.39,50.44,94.83,-6.06,22.09,BCP,Energy,5654.030000000008
2023-10-09,103.42,96.51,199.93,6.91,32.96,BCP,Energy,5660.940000000008
2023-10-10,104.69,119.37,224.07,-14.68,38.0,BCP,Energy,5646.2600000000075
2023-10-11,75.14,67.11,142.24,8.03,33.85,BCP,Energy,5654.290000000007
2023-10-12,70.47,50.69,121.16,19.78,44.72,BCP,Energy,5674.070000000007
2023-10-16,61.81,95.94,157.75,-34.13,38.7,BCP,Energy,5639.940000000007
2023-10-17,138.98,68.12,207.09,70.86,36.19,BCP,Energy,5710.800000000007
2023-10-18,234.4,217.86,452.25,16.54,64.33,BCP,Energy,5727.3400000000065
2023-10-19,46.26,61.41,107.67,-15.15,33.01,BCP,Energy,5712.190000000007
2023-10-20,84.37,59.75,144.12,24.62,25.84,BCP,Energy,5736.810000000007
2023-10-24,67.5,31.71,99.21,35.8,41.84,BCP,Energy,5772.610000000007
2023-10-25,67.0,56.89,123.89,10.12,27.28,BCP,Energy,5782.730000000007
2023-10-26,135.16,67.81,202.97,67.35,39.78,BCP,Energy,5850.080000000007
2023-10-27,150.35,59.04,209.39,91.31,28.11,BCP,Energy,5941.390000000008
2023-10-30,73.68,46.57,120.25,27.1,29.76,BCP,Energy,5968.490000000008
2023-10-31,121.62,101.05,222.68,20.57,47.22,BCP,Energy,5989.060000000008
2023-11-01,136.99,175.31,312.3,-38.32,29.84,BCP,Energy,5950.740000000008
2023-11-02,136.05,34.07,170.12,101.98,30.66,BCP,Energy,6052.7200000000075
2023-11-03,187.46,32.2,219.66,155.26,38.63,BCP,Energy,6207.980000000008
2023-11-06,36.38,38.68,75.06,-2.31,48.0,BCP,Energy,6205.670000000007
2023-11-07,51.52,26.35,77.87,25.16,33.31,BCP,Energy,6230.830000000007
2023-11-08,126.99,96.35,223.34,30.64,31.75,BCP,Energy,6261.4700000000075
2023-11-09,127.74,76.8,204.54,50.93,27.07,BCP,Energy,6312.400000000008
2023-11-10,299.96,60.08,360.04,239.88,30.98,BCP,Energy,6552.280000000008
2023-11-13,105.87,60.76,166.64,45.11,24.43,BCP,Energy,6597.390000000008
2023-11-14,305.02,100.16,405.18,204.86,37.78,BCP,Energy,6802.250000000007
2023-11-15,211.87,130.02,341.9,81.85,27.03,BCP,Energy,6884.100000000008
2023-11-16,110.99,67.31,178.29,43.68,34.22,BCP,Energy,6927.780000000008
2023-11-17,177.2,133.83,311.03,43.37,35.87,BCP,Energy,6971.150000000008
2023-11-20,84.7,40.21,124.91,44.49,28.94,BCP,Energy,7015.640000000008
2023-11-21,146.51,70.58,217.09,75.92,40.56,BCP,Energy,7091.560000000008
2023-11-22,57.02,40.76,97.78,16.26,29.14,BCP,Energy,7107.820000000008
2023-11-23,63.96,36.1,100.06,27.86,35.33,BCP,Energy,7135.680000000008
2023-11-24,97.5,31.38,128.89,66.12,40.83,BCP,Energy,7201.8000000000075
2023-11-27,82.25,31.47,113.72,50.78,33.96,BCP,Energy,7252.580000000007
2023-11-28,60.58,47.35,107.93,13.22,25.0,BCP,Energy,7265.8000000000075
2023-11-29,41.63,44.09,85.71,-2.46,26.44,BCP,Energy,7263.340000000007
2023-11-30,166.19,73.93,240.12,92.26,40.68,BCP,Energy,7355.600000000008
2023-12-01,39.77,36.39,76.16,3.37,32.16,BCP,Energy,7358.9700000000075
2023-12-04,36.39,35.53,71.91,0.86,26.92,BCP,Energy,7359.830000000007
2023-12-06,64.24,54.55,118.79,9.69,34.96,BCP,Energy,7369.520000000007
2023-12-07,26.88,74.06,100.93,-47.18,29.97,BCP,Energy,7322.3400000000065
2023-12-08,28.72,47.84,76.56,-19.12,31.87,BCP,Energy,7303.220000000007
2023-12-12,52.9,25.96,78.85,26.94,28.21,BCP,Energy,7330.160000000006
2023-12-13,45.9,64.42,110.32,-18.52,23.19,BCP,Energy,7311.640000000006
2023-12-14,57.88,74.53,132.41,-16.65,41.03,BCP,Energy,7294.990000000006
2023-12-15,97.55,69.85,167.4,27.7,21.41,BCP,Energy,7322.690000000006
2023-12-18,20.41,28.82,49.22,-8.41,20.53,BCP,Energy,7314.280000000006
2023-12-19,32.55,24.6,57.16,7.95,32.55,BCP,Energy,7322.230000000006
2023-12-20,69.91,26.17,96.08,43.74,15.93,BCP,Energy,7365.970000000006
2023-12-21,18.22,109.71,127.93,-91.49,27.55,BCP,Energy,7274.480000000006
2023-12-22,9.23,13.03,22.26,-3.8,18.57,BCP,Energy,7270.680000000006
2023-12-25,9.98,13.64,23.62,-3.67,25.84,BCP,Energy,7267.010000000006
2023-12-26,36.35,16.29,52.64,20.06,33.02,BCP,Energy,7287.070000000006
2023-12-27,4.11,12.87,16.98,-8.76,20.64,BCP,Energy,7278.310000000006
2023-12-28,2.38,12.88,15.25,-10.5,15.63,BCP,Energy,7267.810000000006
2024-01-02,53.42,200.15,253.57,-146.73,20.94,BCP,Energy,7121.080000000006
2024-01-03,129.54,157.81,287.35,-28.27,21.18,BCP,Energy,7092.810000000006
2024-01-04,60.14,49.41,109.55,10.73,26.72,BCP,Energy,7103.540000000005
2024-01-05,74.95,53.58,128.54,21.37,32.04,BCP,Energy,7124.910000000005
2024-01-08,58.09,122.62,180.72,-64.53,22.46,BCP,Energy,7060.380000000006
2024-01-09,42.25,110.36,152.6,-68.11,36.07,BCP,Energy,6992.270000000006
2024-01-10,75.51,50.28,125.79,25.24,29.15,BCP,Energy,7017.510000000006
2024-01-11,25.35,38.93,64.29,-13.58,25.78,BCP,Energy,7003.930000000006
2024-01-12,29.76,71.26,101.02,-41.5,21.49,BCP,Energy,6962.430000000006
2024-01-15,23.94,27.56,51.49,-3.62,25.93,BCP,Energy,6958.810000000006
2024-01-16,22.36,17.05,39.4,5.31,21.22,BCP,Energy,6964.120000000006
2024-01-17,20.28,23.18,43.46,-2.91,23.47,BCP,Energy,6961.210000000006
2024-01-18,31.44,46.4,77.84,-14.96,24.14,BCP,Energy,6946.250000000006
2024-01-19,30.43,53.38,83.81,-22.95,22.06,BCP,Energy,6923.300000000007
2024-01-22,9.71,47.9,57.61,-38.19,22.65,BCP,Energy,6885.110000000007
2024-01-23,26.65,60.95,87.61,-34.3,23.22,BCP,Energy,6850.810000000007
2024-01-24,85.16,48.76,133.92,36.41,22.39,BCP,Energy,6887.220000000007
2024-01-25,36.42,16.16,52.58,20.26,30.33,BCP,Energy,6907.480000000007
2024-01-26,8.47,24.15,32.62,-15.68,31.14,BCP,Energy,6891.800000000007
2024-01-29,34.6,31.04,65.65,3.56,17.96,BCP,Energy,6895.360000000007
2024-01-30,30.69,46.21,76.9,-15.52,23.58,BCP,Energy,6879.8400000000065
2024-01-31,86.6,104.0,190.6,-17.4,39.4,BCP,Energy,6862.440000000007
2024-02-01,32.44,28.93,61.38,3.51,27.63,BCP,Energy,6865.950000000007
2024-02-02,60.6,48.82,109.42,11.77,25.64,BCP,Energy,6877.7200000000075
2024-02-05,44.1,6.79,50.9,37.31,21.49,BCP,Energy,6915.030000000008
2024-02-06,63.98,45.98,109.96,17.99,30.33,BCP,Energy,6933.020000000008
2024-02-07,67.43,18.46,85.89,48.97,17.89,BCP,Energy,6981.990000000008
2024-02-08,225.86,64.09,289.95,161.77,41.16,BCP,Energy,7143.760000000008
2024-02-09,59.15,25.56,84.71,33.59,18.77,BCP,Energy,7177.350000000009
2024-02-12,135.68,53.42,189.11,82.26,36.33,BCP,Energy,7259.610000000009
2024-02-13,94.14,39.27,133.41,54.87,38.71,BCP,Energy,7314.480000000009
2024-02-14,93.91,33.1,127.01,60.81,38.21,BCP,Energy,7375.290000000009
2024-02-15,75.89,9.5,85.4,66.39,29.35,BCP,Energy,7441.680000000009
2024-02-16,75.64,22.45,98.09,53.2,17.5,BCP,Energy,7494.880000000009
2024-02-19,60.42,69.74,130.16,-9.32,20.85,BCP,Energy,7485.5600000000095
2024-02-20,24.94,29.99,54.94,-5.05,18.07,BCP,Energy,7480.510000000009
2024-02-21,128.3,37.14,165.44,91.16,20.51,BCP,Energy,7571.670000000009
2024-02-22,109.97,52.69,162.66,57.28,37.24,BCP,Energy,7628.950000000009
2024-02-23,133.81,91.17,224.98,42.64,28.9,BCP,Energy,7671.590000000009
2024-02-27,86.54,100.71,187.25,-14.17,22.16,BCP,Energy,7657.420000000009
2024-02-28,138.89,75.68,214.57,63.2,19.0,BCP,Energy,7720.620000000009
2024-02-29,192.31,248.1,440.42,-55.79,34.65,BCP,Energy,7664.830000000009
2024-03-01,82.51,85.35,167.85,-2.84,21.35,BCP,Energy,7661.990000000009
2024-03-04,155.43,67.76,223.19,87.68,33.49,BCP,Energy,7749.670000000009
2024-03-05,102.08,127.4,229.48,-25.32,31.55,BCP,Energy,7724.3500000000095
2024-03-06,88.33,170.8,259.13,-82.47,32.28,BCP,Energy,7641.880000000009
2024-03-07,61.49,95.92,157.4,-34.43,29.18,BCP,Energy,7607.450000000009
2024-03-08,23.34,57.83,81.17,-34.49,24.6,BCP,Energy,7572.960000000009
2024-03-11,40.28,37.02,77.31,3.26,27.95,BCP,Energy,7576.220000000009
2024-03-12,30.24,107.29,137.53,-77.05,24.63,BCP,Energy,7499.170000000009
2024-03-13,114.48,26.19,140.66,88.29,26.37,BCP,Energy,7587.460000000009
2024-03-14,150.93,96.21,247.14,54.72,32.21,BCP,Energy,7642.180000000009
2024-03-15,53.29,20.6,73.89,32.69,28.01,BCP,Energy,7674.870000000009
2024-03-18,123.62,34.85,158.47,88.77,34.05,BCP,Energy,7763.640000000009
2024-03-19,109.14,76.07,185.21,33.07,26.81,BCP,Energy,7796.710000000009
2024-03-20,260.59,90.89,351.49,169.7,24.1,BCP,Energy,7966.410000000009
2024-03-21,478.23,108.31,586.54,369.92,40.64,BCP,Energy,8336.330000000009
2024-03-22,206.02,72.88,278.9,133.14,28.13,BCP,Energy,8469.470000000008
2024-03-25,108.95,67.19,176.13,41.76,26.49,BCP,Energy,8511.230000000009
2024-03-26,96.28,61.16,157.45,35.12,28.53,BCP,Energy,8546.35000000001
2024-03-27,43.75,60.76,104.51,-17.01,29.81,BCP,Energy,8529.34000000001
2024-03-28,14.44,51.86,66.3,-37.42,26.33,BCP,Energy,8491.92000000001
2024-03-29,60.71,58.33,119.04,2.38,28.39,BCP,Energy,8494.300000000008
2024-04-01,22.15,58.13,80.28,-35.97,23.29,BCP,Energy,8458.330000000009
2024-04-02,131.23,67.12,198.35,64.11,22.88,BCP,Energy,8522.44000000001
2024-04-03,87.92,71.51,159.43,16.4,24.37,BCP,Energy,8538.84000000001
2024-04-04,119.39,70.88,190.26,48.51,36.46,BCP,Energy,8587.35000000001
2024-04-05,117.88,66.18,184.06,51.7,47.35,BCP,Energy,8639.05000000001
2024-04-09,91.68,84.09,175.77,7.59,40.66,BCP,Energy,8646.64000000001
2024-04-10,62.09,66.55,128.64,-4.46,23.71,BCP,Energy,8642.180000000011
2024-04-11,71.03,12.11,83.14,58.92,21.1,BCP,Energy,8701.100000000011
2024-04-17,30.51,82.33,112.84,-51.82,25.85,BCP,Energy,8649.280000000012
2024-04-18,104.31,152.54,256.86,-48.23,45.78,BCP,Energy,8601.050000000012
2024-04-19,123.54,84.88,208.42,38.66,28.07,BCP,Energy,8639.710000000012
2024-04-22,84.19,137.57,221.76,-53.38,29.44,BCP,Energy,8586.330000000013
2024-04-23,70.75,61.0,131.75,9.75,46.24,BCP,Energy,8596.080000000013
2024-04-24,88.94,58.64,147.58,30.3,40.74,BCP,Energy,8626.380000000012
2024-04-25,71.62,65.18,136.8,6.43,53.95,BCP,Energy,8632.810000000012
2024-04-26,93.71,84.83,178.54,8.88,29.66,BCP,Energy,8641.690000000011
2024-04-29,127.48,79.33,206.81,48.15,37.69,BCP,Energy,8689.840000000011
2024-04-30,86.58,102.81,189.39,-16.23,24.06,BCP,Energy,8673.610000000011
2024-05-02,77.19,138.55,215.75,-61.36,28.7,BCP,Energy,8612.250000000011
2024-05-03,97.31,89.97,187.28,7.34,34.91,BCP,Energy,8619.590000000011
2024-05-07,23.46,92.67,116.13,-69.21,32.12,BCP,Energy,8550.380000000012
2024-05-08,42.85,88.23,131.08,-45.37,30.62,BCP,Energy,8505.010000000011
2024-05-09,32.98,95.04,128.03,-62.06,31.72,BCP,Energy,8442.950000000012
2024-05-10,86.85,90.26,177.11,-3.4,24.23,BCP,Energy,8439.550000000012
2024-05-13,45.9,103.65,149.54,-57.75,31.16,BCP,Energy,8381.800000000012
2024-05-14,119.32,155.16,274.47,-35.84,37.61,BCP,Energy,8345.960000000012
2024-05-15,54.83,137.19,192.02,-82.36,21.02,BCP,Energy,8263.600000000011
2024-05-16,42.84,106.72,149.56,-63.88,29.92,BCP,Energy,8199.720000000012
2024-05-17,61.53,63.18,124.71,-1.64,24.49,BCP,Energy,8198.080000000013
2024-05-20,116.83,46.08,162.91,70.74,36.18,BCP,Energy,8268.820000000012
2024-05-21,60.41,218.44,278.84,-158.03,31.11,BCP,Energy,8110.790000000013
2024-05-23,106.81,149.54,256.35,-42.72,36.73,BCP,Energy,8068.070000000012
2024-05-24,30.54,44.59,75.13,-14.05,30.23,BCP,Energy,8054.020000000012
2024-05-27,88.52,57.39,145.91,31.12,37.59,BCP,Energy,8085.140000000012
2024-05-28,26.89,29.81,56.7,-2.92,29.92,BCP,Energy,8082.220000000012
2024-05-29,52.98,52.07,105.05,0.91,28.66,BCP,Energy,8083.130000000012
2024-05-30,39.88,80.45,120.33,-40.56,30.69,BCP,Energy,8042.5700000000115
2024-05-31,218.14,192.22,410.36,25.92,53.58,BCP,Energy,8068.490000000012
2024-06-04,83.1,91.5,174.6,-8.4,41.05,BCP,Energy,8060.090000000012
2024-06-05,53.67,58.5,112.16,-4.83,30.36,BCP,Energy,8055.260000000012
2024-06-06,169.6,156.44,326.04,13.16,39.36,BCP,Energy,8068.420000000012
2024-06-07,62.37,39.64,102.0,22.73,33.03,BCP,Energy,8091.1500000000115
2024-06-10,120.66,208.23,328.89,-87.57,36.65,BCP,Energy,8003.580000000012
2024-06-11,80.97,142.0,222.97,-61.03,34.2,BCP,Energy,7942.550000000012
2024-06-12,61.52,90.57,152.1,-29.05,30.7,BCP,Energy,7913.500000000012
2024-06-13,49.2,131.84,181.04,-82.64,36.17,BCP,Energy,7830.8600000000115
2024-06-14,25.76,82.12,107.88,-56.36,35.37,BCP,Energy,7774.500000000012
2024-06-17,34.62,58.08,92.7,-23.46,30.05,BCP,Energy,7751.040000000012
2024-06-18,224.43,141.28,365.7,83.15,41.85,BCP,Energy,7834.190000000011
2024-06-19,150.52,197.86,348.38,-47.33,36.82,BCP,Energy,7786.8600000000115
2024-06-20,55.77,78.84,134.61,-23.07,30.11,BCP,Energy,7763.790000000012
2024-06-21,307.37,88.84,396.21,218.53,34.81,BCP,Energy,7982.3200000000115
2024-06-24,76.85,105.75,182.6,-28.89,34.4,BCP,Energy,7953.430000000011
2024-06-25,63.52,134.95,198.47,-71.42,29.5,BCP,Energy,7882.010000000011
2024-06-26,38.53,68.3,106.82,-29.77,26.04,BCP,Energy,7852.240000000011
2024-06-27,44.74,157.86,202.6,-113.13,38.33,BCP,Energy,7739.110000000011
2024-06-28,59.86,389.63,449.49,-329.77,32.79,BCP,Energy,7409.340000000011
2024-07-01,44.56,74.17,118.73,-29.61,32.91,BCP,Energy,7379.730000000011
2024-07-02,75.42,171.36,246.78,-95.94,24.24,BCP,Energy,7283.790000000012
2024-07-03,38.2,128.48,166.67,-90.28,22.36,BCP,Energy,7193.510000000012
2024-07-04,79.88,40.32,120.2,39.56,27.62,BCP,Energy,7233.070000000012
2024-07-05,115.3,119.64,234.93,-4.34,25.37,BCP,Energy,7228.730000000012
2024-07-08,85.62,98.24,183.85,-12.62,50.14,BCP,Energy,7216.110000000012
2024-07-09,101.32,194.88,296.2,-93.56,44.85,BCP,Energy,7122.550000000012
2024-07-10,39.73,139.39,179.12,-99.66,31.11,BCP,Energy,7022.890000000012
2024-07-11,123.77,140.94,264.71,-17.17,23.9,BCP,Energy,7005.720000000012
2024-07-12,81.54,97.07,178.6,-15.53,27.1,BCP,Energy,6990.190000000012
2024-07-15,36.08,73.73,109.82,-37.65,29.2,BCP,Energy,6952.540000000013
2024-07-16,76.8,138.78,215.57,-61.98,29.4,BCP,Energy,6890.560000000013
2024-07-17,170.73,311.75,482.48,-141.02,33.74,BCP,Energy,6749.540000000013
2024-07-18,83.72,79.07,162.79,4.65,23.81,BCP,Energy,6754.190000000012
2024-07-19,39.52,142.85,182.37,-103.32,35.7,BCP,Energy,6650.870000000013
2024-07-23,116.91,148.59,265.5,-31.68,35.19,BCP,Energy,6619.190000000012
2024-07-24,47.61,135.65,183.27,-88.04,20.83,BCP,Energy,6531.150000000012
2024-07-25,144.89,127.72,272.61,17.16,31.09,BCP,Energy,6548.310000000012
2024-07-26,260.36,148.86,409.22,111.5,33.82,BCP,Energy,6659.810000000012
2024-07-30,69.81,66.41,136.23,3.4,32.23,BCP,Energy,6663.210000000012
2024-07-31,212.93,295.7,508.64,-82.77,41.74,BCP,Energy,6580.440000000011
2024-08-01,138.07,392.89,530.97,-254.82,29.72,BCP,Energy,6325.620000000012
2024-08-02,81.62,283.67,365.29,-202.04,21.3,BCP,Energy,6123.580000000012
2024-08-05,77.06,336.11,413.18,-259.05,28.5,BCP,Energy,5864.530000000012
2024-08-06,181.64,356.06,537.7,-174.42,23.98,BCP,Energy,5690.1100000000115
2024-08-07,35.55,231.21,266.76,-195.67,31.95,BCP,Energy,5494.440000000011
2024-08-08,127.44,193.44,320.88,-66.0,32.16,BCP,Energy,5428.440000000011
2024-08-09,313.09,203.97,517.06,109.11,27.99,BCP,Energy,5537.550000000011
2024-08-13,71.94,246.5,318.43,-174.56,32.13,BCP,Energy,5362.990000000011
2024-08-14,159.78,252.34,412.12,-92.56,28.84,BCP,Energy,5270.43000000001
2024-08-15,104.07,127.06,231.13,-22.98,20.42,BCP,Energy,5247.450000000011
2024-08-16,76.57,155.2,231.77,-78.63,47.01,BCP,Energy,5168.820000000011
2024-08-19,64.56,55.79,120.35,8.77,27.62,BCP,Energy,5177.590000000011
2024-08-20,57.97,69.04,127.01,-11.06,31.75,BCP,Energy,5166.530000000011
2024-08-21,114.53,173.03,287.56,-58.5,33.87,BCP,Energy,5108.030000000011
2024-08-22,55.13,136.4,191.53,-81.26,37.54,BCP,Energy,5026.77000000001
2024-08-23,94.81,97.0,191.81,-2.19,19.6,BCP,Energy,5024.580000000011
2024-08-26,96.24,176.99,273.23,-80.75,31.77,BCP,Energy,4943.830000000011
2024-08-27,70.91,180.69,251.6,-109.78,19.74,BCP,Energy,4834.050000000011
2024-08-28,53.59,54.58,108.18,-0.99,19.27,BCP,Energy,4833.060000000011
2024-08-29,30.29,100.57,130.86,-70.28,22.78,BCP,Energy,4762.780000000012
2024-08-30,86.99,203.18,290.17,-116.2,31.79,BCP,Energy,4646.580000000012
2024-09-02,45.52,110.46,155.98,-64.94,22.44,BCP,Energy,4581.640000000012
2024-09-03,224.43,116.18,340.62,108.25,18.98,BCP,Energy,4689.890000000012
2024-09-04,26.13,171.28,197.41,-145.16,22.65,BCP,Energy,4544.730000000012
2024-09-05,52.74,93.82,146.57,-41.08,14.88,BCP,Energy,4503.650000000012
2024-09-06,72.76,168.39,241.15,-95.63,22.11,BCP,Energy,4408.020000000012
2024-09-09,64.35,240.03,304.38,-175.68,20.84,BCP,Energy,4232.340000000012
2024-09-10,55.54,115.79,171.33,-60.24,15.93,BCP,Energy,4172.100000000012
2024-09-11,175.28,248.83,424.11,-73.55,24.7,BCP,Energy,4098.550000000012
2024-09-12,66.01,63.66,129.67,2.34,23.66,BCP,Energy,4100.890000000012
2024-09-13,50.75,94.08,144.82,-43.33,18.97,BCP,Energy,4057.560000000012
2024-09-16,195.81,77.27,273.07,118.54,22.65,BCP,Energy,4176.100000000012
2024-09-17,52.91,67.79,120.7,-14.88,21.28,BCP,Energy,4161.220000000012
2024-09-18,35.53,51.66,87.2,-16.13,14.74,BCP,Energy,4145.090000000012
2024-09-19,87.7,46.73,134.43,40.97,15.74,BCP,Energy,4186.060000000012
2024-09-20,166.04,83.17,249.2,82.87,20.81,BCP,Energy,4268.930000000012
2024-09-23,28.42,125.45,153.88,-97.03,29.95,BCP,Energy,4171.900000000012
2024-09-24,87.22,169.61,256.83,-82.4,22.69,BCP,Energy,4089.5000000000123
2024-09-25,62.18,121.68,183.86,-59.5,13.73,BCP,Energy,4030.0000000000123
2024-09-26,73.11,136.75,209.86,-63.64,21.21,BCP,Energy,3966.3600000000124
2024-09-27,42.66,41.8,84.46,0.86,11.4,BCP,Energy,3967.2200000000125
2024-09-30,54.88,74.74,129.61,-19.86,33.32,BCP,Energy,3947.3600000000124
2024-10-01,16.09,95.26,111.35,-79.17,22.4,BCP,Energy,3868.1900000000123
2024-10-02,108.41,118.59,227.0,-10.19,13.22,BCP,Energy,3858.0000000000123
2024-10-03,26.92,129.96,156.88,-103.05,16.38,BCP,Energy,3754.950000000012
2024-10-04,578.53,154.73,733.26,423.79,29.06,BCP,Energy,4178.7400000000125
2024-10-07,120.83,80.01,200.84,40.82,20.39,BCP,Energy,4219.560000000012
2024-10-08,108.12,112.06,220.17,-3.94,24.22,BCP,Energy,4215.620000000013
2024-10-09,26.8,126.37,153.17,-99.57,23.98,BCP,Energy,4116.050000000013
2024-10-10,38.26,132.41,170.67,-94.15,25.46,BCP,Energy,4021.900000000013
2024-10-11,74.79,63.69,138.48,11.11,25.08,BCP,Energy,4033.010000000013
2024-10-15,29.06,90.22,119.28,-61.16,21.33,BCP,Energy,3971.850000000013
2024-10-16,162.9,111.12,274.02,51.79,33.72,BCP,Energy,4023.640000000013
2024-10-17,86.99,50.4,137.39,36.6,28.14,BCP,Energy,4060.240000000013
2024-10-18,18.83,43.75,62.58,-24.92,20.15,BCP,Energy,4035.320000000013
2024-10-21,27.78,34.92,62.7,-7.14,16.08,BCP,Energy,4028.180000000013
2024-10-22,36.06,29.88,65.93,6.18,12.18,BCP,Energy,4034.360000000013
2024-10-24,101.46,84.5,185.97,16.96,20.68,BCP,Energy,4051.320000000013
2024-10-25,80.0,87.04,167.05,-7.04,23.99,BCP,Energy,4044.280000000013
2024-10-28,53.54,89.2,142.74,-35.66,26.58,BCP,Energy,4008.620000000013
2024-10-29,28.36,44.33,72.68,-15.97,24.91,BCP,Energy,3992.6500000000133
2024-10-30,12.47,44.89,57.36,-32.42,15.5,BCP,Energy,3960.230000000013
2024-10-31,25.24,37.3,62.54,-12.06,15.01,BCP,Energy,3948.1700000000133
2024-11-01,23.02,49.11,72.13,-26.1,19.3,BCP,Energy,3922.0700000000134
2024-11-04,21.57,56.03,77.59,-34.46,13.51,BCP,Energy,3887.6100000000133
2024-11-05,16.88,33.63,50.51,-16.76,11.62,BCP,Energy,3870.850000000013
2024-11-06,14.79,31.28,46.07,-16.5,12.93,BCP,Energy,3854.350000000013
2024-11-07,67.68,72.61,140.28,-4.93,24.97,BCP,Energy,3849.4200000000133
2024-11-08,7.64,25.92,33.56,-18.28,19.83,BCP,Energy,3831.140000000013
2024-11-11,8.6,20.87,29.47,-12.26,16.15,BCP,Energy,3818.880000000013
2024-11-12,32.31,79.17,111.48,-46.86,19.27,BCP,Energy,3772.0200000000127
2024-11-13,69.65,156.79,226.44,-87.14,30.3,BCP,Energy,3684.880000000013
2024-11-14,98.57,121.44,220.01,-22.87,30.69,BCP,Energy,3662.010000000013
2024-11-15,191.92,180.78,372.71,11.14,23.09,BCP,Energy,3673.150000000013
2024-11-18,194.38,88.01,282.38,106.37,38.12,BCP,Energy,3779.5200000000127
2024-11-19,110.54,100.38,210.92,10.15,22.62,BCP,Energy,3789.670000000013
2024-11-20,64.36,70.14,134.51,-5.78,26.84,BCP,Energy,3783.8900000000126
2024-11-21,84.47,38.56,123.03,45.91,28.58,BCP,Energy,3829.8000000000125
2024-11-22,66.0,34.25,100.25,31.74,23.28,BCP,Energy,3861.5400000000122
2024-11-25,156.97,131.12,288.09,25.84,22.09,BCP,Energy,3887.3800000000124
2024-11-26,91.25,111.62,202.87,-20.37,20.12,BCP,Energy,3867.0100000000125
2024-11-27,52.44,53.4,105.84,-0.95,13.11,BCP,Energy,3866.0600000000127
2024-11-28,120.39,42.06,162.45,78.33,13.91,BCP,Energy,3944.3900000000126
2024-11-29,51.61,87.38,138.98,-35.77,18.78,BCP,Energy,3908.6200000000126
2024-12-02,39.38,68.76,108.15,-29.38,20.52,BCP,Energy,3879.2400000000125
2024-12-03,16.51,51.91,68.42,-35.4,15.5,BCP,Energy,3843.8400000000124
2024-12-04,19.11,74.71,93.82,-55.59,23.82,BCP,Energy,3788.2500000000123
2024-12-06,35.54,111.2,146.74,-75.67,32.18,BCP,Energy,3712.580000000012
2024-12-09,8.02,51.44,59.46,-43.42,19.89,BCP,Energy,3669.160000000012
2024-12-11,18.27,90.73,109.01,-72.46,20.72,BCP,Energy,3596.700000000012
2024-12-12,63.16,244.45,307.61,-181.29,28.35,BCP,Energy,3415.410000000012
2024-12-13,41.11,92.61,133.72,-51.5,35.63,BCP,Energy,3363.910000000012
2024-12-16,25.52,77.93,103.44,-52.41,17.21,BCP,Energy,3311.5000000000123
2024-12-17,39.4,117.05,156.45,-77.65,26.31,BCP,Energy,3233.850000000012
2024-12-18,90.75,92.76,183.51,-2.0,16.73,BCP,Energy,3231.850000000012
2024-12-19,255.25,260.83,516.07,-5.58,14.59,BCP,Energy,3226.2700000000123
2024-12-20,55.86,155.21,211.07,-99.36,12.05,BCP,Energy,3126.910000000012
2024-12-23,36.73,96.31,133.04,-59.58,17.59,BCP,Energy,3067.330000000012
2024-12-24,30.73,98.56,129.3,-67.83,12.47,BCP,Energy,2999.5000000000123
2024-12-25,118.79,90.82,209.61,27.98,8.61,BCP,Energy,3027.4800000000123
2024-12-26,33.74,64.01,97.75,-30.27,8.41,BCP,Energy,2997.2100000000123
2024-12-27,58.1,238.4,296.5,-180.3,24.46,BCP,Energy,2816.910000000012
2024-12-30,441.44,192.99,634.43,248.45,27.47,BCP,Energy,3065.360000000012
2025-01-02,79.02,76.29,155.31,2.73,14.09,BCP,Energy,3068.090000000012
2025-01-03,24.22,123.77,147.99,-99.55,25.81,BCP,Energy,2968.540000000012
2025-01-06,75.02,128.74,203.77,-53.72,31.18,BCP,Energy,2914.820000000012
2025-01-07,54.37,48.19,102.56,6.18,13.7,BCP,Energy,2921.000000000012
2025-01-08,16.22,47.89,64.11,-31.67,17.49,BCP,Energy,2889.3300000000118
2025-01-09,24.93,58.55,83.49,-33.62,22.16,BCP,Energy,2855.710000000012
2025-01-10,43.2,72.51,115.71,-29.3,26.02,BCP,Energy,2826.4100000000117
2025-01-13,21.31,57.8,79.11,-36.49,23.23,BCP,Energy,2789.920000000012
2025-01-14,29.07,89.49,118.56,-60.42,14.93,BCP,Energy,2729.500000000012
2025-01-15,12.25,39.14,51.39,-26.88,16.87,BCP,Energy,2702.6200000000117
2025-01-16,16.44,88.83,105.28,-72.39,28.88,BCP,Energy,2630.230000000012
2025-01-17,37.09,22.16,59.25,14.93,16.67,BCP,Energy,2645.1600000000117
2025-01-20,33.11,102.64,135.76,-69.53,18.17,BCP,Energy,2575.6300000000115
2025-01-21,18.6,99.71,118.31,-81.12,19.66,BCP,Energy,2494.5100000000116
2025-01-22,16.35,69.01,85.36,-52.66,8.02,BCP,Energy,2441.8500000000117
2025-01-23,5.38,54.12,59.5,-48.73,15.04,BCP,Energy,2393.1200000000117
2025-01-24,38.82,71.12,109.94,-32.3,9.21,BCP,Energy,2360.8200000000115
2025-01-27,4.6,25.06,29.66,-20.46,13.9,BCP,Energy,2340.3600000000115
2025-01-28,16.73,33.87,50.6,-17.14,12.04,BCP,Energy,2323.2200000000116
2025-01-29,44.55,112.87,157.41,-68.32,11.97,BCP,Energy,2254.9000000000115
2025-01-30,24.68,31.82,56.5,-7.14,11.93,BCP,Energy,2247.7600000000116
2025-01-31,51.51,108.84,160.35,-57.34,18.65,BCP,Energy,2190.4200000000114
2025-02-03,56.25,133.5,189.75,-77.24,14.12,BCP,Energy,2113.1800000000117
2025-02-04,23.95,54.98,78.93,-31.04,17.63,BCP,Energy,2082.1400000000117
2025-02-05,45.41,61.92,107.33,-16.5,17.54,BCP,Energy,2065.6400000000117
2025-02-06,27.22,55.48,82.7,-28.26,13.02,BCP,Energy,2037.3800000000117
2025-02-07,95.9,130.3,226.2,-34.41,19.92,BCP,Energy,2002.9700000000116
2025-02-10,12.25,47.77,60.02,-35.52,17.92,BCP,Energy,1967.4500000000116
2025-02-11,18.0,72.85,90.84,-54.85,12.83,BCP,Energy,1912.6000000000117
2025-02-13,71.14,64.33,135.46,6.81,9.34,BCP,Energy,1919.4100000000117
2025-02-14,52.97,80.98,133.95,-28.01,10.07,BCP,Energy,1891.4000000000117
2025-02-17,29.28,17.75,47.03,11.53,13.86,BCP,Energy,1902.9300000000117
2025-02-18,21.67,32.48,54.15,-10.81,8.15,BCP,Energy,1892.1200000000117
2025-02-19,25.88,65.11,90.98,-39.23,14.53,BCP,Energy,1852.8900000000117
2025-02-20,22.22,21.27,43.49,0.95,10.13,BCP,Energy,1853.8400000000117
2025-02-21,154.77,115.38,270.15,39.39,11.21,BCP,Energy,1893.2300000000118
2025-02-24,117.94,152.04,269.99,-34.1,13.22,BCP,Energy,1859.130000000012
2025-02-25,44.85,126.87,171.71,-82.02,9.07,BCP,Energy,1777.110000000012
2025-02-26,53.83,50.13,103.95,3.7,13.33,BCP,Energy,1780.810000000012
2025-02-27,16.83,86.53,103.37,-69.7,17.12,BCP,Energy,1711.110000000012
2025-02-28,77.87,54.88,132.75,22.99,8.86,BCP,Energy,1734.100000000012
2025-03-03,39.09,101.92,141.01,-62.83,18.75,BCP,Energy,1671.270000000012
2025-03-04,21.08,30.76,51.84,-9.68,9.6,BCP,Energy,1661.590000000012
2025-03-05,4549.42,6.03,4555.44,4543.39,49.36,BCP,Energy,6204.980000000012
2025-03-06,30.54,21.14,51.68,9.41,7.68,BCP,Energy,6214.390000000012
2025-03-07,12.79,50.22,63.01,-37.42,13.16,BCP,Energy,6176.970000000012
2025-03-10,13.23,24.69,37.92,-11.46,14.12,BCP,Energy,6165.510000000012
2025-03-11,31.92,52.41,84.32,-20.49,16.06,BCP,Energy,6145.020000000012
2025-03-12,26.86,43.19,70.06,-16.33,9.51,BCP,Energy,6128.690000000012
2025-03-13,12.68,8.4,21.08,4.28,11.92,BCP,Energy,6132.970000000012
2025-03-14,14.23,8.9,23.13,5.34,5.98,BCP,Energy,6138.310000000012
2025-03-17,19.2,26.53,45.73,-7.34,17.5,BCP,Energy,6130.970000000012
2025-03-18,17.41,6.99,24.4,10.42,10.82,BCP,Energy,6141.390000000012
2025-03-19,26.27,3.92,30.18,22.35,0.62,BCP,Energy,6163.7400000000125
2025-03-20,11.34,49.52,60.86,-38.17,15.98,BCP,Energy,6125.570000000012
2025-03-21,11.11,15.03,26.14,-3.92,3.63,BCP,Energy,6121.650000000012
2025-03-24,7.02,15.63,22.65,-8.6,11.88,BCP,Energy,6113.050000000012
2025-03-25,54.51,25.2,79.71,29.3,17.32,BCP,Energy,6142.350000000012
2025-03-26,18.32,14.82,33.14,3.49,10.56,BCP,Energy,6145.840000000012
2025-03-27,1.26,6.54,7.8,-5.27,3.96,BCP,Energy,6140.5700000000115
2025-03-28,1.53,7.65,9.18,-6.12,25.68,BCP,Energy,6134.450000000012
2025-03-31,21.16,1502.46,1523.62,-1481.3,43.31,BCP,Energy,4653.1500000000115
2025-04-01,58.44,16.46,74.9,41.98,4.0,BCP,Energy,4695.130000000011
2025-04-02,62.02,31.44,93.47,30.58,19.52,BCP,Energy,4725.710000000011
2025-04-03,54.36,67.23,121.59,-12.86,11.48,BCP,Energy,4712.850000000011
2025-04-04,26.27,63.14,89.42,-36.87,13.25,BCP,Energy,4675.980000000011
2025-04-08,63.78,35.05,98.83,28.72,14.67,BCP,Energy,4704.700000000012
2025-04-09,34.55,3168.44,3202.99,-3133.9,48.61,BCP,Energy,1570.8000000000116
2025-04-10,23.86,29.71,53.57,-5.85,19.81,BCP,Energy,1564.9500000000116
2025-04-11,14.08,16.54,30.62,-2.46,16.92,BCP,Energy,1562.4900000000116
2025-04-16,17.03,33.41,50.44,-16.39,27.1,BCP,Energy,1546.1000000000115
2025-04-17,5.54,12.89,18.43,-7.35,18.37,BCP,Energy,1538.7500000000116
2025-04-18,16.54,8.28,24.82,8.26,25.05,BCP,Energy,1547.0100000000116
2025-04-21,10.57,18.98,29.55,-8.41,26.0,BCP,Energy,1538.6000000000115
2025-04-22,6.43,8.59,15.03,-2.16,21.76,BCP,Energy,1536.4400000000114
2025-04-23,9.83,19.89,29.72,-10.06,9.54,BCP,Energy,1526.3800000000115
2025-04-24,26.1,26.81,52.91,-0.71,12.04,BCP,Energy,1525.6700000000114
2025-04-25,51.17,93.46,144.63,-42.29,25.65,BCP,Energy,1483.3800000000115
2025-04-28,16.78,35.72,52.5,-18.94,12.65,BCP,Energy,1464.4400000000114
2025-04-29,20.48,25.32,45.79,-4.84,15.09,BCP,Energy,1459.6000000000115
2025-04-30,75.6,16.32,91.92,59.27,20.39,BCP,Energy,1518.8700000000115
2025-05-02,26.11,23.24,49.34,2.87,20.55,BCP,Energy,1521.7400000000114
2025-05-06,19.25,15.61,34.86,3.64,24.46,BCP,Energy,1525.3800000000115
2025-05-07,39.68,23.95,63.63,15.73,14.04,BCP,Energy,1541.1100000000115
2025-05-08,24.86,19.21,44.07,5.65,14.01,BCP,Energy,1546.7600000000116
2025-05-09,44.11,22.97,67.08,21.14,21.04,BCP,Energy,1567.9000000000117
2025-05-13,91.14,21.55,112.68,69.59,23.76,BCP,Energy,1637.4900000000116
2025-05-14,117.97,52.84,170.81,65.13,28.62,BCP,Energy,1702.6200000000117
2025-05-15,29.19,12.9,42.09,16.29,31.77,BCP,Energy,1718.9100000000117
2025-05-16,25.97,24.8,50.77,1.18,29.06,BCP,Energy,1720.0900000000117
2025-05-19,16.28,40.94,57.22,-24.66,25.66,BCP,Energy,1695.4300000000117
2025-05-20,18.81,7.73,26.54,11.08,18.5,BCP,Energy,1706.5100000000116
2025-05-21,23.62,12.8,36.43,10.82,14.22,BCP,Energy,1717.3300000000115
2025-05-22,10.16,11.54,21.7,-1.38,25.36,BCP,Energy,1715.9500000000114
2025-05-23,66.32,17.25,83.57,49.08,37.95,BCP,Energy,1765.0300000000113
2025-05-26,4.93,26.59,31.52,-21.66,16.95,BCP,Energy,1743.3700000000113
2025-05-27,34.93,27.51,62.44,7.42,22.58,BCP,Energy,1750.7900000000113
2025-05-28,18.95,9.1,28.05,9.85,13.99,BCP,Energy,1760.6400000000112
2025-05-29,20.02,28.53,48.54,-8.51,26.22,BCP,Energy,1752.1300000000113
2025-05-30,217.75,140.76,358.52,76.99,53.38,BCP,Energy,1829.1200000000113
2025-06-04,49.98,35.72,85.7,14.26,25.9,BCP,Energy,1843.3800000000113
2025-06-05,54.32,34.7,89.03,19.62,22.32,BCP,Energy,1863.0000000000111
2025-06-06,15.26,37.23,52.49,-21.97,30.34,BCP,Energy,1841.0300000000111
2025-06-09,42.98,16.11,59.09,26.86,22.98,BCP,Energy,1867.890000000011
2025-06-10,18.23,26.02,44.25,-7.79,21.18,BCP,Energy,1860.100000000011
2025-06-11,10.43,36.31,46.74,-25.88,16.33,BCP,Energy,1834.220000000011
2025-06-12,5.26,24.95,30.21,-19.69,25.05,BCP,Energy,1814.530000000011
2025-06-13,108.73,145.93,254.66,-37.2,23.69,BCP,Energy,1777.3300000000108
2025-06-16,47.91,45.85,93.77,2.06,15.5,BCP,Energy,1779.3900000000108
2025-06-17,27.68,50.07,77.74,-22.39,17.78,BCP,Energy,1757.0000000000107
2025-06-18,16.86,69.66,86.52,-52.8,13.15,BCP,Energy,1704.2000000000107
2025-06-19,26.18,40.92,67.1,-14.74,11.96,BCP,Energy,1689.4600000000107
2025-06-20,170.44,35.89,206.33,134.55,28.47,BCP,Energy,1824.0100000000107
2025-06-23,101.35,51.71,153.07,49.64,25.3,BCP,Energy,1873.6500000000108
2025-06-24,54.18,84.87,139.04,-30.69,19.98,BCP,Energy,1842.9600000000107
2025-06-25,15.98,36.02,52.0,-20.04,22.25,BCP,Energy,1822.9200000000108
2025-06-26,19.3,16.12,35.42,3.18,19.83,BCP,Energy,1826.1000000000108
2025-06-27,18.53,26.21,44.74,-7.67,18.61,BCP,Energy,1818.4300000000108
2025-06-30,59.92,163.7,223.62,-103.77,31.01,BCP,Energy,1714.6600000000108
2025-07-01,42.43,37.68,80.11,4.75,24.15,BCP,Energy,1719.4100000000108
2025-07-02,31.96,50.06,82.01,-18.1,32.07,BCP,Energy,1701.3100000000109
2025-07-03,8.67,30.87,39.54,-22.19,23.57,BCP,Energy,1679.1200000000108
2025-07-04,4.12,10.29,14.41,-6.17,15.96,BCP,Energy,1672.9500000000107
2025-07-07,19.36,20.45,39.82,-1.09,24.07,BCP,Energy,1671.8600000000108
2025-07-08,7.12,19.01,26.13,-11.89,19.25,BCP,Energy,1659.9700000000107
2025-07-09,6.85,14.23,21.08,-7.39,17.2,BCP,Energy,1652.5800000000106
2025-07-11,51.41,28.22,79.63,23.18,31.49,BCP,Energy,1675.7600000000107
2025-07-14,27.41,17.05,44.46,10.36,23.18,BCP,Energy,1686.1200000000106
2025-07-15,35.48,26.74,62.22,8.74,26.91,BCP,Energy,1694.8600000000106
2025-07-16,24.53,22.78,47.31,1.76,24.93,BCP,Energy,1696.6200000000106
2025-07-17,61.88,24.51,86.39,37.37,23.58,BCP,Energy,1733.9900000000105
2025-07-18,149.49,36.53,186.02,112.95,29.2,BCP,Energy,1846.9400000000105
2025-07-21,33.34,3.86,37.2,29.48,20.46,BCP,Energy,1876.4200000000105
2025-07-22,85.11,31.23,116.34,53.88,24.76,BCP,Energy,1930.3000000000106
2025-07-23,48.3,24.57,72.86,23.73,28.46,BCP,Energy,1954.0300000000107
2025-07-24,125.99,40.16,166.15,85.83,27.0,BCP,Energy,2039.8600000000106
2025-07-25,54.9,36.47,91.37,18.43,24.09,BCP,Energy,2058.2900000000104
2025-07-29,78.83,52.51,131.35,26.32,32.66,BCP,Energy,2084.6100000000106
2025-07-30,79.73,61.21,140.94,18.52,29.84,BCP,Energy,2103.1300000000106
2025-07-31,67.5,35.81,103.31,31.69,38.68,BCP,Energy,2134.8200000000106
2025-08-01,91.85,58.34,150.19,33.5,43.26,BCP,Energy,2168.3200000000106
2025-08-04,64.77,32.95,97.72,31.81,41.63,BCP,Energy,2200.1300000000106
2025-08-05,49.61,32.73,82.34,16.88,23.51,BCP,Energy,2217.0100000000107
2025-08-06,14.68,25.62,40.3,-10.94,26.63,BCP,Energy,2206.0700000000106
2025-08-07,21.93,23.87,45.8,-1.94,19.46,BCP,Energy,2204.1300000000106
2025-08-08,18.39,31.16,49.55,-12.78,29.54,BCP,Energy,2191.3500000000104
2025-08-13,21.97,32.23,54.2,-10.26,34.21,BCP,Energy,2181.09000000001
2025-08-14,20.05,37.03,57.08,-16.98,20.29,BCP,Energy,2164.11000000001
2025-08-15,10.33,23.45,33.78,-13.11,29.82,BCP,Energy,2151.00000000001
2025-08-18,42.36,24.2,66.55,18.16,25.88,BCP,Energy,2169.16000000001
2025-08-19,23.1,62.74,85.84,-39.64,32.16,BCP,Energy,2129.52000000001
2025-08-20,19.05,41.33,60.38,-22.27,24.84,BCP,Energy,2107.25000000001
2025-08-21,22.79,30.92,53.71,-8.14,17.65,BCP,Energy,2099.11000000001
2025-08-22,6.68,13.28,19.97,-6.6,21.58,BCP,Energy,2092.51000000001
2025-08-25,8.03,14.97,22.99,-6.94,24.29,BCP,Energy,2085.57000000001
2025-08-26,9.21,28.4,37.61,-19.19,26.42,BCP,Energy,2066.38000000001
2025-08-27,4.97,15.93,20.9,-10.97,24.87,BCP,Energy,2055.4100000000103
2025-08-28,21.48,27.2,48.67,-5.72,23.44,BCP,Energy,2049.6900000000105
2025-08-29,29.09,46.17,75.26,-17.08,37.3,BCP,Energy,2032.6100000000106
2025-09-01,26.83,25.65,52.48,1.18,20.06,BCP,Energy,2033.7900000000107
2025-09-02,63.91,45.07,108.99,18.84,20.04,BCP,Energy,2052.6300000000106
2025-09-03,11.94,32.68,44.63,-20.74,8.39,BCP,Energy,2031.8900000000106
2025-09-04,10.67,25.47,36.14,-14.8,12.2,BCP,Energy,2017.0900000000106
2025-09-05,30.46,55.05,85.51,-24.6,6.25,BCP,Energy,1992.4900000000107
2025-09-08,67.04,33.09,100.14,33.95,17.35,BCP,Energy,2026.4400000000107
2025-09-09,31.13,15.49,46.63,15.64,20.08,BCP,Energy,2042.0800000000108
2025-09-10,27.01,18.11,45.12,8.9,12.84,BCP,Energy,2050.980000000011
2025-09-11,35.71,20.25,55.96,15.46,13.77,BCP,Energy,2066.440000000011
2025-09-12,23.6,12.42,36.02,11.18,13.68,BCP,Energy,2077.620000000011
2025-09-15,28.41,29.56,57.97,-1.15,28.24,BCP,Energy,2076.4700000000107
2025-09-16,39.29,36.4,75.68,2.89,20.15,BCP,Energy,2079.3600000000106
2025-09-17,26.56,7.78,34.34,18.79,15.05,BCP,Energy,2098.1500000000106
2025-09-18,17.42,19.18,36.6,-1.75,20.68,BCP,Energy,2096.4000000000106
2025-09-19,8.71,60.03,68.75,-51.32,34.46,BCP,Energy,2045.0800000000106
2025-09-22,9.37,16.91,26.28,-7.55,17.24,BCP,Energy,2037.5300000000107
2025-09-23,5.15,21.94,27.09,-16.8,19.14,BCP,Energy,2020.7300000000107
2025-09-24,3.17,9.08,12.25,-5.92,14.96,BCP,Energy,2014.8100000000106
2025-09-25,25.86,25.76,51.62,0.1,40.16,BCP,Energy,2014.9100000000105
2025-09-26,25.11,18.86,43.96,6.25,21.1,BCP,Energy,2021.1600000000105
2025-09-29,13.74,10.06,23.8,3.68,16.45,BCP,Energy,2024.8400000000106
2025-09-30,10.62,12.37,22.99,-1.76,20.03,BCP,Energy,2023.0800000000106
2025-10-01,11.24,9.0,20.24,2.24,30.92,BCP,Energy,2025.3200000000106
2025-10-02,8.86,12.83,21.68,-3.97,31.17,BCP,Energy,2021.3500000000106
2025-10-03,2.46,12.48,14.94,-10.02,21.47,BCP,Energy,2011.3300000000106
2025-10-06,9.69,5.05,14.74,4.65,20.69,BCP,Energy,2015.9800000000107
2025-10-07,17.69,22.41,40.1,-4.72,24.47,BCP,Energy,2011.2600000000107
2025-10-08,0.94,10.0,10.94,-9.06,22.32,BCP,Energy,2002.2000000000107
2025-10-09,13.12,10.12,23.24,2.99,23.51,BCP,Energy,2005.1900000000107
2025-10-10,17.74,8.74,26.48,9.01,24.43,BCP,Energy,2014.2000000000107
2025-10-14,12.87,29.56,42.44,-16.69,25.51,BCP,Energy,1997.5100000000107
2025-10-15,82.51,139.29,221.8,-56.78,48.62,BCP,Energy,1940.7300000000107
2025-10-16,32.41,38.43,70.84,-6.03,30.75,BCP,Energy,1934.7000000000107
2025-10-17,10.59,15.11,25.7,-4.53,31.28,BCP,Energy,1930.1700000000108
2025-10-20,23.16,23.3,46.46,-0.15,36.45,BCP,Energy,1930.0200000000107
2025-10-21,13.27,16.44,29.72,-3.17,32.74,BCP,Energy,1926.8500000000106
2025-10-22,51.04,28.06,79.1,22.97,23.75,BCP,Energy,1949.8200000000106
2025-10-24,87.59,42.74,130.33,44.85,32.6,BCP,Energy,1994.6700000000105
2025-10-27,97.54,49.07,146.61,48.47,30.36,BCP,Energy,2043.1400000000106
2025-10-28,74.95,24.37,99.32,50.58,29.64,BCP,Energy,2093.7200000000107
2025-10-29,39.55,26.43,65.98,13.12,25.73,BCP,Energy,2106.8400000000106
2025-10-30,33.45,13.4,46.85,20.06,24.46,BCP,Energy,2126.9000000000106
2025-10-31,42.23,4.32,46.55,37.9,26.42,BCP,Energy,2164.8000000000106
2025-11-03,37.73,19.65,57.38,18.08,30.0,BCP,Energy,2182.8800000000106
2025-11-04,25.63,28.23,53.85,-2.6,30.78,BCP,Energy,2180.2800000000107
2025-11-05,18.06,16.16,34.22,1.9,21.22,BCP,Energy,2182.1800000000108
2025-11-06,39.83,9.34,49.17,30.49,28.61,BCP,Energy,2212.6700000000105
2025-11-07,18.77,6.33,25.11,12.44,18.67,BCP,Energy,2225.1100000000106
2025-11-10,23.96,2.89,26.85,21.07,27.11,BCP,Energy,2246.1800000000108
2025-11-11,45.58,11.12,56.7,34.47,35.65,BCP,Energy,2280.6500000000106
2025-11-12,68.13,37.97,106.1,30.15,29.0,BCP,Energy,2310.8000000000106
2025-11-13,93.59,12.17,105.77,81.42,40.4,BCP,Energy,2392.2200000000107
2025-11-14,39.76,48.05,87.81,-8.29,25.25,BCP,Energy,2383.9300000000108
2025-11-17,117.9,37.66,155.56,80.24,27.66,BCP,Energy,2464.1700000000105
2025-11-18,54.13,37.9,92.03,16.23,24.38,BCP,Energy,2480.4000000000106
2025-11-19,57.87,12.82,70.69,45.06,37.96,BCP,Energy,2525.4600000000105
2025-11-20,59.68,50.16,109.84,9.52,32.01,BCP,Energy,2534.9800000000105
2025-11-21,15.87,2.91,18.78,12.97,24.03,BCP,Energy,2547.9500000000103
2025-11-24,73.81,43.32,117.13,30.49,56.21,BCP,Energy,2578.44000000001
2025-11-25,19.08,13.02,32.09,6.06,22.28,BCP,Energy,2584.50000000001
2025-11-26,33.47,16.79,50.26,16.68,30.65,BCP,Energy,2601.18000000001
2025-11-27,58.66,48.6,107.25,10.06,22.3,BCP,Energy,2611.24000000001
2025-11-28,202.25,127.94,330.2,74.31,15.24,BCP,Energy,2685.5500000000097
2025-12-01,180.68,90.27,270.96,90.41,23.46,BCP,Energy,2775.9600000000096
2025-12-02,163.22,71.41,234.63,91.81,27.53,BCP,Energy,2867.7700000000095
2025-12-03,93.92,31.87,125.79,62.05,20.84,BCP,Energy,2929.8200000000097
2025-12-04,158.02,80.41,238.43,77.6,39.83,BCP,Energy,3007.4200000000096
2025-12-08,73.21,68.05,141.26,5.16,32.13,BCP,Energy,3012.5800000000095
2025-12-09,49.04,63.73,112.77,-14.69,55.9,BCP,Energy,2997.8900000000094
2025-12-11,47.46,38.95,86.41,8.51,40.18,BCP,Energy,3006.4000000000096
2025-12-12,61.73,51.32,113.05,10.41,40.53,BCP,Energy,3016.8100000000095
2025-12-15,82.53,47.19,129.72,35.34,33.29,BCP,Energy,3052.1500000000096
2025-12-16,51.11,118.32,169.43,-67.21,48.72,BCP,Energy,2984.9400000000096
2025-12-17,42.04,40.36,82.39,1.68,39.01,BCP,Energy,2986.6200000000094
2025-12-18,73.9,59.62,133.52,14.27,29.69,BCP,Energy,3000.8900000000094
2025-12-19,23.5,54.79,78.29,-31.29,32.16,BCP,Energy,2969.6000000000095
2025-12-22,37.84,51.4,89.24,-13.55,35.72,BCP,Energy,2956.0500000000093
2025-12-23,23.97,9.92,33.89,14.05,23.33,BCP,Energy,2970.1000000000095
2025-12-24,20.64,12.97,33.61,7.67,17.92,BCP,Energy,2977.7700000000095
2025-12-25,4.17,5.7,9.87,-1.53,14.54,BCP,Energy,2976.2400000000093
2025-12-26,2.9,6.76,9.66,-3.85,15.77,BCP,Energy,2972.3900000000094
2025-12-29,11.41,28.07,39.48,-16.67,23.2,BCP,Energy,2955.7200000000093
2025-12-30,306.44,104.74,411.19,201.7,36.34,BCP,Energy,3157.420000000009
2026-01-05,81.63,54.42,136.06,27.21,41.32,BCP,Energy,3184.630000000009
2026-01-06,215.13,44.62,259.75,170.51,24.16,BCP,Energy,3355.1400000000094
2026-01-07,59.04,36.42,95.45,22.62,37.42,BCP,Energy,3377.7600000000093
2026-01-08,89.58,100.25,189.83,-10.67,36.4,BCP,Energy,3367.0900000000092
2026-01-09,65.3,39.25,104.54,26.05,30.28,BCP,Energy,3393.1400000000094
2026-01-12,66.61,36.36,102.96,30.25,33.25,BCP,Energy,3423.3900000000094
2026-01-13,34.05,60.13,94.18,-26.08,41.07,BCP,Energy,3397.3100000000095
2026-01-14,59.13,123.91,183.04,-64.77,40.79,BCP,Energy,3332.5400000000095
2026-01-15,91.38,65.81,157.19,25.56,27.54,BCP,Energy,3358.1000000000095
2026-01-16,59.61,108.66,168.27,-49.05,48.1,BCP,Energy,3309.0500000000093
2026-01-19,44.78,33.29,78.07,11.49,28.73,BCP,Energy,3320.540000000009
2026-01-20,33.85,42.98,76.82,-9.13,20.73,BCP,Energy,3311.410000000009
2026-01-21,54.54,66.45,120.99,-11.91,33.41,BCP,Energy,3299.500000000009
2026-01-22,68.99,61.45,130.44,7.54,43.5,BCP,Energy,3307.040000000009
2026-01-23,20.06,12.63,32.69,7.43,27.88,BCP,Energy,3314.470000000009
2026-01-26,40.19,27.49,67.67,12.7,35.27,BCP,Energy,3327.1700000000087
2026-01-27,44.48,77.53,122.02,-33.05,46.13,BCP,Energy,3294.1200000000085
2026-01-28,113.81,39.91,153.72,73.89,25.25,BCP,Energy,3368.0100000000084
2026-01-29,170.64,97.51,268.15,73.13,25.54,BCP,Energy,3441.1400000000085
2026-01-30,75.53,108.81,184.34,-33.28,39.07,BCP,Energy,3407.8600000000083
2026-02-02,132.98,61.86,194.84,71.12,41.82,BCP,Energy,3478.980000000008
2026-02-03,128.03,49.9,177.93,78.13,38.94,BCP,Energy,3557.1100000000083
2026-02-04,190.64,54.79,245.43,135.85,29.94,BCP,Energy,3692.960000000008
2026-02-05,213.79,97.79,311.58,116.0,45.38,BCP,Energy,3808.960000000008
2026-02-06,250.79,63.31,314.1,187.48,31.2,BCP,Energy,3996.4400000000082
2026-02-09,251.37,119.38,370.75,132.0,34.81,BCP,Energy,4128.440000000008
2026-02-10,317.78,123.11,440.89,194.66,48.32,BCP,Energy,4323.100000000008
2026-02-11,275.12,70.18,345.31,204.94,40.98,BCP,Energy,4528.040000000007
2026-02-12,513.02,142.04,655.06,370.98,41.27,BCP,Energy,4899.020000000008
2026-02-13,445.69,168.05,613.73,277.64,46.04,BCP,Energy,5176.660000000008
2026-02-16,405.85,144.06,549.91,261.79,46.88,BCP,Energy,5438.450000000008
2026-02-17,356.11,154.73,510.84,201.38,44.93,BCP,Energy,5639.830000000008
2026-02-18,237.21,146.63,383.83,90.58,50.12,BCP,Energy,5730.410000000008
2026-02-19,159.84,68.41,228.25,91.44,26.13,BCP,Energy,5821.850000000008
2026-02-20,111.44,88.75,200.19,22.69,32.66,BCP,Energy,5844.540000000007
2026-02-23,59.71,73.02,132.74,-13.31,30.88,BCP,Energy,5831.230000000007
2026-02-24,246.75,102.57,349.33,144.18,38.03,BCP,Energy,5975.410000000007
2026-02-25,152.54,86.72,239.26,65.82,29.27,BCP,Energy,6041.230000000007
2026-02-26,97.29,127.05,224.35,-29.76,33.03,BCP,Energy,6011.470000000007
2026-02-27,212.02,86.53,298.56,125.49,38.51,BCP,Energy,6136.960000000006
2026-03-02,108.21,171.96,280.16,-63.75,35.58,BCP,Energy,6073.210000000006
2026-03-04,88.71,138.73,227.43,-50.02,27.67,BCP,Energy,6023.190000000006
2026-03-05,91.07,121.35,212.42,-30.29,33.99,BCP,Energy,5992.900000000006
2026-03-06,112.6,155.32,267.92,-42.72,36.44,BCP,Energy,5950.180000000006
2026-03-09,146.26,222.0,368.26,-75.73,40.32,BCP,Energy,5874.450000000006
2026-03-10,84.49,78.72,163.21,5.76,34.82,BCP,Energy,5880.210000000006
2026-03-11,102.08,42.89,144.97,59.19,33.36,BCP,Energy,5939.400000000006
2026-03-12,225.52,97.8,323.32,127.72,40.54,BCP,Energy,6067.120000000006
2026-03-13,60.58,76.09,136.67,-15.51,38.68,BCP,Energy,6051.610000000006
2026-03-16,89.43,80.44,169.87,8.98,48.11,BCP,Energy,6060.590000000006
2026-03-17,138.39,45.27,183.66,93.12,39.18,BCP,Energy,6153.7100000000055
2026-03-18,144.96,83.96,228.92,60.99,26.41,BCP,Energy,6214.700000000005
2026-03-19,158.57,86.55,245.12,72.03,30.96,BCP,Energy,6286.730000000005
2026-03-20,151.16,96.41,247.57,54.75,38.51,BCP,Energy,6341.480000000005
2026-03-23,70.47,51.36,121.83,19.11,29.28,BCP,Energy,6360.590000000005
2026-03-24,136.0,105.75,241.75,30.25,41.51,BCP,Energy,6390.840000000005
2026-03-25,88.08,71.17,159.25,16.92,29.47,BCP,Energy,6407.760000000005
2026-03-26,158.12,123.24,281.36,34.88,42.31,BCP,Energy,6442.640000000005
2026-03-27,123.65,125.4,249.04,-1.75,31.74,BCP,Energy,6440.890000000005
2026-03-30,94.74,89.47,184.21,5.27,31.83,BCP,Energy,6446.160000000005
2026-03-31,76.84,123.62,200.46,-46.78,41.68,BCP,Energy,6399.380000000006
2026-04-01,133.61,76.26,209.87,57.35,39.88,BCP,Energy,6456.730000000006
2026-04-02,210.95,114.98,325.93,95.98,43.34,BCP,Energy,6552.7100000000055
2026-04-03,43.03,49.92,92.95,-6.89,20.4,BCP,Energy,6545.820000000005
2026-04-07,176.36,61.25,237.61,115.11,44.0,BCP,Energy,6660.930000000005
2026-04-08,38.46,81.29,119.74,-42.83,36.91,BCP,Energy,6618.100000000005
2026-04-09,129.65,149.1,278.74,-19.45,56.65,BCP,Energy,6598.650000000005
2026-04-10,29.24,24.25,53.49,4.99,51.74,BCP,Energy,6603.640000000005
2026-04-16,165.58,131.32,296.9,34.26,45.76,BCP,Energy,6637.900000000005
2026-04-17,48.87,47.89,96.76,0.98,39.38,BCP,Energy,6638.880000000005
2026-04-20,28.26,41.31,69.57,-13.05,45.09,BCP,Energy,6625.8300000000045
2026-04-21,28.57,20.73,49.3,7.84,29.47,BCP,Energy,6633.670000000005
2026-04-22,35.94,18.78,54.73,17.16,38.6,BCP,Energy,6650.8300000000045
2026-04-23,108.22,64.41,172.63,43.81,35.36,BCP,Energy,6694.640000000005
2026-04-24,89.66,67.31,156.98,22.35,46.43,BCP,Energy,6716.990000000005
2026-04-27,66.93,31.49,98.42,35.44,35.35,BCP,Energy,6752.430000000005
2026-04-28,54.56,25.36,79.92,29.21,30.95,BCP,Energy,6781.640000000005
2026-04-29,57.75,44.05,101.8,13.7,30.0,BCP,Energy,6795.340000000005
2026-04-30,57.45,58.19,115.65,-0.74,26.49,BCP,Energy,6794.600000000005
2026-05-05,152.48,63.44,215.92,89.04,36.36,BCP,Energy,6883.640000000005
2026-05-06,27.1,77.88,104.98,-50.78,34.27,BCP,Energy,6832.860000000005
2026-05-07,18.63,50.13,68.77,-31.5,25.49,BCP,Energy,6801.360000000005
2026-05-08,14.33,26.17,40.5,-11.83,24.29,BCP,Energy,6789.530000000005
2026-05-11,38.77,48.86,87.63,-10.09,31.17,BCP,Energy,6779.440000000005
2026-05-12,21.9,56.65,78.55,-34.75,46.04,BCP,Energy,6744.690000000005
2026-05-13,29.0,33.33,62.34,-4.33,42.62,BCP,Energy,6740.360000000005
2026-05-14,39.6,74.11,113.72,-34.51,23.15,BCP,Energy,6705.850000000005
2026-05-15,25.09,97.17,122.26,-72.08,32.93,BCP,Energy,6633.770000000005
2026-05-18,44.32,42.81,87.12,1.51,36.89,BCP,Energy,6635.280000000005
2026-05-19,40.99,107.61,148.6,-66.62,43.8,BCP,Energy,6568.660000000005
2026-05-20,24.06,21.5,45.56,2.56,32.02,BCP,Energy,6571.220000000006
2026-05-21,14.52,54.51,69.03,-39.99,37.69,BCP,Energy,6531.230000000006
2026-05-22,16.9,26.58,43.48,-9.68,26.69,BCP,Energy,6521.550000000006
2026-05-25,10.2,15.61,25.81,-5.42,22.49,BCP,Energy,6516.130000000006
2026-05-26,7.68,25.99,33.67,-18.31,15.25,BCP,Energy,6497.820000000005
2026-05-27,30.82,26.99,57.81,3.83,21.66,BCP,Energy,6501.650000000005
2026-05-28,31.89,15.87,47.75,16.02,34.24,BCP,Energy,6517.6700000000055
2026-05-29,32.98,107.91,140.89,-74.93,30.72,BCP,Energy,6442.740000000005
2026-06-02,51.49,29.27,80.76,22.21,31.2,BCP,Energy,6464.950000000005
2026-06-04,67.03,65.06,132.09,1.97,40.29,BCP,Energy,6466.9200000000055
2026-06-05,91.67,84.49,176.16,7.18,48.79,BCP,Energy,6474.100000000006
2026-06-08,70.32,76.08,146.4,-5.76,43.97,BCP,Energy,6468.340000000006
2026-06-09,42.12,44.09,86.21,-1.97,38.02,BCP,Energy,6466.370000000005
2026-06-10,30.21,46.09,76.3,-15.88,33.88,BCP,Energy,6450.490000000005
2026-06-11,48.92,71.43,120.35,-22.5,39.17,BCP,Energy,6427.990000000005
2026-06-12,37.16,48.58,85.73,-11.42,27.52,BCP,Energy,6416.570000000005
2026-06-15,109.6,72.15,181.75,37.44,29.53,BCP,Energy,6454.010000000005
2026-06-16,22.36,57.28,79.64,-34.92,37.77,BCP,Energy,6419.090000000005
2026-06-17,70.34,41.06,111.4,29.29,29.98,BCP,Energy,6448.380000000005
2026-06-18,60.43,28.04,88.46,32.39,27.59,BCP,Energy,6480.770000000005
2026-06-19,129.13,140.37,269.51,-11.24,49.8,BCP,Energy,6469.530000000005
2026-06-22,52.48,83.35,135.83,-30.87,33.85,BCP,Energy,6438.660000000005
2026-06-23,43.37,62.93,106.31,-19.56,40.37,BCP,Energy,6419.100000000005
2026-06-24,34.85,32.75,67.6,2.1,30.6,BCP,Energy,6421.200000000005
2026-06-25,130.37,151.75,282.12,-21.38,45.55,BCP,Energy,6399.820000000005
2026-06-26,154.48,68.41,222.89,86.07,40.94,BCP,Energy,6485.890000000005
2026-06-29,81.8,83.98,165.78,-2.17,35.12,BCP,Energy,6483.720000000005
2026-06-30,265.54,310.91,576.45,-45.37,39.46,BCP,Energy,6438.350000000005
2026-07-01,106.07,90.18,196.25,15.89,38.34,BCP,Energy,6454.240000000005
2026-07-02,55.49,71.72,127.22,-16.23,36.81,BCP,Energy,6438.010000000006
2026-07-03,86.19,74.36,160.54,11.83,36.74,BCP,Energy,6449.840000000006
2026-07-06,92.2,54.55,146.75,37.65,40.94,BCP,Energy,6487.490000000005
2026-07-07,127.16,120.19,247.34,6.97,55.01,BCP,Energy,6494.4600000000055
2026-07-08,122.96,81.93,204.89,41.02,33.25,BCP,Energy,6535.480000000006
2026-07-09,135.5,116.96,252.46,18.54,46.84,BCP,Energy,6554.020000000006
2026-07-10,205.59,71.43,277.02,134.17,35.82,BCP,Energy,6688.190000000006
2026-07-13,146.09,40.78,186.87,105.31,29.62,BCP,Energy,6793.500000000006
2026-07-14,116.98,80.5,197.48,36.49,36.01,BCP,Energy,6829.990000000006
2026-07-15,429.17,93.29,522.46,335.88,40.53,BCP,Energy,7165.870000000006
2026-07-16,472.61,211.03,683.64,261.57,49.66,BCP,Energy,7427.440000000006
2026-07-17,389.5,319.41,708.92,70.09,46.03,BCP,Energy,7497.530000000006
2026-07-20,338.44,149.39,487.83,189.06,38.76,BCP,Energy,7686.5900000000065
2026-07-21,574.1,327.69,901.78,246.41,39.6,BCP,Energy,7933.000000000006
2026-07-22,485.0,241.09,726.09,243.91,46.19,BCP,Energy,8176.910000000006
2026-07-23,505.34,232.03,737.37,273.31,43.85,BCP,Energy,8450.220000000007
2026-07-24,476.86,219.18,696.03,257.68,40.84,BCP,Energy,8707.900000000007
2026-07-27,342.45,139.69,482.15,202.76,43.66,BCP,Energy,8910.660000000007
2026-07-30,461.18,279.93,741.12,181.25,52.2,BCP,Energy,9091.910000000007
