date,buy_mb,sell_mb,buy_sell_mb,net_mb,nvdr_pct,symbol,sector,cumulative_net_mb
2020-01-02,52.75,67.26,120.01,-14.5,18.6,BGRIM,Energy,-14.5
2020-01-03,107.11,62.83,169.94,44.28,26.42,BGRIM,Energy,29.78
2020-01-06,192.64,116.63,309.27,76.01,24.66,BGRIM,Energy,105.79
2020-01-07,211.06,132.64,343.7,78.42,25.32,BGRIM,Energy,184.21
2020-01-08,200.52,230.05,430.57,-29.53,25.6,BGRIM,Energy,154.68
2020-01-09,472.07,290.19,762.27,181.88,24.78,BGRIM,Energy,336.56
2020-01-10,222.19,161.98,384.17,60.21,19.83,BGRIM,Energy,396.77
2020-01-13,360.93,379.61,740.53,-18.68,25.66,BGRIM,Energy,378.09
2020-01-14,206.39,250.19,456.57,-43.8,21.32,BGRIM,Energy,334.28999999999996
2020-01-15,792.17,465.09,1257.25,327.08,34.46,BGRIM,Energy,661.3699999999999
2020-01-16,246.33,177.99,424.32,68.34,21.01,BGRIM,Energy,729.7099999999999
2020-01-17,209.99,251.7,461.69,-41.71,24.86,BGRIM,Energy,687.9999999999999
2020-01-20,220.32,117.79,338.11,102.54,29.5,BGRIM,Energy,790.5399999999998
2020-01-21,891.0,530.34,1421.33,360.66,26.98,BGRIM,Energy,1151.1999999999998
2020-01-22,377.0,173.29,550.29,203.71,16.01,BGRIM,Energy,1354.9099999999999
2020-01-23,372.58,199.37,571.94,173.21,23.06,BGRIM,Energy,1528.12
2020-01-24,302.85,113.44,416.29,189.4,25.79,BGRIM,Energy,1717.52
2020-01-27,227.59,141.53,369.12,86.06,23.23,BGRIM,Energy,1803.58
2020-01-28,444.42,322.13,766.55,122.29,24.76,BGRIM,Energy,1925.87
2020-01-29,385.62,199.58,585.21,186.04,22.09,BGRIM,Energy,2111.91
2020-01-30,235.35,184.95,420.29,50.4,23.0,BGRIM,Energy,2162.31
2020-01-31,185.09,250.69,435.79,-65.6,18.87,BGRIM,Energy,2096.71
2020-02-03,277.25,131.2,408.45,146.05,23.23,BGRIM,Energy,2242.76
2020-02-04,270.9,129.48,400.38,141.43,21.92,BGRIM,Energy,2384.19
2020-02-05,218.84,223.28,442.12,-4.43,20.2,BGRIM,Energy,2379.76
2020-02-06,597.2,366.06,963.26,231.14,18.28,BGRIM,Energy,2610.9
2020-02-07,414.22,423.72,837.95,-9.5,21.68,BGRIM,Energy,2601.4
2020-02-11,221.11,291.75,512.85,-70.64,23.22,BGRIM,Energy,2530.76
2020-02-12,179.62,274.23,453.85,-94.61,25.35,BGRIM,Energy,2436.15
2020-02-13,142.57,131.13,273.7,11.45,18.72,BGRIM,Energy,2447.6
2020-02-14,563.85,258.39,822.25,305.46,22.84,BGRIM,Energy,2753.06
2020-02-17,184.16,131.51,315.66,52.65,19.29,BGRIM,Energy,2805.71
2020-02-18,40.82,87.43,128.25,-46.61,11.8,BGRIM,Energy,2759.1
2020-02-19,434.37,239.81,674.17,194.56,25.64,BGRIM,Energy,2953.66
2020-02-20,396.15,126.87,523.02,269.28,23.97,BGRIM,Energy,3222.9399999999996
2020-02-21,181.23,241.23,422.46,-59.99,29.98,BGRIM,Energy,3162.95
2020-02-24,318.57,229.86,548.44,88.71,25.62,BGRIM,Energy,3251.66
2020-02-25,622.37,331.47,953.84,290.91,25.19,BGRIM,Energy,3542.5699999999997
2020-02-26,218.18,261.19,479.37,-43.02,33.2,BGRIM,Energy,3499.5499999999997
2020-02-27,322.48,316.56,639.04,5.92,31.21,BGRIM,Energy,3505.47
2020-02-28,406.96,510.91,917.87,-103.95,37.53,BGRIM,Energy,3401.52
2020-03-02,408.62,275.06,683.67,133.56,29.62,BGRIM,Energy,3535.08
2020-03-03,290.7,482.33,773.03,-191.64,28.11,BGRIM,Energy,3343.44
2020-03-04,162.29,399.43,561.72,-237.15,25.29,BGRIM,Energy,3106.29
2020-03-05,445.75,778.41,1224.17,-332.66,30.05,BGRIM,Energy,2773.63
2020-03-06,235.29,393.19,628.48,-157.91,30.61,BGRIM,Energy,2615.7200000000003
2020-03-09,165.57,185.09,350.66,-19.52,26.23,BGRIM,Energy,2596.2000000000003
2020-03-10,205.01,238.13,443.14,-33.13,27.99,BGRIM,Energy,2563.07
2020-03-11,541.44,368.91,910.35,172.52,23.25,BGRIM,Energy,2735.59
2020-03-12,359.54,195.8,555.34,163.74,27.88,BGRIM,Energy,2899.33
2020-03-13,404.43,557.96,962.39,-153.52,30.02,BGRIM,Energy,2745.81
2020-03-16,209.46,201.06,410.52,8.39,27.53,BGRIM,Energy,2754.2
2020-03-17,197.16,255.31,452.48,-58.15,22.14,BGRIM,Energy,2696.0499999999997
2020-03-18,224.28,273.11,497.38,-48.83,23.65,BGRIM,Energy,2647.22
2020-03-19,252.38,514.82,767.2,-262.44,24.29,BGRIM,Energy,2384.7799999999997
2020-03-20,485.29,756.99,1242.27,-271.7,33.74,BGRIM,Energy,2113.08
2020-03-23,152.57,222.4,374.98,-69.83,21.08,BGRIM,Energy,2043.25
2020-03-24,188.65,208.79,397.44,-20.14,27.54,BGRIM,Energy,2023.11
2020-03-25,240.17,214.11,454.28,26.05,25.41,BGRIM,Energy,2049.16
2020-03-26,226.92,284.89,511.82,-57.97,26.1,BGRIM,Energy,1991.1899999999998
2020-03-27,297.96,265.3,563.26,32.67,24.6,BGRIM,Energy,2023.86
2020-03-30,126.97,102.04,229.01,24.93,22.34,BGRIM,Energy,2048.79
2020-03-31,93.26,159.24,252.49,-65.98,18.09,BGRIM,Energy,1982.81
2020-04-01,90.89,105.86,196.75,-14.97,12.01,BGRIM,Energy,1967.84
2020-04-02,154.77,132.14,286.9,22.63,23.15,BGRIM,Energy,1990.47
2020-04-03,89.49,129.95,219.44,-40.46,21.44,BGRIM,Energy,1950.01
2020-04-07,328.4,302.3,630.7,26.1,21.23,BGRIM,Energy,1976.11
2020-04-08,328.72,369.85,698.56,-41.13,23.71,BGRIM,Energy,1934.9799999999998
2020-04-09,247.39,208.27,455.66,39.12,22.72,BGRIM,Energy,1974.0999999999997
2020-04-10,195.71,222.52,418.23,-26.82,32.91,BGRIM,Energy,1947.2799999999997
2020-04-13,263.62,66.65,330.27,196.97,29.24,BGRIM,Energy,2144.2499999999995
2020-04-14,247.31,150.37,397.68,96.94,26.24,BGRIM,Energy,2241.1899999999996
2020-04-15,418.93,120.19,539.11,298.74,29.65,BGRIM,Energy,2539.9299999999994
2020-04-16,239.29,85.88,325.16,153.41,26.71,BGRIM,Energy,2693.3399999999992
2020-04-17,185.18,93.26,278.44,91.93,22.96,BGRIM,Energy,2785.269999999999
2020-04-20,150.59,135.22,285.81,15.36,22.89,BGRIM,Energy,2800.629999999999
2020-04-21,133.02,185.59,318.61,-52.57,15.9,BGRIM,Energy,2748.059999999999
2020-04-22,375.23,401.57,776.79,-26.34,18.93,BGRIM,Energy,2721.719999999999
2020-04-23,308.86,387.77,696.63,-78.9,18.58,BGRIM,Energy,2642.819999999999
2020-04-24,198.38,175.35,373.74,23.03,14.45,BGRIM,Energy,2665.849999999999
2020-04-27,112.83,131.56,244.39,-18.74,22.7,BGRIM,Energy,2647.109999999999
2020-04-28,211.31,179.04,390.35,32.28,24.19,BGRIM,Energy,2679.3899999999994
2020-04-29,72.86,95.34,168.2,-22.48,28.1,BGRIM,Energy,2656.9099999999994
2020-04-30,147.76,148.68,296.44,-0.91,23.41,BGRIM,Energy,2655.9999999999995
2020-05-05,53.13,133.91,187.04,-80.77,18.11,BGRIM,Energy,2575.2299999999996
2020-05-07,88.1,63.91,152.01,24.19,17.31,BGRIM,Energy,2599.4199999999996
2020-05-08,96.17,56.16,152.32,40.01,21.05,BGRIM,Energy,2639.43
2020-05-11,309.14,140.23,449.37,168.92,24.35,BGRIM,Energy,2808.35
2020-05-12,270.97,316.99,587.96,-46.01,33.41,BGRIM,Energy,2762.3399999999997
2020-05-13,75.9,136.32,212.22,-60.42,17.87,BGRIM,Energy,2701.9199999999996
2020-05-14,57.84,68.62,126.46,-10.78,18.8,BGRIM,Energy,2691.1399999999994
2020-05-15,82.28,108.1,190.37,-25.82,24.27,BGRIM,Energy,2665.3199999999993
2020-05-18,121.42,91.1,212.52,30.33,28.03,BGRIM,Energy,2695.649999999999
2020-05-19,230.22,603.1,833.32,-372.89,27.14,BGRIM,Energy,2322.7599999999993
2020-05-20,349.64,574.17,923.8,-224.53,23.52,BGRIM,Energy,2098.229999999999
2020-05-21,111.7,223.74,335.44,-112.04,19.89,BGRIM,Energy,1986.1899999999991
2020-05-22,465.32,382.85,848.17,82.47,28.17,BGRIM,Energy,2068.659999999999
2020-05-25,137.88,192.49,330.37,-54.61,13.29,BGRIM,Energy,2014.049999999999
2020-05-26,87.03,121.52,208.55,-34.49,13.16,BGRIM,Energy,1979.559999999999
2020-05-27,128.55,123.24,251.79,5.31,15.84,BGRIM,Energy,1984.869999999999
2020-05-28,191.22,184.4,375.62,6.81,18.62,BGRIM,Energy,1991.679999999999
2020-05-29,336.96,178.07,515.03,158.89,32.9,BGRIM,Energy,2150.569999999999
2020-06-01,95.85,111.34,207.2,-15.49,19.87,BGRIM,Energy,2135.079999999999
2020-06-02,383.27,157.04,540.31,226.23,18.71,BGRIM,Energy,2361.309999999999
2020-06-04,180.59,178.6,359.19,1.99,20.17,BGRIM,Energy,2363.299999999999
2020-06-05,135.71,95.86,231.56,39.85,16.85,BGRIM,Energy,2403.1499999999987
2020-06-08,175.39,152.92,328.3,22.47,14.08,BGRIM,Energy,2425.6199999999985
2020-06-09,375.36,346.78,722.14,28.58,13.79,BGRIM,Energy,2454.1999999999985
2020-06-10,284.28,127.9,412.17,156.38,18.55,BGRIM,Energy,2610.5799999999986
2020-06-11,242.06,207.84,449.9,34.22,16.63,BGRIM,Energy,2644.7999999999984
2020-06-12,179.37,205.29,384.66,-25.92,24.45,BGRIM,Energy,2618.8799999999983
2020-06-15,188.06,192.93,380.99,-4.87,23.8,BGRIM,Energy,2614.0099999999984
2020-06-16,109.15,115.78,224.92,-6.63,25.39,BGRIM,Energy,2607.3799999999983
2020-06-17,107.48,130.07,237.55,-22.59,20.7,BGRIM,Energy,2584.789999999998
2020-06-18,101.1,129.01,230.11,-27.92,16.11,BGRIM,Energy,2556.869999999998
2020-06-19,190.9,128.51,319.41,62.39,30.98,BGRIM,Energy,2619.259999999998
2020-06-22,163.51,123.19,286.7,40.33,31.58,BGRIM,Energy,2659.589999999998
2020-06-23,120.32,71.47,191.79,48.85,22.5,BGRIM,Energy,2708.439999999998
2020-06-24,44.85,56.08,100.94,-11.23,15.13,BGRIM,Energy,2697.2099999999978
2020-06-25,107.49,77.33,184.81,30.16,22.46,BGRIM,Energy,2727.3699999999976
2020-06-26,106.23,120.92,227.15,-14.69,14.92,BGRIM,Energy,2712.6799999999976
2020-06-29,66.37,135.59,201.97,-69.22,24.57,BGRIM,Energy,2643.4599999999978
2020-06-30,40.38,47.05,87.43,-6.67,16.88,BGRIM,Energy,2636.7899999999977
2020-07-01,36.9,63.87,100.77,-26.96,15.97,BGRIM,Energy,2609.8299999999977
2020-07-02,132.99,65.99,198.98,66.99,16.79,BGRIM,Energy,2676.8199999999974
2020-07-03,231.47,100.27,331.74,131.2,14.45,BGRIM,Energy,2808.0199999999973
2020-07-07,118.22,426.86,545.08,-308.63,23.25,BGRIM,Energy,2499.389999999997
2020-07-08,63.7,64.82,128.52,-1.12,19.82,BGRIM,Energy,2498.2699999999973
2020-07-09,150.67,128.91,279.59,21.76,44.99,BGRIM,Energy,2520.0299999999975
2020-07-10,77.6,67.0,144.6,10.6,17.22,BGRIM,Energy,2530.6299999999974
2020-07-13,155.55,75.02,230.58,80.53,21.46,BGRIM,Energy,2611.1599999999976
2020-07-14,181.63,61.29,242.92,120.34,24.09,BGRIM,Energy,2731.4999999999977
2020-07-15,155.79,56.91,212.7,98.88,21.67,BGRIM,Energy,2830.379999999998
2020-07-16,165.08,101.94,267.02,63.14,26.84,BGRIM,Energy,2893.5199999999977
2020-07-17,188.05,43.48,231.53,144.56,32.12,BGRIM,Energy,3038.0799999999977
2020-07-20,87.93,31.61,119.54,56.32,17.77,BGRIM,Energy,3094.399999999998
2020-07-21,169.23,72.13,241.36,97.09,18.26,BGRIM,Energy,3191.489999999998
2020-07-22,53.52,136.42,189.94,-82.9,27.69,BGRIM,Energy,3108.589999999998
2020-07-23,308.28,357.39,665.67,-49.11,5.79,BGRIM,Energy,3059.4799999999977
2020-07-24,71.99,64.34,136.33,7.64,11.41,BGRIM,Energy,3067.1199999999976
2020-07-29,153.32,92.23,245.56,61.09,18.23,BGRIM,Energy,3128.2099999999978
2020-07-30,165.11,124.19,289.3,40.92,16.27,BGRIM,Energy,3169.129999999998
2020-07-31,227.92,77.59,305.51,150.32,22.92,BGRIM,Energy,3319.449999999998
2020-08-03,89.13,67.09,156.22,22.04,18.98,BGRIM,Energy,3341.489999999998
2020-08-04,68.89,87.11,156.0,-18.23,15.68,BGRIM,Energy,3323.259999999998
2020-08-05,103.28,64.75,168.03,38.54,24.69,BGRIM,Energy,3361.799999999998
2020-08-06,54.85,76.92,131.77,-22.07,18.39,BGRIM,Energy,3339.7299999999977
2020-08-07,97.92,85.87,183.8,12.05,21.51,BGRIM,Energy,3351.779999999998
2020-08-10,26.36,82.83,109.2,-56.47,20.95,BGRIM,Energy,3295.309999999998
2020-08-11,27.18,92.82,119.99,-65.64,19.13,BGRIM,Energy,3229.6699999999983
2020-08-13,17.29,70.14,87.43,-52.85,17.36,BGRIM,Energy,3176.8199999999983
2020-08-14,81.87,118.82,200.69,-36.95,17.4,BGRIM,Energy,3139.8699999999985
2020-08-17,79.63,79.87,159.5,-0.23,17.39,BGRIM,Energy,3139.6399999999985
2020-08-18,234.04,83.97,318.01,150.07,27.84,BGRIM,Energy,3289.7099999999987
2020-08-19,80.74,121.51,202.25,-40.77,28.4,BGRIM,Energy,3248.9399999999987
2020-08-20,155.93,83.86,239.78,72.07,30.9,BGRIM,Energy,3321.009999999999
2020-08-21,132.5,66.9,199.4,65.61,23.26,BGRIM,Energy,3386.619999999999
2020-08-24,122.06,62.04,184.1,60.01,33.75,BGRIM,Energy,3446.629999999999
2020-08-25,53.85,102.74,156.59,-48.89,24.74,BGRIM,Energy,3397.7399999999993
2020-08-26,29.06,45.73,74.79,-16.67,17.01,BGRIM,Energy,3381.0699999999993
2020-08-27,43.06,104.79,147.85,-61.73,19.48,BGRIM,Energy,3319.3399999999992
2020-08-28,13.97,61.25,75.22,-47.29,21.55,BGRIM,Energy,3272.0499999999993
2020-08-31,134.75,193.81,328.56,-59.06,36.26,BGRIM,Energy,3212.9899999999993
2020-09-01,66.12,74.98,141.1,-8.86,28.28,BGRIM,Energy,3204.129999999999
2020-09-02,65.23,57.62,122.85,7.61,18.92,BGRIM,Energy,3211.7399999999993
2020-09-03,71.05,36.84,107.88,34.21,22.85,BGRIM,Energy,3245.9499999999994
2020-09-08,85.64,56.53,142.17,29.11,21.87,BGRIM,Energy,3275.0599999999995
2020-09-09,113.57,68.14,181.71,45.42,24.04,BGRIM,Energy,3320.4799999999996
2020-09-10,64.43,32.0,96.44,32.43,36.56,BGRIM,Energy,3352.9099999999994
2020-09-11,120.9,100.37,221.27,20.52,23.73,BGRIM,Energy,3373.4299999999994
2020-09-14,147.55,117.57,265.12,29.98,26.4,BGRIM,Energy,3403.4099999999994
2020-09-15,30.62,53.6,84.22,-22.99,31.31,BGRIM,Energy,3380.4199999999996
2020-09-16,27.42,48.1,75.53,-20.68,30.22,BGRIM,Energy,3359.74
2020-09-17,42.41,54.55,96.96,-12.14,22.21,BGRIM,Energy,3347.6
2020-09-18,91.86,61.52,153.38,30.34,53.33,BGRIM,Energy,3377.94
2020-09-21,41.84,73.99,115.83,-32.14,19.24,BGRIM,Energy,3345.8
2020-09-22,32.97,55.01,87.98,-22.04,28.55,BGRIM,Energy,3323.76
2020-09-23,37.93,82.45,120.38,-44.52,28.23,BGRIM,Energy,3279.2400000000002
2020-09-24,62.92,83.62,146.55,-20.7,16.7,BGRIM,Energy,3258.5400000000004
2020-09-25,166.27,49.32,215.59,116.95,28.2,BGRIM,Energy,3375.4900000000002
2020-09-28,127.26,74.25,201.51,53.01,31.52,BGRIM,Energy,3428.5000000000005
2020-09-29,25.17,54.38,79.55,-29.21,31.6,BGRIM,Energy,3399.2900000000004
2020-09-30,89.98,86.44,176.42,3.53,41.51,BGRIM,Energy,3402.8200000000006
2020-10-01,54.03,58.7,112.73,-4.67,18.51,BGRIM,Energy,3398.1500000000005
2020-10-02,58.9,45.33,104.23,13.57,21.35,BGRIM,Energy,3411.7200000000007
2020-10-05,27.55,22.83,50.38,4.71,15.11,BGRIM,Energy,3416.4300000000007
2020-10-06,98.52,95.03,193.55,3.49,19.32,BGRIM,Energy,3419.9200000000005
2020-10-07,193.4,123.79,317.19,69.61,31.16,BGRIM,Energy,3489.5300000000007
2020-10-08,67.39,56.51,123.89,10.88,16.88,BGRIM,Energy,3500.4100000000008
2020-10-09,33.85,78.24,112.09,-44.4,23.48,BGRIM,Energy,3456.0100000000007
2020-10-12,114.55,75.28,189.82,39.27,25.48,BGRIM,Energy,3495.2800000000007
2020-10-14,36.65,64.0,100.65,-27.35,22.03,BGRIM,Energy,3467.9300000000007
2020-10-15,46.1,45.74,91.84,0.36,23.16,BGRIM,Energy,3468.290000000001
2020-10-16,34.46,37.7,72.17,-3.24,30.4,BGRIM,Energy,3465.050000000001
2020-10-19,61.03,24.2,85.23,36.82,24.03,BGRIM,Energy,3501.8700000000013
2020-10-20,79.17,131.97,211.14,-52.8,32.92,BGRIM,Energy,3449.070000000001
2020-10-21,33.62,78.5,112.12,-44.87,30.53,BGRIM,Energy,3404.200000000001
2020-10-22,116.45,72.39,188.84,44.06,29.85,BGRIM,Energy,3448.260000000001
2020-10-26,26.02,32.36,58.38,-6.33,18.15,BGRIM,Energy,3441.930000000001
2020-10-27,25.02,50.93,75.95,-25.91,14.37,BGRIM,Energy,3416.0200000000013
2020-10-28,57.77,74.38,132.15,-16.61,28.71,BGRIM,Energy,3399.410000000001
2020-10-29,36.01,56.64,92.65,-20.63,22.28,BGRIM,Energy,3378.780000000001
2020-10-30,63.12,83.18,146.3,-20.05,33.02,BGRIM,Energy,3358.730000000001
2020-11-02,37.55,38.11,75.66,-0.56,24.09,BGRIM,Energy,3358.170000000001
2020-11-03,174.36,108.31,282.67,66.05,27.57,BGRIM,Energy,3424.220000000001
2020-11-04,116.45,150.82,267.27,-34.37,26.12,BGRIM,Energy,3389.8500000000013
2020-11-05,494.79,361.6,856.39,133.19,27.99,BGRIM,Energy,3523.0400000000013
2020-11-06,433.0,410.16,843.17,22.84,26.71,BGRIM,Energy,3545.8800000000015
2020-11-09,178.1,265.64,443.74,-87.54,22.27,BGRIM,Energy,3458.3400000000015
2020-11-10,347.4,239.64,587.04,107.77,25.9,BGRIM,Energy,3566.1100000000015
2020-11-11,252.95,130.06,383.01,122.89,21.72,BGRIM,Energy,3689.0000000000014
2020-11-12,187.19,76.72,263.91,110.47,24.15,BGRIM,Energy,3799.470000000001
2020-11-13,122.11,156.36,278.47,-34.25,30.4,BGRIM,Energy,3765.220000000001
2020-11-16,130.15,135.54,265.69,-5.39,22.5,BGRIM,Energy,3759.8300000000013
2020-11-17,141.83,134.64,276.47,7.2,32.36,BGRIM,Energy,3767.030000000001
2020-11-18,141.68,79.29,220.96,62.39,25.87,BGRIM,Energy,3829.420000000001
2020-11-19,68.42,124.35,192.78,-55.93,29.78,BGRIM,Energy,3773.490000000001
2020-11-20,143.79,97.13,240.92,46.66,21.02,BGRIM,Energy,3820.150000000001
2020-11-23,349.51,457.61,807.11,-108.1,28.01,BGRIM,Energy,3712.050000000001
2020-11-24,174.04,212.02,386.06,-37.98,24.87,BGRIM,Energy,3674.070000000001
2020-11-25,206.5,231.48,437.99,-24.98,30.12,BGRIM,Energy,3649.090000000001
2020-11-26,81.74,120.38,202.12,-38.64,23.28,BGRIM,Energy,3610.450000000001
2020-11-27,183.12,257.56,440.68,-74.43,18.86,BGRIM,Energy,3536.0200000000013
2020-11-30,150.75,295.6,446.35,-144.85,28.04,BGRIM,Energy,3391.1700000000014
2020-12-01,108.33,199.77,308.1,-91.44,27.56,BGRIM,Energy,3299.7300000000014
2020-12-02,62.37,111.3,173.67,-48.93,19.35,BGRIM,Energy,3250.8000000000015
2020-12-03,110.15,119.75,229.9,-9.59,18.27,BGRIM,Energy,3241.2100000000014
2020-12-04,109.76,115.99,225.75,-6.24,14.34,BGRIM,Energy,3234.9700000000016
2020-12-08,210.9,248.55,459.45,-37.64,22.67,BGRIM,Energy,3197.3300000000017
2020-12-09,104.01,164.46,268.47,-60.45,17.12,BGRIM,Energy,3136.880000000002
2020-12-14,132.46,162.03,294.5,-29.57,22.71,BGRIM,Energy,3107.3100000000018
2020-12-15,93.47,92.75,186.22,0.73,21.22,BGRIM,Energy,3108.040000000002
2020-12-16,80.47,74.92,155.4,5.55,15.27,BGRIM,Energy,3113.590000000002
2020-12-17,83.55,96.63,180.18,-13.08,15.12,BGRIM,Energy,3100.510000000002
2020-12-18,296.9,148.47,445.37,148.43,33.69,BGRIM,Energy,3248.940000000002
2020-12-21,213.9,234.01,447.91,-20.12,31.99,BGRIM,Energy,3228.820000000002
2020-12-22,227.48,118.3,345.79,109.18,26.85,BGRIM,Energy,3338.000000000002
2020-12-23,96.17,106.31,202.48,-10.14,33.7,BGRIM,Energy,3327.860000000002
2020-12-24,111.07,45.47,156.54,65.6,25.62,BGRIM,Energy,3393.460000000002
2020-12-25,47.95,31.47,79.42,16.48,21.1,BGRIM,Energy,3409.940000000002
2020-12-28,222.9,181.15,404.05,41.74,13.1,BGRIM,Energy,3451.6800000000017
2020-12-29,206.85,139.68,346.53,67.17,15.85,BGRIM,Energy,3518.8500000000017
2020-12-30,224.83,108.68,333.51,116.16,18.13,BGRIM,Energy,3635.0100000000016
2021-01-04,256.19,181.04,437.23,75.16,21.07,BGRIM,Energy,3710.1700000000014
2021-01-05,472.06,438.84,910.91,33.22,18.78,BGRIM,Energy,3743.3900000000012
2021-01-06,369.4,395.07,764.47,-25.67,28.77,BGRIM,Energy,3717.720000000001
2021-01-07,446.16,229.37,675.53,216.79,38.06,BGRIM,Energy,3934.510000000001
2021-01-08,270.74,164.65,435.39,106.08,26.15,BGRIM,Energy,4040.590000000001
2021-01-11,104.4,112.26,216.65,-7.86,21.47,BGRIM,Energy,4032.730000000001
2021-01-12,409.27,259.86,669.13,149.41,28.09,BGRIM,Energy,4182.140000000001
2021-01-13,307.13,276.7,583.83,30.43,25.11,BGRIM,Energy,4212.5700000000015
2021-01-14,255.16,150.99,406.15,104.17,16.01,BGRIM,Energy,4316.740000000002
2021-01-15,131.74,145.4,277.14,-13.65,16.35,BGRIM,Energy,4303.090000000002
2021-01-18,121.93,117.66,239.59,4.27,24.56,BGRIM,Energy,4307.360000000002
2021-01-19,322.72,172.26,494.98,150.46,24.89,BGRIM,Energy,4457.820000000002
2021-01-20,376.94,243.66,620.6,133.28,9.51,BGRIM,Energy,4591.100000000002
2021-01-21,85.02,209.36,294.39,-124.34,24.4,BGRIM,Energy,4466.760000000002
2021-01-22,78.33,125.26,203.6,-46.93,19.06,BGRIM,Energy,4419.830000000002
2021-01-25,67.26,70.76,138.02,-3.5,16.81,BGRIM,Energy,4416.330000000002
2021-01-26,122.03,107.19,229.22,14.85,22.32,BGRIM,Energy,4431.180000000002
2021-01-27,20.69,87.85,108.55,-67.16,20.67,BGRIM,Energy,4364.020000000002
2021-01-28,146.44,204.93,351.37,-58.48,31.25,BGRIM,Energy,4305.540000000003
2021-01-29,136.18,210.52,346.7,-74.34,25.37,BGRIM,Energy,4231.200000000003
2021-02-01,83.59,115.59,199.17,-32.0,29.81,BGRIM,Energy,4199.200000000003
2021-02-02,38.77,84.23,123.01,-45.46,21.11,BGRIM,Energy,4153.7400000000025
2021-02-03,81.0,118.81,199.81,-37.81,24.84,BGRIM,Energy,4115.930000000002
2021-02-04,96.62,78.67,175.29,17.95,32.3,BGRIM,Energy,4133.880000000002
2021-02-05,109.1,105.8,214.9,3.3,22.77,BGRIM,Energy,4137.180000000002
2021-02-08,47.41,94.33,141.74,-46.92,24.41,BGRIM,Energy,4090.260000000002
2021-02-09,180.7,341.09,521.79,-160.38,23.71,BGRIM,Energy,3929.880000000002
2021-02-10,97.14,104.9,202.04,-7.76,21.19,BGRIM,Energy,3922.1200000000017
2021-02-11,122.02,186.89,308.92,-64.87,48.94,BGRIM,Energy,3857.250000000002
2021-02-15,27.98,25.65,53.63,2.32,12.52,BGRIM,Energy,3859.570000000002
2021-02-16,76.55,77.83,154.38,-1.28,19.27,BGRIM,Energy,3858.290000000002
2021-02-17,88.11,136.46,224.57,-48.35,27.39,BGRIM,Energy,3809.940000000002
2021-02-18,124.93,179.64,304.58,-54.71,40.44,BGRIM,Energy,3755.230000000002
2021-02-19,43.8,74.86,118.66,-31.05,23.65,BGRIM,Energy,3724.1800000000017
2021-02-22,131.9,138.08,269.98,-6.19,28.8,BGRIM,Energy,3717.9900000000016
2021-02-23,44.7,42.53,87.23,2.17,13.39,BGRIM,Energy,3720.1600000000017
2021-02-24,78.71,102.38,181.09,-23.66,21.24,BGRIM,Energy,3696.500000000002
2021-02-25,125.32,248.77,374.09,-123.46,40.39,BGRIM,Energy,3573.040000000002
2021-03-01,128.94,106.97,235.92,21.97,26.05,BGRIM,Energy,3595.0100000000016
2021-03-02,134.0,108.02,242.01,25.98,25.38,BGRIM,Energy,3620.9900000000016
2021-03-03,92.93,127.36,220.28,-34.43,21.04,BGRIM,Energy,3586.5600000000018
2021-03-04,130.62,127.28,257.9,3.35,29.21,BGRIM,Energy,3589.9100000000017
2021-03-05,134.15,99.0,233.15,35.15,25.94,BGRIM,Energy,3625.0600000000018
2021-03-08,182.26,127.53,309.78,54.73,25.01,BGRIM,Energy,3679.790000000002
2021-03-09,301.8,201.47,503.27,100.33,31.92,BGRIM,Energy,3780.1200000000017
2021-03-10,176.87,261.34,438.21,-84.47,27.16,BGRIM,Energy,3695.650000000002
2021-03-11,141.08,245.0,386.07,-103.92,28.81,BGRIM,Energy,3591.730000000002
2021-03-12,164.84,389.15,553.98,-224.31,28.18,BGRIM,Energy,3367.420000000002
2021-03-15,55.22,149.71,204.93,-94.5,21.57,BGRIM,Energy,3272.920000000002
2021-03-16,64.96,127.11,192.07,-62.15,28.62,BGRIM,Energy,3210.770000000002
2021-03-17,61.32,67.09,128.41,-5.77,21.09,BGRIM,Energy,3205.000000000002
2021-03-18,29.67,100.99,130.65,-71.32,15.61,BGRIM,Energy,3133.6800000000017
2021-03-19,29.04,46.15,75.19,-17.12,32.56,BGRIM,Energy,3116.5600000000018
2021-03-22,64.77,47.56,112.33,17.21,27.66,BGRIM,Energy,3133.770000000002
2021-03-23,88.18,161.3,249.48,-73.12,21.98,BGRIM,Energy,3060.650000000002
2021-03-24,168.81,58.42,227.24,110.39,20.68,BGRIM,Energy,3171.040000000002
2021-03-25,201.63,80.39,282.02,121.24,25.29,BGRIM,Energy,3292.2800000000016
2021-03-26,60.67,56.99,117.66,3.68,21.73,BGRIM,Energy,3295.9600000000014
2021-03-29,73.73,124.68,198.41,-50.94,20.39,BGRIM,Energy,3245.0200000000013
2021-03-30,123.93,111.64,235.58,12.29,26.46,BGRIM,Energy,3257.3100000000013
2021-03-31,131.01,52.19,183.19,78.82,24.04,BGRIM,Energy,3336.1300000000015
2021-04-01,81.8,70.47,152.27,11.33,32.84,BGRIM,Energy,3347.4600000000014
2021-04-02,60.09,83.99,144.08,-23.9,22.95,BGRIM,Energy,3323.5600000000013
2021-04-05,44.83,80.49,125.32,-35.66,26.82,BGRIM,Energy,3287.9000000000015
2021-04-07,234.0,257.91,491.91,-23.92,26.34,BGRIM,Energy,3263.9800000000014
2021-04-08,163.35,113.9,277.25,49.45,33.85,BGRIM,Energy,3313.430000000001
2021-04-09,100.76,72.97,173.72,27.79,22.25,BGRIM,Energy,3341.220000000001
2021-04-12,111.63,185.87,297.5,-74.24,29.82,BGRIM,Energy,3266.9800000000014
2021-04-16,148.61,147.62,296.23,0.99,37.02,BGRIM,Energy,3267.970000000001
2021-04-19,93.04,144.46,237.5,-51.42,22.85,BGRIM,Energy,3216.550000000001
2021-04-20,104.12,63.07,167.18,41.05,23.51,BGRIM,Energy,3257.6000000000013
2021-04-21,70.06,102.4,172.46,-32.35,25.19,BGRIM,Energy,3225.2500000000014
2021-04-22,407.82,287.76,695.59,120.06,29.57,BGRIM,Energy,3345.3100000000013
2021-04-23,167.06,294.48,461.54,-127.42,41.3,BGRIM,Energy,3217.8900000000012
2021-04-26,90.81,84.88,175.69,5.94,30.32,BGRIM,Energy,3223.8300000000013
2021-04-27,122.65,105.51,228.16,17.14,36.32,BGRIM,Energy,3240.970000000001
2021-04-28,186.34,106.99,293.33,79.35,28.14,BGRIM,Energy,3320.320000000001
2021-04-29,76.67,43.75,120.42,32.92,24.43,BGRIM,Energy,3353.240000000001
2021-04-30,76.09,67.44,143.53,8.65,40.77,BGRIM,Energy,3361.8900000000012
2021-05-05,146.07,221.7,367.77,-75.64,31.54,BGRIM,Energy,3286.2500000000014
2021-05-06,108.54,42.38,150.92,66.16,30.06,BGRIM,Energy,3352.410000000001
2021-05-07,77.31,66.73,144.04,10.58,32.7,BGRIM,Energy,3362.990000000001
2021-05-10,47.79,54.68,102.47,-6.89,31.97,BGRIM,Energy,3356.1000000000013
2021-05-11,43.31,72.05,115.36,-28.73,29.2,BGRIM,Energy,3327.3700000000013
2021-05-12,60.88,120.67,181.55,-59.79,25.45,BGRIM,Energy,3267.5800000000013
2021-05-13,231.29,360.94,592.23,-129.65,34.85,BGRIM,Energy,3137.930000000001
2021-05-14,113.49,113.19,226.68,0.3,34.04,BGRIM,Energy,3138.2300000000014
2021-05-17,61.08,46.15,107.23,14.93,22.46,BGRIM,Energy,3153.160000000001
2021-05-18,68.64,51.73,120.37,16.91,25.12,BGRIM,Energy,3170.070000000001
2021-05-19,23.6,26.33,49.93,-2.73,22.16,BGRIM,Energy,3167.340000000001
2021-05-20,85.71,68.84,154.55,16.86,36.53,BGRIM,Energy,3184.200000000001
2021-05-21,55.08,92.09,147.17,-37.01,22.4,BGRIM,Energy,3147.190000000001
2021-05-24,58.76,79.26,138.02,-20.49,29.04,BGRIM,Energy,3126.700000000001
2021-05-25,109.88,123.58,233.46,-13.69,27.76,BGRIM,Energy,3113.010000000001
2021-05-27,527.98,406.25,934.23,121.73,24.32,BGRIM,Energy,3234.740000000001
2021-05-28,74.04,137.69,211.74,-63.65,18.23,BGRIM,Energy,3171.090000000001
2021-05-31,98.28,113.53,211.81,-15.25,23.43,BGRIM,Energy,3155.840000000001
2021-06-01,134.59,152.75,287.34,-18.16,17.75,BGRIM,Energy,3137.680000000001
2021-06-02,47.14,98.71,145.85,-51.57,20.56,BGRIM,Energy,3086.110000000001
2021-06-04,40.74,75.67,116.41,-34.93,22.13,BGRIM,Energy,3051.180000000001
2021-06-07,69.7,76.35,146.05,-6.64,23.29,BGRIM,Energy,3044.5400000000013
2021-06-08,46.31,98.3,144.62,-51.99,17.71,BGRIM,Energy,2992.5500000000015
2021-06-09,72.03,44.7,116.73,27.34,25.16,BGRIM,Energy,3019.8900000000017
2021-06-10,177.76,171.33,349.09,6.43,23.45,BGRIM,Energy,3026.3200000000015
2021-06-11,61.15,152.91,214.06,-91.76,17.31,BGRIM,Energy,2934.5600000000013
2021-06-14,62.91,102.0,164.91,-39.1,27.55,BGRIM,Energy,2895.4600000000014
2021-06-15,20.16,60.55,80.71,-40.38,15.36,BGRIM,Energy,2855.0800000000013
2021-06-16,43.81,55.68,99.49,-11.87,20.81,BGRIM,Energy,2843.2100000000014
2021-06-17,76.57,81.01,157.58,-4.43,23.65,BGRIM,Energy,2838.7800000000016
2021-06-18,74.2,43.56,117.77,30.64,23.43,BGRIM,Energy,2869.4200000000014
2021-06-21,120.44,44.94,165.38,75.5,27.84,BGRIM,Energy,2944.9200000000014
2021-06-22,48.62,63.16,111.78,-14.55,24.1,BGRIM,Energy,2930.3700000000013
2021-06-23,50.12,64.61,114.73,-14.49,20.98,BGRIM,Energy,2915.8800000000015
2021-06-24,95.59,52.15,147.75,43.44,21.58,BGRIM,Energy,2959.3200000000015
2021-06-25,59.28,41.52,100.8,17.75,20.46,BGRIM,Energy,2977.0700000000015
2021-06-28,97.52,35.7,133.22,61.82,33.19,BGRIM,Energy,3038.8900000000017
2021-06-29,130.72,64.09,194.81,66.62,37.18,BGRIM,Energy,3105.5100000000016
2021-06-30,60.3,116.61,176.91,-56.31,17.88,BGRIM,Energy,3049.2000000000016
2021-07-01,79.93,79.03,158.96,0.91,24.0,BGRIM,Energy,3050.1100000000015
2021-07-02,60.46,59.41,119.86,1.05,23.75,BGRIM,Energy,3051.1600000000017
2021-07-05,75.21,62.26,137.47,12.96,27.94,BGRIM,Energy,3064.1200000000017
2021-07-06,116.56,146.97,263.53,-30.41,39.27,BGRIM,Energy,3033.710000000002
2021-07-07,55.52,58.13,113.65,-2.61,29.59,BGRIM,Energy,3031.1000000000017
2021-07-08,89.15,76.39,165.53,12.76,25.87,BGRIM,Energy,3043.860000000002
2021-07-09,87.42,73.59,161.02,13.83,26.12,BGRIM,Energy,3057.690000000002
2021-07-12,37.6,53.39,90.99,-15.79,25.97,BGRIM,Energy,3041.900000000002
2021-07-13,98.39,71.52,169.91,26.87,28.28,BGRIM,Energy,3068.770000000002
2021-07-14,88.32,63.71,152.03,24.61,26.01,BGRIM,Energy,3093.380000000002
2021-07-15,37.04,53.16,90.2,-16.12,26.69,BGRIM,Energy,3077.260000000002
2021-07-16,184.78,223.66,408.44,-38.89,24.52,BGRIM,Energy,3038.370000000002
2021-07-19,54.19,53.95,108.14,0.25,27.63,BGRIM,Energy,3038.620000000002
2021-07-20,79.1,36.53,115.63,42.58,22.46,BGRIM,Energy,3081.200000000002
2021-07-21,43.0,41.84,84.84,1.15,23.14,BGRIM,Energy,3082.350000000002
2021-07-22,51.46,36.72,88.18,14.73,23.87,BGRIM,Energy,3097.080000000002
2021-07-23,86.62,60.07,146.69,26.55,27.69,BGRIM,Energy,3123.6300000000024
2021-07-27,78.59,51.18,129.76,27.41,39.01,BGRIM,Energy,3151.0400000000022
2021-07-29,118.39,62.71,181.1,55.67,28.07,BGRIM,Energy,3206.7100000000023
2021-07-30,93.34,133.32,226.66,-39.98,25.55,BGRIM,Energy,3166.7300000000023
2021-08-02,52.99,59.55,112.54,-6.56,27.76,BGRIM,Energy,3160.1700000000023
2021-08-03,107.21,212.52,319.73,-105.31,35.11,BGRIM,Energy,3054.8600000000024
2021-08-04,132.7,198.12,330.82,-65.42,25.03,BGRIM,Energy,2989.4400000000023
2021-08-05,124.33,143.04,267.36,-18.71,31.8,BGRIM,Energy,2970.7300000000023
2021-08-06,97.98,88.18,186.17,9.8,30.39,BGRIM,Energy,2980.5300000000025
2021-08-09,115.61,124.19,239.8,-8.58,29.76,BGRIM,Energy,2971.9500000000025
2021-08-10,94.84,165.03,259.87,-70.19,26.31,BGRIM,Energy,2901.7600000000025
2021-08-11,74.38,160.08,234.46,-85.7,25.58,BGRIM,Energy,2816.0600000000027
2021-08-13,101.61,83.71,185.31,17.9,30.34,BGRIM,Energy,2833.9600000000028
2021-08-16,257.12,102.97,360.08,154.15,27.84,BGRIM,Energy,2988.110000000003
2021-08-17,50.75,140.43,191.18,-89.68,19.75,BGRIM,Energy,2898.430000000003
2021-08-18,83.55,47.48,131.03,36.07,28.16,BGRIM,Energy,2934.500000000003
2021-08-19,115.87,59.13,175.0,56.74,23.21,BGRIM,Energy,2991.240000000003
2021-08-20,208.74,76.97,285.7,131.77,30.57,BGRIM,Energy,3123.010000000003
2021-08-23,63.6,49.7,113.3,13.91,22.74,BGRIM,Energy,3136.920000000003
2021-08-24,94.01,97.56,191.57,-3.54,29.27,BGRIM,Energy,3133.380000000003
2021-08-25,298.99,46.87,345.87,252.12,27.52,BGRIM,Energy,3385.5000000000027
2021-08-26,93.07,52.15,145.22,40.91,26.8,BGRIM,Energy,3426.4100000000026
2021-08-27,29.4,28.91,58.31,0.49,19.02,BGRIM,Energy,3426.9000000000024
2021-08-30,146.35,110.01,256.36,36.34,28.4,BGRIM,Energy,3463.2400000000025
2021-08-31,547.45,471.32,1018.77,76.13,32.04,BGRIM,Energy,3539.3700000000026
2021-09-01,94.9,163.26,258.16,-68.36,21.5,BGRIM,Energy,3471.0100000000025
2021-09-02,187.59,179.02,366.61,8.57,23.46,BGRIM,Energy,3479.5800000000027
2021-09-03,213.47,140.75,354.23,72.72,25.91,BGRIM,Energy,3552.3000000000025
2021-09-06,69.92,162.42,232.35,-92.5,27.52,BGRIM,Energy,3459.8000000000025
2021-09-07,58.49,116.02,174.52,-57.53,23.04,BGRIM,Energy,3402.2700000000023
2021-09-08,116.48,53.76,170.24,62.72,19.97,BGRIM,Energy,3464.990000000002
2021-09-09,126.63,149.67,276.3,-23.04,26.16,BGRIM,Energy,3441.950000000002
2021-09-10,69.3,90.12,159.42,-20.81,27.63,BGRIM,Energy,3421.140000000002
2021-09-13,41.93,56.87,98.8,-14.94,22.11,BGRIM,Energy,3406.200000000002
2021-09-14,54.38,39.28,93.66,15.1,14.33,BGRIM,Energy,3421.300000000002
2021-09-15,54.65,67.37,122.03,-12.72,20.54,BGRIM,Energy,3408.580000000002
2021-09-16,72.55,59.75,132.3,12.79,17.27,BGRIM,Energy,3421.370000000002
2021-09-17,148.9,113.96,262.86,34.94,20.64,BGRIM,Energy,3456.310000000002
2021-09-20,90.23,91.13,181.36,-0.9,16.84,BGRIM,Energy,3455.410000000002
2021-09-21,54.76,33.71,88.47,21.05,19.09,BGRIM,Energy,3476.4600000000023
2021-09-22,112.53,86.13,198.67,26.4,24.85,BGRIM,Energy,3502.8600000000024
2021-09-23,157.04,212.26,369.3,-55.21,32.77,BGRIM,Energy,3447.6500000000024
2021-09-27,87.51,71.4,158.9,16.11,33.11,BGRIM,Energy,3463.7600000000025
2021-09-28,96.93,108.47,205.4,-11.54,23.48,BGRIM,Energy,3452.2200000000025
2021-09-29,188.02,61.21,249.23,126.8,23.92,BGRIM,Energy,3579.0200000000027
2021-09-30,15.72,80.16,95.87,-64.44,19.66,BGRIM,Energy,3514.5800000000027
2021-10-01,98.48,59.62,158.09,38.86,32.39,BGRIM,Energy,3553.440000000003
2021-10-04,147.58,93.8,241.38,53.78,31.77,BGRIM,Energy,3607.220000000003
2021-10-05,149.2,98.32,247.52,50.89,26.41,BGRIM,Energy,3658.110000000003
2021-10-06,43.11,80.62,123.73,-37.51,24.59,BGRIM,Energy,3620.6000000000026
2021-10-07,81.53,68.03,149.56,13.5,30.71,BGRIM,Energy,3634.1000000000026
2021-10-08,26.18,32.85,59.03,-6.67,27.0,BGRIM,Energy,3627.4300000000026
2021-10-11,31.87,52.56,84.43,-20.69,21.34,BGRIM,Energy,3606.7400000000025
2021-10-12,50.36,109.36,159.72,-59.0,36.43,BGRIM,Energy,3547.7400000000025
2021-10-14,97.0,83.03,180.02,13.97,21.27,BGRIM,Energy,3561.7100000000023
2021-10-15,66.27,136.31,202.58,-70.04,24.13,BGRIM,Energy,3491.6700000000023
2021-10-18,68.8,36.64,105.44,32.17,35.84,BGRIM,Energy,3523.8400000000024
2021-10-19,199.14,97.3,296.44,101.85,30.71,BGRIM,Energy,3625.6900000000023
2021-10-20,64.82,70.22,135.04,-5.4,20.32,BGRIM,Energy,3620.2900000000022
2021-10-21,66.06,40.57,106.63,25.49,38.39,BGRIM,Energy,3645.780000000002
2021-10-25,45.87,67.39,113.26,-21.52,28.68,BGRIM,Energy,3624.260000000002
2021-10-26,177.12,110.74,287.86,66.38,23.93,BGRIM,Energy,3690.640000000002
2021-10-27,59.23,99.13,158.36,-39.89,18.54,BGRIM,Energy,3650.7500000000023
2021-10-28,104.15,113.52,217.67,-9.37,20.38,BGRIM,Energy,3641.3800000000024
2021-10-29,25.03,71.4,96.43,-46.37,23.9,BGRIM,Energy,3595.0100000000025
2021-11-01,41.84,93.37,135.21,-51.52,26.5,BGRIM,Energy,3543.4900000000025
2021-11-02,37.85,75.58,113.44,-37.73,27.28,BGRIM,Energy,3505.7600000000025
2021-11-03,44.14,45.81,89.94,-1.67,32.2,BGRIM,Energy,3504.0900000000024
2021-11-04,81.32,67.49,148.81,13.83,22.91,BGRIM,Energy,3517.9200000000023
2021-11-05,224.47,150.45,374.92,74.02,23.01,BGRIM,Energy,3591.9400000000023
2021-11-08,143.12,259.13,402.25,-116.02,29.9,BGRIM,Energy,3475.9200000000023
2021-11-09,166.08,252.24,418.32,-86.17,23.65,BGRIM,Energy,3389.7500000000023
2021-11-10,170.53,310.55,481.07,-140.02,20.09,BGRIM,Energy,3249.7300000000023
2021-11-11,89.4,69.41,158.81,19.99,16.11,BGRIM,Energy,3269.720000000002
2021-11-12,71.69,112.19,183.88,-40.51,26.14,BGRIM,Energy,3229.210000000002
2021-11-15,45.64,181.9,227.55,-136.26,23.59,BGRIM,Energy,3092.9500000000016
2021-11-16,140.74,111.04,251.78,29.71,32.75,BGRIM,Energy,3122.6600000000017
2021-11-17,13.37,65.36,78.73,-51.99,20.98,BGRIM,Energy,3070.670000000002
2021-11-18,110.95,60.97,171.92,49.99,24.8,BGRIM,Energy,3120.6600000000017
2021-11-19,130.39,297.19,427.58,-166.8,16.84,BGRIM,Energy,2953.8600000000015
2021-11-22,172.1,125.53,297.64,46.57,19.38,BGRIM,Energy,3000.4300000000017
2021-11-23,152.52,104.28,256.8,48.24,25.65,BGRIM,Energy,3048.6700000000014
2021-11-24,148.28,81.59,229.87,66.69,32.69,BGRIM,Energy,3115.3600000000015
2021-11-25,155.91,116.06,271.98,39.85,23.67,BGRIM,Energy,3155.2100000000014
2021-11-26,81.95,214.48,296.43,-132.54,25.75,BGRIM,Energy,3022.6700000000014
2021-11-29,84.56,140.72,225.28,-56.16,19.94,BGRIM,Energy,2966.5100000000016
2021-11-30,140.83,208.05,348.88,-67.22,27.0,BGRIM,Energy,2899.290000000002
2021-12-01,126.59,215.77,342.36,-89.18,21.87,BGRIM,Energy,2810.110000000002
2021-12-02,89.72,185.26,274.98,-95.54,23.0,BGRIM,Energy,2714.570000000002
2021-12-03,109.12,247.95,357.07,-138.83,28.57,BGRIM,Energy,2575.740000000002
2021-12-07,53.39,96.45,149.84,-43.06,19.12,BGRIM,Energy,2532.680000000002
2021-12-08,70.7,102.07,172.77,-31.36,18.81,BGRIM,Energy,2501.320000000002
2021-12-09,159.79,79.23,239.03,80.56,21.03,BGRIM,Energy,2581.880000000002
2021-12-13,113.48,26.92,140.4,86.56,32.05,BGRIM,Energy,2668.440000000002
2021-12-14,76.51,31.88,108.39,44.62,22.55,BGRIM,Energy,2713.0600000000018
2021-12-15,66.45,22.24,88.69,44.21,25.89,BGRIM,Energy,2757.270000000002
2021-12-16,316.38,55.92,372.3,260.46,23.34,BGRIM,Energy,3017.730000000002
2021-12-17,250.89,127.76,378.65,123.13,32.63,BGRIM,Energy,3140.860000000002
2021-12-20,145.4,152.24,297.64,-6.84,27.45,BGRIM,Energy,3134.020000000002
2021-12-21,109.14,57.39,166.53,51.75,20.08,BGRIM,Energy,3185.770000000002
2021-12-22,71.15,83.41,154.56,-12.26,20.59,BGRIM,Energy,3173.5100000000016
2021-12-23,84.18,35.41,119.59,48.77,17.99,BGRIM,Energy,3222.2800000000016
2021-12-24,77.45,42.48,119.93,34.97,19.9,BGRIM,Energy,3257.2500000000014
2021-12-27,103.18,80.19,183.37,22.99,17.54,BGRIM,Energy,3280.240000000001
2021-12-28,144.84,160.13,304.97,-15.29,38.63,BGRIM,Energy,3264.950000000001
2021-12-29,153.06,151.79,304.85,1.28,31.26,BGRIM,Energy,3266.2300000000014
2021-12-30,228.33,276.21,504.54,-47.88,30.64,BGRIM,Energy,3218.3500000000013
2022-01-04,139.26,135.94,275.2,3.31,25.26,BGRIM,Energy,3221.660000000001
2022-01-05,29.7,42.49,72.2,-12.79,15.64,BGRIM,Energy,3208.8700000000013
2022-01-06,60.54,118.73,179.27,-58.19,22.98,BGRIM,Energy,3150.680000000001
2022-01-07,58.14,171.2,229.34,-113.06,26.41,BGRIM,Energy,3037.6200000000013
2022-01-10,66.6,221.94,288.55,-155.34,32.97,BGRIM,Energy,2882.280000000001
2022-01-11,69.02,139.59,208.61,-70.57,29.92,BGRIM,Energy,2811.710000000001
2022-01-12,163.76,141.57,305.33,22.18,27.17,BGRIM,Energy,2833.890000000001
2022-01-13,33.43,89.19,122.62,-55.77,18.3,BGRIM,Energy,2778.120000000001
2022-01-14,104.16,116.59,220.75,-12.43,26.7,BGRIM,Energy,2765.690000000001
2022-01-17,56.02,48.19,104.21,7.83,21.42,BGRIM,Energy,2773.520000000001
2022-01-18,89.52,167.93,257.46,-78.41,24.96,BGRIM,Energy,2695.110000000001
2022-01-19,52.23,63.85,116.08,-11.63,15.24,BGRIM,Energy,2683.480000000001
2022-01-20,66.78,213.98,280.76,-147.2,17.37,BGRIM,Energy,2536.280000000001
2022-01-21,164.16,114.78,278.94,49.38,27.05,BGRIM,Energy,2585.660000000001
2022-01-24,105.35,81.36,186.72,23.99,30.75,BGRIM,Energy,2609.650000000001
2022-01-25,72.7,116.77,189.46,-44.07,27.15,BGRIM,Energy,2565.580000000001
2022-01-26,46.52,73.94,120.47,-27.42,20.62,BGRIM,Energy,2538.1600000000008
2022-01-27,108.98,210.92,319.9,-101.93,20.92,BGRIM,Energy,2436.230000000001
2022-01-28,73.2,102.81,176.01,-29.62,28.5,BGRIM,Energy,2406.610000000001
2022-01-31,36.88,57.17,94.05,-20.29,25.66,BGRIM,Energy,2386.320000000001
2022-02-01,63.75,69.7,133.45,-5.95,24.05,BGRIM,Energy,2380.3700000000013
2022-02-02,40.42,79.87,120.29,-39.45,29.06,BGRIM,Energy,2340.9200000000014
2022-02-03,57.54,62.83,120.37,-5.29,26.18,BGRIM,Energy,2335.6300000000015
2022-02-04,70.51,42.24,112.75,28.27,16.26,BGRIM,Energy,2363.9000000000015
2022-02-07,95.51,223.2,318.71,-127.69,23.59,BGRIM,Energy,2236.2100000000014
2022-02-08,213.35,194.22,407.57,19.13,17.71,BGRIM,Energy,2255.3400000000015
2022-02-09,235.1,221.38,456.48,13.72,28.88,BGRIM,Energy,2269.0600000000013
2022-02-10,93.33,100.74,194.07,-7.41,25.89,BGRIM,Energy,2261.6500000000015
2022-02-11,107.18,90.06,197.23,17.12,20.48,BGRIM,Energy,2278.7700000000013
2022-02-14,93.04,82.0,175.04,11.04,18.01,BGRIM,Energy,2289.8100000000013
2022-02-15,82.54,64.92,147.46,17.62,28.34,BGRIM,Energy,2307.430000000001
2022-02-17,150.33,66.9,217.23,83.42,24.55,BGRIM,Energy,2390.8500000000013
2022-02-18,77.98,58.45,136.42,19.53,25.03,BGRIM,Energy,2410.3800000000015
2022-02-21,76.41,54.46,130.87,21.95,18.28,BGRIM,Energy,2432.3300000000013
2022-02-22,110.83,122.93,233.76,-12.1,26.98,BGRIM,Energy,2420.2300000000014
2022-02-23,125.76,78.81,204.58,46.95,28.25,BGRIM,Energy,2467.180000000001
2022-02-24,265.0,235.99,500.99,29.01,27.07,BGRIM,Energy,2496.1900000000014
2022-02-25,227.54,118.8,346.34,108.74,24.65,BGRIM,Energy,2604.930000000001
2022-02-28,168.53,129.11,297.64,39.41,23.66,BGRIM,Energy,2644.340000000001
2022-03-01,147.36,165.19,312.56,-17.83,29.08,BGRIM,Energy,2626.510000000001
2022-03-02,125.21,78.27,203.48,46.94,28.36,BGRIM,Energy,2673.450000000001
2022-03-03,110.74,77.14,187.88,33.6,29.46,BGRIM,Energy,2707.050000000001
2022-03-04,86.8,77.41,164.21,9.39,34.63,BGRIM,Energy,2716.440000000001
2022-03-07,254.78,507.59,762.37,-252.81,23.52,BGRIM,Energy,2463.630000000001
2022-03-08,191.36,234.35,425.71,-42.99,30.97,BGRIM,Energy,2420.6400000000012
2022-03-09,145.62,115.42,261.04,30.2,27.7,BGRIM,Energy,2450.840000000001
2022-03-10,527.62,209.77,737.39,317.84,36.03,BGRIM,Energy,2768.680000000001
2022-03-11,118.91,79.4,198.31,39.51,34.55,BGRIM,Energy,2808.1900000000014
2022-03-14,181.26,147.28,328.54,33.97,27.31,BGRIM,Energy,2842.160000000001
2022-03-15,74.45,93.25,167.7,-18.8,29.18,BGRIM,Energy,2823.360000000001
2022-03-16,82.9,64.43,147.33,18.48,23.76,BGRIM,Energy,2841.840000000001
2022-03-17,176.2,88.84,265.03,87.36,17.95,BGRIM,Energy,2929.200000000001
2022-03-18,112.98,142.23,255.22,-29.25,25.41,BGRIM,Energy,2899.950000000001
2022-03-21,108.43,98.69,207.12,9.73,17.51,BGRIM,Energy,2909.680000000001
2022-03-22,73.7,86.98,160.68,-13.28,27.25,BGRIM,Energy,2896.400000000001
2022-03-23,57.87,58.58,116.45,-0.71,28.29,BGRIM,Energy,2895.690000000001
2022-03-24,36.13,25.07,61.2,11.06,23.12,BGRIM,Energy,2906.750000000001
2022-03-25,44.91,46.67,91.58,-1.76,31.71,BGRIM,Energy,2904.9900000000007
2022-03-28,71.6,81.56,153.15,-9.96,26.19,BGRIM,Energy,2895.0300000000007
2022-03-29,72.02,87.01,159.03,-15.0,25.02,BGRIM,Energy,2880.0300000000007
2022-03-30,133.75,111.17,244.93,22.58,21.32,BGRIM,Energy,2902.6100000000006
2022-03-31,35.4,81.73,117.13,-46.32,23.32,BGRIM,Energy,2856.2900000000004
2022-04-01,182.59,208.3,390.89,-25.71,25.46,BGRIM,Energy,2830.5800000000004
2022-04-04,59.68,91.53,151.21,-31.85,25.05,BGRIM,Energy,2798.7300000000005
2022-04-05,151.04,113.38,264.42,37.65,27.97,BGRIM,Energy,2836.3800000000006
2022-04-07,120.29,130.83,251.12,-10.54,23.82,BGRIM,Energy,2825.8400000000006
2022-04-08,34.23,20.22,54.45,14.01,19.09,BGRIM,Energy,2839.850000000001
2022-04-11,45.18,64.23,109.42,-19.05,18.07,BGRIM,Energy,2820.8000000000006
2022-04-12,51.75,93.3,145.05,-41.56,30.52,BGRIM,Energy,2779.2400000000007
2022-04-18,93.71,48.71,142.42,45.0,24.22,BGRIM,Energy,2824.2400000000007
2022-04-19,68.21,60.78,128.99,7.42,28.74,BGRIM,Energy,2831.6600000000008
2022-04-20,58.57,35.98,94.55,22.59,22.64,BGRIM,Energy,2854.250000000001
2022-04-21,77.24,64.4,141.64,12.84,17.77,BGRIM,Energy,2867.090000000001
2022-04-22,29.43,68.34,97.77,-38.91,23.77,BGRIM,Energy,2828.180000000001
2022-04-25,68.97,108.14,177.11,-39.17,28.92,BGRIM,Energy,2789.010000000001
2022-04-26,76.18,72.15,148.33,4.03,17.19,BGRIM,Energy,2793.0400000000013
2022-04-27,44.27,60.85,105.12,-16.58,21.51,BGRIM,Energy,2776.4600000000014
2022-04-28,78.77,84.12,162.89,-5.36,28.55,BGRIM,Energy,2771.1000000000013
2022-04-29,58.31,50.31,108.62,8.0,36.69,BGRIM,Energy,2779.1000000000013
2022-05-03,98.7,51.89,150.59,46.81,34.86,BGRIM,Energy,2825.910000000001
2022-05-05,192.7,80.9,273.6,111.8,35.08,BGRIM,Energy,2937.7100000000014
2022-05-06,113.12,191.15,304.27,-78.03,23.67,BGRIM,Energy,2859.680000000001
2022-05-09,168.6,111.47,280.07,57.13,24.84,BGRIM,Energy,2916.8100000000013
2022-05-10,209.11,115.53,324.64,93.58,30.82,BGRIM,Energy,3010.3900000000012
2022-05-11,174.06,81.75,255.8,92.31,45.3,BGRIM,Energy,3102.700000000001
2022-05-12,305.75,147.83,453.59,157.92,45.52,BGRIM,Energy,3260.6200000000013
2022-05-13,391.29,295.88,687.17,95.41,47.51,BGRIM,Energy,3356.030000000001
2022-05-17,151.05,87.93,238.98,63.12,39.64,BGRIM,Energy,3419.150000000001
2022-05-18,157.94,105.87,263.8,52.07,47.0,BGRIM,Energy,3471.220000000001
2022-05-19,139.55,115.8,255.35,23.75,45.63,BGRIM,Energy,3494.970000000001
2022-05-20,111.55,62.27,173.82,49.28,39.44,BGRIM,Energy,3544.2500000000014
2022-05-23,102.55,70.71,173.26,31.84,41.93,BGRIM,Energy,3576.0900000000015
2022-05-24,68.74,57.55,126.29,11.19,33.65,BGRIM,Energy,3587.2800000000016
2022-05-25,67.59,49.37,116.96,18.21,34.8,BGRIM,Energy,3605.4900000000016
2022-05-26,89.24,52.06,141.3,37.18,38.85,BGRIM,Energy,3642.6700000000014
2022-05-27,125.39,65.84,191.23,59.56,30.49,BGRIM,Energy,3702.2300000000014
2022-05-30,232.42,182.92,415.35,49.5,30.42,BGRIM,Energy,3751.7300000000014
2022-05-31,506.32,347.78,854.1,158.54,52.37,BGRIM,Energy,3910.2700000000013
2022-06-01,192.33,253.92,446.26,-61.59,28.86,BGRIM,Energy,3848.680000000001
2022-06-02,39.5,83.55,123.05,-44.05,18.31,BGRIM,Energy,3804.630000000001
2022-06-06,65.14,92.31,157.45,-27.16,27.83,BGRIM,Energy,3777.470000000001
2022-06-07,97.11,67.93,165.03,29.18,26.32,BGRIM,Energy,3806.650000000001
2022-06-08,95.59,116.94,212.53,-21.36,29.22,BGRIM,Energy,3785.290000000001
2022-06-09,64.84,56.79,121.64,8.05,30.14,BGRIM,Energy,3793.340000000001
2022-06-10,109.24,95.72,204.95,13.52,38.34,BGRIM,Energy,3806.860000000001
2022-06-13,53.2,52.46,105.66,0.74,23.48,BGRIM,Energy,3807.600000000001
2022-06-14,56.68,47.57,104.25,9.1,38.6,BGRIM,Energy,3816.7000000000007
2022-06-15,59.7,49.74,109.44,9.96,26.85,BGRIM,Energy,3826.6600000000008
2022-06-16,96.33,126.61,222.94,-30.28,32.19,BGRIM,Energy,3796.3800000000006
2022-06-17,231.57,132.54,364.1,99.03,19.57,BGRIM,Energy,3895.4100000000008
2022-06-20,165.0,214.82,379.81,-49.82,20.1,BGRIM,Energy,3845.5900000000006
2022-06-21,112.85,100.04,212.89,12.81,30.46,BGRIM,Energy,3858.4000000000005
2022-06-22,132.13,112.76,244.89,19.37,29.78,BGRIM,Energy,3877.7700000000004
2022-06-23,33.39,56.43,89.81,-23.04,14.74,BGRIM,Energy,3854.7300000000005
2022-06-24,175.76,193.46,369.22,-17.71,21.86,BGRIM,Energy,3837.0200000000004
2022-06-27,155.85,142.68,298.53,13.17,31.96,BGRIM,Energy,3850.1900000000005
2022-06-28,100.11,86.06,186.17,14.05,24.84,BGRIM,Energy,3864.2400000000007
2022-06-29,108.56,52.31,160.87,56.25,31.35,BGRIM,Energy,3920.4900000000007
2022-06-30,162.92,92.63,255.55,70.29,32.86,BGRIM,Energy,3990.7800000000007
2022-07-01,184.78,142.39,327.17,42.39,26.72,BGRIM,Energy,4033.1700000000005
2022-07-04,74.13,76.81,150.94,-2.68,25.15,BGRIM,Energy,4030.4900000000007
2022-07-05,131.54,159.03,290.57,-27.49,33.32,BGRIM,Energy,4003.000000000001
2022-07-06,295.69,221.6,517.28,74.09,25.02,BGRIM,Energy,4077.090000000001
2022-07-07,125.48,159.5,284.98,-34.03,26.09,BGRIM,Energy,4043.060000000001
2022-07-08,128.59,99.59,228.18,29.0,32.38,BGRIM,Energy,4072.060000000001
2022-07-11,129.83,171.08,300.9,-41.25,21.81,BGRIM,Energy,4030.810000000001
2022-07-12,85.18,186.38,271.56,-101.2,26.43,BGRIM,Energy,3929.610000000001
2022-07-14,130.23,170.72,300.96,-40.49,31.87,BGRIM,Energy,3889.1200000000013
2022-07-15,96.38,66.61,162.99,29.77,22.52,BGRIM,Energy,3918.8900000000012
2022-07-18,71.82,42.82,114.64,28.99,21.57,BGRIM,Energy,3947.880000000001
2022-07-19,181.92,171.44,353.36,10.47,21.29,BGRIM,Energy,3958.350000000001
2022-07-20,136.57,95.86,232.43,40.71,28.11,BGRIM,Energy,3999.060000000001
2022-07-21,89.74,96.03,185.77,-6.29,28.79,BGRIM,Energy,3992.770000000001
2022-07-22,84.77,84.19,168.96,0.58,30.93,BGRIM,Energy,3993.350000000001
2022-07-25,141.57,162.45,304.01,-20.88,23.7,BGRIM,Energy,3972.4700000000007
2022-07-26,97.54,123.7,221.24,-26.17,21.61,BGRIM,Energy,3946.3000000000006
2022-07-27,101.51,86.41,187.92,15.1,21.23,BGRIM,Energy,3961.4000000000005
2022-08-01,265.39,237.91,503.31,27.48,18.52,BGRIM,Energy,3988.8800000000006
2022-08-02,204.62,122.24,326.86,82.39,27.77,BGRIM,Energy,4071.2700000000004
2022-08-03,81.63,116.8,198.43,-35.17,25.66,BGRIM,Energy,4036.1000000000004
2022-08-04,85.37,71.81,157.18,13.56,18.76,BGRIM,Energy,4049.6600000000003
2022-08-05,161.29,296.73,458.02,-135.44,25.01,BGRIM,Energy,3914.2200000000003
2022-08-08,189.18,97.82,287.01,91.36,28.37,BGRIM,Energy,4005.5800000000004
2022-08-09,70.77,47.14,117.92,23.63,29.39,BGRIM,Energy,4029.2100000000005
2022-08-10,127.39,105.48,232.87,21.9,29.89,BGRIM,Energy,4051.1100000000006
2022-08-11,79.27,80.87,160.13,-1.6,20.33,BGRIM,Energy,4049.5100000000007
2022-08-15,44.98,54.57,99.55,-9.6,17.8,BGRIM,Energy,4039.9100000000008
2022-08-16,171.55,160.71,332.26,10.84,15.36,BGRIM,Energy,4050.750000000001
2022-08-17,127.55,97.64,225.19,29.91,29.27,BGRIM,Energy,4080.6600000000008
2022-08-18,122.8,68.07,190.87,54.73,21.1,BGRIM,Energy,4135.39
2022-08-19,240.54,252.13,492.67,-11.6,22.65,BGRIM,Energy,4123.79
2022-08-22,317.12,130.52,447.64,186.59,25.35,BGRIM,Energy,4310.38
2022-08-23,65.38,87.67,153.06,-22.29,30.56,BGRIM,Energy,4288.09
2022-08-24,43.29,86.14,129.44,-42.85,28.95,BGRIM,Energy,4245.24
2022-08-25,34.52,43.1,77.62,-8.57,28.59,BGRIM,Energy,4236.67
2022-08-26,81.5,103.77,185.27,-22.27,30.79,BGRIM,Energy,4214.4
2022-08-29,74.12,69.66,143.77,4.46,27.2,BGRIM,Energy,4218.86
2022-08-30,148.76,85.0,233.76,63.77,32.47,BGRIM,Energy,4282.63
2022-08-31,267.96,237.69,505.65,30.27,29.5,BGRIM,Energy,4312.900000000001
2022-09-01,131.21,206.98,338.18,-75.77,39.03,BGRIM,Energy,4237.13
2022-09-02,74.74,79.59,154.34,-4.85,31.93,BGRIM,Energy,4232.28
2022-09-05,127.78,118.59,246.37,9.2,29.88,BGRIM,Energy,4241.48
2022-09-06,119.89,101.56,221.46,18.33,25.22,BGRIM,Energy,4259.8099999999995
2022-09-07,49.23,70.02,119.25,-20.79,30.71,BGRIM,Energy,4239.0199999999995
2022-09-08,173.15,186.21,359.36,-13.06,23.52,BGRIM,Energy,4225.959999999999
2022-09-09,59.8,126.64,186.44,-66.83,26.6,BGRIM,Energy,4159.129999999999
2022-09-12,40.06,97.01,137.07,-56.95,26.02,BGRIM,Energy,4102.179999999999
2022-09-13,62.4,72.46,134.86,-10.06,29.27,BGRIM,Energy,4092.1199999999994
2022-09-14,45.08,78.79,123.88,-33.71,24.49,BGRIM,Energy,4058.4099999999994
2022-09-15,132.19,164.2,296.39,-32.0,27.95,BGRIM,Energy,4026.4099999999994
2022-09-16,312.06,292.96,605.02,19.11,47.6,BGRIM,Energy,4045.5199999999995
2022-09-19,81.42,54.64,136.06,26.78,21.72,BGRIM,Energy,4072.2999999999997
2022-09-20,64.61,70.3,134.91,-5.7,25.56,BGRIM,Energy,4066.6
2022-09-21,167.02,191.18,358.21,-24.16,24.73,BGRIM,Energy,4042.44
2022-09-22,201.29,141.5,342.79,59.8,37.47,BGRIM,Energy,4102.24
2022-09-23,49.96,62.08,112.04,-12.11,25.05,BGRIM,Energy,4090.1299999999997
2022-09-26,85.91,188.32,274.23,-102.41,23.44,BGRIM,Energy,3987.72
2022-09-27,81.54,123.56,205.1,-42.02,25.51,BGRIM,Energy,3945.7
2022-09-28,72.21,106.18,178.39,-33.96,25.71,BGRIM,Energy,3911.74
2022-09-29,162.37,153.3,315.68,9.07,24.04,BGRIM,Energy,3920.81
2022-09-30,107.43,74.85,182.28,32.58,19.96,BGRIM,Energy,3953.39
2022-10-03,107.8,118.87,226.66,-11.07,24.84,BGRIM,Energy,3942.3199999999997
2022-10-04,118.65,142.93,261.58,-24.29,28.41,BGRIM,Energy,3918.0299999999997
2022-10-05,207.73,169.55,377.28,38.18,31.07,BGRIM,Energy,3956.2099999999996
2022-10-06,234.14,150.62,384.76,83.52,29.29,BGRIM,Energy,4039.7299999999996
2022-10-07,114.03,67.03,181.06,47.0,30.47,BGRIM,Energy,4086.7299999999996
2022-10-10,134.12,85.7,219.83,48.42,28.85,BGRIM,Energy,4135.15
2022-10-11,63.86,77.86,141.72,-14.0,38.43,BGRIM,Energy,4121.15
2022-10-12,80.11,64.11,144.22,15.99,22.7,BGRIM,Energy,4137.139999999999
2022-10-17,71.26,89.24,160.5,-17.98,32.32,BGRIM,Energy,4119.16
2022-10-18,155.21,94.96,250.18,60.25,27.05,BGRIM,Energy,4179.41
2022-10-19,121.0,273.13,394.13,-152.13,28.81,BGRIM,Energy,4027.2799999999997
2022-10-20,102.25,157.23,259.49,-54.98,29.34,BGRIM,Energy,3972.2999999999997
2022-10-21,55.36,59.5,114.86,-4.14,23.86,BGRIM,Energy,3968.16
2022-10-25,106.87,107.46,214.33,-0.58,35.33,BGRIM,Energy,3967.58
2022-10-26,122.2,68.89,191.09,53.3,30.6,BGRIM,Energy,4020.88
2022-10-27,103.82,193.85,297.67,-90.03,22.17,BGRIM,Energy,3930.85
2022-10-28,77.48,146.86,224.34,-69.38,27.37,BGRIM,Energy,3861.47
2022-10-31,62.57,116.29,178.86,-53.72,37.25,BGRIM,Energy,3807.75
2022-11-01,152.34,113.52,265.86,38.82,24.03,BGRIM,Energy,3846.57
2022-11-02,83.5,145.18,228.68,-61.67,27.25,BGRIM,Energy,3784.9
2022-11-03,77.61,150.47,228.09,-72.86,23.08,BGRIM,Energy,3712.04
2022-11-04,52.16,87.73,139.89,-35.56,29.5,BGRIM,Energy,3676.48
2022-11-07,77.2,37.66,114.86,39.55,24.75,BGRIM,Energy,3716.03
2022-11-08,82.2,71.34,153.53,10.86,23.55,BGRIM,Energy,3726.8900000000003
2022-11-09,239.45,223.48,462.93,15.96,32.67,BGRIM,Energy,3742.8500000000004
2022-11-10,66.47,93.62,160.09,-27.15,24.24,BGRIM,Energy,3715.7000000000003
2022-11-11,465.2,404.9,870.1,60.3,21.72,BGRIM,Energy,3776.0000000000005
2022-11-14,138.36,82.39,220.75,55.97,23.63,BGRIM,Energy,3831.9700000000003
2022-11-15,92.83,85.68,178.52,7.15,26.44,BGRIM,Energy,3839.1200000000003
2022-11-16,221.84,160.36,382.2,61.48,22.97,BGRIM,Energy,3900.6000000000004
2022-11-17,111.35,116.2,227.55,-4.85,32.23,BGRIM,Energy,3895.7500000000005
2022-11-18,82.85,72.63,155.47,10.22,32.46,BGRIM,Energy,3905.9700000000003
2022-11-21,78.17,88.05,166.22,-9.88,31.65,BGRIM,Energy,3896.09
2022-11-22,43.29,102.1,145.4,-58.81,22.42,BGRIM,Energy,3837.28
2022-11-23,145.57,144.49,290.05,1.08,31.22,BGRIM,Energy,3838.36
2022-11-24,84.99,67.35,152.33,17.64,25.65,BGRIM,Energy,3856.0
2022-11-25,135.25,76.05,211.3,59.19,27.11,BGRIM,Energy,3915.19
2022-11-28,146.02,100.84,246.85,45.18,24.74,BGRIM,Energy,3960.37
2022-11-29,90.65,83.67,174.32,6.98,28.76,BGRIM,Energy,3967.35
2022-11-30,125.84,179.43,305.27,-53.59,28.03,BGRIM,Energy,3913.7599999999998
2022-12-01,109.1,154.33,263.43,-45.23,25.38,BGRIM,Energy,3868.5299999999997
2022-12-02,74.66,38.18,112.83,36.48,28.67,BGRIM,Energy,3905.0099999999998
2022-12-06,135.33,131.39,266.72,3.94,38.41,BGRIM,Energy,3908.95
2022-12-07,36.67,43.13,79.81,-6.46,20.27,BGRIM,Energy,3902.49
2022-12-08,19.74,16.6,36.34,3.14,23.32,BGRIM,Energy,3905.6299999999997
2022-12-09,74.42,56.99,131.41,17.44,27.7,BGRIM,Energy,3923.0699999999997
2022-12-13,30.73,62.58,93.31,-31.85,24.4,BGRIM,Energy,3891.22
2022-12-14,37.3,16.36,53.65,20.94,24.49,BGRIM,Energy,3912.16
2022-12-15,209.26,235.32,444.59,-26.06,15.68,BGRIM,Energy,3886.1
2022-12-16,168.03,203.64,371.67,-35.6,26.84,BGRIM,Energy,3850.5
2022-12-19,96.1,148.74,244.84,-52.64,26.96,BGRIM,Energy,3797.86
2022-12-20,164.58,162.25,326.83,2.33,26.1,BGRIM,Energy,3800.19
2022-12-21,93.59,92.38,185.97,1.21,20.34,BGRIM,Energy,3801.4
2022-12-22,48.29,60.19,108.48,-11.91,22.73,BGRIM,Energy,3789.4900000000002
2022-12-23,139.86,59.57,199.43,80.29,25.58,BGRIM,Energy,3869.78
2022-12-26,61.23,46.6,107.82,14.63,22.73,BGRIM,Energy,3884.4100000000003
2022-12-27,105.96,60.24,166.2,45.73,30.77,BGRIM,Energy,3930.1400000000003
2022-12-28,131.32,36.96,168.28,94.36,36.45,BGRIM,Energy,4024.5000000000005
2022-12-29,231.06,38.32,269.38,192.75,29.18,BGRIM,Energy,4217.25
2022-12-30,168.8,152.66,321.46,16.14,33.14,BGRIM,Energy,4233.39
2023-01-03,36.18,60.15,96.33,-23.97,22.72,BGRIM,Energy,4209.42
2023-01-04,240.64,158.35,398.99,82.29,22.06,BGRIM,Energy,4291.71
2023-01-05,135.32,155.41,290.73,-20.09,27.09,BGRIM,Energy,4271.62
2023-01-06,92.33,128.01,220.34,-35.68,26.68,BGRIM,Energy,4235.94
2023-01-09,100.83,139.74,240.57,-38.91,23.36,BGRIM,Energy,4197.03
2023-01-10,62.3,49.14,111.43,13.16,16.54,BGRIM,Energy,4210.19
2023-01-11,87.55,51.9,139.44,35.65,23.05,BGRIM,Energy,4245.839999999999
2023-01-12,81.14,82.51,163.65,-1.37,33.04,BGRIM,Energy,4244.469999999999
2023-01-13,177.42,82.26,259.68,95.17,21.68,BGRIM,Energy,4339.639999999999
2023-01-16,137.24,48.54,185.78,88.7,25.69,BGRIM,Energy,4428.339999999999
2023-01-17,133.61,47.82,181.43,85.8,27.96,BGRIM,Energy,4514.139999999999
2023-01-18,88.96,59.49,148.45,29.47,29.12,BGRIM,Energy,4543.61
2023-01-19,129.75,74.52,204.27,55.22,24.82,BGRIM,Energy,4598.83
2023-01-20,82.99,54.99,137.97,28.0,29.91,BGRIM,Energy,4626.83
2023-01-23,39.72,30.97,70.69,8.75,15.68,BGRIM,Energy,4635.58
2023-01-24,172.14,123.27,295.41,48.87,31.87,BGRIM,Energy,4684.45
2023-01-25,85.93,76.69,162.62,9.24,23.69,BGRIM,Energy,4693.69
2023-01-26,314.45,162.65,477.1,151.8,24.4,BGRIM,Energy,4845.49
2023-01-27,105.11,47.98,153.09,57.12,20.72,BGRIM,Energy,4902.61
2023-01-30,130.27,33.47,163.75,96.8,26.52,BGRIM,Energy,4999.41
2023-01-31,92.02,100.62,192.63,-8.6,36.45,BGRIM,Energy,4990.8099999999995
2023-02-01,65.15,49.44,114.59,15.71,20.89,BGRIM,Energy,5006.5199999999995
2023-02-02,48.29,68.38,116.67,-20.1,29.83,BGRIM,Energy,4986.419999999999
2023-02-03,133.47,55.04,188.51,78.42,28.8,BGRIM,Energy,5064.839999999999
2023-02-06,72.78,68.98,141.76,3.8,20.53,BGRIM,Energy,5068.639999999999
2023-02-07,122.22,51.49,173.7,70.73,23.76,BGRIM,Energy,5139.369999999999
2023-02-08,41.87,46.84,88.71,-4.97,30.28,BGRIM,Energy,5134.399999999999
2023-02-09,173.5,129.19,302.7,44.31,31.4,BGRIM,Energy,5178.709999999999
2023-02-10,22.04,22.47,44.51,-0.43,28.7,BGRIM,Energy,5178.279999999999
2023-02-13,77.73,150.36,228.09,-72.63,21.69,BGRIM,Energy,5105.649999999999
2023-02-14,75.67,75.41,151.09,0.26,25.97,BGRIM,Energy,5105.909999999999
2023-02-15,113.7,167.92,281.62,-54.22,27.8,BGRIM,Energy,5051.689999999999
2023-02-16,119.25,178.63,297.88,-59.39,26.29,BGRIM,Energy,4992.299999999998
2023-02-17,86.38,77.06,163.43,9.32,27.14,BGRIM,Energy,5001.619999999998
2023-02-20,72.78,74.98,147.75,-2.2,25.75,BGRIM,Energy,4999.419999999998
2023-02-21,80.74,53.4,134.14,27.34,27.41,BGRIM,Energy,5026.759999999998
2023-02-22,66.97,61.97,128.94,5.0,22.74,BGRIM,Energy,5031.759999999998
2023-02-23,54.71,42.53,97.23,12.18,27.11,BGRIM,Energy,5043.939999999999
2023-02-24,66.67,49.47,116.14,17.2,24.41,BGRIM,Energy,5061.1399999999985
2023-02-27,106.36,81.65,188.01,24.71,33.88,BGRIM,Energy,5085.8499999999985
2023-02-28,113.14,140.84,253.98,-27.7,27.29,BGRIM,Energy,5058.149999999999
2023-03-01,35.53,98.92,134.45,-63.38,27.32,BGRIM,Energy,4994.769999999999
2023-03-02,120.21,140.35,260.56,-20.14,26.03,BGRIM,Energy,4974.629999999998
2023-03-03,62.31,67.31,129.63,-5.0,27.15,BGRIM,Energy,4969.629999999998
2023-03-07,87.73,103.28,191.01,-15.56,32.22,BGRIM,Energy,4954.069999999998
2023-03-08,44.55,203.97,248.52,-159.41,31.7,BGRIM,Energy,4794.659999999998
2023-03-09,71.4,102.1,173.49,-30.7,32.78,BGRIM,Energy,4763.959999999998
2023-03-10,43.76,94.32,138.08,-50.56,29.95,BGRIM,Energy,4713.399999999998
2023-03-13,69.8,186.05,255.85,-116.24,31.01,BGRIM,Energy,4597.159999999998
2023-03-14,121.67,140.59,262.25,-18.92,36.54,BGRIM,Energy,4578.239999999998
2023-03-15,86.12,156.31,242.44,-70.19,23.79,BGRIM,Energy,4508.049999999998
2023-03-16,136.83,152.67,289.5,-15.84,32.51,BGRIM,Energy,4492.209999999998
2023-03-17,95.71,127.17,222.88,-31.46,29.11,BGRIM,Energy,4460.749999999998
2023-03-20,95.94,130.88,226.82,-34.94,25.69,BGRIM,Energy,4425.809999999999
2023-03-21,94.47,116.2,210.67,-21.73,21.65,BGRIM,Energy,4404.079999999999
2023-03-22,62.08,60.44,122.52,1.63,18.54,BGRIM,Energy,4405.709999999999
2023-03-23,70.74,64.44,135.18,6.31,21.76,BGRIM,Energy,4412.0199999999995
2023-03-24,71.46,45.52,116.98,25.95,25.08,BGRIM,Energy,4437.969999999999
2023-03-27,80.06,59.4,139.46,20.65,20.68,BGRIM,Energy,4458.619999999999
2023-03-28,65.5,97.83,163.33,-32.33,22.54,BGRIM,Energy,4426.289999999999
2023-03-29,28.01,42.95,70.96,-14.93,19.44,BGRIM,Energy,4411.359999999999
2023-03-30,43.48,79.7,123.18,-36.21,29.97,BGRIM,Energy,4375.149999999999
2023-03-31,24.05,30.59,54.64,-6.53,39.5,BGRIM,Energy,4368.619999999999
2023-04-03,133.94,30.8,164.74,103.14,24.47,BGRIM,Energy,4471.759999999999
2023-04-04,204.64,129.41,334.05,75.23,23.63,BGRIM,Energy,4546.989999999999
2023-04-05,158.99,122.06,281.06,36.93,23.8,BGRIM,Energy,4583.919999999999
2023-04-07,52.16,36.12,88.28,16.05,29.74,BGRIM,Energy,4599.969999999999
2023-04-10,66.94,41.05,108.0,25.89,28.25,BGRIM,Energy,4625.86
2023-04-11,19.89,30.32,50.21,-10.43,23.11,BGRIM,Energy,4615.429999999999
2023-04-12,140.72,96.07,236.78,44.65,31.04,BGRIM,Energy,4660.079999999999
2023-04-17,109.51,30.89,140.4,78.62,32.22,BGRIM,Energy,4738.699999999999
2023-04-18,66.4,91.78,158.18,-25.38,30.7,BGRIM,Energy,4713.319999999999
2023-04-19,45.67,106.37,152.04,-60.7,26.01,BGRIM,Energy,4652.619999999999
2023-04-20,55.6,105.38,160.98,-49.77,27.76,BGRIM,Energy,4602.8499999999985
2023-04-21,114.27,155.74,270.01,-41.47,19.8,BGRIM,Energy,4561.379999999998
2023-04-24,56.75,50.41,107.17,6.34,28.32,BGRIM,Energy,4567.719999999998
2023-04-25,63.79,73.65,137.43,-9.86,28.21,BGRIM,Energy,4557.859999999999
2023-04-26,38.29,58.01,96.29,-19.72,28.01,BGRIM,Energy,4538.1399999999985
2023-04-27,47.76,93.91,141.68,-46.15,23.65,BGRIM,Energy,4491.989999999999
2023-04-28,50.96,191.58,242.54,-140.62,28.83,BGRIM,Energy,4351.369999999999
2023-05-02,67.79,78.33,146.11,-10.54,30.53,BGRIM,Energy,4340.829999999999
2023-05-03,109.57,151.76,261.33,-42.18,27.4,BGRIM,Energy,4298.649999999999
2023-05-08,82.24,80.12,162.35,2.12,21.83,BGRIM,Energy,4300.769999999999
2023-05-09,51.73,102.52,154.26,-50.79,25.01,BGRIM,Energy,4249.979999999999
2023-05-10,20.44,53.48,73.92,-33.03,25.24,BGRIM,Energy,4216.949999999999
2023-05-11,31.92,50.73,82.65,-18.82,25.01,BGRIM,Energy,4198.129999999999
2023-05-12,53.0,56.36,109.36,-3.36,33.31,BGRIM,Energy,4194.7699999999995
2023-05-15,255.86,279.61,535.47,-23.76,30.04,BGRIM,Energy,4171.009999999999
2023-05-16,102.79,71.81,174.6,30.98,31.65,BGRIM,Energy,4201.989999999999
2023-05-17,123.81,85.3,209.11,38.5,31.96,BGRIM,Energy,4240.489999999999
2023-05-18,81.75,86.43,168.18,-4.67,38.15,BGRIM,Energy,4235.819999999999
2023-05-19,83.82,88.48,172.31,-4.66,29.18,BGRIM,Energy,4231.159999999999
2023-05-22,109.35,60.12,169.46,49.23,28.91,BGRIM,Energy,4280.3899999999985
2023-05-23,46.68,39.16,85.84,7.52,39.16,BGRIM,Energy,4287.909999999999
2023-05-24,29.8,56.1,85.9,-26.3,31.25,BGRIM,Energy,4261.609999999999
2023-05-25,54.85,58.47,113.32,-3.63,43.88,BGRIM,Energy,4257.979999999999
2023-05-26,66.58,53.05,119.63,13.54,35.96,BGRIM,Energy,4271.519999999999
2023-05-29,76.13,82.76,158.88,-6.63,26.27,BGRIM,Energy,4264.8899999999985
2023-05-30,37.74,78.69,116.43,-40.96,43.32,BGRIM,Energy,4223.9299999999985
2023-05-31,60.34,124.17,184.5,-63.83,45.82,BGRIM,Energy,4160.0999999999985
2023-06-01,95.36,177.9,273.27,-82.54,31.9,BGRIM,Energy,4077.5599999999986
2023-06-02,91.69,37.47,129.16,54.22,31.92,BGRIM,Energy,4131.779999999999
2023-06-06,29.36,97.8,127.17,-68.44,23.19,BGRIM,Energy,4063.339999999999
2023-06-07,66.77,75.89,142.66,-9.12,50.46,BGRIM,Energy,4054.219999999999
2023-06-08,92.21,76.91,169.12,15.3,39.69,BGRIM,Energy,4069.519999999999
2023-06-09,42.89,53.1,95.99,-10.21,42.42,BGRIM,Energy,4059.309999999999
2023-06-12,73.05,29.54,102.58,43.51,22.97,BGRIM,Energy,4102.819999999999
2023-06-13,84.99,72.61,157.6,12.38,29.52,BGRIM,Energy,4115.199999999999
2023-06-14,39.37,36.06,75.44,3.31,26.85,BGRIM,Energy,4118.509999999999
2023-06-15,38.2,27.73,65.93,10.47,48.44,BGRIM,Energy,4128.98
2023-06-16,92.09,106.98,199.07,-14.89,36.26,BGRIM,Energy,4114.089999999999
2023-06-19,66.44,94.12,160.56,-27.68,31.1,BGRIM,Energy,4086.4099999999994
2023-06-20,103.57,52.5,156.08,51.07,39.07,BGRIM,Energy,4137.48
2023-06-21,47.92,85.0,132.92,-37.08,41.58,BGRIM,Energy,4100.4
2023-06-22,77.22,92.69,169.91,-15.46,33.31,BGRIM,Energy,4084.9399999999996
2023-06-23,64.65,75.19,139.84,-10.54,30.79,BGRIM,Energy,4074.3999999999996
2023-06-26,57.69,70.24,127.93,-12.55,40.74,BGRIM,Energy,4061.8499999999995
2023-06-27,82.96,54.29,137.25,28.67,27.85,BGRIM,Energy,4090.5199999999995
2023-06-28,125.52,100.35,225.87,25.16,34.3,BGRIM,Energy,4115.679999999999
2023-06-29,83.79,115.04,198.83,-31.24,24.58,BGRIM,Energy,4084.4399999999996
2023-06-30,92.87,82.67,175.53,10.2,32.05,BGRIM,Energy,4094.6399999999994
2023-07-03,65.79,68.25,134.04,-2.46,34.35,BGRIM,Energy,4092.1799999999994
2023-07-04,56.63,73.97,130.6,-17.33,26.58,BGRIM,Energy,4074.8499999999995
2023-07-05,59.05,77.82,136.87,-18.77,26.99,BGRIM,Energy,4056.0799999999995
2023-07-06,149.5,99.31,248.81,50.19,30.78,BGRIM,Energy,4106.2699999999995
2023-07-07,100.9,95.77,196.67,5.13,32.18,BGRIM,Energy,4111.4
2023-07-10,70.98,70.74,141.72,0.24,34.67,BGRIM,Energy,4111.639999999999
2023-07-11,61.92,63.12,125.04,-1.2,40.46,BGRIM,Energy,4110.44
2023-07-12,128.59,173.49,302.08,-44.9,26.63,BGRIM,Energy,4065.5399999999995
2023-07-13,31.92,86.5,118.41,-54.58,23.05,BGRIM,Energy,4010.9599999999996
2023-07-14,64.66,96.33,160.99,-31.67,30.15,BGRIM,Energy,3979.2899999999995
2023-07-17,90.33,98.12,188.45,-7.78,23.81,BGRIM,Energy,3971.5099999999993
2023-07-18,62.35,96.65,159.0,-34.3,28.8,BGRIM,Energy,3937.209999999999
2023-07-19,52.41,83.34,135.76,-30.93,28.07,BGRIM,Energy,3906.2799999999993
2023-07-20,94.84,90.46,185.29,4.38,33.27,BGRIM,Energy,3910.6599999999994
2023-07-21,56.69,19.55,76.24,37.13,43.42,BGRIM,Energy,3947.7899999999995
2023-07-24,83.39,74.58,157.97,8.8,37.65,BGRIM,Energy,3956.5899999999997
2023-07-25,123.55,64.05,187.6,59.51,34.29,BGRIM,Energy,4016.1
2023-07-26,90.91,94.57,185.48,-3.67,24.85,BGRIM,Energy,4012.43
2023-07-27,132.24,48.21,180.44,84.03,17.91,BGRIM,Energy,4096.46
2023-07-31,60.81,62.1,122.91,-1.3,31.34,BGRIM,Energy,4095.16
2023-08-02,71.5,91.34,162.84,-19.83,33.97,BGRIM,Energy,4075.33
2023-08-03,99.05,55.13,154.18,43.93,25.91,BGRIM,Energy,4119.26
2023-08-04,80.62,66.47,147.09,14.15,29.85,BGRIM,Energy,4133.41
2023-08-07,74.51,79.73,154.24,-5.22,41.69,BGRIM,Energy,4128.19
2023-08-08,51.99,67.36,119.35,-15.37,48.5,BGRIM,Energy,4112.82
2023-08-09,72.83,44.59,117.43,28.24,44.82,BGRIM,Energy,4141.0599999999995
2023-08-10,206.6,98.96,305.56,107.64,22.68,BGRIM,Energy,4248.7
2023-08-11,136.37,107.36,243.74,29.01,24.55,BGRIM,Energy,4277.71
2023-08-15,147.22,97.53,244.76,49.69,35.57,BGRIM,Energy,4327.4
2023-08-16,119.42,111.27,230.69,8.15,38.48,BGRIM,Energy,4335.549999999999
2023-08-17,111.71,74.18,185.9,37.53,31.61,BGRIM,Energy,4373.079999999999
2023-08-18,105.97,134.24,240.21,-28.28,30.52,BGRIM,Energy,4344.799999999999
2023-08-21,55.56,35.29,90.84,20.27,26.08,BGRIM,Energy,4365.07
2023-08-22,74.32,77.01,151.32,-2.69,27.62,BGRIM,Energy,4362.38
2023-08-23,122.59,101.13,223.72,21.47,25.25,BGRIM,Energy,4383.85
2023-08-24,134.28,167.45,301.73,-33.17,25.86,BGRIM,Energy,4350.68
2023-08-25,94.73,122.41,217.15,-27.68,29.23,BGRIM,Energy,4323.0
2023-08-28,31.37,126.53,157.9,-95.15,33.42,BGRIM,Energy,4227.85
2023-08-29,42.49,78.36,120.85,-35.88,23.61,BGRIM,Energy,4191.97
2023-08-30,56.01,79.87,135.88,-23.85,18.7,BGRIM,Energy,4168.12
2023-08-31,255.73,193.94,449.67,61.79,23.2,BGRIM,Energy,4229.91
2023-09-01,219.54,90.09,309.63,129.46,24.35,BGRIM,Energy,4359.37
2023-09-04,388.72,340.46,729.19,48.26,24.59,BGRIM,Energy,4407.63
2023-09-05,66.76,171.3,238.06,-104.54,24.74,BGRIM,Energy,4303.09
2023-09-06,91.53,132.65,224.18,-41.12,30.03,BGRIM,Energy,4261.97
2023-09-07,31.88,60.36,92.24,-28.48,25.65,BGRIM,Energy,4233.490000000001
2023-09-08,45.59,64.84,110.43,-19.24,32.45,BGRIM,Energy,4214.250000000001
2023-09-11,92.51,74.74,167.24,17.77,22.89,BGRIM,Energy,4232.020000000001
2023-09-12,46.3,40.17,86.47,6.13,31.24,BGRIM,Energy,4238.1500000000015
2023-09-13,128.41,58.5,186.9,69.91,18.21,BGRIM,Energy,4308.060000000001
2023-09-14,77.52,65.11,142.64,12.41,27.37,BGRIM,Energy,4320.470000000001
2023-09-15,170.09,124.64,294.73,45.45,51.91,BGRIM,Energy,4365.920000000001
2023-09-18,327.53,115.95,443.47,211.58,33.58,BGRIM,Energy,4577.500000000001
2023-09-19,194.9,103.3,298.2,91.6,26.31,BGRIM,Energy,4669.100000000001
2023-09-20,118.35,124.73,243.08,-6.38,38.22,BGRIM,Energy,4662.720000000001
2023-09-21,70.09,192.54,262.62,-122.45,23.03,BGRIM,Energy,4540.270000000001
2023-09-22,32.38,56.89,89.28,-24.51,22.01,BGRIM,Energy,4515.760000000001
2023-09-25,69.37,103.57,172.94,-34.2,29.82,BGRIM,Energy,4481.560000000001
2023-09-26,161.15,207.93,369.08,-46.78,30.94,BGRIM,Energy,4434.780000000002
2023-09-27,334.24,62.89,397.13,271.36,41.05,BGRIM,Energy,4706.140000000001
2023-09-28,188.93,137.37,326.3,51.57,28.1,BGRIM,Energy,4757.710000000001
2023-09-29,291.27,126.9,418.17,164.37,31.18,BGRIM,Energy,4922.080000000001
2023-10-02,135.58,119.58,255.16,16.01,31.56,BGRIM,Energy,4938.090000000001
2023-10-03,141.66,119.14,260.81,22.52,28.16,BGRIM,Energy,4960.6100000000015
2023-10-04,170.67,107.55,278.22,63.11,29.42,BGRIM,Energy,5023.720000000001
2023-10-05,131.16,188.76,319.92,-57.61,32.28,BGRIM,Energy,4966.1100000000015
2023-10-06,110.58,174.16,284.74,-63.58,33.74,BGRIM,Energy,4902.530000000002
2023-10-09,126.97,48.74,175.7,78.23,36.9,BGRIM,Energy,4980.760000000001
2023-10-10,73.0,52.09,125.1,20.91,22.27,BGRIM,Energy,5001.670000000001
2023-10-11,138.1,209.83,347.92,-71.73,29.8,BGRIM,Energy,4929.940000000001
2023-10-12,77.48,97.35,174.83,-19.88,31.97,BGRIM,Energy,4910.060000000001
2023-10-16,155.68,160.59,316.27,-4.91,30.75,BGRIM,Energy,4905.1500000000015
2023-10-17,48.0,19.63,67.63,28.37,22.54,BGRIM,Energy,4933.520000000001
2023-10-18,120.39,130.78,251.17,-10.39,32.25,BGRIM,Energy,4923.130000000001
2023-10-19,228.6,234.74,463.34,-6.14,40.77,BGRIM,Energy,4916.990000000001
2023-10-20,245.54,105.58,351.11,139.96,29.62,BGRIM,Energy,5056.950000000001
2023-10-24,214.9,153.21,368.11,61.69,35.87,BGRIM,Energy,5118.64
2023-10-25,95.61,379.58,475.19,-283.97,38.57,BGRIM,Energy,4834.67
2023-10-26,61.0,91.36,152.36,-30.36,24.67,BGRIM,Energy,4804.31
2023-10-27,102.2,94.94,197.13,7.26,23.69,BGRIM,Energy,4811.570000000001
2023-10-30,152.13,155.93,308.06,-3.8,23.69,BGRIM,Energy,4807.77
2023-10-31,224.76,221.23,445.99,3.53,33.87,BGRIM,Energy,4811.3
2023-11-01,174.78,90.14,264.92,84.65,32.09,BGRIM,Energy,4895.95
2023-11-02,143.94,159.98,303.92,-16.04,20.46,BGRIM,Energy,4879.91
2023-11-03,199.95,293.76,493.7,-93.81,17.72,BGRIM,Energy,4786.099999999999
2023-11-06,96.62,189.36,285.98,-92.74,29.34,BGRIM,Energy,4693.36
2023-11-07,116.66,151.18,267.84,-34.52,22.59,BGRIM,Energy,4658.839999999999
2023-11-08,128.03,78.1,206.12,49.93,22.16,BGRIM,Energy,4708.7699999999995
2023-11-09,94.84,163.29,258.13,-68.45,19.88,BGRIM,Energy,4640.32
2023-11-10,127.95,165.34,293.29,-37.39,20.8,BGRIM,Energy,4602.929999999999
2023-11-13,125.75,94.29,220.04,31.46,22.62,BGRIM,Energy,4634.389999999999
2023-11-14,70.03,155.29,225.32,-85.27,28.87,BGRIM,Energy,4549.119999999999
2023-11-15,388.86,202.32,591.18,186.54,23.64,BGRIM,Energy,4735.659999999999
2023-11-16,149.46,184.51,333.97,-35.06,18.22,BGRIM,Energy,4700.5999999999985
2023-11-17,139.94,235.82,375.76,-95.89,16.51,BGRIM,Energy,4604.709999999998
2023-11-20,77.99,195.81,273.81,-117.82,28.98,BGRIM,Energy,4486.8899999999985
2023-11-21,71.33,72.63,143.96,-1.29,25.75,BGRIM,Energy,4485.5999999999985
2023-11-22,159.86,96.82,256.69,63.04,24.43,BGRIM,Energy,4548.6399999999985
2023-11-23,67.91,17.44,85.34,50.47,19.53,BGRIM,Energy,4599.109999999999
2023-11-24,241.3,182.71,424.01,58.59,22.34,BGRIM,Energy,4657.699999999999
2023-11-27,243.04,127.07,370.12,115.97,29.12,BGRIM,Energy,4773.669999999999
2023-11-28,167.49,81.71,249.21,85.78,23.8,BGRIM,Energy,4859.449999999999
2023-11-29,239.43,191.69,431.12,47.74,21.57,BGRIM,Energy,4907.189999999999
2023-11-30,1779.85,1513.19,3293.04,266.66,62.52,BGRIM,Energy,5173.8499999999985
2023-12-01,101.18,194.49,295.68,-93.31,21.39,BGRIM,Energy,5080.539999999998
2023-12-04,116.19,130.53,246.72,-14.33,29.22,BGRIM,Energy,5066.209999999998
2023-12-06,50.15,116.38,166.52,-66.23,25.66,BGRIM,Energy,4999.979999999999
2023-12-07,43.2,119.97,163.17,-76.77,17.77,BGRIM,Energy,4923.209999999998
2023-12-08,34.73,95.68,130.41,-60.95,22.03,BGRIM,Energy,4862.259999999998
2023-12-12,45.93,113.34,159.28,-67.41,22.6,BGRIM,Energy,4794.8499999999985
2023-12-13,165.72,97.82,263.54,67.9,27.16,BGRIM,Energy,4862.749999999998
2023-12-14,80.89,105.97,186.87,-25.08,17.47,BGRIM,Energy,4837.669999999998
2023-12-15,166.88,292.69,459.57,-125.81,23.8,BGRIM,Energy,4711.859999999998
2023-12-18,85.63,208.93,294.56,-123.3,20.89,BGRIM,Energy,4588.559999999998
2023-12-19,54.22,110.07,164.29,-55.85,19.58,BGRIM,Energy,4532.709999999997
2023-12-20,57.38,109.58,166.96,-52.2,27.01,BGRIM,Energy,4480.5099999999975
2023-12-21,51.24,107.21,158.45,-55.98,14.24,BGRIM,Energy,4424.529999999998
2023-12-22,49.7,128.59,178.29,-78.89,24.71,BGRIM,Energy,4345.639999999998
2023-12-25,39.26,26.17,65.43,13.09,16.9,BGRIM,Energy,4358.729999999998
2023-12-26,18.06,46.87,64.93,-28.82,15.49,BGRIM,Energy,4329.909999999998
2023-12-27,50.47,95.83,146.3,-45.35,17.45,BGRIM,Energy,4284.559999999998
2023-12-28,37.92,20.05,57.97,17.87,13.64,BGRIM,Energy,4302.429999999998
2024-01-02,62.98,102.55,165.54,-39.57,16.42,BGRIM,Energy,4262.859999999998
2024-01-03,29.1,33.77,62.87,-4.67,11.4,BGRIM,Energy,4258.189999999998
2024-01-04,56.8,68.8,125.6,-12.0,16.27,BGRIM,Energy,4246.189999999998
2024-01-05,69.89,73.46,143.34,-3.57,12.48,BGRIM,Energy,4242.619999999998
2024-01-08,190.49,50.78,241.27,139.71,21.64,BGRIM,Energy,4382.329999999998
2024-01-09,103.64,91.61,195.25,12.03,18.03,BGRIM,Energy,4394.359999999998
2024-01-10,190.12,291.25,481.37,-101.12,22.56,BGRIM,Energy,4293.239999999998
2024-01-11,104.84,129.92,234.76,-25.09,22.55,BGRIM,Energy,4268.149999999998
2024-01-12,35.6,56.12,91.72,-20.52,29.02,BGRIM,Energy,4247.629999999997
2024-01-15,62.59,90.08,152.66,-27.49,19.81,BGRIM,Energy,4220.139999999998
2024-01-16,69.05,62.91,131.96,6.13,21.35,BGRIM,Energy,4226.269999999998
2024-01-17,81.49,198.04,279.53,-116.55,23.71,BGRIM,Energy,4109.7199999999975
2024-01-18,109.83,44.21,154.03,65.62,23.79,BGRIM,Energy,4175.339999999997
2024-01-19,38.25,29.95,68.2,8.3,15.18,BGRIM,Energy,4183.639999999998
2024-01-22,50.44,43.18,93.62,7.27,27.37,BGRIM,Energy,4190.909999999998
2024-01-23,68.67,54.11,122.78,14.56,23.53,BGRIM,Energy,4205.469999999998
2024-01-24,186.45,100.73,287.18,85.73,25.72,BGRIM,Energy,4291.199999999998
2024-01-25,93.4,93.28,186.68,0.12,22.41,BGRIM,Energy,4291.319999999998
2024-01-26,27.33,52.55,79.89,-25.22,16.99,BGRIM,Energy,4266.099999999998
2024-01-29,70.37,52.12,122.49,18.25,20.65,BGRIM,Energy,4284.349999999998
2024-01-30,58.1,55.51,113.61,2.59,14.7,BGRIM,Energy,4286.939999999998
2024-01-31,31.09,55.32,86.41,-24.23,15.93,BGRIM,Energy,4262.709999999998
2024-02-01,44.97,60.0,104.97,-15.02,16.08,BGRIM,Energy,4247.689999999998
2024-02-02,71.66,146.02,217.69,-74.36,18.59,BGRIM,Energy,4173.329999999998
2024-02-05,24.41,34.36,58.77,-9.96,14.85,BGRIM,Energy,4163.369999999998
2024-02-06,62.42,138.46,200.88,-76.04,14.85,BGRIM,Energy,4087.329999999998
2024-02-07,22.75,70.44,93.19,-47.69,17.18,BGRIM,Energy,4039.639999999998
2024-02-08,31.77,85.45,117.21,-53.68,16.51,BGRIM,Energy,3985.959999999998
2024-02-09,72.81,61.11,133.91,11.7,24.78,BGRIM,Energy,3997.659999999998
2024-02-12,28.66,104.0,132.66,-75.34,16.61,BGRIM,Energy,3922.319999999998
2024-02-13,35.3,45.55,80.85,-10.25,21.07,BGRIM,Energy,3912.069999999998
2024-02-14,35.06,49.74,84.8,-14.68,16.52,BGRIM,Energy,3897.389999999998
2024-02-15,30.12,75.56,105.68,-45.43,15.27,BGRIM,Energy,3851.959999999998
2024-02-16,19.3,31.62,50.92,-12.32,20.16,BGRIM,Energy,3839.639999999998
2024-02-19,33.76,35.22,68.99,-1.46,19.23,BGRIM,Energy,3838.179999999998
2024-02-20,125.15,93.39,218.54,31.76,18.39,BGRIM,Energy,3869.9399999999982
2024-02-21,187.84,49.46,237.3,138.38,20.06,BGRIM,Energy,4008.3199999999983
2024-02-22,72.13,55.85,127.99,16.28,15.53,BGRIM,Energy,4024.5999999999985
2024-02-23,21.76,45.1,66.86,-23.34,13.75,BGRIM,Energy,4001.2599999999984
2024-02-27,86.66,71.77,158.43,14.89,20.97,BGRIM,Energy,4016.1499999999983
2024-02-28,117.75,111.13,228.87,6.62,18.33,BGRIM,Energy,4022.769999999998
2024-02-29,95.87,67.71,163.58,28.16,18.87,BGRIM,Energy,4050.929999999998
2024-03-01,57.69,150.65,208.34,-92.96,24.3,BGRIM,Energy,3957.969999999998
2024-03-04,42.22,63.01,105.23,-20.79,19.47,BGRIM,Energy,3937.179999999998
2024-03-05,34.97,51.65,86.61,-16.68,29.62,BGRIM,Energy,3920.499999999998
2024-03-06,38.1,70.57,108.67,-32.48,22.04,BGRIM,Energy,3888.019999999998
2024-03-07,48.96,52.12,101.08,-3.16,18.09,BGRIM,Energy,3884.8599999999983
2024-03-08,120.23,70.95,191.18,49.28,19.61,BGRIM,Energy,3934.1399999999985
2024-03-11,257.95,91.56,349.5,166.39,18.91,BGRIM,Energy,4100.529999999999
2024-03-12,95.73,96.11,191.83,-0.38,22.42,BGRIM,Energy,4100.149999999999
2024-03-13,32.03,34.49,66.52,-2.45,21.82,BGRIM,Energy,4097.699999999999
2024-03-14,91.77,73.01,164.78,18.76,20.53,BGRIM,Energy,4116.459999999999
2024-03-15,34.58,45.66,80.25,-11.08,27.38,BGRIM,Energy,4105.379999999999
2024-03-18,26.45,69.58,96.03,-43.13,26.84,BGRIM,Energy,4062.249999999999
2024-03-19,66.8,84.61,151.41,-17.81,27.13,BGRIM,Energy,4044.439999999999
2024-03-20,14.31,55.07,69.38,-40.76,24.62,BGRIM,Energy,4003.679999999999
2024-03-21,29.43,57.97,87.4,-28.54,29.4,BGRIM,Energy,3975.139999999999
2024-03-22,64.42,69.6,134.02,-5.19,39.13,BGRIM,Energy,3969.949999999999
2024-03-25,68.69,63.03,131.72,5.66,30.76,BGRIM,Energy,3975.6099999999988
2024-03-26,70.81,32.63,103.45,38.18,24.59,BGRIM,Energy,4013.7899999999986
2024-03-27,31.22,25.01,56.23,6.21,21.53,BGRIM,Energy,4019.9999999999986
2024-03-28,23.52,58.07,81.59,-34.55,29.88,BGRIM,Energy,3985.4499999999985
2024-03-29,22.32,38.68,61.0,-16.36,23.41,BGRIM,Energy,3969.0899999999983
2024-04-01,29.79,26.27,56.06,3.53,20.78,BGRIM,Energy,3972.6199999999985
2024-04-02,22.09,46.46,68.55,-24.36,25.83,BGRIM,Energy,3948.2599999999984
2024-04-03,31.37,94.05,125.42,-62.67,38.25,BGRIM,Energy,3885.5899999999983
2024-04-04,39.06,69.38,108.45,-30.32,31.92,BGRIM,Energy,3855.269999999998
2024-04-05,40.27,76.32,116.6,-36.05,29.22,BGRIM,Energy,3819.219999999998
2024-04-09,82.7,99.95,182.65,-17.24,34.82,BGRIM,Energy,3801.979999999998
2024-04-10,64.31,85.91,150.22,-21.61,27.22,BGRIM,Energy,3780.369999999998
2024-04-11,43.22,98.52,141.73,-55.3,26.19,BGRIM,Energy,3725.069999999998
2024-04-17,124.16,117.65,241.81,6.51,23.24,BGRIM,Energy,3731.579999999998
2024-04-18,71.46,90.09,161.55,-18.63,28.42,BGRIM,Energy,3712.949999999998
2024-04-19,215.67,152.75,368.41,62.92,23.55,BGRIM,Energy,3775.869999999998
2024-04-22,74.96,55.2,130.17,19.76,26.97,BGRIM,Energy,3795.6299999999983
2024-04-23,40.13,66.23,106.36,-26.09,27.14,BGRIM,Energy,3769.539999999998
2024-04-24,52.92,51.17,104.1,1.75,23.32,BGRIM,Energy,3771.289999999998
2024-04-25,48.38,53.83,102.22,-5.45,20.5,BGRIM,Energy,3765.8399999999983
2024-04-26,45.5,45.29,90.79,0.2,31.52,BGRIM,Energy,3766.039999999998
2024-04-29,27.22,32.19,59.42,-4.97,38.8,BGRIM,Energy,3761.0699999999983
2024-04-30,17.18,20.21,37.39,-3.03,17.22,BGRIM,Energy,3758.039999999998
2024-05-02,19.07,19.05,38.12,0.02,13.98,BGRIM,Energy,3758.059999999998
2024-05-03,121.29,65.83,187.12,55.45,34.84,BGRIM,Energy,3813.509999999998
2024-05-07,55.2,63.25,118.46,-8.05,27.75,BGRIM,Energy,3805.4599999999978
2024-05-08,43.06,45.27,88.33,-2.22,40.54,BGRIM,Energy,3803.239999999998
2024-05-09,87.6,63.68,151.28,23.91,43.22,BGRIM,Energy,3827.149999999998
2024-05-10,73.44,39.73,113.16,33.71,30.71,BGRIM,Energy,3860.859999999998
2024-05-13,69.86,37.46,107.31,32.4,37.05,BGRIM,Energy,3893.259999999998
2024-05-14,26.13,18.71,44.84,7.42,26.95,BGRIM,Energy,3900.679999999998
2024-05-15,11.57,22.54,34.11,-10.97,27.23,BGRIM,Energy,3889.709999999998
2024-05-16,96.34,56.47,152.81,39.88,32.69,BGRIM,Energy,3929.5899999999983
2024-05-17,51.04,35.53,86.56,15.51,32.11,BGRIM,Energy,3945.0999999999985
2024-05-20,44.16,35.39,79.55,8.78,39.84,BGRIM,Energy,3953.8799999999987
2024-05-21,82.25,93.54,175.8,-11.29,27.07,BGRIM,Energy,3942.589999999999
2024-05-23,71.52,60.97,132.49,10.56,22.22,BGRIM,Energy,3953.1499999999987
2024-05-24,209.37,170.84,380.21,38.53,28.91,BGRIM,Energy,3991.679999999999
2024-05-27,210.19,87.17,297.36,123.02,47.72,BGRIM,Energy,4114.699999999999
2024-05-28,83.85,70.5,154.35,13.35,35.26,BGRIM,Energy,4128.049999999999
2024-05-29,47.53,56.78,104.32,-9.25,37.49,BGRIM,Energy,4118.799999999999
2024-05-30,73.17,81.09,154.26,-7.92,39.82,BGRIM,Energy,4110.879999999999
2024-05-31,63.88,89.54,153.42,-25.66,39.67,BGRIM,Energy,4085.2199999999993
2024-06-04,103.99,130.2,234.19,-26.21,45.51,BGRIM,Energy,4059.0099999999993
2024-06-05,140.92,187.5,328.42,-46.58,42.68,BGRIM,Energy,4012.4299999999994
2024-06-06,116.05,55.29,171.33,60.76,29.93,BGRIM,Energy,4073.1899999999996
2024-06-07,106.6,79.4,186.0,27.2,38.96,BGRIM,Energy,4100.389999999999
2024-06-10,191.06,157.48,348.54,33.58,42.2,BGRIM,Energy,4133.969999999999
2024-06-11,130.76,59.05,189.81,71.71,33.21,BGRIM,Energy,4205.679999999999
2024-06-12,72.77,97.57,170.34,-24.81,29.07,BGRIM,Energy,4180.869999999999
2024-06-13,123.81,90.62,214.43,33.18,27.92,BGRIM,Energy,4214.049999999999
2024-06-14,257.61,202.44,460.05,55.16,26.18,BGRIM,Energy,4269.209999999999
2024-06-17,240.0,159.79,399.79,80.21,29.48,BGRIM,Energy,4349.419999999999
2024-06-18,137.51,135.88,273.39,1.63,29.71,BGRIM,Energy,4351.049999999999
2024-06-19,164.44,137.8,302.23,26.64,31.27,BGRIM,Energy,4377.69
2024-06-20,109.71,196.31,306.02,-86.61,28.42,BGRIM,Energy,4291.08
2024-06-21,321.68,281.16,602.84,40.51,31.72,BGRIM,Energy,4331.59
2024-06-24,100.75,134.18,234.93,-33.43,31.69,BGRIM,Energy,4298.16
2024-06-25,129.14,137.4,266.54,-8.25,33.43,BGRIM,Energy,4289.91
2024-06-26,242.74,108.77,351.51,133.97,27.14,BGRIM,Energy,4423.88
2024-06-27,172.78,109.76,282.54,63.01,41.73,BGRIM,Energy,4486.89
2024-06-28,229.11,158.34,387.45,70.77,36.44,BGRIM,Energy,4557.660000000001
2024-07-01,129.43,81.95,211.38,47.48,27.77,BGRIM,Energy,4605.14
2024-07-02,184.35,105.76,290.1,78.59,40.82,BGRIM,Energy,4683.7300000000005
2024-07-03,95.47,49.92,145.39,45.55,31.43,BGRIM,Energy,4729.280000000001
2024-07-04,44.33,52.88,97.21,-8.55,28.24,BGRIM,Energy,4720.7300000000005
2024-07-05,86.19,58.91,145.11,27.28,31.46,BGRIM,Energy,4748.01
2024-07-08,97.77,73.39,171.16,24.39,45.52,BGRIM,Energy,4772.400000000001
2024-07-09,121.67,167.55,289.22,-45.89,32.12,BGRIM,Energy,4726.51
2024-07-10,106.83,150.18,257.01,-43.35,21.59,BGRIM,Energy,4683.16
2024-07-11,279.85,178.45,458.3,101.4,27.39,BGRIM,Energy,4784.5599999999995
2024-07-12,162.53,190.45,352.98,-27.91,26.12,BGRIM,Energy,4756.65
2024-07-15,176.67,81.92,258.59,94.75,22.68,BGRIM,Energy,4851.4
2024-07-16,164.27,153.31,317.58,10.95,32.23,BGRIM,Energy,4862.349999999999
2024-07-17,148.39,107.2,255.6,41.19,25.42,BGRIM,Energy,4903.539999999999
2024-07-18,155.73,176.54,332.27,-20.82,24.46,BGRIM,Energy,4882.719999999999
2024-07-19,280.04,177.96,458.0,102.08,26.29,BGRIM,Energy,4984.799999999999
2024-07-23,284.75,152.36,437.11,132.39,32.93,BGRIM,Energy,5117.19
2024-07-24,110.0,96.99,206.99,13.01,32.72,BGRIM,Energy,5130.2
2024-07-25,51.14,49.09,100.23,2.05,25.24,BGRIM,Energy,5132.25
2024-07-26,107.12,53.85,160.97,53.27,27.3,BGRIM,Energy,5185.52
2024-07-30,78.14,105.78,183.92,-27.64,25.69,BGRIM,Energy,5157.88
2024-07-31,112.91,129.09,242.01,-16.18,28.56,BGRIM,Energy,5141.7
2024-08-01,351.44,167.51,518.95,183.93,36.72,BGRIM,Energy,5325.63
2024-08-02,72.8,142.26,215.06,-69.45,31.67,BGRIM,Energy,5256.18
2024-08-05,145.98,161.67,307.65,-15.69,30.01,BGRIM,Energy,5240.490000000001
2024-08-06,174.64,180.02,354.66,-5.38,24.15,BGRIM,Energy,5235.110000000001
2024-08-07,118.09,151.25,269.34,-33.15,33.9,BGRIM,Energy,5201.960000000001
2024-08-08,54.91,94.75,149.66,-39.84,25.97,BGRIM,Energy,5162.120000000001
2024-08-09,77.27,99.68,176.95,-22.41,23.23,BGRIM,Energy,5139.710000000001
2024-08-13,173.41,394.18,567.59,-220.77,29.73,BGRIM,Energy,4918.9400000000005
2024-08-14,191.93,203.06,394.98,-11.13,37.05,BGRIM,Energy,4907.81
2024-08-15,135.29,109.6,244.89,25.68,27.43,BGRIM,Energy,4933.490000000001
2024-08-16,84.2,232.13,316.34,-147.93,33.95,BGRIM,Energy,4785.56
2024-08-19,96.85,84.39,181.24,12.45,24.13,BGRIM,Energy,4798.01
2024-08-20,146.22,146.99,293.21,-0.77,28.39,BGRIM,Energy,4797.24
2024-08-21,118.31,171.04,289.35,-52.73,33.65,BGRIM,Energy,4744.51
2024-08-22,102.58,166.31,268.88,-63.73,35.68,BGRIM,Energy,4680.780000000001
2024-08-23,69.32,33.38,102.7,35.93,24.74,BGRIM,Energy,4716.710000000001
2024-08-26,128.22,122.38,250.6,5.85,34.3,BGRIM,Energy,4722.560000000001
2024-08-27,106.18,101.88,208.06,4.3,34.13,BGRIM,Energy,4726.8600000000015
2024-08-28,56.45,94.89,151.35,-38.44,22.02,BGRIM,Energy,4688.420000000002
2024-08-29,62.54,84.46,147.0,-21.93,32.91,BGRIM,Energy,4666.490000000002
2024-08-30,65.38,171.25,236.62,-105.87,44.58,BGRIM,Energy,4560.620000000002
2024-09-02,61.08,57.49,118.58,3.59,23.91,BGRIM,Energy,4564.210000000002
2024-09-03,107.03,55.47,162.5,51.56,25.17,BGRIM,Energy,4615.770000000002
2024-09-04,210.19,82.2,292.39,127.99,24.59,BGRIM,Energy,4743.760000000002
2024-09-05,147.37,173.68,321.05,-26.31,27.76,BGRIM,Energy,4717.450000000002
2024-09-06,210.83,198.21,409.04,12.63,28.12,BGRIM,Energy,4730.080000000002
2024-09-09,114.8,151.57,266.37,-36.77,26.8,BGRIM,Energy,4693.310000000001
2024-09-10,171.74,96.57,268.31,75.18,26.74,BGRIM,Energy,4768.490000000002
2024-09-11,223.54,207.69,431.23,15.85,25.62,BGRIM,Energy,4784.340000000002
2024-09-12,110.25,122.67,232.93,-12.42,27.51,BGRIM,Energy,4771.920000000002
2024-09-13,88.79,162.91,251.69,-74.12,26.26,BGRIM,Energy,4697.800000000002
2024-09-16,73.6,91.0,164.6,-17.4,22.37,BGRIM,Energy,4680.400000000002
2024-09-17,53.94,88.98,142.92,-35.04,22.88,BGRIM,Energy,4645.360000000002
2024-09-18,43.33,63.76,107.09,-20.43,26.17,BGRIM,Energy,4624.930000000002
2024-09-19,169.83,173.41,343.24,-3.57,25.7,BGRIM,Energy,4621.360000000002
2024-09-20,66.34,124.61,190.95,-58.28,17.28,BGRIM,Energy,4563.080000000003
2024-09-23,63.88,84.6,148.48,-20.71,25.04,BGRIM,Energy,4542.370000000003
2024-09-24,116.98,89.26,206.24,27.72,23.24,BGRIM,Energy,4570.090000000003
2024-09-25,417.93,245.2,663.13,172.73,20.4,BGRIM,Energy,4742.820000000002
2024-09-26,92.83,278.35,371.18,-185.51,22.18,BGRIM,Energy,4557.310000000002
2024-09-27,135.59,214.5,350.09,-78.91,22.53,BGRIM,Energy,4478.400000000002
2024-09-30,68.21,81.9,150.11,-13.69,21.35,BGRIM,Energy,4464.710000000003
2024-10-01,104.32,95.31,199.63,9.02,11.98,BGRIM,Energy,4473.730000000003
2024-10-02,125.18,167.08,292.26,-41.9,15.1,BGRIM,Energy,4431.830000000004
2024-10-03,97.58,151.08,248.66,-53.5,20.08,BGRIM,Energy,4378.330000000004
2024-10-04,101.34,84.44,185.78,16.9,16.11,BGRIM,Energy,4395.230000000003
2024-10-07,19.6,59.38,78.98,-39.78,16.44,BGRIM,Energy,4355.4500000000035
2024-10-08,32.77,71.34,104.11,-38.57,20.78,BGRIM,Energy,4316.880000000004
2024-10-09,92.94,108.75,201.68,-15.81,17.46,BGRIM,Energy,4301.070000000003
2024-10-10,94.65,68.2,162.85,26.46,15.72,BGRIM,Energy,4327.530000000003
2024-10-11,52.34,76.76,129.11,-24.42,18.0,BGRIM,Energy,4303.110000000003
2024-10-15,42.35,82.47,124.82,-40.12,24.3,BGRIM,Energy,4262.990000000003
2024-10-16,141.16,83.34,224.5,57.82,18.7,BGRIM,Energy,4320.810000000003
2024-10-17,110.8,175.38,286.18,-64.59,16.53,BGRIM,Energy,4256.220000000003
2024-10-18,76.63,109.42,186.05,-32.8,22.65,BGRIM,Energy,4223.420000000003
2024-10-21,25.54,40.61,66.15,-15.07,17.28,BGRIM,Energy,4208.350000000003
2024-10-22,73.35,94.15,167.5,-20.81,25.62,BGRIM,Energy,4187.540000000003
2024-10-24,32.66,49.92,82.58,-17.26,10.65,BGRIM,Energy,4170.2800000000025
2024-10-25,51.46,43.61,95.06,7.85,19.83,BGRIM,Energy,4178.130000000003
2024-10-28,68.44,59.16,127.59,9.28,18.43,BGRIM,Energy,4187.410000000003
2024-10-29,53.42,71.14,124.56,-17.72,23.03,BGRIM,Energy,4169.690000000002
2024-10-30,16.38,47.22,63.59,-30.84,19.68,BGRIM,Energy,4138.850000000002
2024-10-31,46.35,44.37,90.73,1.98,27.59,BGRIM,Energy,4140.830000000002
2024-11-01,22.2,22.12,44.31,0.08,18.76,BGRIM,Energy,4140.910000000002
2024-11-04,15.7,14.78,30.48,0.92,19.23,BGRIM,Energy,4141.830000000002
2024-11-05,47.83,49.23,97.06,-1.4,29.96,BGRIM,Energy,4140.430000000002
2024-11-06,101.61,90.88,192.49,10.73,15.37,BGRIM,Energy,4151.160000000002
2024-11-07,59.61,54.61,114.22,4.99,19.77,BGRIM,Energy,4156.1500000000015
2024-11-08,81.08,108.23,189.31,-27.15,28.34,BGRIM,Energy,4129.000000000002
2024-11-11,31.48,29.78,61.25,1.7,19.71,BGRIM,Energy,4130.700000000002
2024-11-12,48.44,47.13,95.56,1.31,20.9,BGRIM,Energy,4132.010000000002
2024-11-13,85.56,56.74,142.3,28.82,17.54,BGRIM,Energy,4160.830000000002
2024-11-14,74.56,63.45,138.01,11.11,22.58,BGRIM,Energy,4171.940000000001
2024-11-15,33.46,57.36,90.82,-23.91,21.73,BGRIM,Energy,4148.030000000002
2024-11-18,25.69,18.63,44.32,7.07,24.89,BGRIM,Energy,4155.100000000001
2024-11-19,50.07,31.86,81.93,18.21,22.96,BGRIM,Energy,4173.310000000001
2024-11-20,41.76,58.04,99.8,-16.28,29.52,BGRIM,Energy,4157.030000000002
2024-11-21,59.09,79.59,138.68,-20.5,29.33,BGRIM,Energy,4136.530000000002
2024-11-22,138.62,147.01,285.63,-8.39,26.42,BGRIM,Energy,4128.140000000001
2024-11-25,49.76,60.99,110.75,-11.23,27.77,BGRIM,Energy,4116.910000000002
2024-11-26,53.55,79.03,132.58,-25.48,35.32,BGRIM,Energy,4091.4300000000017
2024-11-27,72.8,117.98,190.78,-45.18,25.1,BGRIM,Energy,4046.250000000002
2024-11-28,51.73,45.78,97.51,5.95,29.75,BGRIM,Energy,4052.2000000000016
2024-11-29,76.25,51.14,127.39,25.11,28.38,BGRIM,Energy,4077.3100000000018
2024-12-02,25.92,20.49,46.42,5.43,31.34,BGRIM,Energy,4082.7400000000016
2024-12-03,128.02,58.5,186.52,69.52,31.26,BGRIM,Energy,4152.260000000002
2024-12-04,23.89,41.69,65.59,-17.8,21.46,BGRIM,Energy,4134.460000000002
2024-12-06,24.32,14.57,38.89,9.74,16.58,BGRIM,Energy,4144.200000000002
2024-12-09,27.19,46.52,73.71,-19.33,19.05,BGRIM,Energy,4124.870000000002
2024-12-11,14.39,25.52,39.9,-11.13,27.55,BGRIM,Energy,4113.740000000002
2024-12-12,56.01,75.78,131.78,-19.77,21.67,BGRIM,Energy,4093.9700000000016
2024-12-13,19.85,44.26,64.12,-24.41,21.84,BGRIM,Energy,4069.5600000000018
2024-12-16,32.09,59.64,91.74,-27.55,26.48,BGRIM,Energy,4042.0100000000016
2024-12-17,41.77,89.25,131.02,-47.47,30.47,BGRIM,Energy,3994.540000000002
2024-12-18,44.87,67.13,112.0,-22.27,17.62,BGRIM,Energy,3972.270000000002
2024-12-19,101.73,74.94,176.67,26.79,18.87,BGRIM,Energy,3999.0600000000018
2024-12-20,80.27,80.35,160.62,-0.08,33.18,BGRIM,Energy,3998.980000000002
2024-12-23,83.59,55.41,139.0,28.17,26.61,BGRIM,Energy,4027.150000000002
2024-12-24,17.27,25.01,42.29,-7.74,20.97,BGRIM,Energy,4019.410000000002
2024-12-25,23.88,26.92,50.79,-3.04,21.68,BGRIM,Energy,4016.370000000002
2024-12-26,40.59,41.54,82.13,-0.94,16.1,BGRIM,Energy,4015.430000000002
2024-12-27,16.25,27.87,44.12,-11.63,19.81,BGRIM,Energy,4003.800000000002
2024-12-30,14.48,16.34,30.83,-1.86,18.92,BGRIM,Energy,4001.940000000002
2025-01-02,22.91,18.73,41.64,4.18,30.01,BGRIM,Energy,4006.1200000000017
2025-01-03,53.02,68.76,121.79,-15.74,31.73,BGRIM,Energy,3990.380000000002
2025-01-06,60.99,109.56,170.55,-48.57,18.53,BGRIM,Energy,3941.8100000000018
2025-01-07,115.78,57.8,173.57,57.98,30.98,BGRIM,Energy,3999.790000000002
2025-01-08,28.68,32.78,61.46,-4.1,20.63,BGRIM,Energy,3995.690000000002
2025-01-09,47.56,59.17,106.72,-11.61,27.81,BGRIM,Energy,3984.0800000000017
2025-01-10,63.58,52.24,115.83,11.34,32.31,BGRIM,Energy,3995.420000000002
2025-01-13,36.36,33.18,69.53,3.18,29.65,BGRIM,Energy,3998.6000000000017
2025-01-14,128.66,74.28,202.94,54.39,24.33,BGRIM,Energy,4052.9900000000016
2025-01-15,130.67,130.88,261.55,-0.21,27.98,BGRIM,Energy,4052.7800000000016
2025-01-16,161.6,48.83,210.43,112.76,22.93,BGRIM,Energy,4165.540000000002
2025-01-17,90.04,60.22,150.26,29.83,20.5,BGRIM,Energy,4195.370000000002
2025-01-20,137.01,37.47,174.47,99.54,29.48,BGRIM,Energy,4294.910000000002
2025-01-21,60.16,121.66,181.82,-61.5,26.21,BGRIM,Energy,4233.410000000002
2025-01-22,30.22,56.41,86.64,-26.19,29.86,BGRIM,Energy,4207.220000000002
2025-01-23,45.65,64.39,110.04,-18.74,22.1,BGRIM,Energy,4188.480000000002
2025-01-24,23.23,28.51,51.74,-5.28,35.45,BGRIM,Energy,4183.200000000003
2025-01-27,14.51,29.39,43.91,-14.88,23.55,BGRIM,Energy,4168.320000000002
2025-01-28,53.61,44.34,97.94,9.27,27.17,BGRIM,Energy,4177.590000000003
2025-01-29,12.01,38.44,50.45,-26.44,27.74,BGRIM,Energy,4151.150000000003
2025-01-30,29.41,35.13,64.54,-5.72,25.94,BGRIM,Energy,4145.430000000003
2025-01-31,42.64,80.35,122.99,-37.71,34.09,BGRIM,Energy,4107.720000000003
2025-02-03,39.6,41.33,80.93,-1.73,27.73,BGRIM,Energy,4105.990000000003
2025-02-04,70.22,66.17,136.4,4.05,24.53,BGRIM,Energy,4110.040000000004
2025-02-05,163.87,45.46,209.34,118.41,28.2,BGRIM,Energy,4228.4500000000035
2025-02-06,126.47,71.32,197.79,55.16,32.32,BGRIM,Energy,4283.610000000003
2025-02-07,101.17,66.77,167.93,34.4,35.75,BGRIM,Energy,4318.010000000003
2025-02-10,52.59,42.38,94.97,10.21,33.44,BGRIM,Energy,4328.220000000003
2025-02-11,52.41,49.52,101.93,2.89,35.33,BGRIM,Energy,4331.110000000003
2025-02-13,76.26,89.7,165.96,-13.45,26.03,BGRIM,Energy,4317.6600000000035
2025-02-14,148.37,81.87,230.24,66.5,27.5,BGRIM,Energy,4384.1600000000035
2025-02-17,108.86,76.79,185.66,32.07,25.98,BGRIM,Energy,4416.230000000003
2025-02-18,96.66,55.3,151.96,41.36,21.79,BGRIM,Energy,4457.590000000003
2025-02-19,70.91,64.0,134.9,6.91,27.96,BGRIM,Energy,4464.500000000003
2025-02-20,55.04,86.98,142.02,-31.93,36.41,BGRIM,Energy,4432.570000000002
2025-02-21,40.95,36.1,77.05,4.85,32.26,BGRIM,Energy,4437.420000000003
2025-02-24,50.09,43.97,94.06,6.12,36.23,BGRIM,Energy,4443.540000000003
2025-02-25,48.71,55.59,104.3,-6.87,30.46,BGRIM,Energy,4436.670000000003
2025-02-26,139.13,63.53,202.66,75.61,31.4,BGRIM,Energy,4512.2800000000025
2025-02-27,90.86,78.9,169.76,11.96,37.8,BGRIM,Energy,4524.2400000000025
2025-02-28,111.89,39.27,151.17,72.62,33.6,BGRIM,Energy,4596.860000000002
2025-03-03,67.07,62.25,129.32,4.83,31.68,BGRIM,Energy,4601.690000000002
2025-03-04,160.27,66.53,226.81,93.74,34.12,BGRIM,Energy,4695.430000000002
2025-03-05,86.23,56.58,142.81,29.65,25.62,BGRIM,Energy,4725.080000000002
2025-03-06,68.06,119.2,187.26,-51.14,37.1,BGRIM,Energy,4673.940000000001
2025-03-07,97.59,71.73,169.33,25.86,29.14,BGRIM,Energy,4699.800000000001
2025-03-10,47.28,73.53,120.81,-26.25,28.37,BGRIM,Energy,4673.550000000001
2025-03-11,88.74,78.19,166.93,10.55,30.49,BGRIM,Energy,4684.100000000001
2025-03-12,81.66,59.86,141.52,21.8,28.42,BGRIM,Energy,4705.9000000000015
2025-03-13,42.06,42.17,84.23,-0.12,35.39,BGRIM,Energy,4705.780000000002
2025-03-14,50.19,57.03,107.21,-6.84,34.33,BGRIM,Energy,4698.940000000001
2025-03-17,28.35,45.54,73.88,-17.19,25.5,BGRIM,Energy,4681.750000000002
2025-03-18,57.14,59.8,116.95,-2.66,28.26,BGRIM,Energy,4679.090000000002
2025-03-19,106.85,39.69,146.53,67.16,37.6,BGRIM,Energy,4746.250000000002
2025-03-20,29.47,65.22,94.7,-35.75,27.99,BGRIM,Energy,4710.500000000002
2025-03-21,16.89,57.45,74.34,-40.56,28.14,BGRIM,Energy,4669.940000000001
2025-03-24,51.19,43.66,94.85,7.53,29.5,BGRIM,Energy,4677.470000000001
2025-03-25,44.52,47.82,92.34,-3.29,37.79,BGRIM,Energy,4674.180000000001
2025-03-26,44.03,58.51,102.54,-14.48,23.36,BGRIM,Energy,4659.700000000002
2025-03-27,30.68,29.5,60.18,1.17,17.82,BGRIM,Energy,4660.870000000002
2025-03-28,4.25,31.74,35.98,-27.49,21.64,BGRIM,Energy,4633.380000000002
2025-03-31,56.77,36.08,92.85,20.69,25.07,BGRIM,Energy,4654.0700000000015
2025-04-01,21.84,18.47,40.31,3.36,30.62,BGRIM,Energy,4657.430000000001
2025-04-02,51.93,34.18,86.11,17.75,34.74,BGRIM,Energy,4675.180000000001
2025-04-03,84.31,25.51,109.82,58.81,29.12,BGRIM,Energy,4733.990000000002
2025-04-04,39.77,70.16,109.93,-30.4,36.3,BGRIM,Energy,4703.590000000002
2025-04-08,79.53,62.22,141.75,17.31,37.19,BGRIM,Energy,4720.900000000002
2025-04-09,88.06,60.22,148.28,27.84,38.2,BGRIM,Energy,4748.7400000000025
2025-04-10,58.12,39.57,97.69,18.55,33.13,BGRIM,Energy,4767.290000000003
2025-04-11,28.48,55.73,84.21,-27.25,33.7,BGRIM,Energy,4740.040000000003
2025-04-16,101.96,49.18,151.14,52.78,35.94,BGRIM,Energy,4792.820000000002
2025-04-17,60.1,63.35,123.45,-3.26,41.44,BGRIM,Energy,4789.560000000002
2025-04-18,46.05,27.04,73.09,19.02,38.12,BGRIM,Energy,4808.580000000003
2025-04-21,40.45,42.97,83.43,-2.52,35.42,BGRIM,Energy,4806.060000000002
2025-04-22,68.16,40.73,108.9,27.43,31.88,BGRIM,Energy,4833.4900000000025
2025-04-23,51.13,102.12,153.25,-50.99,30.7,BGRIM,Energy,4782.500000000003
2025-04-24,62.94,55.82,118.77,7.12,47.41,BGRIM,Energy,4789.620000000003
2025-04-25,36.75,27.34,64.09,9.41,30.98,BGRIM,Energy,4799.0300000000025
2025-04-28,17.88,23.71,41.59,-5.82,25.77,BGRIM,Energy,4793.210000000003
2025-04-29,34.67,32.4,67.07,2.27,33.18,BGRIM,Energy,4795.480000000003
2025-04-30,38.28,48.05,86.33,-9.77,29.81,BGRIM,Energy,4785.710000000003
2025-05-02,33.23,35.93,69.17,-2.7,33.99,BGRIM,Energy,4783.010000000003
2025-05-06,33.56,62.57,96.13,-29.01,25.18,BGRIM,Energy,4754.000000000003
2025-05-07,82.17,46.91,129.08,35.27,23.67,BGRIM,Energy,4789.270000000003
2025-05-08,50.6,78.09,128.68,-27.49,25.05,BGRIM,Energy,4761.780000000003
2025-05-09,47.97,53.95,101.92,-5.98,28.77,BGRIM,Energy,4755.800000000004
2025-05-13,35.43,89.11,124.54,-53.68,27.9,BGRIM,Energy,4702.1200000000035
2025-05-14,34.64,41.84,76.48,-7.2,32.22,BGRIM,Energy,4694.920000000004
2025-05-15,65.56,59.33,124.89,6.23,36.2,BGRIM,Energy,4701.150000000003
2025-05-16,44.63,44.01,88.64,0.62,32.56,BGRIM,Energy,4701.770000000003
2025-05-19,33.38,39.52,72.9,-6.14,39.15,BGRIM,Energy,4695.630000000003
2025-05-20,49.36,92.7,142.06,-43.34,25.67,BGRIM,Energy,4652.290000000003
2025-05-21,53.51,47.3,100.8,6.21,33.3,BGRIM,Energy,4658.500000000003
2025-05-22,49.61,25.28,74.9,24.33,32.74,BGRIM,Energy,4682.830000000003
2025-05-23,24.25,20.63,44.89,3.62,33.81,BGRIM,Energy,4686.450000000003
2025-05-26,14.58,21.37,35.96,-6.79,21.85,BGRIM,Energy,4679.660000000003
2025-05-27,34.21,61.24,95.45,-27.02,21.48,BGRIM,Energy,4652.640000000002
2025-05-28,99.37,49.37,148.74,50.0,32.03,BGRIM,Energy,4702.640000000002
2025-05-29,28.87,44.54,73.41,-15.67,33.96,BGRIM,Energy,4686.970000000002
2025-05-30,25.4,39.33,64.73,-13.93,44.0,BGRIM,Energy,4673.040000000002
2025-06-04,64.15,55.52,119.67,8.63,39.17,BGRIM,Energy,4681.670000000002
2025-06-05,55.69,38.05,93.74,17.64,29.12,BGRIM,Energy,4699.310000000002
2025-06-06,126.34,72.76,199.11,53.58,31.49,BGRIM,Energy,4752.890000000002
2025-06-09,42.57,35.27,77.83,7.3,25.75,BGRIM,Energy,4760.190000000002
2025-06-10,28.69,22.48,51.16,6.21,21.27,BGRIM,Energy,4766.400000000002
2025-06-11,23.4,27.62,51.02,-4.22,29.44,BGRIM,Energy,4762.180000000002
2025-06-12,19.91,23.28,43.19,-3.37,33.93,BGRIM,Energy,4758.810000000002
2025-06-13,31.19,35.74,66.93,-4.55,43.42,BGRIM,Energy,4754.260000000002
2025-06-16,64.08,77.96,142.04,-13.89,29.2,BGRIM,Energy,4740.370000000002
2025-06-17,21.76,38.89,60.64,-17.13,34.36,BGRIM,Energy,4723.240000000002
2025-06-18,145.47,71.06,216.53,74.41,27.95,BGRIM,Energy,4797.6500000000015
2025-06-19,67.21,140.88,208.09,-73.66,38.06,BGRIM,Energy,4723.990000000002
2025-06-20,27.06,101.31,128.37,-74.26,35.42,BGRIM,Energy,4649.730000000001
2025-06-23,101.78,65.01,166.79,36.77,43.15,BGRIM,Energy,4686.500000000002
2025-06-24,137.1,70.05,207.15,67.05,34.01,BGRIM,Energy,4753.550000000002
2025-06-25,72.76,77.75,150.51,-4.99,27.42,BGRIM,Energy,4748.560000000002
2025-06-26,77.55,70.59,148.14,6.96,48.3,BGRIM,Energy,4755.520000000002
2025-06-27,104.42,63.97,168.38,40.45,41.83,BGRIM,Energy,4795.970000000002
2025-06-30,146.48,58.32,204.8,88.17,35.67,BGRIM,Energy,4884.140000000002
2025-07-01,44.17,53.09,97.25,-8.92,32.43,BGRIM,Energy,4875.220000000002
2025-07-02,18.36,26.72,45.09,-8.36,21.51,BGRIM,Energy,4866.860000000002
2025-07-03,17.72,32.58,50.29,-14.86,19.92,BGRIM,Energy,4852.000000000003
2025-07-04,23.49,33.7,57.2,-10.21,20.13,BGRIM,Energy,4841.790000000003
2025-07-07,35.15,29.52,64.68,5.63,26.86,BGRIM,Energy,4847.420000000003
2025-07-08,16.45,20.0,36.45,-3.56,25.49,BGRIM,Energy,4843.860000000002
2025-07-09,28.81,28.93,57.73,-0.12,20.27,BGRIM,Energy,4843.7400000000025
2025-07-11,32.04,7.67,39.71,24.36,25.87,BGRIM,Energy,4868.100000000002
2025-07-14,38.14,18.8,56.94,19.34,29.52,BGRIM,Energy,4887.440000000002
2025-07-15,32.82,22.0,54.83,10.82,23.37,BGRIM,Energy,4898.260000000002
2025-07-16,19.17,21.8,40.97,-2.63,22.17,BGRIM,Energy,4895.630000000002
2025-07-17,39.01,70.74,109.75,-31.73,20.78,BGRIM,Energy,4863.900000000002
2025-07-18,18.0,40.38,58.38,-22.37,19.54,BGRIM,Energy,4841.5300000000025
2025-07-21,18.37,40.07,58.44,-21.7,21.92,BGRIM,Energy,4819.830000000003
2025-07-22,43.1,109.59,152.69,-66.49,26.46,BGRIM,Energy,4753.340000000003
2025-07-23,107.72,27.4,135.11,80.32,30.53,BGRIM,Energy,4833.660000000003
2025-07-24,87.16,71.93,159.09,15.23,38.39,BGRIM,Energy,4848.890000000002
2025-07-25,10.1,24.49,34.59,-14.39,22.05,BGRIM,Energy,4834.500000000002
2025-07-29,65.33,54.36,119.69,10.98,26.02,BGRIM,Energy,4845.480000000001
2025-07-30,34.34,42.22,76.56,-7.88,19.88,BGRIM,Energy,4837.600000000001
2025-07-31,35.41,45.78,81.2,-10.37,24.49,BGRIM,Energy,4827.230000000001
2025-08-01,43.64,81.31,124.96,-37.67,27.74,BGRIM,Energy,4789.560000000001
2025-08-04,11.02,29.24,40.26,-18.22,20.25,BGRIM,Energy,4771.340000000001
2025-08-05,43.71,37.27,80.98,6.44,27.58,BGRIM,Energy,4777.780000000001
2025-08-06,50.54,41.71,92.25,8.83,16.65,BGRIM,Energy,4786.610000000001
2025-08-07,119.5,139.53,259.03,-20.03,17.24,BGRIM,Energy,4766.580000000001
2025-08-08,45.32,150.94,196.25,-105.62,25.16,BGRIM,Energy,4660.960000000001
2025-08-13,29.03,75.94,104.97,-46.91,15.23,BGRIM,Energy,4614.050000000001
2025-08-14,87.63,73.93,161.56,13.7,22.85,BGRIM,Energy,4627.750000000001
2025-08-15,40.13,54.8,94.93,-14.67,28.06,BGRIM,Energy,4613.080000000001
2025-08-18,18.15,36.75,54.89,-18.6,27.43,BGRIM,Energy,4594.4800000000005
2025-08-19,18.62,42.33,60.95,-23.71,26.31,BGRIM,Energy,4570.77
2025-08-20,29.32,49.77,79.09,-20.46,20.99,BGRIM,Energy,4550.31
2025-08-21,19.61,56.09,75.7,-36.48,19.99,BGRIM,Energy,4513.830000000001
2025-08-22,52.08,35.41,87.49,16.67,13.23,BGRIM,Energy,4530.500000000001
2025-08-25,192.82,92.51,285.33,100.31,21.12,BGRIM,Energy,4630.810000000001
2025-08-26,88.2,55.14,143.35,33.06,25.79,BGRIM,Energy,4663.870000000002
2025-08-27,56.43,38.72,95.15,17.71,18.44,BGRIM,Energy,4681.580000000002
2025-08-28,167.06,59.66,226.72,107.39,17.91,BGRIM,Energy,4788.970000000002
2025-08-29,75.77,82.2,157.97,-6.43,24.25,BGRIM,Energy,4782.540000000002
2025-09-01,32.61,51.63,84.24,-19.02,28.0,BGRIM,Energy,4763.520000000001
2025-09-02,21.05,65.77,86.82,-44.72,20.7,BGRIM,Energy,4718.800000000001
2025-09-03,45.32,87.17,132.49,-41.85,22.19,BGRIM,Energy,4676.950000000001
2025-09-04,105.33,132.13,237.47,-26.8,19.25,BGRIM,Energy,4650.150000000001
2025-09-05,92.12,55.49,147.61,36.63,22.7,BGRIM,Energy,4686.780000000001
2025-09-08,75.74,111.44,187.17,-35.7,20.49,BGRIM,Energy,4651.080000000001
2025-09-09,59.18,115.46,174.64,-56.29,14.78,BGRIM,Energy,4594.790000000001
2025-09-10,44.0,169.88,213.88,-125.88,17.74,BGRIM,Energy,4468.910000000001
2025-09-11,58.43,125.16,183.59,-66.73,19.35,BGRIM,Energy,4402.180000000001
2025-09-12,42.42,98.52,140.93,-56.1,21.02,BGRIM,Energy,4346.080000000001
2025-09-15,35.44,64.83,100.27,-29.39,20.99,BGRIM,Energy,4316.6900000000005
2025-09-16,45.33,81.36,126.69,-36.04,17.66,BGRIM,Energy,4280.650000000001
2025-09-17,39.47,124.2,163.67,-84.73,17.76,BGRIM,Energy,4195.920000000001
2025-09-18,119.58,72.01,191.59,47.57,21.24,BGRIM,Energy,4243.490000000001
2025-09-19,95.29,102.35,197.63,-7.06,32.85,BGRIM,Energy,4236.43
2025-09-22,49.79,70.29,120.08,-20.5,20.33,BGRIM,Energy,4215.93
2025-09-23,49.97,89.27,139.23,-39.3,18.21,BGRIM,Energy,4176.63
2025-09-24,41.56,53.31,94.86,-11.75,20.89,BGRIM,Energy,4164.88
2025-09-25,30.31,57.13,87.43,-26.82,21.08,BGRIM,Energy,4138.06
2025-09-26,34.46,62.22,96.68,-27.76,16.75,BGRIM,Energy,4110.3
2025-09-29,32.94,57.65,90.59,-24.71,24.69,BGRIM,Energy,4085.59
2025-09-30,10.79,56.08,66.87,-45.29,17.17,BGRIM,Energy,4040.3
2025-10-01,13.57,13.3,26.87,0.26,17.68,BGRIM,Energy,4040.5600000000004
2025-10-02,60.19,82.0,142.19,-21.81,16.29,BGRIM,Energy,4018.7500000000005
2025-10-03,20.04,34.99,55.02,-14.95,19.05,BGRIM,Energy,4003.8000000000006
2025-10-06,33.81,46.02,79.83,-12.21,17.51,BGRIM,Energy,3991.5900000000006
2025-10-07,21.54,35.58,57.12,-14.05,16.71,BGRIM,Energy,3977.5400000000004
2025-10-08,26.44,47.69,74.13,-21.25,13.45,BGRIM,Energy,3956.2900000000004
2025-10-09,143.56,105.26,248.82,38.3,14.33,BGRIM,Energy,3994.5900000000006
2025-10-10,47.05,55.74,102.79,-8.69,17.5,BGRIM,Energy,3985.9000000000005
2025-10-14,73.38,58.67,132.05,14.71,18.34,BGRIM,Energy,4000.6100000000006
2025-10-15,38.03,100.05,138.08,-62.01,20.38,BGRIM,Energy,3938.6000000000004
2025-10-16,20.96,34.87,55.84,-13.91,16.92,BGRIM,Energy,3924.6900000000005
2025-10-17,119.4,121.62,241.02,-2.23,13.48,BGRIM,Energy,3922.4600000000005
2025-10-20,15.09,89.64,104.73,-74.56,22.37,BGRIM,Energy,3847.9000000000005
2025-10-21,18.82,56.42,75.23,-37.6,19.22,BGRIM,Energy,3810.3000000000006
2025-10-22,17.38,34.46,51.84,-17.08,11.67,BGRIM,Energy,3793.2200000000007
2025-10-24,44.76,40.78,85.54,3.98,11.94,BGRIM,Energy,3797.2000000000007
2025-10-27,24.26,40.33,64.59,-16.07,11.18,BGRIM,Energy,3781.1300000000006
2025-10-28,69.84,55.86,125.7,13.99,17.43,BGRIM,Energy,3795.1200000000003
2025-10-29,15.27,21.37,36.64,-6.1,17.55,BGRIM,Energy,3789.0200000000004
2025-10-30,42.49,65.85,108.33,-23.36,28.06,BGRIM,Energy,3765.6600000000003
2025-10-31,12.6,18.78,31.38,-6.19,20.01,BGRIM,Energy,3759.4700000000003
2025-11-03,34.43,25.76,60.19,8.67,14.04,BGRIM,Energy,3768.1400000000003
2025-11-04,31.94,12.79,44.73,19.14,19.32,BGRIM,Energy,3787.28
2025-11-05,13.84,23.6,37.44,-9.76,18.88,BGRIM,Energy,3777.52
2025-11-06,4.93,13.23,18.17,-8.3,8.7,BGRIM,Energy,3769.22
2025-11-07,9.38,13.26,22.64,-3.88,14.12,BGRIM,Energy,3765.3399999999997
2025-11-10,12.26,11.89,24.15,0.38,9.59,BGRIM,Energy,3765.72
2025-11-11,20.63,23.65,44.28,-3.01,17.26,BGRIM,Energy,3762.7099999999996
2025-11-12,25.33,11.7,37.02,13.63,18.76,BGRIM,Energy,3776.3399999999997
2025-11-13,37.44,22.88,60.31,14.56,18.82,BGRIM,Energy,3790.8999999999996
2025-11-14,61.0,23.51,84.52,37.49,23.35,BGRIM,Energy,3828.3899999999994
2025-11-17,46.28,47.34,93.62,-1.07,24.64,BGRIM,Energy,3827.3199999999993
2025-11-18,24.05,52.74,76.79,-28.68,24.21,BGRIM,Energy,3798.6399999999994
2025-11-19,6.29,16.18,22.47,-9.89,18.15,BGRIM,Energy,3788.7499999999995
2025-11-20,22.85,38.88,61.73,-16.03,17.2,BGRIM,Energy,3772.7199999999993
2025-11-21,34.32,29.3,63.62,5.03,19.55,BGRIM,Energy,3777.7499999999995
2025-11-24,80.78,70.15,150.93,10.63,18.35,BGRIM,Energy,3788.3799999999997
2025-11-25,85.31,15.4,100.7,69.91,19.32,BGRIM,Energy,3858.2899999999995
2025-11-26,17.54,29.28,46.82,-11.75,23.85,BGRIM,Energy,3846.5399999999995
2025-11-27,11.91,11.51,23.42,0.4,27.26,BGRIM,Energy,3846.9399999999996
2025-11-28,14.88,24.42,39.3,-9.55,31.8,BGRIM,Energy,3837.3899999999994
2025-12-01,70.21,49.96,120.17,20.25,22.26,BGRIM,Energy,3857.6399999999994
2025-12-02,60.09,46.84,106.93,13.26,28.5,BGRIM,Energy,3870.8999999999996
2025-12-03,26.53,11.39,37.92,15.14,19.58,BGRIM,Energy,3886.0399999999995
2025-12-04,38.01,30.34,68.35,7.67,27.82,BGRIM,Energy,3893.7099999999996
2025-12-08,29.41,15.51,44.92,13.9,18.02,BGRIM,Energy,3907.6099999999997
2025-12-09,108.26,21.65,129.91,86.61,29.46,BGRIM,Energy,3994.22
2025-12-11,6.56,40.13,46.7,-33.57,23.11,BGRIM,Energy,3960.6499999999996
2025-12-12,11.47,33.31,44.78,-21.83,22.66,BGRIM,Energy,3938.8199999999997
2025-12-15,12.56,10.95,23.52,1.61,9.63,BGRIM,Energy,3940.43
2025-12-16,63.83,32.69,96.52,31.14,27.13,BGRIM,Energy,3971.5699999999997
2025-12-17,63.45,38.1,101.54,25.35,24.33,BGRIM,Energy,3996.9199999999996
2025-12-18,54.6,98.4,153.01,-43.8,33.21,BGRIM,Energy,3953.1199999999994
2025-12-19,21.99,27.78,49.77,-5.79,19.05,BGRIM,Energy,3947.3299999999995
2025-12-22,18.09,14.65,32.74,3.44,22.45,BGRIM,Energy,3950.7699999999995
2025-12-23,56.42,27.84,84.26,28.59,24.95,BGRIM,Energy,3979.3599999999997
2025-12-24,42.71,31.57,74.28,11.14,24.71,BGRIM,Energy,3990.4999999999995
2025-12-25,21.94,36.89,58.83,-14.95,25.51,BGRIM,Energy,3975.5499999999997
2025-12-26,4.49,14.05,18.54,-9.56,15.98,BGRIM,Energy,3965.99
2025-12-29,9.78,29.03,38.81,-19.25,19.28,BGRIM,Energy,3946.74
2025-12-30,0.97,4.46,5.43,-3.49,5.46,BGRIM,Energy,3943.25
2026-01-05,8.07,7.8,15.87,0.27,9.77,BGRIM,Energy,3943.52
2026-01-06,61.87,30.29,92.16,31.58,27.41,BGRIM,Energy,3975.1
2026-01-07,50.25,14.05,64.31,36.2,23.34,BGRIM,Energy,4011.2999999999997
2026-01-08,4.11,16.5,20.61,-12.39,20.99,BGRIM,Energy,3998.91
2026-01-09,8.72,22.76,31.48,-14.04,28.48,BGRIM,Energy,3984.87
2026-01-12,3.79,24.31,28.1,-20.53,13.04,BGRIM,Energy,3964.3399999999997
2026-01-13,8.18,28.47,36.66,-20.29,11.06,BGRIM,Energy,3944.0499999999997
2026-01-14,12.05,11.71,23.75,0.34,12.72,BGRIM,Energy,3944.39
2026-01-15,14.42,8.05,22.46,6.37,15.19,BGRIM,Energy,3950.7599999999998
2026-01-16,23.79,58.28,82.07,-34.48,30.89,BGRIM,Energy,3916.2799999999997
2026-01-19,22.98,22.08,45.07,0.9,22.88,BGRIM,Energy,3917.18
2026-01-20,49.35,27.27,76.62,22.08,33.9,BGRIM,Energy,3939.2599999999998
2026-01-21,35.19,76.65,111.85,-41.46,25.69,BGRIM,Energy,3897.7999999999997
2026-01-22,27.09,53.91,81.0,-26.82,31.21,BGRIM,Energy,3870.9799999999996
2026-01-23,8.9,17.19,26.09,-8.29,21.42,BGRIM,Energy,3862.6899999999996
2026-01-26,15.98,15.42,31.4,0.56,6.89,BGRIM,Energy,3863.2499999999995
2026-01-27,45.15,50.93,96.08,-5.78,25.21,BGRIM,Energy,3857.4699999999993
2026-01-28,11.41,17.61,29.02,-6.2,9.75,BGRIM,Energy,3851.2699999999995
2026-01-29,30.57,51.74,82.31,-21.18,23.38,BGRIM,Energy,3830.0899999999997
2026-01-30,14.55,18.72,33.28,-4.17,18.98,BGRIM,Energy,3825.9199999999996
2026-02-02,4.5,8.16,12.66,-3.66,7.35,BGRIM,Energy,3822.2599999999998
2026-02-03,148.83,27.77,176.6,121.06,23.22,BGRIM,Energy,3943.3199999999997
2026-02-04,32.31,53.57,85.88,-21.26,27.92,BGRIM,Energy,3922.0599999999995
2026-02-05,27.28,44.07,71.35,-16.78,23.88,BGRIM,Energy,3905.2799999999993
2026-02-06,19.03,36.19,55.22,-17.16,19.25,BGRIM,Energy,3888.1199999999994
2026-02-09,91.88,37.66,129.54,54.22,23.92,BGRIM,Energy,3942.3399999999992
2026-02-10,42.77,46.66,89.44,-3.89,17.45,BGRIM,Energy,3938.4499999999994
2026-02-11,76.51,50.04,126.55,26.47,24.45,BGRIM,Energy,3964.919999999999
2026-02-12,110.62,58.28,168.9,52.34,21.4,BGRIM,Energy,4017.2599999999993
2026-02-13,231.64,121.63,353.27,110.01,25.56,BGRIM,Energy,4127.2699999999995
2026-02-16,32.19,65.24,97.42,-33.05,27.58,BGRIM,Energy,4094.2199999999993
2026-02-17,116.93,40.38,157.31,76.55,27.71,BGRIM,Energy,4170.7699999999995
2026-02-18,87.08,38.59,125.67,48.49,23.76,BGRIM,Energy,4219.259999999999
2026-02-19,92.15,93.74,185.89,-1.6,23.08,BGRIM,Energy,4217.659999999999
2026-02-20,56.16,91.2,147.36,-35.04,25.53,BGRIM,Energy,4182.619999999999
2026-02-23,91.17,34.28,125.45,56.89,27.78,BGRIM,Energy,4239.509999999999
2026-02-24,158.48,58.6,217.08,99.88,26.84,BGRIM,Energy,4339.389999999999
2026-02-25,100.85,115.42,216.27,-14.57,22.59,BGRIM,Energy,4324.82
2026-02-26,82.65,66.68,149.32,15.97,36.42,BGRIM,Energy,4340.79
2026-02-27,103.92,70.84,174.76,33.08,34.08,BGRIM,Energy,4373.87
2026-03-02,120.85,236.72,357.57,-115.86,23.19,BGRIM,Energy,4258.01
2026-03-04,157.87,208.19,366.06,-50.32,25.15,BGRIM,Energy,4207.6900000000005
2026-03-05,112.85,224.18,337.03,-111.32,27.47,BGRIM,Energy,4096.370000000001
2026-03-06,67.18,79.39,146.57,-12.21,23.28,BGRIM,Energy,4084.1600000000008
2026-03-09,71.04,96.26,167.3,-25.22,30.08,BGRIM,Energy,4058.940000000001
2026-03-10,29.68,80.22,109.9,-50.54,23.87,BGRIM,Energy,4008.400000000001
2026-03-11,60.56,64.26,124.83,-3.7,22.46,BGRIM,Energy,4004.700000000001
2026-03-12,113.67,85.94,199.62,27.73,31.83,BGRIM,Energy,4032.430000000001
2026-03-13,25.43,74.72,100.15,-49.3,25.96,BGRIM,Energy,3983.130000000001
2026-03-16,21.47,26.63,48.1,-5.16,18.32,BGRIM,Energy,3977.970000000001
2026-03-17,93.61,48.78,142.39,44.83,28.14,BGRIM,Energy,4022.800000000001
2026-03-18,40.95,72.18,113.13,-31.23,29.97,BGRIM,Energy,3991.570000000001
2026-03-19,26.85,80.44,107.29,-53.58,13.05,BGRIM,Energy,3937.990000000001
2026-03-20,58.64,33.61,92.24,25.03,20.94,BGRIM,Energy,3963.0200000000013
2026-03-23,58.35,23.48,81.83,34.87,18.48,BGRIM,Energy,3997.8900000000012
2026-03-24,71.78,50.65,122.43,21.13,25.62,BGRIM,Energy,4019.0200000000013
2026-03-25,77.09,91.58,168.67,-14.49,21.21,BGRIM,Energy,4004.5300000000016
2026-03-26,43.86,35.07,78.93,8.79,27.79,BGRIM,Energy,4013.3200000000015
2026-03-27,38.52,42.19,80.7,-3.67,24.31,BGRIM,Energy,4009.6500000000015
2026-03-30,53.98,31.07,85.05,22.91,29.99,BGRIM,Energy,4032.5600000000013
2026-03-31,86.09,71.89,157.98,14.2,21.56,BGRIM,Energy,4046.760000000001
2026-04-01,68.33,119.54,187.87,-51.2,20.67,BGRIM,Energy,3995.5600000000013
2026-04-02,31.68,40.16,71.84,-8.47,15.11,BGRIM,Energy,3987.0900000000015
2026-04-03,25.24,28.59,53.83,-3.35,16.78,BGRIM,Energy,3983.7400000000016
2026-04-07,30.97,14.83,45.8,16.14,17.03,BGRIM,Energy,3999.8800000000015
2026-04-08,124.94,29.37,154.31,95.57,22.45,BGRIM,Energy,4095.4500000000016
2026-04-09,13.25,92.48,105.73,-79.22,24.03,BGRIM,Energy,4016.230000000002
2026-04-10,3.58,23.77,27.35,-20.19,18.55,BGRIM,Energy,3996.040000000002
2026-04-16,69.82,43.49,113.31,26.33,18.05,BGRIM,Energy,4022.3700000000017
2026-04-17,34.22,16.44,50.66,17.79,16.98,BGRIM,Energy,4040.1600000000017
2026-04-20,106.95,54.81,161.76,52.14,23.05,BGRIM,Energy,4092.3000000000015
2026-04-21,13.23,31.56,44.78,-18.33,18.67,BGRIM,Energy,4073.9700000000016
2026-04-22,8.9,22.25,31.15,-13.35,20.66,BGRIM,Energy,4060.6200000000017
2026-04-23,61.57,64.16,125.74,-2.59,30.59,BGRIM,Energy,4058.0300000000016
2026-04-24,51.53,32.3,83.83,19.23,28.99,BGRIM,Energy,4077.2600000000016
2026-04-27,74.43,68.66,143.09,5.78,15.64,BGRIM,Energy,4083.040000000002
2026-04-28,40.51,40.03,80.54,0.47,22.01,BGRIM,Energy,4083.5100000000016
2026-04-29,117.45,64.58,182.02,52.87,25.65,BGRIM,Energy,4136.380000000002
2026-04-30,28.53,33.88,62.41,-5.36,23.37,BGRIM,Energy,4131.020000000002
2026-05-05,69.01,63.54,132.54,5.47,28.01,BGRIM,Energy,4136.4900000000025
2026-05-06,106.69,75.1,181.79,31.59,24.5,BGRIM,Energy,4168.080000000003
2026-05-07,114.82,134.8,249.62,-19.99,29.52,BGRIM,Energy,4148.090000000003
2026-05-08,116.79,43.08,159.86,73.71,25.04,BGRIM,Energy,4221.800000000003
2026-05-11,63.94,57.32,121.26,6.62,31.41,BGRIM,Energy,4228.420000000003
2026-05-12,77.54,55.64,133.18,21.9,31.08,BGRIM,Energy,4250.320000000002
2026-05-13,91.94,80.89,172.82,11.05,31.97,BGRIM,Energy,4261.370000000003
2026-05-14,64.57,71.65,136.23,-7.08,27.72,BGRIM,Energy,4254.290000000003
2026-05-15,11.71,51.09,62.8,-39.38,18.54,BGRIM,Energy,4214.910000000003
2026-05-18,13.28,36.31,49.59,-23.03,16.89,BGRIM,Energy,4191.880000000003
2026-05-19,46.75,25.68,72.43,21.06,18.54,BGRIM,Energy,4212.940000000003
2026-05-20,18.47,49.56,68.03,-31.1,24.4,BGRIM,Energy,4181.840000000003
2026-05-21,70.41,55.19,125.6,15.22,20.44,BGRIM,Energy,4197.060000000003
2026-05-22,25.17,31.47,56.64,-6.31,21.0,BGRIM,Energy,4190.750000000003
2026-05-25,165.15,64.42,229.58,100.73,23.64,BGRIM,Energy,4291.480000000002
2026-05-26,10.26,52.81,63.08,-42.55,21.34,BGRIM,Energy,4248.930000000002
2026-05-27,65.3,44.66,109.96,20.64,26.66,BGRIM,Energy,4269.570000000002
2026-05-28,58.16,30.37,88.53,27.79,25.55,BGRIM,Energy,4297.360000000002
2026-05-29,98.02,81.09,179.1,16.93,31.14,BGRIM,Energy,4314.290000000003
2026-06-02,122.54,45.38,167.91,77.16,19.91,BGRIM,Energy,4391.450000000003
2026-06-04,113.25,61.13,174.37,52.12,27.59,BGRIM,Energy,4443.570000000002
2026-06-05,177.98,192.82,370.8,-14.84,19.87,BGRIM,Energy,4428.730000000002
2026-06-08,67.02,133.07,200.09,-66.05,21.92,BGRIM,Energy,4362.680000000002
2026-06-09,51.67,75.52,127.18,-23.85,20.48,BGRIM,Energy,4338.830000000002
2026-06-10,100.52,82.5,183.02,18.01,24.91,BGRIM,Energy,4356.840000000002
2026-06-11,52.91,67.99,120.91,-15.08,28.06,BGRIM,Energy,4341.760000000002
2026-06-12,246.98,33.31,280.29,213.68,22.47,BGRIM,Energy,4555.440000000002
2026-06-15,408.54,176.28,584.81,232.26,22.91,BGRIM,Energy,4787.700000000003
2026-06-16,186.76,83.12,269.89,103.64,24.71,BGRIM,Energy,4891.340000000003
2026-06-17,193.95,189.18,383.13,4.77,19.42,BGRIM,Energy,4896.110000000003
2026-06-18,135.76,99.51,235.27,36.25,21.41,BGRIM,Energy,4932.360000000003
2026-06-19,143.71,91.59,235.3,52.12,26.15,BGRIM,Energy,4984.480000000003
2026-06-22,96.6,84.71,181.3,11.89,19.21,BGRIM,Energy,4996.3700000000035
2026-06-23,228.76,76.63,305.39,152.13,23.85,BGRIM,Energy,5148.500000000004
2026-06-24,57.69,67.77,125.46,-10.08,24.52,BGRIM,Energy,5138.420000000004
2026-06-25,48.52,144.51,193.03,-96.0,19.03,BGRIM,Energy,5042.420000000004
2026-06-26,91.63,113.12,204.75,-21.5,32.28,BGRIM,Energy,5020.920000000004
2026-06-29,65.42,113.71,179.13,-48.29,27.19,BGRIM,Energy,4972.630000000004
2026-06-30,88.25,105.76,194.01,-17.51,30.63,BGRIM,Energy,4955.1200000000035
2026-07-01,134.09,131.71,265.8,2.38,26.79,BGRIM,Energy,4957.500000000004
2026-07-02,75.27,107.99,183.27,-32.72,20.82,BGRIM,Energy,4924.780000000003
2026-07-03,104.24,140.74,244.98,-36.5,17.41,BGRIM,Energy,4888.280000000003
2026-07-06,201.86,149.87,351.73,51.99,18.36,BGRIM,Energy,4940.270000000003
2026-07-07,100.99,90.31,191.3,10.67,18.2,BGRIM,Energy,4950.940000000003
2026-07-08,357.41,204.21,561.62,153.2,20.33,BGRIM,Energy,5104.140000000003
2026-07-09,187.9,261.97,449.87,-74.07,21.41,BGRIM,Energy,5030.070000000003
2026-07-10,243.44,175.29,418.73,68.15,28.31,BGRIM,Energy,5098.220000000003
2026-07-13,117.31,160.14,277.45,-42.84,32.65,BGRIM,Energy,5055.380000000003
2026-07-14,170.33,135.23,305.56,35.11,23.41,BGRIM,Energy,5090.4900000000025
2026-07-15,257.85,232.9,490.75,24.95,19.1,BGRIM,Energy,5115.440000000002
2026-07-16,230.53,66.96,297.49,163.57,21.78,BGRIM,Energy,5279.010000000002
2026-07-17,395.43,223.63,619.05,171.8,21.51,BGRIM,Energy,5450.810000000002
2026-07-20,165.69,380.24,545.93,-214.55,30.8,BGRIM,Energy,5236.260000000002
2026-07-21,120.71,139.83,260.54,-19.12,28.91,BGRIM,Energy,5217.140000000002
2026-07-22,141.25,147.87,289.11,-6.62,29.82,BGRIM,Energy,5210.520000000002
