date,buy_mb,sell_mb,buy_sell_mb,net_mb,nvdr_pct,symbol,sector,cumulative_net_mb
2020-01-02,58.08,47.05,105.13,11.02,43.21,BH,Helth,11.02
2020-01-03,91.02,78.39,169.41,12.64,30.67,BH,Helth,23.66
2020-01-06,125.79,27.27,153.05,98.52,29.14,BH,Helth,122.17999999999999
2020-01-07,118.95,77.23,196.18,41.73,40.6,BH,Helth,163.91
2020-01-08,79.52,33.98,113.5,45.54,29.09,BH,Helth,209.45
2020-01-09,79.94,66.52,146.46,13.42,42.93,BH,Helth,222.86999999999998
2020-01-10,52.79,43.78,96.56,9.01,39.27,BH,Helth,231.87999999999997
2020-01-13,90.53,48.39,138.92,42.14,50.1,BH,Helth,274.02
2020-01-14,92.96,81.38,174.34,11.58,46.7,BH,Helth,285.59999999999997
2020-01-15,91.76,54.0,145.76,37.76,35.11,BH,Helth,323.35999999999996
2020-01-16,38.07,88.65,126.72,-50.57,38.72,BH,Helth,272.78999999999996
2020-01-17,48.17,35.74,83.91,12.43,23.99,BH,Helth,285.21999999999997
2020-01-20,86.99,20.63,107.61,66.36,36.53,BH,Helth,351.58
2020-01-21,92.47,45.92,138.4,46.55,32.98,BH,Helth,398.13
2020-01-22,126.57,50.91,177.49,75.66,49.57,BH,Helth,473.78999999999996
2020-01-23,88.71,42.49,131.2,46.21,23.74,BH,Helth,520.0
2020-01-24,18.29,11.28,29.57,7.01,31.77,BH,Helth,527.01
2020-01-27,65.89,81.4,147.28,-15.51,38.4,BH,Helth,511.5
2020-01-28,43.28,102.95,146.23,-59.67,26.55,BH,Helth,451.83
2020-01-29,72.42,47.38,119.81,25.04,27.64,BH,Helth,476.87
2020-01-30,76.71,26.19,102.9,50.51,30.52,BH,Helth,527.38
2020-01-31,102.61,111.66,214.27,-9.05,29.07,BH,Helth,518.33
2020-02-03,81.19,54.41,135.6,26.78,32.84,BH,Helth,545.11
2020-02-04,99.01,98.21,197.22,0.8,30.73,BH,Helth,545.91
2020-02-05,67.5,48.45,115.95,19.05,39.32,BH,Helth,564.9599999999999
2020-02-06,98.21,100.21,198.43,-2.0,45.24,BH,Helth,562.9599999999999
2020-02-07,137.81,120.13,257.94,17.67,48.31,BH,Helth,580.6299999999999
2020-02-11,66.19,64.98,131.17,1.21,47.05,BH,Helth,581.8399999999999
2020-02-12,65.79,66.37,132.16,-0.58,40.61,BH,Helth,581.2599999999999
2020-02-13,89.89,98.89,188.78,-9.0,31.86,BH,Helth,572.2599999999999
2020-02-14,57.05,25.56,82.6,31.49,53.24,BH,Helth,603.7499999999999
2020-02-17,20.13,21.61,41.74,-1.48,41.6,BH,Helth,602.2699999999999
2020-02-18,16.79,53.54,70.33,-36.74,18.46,BH,Helth,565.5299999999999
2020-02-19,58.88,34.94,93.82,23.94,31.13,BH,Helth,589.4699999999999
2020-02-20,49.74,67.6,117.34,-17.85,29.39,BH,Helth,571.6199999999999
2020-02-21,75.83,146.1,221.93,-70.27,50.19,BH,Helth,501.3499999999999
2020-02-24,92.83,109.24,202.07,-16.42,38.03,BH,Helth,484.9299999999999
2020-02-25,145.57,126.93,272.5,18.63,32.48,BH,Helth,503.5599999999999
2020-02-26,345.44,168.12,513.57,177.32,40.31,BH,Helth,680.8799999999999
2020-02-27,644.19,320.02,964.21,324.18,35.34,BH,Helth,1005.06
2020-02-28,197.34,168.37,365.71,28.97,27.68,BH,Helth,1034.03
2020-03-02,124.17,223.94,348.11,-99.77,26.82,BH,Helth,934.26
2020-03-03,48.86,104.57,153.42,-55.71,25.94,BH,Helth,878.55
2020-03-04,97.87,63.46,161.33,34.42,34.36,BH,Helth,912.9699999999999
2020-03-05,75.83,157.88,233.7,-82.05,29.89,BH,Helth,830.92
2020-03-06,94.2,92.18,186.38,2.02,23.94,BH,Helth,832.9399999999999
2020-03-09,117.41,174.84,292.25,-57.42,29.35,BH,Helth,775.52
2020-03-10,68.6,137.52,206.13,-68.92,35.01,BH,Helth,706.6
2020-03-11,124.98,131.79,256.77,-6.81,25.19,BH,Helth,699.7900000000001
2020-03-12,161.55,252.64,414.19,-91.08,26.48,BH,Helth,608.71
2020-03-13,173.42,259.53,432.95,-86.12,30.05,BH,Helth,522.59
2020-03-16,90.28,253.34,343.63,-163.06,42.82,BH,Helth,359.53000000000003
2020-03-17,121.13,112.29,233.42,8.83,50.15,BH,Helth,368.36
2020-03-18,113.69,134.54,248.22,-20.85,40.19,BH,Helth,347.51
2020-03-19,106.66,162.77,269.43,-56.11,33.52,BH,Helth,291.4
2020-03-20,119.73,140.58,260.31,-20.85,41.72,BH,Helth,270.54999999999995
2020-03-23,65.76,173.94,239.7,-108.18,38.07,BH,Helth,162.36999999999995
2020-03-24,100.35,142.39,242.74,-42.05,32.21,BH,Helth,120.31999999999995
2020-03-25,66.82,69.58,136.4,-2.76,22.74,BH,Helth,117.55999999999995
2020-03-26,206.33,346.81,553.15,-140.48,16.41,BH,Helth,-22.920000000000044
2020-03-27,81.23,138.0,219.23,-56.77,33.38,BH,Helth,-79.69000000000005
2020-03-30,44.5,51.73,96.22,-7.23,26.49,BH,Helth,-86.92000000000006
2020-03-31,25.27,45.54,70.81,-20.27,19.2,BH,Helth,-107.19000000000005
2020-04-01,49.45,51.38,100.83,-1.94,34.01,BH,Helth,-109.13000000000005
2020-04-02,45.75,44.01,89.76,1.75,25.0,BH,Helth,-107.38000000000005
2020-04-03,25.39,25.31,50.7,0.08,19.62,BH,Helth,-107.30000000000005
2020-04-07,108.5,40.21,148.71,68.28,28.54,BH,Helth,-39.02000000000005
2020-04-08,70.25,49.43,119.68,20.82,39.22,BH,Helth,-18.200000000000053
2020-04-09,48.42,48.94,97.36,-0.52,26.38,BH,Helth,-18.720000000000052
2020-04-10,45.02,42.73,87.75,2.29,28.35,BH,Helth,-16.430000000000053
2020-04-13,20.82,26.71,47.53,-5.89,27.22,BH,Helth,-22.320000000000054
2020-04-14,83.32,77.95,161.27,5.37,20.92,BH,Helth,-16.950000000000053
2020-04-15,58.79,88.0,146.79,-29.21,30.98,BH,Helth,-46.16000000000005
2020-04-16,38.04,41.0,79.04,-2.96,26.42,BH,Helth,-49.120000000000054
2020-04-17,50.4,32.41,82.81,17.99,33.84,BH,Helth,-31.130000000000056
2020-04-20,46.09,41.53,87.62,4.55,29.19,BH,Helth,-26.580000000000055
2020-04-21,41.81,37.81,79.62,4.0,38.67,BH,Helth,-22.580000000000055
2020-04-22,34.77,28.45,63.21,6.32,31.05,BH,Helth,-16.260000000000055
2020-04-23,17.13,19.21,36.35,-2.08,38.7,BH,Helth,-18.340000000000053
2020-04-24,28.4,46.08,74.48,-17.69,34.52,BH,Helth,-36.03000000000006
2020-04-27,6.58,5.28,11.86,1.31,12.45,BH,Helth,-34.720000000000056
2020-04-28,35.7,16.59,52.3,19.11,31.48,BH,Helth,-15.610000000000056
2020-04-29,51.81,59.86,111.67,-8.05,29.62,BH,Helth,-23.660000000000057
2020-04-30,33.41,14.52,47.93,18.89,26.82,BH,Helth,-4.770000000000056
2020-05-05,7.67,37.98,45.65,-30.31,19.82,BH,Helth,-35.080000000000055
2020-05-07,26.85,58.88,85.74,-32.03,28.35,BH,Helth,-67.11000000000006
2020-05-08,8.57,36.3,44.87,-27.73,24.38,BH,Helth,-94.84000000000006
2020-05-11,20.59,47.4,68.0,-26.81,18.17,BH,Helth,-121.65000000000006
2020-05-12,21.75,29.2,50.96,-7.45,36.55,BH,Helth,-129.10000000000005
2020-05-13,14.49,54.05,68.54,-39.56,37.49,BH,Helth,-168.66000000000005
2020-05-14,28.76,34.18,62.95,-5.42,33.85,BH,Helth,-174.08000000000004
2020-05-15,23.01,37.44,60.45,-14.43,32.04,BH,Helth,-188.51000000000005
2020-05-18,83.86,43.52,127.38,40.34,20.04,BH,Helth,-148.17000000000004
2020-05-19,90.09,25.64,115.73,64.45,23.68,BH,Helth,-83.72000000000004
2020-05-20,17.23,27.94,45.17,-10.71,28.26,BH,Helth,-94.43000000000004
2020-05-21,46.64,50.15,96.79,-3.51,24.14,BH,Helth,-97.94000000000004
2020-05-22,11.96,28.96,40.92,-17.0,27.11,BH,Helth,-114.94000000000004
2020-05-25,17.39,27.58,44.97,-10.19,25.8,BH,Helth,-125.13000000000004
2020-05-26,46.16,115.27,161.43,-69.11,23.87,BH,Helth,-194.24000000000004
2020-05-27,54.01,116.02,170.03,-62.0,22.32,BH,Helth,-256.24
2020-05-28,51.92,112.32,164.24,-60.4,18.05,BH,Helth,-316.64
2020-05-29,315.21,237.49,552.71,77.72,35.54,BH,Helth,-238.92
2020-06-01,77.35,69.23,146.58,8.11,26.57,BH,Helth,-230.81
2020-06-02,69.32,29.23,98.55,40.09,23.35,BH,Helth,-190.72
2020-06-04,95.99,76.45,172.44,19.54,23.22,BH,Helth,-171.18
2020-06-05,52.71,30.9,83.61,21.8,17.88,BH,Helth,-149.38
2020-06-08,92.64,64.74,157.38,27.89,22.04,BH,Helth,-121.49
2020-06-09,54.79,71.23,126.02,-16.44,14.84,BH,Helth,-137.93
2020-06-10,80.19,20.05,100.24,60.13,23.97,BH,Helth,-77.80000000000001
2020-06-11,84.76,48.21,132.97,36.55,43.46,BH,Helth,-41.250000000000014
2020-06-12,58.88,66.02,124.9,-7.14,24.73,BH,Helth,-48.390000000000015
2020-06-15,29.83,86.11,115.95,-56.28,26.44,BH,Helth,-104.67000000000002
2020-06-16,39.23,24.27,63.49,14.96,19.58,BH,Helth,-89.71000000000001
2020-06-17,37.74,35.38,73.11,2.36,17.1,BH,Helth,-87.35000000000001
2020-06-18,29.77,22.82,52.59,6.95,29.21,BH,Helth,-80.4
2020-06-19,55.64,61.68,117.32,-6.05,38.92,BH,Helth,-86.45
2020-06-22,19.69,21.95,41.63,-2.26,17.27,BH,Helth,-88.71000000000001
2020-06-23,24.75,5.02,29.77,19.72,21.4,BH,Helth,-68.99000000000001
2020-06-24,118.94,66.44,185.38,52.5,28.7,BH,Helth,-16.49000000000001
2020-06-25,149.37,40.38,189.74,108.99,31.52,BH,Helth,92.49999999999999
2020-06-26,17.59,30.61,48.2,-13.02,15.88,BH,Helth,79.47999999999999
2020-06-29,56.24,50.4,106.64,5.84,28.93,BH,Helth,85.32
2020-06-30,52.51,42.99,95.5,9.52,16.62,BH,Helth,94.83999999999999
2020-07-01,38.26,96.44,134.71,-58.18,25.32,BH,Helth,36.65999999999999
2020-07-02,73.3,59.67,132.97,13.63,37.03,BH,Helth,50.28999999999999
2020-07-03,18.82,10.3,29.12,8.51,16.95,BH,Helth,58.79999999999999
2020-07-07,25.33,33.62,58.95,-8.28,22.01,BH,Helth,50.51999999999999
2020-07-08,47.62,39.84,87.46,7.78,32.13,BH,Helth,58.29999999999999
2020-07-09,87.19,103.16,190.35,-15.96,39.37,BH,Helth,42.33999999999999
2020-07-10,33.17,46.81,79.98,-13.65,34.79,BH,Helth,28.68999999999999
2020-07-13,45.13,24.35,69.48,20.77,25.13,BH,Helth,49.459999999999994
2020-07-14,42.91,29.97,72.88,12.95,24.33,BH,Helth,62.41
2020-07-15,30.48,44.86,75.33,-14.38,30.89,BH,Helth,48.029999999999994
2020-07-16,12.49,56.29,68.78,-43.8,35.4,BH,Helth,4.229999999999997
2020-07-17,38.51,34.67,73.18,3.85,30.25,BH,Helth,8.079999999999997
2020-07-20,69.51,29.89,99.41,39.62,36.6,BH,Helth,47.699999999999996
2020-07-21,34.25,30.71,64.96,3.54,34.07,BH,Helth,51.239999999999995
2020-07-22,21.43,39.52,60.95,-18.09,28.6,BH,Helth,33.14999999999999
2020-07-23,21.08,14.81,35.9,6.27,22.01,BH,Helth,39.41999999999999
2020-07-24,21.12,86.1,107.23,-64.98,27.21,BH,Helth,-25.560000000000016
2020-07-29,53.2,25.09,78.29,28.1,18.86,BH,Helth,2.539999999999985
2020-07-30,28.98,24.76,53.74,4.22,19.27,BH,Helth,6.759999999999985
2020-07-31,63.97,44.35,108.33,19.62,30.22,BH,Helth,26.379999999999985
2020-08-03,27.06,26.8,53.86,0.25,31.07,BH,Helth,26.629999999999985
2020-08-04,42.49,28.75,71.24,13.74,17.48,BH,Helth,40.36999999999998
2020-08-05,64.37,18.62,82.98,45.75,25.71,BH,Helth,86.11999999999998
2020-08-06,71.15,84.71,155.85,-13.56,22.79,BH,Helth,72.55999999999997
2020-08-07,35.27,56.91,92.18,-21.63,30.88,BH,Helth,50.92999999999998
2020-08-10,4.51,27.61,32.13,-23.1,16.49,BH,Helth,27.829999999999977
2020-08-11,56.49,60.5,116.98,-4.01,28.53,BH,Helth,23.81999999999998
2020-08-13,65.18,21.87,87.05,43.31,22.16,BH,Helth,67.12999999999998
2020-08-14,71.96,51.78,123.74,20.18,29.14,BH,Helth,87.30999999999997
2020-08-17,43.71,8.98,52.69,34.73,20.1,BH,Helth,122.03999999999996
2020-08-18,48.38,63.31,111.69,-14.94,24.44,BH,Helth,107.09999999999997
2020-08-19,69.57,53.62,123.19,15.95,33.31,BH,Helth,123.04999999999997
2020-08-20,49.54,46.03,95.56,3.51,28.09,BH,Helth,126.55999999999997
2020-08-21,38.68,12.54,51.22,26.14,19.35,BH,Helth,152.7
2020-08-24,18.61,35.21,53.81,-16.6,34.81,BH,Helth,136.1
2020-08-25,37.76,72.12,109.88,-34.35,27.09,BH,Helth,101.75
2020-08-26,40.66,120.75,161.41,-80.09,47.5,BH,Helth,21.659999999999997
2020-08-27,40.23,24.95,65.18,15.28,41.31,BH,Helth,36.94
2020-08-28,58.7,55.04,113.74,3.67,27.49,BH,Helth,40.61
2020-08-31,217.55,194.72,412.27,22.83,39.34,BH,Helth,63.44
2020-09-01,33.78,73.79,107.57,-40.01,23.41,BH,Helth,23.43
2020-09-02,42.33,32.25,74.58,10.09,22.24,BH,Helth,33.519999999999996
2020-09-03,40.78,46.06,86.83,-5.28,22.73,BH,Helth,28.239999999999995
2020-09-08,50.67,31.72,82.4,18.95,22.04,BH,Helth,47.19
2020-09-09,26.46,46.21,72.66,-19.75,18.85,BH,Helth,27.439999999999998
2020-09-10,33.61,43.37,76.99,-9.76,23.47,BH,Helth,17.68
2020-09-11,22.07,31.39,53.46,-9.31,29.94,BH,Helth,8.37
2020-09-14,31.81,27.64,59.45,4.17,33.65,BH,Helth,12.54
2020-09-15,44.4,72.03,116.43,-27.63,21.63,BH,Helth,-15.09
2020-09-16,63.84,73.36,137.21,-9.52,23.36,BH,Helth,-24.61
2020-09-17,19.91,27.86,47.77,-7.95,20.67,BH,Helth,-32.56
2020-09-18,76.35,110.9,187.26,-34.55,57.05,BH,Helth,-67.11
2020-09-21,21.01,33.56,54.57,-12.55,39.38,BH,Helth,-79.66
2020-09-22,30.64,33.33,63.97,-2.69,26.93,BH,Helth,-82.35
2020-09-23,17.79,24.09,41.88,-6.3,41.09,BH,Helth,-88.64999999999999
2020-09-24,42.32,53.9,96.23,-11.58,27.41,BH,Helth,-100.22999999999999
2020-09-25,40.1,38.14,78.25,1.96,29.23,BH,Helth,-98.27
2020-09-28,29.73,36.95,66.68,-7.22,27.94,BH,Helth,-105.49
2020-09-29,54.02,41.95,95.97,12.08,16.69,BH,Helth,-93.41
2020-09-30,103.84,130.56,234.4,-26.71,20.93,BH,Helth,-120.12
2020-10-01,83.1,51.54,134.65,31.56,19.87,BH,Helth,-88.56
2020-10-02,41.15,51.11,92.26,-9.96,19.92,BH,Helth,-98.52000000000001
2020-10-05,18.09,30.35,48.43,-12.26,23.29,BH,Helth,-110.78000000000002
2020-10-06,27.95,47.2,75.14,-19.25,35.96,BH,Helth,-130.03000000000003
2020-10-07,35.56,39.36,74.93,-3.8,25.69,BH,Helth,-133.83000000000004
2020-10-08,71.23,39.93,111.17,31.3,26.19,BH,Helth,-102.53000000000004
2020-10-09,31.68,58.02,89.69,-26.34,24.82,BH,Helth,-128.87000000000003
2020-10-12,36.22,21.65,57.88,14.57,24.24,BH,Helth,-114.30000000000004
2020-10-14,18.8,12.48,31.28,6.32,22.1,BH,Helth,-107.98000000000005
2020-10-15,44.28,26.63,70.91,17.65,36.97,BH,Helth,-90.33000000000004
2020-10-16,38.06,30.35,68.41,7.71,26.88,BH,Helth,-82.62000000000005
2020-10-19,54.55,35.27,89.82,19.28,28.59,BH,Helth,-63.340000000000046
2020-10-20,42.51,58.59,101.1,-16.08,29.27,BH,Helth,-79.42000000000004
2020-10-21,28.77,45.35,74.12,-16.58,26.66,BH,Helth,-96.00000000000004
2020-10-22,115.59,77.66,193.25,37.93,37.99,BH,Helth,-58.07000000000004
2020-10-26,49.53,71.64,121.17,-22.11,21.72,BH,Helth,-80.18000000000004
2020-10-27,46.29,28.79,75.08,17.5,24.7,BH,Helth,-62.680000000000035
2020-10-28,39.53,22.72,62.25,16.81,23.85,BH,Helth,-45.87000000000003
2020-10-29,25.45,46.83,72.28,-21.38,22.09,BH,Helth,-67.25000000000003
2020-10-30,37.95,63.93,101.88,-25.98,38.11,BH,Helth,-93.23000000000003
2020-11-02,57.22,51.75,108.96,5.47,47.65,BH,Helth,-87.76000000000003
2020-11-03,21.32,38.33,59.65,-17.01,34.16,BH,Helth,-104.77000000000004
2020-11-04,39.16,38.9,78.06,0.26,29.87,BH,Helth,-104.51000000000003
2020-11-05,132.56,39.52,172.08,93.05,23.41,BH,Helth,-11.460000000000036
2020-11-06,59.65,70.37,130.03,-10.72,31.34,BH,Helth,-22.180000000000035
2020-11-09,134.76,51.0,185.75,83.76,32.68,BH,Helth,61.57999999999997
2020-11-10,307.07,201.32,508.39,105.76,28.15,BH,Helth,167.33999999999997
2020-11-11,246.68,189.11,435.79,57.57,33.64,BH,Helth,224.90999999999997
2020-11-12,221.95,87.62,309.57,134.32,33.42,BH,Helth,359.22999999999996
2020-11-13,80.78,55.99,136.77,24.8,31.14,BH,Helth,384.03
2020-11-16,101.64,44.11,145.75,57.53,27.59,BH,Helth,441.55999999999995
2020-11-17,135.81,116.43,252.24,19.38,25.12,BH,Helth,460.93999999999994
2020-11-18,47.19,41.3,88.49,5.9,27.62,BH,Helth,466.8399999999999
2020-11-19,69.8,78.11,147.91,-8.31,34.06,BH,Helth,458.5299999999999
2020-11-20,126.04,150.15,276.18,-24.11,20.73,BH,Helth,434.4199999999999
2020-11-23,281.02,331.57,612.6,-50.55,29.65,BH,Helth,383.8699999999999
2020-11-24,214.97,288.37,503.34,-73.39,21.85,BH,Helth,310.4799999999999
2020-11-25,413.47,274.81,688.28,138.66,3.25,BH,Helth,449.1399999999999
2020-11-26,175.65,306.33,481.98,-130.68,19.21,BH,Helth,318.45999999999987
2020-11-27,94.1,314.75,408.85,-220.65,30.16,BH,Helth,97.80999999999986
2020-11-30,289.43,254.84,544.27,34.58,34.41,BH,Helth,132.38999999999987
2020-12-01,277.4,224.81,502.21,52.59,23.35,BH,Helth,184.97999999999988
2020-12-02,139.66,232.86,372.52,-93.2,19.56,BH,Helth,91.77999999999987
2020-12-03,106.7,146.69,253.39,-39.99,19.72,BH,Helth,51.78999999999987
2020-12-04,100.31,66.78,167.09,33.54,17.14,BH,Helth,85.32999999999987
2020-12-08,192.74,86.41,279.15,106.32,27.04,BH,Helth,191.64999999999986
2020-12-09,137.51,133.98,271.49,3.53,31.49,BH,Helth,195.17999999999986
2020-12-14,124.38,119.88,244.26,4.5,34.16,BH,Helth,199.67999999999986
2020-12-15,116.42,88.54,204.96,27.88,32.02,BH,Helth,227.55999999999986
2020-12-16,58.07,31.31,89.38,26.76,22.03,BH,Helth,254.31999999999985
2020-12-17,87.39,106.94,194.33,-19.55,22.59,BH,Helth,234.76999999999984
2020-12-18,247.12,191.28,438.4,55.84,1.21,BH,Helth,290.60999999999984
2020-12-21,306.24,137.52,443.76,168.72,40.83,BH,Helth,459.3299999999998
2020-12-22,189.22,90.83,280.05,98.38,42.34,BH,Helth,557.7099999999998
2020-12-23,170.82,120.11,290.94,50.71,32.23,BH,Helth,608.4199999999998
2020-12-24,82.17,65.88,148.05,16.28,37.49,BH,Helth,624.6999999999998
2020-12-25,80.9,134.23,215.13,-53.33,16.25,BH,Helth,571.3699999999998
2020-12-28,40.63,186.47,227.1,-145.84,30.67,BH,Helth,425.52999999999975
2020-12-29,77.38,70.85,148.23,6.53,46.0,BH,Helth,432.0599999999997
2020-12-30,84.41,22.47,106.88,61.94,24.8,BH,Helth,493.9999999999997
2021-01-04,91.19,52.01,143.21,39.18,30.78,BH,Helth,533.1799999999997
2021-01-05,71.52,75.08,146.61,-3.56,43.15,BH,Helth,529.6199999999998
2021-01-06,51.65,81.32,132.97,-29.68,28.22,BH,Helth,499.93999999999977
2021-01-07,103.44,85.97,189.4,17.47,28.24,BH,Helth,517.4099999999997
2021-01-08,90.84,90.35,181.18,0.49,18.34,BH,Helth,517.8999999999997
2021-01-11,55.64,154.24,209.88,-98.59,30.37,BH,Helth,419.3099999999997
2021-01-12,42.05,88.67,130.72,-46.62,28.36,BH,Helth,372.6899999999997
2021-01-13,31.92,85.38,117.3,-53.46,23.81,BH,Helth,319.22999999999973
2021-01-14,177.65,109.97,287.62,67.68,18.32,BH,Helth,386.90999999999974
2021-01-15,120.54,146.4,266.94,-25.86,25.18,BH,Helth,361.0499999999997
2021-01-18,36.45,82.79,119.24,-46.34,35.95,BH,Helth,314.7099999999997
2021-01-19,37.42,53.5,90.92,-16.08,28.87,BH,Helth,298.6299999999997
2021-01-20,84.46,140.24,224.7,-55.79,39.01,BH,Helth,242.83999999999972
2021-01-21,48.18,103.48,151.66,-55.3,28.35,BH,Helth,187.53999999999974
2021-01-22,56.63,67.92,124.55,-11.29,38.04,BH,Helth,176.24999999999974
2021-01-25,39.9,57.72,97.62,-17.83,29.51,BH,Helth,158.41999999999973
2021-01-26,56.19,31.48,87.68,24.71,27.82,BH,Helth,183.12999999999974
2021-01-27,22.97,104.58,127.55,-81.62,31.47,BH,Helth,101.50999999999974
2021-01-28,58.9,57.83,116.73,1.07,20.93,BH,Helth,102.57999999999973
2021-01-29,93.75,84.1,177.85,9.65,22.67,BH,Helth,112.22999999999973
2021-02-01,59.22,86.74,145.95,-27.52,27.04,BH,Helth,84.70999999999974
2021-02-02,76.86,68.76,145.62,8.1,27.93,BH,Helth,92.80999999999973
2021-02-03,238.28,175.83,414.1,62.45,22.42,BH,Helth,155.25999999999974
2021-02-04,64.77,122.36,187.13,-57.59,17.07,BH,Helth,97.66999999999973
2021-02-05,54.53,52.86,107.39,1.67,21.3,BH,Helth,99.33999999999973
2021-02-08,89.1,61.33,150.42,27.77,17.64,BH,Helth,127.10999999999973
2021-02-09,66.09,76.7,142.79,-10.61,21.91,BH,Helth,116.49999999999973
2021-02-10,81.95,63.41,145.36,18.55,27.98,BH,Helth,135.04999999999973
2021-02-11,14.94,40.54,55.48,-25.6,34.14,BH,Helth,109.44999999999973
2021-02-15,16.69,36.9,53.59,-20.21,21.2,BH,Helth,89.23999999999972
2021-02-16,21.87,31.87,53.74,-10.0,25.23,BH,Helth,79.23999999999972
2021-02-17,28.33,91.03,119.35,-62.7,29.03,BH,Helth,16.539999999999722
2021-02-18,59.57,118.24,177.8,-58.67,22.23,BH,Helth,-42.13000000000028
2021-02-19,34.16,72.53,106.68,-38.37,24.72,BH,Helth,-80.50000000000028
2021-02-22,22.64,44.47,67.11,-21.83,28.68,BH,Helth,-102.33000000000028
2021-02-23,38.5,84.63,123.13,-46.14,17.45,BH,Helth,-148.47000000000028
2021-02-24,56.64,75.51,132.15,-18.87,18.88,BH,Helth,-167.3400000000003
2021-02-25,68.72,94.38,163.11,-25.66,25.83,BH,Helth,-193.00000000000028
2021-03-01,38.57,69.38,107.94,-30.81,16.41,BH,Helth,-223.8100000000003
2021-03-02,83.29,53.34,136.63,29.95,21.58,BH,Helth,-193.8600000000003
2021-03-03,107.38,40.65,148.04,66.73,17.81,BH,Helth,-127.1300000000003
2021-03-04,99.52,86.43,185.95,13.09,14.45,BH,Helth,-114.04000000000029
2021-03-05,121.99,84.43,206.42,37.57,30.0,BH,Helth,-76.47000000000028
2021-03-08,37.04,62.66,99.69,-25.62,27.75,BH,Helth,-102.09000000000029
2021-03-09,326.11,212.71,538.81,113.4,28.75,BH,Helth,11.309999999999718
2021-03-10,189.35,162.29,351.65,27.06,31.68,BH,Helth,38.36999999999972
2021-03-11,136.0,117.29,253.29,18.71,32.68,BH,Helth,57.07999999999972
2021-03-12,131.06,66.82,197.88,64.24,34.3,BH,Helth,121.31999999999971
2021-03-15,53.97,50.57,104.54,3.41,32.71,BH,Helth,124.7299999999997
2021-03-16,58.43,64.3,122.74,-5.87,34.09,BH,Helth,118.8599999999997
2021-03-17,104.59,61.45,166.04,43.14,25.26,BH,Helth,161.99999999999972
2021-03-18,51.84,80.93,132.77,-29.08,17.47,BH,Helth,132.91999999999973
2021-03-19,86.38,88.3,174.68,-1.92,44.95,BH,Helth,130.99999999999974
2021-03-22,29.62,25.85,55.47,3.76,28.37,BH,Helth,134.75999999999974
2021-03-23,64.21,57.01,121.23,7.2,46.31,BH,Helth,141.95999999999972
2021-03-24,57.15,25.62,82.77,31.53,27.38,BH,Helth,173.48999999999972
2021-03-25,62.05,54.4,116.45,7.65,35.81,BH,Helth,181.13999999999973
2021-03-26,34.5,45.5,80.01,-11.0,32.57,BH,Helth,170.13999999999973
2021-03-29,51.95,35.09,87.04,16.86,21.19,BH,Helth,186.99999999999972
2021-03-30,49.72,36.71,86.43,13.01,27.22,BH,Helth,200.0099999999997
2021-03-31,33.51,52.58,86.09,-19.07,37.01,BH,Helth,180.9399999999997
2021-04-01,54.01,50.32,104.34,3.69,41.47,BH,Helth,184.6299999999997
2021-04-02,22.64,12.71,35.35,9.93,29.25,BH,Helth,194.55999999999972
2021-04-05,34.96,18.49,53.45,16.47,30.61,BH,Helth,211.02999999999972
2021-04-07,57.12,33.02,90.14,24.1,41.04,BH,Helth,235.1299999999997
2021-04-08,50.29,27.68,77.98,22.61,27.86,BH,Helth,257.7399999999997
2021-04-09,261.24,83.57,344.81,177.66,26.32,BH,Helth,435.39999999999975
2021-04-12,60.28,100.73,161.01,-40.45,25.99,BH,Helth,394.94999999999976
2021-04-16,24.54,57.35,81.89,-32.82,34.27,BH,Helth,362.12999999999977
2021-04-19,31.25,66.05,97.31,-34.8,34.11,BH,Helth,327.32999999999976
2021-04-20,43.76,82.54,126.3,-38.77,26.64,BH,Helth,288.5599999999998
2021-04-21,60.38,57.43,117.81,2.96,20.71,BH,Helth,291.51999999999975
2021-04-22,25.97,42.39,68.37,-16.42,14.57,BH,Helth,275.09999999999974
2021-04-23,122.06,34.83,156.88,87.23,25.52,BH,Helth,362.32999999999976
2021-04-26,142.68,44.25,186.93,98.43,27.48,BH,Helth,460.75999999999976
2021-04-27,62.47,61.88,124.35,0.59,43.62,BH,Helth,461.34999999999974
2021-04-28,84.42,49.09,133.51,35.33,39.42,BH,Helth,496.6799999999997
2021-04-29,80.66,57.02,137.68,23.64,25.25,BH,Helth,520.3199999999997
2021-04-30,124.07,192.74,316.8,-68.67,31.59,BH,Helth,451.6499999999997
2021-05-05,127.07,165.59,292.66,-38.51,41.22,BH,Helth,413.1399999999997
2021-05-06,52.04,105.26,157.3,-53.22,36.13,BH,Helth,359.91999999999973
2021-05-07,58.74,66.32,125.06,-7.58,33.76,BH,Helth,352.33999999999975
2021-05-10,117.56,99.15,216.71,18.41,35.41,BH,Helth,370.7499999999998
2021-05-11,105.72,105.15,210.87,0.56,41.15,BH,Helth,371.3099999999998
2021-05-12,97.32,74.77,172.09,22.55,45.58,BH,Helth,393.8599999999998
2021-05-13,104.77,123.64,228.4,-18.87,44.93,BH,Helth,374.9899999999998
2021-05-14,78.74,44.82,123.57,33.92,37.38,BH,Helth,408.9099999999998
2021-05-17,46.51,29.87,76.37,16.64,30.8,BH,Helth,425.5499999999998
2021-05-18,41.98,29.12,71.1,12.86,35.72,BH,Helth,438.4099999999998
2021-05-19,59.99,30.87,90.86,29.12,31.71,BH,Helth,467.5299999999998
2021-05-20,98.04,63.9,161.94,34.14,44.1,BH,Helth,501.6699999999998
2021-05-21,49.72,27.41,77.13,22.31,38.92,BH,Helth,523.9799999999998
2021-05-24,115.39,78.53,193.92,36.87,34.08,BH,Helth,560.8499999999998
2021-05-25,66.34,52.02,118.35,14.32,38.33,BH,Helth,575.1699999999998
2021-05-27,295.87,429.8,725.67,-133.94,58.45,BH,Helth,441.22999999999985
2021-05-28,26.45,19.65,46.1,6.8,28.67,BH,Helth,448.02999999999986
2021-05-31,28.2,11.67,39.87,16.52,26.59,BH,Helth,464.54999999999984
2021-06-01,115.88,22.54,138.43,93.34,28.36,BH,Helth,557.8899999999999
2021-06-02,48.68,34.18,82.85,14.5,26.1,BH,Helth,572.3899999999999
2021-06-04,37.16,52.46,89.62,-15.3,33.62,BH,Helth,557.0899999999999
2021-06-07,31.87,48.79,80.66,-16.92,41.7,BH,Helth,540.17
2021-06-08,63.0,25.83,88.83,37.16,30.74,BH,Helth,577.3299999999999
2021-06-09,141.81,61.27,203.08,80.53,31.33,BH,Helth,657.8599999999999
2021-06-10,21.41,30.55,51.96,-9.15,23.1,BH,Helth,648.7099999999999
2021-06-11,75.53,25.06,100.59,50.46,33.73,BH,Helth,699.17
2021-06-14,18.17,17.91,36.07,0.26,29.59,BH,Helth,699.43
2021-06-15,39.83,21.98,61.81,17.84,20.64,BH,Helth,717.27
2021-06-16,31.32,34.48,65.8,-3.15,36.86,BH,Helth,714.12
2021-06-17,60.66,28.94,89.6,31.71,24.37,BH,Helth,745.83
2021-06-18,184.46,182.66,367.12,1.8,29.67,BH,Helth,747.63
2021-06-21,114.24,46.17,160.41,68.07,32.62,BH,Helth,815.7
2021-06-22,84.09,109.4,193.49,-25.31,28.62,BH,Helth,790.3900000000001
2021-06-23,52.06,32.99,85.05,19.07,29.47,BH,Helth,809.4600000000002
2021-06-24,70.6,40.3,110.9,30.31,48.89,BH,Helth,839.7700000000001
2021-06-25,72.97,38.34,111.31,34.63,30.55,BH,Helth,874.4000000000001
2021-06-28,115.22,55.02,170.24,60.19,32.29,BH,Helth,934.5900000000001
2021-06-29,57.48,41.82,99.3,15.65,43.79,BH,Helth,950.2400000000001
2021-06-30,46.54,46.89,93.43,-0.35,43.07,BH,Helth,949.8900000000001
2021-07-01,25.13,43.22,68.35,-18.1,25.76,BH,Helth,931.7900000000001
2021-07-02,35.4,102.54,137.94,-67.15,31.8,BH,Helth,864.6400000000001
2021-07-05,7.33,47.14,54.47,-39.81,24.33,BH,Helth,824.8300000000002
2021-07-06,10.15,23.79,33.94,-13.64,32.12,BH,Helth,811.1900000000002
2021-07-07,15.93,32.46,48.39,-16.54,35.95,BH,Helth,794.6500000000002
2021-07-08,181.95,82.8,264.75,99.15,30.1,BH,Helth,893.8000000000002
2021-07-09,47.43,68.69,116.12,-21.26,47.02,BH,Helth,872.5400000000002
2021-07-12,38.81,63.84,102.65,-25.03,35.37,BH,Helth,847.5100000000002
2021-07-13,40.4,42.99,83.39,-2.59,20.84,BH,Helth,844.9200000000002
2021-07-14,40.93,34.57,75.5,6.35,27.08,BH,Helth,851.2700000000002
2021-07-15,49.8,57.51,107.31,-7.71,42.94,BH,Helth,843.5600000000002
2021-07-16,31.97,27.91,59.87,4.06,27.06,BH,Helth,847.6200000000001
2021-07-19,23.71,31.48,55.19,-7.76,28.79,BH,Helth,839.8600000000001
2021-07-20,43.95,41.05,85.0,2.89,32.19,BH,Helth,842.7500000000001
2021-07-21,35.7,32.23,67.93,3.47,28.29,BH,Helth,846.2200000000001
2021-07-22,28.36,41.24,69.6,-12.88,18.74,BH,Helth,833.3400000000001
2021-07-23,13.65,34.55,48.2,-20.9,27.36,BH,Helth,812.4400000000002
2021-07-27,52.39,45.15,97.54,7.24,46.88,BH,Helth,819.6800000000002
2021-07-29,28.47,25.23,53.7,3.24,23.82,BH,Helth,822.9200000000002
2021-07-30,40.13,31.87,72.0,8.25,36.65,BH,Helth,831.1700000000002
2021-08-02,35.13,45.24,80.37,-10.11,44.53,BH,Helth,821.0600000000002
2021-08-03,40.63,26.31,66.94,14.32,51.0,BH,Helth,835.3800000000002
2021-08-04,40.71,26.43,67.14,14.27,37.66,BH,Helth,849.6500000000002
2021-08-05,34.69,75.26,109.95,-40.56,38.48,BH,Helth,809.0900000000001
2021-08-06,40.96,59.69,100.65,-18.74,51.01,BH,Helth,790.3500000000001
2021-08-09,24.75,21.16,45.91,3.59,30.33,BH,Helth,793.9400000000002
2021-08-10,96.26,65.38,161.63,30.88,31.82,BH,Helth,824.8200000000002
2021-08-11,98.15,143.17,241.32,-45.01,31.86,BH,Helth,779.8100000000002
2021-08-13,127.75,98.25,226.0,29.5,25.51,BH,Helth,809.3100000000002
2021-08-16,48.66,32.43,81.09,16.23,21.28,BH,Helth,825.5400000000002
2021-08-17,132.16,71.97,204.13,60.19,33.46,BH,Helth,885.7300000000002
2021-08-18,37.73,45.1,82.83,-7.37,23.27,BH,Helth,878.3600000000002
2021-08-19,42.0,42.87,84.86,-0.87,33.28,BH,Helth,877.4900000000002
2021-08-20,58.31,22.57,80.88,35.75,22.31,BH,Helth,913.2400000000002
2021-08-23,127.6,138.19,265.78,-10.59,36.12,BH,Helth,902.6500000000002
2021-08-24,74.24,50.14,124.38,24.09,27.55,BH,Helth,926.7400000000002
2021-08-25,56.69,32.8,89.5,23.89,26.22,BH,Helth,950.6300000000002
2021-08-26,32.98,36.31,69.3,-3.33,41.19,BH,Helth,947.3000000000002
2021-08-27,49.08,29.46,78.54,19.63,27.61,BH,Helth,966.9300000000002
2021-08-30,44.23,15.03,59.26,29.19,22.62,BH,Helth,996.1200000000002
2021-08-31,166.2,87.59,253.79,78.62,37.23,BH,Helth,1074.7400000000002
2021-09-01,61.41,47.2,108.61,14.21,27.13,BH,Helth,1088.9500000000003
2021-09-02,86.21,34.85,121.06,51.36,25.9,BH,Helth,1140.3100000000002
2021-09-03,83.46,27.77,111.22,55.69,24.61,BH,Helth,1196.0000000000002
2021-09-06,26.55,43.4,69.95,-16.86,23.54,BH,Helth,1179.1400000000003
2021-09-07,54.26,40.56,94.83,13.7,33.35,BH,Helth,1192.8400000000004
2021-09-08,81.85,38.05,119.9,43.8,29.46,BH,Helth,1236.6400000000003
2021-09-09,38.15,55.27,93.41,-17.12,31.67,BH,Helth,1219.5200000000004
2021-09-10,42.31,25.12,67.44,17.19,27.27,BH,Helth,1236.7100000000005
2021-09-13,48.98,74.99,123.97,-26.01,33.27,BH,Helth,1210.7000000000005
2021-09-14,42.94,55.91,98.85,-12.96,29.03,BH,Helth,1197.7400000000005
2021-09-15,70.11,36.36,106.47,33.75,24.74,BH,Helth,1231.4900000000005
2021-09-16,261.03,103.29,364.32,157.74,23.88,BH,Helth,1389.2300000000005
2021-09-17,139.12,84.56,223.69,54.56,29.75,BH,Helth,1443.7900000000004
2021-09-20,249.01,126.51,375.52,122.5,27.4,BH,Helth,1566.2900000000004
2021-09-21,91.17,136.05,227.22,-44.87,18.04,BH,Helth,1521.4200000000005
2021-09-22,38.11,47.25,85.35,-9.14,20.51,BH,Helth,1512.2800000000004
2021-09-23,120.64,96.87,217.5,23.77,28.43,BH,Helth,1536.0500000000004
2021-09-27,125.49,226.4,351.88,-100.91,24.96,BH,Helth,1435.1400000000003
2021-09-28,96.03,106.63,202.66,-10.59,26.58,BH,Helth,1424.5500000000004
2021-09-29,101.68,97.11,198.79,4.57,32.06,BH,Helth,1429.1200000000003
2021-09-30,71.49,66.56,138.05,4.94,32.37,BH,Helth,1434.0600000000004
2021-10-01,136.73,105.76,242.48,30.97,44.16,BH,Helth,1465.0300000000004
2021-10-04,147.06,89.54,236.59,57.52,41.91,BH,Helth,1522.5500000000004
2021-10-05,130.34,106.52,236.86,23.81,39.74,BH,Helth,1546.3600000000004
2021-10-06,20.3,47.69,67.99,-27.39,26.56,BH,Helth,1518.9700000000003
2021-10-07,70.21,41.14,111.35,29.07,27.28,BH,Helth,1548.0400000000002
2021-10-08,88.77,60.72,149.49,28.05,30.08,BH,Helth,1576.0900000000001
2021-10-11,119.63,40.81,160.44,78.82,29.78,BH,Helth,1654.91
2021-10-12,202.05,156.85,358.9,45.2,29.2,BH,Helth,1700.1100000000001
2021-10-14,67.86,70.67,138.53,-2.8,19.02,BH,Helth,1697.3100000000002
2021-10-15,106.21,43.86,150.07,62.36,27.95,BH,Helth,1759.67
2021-10-18,61.56,23.03,84.59,38.53,25.8,BH,Helth,1798.2
2021-10-19,116.91,83.73,200.65,33.18,31.07,BH,Helth,1831.38
2021-10-20,56.71,30.99,87.7,25.72,34.46,BH,Helth,1857.1000000000001
2021-10-21,76.39,34.93,111.31,41.46,39.33,BH,Helth,1898.5600000000002
2021-10-25,67.16,49.69,116.85,17.47,19.82,BH,Helth,1916.0300000000002
2021-10-26,39.81,33.13,72.93,6.68,27.86,BH,Helth,1922.7100000000003
2021-10-27,77.63,66.97,144.6,10.66,28.38,BH,Helth,1933.3700000000003
2021-10-28,49.71,143.28,192.98,-93.57,25.81,BH,Helth,1839.8000000000004
2021-10-29,54.07,68.25,122.32,-14.18,21.44,BH,Helth,1825.6200000000003
2021-11-01,71.18,131.09,202.27,-59.91,23.41,BH,Helth,1765.7100000000003
2021-11-02,277.95,193.98,471.92,83.97,33.72,BH,Helth,1849.6800000000003
2021-11-03,73.24,87.96,161.21,-14.72,27.59,BH,Helth,1834.9600000000003
2021-11-04,116.02,49.78,165.8,66.24,29.87,BH,Helth,1901.2000000000003
2021-11-05,159.55,88.04,247.59,71.51,30.28,BH,Helth,1972.7100000000003
2021-11-08,139.54,117.1,256.64,22.44,31.51,BH,Helth,1995.1500000000003
2021-11-09,224.47,89.8,314.27,134.68,31.91,BH,Helth,2129.8300000000004
2021-11-10,28.68,39.08,67.76,-10.39,24.56,BH,Helth,2119.4400000000005
2021-11-11,52.85,59.61,112.46,-6.76,25.0,BH,Helth,2112.6800000000003
2021-11-12,71.99,98.9,170.88,-26.91,24.67,BH,Helth,2085.7700000000004
2021-11-15,104.84,65.56,170.4,39.28,30.78,BH,Helth,2125.0500000000006
2021-11-16,104.95,90.35,195.31,14.6,26.54,BH,Helth,2139.6500000000005
2021-11-17,145.62,170.38,315.99,-24.76,32.52,BH,Helth,2114.8900000000003
2021-11-18,98.73,95.69,194.42,3.04,36.41,BH,Helth,2117.9300000000003
2021-11-19,52.96,52.36,105.32,0.6,38.49,BH,Helth,2118.53
2021-11-22,40.06,55.63,95.69,-15.57,39.09,BH,Helth,2102.96
2021-11-23,47.93,59.21,107.14,-11.28,44.3,BH,Helth,2091.68
2021-11-24,32.77,60.86,93.62,-28.09,34.79,BH,Helth,2063.5899999999997
2021-11-25,36.82,82.02,118.84,-45.19,38.08,BH,Helth,2018.3999999999996
2021-11-26,99.63,93.19,192.82,6.44,33.89,BH,Helth,2024.8399999999997
2021-11-29,117.86,88.89,206.75,28.97,34.03,BH,Helth,2053.8099999999995
2021-11-30,368.66,274.6,643.26,94.06,42.43,BH,Helth,2147.8699999999994
2021-12-01,163.97,136.72,300.69,27.24,39.62,BH,Helth,2175.109999999999
2021-12-02,109.56,125.75,235.31,-16.19,49.4,BH,Helth,2158.919999999999
2021-12-03,36.29,63.28,99.57,-26.99,44.68,BH,Helth,2131.9299999999994
2021-12-07,67.74,128.07,195.8,-60.33,40.98,BH,Helth,2071.5999999999995
2021-12-08,33.17,70.38,103.55,-37.21,32.08,BH,Helth,2034.3899999999994
2021-12-09,48.65,32.81,81.45,15.84,37.43,BH,Helth,2050.2299999999996
2021-12-13,75.75,75.31,151.06,0.44,53.36,BH,Helth,2050.6699999999996
2021-12-14,81.69,86.18,167.86,-4.49,55.43,BH,Helth,2046.1799999999996
2021-12-15,27.75,60.14,87.89,-32.39,31.62,BH,Helth,2013.7899999999995
2021-12-16,97.12,96.99,194.11,0.13,44.98,BH,Helth,2013.9199999999996
2021-12-17,99.64,86.39,186.03,13.25,62.35,BH,Helth,2027.1699999999996
2021-12-20,59.6,37.26,96.85,22.34,32.51,BH,Helth,2049.5099999999998
2021-12-21,75.44,53.14,128.59,22.3,32.02,BH,Helth,2071.81
2021-12-22,79.17,61.39,140.56,17.78,45.71,BH,Helth,2089.59
2021-12-23,57.33,35.84,93.17,21.49,37.97,BH,Helth,2111.08
2021-12-24,29.09,17.36,46.44,11.73,27.16,BH,Helth,2122.81
2021-12-27,32.89,31.56,64.46,1.33,42.31,BH,Helth,2124.14
2021-12-28,47.76,42.5,90.26,5.26,38.76,BH,Helth,2129.4
2021-12-29,69.0,53.93,122.94,15.07,55.16,BH,Helth,2144.4700000000003
2021-12-30,39.28,25.72,65.0,13.56,35.93,BH,Helth,2158.03
2022-01-04,109.27,75.72,184.99,33.54,30.22,BH,Helth,2191.57
2022-01-05,61.19,57.81,119.0,3.37,24.31,BH,Helth,2194.94
2022-01-06,126.08,159.15,285.23,-33.07,26.28,BH,Helth,2161.87
2022-01-07,95.87,159.8,255.67,-63.93,40.52,BH,Helth,2097.94
2022-01-10,54.1,65.24,119.33,-11.14,35.7,BH,Helth,2086.8
2022-01-11,72.02,66.14,138.16,5.88,31.07,BH,Helth,2092.6800000000003
2022-01-12,37.01,43.46,80.47,-6.45,29.5,BH,Helth,2086.2300000000005
2022-01-13,33.98,51.32,85.31,-17.34,35.4,BH,Helth,2068.8900000000003
2022-01-14,39.35,74.56,113.91,-35.22,25.71,BH,Helth,2033.6700000000003
2022-01-17,41.07,53.89,94.95,-12.82,30.64,BH,Helth,2020.8500000000004
2022-01-18,27.16,75.14,102.3,-47.98,28.04,BH,Helth,1972.8700000000003
2022-01-19,28.12,57.34,85.46,-29.22,32.54,BH,Helth,1943.6500000000003
2022-01-20,40.96,49.5,90.46,-8.54,28.84,BH,Helth,1935.1100000000004
2022-01-21,67.78,44.99,112.78,22.79,34.18,BH,Helth,1957.9000000000003
2022-01-24,35.46,31.36,66.82,4.1,36.84,BH,Helth,1962.0000000000002
2022-01-25,32.64,33.18,65.83,-0.54,28.74,BH,Helth,1961.4600000000003
2022-01-26,102.77,55.19,157.95,47.58,23.56,BH,Helth,2009.0400000000002
2022-01-27,117.39,85.45,202.84,31.94,29.93,BH,Helth,2040.9800000000002
2022-01-28,64.18,70.52,134.7,-6.35,28.73,BH,Helth,2034.6300000000003
2022-01-31,118.64,66.66,185.3,51.99,29.57,BH,Helth,2086.6200000000003
2022-02-01,24.65,23.28,47.93,1.37,19.75,BH,Helth,2087.9900000000002
2022-02-02,93.37,106.34,199.7,-12.97,28.78,BH,Helth,2075.0200000000004
2022-02-03,55.1,85.68,140.78,-30.58,16.11,BH,Helth,2044.4400000000005
2022-02-04,52.45,84.67,137.12,-32.22,23.65,BH,Helth,2012.2200000000005
2022-02-07,128.87,73.67,202.55,55.2,40.43,BH,Helth,2067.4200000000005
2022-02-08,74.39,74.36,148.76,0.03,44.55,BH,Helth,2067.4500000000007
2022-02-09,165.17,112.69,277.85,52.48,25.71,BH,Helth,2119.9300000000007
2022-02-10,67.88,48.43,116.31,19.45,25.86,BH,Helth,2139.3800000000006
2022-02-11,86.42,52.81,139.23,33.61,21.47,BH,Helth,2172.9900000000007
2022-02-14,124.89,101.13,226.03,23.76,32.71,BH,Helth,2196.750000000001
2022-02-15,174.71,108.49,283.21,66.22,26.53,BH,Helth,2262.9700000000007
2022-02-17,132.39,110.22,242.6,22.17,27.95,BH,Helth,2285.140000000001
2022-02-18,71.5,61.34,132.83,10.16,17.81,BH,Helth,2295.3000000000006
2022-02-21,110.74,46.96,157.71,63.78,31.07,BH,Helth,2359.080000000001
2022-02-22,133.03,79.24,212.27,53.78,30.54,BH,Helth,2412.860000000001
2022-02-23,104.32,70.78,175.1,33.54,30.42,BH,Helth,2446.400000000001
2022-02-24,357.12,379.83,736.95,-22.71,27.33,BH,Helth,2423.690000000001
2022-02-25,123.34,84.74,208.08,38.61,24.74,BH,Helth,2462.300000000001
2022-02-28,263.98,123.49,387.46,140.49,39.2,BH,Helth,2602.790000000001
2022-03-01,530.03,225.95,755.98,304.08,30.0,BH,Helth,2906.870000000001
2022-03-02,363.23,250.22,613.45,113.01,38.35,BH,Helth,3019.880000000001
2022-03-03,181.96,159.66,341.62,22.3,30.33,BH,Helth,3042.180000000001
2022-03-04,88.44,166.71,255.14,-78.27,34.54,BH,Helth,2963.910000000001
2022-03-07,160.3,230.34,390.64,-70.03,37.49,BH,Helth,2893.880000000001
2022-03-08,415.81,397.07,812.88,18.73,33.44,BH,Helth,2912.610000000001
2022-03-09,221.81,165.75,387.56,56.06,38.53,BH,Helth,2968.670000000001
2022-03-10,261.02,115.0,376.02,146.02,41.72,BH,Helth,3114.690000000001
2022-03-11,164.02,140.48,304.5,23.53,37.04,BH,Helth,3138.220000000001
2022-03-14,166.3,104.61,270.91,61.69,47.8,BH,Helth,3199.910000000001
2022-03-15,174.1,92.82,266.92,81.29,32.18,BH,Helth,3281.200000000001
2022-03-16,129.73,99.25,228.98,30.47,38.81,BH,Helth,3311.670000000001
2022-03-17,204.02,151.06,355.08,52.96,37.46,BH,Helth,3364.630000000001
2022-03-18,379.02,334.65,713.67,44.38,43.15,BH,Helth,3409.010000000001
2022-03-21,132.84,57.22,190.06,75.61,25.48,BH,Helth,3484.6200000000013
2022-03-22,89.56,74.42,163.98,15.15,21.5,BH,Helth,3499.7700000000013
2022-03-23,163.97,62.65,226.62,101.33,30.44,BH,Helth,3601.1000000000013
2022-03-24,333.81,81.61,415.42,252.2,18.48,BH,Helth,3853.300000000001
2022-03-25,453.03,104.55,557.58,348.48,30.3,BH,Helth,4201.780000000001
2022-03-28,166.64,96.4,263.04,70.24,42.45,BH,Helth,4272.02
2022-03-29,459.58,105.94,565.52,353.64,31.92,BH,Helth,4625.660000000001
2022-03-30,566.22,166.77,732.99,399.45,41.2,BH,Helth,5025.110000000001
2022-03-31,470.06,168.59,638.65,301.46,28.33,BH,Helth,5326.570000000001
2022-04-01,225.31,159.68,385.0,65.63,23.52,BH,Helth,5392.200000000001
2022-04-04,136.2,120.9,257.1,15.3,20.79,BH,Helth,5407.500000000001
2022-04-05,204.44,165.11,369.54,39.33,41.14,BH,Helth,5446.830000000001
2022-04-07,409.82,261.73,671.54,148.09,32.7,BH,Helth,5594.920000000001
2022-04-08,99.6,90.24,189.84,9.36,19.77,BH,Helth,5604.280000000001
2022-04-11,226.26,110.96,337.23,115.3,27.52,BH,Helth,5719.580000000001
2022-04-12,193.52,116.5,310.03,77.02,28.72,BH,Helth,5796.600000000001
2022-04-18,63.28,63.85,127.12,-0.57,23.31,BH,Helth,5796.030000000002
2022-04-19,216.2,107.67,323.87,108.53,25.91,BH,Helth,5904.560000000001
2022-04-20,527.16,485.17,1012.33,41.99,37.23,BH,Helth,5946.550000000001
2022-04-21,193.5,200.86,394.37,-7.36,23.59,BH,Helth,5939.190000000001
2022-04-22,299.82,242.02,541.85,57.8,24.29,BH,Helth,5996.990000000002
2022-04-25,272.82,210.3,483.12,62.51,31.67,BH,Helth,6059.500000000002
2022-04-26,572.96,187.67,760.64,385.29,32.44,BH,Helth,6444.790000000002
2022-04-27,198.4,128.44,326.84,69.97,35.52,BH,Helth,6514.760000000002
2022-04-28,130.53,213.93,344.46,-83.4,31.5,BH,Helth,6431.360000000002
2022-04-29,426.16,188.35,614.51,237.81,27.89,BH,Helth,6669.170000000003
2022-05-03,212.46,191.01,403.47,21.45,27.34,BH,Helth,6690.620000000003
2022-05-05,296.99,283.6,580.58,13.39,31.08,BH,Helth,6704.010000000003
2022-05-06,297.71,162.26,459.97,135.46,28.44,BH,Helth,6839.470000000003
2022-05-09,634.77,416.06,1050.83,218.71,4.27,BH,Helth,7058.180000000003
2022-05-10,686.75,228.48,915.23,458.27,34.54,BH,Helth,7516.450000000003
2022-05-11,443.98,264.34,708.32,179.63,44.76,BH,Helth,7696.080000000003
2022-05-12,180.52,187.64,368.16,-7.12,32.29,BH,Helth,7688.960000000003
2022-05-13,287.12,317.66,604.78,-30.55,25.21,BH,Helth,7658.410000000003
2022-05-17,226.46,270.92,497.38,-44.46,35.37,BH,Helth,7613.950000000003
2022-05-18,269.96,172.16,442.12,97.8,32.56,BH,Helth,7711.750000000003
2022-05-19,524.11,555.36,1079.47,-31.25,42.1,BH,Helth,7680.500000000003
2022-05-20,276.94,197.67,474.62,79.27,43.31,BH,Helth,7759.770000000003
2022-05-23,206.42,172.11,378.54,34.31,37.13,BH,Helth,7794.080000000004
2022-05-24,278.06,184.31,462.37,93.74,35.52,BH,Helth,7887.820000000003
2022-05-25,255.3,234.63,489.94,20.67,49.71,BH,Helth,7908.490000000003
2022-05-26,120.2,235.73,355.93,-115.53,42.68,BH,Helth,7792.960000000004
2022-05-27,163.71,184.34,348.05,-20.63,34.76,BH,Helth,7772.330000000004
2022-05-30,111.68,65.0,176.68,46.69,36.88,BH,Helth,7819.020000000003
2022-05-31,887.36,711.77,1599.13,175.59,64.36,BH,Helth,7994.610000000003
2022-06-01,369.99,241.97,611.96,128.01,49.33,BH,Helth,8122.6200000000035
2022-06-02,115.01,103.79,218.8,11.22,29.39,BH,Helth,8133.840000000004
2022-06-06,247.17,322.83,570.01,-75.66,31.18,BH,Helth,8058.180000000004
2022-06-07,112.35,194.88,307.23,-82.53,32.18,BH,Helth,7975.650000000004
2022-06-08,161.52,260.19,421.71,-98.67,37.0,BH,Helth,7876.980000000004
2022-06-09,266.41,217.48,483.89,48.93,24.7,BH,Helth,7925.910000000004
2022-06-10,137.71,111.83,249.55,25.88,21.6,BH,Helth,7951.7900000000045
2022-06-13,102.6,64.08,166.68,38.52,23.92,BH,Helth,7990.310000000005
2022-06-14,167.78,143.56,311.34,24.22,23.4,BH,Helth,8014.530000000005
2022-06-15,255.96,227.79,483.74,28.17,39.35,BH,Helth,8042.700000000005
2022-06-16,145.46,222.25,367.71,-76.8,35.73,BH,Helth,7965.900000000005
2022-06-17,220.18,259.59,479.77,-39.4,45.89,BH,Helth,7926.5000000000055
2022-06-20,113.05,62.63,175.69,50.42,38.26,BH,Helth,7976.9200000000055
2022-06-21,83.76,82.33,166.09,1.43,38.44,BH,Helth,7978.350000000006
2022-06-22,101.9,165.73,267.63,-63.82,34.17,BH,Helth,7914.530000000006
2022-06-23,121.43,117.86,239.29,3.57,31.56,BH,Helth,7918.100000000006
2022-06-24,154.86,215.55,370.42,-60.69,24.09,BH,Helth,7857.410000000006
2022-06-27,148.13,137.35,285.48,10.78,26.95,BH,Helth,7868.190000000006
2022-06-28,172.2,143.39,315.59,28.81,25.32,BH,Helth,7897.000000000006
2022-06-29,152.58,93.52,246.09,59.06,39.77,BH,Helth,7956.060000000007
2022-06-30,137.45,178.27,315.72,-40.81,42.53,BH,Helth,7915.250000000006
2022-07-01,157.62,83.63,241.25,74.0,33.52,BH,Helth,7989.250000000006
2022-07-04,109.62,71.07,180.69,38.54,31.57,BH,Helth,8027.790000000006
2022-07-05,356.56,209.29,565.85,147.26,30.55,BH,Helth,8175.050000000007
2022-07-06,337.06,188.25,525.31,148.81,40.33,BH,Helth,8323.860000000006
2022-07-07,319.65,281.32,600.97,38.33,32.51,BH,Helth,8362.190000000006
2022-07-08,221.82,152.28,374.1,69.54,30.92,BH,Helth,8431.730000000007
2022-07-11,125.26,120.14,245.4,5.12,30.68,BH,Helth,8436.850000000008
2022-07-12,172.42,101.14,273.55,71.28,31.46,BH,Helth,8508.130000000008
2022-07-14,442.73,197.59,640.33,245.14,38.11,BH,Helth,8753.270000000008
2022-07-15,372.28,186.4,558.68,185.87,37.27,BH,Helth,8939.140000000009
2022-07-18,279.58,537.84,817.42,-258.26,36.33,BH,Helth,8680.880000000008
2022-07-19,312.58,343.7,656.29,-31.12,47.43,BH,Helth,8649.760000000007
2022-07-20,178.55,145.07,323.63,33.48,46.74,BH,Helth,8683.240000000007
2022-07-21,160.67,132.65,293.32,28.02,38.65,BH,Helth,8711.260000000007
2022-07-22,88.06,92.89,180.96,-4.83,42.44,BH,Helth,8706.430000000008
2022-07-25,183.29,254.21,437.5,-70.92,53.39,BH,Helth,8635.510000000007
2022-07-26,284.57,175.32,459.89,109.25,41.6,BH,Helth,8744.760000000007
2022-07-27,103.71,103.45,207.16,0.26,43.68,BH,Helth,8745.020000000008
2022-08-01,380.17,153.97,534.14,226.21,44.54,BH,Helth,8971.230000000007
2022-08-02,345.39,101.59,446.99,243.8,42.9,BH,Helth,9215.030000000006
2022-08-03,149.08,81.08,230.15,68.0,38.3,BH,Helth,9283.030000000006
2022-08-04,129.5,102.45,231.95,27.05,35.03,BH,Helth,9310.080000000005
2022-08-05,173.32,116.73,290.05,56.6,40.59,BH,Helth,9366.680000000006
2022-08-08,331.67,198.55,530.23,133.12,38.51,BH,Helth,9499.800000000007
2022-08-09,226.49,109.53,336.02,116.96,44.26,BH,Helth,9616.760000000006
2022-08-10,233.29,221.57,454.86,11.73,37.5,BH,Helth,9628.490000000005
2022-08-11,1404.08,757.13,2161.21,646.95,33.06,BH,Helth,10275.440000000006
2022-08-15,556.48,506.17,1062.65,50.31,39.28,BH,Helth,10325.750000000005
2022-08-16,1292.76,489.4,1782.15,803.36,38.98,BH,Helth,11129.110000000006
2022-08-17,892.33,638.1,1530.44,254.23,34.56,BH,Helth,11383.340000000006
2022-08-18,2580.87,1743.23,4324.1,837.63,11.37,BH,Helth,12220.970000000005
2022-08-19,1584.77,870.45,2455.22,714.32,33.71,BH,Helth,12935.290000000005
2022-08-22,429.36,321.76,751.12,107.59,32.0,BH,Helth,13042.880000000005
2022-08-23,1285.66,893.66,2179.32,392.0,28.18,BH,Helth,13434.880000000005
2022-08-24,999.1,698.23,1697.32,300.87,38.84,BH,Helth,13735.750000000005
2022-08-25,1031.73,879.42,1911.15,152.31,34.96,BH,Helth,13888.060000000005
2022-08-26,910.28,508.4,1418.68,401.87,40.99,BH,Helth,14289.930000000006
2022-08-29,858.19,382.68,1240.87,475.51,32.89,BH,Helth,14765.440000000006
2022-08-30,1345.17,603.21,1948.38,741.96,31.39,BH,Helth,15507.400000000005
2022-08-31,2173.64,2176.04,4349.68,-2.4,52.93,BH,Helth,15505.000000000005
2022-09-01,530.05,438.18,968.23,91.86,35.97,BH,Helth,15596.860000000006
2022-09-02,442.01,290.61,732.62,151.4,40.34,BH,Helth,15748.260000000006
2022-09-05,435.27,315.69,750.96,119.58,41.34,BH,Helth,15867.840000000006
2022-09-06,294.68,279.62,574.31,15.06,43.29,BH,Helth,15882.900000000005
2022-09-07,487.57,407.61,895.18,79.95,39.5,BH,Helth,15962.850000000006
2022-09-08,970.84,703.03,1673.87,267.81,42.53,BH,Helth,16230.660000000005
2022-09-09,365.7,401.17,766.87,-35.47,37.29,BH,Helth,16195.190000000006
2022-09-12,261.54,189.15,450.69,72.38,41.5,BH,Helth,16267.570000000005
2022-09-13,504.5,542.01,1046.5,-37.51,35.8,BH,Helth,16230.060000000005
2022-09-14,321.36,419.08,740.44,-97.72,33.57,BH,Helth,16132.340000000006
2022-09-15,396.35,456.81,853.16,-60.46,47.09,BH,Helth,16071.880000000006
2022-09-16,1350.15,2224.41,3574.56,-874.26,54.39,BH,Helth,15197.620000000006
2022-09-19,330.13,260.42,590.55,69.71,45.92,BH,Helth,15267.330000000005
2022-09-20,549.5,477.57,1027.07,71.92,42.27,BH,Helth,15339.250000000005
2022-09-21,175.64,211.85,387.49,-36.22,40.05,BH,Helth,15303.030000000006
2022-09-22,195.59,140.41,336.01,55.18,35.7,BH,Helth,15358.210000000006
2022-09-23,179.1,234.14,413.24,-55.04,50.14,BH,Helth,15303.170000000006
2022-09-26,286.75,229.35,516.1,57.39,50.2,BH,Helth,15360.560000000005
2022-09-27,218.1,222.12,440.22,-4.02,38.97,BH,Helth,15356.540000000005
2022-09-28,320.2,269.49,589.68,50.71,47.83,BH,Helth,15407.250000000004
2022-09-29,434.27,441.97,876.24,-7.71,46.88,BH,Helth,15399.540000000005
2022-09-30,198.57,261.01,459.58,-62.44,41.08,BH,Helth,15337.100000000004
2022-10-03,280.17,311.47,591.64,-31.31,29.45,BH,Helth,15305.790000000005
2022-10-04,511.58,362.98,874.56,148.6,40.37,BH,Helth,15454.390000000005
2022-10-05,173.64,222.12,395.76,-48.48,36.02,BH,Helth,15405.910000000005
2022-10-06,540.8,434.64,975.44,106.16,41.79,BH,Helth,15512.070000000005
2022-10-07,201.6,198.86,400.46,2.74,40.87,BH,Helth,15514.810000000005
2022-10-10,111.09,185.87,296.96,-74.77,34.81,BH,Helth,15440.040000000005
2022-10-11,164.05,183.75,347.81,-19.7,38.8,BH,Helth,15420.340000000004
2022-10-12,148.79,188.4,337.18,-39.61,45.84,BH,Helth,15380.730000000003
2022-10-17,382.71,304.77,687.48,77.94,43.7,BH,Helth,15458.670000000004
2022-10-18,192.56,137.64,330.2,54.92,37.4,BH,Helth,15513.590000000004
2022-10-19,162.99,319.78,482.77,-156.79,36.44,BH,Helth,15356.800000000003
2022-10-20,324.79,345.92,670.7,-21.13,46.53,BH,Helth,15335.670000000004
2022-10-21,152.96,114.5,267.46,38.46,48.13,BH,Helth,15374.130000000003
2022-10-25,305.31,196.44,501.74,108.87,44.2,BH,Helth,15483.000000000004
2022-10-26,214.45,208.78,423.24,5.67,34.18,BH,Helth,15488.670000000004
2022-10-27,220.13,129.76,349.89,90.37,33.9,BH,Helth,15579.040000000005
2022-10-28,193.61,185.02,378.62,8.59,36.27,BH,Helth,15587.630000000005
2022-10-31,100.44,234.29,334.73,-133.85,38.4,BH,Helth,15453.780000000004
2022-11-01,131.48,128.72,260.2,2.75,30.99,BH,Helth,15456.530000000004
2022-11-02,182.73,383.98,566.71,-201.25,38.41,BH,Helth,15255.280000000004
2022-11-03,156.33,186.16,342.49,-29.83,28.69,BH,Helth,15225.450000000004
2022-11-04,299.92,290.88,590.8,9.04,46.12,BH,Helth,15234.490000000005
2022-11-07,205.6,298.51,504.12,-92.91,37.07,BH,Helth,15141.580000000005
2022-11-08,391.17,262.26,653.43,128.91,3.37,BH,Helth,15270.490000000005
2022-11-09,323.1,392.46,715.56,-69.36,41.29,BH,Helth,15201.130000000005
2022-11-10,929.88,393.46,1323.34,536.42,30.4,BH,Helth,15737.550000000005
2022-11-11,684.07,367.7,1051.77,316.37,31.43,BH,Helth,16053.920000000006
2022-11-14,490.93,396.38,887.3,94.55,30.41,BH,Helth,16148.470000000005
2022-11-15,171.56,154.45,326.01,17.12,32.11,BH,Helth,16165.590000000006
2022-11-16,167.15,222.83,389.98,-55.68,40.73,BH,Helth,16109.910000000005
2022-11-17,541.45,1113.82,1655.28,-572.37,31.02,BH,Helth,15537.540000000005
2022-11-18,661.85,488.4,1150.25,173.45,35.76,BH,Helth,15710.990000000005
2022-11-21,331.63,294.97,626.6,36.65,33.21,BH,Helth,15747.640000000005
2022-11-22,246.69,330.03,576.71,-83.34,42.81,BH,Helth,15664.300000000005
2022-11-23,285.42,210.56,495.98,74.86,36.06,BH,Helth,15739.160000000005
2022-11-24,263.16,180.7,443.86,82.47,43.0,BH,Helth,15821.630000000005
2022-11-25,119.56,175.49,295.05,-55.94,49.19,BH,Helth,15765.690000000004
2022-11-28,204.23,93.42,297.65,110.81,36.31,BH,Helth,15876.500000000004
2022-11-29,285.0,149.29,434.29,135.72,36.0,BH,Helth,16012.220000000003
2022-11-30,658.49,856.96,1515.45,-198.47,42.59,BH,Helth,15813.750000000004
2022-12-01,305.27,413.12,718.39,-107.85,33.13,BH,Helth,15705.900000000003
2022-12-02,239.44,199.02,438.46,40.42,28.19,BH,Helth,15746.320000000003
2022-12-06,258.07,284.47,542.54,-26.4,42.02,BH,Helth,15719.920000000004
2022-12-07,172.74,171.73,344.47,1.01,37.85,BH,Helth,15720.930000000004
2022-12-08,159.81,164.07,323.88,-4.26,38.35,BH,Helth,15716.670000000004
2022-12-09,284.31,216.99,501.29,67.32,42.59,BH,Helth,15783.990000000003
2022-12-13,590.02,397.06,987.08,192.96,40.85,BH,Helth,15976.950000000003
2022-12-14,264.45,332.81,597.26,-68.36,41.91,BH,Helth,15908.590000000002
2022-12-15,201.04,266.28,467.32,-65.25,42.64,BH,Helth,15843.340000000002
2022-12-16,387.8,475.45,863.25,-87.65,36.48,BH,Helth,15755.690000000002
2022-12-19,95.75,177.35,273.1,-81.6,36.78,BH,Helth,15674.090000000002
2022-12-20,144.34,121.52,265.86,22.82,32.13,BH,Helth,15696.910000000002
2022-12-21,122.96,107.38,230.34,15.58,25.83,BH,Helth,15712.490000000002
2022-12-22,141.6,87.52,229.12,54.08,30.36,BH,Helth,15766.570000000002
2022-12-23,221.4,45.58,266.98,175.82,26.35,BH,Helth,15942.390000000001
2022-12-26,114.38,53.23,167.61,61.15,26.38,BH,Helth,16003.54
2022-12-27,243.82,86.94,330.76,156.88,39.94,BH,Helth,16160.42
2022-12-28,201.86,118.91,320.77,82.94,31.78,BH,Helth,16243.36
2022-12-29,306.57,108.44,415.02,198.13,34.91,BH,Helth,16441.49
2022-12-30,146.08,139.54,285.62,6.54,27.01,BH,Helth,16448.030000000002
2023-01-03,221.01,130.83,351.84,90.18,40.39,BH,Helth,16538.210000000003
2023-01-04,119.54,186.03,305.57,-66.5,30.55,BH,Helth,16471.710000000003
2023-01-05,194.31,266.31,460.62,-72.0,36.84,BH,Helth,16399.710000000003
2023-01-06,303.58,241.62,545.2,61.96,24.7,BH,Helth,16461.670000000002
2023-01-09,173.36,345.51,518.88,-172.15,33.67,BH,Helth,16289.520000000002
2023-01-10,213.47,260.91,474.38,-47.45,42.45,BH,Helth,16242.070000000002
2023-01-11,218.34,331.43,549.77,-113.09,51.51,BH,Helth,16128.980000000001
2023-01-12,235.89,457.45,693.34,-221.56,38.27,BH,Helth,15907.420000000002
2023-01-13,269.49,302.32,571.81,-32.83,33.44,BH,Helth,15874.590000000002
2023-01-16,240.42,265.21,505.64,-24.79,34.45,BH,Helth,15849.800000000001
2023-01-17,193.51,177.44,370.95,16.07,38.08,BH,Helth,15865.87
2023-01-18,241.18,270.25,511.42,-29.07,29.49,BH,Helth,15836.800000000001
2023-01-19,260.0,150.64,410.64,109.35,30.33,BH,Helth,15946.150000000001
2023-01-20,171.5,328.45,499.95,-156.94,45.7,BH,Helth,15789.210000000001
2023-01-23,85.56,87.65,173.21,-2.09,29.89,BH,Helth,15787.12
2023-01-24,28.15,98.25,126.4,-70.1,27.51,BH,Helth,15717.02
2023-01-25,60.07,201.5,261.57,-141.43,30.17,BH,Helth,15575.59
2023-01-26,107.14,67.59,174.72,39.55,24.5,BH,Helth,15615.14
2023-01-27,260.72,314.13,574.85,-53.41,30.21,BH,Helth,15561.73
2023-01-30,145.41,335.45,480.86,-190.04,24.55,BH,Helth,15371.689999999999
2023-01-31,524.37,475.55,999.92,48.82,31.31,BH,Helth,15420.509999999998
2023-02-01,204.77,238.7,443.47,-33.94,26.73,BH,Helth,15386.569999999998
2023-02-02,210.36,286.02,496.38,-75.66,35.39,BH,Helth,15310.909999999998
2023-02-03,161.63,99.5,261.13,62.13,42.98,BH,Helth,15373.039999999997
2023-02-06,115.14,156.46,271.6,-41.32,37.6,BH,Helth,15331.719999999998
2023-02-07,134.92,267.88,402.8,-132.96,36.37,BH,Helth,15198.759999999998
2023-02-08,105.25,214.96,320.21,-109.72,27.73,BH,Helth,15089.039999999999
2023-02-09,145.12,263.75,408.88,-118.63,40.35,BH,Helth,14970.41
2023-02-10,57.1,97.45,154.55,-40.35,34.32,BH,Helth,14930.06
2023-02-13,86.64,139.32,225.96,-52.69,29.67,BH,Helth,14877.369999999999
2023-02-14,207.78,184.6,392.38,23.17,38.53,BH,Helth,14900.539999999999
2023-02-15,119.29,141.53,260.82,-22.24,52.92,BH,Helth,14878.3
2023-02-16,474.18,379.37,853.55,94.8,38.4,BH,Helth,14973.099999999999
2023-02-17,326.12,145.88,471.99,180.24,31.53,BH,Helth,15153.339999999998
2023-02-20,297.07,116.3,413.37,180.77,38.51,BH,Helth,15334.109999999999
2023-02-21,109.54,136.85,246.39,-27.32,31.36,BH,Helth,15306.789999999999
2023-02-22,274.9,161.52,436.42,113.38,32.93,BH,Helth,15420.169999999998
2023-02-23,188.62,236.49,425.12,-47.87,32.38,BH,Helth,15372.299999999997
2023-02-24,165.72,157.89,323.62,7.83,34.07,BH,Helth,15380.129999999997
2023-02-27,175.81,310.05,485.86,-134.23,38.65,BH,Helth,15245.899999999998
2023-02-28,368.92,303.48,672.4,65.43,39.34,BH,Helth,15311.329999999998
2023-03-01,167.81,233.52,401.33,-65.71,37.28,BH,Helth,15245.619999999999
2023-03-02,170.9,138.38,309.28,32.53,40.8,BH,Helth,15278.15
2023-03-03,89.15,220.48,309.63,-131.33,26.97,BH,Helth,15146.82
2023-03-07,220.94,141.01,361.95,79.92,39.03,BH,Helth,15226.74
2023-03-08,170.76,272.7,443.46,-101.95,38.88,BH,Helth,15124.789999999999
2023-03-09,146.36,167.22,313.58,-20.86,43.97,BH,Helth,15103.929999999998
2023-03-10,169.67,141.26,310.94,28.41,51.0,BH,Helth,15132.339999999998
2023-03-13,203.03,244.32,447.35,-41.29,48.59,BH,Helth,15091.049999999997
2023-03-14,256.26,359.67,615.93,-103.41,37.35,BH,Helth,14987.639999999998
2023-03-15,295.87,161.98,457.86,133.89,35.75,BH,Helth,15121.529999999997
2023-03-16,119.33,204.79,324.12,-85.45,40.04,BH,Helth,15036.079999999996
2023-03-17,131.25,141.68,272.92,-10.43,51.32,BH,Helth,15025.649999999996
2023-03-20,131.87,138.46,270.33,-6.59,40.84,BH,Helth,15019.059999999996
2023-03-21,197.25,69.82,267.07,127.42,44.05,BH,Helth,15146.479999999996
2023-03-22,89.9,45.49,135.39,44.42,35.27,BH,Helth,15190.899999999996
2023-03-23,156.61,92.35,248.95,64.26,39.49,BH,Helth,15255.159999999996
2023-03-24,169.61,109.2,278.8,60.41,38.13,BH,Helth,15315.569999999996
2023-03-27,48.68,63.94,112.62,-15.26,41.17,BH,Helth,15300.309999999996
2023-03-28,130.04,118.21,248.26,11.83,37.99,BH,Helth,15312.139999999996
2023-03-29,332.72,166.89,499.62,165.83,36.79,BH,Helth,15477.969999999996
2023-03-30,114.25,68.44,182.69,45.82,37.21,BH,Helth,15523.789999999995
2023-03-31,241.11,164.35,405.45,76.76,39.02,BH,Helth,15600.549999999996
2023-04-03,184.56,138.41,322.98,46.15,41.52,BH,Helth,15646.699999999995
2023-04-04,166.18,64.65,230.83,101.53,35.87,BH,Helth,15748.229999999996
2023-04-05,216.08,191.54,407.62,24.54,34.96,BH,Helth,15772.769999999997
2023-04-07,55.66,53.29,108.94,2.37,28.8,BH,Helth,15775.139999999998
2023-04-10,352.26,223.77,576.03,128.49,47.99,BH,Helth,15903.629999999997
2023-04-11,335.22,246.5,581.71,88.72,36.14,BH,Helth,15992.349999999997
2023-04-12,341.38,138.97,480.35,202.41,39.74,BH,Helth,16194.759999999997
2023-04-17,178.6,101.56,280.16,77.04,43.58,BH,Helth,16271.799999999997
2023-04-18,328.86,194.02,522.88,134.84,35.34,BH,Helth,16406.639999999996
2023-04-19,233.87,313.39,547.26,-79.51,34.12,BH,Helth,16327.129999999996
2023-04-20,275.93,169.57,445.5,106.35,47.43,BH,Helth,16433.479999999996
2023-04-21,216.02,188.4,404.43,27.62,35.78,BH,Helth,16461.099999999995
2023-04-24,205.93,136.38,342.3,69.55,41.06,BH,Helth,16530.649999999994
2023-04-25,348.17,267.09,615.26,81.09,35.66,BH,Helth,16611.739999999994
2023-04-26,129.3,146.61,275.91,-17.31,34.65,BH,Helth,16594.429999999993
2023-04-27,189.12,114.98,304.1,74.13,39.58,BH,Helth,16668.559999999994
2023-04-28,326.49,392.14,718.63,-65.65,47.23,BH,Helth,16602.909999999993
2023-05-02,93.19,142.07,235.26,-48.88,40.51,BH,Helth,16554.02999999999
2023-05-03,157.11,191.59,348.7,-34.49,36.32,BH,Helth,16519.53999999999
2023-05-08,292.24,433.66,725.9,-141.42,32.77,BH,Helth,16378.11999999999
2023-05-09,148.25,317.71,465.95,-169.46,33.13,BH,Helth,16208.65999999999
2023-05-10,133.26,188.57,321.82,-55.31,37.58,BH,Helth,16153.349999999991
2023-05-11,244.63,210.9,455.53,33.73,36.78,BH,Helth,16187.07999999999
2023-05-12,238.53,173.6,412.14,64.93,35.51,BH,Helth,16252.009999999991
2023-05-15,211.91,216.41,428.32,-4.5,41.72,BH,Helth,16247.509999999991
2023-05-16,181.51,187.05,368.56,-5.54,44.55,BH,Helth,16241.96999999999
2023-05-17,178.52,99.52,278.03,79.0,35.2,BH,Helth,16320.96999999999
2023-05-18,248.12,248.81,496.93,-0.69,42.42,BH,Helth,16320.27999999999
2023-05-19,193.02,145.33,338.34,47.69,34.79,BH,Helth,16367.96999999999
2023-05-22,295.7,244.41,540.1,51.29,42.24,BH,Helth,16419.25999999999
2023-05-23,182.05,165.25,347.31,16.8,40.41,BH,Helth,16436.05999999999
2023-05-24,130.2,107.0,237.2,23.2,41.87,BH,Helth,16459.25999999999
2023-05-25,212.37,303.68,516.04,-91.31,54.87,BH,Helth,16367.949999999992
2023-05-26,38.6,136.13,174.73,-97.54,44.71,BH,Helth,16270.40999999999
2023-05-29,331.21,192.33,523.54,138.88,41.76,BH,Helth,16409.28999999999
2023-05-30,383.38,288.82,672.2,94.56,34.67,BH,Helth,16503.84999999999
2023-05-31,722.44,739.65,1462.09,-17.2,56.1,BH,Helth,16486.64999999999
2023-06-01,187.77,249.28,437.05,-61.51,44.52,BH,Helth,16425.139999999992
2023-06-02,287.07,415.74,702.81,-128.67,49.85,BH,Helth,16296.469999999992
2023-06-06,147.02,191.74,338.76,-44.72,44.4,BH,Helth,16251.749999999993
2023-06-07,397.8,343.05,740.85,54.75,58.87,BH,Helth,16306.499999999993
2023-06-08,300.8,190.72,491.52,110.08,45.43,BH,Helth,16416.579999999994
2023-06-09,216.66,238.29,454.95,-21.63,45.65,BH,Helth,16394.949999999993
2023-06-12,79.15,141.33,220.48,-62.18,39.24,BH,Helth,16332.769999999993
2023-06-13,86.98,155.46,242.44,-68.49,28.72,BH,Helth,16264.279999999993
2023-06-14,90.05,99.36,189.41,-9.31,34.55,BH,Helth,16254.969999999994
2023-06-15,97.16,129.67,226.82,-32.51,35.5,BH,Helth,16222.459999999994
2023-06-16,342.32,366.85,709.18,-24.53,41.55,BH,Helth,16197.929999999993
2023-06-19,80.17,78.22,158.38,1.95,39.49,BH,Helth,16199.879999999994
2023-06-20,148.31,118.71,267.02,29.61,48.36,BH,Helth,16229.489999999994
2023-06-21,88.06,145.36,233.42,-57.3,32.07,BH,Helth,16172.189999999995
2023-06-22,105.04,184.46,289.51,-79.42,28.58,BH,Helth,16092.769999999995
2023-06-23,149.36,165.9,315.26,-16.54,44.83,BH,Helth,16076.229999999994
2023-06-26,102.28,111.62,213.9,-9.34,36.09,BH,Helth,16066.889999999994
2023-06-27,52.09,167.12,219.21,-115.03,38.03,BH,Helth,15951.859999999993
2023-06-28,112.79,177.56,290.34,-64.77,37.79,BH,Helth,15887.089999999993
2023-06-29,146.21,204.06,350.27,-57.85,31.27,BH,Helth,15829.239999999993
2023-06-30,155.27,222.41,377.67,-67.14,37.38,BH,Helth,15762.099999999993
2023-07-03,53.31,84.55,137.86,-31.23,41.83,BH,Helth,15730.869999999994
2023-07-04,67.93,99.51,167.45,-31.58,20.51,BH,Helth,15699.289999999994
2023-07-05,28.07,88.57,116.63,-60.5,31.82,BH,Helth,15638.789999999994
2023-07-06,83.8,259.37,343.17,-175.58,38.22,BH,Helth,15463.209999999994
2023-07-07,86.16,110.87,197.03,-24.71,35.13,BH,Helth,15438.499999999995
2023-07-10,188.39,212.21,400.6,-23.82,50.65,BH,Helth,15414.679999999995
2023-07-11,246.75,239.77,486.52,6.97,28.17,BH,Helth,15421.649999999994
2023-07-12,125.96,205.14,331.1,-79.18,35.74,BH,Helth,15342.469999999994
2023-07-13,104.26,159.43,263.69,-55.16,32.4,BH,Helth,15287.309999999994
2023-07-14,129.1,218.06,347.16,-88.96,43.75,BH,Helth,15198.349999999995
2023-07-17,113.39,226.55,339.95,-113.16,39.7,BH,Helth,15085.189999999995
2023-07-18,126.29,193.14,319.43,-66.85,42.49,BH,Helth,15018.339999999995
2023-07-19,111.31,220.86,332.17,-109.55,38.24,BH,Helth,14908.789999999995
2023-07-20,116.54,119.15,235.69,-2.6,26.02,BH,Helth,14906.189999999995
2023-07-21,175.54,85.51,261.06,90.03,36.39,BH,Helth,14996.219999999996
2023-07-24,106.66,101.32,207.98,5.34,32.59,BH,Helth,15001.559999999996
2023-07-25,140.29,179.59,319.89,-39.3,28.73,BH,Helth,14962.259999999997
2023-07-26,92.18,82.83,175.01,9.36,29.29,BH,Helth,14971.619999999997
2023-07-27,202.93,158.33,361.26,44.6,38.77,BH,Helth,15016.219999999998
2023-07-31,170.24,279.92,450.16,-109.68,39.29,BH,Helth,14906.539999999997
2023-08-02,137.6,263.35,400.94,-125.75,29.22,BH,Helth,14780.789999999997
2023-08-03,296.51,394.0,690.5,-97.49,35.84,BH,Helth,14683.299999999997
2023-08-04,372.62,447.92,820.54,-75.3,32.94,BH,Helth,14607.999999999998
2023-08-07,134.36,312.26,446.62,-177.91,34.04,BH,Helth,14430.089999999998
2023-08-08,288.36,230.93,519.29,57.43,37.92,BH,Helth,14487.519999999999
2023-08-09,237.48,218.9,456.38,18.59,26.28,BH,Helth,14506.109999999999
2023-08-10,938.4,521.3,1459.71,417.1,24.83,BH,Helth,14923.21
2023-08-11,930.59,569.11,1499.7,361.48,45.13,BH,Helth,15284.689999999999
2023-08-15,157.87,212.63,370.5,-54.76,21.34,BH,Helth,15229.929999999998
2023-08-16,287.96,180.67,468.63,107.29,40.66,BH,Helth,15337.22
2023-08-17,685.92,498.02,1183.94,187.9,31.64,BH,Helth,15525.119999999999
2023-08-18,739.33,307.52,1046.85,431.82,43.82,BH,Helth,15956.939999999999
2023-08-21,257.68,221.55,479.23,36.13,30.45,BH,Helth,15993.069999999998
2023-08-22,367.92,288.23,656.15,79.68,47.11,BH,Helth,16072.749999999998
2023-08-23,515.51,464.81,980.31,50.7,41.45,BH,Helth,16123.449999999999
2023-08-24,424.42,288.79,713.2,135.63,44.9,BH,Helth,16259.079999999998
2023-08-25,176.45,171.94,348.39,4.51,40.54,BH,Helth,16263.589999999998
2023-08-28,156.54,202.26,358.8,-45.72,42.85,BH,Helth,16217.869999999999
2023-08-29,228.59,211.96,440.55,16.64,45.06,BH,Helth,16234.509999999998
2023-08-30,183.08,96.81,279.89,86.27,32.43,BH,Helth,16320.779999999999
2023-08-31,375.95,337.33,713.28,38.62,49.43,BH,Helth,16359.4
2023-09-01,93.01,184.92,277.93,-91.91,38.35,BH,Helth,16267.49
2023-09-04,69.87,66.82,136.68,3.05,38.36,BH,Helth,16270.539999999999
2023-09-05,85.02,77.13,162.15,7.89,37.03,BH,Helth,16278.429999999998
2023-09-06,123.02,95.02,218.04,27.99,34.93,BH,Helth,16306.419999999998
2023-09-07,124.57,135.99,260.56,-11.42,37.33,BH,Helth,16294.999999999998
2023-09-08,81.18,223.48,304.67,-142.3,38.49,BH,Helth,16152.699999999999
2023-09-11,357.07,398.87,755.95,-41.8,24.93,BH,Helth,16110.9
2023-09-12,469.85,280.51,750.35,189.34,30.15,BH,Helth,16300.24
2023-09-13,481.25,261.7,742.95,219.54,35.85,BH,Helth,16519.78
2023-09-14,111.87,56.44,168.31,55.43,27.66,BH,Helth,16575.21
2023-09-15,484.03,375.75,859.77,108.28,58.75,BH,Helth,16683.489999999998
2023-09-18,107.19,129.56,236.75,-22.37,32.54,BH,Helth,16661.12
2023-09-19,90.88,195.38,286.26,-104.5,34.74,BH,Helth,16556.62
2023-09-20,163.84,138.3,302.14,25.54,24.85,BH,Helth,16582.16
2023-09-21,74.26,146.46,220.73,-72.2,33.89,BH,Helth,16509.96
2023-09-22,160.97,335.6,496.57,-174.63,23.61,BH,Helth,16335.33
2023-09-25,96.15,202.96,299.11,-106.81,30.05,BH,Helth,16228.52
2023-09-26,268.49,186.16,454.65,82.34,27.81,BH,Helth,16310.86
2023-09-27,137.59,197.8,335.39,-60.2,24.86,BH,Helth,16250.66
2023-09-28,104.37,244.35,348.73,-139.98,26.16,BH,Helth,16110.68
2023-09-29,305.88,406.54,712.42,-100.65,31.21,BH,Helth,16010.03
2023-10-02,144.14,102.92,247.06,41.21,35.15,BH,Helth,16051.24
2023-10-03,265.43,258.41,523.84,7.02,33.08,BH,Helth,16058.26
2023-10-04,116.83,127.39,244.22,-10.57,37.64,BH,Helth,16047.69
2023-10-05,197.17,195.72,392.89,1.46,47.87,BH,Helth,16049.15
2023-10-06,226.38,210.37,436.74,16.01,41.25,BH,Helth,16065.16
2023-10-09,281.04,194.85,475.9,86.19,31.18,BH,Helth,16151.35
2023-10-10,235.24,289.51,524.75,-54.26,54.51,BH,Helth,16097.09
2023-10-11,357.8,267.56,625.35,90.24,38.11,BH,Helth,16187.33
2023-10-12,141.2,202.4,343.6,-61.2,31.52,BH,Helth,16126.13
2023-10-16,204.1,234.31,438.41,-30.21,37.12,BH,Helth,16095.92
2023-10-17,103.48,139.55,243.03,-36.07,36.01,BH,Helth,16059.85
2023-10-18,149.35,161.97,311.32,-12.61,39.69,BH,Helth,16047.24
2023-10-19,65.9,108.08,173.99,-42.18,39.31,BH,Helth,16005.06
2023-10-20,96.31,189.76,286.07,-93.45,46.89,BH,Helth,15911.609999999999
2023-10-24,138.34,191.76,330.1,-53.42,40.67,BH,Helth,15858.189999999999
2023-10-25,94.36,128.05,222.42,-33.69,42.81,BH,Helth,15824.499999999998
2023-10-26,155.81,317.52,473.33,-161.71,33.49,BH,Helth,15662.789999999999
2023-10-27,354.3,383.16,737.46,-28.86,53.61,BH,Helth,15633.929999999998
2023-10-30,219.66,154.3,373.95,65.36,51.05,BH,Helth,15699.289999999999
2023-10-31,290.49,187.38,477.87,103.11,39.77,BH,Helth,15802.4
2023-11-01,212.12,226.81,438.94,-14.69,39.62,BH,Helth,15787.71
2023-11-02,157.7,330.39,488.09,-172.69,26.83,BH,Helth,15615.019999999999
2023-11-03,79.34,173.99,253.33,-94.66,26.58,BH,Helth,15520.359999999999
2023-11-06,373.67,514.78,888.44,-141.11,34.06,BH,Helth,15379.249999999998
2023-11-07,421.31,265.09,686.4,156.22,42.54,BH,Helth,15535.469999999998
2023-11-08,133.99,172.16,306.15,-38.18,34.27,BH,Helth,15497.289999999997
2023-11-09,478.89,724.37,1203.27,-245.48,18.51,BH,Helth,15251.809999999998
2023-11-10,343.17,295.22,638.39,47.94,29.26,BH,Helth,15299.749999999998
2023-11-13,145.78,154.32,300.1,-8.54,25.73,BH,Helth,15291.209999999997
2023-11-14,164.54,306.96,471.5,-142.42,28.66,BH,Helth,15148.789999999997
2023-11-15,322.45,381.77,704.22,-59.33,35.96,BH,Helth,15089.459999999997
2023-11-16,237.51,423.98,661.5,-186.47,30.06,BH,Helth,14902.989999999998
2023-11-17,289.17,150.22,439.39,138.94,25.64,BH,Helth,15041.929999999998
2023-11-20,211.08,406.66,617.74,-195.58,32.02,BH,Helth,14846.349999999999
2023-11-21,183.44,323.61,507.05,-140.17,46.2,BH,Helth,14706.179999999998
2023-11-22,211.76,304.66,516.41,-92.9,32.94,BH,Helth,14613.279999999999
2023-11-23,104.89,88.36,193.25,16.53,26.41,BH,Helth,14629.81
2023-11-24,232.48,160.39,392.87,72.09,30.19,BH,Helth,14701.9
2023-11-27,165.38,327.82,493.2,-162.44,32.2,BH,Helth,14539.46
2023-11-28,193.93,174.0,367.93,19.92,36.97,BH,Helth,14559.38
2023-11-29,129.36,102.02,231.38,27.34,28.68,BH,Helth,14586.72
2023-11-30,421.31,637.94,1059.25,-216.63,36.05,BH,Helth,14370.09
2023-12-01,77.94,242.52,320.47,-164.58,32.38,BH,Helth,14205.51
2023-12-04,80.86,155.69,236.55,-74.83,34.14,BH,Helth,14130.68
2023-12-06,228.57,379.66,608.24,-151.09,29.99,BH,Helth,13979.59
2023-12-07,132.8,121.91,254.71,10.89,32.84,BH,Helth,13990.48
2023-12-08,145.13,196.18,341.31,-51.05,38.78,BH,Helth,13939.43
2023-12-12,65.46,133.57,199.03,-68.11,37.59,BH,Helth,13871.32
2023-12-13,124.74,131.54,256.28,-6.81,29.39,BH,Helth,13864.51
2023-12-14,183.04,169.39,352.43,13.65,30.5,BH,Helth,13878.16
2023-12-15,447.07,539.76,986.83,-92.69,46.21,BH,Helth,13785.47
2023-12-18,128.75,125.43,254.18,3.32,30.78,BH,Helth,13788.789999999999
2023-12-19,90.2,169.1,259.29,-78.9,35.16,BH,Helth,13709.89
2023-12-20,105.05,176.15,281.2,-71.1,25.68,BH,Helth,13638.789999999999
2023-12-21,117.8,110.7,228.5,7.09,36.72,BH,Helth,13645.88
2023-12-22,122.72,352.88,475.6,-230.16,48.41,BH,Helth,13415.72
2023-12-25,33.42,16.35,49.77,17.07,25.71,BH,Helth,13432.789999999999
2023-12-26,191.38,129.13,320.52,62.25,21.36,BH,Helth,13495.039999999999
2023-12-27,37.41,133.35,170.76,-95.94,32.41,BH,Helth,13399.099999999999
2023-12-28,83.14,121.28,204.42,-38.15,18.83,BH,Helth,13360.949999999999
2024-01-02,66.0,59.78,125.79,6.22,33.43,BH,Helth,13367.169999999998
2024-01-03,92.58,139.61,232.19,-47.03,20.88,BH,Helth,13320.139999999998
2024-01-04,207.15,305.22,512.37,-98.06,31.02,BH,Helth,13222.079999999998
2024-01-05,211.45,339.61,551.06,-128.16,27.59,BH,Helth,13093.919999999998
2024-01-08,113.3,151.98,265.28,-38.67,26.28,BH,Helth,13055.249999999998
2024-01-09,104.67,240.22,344.9,-135.55,26.13,BH,Helth,12919.699999999999
2024-01-10,419.85,535.67,955.52,-115.81,28.19,BH,Helth,12803.89
2024-01-11,99.26,138.26,237.52,-38.99,19.47,BH,Helth,12764.9
2024-01-12,143.98,143.47,287.45,0.51,28.51,BH,Helth,12765.41
2024-01-15,124.33,87.07,211.4,37.27,22.1,BH,Helth,12802.68
2024-01-16,143.51,108.14,251.64,35.37,32.6,BH,Helth,12838.050000000001
2024-01-17,306.42,360.05,666.47,-53.63,26.55,BH,Helth,12784.420000000002
2024-01-18,224.52,280.54,505.06,-56.02,33.02,BH,Helth,12728.400000000001
2024-01-19,319.24,165.91,485.15,153.33,31.34,BH,Helth,12881.730000000001
2024-01-22,131.75,222.91,354.67,-91.16,29.14,BH,Helth,12790.570000000002
2024-01-23,118.48,126.45,244.93,-7.97,35.37,BH,Helth,12782.600000000002
2024-01-24,198.09,162.11,360.2,35.98,37.93,BH,Helth,12818.580000000002
2024-01-25,124.11,137.79,261.9,-13.68,40.55,BH,Helth,12804.900000000001
2024-01-26,142.78,191.68,334.46,-48.9,35.38,BH,Helth,12756.000000000002
2024-01-29,220.18,133.23,353.41,86.96,35.34,BH,Helth,12842.960000000001
2024-01-30,141.61,133.12,274.73,8.49,34.11,BH,Helth,12851.45
2024-01-31,255.74,264.84,520.57,-9.1,21.76,BH,Helth,12842.35
2024-02-01,163.39,132.6,295.99,30.79,27.06,BH,Helth,12873.140000000001
2024-02-02,90.26,98.26,188.52,-8.0,27.24,BH,Helth,12865.140000000001
2024-02-05,97.17,104.08,201.25,-6.91,32.51,BH,Helth,12858.230000000001
2024-02-06,161.62,110.81,272.43,50.81,35.86,BH,Helth,12909.04
2024-02-07,77.19,178.02,255.21,-100.83,36.28,BH,Helth,12808.210000000001
2024-02-08,107.53,106.59,214.12,0.94,24.42,BH,Helth,12809.150000000001
2024-02-09,184.52,128.04,312.56,56.47,19.45,BH,Helth,12865.62
2024-02-12,72.79,85.06,157.86,-12.27,24.19,BH,Helth,12853.35
2024-02-13,52.53,48.13,100.67,4.4,36.56,BH,Helth,12857.75
2024-02-14,131.21,79.41,210.62,51.8,36.97,BH,Helth,12909.55
2024-02-15,124.56,132.27,256.83,-7.72,35.15,BH,Helth,12901.83
2024-02-16,97.85,109.63,207.49,-11.78,31.95,BH,Helth,12890.05
2024-02-19,39.58,52.03,91.6,-12.45,29.38,BH,Helth,12877.599999999999
2024-02-20,268.67,139.21,407.88,129.47,42.62,BH,Helth,13007.069999999998
2024-02-21,295.12,157.15,452.27,137.97,32.76,BH,Helth,13145.039999999997
2024-02-22,423.89,265.04,688.93,158.84,25.9,BH,Helth,13303.879999999997
2024-02-23,65.91,202.84,268.74,-136.93,29.16,BH,Helth,13166.949999999997
2024-02-27,173.49,162.32,335.82,11.17,28.02,BH,Helth,13178.119999999997
2024-02-28,173.37,389.27,562.64,-215.89,23.55,BH,Helth,12962.229999999998
2024-02-29,294.81,316.12,610.93,-21.31,30.6,BH,Helth,12940.919999999998
2024-03-01,171.19,168.27,339.45,2.92,27.02,BH,Helth,12943.839999999998
2024-03-04,313.68,235.83,549.51,77.85,30.5,BH,Helth,13021.689999999999
2024-03-05,58.43,147.86,206.3,-89.43,24.53,BH,Helth,12932.259999999998
2024-03-06,168.82,130.21,299.03,38.6,16.27,BH,Helth,12970.859999999999
2024-03-07,116.06,159.83,275.9,-43.77,26.46,BH,Helth,12927.089999999998
2024-03-08,70.43,103.22,173.66,-32.79,22.36,BH,Helth,12894.299999999997
2024-03-11,55.8,110.29,166.09,-54.49,30.71,BH,Helth,12839.809999999998
2024-03-12,124.25,113.14,237.39,11.11,38.17,BH,Helth,12850.919999999998
2024-03-13,88.91,107.58,196.49,-18.67,26.98,BH,Helth,12832.249999999998
2024-03-14,115.2,163.01,278.21,-47.81,18.76,BH,Helth,12784.439999999999
2024-03-15,301.07,380.06,681.13,-79.0,41.35,BH,Helth,12705.439999999999
2024-03-18,136.42,289.25,425.67,-152.82,38.52,BH,Helth,12552.619999999999
2024-03-19,218.62,248.65,467.28,-30.03,27.66,BH,Helth,12522.589999999998
2024-03-20,164.24,110.56,274.8,53.68,17.14,BH,Helth,12576.269999999999
2024-03-21,176.62,255.41,432.03,-78.79,26.88,BH,Helth,12497.479999999998
2024-03-22,120.83,197.71,318.54,-76.88,27.71,BH,Helth,12420.599999999999
2024-03-25,427.01,401.3,828.32,25.71,32.91,BH,Helth,12446.309999999998
2024-03-26,139.89,113.84,253.72,26.05,19.89,BH,Helth,12472.359999999997
2024-03-27,96.75,86.23,182.98,10.51,15.97,BH,Helth,12482.869999999997
2024-03-28,71.42,94.37,165.79,-22.96,20.37,BH,Helth,12459.909999999998
2024-03-29,102.46,64.6,167.06,37.86,32.81,BH,Helth,12497.769999999999
2024-04-01,53.21,81.33,134.54,-28.12,29.33,BH,Helth,12469.649999999998
2024-04-02,23.48,53.53,77.01,-30.05,24.71,BH,Helth,12439.599999999999
2024-04-03,136.37,172.1,308.47,-35.73,31.14,BH,Helth,12403.869999999999
2024-04-04,77.48,150.79,228.28,-73.31,22.69,BH,Helth,12330.56
2024-04-05,245.94,285.97,531.91,-40.02,27.99,BH,Helth,12290.539999999999
2024-04-09,228.47,305.85,534.32,-77.38,32.14,BH,Helth,12213.16
2024-04-10,143.03,98.21,241.24,44.82,24.85,BH,Helth,12257.98
2024-04-11,108.88,133.81,242.69,-24.93,29.32,BH,Helth,12233.05
2024-04-17,94.87,117.34,212.21,-22.47,25.8,BH,Helth,12210.58
2024-04-18,210.14,237.92,448.06,-27.77,36.65,BH,Helth,12182.81
2024-04-19,101.7,220.35,322.04,-118.65,27.85,BH,Helth,12064.16
2024-04-22,91.71,80.06,171.77,11.66,24.68,BH,Helth,12075.82
2024-04-23,233.81,126.94,360.74,106.87,27.32,BH,Helth,12182.69
2024-04-24,190.62,103.22,293.85,87.4,35.33,BH,Helth,12270.09
2024-04-25,2548.09,826.39,3374.48,1721.7,33.14,BH,Helth,13991.79
2024-04-26,261.54,208.95,470.49,52.59,23.68,BH,Helth,14044.380000000001
2024-04-29,330.03,185.05,515.08,144.98,31.01,BH,Helth,14189.36
2024-04-30,232.99,147.46,380.45,85.53,32.16,BH,Helth,14274.890000000001
2024-05-02,140.08,161.75,301.83,-21.67,18.26,BH,Helth,14253.220000000001
2024-05-03,294.52,236.33,530.85,58.2,26.09,BH,Helth,14311.420000000002
2024-05-07,158.99,230.81,389.79,-71.82,27.4,BH,Helth,14239.600000000002
2024-05-08,259.74,265.18,524.92,-5.45,59.2,BH,Helth,14234.150000000001
2024-05-09,106.48,102.48,208.96,3.99,38.7,BH,Helth,14238.140000000001
2024-05-10,112.52,231.85,344.38,-119.33,25.24,BH,Helth,14118.810000000001
2024-05-13,98.96,257.59,356.55,-158.62,22.63,BH,Helth,13960.19
2024-05-14,116.31,148.47,264.78,-32.16,31.13,BH,Helth,13928.03
2024-05-15,182.33,105.34,287.68,76.99,33.76,BH,Helth,14005.02
2024-05-16,263.71,243.71,507.41,20.0,33.22,BH,Helth,14025.02
2024-05-17,238.45,306.82,545.27,-68.37,40.36,BH,Helth,13956.65
2024-05-20,144.89,151.64,296.52,-6.75,37.41,BH,Helth,13949.9
2024-05-21,102.26,112.19,214.45,-9.92,31.51,BH,Helth,13939.98
2024-05-23,133.61,229.16,362.77,-95.54,40.14,BH,Helth,13844.439999999999
2024-05-24,66.22,76.36,142.58,-10.14,31.83,BH,Helth,13834.3
2024-05-27,51.38,55.74,107.13,-4.36,39.17,BH,Helth,13829.939999999999
2024-05-28,67.68,125.67,193.35,-57.99,36.68,BH,Helth,13771.949999999999
2024-05-29,138.62,153.99,292.62,-15.37,30.18,BH,Helth,13756.579999999998
2024-05-30,118.07,138.21,256.28,-20.14,23.38,BH,Helth,13736.439999999999
2024-05-31,420.33,295.59,715.93,124.74,45.0,BH,Helth,13861.179999999998
2024-06-04,129.12,75.06,204.18,54.06,30.36,BH,Helth,13915.239999999998
2024-06-05,170.86,168.73,339.58,2.13,50.04,BH,Helth,13917.369999999997
2024-06-06,139.6,204.04,343.64,-64.45,37.9,BH,Helth,13852.919999999996
2024-06-07,77.95,119.45,197.4,-41.5,36.37,BH,Helth,13811.419999999996
2024-06-10,97.99,137.57,235.56,-39.58,23.15,BH,Helth,13771.839999999997
2024-06-11,117.6,190.66,308.26,-73.06,27.21,BH,Helth,13698.779999999997
2024-06-12,152.16,175.68,327.84,-23.52,27.04,BH,Helth,13675.259999999997
2024-06-13,80.47,171.09,251.56,-90.61,37.71,BH,Helth,13584.649999999996
2024-06-14,109.67,125.28,234.95,-15.61,36.6,BH,Helth,13569.039999999995
2024-06-17,84.58,84.6,169.18,-0.03,43.82,BH,Helth,13569.009999999995
2024-06-18,116.67,192.51,309.18,-75.85,35.3,BH,Helth,13493.159999999994
2024-06-19,251.05,210.88,461.93,40.17,26.49,BH,Helth,13533.329999999994
2024-06-20,185.19,187.54,372.73,-2.35,47.71,BH,Helth,13530.979999999994
2024-06-21,374.54,436.39,810.93,-61.86,42.73,BH,Helth,13469.119999999994
2024-06-24,154.87,259.11,413.98,-104.23,28.04,BH,Helth,13364.889999999994
2024-06-25,109.39,167.6,276.99,-58.2,36.13,BH,Helth,13306.689999999993
2024-06-26,161.81,197.39,359.2,-35.58,26.28,BH,Helth,13271.109999999993
2024-06-27,575.03,213.61,788.64,361.42,37.54,BH,Helth,13632.529999999993
2024-06-28,303.19,162.18,465.37,141.02,39.95,BH,Helth,13773.549999999994
2024-07-01,164.86,159.6,324.47,5.26,30.8,BH,Helth,13778.809999999994
2024-07-02,143.9,81.78,225.68,62.12,30.84,BH,Helth,13840.929999999995
2024-07-03,138.59,170.35,308.94,-31.77,37.04,BH,Helth,13809.159999999994
2024-07-04,63.62,67.91,131.53,-4.29,15.61,BH,Helth,13804.869999999994
2024-07-05,263.97,84.64,348.61,179.33,45.95,BH,Helth,13984.199999999993
2024-07-08,142.77,126.34,269.11,16.44,32.77,BH,Helth,14000.639999999994
2024-07-09,62.36,114.56,176.92,-52.2,27.5,BH,Helth,13948.439999999993
2024-07-10,127.03,88.77,215.8,38.27,29.75,BH,Helth,13986.709999999994
2024-07-11,96.93,159.81,256.74,-62.88,25.73,BH,Helth,13923.829999999994
2024-07-12,208.74,83.22,291.96,125.52,31.78,BH,Helth,14049.349999999995
2024-07-15,284.7,98.11,382.81,186.58,35.26,BH,Helth,14235.929999999995
2024-07-16,176.51,189.36,365.87,-12.84,28.81,BH,Helth,14223.089999999995
2024-07-17,75.54,52.85,128.39,22.7,26.85,BH,Helth,14245.789999999995
2024-07-18,250.19,123.42,373.61,126.77,20.94,BH,Helth,14372.559999999996
2024-07-19,121.3,111.72,233.01,9.58,24.9,BH,Helth,14382.139999999996
2024-07-23,125.72,180.57,306.29,-54.85,36.88,BH,Helth,14327.289999999995
2024-07-24,46.12,122.87,168.99,-76.75,25.19,BH,Helth,14250.539999999995
2024-07-25,121.23,308.14,429.36,-186.91,27.2,BH,Helth,14063.629999999996
2024-07-26,142.72,110.02,252.74,32.71,22.65,BH,Helth,14096.339999999995
2024-07-30,65.26,252.5,317.75,-187.24,36.81,BH,Helth,13909.099999999995
2024-07-31,87.61,166.94,254.55,-79.33,25.51,BH,Helth,13829.769999999995
2024-08-01,64.5,165.62,230.12,-101.12,28.84,BH,Helth,13728.649999999994
2024-08-02,59.74,109.59,169.33,-49.84,33.09,BH,Helth,13678.809999999994
2024-08-05,97.21,188.54,285.75,-91.32,29.35,BH,Helth,13587.489999999994
2024-08-06,174.86,150.74,325.6,24.11,35.96,BH,Helth,13611.599999999995
2024-08-07,790.11,264.63,1054.74,525.48,32.84,BH,Helth,14137.079999999994
2024-08-08,474.73,799.7,1274.43,-324.97,32.2,BH,Helth,13812.109999999995
2024-08-09,285.05,113.6,398.65,171.45,30.31,BH,Helth,13983.559999999996
2024-08-13,223.49,464.7,688.19,-241.21,31.34,BH,Helth,13742.349999999997
2024-08-14,152.96,342.37,495.33,-189.4,41.34,BH,Helth,13552.949999999997
2024-08-15,146.11,288.31,434.42,-142.2,25.93,BH,Helth,13410.749999999996
2024-08-16,65.0,186.08,251.08,-121.07,29.13,BH,Helth,13289.679999999997
2024-08-19,80.63,241.48,322.11,-160.85,38.02,BH,Helth,13128.829999999996
2024-08-20,172.43,150.51,322.94,21.93,42.36,BH,Helth,13150.759999999997
2024-08-21,152.83,125.88,278.71,26.95,24.82,BH,Helth,13177.709999999997
2024-08-22,244.86,166.11,410.98,78.75,23.46,BH,Helth,13256.459999999997
2024-08-23,91.38,151.09,242.47,-59.71,22.61,BH,Helth,13196.749999999998
2024-08-26,120.51,122.87,243.38,-2.36,28.89,BH,Helth,13194.389999999998
2024-08-27,87.64,182.7,270.34,-95.05,23.08,BH,Helth,13099.339999999998
2024-08-28,164.03,108.16,272.19,55.86,27.81,BH,Helth,13155.199999999999
2024-08-29,171.47,91.99,263.46,79.48,23.3,BH,Helth,13234.679999999998
2024-08-30,933.37,576.89,1510.26,356.47,67.65,BH,Helth,13591.149999999998
2024-09-02,117.91,145.77,263.69,-27.86,46.69,BH,Helth,13563.289999999997
2024-09-03,89.65,119.24,208.9,-29.59,23.81,BH,Helth,13533.699999999997
2024-09-04,690.94,137.83,828.77,553.11,34.77,BH,Helth,14086.809999999998
2024-09-05,489.2,440.66,929.86,48.55,23.01,BH,Helth,14135.359999999997
2024-09-06,545.84,889.77,1435.6,-343.93,36.57,BH,Helth,13791.429999999997
2024-09-09,1759.9,427.66,2187.55,1332.24,38.3,BH,Helth,15123.669999999996
2024-09-10,449.43,236.34,685.77,213.08,39.08,BH,Helth,15336.749999999996
2024-09-11,1334.02,691.69,2025.71,642.33,12.69,BH,Helth,15979.079999999996
2024-09-12,618.63,394.45,1013.08,224.17,39.9,BH,Helth,16203.249999999996
2024-09-13,368.1,434.11,802.21,-66.01,22.09,BH,Helth,16137.239999999996
2024-09-16,203.12,85.78,288.9,117.34,21.19,BH,Helth,16254.579999999996
2024-09-17,142.91,116.41,259.33,26.5,36.09,BH,Helth,16281.079999999996
2024-09-18,249.43,131.13,380.56,118.31,29.37,BH,Helth,16399.389999999996
2024-09-19,197.5,156.51,354.01,40.98,24.44,BH,Helth,16440.369999999995
2024-09-20,341.92,262.62,604.54,79.3,39.81,BH,Helth,16519.669999999995
2024-09-23,284.18,135.78,419.96,148.39,26.96,BH,Helth,16668.059999999994
2024-09-24,218.32,218.45,436.76,-0.13,31.14,BH,Helth,16667.929999999993
2024-09-25,208.97,181.89,390.86,27.08,35.93,BH,Helth,16695.009999999995
2024-09-26,163.4,111.09,274.5,52.31,29.79,BH,Helth,16747.319999999996
2024-09-27,142.09,152.35,294.44,-10.26,31.23,BH,Helth,16737.059999999998
2024-09-30,200.01,219.78,419.79,-19.77,38.25,BH,Helth,16717.289999999997
2024-10-01,138.97,98.3,237.27,40.67,24.79,BH,Helth,16757.959999999995
2024-10-02,223.97,416.95,640.93,-192.98,36.17,BH,Helth,16564.979999999996
2024-10-03,261.81,318.85,580.66,-57.04,24.35,BH,Helth,16507.939999999995
2024-10-04,207.72,330.13,537.85,-122.4,26.66,BH,Helth,16385.539999999994
2024-10-07,213.98,196.03,410.02,17.95,31.86,BH,Helth,16403.489999999994
2024-10-08,115.4,234.15,349.55,-118.75,27.68,BH,Helth,16284.739999999994
2024-10-09,338.57,126.97,465.54,211.59,31.4,BH,Helth,16496.329999999994
2024-10-10,122.06,121.61,243.67,0.45,39.3,BH,Helth,16496.779999999995
2024-10-11,374.3,189.06,563.36,185.24,36.5,BH,Helth,16682.019999999997
2024-10-15,240.68,228.82,469.5,11.86,30.89,BH,Helth,16693.879999999997
2024-10-16,280.24,223.86,504.11,56.38,30.29,BH,Helth,16750.26
2024-10-17,144.79,220.46,365.25,-75.67,26.59,BH,Helth,16674.59
2024-10-18,251.68,147.41,399.1,104.27,35.42,BH,Helth,16778.86
2024-10-21,105.38,116.19,221.57,-10.8,25.87,BH,Helth,16768.06
2024-10-22,102.04,96.53,198.57,5.51,37.71,BH,Helth,16773.57
2024-10-24,193.74,279.97,473.71,-86.22,22.65,BH,Helth,16687.35
2024-10-25,361.86,91.09,452.95,270.77,32.98,BH,Helth,16958.12
2024-10-28,81.84,106.96,188.79,-25.12,19.65,BH,Helth,16933.0
2024-10-29,130.67,133.11,263.78,-2.43,30.31,BH,Helth,16930.57
2024-10-30,108.06,122.41,230.47,-14.35,27.91,BH,Helth,16916.22
2024-10-31,123.75,96.0,219.75,27.75,35.26,BH,Helth,16943.97
2024-11-01,132.19,172.01,304.19,-39.82,28.95,BH,Helth,16904.15
2024-11-04,107.2,68.6,175.81,38.6,38.68,BH,Helth,16942.75
2024-11-05,101.44,154.22,255.67,-52.78,38.66,BH,Helth,16889.97
2024-11-06,174.63,286.42,461.04,-111.79,27.87,BH,Helth,16778.18
2024-11-07,947.01,1913.98,2860.98,-966.97,25.77,BH,Helth,15811.210000000001
2024-11-08,327.62,1017.37,1344.99,-689.75,32.36,BH,Helth,15121.460000000001
2024-11-11,309.9,542.73,852.63,-232.83,24.95,BH,Helth,14888.630000000001
2024-11-12,337.62,506.31,843.92,-168.69,28.11,BH,Helth,14719.94
2024-11-13,373.4,915.09,1288.49,-541.69,23.54,BH,Helth,14178.25
2024-11-14,375.47,795.87,1171.34,-420.39,20.79,BH,Helth,13757.86
2024-11-15,726.74,991.44,1718.18,-264.7,32.27,BH,Helth,13493.16
2024-11-18,295.96,384.84,680.8,-88.87,26.67,BH,Helth,13404.289999999999
2024-11-19,234.32,823.5,1057.82,-589.18,27.76,BH,Helth,12815.109999999999
2024-11-20,302.41,302.59,605.0,-0.18,27.63,BH,Helth,12814.929999999998
2024-11-21,189.09,334.72,523.8,-145.63,28.74,BH,Helth,12669.3
2024-11-22,136.78,208.78,345.56,-72.01,29.64,BH,Helth,12597.289999999999
2024-11-25,458.92,728.93,1187.85,-270.0,26.99,BH,Helth,12327.289999999999
2024-11-26,138.74,280.77,419.51,-142.04,21.74,BH,Helth,12185.249999999998
2024-11-27,317.12,345.84,662.96,-28.71,23.06,BH,Helth,12156.539999999999
2024-11-28,168.91,226.52,395.42,-57.61,28.35,BH,Helth,12098.929999999998
2024-11-29,196.51,391.61,588.12,-195.09,25.98,BH,Helth,11903.839999999998
2024-12-02,229.81,288.53,518.35,-58.72,34.39,BH,Helth,11845.119999999999
2024-12-03,95.81,303.27,399.07,-207.46,27.03,BH,Helth,11637.66
2024-12-04,221.8,583.35,805.15,-361.54,42.28,BH,Helth,11276.119999999999
2024-12-06,132.98,583.21,716.19,-450.23,36.1,BH,Helth,10825.89
2024-12-09,405.69,257.55,663.24,148.14,17.5,BH,Helth,10974.029999999999
2024-12-11,302.02,206.52,508.54,95.51,19.13,BH,Helth,11069.539999999999
2024-12-12,145.29,157.28,302.57,-11.98,24.13,BH,Helth,11057.56
2024-12-13,421.6,348.69,770.3,72.91,20.25,BH,Helth,11130.47
2024-12-16,429.23,269.46,698.68,159.77,29.51,BH,Helth,11290.24
2024-12-17,503.45,259.14,762.6,244.31,28.34,BH,Helth,11534.55
2024-12-18,350.15,438.32,788.46,-88.17,29.35,BH,Helth,11446.38
2024-12-19,311.17,342.08,653.25,-30.92,22.75,BH,Helth,11415.46
2024-12-20,276.16,381.3,657.46,-105.14,33.19,BH,Helth,11310.32
2024-12-23,91.73,204.91,296.64,-113.18,24.76,BH,Helth,11197.14
2024-12-24,68.16,135.27,203.43,-67.11,27.43,BH,Helth,11130.029999999999
2024-12-25,61.17,134.17,195.33,-73.0,23.49,BH,Helth,11057.029999999999
2024-12-26,46.38,44.71,91.09,1.68,23.43,BH,Helth,11058.71
2024-12-27,96.09,130.32,226.41,-34.22,30.3,BH,Helth,11024.49
2024-12-30,160.48,148.4,308.88,12.08,32.97,BH,Helth,11036.57
2025-01-02,78.95,185.4,264.35,-106.44,20.94,BH,Helth,10930.13
2025-01-03,53.01,137.4,190.41,-84.39,32.87,BH,Helth,10845.74
2025-01-06,187.39,169.57,356.95,17.82,25.94,BH,Helth,10863.56
2025-01-07,124.71,68.11,192.81,56.6,31.0,BH,Helth,10920.16
2025-01-08,226.72,296.85,523.57,-70.13,29.23,BH,Helth,10850.03
2025-01-09,181.03,128.59,309.62,52.45,23.95,BH,Helth,10902.480000000001
2025-01-10,342.64,300.0,642.64,42.64,37.24,BH,Helth,10945.12
2025-01-13,159.59,159.25,318.84,0.33,33.93,BH,Helth,10945.45
2025-01-14,158.91,146.12,305.03,12.79,33.65,BH,Helth,10958.240000000002
2025-01-15,144.72,162.74,307.46,-18.01,29.82,BH,Helth,10940.230000000001
2025-01-16,156.28,183.92,340.2,-27.64,33.05,BH,Helth,10912.590000000002
2025-01-17,165.17,129.3,294.46,35.87,36.77,BH,Helth,10948.460000000003
2025-01-20,103.27,180.74,284.01,-77.47,39.0,BH,Helth,10870.990000000003
2025-01-21,119.58,121.5,241.08,-1.92,28.93,BH,Helth,10869.070000000003
2025-01-22,285.55,335.4,620.95,-49.86,40.64,BH,Helth,10819.210000000003
2025-01-23,162.08,185.37,347.46,-23.29,32.91,BH,Helth,10795.920000000002
2025-01-24,285.41,233.18,518.59,52.23,32.9,BH,Helth,10848.150000000001
2025-01-27,402.01,393.65,795.66,8.36,19.21,BH,Helth,10856.510000000002
2025-01-28,213.48,92.9,306.38,120.59,25.9,BH,Helth,10977.100000000002
2025-01-29,210.96,163.32,374.28,47.64,24.41,BH,Helth,11024.740000000002
2025-01-30,277.86,106.57,384.43,171.29,26.34,BH,Helth,11196.030000000002
2025-01-31,209.08,312.22,521.29,-103.14,20.42,BH,Helth,11092.890000000003
2025-02-03,171.0,124.96,295.96,46.04,31.76,BH,Helth,11138.930000000004
2025-02-04,220.78,204.72,425.5,16.07,38.64,BH,Helth,11155.000000000004
2025-02-05,247.2,213.86,461.06,33.34,32.8,BH,Helth,11188.340000000004
2025-02-06,241.83,385.81,627.64,-143.97,44.1,BH,Helth,11044.370000000004
2025-02-07,165.68,128.21,293.89,37.47,29.82,BH,Helth,11081.840000000004
2025-02-10,100.78,235.3,336.07,-134.52,31.42,BH,Helth,10947.320000000003
2025-02-11,230.96,102.63,333.59,128.33,31.3,BH,Helth,11075.650000000003
2025-02-13,202.97,319.39,522.36,-116.42,40.63,BH,Helth,10959.230000000003
2025-02-14,192.46,158.72,351.18,33.74,44.63,BH,Helth,10992.970000000003
2025-02-17,331.15,337.92,669.07,-6.78,30.84,BH,Helth,10986.190000000002
2025-02-18,279.59,287.6,567.19,-8.01,38.33,BH,Helth,10978.180000000002
2025-02-19,175.79,422.73,598.52,-246.94,33.28,BH,Helth,10731.240000000002
2025-02-20,148.89,319.87,468.77,-170.98,29.2,BH,Helth,10560.260000000002
2025-02-21,113.78,238.8,352.58,-125.02,28.77,BH,Helth,10435.240000000002
2025-02-24,193.7,140.68,334.38,53.02,35.38,BH,Helth,10488.260000000002
2025-02-25,140.1,254.11,394.21,-114.01,31.71,BH,Helth,10374.250000000002
2025-02-26,230.91,171.47,402.38,59.44,32.25,BH,Helth,10433.690000000002
2025-02-27,691.74,651.43,1343.18,40.31,27.86,BH,Helth,10474.000000000002
2025-02-28,636.59,629.03,1265.61,7.56,30.72,BH,Helth,10481.560000000001
2025-03-03,191.39,231.72,423.11,-40.33,29.29,BH,Helth,10441.230000000001
2025-03-04,183.25,186.28,369.52,-3.03,33.94,BH,Helth,10438.2
2025-03-05,359.52,380.11,739.63,-20.6,29.38,BH,Helth,10417.6
2025-03-06,337.11,562.78,899.89,-225.67,27.73,BH,Helth,10191.93
2025-03-07,213.62,156.97,370.59,56.65,26.49,BH,Helth,10248.58
2025-03-10,169.04,214.92,383.97,-45.88,41.24,BH,Helth,10202.7
2025-03-11,208.03,236.07,444.09,-28.04,30.62,BH,Helth,10174.66
2025-03-12,248.43,333.01,581.44,-84.59,28.7,BH,Helth,10090.07
2025-03-13,148.81,255.38,404.19,-106.57,37.97,BH,Helth,9983.5
2025-03-14,203.55,170.53,374.08,33.02,40.7,BH,Helth,10016.52
2025-03-17,114.58,255.99,370.57,-141.42,41.42,BH,Helth,9875.1
2025-03-18,204.18,298.08,502.26,-93.89,28.06,BH,Helth,9781.210000000001
2025-03-19,83.17,262.09,345.25,-178.92,25.86,BH,Helth,9602.29
2025-03-20,68.45,237.21,305.66,-168.76,26.78,BH,Helth,9433.53
2025-03-21,187.98,243.74,431.72,-55.76,37.03,BH,Helth,9377.77
2025-03-24,59.08,76.57,135.65,-17.49,34.09,BH,Helth,9360.28
2025-03-25,100.94,153.47,254.4,-52.53,29.58,BH,Helth,9307.75
2025-03-26,54.89,186.35,241.24,-131.46,31.49,BH,Helth,9176.29
2025-03-27,125.55,127.37,252.92,-1.82,27.42,BH,Helth,9174.470000000001
2025-03-28,22.16,84.24,106.4,-62.07,19.97,BH,Helth,9112.400000000001
2025-03-31,110.86,111.38,222.24,-0.52,24.6,BH,Helth,9111.880000000001
2025-04-01,44.09,36.27,80.37,7.82,18.68,BH,Helth,9119.7
2025-04-02,105.36,62.12,167.48,43.24,18.64,BH,Helth,9162.94
2025-04-03,43.02,86.7,129.72,-43.68,29.75,BH,Helth,9119.26
2025-04-04,116.21,129.89,246.1,-13.68,30.99,BH,Helth,9105.58
2025-04-08,329.88,231.39,561.27,98.49,40.53,BH,Helth,9204.07
2025-04-09,208.11,156.18,364.28,51.93,42.21,BH,Helth,9256.0
2025-04-10,193.64,132.62,326.25,61.02,38.32,BH,Helth,9317.02
2025-04-11,102.55,98.47,201.03,4.08,36.94,BH,Helth,9321.1
2025-04-16,147.66,119.7,267.36,27.96,35.89,BH,Helth,9349.06
2025-04-17,170.34,98.82,269.16,71.52,39.43,BH,Helth,9420.58
2025-04-18,68.25,47.98,116.23,20.27,30.01,BH,Helth,9440.85
2025-04-21,76.13,87.53,163.66,-11.4,32.55,BH,Helth,9429.45
2025-04-22,92.7,202.76,295.46,-110.06,40.55,BH,Helth,9319.390000000001
2025-04-23,101.66,162.24,263.9,-60.58,23.1,BH,Helth,9258.810000000001
2025-04-24,163.93,253.13,417.06,-89.2,24.72,BH,Helth,9169.61
2025-04-25,438.54,163.72,602.26,274.82,26.84,BH,Helth,9444.43
2025-04-28,183.38,235.2,418.58,-51.82,24.27,BH,Helth,9392.61
2025-04-29,671.76,235.8,907.56,435.97,35.69,BH,Helth,9828.58
2025-04-30,571.38,258.84,830.23,312.54,28.89,BH,Helth,10141.12
2025-05-02,260.13,200.86,460.99,59.26,35.03,BH,Helth,10200.380000000001
2025-05-06,181.42,213.4,394.82,-31.98,25.4,BH,Helth,10168.400000000001
2025-05-07,239.01,152.53,391.53,86.48,29.88,BH,Helth,10254.880000000001
2025-05-08,181.03,301.5,482.53,-120.47,25.3,BH,Helth,10134.410000000002
2025-05-09,149.24,254.33,403.57,-105.09,36.07,BH,Helth,10029.320000000002
2025-05-13,265.2,135.53,400.73,129.66,30.78,BH,Helth,10158.980000000001
2025-05-14,232.03,124.37,356.4,107.66,31.18,BH,Helth,10266.640000000001
2025-05-15,71.23,118.85,190.07,-47.62,24.14,BH,Helth,10219.02
2025-05-16,144.92,161.18,306.1,-16.26,34.53,BH,Helth,10202.76
2025-05-19,355.7,239.26,594.96,116.45,39.68,BH,Helth,10319.210000000001
2025-05-20,139.21,379.7,518.91,-240.49,34.21,BH,Helth,10078.720000000001
2025-05-21,103.88,365.38,469.26,-261.51,28.36,BH,Helth,9817.210000000001
2025-05-22,171.41,352.75,524.16,-181.34,25.09,BH,Helth,9635.87
2025-05-23,421.13,401.17,822.3,19.95,28.93,BH,Helth,9655.820000000002
2025-05-26,216.06,206.04,422.1,10.02,31.48,BH,Helth,9665.840000000002
2025-05-27,272.67,259.93,532.6,12.74,33.97,BH,Helth,9678.580000000002
2025-05-28,122.73,143.57,266.31,-20.84,28.68,BH,Helth,9657.740000000002
2025-05-29,151.53,191.99,343.52,-40.46,36.81,BH,Helth,9617.280000000002
2025-05-30,518.21,413.61,931.82,104.61,40.42,BH,Helth,9721.890000000003
2025-06-04,644.08,355.11,999.18,288.97,42.22,BH,Helth,10010.860000000002
2025-06-05,174.08,134.55,308.63,39.53,30.47,BH,Helth,10050.390000000003
2025-06-06,165.71,100.09,265.8,65.61,26.71,BH,Helth,10116.000000000004
2025-06-09,186.27,101.5,287.77,84.77,31.27,BH,Helth,10200.770000000004
2025-06-10,162.01,134.53,296.54,27.48,32.57,BH,Helth,10228.250000000004
2025-06-11,231.68,182.91,414.59,48.76,34.97,BH,Helth,10277.010000000004
2025-06-12,220.36,150.94,371.29,69.42,35.38,BH,Helth,10346.430000000004
2025-06-13,197.31,181.88,379.19,15.43,38.05,BH,Helth,10361.860000000004
2025-06-16,186.45,202.1,388.55,-15.65,37.36,BH,Helth,10346.210000000005
2025-06-17,53.82,129.38,183.2,-75.56,34.07,BH,Helth,10270.650000000005
2025-06-18,89.67,182.64,272.32,-92.97,28.12,BH,Helth,10177.680000000006
2025-06-19,277.79,291.25,569.03,-13.46,36.09,BH,Helth,10164.220000000007
2025-06-20,175.72,238.0,413.72,-62.28,44.1,BH,Helth,10101.940000000006
2025-06-23,172.41,156.3,328.71,16.11,38.54,BH,Helth,10118.050000000007
2025-06-24,213.45,300.07,513.51,-86.62,43.02,BH,Helth,10031.430000000006
2025-06-25,143.61,128.96,272.57,14.65,40.39,BH,Helth,10046.080000000005
2025-06-26,114.33,136.0,250.33,-21.68,40.77,BH,Helth,10024.400000000005
2025-06-27,100.85,155.55,256.4,-54.71,42.97,BH,Helth,9969.690000000006
2025-06-30,188.56,114.11,302.67,74.45,37.32,BH,Helth,10044.140000000007
2025-07-01,107.85,154.4,262.25,-46.55,38.71,BH,Helth,9997.590000000007
2025-07-02,89.02,86.8,175.82,2.23,43.03,BH,Helth,9999.820000000007
2025-07-03,108.04,135.27,243.31,-27.23,36.34,BH,Helth,9972.590000000007
2025-07-04,34.11,129.95,164.06,-95.85,31.85,BH,Helth,9876.740000000007
2025-07-07,108.75,189.51,298.26,-80.77,36.58,BH,Helth,9795.970000000007
2025-07-08,62.21,92.82,155.03,-30.62,45.04,BH,Helth,9765.350000000006
2025-07-09,99.94,111.16,211.09,-11.22,42.34,BH,Helth,9754.130000000006
2025-07-11,157.09,115.94,273.03,41.14,48.69,BH,Helth,9795.270000000006
2025-07-14,204.86,178.95,383.81,25.92,25.65,BH,Helth,9821.190000000006
2025-07-15,97.66,220.69,318.35,-123.04,29.52,BH,Helth,9698.150000000005
2025-07-16,95.5,116.41,211.91,-20.91,33.59,BH,Helth,9677.240000000005
2025-07-17,99.1,164.39,263.5,-65.29,23.62,BH,Helth,9611.950000000004
2025-07-18,97.34,290.57,387.9,-193.23,27.88,BH,Helth,9418.720000000005
2025-07-21,68.88,98.9,167.78,-30.02,24.95,BH,Helth,9388.700000000004
2025-07-22,83.83,187.67,271.5,-103.84,27.41,BH,Helth,9284.860000000004
2025-07-23,189.34,123.52,312.86,65.83,27.69,BH,Helth,9350.690000000004
2025-07-24,165.16,162.53,327.69,2.63,27.34,BH,Helth,9353.320000000003
2025-07-25,71.38,86.78,158.16,-15.4,25.16,BH,Helth,9337.920000000004
2025-07-29,95.11,369.56,464.66,-274.45,20.21,BH,Helth,9063.470000000003
2025-07-30,215.33,573.05,788.39,-357.72,17.5,BH,Helth,8705.750000000004
2025-07-31,828.25,403.54,1231.79,424.71,24.36,BH,Helth,9130.460000000003
2025-08-01,369.57,222.16,591.72,147.41,31.85,BH,Helth,9277.870000000003
2025-08-04,444.08,272.04,716.12,172.04,23.92,BH,Helth,9449.910000000003
2025-08-05,475.11,342.43,817.54,132.68,18.6,BH,Helth,9582.590000000004
2025-08-06,543.49,375.77,919.26,167.73,25.03,BH,Helth,9750.320000000003
2025-08-07,316.7,201.27,517.97,115.42,21.1,BH,Helth,9865.740000000003
2025-08-08,284.28,153.22,437.5,131.07,29.63,BH,Helth,9996.810000000003
2025-08-13,586.11,265.3,851.41,320.8,30.39,BH,Helth,10317.610000000002
2025-08-14,374.09,220.28,594.36,153.81,32.53,BH,Helth,10471.420000000002
2025-08-15,427.92,171.72,599.64,256.19,25.99,BH,Helth,10727.610000000002
2025-08-18,362.43,178.67,541.1,183.76,26.73,BH,Helth,10911.370000000003
2025-08-19,263.46,212.43,475.89,51.03,20.47,BH,Helth,10962.400000000003
2025-08-20,221.63,232.76,454.4,-11.13,21.62,BH,Helth,10951.270000000004
2025-08-21,205.77,166.92,372.69,38.85,19.26,BH,Helth,10990.120000000004
2025-08-22,298.09,196.13,494.21,101.96,23.16,BH,Helth,11092.080000000004
2025-08-25,202.11,172.01,374.11,30.1,20.85,BH,Helth,11122.180000000004
2025-08-26,846.75,344.14,1190.89,502.61,33.4,BH,Helth,11624.790000000005
2025-08-27,267.15,158.97,426.13,108.18,21.14,BH,Helth,11732.970000000005
2025-08-28,261.68,211.77,473.45,49.91,17.59,BH,Helth,11782.880000000005
2025-08-29,245.35,422.74,668.09,-177.38,30.11,BH,Helth,11605.500000000005
2025-09-01,158.85,147.6,306.44,11.25,25.7,BH,Helth,11616.750000000005
2025-09-02,392.6,333.25,725.84,59.35,24.38,BH,Helth,11676.100000000006
2025-09-03,394.1,308.86,702.96,85.23,27.85,BH,Helth,11761.330000000005
2025-09-04,107.92,198.96,306.88,-91.04,24.1,BH,Helth,11670.290000000005
2025-09-05,184.4,187.9,372.3,-3.49,27.31,BH,Helth,11666.800000000005
2025-09-08,153.35,135.74,289.09,17.61,29.07,BH,Helth,11684.410000000005
2025-09-09,109.1,145.6,254.7,-36.49,22.35,BH,Helth,11647.920000000006
2025-09-10,41.97,104.21,146.17,-62.24,16.4,BH,Helth,11585.680000000006
2025-09-11,127.51,131.97,259.48,-4.45,26.5,BH,Helth,11581.230000000005
2025-09-12,97.5,104.94,202.44,-7.44,30.54,BH,Helth,11573.790000000005
2025-09-15,62.81,65.76,128.57,-2.95,17.71,BH,Helth,11570.840000000004
2025-09-16,81.57,89.79,171.36,-8.22,16.7,BH,Helth,11562.620000000004
2025-09-17,105.11,118.71,223.82,-13.59,24.7,BH,Helth,11549.030000000004
2025-09-18,293.69,190.91,484.6,102.78,23.14,BH,Helth,11651.810000000005
2025-09-19,341.12,389.9,731.02,-48.77,26.29,BH,Helth,11603.040000000005
2025-09-22,54.06,109.98,164.04,-55.93,21.66,BH,Helth,11547.110000000004
2025-09-23,92.31,79.86,172.17,12.44,21.26,BH,Helth,11559.550000000005
2025-09-24,250.22,451.51,701.73,-201.29,24.04,BH,Helth,11358.260000000004
2025-09-25,120.12,104.16,224.27,15.96,24.93,BH,Helth,11374.220000000003
2025-09-26,120.57,106.65,227.21,13.92,25.16,BH,Helth,11388.140000000003
2025-09-29,134.06,104.11,238.17,29.95,33.28,BH,Helth,11418.090000000004
2025-09-30,114.88,97.18,212.05,17.7,27.1,BH,Helth,11435.790000000005
2025-10-01,100.25,65.29,165.55,34.96,22.28,BH,Helth,11470.750000000004
2025-10-02,172.11,152.55,324.66,19.56,34.07,BH,Helth,11490.310000000003
2025-10-03,30.51,101.91,132.42,-71.4,23.77,BH,Helth,11418.910000000003
2025-10-06,50.57,75.22,125.79,-24.66,22.36,BH,Helth,11394.250000000004
2025-10-07,139.07,117.83,256.89,21.24,31.3,BH,Helth,11415.490000000003
2025-10-08,50.95,102.22,153.16,-51.27,23.48,BH,Helth,11364.220000000003
2025-10-09,73.45,104.6,178.04,-31.15,29.85,BH,Helth,11333.070000000003
2025-10-10,242.25,168.73,410.99,73.52,29.71,BH,Helth,11406.590000000004
2025-10-14,129.3,208.84,338.14,-79.55,35.13,BH,Helth,11327.040000000005
2025-10-15,290.63,230.83,521.46,59.79,26.77,BH,Helth,11386.830000000005
2025-10-16,280.72,145.19,425.91,135.52,17.65,BH,Helth,11522.350000000006
2025-10-17,104.22,118.83,223.05,-14.61,19.33,BH,Helth,11507.740000000005
2025-10-20,106.95,143.0,249.94,-36.05,24.98,BH,Helth,11471.690000000006
2025-10-21,74.58,137.27,211.85,-62.69,24.93,BH,Helth,11409.000000000005
2025-10-22,139.56,185.9,325.45,-46.34,28.42,BH,Helth,11362.660000000005
2025-10-24,65.83,135.91,201.74,-70.08,27.54,BH,Helth,11292.580000000005
2025-10-27,100.33,152.4,252.72,-52.07,28.5,BH,Helth,11240.510000000006
2025-10-28,141.15,175.15,316.31,-34.0,37.25,BH,Helth,11206.510000000006
2025-10-29,44.38,102.94,147.32,-58.57,30.16,BH,Helth,11147.940000000006
2025-10-30,70.22,115.21,185.43,-44.99,35.5,BH,Helth,11102.950000000006
2025-10-31,67.2,110.5,177.71,-43.3,25.35,BH,Helth,11059.650000000007
2025-11-03,33.37,126.12,159.48,-92.75,32.84,BH,Helth,10966.900000000007
2025-11-04,150.79,213.94,364.72,-63.15,31.56,BH,Helth,10903.750000000007
2025-11-05,199.08,278.18,477.25,-79.1,30.21,BH,Helth,10824.650000000007
2025-11-06,277.85,412.62,690.47,-134.77,28.13,BH,Helth,10689.880000000006
2025-11-07,173.19,260.57,433.76,-87.38,27.78,BH,Helth,10602.500000000007
2025-11-10,148.0,60.13,208.13,87.88,18.91,BH,Helth,10690.380000000006
2025-11-11,55.2,76.96,132.16,-21.76,20.01,BH,Helth,10668.620000000006
2025-11-12,180.44,215.46,395.9,-35.01,25.64,BH,Helth,10633.610000000006
2025-11-13,195.46,114.67,310.13,80.79,31.63,BH,Helth,10714.400000000007
2025-11-14,79.0,104.63,183.63,-25.63,29.43,BH,Helth,10688.770000000008
2025-11-17,116.42,118.16,234.58,-1.74,43.9,BH,Helth,10687.030000000008
2025-11-18,104.27,181.24,285.5,-76.97,32.06,BH,Helth,10610.060000000009
2025-11-19,116.22,152.47,268.69,-36.26,37.38,BH,Helth,10573.800000000008
2025-11-20,95.35,81.33,176.68,14.01,23.62,BH,Helth,10587.810000000009
2025-11-21,45.92,104.58,150.49,-58.66,23.86,BH,Helth,10529.150000000009
2025-11-24,299.57,175.74,475.31,123.83,34.31,BH,Helth,10652.980000000009
2025-11-25,168.21,99.87,268.08,68.34,30.88,BH,Helth,10721.320000000009
2025-11-26,59.26,135.5,194.76,-76.24,21.73,BH,Helth,10645.080000000009
2025-11-27,47.64,37.0,84.64,10.65,24.84,BH,Helth,10655.730000000009
2025-11-28,100.49,100.15,200.65,0.34,24.3,BH,Helth,10656.070000000009
2025-12-01,53.58,90.6,144.18,-37.02,30.98,BH,Helth,10619.050000000008
2025-12-02,51.37,39.92,91.29,11.45,13.6,BH,Helth,10630.50000000001
2025-12-03,142.52,76.23,218.76,66.29,25.39,BH,Helth,10696.79000000001
2025-12-04,121.98,264.54,386.52,-142.55,14.83,BH,Helth,10554.24000000001
2025-12-08,349.11,183.33,532.44,165.79,34.46,BH,Helth,10720.030000000012
2025-12-09,262.73,119.69,382.42,143.03,24.82,BH,Helth,10863.060000000012
2025-12-11,167.18,228.42,395.6,-61.23,30.22,BH,Helth,10801.830000000013
2025-12-12,147.66,104.07,251.73,43.59,30.58,BH,Helth,10845.420000000013
2025-12-15,154.5,125.65,280.16,28.85,24.13,BH,Helth,10874.270000000013
2025-12-16,98.71,71.84,170.55,26.86,33.29,BH,Helth,10901.130000000014
2025-12-17,88.04,45.89,133.94,42.15,29.94,BH,Helth,10943.280000000013
2025-12-18,60.63,58.34,118.97,2.29,22.51,BH,Helth,10945.570000000014
2025-12-19,150.98,36.19,187.17,114.8,36.53,BH,Helth,11060.370000000014
2025-12-22,91.7,82.48,174.17,9.22,24.56,BH,Helth,11069.590000000013
2025-12-23,178.23,86.85,265.08,91.38,28.0,BH,Helth,11160.970000000012
2025-12-24,274.21,44.66,318.87,229.54,29.08,BH,Helth,11390.510000000013
2025-12-25,60.63,110.59,171.22,-49.97,25.0,BH,Helth,11340.540000000014
2025-12-26,31.3,79.62,110.91,-48.32,22.36,BH,Helth,11292.220000000014
2025-12-29,59.36,78.2,137.57,-18.84,28.61,BH,Helth,11273.380000000014
2025-12-30,76.82,110.95,187.77,-34.12,27.91,BH,Helth,11239.260000000013
2026-01-05,181.66,113.65,295.31,68.02,33.96,BH,Helth,11307.280000000013
2026-01-06,243.6,227.32,470.92,16.28,20.55,BH,Helth,11323.560000000014
2026-01-07,347.33,165.75,513.09,181.58,22.97,BH,Helth,11505.140000000014
2026-01-08,284.03,220.16,504.19,63.87,29.73,BH,Helth,11569.010000000015
2026-01-09,504.22,450.94,955.16,53.28,27.07,BH,Helth,11622.290000000015
2026-01-12,605.13,593.02,1198.15,12.12,25.55,BH,Helth,11634.410000000016
2026-01-13,260.05,291.31,551.36,-31.27,28.98,BH,Helth,11603.140000000016
2026-01-14,229.18,272.87,502.05,-43.69,30.78,BH,Helth,11559.450000000015
2026-01-15,237.19,338.36,575.55,-101.18,30.26,BH,Helth,11458.270000000015
2026-01-16,288.11,314.78,602.89,-26.67,33.68,BH,Helth,11431.600000000015
2026-01-19,422.71,335.8,758.51,86.92,32.12,BH,Helth,11518.520000000015
2026-01-20,546.73,549.9,1096.63,-3.17,31.56,BH,Helth,11515.350000000015
2026-01-21,703.0,499.79,1202.79,203.22,30.92,BH,Helth,11718.570000000014
2026-01-22,504.34,275.79,780.13,228.56,33.85,BH,Helth,11947.130000000014
2026-01-23,396.95,319.43,716.38,77.51,25.47,BH,Helth,12024.640000000014
2026-01-26,266.67,289.01,555.68,-22.34,34.74,BH,Helth,12002.300000000014
2026-01-27,259.55,260.04,519.58,-0.49,25.71,BH,Helth,12001.810000000014
2026-01-28,218.83,174.14,392.97,44.69,38.22,BH,Helth,12046.500000000015
2026-01-29,177.26,104.95,282.21,72.31,43.54,BH,Helth,12118.810000000014
2026-01-30,284.03,102.03,386.07,182.0,34.26,BH,Helth,12300.810000000014
2026-02-02,253.44,129.55,383.0,123.89,36.74,BH,Helth,12424.700000000013
2026-02-03,154.58,156.73,311.31,-2.15,41.08,BH,Helth,12422.550000000014
2026-02-04,116.29,80.74,197.04,35.55,28.29,BH,Helth,12458.100000000013
2026-02-05,230.04,139.87,369.91,90.17,34.98,BH,Helth,12548.270000000013
2026-02-06,371.65,268.61,640.26,103.05,33.55,BH,Helth,12651.320000000012
2026-02-09,487.97,628.59,1116.56,-140.62,25.64,BH,Helth,12510.700000000012
2026-02-10,590.49,474.13,1064.62,116.37,29.46,BH,Helth,12627.070000000012
2026-02-11,430.34,441.79,872.13,-11.45,24.57,BH,Helth,12615.620000000012
2026-02-12,293.76,319.33,613.09,-25.57,39.9,BH,Helth,12590.050000000012
2026-02-13,234.53,167.03,401.56,67.5,37.09,BH,Helth,12657.550000000012
2026-02-16,200.02,136.77,336.79,63.25,37.12,BH,Helth,12720.800000000012
2026-02-17,126.37,130.59,256.96,-4.22,33.01,BH,Helth,12716.580000000013
2026-02-18,289.19,217.39,506.57,71.8,38.9,BH,Helth,12788.380000000012
2026-02-19,631.97,352.06,984.03,279.91,30.2,BH,Helth,13068.290000000012
2026-02-20,361.55,247.45,609.0,114.1,33.39,BH,Helth,13182.390000000012
2026-02-23,222.62,201.45,424.08,21.17,37.29,BH,Helth,13203.560000000012
2026-02-24,384.82,196.36,581.17,188.46,45.02,BH,Helth,13392.020000000011
2026-02-25,483.5,269.76,753.26,213.75,33.87,BH,Helth,13605.770000000011
2026-02-26,838.41,401.03,1239.44,437.37,30.57,BH,Helth,14043.140000000012
2026-02-27,914.6,838.42,1753.02,76.18,39.14,BH,Helth,14119.320000000012
2026-03-02,666.26,947.02,1613.28,-280.76,23.84,BH,Helth,13838.560000000012
2026-03-04,898.05,676.9,1574.95,221.14,29.89,BH,Helth,14059.700000000012
2026-03-05,450.72,829.1,1279.82,-378.38,34.39,BH,Helth,13681.320000000012
2026-03-06,327.67,355.04,682.71,-27.37,32.63,BH,Helth,13653.950000000012
2026-03-09,563.68,447.07,1010.75,116.62,37.05,BH,Helth,13770.570000000012
2026-03-10,241.65,555.93,797.58,-314.29,27.53,BH,Helth,13456.280000000012
2026-03-11,264.58,475.3,739.88,-210.72,34.17,BH,Helth,13245.560000000012
2026-03-12,298.34,403.95,702.29,-105.61,28.51,BH,Helth,13139.950000000012
2026-03-13,209.25,447.58,656.83,-238.33,34.07,BH,Helth,12901.620000000012
2026-03-16,225.71,350.49,576.19,-124.78,26.58,BH,Helth,12776.840000000011
2026-03-17,153.04,477.05,630.09,-324.02,32.07,BH,Helth,12452.82000000001
2026-03-18,98.01,275.56,373.57,-177.56,21.59,BH,Helth,12275.260000000011
2026-03-19,130.27,330.17,460.45,-199.9,23.68,BH,Helth,12075.360000000011
2026-03-20,314.82,547.5,862.32,-232.68,39.29,BH,Helth,11842.680000000011
2026-03-23,251.2,342.05,593.25,-90.86,30.32,BH,Helth,11751.82000000001
2026-03-24,174.28,220.61,394.88,-46.33,33.45,BH,Helth,11705.49000000001
2026-03-25,365.38,480.72,846.1,-115.34,24.56,BH,Helth,11590.15000000001
2026-03-26,239.52,368.05,607.58,-128.53,33.15,BH,Helth,11461.62000000001
2026-03-27,339.38,223.87,563.25,115.52,33.35,BH,Helth,11577.14000000001
2026-03-30,376.83,209.17,586.0,167.66,41.71,BH,Helth,11744.80000000001
2026-03-31,163.86,399.05,562.91,-235.19,23.16,BH,Helth,11509.61000000001
2026-04-01,496.63,303.07,799.71,193.56,27.4,BH,Helth,11703.17000000001
2026-04-02,376.29,331.3,707.59,44.99,27.7,BH,Helth,11748.160000000009
2026-04-03,110.47,293.1,403.58,-182.63,29.46,BH,Helth,11565.53000000001
2026-04-07,168.76,170.05,338.81,-1.28,25.3,BH,Helth,11564.25000000001
2026-04-08,543.95,352.09,896.05,191.86,23.53,BH,Helth,11756.11000000001
2026-04-09,299.82,490.06,789.89,-190.24,31.25,BH,Helth,11565.87000000001
2026-04-10,266.61,258.39,525.0,8.23,30.22,BH,Helth,11574.10000000001
2026-04-16,342.61,328.16,670.77,14.45,24.3,BH,Helth,11588.55000000001
2026-04-17,289.43,224.49,513.92,64.94,31.95,BH,Helth,11653.49000000001
2026-04-20,172.81,225.94,398.76,-53.13,33.87,BH,Helth,11600.360000000011
2026-04-21,178.34,219.44,397.79,-41.1,29.01,BH,Helth,11559.260000000011
2026-04-22,240.99,231.95,472.93,9.04,25.35,BH,Helth,11568.300000000012
2026-04-23,438.5,286.72,725.22,151.79,27.55,BH,Helth,11720.090000000013
2026-04-24,158.33,352.24,510.58,-193.91,29.5,BH,Helth,11526.180000000013
2026-04-27,181.31,133.81,315.12,47.5,34.27,BH,Helth,11573.680000000013
2026-04-28,111.86,250.28,362.13,-138.42,34.48,BH,Helth,11435.260000000013
2026-04-29,339.1,179.99,519.09,159.11,19.47,BH,Helth,11594.370000000014
2026-04-30,550.65,333.04,883.69,217.6,32.04,BH,Helth,11811.970000000014
2026-05-05,337.96,256.94,594.9,81.02,32.3,BH,Helth,11892.990000000014
2026-05-06,300.01,377.63,677.64,-77.61,35.82,BH,Helth,11815.380000000014
2026-05-07,294.74,314.98,609.72,-20.25,28.23,BH,Helth,11795.130000000014
2026-05-08,162.22,209.83,372.05,-47.61,37.54,BH,Helth,11747.520000000013
2026-05-11,173.04,143.91,316.95,29.12,25.01,BH,Helth,11776.640000000014
2026-05-12,111.67,77.96,189.63,33.72,33.34,BH,Helth,11810.360000000013
2026-05-13,151.84,188.49,340.33,-36.65,34.89,BH,Helth,11773.710000000014
2026-05-14,103.36,178.1,281.45,-74.74,28.91,BH,Helth,11698.970000000014
2026-05-15,99.98,91.01,190.99,8.98,26.04,BH,Helth,11707.950000000013
2026-05-18,113.52,107.57,221.09,5.95,47.72,BH,Helth,11713.900000000014
2026-05-19,155.49,128.66,284.15,26.82,35.19,BH,Helth,11740.720000000014
2026-05-20,127.93,330.83,458.76,-202.9,22.22,BH,Helth,11537.820000000014
2026-05-21,162.81,107.54,270.35,55.27,29.37,BH,Helth,11593.090000000015
2026-05-22,89.98,104.5,194.47,-14.52,31.26,BH,Helth,11578.570000000014
2026-05-25,272.52,191.98,464.5,80.54,28.67,BH,Helth,11659.110000000015
2026-05-26,454.17,273.6,727.77,180.57,30.09,BH,Helth,11839.680000000015
2026-05-27,157.96,266.88,424.84,-108.92,26.92,BH,Helth,11730.760000000015
2026-05-28,47.48,131.82,179.3,-84.35,27.19,BH,Helth,11646.410000000014
2026-05-29,817.13,405.1,1222.23,412.03,36.66,BH,Helth,12058.440000000015
2026-06-02,149.64,332.83,482.47,-183.2,33.67,BH,Helth,11875.240000000014
2026-06-04,185.8,339.75,525.55,-153.95,32.43,BH,Helth,11721.290000000014
2026-06-05,1012.94,457.99,1470.94,554.95,30.0,BH,Helth,12276.240000000014
2026-06-08,287.8,558.36,846.16,-270.56,33.25,BH,Helth,12005.680000000015
2026-06-09,144.83,480.12,624.95,-335.29,30.48,BH,Helth,11670.390000000014
2026-06-10,173.49,251.46,424.95,-77.97,35.57,BH,Helth,11592.420000000015
2026-06-11,95.79,235.23,331.02,-139.45,26.91,BH,Helth,11452.970000000014
2026-06-12,233.89,216.24,450.13,17.65,31.62,BH,Helth,11470.620000000014
2026-06-15,866.22,329.18,1195.39,537.04,27.51,BH,Helth,12007.660000000014
2026-06-16,244.97,251.02,495.99,-6.05,28.66,BH,Helth,12001.610000000015
2026-06-17,290.82,241.7,532.52,49.12,29.74,BH,Helth,12050.730000000016
2026-06-18,150.21,147.37,297.58,2.83,31.06,BH,Helth,12053.560000000016
2026-06-19,470.96,197.63,668.59,273.34,39.51,BH,Helth,12326.900000000016
2026-06-22,237.82,311.38,549.2,-73.55,38.21,BH,Helth,12253.350000000017
2026-06-23,240.87,143.24,384.11,97.63,33.06,BH,Helth,12350.980000000016
2026-06-24,254.09,169.92,424.01,84.18,40.86,BH,Helth,12435.160000000016
2026-06-25,380.2,204.77,584.96,175.43,37.54,BH,Helth,12610.590000000017
2026-06-26,363.19,282.13,645.32,81.06,32.8,BH,Helth,12691.650000000016
2026-06-29,316.45,180.53,496.99,135.92,30.64,BH,Helth,12827.570000000016
2026-06-30,228.45,466.89,695.34,-238.44,31.91,BH,Helth,12589.130000000016
2026-07-01,111.65,109.11,220.76,2.54,38.0,BH,Helth,12591.670000000016
2026-07-02,436.93,171.19,608.12,265.74,35.63,BH,Helth,12857.410000000016
2026-07-03,343.24,243.52,586.76,99.73,31.61,BH,Helth,12957.140000000016
2026-07-06,253.23,303.86,557.09,-50.63,33.15,BH,Helth,12906.510000000017
2026-07-07,182.6,189.02,371.62,-6.42,24.24,BH,Helth,12900.090000000017
2026-07-08,139.43,450.85,590.28,-311.41,28.69,BH,Helth,12588.680000000017
2026-07-09,151.19,253.02,404.21,-101.83,34.46,BH,Helth,12486.850000000017
2026-07-10,83.75,89.23,172.98,-5.49,28.11,BH,Helth,12481.360000000017
2026-07-13,361.13,285.9,647.03,75.23,37.99,BH,Helth,12556.590000000017
2026-07-14,80.85,228.18,309.03,-147.33,31.4,BH,Helth,12409.260000000017
2026-07-15,35.34,111.98,147.32,-76.64,23.08,BH,Helth,12332.620000000017
2026-07-16,164.4,259.39,423.79,-94.99,28.38,BH,Helth,12237.630000000017
2026-07-17,196.33,236.26,432.58,-39.93,35.78,BH,Helth,12197.700000000017
2026-07-20,133.74,289.24,422.98,-155.5,22.99,BH,Helth,12042.200000000017
2026-07-21,192.76,199.68,392.44,-6.92,29.09,BH,Helth,12035.280000000017
2026-07-22,69.09,226.29,295.37,-157.2,20.45,BH,Helth,11878.080000000016
2026-07-23,75.18,124.07,199.25,-48.9,24.45,BH,Helth,11829.180000000017
2026-07-24,102.17,247.96,350.13,-145.79,27.71,BH,Helth,11683.390000000016
2026-07-27,215.75,193.05,408.8,22.7,25.29,BH,Helth,11706.090000000017
2026-07-30,528.38,288.64,817.03,239.74,29.53,BH,Helth,11945.830000000016
2026-07-31,475.32,190.48,665.79,284.84,32.31,BH,Helth,12230.670000000016
2026-08-03,332.59,179.86,512.46,152.73,31.93,BH,Helth,12383.400000000016
2026-08-04,205.16,212.78,417.94,-7.62,31.27,BH,Helth,12375.780000000015
2026-08-05,407.88,265.35,673.23,142.52,34.72,BH,Helth,12518.300000000016
2026-08-06,373.95,319.76,693.72,54.19,31.61,BH,Helth,12572.490000000016
2026-08-07,260.06,145.57,405.63,114.49,37.97,BH,Helth,12686.980000000016
2026-08-10,359.04,212.31,571.34,146.73,30.74,BH,Helth,12833.710000000015
2026-08-11,201.74,297.27,499.01,-95.53,27.98,BH,Helth,12738.180000000015
2026-08-13,207.14,304.66,511.79,-97.52,38.73,BH,Helth,12640.660000000014
2026-08-14,911.45,258.13,1169.58,653.32,30.19,BH,Helth,13293.980000000014
2026-08-17,238.71,425.5,664.2,-186.79,30.25,BH,Helth,13107.190000000013
2026-08-18,460.53,319.02,779.55,141.52,28.02,BH,Helth,13248.710000000014
2026-08-19,251.19,303.14,554.33,-51.94,23.33,BH,Helth,13196.770000000013
2026-08-20,530.8,343.35,874.15,187.45,26.63,BH,Helth,13384.220000000014
2026-08-21,449.63,281.14,730.77,168.49,39.47,BH,Helth,13552.710000000014
