date,buy_mb,sell_mb,buy_sell_mb,net_mb,nvdr_pct,symbol,sector,cumulative_net_mb
2020-01-02,110.47,57.53,168.0,52.94,21.79,BJC,Commerce,52.94
2020-01-03,76.76,122.58,199.34,-45.82,24.78,BJC,Commerce,7.119999999999997
2020-01-06,61.53,86.84,148.37,-25.31,18.98,BJC,Commerce,-18.19
2020-01-07,49.86,60.49,110.35,-10.63,21.06,BJC,Commerce,-28.82
2020-01-08,83.49,69.6,153.09,13.9,24.43,BJC,Commerce,-14.92
2020-01-09,79.32,144.56,223.89,-65.24,20.33,BJC,Commerce,-80.16
2020-01-10,42.2,74.08,116.28,-31.87,14.57,BJC,Commerce,-112.03
2020-01-13,61.75,27.34,89.09,34.42,17.83,BJC,Commerce,-77.61
2020-01-14,87.48,32.03,119.51,55.44,16.13,BJC,Commerce,-22.17
2020-01-15,79.24,80.85,160.09,-1.61,36.66,BJC,Commerce,-23.78
2020-01-16,111.82,66.68,178.5,45.14,24.64,BJC,Commerce,21.36
2020-01-17,83.68,48.94,132.61,34.74,19.89,BJC,Commerce,56.1
2020-01-20,45.38,19.02,64.4,26.37,26.54,BJC,Commerce,82.47
2020-01-21,114.34,70.1,184.43,44.24,32.53,BJC,Commerce,126.71000000000001
2020-01-22,43.68,45.13,88.81,-1.46,46.67,BJC,Commerce,125.25000000000001
2020-01-23,97.42,37.06,134.48,60.36,22.54,BJC,Commerce,185.61
2020-01-24,35.14,40.66,75.8,-5.52,25.74,BJC,Commerce,180.09
2020-01-27,56.83,127.46,184.29,-70.63,27.39,BJC,Commerce,109.46000000000001
2020-01-28,34.71,85.52,120.23,-50.81,25.01,BJC,Commerce,58.650000000000006
2020-01-29,38.6,103.6,142.21,-65.0,22.84,BJC,Commerce,-6.349999999999994
2020-01-30,17.15,50.18,67.32,-33.03,2.44,BJC,Commerce,-39.379999999999995
2020-01-31,21.92,101.6,123.52,-79.68,6.21,BJC,Commerce,-119.06
2020-02-03,26.55,69.63,96.18,-43.08,10.89,BJC,Commerce,-162.14
2020-02-04,31.49,25.95,57.45,5.54,25.23,BJC,Commerce,-156.6
2020-02-05,32.95,47.04,79.99,-14.09,23.88,BJC,Commerce,-170.69
2020-02-06,74.12,45.88,120.0,28.23,20.08,BJC,Commerce,-142.46
2020-02-07,87.73,42.11,129.84,45.62,9.88,BJC,Commerce,-96.84
2020-02-11,40.64,21.79,62.43,18.86,29.7,BJC,Commerce,-77.98
2020-02-12,58.78,25.49,84.27,33.28,22.12,BJC,Commerce,-44.7
2020-02-13,15.18,20.4,35.58,-5.22,35.6,BJC,Commerce,-49.92
2020-02-14,28.01,27.4,55.41,0.61,25.89,BJC,Commerce,-49.31
2020-02-17,17.28,43.25,60.53,-25.97,24.86,BJC,Commerce,-75.28
2020-02-18,31.88,48.01,79.89,-16.13,2.84,BJC,Commerce,-91.41
2020-02-19,84.08,73.27,157.35,10.81,15.25,BJC,Commerce,-80.6
2020-02-20,32.75,63.39,96.14,-30.64,27.62,BJC,Commerce,-111.24
2020-02-21,50.76,81.12,131.88,-30.35,35.99,BJC,Commerce,-141.59
2020-02-24,46.17,73.37,119.54,-27.19,21.95,BJC,Commerce,-168.78
2020-02-25,63.09,96.12,159.21,-33.02,28.35,BJC,Commerce,-201.8
2020-02-26,70.72,69.74,140.46,0.98,3.63,BJC,Commerce,-200.82000000000002
2020-02-27,108.0,100.07,208.07,7.93,32.26,BJC,Commerce,-192.89000000000001
2020-02-28,89.29,98.62,187.91,-9.32,21.45,BJC,Commerce,-202.21
2020-03-02,61.69,52.73,114.41,8.96,36.9,BJC,Commerce,-193.25
2020-03-03,119.37,72.73,192.09,46.64,35.13,BJC,Commerce,-146.61
2020-03-04,78.57,48.13,126.7,30.44,36.83,BJC,Commerce,-116.17000000000002
2020-03-05,89.73,68.32,158.05,21.41,30.81,BJC,Commerce,-94.76000000000002
2020-03-06,70.87,81.87,152.73,-11.0,32.16,BJC,Commerce,-105.76000000000002
2020-03-09,215.87,210.68,426.55,5.19,29.58,BJC,Commerce,-100.57000000000002
2020-03-10,209.7,275.3,485.01,-65.6,33.2,BJC,Commerce,-166.17000000000002
2020-03-11,86.75,101.17,187.92,-14.42,41.47,BJC,Commerce,-180.59
2020-03-12,91.26,202.73,293.98,-111.47,36.29,BJC,Commerce,-292.06
2020-03-13,83.35,198.92,282.26,-115.57,33.96,BJC,Commerce,-407.63
2020-03-16,156.92,153.89,310.81,3.04,33.05,BJC,Commerce,-404.59
2020-03-17,107.87,80.72,188.59,27.15,32.58,BJC,Commerce,-377.44
2020-03-18,125.1,155.63,280.73,-30.53,38.13,BJC,Commerce,-407.97
2020-03-19,321.77,248.16,569.92,73.61,31.52,BJC,Commerce,-334.36
2020-03-20,172.7,304.61,477.31,-131.92,34.92,BJC,Commerce,-466.28
2020-03-23,123.1,258.95,382.05,-135.85,39.67,BJC,Commerce,-602.13
2020-03-24,110.14,105.49,215.62,4.65,41.88,BJC,Commerce,-597.48
2020-03-25,98.61,109.49,208.1,-10.89,22.26,BJC,Commerce,-608.37
2020-03-26,40.35,65.27,105.63,-24.92,20.53,BJC,Commerce,-633.29
2020-03-27,74.36,44.48,118.84,29.88,25.16,BJC,Commerce,-603.41
2020-03-30,83.29,45.15,128.44,38.13,34.62,BJC,Commerce,-565.28
2020-03-31,57.72,69.68,127.4,-11.96,34.41,BJC,Commerce,-577.24
2020-04-01,39.64,107.66,147.3,-68.02,35.94,BJC,Commerce,-645.26
2020-04-02,62.18,104.31,166.49,-42.12,35.9,BJC,Commerce,-687.38
2020-04-03,69.67,68.63,138.3,1.03,32.46,BJC,Commerce,-686.35
2020-04-07,153.96,104.17,258.13,49.79,31.11,BJC,Commerce,-636.5600000000001
2020-04-08,75.74,86.48,162.22,-10.74,44.41,BJC,Commerce,-647.3000000000001
2020-04-09,103.81,79.07,182.88,24.74,21.57,BJC,Commerce,-622.5600000000001
2020-04-10,44.68,74.74,119.41,-30.06,31.36,BJC,Commerce,-652.62
2020-04-13,36.88,42.99,79.87,-6.12,32.39,BJC,Commerce,-658.74
2020-04-14,103.38,38.15,141.53,65.22,30.32,BJC,Commerce,-593.52
2020-04-15,76.39,66.17,142.55,10.22,24.6,BJC,Commerce,-583.3
2020-04-16,106.47,88.67,195.14,17.8,47.69,BJC,Commerce,-565.5
2020-04-17,110.07,30.8,140.87,79.27,19.91,BJC,Commerce,-486.23
2020-04-20,82.32,180.76,263.08,-98.44,17.71,BJC,Commerce,-584.6700000000001
2020-04-21,126.43,76.49,202.93,49.94,12.38,BJC,Commerce,-534.73
2020-04-22,62.61,80.11,142.72,-17.5,16.84,BJC,Commerce,-552.23
2020-04-23,73.44,67.05,140.48,6.39,24.03,BJC,Commerce,-545.84
2020-04-24,81.6,136.91,218.51,-55.31,36.23,BJC,Commerce,-601.1500000000001
2020-04-27,32.2,24.08,56.28,8.12,21.12,BJC,Commerce,-593.0300000000001
2020-04-28,83.35,58.51,141.86,24.84,6.27,BJC,Commerce,-568.19
2020-04-29,47.68,31.3,78.98,16.37,23.6,BJC,Commerce,-551.82
2020-04-30,142.79,65.05,207.84,77.73,8.1,BJC,Commerce,-474.09000000000003
2020-05-05,100.51,84.34,184.84,16.17,17.94,BJC,Commerce,-457.92
2020-05-07,80.77,79.3,160.07,1.47,15.52,BJC,Commerce,-456.45
2020-05-08,83.09,81.6,164.69,1.49,20.37,BJC,Commerce,-454.96
2020-05-11,37.65,144.01,181.66,-106.35,14.5,BJC,Commerce,-561.31
2020-05-12,48.47,83.75,132.22,-35.27,25.38,BJC,Commerce,-596.5799999999999
2020-05-13,33.2,48.51,81.7,-15.31,16.65,BJC,Commerce,-611.8899999999999
2020-05-14,129.24,37.24,166.48,92.01,17.94,BJC,Commerce,-519.8799999999999
2020-05-15,54.71,44.97,99.69,9.74,23.32,BJC,Commerce,-510.1399999999999
2020-05-18,51.81,46.37,98.19,5.44,22.79,BJC,Commerce,-504.6999999999999
2020-05-19,69.35,70.35,139.7,-0.99,26.99,BJC,Commerce,-505.6899999999999
2020-05-20,27.47,128.57,156.04,-101.1,14.27,BJC,Commerce,-606.7899999999998
2020-05-21,100.53,121.51,222.04,-20.99,27.99,BJC,Commerce,-627.7799999999999
2020-05-22,79.89,68.41,148.3,11.48,36.85,BJC,Commerce,-616.2999999999998
2020-05-25,35.8,31.43,67.23,4.38,2.95,BJC,Commerce,-611.9199999999998
2020-05-26,69.94,70.75,140.68,-0.81,16.51,BJC,Commerce,-612.7299999999998
2020-05-27,44.67,39.68,84.36,4.99,28.58,BJC,Commerce,-607.7399999999998
2020-05-28,76.56,42.69,119.25,33.87,7.21,BJC,Commerce,-573.8699999999998
2020-05-29,255.26,113.67,368.93,141.6,24.26,BJC,Commerce,-432.26999999999975
2020-06-01,36.29,55.85,92.14,-19.56,20.13,BJC,Commerce,-451.82999999999976
2020-06-02,43.26,16.98,60.24,26.28,21.06,BJC,Commerce,-425.5499999999997
2020-06-04,126.24,38.79,165.03,87.46,24.58,BJC,Commerce,-338.08999999999975
2020-06-05,165.09,98.09,263.18,67.0,18.84,BJC,Commerce,-271.08999999999975
2020-06-08,65.77,78.84,144.61,-13.07,37.35,BJC,Commerce,-284.15999999999974
2020-06-09,82.63,70.5,153.12,12.13,23.63,BJC,Commerce,-272.02999999999975
2020-06-10,50.31,69.09,119.4,-18.79,32.87,BJC,Commerce,-290.81999999999977
2020-06-11,42.05,66.72,108.77,-24.66,27.07,BJC,Commerce,-315.4799999999998
2020-06-12,103.12,101.22,204.33,1.9,9.98,BJC,Commerce,-313.5799999999998
2020-06-15,85.53,74.55,160.09,10.98,23.11,BJC,Commerce,-302.5999999999998
2020-06-16,97.25,44.62,141.86,52.63,29.45,BJC,Commerce,-249.9699999999998
2020-06-17,94.53,27.54,122.06,66.99,21.89,BJC,Commerce,-182.9799999999998
2020-06-18,74.26,33.95,108.21,40.31,27.94,BJC,Commerce,-142.6699999999998
2020-06-19,67.8,34.77,102.57,33.04,21.44,BJC,Commerce,-109.6299999999998
2020-06-22,51.02,18.2,69.22,32.82,17.33,BJC,Commerce,-76.8099999999998
2020-06-23,50.03,28.89,78.92,21.14,18.1,BJC,Commerce,-55.6699999999998
2020-06-24,6.54,104.36,110.9,-97.82,29.82,BJC,Commerce,-153.48999999999978
2020-06-25,12.78,58.27,71.05,-45.48,21.51,BJC,Commerce,-198.96999999999977
2020-06-26,18.94,60.07,79.0,-41.13,3.24,BJC,Commerce,-240.09999999999977
2020-06-29,22.33,93.21,115.55,-70.88,25.85,BJC,Commerce,-310.9799999999998
2020-06-30,36.39,55.59,91.98,-19.21,3.19,BJC,Commerce,-330.18999999999977
2020-07-01,23.25,55.63,78.89,-32.38,40.95,BJC,Commerce,-362.56999999999977
2020-07-02,36.66,34.24,70.9,2.42,22.21,BJC,Commerce,-360.14999999999975
2020-07-03,39.37,23.98,63.36,15.39,32.9,BJC,Commerce,-344.75999999999976
2020-07-07,35.64,25.89,61.53,9.75,22.54,BJC,Commerce,-335.00999999999976
2020-07-08,32.23,46.59,78.81,-14.36,26.4,BJC,Commerce,-349.3699999999998
2020-07-09,81.37,67.41,148.78,13.96,56.84,BJC,Commerce,-335.4099999999998
2020-07-10,28.83,98.76,127.59,-69.93,28.53,BJC,Commerce,-405.3399999999998
2020-07-13,33.82,52.98,86.79,-19.16,24.84,BJC,Commerce,-424.49999999999983
2020-07-14,37.75,22.61,60.36,15.13,21.68,BJC,Commerce,-409.36999999999983
2020-07-15,45.37,23.82,69.19,21.56,27.08,BJC,Commerce,-387.80999999999983
2020-07-16,23.2,38.43,61.63,-15.22,14.86,BJC,Commerce,-403.02999999999986
2020-07-17,52.71,3.4,56.11,49.3,23.04,BJC,Commerce,-353.72999999999985
2020-07-20,74.62,38.92,113.54,35.7,4.19,BJC,Commerce,-318.02999999999986
2020-07-21,134.79,56.09,190.88,78.7,6.6,BJC,Commerce,-239.32999999999987
2020-07-22,33.85,52.52,86.36,-18.67,2.81,BJC,Commerce,-257.9999999999999
2020-07-23,71.06,47.98,119.04,23.08,31.41,BJC,Commerce,-234.9199999999999
2020-07-24,17.44,45.94,63.38,-28.5,26.25,BJC,Commerce,-263.4199999999999
2020-07-29,77.01,158.35,235.35,-81.34,25.48,BJC,Commerce,-344.7599999999999
2020-07-30,43.49,122.39,165.88,-78.9,24.84,BJC,Commerce,-423.65999999999985
2020-07-31,58.87,71.52,130.39,-12.66,8.04,BJC,Commerce,-436.3199999999999
2020-08-03,22.62,82.83,105.45,-60.21,27.17,BJC,Commerce,-496.52999999999986
2020-08-04,70.41,99.85,170.26,-29.44,37.88,BJC,Commerce,-525.9699999999999
2020-08-05,145.09,187.97,333.06,-42.89,48.72,BJC,Commerce,-568.8599999999999
2020-08-06,31.35,52.59,83.94,-21.23,38.33,BJC,Commerce,-590.0899999999999
2020-08-07,91.47,85.43,176.9,6.04,20.67,BJC,Commerce,-584.05
2020-08-10,18.89,41.08,59.97,-22.19,4.62,BJC,Commerce,-606.24
2020-08-11,28.37,47.82,76.18,-19.45,30.08,BJC,Commerce,-625.69
2020-08-13,61.24,63.26,124.5,-2.02,7.57,BJC,Commerce,-627.71
2020-08-14,378.84,307.63,686.47,71.22,18.19,BJC,Commerce,-556.49
2020-08-17,59.72,101.33,161.05,-41.62,42.63,BJC,Commerce,-598.11
2020-08-18,44.77,83.9,128.67,-39.14,45.09,BJC,Commerce,-637.25
2020-08-19,83.08,133.32,216.41,-50.24,41.18,BJC,Commerce,-687.49
2020-08-20,28.33,87.16,115.5,-58.83,27.71,BJC,Commerce,-746.32
2020-08-21,47.35,57.54,104.89,-10.19,44.09,BJC,Commerce,-756.5100000000001
2020-08-24,28.54,68.37,96.9,-39.83,4.02,BJC,Commerce,-796.3400000000001
2020-08-25,103.49,64.56,168.05,38.93,7.73,BJC,Commerce,-757.4100000000002
2020-08-26,29.8,39.75,69.56,-9.95,4.6,BJC,Commerce,-767.3600000000002
2020-08-27,39.99,73.55,113.53,-33.56,38.87,BJC,Commerce,-800.9200000000003
2020-08-28,61.5,167.32,228.82,-105.83,34.71,BJC,Commerce,-906.7500000000003
2020-08-31,41.78,175.48,217.25,-133.7,44.47,BJC,Commerce,-1040.4500000000003
2020-09-01,34.02,69.99,104.01,-35.96,31.57,BJC,Commerce,-1076.4100000000003
2020-09-02,68.2,102.78,170.98,-34.58,43.05,BJC,Commerce,-1110.9900000000002
2020-09-03,38.68,68.59,107.26,-29.91,43.16,BJC,Commerce,-1140.9000000000003
2020-09-08,23.31,20.48,43.79,2.83,2.03,BJC,Commerce,-1138.0700000000004
2020-09-09,29.03,34.05,63.08,-5.02,22.63,BJC,Commerce,-1143.0900000000004
2020-09-10,39.15,12.95,52.1,26.2,4.71,BJC,Commerce,-1116.8900000000003
2020-09-11,26.27,29.12,55.39,-2.86,26.55,BJC,Commerce,-1119.7500000000002
2020-09-14,28.64,20.87,49.51,7.77,26.55,BJC,Commerce,-1111.9800000000002
2020-09-15,12.55,34.16,46.7,-21.61,19.52,BJC,Commerce,-1133.5900000000001
2020-09-16,19.65,25.27,44.92,-5.62,1.58,BJC,Commerce,-1139.21
2020-09-17,54.66,54.06,108.72,0.59,40.57,BJC,Commerce,-1138.6200000000001
2020-09-18,69.25,89.36,158.61,-20.11,45.71,BJC,Commerce,-1158.73
2020-09-21,25.08,53.36,78.44,-28.27,34.75,BJC,Commerce,-1187.0
2020-09-22,15.26,21.45,36.71,-6.2,25.72,BJC,Commerce,-1193.2
2020-09-23,18.41,62.86,81.27,-44.46,27.93,BJC,Commerce,-1237.66
2020-09-24,47.59,65.71,113.3,-18.12,25.95,BJC,Commerce,-1255.78
2020-09-25,38.32,41.8,80.12,-3.49,4.91,BJC,Commerce,-1259.27
2020-09-28,63.53,49.79,113.32,13.74,6.49,BJC,Commerce,-1245.53
2020-09-29,39.67,38.69,78.36,0.98,5.11,BJC,Commerce,-1244.55
2020-09-30,91.59,52.57,144.16,39.02,45.27,BJC,Commerce,-1205.53
2020-10-01,41.23,40.58,81.81,0.65,40.51,BJC,Commerce,-1204.8799999999999
2020-10-02,77.04,64.48,141.52,12.55,4.2,BJC,Commerce,-1192.33
2020-10-05,37.99,46.11,84.1,-8.13,23.16,BJC,Commerce,-1200.46
2020-10-06,49.14,44.39,93.52,4.75,6.07,BJC,Commerce,-1195.71
2020-10-07,72.53,28.0,100.53,44.52,30.8,BJC,Commerce,-1151.19
2020-10-08,127.86,22.62,150.48,105.23,20.03,BJC,Commerce,-1045.96
2020-10-09,22.35,28.5,50.85,-6.15,11.06,BJC,Commerce,-1052.1100000000001
2020-10-12,50.74,12.63,63.36,38.11,38.35,BJC,Commerce,-1014.0000000000001
2020-10-14,51.7,38.35,90.05,13.36,27.04,BJC,Commerce,-1000.6400000000001
2020-10-15,87.83,49.26,137.09,38.57,26.4,BJC,Commerce,-962.07
2020-10-16,109.97,51.37,161.34,58.61,34.04,BJC,Commerce,-903.46
2020-10-19,43.33,24.58,67.91,18.74,36.39,BJC,Commerce,-884.72
2020-10-20,37.57,20.56,58.13,17.02,30.56,BJC,Commerce,-867.7
2020-10-21,61.6,114.81,176.41,-53.21,37.66,BJC,Commerce,-920.9100000000001
2020-10-22,74.64,118.83,193.46,-44.19,52.46,BJC,Commerce,-965.1000000000001
2020-10-26,23.34,25.74,49.09,-2.4,32.29,BJC,Commerce,-967.5000000000001
2020-10-27,43.56,63.86,107.42,-20.3,9.29,BJC,Commerce,-987.8000000000001
2020-10-28,40.17,45.06,85.23,-4.89,42.51,BJC,Commerce,-992.69
2020-10-29,32.88,63.64,96.52,-30.76,7.46,BJC,Commerce,-1023.45
2020-10-30,73.03,117.89,190.91,-44.86,20.38,BJC,Commerce,-1068.31
2020-11-02,33.05,36.01,69.06,-2.96,32.63,BJC,Commerce,-1071.27
2020-11-03,13.29,20.41,33.71,-7.12,22.67,BJC,Commerce,-1078.3899999999999
2020-11-04,26.67,31.66,58.33,-5.0,36.07,BJC,Commerce,-1083.3899999999999
2020-11-05,124.27,194.87,319.15,-70.6,35.82,BJC,Commerce,-1153.9899999999998
2020-11-06,77.49,66.65,144.14,10.85,25.85,BJC,Commerce,-1143.1399999999999
2020-11-09,117.49,207.65,325.14,-90.16,30.15,BJC,Commerce,-1233.3
2020-11-10,116.83,103.01,219.84,13.82,31.6,BJC,Commerce,-1219.48
2020-11-11,95.57,61.38,156.95,34.18,0.73,BJC,Commerce,-1185.3
2020-11-12,44.71,34.77,79.48,9.94,0.53,BJC,Commerce,-1175.36
2020-11-13,82.24,116.48,198.71,-34.24,27.0,BJC,Commerce,-1209.6
2020-11-16,81.17,31.78,112.95,49.39,29.14,BJC,Commerce,-1160.2099999999998
2020-11-17,49.2,50.93,100.13,-1.73,16.89,BJC,Commerce,-1161.9399999999998
2020-11-18,85.98,110.21,196.19,-24.23,53.68,BJC,Commerce,-1186.1699999999998
2020-11-19,71.55,152.04,223.58,-80.49,41.99,BJC,Commerce,-1266.6599999999999
2020-11-20,144.94,154.18,299.12,-9.23,33.98,BJC,Commerce,-1275.8899999999999
2020-11-23,247.09,191.86,438.95,55.23,25.54,BJC,Commerce,-1220.6599999999999
2020-11-24,98.32,128.03,226.35,-29.7,5.68,BJC,Commerce,-1250.36
2020-11-25,67.0,207.4,274.39,-140.4,6.15,BJC,Commerce,-1390.76
2020-11-26,121.83,135.83,257.66,-14.01,20.03,BJC,Commerce,-1404.77
2020-11-27,33.93,86.49,120.41,-52.56,27.71,BJC,Commerce,-1457.33
2020-11-30,212.61,235.69,448.29,-23.08,56.17,BJC,Commerce,-1480.4099999999999
2020-12-01,38.46,42.04,80.51,-3.58,2.17,BJC,Commerce,-1483.9899999999998
2020-12-02,155.45,111.03,266.48,44.42,6.32,BJC,Commerce,-1439.5699999999997
2020-12-03,185.67,153.35,339.02,32.31,36.84,BJC,Commerce,-1407.2599999999998
2020-12-04,101.54,127.66,229.2,-26.12,37.16,BJC,Commerce,-1433.3799999999997
2020-12-08,150.77,134.29,285.07,16.48,33.87,BJC,Commerce,-1416.8999999999996
2020-12-09,155.09,146.53,301.62,8.55,11.12,BJC,Commerce,-1408.3499999999997
2020-12-14,87.01,174.74,261.75,-87.73,8.12,BJC,Commerce,-1496.0799999999997
2020-12-15,72.44,145.45,217.89,-73.01,6.83,BJC,Commerce,-1569.0899999999997
2020-12-16,37.48,31.54,69.02,5.93,23.92,BJC,Commerce,-1563.1599999999996
2020-12-17,57.07,91.69,148.76,-34.62,30.86,BJC,Commerce,-1597.7799999999995
2020-12-18,148.0,98.57,246.57,49.43,10.65,BJC,Commerce,-1548.3499999999995
2020-12-21,137.32,151.07,288.39,-13.75,26.38,BJC,Commerce,-1562.0999999999995
2020-12-22,59.84,55.63,115.47,4.2,23.37,BJC,Commerce,-1557.8999999999994
2020-12-23,153.8,79.23,233.03,74.57,9.54,BJC,Commerce,-1483.3299999999995
2020-12-24,74.26,89.49,163.75,-15.23,29.24,BJC,Commerce,-1498.5599999999995
2020-12-25,19.19,22.94,42.14,-3.75,25.1,BJC,Commerce,-1502.3099999999995
2020-12-28,38.89,86.73,125.62,-47.83,5.48,BJC,Commerce,-1550.1399999999994
2020-12-29,59.71,51.86,111.57,7.85,37.2,BJC,Commerce,-1542.2899999999995
2020-12-30,65.7,74.99,140.69,-9.29,25.79,BJC,Commerce,-1551.5799999999995
2021-01-04,45.55,62.72,108.27,-17.17,26.99,BJC,Commerce,-1568.7499999999995
2021-01-05,49.81,51.51,101.32,-1.7,25.51,BJC,Commerce,-1570.4499999999996
2021-01-06,58.5,56.63,115.13,1.88,22.4,BJC,Commerce,-1568.5699999999995
2021-01-07,52.83,84.84,137.67,-32.01,21.81,BJC,Commerce,-1600.5799999999995
2021-01-08,79.12,67.38,146.5,11.74,7.57,BJC,Commerce,-1588.8399999999995
2021-01-11,41.01,72.71,113.71,-31.7,36.95,BJC,Commerce,-1620.5399999999995
2021-01-12,47.9,60.78,108.68,-12.87,26.73,BJC,Commerce,-1633.4099999999994
2021-01-13,97.47,120.97,218.45,-23.5,26.93,BJC,Commerce,-1656.9099999999994
2021-01-14,80.0,70.92,150.92,9.09,1.66,BJC,Commerce,-1647.8199999999995
2021-01-15,97.09,114.54,211.63,-17.45,1.2,BJC,Commerce,-1665.2699999999995
2021-01-18,53.7,127.81,181.51,-74.11,27.54,BJC,Commerce,-1739.3799999999994
2021-01-19,71.54,97.5,169.04,-25.96,32.96,BJC,Commerce,-1765.3399999999995
2021-01-20,27.98,96.5,124.48,-68.53,40.75,BJC,Commerce,-1833.8699999999994
2021-01-21,36.53,84.34,120.87,-47.81,1.6,BJC,Commerce,-1881.6799999999994
2021-01-22,44.71,111.27,155.98,-66.56,35.43,BJC,Commerce,-1948.2399999999993
2021-01-25,75.49,57.45,132.94,18.05,26.68,BJC,Commerce,-1930.1899999999994
2021-01-26,72.2,38.82,111.02,33.38,32.18,BJC,Commerce,-1896.8099999999993
2021-01-27,42.32,45.06,87.37,-2.74,21.02,BJC,Commerce,-1899.5499999999993
2021-01-28,88.99,85.13,174.12,3.86,25.19,BJC,Commerce,-1895.6899999999994
2021-01-29,54.81,51.67,106.48,3.14,34.95,BJC,Commerce,-1892.5499999999993
2021-02-01,40.0,65.69,105.69,-25.69,30.47,BJC,Commerce,-1918.2399999999993
2021-02-02,32.72,40.11,72.83,-7.39,33.39,BJC,Commerce,-1925.6299999999994
2021-02-03,35.2,66.84,102.04,-31.63,34.26,BJC,Commerce,-1957.2599999999995
2021-02-04,97.48,106.92,204.4,-9.44,30.04,BJC,Commerce,-1966.6999999999996
2021-02-05,58.66,36.1,94.76,22.55,21.22,BJC,Commerce,-1944.1499999999996
2021-02-08,78.3,75.21,153.52,3.09,25.56,BJC,Commerce,-1941.0599999999997
2021-02-09,43.42,43.48,86.89,-0.06,23.68,BJC,Commerce,-1941.1199999999997
2021-02-10,30.43,27.45,57.89,2.98,27.85,BJC,Commerce,-1938.1399999999996
2021-02-11,15.81,46.67,62.48,-30.86,28.76,BJC,Commerce,-1968.9999999999995
2021-02-15,32.79,28.17,60.96,4.61,36.52,BJC,Commerce,-1964.3899999999996
2021-02-16,54.2,29.74,83.94,24.46,26.46,BJC,Commerce,-1939.9299999999996
2021-02-17,57.28,44.83,102.12,12.45,43.22,BJC,Commerce,-1927.4799999999996
2021-02-18,47.77,43.77,91.53,4.0,41.59,BJC,Commerce,-1923.4799999999996
2021-02-19,49.29,21.23,70.52,28.06,49.91,BJC,Commerce,-1895.4199999999996
2021-02-22,18.56,36.09,54.65,-17.53,29.67,BJC,Commerce,-1912.9499999999996
2021-02-23,104.94,29.09,134.03,75.85,31.66,BJC,Commerce,-1837.0999999999997
2021-02-24,339.03,208.01,547.05,131.02,26.94,BJC,Commerce,-1706.0799999999997
2021-02-25,280.77,224.73,505.5,56.05,5.68,BJC,Commerce,-1650.0299999999997
2021-03-01,147.13,41.24,188.37,105.89,30.78,BJC,Commerce,-1544.1399999999996
2021-03-02,203.61,122.71,326.32,80.89,37.26,BJC,Commerce,-1463.2499999999995
2021-03-03,252.51,128.67,381.18,123.84,28.93,BJC,Commerce,-1339.4099999999996
2021-03-04,47.74,69.5,117.24,-21.75,25.56,BJC,Commerce,-1361.1599999999996
2021-03-05,86.32,82.72,169.03,3.6,29.06,BJC,Commerce,-1357.5599999999997
2021-03-08,75.67,48.51,124.18,27.16,31.81,BJC,Commerce,-1330.3999999999996
2021-03-09,98.49,57.18,155.66,41.31,21.83,BJC,Commerce,-1289.0899999999997
2021-03-10,59.97,42.71,102.68,17.26,21.78,BJC,Commerce,-1271.8299999999997
2021-03-11,82.21,43.09,125.3,39.12,29.21,BJC,Commerce,-1232.7099999999998
2021-03-12,41.84,20.28,62.12,21.57,26.55,BJC,Commerce,-1211.1399999999999
2021-03-15,42.1,26.17,68.26,15.93,32.33,BJC,Commerce,-1195.2099999999998
2021-03-16,69.78,38.08,107.85,31.7,1.12,BJC,Commerce,-1163.5099999999998
2021-03-17,42.05,33.86,75.91,8.19,32.86,BJC,Commerce,-1155.3199999999997
2021-03-18,32.24,31.09,63.32,1.15,28.95,BJC,Commerce,-1154.1699999999996
2021-03-19,82.17,37.03,119.2,45.14,36.28,BJC,Commerce,-1109.0299999999995
2021-03-22,59.93,39.16,99.09,20.77,42.73,BJC,Commerce,-1088.2599999999995
2021-03-23,118.07,69.32,187.39,48.75,38.64,BJC,Commerce,-1039.5099999999995
2021-03-24,39.06,26.64,65.7,12.42,40.59,BJC,Commerce,-1027.0899999999995
2021-03-25,29.79,43.56,73.35,-13.76,47.33,BJC,Commerce,-1040.8499999999995
2021-03-26,59.16,28.45,87.61,30.71,29.64,BJC,Commerce,-1010.1399999999994
2021-03-29,107.76,100.79,208.55,6.97,27.78,BJC,Commerce,-1003.1699999999994
2021-03-30,223.27,130.06,353.33,93.21,30.58,BJC,Commerce,-909.9599999999994
2021-03-31,200.57,128.77,329.34,71.8,21.89,BJC,Commerce,-838.1599999999994
2021-04-01,36.49,58.64,95.13,-22.14,26.31,BJC,Commerce,-860.2999999999994
2021-04-02,41.54,43.13,84.67,-1.59,16.06,BJC,Commerce,-861.8899999999994
2021-04-05,50.88,34.3,85.18,16.58,39.91,BJC,Commerce,-845.3099999999994
2021-04-07,97.13,75.6,172.73,21.53,36.87,BJC,Commerce,-823.7799999999994
2021-04-08,14.06,6.83,20.89,7.23,18.98,BJC,Commerce,-816.5499999999994
2021-04-09,56.67,51.77,108.44,4.9,44.74,BJC,Commerce,-811.6499999999994
2021-04-12,66.32,30.84,97.17,35.48,28.47,BJC,Commerce,-776.1699999999994
2021-04-16,65.58,49.85,115.43,15.73,46.37,BJC,Commerce,-760.4399999999994
2021-04-19,94.51,48.67,143.18,45.84,37.84,BJC,Commerce,-714.5999999999993
2021-04-20,34.67,37.28,71.95,-2.6,23.88,BJC,Commerce,-717.1999999999994
2021-04-21,84.45,62.61,147.06,21.84,37.51,BJC,Commerce,-695.3599999999993
2021-04-22,19.52,35.86,55.38,-16.35,27.61,BJC,Commerce,-711.7099999999994
2021-04-23,30.85,37.9,68.75,-7.05,36.99,BJC,Commerce,-718.7599999999993
2021-04-26,32.15,33.08,65.23,-0.93,22.52,BJC,Commerce,-719.6899999999993
2021-04-27,91.61,65.28,156.89,26.34,36.22,BJC,Commerce,-693.3499999999992
2021-04-28,60.66,54.59,115.25,6.07,35.27,BJC,Commerce,-687.2799999999992
2021-04-29,42.76,31.09,73.85,11.66,31.16,BJC,Commerce,-675.6199999999992
2021-04-30,24.42,26.08,50.51,-1.66,36.96,BJC,Commerce,-677.2799999999992
2021-05-05,70.93,142.75,213.69,-71.82,32.56,BJC,Commerce,-749.0999999999992
2021-05-06,71.94,39.49,111.44,32.45,35.14,BJC,Commerce,-716.6499999999992
2021-05-07,51.78,24.52,76.3,27.26,30.52,BJC,Commerce,-689.3899999999992
2021-05-10,47.48,49.54,97.02,-2.06,47.1,BJC,Commerce,-691.4499999999991
2021-05-11,40.98,40.2,81.17,0.78,43.73,BJC,Commerce,-690.6699999999992
2021-05-12,131.74,140.58,272.32,-8.83,37.2,BJC,Commerce,-699.4999999999992
2021-05-13,65.05,62.87,127.92,2.18,35.43,BJC,Commerce,-697.3199999999993
2021-05-14,80.14,62.33,142.47,17.81,31.54,BJC,Commerce,-679.5099999999993
2021-05-17,34.08,30.08,64.16,4.0,34.25,BJC,Commerce,-675.5099999999993
2021-05-18,30.72,34.99,65.7,-4.27,32.49,BJC,Commerce,-679.7799999999993
2021-05-19,12.04,23.99,36.03,-11.96,25.7,BJC,Commerce,-691.7399999999993
2021-05-20,29.51,36.98,66.49,-7.47,45.22,BJC,Commerce,-699.2099999999994
2021-05-21,34.67,45.84,80.51,-11.17,47.23,BJC,Commerce,-710.3799999999993
2021-05-24,22.79,58.59,81.39,-35.8,33.14,BJC,Commerce,-746.1799999999993
2021-05-25,51.59,74.07,125.66,-22.48,28.62,BJC,Commerce,-768.6599999999993
2021-05-27,139.93,130.58,270.5,9.35,40.33,BJC,Commerce,-759.3099999999993
2021-05-28,36.56,57.68,94.24,-21.13,33.51,BJC,Commerce,-780.4399999999993
2021-05-31,60.41,25.82,86.23,34.59,34.28,BJC,Commerce,-745.8499999999992
2021-06-01,82.25,70.05,152.3,12.2,29.81,BJC,Commerce,-733.6499999999992
2021-06-02,47.33,44.82,92.15,2.51,32.65,BJC,Commerce,-731.1399999999992
2021-06-04,21.83,42.93,64.76,-21.09,36.85,BJC,Commerce,-752.2299999999992
2021-06-07,42.54,60.18,102.72,-17.64,30.86,BJC,Commerce,-769.8699999999992
2021-06-08,48.54,27.39,75.93,21.15,19.79,BJC,Commerce,-748.7199999999992
2021-06-09,21.12,34.93,56.05,-13.8,21.94,BJC,Commerce,-762.5199999999992
2021-06-10,47.29,27.15,74.43,20.14,17.34,BJC,Commerce,-742.3799999999992
2021-06-11,62.09,94.17,156.25,-32.08,18.84,BJC,Commerce,-774.4599999999992
2021-06-14,18.89,35.62,54.51,-16.73,27.35,BJC,Commerce,-791.1899999999993
2021-06-15,28.51,30.62,59.13,-2.11,27.39,BJC,Commerce,-793.2999999999993
2021-06-16,24.38,18.72,43.1,5.66,34.75,BJC,Commerce,-787.6399999999993
2021-06-17,57.32,39.55,96.87,17.77,29.94,BJC,Commerce,-769.8699999999993
2021-06-18,42.93,76.96,119.9,-34.03,47.59,BJC,Commerce,-803.8999999999993
2021-06-21,50.84,41.75,92.59,9.09,28.69,BJC,Commerce,-794.8099999999993
2021-06-22,22.64,16.03,38.67,6.61,32.42,BJC,Commerce,-788.1999999999992
2021-06-23,52.24,24.37,76.62,27.87,33.79,BJC,Commerce,-760.3299999999992
2021-06-24,44.07,21.65,65.72,22.42,31.24,BJC,Commerce,-737.9099999999993
2021-06-25,32.44,29.95,62.39,2.49,27.28,BJC,Commerce,-735.4199999999993
2021-06-28,28.55,24.44,52.99,4.11,43.2,BJC,Commerce,-731.3099999999993
2021-06-29,58.14,54.09,112.23,4.04,35.36,BJC,Commerce,-727.2699999999993
2021-06-30,36.21,34.28,70.49,1.92,36.45,BJC,Commerce,-725.3499999999993
2021-07-01,70.32,51.73,122.05,18.59,37.01,BJC,Commerce,-706.7599999999993
2021-07-02,48.15,70.59,118.73,-22.44,24.49,BJC,Commerce,-729.1999999999994
2021-07-05,31.98,24.66,56.64,7.32,28.14,BJC,Commerce,-721.8799999999993
2021-07-06,18.28,27.87,46.15,-9.58,27.56,BJC,Commerce,-731.4599999999994
2021-07-07,15.76,17.71,33.47,-1.94,26.37,BJC,Commerce,-733.3999999999994
2021-07-08,88.53,59.36,147.88,29.17,43.07,BJC,Commerce,-704.2299999999994
2021-07-09,69.17,33.14,102.31,36.04,27.92,BJC,Commerce,-668.1899999999995
2021-07-12,20.18,9.64,29.82,10.55,30.43,BJC,Commerce,-657.6399999999995
2021-07-13,28.79,27.6,56.39,1.19,40.05,BJC,Commerce,-656.4499999999995
2021-07-14,43.73,32.55,76.28,11.17,28.68,BJC,Commerce,-645.2799999999995
2021-07-15,32.15,35.8,67.95,-3.65,39.61,BJC,Commerce,-648.9299999999995
2021-07-16,43.9,24.87,68.78,19.03,36.54,BJC,Commerce,-629.8999999999995
2021-07-19,5.58,2.11,7.69,3.46,21.13,BJC,Commerce,-626.4399999999995
2021-07-20,46.85,19.67,66.53,27.18,27.98,BJC,Commerce,-599.2599999999995
2021-07-21,19.63,46.6,66.24,-26.97,33.16,BJC,Commerce,-626.2299999999996
2021-07-22,29.83,42.79,72.62,-12.96,49.18,BJC,Commerce,-639.1899999999996
2021-07-23,26.25,25.36,51.61,0.9,30.76,BJC,Commerce,-638.2899999999996
2021-07-27,64.73,50.79,115.52,13.93,53.0,BJC,Commerce,-624.3599999999997
2021-07-29,94.25,44.94,139.19,49.31,19.83,BJC,Commerce,-575.0499999999997
2021-07-30,42.41,98.93,141.34,-56.52,28.36,BJC,Commerce,-631.5699999999997
2021-08-02,71.36,37.74,109.1,33.62,42.96,BJC,Commerce,-597.9499999999997
2021-08-03,41.26,16.83,58.1,24.43,32.83,BJC,Commerce,-573.5199999999998
2021-08-04,9.78,15.54,25.32,-5.77,33.44,BJC,Commerce,-579.2899999999997
2021-08-05,65.95,118.43,184.38,-52.48,51.68,BJC,Commerce,-631.7699999999998
2021-08-06,62.91,63.06,125.96,-0.15,44.8,BJC,Commerce,-631.9199999999997
2021-08-09,17.63,30.49,48.12,-12.86,31.87,BJC,Commerce,-644.7799999999997
2021-08-10,31.31,30.47,61.77,0.84,29.32,BJC,Commerce,-643.9399999999997
2021-08-11,90.5,158.09,248.59,-67.59,37.27,BJC,Commerce,-711.5299999999997
2021-08-13,37.72,53.97,91.69,-16.25,39.34,BJC,Commerce,-727.7799999999997
2021-08-16,38.64,16.59,55.23,22.05,30.68,BJC,Commerce,-705.7299999999998
2021-08-17,75.36,78.46,153.82,-3.09,42.4,BJC,Commerce,-708.8199999999998
2021-08-18,115.55,74.77,190.32,40.79,38.9,BJC,Commerce,-668.0299999999999
2021-08-19,51.3,64.41,115.71,-13.11,41.09,BJC,Commerce,-681.1399999999999
2021-08-20,45.57,41.25,86.82,4.32,31.78,BJC,Commerce,-676.8199999999998
2021-08-23,157.68,74.99,232.67,82.69,28.8,BJC,Commerce,-594.1299999999999
2021-08-24,133.45,98.82,232.27,34.63,28.16,BJC,Commerce,-559.4999999999999
2021-08-25,56.43,57.63,114.06,-1.2,33.09,BJC,Commerce,-560.6999999999999
2021-08-26,58.28,30.39,88.67,27.89,22.29,BJC,Commerce,-532.81
2021-08-27,70.3,23.91,94.21,46.39,21.46,BJC,Commerce,-486.41999999999996
2021-08-30,107.1,26.06,133.16,81.04,26.69,BJC,Commerce,-405.37999999999994
2021-08-31,129.81,72.57,202.38,57.25,46.84,BJC,Commerce,-348.12999999999994
2021-09-01,243.94,50.21,294.15,193.74,31.2,BJC,Commerce,-154.38999999999993
2021-09-02,79.16,29.81,108.97,49.36,23.53,BJC,Commerce,-105.02999999999993
2021-09-03,83.36,60.85,144.21,22.51,30.5,BJC,Commerce,-82.51999999999992
2021-09-06,26.4,52.8,79.2,-26.4,40.42,BJC,Commerce,-108.91999999999993
2021-09-07,49.3,41.65,90.95,7.65,46.97,BJC,Commerce,-101.26999999999992
2021-09-08,92.4,71.16,163.56,21.24,25.23,BJC,Commerce,-80.02999999999993
2021-09-09,77.6,59.55,137.15,18.05,30.51,BJC,Commerce,-61.97999999999993
2021-09-10,80.68,60.9,141.59,19.78,29.02,BJC,Commerce,-42.19999999999993
2021-09-13,75.22,45.3,120.53,29.92,25.38,BJC,Commerce,-12.27999999999993
2021-09-14,99.02,65.46,164.47,33.56,31.15,BJC,Commerce,21.280000000000072
2021-09-15,52.97,39.74,92.71,13.22,39.82,BJC,Commerce,34.50000000000007
2021-09-16,34.87,18.87,53.74,16.01,17.27,BJC,Commerce,50.510000000000076
2021-09-17,117.64,154.82,272.46,-37.18,37.14,BJC,Commerce,13.330000000000076
2021-09-20,45.37,55.6,100.97,-10.23,24.04,BJC,Commerce,3.100000000000076
2021-09-21,164.1,87.79,251.89,76.3,46.02,BJC,Commerce,79.40000000000008
2021-09-22,48.25,57.75,106.0,-9.49,26.34,BJC,Commerce,69.91000000000008
2021-09-23,49.43,114.15,163.58,-64.72,40.77,BJC,Commerce,5.190000000000083
2021-09-27,31.58,41.04,72.63,-9.46,30.93,BJC,Commerce,-4.269999999999918
2021-09-28,37.63,78.2,115.82,-40.57,41.81,BJC,Commerce,-44.83999999999992
2021-09-29,22.23,60.77,83.0,-38.54,31.03,BJC,Commerce,-83.37999999999991
2021-09-30,14.47,46.2,60.67,-31.72,21.32,BJC,Commerce,-115.09999999999991
2021-10-01,17.7,43.13,60.83,-25.43,27.76,BJC,Commerce,-140.52999999999992
2021-10-04,35.62,51.09,86.71,-15.47,28.32,BJC,Commerce,-155.99999999999991
2021-10-05,66.99,89.53,156.53,-22.54,44.83,BJC,Commerce,-178.5399999999999
2021-10-06,22.54,37.04,59.58,-14.5,35.59,BJC,Commerce,-193.0399999999999
2021-10-07,46.29,88.29,134.58,-41.99,37.02,BJC,Commerce,-235.02999999999992
2021-10-08,98.15,48.61,146.76,49.54,33.94,BJC,Commerce,-185.48999999999992
2021-10-11,32.23,30.31,62.54,1.92,41.02,BJC,Commerce,-183.56999999999994
2021-10-12,217.5,106.5,324.01,111.0,19.7,BJC,Commerce,-72.56999999999994
2021-10-14,130.42,60.59,191.01,69.84,29.51,BJC,Commerce,-2.729999999999933
2021-10-15,245.44,154.62,400.06,90.82,26.06,BJC,Commerce,88.09000000000006
2021-10-18,55.82,97.08,152.9,-41.27,39.1,BJC,Commerce,46.82000000000006
2021-10-19,45.25,143.36,188.61,-98.1,32.76,BJC,Commerce,-51.27999999999994
2021-10-20,24.6,62.04,86.64,-37.44,41.79,BJC,Commerce,-88.71999999999994
2021-10-21,96.33,79.76,176.09,16.57,41.46,BJC,Commerce,-72.14999999999995
2021-10-25,91.05,45.46,136.5,45.59,37.16,BJC,Commerce,-26.559999999999945
2021-10-26,42.62,40.27,82.89,2.35,35.17,BJC,Commerce,-24.209999999999944
2021-10-27,24.26,8.93,33.19,15.32,53.13,BJC,Commerce,-8.889999999999944
2021-10-28,32.01,41.83,73.84,-9.82,37.31,BJC,Commerce,-18.709999999999944
2021-10-29,58.46,85.38,143.84,-26.92,49.34,BJC,Commerce,-45.629999999999946
2021-11-01,35.87,17.54,53.41,18.33,32.9,BJC,Commerce,-27.299999999999947
2021-11-02,147.8,70.97,218.77,76.83,34.9,BJC,Commerce,49.53000000000005
2021-11-03,300.38,137.07,437.45,163.31,26.12,BJC,Commerce,212.84000000000006
2021-11-04,31.45,34.86,66.31,-3.4,22.06,BJC,Commerce,209.44000000000005
2021-11-05,24.4,21.4,45.79,3.0,30.15,BJC,Commerce,212.44000000000005
2021-11-08,52.59,44.02,96.61,8.56,45.1,BJC,Commerce,221.00000000000006
2021-11-09,124.01,40.51,164.52,83.51,37.51,BJC,Commerce,304.51000000000005
2021-11-10,70.13,51.22,121.36,18.91,34.92,BJC,Commerce,323.4200000000001
2021-11-11,108.82,95.75,204.58,13.07,36.74,BJC,Commerce,336.49000000000007
2021-11-12,105.86,47.01,152.87,58.85,38.28,BJC,Commerce,395.3400000000001
2021-11-15,176.34,43.97,220.31,132.37,38.6,BJC,Commerce,527.71
2021-11-16,113.9,82.12,196.02,31.79,35.87,BJC,Commerce,559.5
2021-11-17,208.51,258.14,466.65,-49.63,43.34,BJC,Commerce,509.87
2021-11-18,416.46,136.26,552.72,280.21,42.74,BJC,Commerce,790.0799999999999
2021-11-19,222.11,157.62,379.73,64.5,45.12,BJC,Commerce,854.5799999999999
2021-11-22,308.98,128.83,437.81,180.14,34.58,BJC,Commerce,1034.7199999999998
2021-11-23,109.14,68.52,177.67,40.62,46.81,BJC,Commerce,1075.3399999999997
2021-11-24,205.49,62.7,268.2,142.79,48.65,BJC,Commerce,1218.1299999999997
2021-11-25,121.7,39.85,161.54,81.85,38.98,BJC,Commerce,1299.9799999999996
2021-11-26,139.97,179.23,319.2,-39.26,27.64,BJC,Commerce,1260.7199999999996
2021-11-29,44.96,116.67,161.63,-71.7,35.59,BJC,Commerce,1189.0199999999995
2021-11-30,123.94,210.5,334.44,-86.56,39.35,BJC,Commerce,1102.4599999999996
2021-12-01,86.85,102.78,189.62,-15.93,30.16,BJC,Commerce,1086.5299999999995
2021-12-02,57.58,98.19,155.77,-40.61,32.64,BJC,Commerce,1045.9199999999996
2021-12-03,68.34,64.85,133.19,3.49,40.35,BJC,Commerce,1049.4099999999996
2021-12-07,73.29,57.38,130.67,15.91,37.81,BJC,Commerce,1065.3199999999997
2021-12-08,86.47,51.19,137.67,35.28,31.62,BJC,Commerce,1100.5999999999997
2021-12-09,91.46,67.23,158.68,24.23,35.57,BJC,Commerce,1124.8299999999997
2021-12-13,140.61,104.51,245.12,36.1,44.23,BJC,Commerce,1160.9299999999996
2021-12-14,88.42,77.55,165.98,10.87,34.85,BJC,Commerce,1171.7999999999995
2021-12-15,55.74,47.37,103.11,8.37,31.35,BJC,Commerce,1180.1699999999994
2021-12-16,68.76,44.06,112.82,24.71,34.93,BJC,Commerce,1204.8799999999994
2021-12-17,159.75,96.0,255.75,63.76,42.21,BJC,Commerce,1268.6399999999994
2021-12-20,209.65,418.33,627.98,-208.68,32.48,BJC,Commerce,1059.9599999999994
2021-12-21,179.75,268.05,447.8,-88.3,31.97,BJC,Commerce,971.6599999999994
2021-12-22,42.09,61.2,103.29,-19.11,14.11,BJC,Commerce,952.5499999999994
2021-12-23,58.76,88.38,147.14,-29.63,34.35,BJC,Commerce,922.9199999999994
2021-12-24,65.41,74.02,139.43,-8.61,21.21,BJC,Commerce,914.3099999999994
2021-12-27,148.36,65.55,213.91,82.8,23.8,BJC,Commerce,997.1099999999993
2021-12-28,141.38,136.28,277.66,5.1,25.18,BJC,Commerce,1002.2099999999994
2021-12-29,140.23,82.51,222.74,57.73,29.56,BJC,Commerce,1059.9399999999994
2021-12-30,466.8,197.74,664.54,269.06,32.03,BJC,Commerce,1328.9999999999993
2022-01-04,180.64,192.38,373.01,-11.74,30.19,BJC,Commerce,1317.2599999999993
2022-01-05,69.03,75.17,144.2,-6.14,25.96,BJC,Commerce,1311.1199999999992
2022-01-06,126.17,94.23,220.41,31.94,32.14,BJC,Commerce,1343.0599999999993
2022-01-07,32.27,69.19,101.46,-36.92,31.64,BJC,Commerce,1306.1399999999992
2022-01-10,54.7,37.31,92.01,17.39,25.36,BJC,Commerce,1323.5299999999993
2022-01-11,27.87,39.15,67.02,-11.27,37.31,BJC,Commerce,1312.2599999999993
2022-01-12,38.43,60.89,99.32,-22.45,25.38,BJC,Commerce,1289.8099999999993
2022-01-13,28.17,29.01,57.18,-0.84,23.18,BJC,Commerce,1288.9699999999993
2022-01-14,40.43,52.83,93.26,-12.4,41.48,BJC,Commerce,1276.5699999999993
2022-01-17,12.83,30.55,43.38,-17.73,18.62,BJC,Commerce,1258.8399999999992
2022-01-18,9.51,39.89,49.39,-30.38,21.32,BJC,Commerce,1228.4599999999991
2022-01-19,19.46,107.28,126.75,-87.82,38.17,BJC,Commerce,1140.6399999999992
2022-01-20,32.1,43.26,75.36,-11.15,18.22,BJC,Commerce,1129.489999999999
2022-01-21,45.62,43.33,88.95,2.28,29.22,BJC,Commerce,1131.769999999999
2022-01-24,58.97,61.45,120.42,-2.47,28.4,BJC,Commerce,1129.299999999999
2022-01-25,45.68,82.4,128.08,-36.73,38.27,BJC,Commerce,1092.569999999999
2022-01-26,14.21,37.57,51.78,-23.35,24.97,BJC,Commerce,1069.2199999999991
2022-01-27,18.89,28.88,47.77,-9.99,24.29,BJC,Commerce,1059.229999999999
2022-01-28,113.55,56.25,169.81,57.3,23.2,BJC,Commerce,1116.529999999999
2022-01-31,20.78,34.98,55.76,-14.2,24.55,BJC,Commerce,1102.329999999999
2022-02-01,15.8,25.09,40.89,-9.29,18.37,BJC,Commerce,1093.039999999999
2022-02-02,21.8,19.13,40.94,2.67,23.32,BJC,Commerce,1095.7099999999991
2022-02-03,143.68,77.32,221.0,66.36,29.26,BJC,Commerce,1162.069999999999
2022-02-04,17.02,31.41,48.42,-14.39,25.11,BJC,Commerce,1147.679999999999
2022-02-07,26.53,59.02,85.54,-32.49,20.91,BJC,Commerce,1115.189999999999
2022-02-08,42.99,71.2,114.19,-28.21,38.84,BJC,Commerce,1086.9799999999989
2022-02-09,62.86,23.13,85.99,39.73,22.14,BJC,Commerce,1126.709999999999
2022-02-10,73.12,16.58,89.7,56.54,29.23,BJC,Commerce,1183.2499999999989
2022-02-11,35.04,44.46,79.49,-9.42,22.77,BJC,Commerce,1173.8299999999988
2022-02-14,39.14,22.16,61.31,16.98,31.75,BJC,Commerce,1190.8099999999988
2022-02-15,33.29,24.93,58.22,8.36,31.69,BJC,Commerce,1199.1699999999987
2022-02-17,59.19,12.39,71.58,46.8,29.35,BJC,Commerce,1245.9699999999987
2022-02-18,53.12,36.99,90.11,16.12,25.49,BJC,Commerce,1262.0899999999986
2022-02-21,52.5,50.79,103.29,1.71,18.7,BJC,Commerce,1263.7999999999986
2022-02-22,63.72,109.02,172.74,-45.29,25.19,BJC,Commerce,1218.5099999999986
2022-02-23,25.84,13.19,39.03,12.65,25.84,BJC,Commerce,1231.1599999999987
2022-02-24,186.38,81.37,267.75,105.01,17.52,BJC,Commerce,1336.1699999999987
2022-02-25,67.43,84.72,152.15,-17.28,24.56,BJC,Commerce,1318.8899999999987
2022-02-28,75.98,77.14,153.12,-1.16,28.48,BJC,Commerce,1317.7299999999987
2022-03-01,50.04,52.03,102.07,-1.99,23.26,BJC,Commerce,1315.7399999999986
2022-03-02,182.9,277.16,460.05,-94.26,27.23,BJC,Commerce,1221.4799999999987
2022-03-03,45.03,74.66,119.69,-29.64,21.51,BJC,Commerce,1191.8399999999986
2022-03-04,67.88,91.08,158.96,-23.2,38.8,BJC,Commerce,1168.6399999999985
2022-03-07,181.38,69.53,250.91,111.86,37.82,BJC,Commerce,1280.4999999999984
2022-03-08,172.64,118.81,291.44,53.83,26.8,BJC,Commerce,1334.3299999999983
2022-03-09,29.27,37.23,66.5,-7.96,31.17,BJC,Commerce,1326.3699999999983
2022-03-10,75.14,62.2,137.34,12.94,30.39,BJC,Commerce,1339.3099999999984
2022-03-11,43.98,33.09,77.07,10.88,27.63,BJC,Commerce,1350.1899999999985
2022-03-14,27.15,24.86,52.01,2.29,35.03,BJC,Commerce,1352.4799999999984
2022-03-15,27.88,43.09,70.97,-15.21,30.02,BJC,Commerce,1337.2699999999984
2022-03-16,94.94,56.05,151.0,38.89,28.8,BJC,Commerce,1376.1599999999985
2022-03-17,97.58,64.07,161.65,33.51,38.43,BJC,Commerce,1409.6699999999985
2022-03-18,89.71,90.93,180.64,-1.22,28.08,BJC,Commerce,1408.4499999999985
2022-03-21,66.28,91.76,158.04,-25.48,29.21,BJC,Commerce,1382.9699999999984
2022-03-22,33.72,44.24,77.96,-10.51,33.97,BJC,Commerce,1372.4599999999984
2022-03-23,61.45,40.33,101.78,21.12,32.07,BJC,Commerce,1393.5799999999983
2022-03-24,26.8,34.15,60.96,-7.35,29.89,BJC,Commerce,1386.2299999999984
2022-03-25,11.31,22.44,33.75,-11.13,22.4,BJC,Commerce,1375.0999999999983
2022-03-28,93.63,56.65,150.28,36.98,20.47,BJC,Commerce,1412.0799999999983
2022-03-29,74.59,141.47,216.06,-66.88,27.89,BJC,Commerce,1345.1999999999985
2022-03-30,27.37,25.57,52.94,1.8,21.32,BJC,Commerce,1346.9999999999984
2022-03-31,71.92,41.0,112.92,30.92,27.2,BJC,Commerce,1377.9199999999985
2022-04-01,14.69,9.03,23.73,5.66,27.48,BJC,Commerce,1383.5799999999986
2022-04-04,26.6,22.3,48.9,4.29,16.25,BJC,Commerce,1387.8699999999985
2022-04-05,42.29,7.02,49.32,35.27,35.14,BJC,Commerce,1423.1399999999985
2022-04-07,111.71,34.48,146.19,77.23,25.47,BJC,Commerce,1500.3699999999985
2022-04-08,91.74,26.75,118.49,64.99,26.24,BJC,Commerce,1565.3599999999985
2022-04-11,37.87,18.1,55.98,19.77,23.31,BJC,Commerce,1585.1299999999985
2022-04-12,37.96,12.12,50.09,25.84,15.75,BJC,Commerce,1610.9699999999984
2022-04-18,29.21,21.67,50.88,7.54,34.68,BJC,Commerce,1618.5099999999984
2022-04-19,12.26,24.52,36.78,-12.26,18.53,BJC,Commerce,1606.2499999999984
2022-04-20,39.61,25.27,64.88,14.34,27.68,BJC,Commerce,1620.5899999999983
2022-04-21,83.63,34.04,117.67,49.58,24.06,BJC,Commerce,1670.1699999999983
2022-04-22,73.35,15.33,88.68,58.02,25.35,BJC,Commerce,1728.1899999999982
2022-04-25,40.05,34.43,74.47,5.62,25.84,BJC,Commerce,1733.8099999999981
2022-04-26,84.87,45.27,130.14,39.61,43.62,BJC,Commerce,1773.419999999998
2022-04-27,72.55,37.71,110.25,34.84,31.11,BJC,Commerce,1808.259999999998
2022-04-28,23.34,26.28,49.62,-2.94,21.17,BJC,Commerce,1805.319999999998
2022-04-29,23.17,28.71,51.88,-5.54,34.28,BJC,Commerce,1799.779999999998
2022-05-03,7.31,16.91,24.21,-9.6,23.96,BJC,Commerce,1790.179999999998
2022-05-05,109.97,68.17,178.14,41.8,38.59,BJC,Commerce,1831.979999999998
2022-05-06,63.02,43.05,106.07,19.97,28.5,BJC,Commerce,1851.949999999998
2022-05-09,101.61,50.87,152.49,50.74,43.77,BJC,Commerce,1902.689999999998
2022-05-10,141.68,62.53,204.21,79.15,37.72,BJC,Commerce,1981.839999999998
2022-05-11,84.92,42.97,127.89,41.95,29.41,BJC,Commerce,2023.7899999999981
2022-05-12,73.26,21.79,95.05,51.47,21.67,BJC,Commerce,2075.259999999998
2022-05-13,113.66,56.62,170.28,57.04,28.63,BJC,Commerce,2132.299999999998
2022-05-17,122.55,63.76,186.31,58.79,20.67,BJC,Commerce,2191.089999999998
2022-05-18,114.47,62.6,177.07,51.87,36.23,BJC,Commerce,2242.9599999999978
2022-05-19,102.63,83.33,185.96,19.31,27.81,BJC,Commerce,2262.2699999999977
2022-05-20,54.7,45.86,100.55,8.84,16.16,BJC,Commerce,2271.109999999998
2022-05-23,52.77,11.67,64.44,41.1,32.24,BJC,Commerce,2312.2099999999978
2022-05-24,44.2,24.63,68.84,19.57,19.86,BJC,Commerce,2331.779999999998
2022-05-25,55.74,18.42,74.16,37.32,27.09,BJC,Commerce,2369.099999999998
2022-05-26,27.14,56.7,83.83,-29.56,35.25,BJC,Commerce,2339.539999999998
2022-05-27,66.61,63.12,129.73,3.49,31.52,BJC,Commerce,2343.029999999998
2022-05-30,112.1,47.89,159.99,64.21,26.69,BJC,Commerce,2407.239999999998
2022-05-31,165.63,158.88,324.51,6.76,40.4,BJC,Commerce,2413.999999999998
2022-06-01,29.18,30.63,59.82,-1.45,25.99,BJC,Commerce,2412.5499999999984
2022-06-02,15.98,26.85,42.83,-10.88,23.88,BJC,Commerce,2401.6699999999983
2022-06-06,29.01,43.57,72.58,-14.55,32.56,BJC,Commerce,2387.119999999998
2022-06-07,28.34,15.24,43.58,13.1,41.85,BJC,Commerce,2400.219999999998
2022-06-08,90.22,307.79,398.01,-217.57,33.0,BJC,Commerce,2182.649999999998
2022-06-09,85.59,47.27,132.87,38.32,42.55,BJC,Commerce,2220.969999999998
2022-06-10,70.47,30.24,100.71,40.23,31.19,BJC,Commerce,2261.199999999998
2022-06-13,59.46,49.82,109.27,9.64,26.41,BJC,Commerce,2270.839999999998
2022-06-14,25.91,17.57,43.49,8.34,31.76,BJC,Commerce,2279.179999999998
2022-06-15,39.92,20.58,60.51,19.34,33.7,BJC,Commerce,2298.519999999998
2022-06-16,71.73,70.53,142.25,1.2,30.64,BJC,Commerce,2299.719999999998
2022-06-17,127.03,114.46,241.49,12.57,46.22,BJC,Commerce,2312.289999999998
2022-06-20,39.46,41.82,81.27,-2.36,39.73,BJC,Commerce,2309.929999999998
2022-06-21,40.72,34.13,74.85,6.59,33.73,BJC,Commerce,2316.519999999998
2022-06-22,28.49,49.21,77.71,-20.72,40.79,BJC,Commerce,2295.7999999999984
2022-06-23,24.92,25.14,50.05,-0.22,43.27,BJC,Commerce,2295.5799999999986
2022-06-24,27.72,19.05,46.77,8.66,30.52,BJC,Commerce,2304.2399999999984
2022-06-27,13.83,32.97,46.8,-19.14,24.78,BJC,Commerce,2285.0999999999985
2022-06-28,27.1,16.02,43.12,11.08,41.18,BJC,Commerce,2296.1799999999985
2022-06-29,12.14,8.83,20.97,3.3,19.67,BJC,Commerce,2299.4799999999987
2022-06-30,32.91,22.53,55.44,10.37,22.65,BJC,Commerce,2309.8499999999985
2022-07-01,16.1,22.27,38.37,-6.17,15.98,BJC,Commerce,2303.6799999999985
2022-07-04,9.21,14.77,23.98,-5.56,14.13,BJC,Commerce,2298.1199999999985
2022-07-05,34.47,20.74,55.21,13.73,17.34,BJC,Commerce,2311.8499999999985
2022-07-06,42.08,20.06,62.14,22.02,25.34,BJC,Commerce,2333.8699999999985
2022-07-07,33.2,21.97,55.17,11.23,34.46,BJC,Commerce,2345.0999999999985
2022-07-08,22.02,14.95,36.97,7.06,32.97,BJC,Commerce,2352.1599999999985
2022-07-11,11.08,22.16,33.23,-11.08,31.71,BJC,Commerce,2341.0799999999986
2022-07-12,38.04,16.43,54.47,21.6,45.85,BJC,Commerce,2362.6799999999985
2022-07-14,46.66,77.93,124.58,-31.27,21.71,BJC,Commerce,2331.4099999999985
2022-07-15,31.57,18.86,50.43,12.71,35.4,BJC,Commerce,2344.1199999999985
2022-07-18,20.86,17.57,38.43,3.29,31.53,BJC,Commerce,2347.4099999999985
2022-07-19,9.92,16.21,26.13,-6.28,25.34,BJC,Commerce,2341.1299999999983
2022-07-20,27.1,20.79,47.89,6.31,37.14,BJC,Commerce,2347.4399999999982
2022-07-21,17.26,10.15,27.41,7.11,35.65,BJC,Commerce,2354.5499999999984
2022-07-22,23.02,15.05,38.07,7.96,35.99,BJC,Commerce,2362.5099999999984
2022-07-25,17.6,11.76,29.36,5.84,15.99,BJC,Commerce,2368.3499999999985
2022-07-26,19.18,29.67,48.85,-10.49,32.05,BJC,Commerce,2357.8599999999988
2022-07-27,16.88,11.75,28.63,5.12,22.29,BJC,Commerce,2362.9799999999987
2022-08-01,31.34,64.45,95.79,-33.11,33.13,BJC,Commerce,2329.8699999999985
2022-08-02,25.98,33.3,59.28,-7.32,28.35,BJC,Commerce,2322.5499999999984
2022-08-03,9.62,7.86,17.48,1.76,14.79,BJC,Commerce,2324.3099999999986
2022-08-04,17.86,10.45,28.31,7.41,27.82,BJC,Commerce,2331.7199999999984
2022-08-05,8.95,14.03,22.99,-5.08,30.15,BJC,Commerce,2326.6399999999985
2022-08-08,35.65,25.13,60.77,10.52,56.61,BJC,Commerce,2337.1599999999985
2022-08-09,17.63,33.56,51.19,-15.92,31.29,BJC,Commerce,2321.2399999999984
2022-08-10,22.49,18.67,41.15,3.82,62.0,BJC,Commerce,2325.0599999999986
2022-08-11,106.18,40.85,147.02,65.33,34.0,BJC,Commerce,2390.3899999999985
2022-08-15,19.11,18.92,38.03,0.19,29.42,BJC,Commerce,2390.5799999999986
2022-08-16,18.57,18.71,37.28,-0.13,38.62,BJC,Commerce,2390.4499999999985
2022-08-17,26.32,17.32,43.64,9.0,22.37,BJC,Commerce,2399.4499999999985
2022-08-18,11.35,5.13,16.48,6.22,32.76,BJC,Commerce,2405.6699999999983
2022-08-19,27.6,11.74,39.33,15.86,28.23,BJC,Commerce,2421.5299999999984
2022-08-22,10.86,8.61,19.47,2.25,36.35,BJC,Commerce,2423.7799999999984
2022-08-23,20.59,23.16,43.75,-2.57,23.68,BJC,Commerce,2421.209999999998
2022-08-24,17.84,9.65,27.49,8.19,32.32,BJC,Commerce,2429.3999999999983
2022-08-25,8.12,9.53,17.65,-1.41,35.63,BJC,Commerce,2427.9899999999984
2022-08-26,20.55,21.91,42.45,-1.36,48.52,BJC,Commerce,2426.6299999999983
2022-08-29,17.43,9.87,27.3,7.56,38.33,BJC,Commerce,2434.1899999999982
2022-08-30,47.65,10.47,58.12,37.18,32.58,BJC,Commerce,2471.369999999998
2022-08-31,45.8,32.31,78.11,13.49,54.19,BJC,Commerce,2484.859999999998
2022-09-01,13.03,12.74,25.77,0.29,26.66,BJC,Commerce,2485.149999999998
2022-09-02,18.0,8.69,26.7,9.31,47.33,BJC,Commerce,2494.4599999999978
2022-09-05,11.62,14.55,26.16,-2.93,52.21,BJC,Commerce,2491.529999999998
2022-09-06,36.16,16.23,52.38,19.93,29.44,BJC,Commerce,2511.4599999999978
2022-09-07,73.27,60.13,133.4,13.14,15.7,BJC,Commerce,2524.5999999999976
2022-09-08,28.87,33.61,62.49,-4.74,19.93,BJC,Commerce,2519.859999999998
2022-09-09,8.76,5.87,14.63,2.89,6.31,BJC,Commerce,2522.7499999999977
2022-09-12,18.51,24.99,43.51,-6.48,18.14,BJC,Commerce,2516.2699999999977
2022-09-13,28.96,10.59,39.56,18.37,20.11,BJC,Commerce,2534.6399999999976
2022-09-14,29.82,38.98,68.8,-9.15,18.86,BJC,Commerce,2525.4899999999975
2022-09-15,5.57,9.01,14.58,-3.44,31.93,BJC,Commerce,2522.0499999999975
2022-09-16,73.25,77.67,150.92,-4.42,54.23,BJC,Commerce,2517.6299999999974
2022-09-19,9.39,42.74,52.13,-33.35,15.19,BJC,Commerce,2484.2799999999975
2022-09-20,26.4,38.84,65.24,-12.44,27.39,BJC,Commerce,2471.8399999999974
2022-09-21,21.09,34.58,55.67,-13.48,33.23,BJC,Commerce,2458.3599999999974
2022-09-22,12.69,13.08,25.78,-0.39,23.41,BJC,Commerce,2457.9699999999975
2022-09-23,13.92,20.7,34.62,-6.78,16.51,BJC,Commerce,2451.1899999999973
2022-09-26,22.6,46.78,69.38,-24.17,25.82,BJC,Commerce,2427.0199999999973
2022-09-27,46.26,21.54,67.79,24.72,18.74,BJC,Commerce,2451.739999999997
2022-09-28,47.95,24.2,72.15,23.76,26.76,BJC,Commerce,2475.4999999999973
2022-09-29,27.16,24.45,51.61,2.71,23.33,BJC,Commerce,2478.2099999999973
2022-09-30,52.03,40.91,92.93,11.12,28.02,BJC,Commerce,2489.329999999997
2022-10-03,95.94,84.27,180.21,11.66,22.84,BJC,Commerce,2500.989999999997
2022-10-04,42.03,25.93,67.96,16.1,34.88,BJC,Commerce,2517.089999999997
2022-10-05,40.31,50.02,90.33,-9.72,32.07,BJC,Commerce,2507.369999999997
2022-10-06,16.13,23.87,39.99,-7.74,38.42,BJC,Commerce,2499.6299999999974
2022-10-07,5.24,13.38,18.62,-8.14,36.34,BJC,Commerce,2491.4899999999975
2022-10-10,28.74,15.51,44.24,13.23,26.99,BJC,Commerce,2504.7199999999975
2022-10-11,30.0,23.63,53.63,6.38,57.06,BJC,Commerce,2511.0999999999976
2022-10-12,42.77,16.32,59.1,26.45,34.62,BJC,Commerce,2537.5499999999975
2022-10-17,17.75,18.18,35.93,-0.43,26.77,BJC,Commerce,2537.1199999999976
2022-10-18,32.9,16.02,48.93,16.88,34.39,BJC,Commerce,2553.9999999999977
2022-10-19,24.53,21.32,45.85,3.21,39.44,BJC,Commerce,2557.2099999999978
2022-10-20,23.0,19.58,42.59,3.42,17.64,BJC,Commerce,2560.629999999998
2022-10-21,28.24,24.82,53.07,3.42,42.6,BJC,Commerce,2564.049999999998
2022-10-25,28.22,28.15,56.37,0.07,34.48,BJC,Commerce,2564.119999999998
2022-10-26,23.48,13.55,37.03,9.93,31.55,BJC,Commerce,2574.049999999998
2022-10-27,23.14,5.74,28.87,17.4,30.91,BJC,Commerce,2591.449999999998
2022-10-28,24.36,12.09,36.46,12.27,35.3,BJC,Commerce,2603.719999999998
2022-10-31,24.7,23.52,48.23,1.18,14.27,BJC,Commerce,2604.899999999998
2022-11-01,73.03,19.75,92.79,53.28,24.89,BJC,Commerce,2658.179999999998
2022-11-02,14.24,5.04,19.29,9.2,23.24,BJC,Commerce,2667.379999999998
2022-11-03,11.62,7.58,19.21,4.04,15.18,BJC,Commerce,2671.419999999998
2022-11-04,69.61,75.58,145.19,-5.97,38.99,BJC,Commerce,2665.449999999998
2022-11-07,78.55,51.19,129.74,27.35,29.71,BJC,Commerce,2692.799999999998
2022-11-08,111.42,53.92,165.34,57.49,29.17,BJC,Commerce,2750.2899999999977
2022-11-09,112.27,68.91,181.18,43.37,25.39,BJC,Commerce,2793.6599999999976
2022-11-10,67.01,265.83,332.83,-198.82,21.13,BJC,Commerce,2594.8399999999974
2022-11-11,125.1,140.28,265.38,-15.18,13.72,BJC,Commerce,2579.6599999999976
2022-11-14,29.04,77.46,106.5,-48.42,14.79,BJC,Commerce,2531.2399999999975
2022-11-15,33.81,46.0,79.82,-12.19,16.34,BJC,Commerce,2519.0499999999975
2022-11-16,59.03,88.28,147.32,-29.25,22.2,BJC,Commerce,2489.7999999999975
2022-11-17,13.53,10.92,24.45,2.6,14.59,BJC,Commerce,2492.3999999999974
2022-11-18,66.6,24.39,90.99,42.2,36.34,BJC,Commerce,2534.599999999997
2022-11-21,75.39,25.39,100.78,50.0,33.49,BJC,Commerce,2584.599999999997
2022-11-22,40.27,30.21,70.48,10.06,21.32,BJC,Commerce,2594.659999999997
2022-11-23,71.75,149.73,221.48,-77.98,13.08,BJC,Commerce,2516.679999999997
2022-11-24,49.71,29.19,78.9,20.51,34.71,BJC,Commerce,2537.1899999999973
2022-11-25,18.45,26.53,44.98,-8.09,27.33,BJC,Commerce,2529.099999999997
2022-11-28,33.26,9.34,42.59,23.92,22.44,BJC,Commerce,2553.0199999999973
2022-11-29,48.73,11.79,60.52,36.93,20.24,BJC,Commerce,2589.949999999997
2022-11-30,136.53,86.11,222.64,50.41,35.76,BJC,Commerce,2640.359999999997
2022-12-01,44.54,26.31,70.85,18.23,22.76,BJC,Commerce,2658.589999999997
2022-12-02,41.1,51.99,93.09,-10.9,30.25,BJC,Commerce,2647.689999999997
2022-12-06,66.0,95.67,161.67,-29.67,31.3,BJC,Commerce,2618.019999999997
2022-12-07,22.38,38.91,61.29,-16.52,17.77,BJC,Commerce,2601.499999999997
2022-12-08,27.06,24.72,51.79,2.34,26.06,BJC,Commerce,2603.839999999997
2022-12-09,17.36,34.84,52.2,-17.48,28.64,BJC,Commerce,2586.359999999997
2022-12-13,41.21,30.09,71.29,11.12,18.3,BJC,Commerce,2597.479999999997
2022-12-14,33.75,31.8,65.54,1.95,27.5,BJC,Commerce,2599.4299999999967
2022-12-15,41.18,43.36,84.54,-2.18,22.44,BJC,Commerce,2597.249999999997
2022-12-16,60.08,106.73,166.81,-46.65,36.17,BJC,Commerce,2550.5999999999967
2022-12-19,17.35,28.81,46.17,-11.46,19.66,BJC,Commerce,2539.1399999999967
2022-12-20,80.37,40.93,121.31,39.44,2.04,BJC,Commerce,2578.5799999999967
2022-12-21,28.82,72.52,101.33,-43.7,1.87,BJC,Commerce,2534.879999999997
2022-12-22,82.48,220.35,302.83,-137.87,26.98,BJC,Commerce,2397.009999999997
2022-12-23,39.08,21.95,61.03,17.14,16.92,BJC,Commerce,2414.149999999997
2022-12-26,4.38,26.73,31.1,-22.35,22.56,BJC,Commerce,2391.799999999997
2022-12-27,42.63,49.56,92.19,-6.93,28.42,BJC,Commerce,2384.869999999997
2022-12-28,24.0,40.8,64.8,-16.8,23.01,BJC,Commerce,2368.069999999997
2022-12-29,28.63,11.2,39.83,17.43,30.89,BJC,Commerce,2385.499999999997
2022-12-30,38.86,29.75,68.61,9.11,18.97,BJC,Commerce,2394.609999999997
2023-01-03,21.83,21.35,43.18,0.48,18.05,BJC,Commerce,2395.089999999997
2023-01-04,27.21,10.37,37.59,16.84,16.31,BJC,Commerce,2411.929999999997
2023-01-05,49.27,80.46,129.73,-31.19,17.05,BJC,Commerce,2380.739999999997
2023-01-06,33.95,46.14,80.08,-12.19,15.5,BJC,Commerce,2368.549999999997
2023-01-09,27.61,38.2,65.81,-10.59,17.74,BJC,Commerce,2357.959999999997
2023-01-10,52.76,74.5,127.27,-21.74,29.11,BJC,Commerce,2336.219999999997
2023-01-11,39.16,55.64,94.79,-16.48,18.01,BJC,Commerce,2319.739999999997
2023-01-12,51.86,79.97,131.83,-28.11,25.48,BJC,Commerce,2291.629999999997
2023-01-13,84.21,70.66,154.86,13.55,17.76,BJC,Commerce,2305.179999999997
2023-01-16,36.73,15.84,52.57,20.89,38.06,BJC,Commerce,2326.069999999997
2023-01-17,44.45,33.29,77.74,11.16,30.83,BJC,Commerce,2337.229999999997
2023-01-18,76.1,88.82,164.92,-12.73,27.41,BJC,Commerce,2324.499999999997
2023-01-19,75.58,35.37,110.95,40.21,21.01,BJC,Commerce,2364.709999999997
2023-01-20,33.93,36.64,70.57,-2.7,35.67,BJC,Commerce,2362.009999999997
2023-01-23,21.46,36.08,57.55,-14.62,28.73,BJC,Commerce,2347.389999999997
2023-01-24,11.59,20.58,32.17,-8.99,33.69,BJC,Commerce,2338.3999999999974
2023-01-25,27.77,38.59,66.36,-10.82,13.08,BJC,Commerce,2327.579999999997
2023-01-26,82.85,153.52,236.37,-70.66,12.73,BJC,Commerce,2256.9199999999973
2023-01-27,26.45,30.03,56.48,-3.58,17.25,BJC,Commerce,2253.3399999999974
2023-01-30,28.95,21.3,50.25,7.64,21.1,BJC,Commerce,2260.9799999999973
2023-01-31,66.04,36.08,102.11,29.96,23.19,BJC,Commerce,2290.9399999999973
2023-02-01,93.25,103.38,196.64,-10.13,23.44,BJC,Commerce,2280.809999999997
2023-02-02,36.72,42.1,78.82,-5.38,27.83,BJC,Commerce,2275.429999999997
2023-02-03,22.32,16.82,39.14,5.5,20.17,BJC,Commerce,2280.929999999997
2023-02-06,41.31,26.75,68.06,14.57,30.06,BJC,Commerce,2295.4999999999973
2023-02-07,19.18,47.23,66.41,-28.05,18.19,BJC,Commerce,2267.449999999997
2023-02-08,45.0,90.04,135.04,-45.03,16.74,BJC,Commerce,2222.419999999997
2023-02-09,36.4,45.92,82.32,-9.52,23.18,BJC,Commerce,2212.899999999997
2023-02-10,15.78,22.84,38.62,-7.06,16.9,BJC,Commerce,2205.839999999997
2023-02-13,14.13,28.35,42.48,-14.22,18.99,BJC,Commerce,2191.619999999997
2023-02-14,67.28,23.47,90.75,43.81,30.45,BJC,Commerce,2235.429999999997
2023-02-15,53.52,23.36,76.89,30.16,26.92,BJC,Commerce,2265.589999999997
2023-02-16,53.68,29.21,82.89,24.47,31.43,BJC,Commerce,2290.0599999999968
2023-02-17,52.43,26.0,78.43,26.43,19.22,BJC,Commerce,2316.4899999999966
2023-02-20,14.7,18.45,33.15,-3.75,27.06,BJC,Commerce,2312.7399999999966
2023-02-21,25.17,34.59,59.76,-9.42,22.69,BJC,Commerce,2303.3199999999965
2023-02-22,54.36,26.33,80.69,28.03,16.44,BJC,Commerce,2331.3499999999967
2023-02-23,85.58,43.88,129.47,41.7,24.07,BJC,Commerce,2373.0499999999965
2023-02-24,26.62,59.14,85.76,-32.52,22.33,BJC,Commerce,2340.5299999999966
2023-02-27,47.08,25.35,72.42,21.73,29.0,BJC,Commerce,2362.2599999999966
2023-02-28,32.94,47.44,80.38,-14.5,26.1,BJC,Commerce,2347.7599999999966
2023-03-01,8.51,19.71,28.22,-11.2,19.66,BJC,Commerce,2336.5599999999968
2023-03-02,51.26,19.65,70.92,31.61,21.24,BJC,Commerce,2368.169999999997
2023-03-03,147.16,51.12,198.28,96.04,26.72,BJC,Commerce,2464.209999999997
2023-03-07,33.02,44.5,77.51,-11.48,22.59,BJC,Commerce,2452.729999999997
2023-03-08,38.29,53.38,91.67,-15.09,16.81,BJC,Commerce,2437.6399999999967
2023-03-09,59.51,46.28,105.79,13.22,24.41,BJC,Commerce,2450.8599999999965
2023-03-10,36.89,30.64,67.53,6.25,28.58,BJC,Commerce,2457.1099999999965
2023-03-13,40.55,61.85,102.4,-21.29,23.61,BJC,Commerce,2435.8199999999965
2023-03-14,91.65,95.04,186.69,-3.38,22.78,BJC,Commerce,2432.4399999999964
2023-03-15,42.16,37.85,80.01,4.32,27.01,BJC,Commerce,2436.7599999999966
2023-03-16,21.96,35.51,57.47,-13.55,22.26,BJC,Commerce,2423.2099999999964
2023-03-17,81.93,72.78,154.7,9.15,48.95,BJC,Commerce,2432.3599999999965
2023-03-20,50.88,50.95,101.83,-0.07,23.35,BJC,Commerce,2432.2899999999963
2023-03-21,45.86,63.07,108.93,-17.21,18.71,BJC,Commerce,2415.0799999999963
2023-03-22,39.49,27.2,66.68,12.29,18.0,BJC,Commerce,2427.3699999999963
2023-03-23,53.14,37.31,90.45,15.83,19.77,BJC,Commerce,2443.199999999996
2023-03-24,21.85,17.83,39.68,4.01,13.55,BJC,Commerce,2447.2099999999964
2023-03-27,31.9,48.46,80.36,-16.56,19.88,BJC,Commerce,2430.6499999999965
2023-03-28,121.65,64.21,185.85,57.44,25.77,BJC,Commerce,2488.0899999999965
2023-03-29,109.19,58.28,167.47,50.9,19.83,BJC,Commerce,2538.9899999999966
2023-03-30,24.11,35.65,59.75,-11.54,23.21,BJC,Commerce,2527.4499999999966
2023-03-31,70.28,22.82,93.1,47.46,27.65,BJC,Commerce,2574.9099999999967
2023-04-03,15.07,34.43,49.5,-19.36,34.69,BJC,Commerce,2555.5499999999965
2023-04-04,40.93,16.75,57.68,24.19,19.58,BJC,Commerce,2579.7399999999966
2023-04-05,27.95,23.66,51.6,4.29,31.2,BJC,Commerce,2584.0299999999966
2023-04-07,38.14,31.52,69.66,6.62,24.77,BJC,Commerce,2590.6499999999965
2023-04-10,23.8,32.74,56.54,-8.95,37.39,BJC,Commerce,2581.6999999999966
2023-04-11,10.59,25.68,36.26,-15.09,25.65,BJC,Commerce,2566.6099999999965
2023-04-12,44.88,58.74,103.62,-13.87,30.45,BJC,Commerce,2552.7399999999966
2023-04-17,47.63,26.44,74.07,21.2,29.79,BJC,Commerce,2573.9399999999964
2023-04-18,63.49,23.06,86.55,40.44,34.18,BJC,Commerce,2614.3799999999965
2023-04-19,31.09,21.01,52.1,10.07,22.69,BJC,Commerce,2624.4499999999966
2023-04-20,29.1,35.65,64.74,-6.55,30.53,BJC,Commerce,2617.8999999999965
2023-04-21,43.91,16.48,60.39,27.43,25.42,BJC,Commerce,2645.3299999999963
2023-04-24,21.49,9.99,31.47,11.5,31.82,BJC,Commerce,2656.8299999999963
2023-04-25,52.89,24.41,77.3,28.48,37.98,BJC,Commerce,2685.3099999999963
2023-04-26,27.03,21.76,48.78,5.27,36.09,BJC,Commerce,2690.5799999999963
2023-04-27,36.94,48.65,85.59,-11.71,19.49,BJC,Commerce,2678.8699999999963
2023-04-28,71.45,56.35,127.81,15.1,31.21,BJC,Commerce,2693.969999999996
2023-05-02,56.32,18.69,75.0,37.63,26.46,BJC,Commerce,2731.5999999999963
2023-05-03,51.63,72.07,123.7,-20.44,24.34,BJC,Commerce,2711.159999999996
2023-05-08,51.9,98.28,150.18,-46.38,28.6,BJC,Commerce,2664.779999999996
2023-05-09,42.43,55.58,98.01,-13.15,20.65,BJC,Commerce,2651.629999999996
2023-05-10,38.45,87.73,126.18,-49.28,36.51,BJC,Commerce,2602.349999999996
2023-05-11,61.02,135.09,196.1,-74.07,40.49,BJC,Commerce,2528.2799999999957
2023-05-12,111.43,96.0,207.43,15.43,39.45,BJC,Commerce,2543.7099999999955
2023-05-15,53.17,85.42,138.6,-32.25,35.74,BJC,Commerce,2511.4599999999955
2023-05-16,53.1,102.78,155.88,-49.68,49.67,BJC,Commerce,2461.7799999999957
2023-05-17,62.89,66.98,129.87,-4.09,48.22,BJC,Commerce,2457.6899999999955
2023-05-18,34.86,83.74,118.6,-48.88,34.13,BJC,Commerce,2408.8099999999954
2023-05-19,40.25,56.5,96.74,-16.25,34.85,BJC,Commerce,2392.5599999999954
2023-05-22,43.04,49.26,92.29,-6.22,49.61,BJC,Commerce,2386.3399999999956
2023-05-23,27.65,50.08,77.73,-22.43,46.27,BJC,Commerce,2363.9099999999958
2023-05-24,45.73,68.74,114.47,-23.01,56.0,BJC,Commerce,2340.8999999999955
2023-05-25,26.91,36.72,63.63,-9.81,48.65,BJC,Commerce,2331.0899999999956
2023-05-26,39.14,30.94,70.08,8.2,48.51,BJC,Commerce,2339.2899999999954
2023-05-29,32.17,49.57,81.74,-17.4,34.25,BJC,Commerce,2321.8899999999953
2023-05-30,56.75,79.89,136.64,-23.14,39.72,BJC,Commerce,2298.7499999999955
2023-05-31,726.35,882.52,1608.87,-156.16,66.02,BJC,Commerce,2142.5899999999956
2023-06-01,56.3,175.01,231.31,-118.71,42.31,BJC,Commerce,2023.8799999999956
2023-06-02,23.58,49.49,73.08,-25.91,49.97,BJC,Commerce,1997.9699999999955
2023-06-06,22.54,42.24,64.78,-19.7,38.48,BJC,Commerce,1978.2699999999954
2023-06-07,105.4,110.15,215.54,-4.75,38.81,BJC,Commerce,1973.5199999999954
2023-06-08,101.82,50.05,151.87,51.77,38.96,BJC,Commerce,2025.2899999999954
2023-06-09,16.64,28.07,44.71,-11.43,32.3,BJC,Commerce,2013.8599999999954
2023-06-12,24.71,38.19,62.9,-13.48,46.22,BJC,Commerce,2000.3799999999953
2023-06-13,30.42,27.27,57.69,3.15,41.37,BJC,Commerce,2003.5299999999954
2023-06-14,30.69,76.06,106.75,-45.38,24.57,BJC,Commerce,1958.1499999999953
2023-06-15,16.07,42.42,58.49,-26.35,32.22,BJC,Commerce,1931.7999999999954
2023-06-16,202.37,179.51,381.87,22.86,74.71,BJC,Commerce,1954.6599999999953
2023-06-19,10.48,35.46,45.94,-24.99,30.85,BJC,Commerce,1929.6699999999953
2023-06-20,41.1,33.78,74.88,7.32,36.4,BJC,Commerce,1936.9899999999952
2023-06-21,16.31,32.33,48.64,-16.02,40.43,BJC,Commerce,1920.9699999999953
2023-06-22,17.78,32.0,49.78,-14.22,37.25,BJC,Commerce,1906.7499999999952
2023-06-23,8.35,12.07,20.43,-3.72,31.09,BJC,Commerce,1903.0299999999952
2023-06-26,19.38,20.62,40.0,-1.24,27.89,BJC,Commerce,1901.7899999999952
2023-06-27,25.76,21.12,46.88,4.65,46.81,BJC,Commerce,1906.4399999999953
2023-06-28,42.96,41.5,84.46,1.46,37.77,BJC,Commerce,1907.8999999999953
2023-06-29,23.62,19.19,42.81,4.43,30.27,BJC,Commerce,1912.3299999999954
2023-06-30,26.88,34.93,61.82,-8.05,28.66,BJC,Commerce,1904.2799999999954
2023-07-03,11.34,27.92,39.26,-16.58,37.75,BJC,Commerce,1887.6999999999955
2023-07-04,42.82,53.54,96.36,-10.72,33.3,BJC,Commerce,1876.9799999999955
2023-07-05,56.03,29.79,85.82,26.24,48.24,BJC,Commerce,1903.2199999999955
2023-07-06,36.64,16.41,53.05,20.22,19.1,BJC,Commerce,1923.4399999999955
2023-07-07,46.58,28.05,74.64,18.53,39.42,BJC,Commerce,1941.9699999999955
2023-07-10,22.11,13.82,35.93,8.29,29.79,BJC,Commerce,1950.2599999999954
2023-07-11,5.99,9.01,15.0,-3.01,37.26,BJC,Commerce,1947.2499999999955
2023-07-12,30.11,21.52,51.63,8.59,30.17,BJC,Commerce,1955.8399999999954
2023-07-13,7.52,7.66,15.18,-0.14,42.18,BJC,Commerce,1955.6999999999953
2023-07-14,36.19,52.72,88.9,-16.53,49.55,BJC,Commerce,1939.1699999999953
2023-07-17,29.7,45.75,75.45,-16.05,46.99,BJC,Commerce,1923.1199999999953
2023-07-18,8.78,22.82,31.6,-14.04,29.75,BJC,Commerce,1909.0799999999954
2023-07-19,19.07,48.05,67.13,-28.98,37.25,BJC,Commerce,1880.0999999999954
2023-07-20,19.4,38.66,58.06,-19.26,36.71,BJC,Commerce,1860.8399999999954
2023-07-21,24.73,30.23,54.96,-5.5,35.4,BJC,Commerce,1855.3399999999954
2023-07-24,7.07,3.99,11.06,3.09,39.68,BJC,Commerce,1858.4299999999953
2023-07-25,15.71,40.44,56.15,-24.73,32.47,BJC,Commerce,1833.6999999999953
2023-07-26,2.45,9.27,11.72,-6.83,40.43,BJC,Commerce,1826.8699999999953
2023-07-27,13.82,9.74,23.56,4.07,26.42,BJC,Commerce,1830.9399999999953
2023-07-31,9.29,26.56,35.84,-17.27,23.64,BJC,Commerce,1813.6699999999953
2023-08-02,28.61,38.91,67.52,-10.3,23.08,BJC,Commerce,1803.3699999999953
2023-08-03,7.34,12.16,19.49,-4.82,24.46,BJC,Commerce,1798.5499999999954
2023-08-04,46.62,68.44,115.06,-21.82,44.48,BJC,Commerce,1776.7299999999955
2023-08-07,72.52,59.09,131.61,13.44,26.09,BJC,Commerce,1790.1699999999955
2023-08-08,40.91,47.39,88.3,-6.49,35.95,BJC,Commerce,1783.6799999999955
2023-08-09,21.1,28.6,49.7,-7.51,25.43,BJC,Commerce,1776.1699999999955
2023-08-10,40.75,78.55,119.29,-37.8,28.32,BJC,Commerce,1738.3699999999956
2023-08-11,18.31,24.35,42.66,-6.04,24.34,BJC,Commerce,1732.3299999999956
2023-08-15,21.77,22.06,43.84,-0.29,31.2,BJC,Commerce,1732.0399999999956
2023-08-16,14.83,27.76,42.59,-12.92,30.63,BJC,Commerce,1719.1199999999956
2023-08-17,36.25,22.9,59.15,13.35,23.02,BJC,Commerce,1732.4699999999955
2023-08-18,11.82,21.12,32.94,-9.29,31.39,BJC,Commerce,1723.1799999999955
2023-08-21,17.41,7.24,24.65,10.18,13.13,BJC,Commerce,1733.3599999999956
2023-08-22,27.75,27.24,54.99,0.51,22.75,BJC,Commerce,1733.8699999999956
2023-08-23,43.2,36.94,80.13,6.26,27.63,BJC,Commerce,1740.1299999999956
2023-08-24,15.11,18.22,33.33,-3.11,19.89,BJC,Commerce,1737.0199999999957
2023-08-25,50.48,24.61,75.09,25.87,34.97,BJC,Commerce,1762.8899999999956
2023-08-28,19.2,5.76,24.97,13.44,21.57,BJC,Commerce,1776.3299999999956
2023-08-29,31.74,19.84,51.58,11.9,12.82,BJC,Commerce,1788.2299999999957
2023-08-30,66.62,63.77,130.39,2.84,19.65,BJC,Commerce,1791.0699999999956
2023-08-31,42.82,129.67,172.5,-86.85,40.62,BJC,Commerce,1704.2199999999957
2023-09-01,5.84,10.66,16.51,-4.82,22.09,BJC,Commerce,1699.3999999999958
2023-09-04,15.3,40.37,55.67,-25.06,26.45,BJC,Commerce,1674.3399999999958
2023-09-05,6.26,37.64,43.9,-31.39,30.29,BJC,Commerce,1642.9499999999957
2023-09-06,9.5,30.12,39.62,-20.62,24.59,BJC,Commerce,1622.3299999999958
2023-09-07,15.97,57.55,73.52,-41.58,21.53,BJC,Commerce,1580.749999999996
2023-09-08,20.8,66.46,87.26,-45.66,30.63,BJC,Commerce,1535.0899999999958
2023-09-11,12.23,13.88,26.1,-1.65,29.94,BJC,Commerce,1533.4399999999957
2023-09-12,22.06,32.08,54.14,-10.02,40.68,BJC,Commerce,1523.4199999999958
2023-09-13,32.77,27.09,59.86,5.68,16.66,BJC,Commerce,1529.0999999999958
2023-09-14,9.89,14.64,24.53,-4.75,24.52,BJC,Commerce,1524.3499999999958
2023-09-15,101.49,126.34,227.83,-24.85,39.9,BJC,Commerce,1499.499999999996
2023-09-18,52.92,63.41,116.32,-10.49,55.01,BJC,Commerce,1489.009999999996
2023-09-19,5.15,16.13,21.28,-10.98,21.6,BJC,Commerce,1478.0299999999959
2023-09-20,27.24,27.07,54.31,0.17,40.27,BJC,Commerce,1478.199999999996
2023-09-21,10.26,6.43,16.69,3.83,16.35,BJC,Commerce,1482.0299999999959
2023-09-22,11.26,12.25,23.51,-0.99,19.95,BJC,Commerce,1481.0399999999959
2023-09-25,21.11,18.87,39.98,2.24,39.0,BJC,Commerce,1483.2799999999959
2023-09-26,13.11,25.06,38.17,-11.95,38.15,BJC,Commerce,1471.3299999999958
2023-09-27,39.25,29.26,68.51,9.99,29.65,BJC,Commerce,1481.3199999999958
2023-09-28,35.95,35.95,71.9,-0.01,29.5,BJC,Commerce,1481.3099999999959
2023-09-29,21.2,29.87,51.07,-8.67,26.98,BJC,Commerce,1472.6399999999958
2023-10-02,20.38,13.22,33.59,7.16,22.71,BJC,Commerce,1479.7999999999959
2023-10-03,71.9,43.75,115.64,28.15,33.73,BJC,Commerce,1507.949999999996
2023-10-04,35.61,23.4,59.02,12.21,29.29,BJC,Commerce,1520.159999999996
2023-10-05,19.64,19.51,39.15,0.12,44.95,BJC,Commerce,1520.2799999999959
2023-10-06,39.65,22.61,62.27,17.04,61.45,BJC,Commerce,1537.3199999999958
2023-10-09,15.28,25.86,41.14,-10.57,34.12,BJC,Commerce,1526.749999999996
2023-10-10,8.49,18.45,26.94,-9.96,28.87,BJC,Commerce,1516.7899999999959
2023-10-11,46.89,28.24,75.13,18.65,28.31,BJC,Commerce,1535.439999999996
2023-10-12,18.94,32.65,51.59,-13.71,32.2,BJC,Commerce,1521.729999999996
2023-10-16,47.12,54.69,101.81,-7.56,28.55,BJC,Commerce,1514.169999999996
2023-10-17,28.97,16.49,45.47,12.48,36.28,BJC,Commerce,1526.649999999996
2023-10-18,43.95,48.24,92.19,-4.29,36.92,BJC,Commerce,1522.359999999996
2023-10-19,28.13,14.83,42.95,13.3,27.32,BJC,Commerce,1535.659999999996
2023-10-20,23.33,17.2,40.52,6.13,40.16,BJC,Commerce,1541.789999999996
2023-10-24,27.74,39.93,67.66,-12.19,50.9,BJC,Commerce,1529.599999999996
2023-10-25,36.6,20.74,57.34,15.87,33.66,BJC,Commerce,1545.469999999996
2023-10-26,32.35,10.05,42.41,22.3,30.95,BJC,Commerce,1567.769999999996
2023-10-27,10.92,12.94,23.85,-2.02,24.73,BJC,Commerce,1565.749999999996
2023-10-30,25.98,18.39,44.37,7.59,31.05,BJC,Commerce,1573.3399999999958
2023-10-31,46.69,23.26,69.95,23.43,39.3,BJC,Commerce,1596.769999999996
2023-11-01,19.68,15.52,35.2,4.16,33.48,BJC,Commerce,1600.929999999996
2023-11-02,24.62,14.43,39.06,10.19,29.91,BJC,Commerce,1611.119999999996
2023-11-03,38.35,21.75,60.1,16.59,35.03,BJC,Commerce,1627.709999999996
2023-11-06,120.03,85.58,205.61,34.44,55.02,BJC,Commerce,1662.149999999996
2023-11-07,71.54,57.44,128.99,14.1,46.49,BJC,Commerce,1676.249999999996
2023-11-08,22.85,15.02,37.87,7.83,39.51,BJC,Commerce,1684.0799999999958
2023-11-09,42.34,121.77,164.11,-79.43,18.8,BJC,Commerce,1604.6499999999958
2023-11-10,52.11,47.94,100.06,4.17,23.62,BJC,Commerce,1608.8199999999958
2023-11-13,25.19,28.66,53.85,-3.47,26.03,BJC,Commerce,1605.3499999999958
2023-11-14,16.08,31.5,47.58,-15.42,24.64,BJC,Commerce,1589.9299999999957
2023-11-15,31.92,42.99,74.92,-11.07,28.52,BJC,Commerce,1578.8599999999958
2023-11-16,12.05,15.95,27.99,-3.9,24.38,BJC,Commerce,1574.9599999999957
2023-11-17,16.17,48.93,65.1,-32.76,33.26,BJC,Commerce,1542.1999999999957
2023-11-20,8.66,30.5,39.16,-21.85,33.58,BJC,Commerce,1520.3499999999958
2023-11-21,16.4,17.88,34.28,-1.49,27.11,BJC,Commerce,1518.8599999999958
2023-11-22,11.98,32.77,44.74,-20.79,31.23,BJC,Commerce,1498.0699999999958
2023-11-23,73.12,55.16,128.28,17.96,21.62,BJC,Commerce,1516.0299999999959
2023-11-24,38.42,52.68,91.1,-14.26,44.1,BJC,Commerce,1501.769999999996
2023-11-27,36.96,60.51,97.47,-23.55,28.19,BJC,Commerce,1478.219999999996
2023-11-28,15.26,35.79,51.05,-20.54,27.37,BJC,Commerce,1457.679999999996
2023-11-29,16.53,56.06,72.59,-39.52,27.11,BJC,Commerce,1418.159999999996
2023-11-30,49.44,123.4,172.84,-73.96,34.29,BJC,Commerce,1344.199999999996
2023-12-01,18.81,33.84,52.66,-15.03,35.96,BJC,Commerce,1329.169999999996
2023-12-04,15.08,47.82,62.9,-32.74,36.37,BJC,Commerce,1296.429999999996
2023-12-06,20.82,30.7,51.52,-9.88,26.77,BJC,Commerce,1286.5499999999959
2023-12-07,24.52,15.6,40.11,8.92,37.11,BJC,Commerce,1295.469999999996
2023-12-08,44.13,37.37,81.5,6.75,39.74,BJC,Commerce,1302.219999999996
2023-12-12,24.95,62.06,87.01,-37.12,24.55,BJC,Commerce,1265.099999999996
2023-12-13,28.4,39.94,68.35,-11.54,40.28,BJC,Commerce,1253.559999999996
2023-12-14,58.89,35.22,94.11,23.67,38.88,BJC,Commerce,1277.2299999999962
2023-12-15,124.81,72.97,197.78,51.84,41.75,BJC,Commerce,1329.069999999996
2023-12-18,78.36,58.9,137.26,19.46,33.33,BJC,Commerce,1348.529999999996
2023-12-19,122.98,64.2,187.17,58.78,34.68,BJC,Commerce,1407.309999999996
2023-12-20,121.58,50.39,171.97,71.19,34.51,BJC,Commerce,1478.4999999999961
2023-12-21,143.49,79.84,223.33,63.65,38.63,BJC,Commerce,1542.1499999999962
2023-12-22,230.49,106.68,337.17,123.81,45.37,BJC,Commerce,1665.9599999999962
2023-12-25,5.27,19.04,24.31,-13.77,29.71,BJC,Commerce,1652.1899999999962
2023-12-26,13.89,25.91,39.8,-12.03,30.19,BJC,Commerce,1640.1599999999962
2023-12-27,15.47,29.2,44.68,-13.73,35.17,BJC,Commerce,1626.4299999999962
2023-12-28,30.68,45.5,76.18,-14.82,18.15,BJC,Commerce,1611.6099999999963
2024-01-02,45.76,24.93,70.69,20.83,32.65,BJC,Commerce,1632.4399999999962
2024-01-03,55.04,49.94,104.98,5.1,17.18,BJC,Commerce,1637.539999999996
2024-01-04,54.86,68.61,123.47,-13.75,27.17,BJC,Commerce,1623.789999999996
2024-01-05,23.55,102.27,125.82,-78.72,22.15,BJC,Commerce,1545.069999999996
2024-01-08,57.86,33.43,91.29,24.43,29.08,BJC,Commerce,1569.4999999999961
2024-01-09,44.6,17.7,62.3,26.89,24.03,BJC,Commerce,1596.3899999999962
2024-01-10,15.89,6.72,22.61,9.17,26.83,BJC,Commerce,1605.5599999999963
2024-01-11,12.9,13.32,26.22,-0.43,31.97,BJC,Commerce,1605.1299999999962
2024-01-12,29.29,54.69,83.98,-25.4,27.07,BJC,Commerce,1579.7299999999962
2024-01-15,49.41,50.86,100.27,-1.45,48.52,BJC,Commerce,1578.279999999996
2024-01-16,68.48,26.61,95.09,41.88,48.73,BJC,Commerce,1620.1599999999962
2024-01-17,34.89,34.27,69.16,0.62,35.36,BJC,Commerce,1620.779999999996
2024-01-18,76.34,55.41,131.75,20.92,39.33,BJC,Commerce,1641.6999999999962
2024-01-19,30.4,10.44,40.84,19.95,17.96,BJC,Commerce,1661.6499999999962
2024-01-22,46.42,26.47,72.89,19.95,34.96,BJC,Commerce,1681.5999999999963
2024-01-23,58.72,16.56,75.28,42.16,22.64,BJC,Commerce,1723.7599999999964
2024-01-24,60.38,45.76,106.15,14.62,29.84,BJC,Commerce,1738.3799999999962
2024-01-25,62.57,47.1,109.67,15.46,37.64,BJC,Commerce,1753.8399999999963
2024-01-26,82.48,98.53,181.01,-16.04,26.27,BJC,Commerce,1737.7999999999963
2024-01-29,151.19,38.29,189.48,112.9,30.22,BJC,Commerce,1850.6999999999964
2024-01-30,320.02,133.75,453.77,186.26,19.12,BJC,Commerce,2036.9599999999964
2024-01-31,90.94,123.03,213.97,-32.09,19.26,BJC,Commerce,2004.8699999999965
2024-02-01,180.12,72.42,252.54,107.7,21.47,BJC,Commerce,2112.5699999999965
2024-02-02,142.15,71.51,213.66,70.64,29.29,BJC,Commerce,2183.2099999999964
2024-02-05,51.83,54.98,106.81,-3.16,22.6,BJC,Commerce,2180.0499999999965
2024-02-06,55.21,29.77,84.98,25.44,29.72,BJC,Commerce,2205.4899999999966
2024-02-07,80.75,33.79,114.53,46.96,23.29,BJC,Commerce,2252.4499999999966
2024-02-08,104.42,96.65,201.07,7.77,27.29,BJC,Commerce,2260.2199999999966
2024-02-09,31.95,22.03,53.98,9.91,36.77,BJC,Commerce,2270.1299999999965
2024-02-12,66.25,70.86,137.1,-4.61,22.52,BJC,Commerce,2265.5199999999963
2024-02-13,128.76,82.95,211.71,45.81,33.21,BJC,Commerce,2311.3299999999963
2024-02-14,43.25,35.32,78.57,7.93,36.62,BJC,Commerce,2319.259999999996
2024-02-15,91.09,65.16,156.25,25.93,28.85,BJC,Commerce,2345.189999999996
2024-02-16,35.5,19.65,55.15,15.85,26.48,BJC,Commerce,2361.039999999996
2024-02-19,34.83,30.36,65.18,4.47,42.29,BJC,Commerce,2365.5099999999957
2024-02-20,59.92,53.12,113.04,6.8,31.15,BJC,Commerce,2372.309999999996
2024-02-21,69.12,28.29,97.41,40.83,28.02,BJC,Commerce,2413.139999999996
2024-02-22,86.29,114.57,200.86,-28.29,29.17,BJC,Commerce,2384.849999999996
2024-02-23,54.97,52.43,107.4,2.54,23.9,BJC,Commerce,2387.389999999996
2024-02-27,121.18,138.04,259.22,-16.87,33.9,BJC,Commerce,2370.519999999996
2024-02-28,129.68,109.74,239.42,19.94,31.37,BJC,Commerce,2390.459999999996
2024-02-29,2178.57,863.1,3041.67,1315.46,42.27,BJC,Commerce,3705.919999999996
2024-03-01,253.2,380.06,633.26,-126.85,37.02,BJC,Commerce,3579.069999999996
2024-03-04,150.77,212.41,363.18,-61.64,28.67,BJC,Commerce,3517.429999999996
2024-03-05,82.46,151.79,234.25,-69.33,39.02,BJC,Commerce,3448.0999999999963
2024-03-06,150.71,103.14,253.85,47.57,29.14,BJC,Commerce,3495.6699999999964
2024-03-07,87.41,136.13,223.54,-48.71,31.01,BJC,Commerce,3446.9599999999964
2024-03-08,98.04,73.47,171.51,24.57,25.15,BJC,Commerce,3471.5299999999966
2024-03-11,16.61,27.39,44.0,-10.78,25.9,BJC,Commerce,3460.7499999999964
2024-03-12,19.56,77.82,97.38,-58.26,30.85,BJC,Commerce,3402.489999999996
2024-03-13,56.08,112.67,168.75,-56.59,24.56,BJC,Commerce,3345.899999999996
2024-03-14,12.45,76.15,88.6,-63.7,23.19,BJC,Commerce,3282.199999999996
2024-03-15,23.43,55.42,78.84,-31.99,19.78,BJC,Commerce,3250.2099999999964
2024-03-18,9.12,45.93,55.05,-36.81,23.58,BJC,Commerce,3213.3999999999965
2024-03-19,91.78,40.77,132.55,51.02,22.85,BJC,Commerce,3264.4199999999964
2024-03-20,12.92,49.17,62.09,-36.25,31.69,BJC,Commerce,3228.1699999999964
2024-03-21,121.49,215.66,337.15,-94.17,36.92,BJC,Commerce,3133.9999999999964
2024-03-22,46.99,162.88,209.87,-115.89,30.56,BJC,Commerce,3018.1099999999965
2024-03-25,32.87,92.13,125.0,-59.26,30.16,BJC,Commerce,2958.8499999999963
2024-03-26,11.29,49.31,60.6,-38.02,23.22,BJC,Commerce,2920.8299999999963
2024-03-27,32.3,44.26,76.56,-11.96,27.61,BJC,Commerce,2908.8699999999963
2024-03-28,16.77,70.42,87.19,-53.66,29.51,BJC,Commerce,2855.2099999999964
2024-03-29,55.62,53.27,108.89,2.35,28.25,BJC,Commerce,2857.5599999999963
2024-04-01,26.47,22.25,48.72,4.21,23.48,BJC,Commerce,2861.7699999999963
2024-04-02,21.84,24.93,46.77,-3.1,19.9,BJC,Commerce,2858.6699999999964
2024-04-03,23.96,40.57,64.53,-16.61,32.94,BJC,Commerce,2842.0599999999963
2024-04-04,21.85,135.24,157.08,-113.39,31.88,BJC,Commerce,2728.6699999999964
2024-04-05,15.8,25.8,41.6,-9.99,24.75,BJC,Commerce,2718.6799999999967
2024-04-09,62.49,27.07,89.57,35.42,27.55,BJC,Commerce,2754.0999999999967
2024-04-10,55.04,76.43,131.47,-21.39,17.14,BJC,Commerce,2732.709999999997
2024-04-11,31.01,156.83,187.84,-125.82,29.35,BJC,Commerce,2606.8899999999967
2024-04-17,37.14,148.63,185.77,-111.49,20.72,BJC,Commerce,2495.399999999997
2024-04-18,94.68,41.5,136.18,53.18,19.49,BJC,Commerce,2548.5799999999967
2024-04-19,38.72,169.75,208.47,-131.04,23.03,BJC,Commerce,2417.539999999997
2024-04-22,169.33,49.59,218.92,119.73,29.17,BJC,Commerce,2537.269999999997
2024-04-23,51.18,24.22,75.4,26.96,17.17,BJC,Commerce,2564.229999999997
2024-04-24,27.49,26.71,54.2,0.79,24.82,BJC,Commerce,2565.019999999997
2024-04-25,32.87,28.61,61.49,4.26,20.69,BJC,Commerce,2569.279999999997
2024-04-26,180.13,206.0,386.13,-25.87,23.41,BJC,Commerce,2543.409999999997
2024-04-29,98.97,56.64,155.61,42.32,33.33,BJC,Commerce,2585.7299999999973
2024-04-30,46.11,89.87,135.98,-43.76,23.66,BJC,Commerce,2541.969999999997
2024-05-02,33.98,25.13,59.12,8.85,20.23,BJC,Commerce,2550.819999999997
2024-05-03,15.49,33.15,48.65,-17.66,25.96,BJC,Commerce,2533.159999999997
2024-05-07,21.33,30.34,51.67,-9.01,25.1,BJC,Commerce,2524.149999999997
2024-05-08,16.5,71.72,88.23,-55.22,40.3,BJC,Commerce,2468.929999999997
2024-05-09,13.54,30.57,44.11,-17.04,24.67,BJC,Commerce,2451.889999999997
2024-05-10,58.73,28.71,87.44,30.01,20.09,BJC,Commerce,2481.8999999999974
2024-05-13,18.61,25.6,44.21,-6.99,22.7,BJC,Commerce,2474.9099999999976
2024-05-14,30.54,37.67,68.21,-7.13,19.8,BJC,Commerce,2467.7799999999975
2024-05-15,93.37,411.13,504.5,-317.76,19.9,BJC,Commerce,2150.0199999999977
2024-05-16,27.12,47.27,74.4,-20.15,17.31,BJC,Commerce,2129.8699999999976
2024-05-17,49.07,123.94,173.01,-74.87,13.72,BJC,Commerce,2054.9999999999977
2024-05-20,47.58,60.21,107.79,-12.64,25.13,BJC,Commerce,2042.3599999999976
2024-05-21,7.31,24.21,31.52,-16.9,16.8,BJC,Commerce,2025.4599999999975
2024-05-23,12.19,43.79,55.98,-31.6,13.1,BJC,Commerce,1993.8599999999976
2024-05-24,21.89,20.16,42.04,1.73,20.81,BJC,Commerce,1995.5899999999976
2024-05-27,11.02,15.91,26.93,-4.89,14.87,BJC,Commerce,1990.6999999999975
2024-05-28,12.46,22.29,34.76,-9.83,16.31,BJC,Commerce,1980.8699999999976
2024-05-29,12.51,25.35,37.86,-12.84,22.55,BJC,Commerce,1968.0299999999977
2024-05-30,18.9,14.61,33.52,4.29,22.72,BJC,Commerce,1972.3199999999977
2024-05-31,9.61,24.28,33.89,-14.67,23.71,BJC,Commerce,1957.6499999999976
2024-06-04,21.16,12.85,34.01,8.32,18.67,BJC,Commerce,1965.9699999999975
2024-06-05,13.36,10.81,24.17,2.55,24.06,BJC,Commerce,1968.5199999999975
2024-06-06,27.97,15.38,43.35,12.6,19.75,BJC,Commerce,1981.1199999999974
2024-06-07,22.19,9.99,32.18,12.2,15.24,BJC,Commerce,1993.3199999999974
2024-06-10,6.23,12.37,18.6,-6.14,10.14,BJC,Commerce,1987.1799999999973
2024-06-11,47.81,18.65,66.46,29.16,20.41,BJC,Commerce,2016.3399999999974
2024-06-12,28.77,18.94,47.7,9.83,16.06,BJC,Commerce,2026.1699999999973
2024-06-13,15.7,21.22,36.91,-5.52,21.4,BJC,Commerce,2020.6499999999974
2024-06-14,55.85,50.73,106.58,5.11,21.58,BJC,Commerce,2025.7599999999973
2024-06-17,42.81,25.51,68.32,17.3,20.65,BJC,Commerce,2043.0599999999972
2024-06-18,39.54,35.43,74.96,4.11,31.73,BJC,Commerce,2047.1699999999971
2024-06-19,17.8,34.59,52.39,-16.8,22.13,BJC,Commerce,2030.3699999999972
2024-06-20,8.5,31.19,39.7,-22.69,31.89,BJC,Commerce,2007.679999999997
2024-06-21,33.3,49.1,82.4,-15.8,23.68,BJC,Commerce,1991.8799999999972
2024-06-24,15.53,15.1,30.62,0.43,14.66,BJC,Commerce,1992.3099999999972
2024-06-25,91.53,25.8,117.33,65.73,23.89,BJC,Commerce,2058.0399999999972
2024-06-26,42.71,67.33,110.05,-24.62,27.77,BJC,Commerce,2033.4199999999973
2024-06-27,16.13,27.36,43.49,-11.23,27.57,BJC,Commerce,2022.1899999999973
2024-06-28,111.52,331.56,443.09,-220.04,19.64,BJC,Commerce,1802.1499999999974
2024-07-01,29.27,50.6,79.87,-21.33,13.01,BJC,Commerce,1780.8199999999974
2024-07-02,108.63,60.56,169.19,48.06,23.18,BJC,Commerce,1828.8799999999974
2024-07-03,39.64,45.2,84.85,-5.56,17.52,BJC,Commerce,1823.3199999999974
2024-07-04,28.27,16.93,45.2,11.34,22.53,BJC,Commerce,1834.6599999999974
2024-07-05,36.35,27.77,64.12,8.59,34.55,BJC,Commerce,1843.2499999999973
2024-07-08,30.4,21.55,51.95,8.85,23.88,BJC,Commerce,1852.0999999999972
2024-07-09,54.8,60.21,115.01,-5.4,41.39,BJC,Commerce,1846.699999999997
2024-07-10,28.59,62.13,90.72,-33.54,28.58,BJC,Commerce,1813.1599999999971
2024-07-11,25.49,46.07,71.56,-20.58,36.39,BJC,Commerce,1792.5799999999972
2024-07-12,19.93,37.17,57.1,-17.24,33.96,BJC,Commerce,1775.3399999999972
2024-07-15,18.56,26.64,45.2,-8.08,30.3,BJC,Commerce,1767.2599999999973
2024-07-16,46.09,48.93,95.03,-2.84,38.23,BJC,Commerce,1764.4199999999973
2024-07-17,15.65,25.76,41.41,-10.1,28.71,BJC,Commerce,1754.3199999999974
2024-07-18,34.77,33.51,68.28,1.25,42.87,BJC,Commerce,1755.5699999999974
2024-07-19,30.23,62.07,92.31,-31.84,35.25,BJC,Commerce,1723.7299999999975
2024-07-23,44.74,38.32,83.07,6.42,36.63,BJC,Commerce,1730.1499999999976
2024-07-24,47.61,50.62,98.23,-3.01,32.34,BJC,Commerce,1727.1399999999976
2024-07-25,22.46,45.06,67.52,-22.6,42.16,BJC,Commerce,1704.5399999999977
2024-07-26,25.39,20.86,46.25,4.53,30.42,BJC,Commerce,1709.0699999999977
2024-07-30,22.3,25.95,48.25,-3.65,38.46,BJC,Commerce,1705.4199999999976
2024-07-31,16.9,8.96,25.86,7.94,22.58,BJC,Commerce,1713.3599999999976
2024-08-01,28.65,26.98,55.63,1.66,24.59,BJC,Commerce,1715.0199999999977
2024-08-02,14.35,36.96,51.31,-22.6,24.37,BJC,Commerce,1692.4199999999978
2024-08-05,45.67,53.48,99.15,-7.81,28.56,BJC,Commerce,1684.6099999999979
2024-08-06,25.15,36.92,62.07,-11.77,35.53,BJC,Commerce,1672.8399999999979
2024-08-07,37.11,29.97,67.08,7.14,33.38,BJC,Commerce,1679.979999999998
2024-08-08,8.85,6.93,15.78,1.92,16.55,BJC,Commerce,1681.899999999998
2024-08-09,7.25,10.45,17.7,-3.2,34.32,BJC,Commerce,1678.699999999998
2024-08-13,64.31,32.21,96.52,32.1,44.36,BJC,Commerce,1710.799999999998
2024-08-14,57.02,62.76,119.78,-5.74,37.33,BJC,Commerce,1705.059999999998
2024-08-15,40.0,38.34,78.34,1.66,37.17,BJC,Commerce,1706.719999999998
2024-08-16,28.0,12.89,40.89,15.1,27.18,BJC,Commerce,1721.819999999998
2024-08-19,46.0,22.36,68.35,23.64,28.61,BJC,Commerce,1745.459999999998
2024-08-20,37.38,45.23,82.61,-7.86,24.11,BJC,Commerce,1737.599999999998
2024-08-21,39.86,21.08,60.94,18.78,28.53,BJC,Commerce,1756.379999999998
2024-08-22,85.18,43.9,129.08,41.28,17.82,BJC,Commerce,1797.659999999998
2024-08-23,80.5,82.29,162.79,-1.79,17.24,BJC,Commerce,1795.869999999998
2024-08-26,33.93,110.28,144.2,-76.35,18.54,BJC,Commerce,1719.5199999999982
2024-08-27,36.01,38.24,74.25,-2.23,24.73,BJC,Commerce,1717.2899999999981
2024-08-28,41.47,32.95,74.43,8.52,25.1,BJC,Commerce,1725.8099999999981
2024-08-29,80.57,47.91,128.48,32.66,27.0,BJC,Commerce,1758.4699999999982
2024-08-30,335.97,327.48,663.45,8.5,54.2,BJC,Commerce,1766.9699999999982
2024-09-02,37.99,49.67,87.65,-11.68,34.5,BJC,Commerce,1755.2899999999981
2024-09-03,146.14,62.55,208.69,83.59,24.85,BJC,Commerce,1838.879999999998
2024-09-04,20.25,50.25,70.51,-30.0,21.44,BJC,Commerce,1808.879999999998
2024-09-05,90.61,107.4,198.02,-16.79,22.9,BJC,Commerce,1792.089999999998
2024-09-06,147.81,133.81,281.62,14.0,26.07,BJC,Commerce,1806.089999999998
2024-09-09,92.34,96.05,188.4,-3.71,20.73,BJC,Commerce,1802.379999999998
2024-09-10,48.47,71.62,120.09,-23.15,25.82,BJC,Commerce,1779.229999999998
2024-09-11,95.51,74.35,169.86,21.16,19.34,BJC,Commerce,1800.389999999998
2024-09-12,70.36,64.36,134.72,6.0,21.95,BJC,Commerce,1806.389999999998
2024-09-13,49.26,33.97,83.23,15.29,21.52,BJC,Commerce,1821.679999999998
2024-09-16,50.44,44.13,94.57,6.3,22.3,BJC,Commerce,1827.979999999998
2024-09-17,15.14,43.86,58.99,-28.72,16.14,BJC,Commerce,1799.259999999998
2024-09-18,33.23,56.16,89.39,-22.93,21.43,BJC,Commerce,1776.3299999999979
2024-09-19,28.99,39.41,68.4,-10.42,16.81,BJC,Commerce,1765.9099999999978
2024-09-20,98.16,118.01,216.17,-19.85,26.09,BJC,Commerce,1746.059999999998
2024-09-23,36.87,61.28,98.16,-24.41,26.21,BJC,Commerce,1721.6499999999978
2024-09-24,45.12,57.16,102.28,-12.04,27.91,BJC,Commerce,1709.6099999999979
2024-09-25,103.52,162.42,265.95,-58.9,25.34,BJC,Commerce,1650.7099999999978
2024-09-26,29.01,66.72,95.73,-37.7,19.42,BJC,Commerce,1613.0099999999977
2024-09-27,28.55,46.61,75.15,-18.06,20.25,BJC,Commerce,1594.9499999999978
2024-09-30,27.37,24.34,51.71,3.02,14.89,BJC,Commerce,1597.9699999999978
2024-10-01,16.02,59.35,75.37,-43.34,8.24,BJC,Commerce,1554.6299999999978
2024-10-02,79.98,53.76,133.74,26.22,19.52,BJC,Commerce,1580.8499999999979
2024-10-03,59.97,78.86,138.84,-18.89,20.73,BJC,Commerce,1561.9599999999978
2024-10-04,42.88,64.56,107.45,-21.68,22.52,BJC,Commerce,1540.2799999999977
2024-10-07,52.84,26.49,79.34,26.35,15.8,BJC,Commerce,1566.6299999999976
2024-10-08,10.84,24.66,35.51,-13.82,14.37,BJC,Commerce,1552.8099999999977
2024-10-09,4.88,9.62,14.49,-4.74,10.35,BJC,Commerce,1548.0699999999977
2024-10-10,15.01,2.71,17.71,12.3,15.42,BJC,Commerce,1560.3699999999976
2024-10-11,37.91,26.87,64.78,11.03,12.35,BJC,Commerce,1571.3999999999976
2024-10-15,45.89,53.62,99.5,-7.73,21.05,BJC,Commerce,1563.6699999999976
2024-10-16,102.01,39.21,141.22,62.8,34.38,BJC,Commerce,1626.4699999999975
2024-10-17,8.3,19.48,27.78,-11.18,15.49,BJC,Commerce,1615.2899999999975
2024-10-18,23.26,31.01,54.27,-7.75,20.38,BJC,Commerce,1607.5399999999975
2024-10-21,7.84,12.75,20.59,-4.91,12.03,BJC,Commerce,1602.6299999999974
2024-10-22,48.41,13.38,61.79,35.03,20.62,BJC,Commerce,1637.6599999999974
2024-10-24,82.9,48.68,131.59,34.22,17.77,BJC,Commerce,1671.8799999999974
2024-10-25,23.56,25.87,49.43,-2.31,23.44,BJC,Commerce,1669.5699999999974
2024-10-28,12.77,13.28,26.05,-0.52,17.94,BJC,Commerce,1669.0499999999975
2024-10-29,13.95,26.21,40.16,-12.26,36.66,BJC,Commerce,1656.7899999999975
2024-10-30,9.42,29.98,39.4,-20.56,34.55,BJC,Commerce,1636.2299999999975
2024-10-31,30.03,33.01,63.04,-2.98,30.08,BJC,Commerce,1633.2499999999975
2024-11-01,21.75,24.4,46.15,-2.65,26.0,BJC,Commerce,1630.5999999999974
2024-11-04,30.16,26.75,56.91,3.4,29.01,BJC,Commerce,1633.9999999999975
2024-11-05,26.79,22.26,49.05,4.53,25.75,BJC,Commerce,1638.5299999999975
2024-11-06,20.63,50.27,70.9,-29.64,28.89,BJC,Commerce,1608.8899999999974
2024-11-07,19.94,22.91,42.84,-2.97,23.87,BJC,Commerce,1605.9199999999973
2024-11-08,20.02,30.29,50.31,-10.27,19.16,BJC,Commerce,1595.6499999999974
2024-11-11,41.75,18.32,60.07,23.43,21.51,BJC,Commerce,1619.0799999999974
2024-11-12,33.18,28.27,61.45,4.92,35.34,BJC,Commerce,1623.9999999999975
2024-11-13,6.72,20.6,27.31,-13.88,25.73,BJC,Commerce,1610.1199999999974
2024-11-14,38.88,35.36,74.25,3.52,27.31,BJC,Commerce,1613.6399999999974
2024-11-15,23.94,25.8,49.74,-1.86,26.64,BJC,Commerce,1611.7799999999975
2024-11-18,31.18,8.13,39.3,23.05,17.07,BJC,Commerce,1634.8299999999974
2024-11-19,20.55,10.88,31.43,9.66,16.1,BJC,Commerce,1644.4899999999975
2024-11-20,11.28,11.54,22.82,-0.27,22.2,BJC,Commerce,1644.2199999999975
2024-11-21,43.9,23.35,67.25,20.55,38.13,BJC,Commerce,1664.7699999999975
2024-11-22,19.62,25.13,44.75,-5.51,31.95,BJC,Commerce,1659.2599999999975
2024-11-25,21.13,32.54,53.67,-11.41,36.47,BJC,Commerce,1647.8499999999974
2024-11-26,23.51,22.8,46.31,0.71,36.94,BJC,Commerce,1648.5599999999974
2024-11-27,12.03,10.07,22.09,1.96,30.32,BJC,Commerce,1650.5199999999975
2024-11-28,22.15,28.48,50.63,-6.32,44.49,BJC,Commerce,1644.1999999999975
2024-11-29,39.3,19.43,58.73,19.88,33.66,BJC,Commerce,1664.0799999999977
2024-12-02,36.21,21.33,57.54,14.88,28.2,BJC,Commerce,1678.9599999999978
2024-12-03,14.84,18.16,33.0,-3.31,24.06,BJC,Commerce,1675.6499999999978
2024-12-04,9.96,8.48,18.44,1.48,25.64,BJC,Commerce,1677.1299999999978
2024-12-06,12.73,18.02,30.75,-5.29,25.49,BJC,Commerce,1671.8399999999979
2024-12-09,13.84,20.03,33.87,-6.19,22.55,BJC,Commerce,1665.6499999999978
2024-12-11,14.14,19.95,34.09,-5.81,23.61,BJC,Commerce,1659.8399999999979
2024-12-12,22.07,29.16,51.23,-7.09,28.22,BJC,Commerce,1652.749999999998
2024-12-13,22.87,24.03,46.9,-1.17,30.63,BJC,Commerce,1651.5799999999979
2024-12-16,27.24,23.07,50.31,4.17,28.07,BJC,Commerce,1655.749999999998
2024-12-17,16.77,28.0,44.78,-11.23,34.22,BJC,Commerce,1644.519999999998
2024-12-18,28.37,31.07,59.44,-2.7,30.79,BJC,Commerce,1641.819999999998
2024-12-19,22.33,23.6,45.93,-1.26,24.04,BJC,Commerce,1640.559999999998
2024-12-20,22.88,29.77,52.65,-6.89,28.09,BJC,Commerce,1633.6699999999978
2024-12-23,24.66,18.29,42.95,6.36,22.8,BJC,Commerce,1640.0299999999977
2024-12-24,5.86,10.96,16.82,-5.1,21.72,BJC,Commerce,1634.9299999999978
2024-12-25,6.13,5.48,11.61,0.65,14.01,BJC,Commerce,1635.5799999999979
2024-12-26,14.26,12.2,26.46,2.06,15.73,BJC,Commerce,1637.6399999999978
2024-12-27,22.88,20.59,43.47,2.3,27.69,BJC,Commerce,1639.9399999999978
2024-12-30,30.14,17.84,47.98,12.3,29.3,BJC,Commerce,1652.2399999999977
2025-01-02,23.81,20.05,43.86,3.76,20.77,BJC,Commerce,1655.9999999999977
2025-01-03,18.86,18.17,37.03,0.69,26.52,BJC,Commerce,1656.6899999999978
2025-01-06,46.46,50.73,97.2,-4.27,43.88,BJC,Commerce,1652.4199999999978
2025-01-07,21.73,21.29,43.02,0.44,40.33,BJC,Commerce,1652.8599999999979
2025-01-08,29.01,35.26,64.27,-6.25,38.29,BJC,Commerce,1646.6099999999979
2025-01-09,81.53,65.59,147.12,15.94,27.0,BJC,Commerce,1662.549999999998
2025-01-10,46.7,24.79,71.49,21.91,30.41,BJC,Commerce,1684.459999999998
2025-01-13,27.8,22.27,50.08,5.53,29.31,BJC,Commerce,1689.989999999998
2025-01-14,48.15,36.54,84.69,11.61,39.37,BJC,Commerce,1701.5999999999979
2025-01-15,25.44,33.05,58.49,-7.61,36.19,BJC,Commerce,1693.989999999998
2025-01-16,26.32,21.61,47.93,4.7,35.67,BJC,Commerce,1698.689999999998
2025-01-17,35.92,20.6,56.52,15.32,27.27,BJC,Commerce,1714.009999999998
2025-01-20,22.0,14.85,36.85,7.15,34.97,BJC,Commerce,1721.159999999998
2025-01-21,26.84,11.16,38.0,15.67,27.1,BJC,Commerce,1736.829999999998
2025-01-22,21.6,14.8,36.4,6.8,19.77,BJC,Commerce,1743.629999999998
2025-01-23,17.6,17.46,35.06,0.13,30.96,BJC,Commerce,1743.7599999999982
2025-01-24,30.98,18.12,49.1,12.85,31.36,BJC,Commerce,1756.609999999998
2025-01-27,9.72,5.85,15.57,3.88,24.18,BJC,Commerce,1760.4899999999982
2025-01-28,55.47,30.21,85.67,25.26,45.62,BJC,Commerce,1785.7499999999982
2025-01-29,8.23,9.37,17.6,-1.13,37.93,BJC,Commerce,1784.619999999998
2025-01-30,17.88,14.87,32.75,3.02,43.53,BJC,Commerce,1787.639999999998
2025-01-31,32.92,32.66,65.57,0.26,33.59,BJC,Commerce,1787.899999999998
2025-02-03,23.26,26.3,49.56,-3.04,24.93,BJC,Commerce,1784.859999999998
2025-02-04,14.81,21.14,35.95,-6.34,36.94,BJC,Commerce,1778.5199999999982
2025-02-05,20.9,20.54,41.44,0.36,36.06,BJC,Commerce,1778.879999999998
2025-02-06,20.68,23.84,44.52,-3.16,42.52,BJC,Commerce,1775.719999999998
2025-02-07,40.01,18.23,58.24,21.79,30.37,BJC,Commerce,1797.509999999998
2025-02-10,27.57,27.35,54.93,0.22,42.32,BJC,Commerce,1797.729999999998
2025-02-11,25.79,15.49,41.28,10.3,38.69,BJC,Commerce,1808.029999999998
2025-02-13,19.96,18.34,38.3,1.61,39.98,BJC,Commerce,1809.6399999999978
2025-02-14,22.03,11.87,33.9,10.16,41.88,BJC,Commerce,1819.799999999998
2025-02-17,45.1,30.23,75.33,14.87,51.4,BJC,Commerce,1834.6699999999978
2025-02-18,24.28,14.33,38.61,9.95,39.1,BJC,Commerce,1844.6199999999978
2025-02-19,40.42,21.78,62.2,18.64,41.45,BJC,Commerce,1863.259999999998
2025-02-20,18.68,38.56,57.24,-19.87,29.29,BJC,Commerce,1843.389999999998
2025-02-21,29.05,21.6,50.65,7.46,30.59,BJC,Commerce,1850.849999999998
2025-02-24,15.63,16.75,32.39,-1.12,48.81,BJC,Commerce,1849.7299999999982
2025-02-25,11.46,21.88,33.34,-10.42,35.45,BJC,Commerce,1839.3099999999981
2025-02-26,22.3,22.05,44.34,0.25,43.55,BJC,Commerce,1839.5599999999981
2025-02-27,2.49,14.4,16.89,-11.91,31.59,BJC,Commerce,1827.649999999998
2025-02-28,40.39,37.58,77.96,2.81,47.19,BJC,Commerce,1830.459999999998
2025-03-03,36.01,23.39,59.4,12.62,30.03,BJC,Commerce,1843.0799999999979
2025-03-04,24.19,23.54,47.74,0.65,26.78,BJC,Commerce,1843.729999999998
2025-03-05,15.32,20.81,36.13,-5.5,29.55,BJC,Commerce,1838.229999999998
2025-03-06,24.94,53.05,77.99,-28.11,28.11,BJC,Commerce,1810.119999999998
2025-03-07,17.55,19.82,37.37,-2.28,37.38,BJC,Commerce,1807.839999999998
2025-03-10,22.67,45.46,68.14,-22.79,34.8,BJC,Commerce,1785.0499999999981
2025-03-11,24.83,24.19,49.02,0.64,41.36,BJC,Commerce,1785.6899999999982
2025-03-12,16.52,40.43,56.95,-23.9,33.57,BJC,Commerce,1761.7899999999981
2025-03-13,11.55,23.18,34.73,-11.63,38.14,BJC,Commerce,1750.159999999998
2025-03-14,6.83,7.29,14.11,-0.46,25.89,BJC,Commerce,1749.699999999998
2025-03-17,11.33,20.54,31.87,-9.22,26.96,BJC,Commerce,1740.479999999998
2025-03-18,7.75,56.07,63.82,-48.32,39.62,BJC,Commerce,1692.159999999998
2025-03-19,16.47,23.54,40.01,-7.07,31.24,BJC,Commerce,1685.089999999998
2025-03-20,9.46,17.88,27.34,-8.43,37.37,BJC,Commerce,1676.659999999998
2025-03-21,11.82,11.26,23.08,0.56,27.64,BJC,Commerce,1677.219999999998
2025-03-24,9.33,9.73,19.06,-0.41,40.23,BJC,Commerce,1676.809999999998
2025-03-25,12.57,34.29,46.86,-21.72,32.69,BJC,Commerce,1655.0899999999979
2025-03-26,19.19,21.27,40.45,-2.08,39.66,BJC,Commerce,1653.009999999998
2025-03-27,3.71,10.65,14.36,-6.95,27.92,BJC,Commerce,1646.059999999998
2025-03-28,29.84,21.34,51.18,8.5,19.17,BJC,Commerce,1654.559999999998
2025-03-31,32.37,50.88,83.25,-18.52,23.03,BJC,Commerce,1636.039999999998
2025-04-01,36.0,21.91,57.91,14.09,18.7,BJC,Commerce,1650.1299999999978
2025-04-02,18.87,18.28,37.16,0.59,27.03,BJC,Commerce,1650.7199999999978
2025-04-03,27.16,20.36,47.52,6.8,26.26,BJC,Commerce,1657.5199999999977
2025-04-04,28.88,26.0,54.88,2.88,25.96,BJC,Commerce,1660.3999999999978
2025-04-08,53.47,62.62,116.09,-9.15,42.2,BJC,Commerce,1651.2499999999977
2025-04-09,24.41,40.31,64.72,-15.89,39.83,BJC,Commerce,1635.3599999999976
2025-04-10,37.52,27.97,65.49,9.54,24.79,BJC,Commerce,1644.8999999999976
2025-04-11,40.11,29.03,69.14,11.09,27.03,BJC,Commerce,1655.9899999999975
2025-04-16,33.87,44.74,78.61,-10.87,37.31,BJC,Commerce,1645.1199999999976
2025-04-17,14.95,17.67,32.62,-2.72,45.5,BJC,Commerce,1642.3999999999976
2025-04-18,6.71,6.49,13.2,0.23,32.78,BJC,Commerce,1642.6299999999976
2025-04-21,17.49,22.24,39.73,-4.75,29.56,BJC,Commerce,1637.8799999999976
2025-04-22,29.05,18.86,47.9,10.19,32.79,BJC,Commerce,1648.0699999999977
2025-04-23,50.13,28.16,78.29,21.96,18.48,BJC,Commerce,1670.0299999999977
2025-04-24,45.05,37.3,82.35,7.75,28.74,BJC,Commerce,1677.7799999999977
2025-04-25,46.27,18.22,64.49,28.05,28.29,BJC,Commerce,1705.8299999999977
2025-04-28,34.04,25.79,59.83,8.24,28.44,BJC,Commerce,1714.0699999999977
2025-04-29,18.08,19.51,37.59,-1.43,31.07,BJC,Commerce,1712.6399999999976
2025-04-30,17.96,59.61,77.56,-41.65,29.04,BJC,Commerce,1670.9899999999975
2025-05-02,18.56,22.62,41.18,-4.06,27.68,BJC,Commerce,1666.9299999999976
2025-05-06,16.82,25.46,42.28,-8.64,33.48,BJC,Commerce,1658.2899999999975
2025-05-07,34.93,37.46,72.38,-2.53,30.07,BJC,Commerce,1655.7599999999975
2025-05-08,19.89,25.14,45.03,-5.25,42.25,BJC,Commerce,1650.5099999999975
2025-05-09,21.16,16.56,37.72,4.6,39.01,BJC,Commerce,1655.1099999999974
2025-05-13,11.91,15.65,27.56,-3.75,33.09,BJC,Commerce,1651.3599999999974
2025-05-14,8.58,5.77,14.35,2.81,35.71,BJC,Commerce,1654.1699999999973
2025-05-15,29.72,32.55,62.27,-2.83,26.71,BJC,Commerce,1651.3399999999974
2025-05-16,23.84,27.31,51.15,-3.47,43.04,BJC,Commerce,1647.8699999999974
2025-05-19,20.03,27.86,47.9,-7.83,41.26,BJC,Commerce,1640.0399999999975
2025-05-20,39.29,36.56,75.85,2.73,25.69,BJC,Commerce,1642.7699999999975
2025-05-21,41.69,25.09,66.78,16.59,32.17,BJC,Commerce,1659.3599999999974
2025-05-22,42.47,26.04,68.51,16.42,29.26,BJC,Commerce,1675.7799999999975
2025-05-23,39.85,51.9,91.74,-12.05,34.02,BJC,Commerce,1663.7299999999975
2025-05-26,12.03,36.05,48.08,-24.02,29.15,BJC,Commerce,1639.7099999999975
2025-05-27,21.62,45.58,67.2,-23.96,41.95,BJC,Commerce,1615.7499999999975
2025-05-28,12.09,28.7,40.79,-16.61,31.98,BJC,Commerce,1599.1399999999976
2025-05-29,19.62,20.43,40.04,-0.81,32.85,BJC,Commerce,1598.3299999999977
2025-05-30,35.64,53.46,89.1,-17.82,42.41,BJC,Commerce,1580.5099999999977
2025-06-04,38.26,34.37,72.64,3.89,34.6,BJC,Commerce,1584.3999999999978
2025-06-05,5.27,23.72,28.98,-18.45,24.2,BJC,Commerce,1565.9499999999978
2025-06-06,4.79,5.82,10.61,-1.02,29.97,BJC,Commerce,1564.9299999999978
2025-06-09,11.22,10.27,21.49,0.95,44.83,BJC,Commerce,1565.8799999999978
2025-06-10,12.09,15.11,27.2,-3.01,39.46,BJC,Commerce,1562.8699999999978
2025-06-11,4.06,6.34,10.39,-2.28,33.08,BJC,Commerce,1560.5899999999979
2025-06-12,15.61,20.53,36.15,-4.92,30.72,BJC,Commerce,1555.6699999999978
2025-06-13,18.67,16.77,35.44,1.9,24.57,BJC,Commerce,1557.569999999998
2025-06-16,76.58,29.69,106.27,46.89,34.99,BJC,Commerce,1604.459999999998
2025-06-17,29.53,27.82,57.35,1.71,36.08,BJC,Commerce,1606.169999999998
2025-06-18,29.63,44.56,74.19,-14.92,42.25,BJC,Commerce,1591.249999999998
2025-06-19,44.02,31.7,75.71,12.32,46.27,BJC,Commerce,1603.569999999998
2025-06-20,135.09,20.1,155.19,115.0,48.53,BJC,Commerce,1718.569999999998
2025-06-23,34.18,21.03,55.22,13.15,44.72,BJC,Commerce,1731.719999999998
2025-06-24,52.25,53.06,105.32,-0.81,42.3,BJC,Commerce,1730.909999999998
2025-06-25,28.63,47.66,76.3,-19.03,29.06,BJC,Commerce,1711.879999999998
2025-06-26,21.91,41.59,63.5,-19.68,37.39,BJC,Commerce,1692.199999999998
2025-06-27,30.86,41.32,72.17,-10.46,39.26,BJC,Commerce,1681.739999999998
2025-06-30,14.68,30.0,44.68,-15.32,40.22,BJC,Commerce,1666.419999999998
2025-07-01,20.12,12.81,32.93,7.31,33.4,BJC,Commerce,1673.729999999998
2025-07-02,9.75,17.2,26.95,-7.45,28.09,BJC,Commerce,1666.279999999998
2025-07-03,13.73,21.03,34.77,-7.3,33.12,BJC,Commerce,1658.979999999998
2025-07-04,6.77,19.83,26.6,-13.06,28.53,BJC,Commerce,1645.919999999998
2025-07-07,24.34,11.29,35.64,13.05,29.86,BJC,Commerce,1658.969999999998
2025-07-08,12.9,11.94,24.84,0.97,38.45,BJC,Commerce,1659.939999999998
2025-07-09,9.12,6.97,16.09,2.15,29.48,BJC,Commerce,1662.089999999998
2025-07-11,11.0,9.56,20.56,1.44,40.98,BJC,Commerce,1663.5299999999982
2025-07-14,12.38,20.74,33.12,-8.36,24.03,BJC,Commerce,1655.1699999999983
2025-07-15,13.44,17.17,30.61,-3.73,25.91,BJC,Commerce,1651.4399999999982
2025-07-16,10.1,32.92,43.03,-22.82,24.25,BJC,Commerce,1628.6199999999983
2025-07-17,9.24,13.72,22.95,-4.48,23.81,BJC,Commerce,1624.1399999999983
2025-07-18,14.18,11.55,25.73,2.63,28.22,BJC,Commerce,1626.7699999999984
2025-07-21,11.41,8.28,19.69,3.14,31.11,BJC,Commerce,1629.9099999999985
2025-07-22,41.8,13.33,55.14,28.47,30.53,BJC,Commerce,1658.3799999999985
2025-07-23,21.32,8.8,30.12,12.52,38.92,BJC,Commerce,1670.8999999999985
2025-07-24,13.59,19.94,33.53,-6.35,38.11,BJC,Commerce,1664.5499999999986
2025-07-25,42.04,20.83,62.87,21.21,29.22,BJC,Commerce,1685.7599999999986
2025-07-29,24.29,20.75,45.04,3.54,26.91,BJC,Commerce,1689.2999999999986
2025-07-30,49.45,39.63,89.08,9.82,21.34,BJC,Commerce,1699.1199999999985
2025-07-31,17.14,30.79,47.94,-13.65,25.4,BJC,Commerce,1685.4699999999984
2025-08-01,11.28,73.96,85.25,-62.68,34.41,BJC,Commerce,1622.7899999999984
2025-08-04,15.69,10.09,25.78,5.6,22.94,BJC,Commerce,1628.3899999999983
2025-08-05,18.35,29.55,47.9,-11.19,35.29,BJC,Commerce,1617.1999999999982
2025-08-06,15.69,14.02,29.71,1.67,14.06,BJC,Commerce,1618.8699999999983
2025-08-07,26.88,20.35,47.23,6.54,22.0,BJC,Commerce,1625.4099999999983
2025-08-08,7.21,13.08,20.29,-5.86,19.21,BJC,Commerce,1619.5499999999984
2025-08-13,8.99,17.86,26.85,-8.87,16.9,BJC,Commerce,1610.6799999999985
2025-08-14,14.16,15.41,29.57,-1.25,20.8,BJC,Commerce,1609.4299999999985
2025-08-15,9.9,20.12,30.02,-10.22,18.69,BJC,Commerce,1599.2099999999984
2025-08-18,13.08,11.8,24.88,1.27,17.62,BJC,Commerce,1600.4799999999984
2025-08-19,13.88,15.34,29.22,-1.45,17.26,BJC,Commerce,1599.0299999999984
2025-08-20,47.46,19.1,66.56,28.37,18.54,BJC,Commerce,1627.3999999999983
2025-08-21,28.35,17.56,45.91,10.79,18.4,BJC,Commerce,1638.1899999999982
2025-08-22,16.0,15.54,31.54,0.46,22.82,BJC,Commerce,1638.6499999999983
2025-08-25,33.04,18.0,51.04,15.04,16.44,BJC,Commerce,1653.6899999999982
2025-08-26,8.13,50.79,58.93,-42.66,23.53,BJC,Commerce,1611.0299999999982
2025-08-27,7.5,19.23,26.73,-11.73,25.97,BJC,Commerce,1599.2999999999981
2025-08-28,4.07,28.97,33.04,-24.91,17.66,BJC,Commerce,1574.389999999998
2025-08-29,22.83,37.95,60.78,-15.12,31.47,BJC,Commerce,1559.2699999999982
2025-09-01,41.17,29.67,70.84,11.5,22.76,BJC,Commerce,1570.7699999999982
2025-09-02,55.73,32.52,88.25,23.21,19.89,BJC,Commerce,1593.9799999999982
2025-09-03,48.53,64.0,112.54,-15.47,13.11,BJC,Commerce,1578.5099999999982
2025-09-04,13.49,31.66,45.15,-18.17,11.15,BJC,Commerce,1560.339999999998
2025-09-05,34.72,33.13,67.85,1.59,16.71,BJC,Commerce,1561.929999999998
2025-09-08,90.22,59.72,149.94,30.5,14.74,BJC,Commerce,1592.429999999998
2025-09-09,28.81,42.99,71.8,-14.17,18.92,BJC,Commerce,1578.259999999998
2025-09-10,21.67,32.92,54.59,-11.25,20.04,BJC,Commerce,1567.009999999998
2025-09-11,30.8,20.16,50.96,10.64,16.06,BJC,Commerce,1577.649999999998
2025-09-12,16.32,13.05,29.37,3.27,14.21,BJC,Commerce,1580.919999999998
2025-09-15,13.62,20.07,33.69,-6.45,24.86,BJC,Commerce,1574.469999999998
2025-09-16,44.61,18.36,62.96,26.25,18.29,BJC,Commerce,1600.719999999998
2025-09-17,24.66,21.56,46.22,3.1,32.55,BJC,Commerce,1603.819999999998
2025-09-18,65.59,16.02,81.61,49.56,23.84,BJC,Commerce,1653.3799999999978
2025-09-19,60.92,38.06,98.98,22.86,31.97,BJC,Commerce,1676.2399999999977
2025-09-22,13.15,16.99,30.15,-3.84,26.46,BJC,Commerce,1672.3999999999978
2025-09-23,7.75,22.12,29.87,-14.37,22.96,BJC,Commerce,1658.029999999998
2025-09-24,21.95,26.96,48.91,-5.01,22.26,BJC,Commerce,1653.019999999998
2025-09-25,10.72,20.11,30.83,-9.39,18.79,BJC,Commerce,1643.6299999999978
2025-09-26,29.91,16.78,46.69,13.13,22.1,BJC,Commerce,1656.759999999998
2025-09-29,11.37,34.41,45.78,-23.05,24.25,BJC,Commerce,1633.709999999998
2025-09-30,31.44,47.63,79.07,-16.19,28.02,BJC,Commerce,1617.519999999998
2025-10-01,5.36,29.01,34.36,-23.65,26.29,BJC,Commerce,1593.8699999999978
2025-10-02,8.75,19.73,28.48,-10.98,22.28,BJC,Commerce,1582.8899999999978
2025-10-03,10.33,10.37,20.7,-0.04,23.26,BJC,Commerce,1582.8499999999979
2025-10-06,10.34,14.78,25.12,-4.45,15.13,BJC,Commerce,1578.3999999999978
2025-10-07,26.63,8.4,35.03,18.23,16.31,BJC,Commerce,1596.6299999999978
2025-10-08,14.6,19.13,33.73,-4.53,21.34,BJC,Commerce,1592.0999999999979
2025-10-09,6.44,15.38,21.82,-8.94,19.61,BJC,Commerce,1583.1599999999978
2025-10-10,27.82,43.01,70.83,-15.19,41.06,BJC,Commerce,1567.9699999999978
2025-10-14,27.49,21.73,49.22,5.76,15.44,BJC,Commerce,1573.7299999999977
2025-10-15,53.4,42.25,95.65,11.15,25.05,BJC,Commerce,1584.8799999999978
2025-10-16,4.69,11.63,16.32,-6.94,15.33,BJC,Commerce,1577.9399999999978
2025-10-17,7.09,16.8,23.89,-9.71,19.56,BJC,Commerce,1568.2299999999977
2025-10-20,16.58,11.17,27.75,5.41,18.48,BJC,Commerce,1573.6399999999978
2025-10-21,3.97,19.11,23.08,-15.15,21.3,BJC,Commerce,1558.4899999999977
2025-10-22,11.18,14.36,25.54,-3.19,17.1,BJC,Commerce,1555.2999999999977
2025-10-24,26.2,31.16,57.36,-4.97,21.79,BJC,Commerce,1550.3299999999977
2025-10-27,15.48,6.41,21.89,9.07,25.65,BJC,Commerce,1559.3999999999976
2025-10-28,2.83,6.48,9.31,-3.66,10.58,BJC,Commerce,1555.7399999999975
2025-10-29,3.22,10.6,13.82,-7.39,13.34,BJC,Commerce,1548.3499999999974
2025-10-30,23.21,20.79,44.0,2.42,25.47,BJC,Commerce,1550.7699999999975
2025-10-31,1.38,6.14,7.53,-4.76,23.93,BJC,Commerce,1546.0099999999975
2025-11-03,4.43,9.61,14.04,-5.18,16.09,BJC,Commerce,1540.8299999999974
2025-11-04,12.35,15.15,27.5,-2.8,22.2,BJC,Commerce,1538.0299999999975
2025-11-05,6.33,10.09,16.41,-3.76,23.69,BJC,Commerce,1534.2699999999975
2025-11-06,8.32,5.99,14.31,2.32,33.09,BJC,Commerce,1536.5899999999974
2025-11-07,4.44,15.68,20.12,-11.24,25.22,BJC,Commerce,1525.3499999999974
2025-11-10,25.95,11.61,37.56,14.34,21.36,BJC,Commerce,1539.6899999999973
2025-11-11,19.05,45.59,64.64,-26.54,19.54,BJC,Commerce,1513.1499999999974
2025-11-12,4.51,4.82,9.33,-0.31,10.4,BJC,Commerce,1512.8399999999974
2025-11-13,5.24,2.51,7.76,2.73,11.25,BJC,Commerce,1515.5699999999974
2025-11-14,3.0,6.58,9.58,-3.58,13.15,BJC,Commerce,1511.9899999999975
2025-11-17,13.63,7.06,20.69,6.56,21.36,BJC,Commerce,1518.5499999999975
2025-11-18,7.86,15.27,23.13,-7.42,10.03,BJC,Commerce,1511.1299999999974
2025-11-19,1.74,5.81,7.56,-4.07,6.89,BJC,Commerce,1507.0599999999974
2025-11-20,3.8,3.98,7.78,-0.18,9.85,BJC,Commerce,1506.8799999999974
2025-11-21,18.66,8.39,27.04,10.27,16.6,BJC,Commerce,1517.1499999999974
2025-11-24,10.54,8.65,19.19,1.89,30.97,BJC,Commerce,1519.0399999999975
2025-11-25,18.46,17.03,35.49,1.42,18.49,BJC,Commerce,1520.4599999999975
2025-11-26,11.93,5.41,17.34,6.52,12.59,BJC,Commerce,1526.9799999999975
2025-11-27,17.2,8.69,25.89,8.52,24.98,BJC,Commerce,1535.4999999999975
2025-11-28,19.88,14.56,34.44,5.32,21.57,BJC,Commerce,1540.8199999999974
2025-12-01,49.65,10.7,60.35,38.95,29.42,BJC,Commerce,1579.7699999999975
2025-12-02,7.13,16.0,23.14,-8.87,27.37,BJC,Commerce,1570.8999999999976
2025-12-03,1.57,6.55,8.12,-4.98,23.24,BJC,Commerce,1565.9199999999976
2025-12-04,1.17,10.98,12.15,-9.81,16.68,BJC,Commerce,1556.1099999999976
2025-12-08,9.86,11.88,21.73,-2.02,21.85,BJC,Commerce,1554.0899999999976
2025-12-09,1.15,2.73,3.87,-1.58,8.74,BJC,Commerce,1552.5099999999977
2025-12-11,2.21,4.59,6.8,-2.38,17.85,BJC,Commerce,1550.1299999999976
2025-12-12,18.32,15.1,33.42,3.21,31.38,BJC,Commerce,1553.3399999999976
2025-12-15,19.02,7.19,26.21,11.83,24.91,BJC,Commerce,1565.1699999999976
2025-12-16,13.78,22.52,36.3,-8.74,22.05,BJC,Commerce,1556.4299999999976
2025-12-17,30.06,52.77,82.82,-22.71,15.12,BJC,Commerce,1533.7199999999975
2025-12-18,61.41,28.61,90.03,32.8,24.1,BJC,Commerce,1566.5199999999975
2025-12-19,16.66,20.64,37.3,-3.98,30.85,BJC,Commerce,1562.5399999999975
2025-12-22,29.83,16.33,46.16,13.49,29.82,BJC,Commerce,1576.0299999999975
2025-12-23,27.76,27.73,55.5,0.03,36.27,BJC,Commerce,1576.0599999999974
2025-12-24,14.46,12.61,27.07,1.84,36.91,BJC,Commerce,1577.8999999999974
2025-12-25,8.78,13.55,22.32,-4.77,26.16,BJC,Commerce,1573.1299999999974
2025-12-26,5.53,7.17,12.7,-1.64,22.49,BJC,Commerce,1571.4899999999973
2025-12-29,15.7,27.07,42.77,-11.37,37.81,BJC,Commerce,1560.1199999999974
2025-12-30,15.03,15.24,30.27,-0.21,24.3,BJC,Commerce,1559.9099999999974
2026-01-05,21.85,43.5,65.35,-21.64,25.69,BJC,Commerce,1538.2699999999973
2026-01-06,14.98,23.47,38.45,-8.48,31.37,BJC,Commerce,1529.7899999999972
2026-01-07,38.25,10.39,48.63,27.86,24.59,BJC,Commerce,1557.6499999999971
2026-01-08,4.34,31.91,36.24,-27.57,20.08,BJC,Commerce,1530.0799999999972
2026-01-09,2.3,5.39,7.68,-3.09,14.91,BJC,Commerce,1526.9899999999973
2026-01-12,9.85,21.79,31.64,-11.94,22.57,BJC,Commerce,1515.0499999999972
2026-01-13,14.04,15.22,29.25,-1.18,30.31,BJC,Commerce,1513.8699999999972
2026-01-14,22.36,19.55,41.9,2.81,33.46,BJC,Commerce,1516.679999999997
2026-01-15,71.28,21.77,93.06,49.51,39.77,BJC,Commerce,1566.189999999997
2026-01-16,20.94,22.55,43.49,-1.62,26.15,BJC,Commerce,1564.5699999999972
2026-01-19,43.4,26.44,69.83,16.96,37.2,BJC,Commerce,1581.5299999999972
2026-01-20,32.7,38.25,70.95,-5.54,24.57,BJC,Commerce,1575.9899999999973
2026-01-21,34.23,31.14,65.38,3.09,29.16,BJC,Commerce,1579.0799999999972
2026-01-22,27.2,18.57,45.77,8.62,32.24,BJC,Commerce,1587.699999999997
2026-01-23,17.56,14.51,32.07,3.05,24.9,BJC,Commerce,1590.749999999997
2026-01-26,39.34,19.51,58.86,19.83,34.41,BJC,Commerce,1610.579999999997
2026-01-27,82.19,29.25,111.44,52.93,40.54,BJC,Commerce,1663.509999999997
2026-01-28,13.32,37.52,50.84,-24.2,27.38,BJC,Commerce,1639.309999999997
2026-01-29,18.29,20.6,38.89,-2.31,14.72,BJC,Commerce,1636.999999999997
2026-01-30,30.27,32.05,62.32,-1.79,17.33,BJC,Commerce,1635.209999999997
2026-02-02,17.91,17.21,35.12,0.7,25.29,BJC,Commerce,1635.9099999999971
2026-02-03,93.55,57.86,151.41,35.68,28.27,BJC,Commerce,1671.5899999999972
2026-02-04,37.08,42.79,79.87,-5.71,29.82,BJC,Commerce,1665.8799999999972
2026-02-05,115.56,53.35,168.91,62.21,26.56,BJC,Commerce,1728.0899999999972
2026-02-06,58.27,92.06,150.33,-33.79,26.63,BJC,Commerce,1694.2999999999972
2026-02-09,145.81,74.51,220.32,71.31,23.0,BJC,Commerce,1765.6099999999972
2026-02-10,91.1,51.85,142.95,39.25,30.75,BJC,Commerce,1804.8599999999972
2026-02-11,82.57,103.56,186.14,-20.99,26.49,BJC,Commerce,1783.8699999999972
2026-02-12,48.87,52.15,101.02,-3.28,21.55,BJC,Commerce,1780.5899999999972
2026-02-13,50.7,50.12,100.82,0.59,27.93,BJC,Commerce,1781.179999999997
2026-02-16,73.23,37.73,110.96,35.5,25.14,BJC,Commerce,1816.679999999997
2026-02-17,102.05,73.92,175.97,28.12,28.35,BJC,Commerce,1844.799999999997
2026-02-18,56.77,79.56,136.34,-22.79,23.6,BJC,Commerce,1822.009999999997
2026-02-19,67.02,70.84,137.85,-3.82,24.85,BJC,Commerce,1818.189999999997
2026-02-20,45.49,67.35,112.84,-21.86,24.4,BJC,Commerce,1796.3299999999972
2026-02-23,96.55,72.1,168.65,24.44,28.61,BJC,Commerce,1820.7699999999973
2026-02-24,64.44,55.31,119.75,9.13,39.1,BJC,Commerce,1829.8999999999974
2026-02-25,46.45,55.02,101.48,-8.57,27.18,BJC,Commerce,1821.3299999999974
2026-02-26,74.05,68.63,142.68,5.42,34.26,BJC,Commerce,1826.7499999999975
2026-02-27,33.84,57.26,91.1,-23.42,31.62,BJC,Commerce,1803.3299999999974
2026-03-02,33.96,44.62,78.58,-10.66,18.44,BJC,Commerce,1792.6699999999973
2026-03-04,83.04,128.58,211.62,-45.53,31.16,BJC,Commerce,1747.1399999999974
2026-03-05,79.91,110.97,190.88,-31.06,37.37,BJC,Commerce,1716.0799999999974
2026-03-06,37.43,49.95,87.38,-12.52,46.95,BJC,Commerce,1703.5599999999974
2026-03-09,42.94,56.27,99.21,-13.34,41.62,BJC,Commerce,1690.2199999999975
2026-03-10,27.57,57.32,84.89,-29.75,43.5,BJC,Commerce,1660.4699999999975
2026-03-11,30.71,49.55,80.26,-18.84,33.45,BJC,Commerce,1641.6299999999976
2026-03-12,82.1,53.89,135.99,28.21,40.13,BJC,Commerce,1669.8399999999976
2026-03-13,46.66,57.45,104.11,-10.79,35.67,BJC,Commerce,1659.0499999999977
2026-03-16,41.31,39.24,80.54,2.07,33.03,BJC,Commerce,1661.1199999999976
2026-03-17,37.41,32.05,69.46,5.36,29.98,BJC,Commerce,1666.4799999999975
2026-03-18,17.59,42.16,59.75,-24.57,35.26,BJC,Commerce,1641.9099999999976
2026-03-19,16.51,51.99,68.49,-35.48,20.31,BJC,Commerce,1606.4299999999976
2026-03-20,39.77,42.18,81.95,-2.4,24.7,BJC,Commerce,1604.0299999999975
2026-03-23,21.18,39.33,60.51,-18.15,26.24,BJC,Commerce,1585.8799999999974
2026-03-24,27.28,33.06,60.34,-5.78,33.93,BJC,Commerce,1580.0999999999974
2026-03-25,40.09,32.53,72.62,7.56,31.0,BJC,Commerce,1587.6599999999974
2026-03-26,15.25,25.08,40.33,-9.83,27.5,BJC,Commerce,1577.8299999999974
2026-03-27,49.64,21.96,71.61,27.68,38.25,BJC,Commerce,1605.5099999999975
2026-03-30,77.12,44.49,121.61,32.64,39.58,BJC,Commerce,1638.1499999999976
2026-03-31,43.99,72.25,116.24,-28.26,26.07,BJC,Commerce,1609.8899999999976
2026-04-01,44.33,41.09,85.42,3.24,29.67,BJC,Commerce,1613.1299999999976
2026-04-02,21.43,20.9,42.34,0.53,31.15,BJC,Commerce,1613.6599999999976
2026-04-03,21.75,23.46,45.21,-1.71,35.04,BJC,Commerce,1611.9499999999975
2026-04-07,21.32,15.29,36.61,6.03,35.79,BJC,Commerce,1617.9799999999975
2026-04-08,26.47,9.23,35.69,17.24,20.22,BJC,Commerce,1635.2199999999975
2026-04-09,25.52,22.97,48.49,2.55,33.18,BJC,Commerce,1637.7699999999975
2026-04-10,9.78,12.24,22.02,-2.46,25.32,BJC,Commerce,1635.3099999999974
2026-04-16,23.07,16.96,40.03,6.11,27.32,BJC,Commerce,1641.4199999999973
2026-04-17,12.85,24.97,37.82,-12.12,31.47,BJC,Commerce,1629.2999999999975
2026-04-20,18.38,21.98,40.36,-3.59,28.32,BJC,Commerce,1625.7099999999975
2026-04-21,7.92,9.42,17.34,-1.5,27.66,BJC,Commerce,1624.2099999999975
2026-04-22,5.13,5.51,10.64,-0.38,17.83,BJC,Commerce,1623.8299999999974
2026-04-23,11.3,24.72,36.02,-13.42,33.57,BJC,Commerce,1610.4099999999974
2026-04-24,13.26,18.65,31.91,-5.39,30.74,BJC,Commerce,1605.0199999999973
2026-04-27,1.82,6.82,8.63,-5.0,17.39,BJC,Commerce,1600.0199999999973
2026-04-28,13.09,28.94,42.03,-15.84,30.12,BJC,Commerce,1584.1799999999973
2026-04-29,5.93,16.27,22.2,-10.34,14.43,BJC,Commerce,1573.8399999999974
2026-04-30,12.72,19.33,32.04,-6.61,28.88,BJC,Commerce,1567.2299999999975
2026-05-05,3.89,10.4,14.29,-6.51,24.21,BJC,Commerce,1560.7199999999975
2026-05-06,30.6,22.82,53.41,7.78,25.0,BJC,Commerce,1568.4999999999975
2026-05-07,34.58,30.59,65.17,3.99,24.74,BJC,Commerce,1572.4899999999975
2026-05-08,9.79,26.71,36.5,-16.92,34.55,BJC,Commerce,1555.5699999999974
2026-05-11,4.25,11.36,15.61,-7.11,32.0,BJC,Commerce,1548.4599999999975
2026-05-12,5.25,4.58,9.83,0.66,26.25,BJC,Commerce,1549.1199999999976
2026-05-13,7.77,4.37,12.14,3.41,21.29,BJC,Commerce,1552.5299999999977
2026-05-14,36.65,31.39,68.04,5.26,30.85,BJC,Commerce,1557.7899999999977
2026-05-15,11.31,6.61,17.91,4.7,16.06,BJC,Commerce,1562.4899999999977
2026-05-18,4.9,8.45,13.35,-3.55,18.72,BJC,Commerce,1558.9399999999978
2026-05-19,28.78,11.59,40.37,17.19,27.14,BJC,Commerce,1576.1299999999978
2026-05-20,11.54,20.41,31.95,-8.86,30.76,BJC,Commerce,1567.269999999998
2026-05-21,36.37,12.52,48.9,23.85,26.4,BJC,Commerce,1591.1199999999978
2026-05-22,13.5,21.85,35.36,-8.35,37.49,BJC,Commerce,1582.769999999998
2026-05-25,17.96,24.34,42.3,-6.38,27.66,BJC,Commerce,1576.3899999999978
2026-05-26,7.92,9.86,17.79,-1.94,23.87,BJC,Commerce,1574.4499999999978
2026-05-27,2.32,4.78,7.11,-2.46,13.82,BJC,Commerce,1571.9899999999977
2026-05-28,11.45,12.74,24.18,-1.29,16.43,BJC,Commerce,1570.6999999999978
2026-05-29,11.33,10.23,21.56,1.1,18.49,BJC,Commerce,1571.7999999999977
2026-06-02,26.31,14.54,40.85,11.78,22.21,BJC,Commerce,1583.5799999999977
2026-06-04,3.72,7.23,10.95,-3.51,23.41,BJC,Commerce,1580.0699999999977
2026-06-05,2.38,5.16,7.54,-2.77,17.3,BJC,Commerce,1577.2999999999977
2026-06-08,8.51,7.07,15.58,1.44,26.53,BJC,Commerce,1578.7399999999977
2026-06-09,5.96,8.27,14.23,-2.3,25.73,BJC,Commerce,1576.4399999999978
2026-06-10,8.71,5.36,14.07,3.34,28.31,BJC,Commerce,1579.7799999999977
2026-06-11,8.1,7.62,15.72,0.49,33.72,BJC,Commerce,1580.2699999999977
2026-06-12,10.13,3.06,13.19,7.06,39.29,BJC,Commerce,1587.3299999999977
2026-06-15,8.64,7.86,16.5,0.78,31.69,BJC,Commerce,1588.1099999999976
2026-06-16,16.69,18.34,35.03,-1.66,19.28,BJC,Commerce,1586.4499999999975
2026-06-17,77.52,27.57,105.09,49.95,21.26,BJC,Commerce,1636.3999999999976
2026-06-18,7.3,18.5,25.81,-11.2,26.99,BJC,Commerce,1625.1999999999975
2026-06-19,38.12,3.26,41.37,34.86,22.14,BJC,Commerce,1660.0599999999974
2026-06-22,7.09,18.88,25.98,-11.79,24.24,BJC,Commerce,1648.2699999999975
2026-06-23,14.83,19.82,34.66,-4.99,24.85,BJC,Commerce,1643.2799999999975
2026-06-24,13.99,23.34,37.33,-9.35,29.77,BJC,Commerce,1633.9299999999976
2026-06-25,39.17,22.35,61.52,16.83,34.63,BJC,Commerce,1650.7599999999975
2026-06-26,41.57,22.28,63.86,19.29,29.24,BJC,Commerce,1670.0499999999975
2026-06-29,81.17,41.78,122.95,39.38,24.92,BJC,Commerce,1709.4299999999976
2026-06-30,27.66,28.56,56.22,-0.9,25.49,BJC,Commerce,1708.5299999999975
2026-07-01,28.53,31.3,59.82,-2.77,27.39,BJC,Commerce,1705.7599999999975
2026-07-02,69.85,29.91,99.76,39.93,28.23,BJC,Commerce,1745.6899999999976
2026-07-03,50.95,27.51,78.46,23.45,25.63,BJC,Commerce,1769.1399999999976
2026-07-06,43.51,32.73,76.24,10.79,32.15,BJC,Commerce,1779.9299999999976
2026-07-07,14.09,35.07,49.16,-20.99,29.06,BJC,Commerce,1758.9399999999976
2026-07-08,33.17,38.73,71.9,-5.56,24.1,BJC,Commerce,1753.3799999999976
2026-07-09,22.69,15.07,37.77,7.62,25.61,BJC,Commerce,1760.9999999999975
2026-07-10,24.96,7.27,32.23,17.69,30.22,BJC,Commerce,1778.6899999999976
2026-07-13,52.23,34.55,86.78,17.69,37.61,BJC,Commerce,1796.3799999999976
2026-07-14,42.64,44.69,87.33,-2.04,33.9,BJC,Commerce,1794.3399999999976
2026-07-15,45.78,45.94,91.72,-0.17,32.67,BJC,Commerce,1794.1699999999976
2026-07-16,76.06,42.01,118.07,34.05,28.03,BJC,Commerce,1828.2199999999975
2026-07-17,13.1,46.02,59.11,-32.92,31.26,BJC,Commerce,1795.2999999999975
2026-07-20,38.08,21.99,60.07,16.09,23.15,BJC,Commerce,1811.3899999999974
2026-07-21,10.33,14.23,24.56,-3.89,30.75,BJC,Commerce,1807.4999999999973
2026-07-22,19.6,39.8,59.4,-20.2,25.15,BJC,Commerce,1787.2999999999972
2026-07-23,8.98,28.48,37.46,-19.5,27.57,BJC,Commerce,1767.7999999999972
2026-07-24,109.7,42.06,151.77,67.64,21.98,BJC,Commerce,1835.4399999999973
2026-07-27,212.65,70.37,283.02,142.28,28.68,BJC,Commerce,1977.7199999999973
2026-07-30,127.34,83.71,211.04,43.63,39.14,BJC,Commerce,2021.3499999999974
2026-07-31,81.42,50.15,131.57,31.27,34.68,BJC,Commerce,2052.6199999999976
2026-08-03,64.58,43.14,107.73,21.44,34.04,BJC,Commerce,2074.0599999999977
2026-08-04,34.96,39.57,74.54,-4.61,32.86,BJC,Commerce,2069.4499999999975
2026-08-05,81.65,58.23,139.88,23.42,39.75,BJC,Commerce,2092.8699999999976
2026-08-06,61.51,46.93,108.43,14.58,39.06,BJC,Commerce,2107.4499999999975
2026-08-07,51.58,42.74,94.32,8.84,39.02,BJC,Commerce,2116.2899999999977
2026-08-10,32.25,24.87,57.11,7.38,37.31,BJC,Commerce,2123.669999999998
2026-08-11,63.51,56.06,119.57,7.45,42.85,BJC,Commerce,2131.1199999999976
2026-08-13,39.55,28.11,67.65,11.44,31.86,BJC,Commerce,2142.5599999999977
2026-08-14,47.78,111.5,159.29,-63.72,30.77,BJC,Commerce,2078.839999999998
2026-08-17,59.78,19.11,78.89,40.66,33.89,BJC,Commerce,2119.4999999999977
2026-08-18,225.55,76.69,302.25,148.86,28.33,BJC,Commerce,2268.359999999998
2026-08-19,44.3,57.56,101.86,-13.25,34.51,BJC,Commerce,2255.109999999998
2026-08-20,34.39,52.74,87.13,-18.35,28.38,BJC,Commerce,2236.759999999998
2026-08-21,26.65,60.88,87.53,-34.22,27.81,BJC,Commerce,2202.539999999998
2026-08-24,39.75,34.41,74.17,5.34,34.12,BJC,Commerce,2207.8799999999983
2026-08-25,37.54,30.99,68.53,6.55,30.54,BJC,Commerce,2214.4299999999985
2026-08-26,25.83,28.57,54.4,-2.74,25.89,BJC,Commerce,2211.6899999999987
