date,buy_mb,sell_mb,buy_sell_mb,net_mb,nvdr_pct,symbol,sector,cumulative_net_mb
2020-01-02,1.33,0.95,2.28,0.38,14.47,BLA,Insurance,0.38
2020-01-03,1.72,1.56,3.28,0.16,8.89,BLA,Insurance,0.54
2020-01-06,4.57,6.26,10.83,-1.69,13.1,BLA,Insurance,-1.15
2020-01-07,2.47,1.06,3.53,1.4,6.05,BLA,Insurance,0.25
2020-01-08,3.55,2.7,6.25,0.85,9.88,BLA,Insurance,1.1
2020-01-09,2.27,2.79,5.06,-0.52,16.19,BLA,Insurance,0.5800000000000001
2020-01-10,4.87,1.58,6.46,3.29,24.91,BLA,Insurance,3.87
2020-01-13,3.51,1.43,4.94,2.09,8.6,BLA,Insurance,5.96
2020-01-14,6.99,1.88,8.86,5.11,24.75,BLA,Insurance,11.07
2020-01-15,2.31,2.01,4.32,0.29,26.79,BLA,Insurance,11.36
2020-01-16,1.72,0.6,2.31,1.12,10.46,BLA,Insurance,12.48
2020-01-17,9.37,1.57,10.93,7.8,10.82,BLA,Insurance,20.28
2020-01-20,2.08,5.0,7.08,-2.92,7.85,BLA,Insurance,17.36
2020-01-21,3.45,0.58,4.03,2.87,14.12,BLA,Insurance,20.23
2020-01-22,2.64,2.86,5.49,-0.22,20.31,BLA,Insurance,20.01
2020-01-23,0.63,2.85,3.48,-2.22,17.8,BLA,Insurance,17.790000000000003
2020-01-24,4.25,2.02,6.27,2.24,23.49,BLA,Insurance,20.03
2020-01-27,5.25,3.7,8.95,1.55,21.6,BLA,Insurance,21.580000000000002
2020-01-28,2.7,2.88,5.58,-0.18,23.64,BLA,Insurance,21.400000000000002
2020-01-29,2.21,5.25,7.46,-3.04,33.96,BLA,Insurance,18.360000000000003
2020-01-30,0.29,1.94,2.23,-1.65,10.97,BLA,Insurance,16.710000000000004
2020-01-31,11.06,4.75,15.82,6.31,49.04,BLA,Insurance,23.020000000000003
2020-02-03,0.76,2.86,3.62,-2.09,22.33,BLA,Insurance,20.930000000000003
2020-02-04,2.24,0.91,3.15,1.34,17.11,BLA,Insurance,22.270000000000003
2020-02-05,2.31,0.36,2.66,1.95,18.7,BLA,Insurance,24.220000000000002
2020-02-06,2.95,0.44,3.39,2.52,21.46,BLA,Insurance,26.740000000000002
2020-02-07,1.28,0.41,1.7,0.87,8.72,BLA,Insurance,27.610000000000003
2020-02-11,1.67,1.0,2.66,0.67,13.96,BLA,Insurance,28.280000000000005
2020-02-12,1.21,0.09,1.3,1.11,4.04,BLA,Insurance,29.390000000000004
2020-02-13,0.66,2.08,2.74,-1.42,19.07,BLA,Insurance,27.970000000000006
2020-02-14,1.52,2.35,3.87,-0.83,8.8,BLA,Insurance,27.140000000000008
2020-02-17,0.62,1.71,2.33,-1.08,9.53,BLA,Insurance,26.06000000000001
2020-02-18,15.05,2.94,17.99,12.12,45.74,BLA,Insurance,38.18000000000001
2020-02-19,1.0,4.66,5.66,-3.66,17.65,BLA,Insurance,34.52000000000001
2020-02-20,1.62,4.44,6.06,-2.82,25.19,BLA,Insurance,31.70000000000001
2020-02-21,5.58,4.21,9.79,1.38,37.34,BLA,Insurance,33.08000000000001
2020-02-24,0.0,4.76,4.76,-4.76,12.73,BLA,Insurance,28.320000000000014
2020-02-25,1.24,3.06,4.3,-1.82,13.47,BLA,Insurance,26.500000000000014
2020-02-26,0.94,2.66,3.6,-1.72,6.86,BLA,Insurance,24.780000000000015
2020-02-27,4.62,2.95,7.57,1.67,16.79,BLA,Insurance,26.450000000000017
2020-02-28,0.65,2.11,2.76,-1.47,8.79,BLA,Insurance,24.980000000000018
2020-03-02,1.1,3.38,4.47,-2.28,21.93,BLA,Insurance,22.700000000000017
2020-03-03,0.76,0.55,1.31,0.21,7.9,BLA,Insurance,22.910000000000018
2020-03-04,6.98,1.19,8.17,5.8,27.62,BLA,Insurance,28.71000000000002
2020-03-05,1.89,2.2,4.09,-0.31,16.13,BLA,Insurance,28.40000000000002
2020-03-06,0.17,3.95,4.11,-3.78,21.98,BLA,Insurance,24.62000000000002
2020-03-09,9.78,12.75,22.53,-2.97,41.66,BLA,Insurance,21.65000000000002
2020-03-10,0.85,2.14,2.99,-1.29,12.54,BLA,Insurance,20.36000000000002
2020-03-11,0.93,2.14,3.07,-1.21,9.35,BLA,Insurance,19.15000000000002
2020-03-12,1.66,3.29,4.95,-1.63,14.84,BLA,Insurance,17.52000000000002
2020-03-13,2.73,4.96,7.69,-2.23,22.76,BLA,Insurance,15.29000000000002
2020-03-16,1.15,2.45,3.6,-1.3,2.5,BLA,Insurance,13.99000000000002
2020-03-17,1.97,1.4,3.37,0.57,2.82,BLA,Insurance,14.56000000000002
2020-03-18,1.14,2.87,4.01,-1.73,1.06,BLA,Insurance,12.83000000000002
2020-03-19,1.71,3.03,4.73,-1.32,19.46,BLA,Insurance,11.51000000000002
2020-03-20,7.89,2.76,10.66,5.13,11.43,BLA,Insurance,16.64000000000002
2020-03-23,10.22,8.07,18.29,2.16,30.62,BLA,Insurance,18.80000000000002
2020-03-24,1.31,2.99,4.3,-1.67,14.52,BLA,Insurance,17.130000000000017
2020-03-25,3.58,2.8,6.38,0.78,31.85,BLA,Insurance,17.910000000000018
2020-03-26,10.16,2.05,12.21,8.11,27.5,BLA,Insurance,26.020000000000017
2020-03-27,2.06,1.65,3.71,0.41,16.18,BLA,Insurance,26.430000000000017
2020-03-30,0.83,0.66,1.49,0.18,20.14,BLA,Insurance,26.610000000000017
2020-03-31,2.88,3.58,6.46,-0.71,21.3,BLA,Insurance,25.900000000000016
2020-04-01,0.78,0.26,1.04,0.53,7.2,BLA,Insurance,26.430000000000017
2020-04-02,0.59,0.09,0.67,0.5,7.85,BLA,Insurance,26.930000000000017
2020-04-03,1.64,0.98,2.62,0.66,12.92,BLA,Insurance,27.590000000000018
2020-04-07,4.48,1.83,6.3,2.65,19.25,BLA,Insurance,30.240000000000016
2020-04-08,4.82,0.76,5.58,4.06,15.95,BLA,Insurance,34.30000000000002
2020-04-09,3.31,0.49,3.8,2.82,10.11,BLA,Insurance,37.12000000000002
2020-04-10,0.84,0.99,1.83,-0.15,11.77,BLA,Insurance,36.97000000000002
2020-04-13,0.62,1.96,2.58,-1.34,5.89,BLA,Insurance,35.63000000000002
2020-04-14,2.48,2.75,5.23,-0.27,12.93,BLA,Insurance,35.360000000000014
2020-04-15,3.27,1.83,5.1,1.44,7.51,BLA,Insurance,36.80000000000001
2020-04-16,2.74,1.79,4.54,0.95,12.37,BLA,Insurance,37.750000000000014
2020-04-17,7.06,1.91,8.97,5.15,10.1,BLA,Insurance,42.90000000000001
2020-04-20,3.93,0.54,4.47,3.39,12.46,BLA,Insurance,46.29000000000001
2020-04-21,4.41,0.42,4.83,3.99,10.4,BLA,Insurance,50.280000000000015
2020-04-22,3.98,0.5,4.48,3.49,12.67,BLA,Insurance,53.77000000000002
2020-04-23,2.52,0.91,3.43,1.6,11.53,BLA,Insurance,55.37000000000002
2020-04-24,8.22,2.14,10.36,6.09,8.96,BLA,Insurance,61.46000000000002
2020-04-27,4.53,1.1,5.63,3.43,19.67,BLA,Insurance,64.89000000000003
2020-04-28,5.29,2.03,7.32,3.26,16.86,BLA,Insurance,68.15000000000003
2020-04-29,0.95,1.59,2.54,-0.63,12.48,BLA,Insurance,67.52000000000004
2020-04-30,6.23,4.7,10.93,1.53,15.09,BLA,Insurance,69.05000000000004
2020-05-05,0.21,3.16,3.37,-2.94,11.79,BLA,Insurance,66.11000000000004
2020-05-07,2.26,3.11,5.38,-0.85,12.68,BLA,Insurance,65.26000000000005
2020-05-08,0.02,1.41,1.43,-1.39,15.4,BLA,Insurance,63.87000000000005
2020-05-11,2.11,0.8,2.92,1.31,14.89,BLA,Insurance,65.18000000000005
2020-05-12,2.24,2.38,4.61,-0.14,20.47,BLA,Insurance,65.04000000000005
2020-05-13,5.18,1.0,6.19,4.18,11.58,BLA,Insurance,69.22000000000006
2020-05-14,4.59,0.49,5.08,4.1,17.12,BLA,Insurance,73.32000000000005
2020-05-15,0.23,1.95,2.18,-1.72,16.11,BLA,Insurance,71.60000000000005
2020-05-18,0.74,1.11,1.85,-0.37,6.55,BLA,Insurance,71.23000000000005
2020-05-19,2.09,1.14,3.23,0.96,14.36,BLA,Insurance,72.19000000000004
2020-05-20,3.33,0.72,4.05,2.62,20.31,BLA,Insurance,74.81000000000004
2020-05-21,0.92,1.84,2.76,-0.92,7.47,BLA,Insurance,73.89000000000004
2020-05-22,2.39,2.56,4.96,-0.17,10.33,BLA,Insurance,73.72000000000004
2020-05-25,1.31,0.13,1.44,1.18,6.94,BLA,Insurance,74.90000000000005
2020-05-26,2.1,2.8,4.91,-0.7,18.68,BLA,Insurance,74.20000000000005
2020-05-27,1.9,3.69,5.59,-1.8,13.25,BLA,Insurance,72.40000000000005
2020-05-28,7.02,0.98,8.0,6.04,8.58,BLA,Insurance,78.44000000000005
2020-05-29,1.85,3.96,5.81,-2.11,18.13,BLA,Insurance,76.33000000000006
2020-06-01,1.29,0.98,2.27,0.3,15.02,BLA,Insurance,76.63000000000005
2020-06-02,2.99,0.81,3.79,2.18,11.55,BLA,Insurance,78.81000000000006
2020-06-04,13.85,2.15,15.99,11.7,9.85,BLA,Insurance,90.51000000000006
2020-06-05,2.79,1.06,3.85,1.74,4.74,BLA,Insurance,92.25000000000006
2020-06-08,9.37,10.95,20.32,-1.57,6.6,BLA,Insurance,90.68000000000006
2020-06-09,4.12,1.8,5.92,2.32,4.49,BLA,Insurance,93.00000000000006
2020-06-10,2.16,3.05,5.2,-0.89,12.1,BLA,Insurance,92.11000000000006
2020-06-11,2.98,8.69,11.67,-5.71,15.19,BLA,Insurance,86.40000000000006
2020-06-12,0.98,4.24,5.22,-3.25,9.63,BLA,Insurance,83.15000000000006
2020-06-15,1.29,6.19,7.48,-4.9,17.46,BLA,Insurance,78.25000000000006
2020-06-16,0.67,3.26,3.93,-2.59,10.42,BLA,Insurance,75.66000000000005
2020-06-17,7.63,6.0,13.63,1.63,16.47,BLA,Insurance,77.29000000000005
2020-06-18,2.69,1.8,4.49,0.89,10.86,BLA,Insurance,78.18000000000005
2020-06-19,2.63,3.4,6.03,-0.77,13.63,BLA,Insurance,77.41000000000005
2020-06-22,1.43,2.8,4.23,-1.36,13.14,BLA,Insurance,76.05000000000005
2020-06-23,0.35,1.36,1.72,-1.01,8.39,BLA,Insurance,75.04000000000005
2020-06-24,2.26,5.88,8.15,-3.62,15.87,BLA,Insurance,71.42000000000004
2020-06-25,0.71,1.73,2.43,-1.02,7.17,BLA,Insurance,70.40000000000005
2020-06-26,2.03,4.07,6.11,-2.04,18.2,BLA,Insurance,68.36000000000004
2020-06-29,0.25,1.29,1.54,-1.04,9.46,BLA,Insurance,67.32000000000004
2020-06-30,1.29,11.32,12.61,-10.03,26.48,BLA,Insurance,57.290000000000035
2020-07-01,1.92,2.74,4.66,-0.82,22.61,BLA,Insurance,56.470000000000034
2020-07-02,4.39,2.89,7.28,1.49,16.66,BLA,Insurance,57.960000000000036
2020-07-03,0.18,2.91,3.08,-2.73,17.27,BLA,Insurance,55.23000000000004
2020-07-07,1.92,10.0,11.91,-8.08,12.51,BLA,Insurance,47.15000000000004
2020-07-08,0.83,4.22,5.05,-3.38,13.3,BLA,Insurance,43.77000000000004
2020-07-09,5.76,12.11,17.87,-6.35,44.81,BLA,Insurance,37.42000000000004
2020-07-10,0.35,4.46,4.81,-4.1,14.71,BLA,Insurance,33.320000000000036
2020-07-13,0.64,2.99,3.63,-2.35,18.77,BLA,Insurance,30.970000000000034
2020-07-14,0.4,1.71,2.11,-1.31,5.81,BLA,Insurance,29.660000000000036
2020-07-15,0.97,1.37,2.34,-0.4,14.24,BLA,Insurance,29.260000000000037
2020-07-16,27.93,16.17,44.1,11.77,15.65,BLA,Insurance,41.03000000000004
2020-07-17,17.35,27.64,44.99,-10.3,13.61,BLA,Insurance,30.730000000000036
2020-07-20,23.85,22.55,46.4,1.3,7.7,BLA,Insurance,32.03000000000004
2020-07-21,16.04,12.03,28.07,4.01,9.46,BLA,Insurance,36.040000000000035
2020-07-22,9.65,10.3,19.95,-0.65,9.23,BLA,Insurance,35.390000000000036
2020-07-23,16.79,13.01,29.8,3.79,5.11,BLA,Insurance,39.180000000000035
2020-07-24,9.18,12.87,22.06,-3.69,8.37,BLA,Insurance,35.49000000000004
2020-07-29,12.89,10.97,23.86,1.92,13.41,BLA,Insurance,37.41000000000004
2020-07-30,6.93,6.05,12.98,0.88,10.25,BLA,Insurance,38.29000000000004
2020-07-31,10.31,22.26,32.56,-11.95,31.43,BLA,Insurance,26.340000000000042
2020-08-03,1.12,4.67,5.79,-3.54,16.59,BLA,Insurance,22.800000000000043
2020-08-04,3.81,4.41,8.22,-0.6,18.81,BLA,Insurance,22.200000000000042
2020-08-05,1.88,4.47,6.35,-2.58,21.18,BLA,Insurance,19.62000000000004
2020-08-06,1.14,2.53,3.67,-1.39,18.72,BLA,Insurance,18.23000000000004
2020-08-07,0.9,4.8,5.7,-3.91,18.32,BLA,Insurance,14.32000000000004
2020-08-10,2.51,9.35,11.86,-6.84,41.32,BLA,Insurance,7.4800000000000395
2020-08-11,2.85,8.02,10.88,-5.17,17.68,BLA,Insurance,2.3100000000000396
2020-08-13,5.82,9.34,15.16,-3.52,15.64,BLA,Insurance,-1.2099999999999604
2020-08-14,4.35,6.83,11.19,-2.48,6.27,BLA,Insurance,-3.6899999999999604
2020-08-17,0.65,1.77,2.42,-1.12,12.44,BLA,Insurance,-4.8099999999999605
2020-08-18,3.8,2.73,6.53,1.07,18.87,BLA,Insurance,-3.7399999999999602
2020-08-19,3.12,10.79,13.91,-7.68,24.38,BLA,Insurance,-11.419999999999959
2020-08-20,1.17,7.53,8.7,-6.36,26.26,BLA,Insurance,-17.77999999999996
2020-08-21,0.42,13.27,13.69,-12.84,36.56,BLA,Insurance,-30.61999999999996
2020-08-24,0.74,3.05,3.78,-2.31,26.76,BLA,Insurance,-32.92999999999996
2020-08-25,0.39,0.42,0.81,-0.04,4.23,BLA,Insurance,-32.969999999999956
2020-08-26,13.66,4.94,18.6,8.73,12.19,BLA,Insurance,-24.239999999999956
2020-08-27,16.28,12.41,28.69,3.86,12.68,BLA,Insurance,-20.379999999999956
2020-08-28,7.41,26.6,34.01,-19.2,14.81,BLA,Insurance,-39.579999999999956
2020-08-31,19.54,9.62,29.16,9.92,15.44,BLA,Insurance,-29.659999999999954
2020-09-01,5.9,4.69,10.59,1.21,20.22,BLA,Insurance,-28.449999999999953
2020-09-02,0.39,0.59,0.98,-0.2,6.72,BLA,Insurance,-28.649999999999952
2020-09-03,1.55,0.98,2.52,0.57,10.03,BLA,Insurance,-28.079999999999952
2020-09-08,5.18,4.32,9.5,0.86,9.33,BLA,Insurance,-27.219999999999953
2020-09-09,5.28,4.71,9.99,0.56,9.65,BLA,Insurance,-26.659999999999954
2020-09-10,2.98,3.96,6.93,-0.98,17.8,BLA,Insurance,-27.639999999999954
2020-09-11,3.19,7.01,10.19,-3.82,13.53,BLA,Insurance,-31.459999999999955
2020-09-14,5.3,1.64,6.94,3.65,19.78,BLA,Insurance,-27.809999999999956
2020-09-15,4.72,6.06,10.78,-1.34,12.98,BLA,Insurance,-29.149999999999956
2020-09-16,2.83,8.52,11.35,-5.69,9.22,BLA,Insurance,-34.839999999999954
2020-09-17,2.16,3.83,5.99,-1.68,12.64,BLA,Insurance,-36.51999999999995
2020-09-18,7.65,24.18,31.83,-16.53,41.72,BLA,Insurance,-53.049999999999955
2020-09-21,8.01,4.02,12.03,4.0,10.16,BLA,Insurance,-49.049999999999955
2020-09-22,4.14,8.17,12.31,-4.02,7.8,BLA,Insurance,-53.06999999999995
2020-09-23,0.49,7.45,7.93,-6.96,11.65,BLA,Insurance,-60.02999999999995
2020-09-24,1.26,3.67,4.92,-2.41,11.71,BLA,Insurance,-62.439999999999955
2020-09-25,2.05,10.35,12.39,-8.3,20.97,BLA,Insurance,-70.73999999999995
2020-09-28,0.94,4.54,5.48,-3.6,20.17,BLA,Insurance,-74.33999999999995
2020-09-29,7.59,4.6,12.19,2.99,5.27,BLA,Insurance,-71.34999999999995
2020-09-30,2.15,5.14,7.28,-2.99,9.25,BLA,Insurance,-74.33999999999995
2020-10-01,18.58,4.15,22.73,14.43,9.78,BLA,Insurance,-59.90999999999995
2020-10-02,11.72,15.27,26.99,-3.56,11.74,BLA,Insurance,-63.46999999999995
2020-10-05,1.01,5.08,6.09,-4.07,19.32,BLA,Insurance,-67.53999999999995
2020-10-06,5.87,14.4,20.27,-8.53,15.03,BLA,Insurance,-76.06999999999995
2020-10-07,1.15,3.56,4.7,-2.41,9.61,BLA,Insurance,-78.47999999999995
2020-10-08,1.63,4.12,5.76,-2.49,11.61,BLA,Insurance,-80.96999999999994
2020-10-09,1.63,2.62,4.26,-0.99,13.43,BLA,Insurance,-81.95999999999994
2020-10-12,21.3,2.09,23.39,19.2,16.28,BLA,Insurance,-62.759999999999934
2020-10-14,2.14,16.67,18.81,-14.53,19.06,BLA,Insurance,-77.28999999999994
2020-10-15,6.62,2.42,9.04,4.21,16.27,BLA,Insurance,-73.07999999999994
2020-10-16,8.03,10.14,18.17,-2.1,19.06,BLA,Insurance,-75.17999999999994
2020-10-19,7.66,10.0,17.66,-2.34,29.91,BLA,Insurance,-77.51999999999994
2020-10-20,6.44,7.92,14.36,-1.48,15.4,BLA,Insurance,-78.99999999999994
2020-10-21,4.86,6.8,11.66,-1.94,31.02,BLA,Insurance,-80.93999999999994
2020-10-22,3.02,3.58,6.6,-0.56,21.87,BLA,Insurance,-81.49999999999994
2020-10-26,4.76,3.27,8.03,1.49,23.27,BLA,Insurance,-80.00999999999995
2020-10-27,1.96,1.77,3.73,0.19,15.11,BLA,Insurance,-79.81999999999995
2020-10-28,3.04,3.3,6.35,-0.26,23.33,BLA,Insurance,-80.07999999999996
2020-10-29,6.3,2.58,8.88,3.72,12.48,BLA,Insurance,-76.35999999999996
2020-10-30,2.61,5.82,8.44,-3.21,17.59,BLA,Insurance,-79.56999999999995
2020-11-02,4.54,1.65,6.19,2.89,32.05,BLA,Insurance,-76.67999999999995
2020-11-03,14.1,5.04,19.14,9.07,23.36,BLA,Insurance,-67.60999999999996
2020-11-04,1.85,1.48,3.32,0.37,14.25,BLA,Insurance,-67.23999999999995
2020-11-05,3.69,5.01,8.7,-1.32,15.77,BLA,Insurance,-68.55999999999995
2020-11-06,1.05,3.03,4.08,-1.98,26.34,BLA,Insurance,-70.53999999999995
2020-11-09,0.62,1.4,2.02,-0.78,11.3,BLA,Insurance,-71.31999999999995
2020-11-10,8.72,6.46,15.18,2.26,11.29,BLA,Insurance,-69.05999999999995
2020-11-11,3.83,15.03,18.86,-11.19,19.34,BLA,Insurance,-80.24999999999994
2020-11-12,8.92,7.37,16.29,1.55,10.72,BLA,Insurance,-78.69999999999995
2020-11-13,5.04,2.86,7.9,2.18,11.24,BLA,Insurance,-76.51999999999994
2020-11-16,1.39,3.59,4.98,-2.2,25.94,BLA,Insurance,-78.71999999999994
2020-11-17,22.62,6.68,29.3,15.94,19.26,BLA,Insurance,-62.779999999999944
2020-11-18,1.75,7.0,8.75,-5.25,19.12,BLA,Insurance,-68.02999999999994
2020-11-19,1.81,5.12,6.93,-3.31,19.76,BLA,Insurance,-71.33999999999995
2020-11-20,17.86,3.98,21.84,13.88,16.11,BLA,Insurance,-57.459999999999944
2020-11-23,7.0,2.95,9.95,4.05,12.94,BLA,Insurance,-53.40999999999995
2020-11-24,11.94,14.67,26.6,-2.73,11.1,BLA,Insurance,-56.139999999999944
2020-11-25,3.32,16.9,20.22,-13.58,15.26,BLA,Insurance,-69.71999999999994
2020-11-26,2.84,11.28,14.12,-8.44,16.0,BLA,Insurance,-78.15999999999994
2020-11-27,12.01,9.99,22.0,2.03,16.36,BLA,Insurance,-76.12999999999994
2020-11-30,6.76,24.59,31.35,-17.83,20.38,BLA,Insurance,-93.95999999999994
2020-12-01,91.0,27.78,118.79,63.22,14.49,BLA,Insurance,-30.739999999999938
2020-12-02,11.11,36.8,47.92,-25.69,14.82,BLA,Insurance,-56.429999999999936
2020-12-03,11.63,6.94,18.57,4.7,18.11,BLA,Insurance,-51.72999999999993
2020-12-04,29.6,21.72,51.32,7.87,14.64,BLA,Insurance,-43.859999999999935
2020-12-08,38.97,31.02,69.99,7.96,21.12,BLA,Insurance,-35.899999999999935
2020-12-09,47.66,32.05,79.71,15.61,15.56,BLA,Insurance,-20.289999999999935
2020-12-14,27.94,49.05,77.0,-21.11,17.66,BLA,Insurance,-41.399999999999935
2020-12-15,6.84,25.5,32.35,-18.66,22.73,BLA,Insurance,-60.05999999999993
2020-12-16,5.17,4.6,9.76,0.57,14.05,BLA,Insurance,-59.48999999999993
2020-12-17,20.17,54.81,74.98,-34.64,29.18,BLA,Insurance,-94.12999999999994
2020-12-18,57.88,17.03,74.9,40.85,40.53,BLA,Insurance,-53.27999999999994
2020-12-21,9.62,26.24,35.86,-16.61,15.34,BLA,Insurance,-69.88999999999993
2020-12-22,14.77,10.33,25.1,4.43,23.76,BLA,Insurance,-65.45999999999992
2020-12-23,11.87,21.04,32.9,-9.17,22.51,BLA,Insurance,-74.62999999999992
2020-12-24,13.35,6.12,19.46,7.23,17.46,BLA,Insurance,-67.39999999999992
2020-12-25,6.38,4.3,10.68,2.07,13.45,BLA,Insurance,-65.32999999999993
2020-12-28,7.59,13.94,21.53,-6.34,20.92,BLA,Insurance,-71.66999999999993
2020-12-29,9.23,8.1,17.33,1.13,14.14,BLA,Insurance,-70.53999999999994
2020-12-30,4.72,8.01,12.72,-3.29,20.36,BLA,Insurance,-73.82999999999994
2021-01-04,19.24,5.95,25.19,13.29,20.73,BLA,Insurance,-60.53999999999994
2021-01-05,10.63,12.53,23.16,-1.9,23.08,BLA,Insurance,-62.43999999999994
2021-01-06,13.55,21.62,35.17,-8.07,14.42,BLA,Insurance,-70.50999999999993
2021-01-07,140.79,50.94,191.73,89.85,17.83,BLA,Insurance,19.34000000000006
2021-01-08,27.01,31.49,58.5,-4.48,24.18,BLA,Insurance,14.86000000000006
2021-01-11,56.92,25.14,82.06,31.78,15.06,BLA,Insurance,46.64000000000006
2021-01-12,17.34,36.24,53.58,-18.91,12.43,BLA,Insurance,27.730000000000057
2021-01-13,14.44,22.63,37.07,-8.2,11.21,BLA,Insurance,19.530000000000058
2021-01-14,21.62,54.11,75.73,-32.5,21.05,BLA,Insurance,-12.969999999999942
2021-01-15,10.28,11.31,21.59,-1.03,21.49,BLA,Insurance,-13.999999999999941
2021-01-18,52.85,33.67,86.53,19.18,23.56,BLA,Insurance,5.180000000000058
2021-01-19,37.72,28.09,65.81,9.62,14.26,BLA,Insurance,14.800000000000058
2021-01-20,39.54,35.5,75.03,4.04,19.97,BLA,Insurance,18.840000000000057
2021-01-21,72.91,13.8,86.71,59.11,19.01,BLA,Insurance,77.95000000000006
2021-01-22,17.1,26.44,43.55,-9.34,22.06,BLA,Insurance,68.61000000000006
2021-01-25,10.43,11.06,21.49,-0.63,17.84,BLA,Insurance,67.98000000000006
2021-01-26,8.97,10.99,19.96,-2.01,22.9,BLA,Insurance,65.97000000000006
2021-01-27,44.18,47.66,91.83,-3.48,26.29,BLA,Insurance,62.49000000000006
2021-01-28,26.94,21.89,48.82,5.05,13.72,BLA,Insurance,67.54000000000006
2021-01-29,20.89,46.32,67.2,-25.43,15.5,BLA,Insurance,42.11000000000006
2021-02-01,12.9,8.71,21.62,4.19,27.02,BLA,Insurance,46.30000000000006
2021-02-02,30.83,15.79,46.62,15.03,15.64,BLA,Insurance,61.33000000000006
2021-02-03,24.34,58.16,82.5,-33.82,17.4,BLA,Insurance,27.510000000000062
2021-02-04,53.45,26.65,80.1,26.81,26.84,BLA,Insurance,54.320000000000064
2021-02-05,6.86,5.97,12.83,0.89,8.68,BLA,Insurance,55.210000000000065
2021-02-08,8.42,13.55,21.97,-5.13,21.23,BLA,Insurance,50.08000000000006
2021-02-09,3.61,10.37,13.98,-6.76,13.85,BLA,Insurance,43.320000000000064
2021-02-10,8.17,14.19,22.35,-6.02,20.16,BLA,Insurance,37.30000000000007
2021-02-11,9.02,4.12,13.14,4.9,27.92,BLA,Insurance,42.20000000000007
2021-02-15,4.35,9.89,14.23,-5.54,27.26,BLA,Insurance,36.66000000000007
2021-02-16,14.41,6.12,20.52,8.29,19.75,BLA,Insurance,44.95000000000007
2021-02-17,15.83,10.21,26.04,5.61,8.48,BLA,Insurance,50.560000000000066
2021-02-18,4.85,13.89,18.73,-9.04,10.41,BLA,Insurance,41.52000000000007
2021-02-19,14.37,19.49,33.86,-5.13,11.11,BLA,Insurance,36.390000000000065
2021-02-22,49.43,11.21,60.64,38.22,21.13,BLA,Insurance,74.61000000000007
2021-02-23,28.27,5.47,33.74,22.8,9.17,BLA,Insurance,97.41000000000007
2021-02-24,49.07,33.64,82.72,15.43,13.63,BLA,Insurance,112.84000000000006
2021-02-25,22.62,22.73,45.36,-0.11,18.63,BLA,Insurance,112.73000000000006
2021-03-01,16.73,9.57,26.3,7.16,15.42,BLA,Insurance,119.89000000000006
2021-03-02,12.6,13.8,26.4,-1.21,17.31,BLA,Insurance,118.68000000000006
2021-03-03,20.44,8.37,28.81,12.08,10.93,BLA,Insurance,130.76000000000008
2021-03-04,79.22,15.6,94.82,63.61,14.21,BLA,Insurance,194.37000000000006
2021-03-05,30.19,47.98,78.17,-17.79,13.08,BLA,Insurance,176.58000000000007
2021-03-08,15.84,22.98,38.82,-7.14,17.9,BLA,Insurance,169.44000000000008
2021-03-09,10.11,12.73,22.83,-2.62,17.99,BLA,Insurance,166.82000000000008
2021-03-10,10.44,9.5,19.94,0.93,12.86,BLA,Insurance,167.75000000000009
2021-03-11,14.56,10.32,24.89,4.24,18.83,BLA,Insurance,171.9900000000001
2021-03-12,18.05,17.05,35.1,1.0,17.47,BLA,Insurance,172.9900000000001
2021-03-15,15.55,15.35,30.89,0.2,13.46,BLA,Insurance,173.19000000000008
2021-03-16,12.16,17.27,29.43,-5.11,26.35,BLA,Insurance,168.08000000000007
2021-03-17,12.7,6.44,19.14,6.26,11.6,BLA,Insurance,174.34000000000006
2021-03-18,10.59,4.84,15.44,5.75,11.23,BLA,Insurance,180.09000000000006
2021-03-19,15.91,17.23,33.14,-1.33,20.41,BLA,Insurance,178.76000000000005
2021-03-22,8.35,24.58,32.92,-16.23,28.44,BLA,Insurance,162.53000000000006
2021-03-23,3.96,5.9,9.86,-1.94,14.49,BLA,Insurance,160.59000000000006
2021-03-24,4.41,7.8,12.21,-3.38,18.05,BLA,Insurance,157.21000000000006
2021-03-25,0.18,5.34,5.52,-5.16,9.64,BLA,Insurance,152.05000000000007
2021-03-26,12.78,14.64,27.42,-1.87,8.22,BLA,Insurance,150.18000000000006
2021-03-29,11.47,14.14,25.61,-2.67,17.57,BLA,Insurance,147.51000000000008
2021-03-30,10.46,7.2,17.67,3.26,13.13,BLA,Insurance,150.77000000000007
2021-03-31,3.43,10.73,14.17,-7.3,20.27,BLA,Insurance,143.47000000000006
2021-04-01,2.99,2.74,5.73,0.24,9.77,BLA,Insurance,143.71000000000006
2021-04-02,25.17,11.45,36.62,13.72,26.18,BLA,Insurance,157.43000000000006
2021-04-05,8.59,7.15,15.74,1.44,27.73,BLA,Insurance,158.87000000000006
2021-04-07,34.71,27.11,61.82,7.61,45.61,BLA,Insurance,166.48000000000008
2021-04-08,20.73,19.72,40.46,1.01,40.73,BLA,Insurance,167.49000000000007
2021-04-09,28.99,17.37,46.36,11.62,40.02,BLA,Insurance,179.11000000000007
2021-04-12,34.89,17.87,52.76,17.03,47.02,BLA,Insurance,196.14000000000007
2021-04-16,36.4,8.01,44.4,28.39,30.28,BLA,Insurance,224.5300000000001
2021-04-19,10.0,0.84,10.84,9.16,11.55,BLA,Insurance,233.69000000000008
2021-04-20,15.59,10.85,26.44,4.74,27.54,BLA,Insurance,238.4300000000001
2021-04-21,13.91,4.93,18.85,8.98,16.11,BLA,Insurance,247.41000000000008
2021-04-22,17.59,16.98,34.57,0.61,35.66,BLA,Insurance,248.0200000000001
2021-04-23,15.9,13.43,29.33,2.47,21.62,BLA,Insurance,250.4900000000001
2021-04-26,14.8,25.74,40.53,-10.94,24.4,BLA,Insurance,239.5500000000001
2021-04-27,8.38,5.66,14.05,2.72,21.69,BLA,Insurance,242.2700000000001
2021-04-28,20.56,21.27,41.83,-0.7,34.16,BLA,Insurance,241.5700000000001
2021-04-29,4.42,0.84,5.25,3.58,11.52,BLA,Insurance,245.15000000000012
2021-04-30,8.46,8.09,16.56,0.37,38.07,BLA,Insurance,245.52000000000012
2021-05-05,9.9,25.07,34.96,-15.17,28.06,BLA,Insurance,230.35000000000014
2021-05-06,8.3,6.03,14.32,2.27,20.86,BLA,Insurance,232.62000000000015
2021-05-07,21.66,11.4,33.06,10.26,22.17,BLA,Insurance,242.88000000000014
2021-05-10,16.39,8.54,24.93,7.85,24.11,BLA,Insurance,250.73000000000013
2021-05-11,7.31,5.13,12.44,2.18,26.68,BLA,Insurance,252.91000000000014
2021-05-12,40.9,43.79,84.69,-2.89,10.54,BLA,Insurance,250.02000000000015
2021-05-13,164.85,96.03,260.88,68.83,17.99,BLA,Insurance,318.85000000000014
2021-05-14,34.88,34.61,69.49,0.26,14.14,BLA,Insurance,319.1100000000001
2021-05-17,88.93,37.02,125.95,51.91,18.8,BLA,Insurance,371.0200000000001
2021-05-18,57.13,13.61,70.74,43.51,18.96,BLA,Insurance,414.5300000000001
2021-05-19,37.15,23.2,60.36,13.95,33.53,BLA,Insurance,428.4800000000001
2021-05-20,37.61,20.46,58.07,17.14,21.18,BLA,Insurance,445.62000000000006
2021-05-21,67.99,40.89,108.88,27.1,29.3,BLA,Insurance,472.7200000000001
2021-05-24,26.18,9.67,35.84,16.51,33.18,BLA,Insurance,489.2300000000001
2021-05-25,32.88,17.99,50.87,14.89,24.23,BLA,Insurance,504.12000000000006
2021-05-27,18.86,14.15,33.01,4.72,23.12,BLA,Insurance,508.8400000000001
2021-05-28,36.9,14.63,51.53,22.27,16.77,BLA,Insurance,531.1100000000001
2021-05-31,26.48,36.17,62.65,-9.69,27.71,BLA,Insurance,521.4200000000001
2021-06-01,8.63,24.19,32.83,-15.56,34.31,BLA,Insurance,505.86000000000007
2021-06-02,13.34,26.06,39.39,-12.72,18.47,BLA,Insurance,493.14000000000004
2021-06-04,57.03,34.68,91.71,22.35,35.8,BLA,Insurance,515.49
2021-06-07,10.47,50.22,60.69,-39.76,28.4,BLA,Insurance,475.73
2021-06-08,0.49,10.17,10.66,-9.68,18.54,BLA,Insurance,466.05
2021-06-09,9.86,11.11,20.97,-1.25,19.87,BLA,Insurance,464.8
2021-06-10,35.8,38.03,73.84,-2.23,13.27,BLA,Insurance,462.57
2021-06-11,66.78,17.42,84.21,49.36,14.73,BLA,Insurance,511.93
2021-06-14,26.57,34.35,60.92,-7.77,21.27,BLA,Insurance,504.16
2021-06-15,46.21,48.5,94.72,-2.29,34.82,BLA,Insurance,501.87
2021-06-16,17.99,21.22,39.21,-3.22,18.93,BLA,Insurance,498.65
2021-06-17,19.05,67.07,86.12,-48.02,17.8,BLA,Insurance,450.63
2021-06-18,99.47,90.93,190.4,8.54,59.96,BLA,Insurance,459.17
2021-06-21,2.62,26.33,28.94,-23.71,19.15,BLA,Insurance,435.46000000000004
2021-06-22,4.08,29.41,33.49,-25.34,28.83,BLA,Insurance,410.12000000000006
2021-06-23,37.14,28.2,65.33,8.94,27.82,BLA,Insurance,419.06000000000006
2021-06-24,43.46,79.11,122.57,-35.64,25.05,BLA,Insurance,383.4200000000001
2021-06-25,43.69,56.69,100.38,-13.0,23.21,BLA,Insurance,370.4200000000001
2021-06-28,5.23,11.83,17.06,-6.6,22.56,BLA,Insurance,363.82000000000005
2021-06-29,2.22,17.91,20.13,-15.69,43.46,BLA,Insurance,348.13000000000005
2021-06-30,4.38,36.19,40.57,-31.8,27.62,BLA,Insurance,316.33000000000004
2021-07-01,5.29,15.64,20.93,-10.36,22.43,BLA,Insurance,305.97
2021-07-02,2.88,22.19,25.07,-19.31,26.77,BLA,Insurance,286.66
2021-07-05,8.9,2.28,11.17,6.62,11.52,BLA,Insurance,293.28000000000003
2021-07-06,16.2,17.73,33.93,-1.53,20.02,BLA,Insurance,291.75000000000006
2021-07-07,4.79,85.37,90.16,-80.59,29.86,BLA,Insurance,211.16000000000005
2021-07-08,29.29,10.98,40.27,18.31,18.89,BLA,Insurance,229.47000000000006
2021-07-09,21.2,9.16,30.36,12.04,20.49,BLA,Insurance,241.51000000000005
2021-07-12,5.09,6.11,11.2,-1.03,26.66,BLA,Insurance,240.48000000000005
2021-07-13,1.96,4.81,6.77,-2.84,19.59,BLA,Insurance,237.64000000000004
2021-07-14,5.56,18.9,24.46,-13.35,27.08,BLA,Insurance,224.29000000000005
2021-07-15,10.88,33.15,44.03,-22.28,31.03,BLA,Insurance,202.01000000000005
2021-07-16,4.26,10.65,14.91,-6.39,29.41,BLA,Insurance,195.62000000000006
2021-07-19,10.34,7.28,17.61,3.06,17.65,BLA,Insurance,198.68000000000006
2021-07-20,24.22,19.85,44.07,4.38,20.73,BLA,Insurance,203.06000000000006
2021-07-21,14.11,8.53,22.65,5.58,16.81,BLA,Insurance,208.64000000000007
2021-07-22,21.32,30.25,51.56,-8.93,17.26,BLA,Insurance,199.71000000000006
2021-07-23,3.32,17.16,20.48,-13.83,21.37,BLA,Insurance,185.88000000000005
2021-07-27,7.57,29.31,36.88,-21.74,22.19,BLA,Insurance,164.14000000000004
2021-07-29,22.55,24.35,46.9,-1.8,31.3,BLA,Insurance,162.34000000000003
2021-07-30,13.55,23.85,37.41,-10.3,23.07,BLA,Insurance,152.04000000000002
2021-08-02,15.21,26.71,41.92,-11.5,27.83,BLA,Insurance,140.54000000000002
2021-08-03,27.28,10.82,38.1,16.46,34.82,BLA,Insurance,157.00000000000003
2021-08-04,24.19,17.55,41.74,6.64,13.59,BLA,Insurance,163.64000000000001
2021-08-05,8.76,21.3,30.06,-12.54,19.05,BLA,Insurance,151.10000000000002
2021-08-06,8.35,25.03,33.38,-16.68,14.43,BLA,Insurance,134.42000000000002
2021-08-09,12.3,47.31,59.61,-35.01,17.98,BLA,Insurance,99.41000000000003
2021-08-10,5.31,28.12,33.44,-22.81,27.66,BLA,Insurance,76.60000000000002
2021-08-11,33.79,29.53,63.32,4.27,11.58,BLA,Insurance,80.87000000000002
2021-08-13,26.11,23.22,49.33,2.89,24.3,BLA,Insurance,83.76000000000002
2021-08-16,16.22,7.66,23.87,8.56,15.12,BLA,Insurance,92.32000000000002
2021-08-17,20.53,14.72,35.25,5.81,27.32,BLA,Insurance,98.13000000000002
2021-08-18,6.34,5.11,11.45,1.24,12.54,BLA,Insurance,99.37000000000002
2021-08-19,2.18,8.86,11.03,-6.68,22.12,BLA,Insurance,92.69000000000003
2021-08-20,3.89,5.65,9.54,-1.76,13.83,BLA,Insurance,90.93000000000002
2021-08-23,3.06,8.54,11.6,-5.48,22.87,BLA,Insurance,85.45000000000002
2021-08-24,2.38,3.72,6.09,-1.34,12.51,BLA,Insurance,84.11000000000001
2021-08-25,11.99,14.41,26.4,-2.42,20.99,BLA,Insurance,81.69000000000001
2021-08-26,14.84,37.44,52.28,-22.6,24.2,BLA,Insurance,59.09000000000001
2021-08-27,7.48,31.86,39.35,-24.38,15.94,BLA,Insurance,34.71000000000001
2021-08-30,14.96,3.26,18.22,11.7,7.41,BLA,Insurance,46.41000000000001
2021-08-31,28.04,22.7,50.74,5.35,26.01,BLA,Insurance,51.76000000000001
2021-09-01,9.14,12.66,21.81,-3.52,19.07,BLA,Insurance,48.24000000000001
2021-09-02,9.33,8.87,18.2,0.46,10.88,BLA,Insurance,48.70000000000001
2021-09-03,5.32,5.61,10.93,-0.29,11.4,BLA,Insurance,48.41000000000001
2021-09-06,2.56,14.11,16.67,-11.55,21.16,BLA,Insurance,36.860000000000014
2021-09-07,5.01,18.97,23.98,-13.96,19.89,BLA,Insurance,22.900000000000013
2021-09-08,13.56,19.0,32.56,-5.44,10.45,BLA,Insurance,17.46000000000001
2021-09-09,5.4,15.0,20.4,-9.6,12.47,BLA,Insurance,7.860000000000012
2021-09-10,4.98,7.45,12.43,-2.47,12.83,BLA,Insurance,5.390000000000011
2021-09-13,18.73,2.04,20.77,16.69,15.9,BLA,Insurance,22.080000000000013
2021-09-14,0.9,4.45,5.35,-3.54,12.91,BLA,Insurance,18.540000000000013
2021-09-15,7.45,5.42,12.87,2.03,17.08,BLA,Insurance,20.570000000000014
2021-09-16,3.62,5.67,9.28,-2.05,20.74,BLA,Insurance,18.520000000000014
2021-09-17,42.08,64.18,106.26,-22.1,45.63,BLA,Insurance,-3.5799999999999876
2021-09-20,66.83,15.37,82.2,51.46,23.36,BLA,Insurance,47.88000000000001
2021-09-21,38.0,42.55,80.55,-4.55,14.08,BLA,Insurance,43.33000000000001
2021-09-22,8.71,38.98,47.69,-30.28,20.28,BLA,Insurance,13.050000000000011
2021-09-23,2.7,21.94,24.64,-19.24,14.33,BLA,Insurance,-6.189999999999987
2021-09-27,45.79,61.8,107.59,-16.01,21.93,BLA,Insurance,-22.19999999999999
2021-09-28,15.26,27.54,42.8,-12.28,20.13,BLA,Insurance,-34.47999999999999
2021-09-29,32.53,44.69,77.22,-12.17,18.56,BLA,Insurance,-46.64999999999999
2021-09-30,12.66,45.9,58.56,-33.24,28.54,BLA,Insurance,-79.88999999999999
2021-10-01,13.54,14.0,27.55,-0.46,17.23,BLA,Insurance,-80.34999999999998
2021-10-04,7.37,3.26,10.64,4.11,22.86,BLA,Insurance,-76.23999999999998
2021-10-05,9.17,2.26,11.43,6.92,13.55,BLA,Insurance,-69.31999999999998
2021-10-06,42.27,7.51,49.78,34.76,18.7,BLA,Insurance,-34.55999999999998
2021-10-07,16.57,19.06,35.63,-2.48,22.67,BLA,Insurance,-37.03999999999998
2021-10-08,99.82,29.41,129.22,70.41,16.44,BLA,Insurance,33.37000000000002
2021-10-11,33.28,44.35,77.64,-11.07,21.67,BLA,Insurance,22.30000000000002
2021-10-12,29.3,16.4,45.7,12.9,31.68,BLA,Insurance,35.20000000000002
2021-10-14,22.99,32.55,55.54,-9.56,24.64,BLA,Insurance,25.640000000000015
2021-10-15,42.03,15.09,57.12,26.94,27.05,BLA,Insurance,52.58000000000001
2021-10-18,11.92,11.49,23.41,0.43,16.29,BLA,Insurance,53.01000000000001
2021-10-19,11.78,19.97,31.76,-8.19,25.49,BLA,Insurance,44.820000000000014
2021-10-20,34.88,19.93,54.81,14.96,11.26,BLA,Insurance,59.780000000000015
2021-10-21,13.73,27.45,41.18,-13.72,11.45,BLA,Insurance,46.06000000000002
2021-10-25,10.6,10.97,21.57,-0.37,13.52,BLA,Insurance,45.69000000000002
2021-10-26,15.85,16.21,32.06,-0.35,18.28,BLA,Insurance,45.34000000000002
2021-10-27,12.91,12.05,24.95,0.86,14.64,BLA,Insurance,46.20000000000002
2021-10-28,45.47,54.4,99.87,-8.93,12.63,BLA,Insurance,37.27000000000002
2021-10-29,12.13,31.13,43.26,-19.0,24.02,BLA,Insurance,18.270000000000017
2021-11-01,6.95,18.98,25.94,-12.03,31.5,BLA,Insurance,6.240000000000018
2021-11-02,17.35,13.01,30.36,4.34,16.44,BLA,Insurance,10.580000000000018
2021-11-03,10.91,13.06,23.98,-2.15,21.72,BLA,Insurance,8.430000000000017
2021-11-04,9.23,13.02,22.25,-3.79,17.5,BLA,Insurance,4.640000000000017
2021-11-05,8.11,9.74,17.85,-1.64,14.71,BLA,Insurance,3.0000000000000178
2021-11-08,32.75,10.11,42.86,22.63,19.43,BLA,Insurance,25.630000000000017
2021-11-09,5.72,8.43,14.15,-2.71,21.66,BLA,Insurance,22.920000000000016
2021-11-10,8.34,4.91,13.26,3.43,18.91,BLA,Insurance,26.350000000000016
2021-11-11,34.52,43.38,77.89,-8.86,15.87,BLA,Insurance,17.490000000000016
2021-11-12,20.43,33.3,53.74,-12.87,19.77,BLA,Insurance,4.620000000000017
2021-11-15,2.85,9.31,12.16,-6.46,11.95,BLA,Insurance,-1.839999999999983
2021-11-16,5.97,17.08,23.05,-11.12,19.39,BLA,Insurance,-12.959999999999983
2021-11-17,10.35,9.99,20.34,0.36,26.2,BLA,Insurance,-12.599999999999984
2021-11-18,1.7,12.27,13.97,-10.58,22.74,BLA,Insurance,-23.179999999999986
2021-11-19,1.14,1.63,2.77,-0.49,9.62,BLA,Insurance,-23.669999999999984
2021-11-22,11.03,6.07,17.1,4.96,15.47,BLA,Insurance,-18.709999999999983
2021-11-23,93.9,16.96,110.86,76.95,20.69,BLA,Insurance,58.24000000000002
2021-11-24,30.01,15.59,45.61,14.42,27.21,BLA,Insurance,72.66000000000003
2021-11-25,24.85,11.58,36.43,13.27,24.13,BLA,Insurance,85.93000000000002
2021-11-26,12.9,18.1,31.01,-5.2,12.05,BLA,Insurance,80.73000000000002
2021-11-29,62.22,55.78,118.0,6.44,32.6,BLA,Insurance,87.17000000000002
2021-11-30,21.36,40.6,61.97,-19.24,25.05,BLA,Insurance,67.93000000000002
2021-12-01,12.42,4.2,16.61,8.22,19.27,BLA,Insurance,76.15000000000002
2021-12-02,16.96,12.4,29.36,4.55,24.1,BLA,Insurance,80.70000000000002
2021-12-03,7.46,12.39,19.84,-4.93,25.35,BLA,Insurance,75.77000000000001
2021-12-07,125.88,26.72,152.6,99.16,17.82,BLA,Insurance,174.93
2021-12-08,68.12,28.74,96.86,39.38,17.36,BLA,Insurance,214.31
2021-12-09,21.98,18.03,40.02,3.95,13.62,BLA,Insurance,218.26
2021-12-13,61.44,20.85,82.29,40.59,25.48,BLA,Insurance,258.85
2021-12-14,36.21,15.91,52.12,20.3,27.08,BLA,Insurance,279.15000000000003
2021-12-15,7.71,13.76,21.47,-6.06,11.86,BLA,Insurance,273.09000000000003
2021-12-16,24.56,21.71,46.27,2.85,23.1,BLA,Insurance,275.94000000000005
2021-12-17,38.48,18.79,57.27,19.7,27.66,BLA,Insurance,295.64000000000004
2021-12-20,16.27,39.93,56.19,-23.66,20.8,BLA,Insurance,271.98
2021-12-21,13.97,16.48,30.45,-2.51,16.24,BLA,Insurance,269.47
2021-12-22,3.36,9.62,12.99,-6.26,11.87,BLA,Insurance,263.21000000000004
2021-12-23,31.13,16.35,47.48,14.79,21.35,BLA,Insurance,278.00000000000006
2021-12-24,22.95,25.15,48.1,-2.21,22.35,BLA,Insurance,275.7900000000001
2021-12-27,11.13,12.05,23.18,-0.92,16.71,BLA,Insurance,274.87000000000006
2021-12-28,4.83,9.21,14.05,-4.38,12.72,BLA,Insurance,270.49000000000007
2021-12-29,23.99,10.73,34.72,13.25,20.32,BLA,Insurance,283.74000000000007
2021-12-30,82.68,32.67,115.35,50.0,14.4,BLA,Insurance,333.74000000000007
2022-01-04,34.68,37.13,71.81,-2.45,11.19,BLA,Insurance,331.2900000000001
2022-01-05,49.28,32.92,82.21,16.36,10.54,BLA,Insurance,347.6500000000001
2022-01-06,106.34,82.57,188.91,23.78,13.11,BLA,Insurance,371.43000000000006
2022-01-07,129.86,81.43,211.29,48.44,10.79,BLA,Insurance,419.87000000000006
2022-01-10,86.86,182.56,269.42,-95.69,19.3,BLA,Insurance,324.18000000000006
2022-01-11,80.17,77.66,157.83,2.51,17.19,BLA,Insurance,326.69000000000005
2022-01-12,67.85,53.57,121.42,14.29,16.19,BLA,Insurance,340.9800000000001
2022-01-13,83.36,52.62,135.99,30.74,12.19,BLA,Insurance,371.7200000000001
2022-01-14,48.32,74.74,123.05,-26.42,23.46,BLA,Insurance,345.30000000000007
2022-01-17,37.2,29.56,66.76,7.64,18.37,BLA,Insurance,352.94000000000005
2022-01-18,60.39,60.9,121.29,-0.51,14.48,BLA,Insurance,352.43000000000006
2022-01-19,22.84,54.26,77.09,-31.42,12.7,BLA,Insurance,321.01000000000005
2022-01-20,44.62,41.55,86.17,3.08,19.83,BLA,Insurance,324.09000000000003
2022-01-21,129.36,42.91,172.27,86.45,25.8,BLA,Insurance,410.54
2022-01-24,142.39,59.21,201.59,83.18,32.1,BLA,Insurance,493.72
2022-01-25,55.29,88.49,143.78,-33.2,35.36,BLA,Insurance,460.52000000000004
2022-01-26,130.98,127.17,258.15,3.8,30.59,BLA,Insurance,464.32000000000005
2022-01-27,74.44,112.79,187.24,-38.35,19.53,BLA,Insurance,425.97
2022-01-28,65.19,59.74,124.92,5.45,22.49,BLA,Insurance,431.42
2022-01-31,42.85,46.55,89.4,-3.7,21.66,BLA,Insurance,427.72
2022-02-01,72.29,15.54,87.83,56.75,26.7,BLA,Insurance,484.47
2022-02-02,91.22,95.99,187.2,-4.77,25.62,BLA,Insurance,479.70000000000005
2022-02-03,34.94,62.55,97.49,-27.61,22.51,BLA,Insurance,452.09000000000003
2022-02-04,42.66,73.79,116.45,-31.12,33.17,BLA,Insurance,420.97
2022-02-07,181.22,146.5,327.72,34.72,27.4,BLA,Insurance,455.69000000000005
2022-02-08,42.27,93.43,135.69,-51.16,27.6,BLA,Insurance,404.5300000000001
2022-02-09,58.62,54.77,113.39,3.85,24.47,BLA,Insurance,408.3800000000001
2022-02-10,28.02,42.46,70.49,-14.44,14.87,BLA,Insurance,393.9400000000001
2022-02-11,106.49,149.98,256.47,-43.49,17.14,BLA,Insurance,350.4500000000001
2022-02-14,41.31,66.27,107.58,-24.96,25.15,BLA,Insurance,325.4900000000001
2022-02-15,59.13,85.76,144.89,-26.63,25.47,BLA,Insurance,298.8600000000001
2022-02-17,24.53,42.47,67.0,-17.94,13.53,BLA,Insurance,280.92000000000013
2022-02-18,18.52,28.46,46.98,-9.94,15.65,BLA,Insurance,270.98000000000013
2022-02-21,66.74,56.27,123.01,10.48,29.79,BLA,Insurance,281.46000000000015
2022-02-22,77.16,38.21,115.37,38.95,21.58,BLA,Insurance,320.41000000000014
2022-02-23,30.03,7.67,37.69,22.36,17.95,BLA,Insurance,342.77000000000015
2022-02-24,85.63,100.0,185.63,-14.37,33.72,BLA,Insurance,328.40000000000015
2022-02-25,33.67,39.33,73.0,-5.66,19.83,BLA,Insurance,322.7400000000001
2022-02-28,93.39,83.56,176.95,9.83,22.47,BLA,Insurance,332.5700000000001
2022-03-01,63.65,47.19,110.84,16.46,17.08,BLA,Insurance,349.0300000000001
2022-03-02,259.33,71.61,330.93,187.72,25.47,BLA,Insurance,536.7500000000001
2022-03-03,59.5,75.89,135.39,-16.39,25.85,BLA,Insurance,520.3600000000001
2022-03-04,38.01,47.84,85.85,-9.83,36.04,BLA,Insurance,510.53000000000014
2022-03-07,190.72,110.74,301.46,79.99,38.55,BLA,Insurance,590.5200000000001
2022-03-08,99.0,107.45,206.45,-8.45,29.56,BLA,Insurance,582.07
2022-03-09,54.8,156.43,211.24,-101.63,36.87,BLA,Insurance,480.44000000000005
2022-03-10,65.86,162.08,227.93,-96.22,24.27,BLA,Insurance,384.22
2022-03-11,19.19,68.86,88.05,-49.66,33.94,BLA,Insurance,334.56000000000006
2022-03-14,18.92,59.6,78.52,-40.68,38.73,BLA,Insurance,293.88000000000005
2022-03-15,50.43,95.25,145.68,-44.82,21.47,BLA,Insurance,249.06000000000006
2022-03-16,47.55,39.51,87.06,8.05,26.47,BLA,Insurance,257.11000000000007
2022-03-17,19.97,28.9,48.87,-8.93,18.57,BLA,Insurance,248.18000000000006
2022-03-18,175.73,91.35,267.08,84.37,50.33,BLA,Insurance,332.55000000000007
2022-03-21,28.54,63.94,92.48,-35.39,27.6,BLA,Insurance,297.1600000000001
2022-03-22,97.81,40.99,138.8,56.82,31.06,BLA,Insurance,353.9800000000001
2022-03-23,114.53,46.23,160.76,68.3,21.89,BLA,Insurance,422.2800000000001
2022-03-24,27.15,38.77,65.92,-11.62,30.53,BLA,Insurance,410.6600000000001
2022-03-25,16.96,23.65,40.6,-6.69,20.67,BLA,Insurance,403.9700000000001
2022-03-28,140.97,101.44,242.42,39.53,22.18,BLA,Insurance,443.5000000000001
2022-03-29,23.68,53.54,77.22,-29.86,13.2,BLA,Insurance,413.6400000000001
2022-03-30,24.14,70.2,94.34,-46.06,15.77,BLA,Insurance,367.5800000000001
2022-03-31,25.93,20.84,46.77,5.09,13.44,BLA,Insurance,372.6700000000001
2022-04-01,21.98,33.23,55.21,-11.25,14.51,BLA,Insurance,361.4200000000001
2022-04-04,26.65,71.33,97.98,-44.68,24.35,BLA,Insurance,316.74000000000007
2022-04-05,27.94,33.06,61.01,-5.12,20.2,BLA,Insurance,311.62000000000006
2022-04-07,57.31,59.16,116.47,-1.85,23.94,BLA,Insurance,309.77000000000004
2022-04-08,31.74,26.27,58.01,5.47,19.5,BLA,Insurance,315.24000000000007
2022-04-11,18.66,65.55,84.21,-46.89,24.97,BLA,Insurance,268.3500000000001
2022-04-12,14.5,11.91,26.41,2.59,12.78,BLA,Insurance,270.94000000000005
2022-04-18,53.49,30.96,84.45,22.53,19.34,BLA,Insurance,293.47
2022-04-19,29.34,27.28,56.62,2.06,26.24,BLA,Insurance,295.53000000000003
2022-04-20,75.36,20.28,95.64,55.08,11.14,BLA,Insurance,350.61
2022-04-21,39.7,34.91,74.61,4.8,17.4,BLA,Insurance,355.41
2022-04-22,18.47,62.99,81.46,-44.51,23.59,BLA,Insurance,310.90000000000003
2022-04-25,49.41,25.65,75.06,23.77,15.14,BLA,Insurance,334.67
2022-04-26,38.5,36.67,75.18,1.83,17.75,BLA,Insurance,336.5
2022-04-27,43.69,200.74,244.42,-157.05,22.91,BLA,Insurance,179.45
2022-04-28,26.41,28.6,55.01,-2.19,17.64,BLA,Insurance,177.26
2022-04-29,56.01,59.1,115.11,-3.09,26.83,BLA,Insurance,174.17
2022-05-03,12.46,24.16,36.62,-11.7,18.74,BLA,Insurance,162.47
2022-05-05,22.75,38.12,60.87,-15.37,16.46,BLA,Insurance,147.1
2022-05-06,125.51,66.99,192.51,58.52,32.49,BLA,Insurance,205.62
2022-05-09,27.43,57.68,85.11,-30.25,20.31,BLA,Insurance,175.37
2022-05-10,43.9,54.47,98.37,-10.56,30.32,BLA,Insurance,164.81
2022-05-11,16.78,22.98,39.76,-6.2,26.41,BLA,Insurance,158.61
2022-05-12,78.39,87.1,165.49,-8.71,19.71,BLA,Insurance,149.9
2022-05-13,25.91,24.83,50.75,1.08,30.79,BLA,Insurance,150.98000000000002
2022-05-17,134.24,244.11,378.36,-109.87,29.46,BLA,Insurance,41.110000000000014
2022-05-18,63.5,41.88,105.37,21.62,27.76,BLA,Insurance,62.73000000000002
2022-05-19,20.27,35.72,55.99,-15.46,28.04,BLA,Insurance,47.27000000000002
2022-05-20,71.39,22.45,93.85,48.94,25.7,BLA,Insurance,96.21000000000001
2022-05-23,39.58,14.04,53.62,25.54,29.13,BLA,Insurance,121.75
2022-05-24,39.14,10.33,49.47,28.81,20.05,BLA,Insurance,150.56
2022-05-25,78.46,39.58,118.04,38.89,21.0,BLA,Insurance,189.45
2022-05-26,77.84,15.14,92.98,62.71,25.04,BLA,Insurance,252.16
2022-05-27,72.66,30.27,102.93,42.39,23.84,BLA,Insurance,294.55
2022-05-30,52.5,20.41,72.91,32.09,18.12,BLA,Insurance,326.64
2022-05-31,97.8,126.25,224.05,-28.45,34.72,BLA,Insurance,298.19
2022-06-01,82.46,98.44,180.89,-15.98,17.47,BLA,Insurance,282.21
2022-06-02,17.66,77.22,94.88,-59.56,21.12,BLA,Insurance,222.64999999999998
2022-06-06,38.71,107.87,146.59,-69.16,22.73,BLA,Insurance,153.48999999999998
2022-06-07,78.71,124.09,202.81,-45.38,26.55,BLA,Insurance,108.10999999999999
2022-06-08,26.28,46.59,72.86,-20.31,22.95,BLA,Insurance,87.79999999999998
2022-06-09,78.63,156.74,235.37,-78.12,23.21,BLA,Insurance,9.679999999999978
2022-06-10,142.78,106.69,249.48,36.09,19.94,BLA,Insurance,45.76999999999998
2022-06-13,278.85,181.35,460.2,97.5,27.38,BLA,Insurance,143.26999999999998
2022-06-14,93.23,164.58,257.8,-71.35,23.08,BLA,Insurance,71.91999999999999
2022-06-15,104.95,163.87,268.82,-58.91,21.46,BLA,Insurance,13.009999999999991
2022-06-16,122.43,141.48,263.91,-19.04,20.09,BLA,Insurance,-6.030000000000008
2022-06-17,112.89,116.77,229.66,-3.88,32.64,BLA,Insurance,-9.910000000000007
2022-06-20,23.14,23.69,46.83,-0.55,30.71,BLA,Insurance,-10.460000000000008
2022-06-21,127.74,99.09,226.83,28.64,27.23,BLA,Insurance,18.179999999999993
2022-06-22,116.34,51.74,168.09,64.6,27.5,BLA,Insurance,82.77999999999999
2022-06-23,53.98,23.76,77.74,30.22,25.84,BLA,Insurance,112.99999999999999
2022-06-24,140.04,60.51,200.55,79.53,31.9,BLA,Insurance,192.52999999999997
2022-06-27,94.06,60.52,154.57,33.54,31.22,BLA,Insurance,226.06999999999996
2022-06-28,75.03,67.35,142.38,7.68,39.04,BLA,Insurance,233.74999999999997
2022-06-29,56.71,53.71,110.42,3.0,36.12,BLA,Insurance,236.74999999999997
2022-06-30,158.59,335.89,494.48,-177.3,40.26,BLA,Insurance,59.44999999999996
2022-07-01,104.67,71.74,176.41,32.93,23.32,BLA,Insurance,92.37999999999997
2022-07-04,53.33,56.23,109.56,-2.9,33.39,BLA,Insurance,89.47999999999996
2022-07-05,63.06,54.19,117.25,8.88,25.3,BLA,Insurance,98.35999999999996
2022-07-06,51.06,38.12,89.18,12.94,30.95,BLA,Insurance,111.29999999999995
2022-07-07,62.54,142.24,204.78,-79.69,24.09,BLA,Insurance,31.609999999999957
2022-07-08,85.93,131.99,217.92,-46.07,28.93,BLA,Insurance,-14.460000000000043
2022-07-11,34.49,45.68,80.16,-11.19,33.33,BLA,Insurance,-25.65000000000004
2022-07-12,44.84,75.06,119.9,-30.22,30.59,BLA,Insurance,-55.87000000000004
2022-07-14,86.44,70.6,157.05,15.84,31.73,BLA,Insurance,-40.030000000000044
2022-07-15,41.8,67.78,109.58,-25.98,27.56,BLA,Insurance,-66.01000000000005
2022-07-18,25.85,15.39,41.24,10.46,34.88,BLA,Insurance,-55.55000000000005
2022-07-19,42.97,30.31,73.28,12.66,29.78,BLA,Insurance,-42.89000000000004
2022-07-20,35.46,18.17,53.62,17.29,26.66,BLA,Insurance,-25.600000000000044
2022-07-21,62.32,32.0,94.32,30.32,33.23,BLA,Insurance,4.719999999999956
2022-07-22,30.62,30.62,61.24,0.0,24.22,BLA,Insurance,4.719999999999956
2022-07-25,96.71,105.31,202.02,-8.6,24.56,BLA,Insurance,-3.8800000000000434
2022-07-26,100.82,39.28,140.1,61.55,29.08,BLA,Insurance,57.66999999999995
2022-07-27,92.36,22.26,114.62,70.1,35.93,BLA,Insurance,127.76999999999995
2022-08-01,146.52,43.14,189.66,103.38,31.09,BLA,Insurance,231.14999999999995
2022-08-02,170.48,63.56,234.03,106.92,36.14,BLA,Insurance,338.06999999999994
2022-08-03,75.57,36.26,111.84,39.31,26.67,BLA,Insurance,377.37999999999994
2022-08-04,83.31,35.81,119.13,47.5,30.14,BLA,Insurance,424.87999999999994
2022-08-05,122.37,8.94,131.32,113.43,34.66,BLA,Insurance,538.31
2022-08-08,115.65,22.93,138.58,92.72,24.09,BLA,Insurance,631.03
2022-08-09,74.97,28.17,103.14,46.81,25.39,BLA,Insurance,677.8399999999999
2022-08-10,74.82,50.25,125.07,24.56,32.86,BLA,Insurance,702.3999999999999
2022-08-11,59.84,45.18,105.01,14.66,24.45,BLA,Insurance,717.0599999999998
2022-08-15,147.42,193.94,341.36,-46.52,32.32,BLA,Insurance,670.5399999999998
2022-08-16,34.02,32.22,66.23,1.8,26.49,BLA,Insurance,672.3399999999998
2022-08-17,93.0,43.33,136.34,49.67,21.75,BLA,Insurance,722.0099999999998
2022-08-18,214.84,58.57,273.41,156.28,23.06,BLA,Insurance,878.2899999999997
2022-08-19,92.13,58.1,150.23,34.03,19.77,BLA,Insurance,912.3199999999997
2022-08-22,151.91,230.7,382.61,-78.79,24.4,BLA,Insurance,833.5299999999997
2022-08-23,136.46,56.68,193.14,79.78,21.25,BLA,Insurance,913.3099999999997
2022-08-24,53.83,56.93,110.76,-3.09,21.78,BLA,Insurance,910.2199999999997
2022-08-25,47.28,56.45,103.73,-9.17,18.57,BLA,Insurance,901.0499999999997
2022-08-26,152.84,113.31,266.15,39.54,37.29,BLA,Insurance,940.5899999999997
2022-08-29,441.14,140.39,581.53,300.74,24.04,BLA,Insurance,1241.3299999999997
2022-08-30,39.63,80.32,119.95,-40.68,21.77,BLA,Insurance,1200.6499999999996
2022-08-31,110.62,173.74,284.36,-63.12,28.16,BLA,Insurance,1137.5299999999997
2022-09-01,38.31,118.04,156.34,-79.73,25.07,BLA,Insurance,1057.7999999999997
2022-09-02,113.5,293.29,406.79,-179.79,25.89,BLA,Insurance,878.0099999999998
2022-09-05,187.6,169.77,357.37,17.82,33.25,BLA,Insurance,895.8299999999998
2022-09-06,15.7,28.21,43.91,-12.52,17.97,BLA,Insurance,883.3099999999998
2022-09-07,52.75,102.16,154.92,-49.41,28.15,BLA,Insurance,833.8999999999999
2022-09-08,33.98,32.6,66.58,1.38,18.25,BLA,Insurance,835.2799999999999
2022-09-09,38.05,43.52,81.57,-5.47,20.33,BLA,Insurance,829.8099999999998
2022-09-12,33.48,92.64,126.12,-59.16,41.19,BLA,Insurance,770.6499999999999
2022-09-13,54.35,50.04,104.39,4.31,24.29,BLA,Insurance,774.9599999999998
2022-09-14,57.78,129.42,187.2,-71.64,20.86,BLA,Insurance,703.3199999999998
2022-09-15,29.71,65.07,94.78,-35.36,16.33,BLA,Insurance,667.9599999999998
2022-09-16,208.23,160.75,368.97,47.48,27.89,BLA,Insurance,715.4399999999998
2022-09-19,58.55,86.83,145.38,-28.28,22.93,BLA,Insurance,687.1599999999999
2022-09-20,93.34,210.54,303.88,-117.2,41.2,BLA,Insurance,569.9599999999998
2022-09-21,38.77,82.73,121.5,-43.96,28.88,BLA,Insurance,525.9999999999998
2022-09-22,134.6,71.49,206.08,63.11,25.44,BLA,Insurance,589.1099999999998
2022-09-23,154.54,236.1,390.64,-81.56,25.03,BLA,Insurance,507.5499999999998
2022-09-26,43.46,98.44,141.9,-54.98,23.32,BLA,Insurance,452.56999999999977
2022-09-27,124.05,198.93,322.97,-74.88,18.35,BLA,Insurance,377.68999999999977
2022-09-28,166.53,175.49,342.03,-8.96,32.72,BLA,Insurance,368.7299999999998
2022-09-29,156.59,173.36,329.95,-16.77,29.94,BLA,Insurance,351.9599999999998
2022-09-30,133.12,128.09,261.21,5.02,37.19,BLA,Insurance,356.9799999999998
2022-10-03,57.57,68.15,125.72,-10.58,33.77,BLA,Insurance,346.3999999999998
2022-10-04,42.9,69.93,112.83,-27.04,32.06,BLA,Insurance,319.3599999999998
2022-10-05,52.72,35.4,88.12,17.32,25.14,BLA,Insurance,336.6799999999998
2022-10-06,62.3,35.69,97.99,26.61,31.52,BLA,Insurance,363.2899999999998
2022-10-07,39.44,103.68,143.12,-64.24,27.28,BLA,Insurance,299.0499999999998
2022-10-10,50.55,46.02,96.57,4.53,31.69,BLA,Insurance,303.57999999999976
2022-10-11,38.84,53.23,92.07,-14.4,36.75,BLA,Insurance,289.1799999999998
2022-10-12,37.26,39.86,77.12,-2.6,32.42,BLA,Insurance,286.57999999999976
2022-10-17,219.23,332.82,552.05,-113.59,45.63,BLA,Insurance,172.98999999999975
2022-10-18,59.85,30.18,90.03,29.66,26.04,BLA,Insurance,202.64999999999975
2022-10-19,84.78,44.94,129.72,39.84,32.44,BLA,Insurance,242.48999999999975
2022-10-20,85.2,57.99,143.19,27.21,30.65,BLA,Insurance,269.69999999999976
2022-10-21,21.1,18.99,40.09,2.1,27.57,BLA,Insurance,271.7999999999998
2022-10-25,51.13,48.3,99.43,2.84,38.94,BLA,Insurance,274.63999999999976
2022-10-26,68.62,35.29,103.91,33.32,21.99,BLA,Insurance,307.95999999999975
2022-10-27,78.23,45.12,123.36,33.11,33.76,BLA,Insurance,341.06999999999977
2022-10-28,56.28,19.35,75.63,36.93,33.19,BLA,Insurance,377.9999999999998
2022-10-31,68.43,39.43,107.86,29.01,40.92,BLA,Insurance,407.00999999999976
2022-11-01,45.14,40.33,85.48,4.81,23.67,BLA,Insurance,411.81999999999977
2022-11-02,43.58,39.41,82.99,4.17,23.68,BLA,Insurance,415.9899999999998
2022-11-03,44.98,10.74,55.71,34.24,30.21,BLA,Insurance,450.2299999999998
2022-11-04,34.96,49.54,84.5,-14.58,34.2,BLA,Insurance,435.6499999999998
2022-11-07,59.58,67.93,127.51,-8.35,31.73,BLA,Insurance,427.2999999999998
2022-11-08,116.08,63.58,179.65,52.5,36.92,BLA,Insurance,479.7999999999998
2022-11-09,57.26,53.05,110.32,4.21,40.38,BLA,Insurance,484.00999999999976
2022-11-10,77.68,67.29,144.98,10.39,49.36,BLA,Insurance,494.39999999999975
2022-11-11,132.61,195.66,328.27,-63.05,25.81,BLA,Insurance,431.34999999999974
2022-11-14,27.95,24.94,52.89,3.01,32.72,BLA,Insurance,434.35999999999973
2022-11-15,47.27,61.16,108.43,-13.9,39.05,BLA,Insurance,420.45999999999975
2022-11-16,65.33,68.0,133.32,-2.67,23.56,BLA,Insurance,417.78999999999974
2022-11-17,42.05,26.86,68.91,15.18,30.51,BLA,Insurance,432.96999999999974
2022-11-18,39.96,40.27,80.23,-0.32,23.65,BLA,Insurance,432.64999999999975
2022-11-21,49.49,20.38,69.87,29.12,34.97,BLA,Insurance,461.76999999999975
2022-11-22,41.17,21.75,62.92,19.41,29.76,BLA,Insurance,481.1799999999998
2022-11-23,65.46,28.18,93.64,37.28,28.62,BLA,Insurance,518.4599999999998
2022-11-24,42.62,16.85,59.47,25.77,20.94,BLA,Insurance,544.2299999999998
2022-11-25,36.87,11.13,48.0,25.74,28.29,BLA,Insurance,569.9699999999998
2022-11-28,45.04,36.01,81.05,9.02,34.48,BLA,Insurance,578.9899999999998
2022-11-29,44.65,35.26,79.92,9.39,36.4,BLA,Insurance,588.3799999999998
2022-11-30,52.88,34.04,86.91,18.84,49.67,BLA,Insurance,607.2199999999998
2022-12-01,11.19,16.58,27.76,-5.39,25.05,BLA,Insurance,601.8299999999998
2022-12-02,17.69,9.93,27.61,7.76,30.8,BLA,Insurance,609.5899999999998
2022-12-06,18.78,30.11,48.89,-11.33,36.08,BLA,Insurance,598.2599999999998
2022-12-07,23.58,24.57,48.15,-0.99,31.84,BLA,Insurance,597.2699999999998
2022-12-08,50.66,31.11,81.77,19.54,28.88,BLA,Insurance,616.8099999999997
2022-12-09,31.45,29.06,60.51,2.39,40.73,BLA,Insurance,619.1999999999997
2022-12-13,71.11,41.19,112.31,29.92,38.14,BLA,Insurance,649.1199999999997
2022-12-14,15.01,13.2,28.21,1.81,30.05,BLA,Insurance,650.9299999999996
2022-12-15,32.86,32.89,65.74,-0.03,39.26,BLA,Insurance,650.8999999999996
2022-12-16,20.17,26.92,47.08,-6.75,54.3,BLA,Insurance,644.1499999999996
2022-12-19,13.91,21.87,35.78,-7.96,33.73,BLA,Insurance,636.1899999999996
2022-12-20,56.77,95.91,152.69,-39.14,50.73,BLA,Insurance,597.0499999999996
2022-12-21,32.74,38.86,71.6,-6.11,34.91,BLA,Insurance,590.9399999999996
2022-12-22,39.9,33.75,73.65,6.15,39.46,BLA,Insurance,597.0899999999996
2022-12-23,52.47,33.09,85.56,19.38,28.0,BLA,Insurance,616.4699999999996
2022-12-26,19.06,11.66,30.73,7.4,19.12,BLA,Insurance,623.8699999999995
2022-12-27,74.83,57.64,132.47,17.19,50.21,BLA,Insurance,641.0599999999996
2022-12-28,32.54,32.88,65.42,-0.34,41.98,BLA,Insurance,640.7199999999996
2022-12-29,103.86,65.65,169.51,38.22,27.98,BLA,Insurance,678.9399999999996
2022-12-30,246.85,173.58,420.43,73.27,38.24,BLA,Insurance,752.2099999999996
2023-01-03,65.56,136.07,201.63,-70.51,26.8,BLA,Insurance,681.6999999999996
2023-01-04,29.17,39.35,68.52,-10.17,31.22,BLA,Insurance,671.5299999999996
2023-01-05,63.73,49.5,113.24,14.23,30.08,BLA,Insurance,685.7599999999996
2023-01-06,37.57,51.09,88.66,-13.53,29.1,BLA,Insurance,672.2299999999997
2023-01-09,22.97,18.69,41.66,4.27,19.0,BLA,Insurance,676.4999999999997
2023-01-10,13.15,7.41,20.57,5.74,15.1,BLA,Insurance,682.2399999999997
2023-01-11,20.32,42.43,62.75,-22.11,20.19,BLA,Insurance,660.1299999999997
2023-01-12,35.94,61.4,97.34,-25.45,26.63,BLA,Insurance,634.6799999999996
2023-01-13,29.04,29.83,58.87,-0.79,27.41,BLA,Insurance,633.8899999999996
2023-01-16,16.38,22.35,38.73,-5.97,22.62,BLA,Insurance,627.9199999999996
2023-01-17,12.85,14.78,27.63,-1.92,35.1,BLA,Insurance,625.9999999999997
2023-01-18,28.26,32.63,60.89,-4.37,43.93,BLA,Insurance,621.6299999999997
2023-01-19,8.2,13.96,22.16,-5.76,31.0,BLA,Insurance,615.8699999999997
2023-01-20,18.32,39.13,57.45,-20.8,27.07,BLA,Insurance,595.0699999999997
2023-01-23,24.59,45.23,69.82,-20.64,23.82,BLA,Insurance,574.4299999999997
2023-01-24,12.51,30.43,42.94,-17.92,18.75,BLA,Insurance,556.5099999999998
2023-01-25,3.93,4.93,8.86,-1.0,12.7,BLA,Insurance,555.5099999999998
2023-01-26,59.37,53.14,112.51,6.23,28.09,BLA,Insurance,561.7399999999998
2023-01-27,25.99,34.75,60.74,-8.77,24.37,BLA,Insurance,552.9699999999998
2023-01-30,27.57,24.25,51.82,3.31,35.44,BLA,Insurance,556.2799999999997
2023-01-31,16.06,34.78,50.84,-18.72,31.48,BLA,Insurance,537.5599999999997
2023-02-01,23.27,33.44,56.72,-10.17,28.43,BLA,Insurance,527.3899999999998
2023-02-02,19.12,42.68,61.79,-23.56,25.97,BLA,Insurance,503.82999999999976
2023-02-03,26.06,35.65,61.71,-9.6,26.7,BLA,Insurance,494.22999999999973
2023-02-06,86.74,57.84,144.58,28.9,30.97,BLA,Insurance,523.1299999999998
2023-02-07,29.01,58.68,87.69,-29.67,28.3,BLA,Insurance,493.45999999999975
2023-02-08,26.69,52.65,79.34,-25.96,25.63,BLA,Insurance,467.4999999999998
2023-02-09,30.41,78.44,108.85,-48.03,34.24,BLA,Insurance,419.4699999999998
2023-02-10,13.55,26.1,39.65,-12.55,32.3,BLA,Insurance,406.9199999999998
2023-02-13,38.75,55.59,94.34,-16.85,30.28,BLA,Insurance,390.06999999999977
2023-02-14,13.57,38.87,52.43,-25.3,20.76,BLA,Insurance,364.76999999999975
2023-02-15,35.02,90.72,125.74,-55.7,25.44,BLA,Insurance,309.06999999999977
2023-02-16,22.96,32.18,55.15,-9.22,39.7,BLA,Insurance,299.84999999999974
2023-02-17,23.32,64.52,87.84,-41.19,27.47,BLA,Insurance,258.65999999999974
2023-02-20,73.05,67.07,140.13,5.98,21.74,BLA,Insurance,264.63999999999976
2023-02-21,55.74,63.76,119.5,-8.02,25.29,BLA,Insurance,256.6199999999998
2023-02-22,8.48,44.87,53.35,-36.39,22.81,BLA,Insurance,220.2299999999998
2023-02-23,34.11,37.41,71.52,-3.3,21.73,BLA,Insurance,216.92999999999978
2023-02-24,36.06,69.15,105.21,-33.09,24.54,BLA,Insurance,183.83999999999978
2023-02-27,37.93,52.92,90.84,-14.99,24.21,BLA,Insurance,168.84999999999977
2023-02-28,64.53,59.78,124.31,4.76,31.96,BLA,Insurance,173.60999999999976
2023-03-01,43.68,111.12,154.8,-67.45,40.09,BLA,Insurance,106.15999999999976
2023-03-02,17.47,45.02,62.49,-27.55,30.84,BLA,Insurance,78.60999999999976
2023-03-03,23.27,47.01,70.27,-23.74,35.38,BLA,Insurance,54.86999999999976
2023-03-07,4.18,40.27,44.44,-36.09,15.61,BLA,Insurance,18.77999999999976
2023-03-08,41.15,125.84,167.0,-84.69,31.03,BLA,Insurance,-65.91000000000024
2023-03-09,40.82,63.51,104.33,-22.69,36.38,BLA,Insurance,-88.60000000000024
2023-03-10,24.61,47.95,72.56,-23.34,29.64,BLA,Insurance,-111.94000000000024
2023-03-13,81.48,64.89,146.37,16.58,20.75,BLA,Insurance,-95.36000000000024
2023-03-14,55.13,259.45,314.59,-204.32,33.4,BLA,Insurance,-299.68000000000023
2023-03-15,8.32,13.46,21.77,-5.14,25.47,BLA,Insurance,-304.8200000000002
2023-03-16,18.46,25.98,44.44,-7.52,34.52,BLA,Insurance,-312.3400000000002
2023-03-17,7.83,15.45,23.27,-7.62,29.91,BLA,Insurance,-319.9600000000002
2023-03-20,31.71,31.03,62.75,0.68,28.4,BLA,Insurance,-319.2800000000002
2023-03-21,11.5,12.54,24.04,-1.03,18.41,BLA,Insurance,-320.3100000000002
2023-03-22,7.59,8.81,16.4,-1.22,17.66,BLA,Insurance,-321.5300000000002
2023-03-23,0.75,0.89,1.64,-0.14,4.37,BLA,Insurance,-321.6700000000002
2023-03-24,4.95,9.31,14.26,-4.37,16.75,BLA,Insurance,-326.0400000000002
2023-03-27,12.97,19.49,32.46,-6.52,25.64,BLA,Insurance,-332.5600000000002
2023-03-28,17.01,24.37,41.39,-7.36,34.36,BLA,Insurance,-339.9200000000002
2023-03-29,6.89,23.35,30.24,-16.46,32.28,BLA,Insurance,-356.38000000000017
2023-03-30,1.59,5.17,6.76,-3.58,17.86,BLA,Insurance,-359.96000000000015
2023-03-31,14.08,20.8,34.88,-6.72,36.4,BLA,Insurance,-366.6800000000002
2023-04-03,10.76,6.65,17.41,4.1,21.66,BLA,Insurance,-362.58000000000015
2023-04-04,5.72,24.05,29.77,-18.32,41.92,BLA,Insurance,-380.90000000000015
2023-04-05,14.58,45.47,60.06,-30.89,32.05,BLA,Insurance,-411.79000000000013
2023-04-07,18.54,7.91,26.45,10.64,30.75,BLA,Insurance,-401.15000000000015
2023-04-10,1.83,1.51,3.35,0.32,12.77,BLA,Insurance,-400.83000000000015
2023-04-11,3.62,2.12,5.74,1.49,25.93,BLA,Insurance,-399.34000000000015
2023-04-12,58.64,102.4,161.04,-43.75,34.9,BLA,Insurance,-443.09000000000015
2023-04-17,20.62,27.47,48.09,-6.86,38.7,BLA,Insurance,-449.95000000000016
2023-04-18,32.15,37.74,69.89,-5.59,27.91,BLA,Insurance,-455.54000000000013
2023-04-19,10.67,37.0,47.67,-26.33,29.53,BLA,Insurance,-481.8700000000001
2023-04-20,33.44,31.58,65.02,1.86,36.61,BLA,Insurance,-480.0100000000001
2023-04-21,39.08,41.57,80.65,-2.48,28.1,BLA,Insurance,-482.4900000000001
2023-04-24,25.71,39.76,65.47,-14.04,46.13,BLA,Insurance,-496.53000000000014
2023-04-25,23.68,33.86,57.54,-10.18,30.0,BLA,Insurance,-506.71000000000015
2023-04-26,14.82,17.36,32.18,-2.54,26.16,BLA,Insurance,-509.25000000000017
2023-04-27,6.57,13.69,20.26,-7.11,24.02,BLA,Insurance,-516.3600000000001
2023-04-28,9.23,15.85,25.08,-6.63,27.23,BLA,Insurance,-522.9900000000001
2023-05-02,29.27,41.56,70.83,-12.29,50.63,BLA,Insurance,-535.2800000000001
2023-05-03,58.92,88.26,147.18,-29.34,36.2,BLA,Insurance,-564.6200000000001
2023-05-08,27.74,20.23,47.97,7.52,40.0,BLA,Insurance,-557.1000000000001
2023-05-09,38.12,35.39,73.51,2.73,30.91,BLA,Insurance,-554.3700000000001
2023-05-10,15.59,15.16,30.75,0.43,11.99,BLA,Insurance,-553.9400000000002
2023-05-11,21.41,26.36,47.77,-4.95,21.7,BLA,Insurance,-558.8900000000002
2023-05-12,24.55,29.17,53.71,-4.62,17.25,BLA,Insurance,-563.5100000000002
2023-05-15,19.71,18.27,37.99,1.44,19.8,BLA,Insurance,-562.0700000000002
2023-05-16,4.57,1.71,6.27,2.86,18.26,BLA,Insurance,-559.2100000000002
2023-05-17,9.9,23.26,33.15,-13.36,32.81,BLA,Insurance,-572.5700000000002
2023-05-18,28.67,24.01,52.68,4.66,18.38,BLA,Insurance,-567.9100000000002
2023-05-19,9.01,13.79,22.8,-4.78,21.09,BLA,Insurance,-572.6900000000002
2023-05-22,16.15,29.0,45.15,-12.84,29.8,BLA,Insurance,-585.5300000000002
2023-05-23,18.4,2.65,21.06,15.75,29.67,BLA,Insurance,-569.7800000000002
2023-05-24,31.7,9.64,41.34,22.06,22.76,BLA,Insurance,-547.7200000000003
2023-05-25,36.48,29.99,66.47,6.49,22.5,BLA,Insurance,-541.2300000000002
2023-05-26,19.34,12.63,31.97,6.7,18.51,BLA,Insurance,-534.5300000000002
2023-05-29,14.23,9.25,23.47,4.98,18.96,BLA,Insurance,-529.5500000000002
2023-05-30,13.26,3.93,17.19,9.33,27.81,BLA,Insurance,-520.2200000000001
2023-05-31,33.22,18.9,52.11,14.32,39.13,BLA,Insurance,-505.90000000000015
2023-06-01,36.2,40.42,76.62,-4.22,17.51,BLA,Insurance,-510.1200000000002
2023-06-02,15.94,6.47,22.41,9.47,21.27,BLA,Insurance,-500.65000000000015
2023-06-06,42.08,19.73,61.81,22.34,33.37,BLA,Insurance,-478.3100000000002
2023-06-07,26.05,10.29,36.34,15.76,24.37,BLA,Insurance,-462.5500000000002
2023-06-08,33.52,14.73,48.26,18.79,36.29,BLA,Insurance,-443.76000000000016
2023-06-09,13.71,6.7,20.41,7.01,39.78,BLA,Insurance,-436.75000000000017
2023-06-12,5.59,6.76,12.35,-1.17,28.89,BLA,Insurance,-437.9200000000002
2023-06-13,0.95,4.44,5.39,-3.5,12.8,BLA,Insurance,-441.4200000000002
2023-06-14,3.46,3.51,6.97,-0.05,23.04,BLA,Insurance,-441.4700000000002
2023-06-15,15.38,29.47,44.85,-14.1,19.45,BLA,Insurance,-455.5700000000002
2023-06-16,23.3,29.28,52.58,-5.98,43.87,BLA,Insurance,-461.55000000000024
2023-06-19,15.27,7.08,22.35,8.19,14.9,BLA,Insurance,-453.36000000000024
2023-06-20,10.61,16.78,27.39,-6.17,18.68,BLA,Insurance,-459.53000000000026
2023-06-21,11.63,21.71,33.34,-10.09,20.84,BLA,Insurance,-469.62000000000023
2023-06-22,11.82,12.2,24.02,-0.37,37.97,BLA,Insurance,-469.99000000000024
2023-06-23,12.41,8.05,20.46,4.36,11.43,BLA,Insurance,-465.6300000000002
2023-06-26,8.2,14.24,22.44,-6.04,21.08,BLA,Insurance,-471.67000000000024
2023-06-27,6.03,2.95,8.98,3.08,26.51,BLA,Insurance,-468.59000000000026
2023-06-28,13.1,13.69,26.78,-0.59,21.5,BLA,Insurance,-469.18000000000023
2023-06-29,27.84,17.48,45.32,10.36,42.63,BLA,Insurance,-458.8200000000002
2023-06-30,20.37,15.54,35.91,4.84,17.63,BLA,Insurance,-453.98000000000025
2023-07-03,19.11,20.57,39.67,-1.46,29.89,BLA,Insurance,-455.4400000000002
2023-07-04,21.69,20.56,42.25,1.13,22.92,BLA,Insurance,-454.31000000000023
2023-07-05,38.45,52.57,91.03,-14.12,36.22,BLA,Insurance,-468.43000000000023
2023-07-06,9.16,24.39,33.55,-15.23,30.31,BLA,Insurance,-483.66000000000025
2023-07-07,13.68,17.71,31.4,-4.03,40.7,BLA,Insurance,-487.6900000000002
2023-07-10,12.23,9.44,21.67,2.79,39.07,BLA,Insurance,-484.9000000000002
2023-07-11,9.6,3.33,12.93,6.27,38.66,BLA,Insurance,-478.6300000000002
2023-07-12,8.29,15.86,24.15,-7.57,28.15,BLA,Insurance,-486.2000000000002
2023-07-13,7.87,9.36,17.23,-1.48,25.09,BLA,Insurance,-487.68000000000023
2023-07-14,24.64,8.48,33.12,16.17,46.66,BLA,Insurance,-471.5100000000002
2023-07-17,21.85,7.79,29.65,14.06,31.54,BLA,Insurance,-457.4500000000002
2023-07-18,5.55,5.63,11.18,-0.08,26.79,BLA,Insurance,-457.5300000000002
2023-07-19,5.53,6.69,12.22,-1.16,37.74,BLA,Insurance,-458.6900000000002
2023-07-20,5.25,5.07,10.32,0.18,21.57,BLA,Insurance,-458.5100000000002
2023-07-21,2.74,2.04,4.78,0.7,32.71,BLA,Insurance,-457.81000000000023
2023-07-24,8.21,9.2,17.42,-0.99,20.07,BLA,Insurance,-458.80000000000024
2023-07-25,5.42,9.18,14.61,-3.76,26.98,BLA,Insurance,-462.56000000000023
2023-07-26,6.51,12.65,19.16,-6.14,22.26,BLA,Insurance,-468.7000000000002
2023-07-27,34.37,7.65,42.01,26.72,34.54,BLA,Insurance,-441.98000000000025
2023-07-31,19.55,9.81,29.36,9.75,43.9,BLA,Insurance,-432.23000000000025
2023-08-02,12.46,16.57,29.02,-4.11,35.11,BLA,Insurance,-436.34000000000026
2023-08-03,3.3,10.31,13.61,-7.01,24.81,BLA,Insurance,-443.35000000000025
2023-08-04,14.43,15.1,29.53,-0.67,44.28,BLA,Insurance,-444.02000000000027
2023-08-07,12.6,16.95,29.55,-4.35,39.97,BLA,Insurance,-448.3700000000003
2023-08-08,8.5,15.45,23.95,-6.95,35.51,BLA,Insurance,-455.3200000000003
2023-08-09,13.63,9.03,22.66,4.6,33.85,BLA,Insurance,-450.72000000000025
2023-08-10,14.12,10.7,24.82,3.43,28.73,BLA,Insurance,-447.29000000000025
2023-08-11,5.07,3.82,8.9,1.25,31.84,BLA,Insurance,-446.04000000000025
2023-08-15,27.64,9.68,37.31,17.96,33.28,BLA,Insurance,-428.08000000000027
2023-08-16,16.96,54.48,71.44,-37.51,30.6,BLA,Insurance,-465.59000000000026
2023-08-17,25.2,28.72,53.92,-3.51,16.92,BLA,Insurance,-469.10000000000025
2023-08-18,13.18,29.63,42.81,-16.45,26.04,BLA,Insurance,-485.55000000000024
2023-08-21,18.85,12.59,31.44,6.26,26.42,BLA,Insurance,-479.29000000000025
2023-08-22,14.16,9.72,23.88,4.44,25.4,BLA,Insurance,-474.85000000000025
2023-08-23,40.78,13.52,54.29,27.26,29.51,BLA,Insurance,-447.59000000000026
2023-08-24,11.58,5.28,16.86,6.29,22.91,BLA,Insurance,-441.30000000000024
2023-08-25,18.48,15.91,34.39,2.57,40.11,BLA,Insurance,-438.73000000000025
2023-08-28,20.7,17.67,38.37,3.02,38.4,BLA,Insurance,-435.71000000000026
2023-08-29,173.8,18.75,192.55,155.05,38.67,BLA,Insurance,-280.66000000000025
2023-08-30,14.91,9.15,24.05,5.76,16.74,BLA,Insurance,-274.90000000000026
2023-08-31,26.74,40.14,66.88,-13.4,34.96,BLA,Insurance,-288.30000000000024
2023-09-01,14.92,14.37,29.29,0.55,18.82,BLA,Insurance,-287.7500000000002
2023-09-04,9.75,14.9,24.65,-5.15,15.42,BLA,Insurance,-292.9000000000002
2023-09-05,6.29,4.23,10.53,2.06,16.0,BLA,Insurance,-290.8400000000002
2023-09-06,3.28,6.6,9.88,-3.32,17.57,BLA,Insurance,-294.1600000000002
2023-09-07,14.02,8.87,22.88,5.15,26.98,BLA,Insurance,-289.0100000000002
2023-09-08,3.06,3.41,6.48,-0.35,28.21,BLA,Insurance,-289.36000000000024
2023-09-11,5.27,8.93,14.21,-3.66,30.79,BLA,Insurance,-293.02000000000027
2023-09-12,26.5,12.6,39.1,13.9,15.05,BLA,Insurance,-279.1200000000003
2023-09-13,33.84,20.32,54.16,13.51,24.22,BLA,Insurance,-265.6100000000003
2023-09-14,36.8,36.07,72.87,0.73,16.28,BLA,Insurance,-264.8800000000003
2023-09-15,36.8,49.34,86.14,-12.54,29.63,BLA,Insurance,-277.4200000000003
2023-09-18,6.49,19.8,26.29,-13.31,24.29,BLA,Insurance,-290.7300000000003
2023-09-19,20.86,42.95,63.81,-22.1,19.05,BLA,Insurance,-312.8300000000003
2023-09-20,41.27,29.23,70.5,12.05,26.97,BLA,Insurance,-300.7800000000003
2023-09-21,4.22,11.98,16.2,-7.76,12.01,BLA,Insurance,-308.5400000000003
2023-09-22,14.67,13.25,27.92,1.43,25.9,BLA,Insurance,-307.1100000000003
2023-09-25,13.47,9.45,22.93,4.02,27.23,BLA,Insurance,-303.0900000000003
2023-09-26,28.85,29.18,58.03,-0.33,16.58,BLA,Insurance,-303.4200000000003
2023-09-27,49.92,54.56,104.47,-4.64,18.17,BLA,Insurance,-308.0600000000003
2023-09-28,25.88,36.11,61.99,-10.23,27.27,BLA,Insurance,-318.2900000000003
2023-09-29,9.72,18.55,28.27,-8.83,18.16,BLA,Insurance,-327.1200000000003
2023-10-02,26.23,15.43,41.66,10.8,20.93,BLA,Insurance,-316.3200000000003
2023-10-03,20.34,13.77,34.1,6.57,18.86,BLA,Insurance,-309.7500000000003
2023-10-04,20.67,43.62,64.29,-22.96,13.04,BLA,Insurance,-332.71000000000026
2023-10-05,30.42,64.39,94.81,-33.97,27.06,BLA,Insurance,-366.6800000000003
2023-10-06,15.56,12.84,28.4,2.72,26.19,BLA,Insurance,-363.96000000000026
2023-10-09,9.73,7.21,16.94,2.53,23.09,BLA,Insurance,-361.4300000000003
2023-10-10,6.06,8.18,14.24,-2.13,29.96,BLA,Insurance,-363.5600000000003
2023-10-11,40.44,6.26,46.7,34.18,21.94,BLA,Insurance,-329.3800000000003
2023-10-12,9.52,11.53,21.06,-2.01,21.91,BLA,Insurance,-331.39000000000027
2023-10-16,14.61,12.85,27.47,1.76,22.72,BLA,Insurance,-329.6300000000003
2023-10-17,1.97,2.66,4.63,-0.7,15.24,BLA,Insurance,-330.33000000000027
2023-10-18,18.89,16.88,35.77,2.01,19.56,BLA,Insurance,-328.3200000000003
2023-10-19,6.69,9.18,15.86,-2.49,15.06,BLA,Insurance,-330.8100000000003
2023-10-20,12.09,12.72,24.81,-0.63,24.54,BLA,Insurance,-331.4400000000003
2023-10-24,29.91,45.02,74.93,-15.11,22.83,BLA,Insurance,-346.5500000000003
2023-10-25,26.01,13.69,39.7,12.32,17.31,BLA,Insurance,-334.2300000000003
2023-10-26,16.84,18.6,35.43,-1.76,22.7,BLA,Insurance,-335.9900000000003
2023-10-27,21.0,12.26,33.26,8.74,20.06,BLA,Insurance,-327.2500000000003
2023-10-30,17.0,12.33,29.33,4.68,29.85,BLA,Insurance,-322.5700000000003
2023-10-31,7.46,21.36,28.82,-13.91,25.75,BLA,Insurance,-336.4800000000003
2023-11-01,8.71,11.45,20.17,-2.74,30.88,BLA,Insurance,-339.2200000000003
2023-11-02,36.7,85.17,121.86,-48.47,19.06,BLA,Insurance,-387.6900000000003
2023-11-03,104.07,102.74,206.81,1.33,38.32,BLA,Insurance,-386.3600000000003
2023-11-06,59.51,69.01,128.52,-9.5,47.8,BLA,Insurance,-395.8600000000003
2023-11-07,23.58,30.15,53.73,-6.56,42.45,BLA,Insurance,-402.4200000000003
2023-11-08,7.15,5.78,12.92,1.37,38.48,BLA,Insurance,-401.0500000000003
2023-11-09,8.14,23.94,32.08,-15.79,16.68,BLA,Insurance,-416.8400000000003
2023-11-10,14.08,59.49,73.57,-45.42,31.94,BLA,Insurance,-462.26000000000033
2023-11-13,35.02,37.18,72.2,-2.16,28.24,BLA,Insurance,-464.42000000000036
2023-11-14,15.28,18.26,33.54,-2.98,23.76,BLA,Insurance,-467.4000000000004
2023-11-15,13.98,7.87,21.85,6.11,20.45,BLA,Insurance,-461.29000000000036
2023-11-16,12.48,9.42,21.9,3.06,23.88,BLA,Insurance,-458.23000000000036
2023-11-17,10.65,3.86,14.51,6.79,26.0,BLA,Insurance,-451.44000000000034
2023-11-20,5.53,10.98,16.51,-5.45,30.96,BLA,Insurance,-456.8900000000003
2023-11-21,5.83,6.43,12.26,-0.6,25.56,BLA,Insurance,-457.49000000000035
2023-11-22,8.14,4.96,13.1,3.19,36.4,BLA,Insurance,-454.30000000000035
2023-11-23,5.26,4.49,9.74,0.77,28.79,BLA,Insurance,-453.53000000000037
2023-11-24,5.89,8.95,14.84,-3.07,26.89,BLA,Insurance,-456.60000000000036
2023-11-27,10.71,4.54,15.25,6.16,20.5,BLA,Insurance,-450.44000000000034
2023-11-28,4.94,3.58,8.52,1.37,22.67,BLA,Insurance,-449.07000000000033
2023-11-29,2.09,6.59,8.68,-4.5,13.04,BLA,Insurance,-453.57000000000033
2023-11-30,11.63,9.75,21.38,1.88,19.83,BLA,Insurance,-451.69000000000034
2023-12-01,4.35,4.29,8.64,0.06,24.2,BLA,Insurance,-451.63000000000034
2023-12-04,4.83,2.78,7.61,2.05,19.47,BLA,Insurance,-449.5800000000003
2023-12-06,6.64,2.64,9.28,4.0,32.27,BLA,Insurance,-445.5800000000003
2023-12-07,4.55,8.7,13.25,-4.14,32.33,BLA,Insurance,-449.7200000000003
2023-12-08,9.07,20.71,29.78,-11.64,32.57,BLA,Insurance,-461.3600000000003
2023-12-12,1.28,9.66,10.94,-8.38,22.91,BLA,Insurance,-469.7400000000003
2023-12-13,1.36,3.92,5.28,-2.56,19.21,BLA,Insurance,-472.3000000000003
2023-12-14,6.49,1.25,7.75,5.24,21.07,BLA,Insurance,-467.0600000000003
2023-12-15,22.51,15.84,38.35,6.67,49.7,BLA,Insurance,-460.39000000000027
2023-12-18,2.67,4.56,7.23,-1.9,11.83,BLA,Insurance,-462.29000000000025
2023-12-19,15.67,5.84,21.52,9.83,19.39,BLA,Insurance,-452.46000000000026
2023-12-20,11.92,4.13,16.05,7.78,26.87,BLA,Insurance,-444.6800000000003
2023-12-21,8.77,3.51,12.28,5.26,23.59,BLA,Insurance,-439.4200000000003
2023-12-22,6.04,17.26,23.3,-11.23,24.44,BLA,Insurance,-450.6500000000003
2023-12-25,0.47,1.42,1.89,-0.96,10.26,BLA,Insurance,-451.6100000000003
2023-12-26,2.0,1.94,3.93,0.06,17.09,BLA,Insurance,-451.5500000000003
2023-12-27,11.15,3.06,14.21,8.09,20.13,BLA,Insurance,-443.4600000000003
2023-12-28,12.21,4.89,17.1,7.32,23.02,BLA,Insurance,-436.1400000000003
2024-01-02,9.44,2.34,11.78,7.1,19.29,BLA,Insurance,-429.0400000000003
2024-01-03,1.84,3.27,5.11,-1.42,20.73,BLA,Insurance,-430.4600000000003
2024-01-04,6.88,8.89,15.77,-2.01,26.04,BLA,Insurance,-432.4700000000003
2024-01-05,5.74,5.78,11.52,-0.04,18.99,BLA,Insurance,-432.51000000000033
2024-01-08,4.77,10.32,15.09,-5.55,30.29,BLA,Insurance,-438.06000000000034
2024-01-09,3.12,4.29,7.41,-1.18,27.86,BLA,Insurance,-439.24000000000035
2024-01-10,2.46,6.85,9.31,-4.4,30.55,BLA,Insurance,-443.6400000000003
2024-01-11,0.5,5.33,5.83,-4.84,13.91,BLA,Insurance,-448.4800000000003
2024-01-12,2.1,4.26,6.36,-2.16,22.44,BLA,Insurance,-450.6400000000003
2024-01-15,1.98,4.48,6.46,-2.49,20.81,BLA,Insurance,-453.13000000000034
2024-01-16,1.18,1.62,2.8,-0.43,11.93,BLA,Insurance,-453.56000000000034
2024-01-17,2.75,8.57,11.31,-5.82,17.18,BLA,Insurance,-459.38000000000034
2024-01-18,3.76,8.27,12.03,-4.51,28.57,BLA,Insurance,-463.8900000000003
2024-01-19,1.31,2.05,3.36,-0.74,27.76,BLA,Insurance,-464.63000000000034
2024-01-22,1.35,6.83,8.18,-5.48,38.66,BLA,Insurance,-470.11000000000035
2024-01-23,2.5,7.28,9.78,-4.78,27.83,BLA,Insurance,-474.8900000000003
2024-01-24,7.95,4.76,12.72,3.19,21.67,BLA,Insurance,-471.70000000000033
2024-01-25,2.39,3.27,5.66,-0.88,29.87,BLA,Insurance,-472.5800000000003
2024-01-26,0.97,2.01,2.99,-1.04,32.44,BLA,Insurance,-473.62000000000035
2024-01-29,0.85,1.0,1.85,-0.14,24.2,BLA,Insurance,-473.76000000000033
2024-01-30,2.34,5.02,7.35,-2.68,28.33,BLA,Insurance,-476.44000000000034
2024-01-31,12.53,8.78,21.31,3.74,42.37,BLA,Insurance,-472.70000000000033
2024-02-01,11.0,7.96,18.96,3.03,29.53,BLA,Insurance,-469.67000000000036
2024-02-02,9.68,1.14,10.82,8.54,24.81,BLA,Insurance,-461.13000000000034
2024-02-05,3.04,0.41,3.44,2.63,26.43,BLA,Insurance,-458.50000000000034
2024-02-06,14.57,7.61,22.18,6.96,38.68,BLA,Insurance,-451.54000000000036
2024-02-07,5.65,5.05,10.7,0.59,29.77,BLA,Insurance,-450.9500000000004
2024-02-08,4.27,3.75,8.03,0.52,19.37,BLA,Insurance,-450.4300000000004
2024-02-09,0.57,2.93,3.5,-2.37,27.81,BLA,Insurance,-452.8000000000004
2024-02-12,2.02,2.73,4.75,-0.71,15.76,BLA,Insurance,-453.5100000000004
2024-02-13,2.33,1.79,4.11,0.54,33.91,BLA,Insurance,-452.97000000000037
2024-02-14,1.34,2.37,3.71,-1.02,22.43,BLA,Insurance,-453.99000000000035
2024-02-15,0.96,3.17,4.12,-2.21,16.09,BLA,Insurance,-456.20000000000033
2024-02-16,0.7,1.95,2.66,-1.25,17.64,BLA,Insurance,-457.45000000000033
2024-02-19,1.75,2.75,4.5,-1.0,25.58,BLA,Insurance,-458.45000000000033
2024-02-20,1.66,4.34,6.0,-2.68,30.47,BLA,Insurance,-461.13000000000034
2024-02-21,8.22,3.75,11.97,4.47,32.56,BLA,Insurance,-456.6600000000003
2024-02-22,2.86,5.13,7.98,-2.27,25.59,BLA,Insurance,-458.9300000000003
2024-02-23,4.03,9.36,13.39,-5.34,23.91,BLA,Insurance,-464.27000000000027
2024-02-27,2.48,8.09,10.57,-5.61,26.84,BLA,Insurance,-469.8800000000003
2024-02-28,2.9,6.95,9.85,-4.05,20.03,BLA,Insurance,-473.9300000000003
2024-02-29,6.99,12.19,19.18,-5.2,19.83,BLA,Insurance,-479.1300000000003
2024-03-01,3.79,6.05,9.84,-2.26,26.16,BLA,Insurance,-481.39000000000027
2024-03-04,4.45,6.2,10.65,-1.76,27.34,BLA,Insurance,-483.15000000000026
2024-03-05,3.39,6.15,9.53,-2.76,26.77,BLA,Insurance,-485.91000000000025
2024-03-06,3.16,0.91,4.07,2.24,18.77,BLA,Insurance,-483.67000000000024
2024-03-07,3.32,7.88,11.2,-4.55,21.52,BLA,Insurance,-488.22000000000025
2024-03-08,5.95,1.91,7.86,4.05,30.54,BLA,Insurance,-484.17000000000024
2024-03-11,0.02,0.75,0.77,-0.73,8.1,BLA,Insurance,-484.90000000000026
2024-03-12,2.71,3.0,5.71,-0.28,25.39,BLA,Insurance,-485.18000000000023
2024-03-13,6.12,2.74,8.86,3.39,32.26,BLA,Insurance,-481.79000000000025
2024-03-14,5.24,4.94,10.18,0.3,32.39,BLA,Insurance,-481.49000000000024
2024-03-15,11.38,8.85,20.22,2.53,38.89,BLA,Insurance,-478.96000000000026
2024-03-18,5.15,11.58,16.73,-6.43,20.9,BLA,Insurance,-485.39000000000027
2024-03-19,6.05,2.5,8.55,3.55,17.71,BLA,Insurance,-481.84000000000026
2024-03-20,3.43,3.84,7.27,-0.42,23.62,BLA,Insurance,-482.2600000000003
2024-03-21,3.0,3.54,6.54,-0.54,29.41,BLA,Insurance,-482.8000000000003
2024-03-22,1.66,3.45,5.11,-1.79,26.31,BLA,Insurance,-484.5900000000003
2024-03-25,3.84,8.03,11.87,-4.2,23.12,BLA,Insurance,-488.7900000000003
2024-03-26,2.76,1.44,4.2,1.32,14.13,BLA,Insurance,-487.4700000000003
2024-03-27,5.33,1.53,6.85,3.8,21.86,BLA,Insurance,-483.6700000000003
2024-03-28,2.13,3.55,5.69,-1.42,25.7,BLA,Insurance,-485.0900000000003
2024-03-29,1.28,1.5,2.79,-0.22,13.06,BLA,Insurance,-485.31000000000034
2024-04-01,1.25,2.21,3.45,-0.96,10.46,BLA,Insurance,-486.2700000000003
2024-04-02,3.09,3.45,6.53,-0.36,13.4,BLA,Insurance,-486.63000000000034
2024-04-03,11.0,6.28,17.27,4.72,26.49,BLA,Insurance,-481.9100000000003
2024-04-04,1.78,6.97,8.75,-5.19,36.56,BLA,Insurance,-487.1000000000003
2024-04-05,2.4,3.11,5.51,-0.71,24.92,BLA,Insurance,-487.8100000000003
2024-04-09,31.86,8.3,40.16,23.56,44.2,BLA,Insurance,-464.2500000000003
2024-04-10,11.07,4.91,15.98,6.17,33.18,BLA,Insurance,-458.08000000000027
2024-04-11,6.0,6.12,12.11,-0.12,27.89,BLA,Insurance,-458.2000000000003
2024-04-17,1.96,9.52,11.48,-7.56,25.22,BLA,Insurance,-465.7600000000003
2024-04-18,4.02,9.02,13.04,-5.0,38.16,BLA,Insurance,-470.7600000000003
2024-04-19,4.94,9.95,14.89,-5.02,26.85,BLA,Insurance,-475.78000000000026
2024-04-22,2.35,3.71,6.06,-1.36,16.85,BLA,Insurance,-477.14000000000027
2024-04-23,2.39,2.19,4.59,0.2,24.32,BLA,Insurance,-476.9400000000003
2024-04-24,12.53,2.73,15.26,9.79,22.39,BLA,Insurance,-467.15000000000026
2024-04-25,2.29,4.51,6.8,-2.23,28.57,BLA,Insurance,-469.3800000000003
2024-04-26,3.4,2.32,5.72,1.08,18.97,BLA,Insurance,-468.3000000000003
2024-04-29,9.23,4.62,13.85,4.61,31.88,BLA,Insurance,-463.6900000000003
2024-04-30,2.76,2.24,5.01,0.52,20.33,BLA,Insurance,-463.1700000000003
2024-05-02,5.22,24.57,29.79,-19.35,46.54,BLA,Insurance,-482.5200000000003
2024-05-03,10.15,4.34,14.48,5.81,26.12,BLA,Insurance,-476.7100000000003
2024-05-07,7.3,6.12,13.42,1.18,37.98,BLA,Insurance,-475.5300000000003
2024-05-08,4.04,14.68,18.71,-10.64,38.07,BLA,Insurance,-486.1700000000003
2024-05-09,125.77,34.83,160.6,90.94,14.26,BLA,Insurance,-395.2300000000003
2024-05-10,39.43,48.41,87.84,-8.98,15.06,BLA,Insurance,-404.2100000000003
2024-05-13,9.04,16.52,25.56,-7.48,15.07,BLA,Insurance,-411.69000000000034
2024-05-14,12.7,12.71,25.41,-0.01,19.03,BLA,Insurance,-411.70000000000033
2024-05-15,11.19,10.19,21.38,1.01,18.29,BLA,Insurance,-410.69000000000034
2024-05-16,16.23,6.94,23.16,9.29,11.75,BLA,Insurance,-401.4000000000003
2024-05-17,12.9,14.89,27.79,-1.99,22.76,BLA,Insurance,-403.3900000000003
2024-05-20,20.68,12.59,33.28,8.09,16.24,BLA,Insurance,-395.30000000000035
2024-05-21,8.99,12.1,21.09,-3.11,21.32,BLA,Insurance,-398.41000000000037
2024-05-23,13.2,11.34,24.54,1.86,24.13,BLA,Insurance,-396.55000000000035
2024-05-24,9.8,13.3,23.1,-3.5,25.71,BLA,Insurance,-400.05000000000035
2024-05-27,11.75,6.41,18.16,5.33,19.25,BLA,Insurance,-394.72000000000037
2024-05-28,20.49,11.1,31.59,9.39,23.36,BLA,Insurance,-385.3300000000004
2024-05-29,20.16,13.98,34.14,6.18,21.65,BLA,Insurance,-379.1500000000004
2024-05-30,12.45,12.78,25.23,-0.33,19.26,BLA,Insurance,-379.48000000000036
2024-05-31,43.84,32.83,76.67,11.01,53.36,BLA,Insurance,-368.47000000000037
2024-06-04,11.78,12.8,24.58,-1.02,27.1,BLA,Insurance,-369.49000000000035
2024-06-05,9.73,10.55,20.28,-0.81,29.71,BLA,Insurance,-370.30000000000035
2024-06-06,9.93,9.6,19.53,0.33,15.14,BLA,Insurance,-369.97000000000037
2024-06-07,23.96,10.21,34.17,13.75,26.54,BLA,Insurance,-356.22000000000037
2024-06-10,11.02,10.82,21.84,0.2,27.78,BLA,Insurance,-356.0200000000004
2024-06-11,17.05,20.57,37.62,-3.52,19.76,BLA,Insurance,-359.54000000000036
2024-06-12,11.2,18.25,29.46,-7.05,27.28,BLA,Insurance,-366.5900000000004
2024-06-13,11.9,9.79,21.69,2.11,30.95,BLA,Insurance,-364.48000000000036
2024-06-14,6.96,7.56,14.52,-0.6,28.84,BLA,Insurance,-365.0800000000004
2024-06-17,22.71,10.11,32.82,12.6,27.2,BLA,Insurance,-352.48000000000036
2024-06-18,26.12,14.64,40.76,11.48,30.96,BLA,Insurance,-341.00000000000034
2024-06-19,12.38,9.91,22.29,2.48,29.16,BLA,Insurance,-338.5200000000003
2024-06-20,14.89,8.73,23.63,6.16,48.98,BLA,Insurance,-332.3600000000003
2024-06-21,37.43,35.8,73.24,1.63,55.57,BLA,Insurance,-330.7300000000003
2024-06-24,11.26,8.42,19.68,2.83,32.45,BLA,Insurance,-327.9000000000003
2024-06-25,14.89,11.0,25.89,3.89,43.89,BLA,Insurance,-324.01000000000033
2024-06-26,19.97,9.58,29.55,10.4,33.11,BLA,Insurance,-313.61000000000035
2024-06-27,5.88,11.04,16.92,-5.17,32.92,BLA,Insurance,-318.78000000000037
2024-06-28,19.33,11.89,31.22,7.43,28.82,BLA,Insurance,-311.35000000000036
2024-07-01,3.41,3.76,7.16,-0.35,35.68,BLA,Insurance,-311.7000000000004
2024-07-02,8.47,4.09,12.56,4.38,21.39,BLA,Insurance,-307.3200000000004
2024-07-03,3.93,2.34,6.26,1.59,29.12,BLA,Insurance,-305.7300000000004
2024-07-04,3.44,5.13,8.57,-1.69,30.02,BLA,Insurance,-307.4200000000004
2024-07-05,5.39,4.38,9.77,1.01,22.33,BLA,Insurance,-306.4100000000004
2024-07-08,13.16,9.08,22.25,4.08,31.62,BLA,Insurance,-302.33000000000044
2024-07-09,21.4,17.44,38.83,3.96,39.85,BLA,Insurance,-298.37000000000046
2024-07-10,4.09,4.01,8.1,0.08,21.32,BLA,Insurance,-298.2900000000005
2024-07-11,1.67,3.14,4.81,-1.47,27.86,BLA,Insurance,-299.7600000000005
2024-07-12,3.52,4.73,8.25,-1.21,33.64,BLA,Insurance,-300.9700000000005
2024-07-15,16.11,11.3,27.4,4.81,34.76,BLA,Insurance,-296.1600000000005
2024-07-16,1.99,9.56,11.55,-7.57,23.32,BLA,Insurance,-303.7300000000005
2024-07-17,3.04,5.65,8.69,-2.61,27.04,BLA,Insurance,-306.3400000000005
2024-07-18,2.76,4.69,7.45,-1.93,23.25,BLA,Insurance,-308.2700000000005
2024-07-19,1.63,7.79,9.42,-6.16,29.06,BLA,Insurance,-314.4300000000005
2024-07-23,8.32,6.14,14.46,2.18,25.07,BLA,Insurance,-312.2500000000005
2024-07-24,1.7,4.24,5.94,-2.54,20.67,BLA,Insurance,-314.79000000000053
2024-07-25,3.72,4.16,7.88,-0.43,32.41,BLA,Insurance,-315.22000000000054
2024-07-26,2.52,1.96,4.48,0.57,14.43,BLA,Insurance,-314.65000000000055
2024-07-30,11.23,4.07,15.3,7.16,27.93,BLA,Insurance,-307.4900000000005
2024-07-31,3.18,4.11,7.29,-0.93,22.59,BLA,Insurance,-308.4200000000005
2024-08-01,7.41,2.62,10.03,4.78,26.88,BLA,Insurance,-303.64000000000055
2024-08-02,1.19,5.69,6.88,-4.5,27.75,BLA,Insurance,-308.14000000000055
2024-08-05,10.99,12.41,23.4,-1.42,27.36,BLA,Insurance,-309.56000000000057
2024-08-06,6.35,9.92,16.26,-3.57,28.21,BLA,Insurance,-313.13000000000056
2024-08-07,4.53,4.57,9.1,-0.04,24.64,BLA,Insurance,-313.1700000000006
2024-08-08,5.5,1.68,7.18,3.82,20.63,BLA,Insurance,-309.3500000000006
2024-08-09,3.05,8.61,11.66,-5.56,30.47,BLA,Insurance,-314.9100000000006
2024-08-13,6.84,6.03,12.87,0.82,30.94,BLA,Insurance,-314.0900000000006
2024-08-14,15.2,8.42,23.62,6.78,34.44,BLA,Insurance,-307.3100000000006
2024-08-15,14.03,6.83,20.86,7.21,27.0,BLA,Insurance,-300.10000000000065
2024-08-16,14.02,8.87,22.89,5.15,37.97,BLA,Insurance,-294.95000000000067
2024-08-19,10.99,2.91,13.91,8.08,23.49,BLA,Insurance,-286.8700000000007
2024-08-20,3.97,3.77,7.73,0.2,19.39,BLA,Insurance,-286.6700000000007
2024-08-21,8.14,4.06,12.2,4.08,20.17,BLA,Insurance,-282.5900000000007
2024-08-22,10.8,1.64,12.43,9.16,19.2,BLA,Insurance,-273.4300000000007
2024-08-23,7.14,1.21,8.35,5.93,11.71,BLA,Insurance,-267.5000000000007
2024-08-26,6.41,15.93,22.34,-9.53,28.8,BLA,Insurance,-277.03000000000065
2024-08-27,12.56,13.17,25.72,-0.61,36.71,BLA,Insurance,-277.64000000000067
2024-08-28,2.5,6.47,8.97,-3.97,24.94,BLA,Insurance,-281.6100000000007
2024-08-29,2.5,7.42,9.93,-4.92,25.34,BLA,Insurance,-286.5300000000007
2024-08-30,5.79,4.29,10.08,1.49,30.21,BLA,Insurance,-285.0400000000007
2024-09-02,0.43,6.82,7.25,-6.39,19.92,BLA,Insurance,-291.4300000000007
2024-09-03,8.11,3.01,11.12,5.1,26.77,BLA,Insurance,-286.33000000000067
2024-09-04,11.07,1.29,12.35,9.78,18.3,BLA,Insurance,-276.5500000000007
2024-09-05,58.99,7.71,66.7,51.28,25.16,BLA,Insurance,-225.2700000000007
2024-09-06,18.95,32.83,51.78,-13.89,17.85,BLA,Insurance,-239.1600000000007
2024-09-09,27.14,30.29,57.43,-3.16,18.31,BLA,Insurance,-242.3200000000007
2024-09-10,11.68,19.39,31.07,-7.71,23.69,BLA,Insurance,-250.0300000000007
2024-09-11,9.42,12.58,22.0,-3.16,21.01,BLA,Insurance,-253.1900000000007
2024-09-12,8.18,11.35,19.53,-3.17,32.16,BLA,Insurance,-256.3600000000007
2024-09-13,7.31,5.01,12.32,2.31,21.25,BLA,Insurance,-254.0500000000007
2024-09-16,14.69,11.23,25.92,3.45,15.99,BLA,Insurance,-250.6000000000007
2024-09-17,10.71,4.5,15.21,6.21,18.14,BLA,Insurance,-244.3900000000007
2024-09-18,21.63,14.34,35.97,7.29,24.85,BLA,Insurance,-237.1000000000007
2024-09-19,19.37,7.72,27.09,11.65,16.13,BLA,Insurance,-225.4500000000007
2024-09-20,101.45,105.77,207.23,-4.32,48.22,BLA,Insurance,-229.7700000000007
2024-09-23,10.73,8.94,19.67,1.79,11.13,BLA,Insurance,-227.9800000000007
2024-09-24,20.88,9.22,30.1,11.65,13.34,BLA,Insurance,-216.3300000000007
2024-09-25,12.39,21.93,34.32,-9.54,9.82,BLA,Insurance,-225.8700000000007
2024-09-26,227.18,46.19,273.37,180.98,28.19,BLA,Insurance,-44.8900000000007
2024-09-27,112.27,55.32,167.59,56.96,38.71,BLA,Insurance,12.069999999999304
2024-09-30,44.42,9.7,54.13,34.72,24.1,BLA,Insurance,46.7899999999993
2024-10-01,22.46,11.83,34.29,10.63,21.58,BLA,Insurance,57.419999999999305
2024-10-02,35.35,9.91,45.26,25.45,24.45,BLA,Insurance,82.86999999999931
2024-10-03,30.0,24.37,54.37,5.63,24.19,BLA,Insurance,88.4999999999993
2024-10-04,19.65,13.32,32.98,6.33,20.72,BLA,Insurance,94.8299999999993
2024-10-07,29.58,25.4,54.97,4.18,28.91,BLA,Insurance,99.00999999999931
2024-10-08,39.43,39.8,79.23,-0.36,20.39,BLA,Insurance,98.64999999999931
2024-10-09,15.58,32.72,48.3,-17.14,24.46,BLA,Insurance,81.50999999999931
2024-10-10,10.57,28.81,39.38,-18.25,21.89,BLA,Insurance,63.25999999999931
2024-10-11,32.58,14.99,47.58,17.59,20.75,BLA,Insurance,80.84999999999931
2024-10-15,24.38,29.13,53.5,-4.75,31.06,BLA,Insurance,76.09999999999931
2024-10-16,8.19,15.6,23.79,-7.41,19.14,BLA,Insurance,68.68999999999932
2024-10-17,16.36,11.05,27.42,5.31,19.19,BLA,Insurance,73.99999999999932
2024-10-18,16.84,15.76,32.6,1.08,29.37,BLA,Insurance,75.07999999999932
2024-10-21,27.93,12.38,40.32,15.55,26.21,BLA,Insurance,90.62999999999931
2024-10-22,17.99,10.68,28.66,7.31,22.52,BLA,Insurance,97.93999999999932
2024-10-24,4.89,3.72,8.6,1.17,20.24,BLA,Insurance,99.10999999999932
2024-10-25,17.57,10.02,27.59,7.56,29.07,BLA,Insurance,106.66999999999932
2024-10-28,20.12,6.97,27.1,13.15,39.31,BLA,Insurance,119.81999999999933
2024-10-29,21.6,25.02,46.62,-3.42,27.38,BLA,Insurance,116.39999999999932
2024-10-30,16.65,20.67,37.32,-4.03,21.6,BLA,Insurance,112.36999999999932
2024-10-31,28.25,18.53,46.78,9.72,18.65,BLA,Insurance,122.08999999999932
2024-11-01,11.09,14.15,25.24,-3.06,22.88,BLA,Insurance,119.02999999999932
2024-11-04,13.16,22.09,35.25,-8.93,17.91,BLA,Insurance,110.09999999999931
2024-11-05,9.76,6.19,15.96,3.57,15.59,BLA,Insurance,113.6699999999993
2024-11-06,2.99,10.25,13.23,-7.26,14.19,BLA,Insurance,106.4099999999993
2024-11-07,11.46,13.55,25.01,-2.09,18.3,BLA,Insurance,104.3199999999993
2024-11-08,11.06,8.02,19.09,3.04,18.57,BLA,Insurance,107.3599999999993
2024-11-11,6.17,7.89,14.06,-1.72,10.41,BLA,Insurance,105.6399999999993
2024-11-12,3.08,11.63,14.71,-8.56,21.17,BLA,Insurance,97.0799999999993
2024-11-13,5.43,4.27,9.7,1.16,14.93,BLA,Insurance,98.2399999999993
2024-11-14,16.61,64.73,81.34,-48.13,20.63,BLA,Insurance,50.109999999999296
2024-11-15,33.2,31.94,65.14,1.26,34.95,BLA,Insurance,51.369999999999294
2024-11-18,14.31,7.59,21.9,6.72,25.04,BLA,Insurance,58.08999999999929
2024-11-19,8.0,22.28,30.28,-14.29,31.74,BLA,Insurance,43.799999999999294
2024-11-20,2.68,5.41,8.09,-2.73,23.54,BLA,Insurance,41.0699999999993
2024-11-21,4.76,5.7,10.46,-0.95,23.04,BLA,Insurance,40.119999999999294
2024-11-22,3.26,4.36,7.62,-1.1,21.51,BLA,Insurance,39.01999999999929
2024-11-25,7.89,7.75,15.63,0.14,35.79,BLA,Insurance,39.15999999999929
2024-11-26,10.13,6.88,17.01,3.26,22.51,BLA,Insurance,42.41999999999929
2024-11-27,3.53,3.15,6.67,0.38,23.22,BLA,Insurance,42.799999999999294
2024-11-28,4.31,6.67,10.98,-2.36,21.79,BLA,Insurance,40.439999999999294
2024-11-29,4.39,2.49,6.88,1.9,20.04,BLA,Insurance,42.33999999999929
2024-12-02,8.79,17.6,26.39,-8.8,32.4,BLA,Insurance,33.539999999999296
2024-12-03,10.26,22.38,32.64,-12.12,23.28,BLA,Insurance,21.4199999999993
2024-12-04,18.13,40.66,58.8,-22.53,31.89,BLA,Insurance,-1.1100000000007029
2024-12-06,1.95,19.59,21.53,-17.64,23.77,BLA,Insurance,-18.750000000000703
2024-12-09,2.27,5.01,7.28,-2.75,13.92,BLA,Insurance,-21.500000000000703
2024-12-11,8.98,25.26,34.23,-16.28,25.53,BLA,Insurance,-37.780000000000705
2024-12-12,6.87,12.27,19.13,-5.4,29.59,BLA,Insurance,-43.1800000000007
2024-12-13,5.23,13.28,18.51,-8.05,37.99,BLA,Insurance,-51.2300000000007
2024-12-16,4.71,13.15,17.86,-8.43,27.99,BLA,Insurance,-59.6600000000007
2024-12-17,5.17,13.19,18.35,-8.02,28.7,BLA,Insurance,-67.6800000000007
2024-12-18,3.06,4.14,7.2,-1.08,19.39,BLA,Insurance,-68.7600000000007
2024-12-19,4.29,2.95,7.24,1.34,14.93,BLA,Insurance,-67.4200000000007
2024-12-20,9.3,21.29,30.59,-11.99,29.58,BLA,Insurance,-79.4100000000007
2024-12-23,4.93,3.81,8.74,1.13,26.02,BLA,Insurance,-78.2800000000007
2024-12-24,7.63,4.52,12.14,3.11,21.16,BLA,Insurance,-75.1700000000007
2024-12-25,2.16,1.45,3.61,0.7,13.51,BLA,Insurance,-74.4700000000007
2024-12-26,0.21,3.6,3.81,-3.39,17.24,BLA,Insurance,-77.8600000000007
2024-12-27,4.04,2.81,6.85,1.23,16.7,BLA,Insurance,-76.63000000000069
2024-12-30,8.7,4.9,13.6,3.79,33.27,BLA,Insurance,-72.84000000000069
2025-01-02,2.61,8.0,10.6,-5.39,27.37,BLA,Insurance,-78.23000000000069
2025-01-03,1.51,3.51,5.02,-2.0,24.08,BLA,Insurance,-80.23000000000069
2025-01-06,3.21,11.23,14.44,-8.02,24.01,BLA,Insurance,-88.25000000000068
2025-01-07,1.72,4.68,6.4,-2.95,21.78,BLA,Insurance,-91.20000000000068
2025-01-08,9.56,23.71,33.27,-14.15,18.84,BLA,Insurance,-105.35000000000069
2025-01-09,0.8,8.02,8.83,-7.22,12.07,BLA,Insurance,-112.57000000000069
2025-01-10,2.12,7.04,9.16,-4.92,16.34,BLA,Insurance,-117.49000000000069
2025-01-13,2.89,3.69,6.58,-0.8,22.98,BLA,Insurance,-118.29000000000069
2025-01-14,4.31,8.54,12.85,-4.23,23.09,BLA,Insurance,-122.52000000000069
2025-01-15,10.67,5.91,16.59,4.76,27.54,BLA,Insurance,-117.76000000000069
2025-01-16,1.79,2.76,4.55,-0.98,16.54,BLA,Insurance,-118.74000000000069
2025-01-17,3.19,2.18,5.37,1.02,12.66,BLA,Insurance,-117.7200000000007
2025-01-20,1.06,0.67,1.72,0.39,18.29,BLA,Insurance,-117.3300000000007
2025-01-21,3.31,1.43,4.74,1.87,12.94,BLA,Insurance,-115.46000000000069
2025-01-22,2.47,4.4,6.87,-1.93,22.66,BLA,Insurance,-117.3900000000007
2025-01-23,5.49,5.03,10.52,0.47,16.77,BLA,Insurance,-116.9200000000007
2025-01-24,3.16,0.67,3.82,2.49,15.92,BLA,Insurance,-114.4300000000007
2025-01-27,2.24,0.89,3.13,1.35,17.86,BLA,Insurance,-113.08000000000071
2025-01-28,0.93,3.41,4.34,-2.47,16.95,BLA,Insurance,-115.55000000000071
2025-01-29,2.26,2.1,4.36,0.16,20.55,BLA,Insurance,-115.39000000000071
2025-01-30,0.68,2.35,3.03,-1.66,36.32,BLA,Insurance,-117.05000000000071
2025-01-31,3.17,8.81,11.98,-5.63,17.98,BLA,Insurance,-122.6800000000007
2025-02-03,4.46,2.16,6.63,2.3,22.31,BLA,Insurance,-120.3800000000007
2025-02-04,1.38,3.55,4.92,-2.17,22.52,BLA,Insurance,-122.55000000000071
2025-02-05,0.8,1.71,2.51,-0.92,18.01,BLA,Insurance,-123.47000000000071
2025-02-06,2.24,3.28,5.52,-1.04,21.64,BLA,Insurance,-124.51000000000072
2025-02-07,5.2,4.45,9.65,0.75,24.88,BLA,Insurance,-123.76000000000072
2025-02-10,4.91,6.7,11.61,-1.78,15.77,BLA,Insurance,-125.54000000000072
2025-02-11,4.4,5.49,9.89,-1.09,16.5,BLA,Insurance,-126.63000000000072
2025-02-13,13.13,7.74,20.87,5.39,27.24,BLA,Insurance,-121.24000000000072
2025-02-14,6.54,3.58,10.12,2.96,25.87,BLA,Insurance,-118.28000000000073
2025-02-17,4.05,3.75,7.8,0.3,22.54,BLA,Insurance,-117.98000000000073
2025-02-18,4.51,1.41,5.92,3.1,16.25,BLA,Insurance,-114.88000000000073
2025-02-19,4.05,4.63,8.69,-0.58,28.74,BLA,Insurance,-115.46000000000073
2025-02-20,25.06,10.89,35.95,14.17,12.09,BLA,Insurance,-101.29000000000073
2025-02-21,7.29,7.52,14.81,-0.22,15.01,BLA,Insurance,-101.51000000000073
2025-02-24,4.44,6.54,10.99,-2.1,16.01,BLA,Insurance,-103.61000000000072
2025-02-25,5.86,6.46,12.32,-0.6,13.18,BLA,Insurance,-104.21000000000072
2025-02-26,7.01,6.25,13.25,0.76,24.61,BLA,Insurance,-103.45000000000071
2025-02-27,5.73,3.15,8.87,2.58,21.8,BLA,Insurance,-100.87000000000072
2025-02-28,11.11,8.85,19.96,2.26,37.89,BLA,Insurance,-98.61000000000071
2025-03-03,10.32,4.1,14.42,6.23,18.89,BLA,Insurance,-92.3800000000007
2025-03-04,6.45,2.19,8.64,4.26,15.44,BLA,Insurance,-88.1200000000007
2025-03-05,1.75,8.4,10.15,-6.65,11.01,BLA,Insurance,-94.7700000000007
2025-03-06,1.06,12.75,13.81,-11.69,19.63,BLA,Insurance,-106.4600000000007
2025-03-07,5.26,5.21,10.47,0.04,24.44,BLA,Insurance,-106.4200000000007
2025-03-10,2.38,5.62,7.99,-3.24,30.89,BLA,Insurance,-109.6600000000007
2025-03-11,5.88,3.71,9.58,2.17,27.11,BLA,Insurance,-107.49000000000069
2025-03-12,3.86,5.11,8.96,-1.25,27.54,BLA,Insurance,-108.74000000000069
2025-03-13,2.89,4.36,7.26,-1.47,23.66,BLA,Insurance,-110.21000000000069
2025-03-14,1.45,3.58,5.02,-2.13,19.53,BLA,Insurance,-112.34000000000069
2025-03-17,7.83,2.65,10.48,5.19,18.9,BLA,Insurance,-107.15000000000069
2025-03-18,5.33,3.63,8.96,1.71,23.95,BLA,Insurance,-105.4400000000007
2025-03-19,3.97,2.71,6.68,1.26,14.53,BLA,Insurance,-104.18000000000069
2025-03-20,1.72,4.1,5.83,-2.38,16.67,BLA,Insurance,-106.56000000000068
2025-03-21,5.56,4.92,10.48,0.64,29.74,BLA,Insurance,-105.92000000000068
2025-03-24,3.5,2.43,5.93,1.06,20.1,BLA,Insurance,-104.86000000000068
2025-03-25,0.91,6.79,7.7,-5.88,25.31,BLA,Insurance,-110.74000000000068
2025-03-26,6.01,1.3,7.31,4.72,20.77,BLA,Insurance,-106.02000000000068
2025-03-27,5.09,4.22,9.32,0.87,21.7,BLA,Insurance,-105.15000000000067
2025-03-28,1.0,1.4,2.4,-0.4,31.7,BLA,Insurance,-105.55000000000068
2025-03-31,3.55,7.03,10.58,-3.48,18.29,BLA,Insurance,-109.03000000000068
2025-04-01,3.31,2.18,5.49,1.12,20.06,BLA,Insurance,-107.91000000000068
2025-04-02,4.94,1.96,6.9,2.98,24.35,BLA,Insurance,-104.93000000000067
2025-04-03,3.6,1.77,5.38,1.83,17.51,BLA,Insurance,-103.10000000000068
2025-04-04,10.9,8.31,19.21,2.59,20.72,BLA,Insurance,-100.51000000000067
2025-04-08,5.22,9.21,14.43,-3.99,25.53,BLA,Insurance,-104.50000000000067
2025-04-09,17.49,4.51,22.0,12.98,20.52,BLA,Insurance,-91.52000000000066
2025-04-10,9.73,6.5,16.23,3.23,22.1,BLA,Insurance,-88.29000000000066
2025-04-11,3.77,3.08,6.84,0.69,24.91,BLA,Insurance,-87.60000000000066
2025-04-16,14.55,12.87,27.43,1.68,34.21,BLA,Insurance,-85.92000000000066
2025-04-17,10.43,3.38,13.8,7.05,17.11,BLA,Insurance,-78.87000000000066
2025-04-18,6.79,2.69,9.48,4.09,15.81,BLA,Insurance,-74.78000000000065
2025-04-21,19.47,6.98,26.45,12.49,17.2,BLA,Insurance,-62.29000000000065
2025-04-22,13.42,13.38,26.8,0.05,30.32,BLA,Insurance,-62.240000000000656
2025-04-23,3.92,8.25,12.16,-4.33,30.86,BLA,Insurance,-66.57000000000066
2025-04-24,10.01,1.82,11.82,8.19,33.18,BLA,Insurance,-58.38000000000066
2025-04-25,15.61,5.31,20.92,10.3,20.17,BLA,Insurance,-48.080000000000666
2025-04-28,20.6,1.08,21.68,19.51,28.42,BLA,Insurance,-28.570000000000665
2025-04-29,18.19,6.81,25.01,11.38,21.96,BLA,Insurance,-17.190000000000666
2025-04-30,16.73,4.6,21.33,12.13,30.77,BLA,Insurance,-5.060000000000665
2025-05-02,6.86,1.58,8.44,5.27,16.28,BLA,Insurance,0.20999999999933472
2025-05-06,4.71,13.02,17.73,-8.3,24.14,BLA,Insurance,-8.090000000000666
2025-05-07,9.76,2.83,12.59,6.93,19.03,BLA,Insurance,-1.1600000000006663
2025-05-08,18.82,4.93,23.75,13.89,20.03,BLA,Insurance,12.729999999999334
2025-05-09,4.55,5.51,10.06,-0.96,29.81,BLA,Insurance,11.769999999999335
2025-05-13,8.57,2.8,11.37,5.77,23.33,BLA,Insurance,17.539999999999335
2025-05-14,10.84,5.42,16.25,5.42,18.65,BLA,Insurance,22.959999999999333
2025-05-15,20.34,7.31,27.66,13.03,21.74,BLA,Insurance,35.989999999999334
2025-05-16,13.1,4.4,17.5,8.7,29.59,BLA,Insurance,44.68999999999933
2025-05-19,65.5,3.84,69.34,61.65,36.48,BLA,Insurance,106.33999999999932
2025-05-20,13.01,18.47,31.47,-5.46,34.26,BLA,Insurance,100.87999999999933
2025-05-21,12.42,9.15,21.57,3.27,36.23,BLA,Insurance,104.14999999999932
2025-05-22,8.41,18.18,26.6,-9.77,30.2,BLA,Insurance,94.37999999999933
2025-05-23,6.27,30.47,36.74,-24.21,34.03,BLA,Insurance,70.16999999999933
2025-05-26,8.08,6.8,14.88,1.29,35.61,BLA,Insurance,71.45999999999934
2025-05-27,5.48,7.88,13.36,-2.4,32.59,BLA,Insurance,69.05999999999933
2025-05-28,13.42,7.28,20.7,6.15,32.68,BLA,Insurance,75.20999999999934
2025-05-29,11.6,3.8,15.4,7.8,27.64,BLA,Insurance,83.00999999999934
2025-05-30,36.81,11.46,48.26,25.35,49.95,BLA,Insurance,108.35999999999933
2025-06-04,7.12,19.41,26.53,-12.28,26.73,BLA,Insurance,96.07999999999933
2025-06-05,12.38,5.87,18.24,6.51,20.64,BLA,Insurance,102.58999999999934
2025-06-06,5.91,3.72,9.63,2.19,27.83,BLA,Insurance,104.77999999999933
2025-06-09,13.22,4.32,17.54,8.9,27.66,BLA,Insurance,113.67999999999934
2025-06-10,4.23,5.65,9.88,-1.42,28.56,BLA,Insurance,112.25999999999934
2025-06-11,2.06,2.31,4.37,-0.25,26.47,BLA,Insurance,112.00999999999934
2025-06-12,6.67,5.92,12.59,0.75,45.3,BLA,Insurance,112.75999999999934
2025-06-13,6.15,10.31,16.47,-4.16,34.2,BLA,Insurance,108.59999999999934
2025-06-16,7.14,2.67,9.81,4.46,32.41,BLA,Insurance,113.05999999999933
2025-06-17,6.66,7.6,14.26,-0.93,45.34,BLA,Insurance,112.12999999999933
2025-06-18,6.19,11.31,17.51,-5.12,40.46,BLA,Insurance,107.00999999999932
2025-06-19,10.63,15.3,25.93,-4.67,23.94,BLA,Insurance,102.33999999999932
2025-06-20,104.11,92.35,196.46,11.76,76.56,BLA,Insurance,114.09999999999933
2025-06-23,17.21,6.45,23.66,10.76,37.96,BLA,Insurance,124.85999999999933
2025-06-24,23.08,7.53,30.61,15.56,34.35,BLA,Insurance,140.41999999999933
2025-06-25,22.89,7.05,29.95,15.84,33.86,BLA,Insurance,156.25999999999934
2025-06-26,19.41,8.39,27.8,11.03,24.52,BLA,Insurance,167.28999999999934
2025-06-27,10.54,7.6,18.14,2.94,32.4,BLA,Insurance,170.22999999999934
2025-06-30,6.92,7.09,14.01,-0.17,23.69,BLA,Insurance,170.05999999999935
2025-07-01,5.97,3.4,9.37,2.56,26.59,BLA,Insurance,172.61999999999935
2025-07-02,4.03,5.76,9.79,-1.73,26.51,BLA,Insurance,170.88999999999936
2025-07-03,5.14,3.32,8.46,1.81,20.26,BLA,Insurance,172.69999999999936
2025-07-04,3.13,6.31,9.44,-3.18,25.92,BLA,Insurance,169.51999999999936
2025-07-07,3.98,6.79,10.78,-2.81,17.31,BLA,Insurance,166.70999999999935
2025-07-08,9.53,3.72,13.25,5.82,24.84,BLA,Insurance,172.52999999999935
2025-07-09,4.71,5.8,10.51,-1.1,19.63,BLA,Insurance,171.42999999999935
2025-07-11,5.17,2.43,7.6,2.73,14.03,BLA,Insurance,174.15999999999934
2025-07-14,6.34,5.5,11.84,0.84,15.64,BLA,Insurance,174.99999999999935
2025-07-15,7.43,6.08,13.52,1.35,19.52,BLA,Insurance,176.34999999999934
2025-07-16,5.07,15.07,20.14,-10.0,30.83,BLA,Insurance,166.34999999999934
2025-07-17,3.6,9.01,12.61,-5.42,21.24,BLA,Insurance,160.92999999999935
2025-07-18,2.15,6.06,8.21,-3.91,26.62,BLA,Insurance,157.01999999999936
2025-07-21,8.88,12.53,21.42,-3.65,29.43,BLA,Insurance,153.36999999999935
2025-07-22,2.58,8.83,11.41,-6.25,22.28,BLA,Insurance,147.11999999999935
2025-07-23,7.91,4.45,12.36,3.47,22.29,BLA,Insurance,150.58999999999935
2025-07-24,6.29,4.1,10.38,2.19,27.82,BLA,Insurance,152.77999999999935
2025-07-25,0.68,2.53,3.22,-1.85,1.74,BLA,Insurance,150.92999999999935
2025-07-29,7.82,4.93,12.75,2.89,13.77,BLA,Insurance,153.81999999999934
2025-07-30,6.64,9.25,15.89,-2.62,16.79,BLA,Insurance,151.19999999999933
2025-07-31,7.99,4.44,12.43,3.55,22.54,BLA,Insurance,154.74999999999935
2025-08-01,12.03,2.23,14.25,9.8,15.34,BLA,Insurance,164.54999999999936
2025-08-04,5.33,6.21,11.55,-0.88,14.14,BLA,Insurance,163.66999999999936
2025-08-05,22.98,1.99,24.97,20.98,21.03,BLA,Insurance,184.64999999999935
2025-08-06,26.07,2.26,28.33,23.81,16.53,BLA,Insurance,208.45999999999935
2025-08-07,21.06,2.23,23.29,18.82,18.7,BLA,Insurance,227.27999999999935
2025-08-08,13.34,3.44,16.78,9.9,17.56,BLA,Insurance,237.17999999999935
2025-08-13,17.34,21.67,39.01,-4.33,21.33,BLA,Insurance,232.84999999999934
2025-08-14,72.78,2.36,75.14,70.41,25.73,BLA,Insurance,303.2599999999993
2025-08-15,27.72,18.41,46.12,9.31,17.7,BLA,Insurance,312.5699999999993
2025-08-18,11.34,7.89,19.23,3.45,22.56,BLA,Insurance,316.0199999999993
2025-08-19,19.6,12.76,32.35,6.84,20.2,BLA,Insurance,322.8599999999993
2025-08-20,20.4,7.31,27.71,13.09,20.2,BLA,Insurance,335.94999999999925
2025-08-21,18.47,11.06,29.54,7.41,18.44,BLA,Insurance,343.3599999999993
2025-08-22,10.49,9.92,20.41,0.56,32.0,BLA,Insurance,343.9199999999993
2025-08-25,12.69,5.43,18.12,7.27,17.02,BLA,Insurance,351.18999999999926
2025-08-26,15.88,22.13,38.01,-6.25,34.09,BLA,Insurance,344.93999999999926
2025-08-27,11.34,17.08,28.42,-5.74,22.75,BLA,Insurance,339.19999999999925
2025-08-28,9.88,9.27,19.15,0.61,32.0,BLA,Insurance,339.80999999999926
2025-08-29,9.68,12.63,22.3,-2.95,36.63,BLA,Insurance,336.8599999999993
2025-09-01,11.26,4.71,15.97,6.55,21.54,BLA,Insurance,343.4099999999993
2025-09-02,4.22,8.51,12.73,-4.29,20.93,BLA,Insurance,339.11999999999927
2025-09-03,5.78,5.95,11.73,-0.17,17.68,BLA,Insurance,338.94999999999925
2025-09-04,9.41,10.25,19.66,-0.84,27.96,BLA,Insurance,338.1099999999993
2025-09-05,4.48,9.38,13.86,-4.89,21.43,BLA,Insurance,333.2199999999993
2025-09-08,16.29,17.43,33.72,-1.14,23.79,BLA,Insurance,332.0799999999993
2025-09-09,41.92,12.01,53.92,29.91,17.59,BLA,Insurance,361.9899999999993
2025-09-10,9.54,22.16,31.69,-12.62,26.56,BLA,Insurance,349.3699999999993
2025-09-11,19.03,12.42,31.45,6.6,22.14,BLA,Insurance,355.96999999999935
2025-09-12,16.21,19.66,35.88,-3.45,29.62,BLA,Insurance,352.51999999999936
2025-09-15,14.54,12.76,27.3,1.79,26.51,BLA,Insurance,354.3099999999994
2025-09-16,17.46,11.71,29.17,5.75,27.3,BLA,Insurance,360.0599999999994
2025-09-17,20.56,18.83,39.39,1.73,32.84,BLA,Insurance,361.7899999999994
2025-09-18,13.62,16.53,30.15,-2.92,31.11,BLA,Insurance,358.8699999999994
2025-09-19,32.11,14.36,46.47,17.75,35.87,BLA,Insurance,376.6199999999994
2025-09-22,11.64,7.39,19.04,4.25,24.66,BLA,Insurance,380.8699999999994
2025-09-23,15.82,4.62,20.44,11.19,18.87,BLA,Insurance,392.0599999999994
2025-09-24,3.46,5.88,9.33,-2.42,28.63,BLA,Insurance,389.63999999999936
2025-09-25,9.42,16.62,26.04,-7.21,32.72,BLA,Insurance,382.4299999999994
2025-09-26,18.19,5.75,23.94,12.44,24.49,BLA,Insurance,394.8699999999994
2025-09-29,10.37,14.7,25.07,-4.33,26.28,BLA,Insurance,390.5399999999994
2025-09-30,14.86,9.51,24.37,5.35,27.52,BLA,Insurance,395.8899999999994
2025-10-01,2.53,13.06,15.59,-10.54,28.2,BLA,Insurance,385.3499999999994
2025-10-02,2.75,6.82,9.57,-4.06,23.61,BLA,Insurance,381.2899999999994
2025-10-03,2.61,9.37,11.98,-6.76,31.8,BLA,Insurance,374.5299999999994
2025-10-06,4.94,5.97,10.91,-1.03,27.1,BLA,Insurance,373.49999999999943
2025-10-07,4.55,7.79,12.35,-3.24,18.23,BLA,Insurance,370.2599999999994
2025-10-08,5.65,10.86,16.51,-5.21,32.46,BLA,Insurance,365.04999999999944
2025-10-09,3.06,6.29,9.35,-3.24,24.93,BLA,Insurance,361.80999999999943
2025-10-10,5.12,5.87,10.99,-0.76,25.42,BLA,Insurance,361.04999999999944
2025-10-14,8.17,13.73,21.89,-5.56,27.26,BLA,Insurance,355.48999999999944
2025-10-15,15.93,12.85,28.78,3.09,34.11,BLA,Insurance,358.5799999999994
2025-10-16,8.23,2.86,11.09,5.38,35.1,BLA,Insurance,363.9599999999994
2025-10-17,11.67,8.38,20.04,3.29,32.91,BLA,Insurance,367.24999999999943
2025-10-20,5.4,3.35,8.75,2.04,38.02,BLA,Insurance,369.28999999999945
2025-10-21,8.23,8.44,16.67,-0.21,22.19,BLA,Insurance,369.0799999999995
2025-10-22,12.88,4.97,17.86,7.91,14.11,BLA,Insurance,376.9899999999995
2025-10-24,5.42,10.84,16.27,-5.42,26.1,BLA,Insurance,371.5699999999995
2025-10-27,11.58,3.99,15.57,7.59,26.34,BLA,Insurance,379.15999999999946
2025-10-28,8.75,7.7,16.44,1.05,14.71,BLA,Insurance,380.20999999999947
2025-10-29,3.51,7.86,11.36,-4.35,29.03,BLA,Insurance,375.85999999999945
2025-10-30,4.04,6.17,10.21,-2.13,19.14,BLA,Insurance,373.72999999999945
2025-10-31,4.21,3.31,7.52,0.89,16.53,BLA,Insurance,374.61999999999944
2025-11-03,9.79,3.87,13.66,5.92,18.65,BLA,Insurance,380.53999999999945
2025-11-04,4.62,5.13,9.75,-0.51,13.63,BLA,Insurance,380.02999999999946
2025-11-05,1.65,2.54,4.2,-0.89,19.71,BLA,Insurance,379.1399999999995
2025-11-06,5.15,2.25,7.41,2.9,18.42,BLA,Insurance,382.03999999999945
2025-11-07,3.73,2.99,6.72,0.74,22.33,BLA,Insurance,382.77999999999946
2025-11-10,2.55,1.33,3.88,1.22,13.58,BLA,Insurance,383.9999999999995
2025-11-11,2.02,1.98,4.0,0.04,36.38,BLA,Insurance,384.0399999999995
2025-11-12,4.26,3.65,7.9,0.61,21.9,BLA,Insurance,384.6499999999995
2025-11-13,58.4,10.62,69.01,47.78,31.9,BLA,Insurance,432.4299999999995
2025-11-14,21.6,12.79,34.39,8.82,26.43,BLA,Insurance,441.2499999999995
2025-11-17,8.02,5.86,13.88,2.16,18.57,BLA,Insurance,443.4099999999995
2025-11-18,54.16,9.11,63.26,45.05,23.94,BLA,Insurance,488.4599999999995
2025-11-19,10.65,9.19,19.84,1.46,34.12,BLA,Insurance,489.9199999999995
2025-11-20,10.86,5.22,16.08,5.64,25.88,BLA,Insurance,495.5599999999995
2025-11-21,6.38,2.66,9.04,3.72,20.42,BLA,Insurance,499.2799999999995
2025-11-24,13.11,12.86,25.97,0.25,44.49,BLA,Insurance,499.5299999999995
2025-11-25,9.39,13.73,23.11,-4.34,34.98,BLA,Insurance,495.18999999999954
2025-11-26,9.17,12.94,22.11,-3.76,26.6,BLA,Insurance,491.42999999999955
2025-11-27,4.05,7.0,11.06,-2.95,30.98,BLA,Insurance,488.47999999999956
2025-11-28,6.93,2.37,9.3,4.56,26.87,BLA,Insurance,493.03999999999957
2025-12-01,8.63,3.73,12.36,4.9,17.61,BLA,Insurance,497.93999999999954
2025-12-02,3.75,13.35,17.1,-9.6,23.0,BLA,Insurance,488.3399999999995
2025-12-03,10.13,5.65,15.78,4.47,16.41,BLA,Insurance,492.80999999999955
2025-12-04,4.77,4.59,9.36,0.18,25.72,BLA,Insurance,492.98999999999955
2025-12-08,6.42,17.88,24.31,-11.46,25.79,BLA,Insurance,481.5299999999996
2025-12-09,9.4,5.13,14.53,4.26,29.68,BLA,Insurance,485.78999999999957
2025-12-11,8.23,12.96,21.19,-4.72,23.47,BLA,Insurance,481.06999999999954
2025-12-12,7.76,4.71,12.47,3.05,31.18,BLA,Insurance,484.11999999999955
2025-12-15,8.1,3.5,11.6,4.6,19.29,BLA,Insurance,488.7199999999996
2025-12-16,5.63,7.2,12.83,-1.57,40.12,BLA,Insurance,487.1499999999996
2025-12-17,19.21,3.5,22.71,15.71,31.88,BLA,Insurance,502.85999999999956
2025-12-18,14.48,10.73,25.21,3.75,20.8,BLA,Insurance,506.60999999999956
2025-12-19,12.0,3.9,15.9,8.1,45.73,BLA,Insurance,514.7099999999996
2025-12-22,19.85,7.14,26.98,12.71,23.5,BLA,Insurance,527.4199999999996
2025-12-23,10.18,9.8,19.99,0.38,34.15,BLA,Insurance,527.7999999999996
2025-12-24,5.81,5.36,11.17,0.46,27.24,BLA,Insurance,528.2599999999996
2025-12-25,7.05,1.58,8.63,5.47,14.01,BLA,Insurance,533.7299999999997
2025-12-26,10.94,5.74,16.69,5.2,21.34,BLA,Insurance,538.9299999999997
2025-12-29,9.13,2.08,11.21,7.05,26.16,BLA,Insurance,545.9799999999997
2025-12-30,9.7,7.29,16.99,2.4,26.83,BLA,Insurance,548.3799999999997
2026-01-05,25.51,9.76,35.27,15.75,24.52,BLA,Insurance,564.1299999999997
2026-01-06,14.13,14.04,28.16,0.09,28.69,BLA,Insurance,564.2199999999997
2026-01-07,16.3,8.69,24.99,7.6,23.16,BLA,Insurance,571.8199999999997
2026-01-08,16.18,5.48,21.66,10.69,36.6,BLA,Insurance,582.5099999999998
2026-01-09,7.58,6.32,13.91,1.26,27.55,BLA,Insurance,583.7699999999998
2026-01-12,3.08,13.15,16.23,-10.08,21.31,BLA,Insurance,573.6899999999997
2026-01-13,16.42,15.35,31.77,1.06,24.45,BLA,Insurance,574.7499999999997
2026-01-14,15.88,5.61,21.49,10.27,23.35,BLA,Insurance,585.0199999999996
2026-01-15,20.86,7.85,28.71,13.0,38.61,BLA,Insurance,598.0199999999996
2026-01-16,10.72,7.28,18.0,3.44,30.73,BLA,Insurance,601.4599999999997
2026-01-19,7.3,4.1,11.41,3.2,30.52,BLA,Insurance,604.6599999999997
2026-01-20,11.77,11.14,22.92,0.63,24.76,BLA,Insurance,605.2899999999997
2026-01-21,15.41,7.41,22.81,8.0,36.72,BLA,Insurance,613.2899999999997
2026-01-22,11.58,16.73,28.31,-5.15,28.58,BLA,Insurance,608.1399999999998
2026-01-23,8.43,6.56,14.99,1.87,33.73,BLA,Insurance,610.0099999999998
2026-01-26,6.92,11.61,18.53,-4.69,37.75,BLA,Insurance,605.3199999999997
2026-01-27,8.82,12.65,21.48,-3.83,36.39,BLA,Insurance,601.4899999999997
2026-01-28,8.74,14.12,22.87,-5.38,24.5,BLA,Insurance,596.1099999999997
2026-01-29,3.78,16.27,20.05,-12.5,29.88,BLA,Insurance,583.6099999999997
2026-01-30,35.24,20.46,55.7,14.78,30.73,BLA,Insurance,598.3899999999996
2026-02-02,6.96,27.4,34.36,-20.43,24.79,BLA,Insurance,577.9599999999997
2026-02-03,18.81,10.5,29.31,8.3,27.53,BLA,Insurance,586.2599999999996
2026-02-04,6.75,12.26,19.01,-5.51,34.76,BLA,Insurance,580.7499999999997
2026-02-05,5.5,9.52,15.02,-4.01,29.94,BLA,Insurance,576.7399999999997
2026-02-06,6.48,13.61,20.09,-7.13,32.88,BLA,Insurance,569.6099999999997
2026-02-09,17.62,5.53,23.15,12.09,34.21,BLA,Insurance,581.6999999999997
2026-02-10,11.92,8.91,20.82,3.01,30.97,BLA,Insurance,584.7099999999997
2026-02-11,4.75,10.16,14.91,-5.4,22.64,BLA,Insurance,579.3099999999997
2026-02-12,11.17,11.17,22.34,-0.01,27.67,BLA,Insurance,579.2999999999997
2026-02-13,8.29,7.0,15.29,1.29,21.46,BLA,Insurance,580.5899999999997
2026-02-16,4.2,12.27,16.47,-8.06,29.44,BLA,Insurance,572.5299999999997
2026-02-17,12.73,16.3,29.03,-3.58,29.15,BLA,Insurance,568.9499999999997
2026-02-18,8.27,13.54,21.81,-5.27,25.46,BLA,Insurance,563.6799999999997
2026-02-19,4.68,13.7,18.37,-9.02,20.45,BLA,Insurance,554.6599999999997
2026-02-20,13.69,14.39,28.08,-0.7,23.75,BLA,Insurance,553.9599999999997
2026-02-23,53.6,48.56,102.15,5.04,21.37,BLA,Insurance,558.9999999999997
2026-02-24,17.15,22.33,39.48,-5.18,20.89,BLA,Insurance,553.8199999999997
2026-02-25,23.95,18.84,42.79,5.12,31.36,BLA,Insurance,558.9399999999997
2026-02-26,31.65,20.32,51.98,11.33,33.08,BLA,Insurance,570.2699999999998
2026-02-27,17.34,28.44,45.78,-11.1,43.33,BLA,Insurance,559.1699999999997
2026-03-02,27.42,13.71,41.13,13.72,31.21,BLA,Insurance,572.8899999999998
2026-03-04,19.71,13.38,33.09,6.33,25.89,BLA,Insurance,579.2199999999998
2026-03-05,5.48,10.4,15.88,-4.92,24.77,BLA,Insurance,574.2999999999998
2026-03-06,1.52,3.93,5.45,-2.41,12.6,BLA,Insurance,571.8899999999999
2026-03-09,11.93,7.52,19.45,4.41,29.42,BLA,Insurance,576.2999999999998
2026-03-10,6.01,8.41,14.42,-2.4,30.78,BLA,Insurance,573.8999999999999
2026-03-11,6.09,5.35,11.45,0.74,25.69,BLA,Insurance,574.6399999999999
2026-03-12,2.3,4.3,6.6,-2.0,22.12,BLA,Insurance,572.6399999999999
2026-03-13,1.25,6.68,7.92,-5.43,26.96,BLA,Insurance,567.2099999999999
2026-03-16,8.69,11.67,20.36,-2.98,35.25,BLA,Insurance,564.2299999999999
2026-03-17,8.64,9.45,18.09,-0.81,39.45,BLA,Insurance,563.42
2026-03-18,1.42,8.58,10.0,-7.17,30.29,BLA,Insurance,556.25
2026-03-19,7.21,15.83,23.04,-8.63,29.43,BLA,Insurance,547.62
2026-03-20,15.24,9.73,24.97,5.51,48.04,BLA,Insurance,553.13
2026-03-23,7.68,6.2,13.88,1.48,38.6,BLA,Insurance,554.61
2026-03-24,5.34,4.52,9.86,0.82,51.03,BLA,Insurance,555.4300000000001
2026-03-25,9.87,5.44,15.3,4.43,31.84,BLA,Insurance,559.86
2026-03-26,3.14,2.28,5.41,0.86,35.62,BLA,Insurance,560.72
2026-03-27,17.12,6.06,23.18,11.07,28.37,BLA,Insurance,571.7900000000001
2026-03-30,7.77,8.27,16.04,-0.51,16.12,BLA,Insurance,571.2800000000001
2026-03-31,41.08,10.72,51.8,30.36,26.26,BLA,Insurance,601.6400000000001
2026-04-01,21.12,8.91,30.03,12.2,29.74,BLA,Insurance,613.8400000000001
2026-04-02,9.59,8.14,17.73,1.45,17.42,BLA,Insurance,615.2900000000002
2026-04-03,9.65,3.81,13.46,5.85,30.04,BLA,Insurance,621.1400000000002
2026-04-07,9.1,9.45,18.55,-0.35,25.89,BLA,Insurance,620.7900000000002
2026-04-08,12.2,4.04,16.24,8.16,20.5,BLA,Insurance,628.9500000000002
2026-04-09,6.96,16.02,22.98,-9.07,39.28,BLA,Insurance,619.8800000000001
2026-04-10,2.85,6.24,9.09,-3.39,18.56,BLA,Insurance,616.4900000000001
2026-04-16,3.84,9.93,13.77,-6.09,39.0,BLA,Insurance,610.4000000000001
2026-04-17,0.96,4.28,5.25,-3.32,29.45,BLA,Insurance,607.08
2026-04-20,5.7,7.28,12.98,-1.57,15.95,BLA,Insurance,605.51
2026-04-21,9.8,3.12,12.92,6.67,30.43,BLA,Insurance,612.18
2026-04-22,19.11,12.08,31.19,7.04,18.09,BLA,Insurance,619.2199999999999
2026-04-23,8.69,17.49,26.17,-8.8,25.61,BLA,Insurance,610.42
2026-04-24,6.17,5.86,12.03,0.31,25.09,BLA,Insurance,610.7299999999999
2026-04-27,8.71,3.63,12.34,5.08,29.36,BLA,Insurance,615.81
2026-04-28,14.56,10.69,25.25,3.87,50.17,BLA,Insurance,619.68
2026-04-29,6.27,3.7,9.97,2.57,34.02,BLA,Insurance,622.25
2026-04-30,17.92,17.66,35.58,0.25,42.3,BLA,Insurance,622.5
2026-05-05,10.95,8.7,19.65,2.24,26.52,BLA,Insurance,624.74
2026-05-06,17.43,0.87,18.3,16.56,23.48,BLA,Insurance,641.3
2026-05-07,9.67,0.84,10.51,8.83,21.71,BLA,Insurance,650.13
2026-05-08,2.87,1.66,4.53,1.22,30.75,BLA,Insurance,651.35
2026-05-11,7.38,7.31,14.69,0.07,26.83,BLA,Insurance,651.4200000000001
2026-05-12,7.35,5.02,12.37,2.32,24.95,BLA,Insurance,653.7400000000001
2026-05-13,2.36,5.17,7.53,-2.82,38.75,BLA,Insurance,650.9200000000001
2026-05-14,41.2,17.04,58.24,24.16,21.02,BLA,Insurance,675.08
2026-05-15,56.67,19.25,75.91,37.42,28.08,BLA,Insurance,712.5
2026-05-18,35.71,24.1,59.81,11.61,24.86,BLA,Insurance,724.11
2026-05-19,30.57,10.99,41.56,19.59,25.42,BLA,Insurance,743.7
2026-05-20,11.88,7.3,19.18,4.58,25.5,BLA,Insurance,748.2800000000001
2026-05-21,12.09,4.39,16.48,7.7,18.04,BLA,Insurance,755.9800000000001
2026-05-22,17.48,15.02,32.51,2.46,31.57,BLA,Insurance,758.4400000000002
2026-05-25,18.1,8.43,26.53,9.67,26.03,BLA,Insurance,768.1100000000001
2026-05-26,14.68,9.53,24.21,5.14,21.09,BLA,Insurance,773.2500000000001
2026-05-27,33.19,23.46,56.65,9.73,28.81,BLA,Insurance,782.9800000000001
2026-05-28,19.6,21.37,40.96,-1.77,19.1,BLA,Insurance,781.2100000000002
2026-05-29,26.86,15.81,42.67,11.05,23.6,BLA,Insurance,792.2600000000001
2026-06-02,31.05,14.56,45.61,16.49,37.05,BLA,Insurance,808.7500000000001
2026-06-04,31.26,21.41,52.68,9.85,28.42,BLA,Insurance,818.6000000000001
2026-06-05,10.71,8.97,19.67,1.74,27.17,BLA,Insurance,820.3400000000001
2026-06-08,26.32,28.17,54.49,-1.85,34.75,BLA,Insurance,818.4900000000001
2026-06-09,125.32,48.48,173.8,76.84,29.5,BLA,Insurance,895.3300000000002
2026-06-10,31.94,18.13,50.07,13.81,27.72,BLA,Insurance,909.1400000000001
2026-06-11,23.01,14.22,37.23,8.78,24.91,BLA,Insurance,917.9200000000001
2026-06-12,51.21,27.18,78.4,24.03,31.67,BLA,Insurance,941.95
2026-06-15,42.39,23.42,65.81,18.97,26.75,BLA,Insurance,960.9200000000001
2026-06-16,33.57,10.36,43.93,23.22,28.1,BLA,Insurance,984.1400000000001
2026-06-17,13.84,9.72,23.56,4.13,28.68,BLA,Insurance,988.2700000000001
2026-06-18,25.63,38.59,64.22,-12.96,24.37,BLA,Insurance,975.3100000000001
2026-06-19,31.11,38.28,69.39,-7.16,47.55,BLA,Insurance,968.1500000000001
2026-06-22,7.0,13.69,20.69,-6.69,33.87,BLA,Insurance,961.46
2026-06-23,36.86,20.26,57.12,16.61,36.85,BLA,Insurance,978.07
2026-06-24,26.36,18.24,44.6,8.12,48.98,BLA,Insurance,986.19
2026-06-25,24.83,23.66,48.48,1.17,38.05,BLA,Insurance,987.36
2026-06-26,27.94,13.29,41.24,14.65,48.17,BLA,Insurance,1002.01
2026-06-29,10.77,20.87,31.64,-10.1,23.31,BLA,Insurance,991.91
2026-06-30,13.34,16.95,30.29,-3.61,18.83,BLA,Insurance,988.3
2026-07-01,20.23,35.41,55.64,-15.18,19.19,BLA,Insurance,973.12
2026-07-02,24.17,11.57,35.74,12.6,14.23,BLA,Insurance,985.72
2026-07-03,13.11,19.78,32.89,-6.67,21.24,BLA,Insurance,979.0500000000001
2026-07-06,26.79,12.14,38.94,14.65,18.74,BLA,Insurance,993.7
2026-07-07,12.46,6.5,18.96,5.96,17.14,BLA,Insurance,999.6600000000001
2026-07-08,34.96,15.87,50.83,19.08,29.17,BLA,Insurance,1018.7400000000001
2026-07-09,11.25,12.62,23.87,-1.37,16.93,BLA,Insurance,1017.3700000000001
2026-07-10,11.77,7.68,19.45,4.08,26.62,BLA,Insurance,1021.4500000000002
2026-07-13,16.52,6.56,23.08,9.96,20.91,BLA,Insurance,1031.41
2026-07-14,17.76,12.24,30.0,5.52,25.96,BLA,Insurance,1036.93
2026-07-15,11.01,3.69,14.7,7.32,23.19,BLA,Insurance,1044.25
2026-07-16,6.24,11.5,17.75,-5.26,20.57,BLA,Insurance,1038.99
2026-07-17,6.07,6.12,12.2,-0.05,26.65,BLA,Insurance,1038.94
2026-07-20,11.31,11.47,22.78,-0.16,35.1,BLA,Insurance,1038.78
2026-07-21,7.18,5.16,12.34,2.02,20.05,BLA,Insurance,1040.8
2026-07-22,16.5,14.12,30.62,2.37,17.34,BLA,Insurance,1043.1699999999998
2026-07-23,16.41,17.96,34.37,-1.55,44.47,BLA,Insurance,1041.62
2026-07-24,17.82,3.35,21.17,14.47,27.75,BLA,Insurance,1056.09
2026-07-27,10.18,8.66,18.84,1.52,28.99,BLA,Insurance,1057.61
2026-07-30,25.79,10.68,36.47,15.11,30.45,BLA,Insurance,1072.7199999999998
2026-07-31,38.94,29.35,68.29,9.59,55.4,BLA,Insurance,1082.3099999999997
2026-08-03,15.91,5.44,21.34,10.47,26.19,BLA,Insurance,1092.7799999999997
2026-08-04,9.19,14.35,23.54,-5.15,32.96,BLA,Insurance,1087.6299999999997
2026-08-05,2.4,12.96,15.36,-10.57,25.19,BLA,Insurance,1077.0599999999997
2026-08-06,5.7,4.97,10.66,0.73,24.11,BLA,Insurance,1077.7899999999997
2026-08-07,3.09,7.12,10.21,-4.03,50.57,BLA,Insurance,1073.7599999999998
2026-08-10,8.37,16.61,24.98,-8.24,35.39,BLA,Insurance,1065.5199999999998
2026-08-11,5.8,11.14,16.94,-5.34,35.32,BLA,Insurance,1060.1799999999998
2026-08-13,8.16,9.81,17.97,-1.65,17.54,BLA,Insurance,1058.5299999999997
2026-08-14,7.46,15.07,22.53,-7.62,20.69,BLA,Insurance,1050.9099999999999
2026-08-17,9.86,6.09,15.95,3.77,18.28,BLA,Insurance,1054.6799999999998
