date,buy_mb,sell_mb,buy_sell_mb,net_mb,nvdr_pct,symbol,sector,cumulative_net_mb
2020-01-02,26.15,48.55,74.7,-22.4,16.2,CBG,Food,-22.4
2020-01-03,39.33,69.93,109.26,-30.6,18.99,CBG,Food,-53.0
2020-01-06,86.66,40.67,127.34,45.99,30.23,CBG,Food,-7.009999999999998
2020-01-07,53.1,95.34,148.45,-42.24,27.03,CBG,Food,-49.25
2020-01-08,97.96,101.56,199.52,-3.61,23.65,CBG,Food,-52.86
2020-01-09,98.05,49.93,147.99,48.12,21.59,CBG,Food,-4.740000000000002
2020-01-10,89.35,32.41,121.76,56.94,20.92,CBG,Food,52.199999999999996
2020-01-13,72.6,43.16,115.77,29.44,25.79,CBG,Food,81.64
2020-01-14,246.15,72.93,319.08,173.22,19.9,CBG,Food,254.86
2020-01-15,145.85,73.99,219.84,71.86,23.43,CBG,Food,326.72
2020-01-16,51.85,71.91,123.76,-20.07,20.77,CBG,Food,306.65000000000003
2020-01-17,101.09,40.4,141.5,60.69,16.94,CBG,Food,367.34000000000003
2020-01-20,222.57,67.22,289.79,155.35,21.51,CBG,Food,522.69
2020-01-21,300.5,166.37,466.88,134.13,41.48,CBG,Food,656.82
2020-01-22,138.26,59.61,197.87,78.66,27.18,CBG,Food,735.48
2020-01-23,223.86,155.26,379.12,68.6,23.56,CBG,Food,804.08
2020-01-24,143.69,117.03,260.72,26.66,28.54,CBG,Food,830.74
2020-01-27,207.87,85.91,293.78,121.97,26.8,CBG,Food,952.71
2020-01-28,220.37,76.2,296.57,144.17,28.49,CBG,Food,1096.88
2020-01-29,139.14,107.52,246.66,31.62,34.02,CBG,Food,1128.5
2020-01-30,32.7,39.18,71.88,-6.49,16.07,CBG,Food,1122.01
2020-01-31,46.31,62.46,108.77,-16.15,18.9,CBG,Food,1105.86
2020-02-03,28.0,58.8,86.8,-30.8,21.52,CBG,Food,1075.06
2020-02-04,28.29,44.27,72.55,-15.98,28.61,CBG,Food,1059.08
2020-02-05,80.65,47.93,128.58,32.72,26.85,CBG,Food,1091.8
2020-02-06,29.38,63.26,92.64,-33.88,26.67,CBG,Food,1057.9199999999998
2020-02-07,33.6,86.83,120.43,-53.23,32.86,CBG,Food,1004.6899999999998
2020-02-11,36.7,34.46,71.16,2.23,26.0,CBG,Food,1006.9199999999998
2020-02-12,130.55,99.32,229.87,31.23,33.28,CBG,Food,1038.1499999999999
2020-02-13,46.2,52.45,98.65,-6.24,19.83,CBG,Food,1031.9099999999999
2020-02-14,144.9,81.52,226.43,63.38,20.74,CBG,Food,1095.29
2020-02-17,36.95,78.78,115.73,-41.83,19.5,CBG,Food,1053.46
2020-02-18,28.77,28.83,57.6,-0.06,15.97,CBG,Food,1053.4
2020-02-19,41.21,98.95,140.16,-57.74,30.3,CBG,Food,995.6600000000001
2020-02-20,61.92,85.86,147.78,-23.95,23.1,CBG,Food,971.71
2020-02-21,162.89,267.75,430.63,-104.86,20.47,CBG,Food,866.85
2020-02-24,194.79,205.65,400.44,-10.86,26.38,CBG,Food,855.99
2020-02-25,277.13,272.35,549.48,4.78,20.74,CBG,Food,860.77
2020-02-26,103.39,198.57,301.97,-95.18,22.36,CBG,Food,765.5899999999999
2020-02-27,78.65,162.29,240.94,-83.63,23.22,CBG,Food,681.9599999999999
2020-02-28,75.64,177.17,252.81,-101.53,25.62,CBG,Food,580.43
2020-03-02,89.45,114.49,203.94,-25.04,22.11,CBG,Food,555.39
2020-03-03,61.08,127.47,188.56,-66.39,16.68,CBG,Food,489.0
2020-03-04,12.47,71.56,84.03,-59.09,17.44,CBG,Food,429.90999999999997
2020-03-05,72.39,197.13,269.52,-124.75,17.67,CBG,Food,305.15999999999997
2020-03-06,44.87,84.76,129.63,-39.89,18.69,CBG,Food,265.27
2020-03-09,71.74,121.5,193.25,-49.76,23.22,CBG,Food,215.51
2020-03-10,75.52,186.01,261.53,-110.49,34.61,CBG,Food,105.02
2020-03-11,98.35,125.29,223.63,-26.94,25.99,CBG,Food,78.08
2020-03-12,137.04,159.48,296.52,-22.44,30.13,CBG,Food,55.64
2020-03-13,292.31,241.0,533.31,51.31,24.03,CBG,Food,106.95
2020-03-16,181.31,97.08,278.39,84.22,35.59,CBG,Food,191.17000000000002
2020-03-17,52.65,102.81,155.46,-50.16,23.25,CBG,Food,141.01000000000002
2020-03-18,79.06,99.78,178.84,-20.73,32.44,CBG,Food,120.28000000000002
2020-03-19,86.88,178.33,265.21,-91.45,28.62,CBG,Food,28.830000000000013
2020-03-20,116.28,157.83,274.11,-41.55,25.79,CBG,Food,-12.719999999999985
2020-03-23,188.83,69.43,258.26,119.4,25.69,CBG,Food,106.68000000000002
2020-03-24,130.07,152.87,282.94,-22.81,25.8,CBG,Food,83.87000000000002
2020-03-25,109.68,72.81,182.49,36.87,17.45,CBG,Food,120.74000000000001
2020-03-26,39.29,78.92,118.2,-39.63,16.95,CBG,Food,81.11000000000001
2020-03-27,67.04,34.96,102.0,32.09,21.68,CBG,Food,113.20000000000002
2020-03-30,58.6,25.98,84.58,32.62,28.75,CBG,Food,145.82000000000002
2020-03-31,120.69,46.81,167.5,73.89,28.94,CBG,Food,219.71000000000004
2020-04-01,22.5,75.16,97.66,-52.66,20.62,CBG,Food,167.05000000000004
2020-04-02,58.27,45.24,103.52,13.03,15.11,CBG,Food,180.08000000000004
2020-04-03,31.85,38.52,70.38,-6.67,22.23,CBG,Food,173.41000000000005
2020-04-07,104.96,107.62,212.59,-2.66,25.22,CBG,Food,170.75000000000006
2020-04-08,20.9,108.14,129.04,-87.24,27.02,CBG,Food,83.51000000000006
2020-04-09,51.82,94.08,145.9,-42.26,20.67,CBG,Food,41.250000000000064
2020-04-10,52.31,84.57,136.89,-32.26,33.39,CBG,Food,8.990000000000066
2020-04-13,21.98,36.32,58.3,-14.34,16.18,CBG,Food,-5.349999999999934
2020-04-14,47.42,61.84,109.26,-14.42,13.65,CBG,Food,-19.769999999999932
2020-04-15,20.34,31.38,51.72,-11.04,15.35,CBG,Food,-30.80999999999993
2020-04-16,34.34,32.24,66.58,2.1,14.88,CBG,Food,-28.70999999999993
2020-04-17,86.23,56.38,142.61,29.85,18.3,CBG,Food,1.1400000000000716
2020-04-20,56.53,63.84,120.36,-7.31,13.46,CBG,Food,-6.169999999999928
2020-04-21,30.44,43.16,73.6,-12.72,20.74,CBG,Food,-18.88999999999993
2020-04-22,39.69,85.63,125.32,-45.94,23.14,CBG,Food,-64.82999999999993
2020-04-23,35.41,156.55,191.96,-121.14,27.93,CBG,Food,-185.9699999999999
2020-04-24,22.78,110.39,133.17,-87.61,18.92,CBG,Food,-273.5799999999999
2020-04-27,17.9,18.03,35.93,-0.14,10.52,CBG,Food,-273.7199999999999
2020-04-28,38.57,51.5,90.06,-12.93,15.93,CBG,Food,-286.6499999999999
2020-04-29,32.99,77.4,110.39,-44.41,13.68,CBG,Food,-331.05999999999995
2020-04-30,10.01,19.93,29.94,-9.92,7.77,CBG,Food,-340.97999999999996
2020-05-05,22.86,20.14,43.01,2.72,18.16,CBG,Food,-338.25999999999993
2020-05-07,39.95,222.89,262.85,-182.94,30.58,CBG,Food,-521.1999999999999
2020-05-08,34.3,66.28,100.57,-31.98,27.33,CBG,Food,-553.18
2020-05-11,202.85,161.65,364.49,41.2,22.78,CBG,Food,-511.97999999999996
2020-05-12,175.26,121.59,296.85,53.68,28.06,CBG,Food,-458.29999999999995
2020-05-13,53.93,176.9,230.83,-122.98,26.96,CBG,Food,-581.28
2020-05-14,55.49,69.79,125.28,-14.3,17.64,CBG,Food,-595.5799999999999
2020-05-15,186.39,217.08,403.46,-30.69,12.47,CBG,Food,-626.27
2020-05-18,174.94,252.62,427.57,-77.68,21.35,CBG,Food,-703.95
2020-05-19,164.71,79.71,244.42,85.0,21.68,CBG,Food,-618.95
2020-05-20,213.94,180.18,394.13,33.76,17.37,CBG,Food,-585.19
2020-05-21,120.02,73.91,193.93,46.11,21.33,CBG,Food,-539.08
2020-05-22,164.48,151.53,316.01,12.95,22.73,CBG,Food,-526.13
2020-05-25,68.99,101.23,170.22,-32.24,18.41,CBG,Food,-558.37
2020-05-26,187.06,150.4,337.46,36.66,23.22,CBG,Food,-521.71
2020-05-27,445.16,394.06,839.23,51.1,9.44,CBG,Food,-470.61
2020-05-28,255.05,201.37,456.42,53.69,17.42,CBG,Food,-416.92
2020-05-29,206.46,105.55,312.01,100.91,22.06,CBG,Food,-316.01
2020-06-01,99.32,114.49,213.81,-15.16,19.84,CBG,Food,-331.17
2020-06-02,87.37,91.08,178.45,-3.7,15.66,CBG,Food,-334.87
2020-06-04,139.41,118.86,258.28,20.55,19.56,CBG,Food,-314.32
2020-06-05,117.83,147.01,264.84,-29.18,19.6,CBG,Food,-343.5
2020-06-08,108.05,125.09,233.14,-17.04,23.43,CBG,Food,-360.54
2020-06-09,246.32,215.77,462.09,30.55,20.5,CBG,Food,-329.99
2020-06-10,167.29,99.02,266.31,68.27,19.51,CBG,Food,-261.72
2020-06-11,115.54,85.53,201.07,30.01,23.42,CBG,Food,-231.71000000000004
2020-06-12,154.22,235.65,389.87,-81.44,17.2,CBG,Food,-313.15000000000003
2020-06-15,109.27,104.4,213.67,4.87,19.23,CBG,Food,-308.28000000000003
2020-06-16,123.93,103.46,227.4,20.47,22.3,CBG,Food,-287.81000000000006
2020-06-17,198.92,176.26,375.18,22.66,24.01,CBG,Food,-265.15000000000003
2020-06-18,43.2,170.37,213.57,-127.17,23.03,CBG,Food,-392.32000000000005
2020-06-19,174.7,224.17,398.87,-49.47,19.63,CBG,Food,-441.7900000000001
2020-06-22,63.25,88.81,152.07,-25.56,20.05,CBG,Food,-467.3500000000001
2020-06-23,76.43,71.72,148.15,4.7,22.7,CBG,Food,-462.6500000000001
2020-06-24,83.64,167.8,251.44,-84.16,24.25,CBG,Food,-546.8100000000001
2020-06-25,66.85,37.76,104.61,29.1,15.03,CBG,Food,-517.71
2020-06-26,57.48,70.53,128.0,-13.05,20.84,CBG,Food,-530.76
2020-06-29,153.36,166.71,320.07,-13.35,24.41,CBG,Food,-544.11
2020-06-30,271.94,237.57,509.51,34.37,15.59,CBG,Food,-509.74
2020-07-01,89.74,226.91,316.65,-137.17,14.35,CBG,Food,-646.91
2020-07-02,134.21,100.17,234.38,34.03,20.34,CBG,Food,-612.88
2020-07-03,98.01,97.9,195.91,0.11,12.83,CBG,Food,-612.77
2020-07-07,472.32,346.49,818.8,125.83,27.13,CBG,Food,-486.94
2020-07-08,273.83,229.66,503.49,44.18,24.68,CBG,Food,-442.76
2020-07-09,391.49,269.59,661.08,121.9,42.2,CBG,Food,-320.86
2020-07-10,90.24,97.75,187.99,-7.51,25.99,CBG,Food,-328.37
2020-07-13,127.05,71.97,199.02,55.07,20.28,CBG,Food,-273.3
2020-07-14,255.99,92.37,348.35,163.62,29.06,CBG,Food,-109.68
2020-07-15,128.71,108.44,237.15,20.27,19.37,CBG,Food,-89.41000000000001
2020-07-16,138.7,51.51,190.2,87.19,28.22,CBG,Food,-2.220000000000013
2020-07-17,257.93,99.78,357.71,158.14,26.02,CBG,Food,155.91999999999996
2020-07-20,87.08,104.05,191.13,-16.96,30.93,CBG,Food,138.95999999999995
2020-07-21,95.5,79.44,174.94,16.05,24.1,CBG,Food,155.00999999999996
2020-07-22,128.16,98.17,226.33,29.99,24.55,CBG,Food,184.99999999999997
2020-07-23,78.25,107.78,186.03,-29.53,22.7,CBG,Food,155.46999999999997
2020-07-24,88.38,70.87,159.25,17.5,14.01,CBG,Food,172.96999999999997
2020-07-29,422.63,295.45,718.07,127.18,20.38,CBG,Food,300.15
2020-07-30,105.32,179.92,285.25,-74.6,19.01,CBG,Food,225.54999999999998
2020-07-31,176.83,238.04,414.87,-61.21,27.46,CBG,Food,164.33999999999997
2020-08-03,221.65,263.09,484.74,-41.44,17.0,CBG,Food,122.89999999999998
2020-08-04,75.86,183.76,259.62,-107.89,23.38,CBG,Food,15.009999999999977
2020-08-05,99.34,115.64,214.99,-16.3,22.27,CBG,Food,-1.290000000000024
2020-08-06,66.6,86.29,152.89,-19.69,13.49,CBG,Food,-20.980000000000025
2020-08-07,90.06,90.68,180.73,-0.62,20.13,CBG,Food,-21.600000000000026
2020-08-10,403.85,166.61,570.46,237.23,17.81,CBG,Food,215.62999999999997
2020-08-11,123.16,202.14,325.31,-78.98,19.72,CBG,Food,136.64999999999998
2020-08-13,94.46,138.24,232.7,-43.77,16.66,CBG,Food,92.87999999999997
2020-08-14,112.12,90.98,203.09,21.14,16.05,CBG,Food,114.01999999999997
2020-08-17,163.25,212.91,376.16,-49.66,23.25,CBG,Food,64.35999999999997
2020-08-18,274.18,106.3,380.48,167.88,29.06,CBG,Food,232.23999999999995
2020-08-19,159.71,241.12,400.83,-81.41,29.19,CBG,Food,150.82999999999996
2020-08-20,194.03,135.76,329.78,58.27,20.01,CBG,Food,209.09999999999997
2020-08-21,68.64,72.51,141.16,-3.87,19.85,CBG,Food,205.22999999999996
2020-08-24,98.65,113.05,211.7,-14.39,25.85,CBG,Food,190.83999999999997
2020-08-25,132.99,251.01,384.0,-118.02,32.31,CBG,Food,72.81999999999998
2020-08-26,91.97,70.53,162.5,21.44,29.91,CBG,Food,94.25999999999998
2020-08-27,64.48,65.19,129.67,-0.71,18.46,CBG,Food,93.54999999999998
2020-08-28,94.01,67.24,161.24,26.77,18.67,CBG,Food,120.31999999999998
2020-08-31,98.85,46.04,144.89,52.81,27.07,CBG,Food,173.13
2020-09-01,71.23,72.81,144.04,-1.58,19.93,CBG,Food,171.54999999999998
2020-09-02,56.43,95.43,151.86,-39.01,15.0,CBG,Food,132.54
2020-09-03,70.9,95.91,166.81,-25.01,21.24,CBG,Food,107.52999999999999
2020-09-08,68.15,55.57,123.72,12.59,22.42,CBG,Food,120.11999999999999
2020-09-09,89.28,52.91,142.18,36.37,22.59,CBG,Food,156.48999999999998
2020-09-10,169.8,113.39,283.19,56.4,26.52,CBG,Food,212.89
2020-09-11,263.26,80.92,344.18,182.35,21.6,CBG,Food,395.24
2020-09-14,515.39,131.01,646.4,384.38,22.82,CBG,Food,779.62
2020-09-15,207.27,321.56,528.83,-114.28,27.37,CBG,Food,665.34
2020-09-16,78.75,135.9,214.65,-57.16,18.98,CBG,Food,608.1800000000001
2020-09-17,101.13,250.38,351.5,-149.25,30.18,CBG,Food,458.93000000000006
2020-09-18,151.16,279.13,430.29,-127.97,35.83,CBG,Food,330.96000000000004
2020-09-21,100.61,139.01,239.62,-38.4,29.38,CBG,Food,292.56000000000006
2020-09-22,168.47,201.12,369.59,-32.65,30.09,CBG,Food,259.9100000000001
2020-09-23,132.32,428.94,561.26,-296.63,29.08,CBG,Food,-36.719999999999914
2020-09-24,154.71,388.31,543.02,-233.61,28.9,CBG,Food,-270.3299999999999
2020-09-25,119.81,143.92,263.74,-24.11,23.84,CBG,Food,-294.43999999999994
2020-09-28,94.8,232.35,327.15,-137.54,30.37,CBG,Food,-431.9799999999999
2020-09-29,129.96,130.83,260.8,-0.87,29.12,CBG,Food,-432.8499999999999
2020-09-30,124.6,304.51,429.11,-179.91,31.85,CBG,Food,-612.7599999999999
2020-10-01,82.42,38.24,120.66,44.17,21.96,CBG,Food,-568.5899999999999
2020-10-02,142.04,83.31,225.35,58.72,31.56,CBG,Food,-509.8699999999999
2020-10-05,231.76,181.19,412.95,50.57,23.89,CBG,Food,-459.2999999999999
2020-10-06,74.66,276.33,350.99,-201.67,28.78,CBG,Food,-660.9699999999999
2020-10-07,212.48,207.32,419.8,5.16,27.93,CBG,Food,-655.81
2020-10-08,127.33,216.89,344.23,-89.56,29.27,CBG,Food,-745.3699999999999
2020-10-09,198.16,183.83,381.99,14.33,33.72,CBG,Food,-731.0399999999998
2020-10-12,146.92,49.88,196.8,97.04,31.52,CBG,Food,-633.9999999999999
2020-10-14,164.93,104.54,269.47,60.39,27.93,CBG,Food,-573.6099999999999
2020-10-15,141.32,109.9,251.22,31.41,29.15,CBG,Food,-542.1999999999999
2020-10-16,142.61,255.16,397.78,-112.55,26.14,CBG,Food,-654.7499999999999
2020-10-19,340.57,387.54,728.12,-46.97,28.97,CBG,Food,-701.7199999999999
2020-10-20,192.49,365.68,558.18,-173.19,23.81,CBG,Food,-874.9099999999999
2020-10-21,83.82,181.32,265.14,-97.51,28.06,CBG,Food,-972.4199999999998
2020-10-22,127.72,152.97,280.69,-25.25,37.93,CBG,Food,-997.6699999999998
2020-10-26,104.64,231.45,336.09,-126.81,29.29,CBG,Food,-1124.4799999999998
2020-10-27,107.29,211.04,318.33,-103.75,18.65,CBG,Food,-1228.2299999999998
2020-10-28,50.21,45.59,95.8,4.62,10.24,CBG,Food,-1223.61
2020-10-29,46.53,86.77,133.31,-40.24,20.79,CBG,Food,-1263.85
2020-10-30,78.29,106.48,184.77,-28.18,19.52,CBG,Food,-1292.03
2020-11-02,52.38,89.92,142.3,-37.54,23.88,CBG,Food,-1329.57
2020-11-03,50.65,104.76,155.4,-54.11,18.85,CBG,Food,-1383.6799999999998
2020-11-04,62.24,87.76,150.0,-25.53,14.92,CBG,Food,-1409.2099999999998
2020-11-05,168.37,171.15,339.51,-2.78,21.67,CBG,Food,-1411.9899999999998
2020-11-06,99.21,183.21,282.42,-83.99,24.19,CBG,Food,-1495.9799999999998
2020-11-09,209.71,186.19,395.9,23.52,24.93,CBG,Food,-1472.4599999999998
2020-11-10,225.68,279.69,505.37,-54.01,18.55,CBG,Food,-1526.4699999999998
2020-11-11,208.07,367.43,575.5,-159.36,24.48,CBG,Food,-1685.83
2020-11-12,227.37,227.82,455.19,-0.44,27.65,CBG,Food,-1686.27
2020-11-13,88.56,127.2,215.76,-38.64,25.37,CBG,Food,-1724.91
2020-11-16,60.25,131.76,192.01,-71.52,22.8,CBG,Food,-1796.43
2020-11-17,40.48,98.1,138.58,-57.62,17.23,CBG,Food,-1854.05
2020-11-18,53.5,77.35,130.84,-23.85,23.75,CBG,Food,-1877.8999999999999
2020-11-19,263.61,288.48,552.09,-24.86,16.51,CBG,Food,-1902.7599999999998
2020-11-20,231.78,179.32,411.1,52.46,22.35,CBG,Food,-1850.2999999999997
2020-11-23,185.78,178.02,363.8,7.77,15.13,CBG,Food,-1842.5299999999997
2020-11-24,202.92,170.52,373.44,32.41,18.47,CBG,Food,-1810.1199999999997
2020-11-25,129.06,188.83,317.89,-59.76,22.03,CBG,Food,-1869.8799999999997
2020-11-26,238.85,262.71,501.56,-23.87,14.25,CBG,Food,-1893.7499999999995
2020-11-27,123.94,180.76,304.7,-56.82,10.54,CBG,Food,-1950.5699999999995
2020-11-30,124.17,97.24,221.41,26.92,12.42,CBG,Food,-1923.6499999999994
2020-12-01,80.94,213.53,294.47,-132.58,16.92,CBG,Food,-2056.2299999999996
2020-12-02,105.87,87.73,193.6,18.13,15.86,CBG,Food,-2038.0999999999995
2020-12-03,140.38,137.05,277.43,3.32,23.79,CBG,Food,-2034.7799999999995
2020-12-04,82.62,113.21,195.83,-30.59,18.31,CBG,Food,-2065.3699999999994
2020-12-08,176.07,143.23,319.29,32.84,19.47,CBG,Food,-2032.5299999999995
2020-12-09,58.46,79.35,137.81,-20.89,14.46,CBG,Food,-2053.4199999999996
2020-12-14,159.41,178.05,337.46,-18.64,13.39,CBG,Food,-2072.0599999999995
2020-12-15,108.9,72.07,180.97,36.83,13.85,CBG,Food,-2035.2299999999996
2020-12-16,63.55,62.98,126.53,0.57,12.46,CBG,Food,-2034.6599999999996
2020-12-17,46.54,90.24,136.78,-43.71,16.97,CBG,Food,-2078.3699999999994
2020-12-18,143.17,83.26,226.43,59.91,23.69,CBG,Food,-2018.4599999999994
2020-12-21,217.84,287.17,505.01,-69.33,18.56,CBG,Food,-2087.7899999999995
2020-12-22,108.56,213.94,322.5,-105.39,21.08,CBG,Food,-2193.1799999999994
2020-12-23,66.34,155.13,221.48,-88.79,14.97,CBG,Food,-2281.9699999999993
2020-12-24,42.26,51.56,93.82,-9.3,17.57,CBG,Food,-2291.2699999999995
2020-12-25,46.15,46.92,93.06,-0.77,14.06,CBG,Food,-2292.0399999999995
2020-12-28,210.49,97.89,308.39,112.6,25.06,CBG,Food,-2179.4399999999996
2020-12-29,476.27,239.84,716.11,236.44,20.04,CBG,Food,-1942.9999999999995
2020-12-30,136.81,117.54,254.34,19.27,19.08,CBG,Food,-1923.7299999999996
2021-01-04,57.27,51.04,108.31,6.22,17.47,CBG,Food,-1917.5099999999995
2021-01-05,32.85,54.69,87.54,-21.84,10.73,CBG,Food,-1939.3499999999995
2021-01-06,77.64,98.1,175.74,-20.46,20.24,CBG,Food,-1959.8099999999995
2021-01-07,43.1,58.36,101.46,-15.27,17.62,CBG,Food,-1975.0799999999995
2021-01-08,52.27,67.15,119.43,-14.88,16.57,CBG,Food,-1989.9599999999996
2021-01-11,91.48,58.08,149.55,33.4,21.64,CBG,Food,-1956.5599999999995
2021-01-12,24.44,33.15,57.6,-8.71,15.12,CBG,Food,-1965.2699999999995
2021-01-13,160.35,146.41,306.77,13.94,13.34,CBG,Food,-1951.3299999999995
2021-01-14,160.67,224.67,385.34,-64.0,8.48,CBG,Food,-2015.3299999999995
2021-01-15,52.45,99.7,152.15,-47.26,12.38,CBG,Food,-2062.5899999999997
2021-01-18,214.34,148.28,362.61,66.06,7.87,CBG,Food,-1996.5299999999997
2021-01-19,414.55,243.71,658.26,170.83,11.1,CBG,Food,-1825.6999999999998
2021-01-20,517.09,355.52,872.61,161.57,14.53,CBG,Food,-1664.1299999999999
2021-01-21,504.12,491.47,995.59,12.65,12.97,CBG,Food,-1651.4799999999998
2021-01-22,391.41,107.3,498.71,284.12,16.08,CBG,Food,-1367.3599999999997
2021-01-25,421.35,273.57,694.92,147.78,13.72,CBG,Food,-1219.5799999999997
2021-01-26,363.1,312.07,675.16,51.03,12.15,CBG,Food,-1168.5499999999997
2021-01-27,363.73,225.2,588.93,138.53,19.29,CBG,Food,-1030.0199999999998
2021-01-28,330.43,243.91,574.34,86.52,16.01,CBG,Food,-943.4999999999998
2021-01-29,344.44,110.16,454.6,234.28,20.32,CBG,Food,-709.2199999999998
2021-02-01,336.35,190.32,526.68,146.03,12.42,CBG,Food,-563.1899999999998
2021-02-02,372.37,262.52,634.9,109.85,21.49,CBG,Food,-453.3399999999998
2021-02-03,289.05,365.76,654.81,-76.71,22.29,CBG,Food,-530.0499999999998
2021-02-04,181.6,140.05,321.65,41.56,17.84,CBG,Food,-488.48999999999984
2021-02-05,169.06,188.21,357.26,-19.15,18.07,CBG,Food,-507.6399999999998
2021-02-08,357.23,260.81,618.03,96.42,13.87,CBG,Food,-411.2199999999998
2021-02-09,256.74,201.78,458.52,54.96,17.41,CBG,Food,-356.2599999999998
2021-02-10,128.79,116.79,245.59,12.0,15.31,CBG,Food,-344.2599999999998
2021-02-11,185.11,197.69,382.8,-12.59,21.73,CBG,Food,-356.8499999999998
2021-02-15,336.59,194.01,530.61,142.58,19.35,CBG,Food,-214.26999999999978
2021-02-16,249.57,490.17,739.73,-240.6,15.93,CBG,Food,-454.8699999999998
2021-02-17,232.48,267.89,500.38,-35.41,19.06,CBG,Food,-490.27999999999975
2021-02-18,485.03,359.21,844.24,125.83,15.78,CBG,Food,-364.44999999999976
2021-02-19,221.0,324.99,545.99,-103.99,15.93,CBG,Food,-468.43999999999977
2021-02-22,216.4,422.99,639.39,-206.58,15.17,CBG,Food,-675.0199999999998
2021-02-23,152.28,200.28,352.56,-48.0,15.23,CBG,Food,-723.0199999999998
2021-02-24,183.63,305.82,489.45,-122.2,20.67,CBG,Food,-845.2199999999998
2021-02-25,479.02,200.41,679.43,278.61,23.96,CBG,Food,-566.6099999999998
2021-03-01,183.26,284.2,467.45,-100.94,31.38,CBG,Food,-667.5499999999997
2021-03-02,94.56,255.04,349.6,-160.48,27.8,CBG,Food,-828.0299999999997
2021-03-03,345.1,146.94,492.04,198.16,16.5,CBG,Food,-629.8699999999998
2021-03-04,154.72,421.97,576.69,-267.24,32.13,CBG,Food,-897.1099999999998
2021-03-05,241.02,205.42,446.44,35.61,35.26,CBG,Food,-861.4999999999998
2021-03-08,107.76,201.26,309.03,-93.5,27.19,CBG,Food,-954.9999999999998
2021-03-09,79.22,111.61,190.83,-32.39,28.78,CBG,Food,-987.3899999999998
2021-03-10,315.1,229.32,544.42,85.78,18.42,CBG,Food,-901.6099999999998
2021-03-11,806.46,381.66,1188.12,424.81,23.54,CBG,Food,-476.7999999999998
2021-03-12,138.77,81.54,220.31,57.23,15.85,CBG,Food,-419.56999999999977
2021-03-15,193.98,214.86,408.84,-20.87,13.87,CBG,Food,-440.43999999999977
2021-03-16,168.57,124.04,292.61,44.54,23.22,CBG,Food,-395.89999999999975
2021-03-17,199.45,91.3,290.75,108.16,19.7,CBG,Food,-287.7399999999998
2021-03-18,149.76,137.8,287.56,11.96,20.3,CBG,Food,-275.7799999999998
2021-03-19,211.8,207.85,419.65,3.96,29.36,CBG,Food,-271.8199999999998
2021-03-22,139.87,175.87,315.74,-36.0,24.68,CBG,Food,-307.8199999999998
2021-03-23,120.11,96.86,216.98,23.25,29.23,CBG,Food,-284.5699999999998
2021-03-24,114.5,92.83,207.33,21.67,20.4,CBG,Food,-262.8999999999998
2021-03-25,103.14,283.86,387.0,-180.73,27.33,CBG,Food,-443.62999999999977
2021-03-26,143.48,150.22,293.69,-6.74,23.68,CBG,Food,-450.3699999999998
2021-03-29,174.18,286.76,460.93,-112.58,24.78,CBG,Food,-562.9499999999998
2021-03-30,443.87,303.4,747.26,140.47,30.46,CBG,Food,-422.4799999999998
2021-03-31,535.8,286.17,821.98,249.63,28.15,CBG,Food,-172.8499999999998
2021-04-01,201.79,116.4,318.2,85.39,20.99,CBG,Food,-87.4599999999998
2021-04-02,92.74,137.6,230.34,-44.85,16.23,CBG,Food,-132.3099999999998
2021-04-05,70.91,101.94,172.85,-31.02,16.95,CBG,Food,-163.3299999999998
2021-04-07,285.69,159.23,444.92,126.46,28.43,CBG,Food,-36.86999999999982
2021-04-08,261.3,114.73,376.03,146.56,32.54,CBG,Food,109.69000000000018
2021-04-09,152.72,129.87,282.59,22.84,29.88,CBG,Food,132.53000000000017
2021-04-12,90.96,135.31,226.28,-44.35,26.17,CBG,Food,88.18000000000018
2021-04-16,189.05,277.61,466.66,-88.55,36.01,CBG,Food,-0.3699999999998198
2021-04-19,141.35,193.92,335.28,-52.57,27.76,CBG,Food,-52.93999999999982
2021-04-20,120.49,285.0,405.49,-164.5,35.81,CBG,Food,-217.43999999999983
2021-04-21,148.77,188.93,337.71,-40.16,21.29,CBG,Food,-257.5999999999998
2021-04-22,248.48,220.7,469.18,27.78,17.89,CBG,Food,-229.8199999999998
2021-04-23,476.79,137.94,614.73,338.85,20.79,CBG,Food,109.03000000000023
2021-04-26,286.81,114.66,401.47,172.15,30.45,CBG,Food,281.18000000000023
2021-04-27,319.91,131.16,451.07,188.76,22.6,CBG,Food,469.9400000000002
2021-04-28,410.9,617.65,1028.54,-206.75,39.04,CBG,Food,263.1900000000002
2021-04-29,244.63,484.67,729.3,-240.05,31.82,CBG,Food,23.140000000000214
2021-04-30,196.06,292.61,488.66,-96.55,29.99,CBG,Food,-73.40999999999978
2021-05-05,286.54,374.0,660.54,-87.45,29.27,CBG,Food,-160.8599999999998
2021-05-06,181.52,275.91,457.42,-94.39,27.67,CBG,Food,-255.24999999999977
2021-05-07,139.02,255.62,394.65,-116.6,29.65,CBG,Food,-371.8499999999998
2021-05-10,189.13,222.82,411.96,-33.69,34.38,CBG,Food,-405.5399999999998
2021-05-11,154.68,125.42,280.1,29.27,35.65,CBG,Food,-376.2699999999998
2021-05-12,695.27,1057.77,1753.04,-362.5,26.19,CBG,Food,-738.7699999999998
2021-05-13,334.08,573.55,907.63,-239.47,25.87,CBG,Food,-978.2399999999998
2021-05-14,183.59,162.41,345.99,21.18,26.31,CBG,Food,-957.0599999999998
2021-05-17,509.67,555.24,1064.91,-45.56,13.42,CBG,Food,-1002.6199999999999
2021-05-18,479.65,447.59,927.24,32.06,21.26,CBG,Food,-970.56
2021-05-19,274.8,199.56,474.36,75.24,22.88,CBG,Food,-895.3199999999999
2021-05-20,311.76,209.25,521.01,102.5,27.26,CBG,Food,-792.8199999999999
2021-05-21,303.94,171.76,475.7,132.19,23.98,CBG,Food,-660.6299999999999
2021-05-24,305.76,153.72,459.47,152.04,18.84,CBG,Food,-508.5899999999999
2021-05-25,381.33,198.11,579.44,183.22,21.3,CBG,Food,-325.3699999999999
2021-05-27,3047.03,2630.12,5677.15,416.92,52.52,CBG,Food,91.55000000000013
2021-05-28,1067.73,579.6,1647.32,488.13,28.71,CBG,Food,579.6800000000001
2021-05-31,144.31,119.74,264.05,24.57,28.33,CBG,Food,604.2500000000001
2021-06-01,194.61,218.57,413.18,-23.96,26.63,CBG,Food,580.2900000000001
2021-06-02,315.88,323.93,639.8,-8.05,28.94,CBG,Food,572.2400000000001
2021-06-04,185.42,110.9,296.32,74.51,31.41,CBG,Food,646.7500000000001
2021-06-07,119.89,71.78,191.66,48.11,23.29,CBG,Food,694.8600000000001
2021-06-08,94.58,135.51,230.09,-40.93,18.27,CBG,Food,653.9300000000002
2021-06-09,142.09,57.78,199.87,84.31,23.31,CBG,Food,738.2400000000002
2021-06-10,97.4,60.4,157.8,37.0,17.21,CBG,Food,775.2400000000002
2021-06-11,147.73,144.8,292.53,2.92,27.84,CBG,Food,778.1600000000002
2021-06-14,166.75,86.85,253.6,79.91,21.45,CBG,Food,858.0700000000002
2021-06-15,138.46,94.03,232.5,44.43,30.73,CBG,Food,902.5000000000001
2021-06-16,441.95,184.43,626.39,257.52,21.37,CBG,Food,1160.02
2021-06-17,187.83,238.28,426.11,-50.45,22.31,CBG,Food,1109.57
2021-06-18,489.24,404.85,894.09,84.38,26.26,CBG,Food,1193.9499999999998
2021-06-21,211.38,102.39,313.77,108.99,28.84,CBG,Food,1302.9399999999998
2021-06-22,426.6,216.48,643.09,210.12,24.31,CBG,Food,1513.06
2021-06-23,193.48,159.48,352.95,34.0,28.7,CBG,Food,1547.06
2021-06-24,138.83,121.92,260.75,16.91,22.26,CBG,Food,1563.97
2021-06-25,147.86,76.76,224.63,71.1,38.97,CBG,Food,1635.07
2021-06-28,226.8,115.07,341.87,111.73,30.81,CBG,Food,1746.8
2021-06-29,414.22,292.69,706.91,121.52,30.48,CBG,Food,1868.32
2021-06-30,143.35,269.19,412.53,-125.84,25.87,CBG,Food,1742.48
2021-07-01,176.65,131.96,308.6,44.69,27.9,CBG,Food,1787.17
2021-07-02,309.4,170.41,479.81,138.99,32.45,CBG,Food,1926.16
2021-07-05,161.15,72.37,233.53,88.78,20.48,CBG,Food,2014.94
2021-07-06,785.62,418.75,1204.37,366.87,19.56,CBG,Food,2381.81
2021-07-07,379.27,200.78,580.05,178.5,26.05,CBG,Food,2560.31
2021-07-08,315.54,165.44,480.97,150.1,25.74,CBG,Food,2710.41
2021-07-09,213.15,216.46,429.61,-3.32,25.64,CBG,Food,2707.0899999999997
2021-07-12,215.47,301.41,516.87,-85.94,20.86,CBG,Food,2621.1499999999996
2021-07-13,278.5,656.47,934.97,-377.97,30.34,CBG,Food,2243.1799999999994
2021-07-14,488.31,235.31,723.61,253.0,29.33,CBG,Food,2496.1799999999994
2021-07-15,170.25,207.1,377.35,-36.85,29.03,CBG,Food,2459.3299999999995
2021-07-16,102.36,108.16,210.52,-5.8,22.6,CBG,Food,2453.5299999999993
2021-07-19,300.58,48.59,349.16,251.99,26.27,CBG,Food,2705.5199999999995
2021-07-20,357.58,97.96,455.54,259.63,33.44,CBG,Food,2965.1499999999996
2021-07-21,186.63,142.49,329.13,44.14,41.57,CBG,Food,3009.2899999999995
2021-07-22,61.54,187.83,249.36,-126.29,26.97,CBG,Food,2882.9999999999995
2021-07-23,171.57,238.04,409.61,-66.47,23.44,CBG,Food,2816.5299999999997
2021-07-27,124.51,158.31,282.82,-33.8,27.83,CBG,Food,2782.7299999999996
2021-07-29,245.27,188.37,433.65,56.9,25.12,CBG,Food,2839.6299999999997
2021-07-30,456.04,134.25,590.29,321.79,36.39,CBG,Food,3161.4199999999996
2021-08-02,228.76,111.26,340.01,117.5,33.19,CBG,Food,3278.9199999999996
2021-08-03,170.75,226.56,397.3,-55.81,34.64,CBG,Food,3223.1099999999997
2021-08-04,161.54,169.66,331.2,-8.12,20.52,CBG,Food,3214.99
2021-08-05,413.25,214.4,627.66,198.85,32.07,CBG,Food,3413.8399999999997
2021-08-06,234.37,174.55,408.92,59.82,34.8,CBG,Food,3473.66
2021-08-09,198.59,214.84,413.43,-16.25,30.46,CBG,Food,3457.41
2021-08-10,142.52,192.19,334.71,-49.67,27.05,CBG,Food,3407.74
2021-08-11,93.95,221.61,315.56,-127.67,36.64,CBG,Food,3280.0699999999997
2021-08-13,95.4,114.49,209.89,-19.08,23.68,CBG,Food,3260.99
2021-08-16,496.34,781.98,1278.33,-285.64,22.3,CBG,Food,2975.35
2021-08-17,247.9,213.74,461.64,34.16,24.95,CBG,Food,3009.5099999999998
2021-08-18,233.6,224.0,457.6,9.59,28.31,CBG,Food,3019.1
2021-08-19,355.62,298.86,654.48,56.76,21.61,CBG,Food,3075.86
2021-08-20,162.66,249.06,411.72,-86.41,22.89,CBG,Food,2989.4500000000003
2021-08-23,253.11,247.53,500.63,5.58,29.85,CBG,Food,2995.03
2021-08-24,265.12,770.2,1035.33,-505.08,29.94,CBG,Food,2489.9500000000003
2021-08-25,233.64,636.79,870.44,-403.15,22.82,CBG,Food,2086.8
2021-08-26,221.89,378.69,600.58,-156.8,28.49,CBG,Food,1930.0000000000002
2021-08-27,136.94,205.88,342.82,-68.95,29.36,CBG,Food,1861.0500000000002
2021-08-30,149.63,241.9,391.53,-92.27,24.92,CBG,Food,1768.7800000000002
2021-08-31,337.91,311.69,649.6,26.22,31.12,CBG,Food,1795.0000000000002
2021-09-01,157.98,306.2,464.18,-148.22,21.4,CBG,Food,1646.7800000000002
2021-09-02,217.02,113.34,330.36,103.67,21.55,CBG,Food,1750.4500000000003
2021-09-03,74.76,83.04,157.81,-8.28,28.01,CBG,Food,1742.1700000000003
2021-09-06,136.16,176.53,312.69,-40.37,18.84,CBG,Food,1701.8000000000004
2021-09-07,531.96,266.99,798.95,264.96,18.57,CBG,Food,1966.7600000000004
2021-09-08,121.75,181.55,303.3,-59.81,27.82,CBG,Food,1906.9500000000005
2021-09-09,146.23,313.85,460.07,-167.62,32.57,CBG,Food,1739.3300000000004
2021-09-10,138.13,151.14,289.27,-13.01,27.2,CBG,Food,1726.3200000000004
2021-09-13,100.0,180.54,280.54,-80.54,23.01,CBG,Food,1645.7800000000004
2021-09-14,193.78,145.11,338.89,48.67,23.85,CBG,Food,1694.4500000000005
2021-09-15,101.47,129.68,231.15,-28.2,24.84,CBG,Food,1666.2500000000005
2021-09-16,52.26,62.05,114.31,-9.79,21.29,CBG,Food,1656.4600000000005
2021-09-17,139.34,172.53,311.88,-33.19,38.51,CBG,Food,1623.2700000000004
2021-09-20,125.34,110.27,235.61,15.08,23.86,CBG,Food,1638.3500000000004
2021-09-21,296.61,321.1,617.71,-24.49,52.19,CBG,Food,1613.8600000000004
2021-09-22,165.23,69.1,234.33,96.13,33.65,CBG,Food,1709.9900000000002
2021-09-23,121.02,253.42,374.44,-132.4,43.84,CBG,Food,1577.5900000000001
2021-09-27,134.05,201.57,335.62,-67.52,39.49,CBG,Food,1510.0700000000002
2021-09-28,293.82,153.91,447.73,139.92,36.17,CBG,Food,1649.9900000000002
2021-09-29,155.72,151.28,306.99,4.44,32.06,CBG,Food,1654.4300000000003
2021-09-30,500.21,335.19,835.4,165.02,29.86,CBG,Food,1819.4500000000003
2021-10-01,534.1,217.37,751.47,316.73,40.84,CBG,Food,2136.1800000000003
2021-10-04,377.14,221.18,598.32,155.97,37.45,CBG,Food,2292.15
2021-10-05,208.22,332.29,540.51,-124.07,33.99,CBG,Food,2168.08
2021-10-06,199.24,283.0,482.24,-83.77,36.51,CBG,Food,2084.31
2021-10-07,216.09,525.37,741.46,-309.28,30.7,CBG,Food,1775.03
2021-10-08,121.16,548.43,669.59,-427.28,25.86,CBG,Food,1347.75
2021-10-11,84.28,239.14,323.42,-154.85,27.09,CBG,Food,1192.9
2021-10-12,156.71,167.28,323.98,-10.57,28.95,CBG,Food,1182.3300000000002
2021-10-14,142.27,142.51,284.77,-0.24,21.7,CBG,Food,1182.0900000000001
2021-10-15,167.68,185.38,353.06,-17.7,32.8,CBG,Food,1164.39
2021-10-18,245.5,158.24,403.74,87.26,23.82,CBG,Food,1251.65
2021-10-19,181.26,93.42,274.68,87.84,32.82,CBG,Food,1339.49
2021-10-20,103.67,48.37,152.04,55.3,25.07,CBG,Food,1394.79
2021-10-21,88.98,86.02,175.0,2.96,25.36,CBG,Food,1397.75
2021-10-25,220.89,196.16,417.06,24.73,27.35,CBG,Food,1422.48
2021-10-26,57.72,103.45,161.17,-45.73,23.38,CBG,Food,1376.75
2021-10-27,45.17,119.15,164.32,-73.97,19.33,CBG,Food,1302.78
2021-10-28,445.49,316.19,761.68,129.3,19.12,CBG,Food,1432.08
2021-10-29,117.62,317.67,435.29,-200.06,19.8,CBG,Food,1232.02
2021-11-01,188.66,185.41,374.07,3.25,19.68,CBG,Food,1235.27
2021-11-02,107.23,229.63,336.86,-122.4,23.07,CBG,Food,1112.87
2021-11-03,138.15,129.38,267.53,8.77,25.11,CBG,Food,1121.6399999999999
2021-11-04,341.25,261.44,602.69,79.82,18.7,CBG,Food,1201.4599999999998
2021-11-05,215.71,240.99,456.7,-25.28,21.94,CBG,Food,1176.1799999999998
2021-11-08,136.26,196.0,332.26,-59.74,24.05,CBG,Food,1116.4399999999998
2021-11-09,257.83,250.72,508.55,7.11,43.49,CBG,Food,1123.5499999999997
2021-11-10,164.14,99.84,263.97,64.3,22.69,CBG,Food,1187.8499999999997
2021-11-11,301.15,101.04,402.18,200.11,21.01,CBG,Food,1387.9599999999996
2021-11-12,454.95,211.18,666.12,243.77,28.15,CBG,Food,1631.7299999999996
2021-11-15,272.37,520.47,792.84,-248.1,17.46,CBG,Food,1383.6299999999997
2021-11-16,381.85,150.39,532.24,231.46,18.35,CBG,Food,1615.0899999999997
2021-11-17,80.88,143.68,224.56,-62.79,12.3,CBG,Food,1552.2999999999997
2021-11-18,449.76,358.89,808.64,90.87,17.54,CBG,Food,1643.1699999999996
2021-11-19,237.62,271.06,508.68,-33.44,16.65,CBG,Food,1609.7299999999996
2021-11-22,254.97,404.72,659.69,-149.75,25.7,CBG,Food,1459.9799999999996
2021-11-23,99.27,230.99,330.27,-131.72,25.87,CBG,Food,1328.2599999999995
2021-11-24,113.04,173.23,286.27,-60.19,23.75,CBG,Food,1268.0699999999995
2021-11-25,104.42,95.97,200.39,8.46,28.27,CBG,Food,1276.5299999999995
2021-11-26,224.29,190.07,414.36,34.22,31.5,CBG,Food,1310.7499999999995
2021-11-29,327.87,301.02,628.88,26.85,27.37,CBG,Food,1337.5999999999995
2021-11-30,176.32,415.47,591.79,-239.15,28.13,CBG,Food,1098.4499999999994
2021-12-01,124.06,215.85,339.91,-91.79,23.07,CBG,Food,1006.6599999999994
2021-12-02,90.46,144.92,235.38,-54.47,23.82,CBG,Food,952.1899999999994
2021-12-03,100.37,90.99,191.36,9.38,25.8,CBG,Food,961.5699999999994
2021-12-07,132.74,193.25,325.99,-60.51,25.09,CBG,Food,901.0599999999994
2021-12-08,71.8,48.44,120.24,23.37,17.55,CBG,Food,924.4299999999994
2021-12-09,34.56,56.26,90.82,-21.7,29.53,CBG,Food,902.7299999999993
2021-12-13,133.21,90.95,224.16,42.25,28.64,CBG,Food,944.9799999999993
2021-12-14,95.44,67.89,163.33,27.55,20.82,CBG,Food,972.5299999999993
2021-12-15,77.7,105.56,183.27,-27.86,26.75,CBG,Food,944.6699999999993
2021-12-16,269.63,99.16,368.79,170.48,31.84,CBG,Food,1115.1499999999992
2021-12-17,268.75,186.16,454.9,82.59,15.95,CBG,Food,1197.739999999999
2021-12-20,73.78,184.46,258.24,-110.68,20.28,CBG,Food,1087.059999999999
2021-12-21,236.12,179.49,415.61,56.63,19.05,CBG,Food,1143.6899999999991
2021-12-22,66.23,98.49,164.72,-32.26,16.77,CBG,Food,1111.4299999999992
2021-12-23,59.88,75.0,134.88,-15.12,20.12,CBG,Food,1096.3099999999993
2021-12-24,108.53,61.57,170.1,46.96,22.46,CBG,Food,1143.2699999999993
2021-12-27,89.97,50.51,140.48,39.46,17.46,CBG,Food,1182.7299999999993
2021-12-28,121.01,59.71,180.72,61.29,14.76,CBG,Food,1244.0199999999993
2021-12-29,286.21,77.39,363.6,208.83,32.06,CBG,Food,1452.8499999999992
2021-12-30,452.67,244.85,697.53,207.82,36.71,CBG,Food,1660.6699999999992
2022-01-04,189.03,173.31,362.35,15.72,25.39,CBG,Food,1676.3899999999992
2022-01-05,278.08,251.49,529.57,26.59,26.29,CBG,Food,1702.979999999999
2022-01-06,144.14,178.07,322.21,-33.93,18.87,CBG,Food,1669.049999999999
2022-01-07,125.6,143.24,268.85,-17.64,20.48,CBG,Food,1651.409999999999
2022-01-10,270.77,121.1,391.88,149.67,28.0,CBG,Food,1801.079999999999
2022-01-11,201.8,107.97,309.77,93.82,23.53,CBG,Food,1894.899999999999
2022-01-12,207.06,89.61,296.66,117.45,30.78,CBG,Food,2012.349999999999
2022-01-13,89.56,138.83,228.4,-49.27,16.6,CBG,Food,1963.079999999999
2022-01-14,51.06,106.78,157.83,-55.72,15.74,CBG,Food,1907.359999999999
2022-01-17,55.54,76.4,131.95,-20.86,11.4,CBG,Food,1886.499999999999
2022-01-18,69.12,247.02,316.14,-177.9,26.41,CBG,Food,1708.599999999999
2022-01-19,124.59,259.09,383.69,-134.5,28.45,CBG,Food,1574.099999999999
2022-01-20,29.95,14.61,44.56,15.35,16.39,CBG,Food,1589.449999999999
2022-01-21,132.18,118.94,251.12,13.24,18.39,CBG,Food,1602.689999999999
2022-01-24,204.06,90.82,294.88,113.24,26.27,CBG,Food,1715.929999999999
2022-01-25,415.25,350.73,765.98,64.52,39.65,CBG,Food,1780.449999999999
2022-01-26,418.8,706.67,1125.48,-287.87,29.89,CBG,Food,1492.579999999999
2022-01-27,223.5,206.2,429.7,17.3,29.63,CBG,Food,1509.879999999999
2022-01-28,122.47,209.38,331.85,-86.91,31.06,CBG,Food,1422.969999999999
2022-01-31,39.4,100.63,140.03,-61.23,27.27,CBG,Food,1361.7399999999989
2022-02-01,97.87,108.7,206.57,-10.83,34.9,CBG,Food,1350.909999999999
2022-02-02,88.51,110.19,198.69,-21.68,24.47,CBG,Food,1329.2299999999989
2022-02-03,31.98,79.69,111.67,-47.71,19.55,CBG,Food,1281.5199999999988
2022-02-04,168.48,221.85,390.33,-53.37,27.75,CBG,Food,1228.149999999999
2022-02-07,123.19,139.04,262.23,-15.85,22.99,CBG,Food,1212.299999999999
2022-02-08,296.19,107.92,404.11,188.26,29.38,CBG,Food,1400.559999999999
2022-02-09,309.06,157.67,466.73,151.39,28.74,CBG,Food,1551.949999999999
2022-02-10,307.14,167.91,475.05,139.23,26.24,CBG,Food,1691.179999999999
2022-02-11,297.24,341.82,639.06,-44.57,22.57,CBG,Food,1646.609999999999
2022-02-14,230.55,166.05,396.6,64.5,26.41,CBG,Food,1711.109999999999
2022-02-15,258.17,118.48,376.65,139.7,27.31,CBG,Food,1850.809999999999
2022-02-17,329.26,227.07,556.33,102.19,30.54,CBG,Food,1952.999999999999
2022-02-18,152.77,95.68,248.44,57.09,21.53,CBG,Food,2010.089999999999
2022-02-21,198.49,136.39,334.88,62.1,29.34,CBG,Food,2072.189999999999
2022-02-22,172.66,180.87,353.53,-8.22,33.24,CBG,Food,2063.9699999999993
2022-02-23,194.42,123.6,318.02,70.83,37.65,CBG,Food,2134.7999999999993
2022-02-24,115.65,111.08,226.74,4.57,23.07,CBG,Food,2139.3699999999994
2022-02-25,298.65,198.89,497.53,99.76,20.53,CBG,Food,2239.1299999999997
2022-02-28,202.38,208.8,411.17,-6.42,34.5,CBG,Food,2232.7099999999996
2022-03-01,278.35,172.3,450.65,106.04,21.48,CBG,Food,2338.7499999999995
2022-03-02,142.1,170.93,313.03,-28.83,30.99,CBG,Food,2309.9199999999996
2022-03-03,92.19,177.8,269.99,-85.61,23.45,CBG,Food,2224.3099999999995
2022-03-04,70.37,108.3,178.67,-37.94,25.58,CBG,Food,2186.3699999999994
2022-03-07,196.2,171.64,367.85,24.56,26.71,CBG,Food,2210.9299999999994
2022-03-08,321.04,270.53,591.57,50.51,30.93,CBG,Food,2261.4399999999996
2022-03-09,140.7,222.53,363.23,-81.83,25.97,CBG,Food,2179.6099999999997
2022-03-10,283.45,193.87,477.32,89.59,29.76,CBG,Food,2269.2
2022-03-11,188.89,152.11,341.0,36.78,25.93,CBG,Food,2305.98
2022-03-14,130.55,160.67,291.22,-30.12,37.42,CBG,Food,2275.86
2022-03-15,218.27,200.07,418.34,18.2,30.76,CBG,Food,2294.06
2022-03-16,274.72,124.99,399.71,149.73,28.03,CBG,Food,2443.79
2022-03-17,216.02,73.77,289.79,142.24,29.18,CBG,Food,2586.0299999999997
2022-03-18,136.01,127.88,263.89,8.13,29.03,CBG,Food,2594.16
2022-03-21,166.13,79.48,245.61,86.66,28.09,CBG,Food,2680.8199999999997
2022-03-22,54.6,58.07,112.67,-3.48,27.65,CBG,Food,2677.3399999999997
2022-03-23,103.25,71.04,174.3,32.21,25.03,CBG,Food,2709.5499999999997
2022-03-24,97.49,74.98,172.47,22.51,17.74,CBG,Food,2732.06
2022-03-25,135.6,103.37,238.97,32.23,17.91,CBG,Food,2764.29
2022-03-28,180.66,120.47,301.13,60.19,30.76,CBG,Food,2824.48
2022-03-29,82.77,56.68,139.45,26.09,23.8,CBG,Food,2850.57
2022-03-30,609.07,230.02,839.09,379.05,32.75,CBG,Food,3229.6200000000003
2022-03-31,109.97,117.77,227.73,-7.8,23.72,CBG,Food,3221.82
2022-04-01,36.47,83.54,120.01,-47.07,19.0,CBG,Food,3174.75
2022-04-04,69.35,96.85,166.2,-27.51,21.39,CBG,Food,3147.24
2022-04-05,43.44,52.48,95.92,-9.04,32.2,CBG,Food,3138.2
2022-04-07,59.54,109.34,168.88,-49.79,27.83,CBG,Food,3088.41
2022-04-08,244.93,425.3,670.23,-180.37,29.08,CBG,Food,2908.04
2022-04-11,126.01,159.11,285.11,-33.1,27.81,CBG,Food,2874.94
2022-04-12,75.09,78.18,153.27,-3.08,19.21,CBG,Food,2871.86
2022-04-18,44.52,10.69,55.22,33.83,23.82,CBG,Food,2905.69
2022-04-19,126.81,125.8,252.61,1.01,42.73,CBG,Food,2906.7000000000003
2022-04-20,113.13,92.33,205.46,20.8,23.99,CBG,Food,2927.5000000000005
2022-04-21,228.06,163.58,391.65,64.48,23.44,CBG,Food,2991.9800000000005
2022-04-22,148.83,428.27,577.11,-279.44,24.86,CBG,Food,2712.5400000000004
2022-04-25,157.82,187.32,345.14,-29.5,20.68,CBG,Food,2683.0400000000004
2022-04-26,342.36,288.89,631.25,53.47,26.09,CBG,Food,2736.51
2022-04-27,112.34,159.65,271.99,-47.31,22.26,CBG,Food,2689.2000000000003
2022-04-28,121.55,204.08,325.63,-82.53,18.14,CBG,Food,2606.67
2022-04-29,131.84,113.42,245.26,18.42,37.11,CBG,Food,2625.09
2022-05-03,92.34,100.37,192.71,-8.02,25.05,CBG,Food,2617.07
2022-05-05,231.35,79.49,310.84,151.86,32.37,CBG,Food,2768.9300000000003
2022-05-06,197.29,181.27,378.56,16.02,35.65,CBG,Food,2784.9500000000003
2022-05-09,148.74,123.82,272.56,24.92,32.55,CBG,Food,2809.8700000000003
2022-05-10,150.19,177.79,327.98,-27.59,38.04,CBG,Food,2782.28
2022-05-11,161.25,121.97,283.22,39.29,29.43,CBG,Food,2821.57
2022-05-12,143.39,207.71,351.1,-64.31,32.59,CBG,Food,2757.26
2022-05-13,225.48,231.8,457.28,-6.32,29.14,CBG,Food,2750.94
2022-05-17,175.79,304.43,480.22,-128.65,34.19,CBG,Food,2622.29
2022-05-18,104.49,129.79,234.28,-25.3,32.64,CBG,Food,2596.99
2022-05-19,100.69,120.81,221.51,-20.12,29.63,CBG,Food,2576.87
2022-05-20,277.46,354.92,632.38,-77.46,23.04,CBG,Food,2499.41
2022-05-23,212.87,160.35,373.22,52.52,32.8,CBG,Food,2551.93
2022-05-24,301.62,226.27,527.89,75.34,33.48,CBG,Food,2627.27
2022-05-25,152.91,106.33,259.24,46.59,35.2,CBG,Food,2673.86
2022-05-26,197.98,156.85,354.84,41.13,34.33,CBG,Food,2714.9900000000002
2022-05-27,268.43,157.29,425.72,111.14,27.83,CBG,Food,2826.13
2022-05-30,199.63,101.8,301.43,97.83,25.71,CBG,Food,2923.96
2022-05-31,216.61,143.73,360.34,72.88,38.66,CBG,Food,2996.84
2022-06-01,344.4,433.18,777.58,-88.77,34.51,CBG,Food,2908.07
2022-06-02,81.86,134.65,216.51,-52.79,42.21,CBG,Food,2855.28
2022-06-06,92.32,112.96,205.28,-20.64,37.53,CBG,Food,2834.6400000000003
2022-06-07,170.66,166.87,337.52,3.79,30.63,CBG,Food,2838.4300000000003
2022-06-08,99.66,87.88,187.54,11.78,48.14,CBG,Food,2850.2100000000005
2022-06-09,52.85,53.18,106.03,-0.33,33.64,CBG,Food,2849.8800000000006
2022-06-10,54.26,69.39,123.65,-15.14,37.73,CBG,Food,2834.7400000000007
2022-06-13,173.08,138.17,311.25,34.91,33.85,CBG,Food,2869.6500000000005
2022-06-14,36.13,37.82,73.96,-1.69,20.08,CBG,Food,2867.9600000000005
2022-06-15,94.37,193.23,287.6,-98.87,29.48,CBG,Food,2769.0900000000006
2022-06-16,227.88,408.45,636.33,-180.57,39.87,CBG,Food,2588.5200000000004
2022-06-17,178.77,119.12,297.88,59.65,40.57,CBG,Food,2648.1700000000005
2022-06-20,223.36,161.29,384.65,62.06,36.29,CBG,Food,2710.2300000000005
2022-06-21,212.42,152.92,365.34,59.5,35.5,CBG,Food,2769.7300000000005
2022-06-22,251.45,289.51,540.96,-38.05,34.32,CBG,Food,2731.6800000000003
2022-06-23,425.96,296.1,722.06,129.86,31.8,CBG,Food,2861.5400000000004
2022-06-24,150.64,90.44,241.08,60.2,28.88,CBG,Food,2921.7400000000002
2022-06-27,340.31,343.29,683.6,-2.98,40.93,CBG,Food,2918.76
2022-06-28,298.06,211.82,509.87,86.24,48.16,CBG,Food,3005.0
2022-06-29,119.93,114.42,234.35,5.51,30.38,CBG,Food,3010.51
2022-06-30,239.8,204.24,444.04,35.56,32.77,CBG,Food,3046.07
2022-07-01,140.34,195.85,336.19,-55.51,30.96,CBG,Food,2990.56
2022-07-04,414.31,311.7,726.01,102.61,28.61,CBG,Food,3093.17
2022-07-05,470.85,601.5,1072.35,-130.65,45.09,CBG,Food,2962.52
2022-07-06,198.65,189.92,388.57,8.73,27.17,CBG,Food,2971.25
2022-07-07,346.8,259.28,606.09,87.52,19.12,CBG,Food,3058.77
2022-07-08,356.4,297.45,653.85,58.96,36.79,CBG,Food,3117.73
2022-07-11,363.64,286.43,650.07,77.21,45.84,CBG,Food,3194.94
2022-07-12,305.12,210.66,515.79,94.46,42.88,CBG,Food,3289.4
2022-07-14,172.5,207.26,379.76,-34.76,30.11,CBG,Food,3254.64
2022-07-15,288.39,194.78,483.17,93.6,26.55,CBG,Food,3348.24
2022-07-18,515.99,296.53,812.52,219.46,25.41,CBG,Food,3567.7
2022-07-19,444.99,454.93,899.92,-9.94,28.23,CBG,Food,3557.7599999999998
2022-07-20,206.97,376.12,583.09,-169.15,32.36,CBG,Food,3388.6099999999997
2022-07-21,222.44,316.25,538.69,-93.82,36.44,CBG,Food,3294.7899999999995
2022-07-22,122.57,108.82,231.4,13.75,29.45,CBG,Food,3308.5399999999995
2022-07-25,83.56,86.73,170.29,-3.17,25.22,CBG,Food,3305.3699999999994
2022-07-26,128.24,176.13,304.36,-47.89,31.6,CBG,Food,3257.4799999999996
2022-07-27,154.66,160.04,314.7,-5.39,22.52,CBG,Food,3252.0899999999997
2022-08-01,265.71,191.95,457.66,73.76,31.32,CBG,Food,3325.85
2022-08-02,120.24,93.47,213.71,26.77,36.37,CBG,Food,3352.62
2022-08-03,57.77,49.22,106.99,8.54,34.19,CBG,Food,3361.16
2022-08-04,141.13,103.65,244.78,37.48,28.18,CBG,Food,3398.64
2022-08-05,42.81,47.91,90.72,-5.1,24.28,CBG,Food,3393.54
2022-08-08,125.17,125.51,250.67,-0.34,47.53,CBG,Food,3393.2
2022-08-09,100.03,103.18,203.22,-3.15,36.95,CBG,Food,3390.0499999999997
2022-08-10,146.45,99.38,245.83,47.06,29.13,CBG,Food,3437.1099999999997
2022-08-11,168.33,142.05,310.38,26.29,38.43,CBG,Food,3463.3999999999996
2022-08-15,510.73,582.52,1093.25,-71.79,38.93,CBG,Food,3391.6099999999997
2022-08-16,289.54,124.46,413.99,165.08,43.9,CBG,Food,3556.6899999999996
2022-08-17,253.46,128.7,382.17,124.76,28.56,CBG,Food,3681.45
2022-08-18,354.53,187.81,542.34,166.72,35.03,CBG,Food,3848.1699999999996
2022-08-19,129.37,206.53,335.91,-77.16,35.72,CBG,Food,3771.0099999999998
2022-08-22,151.12,247.18,398.3,-96.06,29.96,CBG,Food,3674.95
2022-08-23,201.29,201.01,402.3,0.28,24.29,CBG,Food,3675.23
2022-08-24,184.64,260.31,444.94,-75.67,30.71,CBG,Food,3599.56
2022-08-25,258.42,133.59,392.01,124.83,28.1,CBG,Food,3724.39
2022-08-26,429.93,429.6,859.53,0.34,20.0,CBG,Food,3724.73
2022-08-29,340.53,431.01,771.54,-90.49,37.29,CBG,Food,3634.2400000000002
2022-08-30,222.61,398.47,621.08,-175.85,37.19,CBG,Food,3458.3900000000003
2022-08-31,241.47,234.77,476.24,6.7,40.36,CBG,Food,3465.09
2022-09-01,170.02,280.92,450.94,-110.9,31.81,CBG,Food,3354.19
2022-09-02,107.71,150.35,258.06,-42.65,30.86,CBG,Food,3311.54
2022-09-05,128.33,281.06,409.39,-152.72,35.52,CBG,Food,3158.82
2022-09-06,215.83,262.34,478.17,-46.5,30.58,CBG,Food,3112.32
2022-09-07,127.63,160.84,288.48,-33.21,30.41,CBG,Food,3079.11
2022-09-08,192.62,103.39,296.02,89.23,27.45,CBG,Food,3168.34
2022-09-09,118.47,149.5,267.97,-31.04,20.21,CBG,Food,3137.3
2022-09-12,165.39,144.78,310.17,20.61,32.17,CBG,Food,3157.9100000000003
2022-09-13,145.1,140.82,285.92,4.29,29.94,CBG,Food,3162.2000000000003
2022-09-14,166.69,208.46,375.15,-41.77,32.68,CBG,Food,3120.4300000000003
2022-09-15,98.84,234.57,333.42,-135.73,39.38,CBG,Food,2984.7000000000003
2022-09-16,514.59,552.35,1066.94,-37.77,44.84,CBG,Food,2946.9300000000003
2022-09-19,337.66,428.18,765.84,-90.51,31.42,CBG,Food,2856.42
2022-09-20,113.84,220.31,334.15,-106.47,30.82,CBG,Food,2749.9500000000003
2022-09-21,198.07,262.83,460.9,-64.76,37.56,CBG,Food,2685.19
2022-09-22,199.29,222.51,421.81,-23.22,39.12,CBG,Food,2661.9700000000003
2022-09-23,115.04,124.9,239.94,-9.86,35.32,CBG,Food,2652.11
2022-09-26,215.44,197.6,413.04,17.84,41.01,CBG,Food,2669.9500000000003
2022-09-27,262.93,274.87,537.8,-11.94,42.05,CBG,Food,2658.01
2022-09-28,337.15,313.37,650.52,23.79,28.86,CBG,Food,2681.8
2022-09-29,415.35,254.31,669.67,161.04,28.3,CBG,Food,2842.84
2022-09-30,328.54,228.41,556.95,100.13,34.04,CBG,Food,2942.9700000000003
2022-10-03,306.74,411.56,718.3,-104.83,33.41,CBG,Food,2838.1400000000003
2022-10-04,139.06,244.95,384.02,-105.89,35.43,CBG,Food,2732.2500000000005
2022-10-05,290.14,236.13,526.27,54.0,33.47,CBG,Food,2786.2500000000005
2022-10-06,621.84,417.86,1039.7,203.98,32.6,CBG,Food,2990.2300000000005
2022-10-07,200.11,364.42,564.53,-164.31,27.27,CBG,Food,2825.9200000000005
2022-10-10,134.97,268.36,403.33,-133.4,29.38,CBG,Food,2692.5200000000004
2022-10-11,281.3,180.87,462.17,100.44,27.59,CBG,Food,2792.9600000000005
2022-10-12,225.53,288.79,514.32,-63.26,24.84,CBG,Food,2729.7000000000003
2022-10-17,210.92,290.33,501.25,-79.4,28.91,CBG,Food,2650.3
2022-10-18,361.41,244.67,606.08,116.74,25.69,CBG,Food,2767.04
2022-10-19,257.92,341.83,599.75,-83.91,29.29,CBG,Food,2683.13
2022-10-20,285.63,300.31,585.94,-14.68,33.98,CBG,Food,2668.4500000000003
2022-10-21,151.11,156.17,307.28,-5.05,26.68,CBG,Food,2663.4
2022-10-25,202.9,172.84,375.75,30.06,30.22,CBG,Food,2693.46
2022-10-26,157.62,243.03,400.65,-85.41,30.4,CBG,Food,2608.05
2022-10-27,113.27,71.01,184.28,42.25,29.2,CBG,Food,2650.3
2022-10-28,132.79,111.86,244.65,20.94,25.43,CBG,Food,2671.2400000000002
2022-10-31,223.83,120.25,344.07,103.58,33.08,CBG,Food,2774.82
2022-11-01,195.11,87.56,282.66,107.55,29.15,CBG,Food,2882.3700000000003
2022-11-02,143.62,57.31,200.93,86.31,36.94,CBG,Food,2968.6800000000003
2022-11-03,90.99,88.67,179.66,2.32,25.53,CBG,Food,2971.0000000000005
2022-11-04,171.49,132.38,303.87,39.1,27.15,CBG,Food,3010.1000000000004
2022-11-07,112.06,135.37,247.44,-23.31,31.0,CBG,Food,2986.7900000000004
2022-11-08,342.99,195.34,538.33,147.65,39.55,CBG,Food,3134.4400000000005
2022-11-09,295.16,354.69,649.85,-59.53,34.97,CBG,Food,3074.9100000000003
2022-11-10,88.47,83.81,172.28,4.66,30.21,CBG,Food,3079.57
2022-11-11,353.38,183.09,536.48,170.29,33.22,CBG,Food,3249.86
2022-11-14,216.38,324.42,540.81,-108.04,25.06,CBG,Food,3141.82
2022-11-15,208.27,172.35,380.62,35.92,34.15,CBG,Food,3177.7400000000002
2022-11-16,98.12,113.26,211.39,-15.14,21.85,CBG,Food,3162.6000000000004
2022-11-17,144.78,70.91,215.69,73.86,25.65,CBG,Food,3236.4600000000005
2022-11-18,138.81,79.93,218.74,58.87,22.78,CBG,Food,3295.3300000000004
2022-11-21,151.27,188.46,339.73,-37.19,26.34,CBG,Food,3258.1400000000003
2022-11-22,94.23,144.44,238.67,-50.22,34.21,CBG,Food,3207.9200000000005
2022-11-23,131.19,155.66,286.86,-24.47,34.63,CBG,Food,3183.4500000000007
2022-11-24,92.38,41.88,134.26,50.5,20.47,CBG,Food,3233.9500000000007
2022-11-25,91.02,190.6,281.61,-99.58,36.16,CBG,Food,3134.370000000001
2022-11-28,77.63,47.71,125.34,29.92,35.74,CBG,Food,3164.290000000001
2022-11-29,177.81,86.3,264.11,91.51,28.5,CBG,Food,3255.800000000001
2022-11-30,155.27,163.29,318.56,-8.03,31.89,CBG,Food,3247.770000000001
2022-12-01,89.12,52.44,141.56,36.68,32.33,CBG,Food,3284.4500000000007
2022-12-02,77.74,66.04,143.78,11.7,36.22,CBG,Food,3296.1500000000005
2022-12-06,92.13,117.45,209.58,-25.32,35.91,CBG,Food,3270.8300000000004
2022-12-07,62.94,78.81,141.74,-15.87,37.92,CBG,Food,3254.9600000000005
2022-12-08,47.44,41.12,88.56,6.32,29.71,CBG,Food,3261.2800000000007
2022-12-09,114.97,53.71,168.68,61.26,35.65,CBG,Food,3322.540000000001
2022-12-13,54.71,61.98,116.69,-7.27,38.18,CBG,Food,3315.270000000001
2022-12-14,178.79,77.94,256.74,100.85,30.17,CBG,Food,3416.120000000001
2022-12-15,80.96,140.03,220.99,-59.07,28.91,CBG,Food,3357.0500000000006
2022-12-16,138.94,177.28,316.22,-38.34,34.92,CBG,Food,3318.7100000000005
2022-12-19,34.3,31.43,65.73,2.87,34.51,CBG,Food,3321.5800000000004
2022-12-20,108.15,157.07,265.22,-48.93,36.72,CBG,Food,3272.6500000000005
2022-12-21,96.26,189.47,285.72,-93.21,37.49,CBG,Food,3179.4400000000005
2022-12-22,48.59,48.39,96.99,0.2,35.05,CBG,Food,3179.6400000000003
2022-12-23,39.18,32.61,71.79,6.57,44.81,CBG,Food,3186.2100000000005
2022-12-26,32.84,27.85,60.69,4.99,42.84,CBG,Food,3191.2000000000003
2022-12-27,93.2,41.07,134.26,52.13,34.3,CBG,Food,3243.3300000000004
2022-12-28,128.18,98.46,226.64,29.72,44.75,CBG,Food,3273.05
2022-12-29,86.26,72.17,158.43,14.09,28.14,CBG,Food,3287.1400000000003
2022-12-30,121.62,68.01,189.63,53.61,34.52,CBG,Food,3340.7500000000005
2023-01-03,58.99,100.68,159.68,-41.69,33.8,CBG,Food,3299.0600000000004
2023-01-04,102.78,132.13,234.91,-29.35,30.43,CBG,Food,3269.7100000000005
2023-01-05,61.13,41.51,102.64,19.63,35.78,CBG,Food,3289.3400000000006
2023-01-06,346.7,171.7,518.4,175.0,24.64,CBG,Food,3464.3400000000006
2023-01-09,429.74,273.48,703.22,156.26,35.02,CBG,Food,3620.6000000000004
2023-01-10,99.47,114.5,213.97,-15.04,24.48,CBG,Food,3605.5600000000004
2023-01-11,52.49,59.89,112.38,-7.4,20.16,CBG,Food,3598.1600000000003
2023-01-12,118.03,60.91,178.94,57.13,39.03,CBG,Food,3655.2900000000004
2023-01-13,249.23,191.66,440.89,57.57,29.79,CBG,Food,3712.8600000000006
2023-01-16,107.04,110.84,217.88,-3.79,39.74,CBG,Food,3709.0700000000006
2023-01-17,32.44,30.49,62.93,1.94,30.52,CBG,Food,3711.0100000000007
2023-01-18,59.28,99.57,158.85,-40.3,25.45,CBG,Food,3670.7100000000005
2023-01-19,64.22,33.9,98.12,30.32,23.37,CBG,Food,3701.0300000000007
2023-01-20,60.82,53.39,114.2,7.43,33.46,CBG,Food,3708.4600000000005
2023-01-23,135.22,74.39,209.61,60.83,19.74,CBG,Food,3769.2900000000004
2023-01-24,78.49,51.19,129.69,27.3,33.6,CBG,Food,3796.5900000000006
2023-01-25,187.4,153.6,340.99,33.8,24.63,CBG,Food,3830.390000000001
2023-01-26,102.05,68.19,170.24,33.85,23.3,CBG,Food,3864.2400000000007
2023-01-27,37.17,68.82,105.99,-31.66,27.94,CBG,Food,3832.580000000001
2023-01-30,44.16,94.51,138.67,-50.35,18.08,CBG,Food,3782.230000000001
2023-01-31,46.33,39.93,86.27,6.4,34.24,CBG,Food,3788.630000000001
2023-02-01,69.24,82.51,151.74,-13.27,26.96,CBG,Food,3775.360000000001
2023-02-02,81.74,63.95,145.69,17.79,40.54,CBG,Food,3793.150000000001
2023-02-03,112.93,31.42,144.36,81.51,31.5,CBG,Food,3874.660000000001
2023-02-06,53.42,35.67,89.09,17.75,26.13,CBG,Food,3892.410000000001
2023-02-07,57.59,49.88,107.48,7.71,29.76,CBG,Food,3900.1200000000013
2023-02-08,25.61,89.07,114.67,-63.46,30.74,CBG,Food,3836.660000000001
2023-02-09,151.3,149.69,300.99,1.61,42.45,CBG,Food,3838.2700000000013
2023-02-10,42.43,27.34,69.77,15.08,30.65,CBG,Food,3853.3500000000013
2023-02-13,32.83,54.7,87.53,-21.87,36.16,CBG,Food,3831.4800000000014
2023-02-14,34.11,50.13,84.24,-16.02,29.1,CBG,Food,3815.4600000000014
2023-02-15,35.5,37.98,73.49,-2.48,18.74,CBG,Food,3812.9800000000014
2023-02-16,418.28,127.48,545.76,290.8,18.23,CBG,Food,4103.780000000002
2023-02-17,238.22,67.06,305.28,171.16,29.33,CBG,Food,4274.940000000001
2023-02-20,84.88,245.37,330.25,-160.49,24.52,CBG,Food,4114.450000000002
2023-02-21,42.39,82.3,124.69,-39.91,20.57,CBG,Food,4074.540000000002
2023-02-22,33.92,37.88,71.8,-3.96,24.98,CBG,Food,4070.5800000000017
2023-02-23,40.52,70.05,110.57,-29.53,23.75,CBG,Food,4041.0500000000015
2023-02-24,47.11,108.28,155.39,-61.16,22.04,CBG,Food,3979.8900000000017
2023-02-27,14.94,29.02,43.96,-14.08,24.88,CBG,Food,3965.8100000000018
2023-02-28,69.87,59.5,129.37,10.37,41.53,CBG,Food,3976.1800000000017
2023-03-01,19.08,91.3,110.37,-72.22,24.7,CBG,Food,3903.960000000002
2023-03-02,78.63,98.35,176.98,-19.73,21.85,CBG,Food,3884.230000000002
2023-03-03,68.28,93.37,161.65,-25.09,25.7,CBG,Food,3859.1400000000017
2023-03-07,42.04,25.91,67.95,16.13,28.44,CBG,Food,3875.270000000002
2023-03-08,58.84,99.24,158.09,-40.4,22.67,CBG,Food,3834.8700000000017
2023-03-09,35.2,43.34,78.53,-8.14,30.04,CBG,Food,3826.730000000002
2023-03-10,63.0,43.03,106.03,19.97,38.36,CBG,Food,3846.7000000000016
2023-03-13,92.64,58.23,150.88,34.41,32.79,CBG,Food,3881.1100000000015
2023-03-14,262.39,162.24,424.62,100.15,29.49,CBG,Food,3981.2600000000016
2023-03-15,77.11,73.52,150.62,3.59,33.87,CBG,Food,3984.8500000000017
2023-03-16,73.38,40.84,114.22,32.54,33.21,CBG,Food,4017.3900000000017
2023-03-17,57.17,73.72,130.9,-16.55,29.21,CBG,Food,4000.8400000000015
2023-03-20,84.14,85.59,169.73,-1.45,37.36,CBG,Food,3999.3900000000017
2023-03-21,49.29,53.2,102.49,-3.91,27.17,CBG,Food,3995.480000000002
2023-03-22,18.3,21.51,39.81,-3.22,21.28,CBG,Food,3992.260000000002
2023-03-23,61.65,13.0,74.65,48.65,29.21,CBG,Food,4040.910000000002
2023-03-24,49.45,55.35,104.8,-5.9,27.21,CBG,Food,4035.010000000002
2023-03-27,64.12,53.46,117.58,10.65,26.93,CBG,Food,4045.660000000002
2023-03-28,61.14,69.67,130.81,-8.54,34.15,CBG,Food,4037.120000000002
2023-03-29,28.4,67.35,95.75,-38.95,36.96,CBG,Food,3998.1700000000023
2023-03-30,42.58,97.7,140.28,-55.11,38.29,CBG,Food,3943.060000000002
2023-03-31,84.04,115.35,199.39,-31.32,34.73,CBG,Food,3911.740000000002
2023-04-03,239.18,146.62,385.8,92.57,26.86,CBG,Food,4004.310000000002
2023-04-04,288.65,177.89,466.54,110.76,27.32,CBG,Food,4115.070000000002
2023-04-05,362.58,178.05,540.63,184.52,27.52,CBG,Food,4299.590000000003
2023-04-07,110.33,87.97,198.31,22.36,31.62,CBG,Food,4321.950000000003
2023-04-10,62.19,78.67,140.87,-16.48,35.06,CBG,Food,4305.470000000003
2023-04-11,44.86,99.86,144.72,-55.01,21.26,CBG,Food,4250.460000000003
2023-04-12,149.11,143.41,292.52,5.71,29.11,CBG,Food,4256.170000000003
2023-04-17,156.16,50.18,206.34,105.99,29.61,CBG,Food,4362.160000000003
2023-04-18,36.97,79.97,116.94,-43.0,29.61,CBG,Food,4319.160000000003
2023-04-19,204.96,333.67,538.63,-128.7,27.31,CBG,Food,4190.460000000003
2023-04-20,377.16,310.29,687.44,66.87,31.31,CBG,Food,4257.330000000003
2023-04-21,140.36,196.44,336.8,-56.07,32.6,CBG,Food,4201.260000000003
2023-04-24,202.8,143.44,346.23,59.36,27.76,CBG,Food,4260.620000000003
2023-04-25,318.6,171.89,490.49,146.72,41.04,CBG,Food,4407.340000000003
2023-04-26,154.33,139.61,293.94,14.72,32.0,CBG,Food,4422.060000000003
2023-04-27,89.96,71.92,161.88,18.04,26.86,CBG,Food,4440.100000000003
2023-04-28,106.57,79.24,185.8,27.33,29.35,CBG,Food,4467.430000000003
2023-05-02,198.07,103.24,301.3,94.83,33.23,CBG,Food,4562.260000000003
2023-05-03,208.62,233.27,441.89,-24.66,38.38,CBG,Food,4537.600000000003
2023-05-08,79.59,195.01,274.61,-115.42,24.33,CBG,Food,4422.180000000003
2023-05-09,85.92,231.26,317.18,-145.35,30.38,CBG,Food,4276.830000000003
2023-05-10,117.23,104.14,221.37,13.09,37.8,CBG,Food,4289.920000000003
2023-05-11,388.54,224.78,613.33,163.76,37.67,CBG,Food,4453.680000000003
2023-05-12,154.3,214.58,368.88,-60.29,40.29,CBG,Food,4393.390000000003
2023-05-15,229.76,422.14,651.9,-192.38,28.23,CBG,Food,4201.010000000003
2023-05-16,236.01,162.56,398.57,73.45,37.62,CBG,Food,4274.460000000003
2023-05-17,74.54,146.82,221.37,-72.28,30.23,CBG,Food,4202.180000000003
2023-05-18,260.15,180.72,440.87,79.43,30.07,CBG,Food,4281.610000000003
2023-05-19,148.46,113.16,261.62,35.3,44.65,CBG,Food,4316.9100000000035
2023-05-22,147.22,158.18,305.4,-10.96,34.64,CBG,Food,4305.9500000000035
2023-05-23,70.08,125.94,196.01,-55.86,41.24,CBG,Food,4250.090000000004
2023-05-24,195.75,152.76,348.5,42.99,29.66,CBG,Food,4293.080000000004
2023-05-25,217.12,162.81,379.94,54.31,41.44,CBG,Food,4347.390000000004
2023-05-26,112.28,116.83,229.11,-4.55,43.62,CBG,Food,4342.840000000004
2023-05-29,147.31,286.79,434.1,-139.48,38.85,CBG,Food,4203.360000000004
2023-05-30,119.97,93.71,213.68,26.26,36.31,CBG,Food,4229.620000000004
2023-05-31,321.51,284.83,606.33,36.68,52.87,CBG,Food,4266.300000000005
2023-06-01,107.09,198.59,305.68,-91.5,31.8,CBG,Food,4174.800000000005
2023-06-02,210.13,139.8,349.93,70.34,34.01,CBG,Food,4245.140000000005
2023-06-06,139.28,186.2,325.49,-46.92,36.67,CBG,Food,4198.220000000005
2023-06-07,158.05,91.11,249.16,66.94,42.0,CBG,Food,4265.160000000004
2023-06-08,185.6,158.32,343.92,27.27,42.73,CBG,Food,4292.430000000005
2023-06-09,72.09,171.76,243.86,-99.67,36.17,CBG,Food,4192.760000000005
2023-06-12,148.01,185.76,333.77,-37.74,28.94,CBG,Food,4155.020000000005
2023-06-13,81.51,241.01,322.52,-159.5,29.85,CBG,Food,3995.520000000005
2023-06-14,292.72,210.71,503.43,82.01,26.42,CBG,Food,4077.530000000005
2023-06-15,86.68,245.11,331.8,-158.43,26.49,CBG,Food,3919.1000000000054
2023-06-16,257.04,305.1,562.14,-48.06,41.01,CBG,Food,3871.0400000000054
2023-06-19,40.74,108.53,149.27,-67.79,27.59,CBG,Food,3803.2500000000055
2023-06-20,103.83,112.25,216.08,-8.43,36.26,CBG,Food,3794.8200000000056
2023-06-21,106.09,173.23,279.32,-67.14,37.34,CBG,Food,3727.6800000000057
2023-06-22,133.76,140.89,274.65,-7.13,30.82,CBG,Food,3720.5500000000056
2023-06-23,103.77,102.11,205.88,1.65,39.45,CBG,Food,3722.2000000000057
2023-06-26,80.55,122.48,203.03,-41.92,28.41,CBG,Food,3680.2800000000057
2023-06-27,80.42,62.89,143.3,17.53,36.79,CBG,Food,3697.810000000006
2023-06-28,109.09,88.65,197.75,20.44,44.55,CBG,Food,3718.250000000006
2023-06-29,103.42,131.36,234.78,-27.94,28.52,CBG,Food,3690.310000000006
2023-06-30,111.07,111.96,223.03,-0.89,40.91,CBG,Food,3689.420000000006
2023-07-03,65.7,71.76,137.46,-6.07,28.95,CBG,Food,3683.350000000006
2023-07-04,92.49,74.7,167.19,17.8,33.68,CBG,Food,3701.150000000006
2023-07-05,31.97,85.85,117.82,-53.88,27.19,CBG,Food,3647.270000000006
2023-07-06,94.08,88.74,182.83,5.34,31.72,CBG,Food,3652.610000000006
2023-07-07,79.94,46.64,126.58,33.3,35.52,CBG,Food,3685.910000000006
2023-07-10,30.84,60.3,91.14,-29.46,32.08,CBG,Food,3656.450000000006
2023-07-11,90.37,55.41,145.78,34.97,37.8,CBG,Food,3691.420000000006
2023-07-12,132.33,96.99,229.32,35.33,30.76,CBG,Food,3726.750000000006
2023-07-13,108.72,94.8,203.52,13.92,20.94,CBG,Food,3740.670000000006
2023-07-14,92.1,132.81,224.9,-40.71,25.16,CBG,Food,3699.960000000006
2023-07-17,73.71,84.4,158.11,-10.68,28.27,CBG,Food,3689.280000000006
2023-07-18,95.34,102.49,197.83,-7.15,30.87,CBG,Food,3682.130000000006
2023-07-19,193.03,137.66,330.69,55.36,24.76,CBG,Food,3737.490000000006
2023-07-20,35.18,166.27,201.45,-131.1,29.33,CBG,Food,3606.3900000000062
2023-07-21,136.58,130.44,267.02,6.14,20.19,CBG,Food,3612.530000000006
2023-07-24,80.69,167.95,248.65,-87.26,22.17,CBG,Food,3525.270000000006
2023-07-25,94.17,85.26,179.44,8.91,24.89,CBG,Food,3534.1800000000057
2023-07-26,57.05,60.98,118.03,-3.93,26.16,CBG,Food,3530.250000000006
2023-07-27,116.39,64.33,180.72,52.07,20.15,CBG,Food,3582.320000000006
2023-07-31,71.95,111.5,183.45,-39.55,24.64,CBG,Food,3542.770000000006
2023-08-02,87.07,164.21,251.27,-77.14,32.32,CBG,Food,3465.630000000006
2023-08-03,107.02,82.5,189.52,24.53,26.52,CBG,Food,3490.160000000006
2023-08-04,95.61,74.05,169.66,21.57,32.31,CBG,Food,3511.7300000000064
2023-08-07,131.0,89.68,220.67,41.32,43.2,CBG,Food,3553.0500000000065
2023-08-08,37.4,50.64,88.04,-13.25,30.82,CBG,Food,3539.8000000000065
2023-08-09,127.68,50.34,178.02,77.34,41.08,CBG,Food,3617.1400000000067
2023-08-10,61.62,98.03,159.65,-36.42,40.4,CBG,Food,3580.7200000000066
2023-08-11,363.09,152.65,515.73,210.44,31.16,CBG,Food,3791.1600000000067
2023-08-15,249.93,175.35,425.29,74.58,40.97,CBG,Food,3865.7400000000066
2023-08-16,140.51,113.84,254.35,26.66,25.26,CBG,Food,3892.4000000000065
2023-08-17,124.99,172.16,297.15,-47.18,23.99,CBG,Food,3845.2200000000066
2023-08-18,201.3,180.91,382.21,20.38,19.52,CBG,Food,3865.6000000000067
2023-08-21,113.42,98.15,211.57,15.28,23.58,CBG,Food,3880.880000000007
2023-08-22,74.29,138.2,212.49,-63.92,12.88,CBG,Food,3816.960000000007
2023-08-23,276.99,248.52,525.51,28.47,19.32,CBG,Food,3845.4300000000067
2023-08-24,177.52,81.59,259.11,95.92,18.25,CBG,Food,3941.3500000000067
2023-08-25,95.0,178.53,273.54,-83.53,30.88,CBG,Food,3857.8200000000065
2023-08-28,102.08,44.09,146.17,57.99,27.24,CBG,Food,3915.8100000000063
2023-08-29,107.25,94.17,201.42,13.09,34.87,CBG,Food,3928.9000000000065
2023-08-30,208.65,161.89,370.54,46.77,30.64,CBG,Food,3975.6700000000064
2023-08-31,2138.24,1650.05,3788.29,488.19,68.93,CBG,Food,4463.860000000006
2023-09-01,115.83,138.34,254.16,-22.51,31.55,CBG,Food,4441.350000000006
2023-09-04,232.04,281.32,513.36,-49.28,25.85,CBG,Food,4392.070000000006
2023-09-05,254.57,263.06,517.63,-8.5,24.1,CBG,Food,4383.570000000006
2023-09-06,123.99,243.69,367.68,-119.7,31.64,CBG,Food,4263.870000000006
2023-09-07,83.87,120.94,204.8,-37.07,26.21,CBG,Food,4226.800000000007
2023-09-08,121.48,109.32,230.79,12.16,40.34,CBG,Food,4238.960000000006
2023-09-11,68.78,107.21,176.0,-38.43,27.64,CBG,Food,4200.530000000006
2023-09-12,183.92,65.62,249.54,118.3,27.71,CBG,Food,4318.830000000006
2023-09-13,47.16,97.29,144.45,-50.12,27.57,CBG,Food,4268.710000000006
2023-09-14,67.04,47.21,114.25,19.83,36.94,CBG,Food,4288.540000000006
2023-09-15,112.01,103.2,215.2,8.81,48.36,CBG,Food,4297.350000000007
2023-09-18,109.0,260.87,369.87,-151.88,34.87,CBG,Food,4145.470000000007
2023-09-19,90.42,95.71,186.13,-5.29,42.13,CBG,Food,4140.180000000007
2023-09-20,111.28,83.72,195.0,27.56,30.19,CBG,Food,4167.740000000007
2023-09-21,92.04,76.38,168.42,15.66,32.24,CBG,Food,4183.400000000007
2023-09-22,62.09,64.92,127.01,-2.84,29.47,CBG,Food,4180.560000000007
2023-09-25,65.6,94.36,159.96,-28.76,42.47,CBG,Food,4151.800000000007
2023-09-26,110.39,122.46,232.85,-12.07,26.28,CBG,Food,4139.730000000007
2023-09-27,56.26,99.48,155.75,-43.22,31.0,CBG,Food,4096.510000000007
2023-09-28,170.81,158.89,329.7,11.91,43.77,CBG,Food,4108.420000000006
2023-09-29,137.45,88.85,226.3,48.61,37.45,CBG,Food,4157.030000000006
2023-10-02,88.63,117.97,206.59,-29.34,31.76,CBG,Food,4127.690000000006
2023-10-03,194.12,267.65,461.78,-73.53,34.63,CBG,Food,4054.1600000000058
2023-10-04,200.17,139.94,340.11,60.22,42.76,CBG,Food,4114.380000000006
2023-10-05,138.93,111.11,250.04,27.82,32.86,CBG,Food,4142.200000000005
2023-10-06,176.58,152.07,328.65,24.51,38.27,CBG,Food,4166.7100000000055
2023-10-09,218.52,103.42,321.95,115.1,48.16,CBG,Food,4281.810000000006
2023-10-10,169.68,137.03,306.71,32.64,34.1,CBG,Food,4314.450000000006
2023-10-11,162.89,148.22,311.11,14.67,39.22,CBG,Food,4329.120000000006
2023-10-12,87.63,119.41,207.04,-31.77,38.09,CBG,Food,4297.350000000006
2023-10-16,336.57,205.78,542.35,130.79,28.3,CBG,Food,4428.140000000006
2023-10-17,233.51,184.8,418.31,48.71,32.03,CBG,Food,4476.850000000006
2023-10-18,345.9,279.64,625.54,66.27,40.42,CBG,Food,4543.120000000006
2023-10-19,139.46,160.53,299.99,-21.07,46.94,CBG,Food,4522.050000000007
2023-10-20,94.28,111.59,205.87,-17.31,33.38,CBG,Food,4504.740000000006
2023-10-24,140.62,109.14,249.76,31.48,37.85,CBG,Food,4536.220000000006
2023-10-25,49.56,90.2,139.76,-40.64,31.97,CBG,Food,4495.580000000005
2023-10-26,134.98,103.91,238.88,31.07,27.73,CBG,Food,4526.650000000005
2023-10-27,114.19,87.35,201.54,26.84,31.4,CBG,Food,4553.490000000005
2023-10-30,76.38,48.77,125.15,27.61,36.04,CBG,Food,4581.100000000005
2023-10-31,102.11,110.44,212.55,-8.33,26.1,CBG,Food,4572.770000000005
2023-11-01,179.23,180.09,359.32,-0.86,23.27,CBG,Food,4571.910000000005
2023-11-02,107.53,169.56,277.09,-62.03,28.31,CBG,Food,4509.880000000006
2023-11-03,98.85,89.83,188.68,9.02,21.19,CBG,Food,4518.900000000006
2023-11-06,159.39,189.05,348.44,-29.66,30.18,CBG,Food,4489.240000000006
2023-11-07,84.78,142.13,226.91,-57.34,32.06,CBG,Food,4431.900000000006
2023-11-08,65.16,74.63,139.79,-9.48,20.92,CBG,Food,4422.420000000006
2023-11-09,106.43,220.1,326.52,-113.67,27.72,CBG,Food,4308.750000000006
2023-11-10,107.47,123.79,231.27,-16.32,20.52,CBG,Food,4292.430000000007
2023-11-13,119.17,85.63,204.8,33.54,29.44,CBG,Food,4325.970000000007
2023-11-14,185.2,208.36,393.56,-23.17,27.39,CBG,Food,4302.800000000007
2023-11-15,204.1,89.86,293.96,114.24,31.41,CBG,Food,4417.040000000006
2023-11-16,86.46,132.78,219.24,-46.32,32.28,CBG,Food,4370.720000000007
2023-11-17,183.69,210.44,394.12,-26.75,20.13,CBG,Food,4343.970000000007
2023-11-20,143.11,181.03,324.15,-37.92,27.69,CBG,Food,4306.050000000007
2023-11-21,83.87,42.58,126.44,41.29,26.62,CBG,Food,4347.3400000000065
2023-11-22,95.67,127.27,222.94,-31.6,29.37,CBG,Food,4315.740000000006
2023-11-23,65.32,37.99,103.31,27.34,23.76,CBG,Food,4343.080000000006
2023-11-24,74.54,87.11,161.65,-12.57,32.35,CBG,Food,4330.510000000007
2023-11-27,72.95,78.09,151.04,-5.14,39.62,CBG,Food,4325.370000000006
2023-11-28,52.96,66.98,119.94,-14.02,17.63,CBG,Food,4311.350000000006
2023-11-29,85.09,147.21,232.3,-62.11,25.2,CBG,Food,4249.240000000006
2023-11-30,112.19,155.69,267.88,-43.51,30.74,CBG,Food,4205.730000000006
2023-12-01,61.41,69.03,130.44,-7.62,34.79,CBG,Food,4198.110000000006
2023-12-04,67.92,115.1,183.02,-47.18,28.13,CBG,Food,4150.930000000006
2023-12-06,86.82,55.21,142.03,31.62,25.07,CBG,Food,4182.550000000006
2023-12-07,51.27,129.27,180.54,-77.99,26.06,CBG,Food,4104.560000000006
2023-12-08,86.97,80.73,167.7,6.25,32.17,CBG,Food,4110.810000000006
2023-12-12,212.65,146.33,358.98,66.33,27.53,CBG,Food,4177.140000000006
2023-12-13,113.71,120.25,233.96,-6.54,27.03,CBG,Food,4170.600000000006
2023-12-14,83.38,100.93,184.31,-17.55,31.78,CBG,Food,4153.050000000006
2023-12-15,91.07,100.69,191.75,-9.62,29.97,CBG,Food,4143.430000000006
2023-12-18,44.07,85.34,129.42,-41.27,29.93,CBG,Food,4102.160000000005
2023-12-19,34.01,56.85,90.86,-22.84,22.18,CBG,Food,4079.320000000005
2023-12-20,58.81,54.24,113.05,4.57,28.51,CBG,Food,4083.8900000000053
2023-12-21,85.0,57.89,142.9,27.11,24.2,CBG,Food,4111.0000000000055
2023-12-22,49.12,114.14,163.26,-65.02,22.33,CBG,Food,4045.9800000000055
2023-12-25,99.92,65.25,165.17,34.67,23.11,CBG,Food,4080.6500000000055
2023-12-26,47.05,102.29,149.33,-55.24,26.98,CBG,Food,4025.4100000000058
2023-12-27,30.28,41.94,72.22,-11.66,19.51,CBG,Food,4013.750000000006
2023-12-28,88.72,73.13,161.85,15.59,24.71,CBG,Food,4029.340000000006
2024-01-02,96.47,57.17,153.64,39.3,27.01,CBG,Food,4068.6400000000062
2024-01-03,49.96,52.9,102.85,-2.94,33.74,CBG,Food,4065.700000000006
2024-01-04,64.81,49.69,114.51,15.12,28.28,CBG,Food,4080.820000000006
2024-01-05,66.22,96.31,162.53,-30.09,22.72,CBG,Food,4050.730000000006
2024-01-08,78.7,53.45,132.15,25.25,32.84,CBG,Food,4075.980000000006
2024-01-09,86.7,110.37,197.08,-23.67,23.98,CBG,Food,4052.310000000006
2024-01-10,124.57,58.2,182.77,66.37,25.56,CBG,Food,4118.680000000006
2024-01-11,23.89,42.43,66.33,-18.54,18.09,CBG,Food,4100.140000000006
2024-01-12,40.45,72.54,113.0,-32.09,28.04,CBG,Food,4068.0500000000056
2024-01-15,48.31,78.05,126.37,-29.74,20.55,CBG,Food,4038.310000000006
2024-01-16,130.32,96.72,227.03,33.6,26.09,CBG,Food,4071.9100000000058
2024-01-17,60.48,71.08,131.56,-10.6,26.17,CBG,Food,4061.310000000006
2024-01-18,30.22,56.21,86.43,-25.99,23.02,CBG,Food,4035.320000000006
2024-01-19,41.46,34.64,76.1,6.83,22.98,CBG,Food,4042.150000000006
2024-01-22,121.81,83.05,204.86,38.76,33.8,CBG,Food,4080.910000000006
2024-01-23,94.01,77.8,171.8,16.21,40.77,CBG,Food,4097.120000000006
2024-01-24,113.34,93.81,207.15,19.54,32.68,CBG,Food,4116.660000000006
2024-01-25,43.6,45.2,88.79,-1.6,27.56,CBG,Food,4115.060000000006
2024-01-26,22.26,62.42,84.68,-40.16,29.84,CBG,Food,4074.900000000006
2024-01-29,35.52,64.72,100.24,-29.21,23.2,CBG,Food,4045.690000000006
2024-01-30,37.21,76.23,113.44,-39.01,27.59,CBG,Food,4006.6800000000057
2024-01-31,101.39,116.18,217.57,-14.8,29.37,CBG,Food,3991.8800000000056
2024-02-01,57.28,49.34,106.62,7.94,26.17,CBG,Food,3999.8200000000056
2024-02-02,63.08,30.73,93.81,32.35,26.9,CBG,Food,4032.1700000000055
2024-02-05,22.82,39.26,62.09,-16.44,25.92,CBG,Food,4015.7300000000055
2024-02-06,105.7,53.45,159.15,52.25,22.52,CBG,Food,4067.9800000000055
2024-02-07,209.31,139.79,349.1,69.52,9.97,CBG,Food,4137.5000000000055
2024-02-08,220.94,80.02,300.96,140.92,21.69,CBG,Food,4278.4200000000055
2024-02-09,73.77,41.55,115.33,32.22,25.06,CBG,Food,4310.640000000006
2024-02-12,35.21,55.42,90.63,-20.21,23.8,CBG,Food,4290.430000000006
2024-02-13,42.92,113.56,156.49,-70.64,20.86,CBG,Food,4219.790000000005
2024-02-14,16.68,63.93,80.6,-47.25,19.26,CBG,Food,4172.540000000005
2024-02-15,97.19,93.3,190.49,3.89,25.47,CBG,Food,4176.430000000006
2024-02-16,44.84,59.04,103.88,-14.19,21.28,CBG,Food,4162.240000000006
2024-02-19,165.28,138.9,304.18,26.38,26.09,CBG,Food,4188.620000000006
2024-02-20,66.65,49.65,116.3,17.0,23.85,CBG,Food,4205.620000000006
2024-02-21,144.9,117.93,262.83,26.97,30.61,CBG,Food,4232.5900000000065
2024-02-22,78.74,27.42,106.16,51.32,21.0,CBG,Food,4283.910000000006
2024-02-23,15.25,47.54,62.79,-32.29,18.19,CBG,Food,4251.620000000006
2024-02-27,24.5,45.22,69.73,-20.72,24.43,CBG,Food,4230.900000000006
2024-02-28,42.71,49.87,92.59,-7.16,31.69,CBG,Food,4223.740000000006
2024-02-29,34.16,161.8,195.96,-127.64,36.84,CBG,Food,4096.100000000006
2024-03-01,50.69,79.4,130.09,-28.71,29.45,CBG,Food,4067.390000000006
2024-03-04,269.65,178.3,447.94,91.35,27.33,CBG,Food,4158.740000000006
2024-03-05,297.58,231.45,529.03,66.13,30.47,CBG,Food,4224.870000000006
2024-03-06,126.54,98.51,225.05,28.04,27.02,CBG,Food,4252.910000000006
2024-03-07,49.24,54.24,103.48,-5.0,21.69,CBG,Food,4247.910000000006
2024-03-08,125.14,54.96,180.11,70.18,19.9,CBG,Food,4318.0900000000065
2024-03-11,35.12,37.56,72.68,-2.44,25.16,CBG,Food,4315.650000000007
2024-03-12,30.4,54.48,84.88,-24.08,30.45,CBG,Food,4291.570000000007
2024-03-13,100.03,66.07,166.1,33.96,31.32,CBG,Food,4325.530000000007
2024-03-14,26.81,34.42,61.23,-7.6,22.47,CBG,Food,4317.930000000007
2024-03-15,62.03,121.44,183.47,-59.41,39.9,CBG,Food,4258.520000000007
2024-03-18,21.85,26.97,48.82,-5.11,23.45,CBG,Food,4253.410000000007
2024-03-19,29.09,46.31,75.39,-17.22,31.05,CBG,Food,4236.190000000007
2024-03-20,31.69,43.34,75.02,-11.65,25.9,CBG,Food,4224.540000000007
2024-03-21,61.94,37.74,99.67,24.2,27.72,CBG,Food,4248.740000000007
2024-03-22,24.54,45.21,69.75,-20.67,32.53,CBG,Food,4228.070000000007
2024-03-25,22.85,53.83,76.67,-30.98,26.64,CBG,Food,4197.090000000007
2024-03-26,59.31,55.18,114.49,4.13,31.98,CBG,Food,4201.2200000000075
2024-03-27,39.74,61.37,101.12,-21.63,17.64,CBG,Food,4179.590000000007
2024-03-28,20.71,70.11,90.82,-49.4,26.65,CBG,Food,4130.190000000008
2024-03-29,33.52,66.64,100.16,-33.11,24.86,CBG,Food,4097.080000000008
2024-04-01,68.95,43.32,112.28,25.63,31.01,CBG,Food,4122.710000000008
2024-04-02,30.94,27.74,58.68,3.19,25.51,CBG,Food,4125.900000000008
2024-04-03,26.25,48.76,75.0,-22.51,31.38,CBG,Food,4103.390000000008
2024-04-04,42.34,81.22,123.56,-38.88,21.99,CBG,Food,4064.5100000000075
2024-04-05,61.56,32.92,94.48,28.65,34.07,CBG,Food,4093.1600000000076
2024-04-09,102.74,45.81,148.55,56.93,36.61,CBG,Food,4150.090000000007
2024-04-10,53.48,41.76,95.24,11.72,28.05,CBG,Food,4161.810000000008
2024-04-11,33.41,107.94,141.36,-74.53,29.83,CBG,Food,4087.2800000000075
2024-04-17,24.4,82.11,106.51,-57.71,29.77,CBG,Food,4029.5700000000074
2024-04-18,51.59,92.29,143.88,-40.71,36.77,CBG,Food,3988.8600000000074
2024-04-19,29.65,62.05,91.7,-32.41,29.57,CBG,Food,3956.4500000000075
2024-04-22,317.0,130.83,447.83,186.17,26.45,CBG,Food,4142.620000000007
2024-04-23,121.42,86.73,208.16,34.69,31.35,CBG,Food,4177.310000000007
2024-04-24,102.68,104.01,206.7,-1.33,32.86,CBG,Food,4175.980000000007
2024-04-25,28.69,42.35,71.04,-13.65,37.83,CBG,Food,4162.330000000007
2024-04-26,9.41,44.28,53.69,-34.87,33.24,CBG,Food,4127.460000000007
2024-04-29,49.94,48.88,98.82,1.06,30.56,CBG,Food,4128.520000000008
2024-04-30,222.47,84.29,306.75,138.18,28.54,CBG,Food,4266.700000000008
2024-05-02,67.26,115.09,182.35,-47.83,28.66,CBG,Food,4218.870000000008
2024-05-03,68.29,98.34,166.63,-30.05,29.65,CBG,Food,4188.820000000008
2024-05-07,60.76,115.33,176.09,-54.57,34.02,CBG,Food,4134.250000000008
2024-05-08,118.84,111.97,230.82,6.87,24.64,CBG,Food,4141.120000000008
2024-05-09,48.16,63.51,111.67,-15.35,20.55,CBG,Food,4125.770000000008
2024-05-10,24.64,26.23,50.87,-1.59,27.61,CBG,Food,4124.180000000008
2024-05-13,371.8,109.83,481.64,261.97,23.88,CBG,Food,4386.150000000008
2024-05-14,250.96,156.04,407.0,94.92,22.27,CBG,Food,4481.070000000008
2024-05-15,36.91,48.74,85.65,-11.83,31.48,CBG,Food,4469.240000000008
2024-05-16,84.89,64.31,149.2,20.58,29.29,CBG,Food,4489.820000000008
2024-05-17,76.6,77.22,153.82,-0.62,24.89,CBG,Food,4489.200000000008
2024-05-20,44.38,100.04,144.42,-55.66,35.72,CBG,Food,4433.540000000008
2024-05-21,16.55,39.96,56.51,-23.42,23.02,CBG,Food,4410.120000000008
2024-05-23,86.42,167.63,254.05,-81.2,23.56,CBG,Food,4328.920000000008
2024-05-24,35.68,49.1,84.77,-13.42,28.11,CBG,Food,4315.500000000008
2024-05-27,53.17,52.5,105.67,0.68,33.74,CBG,Food,4316.1800000000085
2024-05-28,72.76,97.72,170.48,-24.96,30.71,CBG,Food,4291.220000000008
2024-05-29,57.08,66.02,123.1,-8.95,33.49,CBG,Food,4282.270000000009
2024-05-30,61.16,50.95,112.12,10.21,36.96,CBG,Food,4292.480000000009
2024-05-31,92.07,74.05,166.11,18.02,48.79,CBG,Food,4310.500000000009
2024-06-04,53.25,43.92,97.17,9.33,32.9,CBG,Food,4319.830000000009
2024-06-05,133.08,87.44,220.51,45.64,40.85,CBG,Food,4365.470000000009
2024-06-06,123.08,92.97,216.05,30.1,29.74,CBG,Food,4395.57000000001
2024-06-07,49.97,65.07,115.04,-15.1,33.87,CBG,Food,4380.470000000009
2024-06-10,58.86,54.34,113.2,4.52,33.01,CBG,Food,4384.99000000001
2024-06-11,54.86,86.17,141.04,-31.31,25.42,CBG,Food,4353.680000000009
2024-06-12,75.29,57.22,132.51,18.06,26.22,CBG,Food,4371.74000000001
2024-06-13,48.01,85.08,133.09,-37.07,38.17,CBG,Food,4334.67000000001
2024-06-14,76.84,95.86,172.7,-19.02,35.49,CBG,Food,4315.65000000001
2024-06-17,40.41,60.86,101.27,-20.45,33.94,CBG,Food,4295.20000000001
2024-06-18,47.0,31.48,78.48,15.53,22.94,CBG,Food,4310.73000000001
2024-06-19,53.86,98.6,152.46,-44.74,33.69,CBG,Food,4265.99000000001
2024-06-20,42.38,43.6,85.98,-1.22,41.89,CBG,Food,4264.7700000000095
2024-06-21,72.33,91.31,163.64,-18.98,42.2,CBG,Food,4245.79000000001
2024-06-24,18.58,27.95,46.52,-9.37,29.5,CBG,Food,4236.42000000001
2024-06-25,37.58,56.85,94.43,-19.27,33.05,CBG,Food,4217.15000000001
2024-06-26,41.02,61.37,102.39,-20.35,35.59,CBG,Food,4196.800000000009
2024-06-27,33.82,33.75,67.57,0.07,25.5,CBG,Food,4196.870000000009
2024-06-28,48.38,45.1,93.48,3.28,48.67,CBG,Food,4200.150000000009
2024-07-01,24.79,31.83,56.61,-7.04,34.47,CBG,Food,4193.110000000009
2024-07-02,108.12,87.38,195.5,20.73,27.69,CBG,Food,4213.840000000008
2024-07-03,31.43,53.66,85.08,-22.23,25.82,CBG,Food,4191.610000000009
2024-07-04,22.86,77.86,100.72,-55.0,26.56,CBG,Food,4136.610000000009
2024-07-05,39.16,28.42,67.58,10.73,41.67,CBG,Food,4147.340000000008
2024-07-08,71.38,46.02,117.4,25.36,39.37,CBG,Food,4172.700000000008
2024-07-09,20.05,19.47,39.51,0.58,31.17,CBG,Food,4173.280000000008
2024-07-10,37.75,49.64,87.39,-11.89,25.17,CBG,Food,4161.390000000008
2024-07-11,11.17,16.44,27.61,-5.27,13.65,CBG,Food,4156.120000000007
2024-07-12,11.84,7.1,18.94,4.74,21.72,CBG,Food,4160.860000000007
2024-07-15,34.48,26.36,60.84,8.12,27.07,CBG,Food,4168.980000000007
2024-07-16,60.71,47.09,107.8,13.61,31.47,CBG,Food,4182.5900000000065
2024-07-17,35.67,34.18,69.85,1.49,28.44,CBG,Food,4184.080000000006
2024-07-18,21.39,27.99,49.38,-6.6,23.13,CBG,Food,4177.480000000006
2024-07-19,6.95,19.3,26.24,-12.35,24.63,CBG,Food,4165.130000000006
2024-07-23,49.16,82.12,131.28,-32.97,29.97,CBG,Food,4132.160000000005
2024-07-24,41.25,35.03,76.28,6.22,24.1,CBG,Food,4138.380000000006
2024-07-25,22.31,41.83,64.13,-19.52,24.59,CBG,Food,4118.860000000005
2024-07-26,25.9,19.77,45.66,6.13,25.06,CBG,Food,4124.990000000005
2024-07-30,28.18,36.21,64.39,-8.03,34.04,CBG,Food,4116.9600000000055
2024-07-31,46.74,38.49,85.22,8.25,31.32,CBG,Food,4125.2100000000055
2024-08-01,34.0,42.01,76.01,-8.01,26.06,CBG,Food,4117.200000000005
2024-08-02,26.04,42.75,68.79,-16.71,34.21,CBG,Food,4100.490000000005
2024-08-05,48.27,60.53,108.8,-12.25,27.12,CBG,Food,4088.2400000000052
2024-08-06,39.46,45.18,84.64,-5.72,32.25,CBG,Food,4082.5200000000054
2024-08-07,47.83,26.93,74.76,20.89,29.23,CBG,Food,4103.410000000005
2024-08-08,8.91,22.14,31.05,-13.23,24.67,CBG,Food,4090.1800000000053
2024-08-09,56.91,52.6,109.51,4.3,30.72,CBG,Food,4094.4800000000055
2024-08-13,22.51,54.66,77.17,-32.15,28.64,CBG,Food,4062.3300000000054
2024-08-14,346.4,172.15,518.55,174.24,27.05,CBG,Food,4236.570000000005
2024-08-15,92.46,103.69,196.14,-11.23,26.77,CBG,Food,4225.340000000006
2024-08-16,36.52,79.58,116.1,-43.06,26.48,CBG,Food,4182.280000000005
2024-08-19,78.23,93.84,172.07,-15.61,26.68,CBG,Food,4166.6700000000055
2024-08-20,64.66,65.74,130.4,-1.07,24.81,CBG,Food,4165.600000000006
2024-08-21,62.07,75.39,137.46,-13.33,22.67,CBG,Food,4152.270000000006
2024-08-22,68.56,40.16,108.72,28.4,24.94,CBG,Food,4180.6700000000055
2024-08-23,32.99,59.5,92.49,-26.51,22.69,CBG,Food,4154.160000000005
2024-08-26,55.12,49.79,104.91,5.33,23.88,CBG,Food,4159.490000000005
2024-08-27,40.04,37.98,78.02,2.06,21.1,CBG,Food,4161.550000000006
2024-08-28,97.15,60.15,157.3,37.0,27.46,CBG,Food,4198.550000000006
2024-08-29,99.24,91.24,190.48,8.01,19.07,CBG,Food,4206.560000000006
2024-08-30,43.28,90.05,133.33,-46.77,24.07,CBG,Food,4159.790000000005
2024-09-02,28.0,67.16,95.16,-39.15,26.35,CBG,Food,4120.640000000006
2024-09-03,39.76,45.46,85.22,-5.7,18.22,CBG,Food,4114.940000000006
2024-09-04,52.92,55.44,108.37,-2.52,18.9,CBG,Food,4112.4200000000055
2024-09-05,131.13,116.6,247.73,14.52,18.13,CBG,Food,4126.940000000006
2024-09-06,156.04,148.0,304.03,8.04,25.61,CBG,Food,4134.980000000006
2024-09-09,112.63,112.58,225.21,0.04,30.89,CBG,Food,4135.020000000006
2024-09-10,95.96,56.52,152.48,39.44,31.93,CBG,Food,4174.4600000000055
2024-09-11,85.09,102.15,187.24,-17.05,26.33,CBG,Food,4157.410000000005
2024-09-12,39.32,51.73,91.05,-12.42,29.81,CBG,Food,4144.990000000005
2024-09-13,57.97,50.58,108.55,7.38,18.75,CBG,Food,4152.370000000005
2024-09-16,27.99,22.39,50.38,5.6,15.49,CBG,Food,4157.970000000006
2024-09-17,53.03,59.75,112.78,-6.72,23.41,CBG,Food,4151.2500000000055
2024-09-18,32.57,49.06,81.62,-16.49,27.63,CBG,Food,4134.760000000006
2024-09-19,274.47,113.87,388.34,160.59,22.6,CBG,Food,4295.350000000006
2024-09-20,93.2,90.34,183.54,2.87,29.53,CBG,Food,4298.220000000006
2024-09-23,71.39,46.43,117.82,24.96,26.92,CBG,Food,4323.180000000006
2024-09-24,108.79,82.7,191.49,26.09,26.99,CBG,Food,4349.270000000006
2024-09-25,43.14,63.77,106.9,-20.63,26.91,CBG,Food,4328.640000000006
2024-09-26,92.67,52.03,144.7,40.64,29.88,CBG,Food,4369.280000000006
2024-09-27,37.37,89.3,126.67,-51.93,27.14,CBG,Food,4317.350000000006
2024-09-30,92.17,84.34,176.51,7.83,27.12,CBG,Food,4325.180000000006
2024-10-01,74.71,92.85,167.57,-18.14,20.89,CBG,Food,4307.040000000005
2024-10-02,78.95,69.67,148.62,9.28,28.2,CBG,Food,4316.320000000005
2024-10-03,106.74,108.59,215.32,-1.85,26.15,CBG,Food,4314.470000000005
2024-10-04,106.66,73.04,179.7,33.62,35.11,CBG,Food,4348.090000000005
2024-10-07,203.51,71.62,275.13,131.89,29.36,CBG,Food,4479.980000000005
2024-10-08,175.25,72.92,248.17,102.34,29.58,CBG,Food,4582.320000000005
2024-10-09,128.03,153.28,281.3,-25.25,36.61,CBG,Food,4557.070000000005
2024-10-10,171.38,101.01,272.39,70.37,33.32,CBG,Food,4627.440000000005
2024-10-11,84.34,101.81,186.15,-17.47,19.64,CBG,Food,4609.970000000005
2024-10-15,206.24,77.87,284.12,128.37,33.77,CBG,Food,4738.340000000005
2024-10-16,104.63,98.89,203.52,5.74,29.55,CBG,Food,4744.0800000000045
2024-10-17,60.97,57.22,118.18,3.75,24.15,CBG,Food,4747.8300000000045
2024-10-18,33.11,69.96,103.07,-36.85,29.61,CBG,Food,4710.980000000004
2024-10-21,105.49,97.41,202.9,8.08,33.88,CBG,Food,4719.060000000004
2024-10-22,50.29,29.74,80.03,20.55,35.6,CBG,Food,4739.610000000004
2024-10-24,76.08,51.04,127.13,25.04,39.19,CBG,Food,4764.650000000004
2024-10-25,34.62,39.5,74.12,-4.87,19.68,CBG,Food,4759.780000000004
2024-10-28,18.68,17.83,36.51,0.85,19.6,CBG,Food,4760.630000000005
2024-10-29,21.37,14.87,36.24,6.51,24.86,CBG,Food,4767.140000000005
2024-10-30,64.29,32.57,96.86,31.72,27.55,CBG,Food,4798.860000000005
2024-10-31,48.21,33.06,81.27,15.16,33.98,CBG,Food,4814.020000000005
2024-11-01,7.64,5.45,13.08,2.19,13.8,CBG,Food,4816.210000000005
2024-11-04,10.91,19.33,30.24,-8.42,15.45,CBG,Food,4807.7900000000045
2024-11-05,61.66,47.92,109.58,13.74,26.98,CBG,Food,4821.530000000004
2024-11-06,26.26,47.35,73.61,-21.09,22.67,CBG,Food,4800.440000000004
2024-11-07,28.21,72.46,100.66,-44.25,31.34,CBG,Food,4756.190000000004
2024-11-08,76.88,87.02,163.9,-10.15,21.73,CBG,Food,4746.0400000000045
2024-11-11,111.84,101.79,213.63,10.05,17.6,CBG,Food,4756.090000000005
2024-11-12,88.99,156.63,245.62,-67.65,20.36,CBG,Food,4688.440000000005
2024-11-13,113.49,51.74,165.23,61.75,18.79,CBG,Food,4750.190000000005
2024-11-14,60.3,70.68,130.97,-10.38,28.09,CBG,Food,4739.810000000005
2024-11-15,59.08,63.23,122.32,-4.15,29.5,CBG,Food,4735.660000000005
2024-11-18,33.36,32.19,65.56,1.17,29.81,CBG,Food,4736.830000000005
2024-11-19,43.36,45.53,88.88,-2.17,25.56,CBG,Food,4734.660000000005
2024-11-20,32.79,40.92,73.71,-8.14,27.23,CBG,Food,4726.520000000005
2024-11-21,71.89,32.48,104.37,39.41,41.69,CBG,Food,4765.930000000005
2024-11-22,51.41,47.16,98.57,4.24,28.43,CBG,Food,4770.170000000005
2024-11-25,46.5,28.16,74.67,18.34,36.25,CBG,Food,4788.510000000005
2024-11-26,30.43,14.02,44.45,16.41,15.69,CBG,Food,4804.920000000005
2024-11-27,37.97,22.6,60.57,15.37,21.93,CBG,Food,4820.2900000000045
2024-11-28,23.96,23.2,47.16,0.76,23.03,CBG,Food,4821.050000000005
2024-11-29,165.56,114.23,279.8,51.33,19.91,CBG,Food,4872.380000000005
2024-12-02,143.58,96.54,240.12,47.03,22.7,CBG,Food,4919.410000000004
2024-12-03,219.77,189.22,409.0,30.55,24.29,CBG,Food,4949.960000000005
2024-12-04,131.48,42.7,174.18,88.78,28.72,CBG,Food,5038.740000000004
2024-12-06,233.32,91.91,325.23,141.41,37.6,CBG,Food,5180.150000000004
2024-12-09,134.83,65.07,199.9,69.76,27.03,CBG,Food,5249.910000000004
2024-12-11,58.04,24.47,82.51,33.58,34.93,CBG,Food,5283.490000000004
2024-12-12,65.47,32.78,98.25,32.68,50.9,CBG,Food,5316.170000000005
2024-12-13,59.45,38.06,97.51,21.39,41.46,CBG,Food,5337.560000000005
2024-12-16,33.58,33.69,67.27,-0.1,31.4,CBG,Food,5337.460000000005
2024-12-17,75.48,114.55,190.03,-39.06,30.61,CBG,Food,5298.400000000004
2024-12-18,46.79,56.8,103.59,-10.02,33.62,CBG,Food,5288.380000000004
2024-12-19,35.19,56.95,92.15,-21.76,36.48,CBG,Food,5266.6200000000035
2024-12-20,50.99,65.08,116.07,-14.1,35.74,CBG,Food,5252.520000000003
2024-12-23,42.9,30.27,73.17,12.63,28.37,CBG,Food,5265.150000000003
2024-12-24,18.77,31.08,49.85,-12.32,26.23,CBG,Food,5252.830000000004
2024-12-25,19.35,30.04,49.4,-10.69,18.09,CBG,Food,5242.140000000004
2024-12-26,12.46,23.48,35.94,-11.03,20.2,CBG,Food,5231.110000000004
2024-12-27,16.87,18.98,35.85,-2.11,25.6,CBG,Food,5229.000000000005
2024-12-30,49.9,35.07,84.97,14.83,30.67,CBG,Food,5243.8300000000045
2025-01-02,25.82,26.64,52.45,-0.82,29.89,CBG,Food,5243.010000000005
2025-01-03,48.99,46.12,95.11,2.87,31.85,CBG,Food,5245.880000000005
2025-01-06,33.44,47.95,81.39,-14.5,29.88,CBG,Food,5231.380000000005
2025-01-07,50.67,71.69,122.36,-21.02,31.39,CBG,Food,5210.360000000004
2025-01-08,32.12,38.31,70.43,-6.19,25.5,CBG,Food,5204.170000000005
2025-01-09,41.61,63.89,105.5,-22.27,17.87,CBG,Food,5181.900000000004
2025-01-10,73.69,69.96,143.65,3.73,31.74,CBG,Food,5185.630000000004
2025-01-13,13.51,41.32,54.83,-27.8,29.01,CBG,Food,5157.830000000004
2025-01-14,108.19,41.41,149.6,66.79,33.71,CBG,Food,5224.6200000000035
2025-01-15,68.87,44.72,113.6,24.15,30.04,CBG,Food,5248.770000000003
2025-01-16,147.29,119.08,266.37,28.2,31.57,CBG,Food,5276.970000000003
2025-01-17,34.36,42.98,77.34,-8.62,33.1,CBG,Food,5268.350000000003
2025-01-20,24.62,29.76,54.38,-5.14,28.36,CBG,Food,5263.210000000003
2025-01-21,50.43,59.44,109.87,-9.01,17.63,CBG,Food,5254.200000000003
2025-01-22,185.08,81.5,266.58,103.58,25.45,CBG,Food,5357.7800000000025
2025-01-23,222.54,77.0,299.53,145.54,39.51,CBG,Food,5503.320000000002
2025-01-24,129.65,38.26,167.91,91.39,35.4,CBG,Food,5594.710000000003
2025-01-27,45.66,30.04,75.7,15.62,21.3,CBG,Food,5610.330000000003
2025-01-28,202.12,128.44,330.56,73.68,24.71,CBG,Food,5684.010000000003
2025-01-29,133.3,111.73,245.03,21.56,19.23,CBG,Food,5705.570000000003
2025-01-30,174.13,129.13,303.26,45.0,26.91,CBG,Food,5750.570000000003
2025-01-31,113.91,146.33,260.25,-32.42,36.28,CBG,Food,5718.150000000003
2025-02-03,180.69,121.05,301.74,59.63,40.72,CBG,Food,5777.780000000003
2025-02-04,235.93,157.8,393.72,78.13,42.58,CBG,Food,5855.9100000000035
2025-02-05,93.62,93.22,186.84,0.41,31.88,CBG,Food,5856.320000000003
2025-02-06,173.44,81.82,255.26,91.63,41.93,CBG,Food,5947.9500000000035
2025-02-07,117.69,97.67,215.36,20.01,36.43,CBG,Food,5967.960000000004
2025-02-10,59.26,64.86,124.12,-5.6,25.65,CBG,Food,5962.360000000003
2025-02-11,158.78,81.85,240.63,76.92,37.23,CBG,Food,6039.280000000003
2025-02-13,148.79,91.07,239.86,57.72,48.38,CBG,Food,6097.000000000004
2025-02-14,45.83,38.35,84.18,7.48,35.95,CBG,Food,6104.480000000003
2025-02-17,69.02,40.8,109.82,28.22,41.99,CBG,Food,6132.7000000000035
2025-02-18,75.86,46.95,122.81,28.92,30.54,CBG,Food,6161.6200000000035
2025-02-19,65.92,61.09,127.01,4.84,32.13,CBG,Food,6166.460000000004
2025-02-20,79.0,59.7,138.7,19.3,45.72,CBG,Food,6185.760000000004
2025-02-21,78.76,51.01,129.77,27.75,44.22,CBG,Food,6213.510000000004
2025-02-24,30.13,37.97,68.1,-7.84,26.87,CBG,Food,6205.670000000004
2025-02-25,41.49,22.12,63.61,19.37,17.5,CBG,Food,6225.040000000004
2025-02-26,100.63,107.72,208.35,-7.08,29.22,CBG,Food,6217.960000000004
2025-02-27,20.1,45.22,65.32,-25.12,23.83,CBG,Food,6192.840000000004
2025-02-28,54.17,56.3,110.47,-2.12,39.26,CBG,Food,6190.720000000004
2025-03-03,69.39,63.94,133.33,5.46,34.77,CBG,Food,6196.180000000004
2025-03-04,71.94,77.15,149.1,-5.21,36.49,CBG,Food,6190.970000000004
2025-03-05,64.32,82.32,146.64,-18.0,41.67,CBG,Food,6172.970000000004
2025-03-06,63.82,84.25,148.07,-20.42,29.38,CBG,Food,6152.550000000004
2025-03-07,70.5,60.97,131.47,9.54,47.04,CBG,Food,6162.090000000004
2025-03-10,42.86,70.41,113.26,-27.55,33.31,CBG,Food,6134.540000000004
2025-03-11,115.0,105.57,220.57,9.43,32.71,CBG,Food,6143.970000000004
2025-03-12,145.72,101.44,247.15,44.28,30.57,CBG,Food,6188.250000000004
2025-03-13,141.84,208.83,350.67,-67.0,31.33,CBG,Food,6121.250000000004
2025-03-14,107.69,111.29,218.98,-3.6,35.46,CBG,Food,6117.650000000003
2025-03-17,46.1,66.09,112.18,-19.99,36.17,CBG,Food,6097.6600000000035
2025-03-18,81.26,89.06,170.31,-7.8,48.12,CBG,Food,6089.860000000003
2025-03-19,81.56,80.06,161.62,1.5,37.4,CBG,Food,6091.360000000003
2025-03-20,36.95,120.27,157.22,-83.32,29.05,CBG,Food,6008.040000000004
2025-03-21,71.26,64.56,135.82,6.71,42.52,CBG,Food,6014.750000000004
2025-03-24,25.03,21.2,46.23,3.83,39.48,CBG,Food,6018.580000000004
2025-03-25,29.79,51.76,81.55,-21.97,30.28,CBG,Food,5996.610000000003
2025-03-26,64.95,52.21,117.16,12.74,38.27,CBG,Food,6009.350000000003
2025-03-27,58.87,46.41,105.28,12.45,28.62,CBG,Food,6021.800000000003
2025-03-28,23.46,34.0,57.46,-10.54,35.87,CBG,Food,6011.260000000003
2025-03-31,157.12,95.29,252.41,61.83,37.25,CBG,Food,6073.090000000003
2025-04-01,75.48,40.42,115.89,35.06,35.44,CBG,Food,6108.150000000003
2025-04-02,101.78,89.78,191.56,12.0,31.2,CBG,Food,6120.150000000003
2025-04-03,86.87,58.21,145.08,28.66,37.55,CBG,Food,6148.810000000003
2025-04-04,29.16,56.05,85.21,-26.89,27.23,CBG,Food,6121.920000000003
2025-04-08,73.91,73.12,147.03,0.79,40.19,CBG,Food,6122.710000000003
2025-04-09,64.57,67.58,132.15,-3.01,36.05,CBG,Food,6119.700000000003
2025-04-10,35.46,48.88,84.34,-13.43,24.08,CBG,Food,6106.270000000002
2025-04-11,53.34,62.28,115.62,-8.95,34.54,CBG,Food,6097.320000000002
2025-04-16,42.86,35.01,77.87,7.86,40.85,CBG,Food,6105.180000000002
2025-04-17,76.83,83.69,160.52,-6.86,44.04,CBG,Food,6098.320000000002
2025-04-18,53.22,60.13,113.35,-6.92,25.9,CBG,Food,6091.400000000002
2025-04-21,69.65,52.9,122.54,16.75,31.98,CBG,Food,6108.150000000002
2025-04-22,42.24,47.28,89.51,-5.04,35.43,CBG,Food,6103.110000000002
2025-04-23,36.74,64.06,100.8,-27.32,32.47,CBG,Food,6075.790000000003
2025-04-24,85.26,81.42,166.68,3.84,29.67,CBG,Food,6079.630000000003
2025-04-25,16.01,56.2,72.21,-40.19,28.09,CBG,Food,6039.440000000003
2025-04-28,36.19,37.1,73.29,-0.9,38.8,CBG,Food,6038.540000000004
2025-04-29,77.67,86.91,164.58,-9.24,38.87,CBG,Food,6029.300000000004
2025-04-30,77.1,69.39,146.49,7.71,45.07,CBG,Food,6037.010000000004
2025-05-02,43.05,68.81,111.86,-25.75,40.26,CBG,Food,6011.260000000004
2025-05-06,35.68,79.37,115.05,-43.69,40.51,CBG,Food,5967.570000000004
2025-05-07,50.23,55.74,105.97,-5.51,31.84,CBG,Food,5962.060000000004
2025-05-08,32.96,88.35,121.31,-55.39,31.17,CBG,Food,5906.670000000004
2025-05-09,26.27,43.85,70.12,-17.58,34.35,CBG,Food,5889.090000000004
2025-05-13,60.1,103.47,163.57,-43.37,30.5,CBG,Food,5845.720000000004
2025-05-14,15.44,29.52,44.96,-14.08,29.94,CBG,Food,5831.640000000004
2025-05-15,45.09,98.09,143.18,-53.01,30.47,CBG,Food,5778.630000000004
2025-05-16,59.58,53.98,113.56,5.6,30.8,CBG,Food,5784.230000000004
2025-05-19,53.5,82.95,136.45,-29.45,32.38,CBG,Food,5754.780000000004
2025-05-20,80.33,179.54,259.87,-99.2,26.79,CBG,Food,5655.5800000000045
2025-05-21,63.46,120.51,183.96,-57.05,28.26,CBG,Food,5598.530000000004
2025-05-22,42.04,113.72,155.76,-71.68,31.16,CBG,Food,5526.850000000004
2025-05-23,34.69,31.97,66.66,2.72,35.99,CBG,Food,5529.570000000004
2025-05-26,28.67,38.88,67.54,-10.21,27.35,CBG,Food,5519.360000000004
2025-05-27,55.0,68.77,123.78,-13.77,31.86,CBG,Food,5505.590000000004
2025-05-28,46.29,42.0,88.3,4.29,30.43,CBG,Food,5509.880000000004
2025-05-29,37.36,34.25,71.61,3.11,29.95,CBG,Food,5512.990000000003
2025-05-30,43.76,130.71,174.47,-86.95,38.46,CBG,Food,5426.040000000004
2025-06-04,56.12,73.4,129.52,-17.28,33.7,CBG,Food,5408.760000000004
2025-06-05,93.47,88.45,181.92,5.02,45.56,CBG,Food,5413.780000000004
2025-06-06,28.26,54.14,82.4,-25.88,41.4,CBG,Food,5387.900000000004
2025-06-09,24.11,12.48,36.59,11.62,34.48,CBG,Food,5399.520000000004
2025-06-10,19.89,24.86,44.76,-4.97,32.32,CBG,Food,5394.550000000004
2025-06-11,17.17,22.2,39.36,-5.03,32.55,CBG,Food,5389.520000000004
2025-06-12,21.25,101.59,122.84,-80.34,32.35,CBG,Food,5309.180000000004
2025-06-13,78.73,87.39,166.13,-8.66,25.15,CBG,Food,5300.520000000004
2025-06-16,135.27,65.86,201.13,69.41,34.81,CBG,Food,5369.930000000004
2025-06-17,64.2,52.02,116.22,12.18,39.39,CBG,Food,5382.110000000004
2025-06-18,103.67,87.6,191.26,16.07,29.45,CBG,Food,5398.180000000004
2025-06-19,105.03,58.07,163.1,46.96,34.37,CBG,Food,5445.140000000004
2025-06-20,92.83,78.62,171.45,14.22,40.36,CBG,Food,5459.360000000004
2025-06-23,50.73,34.4,85.13,16.33,37.8,CBG,Food,5475.690000000004
2025-06-24,52.67,47.56,100.22,5.11,37.46,CBG,Food,5480.800000000004
2025-06-25,44.06,62.53,106.58,-18.47,32.44,CBG,Food,5462.330000000004
2025-06-26,56.94,92.17,149.12,-35.23,45.98,CBG,Food,5427.100000000004
2025-06-27,45.89,41.86,87.75,4.03,39.17,CBG,Food,5431.130000000004
2025-06-30,32.21,24.5,56.71,7.72,41.27,CBG,Food,5438.850000000004
2025-07-01,66.61,51.54,118.15,15.06,45.06,CBG,Food,5453.910000000004
2025-07-02,48.01,67.67,115.68,-19.67,34.6,CBG,Food,5434.240000000004
2025-07-03,77.2,51.52,128.72,25.67,33.63,CBG,Food,5459.910000000004
2025-07-04,22.64,44.05,66.69,-21.41,28.74,CBG,Food,5438.500000000005
2025-07-07,59.01,49.56,108.57,9.45,34.12,CBG,Food,5447.950000000004
2025-07-08,82.54,82.27,164.81,0.27,42.39,CBG,Food,5448.220000000005
2025-07-09,43.63,51.44,95.07,-7.81,42.64,CBG,Food,5440.410000000004
2025-07-11,43.8,50.57,94.38,-6.77,38.53,CBG,Food,5433.640000000004
2025-07-14,50.02,45.47,95.49,4.55,31.87,CBG,Food,5438.190000000004
2025-07-15,79.47,50.48,129.95,28.99,39.84,CBG,Food,5467.180000000004
2025-07-16,85.63,48.65,134.28,36.98,27.25,CBG,Food,5504.1600000000035
2025-07-17,96.31,54.25,150.56,42.05,38.09,CBG,Food,5546.210000000004
2025-07-18,52.71,61.96,114.66,-9.25,46.56,CBG,Food,5536.960000000004
2025-07-21,24.03,24.63,48.67,-0.6,21.83,CBG,Food,5536.360000000003
2025-07-22,84.6,54.01,138.61,30.58,29.02,CBG,Food,5566.940000000003
2025-07-23,36.46,85.46,121.92,-49.0,34.72,CBG,Food,5517.940000000003
2025-07-24,96.49,75.47,171.96,21.02,11.79,CBG,Food,5538.960000000004
2025-07-25,106.17,53.62,159.79,52.55,26.23,CBG,Food,5591.510000000004
2025-07-29,125.34,74.05,199.4,51.29,25.35,CBG,Food,5642.800000000004
2025-07-30,63.07,27.81,90.87,35.26,22.91,CBG,Food,5678.060000000004
2025-07-31,40.5,48.0,88.49,-7.5,31.11,CBG,Food,5670.560000000004
2025-08-01,80.42,68.47,148.89,11.95,39.93,CBG,Food,5682.510000000004
2025-08-04,21.65,32.9,54.54,-11.25,24.53,CBG,Food,5671.260000000004
2025-08-05,122.97,39.49,162.46,83.48,28.44,CBG,Food,5754.740000000003
2025-08-06,42.83,37.13,79.96,5.7,33.27,CBG,Food,5760.440000000003
2025-08-07,56.61,49.86,106.47,6.75,22.45,CBG,Food,5767.190000000003
2025-08-08,37.57,57.26,94.82,-19.69,26.96,CBG,Food,5747.500000000004
2025-08-13,30.62,51.0,81.61,-20.38,28.13,CBG,Food,5727.1200000000035
2025-08-14,98.41,54.28,152.69,44.13,38.05,CBG,Food,5771.250000000004
2025-08-15,132.15,50.27,182.42,81.88,26.38,CBG,Food,5853.130000000004
2025-08-18,104.7,28.55,133.26,76.15,35.19,CBG,Food,5929.280000000003
2025-08-19,105.82,67.89,173.71,37.93,39.55,CBG,Food,5967.210000000004
2025-08-20,22.42,44.75,67.17,-22.33,21.19,CBG,Food,5944.880000000004
2025-08-21,42.76,65.59,108.35,-22.83,32.26,CBG,Food,5922.050000000004
2025-08-22,11.34,24.68,36.01,-13.34,26.5,CBG,Food,5908.710000000004
2025-08-25,19.16,21.79,40.96,-2.63,24.76,CBG,Food,5906.080000000004
2025-08-26,20.02,41.55,61.56,-21.53,36.6,CBG,Food,5884.550000000004
2025-08-27,8.97,20.09,29.06,-11.12,19.54,CBG,Food,5873.430000000004
2025-08-28,6.95,20.1,27.05,-13.15,30.49,CBG,Food,5860.280000000004
2025-08-29,40.26,61.44,101.71,-21.18,38.55,CBG,Food,5839.100000000004
2025-09-01,22.78,35.9,58.68,-13.12,21.94,CBG,Food,5825.980000000004
2025-09-02,5.55,13.61,19.16,-8.07,19.17,CBG,Food,5817.910000000004
2025-09-03,104.19,63.81,168.0,40.38,23.03,CBG,Food,5858.2900000000045
2025-09-04,36.46,81.51,117.97,-45.06,18.43,CBG,Food,5813.230000000004
2025-09-05,39.6,101.95,141.55,-62.35,32.88,CBG,Food,5750.880000000004
2025-09-08,124.74,176.69,301.43,-51.94,19.58,CBG,Food,5698.940000000004
2025-09-09,58.07,210.92,268.99,-152.86,27.62,CBG,Food,5546.0800000000045
2025-09-10,110.63,164.43,275.06,-53.81,19.25,CBG,Food,5492.270000000004
2025-09-11,72.45,139.53,211.98,-67.09,26.81,CBG,Food,5425.180000000004
2025-09-12,35.51,81.63,117.13,-46.12,23.15,CBG,Food,5379.060000000004
2025-09-15,37.42,24.87,62.29,12.55,17.14,CBG,Food,5391.610000000004
2025-09-16,96.07,104.87,200.93,-8.8,26.3,CBG,Food,5382.810000000004
2025-09-17,24.53,51.85,76.38,-27.33,20.93,CBG,Food,5355.480000000004
2025-09-18,93.34,135.01,228.34,-41.67,18.45,CBG,Food,5313.810000000004
2025-09-19,56.98,88.12,145.11,-31.14,26.54,CBG,Food,5282.670000000004
2025-09-22,9.84,27.12,36.96,-17.28,11.98,CBG,Food,5265.390000000004
2025-09-23,48.93,162.85,211.78,-113.93,31.0,CBG,Food,5151.460000000004
2025-09-24,66.77,52.4,119.17,14.36,16.15,CBG,Food,5165.820000000003
2025-09-25,78.96,77.59,156.55,1.37,31.23,CBG,Food,5167.190000000003
2025-09-26,18.96,32.81,51.77,-13.85,17.51,CBG,Food,5153.340000000003
2025-09-29,50.38,93.43,143.81,-43.05,18.95,CBG,Food,5110.290000000003
2025-09-30,39.66,104.03,143.69,-64.38,34.55,CBG,Food,5045.910000000003
2025-10-01,35.59,42.33,77.92,-6.74,22.51,CBG,Food,5039.170000000003
2025-10-02,36.93,87.12,124.05,-50.18,28.55,CBG,Food,4988.9900000000025
2025-10-03,13.75,35.74,49.49,-21.99,21.87,CBG,Food,4967.000000000003
2025-10-06,7.12,29.58,36.7,-22.46,17.91,CBG,Food,4944.540000000003
2025-10-07,24.34,19.76,44.1,4.57,12.78,CBG,Food,4949.110000000002
2025-10-08,4.55,23.73,28.29,-19.18,13.94,CBG,Food,4929.930000000002
2025-10-09,13.14,39.47,52.6,-26.33,18.79,CBG,Food,4903.600000000002
2025-10-10,17.65,62.5,80.15,-44.85,29.97,CBG,Food,4858.750000000002
2025-10-14,47.79,62.38,110.17,-14.6,22.05,CBG,Food,4844.1500000000015
2025-10-15,15.15,19.47,34.62,-4.33,15.88,CBG,Food,4839.8200000000015
2025-10-16,18.78,34.58,53.36,-15.8,21.92,CBG,Food,4824.020000000001
2025-10-17,39.99,37.63,77.62,2.37,21.34,CBG,Food,4826.390000000001
2025-10-20,76.2,23.44,99.64,52.76,19.5,CBG,Food,4879.1500000000015
2025-10-21,91.26,122.23,213.49,-30.97,17.24,CBG,Food,4848.180000000001
2025-10-22,69.81,58.25,128.06,11.56,19.75,CBG,Food,4859.740000000002
2025-10-24,29.05,90.29,119.35,-61.24,24.71,CBG,Food,4798.500000000002
2025-10-27,68.68,116.74,185.41,-48.06,21.87,CBG,Food,4750.440000000001
2025-10-28,33.41,82.19,115.59,-48.78,31.21,CBG,Food,4701.660000000002
2025-10-29,21.36,34.4,55.76,-13.04,26.79,CBG,Food,4688.620000000002
2025-10-30,15.71,23.05,38.75,-7.34,18.54,CBG,Food,4681.280000000002
2025-10-31,10.02,29.26,39.27,-19.24,29.7,CBG,Food,4662.040000000002
2025-11-03,7.23,21.52,28.75,-14.3,27.42,CBG,Food,4647.740000000002
2025-11-04,23.59,61.91,85.5,-38.32,34.78,CBG,Food,4609.420000000002
2025-11-05,83.97,33.87,117.83,50.1,23.15,CBG,Food,4659.520000000002
2025-11-06,61.59,25.01,86.6,36.58,31.79,CBG,Food,4696.100000000002
2025-11-07,45.8,28.02,73.82,17.78,23.43,CBG,Food,4713.880000000002
2025-11-10,55.43,39.99,95.42,15.44,29.99,CBG,Food,4729.3200000000015
2025-11-11,48.77,86.84,135.61,-38.07,34.69,CBG,Food,4691.250000000002
2025-11-12,36.29,49.87,86.16,-13.58,26.59,CBG,Food,4677.670000000002
2025-11-13,17.25,16.12,33.37,1.14,27.69,CBG,Food,4678.810000000002
2025-11-14,14.15,23.43,37.58,-9.29,23.41,CBG,Food,4669.520000000002
2025-11-17,101.52,41.21,142.73,60.31,35.12,CBG,Food,4729.830000000003
2025-11-18,36.97,53.08,90.05,-16.11,24.82,CBG,Food,4713.720000000003
2025-11-19,12.09,40.39,52.48,-28.3,20.18,CBG,Food,4685.420000000003
2025-11-20,23.58,26.55,50.14,-2.97,20.31,CBG,Food,4682.450000000003
2025-11-21,54.57,31.6,86.17,22.97,24.6,CBG,Food,4705.420000000003
2025-11-24,32.81,40.65,73.46,-7.84,27.6,CBG,Food,4697.580000000003
2025-11-25,72.05,40.91,112.96,31.14,25.97,CBG,Food,4728.720000000003
2025-11-26,76.93,75.25,152.19,1.68,26.73,CBG,Food,4730.400000000003
2025-11-27,19.64,18.83,38.46,0.81,26.18,CBG,Food,4731.210000000004
2025-11-28,39.95,35.15,75.1,4.8,34.29,CBG,Food,4736.010000000004
2025-12-01,38.42,29.64,68.06,8.78,37.01,CBG,Food,4744.790000000004
2025-12-02,85.43,60.6,146.04,24.83,31.68,CBG,Food,4769.6200000000035
2025-12-03,35.83,61.67,97.5,-25.84,44.29,CBG,Food,4743.780000000003
2025-12-04,37.53,60.38,97.91,-22.86,32.67,CBG,Food,4720.920000000004
2025-12-08,47.25,69.48,116.73,-22.23,23.88,CBG,Food,4698.690000000004
2025-12-09,17.02,22.24,39.26,-5.22,30.77,CBG,Food,4693.470000000004
2025-12-11,32.85,30.53,63.38,2.32,23.93,CBG,Food,4695.790000000004
2025-12-12,49.93,28.87,78.8,21.06,39.23,CBG,Food,4716.850000000004
2025-12-15,54.28,28.95,83.23,25.33,37.98,CBG,Food,4742.180000000004
2025-12-16,21.13,37.0,58.13,-15.87,30.24,CBG,Food,4726.310000000004
2025-12-17,57.73,70.2,127.93,-12.47,42.91,CBG,Food,4713.840000000004
2025-12-18,20.79,37.65,58.44,-16.86,26.21,CBG,Food,4696.980000000004
2025-12-19,32.71,17.55,50.26,15.16,38.71,CBG,Food,4712.140000000004
2025-12-22,65.07,36.31,101.38,28.77,33.35,CBG,Food,4740.910000000004
2025-12-23,46.26,28.38,74.65,17.88,35.3,CBG,Food,4758.7900000000045
2025-12-24,41.74,35.49,77.23,6.26,32.95,CBG,Food,4765.050000000005
2025-12-25,12.28,37.23,49.51,-24.95,26.97,CBG,Food,4740.100000000005
2025-12-26,8.09,24.65,32.74,-16.56,27.13,CBG,Food,4723.5400000000045
2025-12-29,22.8,18.76,41.56,4.03,29.0,CBG,Food,4727.570000000004
2025-12-30,7.79,16.82,24.6,-9.03,25.26,CBG,Food,4718.5400000000045
2026-01-05,20.09,19.79,39.88,0.3,28.19,CBG,Food,4718.840000000005
2026-01-06,14.44,20.36,34.81,-5.92,27.96,CBG,Food,4712.920000000005
2026-01-07,84.86,30.67,115.53,54.19,32.49,CBG,Food,4767.110000000004
2026-01-08,10.63,54.33,64.96,-43.71,24.22,CBG,Food,4723.400000000004
2026-01-09,57.36,42.64,100.0,14.72,33.05,CBG,Food,4738.120000000004
2026-01-12,20.13,41.36,61.49,-21.24,28.23,CBG,Food,4716.880000000005
2026-01-13,72.18,58.2,130.38,13.97,26.44,CBG,Food,4730.850000000005
2026-01-14,48.38,25.82,74.2,22.56,31.4,CBG,Food,4753.410000000005
2026-01-15,32.43,18.59,51.01,13.84,32.85,CBG,Food,4767.2500000000055
2026-01-16,116.45,41.12,157.57,75.33,33.87,CBG,Food,4842.580000000005
2026-01-19,62.72,38.57,101.29,24.15,33.1,CBG,Food,4866.730000000005
2026-01-20,129.74,66.03,195.77,63.7,38.84,CBG,Food,4930.430000000005
2026-01-21,36.54,30.67,67.21,5.88,33.16,CBG,Food,4936.310000000005
2026-01-22,60.19,66.36,126.55,-6.17,40.73,CBG,Food,4930.140000000005
2026-01-23,24.11,38.27,62.39,-14.16,36.66,CBG,Food,4915.980000000005
2026-01-26,26.64,26.4,53.04,0.24,42.95,CBG,Food,4916.220000000005
2026-01-27,33.33,33.29,66.62,0.04,40.84,CBG,Food,4916.260000000005
2026-01-28,22.79,31.92,54.72,-9.13,26.34,CBG,Food,4907.130000000005
2026-01-29,24.66,21.6,46.26,3.06,27.44,CBG,Food,4910.190000000005
2026-01-30,15.02,15.79,30.81,-0.77,37.21,CBG,Food,4909.420000000005
2026-02-02,14.55,33.3,47.85,-18.75,36.02,CBG,Food,4890.670000000005
2026-02-03,55.76,32.22,87.97,23.54,32.4,CBG,Food,4914.210000000005
2026-02-04,25.76,77.15,102.91,-51.39,24.55,CBG,Food,4862.820000000004
2026-02-05,46.64,26.17,72.81,20.47,21.09,CBG,Food,4883.2900000000045
2026-02-06,29.85,50.79,80.63,-20.94,36.89,CBG,Food,4862.350000000005
2026-02-09,263.04,77.94,340.98,185.1,34.15,CBG,Food,5047.450000000005
2026-02-10,122.4,155.98,278.39,-33.58,21.0,CBG,Food,5013.870000000005
2026-02-11,31.65,89.58,121.22,-57.93,25.4,CBG,Food,4955.940000000005
2026-02-12,73.42,45.63,119.05,27.8,25.56,CBG,Food,4983.740000000005
2026-02-13,36.23,93.29,129.52,-57.06,24.12,CBG,Food,4926.680000000005
2026-02-16,35.42,41.68,77.11,-6.26,24.74,CBG,Food,4920.420000000005
2026-02-17,45.91,54.14,100.04,-8.23,21.7,CBG,Food,4912.190000000005
2026-02-18,64.34,54.95,119.3,9.39,26.33,CBG,Food,4921.580000000005
2026-02-19,70.33,92.81,163.14,-22.48,19.04,CBG,Food,4899.100000000006
2026-02-20,29.6,54.65,84.25,-25.05,23.46,CBG,Food,4874.050000000006
2026-02-23,76.45,113.63,190.09,-37.18,28.95,CBG,Food,4836.870000000005
2026-02-24,53.59,40.09,93.68,13.5,24.03,CBG,Food,4850.370000000005
2026-02-25,55.99,54.35,110.34,1.64,25.93,CBG,Food,4852.010000000006
2026-02-26,68.65,44.85,113.5,23.8,30.82,CBG,Food,4875.810000000006
2026-02-27,29.32,43.98,73.31,-14.66,26.41,CBG,Food,4861.150000000006
2026-03-02,58.4,76.96,135.36,-18.56,16.14,CBG,Food,4842.590000000006
2026-03-04,79.16,129.37,208.53,-50.21,26.73,CBG,Food,4792.380000000006
2026-03-05,63.9,112.19,176.08,-48.29,27.03,CBG,Food,4744.090000000006
2026-03-06,43.84,53.51,97.35,-9.67,32.27,CBG,Food,4734.4200000000055
2026-03-09,70.11,64.78,134.9,5.33,34.08,CBG,Food,4739.7500000000055
2026-03-10,46.36,88.16,134.52,-41.79,37.76,CBG,Food,4697.9600000000055
2026-03-11,32.43,48.32,80.74,-15.89,39.29,CBG,Food,4682.070000000005
2026-03-12,59.2,75.97,135.18,-16.77,39.33,CBG,Food,4665.300000000005
2026-03-13,25.87,73.71,99.58,-47.84,30.07,CBG,Food,4617.460000000005
2026-03-16,29.77,38.74,68.51,-8.96,43.73,CBG,Food,4608.500000000005
2026-03-17,35.7,35.02,70.72,0.68,31.74,CBG,Food,4609.180000000005
2026-03-18,63.34,66.24,129.58,-2.9,31.97,CBG,Food,4606.280000000005
2026-03-19,42.31,70.86,113.17,-28.55,29.68,CBG,Food,4577.730000000005
2026-03-20,52.8,38.42,91.22,14.38,32.08,CBG,Food,4592.110000000005
2026-03-23,20.42,38.03,58.45,-17.61,26.52,CBG,Food,4574.5000000000055
2026-03-24,49.61,39.48,89.1,10.13,36.23,CBG,Food,4584.630000000006
2026-03-25,55.0,32.01,87.01,22.99,35.62,CBG,Food,4607.620000000005
2026-03-26,26.49,31.39,57.88,-4.89,31.15,CBG,Food,4602.730000000005
2026-03-27,40.9,43.04,83.94,-2.14,33.82,CBG,Food,4600.590000000005
2026-03-30,71.08,35.41,106.5,35.67,34.28,CBG,Food,4636.260000000005
2026-03-31,79.12,60.14,139.26,18.98,30.04,CBG,Food,4655.240000000004
2026-04-01,48.75,55.26,104.01,-6.52,28.2,CBG,Food,4648.720000000004
2026-04-02,40.12,38.69,78.81,1.43,36.87,CBG,Food,4650.150000000004
2026-04-03,45.54,24.74,70.28,20.79,29.92,CBG,Food,4670.940000000004
2026-04-07,25.83,18.0,43.82,7.83,35.16,CBG,Food,4678.770000000004
2026-04-08,44.55,26.52,71.08,18.03,33.52,CBG,Food,4696.800000000004
2026-04-09,14.26,34.35,48.61,-20.09,31.83,CBG,Food,4676.710000000004
2026-04-10,14.4,13.0,27.41,1.4,24.01,CBG,Food,4678.110000000003
2026-04-16,66.96,43.47,110.43,23.49,36.21,CBG,Food,4701.600000000003
2026-04-17,11.93,30.68,42.61,-18.75,29.81,CBG,Food,4682.850000000003
2026-04-20,13.13,15.17,28.29,-2.04,24.44,CBG,Food,4680.810000000003
2026-04-21,20.86,22.75,43.61,-1.89,36.95,CBG,Food,4678.920000000003
2026-04-22,5.97,13.52,19.49,-7.55,15.58,CBG,Food,4671.370000000003
2026-04-23,27.69,33.32,61.01,-5.63,27.55,CBG,Food,4665.7400000000025
2026-04-24,13.12,17.47,30.58,-4.35,30.83,CBG,Food,4661.390000000002
2026-04-27,26.18,45.89,72.07,-19.71,48.09,CBG,Food,4641.680000000002
2026-04-28,22.32,46.58,68.9,-24.26,32.14,CBG,Food,4617.420000000002
2026-04-29,36.36,25.44,61.8,10.92,34.17,CBG,Food,4628.340000000002
2026-04-30,11.44,24.42,35.86,-12.99,36.33,CBG,Food,4615.350000000002
2026-05-05,14.84,13.26,28.09,1.58,35.0,CBG,Food,4616.930000000002
2026-05-06,43.7,47.78,91.48,-4.09,35.0,CBG,Food,4612.840000000002
2026-05-07,162.29,77.36,239.65,84.93,28.91,CBG,Food,4697.770000000002
2026-05-08,219.09,85.82,304.91,133.27,24.27,CBG,Food,4831.040000000003
2026-05-11,54.77,85.91,140.68,-31.14,32.88,CBG,Food,4799.900000000002
2026-05-12,74.66,83.3,157.95,-8.64,39.16,CBG,Food,4791.260000000002
2026-05-13,92.75,78.05,170.81,14.7,28.28,CBG,Food,4805.960000000002
2026-05-14,76.15,37.71,113.85,38.44,31.67,CBG,Food,4844.4000000000015
2026-05-15,49.93,26.99,76.93,22.94,34.81,CBG,Food,4867.340000000001
2026-05-18,31.3,59.88,91.18,-28.59,27.15,CBG,Food,4838.750000000001
2026-05-19,87.72,52.64,140.36,35.08,32.09,CBG,Food,4873.830000000001
2026-05-20,23.22,72.34,95.56,-49.13,34.16,CBG,Food,4824.700000000001
2026-05-21,52.98,51.5,104.49,1.48,30.89,CBG,Food,4826.18
2026-05-22,23.72,54.03,77.75,-30.31,38.77,CBG,Food,4795.87
2026-05-25,159.35,116.67,276.02,42.67,29.49,CBG,Food,4838.54
2026-05-26,51.27,85.88,137.15,-34.62,23.75,CBG,Food,4803.92
2026-05-27,50.18,37.52,87.69,12.66,30.41,CBG,Food,4816.58
2026-05-28,55.93,45.25,101.18,10.67,33.59,CBG,Food,4827.25
2026-05-29,45.35,88.61,133.96,-43.27,35.78,CBG,Food,4783.98
2026-06-02,79.77,54.08,133.85,25.68,28.43,CBG,Food,4809.66
2026-06-04,106.93,90.64,197.57,16.29,28.71,CBG,Food,4825.95
2026-06-05,124.5,143.56,268.06,-19.05,30.0,CBG,Food,4806.9
2026-06-08,30.5,96.47,126.96,-65.97,29.55,CBG,Food,4740.929999999999
2026-06-09,18.18,27.68,45.86,-9.51,24.87,CBG,Food,4731.419999999999
2026-06-10,24.97,38.11,63.08,-13.14,28.11,CBG,Food,4718.279999999999
2026-06-11,19.44,29.46,48.89,-10.02,32.95,CBG,Food,4708.259999999998
2026-06-12,19.61,16.88,36.48,2.73,39.19,CBG,Food,4710.989999999998
2026-06-15,39.82,48.44,88.26,-8.63,32.29,CBG,Food,4702.359999999998
2026-06-16,22.84,22.73,45.58,0.11,28.29,CBG,Food,4702.4699999999975
2026-06-17,56.42,23.73,80.15,32.68,29.39,CBG,Food,4735.149999999998
2026-06-18,25.96,49.08,75.04,-23.12,36.54,CBG,Food,4712.029999999998
2026-06-19,69.76,42.36,112.13,27.4,30.56,CBG,Food,4739.429999999998
2026-06-22,88.83,63.81,152.63,25.02,31.7,CBG,Food,4764.449999999998
2026-06-23,79.33,79.69,159.01,-0.36,30.07,CBG,Food,4764.089999999998
2026-06-24,153.78,140.88,294.65,12.9,27.63,CBG,Food,4776.989999999998
2026-06-25,139.72,157.73,297.45,-18.0,27.15,CBG,Food,4758.989999999998
2026-06-26,82.01,96.41,178.42,-14.39,26.43,CBG,Food,4744.599999999998
2026-06-29,119.21,74.83,194.04,44.37,32.76,CBG,Food,4788.9699999999975
2026-06-30,521.12,265.82,786.94,255.3,33.53,CBG,Food,5044.269999999998
2026-07-01,162.09,167.48,329.57,-5.39,32.24,CBG,Food,5038.879999999997
2026-07-02,76.7,90.44,167.14,-13.75,24.4,CBG,Food,5025.129999999997
2026-07-03,150.95,127.92,278.87,23.03,21.25,CBG,Food,5048.159999999997
2026-07-06,71.14,119.6,190.74,-48.46,27.79,CBG,Food,4999.699999999997
2026-07-07,72.13,82.44,154.57,-10.31,30.35,CBG,Food,4989.389999999997
2026-07-08,131.18,85.73,216.91,45.44,33.5,CBG,Food,5034.829999999996
2026-07-09,72.88,69.96,142.83,2.92,20.8,CBG,Food,5037.749999999996
2026-07-10,61.97,79.06,141.04,-17.09,11.46,CBG,Food,5020.659999999996
2026-07-13,113.1,156.44,269.55,-43.34,19.34,CBG,Food,4977.319999999996
2026-07-14,32.75,81.91,114.66,-49.16,17.4,CBG,Food,4928.159999999996
2026-07-15,46.05,68.8,114.86,-22.75,18.52,CBG,Food,4905.409999999996
2026-07-16,107.81,66.49,174.3,41.33,18.85,CBG,Food,4946.739999999996
2026-07-17,91.53,95.78,187.31,-4.25,22.86,CBG,Food,4942.489999999996
2026-07-20,80.27,79.44,159.71,0.83,26.61,CBG,Food,4943.319999999996
2026-07-21,35.02,75.02,110.03,-40.0,21.71,CBG,Food,4903.319999999996
2026-07-22,106.37,111.06,217.42,-4.69,24.71,CBG,Food,4898.6299999999965
2026-07-23,93.05,71.76,164.81,21.28,20.64,CBG,Food,4919.909999999996
2026-07-24,75.4,105.75,181.15,-30.36,23.71,CBG,Food,4889.5499999999965
2026-07-27,74.25,89.08,163.33,-14.82,21.31,CBG,Food,4874.729999999997
2026-07-30,89.3,58.39,147.69,30.92,29.94,CBG,Food,4905.649999999997
2026-07-31,21.62,48.46,70.09,-26.84,15.85,CBG,Food,4878.809999999997
2026-08-03,72.59,49.24,121.83,23.34,20.93,CBG,Food,4902.149999999997
2026-08-04,92.98,71.37,164.35,21.61,20.96,CBG,Food,4923.759999999997
2026-08-05,43.81,75.67,119.48,-31.86,11.66,CBG,Food,4891.899999999997
2026-08-06,27.73,23.3,51.04,4.43,17.34,CBG,Food,4896.329999999997
2026-08-07,44.55,28.19,72.74,16.35,24.1,CBG,Food,4912.679999999998
2026-08-10,7.99,14.06,22.05,-6.06,15.71,CBG,Food,4906.619999999997
2026-08-11,42.91,43.27,86.18,-0.36,27.09,CBG,Food,4906.2599999999975
2026-08-13,98.47,90.14,188.61,8.33,20.33,CBG,Food,4914.589999999997
2026-08-14,409.08,146.02,555.1,263.05,23.72,CBG,Food,5177.639999999998
2026-08-17,219.85,241.99,461.84,-22.14,21.01,CBG,Food,5155.499999999997
2026-08-18,76.35,78.79,155.13,-2.44,25.39,CBG,Food,5153.059999999998
2026-08-19,79.77,85.83,165.6,-6.06,24.41,CBG,Food,5146.999999999997
2026-08-20,86.44,103.89,190.33,-17.45,16.3,CBG,Food,5129.549999999997
2026-08-21,115.28,164.17,279.45,-48.9,22.37,CBG,Food,5080.649999999998
2026-08-24,186.39,43.69,230.08,142.7,22.5,CBG,Food,5223.349999999998
2026-08-25,137.53,99.21,236.74,38.33,24.99,CBG,Food,5261.679999999998
