date,buy_mb,sell_mb,buy_sell_mb,net_mb,nvdr_pct,symbol,sector,cumulative_net_mb
2020-01-02,3.83,19.29,23.11,-15.46,16.07,CHG,Helth,-15.46
2020-01-03,8.7,25.59,34.29,-16.88,8.11,CHG,Helth,-32.34
2020-01-06,26.32,19.96,46.28,6.35,8.37,CHG,Helth,-25.990000000000002
2020-01-07,65.08,27.68,92.76,37.4,16.33,CHG,Helth,11.409999999999997
2020-01-08,18.92,17.18,36.11,1.74,11.53,CHG,Helth,13.149999999999997
2020-01-09,3.74,10.62,14.36,-6.88,18.04,CHG,Helth,6.269999999999997
2020-01-10,9.18,5.93,15.12,3.25,16.52,CHG,Helth,9.519999999999996
2020-01-13,3.87,10.37,14.24,-6.5,20.3,CHG,Helth,3.019999999999996
2020-01-14,9.32,14.4,23.73,-5.08,8.65,CHG,Helth,-2.060000000000004
2020-01-15,59.28,25.47,84.75,33.81,26.09,CHG,Helth,31.75
2020-01-16,14.93,12.38,27.32,2.55,11.33,CHG,Helth,34.3
2020-01-17,12.98,11.82,24.81,1.16,14.15,CHG,Helth,35.459999999999994
2020-01-20,20.6,18.39,38.99,2.2,17.58,CHG,Helth,37.66
2020-01-21,12.42,9.48,21.89,2.94,11.76,CHG,Helth,40.599999999999994
2020-01-22,21.26,5.0,26.26,16.25,21.6,CHG,Helth,56.849999999999994
2020-01-23,26.69,12.55,39.24,14.14,7.95,CHG,Helth,70.99
2020-01-24,11.79,3.68,15.48,8.11,11.23,CHG,Helth,79.1
2020-01-27,19.59,28.41,48.0,-8.81,8.14,CHG,Helth,70.28999999999999
2020-01-28,4.61,11.92,16.53,-7.31,7.4,CHG,Helth,62.97999999999999
2020-01-29,30.66,2.4,33.06,28.26,25.18,CHG,Helth,91.24
2020-01-30,11.83,7.89,19.72,3.94,6.76,CHG,Helth,95.17999999999999
2020-01-31,20.64,17.88,38.52,2.75,11.08,CHG,Helth,97.92999999999999
2020-02-03,10.03,16.01,26.04,-5.98,10.11,CHG,Helth,91.94999999999999
2020-02-04,18.58,4.99,23.57,13.6,12.43,CHG,Helth,105.54999999999998
2020-02-05,21.45,11.51,32.96,9.94,19.77,CHG,Helth,115.48999999999998
2020-02-06,2.23,8.21,10.44,-5.98,14.75,CHG,Helth,109.50999999999998
2020-02-07,5.79,15.82,21.61,-10.03,13.29,CHG,Helth,99.47999999999998
2020-02-11,8.35,19.71,28.06,-11.36,19.31,CHG,Helth,88.11999999999998
2020-02-12,37.81,46.84,84.65,-9.04,19.64,CHG,Helth,79.07999999999998
2020-02-13,1.56,12.09,13.64,-10.53,16.76,CHG,Helth,68.54999999999998
2020-02-14,2.91,18.44,21.35,-15.52,16.84,CHG,Helth,53.02999999999999
2020-02-17,24.97,10.16,35.13,14.81,38.0,CHG,Helth,67.83999999999999
2020-02-18,10.32,13.07,23.39,-2.75,17.25,CHG,Helth,65.08999999999999
2020-02-19,3.1,15.93,19.03,-12.82,15.27,CHG,Helth,52.26999999999999
2020-02-20,10.21,14.81,25.02,-4.59,17.38,CHG,Helth,47.67999999999999
2020-02-21,8.69,10.2,18.88,-1.51,13.24,CHG,Helth,46.169999999999995
2020-02-24,10.69,14.33,25.02,-3.65,22.28,CHG,Helth,42.519999999999996
2020-02-25,13.98,14.99,28.97,-1.01,16.46,CHG,Helth,41.51
2020-02-26,25.61,18.92,44.53,6.69,24.12,CHG,Helth,48.199999999999996
2020-02-27,10.61,17.61,28.22,-7.0,18.49,CHG,Helth,41.199999999999996
2020-02-28,9.13,11.29,20.41,-2.16,18.47,CHG,Helth,39.03999999999999
2020-03-02,24.15,23.68,47.83,0.47,37.58,CHG,Helth,39.50999999999999
2020-03-03,13.18,15.61,28.79,-2.43,19.47,CHG,Helth,37.07999999999999
2020-03-04,26.72,6.11,32.84,20.61,18.85,CHG,Helth,57.68999999999999
2020-03-05,14.37,4.65,19.02,9.72,15.89,CHG,Helth,67.41
2020-03-06,16.1,11.73,27.83,4.38,28.0,CHG,Helth,71.78999999999999
2020-03-09,34.93,14.74,49.67,20.2,17.29,CHG,Helth,91.99
2020-03-10,19.01,28.05,47.06,-9.04,13.55,CHG,Helth,82.94999999999999
2020-03-11,10.3,22.49,32.78,-12.19,17.84,CHG,Helth,70.75999999999999
2020-03-12,69.48,38.38,107.85,31.1,21.07,CHG,Helth,101.85999999999999
2020-03-13,28.09,25.36,53.45,2.73,21.06,CHG,Helth,104.58999999999999
2020-03-16,26.35,21.18,47.52,5.17,36.25,CHG,Helth,109.75999999999999
2020-03-17,27.02,26.29,53.31,0.73,32.08,CHG,Helth,110.49
2020-03-18,36.76,9.18,45.94,27.58,28.53,CHG,Helth,138.07
2020-03-19,21.47,18.98,40.45,2.49,28.12,CHG,Helth,140.56
2020-03-20,21.01,38.94,59.95,-17.93,23.21,CHG,Helth,122.63
2020-03-23,8.29,8.73,17.01,-0.44,17.22,CHG,Helth,122.19
2020-03-24,21.68,12.28,33.96,9.4,25.17,CHG,Helth,131.59
2020-03-25,33.54,17.58,51.12,15.97,21.84,CHG,Helth,147.56
2020-03-26,6.97,10.66,17.63,-3.69,30.98,CHG,Helth,143.87
2020-03-27,7.73,25.36,33.09,-17.63,26.23,CHG,Helth,126.24000000000001
2020-03-30,14.02,29.07,43.09,-15.05,41.72,CHG,Helth,111.19000000000001
2020-03-31,12.37,5.67,18.04,6.7,14.6,CHG,Helth,117.89000000000001
2020-04-01,3.25,10.32,13.57,-7.08,12.27,CHG,Helth,110.81000000000002
2020-04-02,18.27,7.43,25.7,10.84,23.24,CHG,Helth,121.65000000000002
2020-04-03,5.34,3.98,9.32,1.35,9.43,CHG,Helth,123.00000000000001
2020-04-07,5.55,43.66,49.21,-38.1,23.88,CHG,Helth,84.9
2020-04-08,6.67,5.77,12.44,0.9,10.19,CHG,Helth,85.80000000000001
2020-04-09,14.71,29.91,44.62,-15.19,16.78,CHG,Helth,70.61000000000001
2020-04-10,8.77,5.73,14.49,3.04,13.09,CHG,Helth,73.65000000000002
2020-04-13,20.8,8.19,28.98,12.61,12.99,CHG,Helth,86.26000000000002
2020-04-14,27.28,13.12,40.4,14.16,13.1,CHG,Helth,100.42000000000002
2020-04-15,17.3,13.59,30.89,3.72,15.39,CHG,Helth,104.14000000000001
2020-04-16,12.88,12.75,25.63,0.14,18.56,CHG,Helth,104.28000000000002
2020-04-17,13.45,11.99,25.44,1.46,14.51,CHG,Helth,105.74000000000001
2020-04-20,13.69,5.06,18.75,8.63,16.81,CHG,Helth,114.37
2020-04-21,14.76,11.05,25.82,3.71,8.16,CHG,Helth,118.08
2020-04-22,11.84,16.87,28.71,-5.03,16.03,CHG,Helth,113.05
2020-04-23,14.13,12.96,27.09,1.17,10.95,CHG,Helth,114.22
2020-04-24,5.4,4.42,9.82,0.98,9.61,CHG,Helth,115.2
2020-04-27,0.99,1.5,2.48,-0.51,6.43,CHG,Helth,114.69
2020-04-28,10.27,6.18,16.45,4.09,16.48,CHG,Helth,118.78
2020-04-29,3.94,10.89,14.83,-6.96,10.64,CHG,Helth,111.82000000000001
2020-04-30,1.65,10.31,11.96,-8.65,16.08,CHG,Helth,103.17
2020-05-05,1.4,9.86,11.26,-8.47,18.48,CHG,Helth,94.7
2020-05-07,8.45,16.03,24.47,-7.58,16.7,CHG,Helth,87.12
2020-05-08,5.03,9.84,14.86,-4.81,17.36,CHG,Helth,82.31
2020-05-11,4.33,2.09,6.43,2.24,12.51,CHG,Helth,84.55
2020-05-12,11.33,4.46,15.8,6.87,15.29,CHG,Helth,91.42
2020-05-13,6.53,6.28,12.81,0.25,9.28,CHG,Helth,91.67
2020-05-14,29.97,43.78,73.75,-13.81,33.95,CHG,Helth,77.86
2020-05-15,7.74,14.92,22.66,-7.18,10.48,CHG,Helth,70.68
2020-05-18,16.2,13.89,30.09,2.31,22.48,CHG,Helth,72.99000000000001
2020-05-19,11.57,4.22,15.79,7.35,6.54,CHG,Helth,80.34
2020-05-20,9.85,3.46,13.32,6.39,8.83,CHG,Helth,86.73
2020-05-21,34.17,22.58,56.74,11.59,15.3,CHG,Helth,98.32000000000001
2020-05-22,19.87,27.67,47.54,-7.8,28.58,CHG,Helth,90.52000000000001
2020-05-25,28.9,11.17,40.07,17.72,12.66,CHG,Helth,108.24000000000001
2020-05-26,19.11,17.0,36.11,2.11,12.21,CHG,Helth,110.35000000000001
2020-05-27,25.95,22.48,48.42,3.47,24.2,CHG,Helth,113.82000000000001
2020-05-28,23.86,18.88,42.73,4.98,22.72,CHG,Helth,118.80000000000001
2020-05-29,12.37,11.96,24.33,0.42,18.89,CHG,Helth,119.22000000000001
2020-06-01,7.28,4.32,11.6,2.96,12.43,CHG,Helth,122.18
2020-06-02,8.09,7.62,15.71,0.48,15.41,CHG,Helth,122.66000000000001
2020-06-04,26.55,13.98,40.53,12.57,12.91,CHG,Helth,135.23000000000002
2020-06-05,35.69,22.76,58.44,12.93,27.9,CHG,Helth,148.16000000000003
2020-06-08,10.35,6.22,16.58,4.13,12.03,CHG,Helth,152.29000000000002
2020-06-09,3.61,14.69,18.3,-11.09,21.79,CHG,Helth,141.20000000000002
2020-06-10,3.64,8.74,12.38,-5.09,17.31,CHG,Helth,136.11
2020-06-11,6.07,9.25,15.32,-3.18,18.01,CHG,Helth,132.93
2020-06-12,1.99,14.75,16.74,-12.76,12.91,CHG,Helth,120.17
2020-06-15,13.3,28.57,41.87,-15.28,32.34,CHG,Helth,104.89
2020-06-16,8.21,5.43,13.64,2.77,9.73,CHG,Helth,107.66
2020-06-17,16.07,11.93,28.0,4.15,24.13,CHG,Helth,111.81
2020-06-18,8.48,14.22,22.7,-5.74,13.97,CHG,Helth,106.07000000000001
2020-06-19,17.97,41.05,59.03,-23.08,23.39,CHG,Helth,82.99000000000001
2020-06-22,13.9,13.46,27.35,0.44,10.69,CHG,Helth,83.43
2020-06-23,11.8,6.9,18.71,4.9,10.74,CHG,Helth,88.33000000000001
2020-06-24,6.21,16.62,22.83,-10.42,20.36,CHG,Helth,77.91000000000001
2020-06-25,10.27,7.12,17.38,3.15,18.49,CHG,Helth,81.06000000000002
2020-06-26,2.88,13.5,16.39,-10.62,28.3,CHG,Helth,70.44000000000001
2020-06-29,10.95,8.66,19.61,2.29,32.7,CHG,Helth,72.73000000000002
2020-06-30,8.72,16.44,25.15,-7.72,20.59,CHG,Helth,65.01000000000002
2020-07-01,8.91,42.99,51.9,-34.08,32.69,CHG,Helth,30.93000000000002
2020-07-02,1.89,5.46,7.34,-3.57,16.86,CHG,Helth,27.36000000000002
2020-07-03,9.95,7.87,17.82,2.08,16.26,CHG,Helth,29.44000000000002
2020-07-07,17.01,22.87,39.88,-5.86,33.58,CHG,Helth,23.58000000000002
2020-07-08,18.56,20.11,38.67,-1.55,31.88,CHG,Helth,22.03000000000002
2020-07-09,24.46,23.8,48.26,0.65,37.43,CHG,Helth,22.680000000000017
2020-07-10,1.98,5.5,7.48,-3.51,12.91,CHG,Helth,19.170000000000016
2020-07-13,10.93,23.68,34.61,-12.75,24.61,CHG,Helth,6.420000000000016
2020-07-14,27.52,32.21,59.73,-4.69,29.02,CHG,Helth,1.7300000000000155
2020-07-15,6.71,4.72,11.43,1.99,21.56,CHG,Helth,3.7200000000000157
2020-07-16,2.49,5.67,8.16,-3.18,20.39,CHG,Helth,0.5400000000000156
2020-07-17,1.34,4.91,6.25,-3.57,28.87,CHG,Helth,-3.0299999999999843
2020-07-20,4.98,11.79,16.77,-6.81,31.72,CHG,Helth,-9.839999999999984
2020-07-21,7.94,5.41,13.35,2.53,11.12,CHG,Helth,-7.3099999999999845
2020-07-22,0.63,9.28,9.91,-8.65,16.49,CHG,Helth,-15.959999999999985
2020-07-23,3.46,12.3,15.75,-8.84,9.86,CHG,Helth,-24.799999999999983
2020-07-24,3.78,6.55,10.33,-2.76,16.95,CHG,Helth,-27.55999999999998
2020-07-29,15.91,8.3,24.2,7.61,13.84,CHG,Helth,-19.94999999999998
2020-07-30,19.94,13.03,32.98,6.91,20.47,CHG,Helth,-13.039999999999981
2020-07-31,16.14,6.59,22.73,9.55,16.52,CHG,Helth,-3.4899999999999807
2020-08-03,46.67,18.17,64.85,28.5,24.67,CHG,Helth,25.01000000000002
2020-08-04,9.54,8.35,17.89,1.19,9.44,CHG,Helth,26.20000000000002
2020-08-05,15.15,11.25,26.4,3.9,13.06,CHG,Helth,30.10000000000002
2020-08-06,27.5,18.18,45.68,9.32,19.13,CHG,Helth,39.420000000000016
2020-08-07,2.99,5.3,8.3,-2.31,23.28,CHG,Helth,37.110000000000014
2020-08-10,8.28,7.24,15.52,1.04,31.59,CHG,Helth,38.15000000000001
2020-08-11,3.02,6.76,9.79,-3.74,15.11,CHG,Helth,34.41000000000001
2020-08-13,9.71,25.54,35.25,-15.83,20.13,CHG,Helth,18.580000000000013
2020-08-14,41.0,7.68,48.69,33.32,12.93,CHG,Helth,51.90000000000001
2020-08-17,75.89,24.85,100.74,51.05,20.43,CHG,Helth,102.95000000000002
2020-08-18,154.67,71.94,226.61,82.74,21.04,CHG,Helth,185.69
2020-08-19,53.63,62.02,115.65,-8.39,19.1,CHG,Helth,177.3
2020-08-20,28.42,17.65,46.07,10.78,17.53,CHG,Helth,188.08
2020-08-21,27.71,8.9,36.62,18.81,10.82,CHG,Helth,206.89000000000001
2020-08-24,53.6,47.84,101.45,5.76,21.96,CHG,Helth,212.65
2020-08-25,54.11,19.87,73.98,34.25,18.35,CHG,Helth,246.9
2020-08-26,11.41,11.61,23.02,-0.2,16.51,CHG,Helth,246.70000000000002
2020-08-27,27.04,8.9,35.93,18.14,21.09,CHG,Helth,264.84000000000003
2020-08-28,18.55,5.77,24.32,12.79,26.85,CHG,Helth,277.63000000000005
2020-08-31,19.45,12.03,31.48,7.43,34.24,CHG,Helth,285.06000000000006
2020-09-01,9.1,6.53,15.63,2.56,14.27,CHG,Helth,287.62000000000006
2020-09-02,2.39,8.75,11.14,-6.36,19.15,CHG,Helth,281.26000000000005
2020-09-03,4.1,3.03,7.13,1.06,14.79,CHG,Helth,282.32000000000005
2020-09-08,3.73,6.99,10.72,-3.27,17.5,CHG,Helth,279.05000000000007
2020-09-09,2.54,12.44,14.98,-9.9,23.67,CHG,Helth,269.1500000000001
2020-09-10,12.45,26.16,38.6,-13.71,16.16,CHG,Helth,255.44000000000008
2020-09-11,9.41,18.5,27.91,-9.09,15.5,CHG,Helth,246.35000000000008
2020-09-14,1.66,7.58,9.24,-5.92,13.96,CHG,Helth,240.4300000000001
2020-09-15,3.14,17.0,20.13,-13.86,18.79,CHG,Helth,226.5700000000001
2020-09-16,12.01,24.79,36.79,-12.78,15.76,CHG,Helth,213.7900000000001
2020-09-17,5.9,9.17,15.07,-3.28,20.93,CHG,Helth,210.5100000000001
2020-09-18,3.72,13.64,17.35,-9.92,25.57,CHG,Helth,200.59000000000012
2020-09-21,3.72,10.57,14.29,-6.85,18.59,CHG,Helth,193.74000000000012
2020-09-22,1.0,2.82,3.81,-1.82,11.76,CHG,Helth,191.92000000000013
2020-09-23,2.38,8.78,11.16,-6.41,11.39,CHG,Helth,185.51000000000013
2020-09-24,12.49,16.98,29.47,-4.5,15.65,CHG,Helth,181.01000000000013
2020-09-25,11.39,5.5,16.89,5.89,34.46,CHG,Helth,186.90000000000012
2020-09-28,2.14,9.19,11.34,-7.05,15.87,CHG,Helth,179.8500000000001
2020-09-29,2.84,6.32,9.16,-3.47,13.01,CHG,Helth,176.3800000000001
2020-09-30,10.18,24.35,34.53,-14.18,15.07,CHG,Helth,162.2000000000001
2020-10-01,15.07,17.74,32.82,-2.67,32.67,CHG,Helth,159.53000000000011
2020-10-02,6.44,13.08,19.53,-6.64,11.94,CHG,Helth,152.89000000000013
2020-10-05,9.14,11.48,20.62,-2.34,16.57,CHG,Helth,150.55000000000013
2020-10-06,2.62,8.79,11.41,-6.17,20.94,CHG,Helth,144.38000000000014
2020-10-07,3.71,5.88,9.59,-2.17,16.31,CHG,Helth,142.21000000000015
2020-10-08,14.82,21.28,36.1,-6.46,16.4,CHG,Helth,135.75000000000014
2020-10-09,8.21,6.75,14.96,1.45,15.12,CHG,Helth,137.20000000000013
2020-10-12,4.57,8.59,13.15,-4.02,16.73,CHG,Helth,133.18000000000012
2020-10-14,4.57,6.83,11.4,-2.26,19.77,CHG,Helth,130.92000000000013
2020-10-15,3.02,7.95,10.97,-4.92,13.66,CHG,Helth,126.00000000000013
2020-10-16,4.75,10.11,14.86,-5.36,32.08,CHG,Helth,120.64000000000013
2020-10-19,5.18,12.09,17.26,-6.91,23.05,CHG,Helth,113.73000000000013
2020-10-20,10.28,16.39,26.67,-6.1,19.86,CHG,Helth,107.63000000000014
2020-10-21,11.24,26.93,38.17,-15.69,14.48,CHG,Helth,91.94000000000014
2020-10-22,24.52,7.86,32.39,16.66,27.59,CHG,Helth,108.60000000000014
2020-10-26,13.88,16.26,30.14,-2.37,15.75,CHG,Helth,106.23000000000013
2020-10-27,5.63,4.68,10.3,0.95,12.7,CHG,Helth,107.18000000000013
2020-10-28,10.35,5.32,15.67,5.03,19.78,CHG,Helth,112.21000000000014
2020-10-29,13.66,10.82,24.48,2.83,31.8,CHG,Helth,115.04000000000013
2020-10-30,7.55,3.09,10.64,4.46,30.38,CHG,Helth,119.50000000000013
2020-11-02,6.09,8.37,14.46,-2.28,29.02,CHG,Helth,117.22000000000013
2020-11-03,6.85,14.33,21.18,-7.48,25.5,CHG,Helth,109.74000000000012
2020-11-04,9.14,12.57,21.7,-3.43,24.46,CHG,Helth,106.31000000000012
2020-11-05,8.53,5.7,14.24,2.83,24.78,CHG,Helth,109.14000000000011
2020-11-06,8.9,17.65,26.55,-8.75,33.2,CHG,Helth,100.39000000000011
2020-11-09,3.01,4.62,7.64,-1.61,15.45,CHG,Helth,98.78000000000011
2020-11-10,23.26,15.66,38.92,7.61,21.79,CHG,Helth,106.39000000000011
2020-11-11,33.57,15.07,48.65,18.5,21.61,CHG,Helth,124.89000000000011
2020-11-12,7.82,7.39,15.21,0.43,12.55,CHG,Helth,125.32000000000012
2020-11-13,26.75,15.37,42.11,11.38,16.01,CHG,Helth,136.70000000000013
2020-11-16,7.39,12.49,19.88,-5.1,19.64,CHG,Helth,131.60000000000014
2020-11-17,12.95,18.51,31.46,-5.56,18.76,CHG,Helth,126.04000000000013
2020-11-18,13.01,4.41,17.42,8.59,19.01,CHG,Helth,134.63000000000014
2020-11-19,3.45,8.34,11.79,-4.9,11.3,CHG,Helth,129.73000000000013
2020-11-20,20.89,20.07,40.96,0.82,17.73,CHG,Helth,130.55000000000013
2020-11-23,51.68,27.13,78.81,24.55,17.17,CHG,Helth,155.10000000000014
2020-11-24,28.46,13.01,41.47,15.45,27.53,CHG,Helth,170.55000000000013
2020-11-25,25.15,27.64,52.79,-2.48,22.56,CHG,Helth,168.07000000000014
2020-11-26,25.81,15.04,40.85,10.76,18.5,CHG,Helth,178.83000000000013
2020-11-27,3.64,22.18,25.82,-18.54,16.57,CHG,Helth,160.29000000000013
2020-11-30,11.1,20.54,31.64,-9.44,29.31,CHG,Helth,150.85000000000014
2020-12-01,6.13,5.97,12.1,0.15,13.95,CHG,Helth,151.00000000000014
2020-12-02,12.46,13.84,26.3,-1.38,23.2,CHG,Helth,149.62000000000015
2020-12-03,5.88,6.03,11.91,-0.15,10.07,CHG,Helth,149.47000000000014
2020-12-04,8.39,10.57,18.96,-2.17,20.19,CHG,Helth,147.30000000000015
2020-12-08,13.86,15.58,29.44,-1.72,13.98,CHG,Helth,145.58000000000015
2020-12-09,12.3,21.42,33.72,-9.12,12.45,CHG,Helth,136.46000000000015
2020-12-14,50.39,15.35,65.74,35.04,24.9,CHG,Helth,171.50000000000014
2020-12-15,2.98,2.57,5.55,0.41,13.79,CHG,Helth,171.91000000000014
2020-12-16,1.09,4.03,5.12,-2.94,10.62,CHG,Helth,168.97000000000014
2020-12-17,12.33,21.2,33.53,-8.86,12.12,CHG,Helth,160.11000000000013
2020-12-18,8.35,12.17,20.52,-3.83,16.05,CHG,Helth,156.28000000000011
2020-12-21,5.7,21.58,27.28,-15.88,15.75,CHG,Helth,140.40000000000012
2020-12-22,3.72,14.36,18.07,-10.64,22.21,CHG,Helth,129.7600000000001
2020-12-23,3.21,19.7,22.91,-16.49,21.71,CHG,Helth,113.27000000000011
2020-12-24,3.66,8.5,12.16,-4.84,10.97,CHG,Helth,108.4300000000001
2020-12-25,4.06,2.09,6.15,1.97,9.64,CHG,Helth,110.4000000000001
2020-12-28,1.94,5.93,7.87,-3.99,12.18,CHG,Helth,106.41000000000011
2020-12-29,2.84,9.99,12.83,-7.15,20.34,CHG,Helth,99.2600000000001
2020-12-30,1.74,0.73,2.47,1.0,5.0,CHG,Helth,100.2600000000001
2021-01-04,7.62,7.01,14.63,0.62,17.62,CHG,Helth,100.88000000000011
2021-01-05,9.51,4.36,13.87,5.15,15.6,CHG,Helth,106.03000000000011
2021-01-06,6.07,15.77,21.84,-9.7,14.82,CHG,Helth,96.33000000000011
2021-01-07,17.4,9.51,26.9,7.89,16.9,CHG,Helth,104.22000000000011
2021-01-08,69.19,17.13,86.32,52.06,11.21,CHG,Helth,156.28000000000011
2021-01-11,29.2,35.24,64.44,-6.04,22.69,CHG,Helth,150.24000000000012
2021-01-12,16.8,38.87,55.68,-22.07,20.87,CHG,Helth,128.17000000000013
2021-01-13,17.56,11.96,29.52,5.6,19.87,CHG,Helth,133.77000000000012
2021-01-14,33.57,20.24,53.81,13.33,30.0,CHG,Helth,147.10000000000014
2021-01-15,10.93,4.88,15.81,6.05,27.92,CHG,Helth,153.15000000000015
2021-01-18,1.49,11.61,13.11,-10.12,25.91,CHG,Helth,143.03000000000014
2021-01-19,1.92,5.97,7.89,-4.05,15.68,CHG,Helth,138.98000000000013
2021-01-20,7.67,20.31,27.99,-12.64,25.61,CHG,Helth,126.34000000000013
2021-01-21,37.06,16.49,53.54,20.57,13.79,CHG,Helth,146.91000000000014
2021-01-22,40.54,41.81,82.35,-1.27,20.37,CHG,Helth,145.64000000000013
2021-01-25,22.52,19.42,41.93,3.1,15.82,CHG,Helth,148.74000000000012
2021-01-26,33.96,19.9,53.85,14.06,17.78,CHG,Helth,162.80000000000013
2021-01-27,32.76,21.1,53.86,11.66,23.16,CHG,Helth,174.46000000000012
2021-01-28,22.73,32.56,55.3,-9.83,31.75,CHG,Helth,164.6300000000001
2021-01-29,14.17,25.79,39.96,-11.61,18.81,CHG,Helth,153.0200000000001
2021-02-01,6.54,20.89,27.43,-14.35,19.78,CHG,Helth,138.6700000000001
2021-02-02,29.03,20.55,49.59,8.48,12.62,CHG,Helth,147.1500000000001
2021-02-03,57.59,21.97,79.56,35.63,14.64,CHG,Helth,182.7800000000001
2021-02-04,49.05,29.36,78.42,19.69,18.94,CHG,Helth,202.47000000000008
2021-02-05,38.49,16.89,55.38,21.6,17.73,CHG,Helth,224.07000000000008
2021-02-08,23.97,7.01,30.98,16.96,11.23,CHG,Helth,241.0300000000001
2021-02-09,29.67,18.13,47.8,11.55,16.15,CHG,Helth,252.5800000000001
2021-02-10,13.43,14.32,27.75,-0.89,25.95,CHG,Helth,251.6900000000001
2021-02-11,16.48,19.33,35.81,-2.85,19.94,CHG,Helth,248.84000000000012
2021-02-15,8.62,21.16,29.78,-12.54,17.32,CHG,Helth,236.30000000000013
2021-02-16,6.89,19.68,26.57,-12.8,18.51,CHG,Helth,223.5000000000001
2021-02-17,1.44,4.53,5.97,-3.09,12.99,CHG,Helth,220.4100000000001
2021-02-18,26.35,35.09,61.44,-8.74,40.73,CHG,Helth,211.6700000000001
2021-02-19,10.24,17.84,28.08,-7.6,18.53,CHG,Helth,204.0700000000001
2021-02-22,33.32,12.27,45.59,21.06,20.26,CHG,Helth,225.1300000000001
2021-02-23,20.78,35.88,56.67,-15.1,20.3,CHG,Helth,210.03000000000011
2021-02-24,9.33,10.94,20.28,-1.61,21.18,CHG,Helth,208.4200000000001
2021-02-25,20.29,20.94,41.23,-0.65,31.06,CHG,Helth,207.7700000000001
2021-03-01,86.51,25.26,111.77,61.25,13.31,CHG,Helth,269.0200000000001
2021-03-02,46.32,38.82,85.14,7.5,22.74,CHG,Helth,276.5200000000001
2021-03-03,24.7,8.24,32.94,16.45,19.96,CHG,Helth,292.9700000000001
2021-03-04,18.79,15.8,34.6,2.99,17.39,CHG,Helth,295.9600000000001
2021-03-05,12.8,23.94,36.74,-11.14,18.64,CHG,Helth,284.8200000000001
2021-03-08,61.22,14.98,76.21,46.24,14.88,CHG,Helth,331.0600000000001
2021-03-09,64.44,19.39,83.83,45.05,14.3,CHG,Helth,376.1100000000001
2021-03-10,73.64,39.62,113.25,34.02,13.86,CHG,Helth,410.1300000000001
2021-03-11,53.53,29.9,83.43,23.63,18.6,CHG,Helth,433.7600000000001
2021-03-12,63.43,25.12,88.55,38.32,23.99,CHG,Helth,472.0800000000001
2021-03-15,95.66,21.55,117.21,74.11,20.08,CHG,Helth,546.19
2021-03-16,70.31,21.96,92.27,48.36,15.96,CHG,Helth,594.5500000000001
2021-03-17,66.46,26.06,92.52,40.4,16.72,CHG,Helth,634.95
2021-03-18,114.14,56.08,170.22,58.06,18.47,CHG,Helth,693.01
2021-03-19,139.35,16.86,156.2,122.49,21.24,CHG,Helth,815.5
2021-03-22,55.6,52.66,108.26,2.93,25.02,CHG,Helth,818.43
2021-03-23,58.55,18.78,77.34,39.77,23.11,CHG,Helth,858.1999999999999
2021-03-24,91.66,25.54,117.2,66.12,25.98,CHG,Helth,924.3199999999999
2021-03-25,26.96,11.41,38.37,15.55,16.43,CHG,Helth,939.8699999999999
2021-03-26,21.47,12.42,33.89,9.05,15.78,CHG,Helth,948.9199999999998
2021-03-29,18.68,16.55,35.23,2.13,19.68,CHG,Helth,951.0499999999998
2021-03-30,26.49,18.15,44.65,8.34,28.8,CHG,Helth,959.3899999999999
2021-03-31,11.97,24.27,36.24,-12.29,21.18,CHG,Helth,947.0999999999999
2021-04-01,34.36,35.29,69.65,-0.93,27.24,CHG,Helth,946.17
2021-04-02,13.48,20.35,33.82,-6.87,31.05,CHG,Helth,939.3
2021-04-05,5.14,18.62,23.76,-13.49,18.69,CHG,Helth,925.81
2021-04-07,30.95,25.88,56.83,5.07,28.64,CHG,Helth,930.88
2021-04-08,18.06,19.56,37.62,-1.5,23.59,CHG,Helth,929.38
2021-04-09,119.56,157.23,276.79,-37.68,15.89,CHG,Helth,891.7
2021-04-12,69.49,185.83,255.32,-116.34,15.59,CHG,Helth,775.36
2021-04-16,44.52,80.94,125.47,-36.42,17.82,CHG,Helth,738.94
2021-04-19,20.88,45.58,66.46,-24.7,16.03,CHG,Helth,714.24
2021-04-20,22.39,45.24,67.63,-22.86,15.72,CHG,Helth,691.38
2021-04-21,37.7,25.95,63.65,11.75,17.61,CHG,Helth,703.13
2021-04-22,11.11,19.95,31.07,-8.84,13.85,CHG,Helth,694.29
2021-04-23,172.95,117.41,290.36,55.54,20.84,CHG,Helth,749.8299999999999
2021-04-26,91.98,155.5,247.47,-63.52,12.81,CHG,Helth,686.31
2021-04-27,26.8,91.98,118.77,-65.18,23.94,CHG,Helth,621.1299999999999
2021-04-28,45.81,36.22,82.03,9.58,20.96,CHG,Helth,630.7099999999999
2021-04-29,45.24,29.02,74.27,16.22,20.13,CHG,Helth,646.93
2021-04-30,67.3,15.88,83.18,51.42,20.84,CHG,Helth,698.3499999999999
2021-05-05,49.87,112.72,162.59,-62.85,22.27,CHG,Helth,635.4999999999999
2021-05-06,28.27,36.46,64.72,-8.19,21.4,CHG,Helth,627.3099999999998
2021-05-07,19.79,40.78,60.57,-20.99,34.37,CHG,Helth,606.3199999999998
2021-05-10,40.07,39.35,79.42,0.72,27.42,CHG,Helth,607.0399999999998
2021-05-11,54.09,48.52,102.61,5.57,21.59,CHG,Helth,612.6099999999999
2021-05-12,38.78,14.62,53.4,24.16,20.16,CHG,Helth,636.7699999999999
2021-05-13,91.1,46.87,137.98,44.23,23.2,CHG,Helth,680.9999999999999
2021-05-14,194.32,68.04,262.35,126.28,22.02,CHG,Helth,807.2799999999999
2021-05-17,62.17,54.52,116.69,7.65,23.63,CHG,Helth,814.9299999999998
2021-05-18,57.38,38.54,95.92,18.85,20.96,CHG,Helth,833.7799999999999
2021-05-19,99.99,35.81,135.8,64.19,21.16,CHG,Helth,897.9699999999998
2021-05-20,144.27,109.52,253.79,34.74,15.3,CHG,Helth,932.7099999999998
2021-05-21,115.8,118.5,234.3,-2.7,20.18,CHG,Helth,930.0099999999998
2021-05-24,105.4,87.07,192.47,18.34,26.12,CHG,Helth,948.3499999999998
2021-05-25,81.75,39.39,121.14,42.35,28.44,CHG,Helth,990.6999999999998
2021-05-27,91.27,72.64,163.9,18.63,29.59,CHG,Helth,1009.3299999999998
2021-05-28,90.72,34.58,125.3,56.15,30.29,CHG,Helth,1065.4799999999998
2021-05-31,48.61,9.8,58.41,38.81,14.52,CHG,Helth,1104.2899999999997
2021-06-01,44.17,52.74,96.92,-8.57,18.69,CHG,Helth,1095.7199999999998
2021-06-02,59.22,47.76,106.98,11.45,16.19,CHG,Helth,1107.1699999999998
2021-06-04,52.99,54.78,107.77,-1.8,18.72,CHG,Helth,1105.37
2021-06-07,31.75,15.53,47.28,16.22,15.6,CHG,Helth,1121.59
2021-06-08,42.51,30.78,73.29,11.72,20.82,CHG,Helth,1133.31
2021-06-09,143.67,162.74,306.42,-19.07,16.38,CHG,Helth,1114.24
2021-06-10,105.58,122.99,228.57,-17.41,20.16,CHG,Helth,1096.83
2021-06-11,26.35,49.9,76.25,-23.56,29.81,CHG,Helth,1073.27
2021-06-14,30.0,37.35,67.35,-7.36,18.36,CHG,Helth,1065.91
2021-06-15,33.32,31.58,64.9,1.75,25.41,CHG,Helth,1067.66
2021-06-16,30.18,51.78,81.96,-21.6,20.06,CHG,Helth,1046.0600000000002
2021-06-17,17.49,41.71,59.2,-24.22,24.69,CHG,Helth,1021.8400000000001
2021-06-18,35.93,17.03,52.95,18.9,23.48,CHG,Helth,1040.7400000000002
2021-06-21,23.82,17.77,41.59,6.05,22.57,CHG,Helth,1046.7900000000002
2021-06-22,42.13,59.87,102.0,-17.74,23.72,CHG,Helth,1029.0500000000002
2021-06-23,104.61,129.45,234.06,-24.83,22.61,CHG,Helth,1004.2200000000001
2021-06-24,191.29,313.43,504.73,-122.14,24.39,CHG,Helth,882.0800000000002
2021-06-25,71.6,117.53,189.13,-45.92,20.33,CHG,Helth,836.1600000000002
2021-06-28,211.69,342.46,554.15,-130.77,16.87,CHG,Helth,705.3900000000002
2021-06-29,103.16,128.48,231.64,-25.32,29.41,CHG,Helth,680.0700000000002
2021-06-30,201.82,287.44,489.27,-85.62,23.67,CHG,Helth,594.4500000000002
2021-07-01,206.46,150.84,357.3,55.62,17.19,CHG,Helth,650.0700000000002
2021-07-02,195.92,218.86,414.79,-22.94,28.13,CHG,Helth,627.1300000000001
2021-07-05,185.87,87.85,273.71,98.02,21.68,CHG,Helth,725.1500000000001
2021-07-06,124.05,59.48,183.54,64.57,29.02,CHG,Helth,789.72
2021-07-07,348.77,181.41,530.18,167.36,22.93,CHG,Helth,957.08
2021-07-08,333.87,503.63,837.5,-169.76,21.66,CHG,Helth,787.32
2021-07-09,422.11,219.18,641.3,202.93,25.66,CHG,Helth,990.25
2021-07-12,269.18,788.17,1057.35,-519.0,16.72,CHG,Helth,471.25
2021-07-13,235.86,214.07,449.93,21.79,18.44,CHG,Helth,493.04
2021-07-14,213.08,118.78,331.86,94.3,20.52,CHG,Helth,587.34
2021-07-15,160.1,116.27,276.37,43.83,23.21,CHG,Helth,631.1700000000001
2021-07-16,281.13,136.69,417.82,144.44,25.1,CHG,Helth,775.6100000000001
2021-07-19,114.03,179.17,293.2,-65.14,15.92,CHG,Helth,710.4700000000001
2021-07-20,180.63,173.72,354.35,6.91,18.71,CHG,Helth,717.3800000000001
2021-07-21,104.28,133.78,238.07,-29.5,23.58,CHG,Helth,687.8800000000001
2021-07-22,101.12,154.57,255.68,-53.45,24.81,CHG,Helth,634.4300000000001
2021-07-23,92.85,47.88,140.73,44.97,23.92,CHG,Helth,679.4000000000001
2021-07-27,72.08,72.72,144.81,-0.64,25.45,CHG,Helth,678.7600000000001
2021-07-29,271.84,211.39,483.23,60.45,23.51,CHG,Helth,739.2100000000002
2021-07-30,194.2,238.02,432.23,-43.82,30.12,CHG,Helth,695.3900000000001
2021-08-02,148.6,119.6,268.2,29.0,22.64,CHG,Helth,724.3900000000001
2021-08-03,166.3,168.13,334.43,-1.82,29.47,CHG,Helth,722.57
2021-08-04,127.44,177.73,305.17,-50.3,32.47,CHG,Helth,672.2700000000001
2021-08-05,100.63,111.2,211.83,-10.57,22.46,CHG,Helth,661.7
2021-08-06,88.11,79.66,167.77,8.45,25.38,CHG,Helth,670.1500000000001
2021-08-09,69.57,97.97,167.54,-28.39,22.38,CHG,Helth,641.7600000000001
2021-08-10,85.93,91.89,177.82,-5.96,23.37,CHG,Helth,635.8000000000001
2021-08-11,99.67,77.29,176.96,22.38,26.75,CHG,Helth,658.1800000000001
2021-08-13,112.82,106.2,219.02,6.62,25.64,CHG,Helth,664.8000000000001
2021-08-16,308.18,82.56,390.74,225.61,33.8,CHG,Helth,890.4100000000001
2021-08-17,519.11,89.3,608.41,429.81,36.17,CHG,Helth,1320.22
2021-08-18,207.89,256.55,464.44,-48.67,35.47,CHG,Helth,1271.55
2021-08-19,186.27,110.81,297.08,75.46,30.05,CHG,Helth,1347.01
2021-08-20,87.16,85.66,172.82,1.5,22.25,CHG,Helth,1348.51
2021-08-23,298.12,200.91,499.03,97.21,29.04,CHG,Helth,1445.72
2021-08-24,152.52,103.46,255.98,49.06,23.97,CHG,Helth,1494.78
2021-08-25,62.42,79.57,141.99,-17.15,24.59,CHG,Helth,1477.6299999999999
2021-08-26,116.29,158.72,275.01,-42.43,29.39,CHG,Helth,1435.1999999999998
2021-08-27,105.07,72.57,177.64,32.5,27.68,CHG,Helth,1467.6999999999998
2021-08-30,94.86,92.63,187.49,2.23,25.1,CHG,Helth,1469.9299999999998
2021-08-31,110.35,74.38,184.73,35.97,32.24,CHG,Helth,1505.8999999999999
2021-09-01,109.06,79.85,188.91,29.21,24.24,CHG,Helth,1535.11
2021-09-02,194.45,109.52,303.97,84.94,29.82,CHG,Helth,1620.05
2021-09-03,10.6,80.14,90.75,-69.54,31.38,CHG,Helth,1550.51
2021-09-06,57.96,123.22,181.18,-65.26,29.15,CHG,Helth,1485.25
2021-09-07,63.08,101.49,164.57,-38.42,34.89,CHG,Helth,1446.83
2021-09-08,78.46,39.71,118.17,38.75,28.92,CHG,Helth,1485.58
2021-09-09,139.95,128.24,268.19,11.71,34.48,CHG,Helth,1497.29
2021-09-10,46.68,82.62,129.29,-35.94,27.84,CHG,Helth,1461.35
2021-09-13,64.77,65.58,130.35,-0.81,27.79,CHG,Helth,1460.54
2021-09-14,115.68,51.96,167.64,63.71,31.51,CHG,Helth,1524.25
2021-09-15,74.06,42.2,116.26,31.86,37.02,CHG,Helth,1556.11
2021-09-16,225.24,97.03,322.28,128.21,22.97,CHG,Helth,1684.32
2021-09-17,264.41,188.52,452.93,75.89,30.79,CHG,Helth,1760.21
2021-09-20,143.02,114.93,257.95,28.09,38.09,CHG,Helth,1788.3
2021-09-21,86.28,67.92,154.21,18.36,30.05,CHG,Helth,1806.6599999999999
2021-09-22,72.89,85.38,158.28,-12.49,27.24,CHG,Helth,1794.1699999999998
2021-09-23,51.78,126.23,178.0,-74.45,23.71,CHG,Helth,1719.7199999999998
2021-09-27,106.65,129.33,235.98,-22.68,27.9,CHG,Helth,1697.0399999999997
2021-09-28,109.56,89.46,199.02,20.09,33.25,CHG,Helth,1717.1299999999997
2021-09-29,22.56,34.4,56.96,-11.84,24.22,CHG,Helth,1705.2899999999997
2021-09-30,88.39,128.65,217.04,-40.26,29.64,CHG,Helth,1665.0299999999997
2021-10-01,37.94,96.39,134.33,-58.44,29.51,CHG,Helth,1606.5899999999997
2021-10-04,34.1,76.05,110.16,-41.95,32.96,CHG,Helth,1564.6399999999996
2021-10-05,24.42,50.12,74.54,-25.7,32.53,CHG,Helth,1538.9399999999996
2021-10-06,69.86,69.44,139.3,0.43,31.8,CHG,Helth,1539.3699999999997
2021-10-07,110.74,261.65,372.39,-150.91,31.38,CHG,Helth,1388.4599999999996
2021-10-08,93.61,95.1,188.71,-1.49,27.11,CHG,Helth,1386.9699999999996
2021-10-11,80.41,49.24,129.65,31.18,33.51,CHG,Helth,1418.1499999999996
2021-10-12,35.87,34.01,69.89,1.86,34.96,CHG,Helth,1420.0099999999995
2021-10-14,63.7,109.25,172.95,-45.55,28.08,CHG,Helth,1374.4599999999996
2021-10-15,20.57,24.27,44.83,-3.7,23.3,CHG,Helth,1370.7599999999995
2021-10-18,25.68,42.58,68.26,-16.9,23.03,CHG,Helth,1353.8599999999994
2021-10-19,115.62,132.9,248.52,-17.28,26.51,CHG,Helth,1336.5799999999995
2021-10-20,137.76,185.01,322.78,-47.25,22.44,CHG,Helth,1289.3299999999995
2021-10-21,108.12,227.32,335.44,-119.21,32.39,CHG,Helth,1170.1199999999994
2021-10-25,22.01,43.53,65.54,-21.52,22.71,CHG,Helth,1148.5999999999995
2021-10-26,18.88,57.63,76.52,-38.75,26.3,CHG,Helth,1109.8499999999995
2021-10-27,28.96,67.65,96.62,-38.69,20.8,CHG,Helth,1071.1599999999994
2021-10-28,37.8,53.69,91.49,-15.9,29.35,CHG,Helth,1055.2599999999993
2021-10-29,66.9,77.36,144.26,-10.46,28.14,CHG,Helth,1044.7999999999993
2021-11-01,33.43,45.42,78.85,-11.99,28.47,CHG,Helth,1032.8099999999993
2021-11-02,61.12,54.65,115.77,6.47,24.12,CHG,Helth,1039.2799999999993
2021-11-03,22.02,49.93,71.94,-27.91,29.86,CHG,Helth,1011.3699999999993
2021-11-04,36.64,61.42,98.06,-24.79,28.49,CHG,Helth,986.5799999999994
2021-11-05,38.41,22.5,60.91,15.91,30.49,CHG,Helth,1002.4899999999993
2021-11-08,24.55,85.43,109.98,-60.88,30.2,CHG,Helth,941.6099999999993
2021-11-09,21.39,22.3,43.69,-0.92,22.51,CHG,Helth,940.6899999999994
2021-11-10,28.69,38.1,66.79,-9.4,25.88,CHG,Helth,931.2899999999994
2021-11-11,48.22,17.86,66.08,30.36,22.31,CHG,Helth,961.6499999999994
2021-11-12,81.19,52.43,133.62,28.76,19.48,CHG,Helth,990.4099999999994
2021-11-15,112.14,53.56,165.7,58.58,31.1,CHG,Helth,1048.9899999999993
2021-11-16,88.52,85.93,174.45,2.6,29.61,CHG,Helth,1051.5899999999992
2021-11-17,21.26,50.61,71.86,-29.35,27.89,CHG,Helth,1022.2399999999992
2021-11-18,55.7,47.3,103.0,8.4,34.5,CHG,Helth,1030.6399999999992
2021-11-19,21.87,30.92,52.79,-9.05,21.73,CHG,Helth,1021.5899999999992
2021-11-22,24.57,38.32,62.89,-13.75,31.27,CHG,Helth,1007.8399999999992
2021-11-23,27.05,17.99,45.04,9.06,35.35,CHG,Helth,1016.8999999999992
2021-11-24,6.62,27.18,33.8,-20.56,31.84,CHG,Helth,996.3399999999992
2021-11-25,13.74,44.4,58.14,-30.66,23.45,CHG,Helth,965.6799999999993
2021-11-26,391.52,110.95,502.46,280.57,26.44,CHG,Helth,1246.2499999999993
2021-11-29,137.04,169.61,306.65,-32.58,22.59,CHG,Helth,1213.6699999999994
2021-11-30,121.8,124.63,246.44,-2.83,27.49,CHG,Helth,1210.8399999999995
2021-12-01,183.89,199.91,383.8,-16.03,44.99,CHG,Helth,1194.8099999999995
2021-12-02,149.99,113.7,263.69,36.29,30.0,CHG,Helth,1231.0999999999995
2021-12-03,173.53,81.2,254.73,92.33,42.78,CHG,Helth,1323.4299999999994
2021-12-07,69.82,105.2,175.02,-35.37,34.63,CHG,Helth,1288.0599999999995
2021-12-08,38.62,75.6,114.22,-36.98,35.16,CHG,Helth,1251.0799999999995
2021-12-09,35.22,46.3,81.53,-11.08,24.43,CHG,Helth,1239.9999999999995
2021-12-13,43.76,74.31,118.07,-30.55,36.07,CHG,Helth,1209.4499999999996
2021-12-14,32.85,60.28,93.12,-27.43,24.58,CHG,Helth,1182.0199999999995
2021-12-15,42.66,79.5,122.16,-36.84,36.14,CHG,Helth,1145.1799999999996
2021-12-16,37.87,56.15,94.02,-18.28,33.27,CHG,Helth,1126.8999999999996
2021-12-17,12.57,22.1,34.67,-9.52,29.45,CHG,Helth,1117.3799999999997
2021-12-20,96.44,98.52,194.96,-2.07,30.3,CHG,Helth,1115.3099999999997
2021-12-21,37.85,48.92,86.76,-11.07,26.36,CHG,Helth,1104.2399999999998
2021-12-22,17.58,23.11,40.69,-5.53,36.42,CHG,Helth,1098.7099999999998
2021-12-23,72.0,74.91,146.91,-2.91,33.76,CHG,Helth,1095.7999999999997
2021-12-24,24.42,21.29,45.71,3.13,24.34,CHG,Helth,1098.9299999999998
2021-12-27,25.6,33.4,59.0,-7.8,20.37,CHG,Helth,1091.1299999999999
2021-12-28,42.81,20.6,63.42,22.21,24.04,CHG,Helth,1113.34
2021-12-29,23.18,17.24,40.42,5.93,24.02,CHG,Helth,1119.27
2021-12-30,30.9,26.65,57.55,4.25,30.69,CHG,Helth,1123.52
2022-01-04,74.8,93.07,167.88,-18.27,26.89,CHG,Helth,1105.25
2022-01-05,68.06,52.96,121.02,15.1,30.16,CHG,Helth,1120.35
2022-01-06,219.24,114.07,333.31,105.17,18.78,CHG,Helth,1225.52
2022-01-07,38.41,64.68,103.08,-26.27,19.55,CHG,Helth,1199.25
2022-01-10,30.89,132.2,163.09,-101.3,24.71,CHG,Helth,1097.95
2022-01-11,47.4,68.14,115.54,-20.75,29.0,CHG,Helth,1077.2
2022-01-12,42.23,53.58,95.81,-11.35,18.03,CHG,Helth,1065.8500000000001
2022-01-13,11.7,24.81,36.51,-13.12,21.68,CHG,Helth,1052.7300000000002
2022-01-14,32.6,32.7,65.3,-0.1,22.29,CHG,Helth,1052.6300000000003
2022-01-17,30.15,56.98,87.12,-26.83,27.53,CHG,Helth,1025.8000000000004
2022-01-18,16.2,46.38,62.59,-30.18,17.74,CHG,Helth,995.6200000000005
2022-01-19,37.58,57.34,94.92,-19.76,28.91,CHG,Helth,975.8600000000005
2022-01-20,38.68,53.35,92.04,-14.67,23.89,CHG,Helth,961.1900000000005
2022-01-21,51.11,50.95,102.06,0.16,31.33,CHG,Helth,961.3500000000005
2022-01-24,35.77,26.98,62.74,8.79,27.96,CHG,Helth,970.1400000000004
2022-01-25,86.68,41.48,128.16,45.2,34.7,CHG,Helth,1015.3400000000005
2022-01-26,35.52,35.83,71.35,-0.3,30.73,CHG,Helth,1015.0400000000005
2022-01-27,17.26,22.48,39.74,-5.22,32.64,CHG,Helth,1009.8200000000005
2022-01-28,48.74,37.5,86.23,11.24,33.19,CHG,Helth,1021.0600000000005
2022-01-31,69.65,97.69,167.34,-28.04,51.0,CHG,Helth,993.0200000000006
2022-02-01,36.9,16.52,53.43,20.38,39.88,CHG,Helth,1013.4000000000005
2022-02-02,21.4,17.86,39.26,3.54,32.07,CHG,Helth,1016.9400000000005
2022-02-03,29.58,33.86,63.44,-4.27,24.6,CHG,Helth,1012.6700000000005
2022-02-04,67.76,60.92,128.68,6.84,26.58,CHG,Helth,1019.5100000000006
2022-02-07,73.46,62.47,135.92,10.99,29.88,CHG,Helth,1030.5000000000005
2022-02-08,57.16,32.76,89.92,24.4,30.37,CHG,Helth,1054.9000000000005
2022-02-09,61.59,29.14,90.73,32.46,19.9,CHG,Helth,1087.3600000000006
2022-02-10,84.49,73.1,157.59,11.39,29.34,CHG,Helth,1098.7500000000007
2022-02-11,68.04,40.63,108.66,27.41,27.87,CHG,Helth,1126.1600000000008
2022-02-14,59.93,75.32,135.24,-15.39,28.22,CHG,Helth,1110.7700000000007
2022-02-15,47.88,68.73,116.61,-20.85,32.67,CHG,Helth,1089.9200000000008
2022-02-17,25.44,45.96,71.4,-20.52,28.74,CHG,Helth,1069.4000000000008
2022-02-18,9.4,9.82,19.21,-0.42,17.09,CHG,Helth,1068.9800000000007
2022-02-21,93.67,153.69,247.36,-60.02,28.82,CHG,Helth,1008.9600000000007
2022-02-22,161.1,253.36,414.45,-92.26,18.32,CHG,Helth,916.7000000000007
2022-02-23,42.35,121.13,163.48,-78.79,30.55,CHG,Helth,837.9100000000008
2022-02-24,93.75,160.09,253.84,-66.34,36.46,CHG,Helth,771.5700000000007
2022-02-25,54.03,129.33,183.36,-75.3,22.92,CHG,Helth,696.2700000000008
2022-02-28,89.28,84.84,174.12,4.44,30.59,CHG,Helth,700.7100000000008
2022-03-01,147.41,84.38,231.79,63.03,30.97,CHG,Helth,763.7400000000008
2022-03-02,143.03,94.8,237.83,48.23,31.11,CHG,Helth,811.9700000000008
2022-03-03,117.64,86.97,204.62,30.67,27.39,CHG,Helth,842.6400000000008
2022-03-04,67.52,59.09,126.61,8.44,33.22,CHG,Helth,851.0800000000008
2022-03-07,188.46,71.64,260.09,116.82,31.47,CHG,Helth,967.9000000000008
2022-03-08,388.62,158.89,547.51,229.73,29.39,CHG,Helth,1197.6300000000008
2022-03-09,93.42,113.02,206.44,-19.61,36.89,CHG,Helth,1178.020000000001
2022-03-10,87.72,44.47,132.19,43.24,30.92,CHG,Helth,1221.260000000001
2022-03-11,95.78,33.81,129.59,61.97,34.14,CHG,Helth,1283.230000000001
2022-03-14,115.31,95.21,210.52,20.11,34.53,CHG,Helth,1303.3400000000008
2022-03-15,138.96,77.26,216.22,61.7,39.16,CHG,Helth,1365.0400000000009
2022-03-16,101.31,69.64,170.95,31.67,44.47,CHG,Helth,1396.710000000001
2022-03-17,191.94,71.44,263.38,120.5,39.59,CHG,Helth,1517.210000000001
2022-03-18,174.08,79.49,253.57,94.59,28.29,CHG,Helth,1611.8000000000009
2022-03-21,75.46,76.39,151.85,-0.93,33.12,CHG,Helth,1610.8700000000008
2022-03-22,55.32,25.75,81.07,29.57,40.66,CHG,Helth,1640.4400000000007
2022-03-23,62.09,38.17,100.26,23.92,46.74,CHG,Helth,1664.3600000000008
2022-03-24,116.12,61.73,177.85,54.39,36.69,CHG,Helth,1718.750000000001
2022-03-25,46.55,23.87,70.42,22.67,44.46,CHG,Helth,1741.420000000001
2022-03-28,94.35,72.69,167.05,21.66,40.59,CHG,Helth,1763.080000000001
2022-03-29,86.97,56.26,143.23,30.71,38.9,CHG,Helth,1793.790000000001
2022-03-30,117.55,62.07,179.63,55.48,38.33,CHG,Helth,1849.2700000000011
2022-03-31,96.9,20.1,117.0,76.8,35.91,CHG,Helth,1926.070000000001
2022-04-01,17.44,19.44,36.88,-2.0,37.14,CHG,Helth,1924.070000000001
2022-04-04,29.04,28.02,57.06,1.02,29.16,CHG,Helth,1925.090000000001
2022-04-05,48.85,34.01,82.86,14.84,30.2,CHG,Helth,1939.930000000001
2022-04-07,118.93,53.2,172.13,65.72,41.87,CHG,Helth,2005.650000000001
2022-04-08,211.54,149.4,360.94,62.14,33.43,CHG,Helth,2067.790000000001
2022-04-11,215.49,135.15,350.63,80.34,25.16,CHG,Helth,2148.130000000001
2022-04-12,70.24,34.17,104.41,36.07,29.63,CHG,Helth,2184.200000000001
2022-04-18,71.63,47.26,118.89,24.37,26.95,CHG,Helth,2208.570000000001
2022-04-19,150.17,58.42,208.58,91.75,38.43,CHG,Helth,2300.320000000001
2022-04-20,216.14,78.62,294.76,137.52,41.46,CHG,Helth,2437.840000000001
2022-04-21,61.78,38.65,100.43,23.13,29.92,CHG,Helth,2460.970000000001
2022-04-22,89.75,58.56,148.31,31.18,28.18,CHG,Helth,2492.150000000001
2022-04-25,117.93,60.36,178.29,57.57,35.8,CHG,Helth,2549.720000000001
2022-04-26,40.8,55.36,96.15,-14.56,26.72,CHG,Helth,2535.160000000001
2022-04-27,47.75,23.78,71.53,23.97,26.92,CHG,Helth,2559.130000000001
2022-04-28,64.39,44.86,109.25,19.53,35.26,CHG,Helth,2578.660000000001
2022-04-29,75.55,114.86,190.41,-39.3,40.54,CHG,Helth,2539.360000000001
2022-05-03,135.0,130.27,265.28,4.73,32.04,CHG,Helth,2544.090000000001
2022-05-05,70.8,98.95,169.76,-28.15,33.51,CHG,Helth,2515.940000000001
2022-05-06,157.25,161.93,319.18,-4.69,38.03,CHG,Helth,2511.250000000001
2022-05-09,46.21,47.99,94.21,-1.78,29.66,CHG,Helth,2509.4700000000007
2022-05-10,119.91,94.57,214.48,25.34,37.39,CHG,Helth,2534.810000000001
2022-05-11,57.89,131.69,189.58,-73.79,29.13,CHG,Helth,2461.020000000001
2022-05-12,55.22,41.83,97.04,13.39,27.81,CHG,Helth,2474.4100000000008
2022-05-13,156.61,124.82,281.42,31.79,39.67,CHG,Helth,2506.2000000000007
2022-05-17,86.82,230.59,317.42,-143.77,34.56,CHG,Helth,2362.4300000000007
2022-05-18,64.17,87.28,151.46,-23.11,30.43,CHG,Helth,2339.3200000000006
2022-05-19,105.15,96.93,202.08,8.21,38.26,CHG,Helth,2347.5300000000007
2022-05-20,42.17,46.27,88.44,-4.1,32.39,CHG,Helth,2343.4300000000007
2022-05-23,23.69,45.76,69.45,-22.07,40.89,CHG,Helth,2321.3600000000006
2022-05-24,75.35,77.95,153.3,-2.6,43.38,CHG,Helth,2318.7600000000007
2022-05-25,46.76,37.17,83.93,9.59,28.59,CHG,Helth,2328.350000000001
2022-05-26,35.33,29.31,64.64,6.02,39.16,CHG,Helth,2334.370000000001
2022-05-27,73.68,74.94,148.62,-1.26,39.06,CHG,Helth,2333.1100000000006
2022-05-30,90.64,69.65,160.29,20.99,34.15,CHG,Helth,2354.1000000000004
2022-05-31,73.94,110.68,184.62,-36.74,30.22,CHG,Helth,2317.3600000000006
2022-06-01,23.24,47.64,70.88,-24.41,29.35,CHG,Helth,2292.9500000000007
2022-06-02,27.0,79.86,106.86,-52.86,35.62,CHG,Helth,2240.0900000000006
2022-06-06,60.11,93.48,153.59,-33.37,32.68,CHG,Helth,2206.7200000000007
2022-06-07,24.77,108.84,133.6,-84.07,31.13,CHG,Helth,2122.6500000000005
2022-06-08,33.08,74.62,107.7,-41.53,34.01,CHG,Helth,2081.1200000000003
2022-06-09,44.79,65.82,110.61,-21.03,51.18,CHG,Helth,2060.09
2022-06-10,16.06,21.75,37.81,-5.7,30.23,CHG,Helth,2054.3900000000003
2022-06-13,41.51,71.31,112.83,-29.8,29.18,CHG,Helth,2024.5900000000004
2022-06-14,189.9,85.68,275.58,104.22,38.76,CHG,Helth,2128.8100000000004
2022-06-15,54.18,56.38,110.57,-2.2,32.07,CHG,Helth,2126.6100000000006
2022-06-16,71.02,121.72,192.74,-50.7,33.35,CHG,Helth,2075.9100000000008
2022-06-17,108.5,77.65,186.15,30.85,37.74,CHG,Helth,2106.7600000000007
2022-06-20,27.77,25.95,53.72,1.82,29.66,CHG,Helth,2108.580000000001
2022-06-21,5.01,5.37,10.38,-0.36,22.14,CHG,Helth,2108.2200000000007
2022-06-22,23.05,57.61,80.66,-34.56,35.86,CHG,Helth,2073.6600000000008
2022-06-23,37.77,34.52,72.29,3.25,19.93,CHG,Helth,2076.9100000000008
2022-06-24,41.2,43.58,84.79,-2.38,25.7,CHG,Helth,2074.5300000000007
2022-06-27,46.69,74.16,120.85,-27.46,24.4,CHG,Helth,2047.0700000000006
2022-06-28,40.21,53.0,93.22,-12.79,34.3,CHG,Helth,2034.2800000000007
2022-06-29,28.73,48.3,77.03,-19.56,41.35,CHG,Helth,2014.7200000000007
2022-06-30,109.26,94.77,204.03,14.5,34.34,CHG,Helth,2029.2200000000007
2022-07-01,32.62,29.99,62.61,2.63,35.62,CHG,Helth,2031.8500000000008
2022-07-04,57.7,56.6,114.3,1.1,29.12,CHG,Helth,2032.9500000000007
2022-07-05,183.87,162.35,346.22,21.52,24.55,CHG,Helth,2054.4700000000007
2022-07-06,76.05,126.87,202.92,-50.82,26.27,CHG,Helth,2003.6500000000008
2022-07-07,40.28,84.22,124.5,-43.94,35.46,CHG,Helth,1959.7100000000007
2022-07-08,23.69,23.02,46.71,0.67,21.31,CHG,Helth,1960.3800000000008
2022-07-11,30.06,60.4,90.47,-30.34,23.41,CHG,Helth,1930.0400000000009
2022-07-12,54.66,67.79,122.45,-13.13,22.01,CHG,Helth,1916.9100000000008
2022-07-14,51.88,34.49,86.37,17.39,28.45,CHG,Helth,1934.3000000000009
2022-07-15,54.8,48.55,103.35,6.26,26.18,CHG,Helth,1940.5600000000009
2022-07-18,42.74,53.11,95.85,-10.37,35.25,CHG,Helth,1930.190000000001
2022-07-19,19.95,46.99,66.93,-27.04,19.48,CHG,Helth,1903.150000000001
2022-07-20,32.99,56.08,89.07,-23.09,33.89,CHG,Helth,1880.060000000001
2022-07-21,38.35,43.96,82.31,-5.6,26.13,CHG,Helth,1874.4600000000012
2022-07-22,21.0,27.76,48.76,-6.76,21.44,CHG,Helth,1867.7000000000012
2022-07-25,6.73,20.18,26.9,-13.45,18.19,CHG,Helth,1854.2500000000011
2022-07-26,34.85,41.72,76.57,-6.87,38.62,CHG,Helth,1847.3800000000012
2022-07-27,31.18,43.54,74.72,-12.37,28.4,CHG,Helth,1835.0100000000014
2022-08-01,25.05,23.23,48.28,1.82,29.95,CHG,Helth,1836.8300000000013
2022-08-02,116.84,25.97,142.81,90.86,30.47,CHG,Helth,1927.6900000000012
2022-08-03,110.79,52.58,163.37,58.21,32.56,CHG,Helth,1985.9000000000012
2022-08-04,43.95,58.95,102.9,-15.0,27.39,CHG,Helth,1970.9000000000012
2022-08-05,19.89,16.85,36.74,3.03,16.72,CHG,Helth,1973.9300000000012
2022-08-08,69.62,34.74,104.36,34.88,22.02,CHG,Helth,2008.8100000000013
2022-08-09,17.23,23.03,40.26,-5.8,19.71,CHG,Helth,2003.0100000000014
2022-08-10,90.54,59.55,150.1,30.99,29.34,CHG,Helth,2034.0000000000014
2022-08-11,125.78,25.48,151.26,100.3,34.26,CHG,Helth,2134.3000000000015
2022-08-15,92.05,37.54,129.59,54.51,38.81,CHG,Helth,2188.8100000000018
2022-08-16,64.18,38.84,103.01,25.34,35.35,CHG,Helth,2214.150000000002
2022-08-17,66.5,24.58,91.08,41.92,32.08,CHG,Helth,2256.070000000002
2022-08-18,43.28,127.41,170.69,-84.13,27.65,CHG,Helth,2171.940000000002
2022-08-19,35.76,66.29,102.05,-30.53,22.49,CHG,Helth,2141.4100000000017
2022-08-22,28.97,80.53,109.5,-51.56,32.2,CHG,Helth,2089.8500000000017
2022-08-23,105.03,103.78,208.81,1.25,34.59,CHG,Helth,2091.1000000000017
2022-08-24,35.22,95.91,131.13,-60.69,23.68,CHG,Helth,2030.4100000000017
2022-08-25,40.21,75.25,115.46,-35.04,23.86,CHG,Helth,1995.3700000000017
2022-08-26,15.23,48.67,63.9,-33.43,36.16,CHG,Helth,1961.9400000000016
2022-08-29,14.12,54.81,68.94,-40.69,26.74,CHG,Helth,1921.2500000000016
2022-08-30,37.09,61.73,98.82,-24.65,21.31,CHG,Helth,1896.6000000000015
2022-08-31,17.73,43.34,61.07,-25.61,30.59,CHG,Helth,1870.9900000000016
2022-09-01,101.52,53.16,154.67,48.36,22.22,CHG,Helth,1919.3500000000015
2022-09-02,55.56,42.7,98.26,12.86,23.13,CHG,Helth,1932.2100000000014
2022-09-05,39.97,46.96,86.94,-6.99,19.48,CHG,Helth,1925.2200000000014
2022-09-06,27.59,38.0,65.59,-10.41,21.06,CHG,Helth,1914.8100000000013
2022-09-07,24.7,19.63,44.34,5.07,34.39,CHG,Helth,1919.8800000000012
2022-09-08,28.12,14.05,42.17,14.07,21.25,CHG,Helth,1933.9500000000012
2022-09-09,29.38,18.16,47.54,11.21,18.03,CHG,Helth,1945.1600000000012
2022-09-12,47.8,17.49,65.29,30.31,20.68,CHG,Helth,1975.4700000000012
2022-09-13,29.55,14.36,43.91,15.19,28.78,CHG,Helth,1990.6600000000012
2022-09-14,4.87,7.13,12.0,-2.27,23.12,CHG,Helth,1988.3900000000012
2022-09-15,3.46,7.49,10.95,-4.02,26.36,CHG,Helth,1984.3700000000013
2022-09-16,12.19,30.09,42.28,-17.9,33.1,CHG,Helth,1966.4700000000012
2022-09-19,7.05,14.03,21.08,-6.98,20.0,CHG,Helth,1959.4900000000011
2022-09-20,14.19,26.93,41.12,-12.74,26.91,CHG,Helth,1946.7500000000011
2022-09-21,23.76,32.64,56.4,-8.87,31.97,CHG,Helth,1937.8800000000012
2022-09-22,39.6,43.07,82.67,-3.47,32.05,CHG,Helth,1934.4100000000012
2022-09-23,13.04,50.02,63.06,-36.98,22.34,CHG,Helth,1897.4300000000012
2022-09-26,23.47,60.45,83.92,-36.97,39.31,CHG,Helth,1860.4600000000012
2022-09-27,40.2,33.52,73.72,6.69,33.82,CHG,Helth,1867.1500000000012
2022-09-28,44.18,60.31,104.49,-16.12,35.97,CHG,Helth,1851.0300000000013
2022-09-29,27.53,40.45,67.98,-12.93,31.21,CHG,Helth,1838.1000000000013
2022-09-30,24.23,41.91,66.15,-17.68,44.08,CHG,Helth,1820.4200000000012
2022-10-03,34.39,36.16,70.55,-1.76,29.27,CHG,Helth,1818.6600000000012
2022-10-04,29.0,44.88,73.88,-15.88,35.78,CHG,Helth,1802.780000000001
2022-10-05,48.11,43.59,91.7,4.52,30.59,CHG,Helth,1807.300000000001
2022-10-06,58.71,49.36,108.06,9.35,39.2,CHG,Helth,1816.650000000001
2022-10-07,17.94,29.11,47.06,-11.17,25.0,CHG,Helth,1805.480000000001
2022-10-10,23.93,30.36,54.29,-6.44,44.95,CHG,Helth,1799.0400000000009
2022-10-11,28.12,43.1,71.22,-14.98,37.61,CHG,Helth,1784.0600000000009
2022-10-12,35.45,28.17,63.62,7.27,49.26,CHG,Helth,1791.3300000000008
2022-10-17,24.62,28.31,52.94,-3.69,35.68,CHG,Helth,1787.6400000000008
2022-10-18,38.28,68.23,106.51,-29.96,49.92,CHG,Helth,1757.6800000000007
2022-10-19,21.8,27.45,49.25,-5.65,33.33,CHG,Helth,1752.0300000000007
2022-10-20,188.94,179.54,368.48,9.4,65.95,CHG,Helth,1761.4300000000007
2022-10-21,16.9,37.24,54.13,-20.34,20.89,CHG,Helth,1741.0900000000008
2022-10-25,23.1,21.99,45.08,1.11,19.88,CHG,Helth,1742.2000000000007
2022-10-26,11.2,23.68,34.88,-12.48,38.27,CHG,Helth,1729.7200000000007
2022-10-27,25.82,25.99,51.81,-0.17,24.23,CHG,Helth,1729.5500000000006
2022-10-28,8.57,14.01,22.58,-5.44,27.31,CHG,Helth,1724.1100000000006
2022-10-31,33.85,19.04,52.89,14.81,30.85,CHG,Helth,1738.9200000000005
2022-11-01,30.89,27.12,58.01,3.77,19.77,CHG,Helth,1742.6900000000005
2022-11-02,20.39,24.3,44.7,-3.91,24.28,CHG,Helth,1738.7800000000004
2022-11-03,80.52,57.45,137.97,23.07,23.49,CHG,Helth,1761.8500000000004
2022-11-04,30.5,32.23,62.72,-1.73,34.41,CHG,Helth,1760.1200000000003
2022-11-07,20.84,28.05,48.89,-7.21,25.39,CHG,Helth,1752.9100000000003
2022-11-08,26.59,22.16,48.76,4.43,20.61,CHG,Helth,1757.3400000000004
2022-11-09,35.06,21.68,56.74,13.37,30.83,CHG,Helth,1770.7100000000003
2022-11-10,91.03,51.12,142.15,39.91,25.28,CHG,Helth,1810.6200000000003
2022-11-11,55.46,151.07,206.53,-95.61,24.25,CHG,Helth,1715.0100000000004
2022-11-14,20.1,37.48,57.58,-17.39,18.12,CHG,Helth,1697.6200000000003
2022-11-15,46.6,60.08,106.69,-13.48,45.59,CHG,Helth,1684.1400000000003
2022-11-16,29.27,65.44,94.71,-36.16,33.7,CHG,Helth,1647.9800000000002
2022-11-17,21.53,35.68,57.2,-14.15,30.36,CHG,Helth,1633.8300000000002
2022-11-18,25.33,79.51,104.84,-54.18,28.09,CHG,Helth,1579.65
2022-11-21,43.89,45.69,89.58,-1.8,29.34,CHG,Helth,1577.8500000000001
2022-11-22,16.15,34.05,50.2,-17.9,16.08,CHG,Helth,1559.95
2022-11-23,16.89,14.37,31.26,2.52,24.57,CHG,Helth,1562.47
2022-11-24,15.27,24.63,39.9,-9.36,17.91,CHG,Helth,1553.1100000000001
2022-11-25,7.1,20.67,27.77,-13.56,27.78,CHG,Helth,1539.5500000000002
2022-11-28,63.62,90.21,153.83,-26.6,22.97,CHG,Helth,1512.9500000000003
2022-11-29,15.77,36.72,52.49,-20.95,21.85,CHG,Helth,1492.0000000000002
2022-11-30,112.7,68.08,180.78,44.62,16.02,CHG,Helth,1536.6200000000001
2022-12-01,12.23,27.55,39.78,-15.31,19.6,CHG,Helth,1521.3100000000002
2022-12-02,26.09,27.65,53.74,-1.56,23.05,CHG,Helth,1519.7500000000002
2022-12-06,37.13,98.88,136.01,-61.74,24.79,CHG,Helth,1458.0100000000002
2022-12-07,35.44,26.04,61.48,9.4,18.8,CHG,Helth,1467.4100000000003
2022-12-08,15.43,52.85,68.27,-37.42,27.13,CHG,Helth,1429.9900000000002
2022-12-09,12.31,22.24,34.55,-9.93,30.3,CHG,Helth,1420.0600000000002
2022-12-13,31.06,62.8,93.86,-31.74,24.6,CHG,Helth,1388.3200000000002
2022-12-14,12.69,13.25,25.93,-0.56,31.34,CHG,Helth,1387.7600000000002
2022-12-15,44.95,106.23,151.18,-61.28,35.14,CHG,Helth,1326.4800000000002
2022-12-16,37.23,55.16,92.39,-17.92,21.58,CHG,Helth,1308.5600000000002
2022-12-19,20.96,71.4,92.35,-50.44,22.87,CHG,Helth,1258.1200000000001
2022-12-20,10.63,17.32,27.95,-6.69,12.85,CHG,Helth,1251.43
2022-12-21,33.02,27.26,60.29,5.76,15.83,CHG,Helth,1257.19
2022-12-22,13.88,10.94,24.82,2.94,23.12,CHG,Helth,1260.13
2022-12-23,17.88,14.91,32.79,2.97,26.33,CHG,Helth,1263.1000000000001
2022-12-26,4.31,7.74,12.06,-3.43,10.4,CHG,Helth,1259.67
2022-12-27,32.37,14.12,46.49,18.26,15.53,CHG,Helth,1277.93
2022-12-28,26.49,27.86,54.35,-1.36,24.89,CHG,Helth,1276.5700000000002
2022-12-29,55.95,19.35,75.3,36.61,17.89,CHG,Helth,1313.18
2022-12-30,47.56,34.51,82.07,13.04,25.23,CHG,Helth,1326.22
2023-01-03,17.63,31.79,49.42,-14.17,22.17,CHG,Helth,1312.05
2023-01-04,23.78,34.44,58.22,-10.66,21.84,CHG,Helth,1301.3899999999999
2023-01-05,72.62,49.2,121.81,23.42,20.74,CHG,Helth,1324.81
2023-01-06,83.71,43.63,127.33,40.08,18.94,CHG,Helth,1364.8899999999999
2023-01-09,24.5,19.66,44.15,4.84,16.6,CHG,Helth,1369.7299999999998
2023-01-10,33.58,12.2,45.78,21.38,23.52,CHG,Helth,1391.11
2023-01-11,43.83,25.63,69.46,18.19,21.43,CHG,Helth,1409.3
2023-01-12,54.21,41.16,95.36,13.05,19.19,CHG,Helth,1422.35
2023-01-13,59.74,55.41,115.15,4.33,21.15,CHG,Helth,1426.6799999999998
2023-01-16,25.36,14.27,39.63,11.09,23.88,CHG,Helth,1437.7699999999998
2023-01-17,7.5,9.69,17.18,-2.19,27.73,CHG,Helth,1435.5799999999997
2023-01-18,37.28,19.53,56.82,17.75,28.71,CHG,Helth,1453.3299999999997
2023-01-19,15.92,16.03,31.96,-0.11,30.03,CHG,Helth,1453.2199999999998
2023-01-20,103.78,25.22,129.0,78.56,38.5,CHG,Helth,1531.7799999999997
2023-01-23,23.25,16.88,40.13,6.38,31.97,CHG,Helth,1538.1599999999999
2023-01-24,23.17,30.11,53.29,-6.94,35.06,CHG,Helth,1531.2199999999998
2023-01-25,35.32,36.22,71.54,-0.89,34.93,CHG,Helth,1530.3299999999997
2023-01-26,49.35,24.97,74.32,24.38,37.72,CHG,Helth,1554.7099999999998
2023-01-27,17.06,17.76,34.83,-0.7,30.6,CHG,Helth,1554.0099999999998
2023-01-30,151.03,79.26,230.29,71.77,42.18,CHG,Helth,1625.7799999999997
2023-01-31,210.64,78.43,289.07,132.22,23.69,CHG,Helth,1757.9999999999998
2023-02-01,59.12,101.11,160.23,-41.98,24.27,CHG,Helth,1716.0199999999998
2023-02-02,43.43,53.55,96.98,-10.13,38.27,CHG,Helth,1705.8899999999996
2023-02-03,99.86,129.77,229.63,-29.92,26.36,CHG,Helth,1675.9699999999996
2023-02-06,26.66,12.95,39.61,13.71,27.3,CHG,Helth,1689.6799999999996
2023-02-07,32.73,31.81,64.54,0.92,24.13,CHG,Helth,1690.5999999999997
2023-02-08,18.78,21.12,39.91,-2.34,33.43,CHG,Helth,1688.2599999999998
2023-02-09,29.38,22.17,51.56,7.21,28.46,CHG,Helth,1695.4699999999998
2023-02-10,2.95,6.51,9.46,-3.55,26.76,CHG,Helth,1691.9199999999998
2023-02-13,16.35,43.75,60.1,-27.4,29.71,CHG,Helth,1664.5199999999998
2023-02-14,18.13,31.15,49.28,-13.02,23.85,CHG,Helth,1651.4999999999998
2023-02-15,26.48,34.8,61.28,-8.32,27.76,CHG,Helth,1643.1799999999998
2023-02-16,25.32,26.38,51.7,-1.06,15.23,CHG,Helth,1642.12
2023-02-17,26.33,29.16,55.48,-2.83,21.53,CHG,Helth,1639.29
2023-02-20,22.14,26.72,48.86,-4.58,25.59,CHG,Helth,1634.71
2023-02-21,16.87,17.28,34.15,-0.42,20.76,CHG,Helth,1634.29
2023-02-22,37.36,27.64,65.0,9.71,19.04,CHG,Helth,1644.0
2023-02-23,16.08,10.14,26.23,5.94,20.19,CHG,Helth,1649.94
2023-02-24,33.0,29.88,62.88,3.12,20.54,CHG,Helth,1653.06
2023-02-27,34.23,59.77,94.0,-25.54,23.46,CHG,Helth,1627.52
2023-02-28,44.92,62.69,107.61,-17.76,25.29,CHG,Helth,1609.76
2023-03-01,24.57,36.93,61.5,-12.35,33.35,CHG,Helth,1597.41
2023-03-02,32.48,60.03,92.51,-27.55,28.41,CHG,Helth,1569.8600000000001
2023-03-03,41.41,81.33,122.74,-39.92,27.38,CHG,Helth,1529.94
2023-03-07,17.45,19.59,37.03,-2.14,25.56,CHG,Helth,1527.8
2023-03-08,24.0,15.58,39.57,8.42,21.6,CHG,Helth,1536.22
2023-03-09,20.18,42.06,62.24,-21.89,19.16,CHG,Helth,1514.33
2023-03-10,16.84,33.4,50.24,-16.56,19.8,CHG,Helth,1497.77
2023-03-13,12.45,25.52,37.97,-13.07,29.69,CHG,Helth,1484.7
2023-03-14,95.45,143.42,238.87,-47.97,38.46,CHG,Helth,1436.73
2023-03-15,35.38,57.08,92.45,-21.7,30.97,CHG,Helth,1415.03
2023-03-16,33.9,52.98,86.88,-19.08,33.04,CHG,Helth,1395.95
2023-03-17,64.16,73.42,137.58,-9.26,34.08,CHG,Helth,1386.69
2023-03-20,18.21,28.71,46.92,-10.51,34.5,CHG,Helth,1376.18
2023-03-21,26.3,35.61,61.91,-9.31,26.09,CHG,Helth,1366.8700000000001
2023-03-22,15.85,33.4,49.25,-17.55,18.52,CHG,Helth,1349.3200000000002
2023-03-23,36.28,35.13,71.4,1.15,19.61,CHG,Helth,1350.4700000000003
2023-03-24,12.98,14.47,27.45,-1.49,21.39,CHG,Helth,1348.9800000000002
2023-03-27,23.3,26.76,50.07,-3.46,23.19,CHG,Helth,1345.5200000000002
2023-03-28,28.61,14.68,43.29,13.94,27.92,CHG,Helth,1359.4600000000003
2023-03-29,17.2,14.53,31.73,2.67,20.93,CHG,Helth,1362.1300000000003
2023-03-30,12.36,10.06,22.42,2.3,25.05,CHG,Helth,1364.4300000000003
2023-03-31,19.9,10.45,30.35,9.45,36.71,CHG,Helth,1373.8800000000003
2023-04-03,9.92,19.43,29.35,-9.5,27.57,CHG,Helth,1364.3800000000003
2023-04-04,34.93,27.28,62.21,7.65,18.51,CHG,Helth,1372.0300000000004
2023-04-05,39.83,30.71,70.53,9.12,20.96,CHG,Helth,1381.1500000000003
2023-04-07,31.83,21.98,53.81,9.85,25.43,CHG,Helth,1391.0000000000002
2023-04-10,46.35,18.18,64.53,28.17,26.51,CHG,Helth,1419.1700000000003
2023-04-11,33.77,33.24,67.01,0.53,14.29,CHG,Helth,1419.7000000000003
2023-04-12,23.55,40.36,63.91,-16.8,36.83,CHG,Helth,1402.9000000000003
2023-04-17,38.75,37.61,76.36,1.14,17.23,CHG,Helth,1404.0400000000004
2023-04-18,49.04,33.0,82.04,16.03,17.48,CHG,Helth,1420.0700000000004
2023-04-19,45.78,30.64,76.42,15.14,17.43,CHG,Helth,1435.2100000000005
2023-04-20,18.26,35.3,53.56,-17.04,18.42,CHG,Helth,1418.1700000000005
2023-04-21,20.01,29.8,49.81,-9.79,30.67,CHG,Helth,1408.3800000000006
2023-04-24,17.76,40.03,57.78,-22.27,29.42,CHG,Helth,1386.1100000000006
2023-04-25,6.54,36.29,42.83,-29.75,26.01,CHG,Helth,1356.3600000000006
2023-04-26,2.42,7.95,10.37,-5.52,20.9,CHG,Helth,1350.8400000000006
2023-04-27,13.44,31.36,44.8,-17.92,28.19,CHG,Helth,1332.9200000000005
2023-04-28,40.11,90.56,130.67,-50.45,18.77,CHG,Helth,1282.4700000000005
2023-05-02,30.77,29.49,60.25,1.28,21.46,CHG,Helth,1283.7500000000005
2023-05-03,35.15,22.0,57.15,13.15,16.13,CHG,Helth,1296.9000000000005
2023-05-08,14.93,30.28,45.21,-15.35,22.03,CHG,Helth,1281.5500000000006
2023-05-09,29.57,26.07,55.65,3.5,27.83,CHG,Helth,1285.0500000000006
2023-05-10,14.35,8.48,22.83,5.86,14.89,CHG,Helth,1290.9100000000005
2023-05-11,42.01,35.19,77.2,6.82,14.93,CHG,Helth,1297.7300000000005
2023-05-12,7.46,31.68,39.14,-24.22,23.6,CHG,Helth,1273.5100000000004
2023-05-15,38.04,47.3,85.34,-9.26,20.6,CHG,Helth,1264.2500000000005
2023-05-16,57.33,35.41,92.74,21.92,27.01,CHG,Helth,1286.1700000000005
2023-05-17,158.58,28.88,187.46,129.7,22.32,CHG,Helth,1415.8700000000006
2023-05-18,40.65,47.88,88.53,-7.23,35.72,CHG,Helth,1408.6400000000006
2023-05-19,25.19,45.64,70.83,-20.45,26.28,CHG,Helth,1388.1900000000005
2023-05-22,16.93,39.13,56.06,-22.2,31.77,CHG,Helth,1365.9900000000005
2023-05-23,21.79,59.91,81.69,-38.12,39.73,CHG,Helth,1327.8700000000006
2023-05-24,10.03,25.02,35.05,-14.99,27.46,CHG,Helth,1312.8800000000006
2023-05-25,21.21,41.05,62.26,-19.84,28.21,CHG,Helth,1293.0400000000006
2023-05-26,6.19,25.54,31.73,-19.34,38.24,CHG,Helth,1273.7000000000007
2023-05-29,24.15,21.78,45.93,2.38,17.88,CHG,Helth,1276.0800000000008
2023-05-30,67.21,115.86,183.06,-48.65,34.7,CHG,Helth,1227.4300000000007
2023-05-31,24.19,80.36,104.55,-56.17,29.52,CHG,Helth,1171.2600000000007
2023-06-01,33.96,64.26,98.22,-30.3,35.65,CHG,Helth,1140.9600000000007
2023-06-02,10.3,28.23,38.53,-17.94,27.21,CHG,Helth,1123.0200000000007
2023-06-06,29.17,17.07,46.24,12.1,35.7,CHG,Helth,1135.1200000000006
2023-06-07,24.74,19.58,44.33,5.16,35.22,CHG,Helth,1140.2800000000007
2023-06-08,26.65,16.6,43.25,10.05,43.72,CHG,Helth,1150.3300000000006
2023-06-09,5.26,8.94,14.2,-3.67,21.5,CHG,Helth,1146.6600000000005
2023-06-12,44.25,16.25,60.5,28.0,27.9,CHG,Helth,1174.6600000000005
2023-06-13,22.94,6.86,29.79,16.08,15.47,CHG,Helth,1190.7400000000005
2023-06-14,37.75,20.64,58.39,17.1,15.88,CHG,Helth,1207.8400000000004
2023-06-15,8.57,5.55,14.12,3.02,12.61,CHG,Helth,1210.8600000000004
2023-06-16,17.79,23.86,41.66,-6.07,12.22,CHG,Helth,1204.7900000000004
2023-06-19,16.22,19.73,35.95,-3.51,27.92,CHG,Helth,1201.2800000000004
2023-06-20,12.14,29.72,41.86,-17.58,25.92,CHG,Helth,1183.7000000000005
2023-06-21,14.25,16.81,31.07,-2.56,33.01,CHG,Helth,1181.1400000000006
2023-06-22,125.58,17.23,142.81,108.35,31.99,CHG,Helth,1289.4900000000005
2023-06-23,102.55,7.72,110.26,94.83,39.57,CHG,Helth,1384.3200000000004
2023-06-26,11.75,19.14,30.89,-7.4,20.56,CHG,Helth,1376.9200000000003
2023-06-27,63.6,32.18,95.78,31.42,46.39,CHG,Helth,1408.3400000000004
2023-06-28,64.74,38.84,103.58,25.9,35.18,CHG,Helth,1434.2400000000005
2023-06-29,26.68,9.18,35.87,17.5,16.03,CHG,Helth,1451.7400000000005
2023-06-30,34.9,19.14,54.05,15.76,19.51,CHG,Helth,1467.5000000000005
2023-07-03,9.48,13.1,22.59,-3.62,23.54,CHG,Helth,1463.8800000000006
2023-07-04,14.5,9.19,23.68,5.31,16.24,CHG,Helth,1469.1900000000005
2023-07-05,23.69,10.86,34.54,12.83,25.25,CHG,Helth,1482.0200000000004
2023-07-06,12.9,22.57,35.46,-9.67,19.29,CHG,Helth,1472.3500000000004
2023-07-07,16.85,10.76,27.62,6.09,27.52,CHG,Helth,1478.4400000000003
2023-07-10,50.34,16.19,66.53,34.15,25.94,CHG,Helth,1512.5900000000004
2023-07-11,13.42,23.71,37.12,-10.29,22.18,CHG,Helth,1502.3000000000004
2023-07-12,14.42,8.35,22.77,6.08,31.02,CHG,Helth,1508.3800000000003
2023-07-13,50.14,26.55,76.7,23.59,29.74,CHG,Helth,1531.9700000000003
2023-07-14,45.77,16.95,62.73,28.82,24.7,CHG,Helth,1560.7900000000002
2023-07-17,52.17,16.63,68.81,35.54,24.44,CHG,Helth,1596.3300000000002
2023-07-18,3.47,7.29,10.76,-3.82,17.92,CHG,Helth,1592.5100000000002
2023-07-19,19.55,21.64,41.2,-2.09,29.26,CHG,Helth,1590.4200000000003
2023-07-20,11.16,13.68,24.84,-2.52,24.83,CHG,Helth,1587.9000000000003
2023-07-21,15.65,8.49,24.14,7.17,41.27,CHG,Helth,1595.0700000000004
2023-07-24,18.41,15.68,34.09,2.73,30.15,CHG,Helth,1597.8000000000004
2023-07-25,27.79,17.11,44.9,10.69,31.48,CHG,Helth,1608.4900000000005
2023-07-26,13.71,29.25,42.96,-15.53,23.15,CHG,Helth,1592.9600000000005
2023-07-27,21.8,7.94,29.74,13.85,23.7,CHG,Helth,1606.8100000000004
2023-07-31,67.42,55.01,122.43,12.41,28.76,CHG,Helth,1619.2200000000005
2023-08-02,21.36,23.94,45.3,-2.57,17.38,CHG,Helth,1616.6500000000005
2023-08-03,17.16,40.82,57.97,-23.66,20.93,CHG,Helth,1592.9900000000005
2023-08-04,39.88,25.16,65.04,14.72,24.06,CHG,Helth,1607.7100000000005
2023-08-07,7.94,7.43,15.36,0.51,19.49,CHG,Helth,1608.2200000000005
2023-08-08,117.06,41.57,158.64,75.49,23.01,CHG,Helth,1683.7100000000005
2023-08-09,35.85,10.19,46.04,25.66,31.58,CHG,Helth,1709.3700000000006
2023-08-10,86.59,42.99,129.58,43.6,27.01,CHG,Helth,1752.9700000000005
2023-08-11,39.27,33.03,72.3,6.24,37.4,CHG,Helth,1759.2100000000005
2023-08-15,23.81,32.27,56.08,-8.46,29.67,CHG,Helth,1750.7500000000005
2023-08-16,18.52,18.84,37.36,-0.32,26.11,CHG,Helth,1750.4300000000005
2023-08-17,80.42,61.82,142.24,18.6,23.4,CHG,Helth,1769.0300000000004
2023-08-18,111.04,116.42,227.45,-5.38,55.56,CHG,Helth,1763.6500000000003
2023-08-21,53.22,49.89,103.12,3.33,35.15,CHG,Helth,1766.9800000000002
2023-08-22,15.98,28.34,44.32,-12.37,22.76,CHG,Helth,1754.6100000000004
2023-08-23,15.46,24.59,40.05,-9.14,24.68,CHG,Helth,1745.4700000000003
2023-08-24,15.79,9.14,24.92,6.65,19.36,CHG,Helth,1752.1200000000003
2023-08-25,30.31,19.62,49.93,10.7,22.09,CHG,Helth,1762.8200000000004
2023-08-28,37.48,28.89,66.36,8.59,24.07,CHG,Helth,1771.4100000000003
2023-08-29,56.41,47.28,103.69,9.13,30.94,CHG,Helth,1780.5400000000004
2023-08-30,37.21,76.29,113.5,-39.07,19.79,CHG,Helth,1741.4700000000005
2023-08-31,22.11,36.04,58.14,-13.93,10.54,CHG,Helth,1727.5400000000004
2023-09-01,6.56,17.28,23.84,-10.72,23.42,CHG,Helth,1716.8200000000004
2023-09-04,15.59,15.94,31.53,-0.35,21.11,CHG,Helth,1716.4700000000005
2023-09-05,21.94,27.83,49.77,-5.89,19.76,CHG,Helth,1710.5800000000004
2023-09-06,109.0,85.85,194.84,23.15,21.0,CHG,Helth,1733.7300000000005
2023-09-07,13.38,27.92,41.3,-14.54,19.41,CHG,Helth,1719.1900000000005
2023-09-08,15.42,19.97,35.38,-4.55,18.32,CHG,Helth,1714.6400000000006
2023-09-11,32.69,33.58,66.28,-0.89,14.38,CHG,Helth,1713.7500000000005
2023-09-12,15.73,31.05,46.79,-15.32,24.94,CHG,Helth,1698.4300000000005
2023-09-13,15.22,21.07,36.28,-5.85,16.41,CHG,Helth,1692.5800000000006
2023-09-14,12.29,13.48,25.77,-1.19,27.1,CHG,Helth,1691.3900000000006
2023-09-15,9.85,24.53,34.39,-14.68,21.32,CHG,Helth,1676.7100000000005
2023-09-18,25.74,7.22,32.95,18.52,24.86,CHG,Helth,1695.2300000000005
2023-09-19,8.98,2.54,11.52,6.44,18.66,CHG,Helth,1701.6700000000005
2023-09-20,11.31,9.1,20.41,2.22,12.84,CHG,Helth,1703.8900000000006
2023-09-21,8.69,6.11,14.8,2.57,31.13,CHG,Helth,1706.4600000000005
2023-09-22,8.91,14.01,22.92,-5.09,26.53,CHG,Helth,1701.3700000000006
2023-09-25,11.48,18.1,29.58,-6.61,28.55,CHG,Helth,1694.7600000000007
2023-09-26,32.57,19.52,52.08,13.05,21.6,CHG,Helth,1707.8100000000006
2023-09-27,25.58,16.51,42.09,9.08,16.93,CHG,Helth,1716.8900000000006
2023-09-28,10.71,16.9,27.61,-6.19,26.45,CHG,Helth,1710.7000000000005
2023-09-29,21.21,11.63,32.84,9.58,35.0,CHG,Helth,1720.2800000000004
2023-10-02,31.82,16.35,48.18,15.47,20.06,CHG,Helth,1735.7500000000005
2023-10-03,22.53,13.77,36.3,8.76,24.34,CHG,Helth,1744.5100000000004
2023-10-04,34.5,12.3,46.8,22.2,27.01,CHG,Helth,1766.7100000000005
2023-10-05,11.15,9.13,20.28,2.02,16.4,CHG,Helth,1768.7300000000005
2023-10-06,50.46,20.04,70.49,30.42,14.44,CHG,Helth,1799.1500000000005
2023-10-09,15.8,29.07,44.86,-13.27,29.19,CHG,Helth,1785.8800000000006
2023-10-10,24.95,50.75,75.7,-25.8,31.06,CHG,Helth,1760.0800000000006
2023-10-11,58.3,39.45,97.75,18.85,18.75,CHG,Helth,1778.9300000000005
2023-10-12,26.49,42.68,69.16,-16.19,38.76,CHG,Helth,1762.7400000000005
2023-10-16,27.18,31.18,58.36,-4.01,32.32,CHG,Helth,1758.7300000000005
2023-10-17,24.72,22.09,46.81,2.64,34.27,CHG,Helth,1761.3700000000006
2023-10-18,204.32,177.35,381.67,26.98,68.22,CHG,Helth,1788.3500000000006
2023-10-19,20.27,17.99,38.26,2.28,37.84,CHG,Helth,1790.6300000000006
2023-10-20,23.65,21.49,45.13,2.16,20.79,CHG,Helth,1792.7900000000006
2023-10-24,10.24,15.1,25.34,-4.85,29.2,CHG,Helth,1787.9400000000007
2023-10-25,10.73,13.07,23.79,-2.34,21.28,CHG,Helth,1785.6000000000008
2023-10-26,9.26,8.33,17.59,0.94,28.79,CHG,Helth,1786.5400000000009
2023-10-27,12.12,9.15,21.27,2.97,26.73,CHG,Helth,1789.510000000001
2023-10-30,9.5,9.06,18.56,0.45,24.52,CHG,Helth,1789.960000000001
2023-10-31,11.79,15.06,26.85,-3.27,22.99,CHG,Helth,1786.690000000001
2023-11-01,8.18,10.54,18.73,-2.36,22.57,CHG,Helth,1784.330000000001
2023-11-02,5.6,7.77,13.38,-2.17,18.71,CHG,Helth,1782.160000000001
2023-11-03,3.51,13.31,16.82,-9.8,35.88,CHG,Helth,1772.360000000001
2023-11-06,10.48,5.98,16.46,4.5,14.67,CHG,Helth,1776.860000000001
2023-11-07,16.94,7.28,24.22,9.67,21.83,CHG,Helth,1786.530000000001
2023-11-08,28.58,21.65,50.23,6.94,14.4,CHG,Helth,1793.4700000000012
2023-11-09,20.99,13.44,34.43,7.55,21.05,CHG,Helth,1801.0200000000011
2023-11-10,21.03,14.13,35.15,6.9,19.37,CHG,Helth,1807.9200000000012
2023-11-13,137.68,104.55,242.24,33.13,17.22,CHG,Helth,1841.0500000000013
2023-11-14,24.91,26.69,51.6,-1.78,17.61,CHG,Helth,1839.2700000000013
2023-11-15,74.94,28.79,103.72,46.15,16.31,CHG,Helth,1885.4200000000014
2023-11-16,31.39,19.55,50.94,11.84,21.29,CHG,Helth,1897.2600000000014
2023-11-17,22.0,13.12,35.13,8.88,19.54,CHG,Helth,1906.1400000000015
2023-11-20,27.05,7.41,34.46,19.63,27.01,CHG,Helth,1925.7700000000016
2023-11-21,11.83,6.92,18.76,4.91,22.27,CHG,Helth,1930.6800000000017
2023-11-22,14.73,11.82,26.55,2.91,23.02,CHG,Helth,1933.5900000000017
2023-11-23,9.21,5.4,14.61,3.8,20.47,CHG,Helth,1937.3900000000017
2023-11-24,13.23,7.15,20.38,6.07,24.84,CHG,Helth,1943.4600000000016
2023-11-27,4.64,4.8,9.44,-0.16,16.36,CHG,Helth,1943.3000000000015
2023-11-28,22.82,17.31,40.13,5.51,20.28,CHG,Helth,1948.8100000000015
2023-11-29,22.88,18.0,40.89,4.88,22.25,CHG,Helth,1953.6900000000016
2023-11-30,36.66,39.41,76.07,-2.75,30.73,CHG,Helth,1950.9400000000016
2023-12-01,16.18,29.08,45.27,-12.9,29.13,CHG,Helth,1938.0400000000016
2023-12-04,7.63,42.04,49.67,-34.41,35.69,CHG,Helth,1903.6300000000015
2023-12-06,31.48,21.16,52.64,10.32,32.69,CHG,Helth,1913.9500000000014
2023-12-07,24.18,7.16,31.34,17.02,22.57,CHG,Helth,1930.9700000000014
2023-12-08,14.79,29.14,43.93,-14.35,19.09,CHG,Helth,1916.6200000000015
2023-12-12,7.49,11.5,18.98,-4.01,12.43,CHG,Helth,1912.6100000000015
2023-12-13,12.73,6.43,19.16,6.3,29.06,CHG,Helth,1918.9100000000014
2023-12-14,16.12,7.64,23.76,8.47,17.22,CHG,Helth,1927.3800000000015
2023-12-15,21.71,11.38,33.09,10.32,26.39,CHG,Helth,1937.7000000000014
2023-12-18,4.81,8.37,13.18,-3.57,9.96,CHG,Helth,1934.1300000000015
2023-12-19,14.85,11.43,26.28,3.42,16.62,CHG,Helth,1937.5500000000015
2023-12-20,4.62,5.46,10.08,-0.85,16.81,CHG,Helth,1936.7000000000016
2023-12-21,13.8,12.96,26.76,0.84,24.34,CHG,Helth,1937.5400000000016
2023-12-22,16.72,12.64,29.36,4.09,18.81,CHG,Helth,1941.6300000000015
2023-12-25,5.82,4.07,9.89,1.76,8.66,CHG,Helth,1943.3900000000015
2023-12-26,13.59,11.61,25.2,1.97,15.69,CHG,Helth,1945.3600000000015
2023-12-27,16.49,13.36,29.85,3.13,13.51,CHG,Helth,1948.4900000000016
2023-12-28,15.38,6.41,21.78,8.97,13.64,CHG,Helth,1957.4600000000016
2024-01-02,10.1,8.05,18.16,2.05,16.13,CHG,Helth,1959.5100000000016
2024-01-03,4.95,10.56,15.52,-5.61,14.05,CHG,Helth,1953.9000000000017
2024-01-04,13.45,13.46,26.91,-0.01,16.52,CHG,Helth,1953.8900000000017
2024-01-05,14.31,7.5,21.81,6.81,21.66,CHG,Helth,1960.7000000000016
2024-01-08,10.24,10.34,20.57,-0.1,18.72,CHG,Helth,1960.6000000000017
2024-01-09,19.83,14.76,34.58,5.07,22.72,CHG,Helth,1965.6700000000017
2024-01-10,20.52,32.57,53.09,-12.06,17.59,CHG,Helth,1953.6100000000017
2024-01-11,24.65,12.78,37.43,11.88,15.79,CHG,Helth,1965.4900000000018
2024-01-12,14.09,26.44,40.53,-12.35,16.38,CHG,Helth,1953.140000000002
2024-01-15,14.29,23.18,37.47,-8.89,22.26,CHG,Helth,1944.2500000000018
2024-01-16,9.8,4.28,14.07,5.52,12.88,CHG,Helth,1949.7700000000018
2024-01-17,7.82,9.65,17.48,-1.83,20.31,CHG,Helth,1947.9400000000019
2024-01-18,9.77,12.23,22.0,-2.46,16.97,CHG,Helth,1945.4800000000018
2024-01-19,9.07,3.78,12.86,5.29,19.65,CHG,Helth,1950.7700000000018
2024-01-22,23.66,30.65,54.31,-6.99,26.23,CHG,Helth,1943.7800000000018
2024-01-23,21.17,11.05,32.23,10.12,28.15,CHG,Helth,1953.9000000000017
2024-01-24,14.52,11.39,25.91,3.13,23.09,CHG,Helth,1957.0300000000018
2024-01-25,1.47,6.16,7.62,-4.69,20.55,CHG,Helth,1952.3400000000017
2024-01-26,12.21,13.74,25.95,-1.53,25.55,CHG,Helth,1950.8100000000018
2024-01-29,11.2,16.96,28.16,-5.76,29.57,CHG,Helth,1945.0500000000018
2024-01-30,10.22,7.28,17.51,2.94,21.89,CHG,Helth,1947.9900000000018
2024-01-31,59.64,56.68,116.31,2.96,17.44,CHG,Helth,1950.9500000000019
2024-02-01,20.44,26.82,47.25,-6.38,24.29,CHG,Helth,1944.5700000000018
2024-02-02,15.52,10.22,25.74,5.31,26.09,CHG,Helth,1949.8800000000017
2024-02-05,13.05,9.8,22.85,3.24,19.58,CHG,Helth,1953.1200000000017
2024-02-06,127.36,49.36,176.72,78.0,12.54,CHG,Helth,2031.1200000000017
2024-02-07,27.47,13.02,40.49,14.45,17.67,CHG,Helth,2045.5700000000018
2024-02-08,13.42,4.29,17.72,9.13,18.26,CHG,Helth,2054.7000000000016
2024-02-09,9.87,3.69,13.56,6.18,18.37,CHG,Helth,2060.8800000000015
2024-02-12,18.6,27.1,45.71,-8.5,18.65,CHG,Helth,2052.3800000000015
2024-02-13,2.72,14.7,17.43,-11.98,17.15,CHG,Helth,2040.4000000000015
2024-02-14,13.06,9.08,22.15,3.98,13.63,CHG,Helth,2044.3800000000015
2024-02-15,20.75,21.96,42.71,-1.22,17.72,CHG,Helth,2043.1600000000014
2024-02-16,4.39,13.39,17.79,-9.0,27.14,CHG,Helth,2034.1600000000014
2024-02-19,4.16,9.72,13.88,-5.56,21.4,CHG,Helth,2028.6000000000015
2024-02-20,11.71,16.32,28.03,-4.62,18.37,CHG,Helth,2023.9800000000016
2024-02-21,8.15,6.15,14.3,2.01,18.75,CHG,Helth,2025.9900000000016
2024-02-22,18.29,11.98,30.28,6.31,14.97,CHG,Helth,2032.3000000000015
2024-02-23,32.28,117.98,150.25,-85.7,14.99,CHG,Helth,1946.6000000000015
2024-02-27,18.44,22.5,40.95,-4.06,23.34,CHG,Helth,1942.5400000000016
2024-02-28,15.65,26.98,42.63,-11.33,22.35,CHG,Helth,1931.2100000000016
2024-02-29,11.27,28.83,40.1,-17.56,30.54,CHG,Helth,1913.6500000000017
2024-03-01,25.94,33.41,59.35,-7.47,29.54,CHG,Helth,1906.1800000000017
2024-03-04,0.31,6.4,6.7,-6.09,16.94,CHG,Helth,1900.0900000000017
2024-03-05,6.0,14.2,20.2,-8.2,27.28,CHG,Helth,1891.8900000000017
2024-03-06,18.2,10.12,28.32,8.07,19.39,CHG,Helth,1899.9600000000016
2024-03-07,13.93,10.63,24.56,3.3,11.63,CHG,Helth,1903.2600000000016
2024-03-08,3.17,5.76,8.93,-2.59,10.38,CHG,Helth,1900.6700000000017
2024-03-11,16.17,21.46,37.62,-5.29,24.7,CHG,Helth,1895.3800000000017
2024-03-12,15.05,8.36,23.41,6.69,21.07,CHG,Helth,1902.0700000000018
2024-03-13,3.97,5.79,9.76,-1.82,13.73,CHG,Helth,1900.2500000000018
2024-03-14,10.13,7.3,17.43,2.83,17.69,CHG,Helth,1903.0800000000017
2024-03-15,3.99,7.83,11.82,-3.84,9.53,CHG,Helth,1899.2400000000018
2024-03-18,2.32,3.21,5.54,-0.89,14.85,CHG,Helth,1898.3500000000017
2024-03-19,3.01,7.36,10.37,-4.35,7.56,CHG,Helth,1894.0000000000018
2024-03-20,2.51,5.22,7.74,-2.71,18.44,CHG,Helth,1891.2900000000018
2024-03-21,3.75,11.34,15.09,-7.59,22.36,CHG,Helth,1883.7000000000019
2024-03-22,16.87,10.24,27.11,6.63,16.46,CHG,Helth,1890.330000000002
2024-03-25,16.22,12.34,28.56,3.88,18.27,CHG,Helth,1894.210000000002
2024-03-26,4.41,8.79,13.2,-4.38,15.43,CHG,Helth,1889.830000000002
2024-03-27,1.96,5.56,7.52,-3.6,18.71,CHG,Helth,1886.230000000002
2024-03-28,3.77,17.18,20.95,-13.41,17.36,CHG,Helth,1872.820000000002
2024-03-29,5.4,12.98,18.37,-7.58,24.16,CHG,Helth,1865.240000000002
2024-04-01,8.31,1.7,10.01,6.61,15.42,CHG,Helth,1871.850000000002
2024-04-02,2.97,3.28,6.26,-0.31,43.06,CHG,Helth,1871.540000000002
2024-04-03,5.81,8.68,14.49,-2.87,19.18,CHG,Helth,1868.6700000000021
2024-04-04,0.44,6.39,6.82,-5.95,15.07,CHG,Helth,1862.720000000002
2024-04-05,9.34,6.84,16.18,2.5,20.78,CHG,Helth,1865.220000000002
2024-04-09,8.2,8.32,16.52,-0.11,22.72,CHG,Helth,1865.1100000000022
2024-04-10,31.7,9.24,40.94,22.46,25.98,CHG,Helth,1887.5700000000022
2024-04-11,6.32,17.12,23.44,-10.8,15.63,CHG,Helth,1876.7700000000023
2024-04-17,35.17,20.8,55.97,14.37,32.17,CHG,Helth,1891.1400000000021
2024-04-18,7.54,18.39,25.93,-10.85,26.23,CHG,Helth,1880.2900000000022
2024-04-19,4.84,16.55,21.39,-11.71,22.82,CHG,Helth,1868.5800000000022
2024-04-22,4.32,7.98,12.3,-3.67,17.21,CHG,Helth,1864.9100000000021
2024-04-23,13.72,4.74,18.46,8.98,19.48,CHG,Helth,1873.8900000000021
2024-04-24,5.69,4.36,10.06,1.33,13.54,CHG,Helth,1875.220000000002
2024-04-25,22.74,8.27,31.0,14.47,13.6,CHG,Helth,1889.690000000002
2024-04-26,19.57,12.4,31.97,7.17,17.03,CHG,Helth,1896.8600000000022
2024-04-29,7.46,4.86,12.32,2.59,21.47,CHG,Helth,1899.450000000002
2024-04-30,14.67,18.17,32.84,-3.49,25.18,CHG,Helth,1895.960000000002
2024-05-02,19.58,8.45,28.03,11.13,12.9,CHG,Helth,1907.0900000000022
2024-05-03,3.48,8.33,11.81,-4.85,28.64,CHG,Helth,1902.2400000000023
2024-05-07,6.23,16.03,22.26,-9.79,26.85,CHG,Helth,1892.4500000000023
2024-05-08,14.2,36.23,50.44,-22.03,34.28,CHG,Helth,1870.4200000000023
2024-05-09,32.85,46.89,79.74,-14.03,20.48,CHG,Helth,1856.3900000000024
2024-05-10,18.81,12.63,31.44,6.18,16.98,CHG,Helth,1862.5700000000024
2024-05-13,31.4,6.49,37.89,24.9,24.88,CHG,Helth,1887.4700000000025
2024-05-14,54.75,16.37,71.12,38.38,31.19,CHG,Helth,1925.8500000000026
2024-05-15,28.13,14.03,42.16,14.1,31.17,CHG,Helth,1939.9500000000025
2024-05-16,28.14,35.93,64.07,-7.8,32.16,CHG,Helth,1932.1500000000026
2024-05-17,79.4,26.16,105.55,53.24,18.06,CHG,Helth,1985.3900000000026
2024-05-20,16.81,19.03,35.84,-2.22,22.74,CHG,Helth,1983.1700000000026
2024-05-21,4.98,5.54,10.52,-0.56,30.22,CHG,Helth,1982.6100000000026
2024-05-23,12.46,7.75,20.22,4.71,32.96,CHG,Helth,1987.3200000000027
2024-05-24,6.91,8.98,15.89,-2.06,19.57,CHG,Helth,1985.2600000000027
2024-05-27,1.08,5.45,6.53,-4.36,19.22,CHG,Helth,1980.9000000000028
2024-05-28,6.09,10.13,16.22,-4.05,37.5,CHG,Helth,1976.8500000000029
2024-05-29,9.02,9.7,18.72,-0.67,24.43,CHG,Helth,1976.1800000000028
2024-05-30,4.94,3.87,8.81,1.07,12.05,CHG,Helth,1977.2500000000027
2024-05-31,23.24,12.25,35.49,10.98,43.8,CHG,Helth,1988.2300000000027
2024-06-04,7.89,10.0,17.9,-2.11,37.56,CHG,Helth,1986.1200000000028
2024-06-05,15.92,20.95,36.87,-5.03,16.44,CHG,Helth,1981.0900000000029
2024-06-06,8.75,13.07,21.81,-4.32,20.82,CHG,Helth,1976.770000000003
2024-06-07,3.74,7.6,11.34,-3.85,22.88,CHG,Helth,1972.920000000003
2024-06-10,6.47,16.78,23.24,-10.31,21.13,CHG,Helth,1962.610000000003
2024-06-11,5.52,12.2,17.72,-6.68,18.57,CHG,Helth,1955.930000000003
2024-06-12,4.88,5.13,10.01,-0.25,21.5,CHG,Helth,1955.680000000003
2024-06-13,1.15,7.76,8.91,-6.61,22.94,CHG,Helth,1949.0700000000031
2024-06-14,4.59,12.29,16.88,-7.7,22.15,CHG,Helth,1941.370000000003
2024-06-17,14.5,13.62,28.12,0.88,25.66,CHG,Helth,1942.2500000000032
2024-06-18,7.77,15.56,23.33,-7.79,21.66,CHG,Helth,1934.4600000000032
2024-06-19,20.66,29.22,49.87,-8.56,15.26,CHG,Helth,1925.9000000000033
2024-06-20,14.8,14.64,29.44,0.17,15.07,CHG,Helth,1926.0700000000033
2024-06-21,55.46,11.41,66.88,44.05,23.05,CHG,Helth,1970.1200000000033
2024-06-24,19.82,13.5,33.33,6.32,17.47,CHG,Helth,1976.4400000000032
2024-06-25,51.06,23.82,74.88,27.23,19.76,CHG,Helth,2003.6700000000033
2024-06-26,18.43,22.21,40.65,-3.78,9.57,CHG,Helth,1999.8900000000033
2024-06-27,14.05,14.03,28.08,0.02,19.8,CHG,Helth,1999.9100000000033
2024-06-28,24.78,44.7,69.48,-19.92,19.05,CHG,Helth,1979.9900000000032
2024-07-01,3.85,11.86,15.71,-8.02,20.55,CHG,Helth,1971.9700000000032
2024-07-02,2.18,5.42,7.6,-3.23,25.15,CHG,Helth,1968.7400000000032
2024-07-03,19.88,8.21,28.09,11.66,14.76,CHG,Helth,1980.4000000000033
2024-07-04,19.33,11.89,31.21,7.44,15.3,CHG,Helth,1987.8400000000033
2024-07-05,26.83,14.38,41.21,12.45,19.38,CHG,Helth,2000.2900000000034
2024-07-08,29.0,16.88,45.88,12.13,26.24,CHG,Helth,2012.4200000000035
2024-07-09,4.97,12.1,17.07,-7.12,9.53,CHG,Helth,2005.3000000000036
2024-07-10,7.78,3.79,11.57,3.99,15.22,CHG,Helth,2009.2900000000036
2024-07-11,7.54,4.13,11.67,3.41,21.27,CHG,Helth,2012.7000000000037
2024-07-12,28.09,19.29,47.37,8.8,12.04,CHG,Helth,2021.5000000000036
2024-07-15,4.34,8.97,13.3,-4.63,19.67,CHG,Helth,2016.8700000000035
2024-07-16,4.87,9.93,14.8,-5.06,20.83,CHG,Helth,2011.8100000000036
2024-07-17,14.54,19.25,33.8,-4.71,22.01,CHG,Helth,2007.1000000000035
2024-07-18,9.76,27.76,37.52,-18.0,14.4,CHG,Helth,1989.1000000000035
2024-07-19,9.85,13.2,23.05,-3.36,14.97,CHG,Helth,1985.7400000000036
2024-07-23,13.88,23.33,37.21,-9.45,25.27,CHG,Helth,1976.2900000000036
2024-07-24,1.94,11.75,13.69,-9.81,27.89,CHG,Helth,1966.4800000000037
2024-07-25,4.67,12.6,17.27,-7.93,20.04,CHG,Helth,1958.5500000000036
2024-07-26,7.92,11.96,19.88,-4.04,31.41,CHG,Helth,1954.5100000000036
2024-07-30,3.94,10.62,14.56,-6.67,26.76,CHG,Helth,1947.8400000000036
2024-07-31,2.78,4.39,7.18,-1.61,12.63,CHG,Helth,1946.2300000000037
2024-08-01,18.91,13.44,32.35,5.47,16.65,CHG,Helth,1951.7000000000037
2024-08-02,3.44,15.41,18.85,-11.97,18.53,CHG,Helth,1939.7300000000037
2024-08-05,7.11,14.79,21.89,-7.68,16.94,CHG,Helth,1932.0500000000036
2024-08-06,7.36,6.06,13.42,1.3,14.22,CHG,Helth,1933.3500000000035
2024-08-07,4.46,5.05,9.51,-0.59,8.57,CHG,Helth,1932.7600000000036
2024-08-08,3.71,11.62,15.33,-7.91,15.44,CHG,Helth,1924.8500000000035
2024-08-09,5.85,12.96,18.81,-7.11,21.87,CHG,Helth,1917.7400000000036
2024-08-13,2.46,6.64,9.1,-4.18,20.46,CHG,Helth,1913.5600000000036
2024-08-14,2.19,6.21,8.39,-4.02,19.82,CHG,Helth,1909.5400000000036
2024-08-15,5.91,15.12,21.04,-9.21,20.55,CHG,Helth,1900.3300000000036
2024-08-16,8.43,7.7,16.13,0.73,14.78,CHG,Helth,1901.0600000000036
2024-08-19,3.59,10.4,13.99,-6.8,23.98,CHG,Helth,1894.2600000000036
2024-08-20,12.43,4.82,17.25,7.6,21.06,CHG,Helth,1901.8600000000035
2024-08-21,19.0,22.33,41.33,-3.33,20.81,CHG,Helth,1898.5300000000036
2024-08-22,17.98,16.63,34.61,1.35,17.79,CHG,Helth,1899.8800000000035
2024-08-23,17.22,45.12,62.34,-27.9,20.67,CHG,Helth,1871.9800000000034
2024-08-26,8.43,17.87,26.3,-9.44,22.01,CHG,Helth,1862.5400000000034
2024-08-27,9.46,10.36,19.83,-0.9,17.47,CHG,Helth,1861.6400000000033
2024-08-28,3.74,5.06,8.8,-1.32,15.7,CHG,Helth,1860.3200000000033
2024-08-29,1.41,1.63,3.04,-0.21,12.56,CHG,Helth,1860.1100000000033
2024-08-30,3.88,8.53,12.4,-4.65,23.35,CHG,Helth,1855.4600000000032
2024-09-02,0.88,1.9,2.77,-1.02,11.7,CHG,Helth,1854.4400000000032
2024-09-03,19.86,13.28,33.14,6.58,9.52,CHG,Helth,1861.0200000000032
2024-09-04,4.03,7.84,11.87,-3.81,15.17,CHG,Helth,1857.2100000000032
2024-09-05,28.88,11.11,39.99,17.78,21.49,CHG,Helth,1874.9900000000032
2024-09-06,21.26,21.36,42.62,-0.1,19.48,CHG,Helth,1874.8900000000033
2024-09-09,16.43,5.36,21.78,11.07,18.52,CHG,Helth,1885.9600000000032
2024-09-10,12.31,7.68,19.99,4.63,32.1,CHG,Helth,1890.5900000000033
2024-09-11,13.76,15.68,29.44,-1.92,22.46,CHG,Helth,1888.6700000000033
2024-09-12,5.59,5.79,11.38,-0.19,11.01,CHG,Helth,1888.4800000000032
2024-09-13,33.68,16.9,50.58,16.78,24.19,CHG,Helth,1905.2600000000032
2024-09-16,19.17,11.63,30.8,7.54,21.2,CHG,Helth,1912.8000000000031
2024-09-17,9.09,6.51,15.6,2.58,38.2,CHG,Helth,1915.380000000003
2024-09-18,20.7,7.75,28.45,12.96,21.29,CHG,Helth,1928.340000000003
2024-09-19,14.68,7.63,22.31,7.06,32.58,CHG,Helth,1935.400000000003
2024-09-20,10.69,2.89,13.57,7.8,24.86,CHG,Helth,1943.200000000003
2024-09-23,16.78,5.94,22.72,10.84,12.53,CHG,Helth,1954.040000000003
2024-09-24,7.71,3.58,11.29,4.12,9.42,CHG,Helth,1958.1600000000028
2024-09-25,4.4,4.78,9.17,-0.38,13.69,CHG,Helth,1957.7800000000027
2024-09-26,28.12,18.74,46.85,9.38,14.29,CHG,Helth,1967.1600000000028
2024-09-27,5.15,8.41,13.55,-3.26,14.19,CHG,Helth,1963.9000000000028
2024-09-30,12.13,16.64,28.77,-4.51,13.49,CHG,Helth,1959.3900000000028
2024-10-01,7.45,5.45,12.9,2.0,15.39,CHG,Helth,1961.3900000000028
2024-10-02,6.98,12.01,18.98,-5.03,21.23,CHG,Helth,1956.3600000000029
2024-10-03,6.66,15.26,21.93,-8.6,14.02,CHG,Helth,1947.760000000003
2024-10-04,6.82,41.38,48.2,-34.57,16.66,CHG,Helth,1913.190000000003
2024-10-07,13.42,12.26,25.68,1.17,18.32,CHG,Helth,1914.360000000003
2024-10-08,10.19,25.88,36.07,-15.69,24.46,CHG,Helth,1898.670000000003
2024-10-09,31.61,25.49,57.1,6.12,32.35,CHG,Helth,1904.790000000003
2024-10-10,23.67,20.78,44.44,2.89,13.47,CHG,Helth,1907.680000000003
2024-10-11,13.63,29.72,43.35,-16.1,16.04,CHG,Helth,1891.580000000003
2024-10-15,91.75,86.19,177.94,5.57,57.75,CHG,Helth,1897.150000000003
2024-10-16,70.43,35.04,105.48,35.39,30.83,CHG,Helth,1932.5400000000031
2024-10-17,15.53,8.71,24.24,6.82,24.43,CHG,Helth,1939.360000000003
2024-10-18,62.27,9.95,72.21,52.32,21.85,CHG,Helth,1991.680000000003
2024-10-21,28.02,12.2,40.22,15.82,25.63,CHG,Helth,2007.500000000003
2024-10-22,7.62,7.68,15.3,-0.07,16.83,CHG,Helth,2007.430000000003
2024-10-24,7.27,11.76,19.03,-4.49,20.59,CHG,Helth,2002.940000000003
2024-10-25,17.35,12.12,29.46,5.23,10.99,CHG,Helth,2008.170000000003
2024-10-28,6.86,9.32,16.18,-2.45,12.27,CHG,Helth,2005.720000000003
2024-10-29,28.07,21.47,49.54,6.61,17.75,CHG,Helth,2012.3300000000029
2024-10-30,7.03,8.88,15.91,-1.85,16.41,CHG,Helth,2010.480000000003
2024-10-31,9.38,31.02,40.4,-21.64,20.17,CHG,Helth,1988.8400000000029
2024-11-01,8.12,19.76,27.88,-11.64,24.65,CHG,Helth,1977.2000000000028
2024-11-04,2.89,7.21,10.1,-4.32,13.41,CHG,Helth,1972.8800000000028
2024-11-05,2.22,10.29,12.51,-8.07,11.65,CHG,Helth,1964.810000000003
2024-11-06,3.35,7.01,10.36,-3.66,9.66,CHG,Helth,1961.1500000000028
2024-11-07,2.58,7.21,9.79,-4.62,11.14,CHG,Helth,1956.530000000003
2024-11-08,1.14,8.38,9.52,-7.24,14.67,CHG,Helth,1949.290000000003
2024-11-11,2.37,6.39,8.76,-4.01,12.1,CHG,Helth,1945.280000000003
2024-11-12,2.4,9.85,12.25,-7.45,15.61,CHG,Helth,1937.8300000000029
2024-11-13,5.41,4.7,10.11,0.71,6.66,CHG,Helth,1938.540000000003
2024-11-14,7.89,4.01,11.9,3.88,13.41,CHG,Helth,1942.420000000003
2024-11-15,21.8,23.11,44.91,-1.31,14.45,CHG,Helth,1941.110000000003
2024-11-18,8.96,7.98,16.94,0.98,13.94,CHG,Helth,1942.090000000003
2024-11-19,17.1,8.77,25.87,8.33,11.2,CHG,Helth,1950.420000000003
2024-11-20,9.74,1.55,11.29,8.18,9.31,CHG,Helth,1958.600000000003
2024-11-21,5.09,2.3,7.38,2.79,8.94,CHG,Helth,1961.390000000003
2024-11-22,24.07,10.47,34.54,13.59,13.23,CHG,Helth,1974.980000000003
2024-11-25,18.39,9.12,27.51,9.27,13.23,CHG,Helth,1984.250000000003
2024-11-26,27.32,6.89,34.21,20.43,17.81,CHG,Helth,2004.680000000003
2024-11-27,9.81,12.41,22.22,-2.6,19.31,CHG,Helth,2002.080000000003
2024-11-28,40.2,8.35,48.55,31.86,15.02,CHG,Helth,2033.940000000003
2024-11-29,43.48,4.35,47.83,39.13,18.06,CHG,Helth,2073.070000000003
2024-12-02,17.98,10.17,28.15,7.81,31.72,CHG,Helth,2080.880000000003
2024-12-03,7.31,16.74,24.05,-9.43,20.77,CHG,Helth,2071.450000000003
2024-12-04,5.49,15.69,21.18,-10.2,10.24,CHG,Helth,2061.250000000003
2024-12-06,11.07,11.99,23.06,-0.92,21.07,CHG,Helth,2060.330000000003
2024-12-09,21.11,15.08,36.19,6.03,19.43,CHG,Helth,2066.3600000000033
2024-12-11,4.11,8.89,13.0,-4.77,17.33,CHG,Helth,2061.5900000000033
2024-12-12,20.11,11.63,31.73,8.48,15.4,CHG,Helth,2070.0700000000033
2024-12-13,2.27,9.52,11.79,-7.26,18.63,CHG,Helth,2062.810000000003
2024-12-16,3.88,6.67,10.55,-2.79,37.08,CHG,Helth,2060.020000000003
2024-12-17,23.27,26.05,49.32,-2.77,30.38,CHG,Helth,2057.250000000003
2024-12-18,12.52,8.85,21.37,3.67,17.0,CHG,Helth,2060.9200000000033
2024-12-19,8.07,13.32,21.4,-5.25,22.22,CHG,Helth,2055.6700000000033
2024-12-20,16.86,7.26,24.12,9.59,31.35,CHG,Helth,2065.2600000000034
2024-12-23,3.07,2.91,5.98,0.16,16.88,CHG,Helth,2065.4200000000033
2024-12-24,3.45,2.88,6.33,0.56,21.0,CHG,Helth,2065.980000000003
2024-12-25,19.27,6.24,25.51,13.03,9.53,CHG,Helth,2079.0100000000034
2024-12-26,6.99,1.71,8.7,5.29,9.14,CHG,Helth,2084.3000000000034
2024-12-27,7.63,4.38,12.02,3.25,13.86,CHG,Helth,2087.5500000000034
2024-12-30,10.83,1.34,12.17,9.49,22.96,CHG,Helth,2097.040000000003
2025-01-02,21.29,8.56,29.85,12.74,17.18,CHG,Helth,2109.780000000003
2025-01-03,11.66,2.63,14.29,9.03,15.36,CHG,Helth,2118.810000000003
2025-01-06,8.73,16.65,25.37,-7.92,30.63,CHG,Helth,2110.890000000003
2025-01-07,17.78,10.27,28.05,7.51,15.3,CHG,Helth,2118.4000000000033
2025-01-08,5.37,3.83,9.21,1.54,11.51,CHG,Helth,2119.9400000000032
2025-01-09,5.42,10.75,16.17,-5.33,20.77,CHG,Helth,2114.6100000000033
2025-01-10,11.2,33.99,45.19,-22.78,26.54,CHG,Helth,2091.830000000003
2025-01-13,4.54,4.31,8.85,0.23,18.0,CHG,Helth,2092.060000000003
2025-01-14,6.81,6.54,13.35,0.27,18.21,CHG,Helth,2092.330000000003
2025-01-15,5.66,6.68,12.34,-1.02,23.91,CHG,Helth,2091.310000000003
2025-01-16,5.06,8.15,13.21,-3.08,18.51,CHG,Helth,2088.230000000003
2025-01-17,4.22,10.27,14.49,-6.05,24.42,CHG,Helth,2082.180000000003
2025-01-20,24.09,3.28,27.37,20.8,23.82,CHG,Helth,2102.980000000003
2025-01-21,8.25,6.12,14.37,2.12,15.32,CHG,Helth,2105.100000000003
2025-01-22,1.93,15.75,17.69,-13.82,24.21,CHG,Helth,2091.280000000003
2025-01-23,1.82,20.47,22.29,-18.65,19.05,CHG,Helth,2072.630000000003
2025-01-24,3.83,3.23,7.06,0.61,13.99,CHG,Helth,2073.240000000003
2025-01-27,0.06,5.43,5.48,-5.37,13.43,CHG,Helth,2067.870000000003
2025-01-28,5.85,3.59,9.45,2.26,18.45,CHG,Helth,2070.1300000000033
2025-01-29,3.46,3.11,6.57,0.35,21.89,CHG,Helth,2070.480000000003
2025-01-30,12.03,5.49,17.52,6.54,16.3,CHG,Helth,2077.020000000003
2025-01-31,4.98,4.71,9.68,0.27,20.82,CHG,Helth,2077.290000000003
2025-02-03,1.47,15.25,16.72,-13.78,18.06,CHG,Helth,2063.510000000003
2025-02-04,1.44,6.21,7.65,-4.77,19.12,CHG,Helth,2058.740000000003
2025-02-05,3.83,5.82,9.65,-1.98,11.51,CHG,Helth,2056.760000000003
2025-02-06,0.61,6.02,6.63,-5.41,16.55,CHG,Helth,2051.350000000003
2025-02-07,1.68,5.82,7.51,-4.14,22.96,CHG,Helth,2047.210000000003
2025-02-10,5.42,3.41,8.82,2.01,10.83,CHG,Helth,2049.220000000003
2025-02-11,10.0,5.23,15.23,4.78,18.93,CHG,Helth,2054.000000000003
2025-02-13,1.05,3.24,4.29,-2.19,10.23,CHG,Helth,2051.810000000003
2025-02-14,2.65,1.21,3.86,1.43,10.35,CHG,Helth,2053.240000000003
2025-02-17,2.7,5.67,8.36,-2.97,15.86,CHG,Helth,2050.270000000003
2025-02-18,4.49,7.48,11.98,-2.99,11.62,CHG,Helth,2047.2800000000032
2025-02-19,4.08,7.19,11.28,-3.11,9.98,CHG,Helth,2044.1700000000033
2025-02-20,1.0,2.79,3.79,-1.79,4.88,CHG,Helth,2042.3800000000033
2025-02-21,4.38,1.6,5.98,2.78,12.86,CHG,Helth,2045.1600000000033
2025-02-24,6.68,1.35,8.03,5.33,11.87,CHG,Helth,2050.4900000000034
2025-02-25,2.85,2.66,5.52,0.19,13.98,CHG,Helth,2050.6800000000035
2025-02-26,9.02,9.08,18.1,-0.06,12.69,CHG,Helth,2050.6200000000035
2025-02-27,4.04,3.78,7.82,0.26,14.58,CHG,Helth,2050.8800000000037
2025-02-28,41.01,39.39,80.4,1.61,10.21,CHG,Helth,2052.490000000004
2025-03-03,1.59,8.65,10.24,-7.06,7.89,CHG,Helth,2045.430000000004
2025-03-04,2.72,4.06,6.78,-1.34,14.31,CHG,Helth,2044.090000000004
2025-03-05,4.33,7.63,11.97,-3.3,14.33,CHG,Helth,2040.790000000004
2025-03-06,0.73,2.29,3.03,-1.56,11.22,CHG,Helth,2039.230000000004
2025-03-07,2.57,4.76,7.33,-2.2,11.81,CHG,Helth,2037.030000000004
2025-03-10,1.44,4.67,6.11,-3.24,12.57,CHG,Helth,2033.790000000004
2025-03-11,8.02,6.82,14.84,1.19,13.86,CHG,Helth,2034.980000000004
2025-03-12,15.53,15.23,30.75,0.3,12.5,CHG,Helth,2035.280000000004
2025-03-13,10.47,3.46,13.93,7.01,21.59,CHG,Helth,2042.290000000004
2025-03-14,9.68,2.08,11.75,7.6,22.82,CHG,Helth,2049.890000000004
2025-03-17,6.12,5.3,11.42,0.82,17.09,CHG,Helth,2050.710000000004
2025-03-18,3.75,3.69,7.44,0.07,10.41,CHG,Helth,2050.7800000000043
2025-03-19,5.88,2.2,8.09,3.68,12.35,CHG,Helth,2054.460000000004
2025-03-20,13.03,11.1,24.13,1.94,14.46,CHG,Helth,2056.400000000004
2025-03-21,2.58,13.09,15.68,-10.51,24.82,CHG,Helth,2045.8900000000042
2025-03-24,3.12,1.8,4.92,1.32,22.24,CHG,Helth,2047.2100000000041
2025-03-25,1.49,6.23,7.73,-4.74,27.12,CHG,Helth,2042.4700000000041
2025-03-26,3.83,5.75,9.59,-1.92,20.39,CHG,Helth,2040.550000000004
2025-03-27,7.6,5.11,12.71,2.49,21.31,CHG,Helth,2043.040000000004
2025-03-28,4.22,1.66,5.88,2.56,15.45,CHG,Helth,2045.600000000004
2025-03-31,9.94,7.42,17.37,2.52,21.74,CHG,Helth,2048.120000000004
2025-04-01,2.79,5.86,8.65,-3.07,27.6,CHG,Helth,2045.050000000004
2025-04-02,4.94,3.16,8.1,1.78,25.08,CHG,Helth,2046.830000000004
2025-04-03,13.79,4.7,18.49,9.08,19.11,CHG,Helth,2055.910000000004
2025-04-04,17.08,12.25,29.33,4.82,20.42,CHG,Helth,2060.730000000004
2025-04-08,18.37,11.13,29.5,7.25,20.0,CHG,Helth,2067.980000000004
2025-04-09,16.35,5.82,22.16,10.53,26.87,CHG,Helth,2078.5100000000043
2025-04-10,9.2,6.11,15.3,3.09,31.17,CHG,Helth,2081.6000000000045
2025-04-11,1.93,6.4,8.33,-4.47,28.48,CHG,Helth,2077.1300000000047
2025-04-16,4.08,4.8,8.88,-0.71,24.34,CHG,Helth,2076.4200000000046
2025-04-17,4.37,2.92,7.3,1.45,24.04,CHG,Helth,2077.8700000000044
2025-04-18,5.23,2.76,7.99,2.47,17.74,CHG,Helth,2080.3400000000042
2025-04-21,4.23,8.32,12.54,-4.09,21.27,CHG,Helth,2076.250000000004
2025-04-22,6.13,4.7,10.83,1.42,12.88,CHG,Helth,2077.670000000004
2025-04-23,10.4,5.3,15.7,5.1,11.28,CHG,Helth,2082.770000000004
2025-04-24,11.13,6.16,17.28,4.97,12.99,CHG,Helth,2087.740000000004
2025-04-25,3.96,3.65,7.61,0.31,15.39,CHG,Helth,2088.050000000004
2025-04-28,1.54,5.86,7.41,-4.32,11.96,CHG,Helth,2083.7300000000037
2025-04-29,9.09,7.08,16.17,2.01,15.44,CHG,Helth,2085.740000000004
2025-04-30,5.34,3.56,8.9,1.77,16.98,CHG,Helth,2087.510000000004
2025-05-02,45.26,12.11,57.37,33.15,31.33,CHG,Helth,2120.660000000004
2025-05-06,1.51,6.88,8.39,-5.37,12.86,CHG,Helth,2115.290000000004
2025-05-07,6.97,6.03,13.0,0.94,12.98,CHG,Helth,2116.230000000004
2025-05-08,2.22,5.61,7.83,-3.4,18.13,CHG,Helth,2112.830000000004
2025-05-09,7.22,9.67,16.89,-2.45,12.52,CHG,Helth,2110.380000000004
2025-05-13,2.23,11.17,13.41,-8.94,13.86,CHG,Helth,2101.440000000004
2025-05-14,13.11,8.05,21.17,5.06,15.74,CHG,Helth,2106.500000000004
2025-05-15,9.24,8.66,17.9,0.58,18.18,CHG,Helth,2107.080000000004
2025-05-16,2.18,8.67,10.86,-6.49,22.58,CHG,Helth,2100.5900000000042
2025-05-19,2.91,13.73,16.64,-10.82,21.36,CHG,Helth,2089.770000000004
2025-05-20,1.43,8.9,10.33,-7.47,24.01,CHG,Helth,2082.3000000000043
2025-05-21,23.94,12.23,36.17,11.71,19.16,CHG,Helth,2094.0100000000043
2025-05-22,24.24,18.07,42.3,6.17,11.12,CHG,Helth,2100.1800000000044
2025-05-23,5.06,16.0,21.06,-10.94,11.63,CHG,Helth,2089.2400000000043
2025-05-26,7.72,18.95,26.67,-11.24,20.31,CHG,Helth,2078.0000000000045
2025-05-27,8.6,11.59,20.18,-2.99,12.05,CHG,Helth,2075.0100000000048
2025-05-28,5.35,10.13,15.49,-4.78,15.49,CHG,Helth,2070.2300000000046
2025-05-29,11.09,23.89,34.98,-12.8,20.7,CHG,Helth,2057.4300000000044
2025-05-30,2.59,10.15,12.74,-7.55,20.51,CHG,Helth,2049.880000000004
2025-06-04,12.04,10.81,22.85,1.23,23.91,CHG,Helth,2051.110000000004
2025-06-05,0.42,9.62,10.04,-9.19,14.04,CHG,Helth,2041.9200000000042
2025-06-06,3.1,11.83,14.93,-8.74,16.14,CHG,Helth,2033.1800000000042
2025-06-09,6.52,8.4,14.92,-1.88,13.62,CHG,Helth,2031.300000000004
2025-06-10,8.25,10.52,18.77,-2.27,10.64,CHG,Helth,2029.030000000004
2025-06-11,4.48,12.95,17.43,-8.48,11.79,CHG,Helth,2020.550000000004
2025-06-12,5.1,10.72,15.82,-5.61,15.49,CHG,Helth,2014.9400000000041
2025-06-13,1.66,6.29,7.96,-4.63,17.98,CHG,Helth,2010.310000000004
2025-06-16,5.92,6.85,12.78,-0.93,20.07,CHG,Helth,2009.380000000004
2025-06-17,2.09,3.55,5.64,-1.45,29.6,CHG,Helth,2007.930000000004
2025-06-18,4.94,10.5,15.44,-5.55,21.23,CHG,Helth,2002.380000000004
2025-06-19,2.08,4.92,7.0,-2.84,22.71,CHG,Helth,1999.540000000004
2025-06-20,55.71,11.23,66.94,44.48,44.66,CHG,Helth,2044.020000000004
2025-06-23,3.97,4.3,8.27,-0.33,21.41,CHG,Helth,2043.6900000000041
2025-06-24,4.56,8.2,12.77,-3.64,21.89,CHG,Helth,2040.050000000004
2025-06-25,3.83,9.36,13.18,-5.53,23.66,CHG,Helth,2034.520000000004
2025-06-26,5.14,5.49,10.63,-0.35,30.94,CHG,Helth,2034.1700000000042
2025-06-27,3.05,4.74,7.8,-1.69,29.79,CHG,Helth,2032.480000000004
2025-06-30,4.62,2.4,7.02,2.22,19.51,CHG,Helth,2034.7000000000041
2025-07-01,3.21,2.4,5.61,0.81,22.73,CHG,Helth,2035.510000000004
2025-07-02,2.3,2.13,4.43,0.17,12.65,CHG,Helth,2035.6800000000042
2025-07-03,8.11,2.09,10.19,6.02,17.99,CHG,Helth,2041.7000000000041
2025-07-04,1.98,2.01,3.99,-0.03,14.99,CHG,Helth,2041.6700000000042
2025-07-07,2.43,4.34,6.77,-1.91,10.43,CHG,Helth,2039.760000000004
2025-07-08,4.0,0.93,4.93,3.07,17.44,CHG,Helth,2042.830000000004
2025-07-09,4.73,1.87,6.6,2.86,13.87,CHG,Helth,2045.690000000004
2025-07-11,1.66,2.14,3.8,-0.48,18.0,CHG,Helth,2045.210000000004
2025-07-14,6.41,2.66,9.06,3.75,19.51,CHG,Helth,2048.9600000000037
2025-07-15,9.38,5.23,14.61,4.15,13.69,CHG,Helth,2053.1100000000038
2025-07-16,3.88,5.15,9.02,-1.27,16.6,CHG,Helth,2051.840000000004
2025-07-17,7.12,1.33,8.45,5.8,16.51,CHG,Helth,2057.640000000004
2025-07-18,8.09,10.36,18.44,-2.27,18.21,CHG,Helth,2055.370000000004
2025-07-21,2.77,1.9,4.67,0.86,13.58,CHG,Helth,2056.230000000004
2025-07-22,1.98,5.33,7.3,-3.35,17.03,CHG,Helth,2052.880000000004
2025-07-23,6.69,1.24,7.92,5.45,13.61,CHG,Helth,2058.330000000004
2025-07-24,7.13,6.43,13.57,0.7,22.75,CHG,Helth,2059.030000000004
2025-07-25,2.3,4.1,6.4,-1.8,15.6,CHG,Helth,2057.2300000000037
2025-07-29,11.25,2.35,13.59,8.9,24.83,CHG,Helth,2066.1300000000037
2025-07-30,9.12,2.68,11.81,6.44,14.56,CHG,Helth,2072.570000000004
2025-07-31,1.12,6.34,7.46,-5.22,17.61,CHG,Helth,2067.350000000004
2025-08-01,0.53,5.72,6.25,-5.2,18.49,CHG,Helth,2062.150000000004
2025-08-04,4.43,3.56,7.99,0.86,14.52,CHG,Helth,2063.0100000000043
2025-08-05,11.2,10.2,21.4,1.0,20.61,CHG,Helth,2064.0100000000043
2025-08-06,0.78,3.98,4.76,-3.2,8.93,CHG,Helth,2060.8100000000045
2025-08-07,3.21,2.34,5.55,0.87,18.84,CHG,Helth,2061.6800000000044
2025-08-08,5.93,5.11,11.04,0.82,18.21,CHG,Helth,2062.5000000000045
2025-08-13,7.21,10.09,17.31,-2.88,29.8,CHG,Helth,2059.6200000000044
2025-08-14,1.93,6.14,8.08,-4.21,32.35,CHG,Helth,2055.4100000000044
2025-08-15,4.85,18.13,22.97,-13.28,18.69,CHG,Helth,2042.1300000000044
2025-08-18,1.77,6.39,8.16,-4.61,20.25,CHG,Helth,2037.5200000000045
2025-08-19,0.95,1.81,2.77,-0.86,24.21,CHG,Helth,2036.6600000000046
2025-08-20,1.27,2.67,3.95,-1.4,18.62,CHG,Helth,2035.2600000000045
2025-08-21,0.79,3.68,4.47,-2.89,21.06,CHG,Helth,2032.3700000000044
2025-08-22,4.02,3.02,7.04,1.0,11.52,CHG,Helth,2033.3700000000044
2025-08-25,0.84,2.92,3.77,-2.08,20.92,CHG,Helth,2031.2900000000045
2025-08-26,0.52,8.67,9.18,-8.15,24.45,CHG,Helth,2023.1400000000044
2025-08-27,1.67,2.36,4.03,-0.69,13.87,CHG,Helth,2022.4500000000044
2025-08-28,3.62,1.91,5.53,1.7,17.66,CHG,Helth,2024.1500000000044
2025-08-29,0.97,5.16,6.12,-4.19,25.28,CHG,Helth,2019.9600000000044
2025-09-01,1.41,1.11,2.52,0.3,7.26,CHG,Helth,2020.2600000000043
2025-09-02,3.85,2.93,6.78,0.92,10.64,CHG,Helth,2021.1800000000044
2025-09-03,0.39,2.59,2.98,-2.19,9.31,CHG,Helth,2018.9900000000043
2025-09-04,5.33,3.1,8.43,2.23,15.43,CHG,Helth,2021.2200000000043
2025-09-05,6.76,2.48,9.24,4.28,21.65,CHG,Helth,2025.5000000000043
2025-09-08,3.48,0.96,4.44,2.51,14.11,CHG,Helth,2028.0100000000043
2025-09-09,8.08,4.62,12.7,3.46,20.67,CHG,Helth,2031.4700000000043
2025-09-10,0.56,2.95,3.51,-2.39,14.76,CHG,Helth,2029.0800000000042
2025-09-11,6.61,8.41,15.02,-1.81,19.23,CHG,Helth,2027.2700000000043
2025-09-12,3.06,2.16,5.22,0.9,15.41,CHG,Helth,2028.1700000000044
2025-09-15,2.51,1.42,3.93,1.09,12.67,CHG,Helth,2029.2600000000043
2025-09-16,11.95,4.45,16.4,7.51,18.2,CHG,Helth,2036.7700000000043
2025-09-17,4.35,14.13,18.49,-9.78,27.84,CHG,Helth,2026.9900000000043
2025-09-18,2.55,6.28,8.82,-3.73,21.42,CHG,Helth,2023.2600000000043
2025-09-19,9.15,2.29,11.44,6.86,20.16,CHG,Helth,2030.1200000000042
2025-09-22,1.88,10.8,12.68,-8.92,20.7,CHG,Helth,2021.2000000000041
2025-09-23,1.23,6.09,7.32,-4.87,16.74,CHG,Helth,2016.3300000000042
2025-09-24,0.34,3.73,4.07,-3.38,10.03,CHG,Helth,2012.9500000000041
2025-09-25,2.93,4.26,7.19,-1.33,15.02,CHG,Helth,2011.6200000000042
2025-09-26,1.84,4.1,5.94,-2.26,18.43,CHG,Helth,2009.3600000000042
2025-09-29,2.67,3.76,6.44,-1.09,25.93,CHG,Helth,2008.2700000000043
2025-09-30,1.28,1.92,3.19,-0.64,11.11,CHG,Helth,2007.6300000000042
2025-10-01,0.38,2.39,2.76,-2.01,7.91,CHG,Helth,2005.6200000000042
2025-10-02,2.57,2.92,5.5,-0.35,13.31,CHG,Helth,2005.2700000000043
2025-10-03,1.61,4.16,5.76,-2.55,11.99,CHG,Helth,2002.7200000000043
2025-10-06,1.62,3.03,4.65,-1.41,11.21,CHG,Helth,2001.3100000000043
2025-10-07,16.7,5.28,21.98,11.42,29.64,CHG,Helth,2012.7300000000043
2025-10-08,23.17,2.43,25.6,20.74,21.69,CHG,Helth,2033.4700000000043
2025-10-09,14.9,4.07,18.97,10.83,40.19,CHG,Helth,2044.3000000000043
2025-10-10,9.13,6.94,16.06,2.19,34.68,CHG,Helth,2046.4900000000043
2025-10-14,13.57,10.91,24.48,2.65,48.09,CHG,Helth,2049.1400000000044
2025-10-15,109.95,89.65,199.61,20.3,78.4,CHG,Helth,2069.4400000000046
2025-10-16,5.2,7.31,12.5,-2.11,12.64,CHG,Helth,2067.3300000000045
2025-10-17,2.66,3.52,6.18,-0.87,20.21,CHG,Helth,2066.4600000000046
2025-10-20,0.52,0.83,1.34,-0.31,10.36,CHG,Helth,2066.1500000000046
2025-10-21,1.69,3.71,5.4,-2.02,13.33,CHG,Helth,2064.1300000000047
2025-10-22,8.98,4.06,13.04,4.92,33.08,CHG,Helth,2069.0500000000047
2025-10-24,3.91,3.37,7.28,0.55,19.8,CHG,Helth,2069.600000000005
2025-10-27,1.39,3.84,5.22,-2.45,22.35,CHG,Helth,2067.150000000005
2025-10-28,1.46,1.27,2.73,0.19,17.88,CHG,Helth,2067.340000000005
2025-10-29,0.3,0.04,0.33,0.26,3.48,CHG,Helth,2067.6000000000054
2025-10-30,1.65,6.53,8.18,-4.89,26.87,CHG,Helth,2062.7100000000055
2025-10-31,0.67,1.47,2.14,-0.8,14.61,CHG,Helth,2061.9100000000053
2025-11-03,3.08,2.92,6.0,0.16,20.35,CHG,Helth,2062.070000000005
2025-11-04,1.27,1.76,3.03,-0.49,17.84,CHG,Helth,2061.5800000000054
2025-11-05,0.48,2.26,2.74,-1.78,16.15,CHG,Helth,2059.800000000005
2025-11-06,1.25,0.59,1.84,0.66,23.31,CHG,Helth,2060.460000000005
2025-11-07,1.68,1.68,3.37,-0.0,34.55,CHG,Helth,2060.460000000005
2025-11-10,0.7,1.14,1.84,-0.43,6.35,CHG,Helth,2060.030000000005
2025-11-11,0.79,1.12,1.91,-0.34,9.06,CHG,Helth,2059.690000000005
2025-11-12,1.7,1.12,2.81,0.58,10.43,CHG,Helth,2060.270000000005
2025-11-13,3.62,1.98,5.6,1.64,15.57,CHG,Helth,2061.910000000005
2025-11-14,1.06,5.61,6.68,-4.55,15.98,CHG,Helth,2057.3600000000047
2025-11-17,1.31,1.36,2.67,-0.04,7.21,CHG,Helth,2057.3200000000047
2025-11-18,1.21,1.96,3.17,-0.76,9.73,CHG,Helth,2056.5600000000045
2025-11-19,1.16,1.26,2.42,-0.09,5.02,CHG,Helth,2056.4700000000043
2025-11-20,0.29,0.93,1.23,-0.64,15.62,CHG,Helth,2055.8300000000045
2025-11-21,2.64,2.33,4.97,0.3,9.02,CHG,Helth,2056.1300000000047
2025-11-24,3.91,2.04,5.96,1.87,24.82,CHG,Helth,2058.0000000000045
2025-11-25,1.92,0.35,2.27,1.57,9.19,CHG,Helth,2059.5700000000047
2025-11-26,2.0,0.74,2.75,1.26,16.11,CHG,Helth,2060.830000000005
2025-11-27,2.79,0.81,3.6,1.97,13.45,CHG,Helth,2062.8000000000047
2025-11-28,0.2,0.05,0.25,0.16,3.13,CHG,Helth,2062.9600000000046
2025-12-01,0.56,0.83,1.39,-0.27,11.97,CHG,Helth,2062.6900000000046
2025-12-02,1.13,3.45,4.59,-2.32,9.54,CHG,Helth,2060.3700000000044
2025-12-03,1.94,0.85,2.78,1.09,6.86,CHG,Helth,2061.4600000000046
2025-12-04,0.51,0.14,0.64,0.37,4.46,CHG,Helth,2061.8300000000045
2025-12-08,0.87,0.95,1.82,-0.08,10.8,CHG,Helth,2061.7500000000045
2025-12-09,1.66,0.74,2.4,0.93,21.03,CHG,Helth,2062.6800000000044
2025-12-11,0.92,0.55,1.47,0.38,16.56,CHG,Helth,2063.0600000000045
2025-12-12,10.53,0.87,11.4,9.66,21.19,CHG,Helth,2072.7200000000043
2025-12-15,3.89,2.37,6.27,1.52,17.13,CHG,Helth,2074.2400000000043
2025-12-16,2.28,3.93,6.2,-1.65,14.44,CHG,Helth,2072.5900000000042
2025-12-17,3.14,2.32,5.46,0.83,24.7,CHG,Helth,2073.420000000004
2025-12-18,1.32,5.73,7.05,-4.41,20.36,CHG,Helth,2069.0100000000043
2025-12-19,1.78,1.08,2.86,0.71,15.82,CHG,Helth,2069.7200000000043
2025-12-22,0.66,0.97,1.62,-0.31,17.62,CHG,Helth,2069.4100000000044
2025-12-23,1.57,0.88,2.45,0.69,12.61,CHG,Helth,2070.1000000000045
2025-12-24,3.82,1.37,5.19,2.45,13.33,CHG,Helth,2072.5500000000043
2025-12-25,0.74,1.1,1.85,-0.36,9.96,CHG,Helth,2072.190000000004
2025-12-26,1.73,1.69,3.42,0.03,19.94,CHG,Helth,2072.2200000000043
2025-12-29,2.09,3.0,5.09,-0.92,11.64,CHG,Helth,2071.3000000000043
2025-12-30,2.86,4.43,7.29,-1.57,23.01,CHG,Helth,2069.730000000004
2026-01-05,3.38,1.76,5.14,1.62,28.55,CHG,Helth,2071.350000000004
2026-01-06,1.51,3.2,4.71,-1.69,8.64,CHG,Helth,2069.660000000004
2026-01-07,28.33,4.73,33.05,23.6,26.85,CHG,Helth,2093.260000000004
2026-01-08,1.39,5.6,7.0,-4.21,25.97,CHG,Helth,2089.050000000004
2026-01-09,1.34,7.25,8.59,-5.9,24.48,CHG,Helth,2083.1500000000037
2026-01-12,2.33,17.11,19.44,-14.79,28.18,CHG,Helth,2068.3600000000038
2026-01-13,2.85,3.16,6.01,-0.31,13.08,CHG,Helth,2068.050000000004
2026-01-14,2.92,4.63,7.55,-1.71,20.3,CHG,Helth,2066.340000000004
2026-01-15,16.98,2.14,19.11,14.84,30.05,CHG,Helth,2081.180000000004
2026-01-16,3.98,3.11,7.09,0.86,27.67,CHG,Helth,2082.040000000004
2026-01-19,4.14,1.56,5.7,2.58,25.23,CHG,Helth,2084.620000000004
2026-01-20,18.19,2.41,20.6,15.78,29.04,CHG,Helth,2100.400000000004
2026-01-21,14.83,1.79,16.62,13.04,28.48,CHG,Helth,2113.440000000004
2026-01-22,7.21,3.22,10.43,4.0,31.03,CHG,Helth,2117.440000000004
2026-01-23,3.35,1.66,5.01,1.69,29.35,CHG,Helth,2119.130000000004
2026-01-26,4.39,0.62,5.01,3.77,28.16,CHG,Helth,2122.900000000004
2026-01-27,4.1,3.5,7.6,0.61,24.16,CHG,Helth,2123.5100000000043
2026-01-28,2.62,3.76,6.38,-1.15,23.21,CHG,Helth,2122.360000000004
2026-01-29,12.32,1.41,13.73,10.9,25.28,CHG,Helth,2133.2600000000043
2026-01-30,2.09,2.38,4.47,-0.29,28.73,CHG,Helth,2132.9700000000043
2026-02-02,0.64,3.62,4.26,-2.98,23.17,CHG,Helth,2129.9900000000043
2026-02-03,10.55,2.47,13.02,8.08,23.06,CHG,Helth,2138.0700000000043
2026-02-04,3.05,1.84,4.88,1.21,25.87,CHG,Helth,2139.2800000000043
2026-02-05,10.02,2.76,12.78,7.25,18.47,CHG,Helth,2146.5300000000043
2026-02-06,19.58,9.17,28.75,10.41,16.64,CHG,Helth,2156.940000000004
2026-02-09,3.74,10.16,13.9,-6.42,14.94,CHG,Helth,2150.520000000004
2026-02-10,2.23,5.23,7.45,-3.0,12.46,CHG,Helth,2147.520000000004
2026-02-11,6.63,16.56,23.19,-9.92,23.64,CHG,Helth,2137.600000000004
2026-02-12,3.89,3.95,7.84,-0.07,11.26,CHG,Helth,2137.530000000004
2026-02-13,9.14,9.58,18.72,-0.44,19.28,CHG,Helth,2137.090000000004
2026-02-16,5.01,5.1,10.11,-0.1,10.52,CHG,Helth,2136.990000000004
2026-02-17,10.08,11.48,21.56,-1.4,13.81,CHG,Helth,2135.590000000004
2026-02-18,4.42,6.28,10.71,-1.86,12.5,CHG,Helth,2133.7300000000037
2026-02-19,15.64,10.91,26.55,4.73,20.77,CHG,Helth,2138.4600000000037
2026-02-20,16.74,15.72,32.47,1.02,19.99,CHG,Helth,2139.4800000000037
2026-02-23,14.27,15.61,29.88,-1.34,22.32,CHG,Helth,2138.1400000000035
2026-02-24,8.28,9.63,17.91,-1.35,17.96,CHG,Helth,2136.7900000000036
2026-02-25,7.31,4.26,11.57,3.05,23.05,CHG,Helth,2139.840000000004
2026-02-26,5.35,3.98,9.33,1.37,13.65,CHG,Helth,2141.2100000000037
2026-02-27,7.08,15.62,22.7,-8.54,10.71,CHG,Helth,2132.6700000000037
2026-03-02,4.27,7.0,11.27,-2.72,11.62,CHG,Helth,2129.950000000004
2026-03-04,6.16,5.38,11.54,0.77,12.8,CHG,Helth,2130.720000000004
2026-03-05,2.22,4.12,6.34,-1.9,8.88,CHG,Helth,2128.820000000004
2026-03-06,2.21,2.02,4.24,0.19,13.75,CHG,Helth,2129.010000000004
2026-03-09,3.68,10.97,14.65,-7.29,22.14,CHG,Helth,2121.720000000004
2026-03-10,4.56,7.26,11.82,-2.69,18.5,CHG,Helth,2119.030000000004
2026-03-11,1.78,3.21,4.98,-1.43,15.65,CHG,Helth,2117.600000000004
2026-03-12,1.71,1.93,3.64,-0.23,7.85,CHG,Helth,2117.370000000004
2026-03-13,2.03,1.04,3.07,0.98,7.91,CHG,Helth,2118.350000000004
2026-03-16,1.02,0.95,1.97,0.06,8.57,CHG,Helth,2118.410000000004
2026-03-17,1.1,0.91,2.01,0.19,7.12,CHG,Helth,2118.600000000004
2026-03-18,1.66,1.48,3.14,0.18,6.98,CHG,Helth,2118.780000000004
2026-03-19,0.55,1.25,1.79,-0.7,4.38,CHG,Helth,2118.080000000004
2026-03-20,2.53,2.88,5.4,-0.35,14.04,CHG,Helth,2117.730000000004
2026-03-23,2.71,9.42,12.13,-6.71,8.43,CHG,Helth,2111.020000000004
2026-03-24,1.08,5.6,6.69,-4.52,16.98,CHG,Helth,2106.500000000004
2026-03-25,5.27,13.67,18.94,-8.4,19.65,CHG,Helth,2098.100000000004
2026-03-26,2.59,0.87,3.45,1.72,12.17,CHG,Helth,2099.820000000004
2026-03-27,2.62,4.05,6.67,-1.43,21.28,CHG,Helth,2098.390000000004
2026-03-30,2.31,2.3,4.61,0.01,30.98,CHG,Helth,2098.400000000004
2026-03-31,5.62,6.51,12.13,-0.89,18.58,CHG,Helth,2097.5100000000043
2026-04-01,10.09,0.75,10.84,9.34,11.21,CHG,Helth,2106.8500000000045
2026-04-02,0.54,0.53,1.07,0.01,4.83,CHG,Helth,2106.8600000000047
2026-04-03,0.98,1.35,2.33,-0.37,7.65,CHG,Helth,2106.490000000005
2026-04-07,2.74,3.7,6.44,-0.96,14.2,CHG,Helth,2105.5300000000047
2026-04-08,8.07,4.78,12.86,3.29,12.98,CHG,Helth,2108.8200000000047
2026-04-09,0.38,2.76,3.13,-2.38,13.39,CHG,Helth,2106.4400000000046
2026-04-10,1.11,5.12,6.24,-4.01,11.22,CHG,Helth,2102.4300000000044
2026-04-16,6.64,0.97,7.61,5.66,25.12,CHG,Helth,2108.0900000000042
2026-04-17,2.98,5.6,8.58,-2.63,17.88,CHG,Helth,2105.460000000004
2026-04-20,0.51,3.95,4.45,-3.44,24.48,CHG,Helth,2102.020000000004
2026-04-21,1.24,1.47,2.7,-0.23,6.27,CHG,Helth,2101.790000000004
2026-04-22,1.01,0.59,1.6,0.42,6.84,CHG,Helth,2102.210000000004
2026-04-23,0.43,1.56,1.99,-1.12,6.54,CHG,Helth,2101.0900000000042
2026-04-24,0.88,0.41,1.28,0.47,8.19,CHG,Helth,2101.560000000004
2026-04-27,0.66,0.61,1.26,0.05,13.95,CHG,Helth,2101.610000000004
2026-04-28,0.8,1.25,2.05,-0.46,11.84,CHG,Helth,2101.150000000004
2026-04-29,6.15,2.68,8.83,3.48,16.32,CHG,Helth,2104.630000000004
2026-04-30,1.21,3.01,4.22,-1.79,10.85,CHG,Helth,2102.8400000000042
2026-05-05,1.97,6.93,8.9,-4.97,21.61,CHG,Helth,2097.8700000000044
2026-05-06,1.2,5.94,7.14,-4.74,13.5,CHG,Helth,2093.1300000000047
2026-05-07,1.8,2.78,4.59,-0.98,19.33,CHG,Helth,2092.1500000000046
2026-05-08,1.05,1.35,2.4,-0.3,14.41,CHG,Helth,2091.8500000000045
2026-05-11,2.56,2.86,5.42,-0.29,13.48,CHG,Helth,2091.5600000000045
2026-05-12,1.17,3.02,4.18,-1.85,10.76,CHG,Helth,2089.7100000000046
2026-05-13,1.33,3.67,5.0,-2.34,6.54,CHG,Helth,2087.3700000000044
2026-05-14,6.81,11.17,17.98,-4.36,20.94,CHG,Helth,2083.0100000000043
2026-05-15,5.0,4.13,9.12,0.87,14.07,CHG,Helth,2083.880000000004
2026-05-18,1.04,0.54,1.58,0.5,8.14,CHG,Helth,2084.380000000004
2026-05-19,2.82,8.27,11.09,-5.46,12.8,CHG,Helth,2078.920000000004
2026-05-20,1.34,6.14,7.48,-4.8,15.41,CHG,Helth,2074.120000000004
2026-05-21,8.41,2.82,11.24,5.59,22.54,CHG,Helth,2079.710000000004
2026-05-22,11.08,1.39,12.48,9.69,18.2,CHG,Helth,2089.400000000004
2026-05-25,21.69,9.68,31.36,12.01,17.63,CHG,Helth,2101.4100000000044
2026-05-26,8.36,10.22,18.58,-1.85,17.63,CHG,Helth,2099.5600000000045
2026-05-27,28.32,1.8,30.12,26.52,18.44,CHG,Helth,2126.0800000000045
2026-05-28,32.24,12.54,44.78,19.69,12.43,CHG,Helth,2145.7700000000045
2026-05-29,5.0,21.96,26.96,-16.96,14.85,CHG,Helth,2128.8100000000045
2026-06-02,7.66,25.2,32.86,-17.54,19.7,CHG,Helth,2111.2700000000045
2026-06-04,12.97,8.18,21.16,4.79,16.42,CHG,Helth,2116.0600000000045
2026-06-05,11.94,14.73,26.67,-2.79,14.89,CHG,Helth,2113.2700000000045
2026-06-08,4.44,16.82,21.27,-12.38,11.72,CHG,Helth,2100.8900000000044
2026-06-09,4.88,8.95,13.83,-4.07,14.1,CHG,Helth,2096.8200000000043
2026-06-10,6.41,3.78,10.18,2.63,13.47,CHG,Helth,2099.4500000000044
2026-06-11,11.29,2.76,14.05,8.54,20.57,CHG,Helth,2107.9900000000043
2026-06-12,10.72,4.7,15.42,6.02,18.32,CHG,Helth,2114.0100000000043
2026-06-15,10.76,6.71,17.47,4.05,18.55,CHG,Helth,2118.0600000000045
2026-06-16,14.39,7.02,21.41,7.37,12.27,CHG,Helth,2125.4300000000044
2026-06-17,27.23,8.18,35.41,19.06,14.05,CHG,Helth,2144.4900000000043
2026-06-18,8.98,14.31,23.29,-5.33,18.84,CHG,Helth,2139.1600000000044
2026-06-19,30.57,13.26,43.83,17.31,24.05,CHG,Helth,2156.4700000000043
2026-06-22,8.74,15.18,23.92,-6.43,35.95,CHG,Helth,2150.0400000000045
2026-06-23,39.34,17.14,56.48,22.19,38.08,CHG,Helth,2172.2300000000046
2026-06-24,6.61,7.4,14.0,-0.79,25.89,CHG,Helth,2171.4400000000046
2026-06-25,9.26,18.41,27.67,-9.15,18.96,CHG,Helth,2162.2900000000045
2026-06-26,6.65,8.36,15.01,-1.71,20.87,CHG,Helth,2160.5800000000045
2026-06-29,12.89,16.36,29.24,-3.47,20.38,CHG,Helth,2157.1100000000047
2026-06-30,9.09,12.83,21.93,-3.74,18.41,CHG,Helth,2153.370000000005
2026-07-01,3.31,13.61,16.93,-10.3,22.53,CHG,Helth,2143.0700000000047
2026-07-02,7.64,7.96,15.6,-0.32,13.61,CHG,Helth,2142.7500000000045
2026-07-03,5.91,5.66,11.57,0.26,12.1,CHG,Helth,2143.0100000000048
2026-07-06,2.79,6.51,9.3,-3.72,15.15,CHG,Helth,2139.290000000005
2026-07-07,3.16,7.91,11.07,-4.75,21.46,CHG,Helth,2134.540000000005
2026-07-08,6.1,7.75,13.86,-1.65,13.31,CHG,Helth,2132.890000000005
2026-07-09,5.55,6.51,12.07,-0.96,22.56,CHG,Helth,2131.930000000005
2026-07-10,13.7,3.9,17.6,9.79,24.26,CHG,Helth,2141.720000000005
2026-07-13,4.16,4.92,9.08,-0.76,20.51,CHG,Helth,2140.9600000000046
2026-07-14,4.92,8.06,12.98,-3.14,13.67,CHG,Helth,2137.8200000000047
2026-07-15,6.11,0.25,6.36,5.86,12.21,CHG,Helth,2143.680000000005
2026-07-16,11.74,12.8,24.55,-1.06,20.57,CHG,Helth,2142.620000000005
2026-07-17,8.29,13.33,21.62,-5.04,25.59,CHG,Helth,2137.580000000005
2026-07-20,4.8,12.21,17.02,-7.41,18.53,CHG,Helth,2130.170000000005
2026-07-21,8.71,17.99,26.7,-9.28,15.25,CHG,Helth,2120.890000000005
2026-07-22,14.59,15.94,30.53,-1.34,20.94,CHG,Helth,2119.5500000000047
2026-07-23,2.96,10.36,13.31,-7.4,22.88,CHG,Helth,2112.1500000000046
2026-07-24,4.77,5.7,10.47,-0.93,18.28,CHG,Helth,2111.220000000005
2026-07-27,5.09,2.73,7.82,2.37,24.64,CHG,Helth,2113.5900000000047
2026-07-30,10.49,9.21,19.69,1.28,16.03,CHG,Helth,2114.870000000005
2026-07-31,8.84,4.41,13.25,4.43,8.75,CHG,Helth,2119.3000000000047
2026-08-03,12.43,5.32,17.76,7.11,14.93,CHG,Helth,2126.410000000005
2026-08-04,17.4,10.31,27.71,7.09,24.22,CHG,Helth,2133.500000000005
2026-08-05,5.02,7.95,12.97,-2.94,12.7,CHG,Helth,2130.560000000005
2026-08-06,23.52,4.04,27.56,19.48,11.27,CHG,Helth,2150.040000000005
2026-08-07,12.18,7.38,19.56,4.79,14.71,CHG,Helth,2154.830000000005
2026-08-10,4.31,8.38,12.69,-4.07,18.18,CHG,Helth,2150.7600000000048
2026-08-11,4.56,10.72,15.28,-6.16,23.72,CHG,Helth,2144.600000000005
2026-08-13,15.26,15.99,31.25,-0.73,32.72,CHG,Helth,2143.870000000005
2026-08-14,10.97,14.33,25.3,-3.36,17.46,CHG,Helth,2140.5100000000048
2026-08-17,5.13,7.3,12.43,-2.17,13.39,CHG,Helth,2138.3400000000047
2026-08-18,4.91,2.0,6.91,2.91,11.01,CHG,Helth,2141.2500000000045
2026-08-19,4.69,5.32,10.02,-0.63,16.94,CHG,Helth,2140.6200000000044
2026-08-20,21.25,13.52,34.77,7.74,11.85,CHG,Helth,2148.360000000004
2026-08-21,1.84,4.94,6.78,-3.11,4.84,CHG,Helth,2145.250000000004
2026-08-24,1.73,5.29,7.02,-3.57,11.62,CHG,Helth,2141.680000000004
2026-08-25,4.72,4.93,9.65,-0.2,19.42,CHG,Helth,2141.480000000004
2026-08-26,1.56,4.39,5.95,-2.83,9.98,CHG,Helth,2138.650000000004
