date,buy_mb,sell_mb,buy_sell_mb,net_mb,nvdr_pct,symbol,sector,cumulative_net_mb
2020-01-02,239.54,76.06,315.6,163.48,38.75,CPN,Property,163.48
2020-01-03,125.95,44.06,170.01,81.89,29.84,CPN,Property,245.37
2020-01-06,143.89,82.5,226.39,61.39,34.45,CPN,Property,306.76
2020-01-07,113.81,49.95,163.76,63.86,26.38,CPN,Property,370.62
2020-01-08,136.57,68.77,205.34,67.81,30.65,CPN,Property,438.43
2020-01-09,141.89,85.64,227.54,56.25,30.94,CPN,Property,494.68
2020-01-10,79.49,51.89,131.38,27.6,34.25,CPN,Property,522.28
2020-01-13,134.4,75.55,209.95,58.86,35.77,CPN,Property,581.14
2020-01-14,66.93,118.85,185.77,-51.92,40.84,CPN,Property,529.22
2020-01-15,81.11,131.95,213.07,-50.84,45.7,CPN,Property,478.38
2020-01-16,1298.28,160.67,1458.95,1137.61,46.12,CPN,Property,1615.9899999999998
2020-01-17,500.55,114.85,615.4,385.7,41.15,CPN,Property,2001.6899999999998
2020-01-20,145.19,38.34,183.53,106.85,37.91,CPN,Property,2108.54
2020-01-21,260.77,117.0,377.77,143.77,41.17,CPN,Property,2252.31
2020-01-22,121.62,110.39,232.01,11.23,45.91,CPN,Property,2263.54
2020-01-23,82.13,88.51,170.64,-6.39,39.74,CPN,Property,2257.15
2020-01-24,61.93,28.03,89.96,33.9,43.69,CPN,Property,2291.05
2020-01-27,72.81,350.03,422.84,-277.22,25.7,CPN,Property,2013.8300000000002
2020-01-28,309.82,181.6,491.42,128.21,30.85,CPN,Property,2142.04
2020-01-29,198.0,231.34,429.33,-33.34,30.41,CPN,Property,2108.7
2020-01-30,147.97,159.55,307.52,-11.57,29.53,CPN,Property,2097.1299999999997
2020-01-31,173.69,370.14,543.83,-196.44,36.58,CPN,Property,1900.6899999999996
2020-02-03,82.54,102.39,184.93,-19.85,26.46,CPN,Property,1880.8399999999997
2020-02-04,177.52,179.17,356.69,-1.65,34.51,CPN,Property,1879.1899999999996
2020-02-05,77.93,93.04,170.98,-15.11,26.17,CPN,Property,1864.0799999999997
2020-02-06,171.12,256.38,427.51,-85.26,37.92,CPN,Property,1778.8199999999997
2020-02-07,145.31,176.88,322.18,-31.57,37.81,CPN,Property,1747.2499999999998
2020-02-11,149.94,68.85,218.79,81.09,22.13,CPN,Property,1828.3399999999997
2020-02-12,154.92,135.12,290.04,19.8,41.04,CPN,Property,1848.1399999999996
2020-02-13,110.55,104.67,215.22,5.88,35.61,CPN,Property,1854.0199999999998
2020-02-14,138.03,120.5,258.53,17.53,43.32,CPN,Property,1871.5499999999997
2020-02-17,73.56,55.13,128.69,18.42,30.94,CPN,Property,1889.9699999999998
2020-02-18,118.4,99.93,218.33,18.48,38.6,CPN,Property,1908.4499999999998
2020-02-19,195.07,57.85,252.92,137.22,37.95,CPN,Property,2045.6699999999998
2020-02-20,188.31,125.1,313.41,63.21,40.53,CPN,Property,2108.8799999999997
2020-02-21,253.92,208.65,462.57,45.28,25.68,CPN,Property,2154.16
2020-02-24,238.39,135.08,373.47,103.31,24.65,CPN,Property,2257.47
2020-02-25,367.75,277.62,645.37,90.13,36.47,CPN,Property,2347.6
2020-02-26,471.18,211.72,682.9,259.46,39.28,CPN,Property,2607.06
2020-02-27,142.51,165.01,307.51,-22.5,28.73,CPN,Property,2584.56
2020-02-28,142.48,137.07,279.55,5.4,34.25,CPN,Property,2589.96
2020-03-02,135.71,199.03,334.74,-63.32,42.16,CPN,Property,2526.64
2020-03-03,247.61,274.28,521.89,-26.68,31.12,CPN,Property,2499.96
2020-03-04,323.52,128.13,451.65,195.39,43.07,CPN,Property,2695.35
2020-03-05,243.43,294.86,538.29,-51.43,31.97,CPN,Property,2643.92
2020-03-06,129.04,157.19,286.23,-28.15,35.74,CPN,Property,2615.77
2020-03-09,239.01,278.75,517.76,-39.74,43.66,CPN,Property,2576.03
2020-03-10,184.45,323.52,507.97,-139.07,39.2,CPN,Property,2436.96
2020-03-11,176.38,290.02,466.4,-113.64,49.64,CPN,Property,2323.32
2020-03-12,138.74,346.13,484.88,-207.39,28.2,CPN,Property,2115.9300000000003
2020-03-13,249.97,600.27,850.24,-350.3,37.46,CPN,Property,1765.6300000000003
2020-03-16,271.3,515.27,786.56,-243.97,37.55,CPN,Property,1521.6600000000003
2020-03-17,238.26,276.21,514.48,-37.95,33.74,CPN,Property,1483.7100000000003
2020-03-18,221.73,378.12,599.85,-156.39,44.2,CPN,Property,1327.3200000000002
2020-03-19,154.78,193.62,348.39,-38.84,23.45,CPN,Property,1288.4800000000002
2020-03-20,337.03,265.78,602.81,71.24,26.6,CPN,Property,1359.7200000000003
2020-03-23,143.01,93.61,236.62,49.41,24.33,CPN,Property,1409.1300000000003
2020-03-24,291.25,268.94,560.19,22.31,31.96,CPN,Property,1431.4400000000003
2020-03-25,98.89,186.77,285.67,-87.88,28.06,CPN,Property,1343.5600000000004
2020-03-26,125.42,317.02,442.44,-191.6,31.57,CPN,Property,1151.9600000000005
2020-03-27,119.29,212.33,331.62,-93.04,27.56,CPN,Property,1058.9200000000005
2020-03-30,130.53,130.95,261.48,-0.43,30.96,CPN,Property,1058.4900000000005
2020-03-31,120.05,252.95,373.01,-132.9,21.25,CPN,Property,925.5900000000005
2020-04-01,123.15,144.59,267.74,-21.45,25.42,CPN,Property,904.1400000000004
2020-04-02,79.77,87.72,167.48,-7.95,37.41,CPN,Property,896.1900000000004
2020-04-03,133.94,73.61,207.55,60.33,43.44,CPN,Property,956.5200000000004
2020-04-07,377.02,171.67,548.69,205.35,31.02,CPN,Property,1161.8700000000003
2020-04-08,308.8,156.93,465.73,151.88,29.18,CPN,Property,1313.7500000000005
2020-04-09,122.33,112.37,234.69,9.96,19.78,CPN,Property,1323.7100000000005
2020-04-10,227.04,191.91,418.95,35.13,31.24,CPN,Property,1358.8400000000006
2020-04-13,62.72,172.92,235.65,-110.2,15.72,CPN,Property,1248.6400000000006
2020-04-14,106.01,175.57,281.58,-69.56,18.02,CPN,Property,1179.0800000000006
2020-04-15,76.67,171.19,247.85,-94.52,20.98,CPN,Property,1084.5600000000006
2020-04-16,171.75,138.19,309.94,33.56,23.17,CPN,Property,1118.1200000000006
2020-04-17,167.05,193.86,360.91,-26.81,18.4,CPN,Property,1091.3100000000006
2020-04-20,105.45,123.11,228.56,-17.67,12.78,CPN,Property,1073.6400000000006
2020-04-21,42.04,121.01,163.05,-78.98,20.21,CPN,Property,994.6600000000005
2020-04-22,139.26,85.78,225.04,53.48,15.82,CPN,Property,1048.1400000000006
2020-04-23,92.75,77.13,169.88,15.63,15.01,CPN,Property,1063.7700000000007
2020-04-24,146.72,165.31,312.03,-18.59,24.42,CPN,Property,1045.1800000000007
2020-04-27,145.83,126.0,271.83,19.83,15.81,CPN,Property,1065.0100000000007
2020-04-28,143.89,120.31,264.2,23.57,24.59,CPN,Property,1088.5800000000006
2020-04-29,82.98,67.42,150.4,15.56,19.76,CPN,Property,1104.1400000000006
2020-04-30,195.24,269.84,465.09,-74.6,38.84,CPN,Property,1029.5400000000006
2020-05-05,217.55,241.84,459.39,-24.29,47.06,CPN,Property,1005.2500000000007
2020-05-07,173.66,165.47,339.13,8.2,19.51,CPN,Property,1013.4500000000007
2020-05-08,114.89,58.28,173.16,56.61,22.48,CPN,Property,1070.0600000000006
2020-05-11,101.07,71.77,172.84,29.29,12.78,CPN,Property,1099.3500000000006
2020-05-12,90.37,98.45,188.82,-8.08,20.23,CPN,Property,1091.2700000000007
2020-05-13,55.38,44.82,100.21,10.56,22.28,CPN,Property,1101.8300000000006
2020-05-14,78.98,118.68,197.66,-39.69,36.41,CPN,Property,1062.1400000000006
2020-05-15,116.97,75.51,192.48,41.45,29.15,CPN,Property,1103.5900000000006
2020-05-18,142.3,112.24,254.53,30.06,25.63,CPN,Property,1133.6500000000005
2020-05-19,107.04,131.31,238.36,-24.27,24.59,CPN,Property,1109.3800000000006
2020-05-20,37.63,40.07,77.7,-2.44,12.43,CPN,Property,1106.9400000000005
2020-05-21,131.53,251.13,382.66,-119.59,22.4,CPN,Property,987.3500000000005
2020-05-22,97.98,116.4,214.37,-18.42,30.28,CPN,Property,968.9300000000005
2020-05-25,127.35,112.24,239.59,15.11,23.95,CPN,Property,984.0400000000005
2020-05-26,248.72,335.66,584.37,-86.94,21.27,CPN,Property,897.1000000000006
2020-05-27,65.37,147.98,213.35,-82.61,20.06,CPN,Property,814.4900000000006
2020-05-28,204.84,155.53,360.37,49.32,22.66,CPN,Property,863.8100000000006
2020-05-29,705.12,240.07,945.18,465.05,36.52,CPN,Property,1328.8600000000006
2020-06-01,150.96,195.41,346.37,-44.46,23.11,CPN,Property,1284.4000000000005
2020-06-02,88.35,54.48,142.83,33.88,19.65,CPN,Property,1318.2800000000007
2020-06-04,222.6,215.18,437.78,7.41,22.03,CPN,Property,1325.6900000000007
2020-06-05,94.74,140.2,234.93,-45.46,18.41,CPN,Property,1280.2300000000007
2020-06-08,136.57,135.89,272.46,0.68,21.83,CPN,Property,1280.9100000000008
2020-06-09,138.49,111.63,250.11,26.86,24.78,CPN,Property,1307.7700000000007
2020-06-10,105.21,87.8,193.01,17.42,27.68,CPN,Property,1325.1900000000007
2020-06-11,95.9,66.5,162.4,29.4,23.23,CPN,Property,1354.5900000000008
2020-06-12,208.09,135.7,343.79,72.4,25.71,CPN,Property,1426.990000000001
2020-06-15,111.87,124.05,235.93,-12.18,23.08,CPN,Property,1414.8100000000009
2020-06-16,55.95,38.21,94.16,17.74,24.06,CPN,Property,1432.5500000000009
2020-06-17,118.32,50.86,169.19,67.46,29.63,CPN,Property,1500.010000000001
2020-06-18,137.02,79.7,216.72,57.31,38.46,CPN,Property,1557.3200000000008
2020-06-19,221.18,95.47,316.65,125.71,41.59,CPN,Property,1683.0300000000009
2020-06-22,70.9,69.36,140.27,1.54,37.87,CPN,Property,1684.5700000000008
2020-06-23,80.8,10.75,91.56,70.05,28.88,CPN,Property,1754.6200000000008
2020-06-24,131.33,163.99,295.31,-32.66,27.86,CPN,Property,1721.9600000000007
2020-06-25,137.11,74.14,211.25,62.97,25.73,CPN,Property,1784.9300000000007
2020-06-26,111.22,63.47,174.7,47.75,21.43,CPN,Property,1832.6800000000007
2020-06-29,124.85,94.04,218.89,30.8,35.33,CPN,Property,1863.4800000000007
2020-06-30,57.71,67.24,124.95,-9.54,27.42,CPN,Property,1853.9400000000007
2020-07-01,71.31,86.08,157.4,-14.77,29.78,CPN,Property,1839.1700000000008
2020-07-02,135.44,105.38,240.82,30.07,20.13,CPN,Property,1869.2400000000007
2020-07-03,52.32,71.06,123.38,-18.73,38.66,CPN,Property,1850.5100000000007
2020-07-07,88.83,85.68,174.51,3.16,35.82,CPN,Property,1853.6700000000008
2020-07-08,73.22,107.78,181.0,-34.56,42.39,CPN,Property,1819.1100000000008
2020-07-09,316.29,302.89,619.18,13.4,75.01,CPN,Property,1832.510000000001
2020-07-10,84.63,77.85,162.48,6.78,35.12,CPN,Property,1839.2900000000009
2020-07-13,109.08,64.6,173.69,44.48,29.68,CPN,Property,1883.770000000001
2020-07-14,66.89,92.91,159.79,-26.02,32.14,CPN,Property,1857.750000000001
2020-07-15,66.74,82.41,149.15,-15.67,35.76,CPN,Property,1842.0800000000008
2020-07-16,43.93,110.73,154.67,-66.8,36.51,CPN,Property,1775.2800000000009
2020-07-17,90.83,47.61,138.44,43.23,25.23,CPN,Property,1818.510000000001
2020-07-20,67.96,71.93,139.89,-3.97,26.23,CPN,Property,1814.5400000000009
2020-07-21,113.54,69.2,182.74,44.34,26.35,CPN,Property,1858.8800000000008
2020-07-22,52.59,179.57,232.16,-126.99,35.89,CPN,Property,1731.8900000000008
2020-07-23,90.55,121.55,212.09,-31.0,37.9,CPN,Property,1700.8900000000008
2020-07-24,54.19,108.82,163.01,-54.62,42.62,CPN,Property,1646.270000000001
2020-07-29,160.3,328.11,488.42,-167.81,43.59,CPN,Property,1478.460000000001
2020-07-30,123.66,229.75,353.41,-106.09,33.75,CPN,Property,1372.370000000001
2020-07-31,203.06,273.06,476.12,-70.0,50.4,CPN,Property,1302.370000000001
2020-08-03,129.69,289.63,419.32,-159.94,45.9,CPN,Property,1142.430000000001
2020-08-04,130.44,65.8,196.24,64.64,33.49,CPN,Property,1207.070000000001
2020-08-05,161.62,102.17,263.79,59.44,31.47,CPN,Property,1266.5100000000011
2020-08-06,113.4,52.43,165.83,60.96,32.53,CPN,Property,1327.4700000000012
2020-08-07,50.06,55.3,105.36,-5.24,23.09,CPN,Property,1322.2300000000012
2020-08-10,92.79,33.7,126.49,59.08,23.73,CPN,Property,1381.310000000001
2020-08-11,178.85,41.86,220.71,136.99,25.27,CPN,Property,1518.300000000001
2020-08-13,100.56,55.32,155.87,45.24,20.01,CPN,Property,1563.540000000001
2020-08-14,38.63,144.37,182.99,-105.74,22.45,CPN,Property,1457.800000000001
2020-08-17,37.87,49.83,87.7,-11.95,16.54,CPN,Property,1445.850000000001
2020-08-18,73.2,125.5,198.7,-52.3,25.47,CPN,Property,1393.550000000001
2020-08-19,85.06,141.78,226.85,-56.72,25.76,CPN,Property,1336.830000000001
2020-08-20,124.86,235.14,360.0,-110.29,31.94,CPN,Property,1226.540000000001
2020-08-21,13.09,75.22,88.31,-62.14,20.37,CPN,Property,1164.400000000001
2020-08-24,18.38,68.83,87.21,-50.45,24.8,CPN,Property,1113.950000000001
2020-08-25,21.34,93.11,114.45,-71.77,29.42,CPN,Property,1042.180000000001
2020-08-26,32.61,63.87,96.48,-31.26,31.37,CPN,Property,1010.920000000001
2020-08-27,26.14,163.53,189.67,-137.39,25.62,CPN,Property,873.530000000001
2020-08-28,24.85,161.26,186.11,-136.41,35.34,CPN,Property,737.120000000001
2020-08-31,72.1,183.55,255.65,-111.44,33.61,CPN,Property,625.680000000001
2020-09-01,35.59,111.94,147.53,-76.35,31.62,CPN,Property,549.330000000001
2020-09-02,63.94,82.41,146.35,-18.47,29.49,CPN,Property,530.8600000000009
2020-09-03,43.83,98.81,142.64,-54.98,24.99,CPN,Property,475.8800000000009
2020-09-08,62.96,88.35,151.31,-25.4,18.41,CPN,Property,450.4800000000009
2020-09-09,45.81,43.31,89.12,2.5,18.89,CPN,Property,452.9800000000009
2020-09-10,88.33,114.82,203.16,-26.49,38.03,CPN,Property,426.4900000000009
2020-09-11,45.11,59.45,104.57,-14.34,22.67,CPN,Property,412.15000000000094
2020-09-14,88.72,56.63,145.35,32.09,21.94,CPN,Property,444.2400000000009
2020-09-15,92.18,67.08,159.26,25.11,22.55,CPN,Property,469.35000000000093
2020-09-16,112.02,45.57,157.59,66.45,18.26,CPN,Property,535.800000000001
2020-09-17,76.0,68.08,144.08,7.92,19.08,CPN,Property,543.7200000000009
2020-09-18,141.99,162.65,304.64,-20.66,58.1,CPN,Property,523.060000000001
2020-09-21,37.89,60.3,98.18,-22.41,26.69,CPN,Property,500.65000000000094
2020-09-22,110.41,73.45,183.86,36.96,26.49,CPN,Property,537.6100000000009
2020-09-23,116.7,145.74,262.44,-29.04,35.08,CPN,Property,508.5700000000009
2020-09-24,63.25,159.74,222.99,-96.49,31.54,CPN,Property,412.0800000000009
2020-09-25,92.85,122.42,215.27,-29.57,37.53,CPN,Property,382.5100000000009
2020-09-28,44.27,105.58,149.85,-61.31,30.91,CPN,Property,321.2000000000009
2020-09-29,26.3,94.68,120.98,-68.38,20.36,CPN,Property,252.8200000000009
2020-09-30,44.29,58.07,102.37,-13.78,32.54,CPN,Property,239.0400000000009
2020-10-01,30.42,46.26,76.68,-15.84,22.5,CPN,Property,223.2000000000009
2020-10-02,113.94,64.56,178.5,49.38,22.07,CPN,Property,272.5800000000009
2020-10-05,60.19,45.58,105.77,14.61,33.18,CPN,Property,287.1900000000009
2020-10-06,83.49,147.27,230.76,-63.78,36.78,CPN,Property,223.4100000000009
2020-10-07,76.67,82.28,158.95,-5.61,31.56,CPN,Property,217.8000000000009
2020-10-08,56.33,110.47,166.81,-54.14,22.36,CPN,Property,163.66000000000088
2020-10-09,22.86,46.3,69.16,-23.44,23.68,CPN,Property,140.22000000000088
2020-10-12,57.18,19.8,76.98,37.37,20.92,CPN,Property,177.59000000000088
2020-10-14,193.11,101.21,294.32,91.91,32.0,CPN,Property,269.5000000000009
2020-10-15,117.22,118.92,236.14,-1.7,29.99,CPN,Property,267.8000000000009
2020-10-16,78.42,92.11,170.53,-13.69,23.76,CPN,Property,254.11000000000092
2020-10-19,190.58,106.06,296.64,84.53,22.09,CPN,Property,338.6400000000009
2020-10-20,109.41,56.5,165.92,52.91,21.23,CPN,Property,391.55000000000086
2020-10-21,114.77,88.69,203.46,26.09,23.05,CPN,Property,417.64000000000084
2020-10-22,69.89,73.08,142.97,-3.19,29.3,CPN,Property,414.45000000000084
2020-10-26,116.1,61.13,177.23,54.97,26.51,CPN,Property,469.42000000000087
2020-10-27,197.77,35.74,233.51,162.03,28.6,CPN,Property,631.4500000000008
2020-10-28,112.86,97.21,210.07,15.65,23.47,CPN,Property,647.1000000000008
2020-10-29,90.78,84.17,174.95,6.61,39.43,CPN,Property,653.7100000000008
2020-10-30,219.32,139.76,359.08,79.57,50.84,CPN,Property,733.2800000000009
2020-11-02,109.07,44.92,153.99,64.16,26.52,CPN,Property,797.4400000000009
2020-11-03,76.05,47.03,123.07,29.02,19.83,CPN,Property,826.4600000000008
2020-11-04,70.15,26.43,96.58,43.72,15.4,CPN,Property,870.1800000000009
2020-11-05,346.31,91.03,437.33,255.28,20.79,CPN,Property,1125.460000000001
2020-11-06,161.67,100.97,262.64,60.71,20.0,CPN,Property,1186.170000000001
2020-11-09,363.69,274.84,638.53,88.85,24.4,CPN,Property,1275.020000000001
2020-11-10,922.39,462.19,1384.58,460.2,24.85,CPN,Property,1735.220000000001
2020-11-11,571.24,364.06,935.3,207.18,39.33,CPN,Property,1942.400000000001
2020-11-12,286.83,121.07,407.9,165.76,31.98,CPN,Property,2108.1600000000008
2020-11-13,330.36,286.49,616.86,43.87,38.53,CPN,Property,2152.0300000000007
2020-11-16,116.66,136.96,253.61,-20.3,26.6,CPN,Property,2131.7300000000005
2020-11-17,233.79,361.78,595.57,-128.0,21.58,CPN,Property,2003.7300000000005
2020-11-18,371.33,433.87,805.2,-62.54,45.79,CPN,Property,1941.1900000000005
2020-11-19,194.39,189.34,383.72,5.05,47.34,CPN,Property,1946.2400000000005
2020-11-20,360.81,262.19,623.01,98.62,31.73,CPN,Property,2044.8600000000006
2020-11-23,332.9,197.13,530.03,135.77,32.06,CPN,Property,2180.6300000000006
2020-11-24,384.23,171.77,556.01,212.46,25.0,CPN,Property,2393.0900000000006
2020-11-25,278.34,182.55,460.89,95.79,28.37,CPN,Property,2488.8800000000006
2020-11-26,98.8,93.21,192.01,5.59,26.54,CPN,Property,2494.4700000000007
2020-11-27,113.33,131.18,244.51,-17.85,26.52,CPN,Property,2476.620000000001
2020-11-30,687.66,739.54,1427.2,-51.88,47.98,CPN,Property,2424.7400000000007
2020-12-01,239.88,227.47,467.35,12.41,28.37,CPN,Property,2437.1500000000005
2020-12-02,166.46,141.56,308.02,24.9,24.74,CPN,Property,2462.0500000000006
2020-12-03,151.4,292.85,444.25,-141.46,18.99,CPN,Property,2320.5900000000006
2020-12-04,363.83,364.79,728.62,-0.96,26.4,CPN,Property,2319.6300000000006
2020-12-08,451.61,270.69,722.3,180.92,29.14,CPN,Property,2500.5500000000006
2020-12-09,215.08,196.2,411.28,18.87,22.05,CPN,Property,2519.4200000000005
2020-12-14,294.35,263.81,558.17,30.54,32.38,CPN,Property,2549.9600000000005
2020-12-15,284.91,96.61,381.52,188.29,27.19,CPN,Property,2738.2500000000005
2020-12-16,320.58,113.03,433.61,207.55,27.92,CPN,Property,2945.8000000000006
2020-12-17,207.24,66.9,274.14,140.35,23.31,CPN,Property,3086.1500000000005
2020-12-18,719.27,498.11,1217.38,221.17,61.34,CPN,Property,3307.3200000000006
2020-12-21,560.07,411.76,971.83,148.31,26.34,CPN,Property,3455.6300000000006
2020-12-22,316.65,174.85,491.49,141.8,33.01,CPN,Property,3597.4300000000007
2020-12-23,306.61,201.6,508.21,105.0,36.78,CPN,Property,3702.4300000000007
2020-12-24,221.67,183.6,405.27,38.07,33.17,CPN,Property,3740.500000000001
2020-12-25,22.99,61.63,84.61,-38.64,18.61,CPN,Property,3701.860000000001
2020-12-28,78.58,90.1,168.68,-11.52,21.55,CPN,Property,3690.340000000001
2020-12-29,204.92,67.49,272.41,137.43,34.49,CPN,Property,3827.770000000001
2020-12-30,305.24,90.31,395.55,214.92,28.57,CPN,Property,4042.690000000001
2021-01-04,208.18,276.53,484.71,-68.36,42.05,CPN,Property,3974.330000000001
2021-01-05,221.73,272.96,494.69,-51.23,33.68,CPN,Property,3923.100000000001
2021-01-06,113.49,196.01,309.49,-82.52,29.25,CPN,Property,3840.580000000001
2021-01-07,136.7,101.55,238.25,35.15,27.37,CPN,Property,3875.730000000001
2021-01-08,267.51,128.11,395.62,139.4,42.42,CPN,Property,4015.130000000001
2021-01-11,114.85,124.11,238.96,-9.26,32.87,CPN,Property,4005.870000000001
2021-01-12,78.41,82.0,160.41,-3.58,36.68,CPN,Property,4002.290000000001
2021-01-13,218.03,188.61,406.64,29.42,38.92,CPN,Property,4031.710000000001
2021-01-14,140.45,195.13,335.58,-54.68,31.56,CPN,Property,3977.030000000001
2021-01-15,119.73,351.65,471.39,-231.92,36.99,CPN,Property,3745.110000000001
2021-01-18,76.56,164.37,240.93,-87.8,30.48,CPN,Property,3657.310000000001
2021-01-19,111.8,112.36,224.16,-0.55,34.41,CPN,Property,3656.7600000000007
2021-01-20,73.74,131.78,205.51,-58.04,27.49,CPN,Property,3598.7200000000007
2021-01-21,179.95,221.12,401.07,-41.18,20.76,CPN,Property,3557.540000000001
2021-01-22,374.07,586.85,960.92,-212.78,22.81,CPN,Property,3344.7600000000007
2021-01-25,79.09,384.46,463.54,-305.37,27.28,CPN,Property,3039.390000000001
2021-01-26,130.85,189.15,320.0,-58.3,26.93,CPN,Property,2981.0900000000006
2021-01-27,116.22,210.3,326.52,-94.08,33.7,CPN,Property,2887.0100000000007
2021-01-28,171.68,248.52,420.2,-76.83,29.0,CPN,Property,2810.1800000000007
2021-01-29,124.87,189.09,313.96,-64.21,35.79,CPN,Property,2745.9700000000007
2021-02-01,78.94,133.85,212.79,-54.9,29.38,CPN,Property,2691.0700000000006
2021-02-02,142.97,125.09,268.06,17.89,26.1,CPN,Property,2708.9600000000005
2021-02-03,210.72,274.2,484.92,-63.48,33.98,CPN,Property,2645.4800000000005
2021-02-04,69.23,157.11,226.34,-87.89,32.04,CPN,Property,2557.5900000000006
2021-02-05,93.67,73.69,167.36,19.98,27.32,CPN,Property,2577.5700000000006
2021-02-08,73.64,206.3,279.94,-132.66,23.61,CPN,Property,2444.9100000000008
2021-02-09,150.85,413.33,564.18,-262.49,19.65,CPN,Property,2182.420000000001
2021-02-10,90.88,125.08,215.96,-34.2,20.26,CPN,Property,2148.220000000001
2021-02-11,98.31,170.21,268.52,-71.89,30.15,CPN,Property,2076.3300000000013
2021-02-15,40.18,89.75,129.93,-49.57,30.08,CPN,Property,2026.7600000000014
2021-02-16,44.98,34.12,79.1,10.85,16.94,CPN,Property,2037.6100000000013
2021-02-17,85.72,128.87,214.59,-43.15,26.61,CPN,Property,1994.4600000000012
2021-02-18,101.06,126.18,227.24,-25.12,39.54,CPN,Property,1969.3400000000013
2021-02-19,101.0,112.58,213.57,-11.58,32.13,CPN,Property,1957.7600000000014
2021-02-22,194.81,305.49,500.3,-110.68,25.68,CPN,Property,1847.0800000000013
2021-02-23,228.51,211.74,440.25,16.77,21.01,CPN,Property,1863.8500000000013
2021-02-24,217.13,383.48,600.6,-166.35,34.17,CPN,Property,1697.5000000000014
2021-02-25,367.37,479.53,846.9,-112.16,37.73,CPN,Property,1585.3400000000013
2021-03-01,270.12,220.08,490.21,50.04,27.81,CPN,Property,1635.3800000000012
2021-03-02,121.56,368.87,490.42,-247.31,22.89,CPN,Property,1388.0700000000013
2021-03-03,146.63,420.45,567.07,-273.82,33.36,CPN,Property,1114.2500000000014
2021-03-04,345.64,189.09,534.73,156.55,31.78,CPN,Property,1270.8000000000013
2021-03-05,176.04,296.29,472.33,-120.24,29.77,CPN,Property,1150.5600000000013
2021-03-08,46.65,133.44,180.09,-86.78,19.34,CPN,Property,1063.7800000000013
2021-03-09,293.95,85.45,379.4,208.51,24.63,CPN,Property,1272.2900000000013
2021-03-10,473.9,421.43,895.32,52.47,30.55,CPN,Property,1324.7600000000014
2021-03-11,227.35,288.14,515.49,-60.79,34.95,CPN,Property,1263.9700000000014
2021-03-12,256.37,175.69,432.05,80.68,34.6,CPN,Property,1344.6500000000015
2021-03-15,252.07,136.71,388.77,115.36,30.48,CPN,Property,1460.0100000000014
2021-03-16,134.27,141.32,275.59,-7.05,30.28,CPN,Property,1452.9600000000014
2021-03-17,158.64,123.73,282.37,34.91,30.98,CPN,Property,1487.8700000000015
2021-03-18,166.13,88.73,254.86,77.41,33.73,CPN,Property,1565.2800000000016
2021-03-19,167.29,176.24,343.53,-8.96,34.01,CPN,Property,1556.3200000000015
2021-03-22,100.58,97.82,198.4,2.76,25.42,CPN,Property,1559.0800000000015
2021-03-23,118.86,169.18,288.04,-50.32,19.86,CPN,Property,1508.7600000000016
2021-03-24,58.03,76.77,134.8,-18.73,18.91,CPN,Property,1490.0300000000016
2021-03-25,78.19,85.75,163.93,-7.56,27.1,CPN,Property,1482.4700000000016
2021-03-26,131.66,165.95,297.61,-34.29,26.5,CPN,Property,1448.1800000000017
2021-03-29,105.13,79.06,184.19,26.06,19.85,CPN,Property,1474.2400000000016
2021-03-30,272.65,154.64,427.29,118.02,20.58,CPN,Property,1592.2600000000016
2021-03-31,83.39,206.35,289.74,-122.95,30.24,CPN,Property,1469.3100000000015
2021-04-01,52.52,94.35,146.87,-41.83,26.08,CPN,Property,1427.4800000000016
2021-04-02,51.67,110.42,162.09,-58.76,31.52,CPN,Property,1368.7200000000016
2021-04-05,98.21,167.95,266.16,-69.73,28.22,CPN,Property,1298.9900000000016
2021-04-07,310.48,116.53,427.01,193.95,24.43,CPN,Property,1492.9400000000016
2021-04-08,153.59,113.84,267.43,39.76,25.23,CPN,Property,1532.7000000000016
2021-04-09,155.53,148.55,304.08,6.97,24.2,CPN,Property,1539.6700000000017
2021-04-12,263.59,144.06,407.65,119.54,32.8,CPN,Property,1659.2100000000016
2021-04-16,182.78,132.37,315.15,50.41,32.48,CPN,Property,1709.6200000000017
2021-04-19,124.35,153.03,277.37,-28.68,23.59,CPN,Property,1680.9400000000016
2021-04-20,105.54,209.46,315.0,-103.92,36.08,CPN,Property,1577.0200000000016
2021-04-21,84.17,121.32,205.49,-37.16,44.77,CPN,Property,1539.8600000000015
2021-04-22,74.37,127.85,202.22,-53.48,37.76,CPN,Property,1486.3800000000015
2021-04-23,230.18,158.95,389.12,71.23,35.17,CPN,Property,1557.6100000000015
2021-04-26,229.2,151.68,380.88,77.52,27.21,CPN,Property,1635.1300000000015
2021-04-27,210.31,181.24,391.54,29.07,38.65,CPN,Property,1664.2000000000014
2021-04-28,153.57,103.19,256.76,50.37,35.1,CPN,Property,1714.5700000000013
2021-04-29,195.42,191.21,386.63,4.22,32.85,CPN,Property,1718.7900000000013
2021-04-30,103.89,109.73,213.61,-5.84,39.42,CPN,Property,1712.9500000000014
2021-05-05,258.22,337.13,595.35,-78.91,37.62,CPN,Property,1634.0400000000013
2021-05-06,106.14,105.02,211.16,1.12,44.95,CPN,Property,1635.1600000000012
2021-05-07,141.05,125.67,266.72,15.37,31.4,CPN,Property,1650.530000000001
2021-05-10,128.94,120.59,249.53,8.34,48.61,CPN,Property,1658.870000000001
2021-05-11,159.12,123.02,282.14,36.1,51.71,CPN,Property,1694.970000000001
2021-05-12,174.58,357.9,532.48,-183.31,35.17,CPN,Property,1511.660000000001
2021-05-13,253.76,227.19,480.94,26.57,43.76,CPN,Property,1538.230000000001
2021-05-14,102.11,143.27,245.38,-41.15,40.61,CPN,Property,1497.0800000000008
2021-05-17,185.14,170.02,355.16,15.12,37.63,CPN,Property,1512.2000000000007
2021-05-18,175.54,179.03,354.57,-3.5,32.53,CPN,Property,1508.7000000000007
2021-05-19,97.82,194.42,292.23,-96.6,31.64,CPN,Property,1412.1000000000008
2021-05-20,173.5,254.26,427.77,-80.76,25.04,CPN,Property,1331.3400000000008
2021-05-21,293.79,366.83,660.62,-73.04,39.36,CPN,Property,1258.3000000000009
2021-05-24,145.89,214.06,359.95,-68.17,39.87,CPN,Property,1190.1300000000008
2021-05-25,188.83,171.87,360.7,16.96,41.67,CPN,Property,1207.0900000000008
2021-05-27,1105.47,780.85,1886.31,324.62,54.34,CPN,Property,1531.710000000001
2021-05-28,135.13,190.1,325.22,-54.97,33.94,CPN,Property,1476.740000000001
2021-05-31,126.95,159.98,286.93,-33.03,42.3,CPN,Property,1443.710000000001
2021-06-01,177.28,320.99,498.28,-143.71,26.31,CPN,Property,1300.000000000001
2021-06-02,188.97,331.29,520.26,-142.33,32.27,CPN,Property,1157.670000000001
2021-06-04,374.6,453.05,827.65,-78.45,30.82,CPN,Property,1079.220000000001
2021-06-07,137.82,305.0,442.82,-167.18,29.35,CPN,Property,912.0400000000009
2021-06-08,261.75,375.65,637.4,-113.9,21.67,CPN,Property,798.1400000000009
2021-06-09,148.69,311.38,460.07,-162.69,36.83,CPN,Property,635.450000000001
2021-06-10,159.17,185.97,345.13,-26.8,28.32,CPN,Property,608.650000000001
2021-06-11,151.31,215.98,367.29,-64.68,26.95,CPN,Property,543.9700000000009
2021-06-14,74.8,86.41,161.21,-11.62,27.95,CPN,Property,532.3500000000009
2021-06-15,84.7,102.9,187.6,-18.2,33.79,CPN,Property,514.1500000000009
2021-06-16,113.27,130.78,244.05,-17.5,36.74,CPN,Property,496.6500000000009
2021-06-17,213.85,240.22,454.07,-26.36,27.16,CPN,Property,470.2900000000009
2021-06-18,219.58,221.29,440.88,-1.71,41.43,CPN,Property,468.5800000000009
2021-06-21,98.67,138.49,237.16,-39.83,24.26,CPN,Property,428.7500000000009
2021-06-22,110.47,95.59,206.06,14.89,21.28,CPN,Property,443.6400000000009
2021-06-23,315.87,148.29,464.16,167.58,32.45,CPN,Property,611.2200000000009
2021-06-24,363.37,194.11,557.49,169.26,39.88,CPN,Property,780.4800000000009
2021-06-25,288.57,116.04,404.61,172.53,29.53,CPN,Property,953.0100000000009
2021-06-28,245.07,157.95,403.01,87.12,37.51,CPN,Property,1040.130000000001
2021-06-29,185.82,108.79,294.6,77.03,35.13,CPN,Property,1117.160000000001
2021-06-30,264.1,199.24,463.34,64.85,33.02,CPN,Property,1182.010000000001
2021-07-01,71.0,92.81,163.81,-21.81,33.78,CPN,Property,1160.200000000001
2021-07-02,124.75,119.72,244.47,5.03,38.18,CPN,Property,1165.230000000001
2021-07-05,275.85,248.04,523.89,27.81,48.09,CPN,Property,1193.0400000000009
2021-07-06,28.69,147.38,176.07,-118.69,23.09,CPN,Property,1074.3500000000008
2021-07-07,112.66,167.06,279.73,-54.4,37.67,CPN,Property,1019.9500000000008
2021-07-08,192.54,205.53,398.07,-12.99,33.04,CPN,Property,1006.9600000000008
2021-07-09,150.13,123.36,273.49,26.77,32.25,CPN,Property,1033.730000000001
2021-07-12,50.88,74.18,125.06,-23.3,31.28,CPN,Property,1010.430000000001
2021-07-13,157.09,115.29,272.37,41.8,31.19,CPN,Property,1052.230000000001
2021-07-14,183.63,138.65,322.28,44.97,37.05,CPN,Property,1097.200000000001
2021-07-15,206.51,220.65,427.16,-14.15,38.67,CPN,Property,1083.0500000000009
2021-07-16,188.69,53.27,241.96,135.42,36.08,CPN,Property,1218.470000000001
2021-07-19,71.44,78.3,149.74,-6.86,39.2,CPN,Property,1211.610000000001
2021-07-20,120.69,107.41,228.1,13.27,26.72,CPN,Property,1224.880000000001
2021-07-21,152.08,108.11,260.19,43.97,33.68,CPN,Property,1268.850000000001
2021-07-22,57.65,70.2,127.85,-12.55,29.38,CPN,Property,1256.300000000001
2021-07-23,51.73,87.48,139.21,-35.75,24.53,CPN,Property,1220.550000000001
2021-07-27,103.49,131.3,234.78,-27.81,39.08,CPN,Property,1192.7400000000011
2021-07-29,80.38,127.54,207.92,-47.16,32.19,CPN,Property,1145.580000000001
2021-07-30,191.38,103.41,294.79,87.97,28.27,CPN,Property,1233.550000000001
2021-08-02,155.89,92.36,248.25,63.53,42.8,CPN,Property,1297.080000000001
2021-08-03,394.1,284.0,678.1,110.09,42.61,CPN,Property,1407.170000000001
2021-08-04,219.81,127.72,347.53,92.09,36.18,CPN,Property,1499.260000000001
2021-08-05,103.6,135.94,239.55,-32.34,35.74,CPN,Property,1466.920000000001
2021-08-06,259.98,325.69,585.67,-65.72,50.94,CPN,Property,1401.200000000001
2021-08-09,228.09,264.49,492.58,-36.41,29.59,CPN,Property,1364.7900000000009
2021-08-10,90.16,152.27,242.43,-62.1,39.21,CPN,Property,1302.690000000001
2021-08-11,139.85,305.9,445.75,-166.05,44.09,CPN,Property,1136.640000000001
2021-08-13,181.67,148.11,329.78,33.57,32.62,CPN,Property,1170.210000000001
2021-08-16,113.21,102.2,215.41,11.01,37.47,CPN,Property,1181.220000000001
2021-08-17,201.69,309.64,511.33,-107.95,33.74,CPN,Property,1073.270000000001
2021-08-18,200.27,340.67,540.94,-140.4,35.47,CPN,Property,932.8700000000009
2021-08-19,218.9,247.13,466.04,-28.23,40.05,CPN,Property,904.6400000000009
2021-08-20,266.17,249.34,515.51,16.83,32.05,CPN,Property,921.4700000000009
2021-08-23,207.1,395.37,602.47,-188.27,28.21,CPN,Property,733.200000000001
2021-08-24,145.27,309.45,454.72,-164.18,34.49,CPN,Property,569.0200000000009
2021-08-25,106.77,180.51,287.27,-73.74,29.04,CPN,Property,495.2800000000009
2021-08-26,109.53,272.1,381.62,-162.57,30.86,CPN,Property,332.7100000000009
2021-08-27,241.33,239.23,480.57,2.1,28.85,CPN,Property,334.8100000000009
2021-08-30,242.52,287.53,530.05,-45.01,29.7,CPN,Property,289.8000000000009
2021-08-31,685.33,753.81,1439.14,-68.49,51.64,CPN,Property,221.3100000000009
2021-09-01,259.69,249.68,509.37,10.0,33.48,CPN,Property,231.3100000000009
2021-09-02,161.46,117.19,278.65,44.27,33.03,CPN,Property,275.5800000000009
2021-09-03,153.39,120.03,273.42,33.36,27.27,CPN,Property,308.9400000000009
2021-09-06,90.6,223.98,314.58,-133.38,26.44,CPN,Property,175.5600000000009
2021-09-07,177.18,168.9,346.08,8.28,27.38,CPN,Property,183.8400000000009
2021-09-08,155.89,104.26,260.16,51.63,29.25,CPN,Property,235.4700000000009
2021-09-09,256.86,309.6,566.46,-52.75,47.47,CPN,Property,182.7200000000009
2021-09-10,141.99,200.21,342.2,-58.22,28.07,CPN,Property,124.50000000000091
2021-09-13,131.82,93.33,225.15,38.5,32.51,CPN,Property,163.0000000000009
2021-09-14,181.37,110.7,292.07,70.68,40.7,CPN,Property,233.68000000000092
2021-09-15,169.93,135.24,305.17,34.69,32.79,CPN,Property,268.3700000000009
2021-09-16,92.54,81.05,173.59,11.49,22.69,CPN,Property,279.8600000000009
2021-09-17,562.48,620.43,1182.9,-57.95,49.24,CPN,Property,221.91000000000093
2021-09-20,128.41,117.56,245.97,10.85,36.86,CPN,Property,232.76000000000093
2021-09-21,180.64,149.0,329.65,31.64,26.27,CPN,Property,264.40000000000094
2021-09-22,122.75,100.07,222.81,22.68,38.63,CPN,Property,287.08000000000095
2021-09-23,200.31,198.76,399.08,1.55,34.38,CPN,Property,288.63000000000096
2021-09-27,116.35,134.97,251.32,-18.62,36.95,CPN,Property,270.01000000000096
2021-09-28,120.62,160.12,280.74,-39.51,32.36,CPN,Property,230.50000000000097
2021-09-29,133.22,100.53,233.76,32.69,42.61,CPN,Property,263.19000000000096
2021-09-30,155.81,183.95,339.76,-28.13,41.35,CPN,Property,235.06000000000097
2021-10-01,89.45,119.79,209.24,-30.34,37.55,CPN,Property,204.72000000000097
2021-10-04,247.82,226.31,474.13,21.5,33.06,CPN,Property,226.22000000000097
2021-10-05,94.86,84.18,179.04,10.68,29.71,CPN,Property,236.90000000000097
2021-10-06,221.41,253.26,474.67,-31.85,34.55,CPN,Property,205.05000000000098
2021-10-07,240.62,196.14,436.75,44.48,36.89,CPN,Property,249.53000000000097
2021-10-08,84.05,68.65,152.7,15.4,37.86,CPN,Property,264.930000000001
2021-10-11,155.57,133.81,289.37,21.76,32.57,CPN,Property,286.69000000000096
2021-10-12,320.22,95.46,415.69,224.76,26.88,CPN,Property,511.45000000000095
2021-10-14,580.66,381.41,962.07,199.25,29.73,CPN,Property,710.700000000001
2021-10-15,175.68,201.58,377.25,-25.9,28.73,CPN,Property,684.800000000001
2021-10-18,321.99,298.27,620.26,23.72,34.5,CPN,Property,708.520000000001
2021-10-19,346.96,378.49,725.45,-31.53,28.07,CPN,Property,676.990000000001
2021-10-20,139.86,182.28,322.14,-42.42,30.2,CPN,Property,634.5700000000011
2021-10-21,182.63,127.2,309.83,55.42,34.57,CPN,Property,689.990000000001
2021-10-25,161.09,157.62,318.71,3.47,31.94,CPN,Property,693.4600000000011
2021-10-26,319.76,172.72,492.48,147.03,30.87,CPN,Property,840.490000000001
2021-10-27,85.51,74.16,159.67,11.35,33.66,CPN,Property,851.840000000001
2021-10-28,288.61,185.26,473.87,103.35,23.9,CPN,Property,955.1900000000011
2021-10-29,175.0,119.72,294.72,55.27,33.06,CPN,Property,1010.4600000000011
2021-11-01,368.77,91.04,459.8,277.73,28.02,CPN,Property,1288.190000000001
2021-11-02,216.04,199.7,415.74,16.33,38.31,CPN,Property,1304.520000000001
2021-11-03,118.11,92.37,210.48,25.74,40.32,CPN,Property,1330.260000000001
2021-11-04,204.99,63.18,268.17,141.8,35.67,CPN,Property,1472.0600000000009
2021-11-05,107.27,62.35,169.62,44.93,29.0,CPN,Property,1516.990000000001
2021-11-08,214.97,95.0,309.97,119.97,30.16,CPN,Property,1636.960000000001
2021-11-09,283.72,210.57,494.28,73.15,40.39,CPN,Property,1710.110000000001
2021-11-10,140.53,161.97,302.5,-21.44,21.33,CPN,Property,1688.670000000001
2021-11-11,76.05,178.62,254.67,-102.57,24.06,CPN,Property,1586.100000000001
2021-11-12,219.59,86.02,305.6,133.57,23.79,CPN,Property,1719.670000000001
2021-11-15,192.96,87.18,280.15,105.78,24.21,CPN,Property,1825.450000000001
2021-11-16,157.36,54.88,212.24,102.48,28.97,CPN,Property,1927.930000000001
2021-11-17,122.19,129.02,251.21,-6.83,36.06,CPN,Property,1921.100000000001
2021-11-18,149.01,95.99,245.0,53.03,45.27,CPN,Property,1974.130000000001
2021-11-19,214.05,119.19,333.24,94.86,32.96,CPN,Property,2068.990000000001
2021-11-22,78.47,57.95,136.42,20.53,24.04,CPN,Property,2089.5200000000013
2021-11-23,154.26,163.32,317.58,-9.06,31.21,CPN,Property,2080.4600000000014
2021-11-24,73.4,96.7,170.1,-23.3,24.88,CPN,Property,2057.160000000001
2021-11-25,228.77,119.49,348.26,109.27,27.77,CPN,Property,2166.430000000001
2021-11-26,217.55,261.91,479.46,-44.36,35.47,CPN,Property,2122.070000000001
2021-11-29,605.98,310.75,916.73,295.24,36.72,CPN,Property,2417.3100000000013
2021-11-30,718.41,553.4,1271.81,165.02,45.34,CPN,Property,2582.3300000000013
2021-12-01,238.0,434.58,672.58,-196.58,28.52,CPN,Property,2385.7500000000014
2021-12-02,128.04,185.69,313.73,-57.65,38.21,CPN,Property,2328.1000000000013
2021-12-03,64.62,87.68,152.3,-23.06,35.27,CPN,Property,2305.0400000000013
2021-12-07,189.12,258.88,448.0,-69.75,28.49,CPN,Property,2235.2900000000013
2021-12-08,111.33,192.05,303.38,-80.72,36.38,CPN,Property,2154.5700000000015
2021-12-09,80.78,56.13,136.91,24.64,31.13,CPN,Property,2179.2100000000014
2021-12-13,305.86,234.24,540.1,71.62,49.62,CPN,Property,2250.8300000000013
2021-12-14,188.82,200.03,388.85,-11.22,44.9,CPN,Property,2239.6100000000015
2021-12-15,68.86,136.16,205.02,-67.29,38.92,CPN,Property,2172.3200000000015
2021-12-16,212.65,130.78,343.43,81.87,39.96,CPN,Property,2254.1900000000014
2021-12-17,290.25,288.05,578.31,2.2,39.79,CPN,Property,2256.3900000000012
2021-12-20,104.25,110.89,215.14,-6.64,24.36,CPN,Property,2249.7500000000014
2021-12-21,132.79,112.95,245.73,19.84,32.86,CPN,Property,2269.5900000000015
2021-12-22,40.15,86.82,126.97,-46.67,28.16,CPN,Property,2222.9200000000014
2021-12-23,117.0,107.72,224.73,9.28,31.23,CPN,Property,2232.2000000000016
2021-12-24,53.95,47.23,101.18,6.73,18.14,CPN,Property,2238.9300000000017
2021-12-27,82.9,53.66,136.55,29.24,41.16,CPN,Property,2268.1700000000014
2021-12-28,89.01,63.79,152.8,25.23,40.58,CPN,Property,2293.4000000000015
2021-12-29,142.81,60.46,203.27,82.36,49.52,CPN,Property,2375.7600000000016
2021-12-30,123.55,107.26,230.81,16.3,32.32,CPN,Property,2392.0600000000018
2022-01-04,233.13,101.09,334.22,132.05,34.72,CPN,Property,2524.110000000002
2022-01-05,163.71,96.45,260.16,67.25,24.84,CPN,Property,2591.360000000002
2022-01-06,393.03,291.04,684.08,101.99,37.18,CPN,Property,2693.3500000000017
2022-01-07,299.85,225.09,524.94,74.76,35.03,CPN,Property,2768.110000000002
2022-01-10,178.64,92.7,271.34,85.94,32.78,CPN,Property,2854.050000000002
2022-01-11,111.79,131.5,243.29,-19.71,27.38,CPN,Property,2834.340000000002
2022-01-12,85.38,128.9,214.28,-43.52,26.83,CPN,Property,2790.820000000002
2022-01-13,98.89,63.88,162.77,35.02,36.82,CPN,Property,2825.840000000002
2022-01-14,56.08,54.97,111.05,1.1,39.27,CPN,Property,2826.940000000002
2022-01-17,239.18,163.21,402.39,75.96,30.86,CPN,Property,2902.900000000002
2022-01-18,197.78,145.49,343.27,52.3,30.26,CPN,Property,2955.200000000002
2022-01-19,152.55,78.12,230.68,74.43,27.34,CPN,Property,3029.630000000002
2022-01-20,287.81,122.75,410.56,165.06,27.68,CPN,Property,3194.690000000002
2022-01-21,340.51,109.93,450.44,230.58,35.02,CPN,Property,3425.270000000002
2022-01-24,221.86,60.85,282.71,161.01,24.88,CPN,Property,3586.2800000000016
2022-01-25,398.38,230.31,628.7,168.07,30.43,CPN,Property,3754.3500000000017
2022-01-26,300.33,84.08,384.41,216.25,25.22,CPN,Property,3970.6000000000017
2022-01-27,212.69,220.48,433.17,-7.79,36.25,CPN,Property,3962.8100000000018
2022-01-28,129.65,326.75,456.4,-197.1,28.13,CPN,Property,3765.710000000002
2022-01-31,122.64,138.33,260.98,-15.69,25.99,CPN,Property,3750.020000000002
2022-02-01,67.9,87.69,155.58,-19.79,38.14,CPN,Property,3730.230000000002
2022-02-02,78.82,84.32,163.15,-5.5,34.65,CPN,Property,3724.730000000002
2022-02-03,42.09,40.2,82.29,1.89,38.45,CPN,Property,3726.6200000000017
2022-02-04,180.59,149.84,330.44,30.75,33.52,CPN,Property,3757.3700000000017
2022-02-07,193.38,325.82,519.2,-132.44,32.53,CPN,Property,3624.9300000000017
2022-02-08,269.19,384.1,653.29,-114.91,33.94,CPN,Property,3510.020000000002
2022-02-09,481.09,465.17,946.26,15.92,27.46,CPN,Property,3525.940000000002
2022-02-10,175.86,248.62,424.49,-72.76,28.78,CPN,Property,3453.1800000000017
2022-02-11,234.36,128.25,362.61,106.1,33.89,CPN,Property,3559.2800000000016
2022-02-14,264.08,117.52,381.6,146.55,34.55,CPN,Property,3705.8300000000017
2022-02-15,196.36,93.1,289.46,103.26,37.6,CPN,Property,3809.090000000002
2022-02-17,189.34,150.45,339.8,38.89,36.34,CPN,Property,3847.980000000002
2022-02-18,107.7,124.14,231.85,-16.44,35.49,CPN,Property,3831.540000000002
2022-02-21,116.89,83.88,200.77,33.01,30.69,CPN,Property,3864.550000000002
2022-02-22,225.2,309.58,534.78,-84.38,33.06,CPN,Property,3780.170000000002
2022-02-23,160.3,154.06,314.36,6.25,24.5,CPN,Property,3786.420000000002
2022-02-24,178.41,257.81,436.22,-79.4,26.23,CPN,Property,3707.020000000002
2022-02-25,183.58,81.06,264.64,102.52,27.16,CPN,Property,3809.540000000002
2022-02-28,225.49,318.71,544.2,-93.23,44.8,CPN,Property,3716.3100000000018
2022-03-01,135.8,181.75,317.56,-45.95,24.83,CPN,Property,3670.360000000002
2022-03-02,91.04,147.19,238.23,-56.15,33.71,CPN,Property,3614.210000000002
2022-03-03,185.91,152.47,338.38,33.43,41.41,CPN,Property,3647.6400000000017
2022-03-04,95.78,299.24,395.02,-203.46,36.16,CPN,Property,3444.1800000000017
2022-03-07,189.08,410.71,599.79,-221.64,30.18,CPN,Property,3222.540000000002
2022-03-08,190.36,264.68,455.04,-74.32,35.09,CPN,Property,3148.2200000000016
2022-03-09,161.0,167.2,328.2,-6.21,35.26,CPN,Property,3142.0100000000016
2022-03-10,166.91,132.14,299.05,34.78,31.56,CPN,Property,3176.790000000002
2022-03-11,93.74,115.89,209.63,-22.16,38.76,CPN,Property,3154.630000000002
2022-03-14,107.41,116.08,223.48,-8.67,36.74,CPN,Property,3145.960000000002
2022-03-15,89.88,60.74,150.62,29.13,36.12,CPN,Property,3175.090000000002
2022-03-16,131.83,102.76,234.59,29.07,25.9,CPN,Property,3204.160000000002
2022-03-17,202.12,149.73,351.85,52.39,39.58,CPN,Property,3256.550000000002
2022-03-18,229.74,212.87,442.61,16.88,32.51,CPN,Property,3273.430000000002
2022-03-21,129.18,106.67,235.84,22.51,32.76,CPN,Property,3295.9400000000023
2022-03-22,144.39,71.5,215.89,72.89,31.53,CPN,Property,3368.830000000002
2022-03-23,200.59,138.08,338.67,62.51,22.38,CPN,Property,3431.3400000000024
2022-03-24,234.47,157.7,392.17,76.77,36.35,CPN,Property,3508.1100000000024
2022-03-25,144.25,168.21,312.46,-23.96,40.29,CPN,Property,3484.1500000000024
2022-03-28,140.72,105.83,246.55,34.88,37.66,CPN,Property,3519.0300000000025
2022-03-29,604.78,343.66,948.44,261.12,44.52,CPN,Property,3780.1500000000024
2022-03-30,1185.27,604.39,1789.66,580.88,34.8,CPN,Property,4361.0300000000025
2022-03-31,287.74,303.62,591.36,-15.89,38.82,CPN,Property,4345.140000000002
2022-04-01,166.43,277.26,443.69,-110.83,34.01,CPN,Property,4234.310000000002
2022-04-04,146.14,176.83,322.97,-30.69,42.61,CPN,Property,4203.620000000003
2022-04-05,95.25,68.71,163.96,26.54,26.36,CPN,Property,4230.160000000003
2022-04-07,200.36,165.37,365.73,34.99,36.21,CPN,Property,4265.150000000002
2022-04-08,428.36,477.51,905.87,-49.16,31.01,CPN,Property,4215.9900000000025
2022-04-11,110.31,303.21,413.52,-192.9,22.78,CPN,Property,4023.0900000000024
2022-04-12,247.29,288.74,536.02,-41.45,27.62,CPN,Property,3981.6400000000026
2022-04-18,483.69,339.73,823.42,143.96,43.95,CPN,Property,4125.600000000002
2022-04-19,486.28,330.54,816.82,155.75,43.0,CPN,Property,4281.350000000002
2022-04-20,111.23,170.18,281.41,-58.96,34.08,CPN,Property,4222.390000000002
2022-04-21,169.36,181.84,351.2,-12.48,37.21,CPN,Property,4209.910000000003
2022-04-22,261.79,142.39,404.18,119.4,38.89,CPN,Property,4329.310000000002
2022-04-25,173.56,159.86,333.42,13.71,42.14,CPN,Property,4343.020000000002
2022-04-26,345.4,248.78,594.18,96.63,48.0,CPN,Property,4439.650000000002
2022-04-27,204.12,156.54,360.65,47.58,41.74,CPN,Property,4487.230000000002
2022-04-28,122.32,146.97,269.28,-24.65,34.02,CPN,Property,4462.580000000003
2022-04-29,271.98,250.56,522.54,21.43,39.66,CPN,Property,4484.010000000003
2022-05-03,400.83,364.97,765.8,35.86,45.22,CPN,Property,4519.870000000003
2022-05-05,557.72,440.05,997.76,117.67,44.87,CPN,Property,4637.540000000003
2022-05-06,345.83,324.64,670.46,21.19,51.81,CPN,Property,4658.730000000002
2022-05-09,235.59,144.6,380.18,90.99,34.05,CPN,Property,4749.720000000002
2022-05-10,251.43,332.9,584.33,-81.47,43.53,CPN,Property,4668.250000000002
2022-05-11,226.8,231.45,458.24,-4.65,43.08,CPN,Property,4663.600000000002
2022-05-12,378.52,314.85,693.38,63.67,39.24,CPN,Property,4727.270000000002
2022-05-13,584.43,573.71,1158.14,10.72,33.52,CPN,Property,4737.9900000000025
2022-05-17,295.48,254.4,549.88,41.09,45.06,CPN,Property,4779.080000000003
2022-05-18,183.57,169.62,353.2,13.95,42.04,CPN,Property,4793.0300000000025
2022-05-19,203.16,155.5,358.66,47.66,37.15,CPN,Property,4840.690000000002
2022-05-20,188.6,263.0,451.6,-74.41,38.11,CPN,Property,4766.2800000000025
2022-05-23,268.16,341.81,609.96,-73.65,52.29,CPN,Property,4692.630000000003
2022-05-24,54.63,61.44,116.07,-6.81,32.74,CPN,Property,4685.820000000002
2022-05-25,210.49,135.04,345.53,75.46,34.03,CPN,Property,4761.2800000000025
2022-05-26,262.43,102.81,365.24,159.62,32.2,CPN,Property,4920.900000000002
2022-05-27,110.72,110.04,220.76,0.68,41.42,CPN,Property,4921.580000000003
2022-05-30,560.24,342.65,902.9,217.59,48.14,CPN,Property,5139.170000000003
2022-05-31,522.1,571.22,1093.33,-49.12,50.31,CPN,Property,5090.050000000003
2022-06-01,127.33,133.24,260.57,-5.91,45.56,CPN,Property,5084.140000000003
2022-06-02,168.26,165.43,333.7,2.83,39.06,CPN,Property,5086.970000000003
2022-06-06,126.46,211.19,337.65,-84.73,42.26,CPN,Property,5002.240000000003
2022-06-07,90.13,172.49,262.62,-82.36,31.83,CPN,Property,4919.880000000004
2022-06-08,204.56,147.76,352.32,56.81,37.16,CPN,Property,4976.690000000004
2022-06-09,350.05,219.56,569.61,130.48,39.95,CPN,Property,5107.170000000004
2022-06-10,85.91,151.6,237.52,-65.69,45.24,CPN,Property,5041.480000000004
2022-06-13,155.74,177.65,333.39,-21.91,38.19,CPN,Property,5019.570000000004
2022-06-14,132.9,207.27,340.16,-74.37,39.83,CPN,Property,4945.200000000004
2022-06-15,149.05,148.97,298.03,0.08,34.36,CPN,Property,4945.280000000004
2022-06-16,240.76,356.38,597.14,-115.62,49.49,CPN,Property,4829.660000000004
2022-06-17,292.91,303.37,596.28,-10.46,43.05,CPN,Property,4819.200000000004
2022-06-20,94.41,134.36,228.77,-39.96,41.01,CPN,Property,4779.240000000004
2022-06-21,85.16,103.13,188.3,-17.97,39.25,CPN,Property,4761.270000000004
2022-06-22,82.69,240.13,322.81,-157.44,30.01,CPN,Property,4603.8300000000045
2022-06-23,137.15,151.79,288.93,-14.64,31.81,CPN,Property,4589.190000000004
2022-06-24,90.0,126.5,216.51,-36.5,30.84,CPN,Property,4552.690000000004
2022-06-27,103.42,123.72,227.14,-20.3,40.33,CPN,Property,4532.390000000004
2022-06-28,260.26,248.93,509.19,11.34,29.56,CPN,Property,4543.730000000004
2022-06-29,207.12,121.69,328.82,85.43,41.1,CPN,Property,4629.160000000004
2022-06-30,388.72,296.55,685.27,92.18,38.75,CPN,Property,4721.340000000005
2022-07-01,123.32,126.5,249.82,-3.18,39.09,CPN,Property,4718.160000000004
2022-07-04,131.19,97.39,228.58,33.8,41.21,CPN,Property,4751.960000000005
2022-07-05,174.21,142.79,317.0,31.42,39.56,CPN,Property,4783.380000000005
2022-07-06,140.64,85.41,226.05,55.23,30.66,CPN,Property,4838.610000000004
2022-07-07,220.8,282.78,503.57,-61.98,27.45,CPN,Property,4776.630000000005
2022-07-08,321.97,157.13,479.1,164.84,35.08,CPN,Property,4941.470000000005
2022-07-11,120.99,83.53,204.52,37.46,34.52,CPN,Property,4978.930000000005
2022-07-12,106.0,62.82,168.81,43.18,37.71,CPN,Property,5022.110000000005
2022-07-14,166.14,113.94,280.09,52.2,41.65,CPN,Property,5074.310000000005
2022-07-15,270.31,170.57,440.88,99.75,46.93,CPN,Property,5174.060000000005
2022-07-18,102.48,96.66,199.14,5.82,41.86,CPN,Property,5179.880000000005
2022-07-19,102.42,162.89,265.31,-60.47,43.1,CPN,Property,5119.410000000004
2022-07-20,218.55,229.78,448.33,-11.23,39.25,CPN,Property,5108.180000000005
2022-07-21,219.27,187.98,407.25,31.29,37.21,CPN,Property,5139.470000000005
2022-07-22,144.76,144.47,289.23,0.29,26.95,CPN,Property,5139.760000000005
2022-07-25,184.29,126.77,311.05,57.52,37.12,CPN,Property,5197.280000000005
2022-07-26,202.95,201.33,404.28,1.62,45.19,CPN,Property,5198.900000000005
2022-07-27,217.51,145.51,363.02,72.0,28.58,CPN,Property,5270.900000000005
2022-08-01,416.23,505.86,922.09,-89.63,29.88,CPN,Property,5181.270000000005
2022-08-02,126.67,223.99,350.66,-97.32,29.13,CPN,Property,5083.950000000005
2022-08-03,303.25,246.94,550.19,56.31,49.65,CPN,Property,5140.260000000006
2022-08-04,163.35,85.66,249.01,77.69,43.08,CPN,Property,5217.950000000005
2022-08-05,219.6,77.86,297.46,141.74,34.85,CPN,Property,5359.690000000005
2022-08-08,331.03,213.32,544.35,117.7,55.21,CPN,Property,5477.390000000005
2022-08-09,169.33,127.91,297.24,41.41,38.41,CPN,Property,5518.800000000005
2022-08-10,314.13,183.36,497.48,130.77,43.05,CPN,Property,5649.570000000005
2022-08-11,196.61,171.53,368.14,25.08,50.63,CPN,Property,5674.650000000005
2022-08-15,291.25,283.58,574.83,7.68,49.14,CPN,Property,5682.330000000005
2022-08-16,291.99,163.81,455.8,128.18,38.19,CPN,Property,5810.510000000006
2022-08-17,177.82,110.37,288.19,67.45,36.04,CPN,Property,5877.9600000000055
2022-08-18,135.02,80.4,215.41,54.62,43.44,CPN,Property,5932.580000000005
2022-08-19,150.6,158.77,309.37,-8.17,33.58,CPN,Property,5924.410000000005
2022-08-22,92.2,90.77,182.97,1.43,37.18,CPN,Property,5925.840000000006
2022-08-23,160.32,147.65,307.97,12.68,28.17,CPN,Property,5938.520000000006
2022-08-24,89.77,224.59,314.36,-134.82,31.87,CPN,Property,5803.700000000006
2022-08-25,186.8,201.67,388.47,-14.87,52.06,CPN,Property,5788.830000000006
2022-08-26,144.0,139.91,283.91,4.09,16.93,CPN,Property,5792.920000000006
2022-08-29,333.6,230.21,563.81,103.39,32.42,CPN,Property,5896.310000000007
2022-08-30,314.27,271.24,585.5,43.03,28.87,CPN,Property,5939.3400000000065
2022-08-31,516.22,490.64,1006.87,25.58,40.54,CPN,Property,5964.920000000006
2022-09-01,216.96,300.71,517.67,-83.75,33.96,CPN,Property,5881.170000000006
2022-09-02,219.99,265.64,485.63,-45.64,35.72,CPN,Property,5835.530000000006
2022-09-05,141.3,157.69,298.98,-16.39,25.83,CPN,Property,5819.140000000006
2022-09-06,373.14,164.33,537.46,208.81,34.11,CPN,Property,6027.950000000006
2022-09-07,318.27,222.49,540.77,95.78,45.47,CPN,Property,6123.730000000006
2022-09-08,200.03,157.47,357.5,42.56,27.38,CPN,Property,6166.290000000006
2022-09-09,147.87,112.57,260.44,35.3,32.05,CPN,Property,6201.5900000000065
2022-09-12,102.75,190.98,293.73,-88.23,29.05,CPN,Property,6113.360000000007
2022-09-13,174.53,149.17,323.7,25.36,40.96,CPN,Property,6138.720000000007
2022-09-14,144.18,116.82,261.0,27.36,27.23,CPN,Property,6166.080000000006
2022-09-15,238.49,175.16,413.66,63.33,30.03,CPN,Property,6229.410000000006
2022-09-16,685.81,649.29,1335.1,36.53,56.34,CPN,Property,6265.940000000006
2022-09-19,134.76,78.79,213.56,55.97,41.06,CPN,Property,6321.910000000006
2022-09-20,159.28,197.74,357.02,-38.46,41.39,CPN,Property,6283.450000000006
2022-09-21,104.3,326.69,431.0,-222.39,39.76,CPN,Property,6061.060000000006
2022-09-22,232.15,167.83,399.98,64.31,35.47,CPN,Property,6125.370000000006
2022-09-23,212.46,218.43,430.89,-5.97,25.42,CPN,Property,6119.400000000006
2022-09-26,237.6,190.0,427.61,47.6,41.95,CPN,Property,6167.000000000006
2022-09-27,280.21,209.42,489.63,70.79,40.63,CPN,Property,6237.790000000006
2022-09-28,224.07,223.26,447.33,0.81,50.39,CPN,Property,6238.600000000007
2022-09-29,197.9,302.88,500.78,-104.98,38.75,CPN,Property,6133.620000000007
2022-09-30,396.27,408.41,804.68,-12.14,45.84,CPN,Property,6121.480000000007
2022-10-03,475.32,226.85,702.17,248.47,29.67,CPN,Property,6369.950000000007
2022-10-04,256.51,316.32,572.83,-59.81,33.71,CPN,Property,6310.140000000007
2022-10-05,161.65,163.44,325.08,-1.79,32.89,CPN,Property,6308.350000000007
2022-10-06,220.18,236.05,456.23,-15.87,37.8,CPN,Property,6292.480000000007
2022-10-07,210.44,137.71,348.15,72.73,44.02,CPN,Property,6365.210000000006
2022-10-10,164.28,164.1,328.39,0.18,48.12,CPN,Property,6365.390000000007
2022-10-11,241.16,188.34,429.49,52.82,30.78,CPN,Property,6418.210000000006
2022-10-12,174.42,202.96,377.38,-28.54,42.5,CPN,Property,6389.670000000006
2022-10-17,295.84,421.22,717.05,-125.38,34.44,CPN,Property,6264.290000000006
2022-10-18,199.14,280.53,479.67,-81.39,26.14,CPN,Property,6182.900000000006
2022-10-19,113.99,119.08,233.07,-5.09,37.3,CPN,Property,6177.810000000006
2022-10-20,252.03,221.31,473.34,30.72,49.91,CPN,Property,6208.530000000006
2022-10-21,100.37,290.05,390.42,-189.68,43.72,CPN,Property,6018.850000000006
2022-10-25,208.22,210.37,418.59,-2.14,39.27,CPN,Property,6016.7100000000055
2022-10-26,203.94,211.33,415.26,-7.39,29.1,CPN,Property,6009.320000000005
2022-10-27,170.08,150.98,321.07,19.1,35.19,CPN,Property,6028.4200000000055
2022-10-28,147.49,101.47,248.96,46.03,37.57,CPN,Property,6074.450000000005
2022-10-31,189.04,208.06,397.09,-19.02,43.55,CPN,Property,6055.430000000005
2022-11-01,161.98,133.25,295.24,28.73,24.79,CPN,Property,6084.160000000004
2022-11-02,440.77,151.5,592.27,289.27,29.74,CPN,Property,6373.430000000004
2022-11-03,171.58,126.56,298.14,45.03,25.11,CPN,Property,6418.460000000004
2022-11-04,432.17,474.29,906.46,-42.11,51.48,CPN,Property,6376.350000000004
2022-11-07,312.05,228.62,540.67,83.43,47.57,CPN,Property,6459.780000000004
2022-11-08,237.44,185.12,422.56,52.31,32.79,CPN,Property,6512.090000000005
2022-11-09,161.82,140.59,302.41,21.22,31.56,CPN,Property,6533.310000000005
2022-11-10,268.57,158.38,426.95,110.2,33.72,CPN,Property,6643.510000000005
2022-11-11,453.74,199.26,653.01,254.48,30.24,CPN,Property,6897.990000000004
2022-11-14,284.28,251.91,536.19,32.37,33.3,CPN,Property,6930.360000000004
2022-11-15,238.48,208.19,446.66,30.29,48.17,CPN,Property,6960.650000000004
2022-11-16,194.48,177.49,371.97,17.0,42.22,CPN,Property,6977.650000000004
2022-11-17,207.19,125.31,332.49,81.88,33.73,CPN,Property,7059.530000000004
2022-11-18,163.03,98.67,261.7,64.36,36.56,CPN,Property,7123.890000000004
2022-11-21,109.41,139.43,248.84,-30.02,38.2,CPN,Property,7093.8700000000035
2022-11-22,179.14,191.18,370.32,-12.03,45.4,CPN,Property,7081.840000000004
2022-11-23,131.77,163.03,294.8,-31.27,48.9,CPN,Property,7050.570000000003
2022-11-24,116.52,103.33,219.85,13.19,45.02,CPN,Property,7063.760000000003
2022-11-25,69.99,114.47,184.46,-44.47,36.71,CPN,Property,7019.290000000003
2022-11-28,140.39,78.59,218.98,61.8,33.43,CPN,Property,7081.090000000003
2022-11-29,332.0,183.59,515.59,148.4,40.82,CPN,Property,7229.4900000000025
2022-11-30,961.26,644.72,1605.98,316.54,38.78,CPN,Property,7546.0300000000025
2022-12-01,246.45,185.36,431.82,61.09,25.71,CPN,Property,7607.120000000003
2022-12-02,170.05,191.74,361.79,-21.69,26.68,CPN,Property,7585.430000000003
2022-12-06,412.76,398.51,811.27,14.25,41.12,CPN,Property,7599.680000000003
2022-12-07,218.31,160.99,379.29,57.32,32.85,CPN,Property,7657.000000000003
2022-12-08,120.84,61.08,181.92,59.76,40.23,CPN,Property,7716.760000000003
2022-12-09,209.53,143.35,352.88,66.18,37.99,CPN,Property,7782.940000000003
2022-12-13,211.68,140.65,352.33,71.03,44.4,CPN,Property,7853.970000000003
2022-12-14,247.81,126.08,373.89,121.73,31.59,CPN,Property,7975.700000000003
2022-12-15,254.47,121.74,376.21,132.73,25.53,CPN,Property,8108.430000000002
2022-12-16,326.53,175.37,501.9,151.16,41.41,CPN,Property,8259.590000000002
2022-12-19,70.11,94.44,164.55,-24.33,40.81,CPN,Property,8235.260000000002
2022-12-20,144.08,205.36,349.44,-61.27,40.19,CPN,Property,8173.990000000002
2022-12-21,299.14,211.37,510.51,87.76,24.82,CPN,Property,8261.750000000002
2022-12-22,193.14,62.45,255.59,130.69,27.85,CPN,Property,8392.440000000002
2022-12-23,151.46,164.63,316.09,-13.16,23.35,CPN,Property,8379.280000000002
2022-12-26,45.51,82.77,128.28,-37.26,31.23,CPN,Property,8342.020000000002
2022-12-27,254.82,121.14,375.96,133.68,24.0,CPN,Property,8475.700000000003
2022-12-28,331.01,186.5,517.51,144.52,39.62,CPN,Property,8620.220000000003
2022-12-29,384.06,185.96,570.02,198.1,44.19,CPN,Property,8818.320000000003
2022-12-30,341.32,148.63,489.95,192.69,37.13,CPN,Property,9011.010000000004
2023-01-03,333.99,90.26,424.25,243.73,40.73,CPN,Property,9254.740000000003
2023-01-04,248.29,122.47,370.77,125.82,37.03,CPN,Property,9380.560000000003
2023-01-05,248.92,263.18,512.1,-14.26,36.44,CPN,Property,9366.300000000003
2023-01-06,138.7,87.6,226.31,51.1,29.79,CPN,Property,9417.400000000003
2023-01-09,332.05,267.81,599.86,64.25,31.31,CPN,Property,9481.650000000003
2023-01-10,164.47,218.79,383.26,-54.32,25.9,CPN,Property,9427.330000000004
2023-01-11,219.28,123.14,342.41,96.14,34.37,CPN,Property,9523.470000000003
2023-01-12,138.05,238.15,376.21,-100.1,46.57,CPN,Property,9423.370000000003
2023-01-13,341.39,259.04,600.43,82.34,52.14,CPN,Property,9505.710000000003
2023-01-16,134.83,131.12,265.94,3.71,35.47,CPN,Property,9509.420000000002
2023-01-17,124.4,117.81,242.22,6.59,34.06,CPN,Property,9516.010000000002
2023-01-18,195.74,125.8,321.54,69.95,33.22,CPN,Property,9585.960000000003
2023-01-19,78.36,63.69,142.05,14.68,28.82,CPN,Property,9600.640000000003
2023-01-20,128.97,142.01,270.98,-13.03,34.11,CPN,Property,9587.610000000002
2023-01-23,86.85,78.51,165.36,8.34,23.29,CPN,Property,9595.950000000003
2023-01-24,55.87,39.32,95.18,16.55,17.44,CPN,Property,9612.500000000002
2023-01-25,88.86,65.39,154.25,23.47,29.31,CPN,Property,9635.970000000001
2023-01-26,85.45,177.84,263.28,-92.39,39.25,CPN,Property,9543.580000000002
2023-01-27,116.38,130.58,246.95,-14.2,36.65,CPN,Property,9529.380000000001
2023-01-30,235.76,227.05,462.81,8.71,25.64,CPN,Property,9538.09
2023-01-31,294.05,190.51,484.55,103.54,49.07,CPN,Property,9641.630000000001
2023-02-01,170.96,179.01,349.98,-8.05,40.56,CPN,Property,9633.580000000002
2023-02-02,123.87,133.63,257.5,-9.76,39.51,CPN,Property,9623.820000000002
2023-02-03,311.14,192.36,503.5,118.78,30.83,CPN,Property,9742.600000000002
2023-02-06,184.97,166.47,351.44,18.49,29.69,CPN,Property,9761.090000000002
2023-02-07,251.09,205.89,456.99,45.2,44.75,CPN,Property,9806.290000000003
2023-02-08,90.99,98.76,189.75,-7.78,27.56,CPN,Property,9798.510000000002
2023-02-09,133.25,368.05,501.3,-234.8,31.08,CPN,Property,9563.710000000003
2023-02-10,148.27,155.57,303.84,-7.3,38.05,CPN,Property,9556.410000000003
2023-02-13,158.11,149.41,307.53,8.7,35.97,CPN,Property,9565.110000000004
2023-02-14,162.08,117.16,279.24,44.92,30.06,CPN,Property,9610.030000000004
2023-02-15,168.72,150.15,318.86,18.57,36.45,CPN,Property,9628.600000000004
2023-02-16,83.91,64.61,148.52,19.31,29.11,CPN,Property,9647.910000000003
2023-02-17,190.82,144.55,335.37,46.27,41.93,CPN,Property,9694.180000000004
2023-02-20,101.41,154.64,256.05,-53.23,40.69,CPN,Property,9640.950000000004
2023-02-21,47.48,85.89,133.37,-38.41,29.91,CPN,Property,9602.540000000005
2023-02-22,34.08,75.53,109.61,-41.45,31.89,CPN,Property,9561.090000000004
2023-02-23,93.98,124.27,218.25,-30.29,33.21,CPN,Property,9530.800000000003
2023-02-24,259.33,190.44,449.77,68.89,18.35,CPN,Property,9599.690000000002
2023-02-27,242.38,230.78,473.16,11.6,42.92,CPN,Property,9611.290000000003
2023-02-28,450.71,258.95,709.66,191.75,52.37,CPN,Property,9803.040000000003
2023-03-01,173.11,239.45,412.57,-66.34,38.87,CPN,Property,9736.700000000003
2023-03-02,272.59,366.88,639.47,-94.28,43.03,CPN,Property,9642.420000000002
2023-03-03,351.75,453.53,805.28,-101.79,31.54,CPN,Property,9540.630000000001
2023-03-07,277.73,394.1,671.83,-116.37,44.22,CPN,Property,9424.26
2023-03-08,255.48,491.63,747.11,-236.15,46.39,CPN,Property,9188.11
2023-03-09,210.06,487.21,697.28,-277.15,38.38,CPN,Property,8910.960000000001
2023-03-10,144.44,349.16,493.6,-204.72,42.05,CPN,Property,8706.240000000002
2023-03-13,202.95,542.04,744.99,-339.09,41.58,CPN,Property,8367.150000000001
2023-03-14,157.7,320.62,478.32,-162.92,30.49,CPN,Property,8204.230000000001
2023-03-15,218.02,188.62,406.65,29.4,23.17,CPN,Property,8233.630000000001
2023-03-16,103.18,145.36,248.55,-42.18,31.7,CPN,Property,8191.450000000001
2023-03-17,226.86,394.3,621.16,-167.44,42.4,CPN,Property,8024.010000000001
2023-03-20,166.48,230.24,396.72,-63.76,28.72,CPN,Property,7960.250000000001
2023-03-21,111.28,149.25,260.53,-37.97,37.39,CPN,Property,7922.280000000001
2023-03-22,121.51,112.37,233.87,9.14,22.82,CPN,Property,7931.420000000001
2023-03-23,152.41,211.01,363.41,-58.6,26.88,CPN,Property,7872.820000000001
2023-03-24,95.2,333.57,428.76,-238.37,35.52,CPN,Property,7634.450000000001
2023-03-27,130.95,138.94,269.88,-7.99,32.64,CPN,Property,7626.460000000001
2023-03-28,182.6,322.01,504.61,-139.41,37.13,CPN,Property,7487.050000000001
2023-03-29,194.47,184.88,379.36,9.59,47.88,CPN,Property,7496.640000000001
2023-03-30,211.55,166.44,377.99,45.1,29.06,CPN,Property,7541.740000000002
2023-03-31,247.71,177.68,425.39,70.03,51.13,CPN,Property,7611.770000000001
2023-04-03,137.86,62.3,200.16,75.55,38.98,CPN,Property,7687.3200000000015
2023-04-04,172.25,90.29,262.54,81.97,41.26,CPN,Property,7769.290000000002
2023-04-05,242.08,198.94,441.02,43.13,40.49,CPN,Property,7812.420000000002
2023-04-07,90.6,95.71,186.31,-5.11,35.58,CPN,Property,7807.310000000002
2023-04-10,144.78,114.32,259.1,30.46,38.29,CPN,Property,7837.770000000002
2023-04-11,137.59,35.03,172.62,102.56,36.04,CPN,Property,7940.330000000003
2023-04-12,180.0,85.3,265.3,94.7,35.86,CPN,Property,8035.0300000000025
2023-04-17,251.77,129.8,381.56,121.97,38.4,CPN,Property,8157.000000000003
2023-04-18,68.4,95.86,164.26,-27.46,29.9,CPN,Property,8129.540000000003
2023-04-19,136.28,146.76,283.04,-10.48,39.0,CPN,Property,8119.060000000003
2023-04-20,241.58,188.87,430.45,52.72,47.92,CPN,Property,8171.780000000003
2023-04-21,71.94,142.09,214.03,-70.15,26.01,CPN,Property,8101.630000000004
2023-04-24,101.85,45.75,147.6,56.09,36.64,CPN,Property,8157.720000000004
2023-04-25,87.37,131.73,219.1,-44.36,39.87,CPN,Property,8113.360000000004
2023-04-26,124.17,94.66,218.83,29.51,38.96,CPN,Property,8142.870000000004
2023-04-27,98.43,90.04,188.47,8.39,37.96,CPN,Property,8151.260000000005
2023-04-28,177.28,284.08,461.36,-106.8,45.48,CPN,Property,8044.460000000005
2023-05-02,131.79,96.82,228.61,34.96,41.9,CPN,Property,8079.420000000005
2023-05-03,124.99,233.39,358.38,-108.39,32.25,CPN,Property,7971.030000000004
2023-05-08,236.25,177.75,413.99,58.5,27.47,CPN,Property,8029.530000000004
2023-05-09,90.15,187.39,277.54,-97.24,24.24,CPN,Property,7932.2900000000045
2023-05-10,69.24,157.46,226.7,-88.21,36.56,CPN,Property,7844.0800000000045
2023-05-11,97.25,121.66,218.92,-24.41,44.73,CPN,Property,7819.670000000005
2023-05-12,108.62,160.94,269.56,-52.32,42.5,CPN,Property,7767.350000000005
2023-05-15,224.97,297.85,522.83,-72.88,38.26,CPN,Property,7694.470000000005
2023-05-16,122.61,164.88,287.49,-42.26,43.06,CPN,Property,7652.210000000005
2023-05-17,144.72,214.14,358.86,-69.42,27.08,CPN,Property,7582.7900000000045
2023-05-18,175.52,370.81,546.33,-195.29,28.87,CPN,Property,7387.500000000005
2023-05-19,156.53,219.94,376.47,-63.4,28.5,CPN,Property,7324.100000000005
2023-05-22,312.61,342.87,655.48,-30.25,28.26,CPN,Property,7293.850000000005
2023-05-23,288.02,243.02,531.04,45.0,33.63,CPN,Property,7338.850000000005
2023-05-24,84.72,132.5,217.22,-47.78,29.46,CPN,Property,7291.070000000005
2023-05-25,114.04,205.13,319.18,-91.09,42.33,CPN,Property,7199.980000000005
2023-05-26,106.02,185.37,291.39,-79.36,49.02,CPN,Property,7120.620000000005
2023-05-29,175.56,305.05,480.62,-129.49,38.18,CPN,Property,6991.130000000006
2023-05-30,89.82,254.0,343.81,-164.18,31.07,CPN,Property,6826.950000000005
2023-05-31,867.62,623.77,1491.39,243.85,52.54,CPN,Property,7070.800000000006
2023-06-01,113.54,151.87,265.41,-38.33,39.97,CPN,Property,7032.470000000006
2023-06-02,197.29,148.16,345.45,49.12,29.85,CPN,Property,7081.590000000006
2023-06-06,237.23,95.41,332.65,141.82,50.52,CPN,Property,7223.410000000005
2023-06-07,328.09,270.96,599.06,57.13,71.01,CPN,Property,7280.540000000005
2023-06-08,302.63,223.78,526.41,78.86,49.04,CPN,Property,7359.400000000005
2023-06-09,138.33,149.98,288.31,-11.64,31.12,CPN,Property,7347.760000000005
2023-06-12,52.96,86.18,139.14,-33.22,39.71,CPN,Property,7314.5400000000045
2023-06-13,56.98,99.78,156.76,-42.81,36.84,CPN,Property,7271.730000000004
2023-06-14,131.07,115.13,246.2,15.94,30.67,CPN,Property,7287.670000000004
2023-06-15,47.61,81.5,129.1,-33.89,33.07,CPN,Property,7253.780000000003
2023-06-16,294.57,202.61,497.18,91.95,39.59,CPN,Property,7345.730000000003
2023-06-19,47.57,102.18,149.76,-54.61,47.52,CPN,Property,7291.1200000000035
2023-06-20,133.31,85.58,218.89,47.74,39.55,CPN,Property,7338.860000000003
2023-06-21,250.67,240.27,490.93,10.4,24.79,CPN,Property,7349.260000000003
2023-06-22,395.2,173.23,568.43,221.98,28.81,CPN,Property,7571.2400000000025
2023-06-23,223.72,110.26,333.98,113.46,26.29,CPN,Property,7684.700000000003
2023-06-26,144.74,139.3,284.05,5.44,22.05,CPN,Property,7690.140000000002
2023-06-27,182.46,152.84,335.3,29.62,22.52,CPN,Property,7719.760000000002
2023-06-28,224.74,175.58,400.33,49.16,42.86,CPN,Property,7768.920000000002
2023-06-29,297.4,194.93,492.32,102.47,39.27,CPN,Property,7871.390000000002
2023-06-30,327.27,198.21,525.48,129.06,30.05,CPN,Property,8000.450000000003
2023-07-03,84.2,202.34,286.54,-118.15,27.76,CPN,Property,7882.300000000003
2023-07-04,95.14,192.26,287.41,-97.12,29.44,CPN,Property,7785.180000000003
2023-07-05,71.75,61.55,133.31,10.2,30.34,CPN,Property,7795.380000000003
2023-07-06,107.88,135.43,243.31,-27.54,35.38,CPN,Property,7767.840000000003
2023-07-07,110.32,105.63,215.96,4.69,32.17,CPN,Property,7772.5300000000025
2023-07-10,97.27,132.22,229.49,-34.94,36.83,CPN,Property,7737.590000000003
2023-07-11,59.94,115.8,175.74,-55.86,35.47,CPN,Property,7681.730000000003
2023-07-12,189.0,111.11,300.11,77.88,30.76,CPN,Property,7759.610000000003
2023-07-13,225.88,279.27,505.15,-53.39,38.74,CPN,Property,7706.220000000003
2023-07-14,169.92,165.23,335.14,4.69,37.32,CPN,Property,7710.910000000003
2023-07-17,191.55,116.9,308.45,74.65,28.02,CPN,Property,7785.560000000002
2023-07-18,70.54,61.23,131.77,9.31,27.33,CPN,Property,7794.870000000003
2023-07-19,130.23,96.86,227.08,33.37,34.73,CPN,Property,7828.2400000000025
2023-07-20,143.11,99.73,242.84,43.38,26.27,CPN,Property,7871.620000000003
2023-07-21,144.82,46.85,191.67,97.97,30.34,CPN,Property,7969.590000000003
2023-07-24,70.12,104.73,174.85,-34.6,42.44,CPN,Property,7934.9900000000025
2023-07-25,117.43,88.37,205.8,29.06,42.61,CPN,Property,7964.050000000003
2023-07-26,66.65,45.86,112.51,20.79,43.69,CPN,Property,7984.840000000003
2023-07-27,193.74,150.3,344.04,43.43,29.08,CPN,Property,8028.270000000003
2023-07-31,180.24,215.66,395.91,-35.42,38.17,CPN,Property,7992.850000000003
2023-08-02,123.16,115.36,238.52,7.8,38.29,CPN,Property,8000.650000000003
2023-08-03,138.18,172.82,310.99,-34.64,33.88,CPN,Property,7966.010000000003
2023-08-04,164.89,260.69,425.58,-95.8,44.47,CPN,Property,7870.210000000003
2023-08-07,204.16,323.99,528.15,-119.84,45.76,CPN,Property,7750.370000000003
2023-08-08,154.95,236.79,391.74,-81.84,46.68,CPN,Property,7668.5300000000025
2023-08-09,122.39,159.75,282.14,-37.36,43.11,CPN,Property,7631.170000000003
2023-08-10,96.02,124.55,220.57,-28.54,35.62,CPN,Property,7602.630000000003
2023-08-11,154.03,145.68,299.72,8.35,31.86,CPN,Property,7610.980000000003
2023-08-15,68.82,122.92,191.74,-54.1,36.14,CPN,Property,7556.880000000003
2023-08-16,79.35,194.1,273.46,-114.75,28.61,CPN,Property,7442.130000000003
2023-08-17,224.2,298.77,522.97,-74.56,27.26,CPN,Property,7367.570000000002
2023-08-18,202.89,210.45,413.33,-7.56,32.7,CPN,Property,7360.010000000002
2023-08-21,148.92,158.43,307.34,-9.51,33.81,CPN,Property,7350.500000000002
2023-08-22,239.78,219.48,459.26,20.3,19.43,CPN,Property,7370.800000000002
2023-08-23,169.11,267.23,436.33,-98.12,21.62,CPN,Property,7272.680000000002
2023-08-24,114.94,240.52,355.46,-125.57,20.48,CPN,Property,7147.110000000002
2023-08-25,76.21,101.46,177.67,-25.25,43.1,CPN,Property,7121.860000000002
2023-08-28,182.78,71.07,253.85,111.7,35.2,CPN,Property,7233.560000000002
2023-08-29,200.41,142.45,342.86,57.97,26.37,CPN,Property,7291.5300000000025
2023-08-30,105.16,109.71,214.87,-4.55,42.91,CPN,Property,7286.980000000002
2023-08-31,253.37,297.38,550.74,-44.01,61.58,CPN,Property,7242.970000000002
2023-09-01,48.24,108.76,157.0,-60.53,37.79,CPN,Property,7182.440000000002
2023-09-04,57.95,80.93,138.88,-22.98,38.32,CPN,Property,7159.460000000003
2023-09-05,45.77,98.97,144.74,-53.2,44.2,CPN,Property,7106.260000000003
2023-09-06,38.78,74.25,113.04,-35.47,43.62,CPN,Property,7070.790000000003
2023-09-07,101.05,69.73,170.78,31.32,42.05,CPN,Property,7102.110000000002
2023-09-08,131.51,131.61,263.12,-0.1,36.14,CPN,Property,7102.010000000002
2023-09-11,201.09,87.35,288.45,113.74,25.78,CPN,Property,7215.750000000002
2023-09-12,123.39,91.17,214.56,32.22,25.97,CPN,Property,7247.970000000002
2023-09-13,81.27,71.44,152.71,9.84,35.17,CPN,Property,7257.810000000002
2023-09-14,158.92,122.85,281.77,36.06,34.19,CPN,Property,7293.870000000003
2023-09-15,299.46,268.66,568.12,30.79,39.18,CPN,Property,7324.660000000003
2023-09-18,46.39,99.5,145.89,-53.11,40.68,CPN,Property,7271.550000000003
2023-09-19,40.44,151.4,191.85,-110.96,30.43,CPN,Property,7160.590000000003
2023-09-20,156.46,146.4,302.86,10.06,44.68,CPN,Property,7170.650000000003
2023-09-21,79.32,125.41,204.73,-46.1,31.2,CPN,Property,7124.550000000003
2023-09-22,40.7,53.3,93.99,-12.6,30.72,CPN,Property,7111.950000000003
2023-09-25,81.43,140.94,222.37,-59.51,36.45,CPN,Property,7052.440000000002
2023-09-26,171.74,179.23,350.97,-7.49,53.71,CPN,Property,7044.950000000003
2023-09-27,183.5,149.09,332.59,34.42,36.27,CPN,Property,7079.370000000003
2023-09-28,188.58,178.08,366.67,10.5,39.3,CPN,Property,7089.870000000003
2023-09-29,283.35,98.29,381.64,185.06,37.08,CPN,Property,7274.930000000003
2023-10-02,318.08,158.79,476.87,159.29,32.84,CPN,Property,7434.220000000003
2023-10-03,119.84,173.79,293.63,-53.96,37.93,CPN,Property,7380.260000000003
2023-10-04,157.39,123.87,281.27,33.52,26.58,CPN,Property,7413.780000000003
2023-10-05,94.61,120.74,215.35,-26.13,33.52,CPN,Property,7387.650000000003
2023-10-06,118.05,185.77,303.82,-67.72,35.54,CPN,Property,7319.930000000003
2023-10-09,118.51,148.13,266.64,-29.63,27.81,CPN,Property,7290.300000000003
2023-10-10,73.78,156.51,230.28,-82.73,37.33,CPN,Property,7207.570000000003
2023-10-11,226.47,179.62,406.08,46.85,48.31,CPN,Property,7254.420000000004
2023-10-12,60.27,138.3,198.57,-78.04,35.85,CPN,Property,7176.380000000004
2023-10-16,177.78,121.46,299.24,56.31,30.75,CPN,Property,7232.690000000004
2023-10-17,89.94,105.19,195.12,-15.25,33.28,CPN,Property,7217.440000000004
2023-10-18,104.27,152.93,257.2,-48.66,42.12,CPN,Property,7168.780000000004
2023-10-19,85.18,106.07,191.25,-20.89,53.1,CPN,Property,7147.890000000004
2023-10-20,95.78,92.74,188.52,3.04,45.94,CPN,Property,7150.930000000004
2023-10-24,195.28,151.57,346.85,43.72,47.08,CPN,Property,7194.650000000004
2023-10-25,164.9,100.62,265.52,64.27,32.62,CPN,Property,7258.920000000005
2023-10-26,105.77,88.21,193.98,17.56,25.9,CPN,Property,7276.480000000005
2023-10-27,160.97,88.9,249.88,72.07,35.45,CPN,Property,7348.550000000005
2023-10-30,185.08,91.61,276.7,93.47,32.45,CPN,Property,7442.020000000005
2023-10-31,77.51,130.84,208.35,-53.33,30.1,CPN,Property,7388.690000000005
2023-11-01,53.19,51.21,104.4,1.98,31.09,CPN,Property,7390.670000000005
2023-11-02,129.45,115.56,245.01,13.89,25.25,CPN,Property,7404.560000000005
2023-11-03,129.24,88.61,217.84,40.63,26.52,CPN,Property,7445.190000000005
2023-11-06,291.94,302.23,594.17,-10.29,56.91,CPN,Property,7434.900000000005
2023-11-07,240.35,197.55,437.89,42.8,58.75,CPN,Property,7477.700000000005
2023-11-08,164.48,134.41,298.89,30.07,50.49,CPN,Property,7507.770000000005
2023-11-09,165.75,146.48,312.23,19.26,24.64,CPN,Property,7527.030000000005
2023-11-10,120.64,282.08,402.72,-161.44,20.03,CPN,Property,7365.590000000006
2023-11-13,163.85,276.99,440.83,-113.14,25.73,CPN,Property,7252.450000000005
2023-11-14,181.13,219.67,400.79,-38.54,28.8,CPN,Property,7213.910000000005
2023-11-15,194.55,151.35,345.91,43.2,32.52,CPN,Property,7257.110000000005
2023-11-16,246.76,124.81,371.56,121.95,40.67,CPN,Property,7379.060000000005
2023-11-17,189.82,80.69,270.51,109.13,45.03,CPN,Property,7488.190000000005
2023-11-20,324.37,103.37,427.74,220.99,36.62,CPN,Property,7709.180000000005
2023-11-21,238.02,162.23,400.25,75.79,36.89,CPN,Property,7784.970000000005
2023-11-22,149.02,43.61,192.64,105.41,36.91,CPN,Property,7890.380000000005
2023-11-23,179.5,62.17,241.67,117.33,35.36,CPN,Property,8007.710000000005
2023-11-24,123.39,86.93,210.33,36.46,30.83,CPN,Property,8044.170000000005
2023-11-27,221.11,203.9,425.0,17.21,46.56,CPN,Property,8061.380000000005
2023-11-28,205.67,133.0,338.67,72.66,43.94,CPN,Property,8134.0400000000045
2023-11-29,168.89,170.79,339.69,-1.9,33.25,CPN,Property,8132.140000000005
2023-11-30,420.59,405.69,826.28,14.89,49.85,CPN,Property,8147.030000000005
2023-12-01,82.46,158.95,241.42,-76.49,40.39,CPN,Property,8070.540000000005
2023-12-04,130.83,205.45,336.28,-74.62,23.16,CPN,Property,7995.9200000000055
2023-12-06,191.69,68.15,259.83,123.54,39.55,CPN,Property,8119.4600000000055
2023-12-07,274.73,122.76,397.49,151.97,29.46,CPN,Property,8271.430000000006
2023-12-08,158.42,49.58,208.0,108.84,44.68,CPN,Property,8380.270000000006
2023-12-12,247.79,194.39,442.18,53.39,48.59,CPN,Property,8433.660000000005
2023-12-13,158.24,89.01,247.25,69.23,39.27,CPN,Property,8502.890000000005
2023-12-14,338.77,76.62,415.39,262.15,28.88,CPN,Property,8765.040000000005
2023-12-15,798.83,949.73,1748.56,-150.9,43.16,CPN,Property,8614.140000000005
2023-12-18,159.07,182.12,341.19,-23.06,42.66,CPN,Property,8591.080000000005
2023-12-19,124.75,116.48,241.24,8.27,30.22,CPN,Property,8599.350000000006
2023-12-20,126.89,60.95,187.83,65.94,36.96,CPN,Property,8665.290000000006
2023-12-21,144.27,121.68,265.95,22.59,45.05,CPN,Property,8687.880000000006
2023-12-22,88.16,115.66,203.82,-27.49,37.08,CPN,Property,8660.390000000007
2023-12-25,59.01,105.48,164.49,-46.47,19.04,CPN,Property,8613.920000000007
2023-12-26,348.88,81.56,430.44,267.32,43.62,CPN,Property,8881.240000000007
2023-12-27,479.75,194.05,673.8,285.7,42.45,CPN,Property,9166.940000000008
2023-12-28,461.22,178.7,639.93,282.52,40.4,CPN,Property,9449.460000000008
2024-01-02,142.56,331.53,474.09,-188.97,17.68,CPN,Property,9260.490000000009
2024-01-03,145.29,158.34,303.63,-13.05,23.99,CPN,Property,9247.44000000001
2024-01-04,237.5,145.59,383.09,91.9,22.94,CPN,Property,9339.34000000001
2024-01-05,186.97,216.21,403.18,-29.24,19.22,CPN,Property,9310.10000000001
2024-01-08,374.47,255.79,630.26,118.69,40.54,CPN,Property,9428.79000000001
2024-01-09,202.36,108.68,311.04,93.68,24.6,CPN,Property,9522.47000000001
2024-01-10,127.57,115.78,243.34,11.79,28.55,CPN,Property,9534.260000000011
2024-01-11,196.17,68.64,264.81,127.52,29.92,CPN,Property,9661.780000000012
2024-01-12,131.35,159.84,291.19,-28.48,23.62,CPN,Property,9633.300000000012
2024-01-15,59.22,22.28,81.51,36.94,14.47,CPN,Property,9670.240000000013
2024-01-16,234.46,351.32,585.79,-116.86,36.27,CPN,Property,9553.380000000012
2024-01-17,252.9,500.86,753.76,-247.96,43.1,CPN,Property,9305.420000000013
2024-01-18,194.44,206.41,400.85,-11.97,24.64,CPN,Property,9293.450000000013
2024-01-19,197.98,117.84,315.83,80.14,55.65,CPN,Property,9373.590000000013
2024-01-22,396.0,326.2,722.2,69.8,49.58,CPN,Property,9443.390000000012
2024-01-23,133.91,169.24,303.15,-35.33,49.69,CPN,Property,9408.060000000012
2024-01-24,143.03,174.39,317.42,-31.36,35.93,CPN,Property,9376.700000000012
2024-01-25,204.65,395.75,600.4,-191.1,36.64,CPN,Property,9185.600000000011
2024-01-26,228.32,82.29,310.62,146.03,30.44,CPN,Property,9331.630000000012
2024-01-29,109.43,66.5,175.93,42.92,41.41,CPN,Property,9374.550000000012
2024-01-30,190.55,82.24,272.8,108.31,23.64,CPN,Property,9482.860000000011
2024-01-31,210.05,93.3,303.35,116.74,23.82,CPN,Property,9599.600000000011
2024-02-01,94.6,141.83,236.43,-47.23,31.21,CPN,Property,9552.370000000012
2024-02-02,68.02,56.13,124.16,11.89,33.16,CPN,Property,9564.260000000011
2024-02-05,282.61,365.43,648.03,-82.82,36.87,CPN,Property,9481.440000000011
2024-02-06,160.72,169.19,329.91,-8.47,24.35,CPN,Property,9472.970000000012
2024-02-07,98.16,116.86,215.02,-18.7,30.45,CPN,Property,9454.270000000011
2024-02-08,157.88,154.67,312.55,3.22,19.8,CPN,Property,9457.49000000001
2024-02-09,59.8,60.44,120.24,-0.63,21.03,CPN,Property,9456.860000000011
2024-02-12,45.16,43.73,88.9,1.43,21.6,CPN,Property,9458.290000000012
2024-02-13,55.0,20.01,75.01,34.99,18.25,CPN,Property,9493.280000000012
2024-02-14,142.03,90.11,232.15,51.92,26.25,CPN,Property,9545.200000000012
2024-02-15,103.27,106.38,209.65,-3.11,30.56,CPN,Property,9542.090000000011
2024-02-16,158.9,63.81,222.71,95.08,26.06,CPN,Property,9637.170000000011
2024-02-19,133.11,116.73,249.84,16.38,30.45,CPN,Property,9653.55000000001
2024-02-20,196.38,158.61,354.99,37.77,37.84,CPN,Property,9691.32000000001
2024-02-21,399.97,145.86,545.83,254.1,28.65,CPN,Property,9945.420000000011
2024-02-22,263.75,124.98,388.73,138.77,34.68,CPN,Property,10084.190000000011
2024-02-23,109.63,66.94,176.57,42.69,31.36,CPN,Property,10126.880000000012
2024-02-27,302.43,197.96,500.38,104.47,35.21,CPN,Property,10231.350000000011
2024-02-28,168.22,118.97,287.2,49.25,32.25,CPN,Property,10280.600000000011
2024-02-29,420.91,167.46,588.37,253.45,24.09,CPN,Property,10534.050000000012
2024-03-01,159.76,126.38,286.13,33.38,31.92,CPN,Property,10567.430000000011
2024-03-04,190.01,69.69,259.7,120.33,32.45,CPN,Property,10687.760000000011
2024-03-05,204.34,158.88,363.23,45.46,31.76,CPN,Property,10733.22000000001
2024-03-06,120.33,69.99,190.32,50.33,25.65,CPN,Property,10783.55000000001
2024-03-07,167.69,137.2,304.89,30.49,34.64,CPN,Property,10814.04000000001
2024-03-08,132.96,66.34,199.3,66.62,25.62,CPN,Property,10880.66000000001
2024-03-11,141.55,39.84,181.39,101.71,20.97,CPN,Property,10982.37000000001
2024-03-12,246.84,64.01,310.85,182.82,33.8,CPN,Property,11165.19000000001
2024-03-13,208.82,87.87,296.69,120.95,27.02,CPN,Property,11286.14000000001
2024-03-14,245.11,137.37,382.48,107.74,28.06,CPN,Property,11393.88000000001
2024-03-15,304.85,231.05,535.9,73.8,28.3,CPN,Property,11467.68000000001
2024-03-18,189.42,176.71,366.13,12.71,25.45,CPN,Property,11480.390000000009
2024-03-19,171.88,122.75,294.63,49.13,28.71,CPN,Property,11529.520000000008
2024-03-20,43.64,80.87,124.51,-37.23,41.16,CPN,Property,11492.290000000008
2024-03-21,175.6,80.75,256.35,94.85,34.48,CPN,Property,11587.140000000009
2024-03-22,81.48,65.83,147.31,15.66,25.71,CPN,Property,11602.800000000008
2024-03-25,100.91,76.65,177.56,24.26,22.53,CPN,Property,11627.060000000009
2024-03-26,285.73,94.95,380.68,190.77,22.5,CPN,Property,11817.830000000009
2024-03-27,82.55,47.64,130.19,34.92,21.31,CPN,Property,11852.75000000001
2024-03-28,94.53,93.94,188.46,0.59,28.32,CPN,Property,11853.34000000001
2024-03-29,127.24,95.95,223.18,31.29,30.12,CPN,Property,11884.63000000001
2024-04-01,76.73,74.83,151.56,1.9,36.11,CPN,Property,11886.53000000001
2024-04-02,81.86,30.99,112.85,50.86,28.44,CPN,Property,11937.39000000001
2024-04-03,84.63,136.6,221.22,-51.97,39.66,CPN,Property,11885.420000000011
2024-04-04,80.28,95.46,175.75,-15.18,37.47,CPN,Property,11870.24000000001
2024-04-05,22.52,26.75,49.26,-4.23,27.43,CPN,Property,11866.010000000011
2024-04-09,281.59,169.12,450.72,112.47,47.42,CPN,Property,11978.48000000001
2024-04-10,156.2,125.01,281.21,31.19,41.23,CPN,Property,12009.670000000011
2024-04-11,86.95,149.6,236.56,-62.65,32.14,CPN,Property,11947.020000000011
2024-04-17,209.95,263.52,473.46,-53.57,34.19,CPN,Property,11893.450000000012
2024-04-18,184.17,202.5,386.67,-18.33,40.79,CPN,Property,11875.120000000012
2024-04-19,120.2,194.71,314.92,-74.51,34.97,CPN,Property,11800.610000000011
2024-04-22,54.3,100.71,155.01,-46.41,30.84,CPN,Property,11754.200000000012
2024-04-23,144.52,165.89,310.41,-21.36,31.33,CPN,Property,11732.840000000011
2024-04-24,149.51,106.69,256.2,42.81,22.01,CPN,Property,11775.65000000001
2024-04-25,134.25,107.31,241.55,26.94,19.2,CPN,Property,11802.590000000011
2024-04-26,106.84,129.23,236.07,-22.38,22.95,CPN,Property,11780.210000000012
2024-04-29,212.07,131.69,343.76,80.38,36.78,CPN,Property,11860.590000000011
2024-04-30,556.47,285.5,841.97,270.97,31.0,CPN,Property,12131.56000000001
2024-05-02,148.89,134.91,283.8,13.99,28.66,CPN,Property,12145.55000000001
2024-05-03,123.38,74.49,197.87,48.9,30.58,CPN,Property,12194.45000000001
2024-05-07,214.98,192.63,407.61,22.35,38.31,CPN,Property,12216.80000000001
2024-05-08,208.06,352.6,560.67,-144.54,53.7,CPN,Property,12072.26000000001
2024-05-09,96.06,138.74,234.8,-42.68,22.89,CPN,Property,12029.580000000009
2024-05-10,87.82,162.81,250.62,-74.99,30.14,CPN,Property,11954.59000000001
2024-05-13,102.39,98.86,201.25,3.53,21.61,CPN,Property,11958.12000000001
2024-05-14,62.3,189.7,252.0,-127.4,25.39,CPN,Property,11830.72000000001
2024-05-15,73.82,133.67,207.49,-59.85,27.49,CPN,Property,11770.87000000001
2024-05-16,394.12,213.21,607.33,180.91,28.41,CPN,Property,11951.78000000001
2024-05-17,109.8,163.19,272.99,-53.38,31.82,CPN,Property,11898.40000000001
2024-05-20,206.3,452.69,659.0,-246.39,28.92,CPN,Property,11652.010000000011
2024-05-21,84.52,141.99,226.51,-57.47,22.08,CPN,Property,11594.540000000012
2024-05-23,231.68,259.49,491.17,-27.81,35.97,CPN,Property,11566.730000000012
2024-05-24,130.61,142.11,272.71,-11.5,23.48,CPN,Property,11555.230000000012
2024-05-27,156.35,172.49,328.84,-16.14,35.39,CPN,Property,11539.090000000013
2024-05-28,142.58,86.14,228.72,56.44,29.36,CPN,Property,11595.530000000013
2024-05-29,175.33,192.34,367.68,-17.01,33.16,CPN,Property,11578.520000000013
2024-05-30,149.02,108.02,257.04,41.0,34.3,CPN,Property,11619.520000000013
2024-05-31,471.58,567.96,1039.54,-96.38,56.61,CPN,Property,11523.140000000014
2024-06-04,172.1,109.35,281.45,62.75,38.79,CPN,Property,11585.890000000014
2024-06-05,58.63,84.09,142.72,-25.45,28.42,CPN,Property,11560.440000000013
2024-06-06,115.23,173.01,288.24,-57.78,27.68,CPN,Property,11502.660000000013
2024-06-07,75.74,82.0,157.74,-6.27,34.33,CPN,Property,11496.390000000012
2024-06-10,63.61,99.0,162.61,-35.39,33.8,CPN,Property,11461.000000000013
2024-06-11,105.77,166.0,271.77,-60.23,46.44,CPN,Property,11400.770000000013
2024-06-12,120.82,68.77,189.59,52.05,40.24,CPN,Property,11452.820000000012
2024-06-13,50.5,83.69,134.19,-33.19,23.97,CPN,Property,11419.630000000012
2024-06-14,109.06,101.73,210.79,7.34,30.34,CPN,Property,11426.970000000012
2024-06-17,207.4,153.13,360.53,54.26,26.37,CPN,Property,11481.230000000012
2024-06-18,120.39,130.24,250.62,-9.85,32.47,CPN,Property,11471.380000000012
2024-06-19,208.3,190.96,399.26,17.34,34.7,CPN,Property,11488.720000000012
2024-06-20,191.34,338.63,529.97,-147.29,43.89,CPN,Property,11341.430000000011
2024-06-21,233.95,346.02,579.97,-112.07,49.45,CPN,Property,11229.360000000011
2024-06-24,82.13,111.76,193.89,-29.63,35.84,CPN,Property,11199.730000000012
2024-06-25,77.02,93.77,170.79,-16.74,35.27,CPN,Property,11182.990000000013
2024-06-26,112.91,239.84,352.75,-126.93,41.33,CPN,Property,11056.060000000012
2024-06-27,93.77,104.48,198.25,-10.71,32.57,CPN,Property,11045.350000000013
2024-06-28,127.42,148.01,275.43,-20.59,40.01,CPN,Property,11024.760000000013
2024-07-01,47.28,44.26,91.54,3.02,31.68,CPN,Property,11027.780000000013
2024-07-02,119.16,122.46,241.62,-3.31,29.95,CPN,Property,11024.470000000014
2024-07-03,100.02,47.05,147.07,52.97,39.05,CPN,Property,11077.440000000013
2024-07-04,59.57,47.13,106.7,12.44,28.3,CPN,Property,11089.880000000014
2024-07-05,38.95,81.18,120.13,-42.23,25.01,CPN,Property,11047.650000000014
2024-07-08,125.34,119.75,245.09,5.59,62.12,CPN,Property,11053.240000000014
2024-07-09,50.7,134.56,185.26,-83.86,33.97,CPN,Property,10969.380000000014
2024-07-10,46.35,81.6,127.94,-35.25,26.47,CPN,Property,10934.130000000014
2024-07-11,72.82,85.86,158.67,-13.04,28.26,CPN,Property,10921.090000000013
2024-07-12,85.95,63.8,149.75,22.16,28.33,CPN,Property,10943.250000000013
2024-07-15,49.52,47.07,96.59,2.46,30.11,CPN,Property,10945.710000000012
2024-07-16,55.17,72.96,128.13,-17.8,27.55,CPN,Property,10927.910000000013
2024-07-17,52.42,66.63,119.05,-14.21,32.63,CPN,Property,10913.700000000013
2024-07-18,76.86,96.94,173.8,-20.07,32.95,CPN,Property,10893.630000000014
2024-07-19,89.98,157.65,247.64,-67.67,27.82,CPN,Property,10825.960000000014
2024-07-23,47.93,56.25,104.18,-8.31,26.83,CPN,Property,10817.650000000014
2024-07-24,132.24,113.76,246.0,18.48,27.07,CPN,Property,10836.130000000014
2024-07-25,43.58,58.61,102.2,-15.03,24.39,CPN,Property,10821.100000000013
2024-07-26,90.15,85.84,176.0,4.31,28.39,CPN,Property,10825.410000000013
2024-07-30,123.31,128.06,251.37,-4.74,31.14,CPN,Property,10820.670000000013
2024-07-31,254.05,277.25,531.3,-23.2,39.6,CPN,Property,10797.470000000012
2024-08-01,77.81,208.62,286.43,-130.81,34.59,CPN,Property,10666.660000000013
2024-08-02,64.62,89.46,154.08,-24.84,30.37,CPN,Property,10641.820000000012
2024-08-05,90.02,194.6,284.62,-104.58,27.51,CPN,Property,10537.240000000013
2024-08-06,57.73,95.89,153.62,-38.15,27.17,CPN,Property,10499.090000000013
2024-08-07,79.3,102.77,182.07,-23.47,31.08,CPN,Property,10475.620000000014
2024-08-08,87.52,109.16,196.68,-21.64,32.53,CPN,Property,10453.980000000014
2024-08-09,104.61,94.27,198.89,10.34,28.45,CPN,Property,10464.320000000014
2024-08-13,79.04,98.25,177.28,-19.21,31.22,CPN,Property,10445.110000000015
2024-08-14,199.46,115.34,314.8,84.11,32.84,CPN,Property,10529.220000000016
2024-08-15,154.54,149.03,303.57,5.5,35.63,CPN,Property,10534.720000000016
2024-08-16,128.49,146.81,275.3,-18.32,25.35,CPN,Property,10516.400000000016
2024-08-19,192.72,97.96,290.68,94.76,40.52,CPN,Property,10611.160000000016
2024-08-20,92.12,95.68,187.8,-3.57,33.49,CPN,Property,10607.590000000017
2024-08-21,41.16,53.03,94.19,-11.87,21.82,CPN,Property,10595.720000000016
2024-08-22,157.99,48.57,206.56,109.42,19.81,CPN,Property,10705.140000000016
2024-08-23,122.17,89.39,211.56,32.78,25.24,CPN,Property,10737.920000000016
2024-08-26,126.68,99.36,226.04,27.31,30.37,CPN,Property,10765.230000000016
2024-08-27,108.62,78.44,187.06,30.18,35.83,CPN,Property,10795.410000000016
2024-08-28,75.44,107.62,183.06,-32.19,30.26,CPN,Property,10763.220000000016
2024-08-29,50.79,50.96,101.75,-0.16,28.88,CPN,Property,10763.060000000016
2024-08-30,170.11,203.72,373.84,-33.61,43.18,CPN,Property,10729.450000000015
2024-09-02,16.19,22.94,39.14,-6.75,20.16,CPN,Property,10722.700000000015
2024-09-03,52.23,81.88,134.11,-29.65,23.45,CPN,Property,10693.050000000016
2024-09-04,92.91,87.35,180.26,5.57,28.87,CPN,Property,10698.620000000015
2024-09-05,296.93,153.68,450.61,143.25,33.3,CPN,Property,10841.870000000015
2024-09-06,832.02,833.55,1665.57,-1.53,34.9,CPN,Property,10840.340000000015
2024-09-09,391.31,227.37,618.68,163.94,29.36,CPN,Property,11004.280000000015
2024-09-10,155.53,142.97,298.5,12.56,32.75,CPN,Property,11016.840000000015
2024-09-11,175.11,206.39,381.51,-31.28,26.33,CPN,Property,10985.560000000014
2024-09-12,106.34,97.63,203.97,8.7,24.42,CPN,Property,10994.260000000015
2024-09-13,75.51,63.13,138.64,12.39,22.44,CPN,Property,11006.650000000014
2024-09-16,39.88,81.55,121.42,-41.67,14.0,CPN,Property,10964.980000000014
2024-09-17,79.44,113.74,193.18,-34.31,21.73,CPN,Property,10930.670000000015
2024-09-18,86.88,69.55,156.43,17.34,20.43,CPN,Property,10948.010000000015
2024-09-19,287.16,274.53,561.69,12.63,21.48,CPN,Property,10960.640000000014
2024-09-20,223.11,280.3,503.41,-57.19,34.18,CPN,Property,10903.450000000013
2024-09-23,203.8,221.85,425.66,-18.05,26.34,CPN,Property,10885.400000000014
2024-09-24,369.55,177.43,546.99,192.12,39.54,CPN,Property,11077.520000000015
2024-09-25,263.49,180.02,443.51,83.46,39.87,CPN,Property,11160.980000000014
2024-09-26,294.5,192.07,486.57,102.44,31.48,CPN,Property,11263.420000000015
2024-09-27,263.04,115.56,378.6,147.48,31.32,CPN,Property,11410.900000000014
2024-09-30,245.17,204.6,449.77,40.56,26.91,CPN,Property,11451.460000000014
2024-10-01,107.83,199.09,306.91,-91.26,24.29,CPN,Property,11360.200000000013
2024-10-02,92.56,171.82,264.38,-79.26,26.67,CPN,Property,11280.940000000013
2024-10-03,152.7,131.34,284.04,21.36,25.7,CPN,Property,11302.300000000014
2024-10-04,165.86,147.44,313.3,18.41,32.26,CPN,Property,11320.710000000014
2024-10-07,302.03,256.73,558.77,45.3,46.03,CPN,Property,11366.010000000013
2024-10-08,151.54,143.29,294.83,8.25,36.22,CPN,Property,11374.260000000013
2024-10-09,90.1,217.57,307.67,-127.47,37.43,CPN,Property,11246.790000000014
2024-10-10,101.3,205.26,306.56,-103.96,31.49,CPN,Property,11142.830000000014
2024-10-11,82.02,189.29,271.31,-107.27,20.06,CPN,Property,11035.560000000014
2024-10-15,169.13,169.33,338.47,-0.2,42.49,CPN,Property,11035.360000000013
2024-10-16,235.8,197.76,433.56,38.04,35.76,CPN,Property,11073.400000000014
2024-10-17,78.18,99.33,177.51,-21.15,20.34,CPN,Property,11052.250000000015
2024-10-18,115.86,129.65,245.51,-13.8,33.7,CPN,Property,11038.450000000015
2024-10-21,55.93,165.78,221.71,-109.84,31.01,CPN,Property,10928.610000000015
2024-10-22,229.59,115.36,344.95,114.23,32.06,CPN,Property,11042.840000000015
2024-10-24,193.18,185.44,378.62,7.74,37.79,CPN,Property,11050.580000000014
2024-10-25,171.05,134.82,305.87,36.23,41.0,CPN,Property,11086.810000000014
2024-10-28,138.55,101.68,240.23,36.87,34.09,CPN,Property,11123.680000000015
2024-10-29,121.95,128.58,250.53,-6.63,43.1,CPN,Property,11117.050000000016
2024-10-30,195.25,195.76,391.02,-0.51,33.26,CPN,Property,11116.540000000015
2024-10-31,352.97,109.23,462.21,243.74,28.07,CPN,Property,11360.280000000015
2024-11-01,157.81,112.76,270.56,45.05,28.38,CPN,Property,11405.330000000014
2024-11-04,72.14,61.24,133.37,10.9,32.79,CPN,Property,11416.230000000014
2024-11-05,95.04,161.16,256.2,-66.12,30.24,CPN,Property,11350.110000000013
2024-11-06,102.12,273.65,375.77,-171.54,33.9,CPN,Property,11178.570000000012
2024-11-07,96.74,184.14,280.88,-87.4,41.2,CPN,Property,11091.170000000013
2024-11-08,103.6,117.23,220.83,-13.63,42.26,CPN,Property,11077.540000000014
2024-11-11,30.61,94.74,125.35,-64.13,23.55,CPN,Property,11013.410000000014
2024-11-12,217.4,203.21,420.61,14.18,35.14,CPN,Property,11027.590000000015
2024-11-13,95.23,42.2,137.43,53.03,28.93,CPN,Property,11080.620000000015
2024-11-14,106.88,117.79,224.67,-10.9,31.22,CPN,Property,11069.720000000016
2024-11-15,43.16,42.49,85.65,0.66,24.96,CPN,Property,11070.380000000016
2024-11-18,41.06,44.22,85.28,-3.16,21.05,CPN,Property,11067.220000000016
2024-11-19,56.66,164.59,221.24,-107.93,28.2,CPN,Property,10959.290000000015
2024-11-20,68.26,70.37,138.62,-2.11,37.44,CPN,Property,10957.180000000015
2024-11-21,138.99,97.35,236.34,41.64,38.11,CPN,Property,10998.820000000014
2024-11-22,80.14,83.08,163.22,-2.94,29.28,CPN,Property,10995.880000000014
2024-11-25,290.01,125.72,415.73,164.29,47.1,CPN,Property,11160.170000000015
2024-11-26,63.03,56.35,119.38,6.68,31.89,CPN,Property,11166.850000000015
2024-11-27,154.51,64.65,219.16,89.86,31.96,CPN,Property,11256.710000000015
2024-11-28,127.03,114.87,241.9,12.16,41.59,CPN,Property,11268.870000000015
2024-11-29,160.49,114.48,274.97,46.01,48.89,CPN,Property,11314.880000000016
2024-12-02,89.77,52.14,141.91,37.64,29.58,CPN,Property,11352.520000000015
2024-12-03,105.44,93.43,198.87,12.01,20.61,CPN,Property,11364.530000000015
2024-12-04,78.93,81.09,160.01,-2.16,22.93,CPN,Property,11362.370000000015
2024-12-06,64.17,76.86,141.03,-12.69,27.76,CPN,Property,11349.680000000015
2024-12-09,80.09,110.65,190.74,-30.56,29.39,CPN,Property,11319.120000000015
2024-12-11,95.09,68.12,163.21,26.98,24.78,CPN,Property,11346.100000000015
2024-12-12,165.06,85.85,250.92,79.21,23.92,CPN,Property,11425.310000000014
2024-12-13,317.26,122.94,440.2,194.32,24.89,CPN,Property,11619.630000000014
2024-12-16,108.93,55.01,163.94,53.92,21.89,CPN,Property,11673.550000000014
2024-12-17,163.17,120.18,283.35,42.99,33.02,CPN,Property,11716.540000000014
2024-12-18,385.98,113.98,499.96,272.0,32.68,CPN,Property,11988.540000000014
2024-12-19,64.56,75.6,140.16,-11.04,23.76,CPN,Property,11977.500000000013
2024-12-20,219.23,220.8,440.03,-1.58,42.59,CPN,Property,11975.920000000013
2024-12-23,157.63,78.93,236.56,78.7,27.52,CPN,Property,12054.620000000014
2024-12-24,38.74,177.21,215.95,-138.47,20.65,CPN,Property,11916.150000000014
2024-12-25,47.46,214.09,261.55,-166.63,22.29,CPN,Property,11749.520000000015
2024-12-26,26.81,128.89,155.7,-102.08,18.56,CPN,Property,11647.440000000015
2024-12-27,72.21,82.7,154.91,-10.49,19.42,CPN,Property,11636.950000000015
2024-12-30,162.45,119.24,281.69,43.2,33.45,CPN,Property,11680.150000000016
2025-01-02,147.25,73.38,220.62,73.87,23.98,CPN,Property,11754.020000000017
2025-01-03,100.48,58.07,158.56,42.41,23.19,CPN,Property,11796.430000000017
2025-01-06,84.08,89.9,173.98,-5.82,30.94,CPN,Property,11790.610000000017
2025-01-07,114.0,119.59,233.59,-5.59,21.04,CPN,Property,11785.020000000017
2025-01-08,181.14,205.51,386.65,-24.37,21.53,CPN,Property,11760.650000000016
2025-01-09,147.78,257.35,405.14,-109.57,28.15,CPN,Property,11651.080000000016
2025-01-10,156.16,115.58,271.74,40.58,32.43,CPN,Property,11691.660000000016
2025-01-13,118.13,91.93,210.05,26.2,24.6,CPN,Property,11717.860000000017
2025-01-14,263.97,82.57,346.54,181.4,29.04,CPN,Property,11899.260000000017
2025-01-15,172.93,140.52,313.44,32.41,24.91,CPN,Property,11931.670000000016
2025-01-16,137.59,128.73,266.31,8.86,28.33,CPN,Property,11940.530000000017
2025-01-17,213.67,80.69,294.35,132.98,27.56,CPN,Property,12073.510000000017
2025-01-20,109.99,67.88,177.87,42.11,37.47,CPN,Property,12115.620000000017
2025-01-21,131.45,91.5,222.94,39.95,27.38,CPN,Property,12155.570000000018
2025-01-22,83.84,114.09,197.93,-30.26,33.32,CPN,Property,12125.310000000018
2025-01-23,82.48,188.8,271.28,-106.33,43.8,CPN,Property,12018.980000000018
2025-01-24,67.21,132.07,199.27,-64.86,33.89,CPN,Property,11954.120000000017
2025-01-27,67.3,63.53,130.84,3.77,35.14,CPN,Property,11957.890000000018
2025-01-28,70.15,64.3,134.45,5.84,24.38,CPN,Property,11963.730000000018
2025-01-29,21.61,71.27,92.88,-49.65,31.01,CPN,Property,11914.080000000018
2025-01-30,83.97,109.09,193.06,-25.12,36.82,CPN,Property,11888.960000000017
2025-01-31,144.39,226.55,370.93,-82.16,36.82,CPN,Property,11806.800000000017
2025-02-03,167.26,116.72,283.99,50.54,27.66,CPN,Property,11857.340000000018
2025-02-04,97.71,81.29,179.0,16.41,35.89,CPN,Property,11873.750000000018
2025-02-05,158.98,72.3,231.28,86.69,33.91,CPN,Property,11960.440000000019
2025-02-06,147.02,60.1,207.13,86.92,28.27,CPN,Property,12047.360000000019
2025-02-07,231.82,134.12,365.94,97.71,26.1,CPN,Property,12145.070000000018
2025-02-10,72.89,145.37,218.25,-72.48,32.14,CPN,Property,12072.590000000018
2025-02-11,69.72,187.31,257.03,-117.59,31.67,CPN,Property,11955.000000000018
2025-02-13,75.74,191.91,267.65,-116.17,26.55,CPN,Property,11838.830000000018
2025-02-14,283.76,194.33,478.1,89.43,17.85,CPN,Property,11928.260000000018
2025-02-17,226.04,198.88,424.92,27.16,30.3,CPN,Property,11955.420000000018
2025-02-18,156.63,180.37,337.0,-23.74,43.52,CPN,Property,11931.680000000018
2025-02-19,191.43,187.72,379.15,3.72,41.24,CPN,Property,11935.400000000018
2025-02-20,56.96,139.3,196.26,-82.34,28.73,CPN,Property,11853.060000000018
2025-02-21,93.69,133.35,227.04,-39.66,44.18,CPN,Property,11813.400000000018
2025-02-24,81.0,113.87,194.87,-32.86,40.63,CPN,Property,11780.540000000017
2025-02-25,192.21,212.75,404.95,-20.54,35.84,CPN,Property,11760.000000000016
2025-02-26,256.47,306.03,562.5,-49.56,34.14,CPN,Property,11710.440000000017
2025-02-27,147.15,184.27,331.43,-37.12,29.37,CPN,Property,11673.320000000016
2025-02-28,255.85,344.34,600.19,-88.5,28.41,CPN,Property,11584.820000000016
2025-03-03,200.45,234.5,434.96,-34.05,28.78,CPN,Property,11550.770000000017
2025-03-04,139.52,142.74,282.26,-3.22,30.29,CPN,Property,11547.550000000017
2025-03-05,185.36,165.73,351.09,19.63,29.31,CPN,Property,11567.180000000017
2025-03-06,106.24,187.49,293.73,-81.25,25.51,CPN,Property,11485.930000000017
2025-03-07,90.41,100.97,191.39,-10.56,30.16,CPN,Property,11475.370000000017
2025-03-10,140.14,152.86,293.01,-12.72,37.09,CPN,Property,11462.650000000018
2025-03-11,144.78,186.15,330.93,-41.37,40.45,CPN,Property,11421.280000000017
2025-03-12,72.66,191.45,264.12,-118.79,36.24,CPN,Property,11302.490000000016
2025-03-13,47.26,129.86,177.12,-82.6,33.62,CPN,Property,11219.890000000016
2025-03-14,89.7,167.29,256.99,-77.59,31.01,CPN,Property,11142.300000000016
2025-03-17,34.52,105.96,140.48,-71.45,21.87,CPN,Property,11070.850000000015
2025-03-18,73.94,138.92,212.86,-64.98,37.82,CPN,Property,11005.870000000015
2025-03-19,123.71,201.84,325.55,-78.12,27.89,CPN,Property,10927.750000000015
2025-03-20,79.86,157.41,237.27,-77.55,22.59,CPN,Property,10850.200000000015
2025-03-21,166.42,178.66,345.08,-12.25,33.92,CPN,Property,10837.950000000015
2025-03-24,53.38,97.7,151.08,-44.32,32.58,CPN,Property,10793.630000000016
2025-03-25,38.96,90.55,129.51,-51.6,29.67,CPN,Property,10742.030000000015
2025-03-26,79.02,94.45,173.47,-15.43,22.5,CPN,Property,10726.600000000015
2025-03-27,112.88,130.11,242.99,-17.23,24.87,CPN,Property,10709.370000000015
2025-03-28,38.53,84.39,122.92,-45.85,32.22,CPN,Property,10663.520000000015
2025-03-31,150.03,135.04,285.08,14.99,27.07,CPN,Property,10678.510000000015
2025-04-01,66.95,52.78,119.73,14.17,26.88,CPN,Property,10692.680000000015
2025-04-02,60.87,66.3,127.17,-5.43,33.32,CPN,Property,10687.250000000015
2025-04-03,58.61,82.04,140.65,-23.43,33.25,CPN,Property,10663.820000000014
2025-04-04,53.79,150.08,203.87,-96.29,28.58,CPN,Property,10567.530000000013
2025-04-08,227.84,188.91,416.75,38.93,31.86,CPN,Property,10606.460000000014
2025-04-09,135.15,154.63,289.77,-19.48,29.89,CPN,Property,10586.980000000014
2025-04-10,91.61,97.97,189.58,-6.36,28.85,CPN,Property,10580.620000000014
2025-04-11,105.3,123.78,229.08,-18.48,43.61,CPN,Property,10562.140000000014
2025-04-16,229.97,214.96,444.93,15.02,48.53,CPN,Property,10577.160000000014
2025-04-17,71.53,166.64,238.17,-95.11,35.21,CPN,Property,10482.050000000014
2025-04-18,28.07,47.94,76.02,-19.87,32.08,CPN,Property,10462.180000000013
2025-04-21,23.0,94.54,117.55,-71.54,34.03,CPN,Property,10390.640000000012
2025-04-22,75.44,84.32,159.76,-8.88,42.48,CPN,Property,10381.760000000013
2025-04-23,55.5,124.08,179.58,-68.58,30.2,CPN,Property,10313.180000000013
2025-04-24,71.13,118.09,189.23,-46.96,41.19,CPN,Property,10266.220000000014
2025-04-25,34.94,83.88,118.82,-48.95,35.72,CPN,Property,10217.270000000013
2025-04-28,44.84,75.98,120.82,-31.14,32.49,CPN,Property,10186.130000000014
2025-04-29,48.24,183.42,231.66,-135.19,30.26,CPN,Property,10050.940000000013
2025-04-30,108.87,109.29,218.16,-0.42,32.77,CPN,Property,10050.520000000013
2025-05-02,56.1,91.96,148.06,-35.87,23.61,CPN,Property,10014.650000000012
2025-05-06,121.85,114.37,236.22,7.48,35.65,CPN,Property,10022.130000000012
2025-05-07,93.83,185.92,279.75,-92.09,22.59,CPN,Property,9930.040000000012
2025-05-08,51.88,118.53,170.4,-66.65,29.47,CPN,Property,9863.390000000012
2025-05-09,183.6,176.69,360.29,6.91,48.12,CPN,Property,9870.300000000012
2025-05-13,140.88,202.53,343.41,-61.65,39.4,CPN,Property,9808.650000000012
2025-05-14,135.24,115.68,250.92,19.56,39.25,CPN,Property,9828.210000000012
2025-05-15,296.32,166.93,463.26,129.39,44.97,CPN,Property,9957.600000000011
2025-05-16,189.02,198.91,387.94,-9.89,55.38,CPN,Property,9947.710000000012
2025-05-19,22.22,131.22,153.44,-108.99,37.99,CPN,Property,9838.720000000012
2025-05-20,77.75,151.52,229.27,-73.78,46.39,CPN,Property,9764.940000000011
2025-05-21,273.56,375.34,648.9,-101.78,38.64,CPN,Property,9663.16000000001
2025-05-22,97.94,189.13,287.07,-91.19,30.46,CPN,Property,9571.97000000001
2025-05-23,76.37,162.62,238.98,-86.25,22.97,CPN,Property,9485.72000000001
2025-05-26,184.06,257.6,441.65,-73.54,36.73,CPN,Property,9412.18000000001
2025-05-27,196.57,179.51,376.08,17.06,39.65,CPN,Property,9429.240000000009
2025-05-28,141.49,113.45,254.95,28.04,32.72,CPN,Property,9457.28000000001
2025-05-29,144.01,249.59,393.61,-105.58,45.31,CPN,Property,9351.70000000001
2025-05-30,1066.2,502.82,1569.02,563.37,48.75,CPN,Property,9915.07000000001
2025-06-04,334.06,216.74,550.8,117.31,40.89,CPN,Property,10032.38000000001
2025-06-05,128.95,154.01,282.96,-25.05,38.87,CPN,Property,10007.33000000001
2025-06-06,120.55,173.99,294.54,-53.45,37.26,CPN,Property,9953.88000000001
2025-06-09,140.76,152.55,293.31,-11.78,30.8,CPN,Property,9942.10000000001
2025-06-10,83.36,110.34,193.7,-26.98,38.16,CPN,Property,9915.12000000001
2025-06-11,80.62,105.0,185.62,-24.38,33.86,CPN,Property,9890.74000000001
2025-06-12,72.37,166.55,238.93,-94.18,37.86,CPN,Property,9796.56000000001
2025-06-13,97.99,144.12,242.11,-46.13,40.15,CPN,Property,9750.430000000011
2025-06-16,189.75,156.0,345.75,33.75,38.94,CPN,Property,9784.180000000011
2025-06-17,150.63,208.24,358.87,-57.62,50.11,CPN,Property,9726.56000000001
2025-06-18,71.43,102.0,173.43,-30.57,36.98,CPN,Property,9695.99000000001
2025-06-19,369.25,307.53,676.78,61.71,33.76,CPN,Property,9757.70000000001
2025-06-20,1080.23,305.43,1385.66,774.8,38.05,CPN,Property,10532.50000000001
2025-06-23,205.97,349.08,555.06,-143.11,39.02,CPN,Property,10389.390000000009
2025-06-24,247.18,427.15,674.33,-179.97,35.54,CPN,Property,10209.42000000001
2025-06-25,205.28,328.34,533.61,-123.06,40.3,CPN,Property,10086.36000000001
2025-06-26,203.22,264.96,468.18,-61.73,38.31,CPN,Property,10024.63000000001
2025-06-27,152.43,193.43,345.86,-41.0,40.43,CPN,Property,9983.63000000001
2025-06-30,128.13,81.05,209.18,47.08,31.23,CPN,Property,10030.71000000001
2025-07-01,108.29,86.35,194.64,21.94,30.93,CPN,Property,10052.65000000001
2025-07-02,86.77,189.23,275.99,-102.46,26.84,CPN,Property,9950.190000000011
2025-07-03,131.5,225.13,356.64,-93.63,28.35,CPN,Property,9856.560000000012
2025-07-04,137.92,215.63,353.54,-77.71,26.07,CPN,Property,9778.850000000013
2025-07-07,130.22,86.19,216.41,44.03,24.67,CPN,Property,9822.880000000014
2025-07-08,88.81,147.28,236.09,-58.47,34.34,CPN,Property,9764.410000000014
2025-07-09,86.53,202.1,288.63,-115.57,43.7,CPN,Property,9648.840000000015
2025-07-11,246.27,313.73,559.99,-67.46,46.34,CPN,Property,9581.380000000016
2025-07-14,73.95,219.21,293.16,-145.27,30.44,CPN,Property,9436.110000000015
2025-07-15,92.64,334.3,426.94,-241.66,34.81,CPN,Property,9194.450000000015
2025-07-16,149.23,448.26,597.49,-299.02,37.49,CPN,Property,8895.430000000015
2025-07-17,233.54,422.16,655.7,-188.61,37.79,CPN,Property,8706.820000000014
2025-07-18,62.07,111.59,173.66,-49.52,31.91,CPN,Property,8657.300000000014
2025-07-21,208.04,59.78,267.82,148.27,34.23,CPN,Property,8805.570000000014
2025-07-22,157.14,122.04,279.18,35.1,33.94,CPN,Property,8840.670000000015
2025-07-23,294.31,244.6,538.91,49.71,52.12,CPN,Property,8890.380000000014
2025-07-24,202.76,116.7,319.47,86.06,39.6,CPN,Property,8976.440000000013
2025-07-25,134.74,90.6,225.34,44.14,28.02,CPN,Property,9020.580000000013
2025-07-29,146.86,155.33,302.19,-8.46,37.4,CPN,Property,9012.120000000014
2025-07-30,119.56,113.17,232.73,6.39,28.39,CPN,Property,9018.510000000013
2025-07-31,57.99,52.77,110.77,5.22,19.76,CPN,Property,9023.730000000012
2025-08-01,76.85,141.84,218.69,-65.0,25.04,CPN,Property,8958.730000000012
2025-08-04,53.35,45.74,99.08,7.61,30.65,CPN,Property,8966.340000000013
2025-08-05,73.38,59.89,133.28,13.49,31.08,CPN,Property,8979.830000000013
2025-08-06,74.83,35.89,110.71,38.94,25.62,CPN,Property,9018.770000000013
2025-08-07,64.63,74.46,139.09,-9.83,21.31,CPN,Property,9008.940000000013
2025-08-08,133.62,147.4,281.03,-13.78,32.62,CPN,Property,8995.160000000013
2025-08-13,237.97,168.32,406.29,69.65,36.91,CPN,Property,9064.810000000012
2025-08-14,107.6,111.9,219.5,-4.31,16.68,CPN,Property,9060.500000000013
2025-08-15,58.36,111.29,169.64,-52.93,19.58,CPN,Property,9007.570000000012
2025-08-18,47.39,96.35,143.75,-48.96,22.58,CPN,Property,8958.610000000013
2025-08-19,68.88,90.47,159.36,-21.59,17.18,CPN,Property,8937.020000000013
2025-08-20,94.34,143.16,237.51,-48.82,28.93,CPN,Property,8888.200000000013
2025-08-21,20.0,90.75,110.75,-70.75,17.86,CPN,Property,8817.450000000013
2025-08-22,76.89,110.92,187.81,-34.02,32.05,CPN,Property,8783.430000000013
2025-08-25,76.61,144.41,221.02,-67.81,28.35,CPN,Property,8715.620000000014
2025-08-26,95.29,176.85,272.14,-81.57,29.85,CPN,Property,8634.050000000014
2025-08-27,57.51,103.3,160.81,-45.79,27.01,CPN,Property,8588.260000000013
2025-08-28,59.9,127.53,187.43,-67.64,32.74,CPN,Property,8520.620000000014
2025-08-29,297.9,234.04,531.94,63.86,33.35,CPN,Property,8584.480000000014
2025-09-01,198.2,137.31,335.51,60.89,30.39,CPN,Property,8645.370000000014
2025-09-02,100.08,90.64,190.72,9.44,30.7,CPN,Property,8654.810000000014
2025-09-03,44.28,67.52,111.8,-23.24,24.85,CPN,Property,8631.570000000014
2025-09-04,60.47,212.24,272.71,-151.77,19.61,CPN,Property,8479.800000000014
2025-09-05,122.46,44.21,166.67,78.25,17.09,CPN,Property,8558.050000000014
2025-09-08,96.92,149.58,246.51,-52.66,20.89,CPN,Property,8505.390000000014
2025-09-09,104.16,184.5,288.66,-80.35,25.02,CPN,Property,8425.040000000014
2025-09-10,66.91,141.65,208.56,-74.75,33.28,CPN,Property,8350.290000000014
2025-09-11,36.73,48.59,85.32,-11.86,21.85,CPN,Property,8338.430000000013
2025-09-12,55.64,62.9,118.54,-7.25,27.76,CPN,Property,8331.180000000013
2025-09-15,41.83,64.07,105.9,-22.24,19.7,CPN,Property,8308.940000000013
2025-09-16,65.6,87.47,153.06,-21.87,22.49,CPN,Property,8287.070000000012
2025-09-17,53.97,57.78,111.75,-3.81,26.96,CPN,Property,8283.260000000013
2025-09-18,62.76,94.46,157.23,-31.7,26.96,CPN,Property,8251.560000000012
2025-09-19,349.18,176.4,525.58,172.78,38.11,CPN,Property,8424.340000000013
2025-09-22,43.42,48.11,91.53,-4.68,21.6,CPN,Property,8419.660000000013
2025-09-23,44.5,57.6,102.09,-13.1,30.41,CPN,Property,8406.560000000012
2025-09-24,119.0,110.47,229.47,8.53,32.25,CPN,Property,8415.090000000013
2025-09-25,44.26,136.07,180.33,-91.8,30.83,CPN,Property,8323.290000000014
2025-09-26,41.15,114.52,155.67,-73.36,37.74,CPN,Property,8249.930000000013
2025-09-29,108.37,163.86,272.23,-55.48,34.48,CPN,Property,8194.450000000013
2025-09-30,121.65,110.67,232.33,10.98,26.89,CPN,Property,8205.430000000013
2025-10-01,95.95,85.72,181.67,10.23,22.83,CPN,Property,8215.660000000013
2025-10-02,98.75,51.93,150.68,46.82,17.79,CPN,Property,8262.480000000012
2025-10-03,128.07,42.94,171.02,85.13,22.94,CPN,Property,8347.610000000011
2025-10-06,148.4,56.06,204.46,92.34,26.0,CPN,Property,8439.950000000012
2025-10-07,64.11,67.61,131.72,-3.5,19.89,CPN,Property,8436.450000000012
2025-10-08,47.91,56.19,104.09,-8.28,22.62,CPN,Property,8428.170000000011
2025-10-09,19.98,83.39,103.37,-63.41,24.5,CPN,Property,8364.760000000011
2025-10-10,18.26,79.13,97.38,-60.87,33.42,CPN,Property,8303.89000000001
2025-10-14,84.84,80.82,165.67,4.02,31.83,CPN,Property,8307.91000000001
2025-10-15,71.35,97.06,168.41,-25.71,27.38,CPN,Property,8282.200000000012
2025-10-16,13.53,35.3,48.84,-21.77,31.15,CPN,Property,8260.430000000011
2025-10-17,68.77,70.35,139.12,-1.58,30.58,CPN,Property,8258.850000000011
2025-10-20,58.86,75.69,134.55,-16.83,26.3,CPN,Property,8242.020000000011
2025-10-21,22.37,78.01,100.38,-55.64,25.45,CPN,Property,8186.380000000011
2025-10-22,76.88,155.34,232.22,-78.47,32.41,CPN,Property,8107.910000000011
2025-10-24,101.92,86.87,188.8,15.05,38.49,CPN,Property,8122.960000000011
2025-10-27,122.25,180.39,302.64,-58.14,23.02,CPN,Property,8064.820000000011
2025-10-28,120.96,133.42,254.38,-12.46,29.86,CPN,Property,8052.360000000011
2025-10-29,64.64,65.43,130.07,-0.8,21.43,CPN,Property,8051.56000000001
2025-10-30,79.67,95.77,175.44,-16.11,17.33,CPN,Property,8035.450000000011
2025-10-31,62.23,109.96,172.2,-47.73,22.78,CPN,Property,7987.720000000011
2025-11-03,75.42,117.55,192.97,-42.13,30.52,CPN,Property,7945.590000000011
2025-11-04,110.27,133.76,244.02,-23.49,33.53,CPN,Property,7922.100000000011
2025-11-05,18.04,29.92,47.96,-11.88,26.22,CPN,Property,7910.220000000011
2025-11-06,52.7,99.57,152.27,-46.88,32.96,CPN,Property,7863.340000000011
2025-11-07,26.98,55.52,82.51,-28.54,31.17,CPN,Property,7834.800000000011
2025-11-10,45.21,87.83,133.04,-42.62,36.69,CPN,Property,7792.180000000011
2025-11-11,72.44,125.28,197.73,-52.84,35.33,CPN,Property,7739.340000000011
2025-11-12,69.48,94.61,164.09,-25.12,24.34,CPN,Property,7714.220000000011
2025-11-13,140.13,106.42,246.55,33.71,31.07,CPN,Property,7747.930000000011
2025-11-14,198.37,144.69,343.06,53.68,35.63,CPN,Property,7801.6100000000115
2025-11-17,180.05,133.43,313.47,46.62,29.82,CPN,Property,7848.230000000011
2025-11-18,69.54,76.41,145.94,-6.87,33.55,CPN,Property,7841.3600000000115
2025-11-19,54.63,58.45,113.08,-3.82,32.75,CPN,Property,7837.540000000012
2025-11-20,54.57,93.86,148.43,-39.29,28.67,CPN,Property,7798.250000000012
2025-11-21,155.62,75.63,231.24,79.99,29.85,CPN,Property,7878.240000000012
2025-11-24,336.0,221.78,557.78,114.21,55.89,CPN,Property,7992.450000000012
2025-11-25,167.84,64.97,232.82,102.87,38.92,CPN,Property,8095.3200000000115
2025-11-26,174.2,65.83,240.03,108.37,41.47,CPN,Property,8203.690000000011
2025-11-27,127.67,86.2,213.87,41.48,38.42,CPN,Property,8245.170000000011
2025-11-28,262.15,158.14,420.3,104.01,47.72,CPN,Property,8349.180000000011
2025-12-01,79.27,146.85,226.12,-67.58,35.93,CPN,Property,8281.600000000011
2025-12-02,90.84,58.09,148.93,32.74,31.72,CPN,Property,8314.340000000011
2025-12-03,58.73,60.37,119.11,-1.64,27.27,CPN,Property,8312.700000000012
2025-12-04,163.07,131.4,294.47,31.68,33.03,CPN,Property,8344.380000000012
2025-12-08,125.74,95.84,221.58,29.91,33.34,CPN,Property,8374.290000000012
2025-12-09,131.24,79.13,210.37,52.12,50.49,CPN,Property,8426.410000000013
2025-12-11,60.05,69.79,129.83,-9.74,40.53,CPN,Property,8416.670000000013
2025-12-12,80.37,32.23,112.61,48.14,41.34,CPN,Property,8464.810000000012
2025-12-15,98.91,78.82,177.73,20.09,33.02,CPN,Property,8484.900000000012
2025-12-16,87.71,104.75,192.46,-17.04,25.41,CPN,Property,8467.860000000011
2025-12-17,40.52,82.05,122.57,-41.53,19.77,CPN,Property,8426.33000000001
2025-12-18,118.08,26.77,144.85,91.31,31.62,CPN,Property,8517.64000000001
2025-12-19,81.5,106.26,187.76,-24.76,29.61,CPN,Property,8492.88000000001
2025-12-22,127.67,113.06,240.73,14.61,35.71,CPN,Property,8507.49000000001
2025-12-23,82.95,108.51,191.46,-25.56,29.77,CPN,Property,8481.930000000011
2025-12-24,53.15,50.22,103.37,2.92,29.21,CPN,Property,8484.850000000011
2025-12-25,28.34,23.81,52.16,4.53,20.34,CPN,Property,8489.380000000012
2025-12-26,22.99,42.88,65.87,-19.9,25.74,CPN,Property,8469.480000000012
2025-12-29,123.23,91.42,214.65,31.8,30.55,CPN,Property,8501.280000000012
2025-12-30,112.28,128.84,241.12,-16.57,42.17,CPN,Property,8484.710000000012
2026-01-05,112.38,88.09,200.47,24.28,31.16,CPN,Property,8508.990000000013
2026-01-06,68.19,64.81,133.01,3.38,31.73,CPN,Property,8512.370000000012
2026-01-07,60.98,46.22,107.21,14.76,28.97,CPN,Property,8527.130000000012
2026-01-08,122.78,83.26,206.04,39.53,28.15,CPN,Property,8566.660000000013
2026-01-09,144.23,55.33,199.57,88.9,24.92,CPN,Property,8655.560000000012
2026-01-12,83.55,59.04,142.59,24.5,35.64,CPN,Property,8680.060000000012
2026-01-13,198.05,206.39,404.44,-8.34,37.41,CPN,Property,8671.720000000012
2026-01-14,73.97,88.02,162.0,-14.05,41.43,CPN,Property,8657.670000000013
2026-01-15,248.08,244.66,492.75,3.42,33.8,CPN,Property,8661.090000000013
2026-01-16,235.26,215.05,450.31,20.21,37.44,CPN,Property,8681.300000000012
2026-01-19,148.46,132.2,280.66,16.26,34.78,CPN,Property,8697.560000000012
2026-01-20,249.57,132.6,382.17,116.97,38.09,CPN,Property,8814.530000000012
2026-01-21,294.72,144.18,438.91,150.54,36.17,CPN,Property,8965.070000000012
2026-01-22,311.2,178.49,489.69,132.7,40.65,CPN,Property,9097.770000000013
2026-01-23,169.7,120.29,289.99,49.41,29.73,CPN,Property,9147.180000000013
2026-01-26,169.98,115.4,285.38,54.58,40.29,CPN,Property,9201.760000000013
2026-01-27,275.54,163.79,439.33,111.75,44.38,CPN,Property,9313.510000000013
2026-01-28,104.5,70.78,175.28,33.72,42.11,CPN,Property,9347.230000000012
2026-01-29,112.08,69.62,181.7,42.45,39.51,CPN,Property,9389.680000000013
2026-01-30,130.14,99.71,229.85,30.43,45.3,CPN,Property,9420.110000000013
2026-02-02,130.4,108.78,239.18,21.62,28.62,CPN,Property,9441.730000000014
2026-02-03,307.68,259.23,566.91,48.45,38.07,CPN,Property,9490.180000000015
2026-02-04,113.94,105.88,219.82,8.06,32.65,CPN,Property,9498.240000000014
2026-02-05,218.41,139.57,357.98,78.84,34.98,CPN,Property,9577.080000000014
2026-02-06,224.39,155.79,380.18,68.6,38.14,CPN,Property,9645.680000000015
2026-02-09,321.71,267.23,588.94,54.48,36.03,CPN,Property,9700.160000000014
2026-02-10,187.92,128.04,315.96,59.88,34.07,CPN,Property,9760.040000000014
2026-02-11,227.06,201.64,428.7,25.42,30.99,CPN,Property,9785.460000000014
2026-02-12,252.26,173.78,426.04,78.48,37.89,CPN,Property,9863.940000000013
2026-02-13,285.86,169.59,455.45,116.26,45.97,CPN,Property,9980.200000000013
2026-02-16,187.96,116.2,304.16,71.77,41.52,CPN,Property,10051.970000000014
2026-02-17,162.38,108.36,270.75,54.02,36.61,CPN,Property,10105.990000000014
2026-02-18,259.26,120.93,380.19,138.33,43.25,CPN,Property,10244.320000000014
2026-02-19,123.75,151.53,275.29,-27.78,27.41,CPN,Property,10216.540000000014
2026-02-20,229.81,123.08,352.89,106.73,38.51,CPN,Property,10323.270000000013
2026-02-23,210.87,143.54,354.41,67.33,31.96,CPN,Property,10390.600000000013
2026-02-24,380.01,280.54,660.56,99.47,33.6,CPN,Property,10490.070000000012
2026-02-25,229.74,228.8,458.53,0.94,38.95,CPN,Property,10491.010000000013
2026-02-26,263.53,202.43,465.96,61.11,38.09,CPN,Property,10552.120000000014
2026-02-27,506.83,320.23,827.06,186.6,45.71,CPN,Property,10738.720000000014
2026-03-02,343.43,204.18,547.61,139.25,33.9,CPN,Property,10877.970000000014
2026-03-04,657.46,458.46,1115.93,199.0,34.89,CPN,Property,11076.970000000014
2026-03-05,558.05,535.88,1093.94,22.17,38.0,CPN,Property,11099.140000000014
2026-03-06,241.45,374.07,615.52,-132.63,43.96,CPN,Property,10966.510000000015
2026-03-09,363.79,377.74,741.53,-13.95,47.31,CPN,Property,10952.560000000014
2026-03-10,178.15,371.07,549.23,-192.92,43.78,CPN,Property,10759.640000000014
2026-03-11,187.11,341.26,528.37,-154.15,49.78,CPN,Property,10605.490000000014
2026-03-12,333.75,468.12,801.87,-134.37,38.61,CPN,Property,10471.120000000014
2026-03-13,282.06,389.67,671.74,-107.61,46.05,CPN,Property,10363.510000000013
2026-03-16,175.35,140.88,316.23,34.47,45.8,CPN,Property,10397.980000000012
2026-03-17,142.6,207.71,350.31,-65.1,30.58,CPN,Property,10332.880000000012
2026-03-18,162.15,94.67,256.82,67.48,35.85,CPN,Property,10400.360000000011
2026-03-19,247.33,213.46,460.79,33.88,47.06,CPN,Property,10434.24000000001
2026-03-20,469.8,357.26,827.06,112.54,54.64,CPN,Property,10546.780000000012
2026-03-23,367.77,260.15,627.91,107.62,45.17,CPN,Property,10654.400000000012
2026-03-24,145.46,182.47,327.92,-37.01,45.36,CPN,Property,10617.390000000012
2026-03-25,275.29,299.12,574.41,-23.84,44.04,CPN,Property,10593.550000000012
2026-03-26,168.82,233.5,402.32,-64.68,53.33,CPN,Property,10528.870000000012
2026-03-27,434.09,366.03,800.12,68.07,40.31,CPN,Property,10596.940000000011
2026-03-30,219.48,199.77,419.25,19.71,42.22,CPN,Property,10616.65000000001
2026-03-31,266.34,271.73,538.07,-5.39,49.92,CPN,Property,10611.260000000011
2026-04-01,387.59,373.85,761.45,13.74,48.13,CPN,Property,10625.000000000011
2026-04-02,256.86,280.49,537.36,-23.63,48.82,CPN,Property,10601.370000000012
2026-04-03,110.6,111.83,222.43,-1.22,39.68,CPN,Property,10600.150000000012
2026-04-07,207.99,222.04,430.03,-14.05,47.03,CPN,Property,10586.100000000013
2026-04-08,271.45,229.55,501.0,41.9,43.8,CPN,Property,10628.000000000013
2026-04-09,203.13,365.08,568.21,-161.94,52.94,CPN,Property,10466.060000000012
2026-04-10,166.52,172.37,338.89,-5.85,44.35,CPN,Property,10460.210000000012
2026-04-16,333.41,256.83,590.24,76.58,45.75,CPN,Property,10536.790000000012
2026-04-17,85.98,117.53,203.51,-31.55,39.34,CPN,Property,10505.240000000013
2026-04-20,122.96,65.16,188.11,57.8,35.44,CPN,Property,10563.040000000012
2026-04-21,103.41,110.94,214.35,-7.53,47.79,CPN,Property,10555.510000000011
2026-04-22,90.06,139.8,229.87,-49.74,30.17,CPN,Property,10505.770000000011
2026-04-23,194.36,252.34,446.7,-57.97,34.35,CPN,Property,10447.800000000012
2026-04-24,163.99,154.5,318.49,9.48,38.07,CPN,Property,10457.280000000012
2026-04-27,50.39,102.84,153.23,-52.45,34.57,CPN,Property,10404.83000000001
2026-04-28,180.94,222.84,403.78,-41.9,48.24,CPN,Property,10362.930000000011
2026-04-29,133.99,123.85,257.84,10.13,36.96,CPN,Property,10373.06000000001
2026-04-30,173.64,186.28,359.92,-12.65,46.67,CPN,Property,10360.41000000001
2026-05-05,163.66,133.35,297.0,30.31,34.01,CPN,Property,10390.72000000001
2026-05-06,132.11,206.58,338.7,-74.47,32.2,CPN,Property,10316.250000000011
2026-05-07,469.27,331.15,800.42,138.11,31.52,CPN,Property,10454.360000000011
2026-05-08,147.91,190.36,338.27,-42.45,37.77,CPN,Property,10411.91000000001
2026-05-11,203.6,197.52,401.12,6.08,42.6,CPN,Property,10417.99000000001
2026-05-12,174.99,96.92,271.91,78.07,34.55,CPN,Property,10496.06000000001
2026-05-13,200.88,137.17,338.04,63.71,37.77,CPN,Property,10559.77000000001
2026-05-14,178.07,262.78,440.84,-84.71,37.44,CPN,Property,10475.06000000001
2026-05-15,108.09,94.38,202.47,13.71,42.34,CPN,Property,10488.77000000001
2026-05-18,183.88,246.04,429.92,-62.16,37.98,CPN,Property,10426.61000000001
2026-05-19,237.9,147.85,385.75,90.04,49.51,CPN,Property,10516.65000000001
2026-05-20,115.7,165.76,281.46,-50.07,36.47,CPN,Property,10466.58000000001
2026-05-21,160.67,153.47,314.14,7.2,41.7,CPN,Property,10473.780000000012
2026-05-22,93.3,157.43,250.73,-64.12,40.71,CPN,Property,10409.66000000001
2026-05-25,86.17,72.27,158.43,13.9,30.45,CPN,Property,10423.56000000001
2026-05-26,100.94,110.29,211.23,-9.35,30.38,CPN,Property,10414.21000000001
2026-05-27,54.89,57.46,112.34,-2.57,26.48,CPN,Property,10411.64000000001
2026-05-28,93.23,54.54,147.77,38.69,27.08,CPN,Property,10450.33000000001
2026-05-29,285.58,351.71,637.29,-66.14,47.56,CPN,Property,10384.190000000011
2026-06-02,222.32,189.47,411.8,32.85,38.49,CPN,Property,10417.040000000012
2026-06-04,69.33,157.67,226.99,-88.34,27.22,CPN,Property,10328.700000000012
2026-06-05,62.35,100.84,163.19,-38.48,35.48,CPN,Property,10290.220000000012
2026-06-08,74.0,118.31,192.31,-44.3,35.7,CPN,Property,10245.920000000013
2026-06-09,161.71,163.64,325.35,-1.93,36.57,CPN,Property,10243.990000000013
2026-06-10,133.74,96.27,230.0,37.47,39.18,CPN,Property,10281.460000000012
2026-06-11,125.98,102.84,228.82,23.14,29.76,CPN,Property,10304.600000000011
2026-06-12,204.94,125.16,330.1,79.77,40.18,CPN,Property,10384.370000000012
2026-06-15,115.2,133.47,248.67,-18.26,46.97,CPN,Property,10366.110000000011
2026-06-16,233.49,142.63,376.12,90.86,44.35,CPN,Property,10456.970000000012
2026-06-17,240.12,110.51,350.63,129.61,41.34,CPN,Property,10586.580000000013
2026-06-18,61.82,128.76,190.58,-66.94,40.23,CPN,Property,10519.640000000012
2026-06-19,854.17,287.24,1141.42,566.93,55.31,CPN,Property,11086.570000000012
2026-06-22,60.8,100.53,161.33,-39.73,37.4,CPN,Property,11046.840000000013
2026-06-23,187.05,164.38,351.43,22.67,42.06,CPN,Property,11069.510000000013
2026-06-24,290.52,179.74,470.27,110.78,42.34,CPN,Property,11180.290000000014
2026-06-25,458.41,263.11,721.52,195.29,43.51,CPN,Property,11375.580000000014
2026-06-26,227.91,177.9,405.81,50.01,54.53,CPN,Property,11425.590000000015
2026-06-29,258.7,184.75,443.45,73.95,44.34,CPN,Property,11499.540000000015
2026-06-30,325.23,339.49,664.73,-14.26,42.67,CPN,Property,11485.280000000015
2026-07-01,82.24,94.94,177.18,-12.7,29.12,CPN,Property,11472.580000000014
2026-07-02,211.88,196.02,407.9,15.86,28.83,CPN,Property,11488.440000000015
2026-07-03,316.47,204.4,520.87,112.07,49.43,CPN,Property,11600.510000000015
2026-07-06,101.94,125.48,227.43,-23.54,37.25,CPN,Property,11576.970000000014
2026-07-07,181.43,103.01,284.44,78.41,41.51,CPN,Property,11655.380000000014
2026-07-08,111.94,108.05,219.99,3.9,33.28,CPN,Property,11659.280000000013
2026-07-09,199.5,131.12,330.63,68.38,44.23,CPN,Property,11727.660000000013
2026-07-10,181.43,75.68,257.12,105.75,37.16,CPN,Property,11833.410000000013
2026-07-13,220.79,128.83,349.61,91.96,40.47,CPN,Property,11925.370000000012
2026-07-14,53.94,114.68,168.62,-60.75,22.93,CPN,Property,11864.620000000012
2026-07-15,165.24,112.72,277.97,52.52,32.67,CPN,Property,11917.140000000012
2026-07-16,315.62,104.81,420.43,210.81,32.03,CPN,Property,12127.950000000012
2026-07-17,390.32,425.04,815.36,-34.72,37.47,CPN,Property,12093.230000000012
2026-07-20,177.73,153.75,331.48,23.99,38.25,CPN,Property,12117.220000000012
2026-07-21,125.96,123.95,249.91,2.01,31.43,CPN,Property,12119.230000000012
2026-07-22,125.34,240.05,365.38,-114.71,34.15,CPN,Property,12004.520000000013
2026-07-23,53.06,116.77,169.83,-63.71,29.15,CPN,Property,11940.810000000014
2026-07-24,242.9,210.67,453.58,32.23,32.34,CPN,Property,11973.040000000014
2026-07-27,467.2,229.31,696.51,237.9,39.17,CPN,Property,12210.940000000013
2026-07-30,409.79,228.82,638.61,180.97,48.17,CPN,Property,12391.910000000013
2026-07-31,330.82,186.16,516.97,144.66,38.31,CPN,Property,12536.570000000012
2026-08-03,281.13,124.37,405.5,156.76,41.12,CPN,Property,12693.330000000013
2026-08-04,240.84,150.56,391.4,90.28,44.28,CPN,Property,12783.610000000013
2026-08-05,299.32,229.41,528.73,69.92,45.96,CPN,Property,12853.530000000013
2026-08-06,342.1,306.7,648.8,35.41,50.95,CPN,Property,12888.940000000013
2026-08-07,180.6,146.36,326.96,34.24,52.72,CPN,Property,12923.180000000013
