date,buy_mb,sell_mb,buy_sell_mb,net_mb,nvdr_pct,symbol,sector,cumulative_net_mb
2020-02-20,588.5,57.39,645.89,531.11,4.23,CRC,Commerce,531.11
2020-02-21,331.19,257.38,588.58,73.81,17.87,CRC,Commerce,604.9200000000001
2020-02-24,601.28,544.83,1146.1,56.45,10.06,CRC,Commerce,661.3700000000001
2020-02-25,1089.55,476.98,1566.53,612.58,17.06,CRC,Commerce,1273.9500000000003
2020-02-26,826.02,412.69,1238.71,413.33,13.25,CRC,Commerce,1687.2800000000002
2020-02-27,432.46,533.84,966.3,-101.38,14.78,CRC,Commerce,1585.9
2020-02-28,2041.7,2401.33,4443.03,-359.62,34.8,CRC,Commerce,1226.2800000000002
2020-03-02,359.7,236.82,596.52,122.89,14.98,CRC,Commerce,1349.1700000000003
2020-03-03,227.75,238.23,465.99,-10.48,13.35,CRC,Commerce,1338.6900000000003
2020-03-04,289.89,147.64,437.53,142.25,13.35,CRC,Commerce,1480.9400000000003
2020-03-05,72.84,120.62,193.46,-47.78,7.15,CRC,Commerce,1433.1600000000003
2020-03-06,161.81,225.58,387.38,-63.77,18.19,CRC,Commerce,1369.3900000000003
2020-03-09,177.7,236.06,413.76,-58.36,15.93,CRC,Commerce,1311.0300000000004
2020-03-10,119.18,92.36,211.54,26.83,10.96,CRC,Commerce,1337.8600000000004
2020-03-11,120.14,122.01,242.15,-1.87,13.12,CRC,Commerce,1335.9900000000005
2020-03-12,89.15,312.42,401.57,-223.27,13.23,CRC,Commerce,1112.7200000000005
2020-03-13,201.14,225.19,426.34,-24.05,16.18,CRC,Commerce,1088.6700000000005
2020-03-16,160.5,172.69,333.18,-12.19,16.11,CRC,Commerce,1076.4800000000005
2020-03-17,134.49,210.96,345.45,-76.47,19.98,CRC,Commerce,1000.0100000000004
2020-03-18,160.97,294.75,455.72,-133.79,22.37,CRC,Commerce,866.2200000000005
2020-03-19,135.71,241.15,376.86,-105.44,16.61,CRC,Commerce,760.7800000000004
2020-03-20,218.16,286.28,504.44,-68.12,18.12,CRC,Commerce,692.6600000000004
2020-03-23,290.63,108.56,399.2,182.07,21.01,CRC,Commerce,874.7300000000005
2020-03-24,111.34,146.2,257.54,-34.86,16.03,CRC,Commerce,839.8700000000005
2020-03-25,181.71,142.38,324.09,39.33,14.77,CRC,Commerce,879.2000000000005
2020-03-26,250.42,238.16,488.58,12.26,15.15,CRC,Commerce,891.4600000000005
2020-03-27,187.72,194.08,381.8,-6.36,15.76,CRC,Commerce,885.1000000000005
2020-03-30,227.32,48.96,276.28,178.36,17.35,CRC,Commerce,1063.4600000000005
2020-03-31,147.55,64.06,211.61,83.5,12.45,CRC,Commerce,1146.9600000000005
2020-04-01,26.96,122.27,149.23,-95.31,13.28,CRC,Commerce,1051.6500000000005
2020-04-02,95.34,131.72,227.06,-36.38,16.56,CRC,Commerce,1015.2700000000006
2020-04-03,16.81,24.83,41.64,-8.01,7.09,CRC,Commerce,1007.2600000000006
2020-04-07,161.66,71.64,233.3,90.01,12.0,CRC,Commerce,1097.2700000000007
2020-04-08,129.69,143.61,273.3,-13.92,12.84,CRC,Commerce,1083.3500000000006
2020-04-09,132.33,191.46,323.79,-59.12,12.69,CRC,Commerce,1024.2300000000007
2020-04-10,125.65,93.84,219.49,31.81,6.89,CRC,Commerce,1056.0400000000006
2020-04-13,63.51,71.31,134.82,-7.8,9.26,CRC,Commerce,1048.2400000000007
2020-04-14,215.84,115.05,330.89,100.79,10.79,CRC,Commerce,1149.0300000000007
2020-04-15,195.05,114.23,309.28,80.82,16.11,CRC,Commerce,1229.8500000000006
2020-04-16,100.35,189.56,289.92,-89.21,18.02,CRC,Commerce,1140.6400000000006
2020-04-17,110.84,108.55,219.38,2.29,12.91,CRC,Commerce,1142.9300000000005
2020-04-20,202.55,144.54,347.09,58.0,12.74,CRC,Commerce,1200.9300000000005
2020-04-21,125.19,297.06,422.26,-171.87,26.31,CRC,Commerce,1029.0600000000004
2020-04-22,207.47,164.07,371.54,43.4,20.6,CRC,Commerce,1072.4600000000005
2020-04-23,173.52,117.33,290.85,56.18,23.56,CRC,Commerce,1128.6400000000006
2020-04-24,82.27,128.3,210.57,-46.02,16.54,CRC,Commerce,1082.6200000000006
2020-04-27,68.48,18.36,86.84,50.12,11.69,CRC,Commerce,1132.7400000000005
2020-04-28,101.84,62.96,164.79,38.88,16.78,CRC,Commerce,1171.6200000000006
2020-04-29,82.97,270.73,353.7,-187.77,30.89,CRC,Commerce,983.8500000000006
2020-04-30,199.13,59.81,258.94,139.32,29.53,CRC,Commerce,1123.1700000000005
2020-05-05,68.82,119.24,188.07,-50.42,19.67,CRC,Commerce,1072.7500000000005
2020-05-07,45.75,141.79,187.54,-96.04,17.61,CRC,Commerce,976.7100000000005
2020-05-08,55.53,112.65,168.19,-57.12,26.83,CRC,Commerce,919.5900000000005
2020-05-11,115.67,69.56,185.22,46.11,21.12,CRC,Commerce,965.7000000000005
2020-05-12,59.42,67.87,127.3,-8.45,16.78,CRC,Commerce,957.2500000000005
2020-05-13,41.12,47.97,89.09,-6.86,14.63,CRC,Commerce,950.3900000000004
2020-05-14,52.09,63.33,115.41,-11.24,15.08,CRC,Commerce,939.1500000000004
2020-05-15,139.3,164.57,303.87,-25.27,16.42,CRC,Commerce,913.8800000000005
2020-05-18,35.59,33.47,69.06,2.12,13.22,CRC,Commerce,916.0000000000005
2020-05-19,294.65,161.71,456.37,132.94,30.32,CRC,Commerce,1048.9400000000005
2020-05-20,82.3,70.76,153.06,11.53,12.5,CRC,Commerce,1060.4700000000005
2020-05-21,217.26,60.39,277.65,156.87,41.09,CRC,Commerce,1217.3400000000006
2020-05-22,65.31,120.97,186.28,-55.67,19.9,CRC,Commerce,1161.6700000000005
2020-05-25,58.67,52.93,111.6,5.74,20.33,CRC,Commerce,1167.4100000000005
2020-05-26,156.76,118.01,274.78,38.75,18.1,CRC,Commerce,1206.1600000000005
2020-05-27,80.45,66.45,146.9,14.0,16.27,CRC,Commerce,1220.1600000000005
2020-05-28,172.98,257.25,430.22,-84.27,22.01,CRC,Commerce,1135.8900000000006
2020-05-29,601.18,400.81,1001.99,200.36,25.89,CRC,Commerce,1336.2500000000005
2020-06-01,114.0,96.15,210.15,17.86,18.32,CRC,Commerce,1354.1100000000004
2020-06-02,83.66,35.76,119.42,47.9,18.0,CRC,Commerce,1402.0100000000004
2020-06-04,153.36,56.13,209.49,97.22,19.27,CRC,Commerce,1499.2300000000005
2020-06-05,211.9,256.2,468.1,-44.3,20.65,CRC,Commerce,1454.9300000000005
2020-06-08,207.22,69.49,276.72,137.73,15.05,CRC,Commerce,1592.6600000000005
2020-06-09,67.83,198.03,265.86,-130.2,23.28,CRC,Commerce,1462.4600000000005
2020-06-10,272.38,34.54,306.92,237.84,25.97,CRC,Commerce,1700.3000000000004
2020-06-11,64.33,88.65,152.99,-24.32,13.61,CRC,Commerce,1675.9800000000005
2020-06-12,123.26,91.66,214.93,31.6,13.35,CRC,Commerce,1707.5800000000004
2020-06-15,65.19,74.53,139.73,-9.34,11.18,CRC,Commerce,1698.2400000000005
2020-06-16,109.78,117.45,227.23,-7.67,13.78,CRC,Commerce,1690.5700000000004
2020-06-17,48.08,69.85,117.93,-21.78,12.65,CRC,Commerce,1668.7900000000004
2020-06-18,94.74,63.68,158.41,31.06,10.73,CRC,Commerce,1699.8500000000004
2020-06-19,96.98,53.9,150.89,43.08,17.79,CRC,Commerce,1742.9300000000003
2020-06-22,70.4,52.23,122.63,18.17,22.82,CRC,Commerce,1761.1000000000004
2020-06-23,131.57,29.69,161.26,101.87,26.82,CRC,Commerce,1862.9700000000003
2020-06-24,106.39,143.1,249.49,-36.7,19.42,CRC,Commerce,1826.2700000000002
2020-06-25,64.03,146.69,210.72,-82.66,18.2,CRC,Commerce,1743.6100000000001
2020-06-26,43.68,44.9,88.58,-1.22,12.89,CRC,Commerce,1742.39
2020-06-29,75.3,59.59,134.89,15.72,25.88,CRC,Commerce,1758.1100000000001
2020-06-30,182.48,14.18,196.66,168.29,25.55,CRC,Commerce,1926.4
2020-07-01,99.96,115.09,215.05,-15.13,28.94,CRC,Commerce,1911.27
2020-07-02,132.14,30.06,162.2,102.07,11.57,CRC,Commerce,2013.34
2020-07-03,64.14,26.79,90.93,37.35,14.76,CRC,Commerce,2050.69
2020-07-07,177.22,57.94,235.17,119.28,33.04,CRC,Commerce,2169.9700000000003
2020-07-08,69.79,18.52,88.31,51.27,23.08,CRC,Commerce,2221.2400000000002
2020-07-09,275.96,221.94,497.9,54.02,40.88,CRC,Commerce,2275.26
2020-07-10,112.76,42.56,155.32,70.2,22.68,CRC,Commerce,2345.46
2020-07-13,90.63,83.28,173.91,7.36,23.46,CRC,Commerce,2352.82
2020-07-14,243.54,119.3,362.84,124.24,23.17,CRC,Commerce,2477.06
2020-07-15,107.99,19.89,127.88,88.1,13.71,CRC,Commerce,2565.16
2020-07-16,62.76,32.21,94.97,30.56,12.94,CRC,Commerce,2595.72
2020-07-17,149.28,25.31,174.59,123.97,21.28,CRC,Commerce,2719.6899999999996
2020-07-20,102.58,24.47,127.05,78.11,16.32,CRC,Commerce,2797.7999999999997
2020-07-21,245.07,23.25,268.32,221.82,15.08,CRC,Commerce,3019.62
2020-07-22,94.82,74.07,168.89,20.75,10.48,CRC,Commerce,3040.37
2020-07-23,130.98,81.53,212.51,49.45,31.82,CRC,Commerce,3089.8199999999997
2020-07-24,41.9,43.49,85.4,-1.59,19.42,CRC,Commerce,3088.2299999999996
2020-07-29,220.63,118.91,339.54,101.72,25.64,CRC,Commerce,3189.9499999999994
2020-07-30,92.2,172.75,264.95,-80.54,22.98,CRC,Commerce,3109.4099999999994
2020-07-31,116.09,152.0,268.09,-35.91,32.35,CRC,Commerce,3073.4999999999995
2020-08-03,140.38,91.63,232.01,48.75,26.01,CRC,Commerce,3122.2499999999995
2020-08-04,199.79,29.51,229.3,170.28,21.17,CRC,Commerce,3292.5299999999997
2020-08-05,60.43,16.15,76.58,44.28,16.93,CRC,Commerce,3336.81
2020-08-06,63.29,21.32,84.61,41.96,22.11,CRC,Commerce,3378.77
2020-08-07,68.76,63.85,132.6,4.91,25.57,CRC,Commerce,3383.68
2020-08-10,54.46,40.29,94.75,14.16,37.95,CRC,Commerce,3397.8399999999997
2020-08-11,146.8,96.97,243.77,49.84,15.17,CRC,Commerce,3447.68
2020-08-13,65.82,99.13,164.95,-33.31,8.69,CRC,Commerce,3414.37
2020-08-14,43.23,132.15,175.38,-88.93,25.68,CRC,Commerce,3325.44
2020-08-17,100.26,97.06,197.31,3.2,27.29,CRC,Commerce,3328.64
2020-08-18,405.69,240.08,645.77,165.61,20.66,CRC,Commerce,3494.25
2020-08-19,129.28,219.35,348.64,-90.07,22.74,CRC,Commerce,3404.18
2020-08-20,155.29,168.31,323.6,-13.02,25.71,CRC,Commerce,3391.16
2020-08-21,123.05,143.43,266.48,-20.37,29.21,CRC,Commerce,3370.79
2020-08-24,298.73,226.19,524.91,72.54,26.14,CRC,Commerce,3443.33
2020-08-25,146.6,122.12,268.72,24.48,17.17,CRC,Commerce,3467.81
2020-08-26,89.03,57.34,146.38,31.69,26.35,CRC,Commerce,3499.5
2020-08-27,425.81,178.6,604.41,247.22,17.99,CRC,Commerce,3746.72
2020-08-28,232.28,201.04,433.32,31.24,21.02,CRC,Commerce,3777.9599999999996
2020-08-31,260.95,367.89,628.84,-106.93,28.11,CRC,Commerce,3671.0299999999997
2020-09-01,249.72,197.67,447.39,52.05,28.23,CRC,Commerce,3723.08
2020-09-02,222.42,72.35,294.77,150.06,20.1,CRC,Commerce,3873.14
2020-09-03,171.32,178.83,350.15,-7.51,22.3,CRC,Commerce,3865.6299999999997
2020-09-08,173.72,146.35,320.07,27.38,31.68,CRC,Commerce,3893.0099999999998
2020-09-09,211.93,216.13,428.06,-4.2,50.43,CRC,Commerce,3888.81
2020-09-10,224.44,227.73,452.17,-3.29,29.13,CRC,Commerce,3885.52
2020-09-11,324.78,207.76,532.54,117.02,31.15,CRC,Commerce,4002.54
2020-09-14,252.26,131.97,384.23,120.29,35.94,CRC,Commerce,4122.83
2020-09-15,336.62,239.0,575.62,97.62,37.37,CRC,Commerce,4220.45
2020-09-16,320.1,329.17,649.27,-9.07,38.3,CRC,Commerce,4211.38
2020-09-17,309.04,283.52,592.57,25.52,31.38,CRC,Commerce,4236.900000000001
2020-09-18,543.61,2096.98,2640.59,-1553.38,38.81,CRC,Commerce,2683.5200000000004
2020-09-21,124.05,73.09,197.14,50.95,30.12,CRC,Commerce,2734.4700000000003
2020-09-22,88.58,71.62,160.19,16.96,24.49,CRC,Commerce,2751.4300000000003
2020-09-23,106.81,79.22,186.03,27.59,28.71,CRC,Commerce,2779.0200000000004
2020-09-24,72.96,115.0,187.95,-42.04,27.8,CRC,Commerce,2736.9800000000005
2020-09-25,62.32,74.42,136.74,-12.1,29.85,CRC,Commerce,2724.8800000000006
2020-09-28,43.59,85.09,128.68,-41.51,21.7,CRC,Commerce,2683.3700000000003
2020-09-29,59.34,40.16,99.5,19.18,15.69,CRC,Commerce,2702.55
2020-09-30,45.13,47.92,93.06,-2.79,18.27,CRC,Commerce,2699.76
2020-10-01,57.6,64.93,122.53,-7.34,22.76,CRC,Commerce,2692.42
2020-10-02,30.14,64.43,94.57,-34.29,11.15,CRC,Commerce,2658.13
2020-10-05,34.29,44.34,78.63,-10.05,21.39,CRC,Commerce,2648.08
2020-10-06,69.8,102.14,171.94,-32.33,38.37,CRC,Commerce,2615.75
2020-10-07,71.93,78.61,150.53,-6.68,20.96,CRC,Commerce,2609.07
2020-10-08,227.16,168.26,395.42,58.9,13.12,CRC,Commerce,2667.9700000000003
2020-10-09,63.08,79.01,142.09,-15.93,21.57,CRC,Commerce,2652.0400000000004
2020-10-12,120.45,79.77,200.22,40.68,44.0,CRC,Commerce,2692.7200000000003
2020-10-14,114.35,61.56,175.91,52.79,42.03,CRC,Commerce,2745.51
2020-10-15,99.15,147.66,246.8,-48.51,28.38,CRC,Commerce,2697.0
2020-10-16,115.48,72.82,188.3,42.66,41.11,CRC,Commerce,2739.66
2020-10-19,128.29,190.05,318.34,-61.75,20.94,CRC,Commerce,2677.91
2020-10-20,355.18,129.54,484.72,225.64,36.82,CRC,Commerce,2903.5499999999997
2020-10-21,157.82,107.39,265.21,50.43,39.15,CRC,Commerce,2953.9799999999996
2020-10-22,260.21,167.85,428.06,92.36,42.92,CRC,Commerce,3046.3399999999997
2020-10-26,77.48,29.42,106.9,48.05,39.33,CRC,Commerce,3094.39
2020-10-27,40.7,72.78,113.49,-32.08,25.82,CRC,Commerce,3062.31
2020-10-28,49.48,144.02,193.5,-94.55,28.76,CRC,Commerce,2967.7599999999998
2020-10-29,66.35,62.4,128.75,3.96,26.45,CRC,Commerce,2971.72
2020-10-30,115.78,68.89,184.67,46.9,43.09,CRC,Commerce,3018.62
2020-11-02,50.02,89.65,139.67,-39.63,44.99,CRC,Commerce,2978.99
2020-11-03,84.27,116.96,201.23,-32.7,34.0,CRC,Commerce,2946.29
2020-11-04,103.86,128.6,232.47,-24.74,36.39,CRC,Commerce,2921.55
2020-11-05,229.4,129.68,359.08,99.72,32.72,CRC,Commerce,3021.27
2020-11-06,125.88,95.35,221.22,30.53,28.88,CRC,Commerce,3051.8
2020-11-09,275.54,164.13,439.67,111.41,26.02,CRC,Commerce,3163.21
2020-11-10,649.79,419.53,1069.32,230.26,17.64,CRC,Commerce,3393.4700000000003
2020-11-11,192.99,157.17,350.17,35.82,28.94,CRC,Commerce,3429.2900000000004
2020-11-12,224.2,132.17,356.37,92.03,31.39,CRC,Commerce,3521.3200000000006
2020-11-13,318.38,148.49,466.88,169.89,27.8,CRC,Commerce,3691.2100000000005
2020-11-16,175.09,170.07,345.15,5.02,29.13,CRC,Commerce,3696.2300000000005
2020-11-17,330.42,387.4,717.82,-56.98,27.45,CRC,Commerce,3639.2500000000005
2020-11-18,240.5,127.78,368.28,112.72,32.42,CRC,Commerce,3751.9700000000003
2020-11-19,191.18,137.67,328.85,53.51,38.26,CRC,Commerce,3805.4800000000005
2020-11-20,157.14,107.43,264.57,49.72,39.55,CRC,Commerce,3855.2000000000003
2020-11-23,132.54,86.63,219.17,45.9,31.79,CRC,Commerce,3901.1000000000004
2020-11-24,135.63,106.91,242.54,28.73,27.42,CRC,Commerce,3929.8300000000004
2020-11-25,283.18,307.59,590.78,-24.41,34.99,CRC,Commerce,3905.4200000000005
2020-11-26,176.66,81.34,258.0,95.32,31.76,CRC,Commerce,4000.7400000000007
2020-11-27,287.86,185.54,473.4,102.32,40.52,CRC,Commerce,4103.06
2020-11-30,315.19,460.95,776.14,-145.76,50.17,CRC,Commerce,3957.3
2020-12-01,186.94,192.22,379.16,-5.28,39.4,CRC,Commerce,3952.02
2020-12-02,247.98,207.9,455.88,40.08,26.06,CRC,Commerce,3992.1
2020-12-03,150.4,191.0,341.4,-40.59,27.97,CRC,Commerce,3951.5099999999998
2020-12-04,80.74,126.37,207.11,-45.63,20.98,CRC,Commerce,3905.8799999999997
2020-12-08,214.64,127.82,342.46,86.82,34.33,CRC,Commerce,3992.7
2020-12-09,192.03,124.73,316.76,67.3,35.6,CRC,Commerce,4060.0
2020-12-14,223.76,133.3,357.06,90.46,39.35,CRC,Commerce,4150.46
2020-12-15,218.35,109.18,327.52,109.17,32.79,CRC,Commerce,4259.63
2020-12-16,143.68,132.19,275.87,11.49,34.96,CRC,Commerce,4271.12
2020-12-17,131.88,95.0,226.88,36.89,38.44,CRC,Commerce,4308.01
2020-12-18,360.49,320.53,681.02,39.95,58.78,CRC,Commerce,4347.96
2020-12-21,277.88,254.4,532.28,23.48,21.9,CRC,Commerce,4371.44
2020-12-22,235.87,263.73,499.6,-27.87,46.8,CRC,Commerce,4343.57
2020-12-23,158.04,148.74,306.78,9.3,42.02,CRC,Commerce,4352.87
2020-12-24,89.62,76.13,165.75,13.49,19.64,CRC,Commerce,4366.36
2020-12-25,25.61,25.29,50.9,0.32,20.8,CRC,Commerce,4366.679999999999
2020-12-28,140.22,120.14,260.36,20.07,33.73,CRC,Commerce,4386.749999999999
2020-12-29,151.89,61.96,213.85,89.92,30.8,CRC,Commerce,4476.669999999999
2020-12-30,275.84,161.24,437.09,114.6,35.16,CRC,Commerce,4591.2699999999995
2021-01-04,259.15,193.28,452.42,65.87,41.13,CRC,Commerce,4657.139999999999
2021-01-05,153.37,111.37,264.75,42.0,45.43,CRC,Commerce,4699.139999999999
2021-01-06,105.92,110.08,216.0,-4.16,33.06,CRC,Commerce,4694.98
2021-01-07,249.51,188.1,437.61,61.42,28.66,CRC,Commerce,4756.4
2021-01-08,155.92,122.37,278.3,33.55,50.87,CRC,Commerce,4789.95
2021-01-11,58.6,110.45,169.05,-51.85,44.85,CRC,Commerce,4738.099999999999
2021-01-12,24.65,82.58,107.24,-57.93,32.03,CRC,Commerce,4680.169999999999
2021-01-13,86.19,139.31,225.51,-53.12,38.94,CRC,Commerce,4627.049999999999
2021-01-14,87.59,122.44,210.04,-34.85,31.68,CRC,Commerce,4592.199999999999
2021-01-15,101.4,164.98,266.38,-63.59,40.03,CRC,Commerce,4528.609999999999
2021-01-18,67.57,152.54,220.1,-84.97,41.45,CRC,Commerce,4443.6399999999985
2021-01-19,52.5,77.82,130.32,-25.31,32.0,CRC,Commerce,4418.329999999998
2021-01-20,107.49,104.19,211.68,3.31,30.17,CRC,Commerce,4421.6399999999985
2021-01-21,248.53,250.87,499.39,-2.34,29.02,CRC,Commerce,4419.299999999998
2021-01-22,41.22,171.52,212.75,-130.3,25.51,CRC,Commerce,4288.999999999998
2021-01-25,81.2,88.59,169.79,-7.4,31.45,CRC,Commerce,4281.5999999999985
2021-01-26,23.26,71.19,94.45,-47.93,22.84,CRC,Commerce,4233.669999999998
2021-01-27,63.33,118.77,182.1,-55.44,40.72,CRC,Commerce,4178.229999999999
2021-01-28,92.11,135.17,227.28,-43.06,35.51,CRC,Commerce,4135.169999999998
2021-01-29,186.75,148.04,334.79,38.71,53.46,CRC,Commerce,4173.879999999998
2021-02-01,40.46,67.59,108.06,-27.13,45.2,CRC,Commerce,4146.749999999998
2021-02-02,97.02,102.97,199.99,-5.95,55.99,CRC,Commerce,4140.799999999998
2021-02-03,143.76,138.8,282.56,4.95,36.6,CRC,Commerce,4145.749999999998
2021-02-04,68.6,126.89,195.49,-58.3,31.23,CRC,Commerce,4087.449999999998
2021-02-05,70.5,84.12,154.62,-13.63,30.98,CRC,Commerce,4073.819999999998
2021-02-08,116.78,106.1,222.87,10.68,21.94,CRC,Commerce,4084.4999999999977
2021-02-09,114.97,159.11,274.08,-44.14,14.87,CRC,Commerce,4040.359999999998
2021-02-10,176.09,162.81,338.9,13.28,26.69,CRC,Commerce,4053.639999999998
2021-02-11,36.65,99.13,135.78,-62.47,38.21,CRC,Commerce,3991.1699999999983
2021-02-15,123.1,115.63,238.73,7.47,34.08,CRC,Commerce,3998.639999999998
2021-02-16,50.21,61.31,111.52,-11.1,36.05,CRC,Commerce,3987.539999999998
2021-02-17,114.82,166.96,281.79,-52.14,38.33,CRC,Commerce,3935.3999999999983
2021-02-18,93.66,190.36,284.02,-96.7,50.07,CRC,Commerce,3838.6999999999985
2021-02-19,111.88,179.85,291.73,-67.98,47.29,CRC,Commerce,3770.7199999999984
2021-02-22,125.23,155.04,280.27,-29.81,48.71,CRC,Commerce,3740.9099999999985
2021-02-23,151.32,240.87,392.19,-89.55,30.32,CRC,Commerce,3651.3599999999983
2021-02-24,101.84,176.62,278.46,-74.78,35.54,CRC,Commerce,3576.579999999998
2021-02-25,88.33,137.25,225.58,-48.92,38.3,CRC,Commerce,3527.659999999998
2021-03-01,106.77,65.25,172.02,41.52,24.03,CRC,Commerce,3569.179999999998
2021-03-02,101.19,98.84,200.03,2.35,24.87,CRC,Commerce,3571.529999999998
2021-03-03,259.22,193.77,452.99,65.46,21.71,CRC,Commerce,3636.989999999998
2021-03-04,327.94,282.93,610.87,45.02,27.98,CRC,Commerce,3682.009999999998
2021-03-05,128.54,165.13,293.68,-36.59,39.4,CRC,Commerce,3645.419999999998
2021-03-08,222.02,169.32,391.34,52.7,33.91,CRC,Commerce,3698.1199999999976
2021-03-09,148.15,171.03,319.19,-22.88,50.74,CRC,Commerce,3675.2399999999975
2021-03-10,283.41,181.31,464.71,102.1,33.61,CRC,Commerce,3777.3399999999974
2021-03-11,113.11,87.11,200.22,26.0,26.28,CRC,Commerce,3803.3399999999974
2021-03-12,151.14,100.89,252.03,50.25,43.14,CRC,Commerce,3853.5899999999974
2021-03-15,179.78,158.78,338.56,21.01,37.49,CRC,Commerce,3874.5999999999976
2021-03-16,88.23,89.92,178.15,-1.69,46.41,CRC,Commerce,3872.9099999999976
2021-03-17,97.02,44.97,141.99,52.05,34.2,CRC,Commerce,3924.9599999999978
2021-03-18,53.19,58.25,111.44,-5.06,41.0,CRC,Commerce,3919.899999999998
2021-03-19,113.33,85.5,198.83,27.83,48.76,CRC,Commerce,3947.7299999999977
2021-03-22,65.44,65.91,131.35,-0.47,41.09,CRC,Commerce,3947.259999999998
2021-03-23,84.1,127.16,211.26,-43.06,33.96,CRC,Commerce,3904.199999999998
2021-03-24,84.57,94.02,178.59,-9.45,32.92,CRC,Commerce,3894.749999999998
2021-03-25,56.01,71.36,127.37,-15.35,32.82,CRC,Commerce,3879.3999999999983
2021-03-26,98.57,92.82,191.38,5.75,29.55,CRC,Commerce,3885.1499999999983
2021-03-29,53.92,37.72,91.64,16.2,23.08,CRC,Commerce,3901.349999999998
2021-03-30,156.22,133.1,289.32,23.12,30.23,CRC,Commerce,3924.469999999998
2021-03-31,86.83,109.13,195.96,-22.3,37.82,CRC,Commerce,3902.169999999998
2021-04-01,68.35,74.36,142.71,-6.01,21.0,CRC,Commerce,3896.1599999999976
2021-04-02,10.46,35.11,45.57,-24.65,24.89,CRC,Commerce,3871.5099999999975
2021-04-05,135.01,149.91,284.92,-14.91,36.91,CRC,Commerce,3856.5999999999976
2021-04-07,308.0,103.43,411.43,204.56,29.23,CRC,Commerce,4061.1599999999976
2021-04-08,64.96,52.06,117.02,12.9,28.39,CRC,Commerce,4074.0599999999977
2021-04-09,103.66,68.04,171.7,35.61,30.12,CRC,Commerce,4109.669999999997
2021-04-12,171.5,97.9,269.4,73.6,35.77,CRC,Commerce,4183.269999999998
2021-04-16,314.49,218.12,532.6,96.37,48.11,CRC,Commerce,4279.639999999998
2021-04-19,161.92,192.6,354.53,-30.68,32.2,CRC,Commerce,4248.959999999997
2021-04-20,123.48,134.48,257.95,-11.0,39.98,CRC,Commerce,4237.959999999997
2021-04-21,105.75,138.81,244.56,-33.06,38.04,CRC,Commerce,4204.899999999997
2021-04-22,137.69,88.9,226.59,48.78,44.71,CRC,Commerce,4253.679999999997
2021-04-23,216.14,93.05,309.19,123.09,46.18,CRC,Commerce,4376.769999999997
2021-04-26,260.98,292.48,553.46,-31.51,35.49,CRC,Commerce,4345.259999999997
2021-04-27,346.29,189.58,535.87,156.71,34.17,CRC,Commerce,4501.969999999997
2021-04-28,230.87,111.52,342.39,119.36,42.35,CRC,Commerce,4621.329999999996
2021-04-29,126.14,110.96,237.1,15.17,37.08,CRC,Commerce,4636.499999999996
2021-04-30,90.92,46.02,136.95,44.9,52.29,CRC,Commerce,4681.399999999996
2021-05-05,188.21,223.64,411.85,-35.43,50.72,CRC,Commerce,4645.969999999996
2021-05-06,216.11,147.93,364.04,68.18,62.4,CRC,Commerce,4714.149999999996
2021-05-07,176.26,123.12,299.38,53.13,53.22,CRC,Commerce,4767.279999999996
2021-05-10,168.76,118.22,286.98,50.53,66.7,CRC,Commerce,4817.809999999996
2021-05-11,225.54,195.06,420.6,30.48,68.56,CRC,Commerce,4848.289999999995
2021-05-12,210.3,731.68,941.98,-521.38,45.9,CRC,Commerce,4326.909999999995
2021-05-13,266.61,456.67,723.28,-190.06,48.49,CRC,Commerce,4136.849999999995
2021-05-14,255.07,389.24,644.31,-134.16,52.81,CRC,Commerce,4002.689999999995
2021-05-17,208.61,285.09,493.7,-76.47,50.31,CRC,Commerce,3926.2199999999953
2021-05-18,338.79,358.75,697.54,-19.96,56.08,CRC,Commerce,3906.259999999995
2021-05-19,58.0,162.38,220.38,-104.38,45.24,CRC,Commerce,3801.879999999995
2021-05-20,86.31,165.89,252.21,-79.58,43.32,CRC,Commerce,3722.299999999995
2021-05-21,104.47,113.71,218.18,-9.25,44.08,CRC,Commerce,3713.049999999995
2021-05-24,78.66,81.5,160.15,-2.84,39.87,CRC,Commerce,3710.209999999995
2021-05-25,59.82,111.25,171.07,-51.42,32.53,CRC,Commerce,3658.789999999995
2021-05-27,236.67,242.04,478.72,-5.37,39.34,CRC,Commerce,3653.419999999995
2021-05-28,144.85,142.64,287.49,2.21,34.84,CRC,Commerce,3655.629999999995
2021-05-31,168.79,174.63,343.42,-5.84,39.14,CRC,Commerce,3649.789999999995
2021-06-01,173.77,142.86,316.63,30.91,38.25,CRC,Commerce,3680.699999999995
2021-06-02,170.15,327.24,497.39,-157.08,25.55,CRC,Commerce,3523.619999999995
2021-06-04,281.17,226.21,507.37,54.96,23.54,CRC,Commerce,3578.579999999995
2021-06-07,116.17,155.72,271.89,-39.55,30.92,CRC,Commerce,3539.0299999999947
2021-06-08,151.58,172.63,324.21,-21.05,28.75,CRC,Commerce,3517.9799999999946
2021-06-09,38.61,48.0,86.61,-9.4,14.5,CRC,Commerce,3508.5799999999945
2021-06-10,161.3,86.07,247.37,75.22,46.58,CRC,Commerce,3583.7999999999943
2021-06-11,151.44,50.35,201.79,101.09,34.08,CRC,Commerce,3684.8899999999944
2021-06-14,162.22,57.06,219.28,105.16,34.16,CRC,Commerce,3790.0499999999943
2021-06-15,107.35,73.43,180.78,33.91,38.06,CRC,Commerce,3823.959999999994
2021-06-16,204.49,162.6,367.09,41.89,41.23,CRC,Commerce,3865.849999999994
2021-06-17,72.61,52.9,125.51,19.71,37.8,CRC,Commerce,3885.559999999994
2021-06-18,220.08,169.92,390.0,50.16,62.96,CRC,Commerce,3935.719999999994
2021-06-21,97.81,29.47,127.28,68.34,27.14,CRC,Commerce,4004.059999999994
2021-06-22,72.7,50.71,123.4,21.99,36.89,CRC,Commerce,4026.049999999994
2021-06-23,258.43,97.75,356.18,160.68,41.65,CRC,Commerce,4186.729999999994
2021-06-24,220.87,45.27,266.15,175.6,28.52,CRC,Commerce,4362.3299999999945
2021-06-25,217.84,107.82,325.66,110.02,40.64,CRC,Commerce,4472.349999999995
2021-06-28,125.12,30.14,155.26,94.99,33.81,CRC,Commerce,4567.339999999995
2021-06-29,144.0,110.34,254.34,33.66,46.76,CRC,Commerce,4600.9999999999945
2021-06-30,158.63,128.93,287.56,29.71,41.95,CRC,Commerce,4630.709999999995
2021-07-01,86.61,70.22,156.83,16.39,29.36,CRC,Commerce,4647.099999999995
2021-07-02,59.5,151.77,211.26,-92.27,31.96,CRC,Commerce,4554.8299999999945
2021-07-05,52.04,107.61,159.65,-55.56,36.45,CRC,Commerce,4499.269999999994
2021-07-06,39.41,110.75,150.16,-71.34,25.4,CRC,Commerce,4427.929999999994
2021-07-07,72.05,101.64,173.69,-29.58,42.18,CRC,Commerce,4398.349999999994
2021-07-08,194.41,119.96,314.36,74.45,31.03,CRC,Commerce,4472.799999999994
2021-07-09,102.93,129.97,232.9,-27.05,30.38,CRC,Commerce,4445.749999999994
2021-07-12,69.98,82.05,152.03,-12.07,32.8,CRC,Commerce,4433.679999999994
2021-07-13,110.58,70.99,181.57,39.58,24.55,CRC,Commerce,4473.259999999994
2021-07-14,56.72,60.52,117.24,-3.81,38.99,CRC,Commerce,4469.449999999993
2021-07-15,83.91,77.34,161.25,6.57,39.66,CRC,Commerce,4476.019999999993
2021-07-16,72.09,37.72,109.81,34.38,29.96,CRC,Commerce,4510.399999999993
2021-07-19,75.15,56.69,131.84,18.46,32.14,CRC,Commerce,4528.859999999993
2021-07-20,143.49,149.06,292.55,-5.57,37.58,CRC,Commerce,4523.289999999994
2021-07-21,111.16,60.0,171.15,51.16,40.71,CRC,Commerce,4574.449999999993
2021-07-22,43.85,62.61,106.46,-18.75,37.43,CRC,Commerce,4555.699999999993
2021-07-23,84.68,91.23,175.91,-6.55,36.97,CRC,Commerce,4549.149999999993
2021-07-27,57.38,79.1,136.48,-21.72,39.62,CRC,Commerce,4527.429999999993
2021-07-29,47.24,63.16,110.4,-15.92,31.9,CRC,Commerce,4511.509999999993
2021-07-30,63.01,87.79,150.8,-24.79,38.62,CRC,Commerce,4486.719999999993
2021-08-02,35.47,36.28,71.75,-0.8,26.64,CRC,Commerce,4485.919999999993
2021-08-03,81.06,62.73,143.79,18.32,26.27,CRC,Commerce,4504.2399999999925
2021-08-04,36.52,117.03,153.55,-80.51,31.73,CRC,Commerce,4423.729999999992
2021-08-05,76.21,190.6,266.81,-114.4,45.42,CRC,Commerce,4309.329999999993
2021-08-06,99.26,119.11,218.37,-19.84,38.14,CRC,Commerce,4289.4899999999925
2021-08-09,94.46,168.02,262.48,-73.56,37.1,CRC,Commerce,4215.929999999992
2021-08-10,285.21,165.78,451.0,119.43,33.74,CRC,Commerce,4335.359999999992
2021-08-11,75.11,96.99,172.1,-21.88,31.17,CRC,Commerce,4313.479999999992
2021-08-13,143.48,64.71,208.19,78.77,36.04,CRC,Commerce,4392.249999999993
2021-08-16,121.89,92.0,213.89,29.89,23.99,CRC,Commerce,4422.139999999993
2021-08-17,205.37,112.45,317.82,92.91,30.54,CRC,Commerce,4515.049999999993
2021-08-18,374.97,178.61,553.59,196.36,27.79,CRC,Commerce,4711.409999999993
2021-08-19,175.73,159.0,334.73,16.72,27.27,CRC,Commerce,4728.129999999993
2021-08-20,224.15,223.25,447.4,0.9,20.96,CRC,Commerce,4729.0299999999925
2021-08-23,224.21,377.5,601.71,-153.29,26.5,CRC,Commerce,4575.7399999999925
2021-08-24,154.8,127.51,282.31,27.29,28.7,CRC,Commerce,4603.0299999999925
2021-08-25,94.52,88.75,183.27,5.77,23.3,CRC,Commerce,4608.799999999993
2021-08-26,54.81,66.12,120.93,-11.31,38.91,CRC,Commerce,4597.4899999999925
2021-08-27,57.35,53.68,111.04,3.67,22.91,CRC,Commerce,4601.159999999993
2021-08-30,117.98,34.63,152.62,83.35,23.18,CRC,Commerce,4684.509999999993
2021-08-31,180.76,78.07,258.82,102.69,45.78,CRC,Commerce,4787.1999999999925
2021-09-01,215.69,195.32,411.01,20.37,32.63,CRC,Commerce,4807.569999999992
2021-09-02,68.42,173.91,242.33,-105.49,22.3,CRC,Commerce,4702.079999999993
2021-09-03,142.91,97.27,240.18,45.64,33.06,CRC,Commerce,4747.719999999993
2021-09-06,49.84,28.84,78.67,21.0,34.97,CRC,Commerce,4768.719999999993
2021-09-07,115.46,65.56,181.02,49.91,30.25,CRC,Commerce,4818.629999999993
2021-09-08,89.89,73.31,163.2,16.58,32.03,CRC,Commerce,4835.209999999993
2021-09-09,116.35,96.59,212.94,19.76,23.56,CRC,Commerce,4854.969999999993
2021-09-10,124.54,68.71,193.25,55.83,24.24,CRC,Commerce,4910.799999999993
2021-09-13,123.74,75.35,199.09,48.39,36.54,CRC,Commerce,4959.189999999993
2021-09-14,70.23,44.5,114.72,25.73,38.09,CRC,Commerce,4984.919999999993
2021-09-15,116.28,98.71,214.99,17.57,38.65,CRC,Commerce,5002.4899999999925
2021-09-16,109.65,52.67,162.32,56.98,35.78,CRC,Commerce,5059.469999999992
2021-09-17,271.21,198.52,469.74,72.69,44.61,CRC,Commerce,5132.159999999992
2021-09-20,74.99,107.43,182.42,-32.44,39.61,CRC,Commerce,5099.719999999992
2021-09-21,146.45,92.48,238.93,53.97,25.29,CRC,Commerce,5153.689999999992
2021-09-22,60.65,64.36,125.0,-3.71,26.71,CRC,Commerce,5149.979999999992
2021-09-23,72.55,44.41,116.97,28.14,35.71,CRC,Commerce,5178.119999999993
2021-09-27,81.04,136.28,217.32,-55.24,37.96,CRC,Commerce,5122.879999999993
2021-09-28,59.81,92.21,152.02,-32.4,36.04,CRC,Commerce,5090.479999999993
2021-09-29,140.33,117.86,258.19,22.47,43.68,CRC,Commerce,5112.949999999993
2021-09-30,108.42,107.16,215.59,1.26,41.41,CRC,Commerce,5114.209999999994
2021-10-01,99.8,188.28,288.08,-88.47,28.48,CRC,Commerce,5025.739999999993
2021-10-04,211.08,183.59,394.68,27.49,38.36,CRC,Commerce,5053.229999999993
2021-10-05,100.17,113.62,213.79,-13.45,31.37,CRC,Commerce,5039.779999999993
2021-10-06,250.27,275.91,526.18,-25.63,32.93,CRC,Commerce,5014.149999999993
2021-10-07,84.68,79.14,163.81,5.54,25.83,CRC,Commerce,5019.689999999993
2021-10-08,66.33,49.29,115.62,17.04,26.3,CRC,Commerce,5036.729999999993
2021-10-11,190.94,133.86,324.8,57.07,44.89,CRC,Commerce,5093.799999999993
2021-10-12,202.32,111.56,313.88,90.76,24.03,CRC,Commerce,5184.559999999993
2021-10-14,187.89,242.78,430.67,-54.89,29.95,CRC,Commerce,5129.669999999993
2021-10-15,147.89,142.47,290.36,5.42,37.84,CRC,Commerce,5135.089999999993
2021-10-18,61.25,71.64,132.89,-10.39,37.89,CRC,Commerce,5124.6999999999925
2021-10-19,147.12,117.64,264.76,29.47,35.83,CRC,Commerce,5154.169999999993
2021-10-20,122.61,45.33,167.95,77.28,36.78,CRC,Commerce,5231.4499999999925
2021-10-21,78.47,66.1,144.57,12.37,40.82,CRC,Commerce,5243.819999999992
2021-10-25,105.3,110.47,215.77,-5.18,31.87,CRC,Commerce,5238.639999999992
2021-10-26,206.17,160.46,366.63,45.71,43.31,CRC,Commerce,5284.349999999992
2021-10-27,45.67,32.87,78.53,12.8,21.56,CRC,Commerce,5297.149999999992
2021-10-28,46.86,77.51,124.37,-30.65,22.82,CRC,Commerce,5266.499999999993
2021-10-29,146.63,173.59,320.22,-26.95,26.34,CRC,Commerce,5239.549999999993
2021-11-01,110.5,135.85,246.34,-25.35,27.89,CRC,Commerce,5214.1999999999925
2021-11-02,52.74,65.47,118.2,-12.73,24.45,CRC,Commerce,5201.469999999993
2021-11-03,44.8,67.69,112.49,-22.88,38.38,CRC,Commerce,5178.589999999993
2021-11-04,80.3,84.38,164.68,-4.08,27.63,CRC,Commerce,5174.509999999993
2021-11-05,41.62,55.68,97.3,-14.06,29.49,CRC,Commerce,5160.4499999999925
2021-11-08,300.99,210.97,511.96,90.02,31.34,CRC,Commerce,5250.469999999993
2021-11-09,89.9,56.63,146.53,33.27,25.04,CRC,Commerce,5283.739999999993
2021-11-10,83.32,86.62,169.95,-3.3,25.27,CRC,Commerce,5280.439999999993
2021-11-11,49.52,80.71,130.23,-31.19,35.69,CRC,Commerce,5249.249999999994
2021-11-12,228.86,126.68,355.54,102.18,44.16,CRC,Commerce,5351.429999999994
2021-11-15,78.74,45.86,124.6,32.88,32.4,CRC,Commerce,5384.309999999994
2021-11-16,74.29,63.92,138.2,10.37,29.31,CRC,Commerce,5394.679999999994
2021-11-17,55.5,97.52,153.02,-42.02,32.57,CRC,Commerce,5352.6599999999935
2021-11-18,111.0,79.42,190.43,31.58,27.1,CRC,Commerce,5384.239999999993
2021-11-19,130.19,90.4,220.59,39.8,28.73,CRC,Commerce,5424.039999999994
2021-11-22,43.64,46.03,89.67,-2.38,27.87,CRC,Commerce,5421.6599999999935
2021-11-23,72.94,73.95,146.89,-1.0,27.18,CRC,Commerce,5420.6599999999935
2021-11-24,188.38,176.79,365.17,11.6,32.68,CRC,Commerce,5432.259999999994
2021-11-25,112.93,136.95,249.89,-24.02,31.13,CRC,Commerce,5408.239999999993
2021-11-26,495.37,235.14,730.52,260.23,26.59,CRC,Commerce,5668.469999999994
2021-11-29,232.09,228.53,460.62,3.56,33.81,CRC,Commerce,5672.029999999994
2021-11-30,334.7,317.56,652.26,17.15,33.58,CRC,Commerce,5689.179999999994
2021-12-01,134.05,262.5,396.56,-128.45,36.26,CRC,Commerce,5560.729999999994
2021-12-02,215.4,257.29,472.69,-41.89,34.53,CRC,Commerce,5518.839999999994
2021-12-03,99.86,195.26,295.12,-95.4,35.9,CRC,Commerce,5423.439999999994
2021-12-07,120.88,192.41,313.28,-71.53,33.19,CRC,Commerce,5351.909999999994
2021-12-08,65.68,114.28,179.96,-48.6,40.28,CRC,Commerce,5303.309999999994
2021-12-09,31.77,66.7,98.47,-34.93,39.04,CRC,Commerce,5268.379999999994
2021-12-13,94.49,117.87,212.36,-23.38,36.53,CRC,Commerce,5244.999999999994
2021-12-14,133.28,107.8,241.07,25.48,35.04,CRC,Commerce,5270.479999999993
2021-12-15,38.25,36.73,74.98,1.51,26.96,CRC,Commerce,5271.989999999993
2021-12-16,113.52,88.95,202.47,24.56,46.63,CRC,Commerce,5296.549999999994
2021-12-17,108.2,95.55,203.75,12.66,50.94,CRC,Commerce,5309.209999999994
2021-12-20,142.57,122.7,265.27,19.87,28.72,CRC,Commerce,5329.079999999994
2021-12-21,101.94,110.65,212.59,-8.71,36.42,CRC,Commerce,5320.3699999999935
2021-12-22,62.69,59.26,121.95,3.43,34.15,CRC,Commerce,5323.799999999994
2021-12-23,107.43,40.98,148.41,66.46,36.17,CRC,Commerce,5390.259999999994
2021-12-24,159.76,102.2,261.95,57.56,28.97,CRC,Commerce,5447.819999999994
2021-12-27,500.61,217.67,718.28,282.94,32.78,CRC,Commerce,5730.759999999994
2021-12-28,257.85,115.83,373.68,142.02,27.1,CRC,Commerce,5872.779999999994
2021-12-29,219.51,112.28,331.79,107.23,40.9,CRC,Commerce,5980.009999999994
2021-12-30,191.36,161.6,352.95,29.76,44.06,CRC,Commerce,6009.769999999994
2022-01-04,171.41,169.68,341.09,1.73,24.23,CRC,Commerce,6011.499999999994
2022-01-05,72.46,49.38,121.84,23.09,21.32,CRC,Commerce,6034.589999999994
2022-01-06,175.22,244.49,419.7,-69.27,37.34,CRC,Commerce,5965.319999999993
2022-01-07,85.31,132.36,217.67,-47.05,45.39,CRC,Commerce,5918.269999999993
2022-01-10,89.41,64.62,154.03,24.8,39.51,CRC,Commerce,5943.069999999993
2022-01-11,134.35,119.72,254.07,14.63,38.6,CRC,Commerce,5957.699999999993
2022-01-12,79.49,146.11,225.6,-66.62,41.0,CRC,Commerce,5891.079999999994
2022-01-13,50.05,80.39,130.44,-30.34,41.36,CRC,Commerce,5860.739999999993
2022-01-14,64.56,68.94,133.5,-4.38,39.61,CRC,Commerce,5856.359999999993
2022-01-17,171.74,293.37,465.11,-121.64,31.3,CRC,Commerce,5734.719999999993
2022-01-18,202.74,179.12,381.86,23.62,41.04,CRC,Commerce,5758.339999999993
2022-01-19,83.92,86.59,170.51,-2.68,30.67,CRC,Commerce,5755.659999999993
2022-01-20,55.54,181.51,237.05,-125.97,29.19,CRC,Commerce,5629.689999999992
2022-01-21,65.77,67.57,133.34,-1.8,36.49,CRC,Commerce,5627.889999999992
2022-01-24,182.22,201.19,383.41,-18.97,29.68,CRC,Commerce,5608.919999999992
2022-01-25,111.95,105.2,217.15,6.74,34.64,CRC,Commerce,5615.659999999992
2022-01-26,35.19,58.23,93.42,-23.04,37.28,CRC,Commerce,5592.619999999992
2022-01-27,50.17,106.34,156.52,-56.17,34.53,CRC,Commerce,5536.449999999992
2022-01-28,96.87,102.06,198.93,-5.19,30.06,CRC,Commerce,5531.259999999992
2022-01-31,188.06,172.15,360.21,15.91,26.44,CRC,Commerce,5547.169999999992
2022-02-01,136.34,45.39,181.73,90.94,35.86,CRC,Commerce,5638.1099999999915
2022-02-02,193.04,81.54,274.58,111.51,35.49,CRC,Commerce,5749.619999999992
2022-02-03,162.78,109.8,272.59,52.98,42.2,CRC,Commerce,5802.599999999991
2022-02-04,29.75,42.77,72.52,-13.02,32.84,CRC,Commerce,5789.579999999991
2022-02-07,958.55,385.96,1344.51,572.59,26.66,CRC,Commerce,6362.169999999991
2022-02-08,363.53,181.8,545.34,181.73,40.77,CRC,Commerce,6543.8999999999905
2022-02-09,469.11,426.34,895.45,42.77,30.55,CRC,Commerce,6586.669999999991
2022-02-10,222.81,107.19,330.0,115.62,35.43,CRC,Commerce,6702.289999999991
2022-02-11,131.77,75.09,206.86,56.68,39.04,CRC,Commerce,6758.969999999991
2022-02-14,153.53,138.52,292.06,15.01,44.04,CRC,Commerce,6773.979999999991
2022-02-15,167.09,136.37,303.47,30.72,40.02,CRC,Commerce,6804.699999999992
2022-02-17,200.92,210.24,411.17,-9.32,33.17,CRC,Commerce,6795.379999999992
2022-02-18,235.07,102.93,338.0,132.15,37.89,CRC,Commerce,6927.529999999992
2022-02-21,98.0,76.27,174.28,21.73,34.34,CRC,Commerce,6949.259999999991
2022-02-22,447.35,195.19,642.55,252.16,36.21,CRC,Commerce,7201.419999999991
2022-02-23,92.31,71.8,164.11,20.51,33.66,CRC,Commerce,7221.929999999991
2022-02-24,203.92,121.57,325.49,82.35,36.0,CRC,Commerce,7304.279999999992
2022-02-25,137.61,149.19,286.8,-11.58,25.42,CRC,Commerce,7292.699999999992
2022-02-28,211.5,220.87,432.37,-9.36,40.17,CRC,Commerce,7283.339999999992
2022-03-01,68.37,61.86,130.24,6.51,35.22,CRC,Commerce,7289.849999999992
2022-03-02,153.88,159.13,313.01,-5.26,25.48,CRC,Commerce,7284.589999999992
2022-03-03,63.34,131.55,194.9,-68.21,27.85,CRC,Commerce,7216.379999999992
2022-03-04,131.71,145.64,277.35,-13.94,47.4,CRC,Commerce,7202.439999999992
2022-03-07,249.52,257.98,507.51,-8.46,36.35,CRC,Commerce,7193.979999999992
2022-03-08,202.06,240.59,442.65,-38.54,30.08,CRC,Commerce,7155.439999999992
2022-03-09,102.56,180.41,282.97,-77.85,29.29,CRC,Commerce,7077.589999999992
2022-03-10,94.65,125.25,219.91,-30.6,31.47,CRC,Commerce,7046.989999999992
2022-03-11,84.05,85.31,169.36,-1.27,37.54,CRC,Commerce,7045.719999999991
2022-03-14,101.12,79.82,180.94,21.3,47.65,CRC,Commerce,7067.019999999991
2022-03-15,152.85,102.92,255.78,49.93,36.42,CRC,Commerce,7116.949999999992
2022-03-16,123.84,76.96,200.79,46.88,31.03,CRC,Commerce,7163.829999999992
2022-03-17,229.18,199.06,428.24,30.12,43.78,CRC,Commerce,7193.949999999992
2022-03-18,95.85,164.29,260.13,-68.44,33.59,CRC,Commerce,7125.509999999992
2022-03-21,99.93,66.67,166.6,33.26,38.47,CRC,Commerce,7158.769999999992
2022-03-22,116.43,110.81,227.24,5.62,41.72,CRC,Commerce,7164.389999999992
2022-03-23,146.46,130.2,276.66,16.26,31.53,CRC,Commerce,7180.649999999992
2022-03-24,102.11,100.2,202.32,1.91,37.04,CRC,Commerce,7182.559999999992
2022-03-25,90.43,68.03,158.47,22.4,39.47,CRC,Commerce,7204.959999999992
2022-03-28,75.9,67.49,143.4,8.41,41.63,CRC,Commerce,7213.369999999992
2022-03-29,125.89,75.3,201.19,50.59,43.7,CRC,Commerce,7263.959999999992
2022-03-30,723.56,291.62,1015.19,431.94,32.71,CRC,Commerce,7695.899999999991
2022-03-31,257.91,97.72,355.63,160.19,30.06,CRC,Commerce,7856.089999999991
2022-04-01,133.8,113.17,246.97,20.64,34.02,CRC,Commerce,7876.729999999991
2022-04-04,199.85,221.09,420.95,-21.24,38.98,CRC,Commerce,7855.489999999992
2022-04-05,113.7,128.35,242.05,-14.64,29.58,CRC,Commerce,7840.849999999991
2022-04-07,398.76,196.21,594.97,202.56,48.57,CRC,Commerce,8043.409999999992
2022-04-08,317.2,253.64,570.84,63.56,40.32,CRC,Commerce,8106.969999999992
2022-04-11,169.18,136.46,305.64,32.73,35.6,CRC,Commerce,8139.699999999992
2022-04-12,155.34,95.87,251.2,59.47,46.05,CRC,Commerce,8199.169999999991
2022-04-18,241.39,175.63,417.01,65.76,44.19,CRC,Commerce,8264.929999999991
2022-04-19,179.26,176.41,355.67,2.85,36.83,CRC,Commerce,8267.779999999992
2022-04-20,129.43,123.95,253.37,5.48,30.08,CRC,Commerce,8273.259999999991
2022-04-21,142.91,116.84,259.74,26.07,35.76,CRC,Commerce,8299.32999999999
2022-04-22,93.11,116.95,210.06,-23.84,38.94,CRC,Commerce,8275.48999999999
2022-04-25,210.82,162.95,373.77,47.87,46.21,CRC,Commerce,8323.359999999991
2022-04-26,206.96,117.58,324.54,89.38,40.82,CRC,Commerce,8412.73999999999
2022-04-27,135.72,86.3,222.02,49.42,42.01,CRC,Commerce,8462.15999999999
2022-04-28,162.46,114.9,277.36,47.57,44.84,CRC,Commerce,8509.72999999999
2022-04-29,202.88,106.58,309.46,96.3,33.54,CRC,Commerce,8606.02999999999
2022-05-03,151.5,109.45,260.95,42.04,40.85,CRC,Commerce,8648.06999999999
2022-05-05,165.16,139.53,304.69,25.63,44.49,CRC,Commerce,8673.69999999999
2022-05-06,152.31,129.85,282.16,22.46,41.71,CRC,Commerce,8696.159999999989
2022-05-09,244.39,94.84,339.23,149.56,39.31,CRC,Commerce,8845.719999999988
2022-05-10,229.11,193.28,422.39,35.84,41.5,CRC,Commerce,8881.559999999989
2022-05-11,239.86,162.8,402.66,77.06,53.47,CRC,Commerce,8958.619999999988
2022-05-12,833.35,721.11,1554.47,112.24,39.09,CRC,Commerce,9070.859999999988
2022-05-13,778.31,1042.38,1820.69,-264.07,47.94,CRC,Commerce,8806.789999999988
2022-05-17,263.29,330.51,593.8,-67.23,33.86,CRC,Commerce,8739.559999999989
2022-05-18,445.19,446.25,891.44,-1.07,51.94,CRC,Commerce,8738.489999999989
2022-05-19,232.66,202.79,435.45,29.86,43.13,CRC,Commerce,8768.34999999999
2022-05-20,131.26,209.72,340.98,-78.47,39.12,CRC,Commerce,8689.87999999999
2022-05-23,151.03,166.65,317.68,-15.62,53.47,CRC,Commerce,8674.25999999999
2022-05-24,135.59,135.2,270.79,0.38,47.45,CRC,Commerce,8674.639999999989
2022-05-25,211.52,216.89,428.41,-5.36,51.17,CRC,Commerce,8669.279999999988
2022-05-26,152.32,107.35,259.66,44.97,49.6,CRC,Commerce,8714.249999999987
2022-05-27,81.8,121.57,203.37,-39.77,36.1,CRC,Commerce,8674.479999999987
2022-05-30,249.7,262.47,512.17,-12.77,45.89,CRC,Commerce,8661.709999999986
2022-05-31,417.07,401.46,818.52,15.61,44.72,CRC,Commerce,8677.319999999987
2022-06-01,193.23,243.4,436.64,-50.17,49.56,CRC,Commerce,8627.149999999987
2022-06-02,117.16,112.68,229.84,4.47,40.81,CRC,Commerce,8631.619999999986
2022-06-06,140.44,245.49,385.93,-105.05,38.83,CRC,Commerce,8526.569999999987
2022-06-07,256.94,227.09,484.03,29.86,35.49,CRC,Commerce,8556.429999999988
2022-06-08,137.92,161.52,299.44,-23.6,36.66,CRC,Commerce,8532.829999999987
2022-06-09,273.95,314.31,588.26,-40.37,36.38,CRC,Commerce,8492.459999999986
2022-06-10,252.74,177.08,429.82,75.66,47.78,CRC,Commerce,8568.119999999986
2022-06-13,336.96,161.82,498.78,175.14,32.64,CRC,Commerce,8743.259999999986
2022-06-14,108.29,86.71,194.99,21.58,36.57,CRC,Commerce,8764.839999999986
2022-06-15,237.31,306.71,544.02,-69.4,34.2,CRC,Commerce,8695.439999999986
2022-06-16,318.67,341.27,659.94,-22.6,42.0,CRC,Commerce,8672.839999999986
2022-06-17,383.3,165.48,548.79,217.82,41.23,CRC,Commerce,8890.659999999985
2022-06-20,173.55,219.65,393.2,-46.09,45.25,CRC,Commerce,8844.569999999985
2022-06-21,90.14,161.26,251.39,-71.12,35.21,CRC,Commerce,8773.449999999984
2022-06-22,159.41,177.45,336.86,-18.04,35.55,CRC,Commerce,8755.409999999983
2022-06-23,156.51,154.38,310.89,2.13,42.06,CRC,Commerce,8757.539999999983
2022-06-24,90.28,108.09,198.37,-17.81,39.02,CRC,Commerce,8739.729999999983
2022-06-27,159.82,171.41,331.23,-11.59,38.95,CRC,Commerce,8728.139999999983
2022-06-28,143.75,339.71,483.46,-195.96,27.77,CRC,Commerce,8532.179999999984
2022-06-29,116.96,168.79,285.75,-51.83,40.91,CRC,Commerce,8480.349999999984
2022-06-30,142.18,176.9,319.08,-34.72,32.92,CRC,Commerce,8445.629999999985
2022-07-01,94.21,229.99,324.2,-135.78,35.7,CRC,Commerce,8309.849999999984
2022-07-04,200.46,177.41,377.87,23.05,39.0,CRC,Commerce,8332.899999999983
2022-07-05,502.42,389.11,891.53,113.31,39.29,CRC,Commerce,8446.209999999983
2022-07-06,250.56,131.12,381.68,119.44,31.04,CRC,Commerce,8565.649999999983
2022-07-07,439.17,304.17,743.34,135.0,41.07,CRC,Commerce,8700.649999999983
2022-07-08,168.04,139.38,307.43,28.66,40.17,CRC,Commerce,8729.309999999983
2022-07-11,165.6,127.14,292.74,38.46,47.74,CRC,Commerce,8767.769999999982
2022-07-12,49.72,104.88,154.61,-55.16,29.28,CRC,Commerce,8712.609999999982
2022-07-14,175.89,104.44,280.33,71.45,42.28,CRC,Commerce,8784.059999999983
2022-07-15,96.51,65.4,161.91,31.11,27.54,CRC,Commerce,8815.169999999984
2022-07-18,63.08,40.16,103.24,22.93,38.06,CRC,Commerce,8838.099999999984
2022-07-19,167.29,187.58,354.87,-20.29,49.87,CRC,Commerce,8817.809999999983
2022-07-20,209.81,215.47,425.28,-5.66,39.95,CRC,Commerce,8812.149999999983
2022-07-21,174.54,290.81,465.35,-116.27,45.58,CRC,Commerce,8695.879999999983
2022-07-22,119.24,150.52,269.76,-31.28,33.35,CRC,Commerce,8664.599999999982
2022-07-25,204.09,233.79,437.88,-29.7,32.5,CRC,Commerce,8634.899999999981
2022-07-26,61.3,97.1,158.39,-35.8,26.25,CRC,Commerce,8599.099999999982
2022-07-27,102.51,112.98,215.49,-10.47,38.15,CRC,Commerce,8588.629999999983
2022-08-01,540.71,258.59,799.3,282.12,30.1,CRC,Commerce,8870.749999999984
2022-08-02,236.65,119.83,356.48,116.81,39.49,CRC,Commerce,8987.559999999983
2022-08-03,91.09,69.46,160.55,21.63,32.55,CRC,Commerce,9009.189999999982
2022-08-04,174.96,199.62,374.58,-24.67,44.76,CRC,Commerce,8984.519999999982
2022-08-05,95.94,178.22,274.16,-82.29,26.75,CRC,Commerce,8902.229999999981
2022-08-08,168.63,138.37,307.0,30.26,56.64,CRC,Commerce,8932.489999999982
2022-08-09,116.55,79.9,196.46,36.65,37.26,CRC,Commerce,8969.139999999981
2022-08-10,145.51,139.85,285.36,5.66,36.23,CRC,Commerce,8974.799999999981
2022-08-11,217.55,166.81,384.36,50.74,35.6,CRC,Commerce,9025.53999999998
2022-08-15,79.8,122.89,202.69,-43.09,28.37,CRC,Commerce,8982.44999999998
2022-08-16,277.46,283.69,561.15,-6.22,34.25,CRC,Commerce,8976.229999999981
2022-08-17,132.17,156.21,288.38,-24.04,31.21,CRC,Commerce,8952.18999999998
2022-08-18,88.7,37.83,126.53,50.87,28.62,CRC,Commerce,9003.059999999981
2022-08-19,94.36,82.94,177.31,11.42,31.07,CRC,Commerce,9014.479999999981
2022-08-22,193.68,117.6,311.27,76.08,36.94,CRC,Commerce,9090.559999999981
2022-08-23,143.36,188.61,331.97,-45.24,31.68,CRC,Commerce,9045.319999999982
2022-08-24,277.92,201.65,479.57,76.27,49.37,CRC,Commerce,9121.589999999982
2022-08-25,45.71,43.67,89.38,2.05,27.51,CRC,Commerce,9123.639999999981
2022-08-26,237.01,99.37,336.38,137.64,36.17,CRC,Commerce,9261.27999999998
2022-08-29,185.38,136.76,322.14,48.62,34.61,CRC,Commerce,9309.899999999981
2022-08-30,189.86,155.01,344.87,34.85,27.05,CRC,Commerce,9344.749999999982
2022-08-31,266.48,211.89,478.37,54.59,46.06,CRC,Commerce,9399.339999999982
2022-09-01,167.86,132.02,299.88,35.85,30.88,CRC,Commerce,9435.189999999982
2022-09-02,167.19,236.16,403.34,-68.97,35.99,CRC,Commerce,9366.219999999983
2022-09-05,125.4,89.83,215.23,35.57,25.44,CRC,Commerce,9401.789999999983
2022-09-06,197.99,128.52,326.51,69.46,34.27,CRC,Commerce,9471.249999999982
2022-09-07,156.36,171.06,327.42,-14.7,43.48,CRC,Commerce,9456.549999999981
2022-09-08,461.2,332.12,793.32,129.08,35.38,CRC,Commerce,9585.629999999981
2022-09-09,255.88,154.13,410.0,101.75,25.1,CRC,Commerce,9687.379999999981
2022-09-12,131.09,75.77,206.86,55.33,29.75,CRC,Commerce,9742.709999999981
2022-09-13,119.79,100.49,220.28,19.3,37.5,CRC,Commerce,9762.00999999998
2022-09-14,183.77,130.79,314.56,52.98,29.27,CRC,Commerce,9814.98999999998
2022-09-15,188.96,147.76,336.72,41.19,37.15,CRC,Commerce,9856.17999999998
2022-09-16,571.77,367.58,939.35,204.18,54.78,CRC,Commerce,10060.35999999998
2022-09-19,143.91,66.99,210.9,76.93,39.29,CRC,Commerce,10137.28999999998
2022-09-20,194.2,243.73,437.93,-49.53,24.67,CRC,Commerce,10087.75999999998
2022-09-21,167.97,150.43,318.4,17.55,27.56,CRC,Commerce,10105.30999999998
2022-09-22,251.76,209.91,461.66,41.85,28.1,CRC,Commerce,10147.15999999998
2022-09-23,283.69,130.34,414.03,153.34,43.1,CRC,Commerce,10300.49999999998
2022-09-26,186.59,199.12,385.7,-12.53,37.62,CRC,Commerce,10287.96999999998
2022-09-27,293.94,312.02,605.95,-18.08,34.74,CRC,Commerce,10269.88999999998
2022-09-28,354.55,181.91,536.45,172.64,40.92,CRC,Commerce,10442.529999999979
2022-09-29,384.54,282.65,667.19,101.88,42.97,CRC,Commerce,10544.409999999978
2022-09-30,129.62,103.88,233.51,25.74,38.35,CRC,Commerce,10570.149999999978
2022-10-03,209.32,125.91,335.24,83.41,25.01,CRC,Commerce,10653.559999999978
2022-10-04,203.74,310.94,514.68,-107.2,41.43,CRC,Commerce,10546.359999999977
2022-10-05,287.3,219.61,506.91,67.69,36.87,CRC,Commerce,10614.049999999977
2022-10-06,214.84,138.85,353.7,75.99,45.26,CRC,Commerce,10690.039999999977
2022-10-07,88.73,101.9,190.63,-13.17,35.82,CRC,Commerce,10676.869999999977
2022-10-10,86.9,104.66,191.56,-17.76,44.25,CRC,Commerce,10659.109999999977
2022-10-11,45.92,72.61,118.53,-26.68,42.0,CRC,Commerce,10632.429999999977
2022-10-12,86.26,178.06,264.32,-91.79,40.4,CRC,Commerce,10540.639999999976
2022-10-17,139.45,240.49,379.95,-101.04,40.27,CRC,Commerce,10439.599999999975
2022-10-18,74.89,78.61,153.5,-3.72,29.15,CRC,Commerce,10435.879999999976
2022-10-19,120.38,104.77,225.15,15.61,39.67,CRC,Commerce,10451.489999999976
2022-10-20,125.11,97.35,222.46,27.76,49.37,CRC,Commerce,10479.249999999976
2022-10-21,75.79,49.91,125.71,25.88,36.83,CRC,Commerce,10505.129999999976
2022-10-25,166.67,121.99,288.66,44.68,37.27,CRC,Commerce,10549.809999999976
2022-10-26,151.21,126.17,277.38,25.05,42.24,CRC,Commerce,10574.859999999975
2022-10-27,185.75,192.5,378.25,-6.74,29.39,CRC,Commerce,10568.119999999975
2022-10-28,279.67,243.51,523.18,36.15,31.75,CRC,Commerce,10604.269999999975
2022-10-31,127.34,252.75,380.08,-125.41,31.23,CRC,Commerce,10478.859999999975
2022-11-01,229.01,201.13,430.14,27.88,30.69,CRC,Commerce,10506.739999999974
2022-11-02,242.22,194.26,436.48,47.96,42.59,CRC,Commerce,10554.699999999973
2022-11-03,226.81,129.84,356.64,96.97,33.31,CRC,Commerce,10651.669999999973
2022-11-04,218.96,183.79,402.74,35.17,46.01,CRC,Commerce,10686.839999999973
2022-11-07,342.94,207.17,550.11,135.77,43.09,CRC,Commerce,10822.609999999973
2022-11-08,170.29,127.32,297.61,42.98,32.23,CRC,Commerce,10865.589999999973
2022-11-09,174.65,139.12,313.77,35.54,43.28,CRC,Commerce,10901.129999999974
2022-11-10,108.15,175.71,283.85,-67.56,43.72,CRC,Commerce,10833.569999999974
2022-11-11,552.57,234.28,786.85,318.3,34.21,CRC,Commerce,11151.869999999974
2022-11-14,310.74,162.67,473.41,148.06,37.94,CRC,Commerce,11299.929999999973
2022-11-15,217.84,181.84,399.67,36.0,46.1,CRC,Commerce,11335.929999999973
2022-11-16,238.36,200.63,438.99,37.72,44.13,CRC,Commerce,11373.649999999972
2022-11-17,123.62,121.45,245.08,2.17,33.23,CRC,Commerce,11375.819999999972
2022-11-18,167.09,84.03,251.11,83.06,40.38,CRC,Commerce,11458.879999999972
2022-11-21,241.47,171.53,412.99,69.94,32.48,CRC,Commerce,11528.819999999972
2022-11-22,334.94,246.29,581.24,88.65,33.72,CRC,Commerce,11617.469999999972
2022-11-23,266.35,174.03,440.38,92.32,36.67,CRC,Commerce,11709.789999999972
2022-11-24,203.97,123.17,327.14,80.79,35.63,CRC,Commerce,11790.579999999973
2022-11-25,255.35,158.11,413.46,97.25,42.16,CRC,Commerce,11887.829999999973
2022-11-28,232.23,199.27,431.5,32.96,51.62,CRC,Commerce,11920.789999999972
2022-11-29,245.43,279.12,524.54,-33.69,46.1,CRC,Commerce,11887.099999999971
2022-11-30,1225.18,1065.45,2290.62,159.73,59.82,CRC,Commerce,12046.82999999997
2022-12-01,533.92,287.69,821.61,246.23,31.76,CRC,Commerce,12293.05999999997
2022-12-02,161.87,163.54,325.41,-1.67,31.94,CRC,Commerce,12291.38999999997
2022-12-06,412.06,384.2,796.26,27.85,59.07,CRC,Commerce,12319.23999999997
2022-12-07,131.74,123.31,255.05,8.43,37.38,CRC,Commerce,12327.669999999971
2022-12-08,59.92,52.28,112.19,7.64,40.97,CRC,Commerce,12335.30999999997
2022-12-09,87.63,110.79,198.43,-23.16,33.0,CRC,Commerce,12312.14999999997
2022-12-13,138.23,110.4,248.63,27.83,34.1,CRC,Commerce,12339.97999999997
2022-12-14,133.7,111.8,245.51,21.9,29.27,CRC,Commerce,12361.87999999997
2022-12-15,330.65,231.58,562.23,99.08,34.56,CRC,Commerce,12460.95999999997
2022-12-16,323.03,254.88,577.92,68.15,45.52,CRC,Commerce,12529.10999999997
2022-12-19,175.75,277.07,452.82,-101.32,28.28,CRC,Commerce,12427.78999999997
2022-12-20,366.97,239.61,606.58,127.36,40.78,CRC,Commerce,12555.14999999997
2022-12-21,117.89,116.61,234.5,1.28,30.01,CRC,Commerce,12556.429999999971
2022-12-22,166.02,86.01,252.03,80.01,37.03,CRC,Commerce,12636.439999999971
2022-12-23,83.93,80.08,164.01,3.86,32.96,CRC,Commerce,12640.299999999972
2022-12-26,29.84,40.27,70.11,-10.43,24.58,CRC,Commerce,12629.869999999972
2022-12-27,153.93,100.01,253.94,53.92,33.04,CRC,Commerce,12683.789999999972
2022-12-28,337.97,233.96,571.93,104.01,33.39,CRC,Commerce,12787.799999999972
2022-12-29,339.7,183.39,523.09,156.31,58.07,CRC,Commerce,12944.109999999971
2022-12-30,280.57,155.86,436.42,124.71,43.22,CRC,Commerce,13068.81999999997
2023-01-03,243.58,88.6,332.18,154.97,36.33,CRC,Commerce,13223.78999999997
2023-01-04,355.41,178.55,533.96,176.86,35.99,CRC,Commerce,13400.64999999997
2023-01-05,377.27,265.31,642.58,111.96,36.74,CRC,Commerce,13512.60999999997
2023-01-06,105.26,103.41,208.66,1.85,33.04,CRC,Commerce,13514.45999999997
2023-01-09,152.1,133.43,285.53,18.67,38.77,CRC,Commerce,13533.12999999997
2023-01-10,329.36,243.37,572.73,85.99,31.17,CRC,Commerce,13619.11999999997
2023-01-11,228.92,208.57,437.49,20.35,32.74,CRC,Commerce,13639.46999999997
2023-01-12,283.89,290.68,574.57,-6.79,49.88,CRC,Commerce,13632.67999999997
2023-01-13,173.72,194.0,367.72,-20.29,36.68,CRC,Commerce,13612.389999999968
2023-01-16,326.16,297.64,623.81,28.52,39.94,CRC,Commerce,13640.909999999969
2023-01-17,201.62,237.01,438.63,-35.39,29.84,CRC,Commerce,13605.51999999997
2023-01-18,155.87,136.54,292.41,19.33,30.56,CRC,Commerce,13624.84999999997
2023-01-19,85.98,167.7,253.68,-81.72,24.13,CRC,Commerce,13543.12999999997
2023-01-20,154.6,205.2,359.8,-50.6,34.48,CRC,Commerce,13492.52999999997
2023-01-23,95.5,90.03,185.53,5.48,27.69,CRC,Commerce,13498.00999999997
2023-01-24,68.46,62.39,130.85,6.07,20.34,CRC,Commerce,13504.079999999969
2023-01-25,90.09,176.76,266.84,-86.67,25.88,CRC,Commerce,13417.409999999969
2023-01-26,113.45,154.89,268.34,-41.44,29.57,CRC,Commerce,13375.969999999968
2023-01-27,84.59,99.21,183.8,-14.62,24.44,CRC,Commerce,13361.349999999968
2023-01-30,216.7,132.27,348.97,84.44,26.76,CRC,Commerce,13445.789999999968
2023-01-31,393.12,244.12,637.24,149.0,45.96,CRC,Commerce,13594.789999999968
2023-02-01,203.1,144.15,347.25,58.95,35.92,CRC,Commerce,13653.739999999969
2023-02-02,301.73,409.42,711.15,-107.69,42.88,CRC,Commerce,13546.049999999968
2023-02-03,173.31,121.24,294.55,52.07,28.89,CRC,Commerce,13598.119999999968
2023-02-06,59.4,115.91,175.31,-56.51,23.34,CRC,Commerce,13541.609999999968
2023-02-07,142.05,218.34,360.39,-76.29,40.21,CRC,Commerce,13465.319999999967
2023-02-08,173.72,266.67,440.39,-92.96,44.63,CRC,Commerce,13372.359999999968
2023-02-09,89.52,197.5,287.02,-107.99,22.64,CRC,Commerce,13264.369999999968
2023-02-10,118.34,187.82,306.16,-69.48,41.48,CRC,Commerce,13194.889999999968
2023-02-13,166.13,198.97,365.1,-32.84,42.78,CRC,Commerce,13162.049999999968
2023-02-14,229.19,135.73,364.93,93.46,31.21,CRC,Commerce,13255.509999999967
2023-02-15,180.03,88.05,268.08,91.97,28.08,CRC,Commerce,13347.479999999967
2023-02-16,70.41,104.35,174.76,-33.94,38.08,CRC,Commerce,13313.539999999966
2023-02-17,147.74,113.11,260.85,34.63,33.13,CRC,Commerce,13348.169999999966
2023-02-20,128.62,86.83,215.45,41.79,41.96,CRC,Commerce,13389.959999999966
2023-02-21,63.89,108.84,172.73,-44.94,33.43,CRC,Commerce,13345.019999999966
2023-02-22,275.9,259.05,534.95,16.85,40.03,CRC,Commerce,13361.869999999966
2023-02-23,88.05,132.99,221.04,-44.95,35.1,CRC,Commerce,13316.919999999966
2023-02-24,226.38,243.61,469.99,-17.23,36.16,CRC,Commerce,13299.689999999966
2023-02-27,220.72,144.99,365.71,75.73,46.34,CRC,Commerce,13375.419999999966
2023-02-28,212.3,258.91,471.21,-46.61,41.65,CRC,Commerce,13328.809999999965
2023-03-01,510.82,451.44,962.27,59.38,26.42,CRC,Commerce,13388.189999999964
2023-03-02,152.98,184.4,337.38,-31.41,36.32,CRC,Commerce,13356.779999999964
2023-03-03,156.97,217.51,374.48,-60.54,35.79,CRC,Commerce,13296.239999999963
2023-03-07,71.54,137.6,209.14,-66.06,25.78,CRC,Commerce,13230.179999999964
2023-03-08,156.78,296.67,453.45,-139.89,31.54,CRC,Commerce,13090.289999999964
2023-03-09,221.72,284.29,506.01,-62.57,41.46,CRC,Commerce,13027.719999999965
2023-03-10,83.52,161.57,245.09,-78.05,44.15,CRC,Commerce,12949.669999999966
2023-03-13,203.24,278.97,482.2,-75.73,44.28,CRC,Commerce,12873.939999999966
2023-03-14,196.83,453.54,650.37,-256.7,32.02,CRC,Commerce,12617.239999999965
2023-03-15,89.52,244.42,333.93,-154.9,26.96,CRC,Commerce,12462.339999999966
2023-03-16,154.87,190.58,345.45,-35.71,26.54,CRC,Commerce,12426.629999999966
2023-03-17,244.69,265.15,509.84,-20.46,37.83,CRC,Commerce,12406.169999999967
2023-03-20,171.09,289.97,461.06,-118.88,35.19,CRC,Commerce,12287.289999999968
2023-03-21,76.43,97.05,173.48,-20.61,24.77,CRC,Commerce,12266.679999999968
2023-03-22,86.33,191.91,278.24,-105.58,27.34,CRC,Commerce,12161.099999999968
2023-03-23,84.23,103.36,187.59,-19.12,24.87,CRC,Commerce,12141.979999999967
2023-03-24,292.43,154.73,447.16,137.7,42.49,CRC,Commerce,12279.679999999968
2023-03-27,70.47,47.8,118.26,22.67,23.92,CRC,Commerce,12302.349999999968
2023-03-28,158.16,96.17,254.33,61.99,32.49,CRC,Commerce,12364.339999999967
2023-03-29,98.86,62.88,161.74,35.97,36.91,CRC,Commerce,12400.309999999967
2023-03-30,139.58,151.16,290.74,-11.57,35.56,CRC,Commerce,12388.739999999967
2023-03-31,299.76,186.21,485.97,113.55,44.18,CRC,Commerce,12502.289999999966
2023-04-03,87.99,98.64,186.63,-10.65,38.33,CRC,Commerce,12491.639999999967
2023-04-04,83.28,57.74,141.01,25.54,38.44,CRC,Commerce,12517.179999999968
2023-04-05,166.23,103.63,269.87,62.6,39.0,CRC,Commerce,12579.779999999968
2023-04-07,71.32,56.03,127.35,15.29,37.31,CRC,Commerce,12595.069999999969
2023-04-10,111.38,97.09,208.48,14.29,46.54,CRC,Commerce,12609.35999999997
2023-04-11,95.7,57.77,153.48,37.93,34.31,CRC,Commerce,12647.28999999997
2023-04-12,179.77,82.22,261.99,97.55,34.52,CRC,Commerce,12744.83999999997
2023-04-17,103.61,69.96,173.58,33.65,34.53,CRC,Commerce,12778.489999999969
2023-04-18,186.94,157.24,344.18,29.69,34.6,CRC,Commerce,12808.17999999997
2023-04-19,227.12,184.98,412.09,42.14,34.55,CRC,Commerce,12850.319999999969
2023-04-20,111.35,86.76,198.11,24.58,39.42,CRC,Commerce,12874.899999999969
2023-04-21,104.85,141.4,246.25,-36.56,41.09,CRC,Commerce,12838.33999999997
2023-04-24,102.13,142.23,244.36,-40.1,46.26,CRC,Commerce,12798.239999999969
2023-04-25,86.14,98.95,185.09,-12.81,37.82,CRC,Commerce,12785.42999999997
2023-04-26,111.44,104.19,215.62,7.25,48.68,CRC,Commerce,12792.67999999997
2023-04-27,103.42,57.78,161.2,45.64,38.1,CRC,Commerce,12838.319999999969
2023-04-28,124.34,158.68,283.02,-34.35,41.26,CRC,Commerce,12803.969999999968
2023-05-02,123.88,128.6,252.48,-4.72,45.34,CRC,Commerce,12799.249999999969
2023-05-03,196.84,270.07,466.91,-73.23,35.95,CRC,Commerce,12726.01999999997
2023-05-08,207.7,123.96,331.66,83.74,26.9,CRC,Commerce,12809.75999999997
2023-05-09,63.12,114.89,178.0,-51.77,32.63,CRC,Commerce,12757.989999999969
2023-05-10,103.94,94.57,198.51,9.37,48.34,CRC,Commerce,12767.35999999997
2023-05-11,116.24,103.37,219.61,12.87,27.37,CRC,Commerce,12780.22999999997
2023-05-12,214.99,156.74,371.72,58.25,42.73,CRC,Commerce,12838.47999999997
2023-05-15,267.13,177.97,445.1,89.17,34.25,CRC,Commerce,12927.64999999997
2023-05-16,177.6,100.09,277.68,77.51,36.41,CRC,Commerce,13005.15999999997
2023-05-17,154.37,206.3,360.67,-51.93,25.32,CRC,Commerce,12953.22999999997
2023-05-18,152.22,241.17,393.39,-88.95,36.47,CRC,Commerce,12864.27999999997
2023-05-19,124.35,73.14,197.49,51.21,26.69,CRC,Commerce,12915.489999999969
2023-05-22,178.78,155.25,334.03,23.53,31.67,CRC,Commerce,12939.01999999997
2023-05-23,76.15,226.71,302.86,-150.57,32.65,CRC,Commerce,12788.44999999997
2023-05-24,80.02,132.93,212.96,-52.91,39.71,CRC,Commerce,12735.53999999997
2023-05-25,92.9,163.3,256.21,-70.4,36.05,CRC,Commerce,12665.13999999997
2023-05-26,54.17,129.43,183.6,-75.26,41.67,CRC,Commerce,12589.87999999997
2023-05-29,130.21,183.62,313.83,-53.41,44.4,CRC,Commerce,12536.46999999997
2023-05-30,182.07,231.16,413.23,-49.1,39.47,CRC,Commerce,12487.36999999997
2023-05-31,237.73,465.64,703.37,-227.91,57.31,CRC,Commerce,12259.45999999997
2023-06-01,241.12,153.04,394.16,88.07,28.82,CRC,Commerce,12347.52999999997
2023-06-02,242.03,121.07,363.1,120.96,34.05,CRC,Commerce,12468.489999999969
2023-06-06,290.14,246.89,537.03,43.25,43.56,CRC,Commerce,12511.739999999969
2023-06-07,355.68,310.78,666.46,44.91,52.61,CRC,Commerce,12556.649999999969
2023-06-08,154.13,280.11,434.24,-125.97,43.81,CRC,Commerce,12430.67999999997
2023-06-09,185.83,273.26,459.09,-87.42,36.02,CRC,Commerce,12343.25999999997
2023-06-12,36.65,90.49,127.14,-53.85,35.84,CRC,Commerce,12289.409999999969
2023-06-13,68.89,160.11,229.0,-91.22,27.35,CRC,Commerce,12198.18999999997
2023-06-14,140.06,194.23,334.28,-54.17,27.12,CRC,Commerce,12144.01999999997
2023-06-15,126.51,72.15,198.66,54.37,43.06,CRC,Commerce,12198.38999999997
2023-06-16,236.17,209.66,445.82,26.51,41.45,CRC,Commerce,12224.89999999997
2023-06-19,54.99,111.47,166.47,-56.48,35.28,CRC,Commerce,12168.419999999971
2023-06-20,156.41,151.55,307.96,4.86,44.93,CRC,Commerce,12173.279999999972
2023-06-21,79.64,241.02,320.66,-161.38,32.83,CRC,Commerce,12011.899999999972
2023-06-22,52.05,91.75,143.8,-39.71,33.15,CRC,Commerce,11972.189999999973
2023-06-23,289.45,145.22,434.66,144.23,28.3,CRC,Commerce,12116.419999999973
2023-06-26,93.64,85.3,178.94,8.34,29.05,CRC,Commerce,12124.759999999973
2023-06-27,128.23,114.79,243.02,13.44,38.67,CRC,Commerce,12138.199999999973
2023-06-28,311.5,227.93,539.43,83.57,48.15,CRC,Commerce,12221.769999999973
2023-06-29,254.19,246.37,500.56,7.82,43.28,CRC,Commerce,12229.589999999973
2023-06-30,259.43,364.61,624.04,-105.18,29.66,CRC,Commerce,12124.409999999973
2023-07-03,161.66,190.75,352.41,-29.09,23.19,CRC,Commerce,12095.319999999972
2023-07-04,138.41,307.9,446.31,-169.48,21.63,CRC,Commerce,11925.839999999973
2023-07-05,67.32,154.37,221.69,-87.05,29.5,CRC,Commerce,11838.789999999974
2023-07-06,149.01,142.73,291.74,6.28,28.99,CRC,Commerce,11845.069999999974
2023-07-07,121.79,119.85,241.64,1.94,33.51,CRC,Commerce,11847.009999999975
2023-07-10,57.89,144.66,202.56,-86.77,32.77,CRC,Commerce,11760.239999999974
2023-07-11,37.67,142.21,179.88,-104.54,30.25,CRC,Commerce,11655.699999999973
2023-07-12,113.64,144.08,257.72,-30.44,34.8,CRC,Commerce,11625.259999999973
2023-07-13,99.22,66.78,166.0,32.45,34.2,CRC,Commerce,11657.709999999974
2023-07-14,173.32,128.89,302.21,44.42,35.73,CRC,Commerce,11702.129999999974
2023-07-17,123.22,247.98,371.2,-124.76,32.3,CRC,Commerce,11577.369999999974
2023-07-18,151.7,274.19,425.89,-122.5,38.41,CRC,Commerce,11454.869999999974
2023-07-19,96.06,230.87,326.93,-134.81,28.92,CRC,Commerce,11320.059999999974
2023-07-20,61.63,146.76,208.39,-85.14,30.43,CRC,Commerce,11234.919999999975
2023-07-21,107.4,169.09,276.49,-61.69,30.48,CRC,Commerce,11173.229999999974
2023-07-24,65.68,93.74,159.42,-28.06,30.22,CRC,Commerce,11145.169999999975
2023-07-25,125.76,119.24,245.01,6.52,30.17,CRC,Commerce,11151.689999999975
2023-07-26,75.08,63.27,138.35,11.81,42.19,CRC,Commerce,11163.499999999975
2023-07-27,210.18,209.68,419.86,0.51,43.14,CRC,Commerce,11164.009999999975
2023-07-31,191.28,161.51,352.78,29.77,30.38,CRC,Commerce,11193.779999999975
2023-08-02,53.25,66.76,120.02,-13.51,25.66,CRC,Commerce,11180.269999999975
2023-08-03,141.81,133.49,275.3,8.32,29.32,CRC,Commerce,11188.589999999975
2023-08-04,208.4,185.37,393.77,23.03,36.87,CRC,Commerce,11211.619999999975
2023-08-07,246.47,173.38,419.84,73.09,38.14,CRC,Commerce,11284.709999999975
2023-08-08,133.5,183.19,316.69,-49.69,35.23,CRC,Commerce,11235.019999999975
2023-08-09,114.15,102.01,216.16,12.14,32.23,CRC,Commerce,11247.159999999974
2023-08-10,106.72,133.76,240.48,-27.05,30.48,CRC,Commerce,11220.109999999975
2023-08-11,133.56,168.49,302.05,-34.93,38.38,CRC,Commerce,11185.179999999975
2023-08-15,55.57,164.67,220.24,-109.1,38.05,CRC,Commerce,11076.079999999974
2023-08-16,187.44,311.81,499.25,-124.37,36.85,CRC,Commerce,10951.709999999974
2023-08-17,170.81,183.76,354.57,-12.95,23.74,CRC,Commerce,10938.759999999973
2023-08-18,68.38,380.83,449.21,-312.45,39.44,CRC,Commerce,10626.309999999972
2023-08-21,86.92,213.93,300.85,-127.01,33.15,CRC,Commerce,10499.299999999972
2023-08-22,614.97,542.66,1157.63,72.31,32.56,CRC,Commerce,10571.609999999971
2023-08-23,75.58,293.13,368.71,-217.54,25.15,CRC,Commerce,10354.06999999997
2023-08-24,77.04,210.04,287.08,-133.01,32.88,CRC,Commerce,10221.05999999997
2023-08-25,92.68,163.62,256.3,-70.94,25.16,CRC,Commerce,10150.11999999997
2023-08-28,99.43,259.78,359.22,-160.35,25.22,CRC,Commerce,9989.76999999997
2023-08-29,71.01,123.87,194.87,-52.86,28.02,CRC,Commerce,9936.909999999969
2023-08-30,114.91,166.03,280.94,-51.11,25.95,CRC,Commerce,9885.799999999968
2023-08-31,129.91,366.52,496.43,-236.61,27.36,CRC,Commerce,9649.189999999968
2023-09-01,83.88,164.82,248.69,-80.94,26.7,CRC,Commerce,9568.249999999967
2023-09-04,100.38,110.94,211.32,-10.57,27.39,CRC,Commerce,9557.679999999968
2023-09-05,60.09,76.97,137.07,-16.88,25.12,CRC,Commerce,9540.799999999968
2023-09-06,64.94,185.47,250.41,-120.54,30.41,CRC,Commerce,9420.259999999967
2023-09-07,42.87,99.26,142.13,-56.38,22.27,CRC,Commerce,9363.879999999968
2023-09-08,230.8,246.34,477.13,-15.54,27.45,CRC,Commerce,9348.339999999967
2023-09-11,65.96,87.08,153.04,-21.11,26.3,CRC,Commerce,9327.229999999967
2023-09-12,100.88,104.56,205.44,-3.68,36.98,CRC,Commerce,9323.549999999967
2023-09-13,29.27,185.84,215.11,-156.57,32.28,CRC,Commerce,9166.979999999967
2023-09-14,108.57,161.32,269.89,-52.75,30.94,CRC,Commerce,9114.229999999967
2023-09-15,587.38,995.61,1582.99,-408.23,33.39,CRC,Commerce,8705.999999999967
2023-09-18,243.52,191.6,435.12,51.92,31.25,CRC,Commerce,8757.919999999967
2023-09-19,54.3,199.23,253.53,-144.93,33.95,CRC,Commerce,8612.989999999967
2023-09-20,84.72,174.25,258.97,-89.53,31.59,CRC,Commerce,8523.459999999966
2023-09-21,28.83,180.31,209.14,-151.47,27.78,CRC,Commerce,8371.989999999967
2023-09-22,79.77,156.54,236.32,-76.77,29.69,CRC,Commerce,8295.219999999967
2023-09-25,63.18,74.86,138.04,-11.68,31.92,CRC,Commerce,8283.539999999966
2023-09-26,236.57,184.98,421.55,51.59,41.6,CRC,Commerce,8335.129999999966
2023-09-27,343.48,416.28,759.77,-72.8,41.09,CRC,Commerce,8262.329999999967
2023-09-28,157.09,286.23,443.32,-129.14,25.51,CRC,Commerce,8133.189999999967
2023-09-29,447.03,166.87,613.9,280.15,42.02,CRC,Commerce,8413.339999999967
2023-10-02,62.58,97.12,159.69,-34.54,29.49,CRC,Commerce,8378.799999999967
2023-10-03,73.33,274.07,347.4,-200.74,34.79,CRC,Commerce,8178.059999999967
2023-10-04,766.19,210.06,976.26,556.13,35.86,CRC,Commerce,8734.189999999966
2023-10-05,110.02,111.26,221.28,-1.25,30.0,CRC,Commerce,8732.939999999966
2023-10-06,158.96,84.94,243.9,74.03,28.95,CRC,Commerce,8806.969999999967
2023-10-09,200.47,104.86,305.34,95.61,27.9,CRC,Commerce,8902.579999999967
2023-10-10,218.58,215.21,433.79,3.38,34.32,CRC,Commerce,8905.959999999966
2023-10-11,188.74,163.51,352.24,25.23,27.31,CRC,Commerce,8931.189999999966
2023-10-12,454.25,95.88,550.13,358.37,40.77,CRC,Commerce,9289.559999999967
2023-10-16,81.68,130.09,211.77,-48.41,28.33,CRC,Commerce,9241.149999999967
2023-10-17,80.99,99.68,180.67,-18.69,22.99,CRC,Commerce,9222.459999999966
2023-10-18,143.44,124.47,267.9,18.97,37.82,CRC,Commerce,9241.429999999966
2023-10-19,141.99,199.01,340.99,-57.02,23.69,CRC,Commerce,9184.409999999965
2023-10-20,110.89,87.91,198.8,22.98,34.22,CRC,Commerce,9207.389999999965
2023-10-24,114.56,86.28,200.84,28.29,44.54,CRC,Commerce,9235.679999999966
2023-10-25,87.61,95.05,182.66,-7.43,34.67,CRC,Commerce,9228.249999999965
2023-10-26,81.15,55.74,136.88,25.41,35.59,CRC,Commerce,9253.659999999965
2023-10-27,100.34,46.87,147.21,53.46,50.86,CRC,Commerce,9307.119999999964
2023-10-30,175.93,124.49,300.42,51.44,42.21,CRC,Commerce,9358.559999999965
2023-10-31,260.01,328.59,588.6,-68.57,33.42,CRC,Commerce,9289.989999999965
2023-11-01,100.27,114.38,214.65,-14.12,38.27,CRC,Commerce,9275.869999999964
2023-11-02,68.23,66.21,134.43,2.02,37.31,CRC,Commerce,9277.889999999965
2023-11-03,156.66,125.38,282.04,31.29,26.71,CRC,Commerce,9309.179999999966
2023-11-06,165.48,145.66,311.14,19.82,45.51,CRC,Commerce,9328.999999999965
2023-11-07,176.74,196.41,373.14,-19.67,38.16,CRC,Commerce,9309.329999999965
2023-11-08,132.25,77.29,209.54,54.96,27.42,CRC,Commerce,9364.289999999964
2023-11-09,71.49,94.47,165.96,-22.99,31.7,CRC,Commerce,9341.299999999965
2023-11-10,170.58,305.76,476.34,-135.18,24.59,CRC,Commerce,9206.119999999964
2023-11-13,177.4,132.85,310.25,44.55,34.54,CRC,Commerce,9250.669999999964
2023-11-14,91.69,158.75,250.44,-67.06,33.54,CRC,Commerce,9183.609999999964
2023-11-15,206.81,145.51,352.33,61.3,30.4,CRC,Commerce,9244.909999999963
2023-11-16,55.61,96.45,152.07,-40.84,43.76,CRC,Commerce,9204.069999999963
2023-11-17,54.28,61.73,116.01,-7.45,30.85,CRC,Commerce,9196.619999999963
2023-11-20,114.93,80.59,195.52,34.34,25.79,CRC,Commerce,9230.959999999963
2023-11-21,84.52,74.56,159.08,9.96,48.88,CRC,Commerce,9240.919999999962
2023-11-22,44.43,30.61,75.04,13.82,29.38,CRC,Commerce,9254.739999999962
2023-11-23,40.86,24.23,65.08,16.63,26.9,CRC,Commerce,9271.36999999996
2023-11-24,102.85,90.44,193.29,12.41,28.25,CRC,Commerce,9283.77999999996
2023-11-27,123.96,47.59,171.56,76.37,39.8,CRC,Commerce,9360.149999999961
2023-11-28,110.75,104.52,215.27,6.24,39.35,CRC,Commerce,9366.389999999961
2023-11-29,82.07,77.01,159.08,5.06,28.67,CRC,Commerce,9371.44999999996
2023-11-30,265.05,147.5,412.56,117.55,41.07,CRC,Commerce,9488.99999999996
2023-12-01,53.34,60.54,113.88,-7.21,24.54,CRC,Commerce,9481.78999999996
2023-12-04,47.77,41.2,88.98,6.57,40.72,CRC,Commerce,9488.35999999996
2023-12-06,49.4,73.34,122.74,-23.94,41.8,CRC,Commerce,9464.41999999996
2023-12-07,55.03,41.83,96.86,13.2,15.87,CRC,Commerce,9477.61999999996
2023-12-08,85.64,121.57,207.21,-35.93,44.08,CRC,Commerce,9441.68999999996
2023-12-12,64.02,78.53,142.55,-14.51,46.46,CRC,Commerce,9427.17999999996
2023-12-13,137.87,115.02,252.89,22.84,35.1,CRC,Commerce,9450.01999999996
2023-12-14,109.68,76.86,186.54,32.83,36.9,CRC,Commerce,9482.84999999996
2023-12-15,420.12,206.69,626.81,213.43,53.59,CRC,Commerce,9696.27999999996
2023-12-18,72.03,142.73,214.76,-70.69,29.04,CRC,Commerce,9625.58999999996
2023-12-19,25.89,59.76,85.65,-33.87,29.73,CRC,Commerce,9591.71999999996
2023-12-20,41.54,44.03,85.57,-2.49,22.65,CRC,Commerce,9589.22999999996
2023-12-21,67.33,90.54,157.88,-23.21,23.42,CRC,Commerce,9566.01999999996
2023-12-22,59.65,89.22,148.86,-29.57,29.11,CRC,Commerce,9536.44999999996
2023-12-25,105.36,31.79,137.15,73.57,26.44,CRC,Commerce,9610.01999999996
2023-12-26,202.03,66.55,268.57,135.48,40.39,CRC,Commerce,9745.49999999996
2023-12-27,231.35,170.67,402.02,60.68,43.57,CRC,Commerce,9806.17999999996
2023-12-28,163.97,62.16,226.13,101.81,37.74,CRC,Commerce,9907.98999999996
2024-01-02,103.63,95.05,198.69,8.58,27.16,CRC,Commerce,9916.56999999996
2024-01-03,144.89,78.6,223.49,66.29,22.11,CRC,Commerce,9982.85999999996
2024-01-04,128.69,85.92,214.61,42.77,27.15,CRC,Commerce,10025.629999999961
2024-01-05,54.63,48.93,103.56,5.71,27.5,CRC,Commerce,10031.33999999996
2024-01-08,38.43,60.55,98.98,-22.12,31.9,CRC,Commerce,10009.21999999996
2024-01-09,42.35,31.14,73.49,11.2,24.95,CRC,Commerce,10020.41999999996
2024-01-10,72.45,59.54,131.98,12.91,33.76,CRC,Commerce,10033.32999999996
2024-01-11,112.5,50.48,162.98,62.02,23.99,CRC,Commerce,10095.34999999996
2024-01-12,159.84,63.09,222.94,96.75,27.79,CRC,Commerce,10192.09999999996
2024-01-15,30.28,42.17,72.44,-11.89,40.05,CRC,Commerce,10180.209999999961
2024-01-16,83.13,82.12,165.25,1.01,34.67,CRC,Commerce,10181.219999999961
2024-01-17,125.51,159.18,284.69,-33.67,33.14,CRC,Commerce,10147.549999999961
2024-01-18,160.61,168.18,328.79,-7.58,30.72,CRC,Commerce,10139.969999999961
2024-01-19,402.81,254.15,656.96,148.67,24.79,CRC,Commerce,10288.639999999961
2024-01-22,253.41,131.27,384.68,122.14,30.35,CRC,Commerce,10410.77999999996
2024-01-23,83.91,82.83,166.74,1.09,30.33,CRC,Commerce,10411.86999999996
2024-01-24,134.27,204.56,338.83,-70.28,31.39,CRC,Commerce,10341.58999999996
2024-01-25,52.0,74.81,126.81,-22.81,38.69,CRC,Commerce,10318.77999999996
2024-01-26,65.23,67.02,132.25,-1.78,34.87,CRC,Commerce,10316.99999999996
2024-01-29,67.1,82.07,149.17,-14.96,28.91,CRC,Commerce,10302.03999999996
2024-01-30,272.44,193.98,466.43,78.46,30.28,CRC,Commerce,10380.49999999996
2024-01-31,283.33,103.23,386.56,180.11,34.85,CRC,Commerce,10560.60999999996
2024-02-01,186.15,120.47,306.62,65.68,34.45,CRC,Commerce,10626.28999999996
2024-02-02,183.75,29.73,213.48,154.03,27.46,CRC,Commerce,10780.319999999962
2024-02-05,172.4,137.97,310.37,34.43,33.16,CRC,Commerce,10814.749999999962
2024-02-06,297.81,122.97,420.78,174.84,21.3,CRC,Commerce,10989.589999999962
2024-02-07,65.43,247.87,313.31,-182.44,25.58,CRC,Commerce,10807.149999999961
2024-02-08,145.34,171.23,316.56,-25.89,25.53,CRC,Commerce,10781.259999999962
2024-02-09,31.19,102.23,133.42,-71.05,23.15,CRC,Commerce,10710.209999999963
2024-02-12,87.11,303.32,390.43,-216.22,27.67,CRC,Commerce,10493.989999999963
2024-02-13,84.66,169.57,254.23,-84.9,25.94,CRC,Commerce,10409.089999999964
2024-02-14,67.82,134.89,202.72,-67.07,31.99,CRC,Commerce,10342.019999999964
2024-02-15,133.85,117.1,250.95,16.75,20.94,CRC,Commerce,10358.769999999964
2024-02-16,300.92,81.35,382.26,219.57,29.69,CRC,Commerce,10578.339999999964
2024-02-19,53.95,19.54,73.49,34.41,21.89,CRC,Commerce,10612.749999999964
2024-02-20,111.03,33.28,144.31,77.75,23.11,CRC,Commerce,10690.499999999964
2024-02-21,140.16,77.22,217.38,62.94,25.3,CRC,Commerce,10753.439999999964
2024-02-22,137.5,110.24,247.74,27.27,32.54,CRC,Commerce,10780.709999999965
2024-02-23,34.01,56.89,90.9,-22.88,26.0,CRC,Commerce,10757.829999999965
2024-02-27,74.73,137.5,212.23,-62.78,26.35,CRC,Commerce,10695.049999999965
2024-02-28,52.11,60.84,112.95,-8.73,28.63,CRC,Commerce,10686.319999999965
2024-02-29,342.07,183.16,525.23,158.91,47.78,CRC,Commerce,10845.229999999965
2024-03-01,212.92,187.05,399.98,25.87,28.4,CRC,Commerce,10871.099999999966
2024-03-04,71.5,115.92,187.41,-44.42,28.18,CRC,Commerce,10826.679999999966
2024-03-05,38.31,109.86,148.17,-71.55,24.76,CRC,Commerce,10755.129999999966
2024-03-06,60.66,47.76,108.41,12.9,26.88,CRC,Commerce,10768.029999999966
2024-03-07,46.59,106.2,152.79,-59.61,24.53,CRC,Commerce,10708.419999999966
2024-03-08,76.01,83.69,159.7,-7.68,36.85,CRC,Commerce,10700.739999999965
2024-03-11,82.19,80.25,162.44,1.94,38.94,CRC,Commerce,10702.679999999966
2024-03-12,84.08,56.26,140.33,27.82,34.27,CRC,Commerce,10730.499999999965
2024-03-13,85.49,48.96,134.45,36.53,26.86,CRC,Commerce,10767.029999999966
2024-03-14,57.25,109.31,166.56,-52.06,30.64,CRC,Commerce,10714.969999999967
2024-03-15,98.19,181.37,279.56,-83.18,40.77,CRC,Commerce,10631.789999999966
2024-03-18,65.51,204.43,269.95,-138.92,28.25,CRC,Commerce,10492.869999999966
2024-03-19,73.38,115.5,188.88,-42.11,29.16,CRC,Commerce,10450.759999999966
2024-03-20,102.74,158.37,261.12,-55.63,22.19,CRC,Commerce,10395.129999999966
2024-03-21,130.09,75.78,205.87,54.31,25.96,CRC,Commerce,10449.439999999966
2024-03-22,57.45,40.65,98.11,16.8,20.31,CRC,Commerce,10466.239999999965
2024-03-25,98.97,68.44,167.41,30.53,24.16,CRC,Commerce,10496.769999999966
2024-03-26,133.07,59.07,192.14,74.0,29.81,CRC,Commerce,10570.769999999966
2024-03-27,48.6,38.56,87.16,10.04,28.51,CRC,Commerce,10580.809999999967
2024-03-28,44.29,39.35,83.64,4.94,26.93,CRC,Commerce,10585.749999999967
2024-03-29,33.84,46.53,80.37,-12.69,27.1,CRC,Commerce,10573.059999999967
2024-04-01,245.48,106.58,352.06,138.91,29.01,CRC,Commerce,10711.969999999967
2024-04-02,448.67,127.17,575.84,321.5,23.81,CRC,Commerce,11033.469999999967
2024-04-03,112.68,47.95,160.63,64.72,25.62,CRC,Commerce,11098.189999999966
2024-04-04,125.65,38.26,163.91,87.39,17.81,CRC,Commerce,11185.579999999965
2024-04-05,68.22,30.68,98.9,37.54,29.94,CRC,Commerce,11223.119999999966
2024-04-09,177.65,196.69,374.34,-19.04,36.01,CRC,Commerce,11204.079999999965
2024-04-10,108.44,93.57,202.01,14.87,29.17,CRC,Commerce,11218.949999999966
2024-04-11,78.07,104.68,182.75,-26.6,30.22,CRC,Commerce,11192.349999999966
2024-04-17,95.51,200.06,295.57,-104.54,32.86,CRC,Commerce,11087.809999999965
2024-04-18,171.74,132.38,304.11,39.36,36.54,CRC,Commerce,11127.169999999966
2024-04-19,109.41,136.63,246.04,-27.22,38.4,CRC,Commerce,11099.949999999966
2024-04-22,198.07,123.14,321.2,74.93,27.49,CRC,Commerce,11174.879999999966
2024-04-23,193.35,154.4,347.75,38.96,29.36,CRC,Commerce,11213.839999999966
2024-04-24,96.17,86.53,182.7,9.63,23.23,CRC,Commerce,11223.469999999965
2024-04-25,106.93,77.98,184.91,28.95,36.23,CRC,Commerce,11252.419999999966
2024-04-26,39.98,80.68,120.66,-40.7,24.81,CRC,Commerce,11211.719999999965
2024-04-29,78.13,61.94,140.07,16.19,27.08,CRC,Commerce,11227.909999999965
2024-04-30,119.0,117.59,236.59,1.4,29.29,CRC,Commerce,11229.309999999965
2024-05-02,288.05,659.27,947.32,-371.22,27.97,CRC,Commerce,10858.089999999966
2024-05-03,147.24,248.07,395.3,-100.83,29.69,CRC,Commerce,10757.259999999966
2024-05-07,176.79,116.34,293.13,60.45,18.54,CRC,Commerce,10817.709999999966
2024-05-08,73.39,98.15,171.54,-24.75,20.69,CRC,Commerce,10792.959999999966
2024-05-09,108.91,87.35,196.26,21.57,17.38,CRC,Commerce,10814.529999999966
2024-05-10,303.47,252.96,556.43,50.51,24.63,CRC,Commerce,10865.039999999966
2024-05-13,104.85,59.24,164.09,45.61,27.2,CRC,Commerce,10910.649999999967
2024-05-14,211.99,127.25,339.24,84.74,26.29,CRC,Commerce,10995.389999999967
2024-05-15,81.27,112.99,194.27,-31.72,28.03,CRC,Commerce,10963.669999999967
2024-05-16,58.24,76.44,134.68,-18.2,26.37,CRC,Commerce,10945.469999999967
2024-05-17,44.01,67.39,111.41,-23.38,21.92,CRC,Commerce,10922.089999999967
2024-05-20,66.04,84.22,150.26,-18.17,43.96,CRC,Commerce,10903.919999999967
2024-05-21,129.58,91.69,221.27,37.89,38.87,CRC,Commerce,10941.809999999967
2024-05-23,107.63,150.04,257.67,-42.4,32.72,CRC,Commerce,10899.409999999967
2024-05-24,49.88,23.04,72.92,26.84,29.06,CRC,Commerce,10926.249999999967
2024-05-27,54.42,50.54,104.96,3.88,35.13,CRC,Commerce,10930.129999999966
2024-05-28,37.32,22.92,60.23,14.4,33.76,CRC,Commerce,10944.529999999966
2024-05-29,57.18,67.91,125.09,-10.73,30.81,CRC,Commerce,10933.799999999967
2024-05-30,67.9,41.29,109.19,26.61,28.96,CRC,Commerce,10960.409999999967
2024-05-31,271.59,291.07,562.67,-19.48,41.51,CRC,Commerce,10940.929999999968
2024-06-04,63.11,55.41,118.53,7.7,31.11,CRC,Commerce,10948.629999999968
2024-06-05,32.73,60.6,93.33,-27.87,33.55,CRC,Commerce,10920.759999999967
2024-06-06,42.99,137.71,180.7,-94.72,25.67,CRC,Commerce,10826.039999999968
2024-06-07,45.78,38.94,84.72,6.85,32.97,CRC,Commerce,10832.889999999968
2024-06-10,40.64,99.62,140.26,-58.98,32.92,CRC,Commerce,10773.909999999969
2024-06-11,85.22,74.66,159.88,10.56,32.94,CRC,Commerce,10784.469999999968
2024-06-12,101.63,79.29,180.92,22.34,36.84,CRC,Commerce,10806.809999999969
2024-06-13,19.09,74.15,93.24,-55.07,30.73,CRC,Commerce,10751.739999999969
2024-06-14,48.27,123.5,171.77,-75.24,35.67,CRC,Commerce,10676.499999999969
2024-06-17,121.99,106.63,228.62,15.36,32.88,CRC,Commerce,10691.85999999997
2024-06-18,67.34,28.75,96.09,38.59,25.66,CRC,Commerce,10730.44999999997
2024-06-19,102.45,92.4,194.85,10.05,36.17,CRC,Commerce,10740.499999999969
2024-06-20,316.63,399.62,716.25,-83.0,47.41,CRC,Commerce,10657.499999999969
2024-06-21,156.93,188.29,345.22,-31.36,34.58,CRC,Commerce,10626.139999999968
2024-06-24,145.03,106.42,251.45,38.61,32.61,CRC,Commerce,10664.749999999969
2024-06-25,84.43,156.05,240.48,-71.63,30.29,CRC,Commerce,10593.11999999997
2024-06-26,71.05,121.21,192.26,-50.16,31.47,CRC,Commerce,10542.95999999997
2024-06-27,54.68,70.92,125.6,-16.24,39.01,CRC,Commerce,10526.71999999997
2024-06-28,55.17,51.48,106.65,3.7,38.01,CRC,Commerce,10530.419999999971
2024-07-01,55.85,45.16,101.01,10.69,38.11,CRC,Commerce,10541.109999999971
2024-07-02,64.36,47.82,112.18,16.55,27.13,CRC,Commerce,10557.65999999997
2024-07-03,53.78,34.59,88.36,19.19,29.02,CRC,Commerce,10576.849999999971
2024-07-04,261.29,172.93,434.22,88.36,32.66,CRC,Commerce,10665.209999999972
2024-07-05,73.68,50.23,123.91,23.45,32.08,CRC,Commerce,10688.659999999973
2024-07-08,112.86,118.0,230.86,-5.13,34.86,CRC,Commerce,10683.529999999973
2024-07-09,89.45,96.65,186.1,-7.2,36.83,CRC,Commerce,10676.329999999973
2024-07-10,39.54,43.42,82.96,-3.88,31.76,CRC,Commerce,10672.449999999973
2024-07-11,71.11,53.1,124.22,18.01,23.66,CRC,Commerce,10690.459999999974
2024-07-12,117.85,55.23,173.08,62.62,24.93,CRC,Commerce,10753.079999999974
2024-07-15,43.89,45.38,89.27,-1.48,15.56,CRC,Commerce,10751.599999999975
2024-07-16,170.39,235.26,405.64,-64.87,27.27,CRC,Commerce,10686.729999999974
2024-07-17,81.25,77.93,159.18,3.32,36.04,CRC,Commerce,10690.049999999974
2024-07-18,35.78,30.37,66.15,5.41,13.68,CRC,Commerce,10695.459999999974
2024-07-19,130.29,38.07,168.37,92.22,31.9,CRC,Commerce,10787.679999999973
2024-07-23,35.67,97.64,133.32,-61.97,22.59,CRC,Commerce,10725.709999999974
2024-07-24,38.96,42.79,81.75,-3.83,23.63,CRC,Commerce,10721.879999999974
2024-07-25,39.79,38.87,78.66,0.92,25.78,CRC,Commerce,10722.799999999974
2024-07-26,26.97,36.45,63.42,-9.48,23.23,CRC,Commerce,10713.319999999974
2024-07-30,59.38,54.99,114.36,4.39,27.25,CRC,Commerce,10717.709999999974
2024-07-31,83.56,38.94,122.5,44.62,27.88,CRC,Commerce,10762.329999999974
2024-08-01,95.38,68.43,163.8,26.95,24.38,CRC,Commerce,10789.279999999975
2024-08-02,212.85,164.51,377.36,48.34,31.57,CRC,Commerce,10837.619999999975
2024-08-05,279.91,173.03,452.94,106.89,27.72,CRC,Commerce,10944.509999999975
2024-08-06,186.27,172.53,358.8,13.73,28.99,CRC,Commerce,10958.239999999974
2024-08-07,163.06,127.28,290.34,35.78,25.77,CRC,Commerce,10994.019999999975
2024-08-08,38.36,98.11,136.46,-59.75,30.12,CRC,Commerce,10934.269999999975
2024-08-09,28.33,56.27,84.59,-27.94,20.35,CRC,Commerce,10906.329999999974
2024-08-13,22.46,19.76,42.21,2.7,23.47,CRC,Commerce,10909.029999999975
2024-08-14,94.23,96.77,191.0,-2.53,46.28,CRC,Commerce,10906.499999999975
2024-08-15,183.16,138.19,321.35,44.98,26.82,CRC,Commerce,10951.479999999974
2024-08-16,132.84,78.25,211.09,54.59,24.75,CRC,Commerce,11006.069999999974
2024-08-19,76.7,102.29,178.99,-25.59,30.2,CRC,Commerce,10980.479999999974
2024-08-20,64.42,129.36,193.78,-64.95,29.77,CRC,Commerce,10915.529999999973
2024-08-21,11.53,38.15,49.68,-26.62,29.35,CRC,Commerce,10888.909999999973
2024-08-22,48.61,81.13,129.74,-32.52,29.54,CRC,Commerce,10856.389999999972
2024-08-23,33.5,64.16,97.67,-30.66,16.51,CRC,Commerce,10825.729999999972
2024-08-26,41.24,28.75,70.0,12.49,18.65,CRC,Commerce,10838.219999999972
2024-08-27,37.68,78.18,115.86,-40.51,20.31,CRC,Commerce,10797.709999999972
2024-08-28,156.82,106.65,263.48,50.17,15.44,CRC,Commerce,10847.879999999972
2024-08-29,66.1,67.51,133.61,-1.42,29.97,CRC,Commerce,10846.459999999972
2024-08-30,77.44,215.16,292.61,-137.72,39.37,CRC,Commerce,10708.739999999972
2024-09-02,62.64,36.3,98.94,26.34,28.97,CRC,Commerce,10735.079999999973
2024-09-03,72.52,87.21,159.73,-14.69,31.73,CRC,Commerce,10720.389999999972
2024-09-04,83.16,50.22,133.38,32.95,25.28,CRC,Commerce,10753.339999999973
2024-09-05,177.64,156.7,334.34,20.95,27.21,CRC,Commerce,10774.289999999974
2024-09-06,361.23,396.1,757.33,-34.87,25.81,CRC,Commerce,10739.419999999973
2024-09-09,260.8,152.64,413.44,108.16,26.89,CRC,Commerce,10847.579999999973
2024-09-10,87.01,133.95,220.96,-46.94,22.26,CRC,Commerce,10800.639999999972
2024-09-11,98.21,113.38,211.59,-15.16,26.98,CRC,Commerce,10785.479999999972
2024-09-12,27.64,44.18,71.83,-16.54,29.18,CRC,Commerce,10768.939999999971
2024-09-13,25.91,55.97,81.88,-30.07,20.47,CRC,Commerce,10738.869999999972
2024-09-16,36.39,89.07,125.46,-52.68,21.21,CRC,Commerce,10686.189999999971
2024-09-17,31.66,67.08,98.74,-35.42,30.65,CRC,Commerce,10650.769999999971
2024-09-18,33.91,60.7,94.6,-26.79,19.44,CRC,Commerce,10623.97999999997
2024-09-19,49.95,129.06,179.0,-79.11,22.84,CRC,Commerce,10544.86999999997
2024-09-20,69.47,126.6,196.07,-57.12,22.0,CRC,Commerce,10487.749999999969
2024-09-23,44.74,85.73,130.47,-40.98,22.1,CRC,Commerce,10446.76999999997
2024-09-24,52.21,69.89,122.1,-17.68,20.54,CRC,Commerce,10429.08999999997
2024-09-25,61.43,62.29,123.72,-0.86,23.18,CRC,Commerce,10428.229999999969
2024-09-26,164.12,142.15,306.28,21.97,27.79,CRC,Commerce,10450.199999999968
2024-09-27,235.27,53.28,288.55,182.0,24.57,CRC,Commerce,10632.199999999968
2024-09-30,421.35,126.72,548.06,294.63,29.39,CRC,Commerce,10926.829999999967
2024-10-01,145.33,88.33,233.66,57.0,23.13,CRC,Commerce,10983.829999999967
2024-10-02,70.14,141.62,211.75,-71.48,28.13,CRC,Commerce,10912.349999999968
2024-10-03,64.26,112.84,177.1,-48.58,17.72,CRC,Commerce,10863.769999999968
2024-10-04,63.1,96.46,159.57,-33.36,23.29,CRC,Commerce,10830.409999999967
2024-10-07,53.06,170.76,223.81,-117.7,28.34,CRC,Commerce,10712.709999999966
2024-10-08,89.0,234.95,323.96,-145.95,17.52,CRC,Commerce,10566.759999999966
2024-10-09,22.86,144.63,167.48,-121.77,28.57,CRC,Commerce,10444.989999999965
2024-10-10,47.33,79.38,126.71,-32.05,32.01,CRC,Commerce,10412.939999999966
2024-10-11,17.54,69.3,86.84,-51.76,27.86,CRC,Commerce,10361.179999999966
2024-10-15,52.76,70.04,122.8,-17.28,21.88,CRC,Commerce,10343.899999999965
2024-10-16,89.49,176.0,265.5,-86.51,33.56,CRC,Commerce,10257.389999999965
2024-10-17,56.35,79.81,136.16,-23.47,22.83,CRC,Commerce,10233.919999999966
2024-10-18,27.35,54.9,82.25,-27.55,21.83,CRC,Commerce,10206.369999999966
2024-10-21,11.4,73.81,85.21,-62.41,22.76,CRC,Commerce,10143.959999999966
2024-10-22,72.89,52.84,125.73,20.06,31.62,CRC,Commerce,10164.019999999966
2024-10-24,115.26,44.12,159.39,71.14,24.48,CRC,Commerce,10235.159999999965
2024-10-25,35.59,63.78,99.37,-28.19,23.34,CRC,Commerce,10206.969999999965
2024-10-28,66.27,74.09,140.36,-7.81,23.8,CRC,Commerce,10199.159999999965
2024-10-29,70.26,50.94,121.2,19.32,33.8,CRC,Commerce,10218.479999999965
2024-10-30,28.41,25.51,53.91,2.9,28.14,CRC,Commerce,10221.379999999965
2024-10-31,100.43,107.76,208.18,-7.33,35.59,CRC,Commerce,10214.049999999965
2024-11-01,23.66,40.32,63.98,-16.66,24.0,CRC,Commerce,10197.389999999965
2024-11-04,28.04,39.23,67.26,-11.19,25.4,CRC,Commerce,10186.199999999964
2024-11-05,80.05,64.58,144.62,15.47,31.23,CRC,Commerce,10201.669999999964
2024-11-06,101.75,74.14,175.89,27.61,28.66,CRC,Commerce,10229.279999999964
2024-11-07,31.1,47.64,78.74,-16.54,39.52,CRC,Commerce,10212.739999999963
2024-11-08,49.75,57.53,107.29,-7.78,27.16,CRC,Commerce,10204.959999999963
2024-11-11,24.5,42.99,67.49,-18.49,22.01,CRC,Commerce,10186.469999999963
2024-11-12,31.53,39.97,71.5,-8.44,25.41,CRC,Commerce,10178.029999999962
2024-11-13,47.54,44.61,92.15,2.92,30.92,CRC,Commerce,10180.949999999963
2024-11-14,452.41,135.69,588.1,316.71,26.49,CRC,Commerce,10497.659999999962
2024-11-15,97.45,127.5,224.95,-30.04,39.53,CRC,Commerce,10467.61999999996
2024-11-18,43.53,64.12,107.64,-20.59,31.03,CRC,Commerce,10447.02999999996
2024-11-19,57.6,68.68,126.28,-11.08,20.7,CRC,Commerce,10435.94999999996
2024-11-20,38.15,50.77,88.92,-12.62,37.05,CRC,Commerce,10423.32999999996
2024-11-21,73.18,64.31,137.49,8.88,32.29,CRC,Commerce,10432.20999999996
2024-11-22,73.31,85.21,158.51,-11.9,37.61,CRC,Commerce,10420.30999999996
2024-11-25,448.83,389.45,838.28,59.38,67.34,CRC,Commerce,10479.689999999959
2024-11-26,71.67,101.81,173.48,-30.14,29.66,CRC,Commerce,10449.54999999996
2024-11-27,38.6,50.46,89.06,-11.86,26.71,CRC,Commerce,10437.689999999959
2024-11-28,40.45,66.58,107.03,-26.13,25.27,CRC,Commerce,10411.55999999996
2024-11-29,58.87,52.91,111.79,5.96,30.53,CRC,Commerce,10417.519999999959
2024-12-02,113.75,92.09,205.84,21.67,34.71,CRC,Commerce,10439.189999999959
2024-12-03,127.68,68.77,196.45,58.91,22.93,CRC,Commerce,10498.099999999959
2024-12-04,103.66,68.57,172.23,35.08,22.07,CRC,Commerce,10533.179999999958
2024-12-06,69.97,68.91,138.89,1.06,22.28,CRC,Commerce,10534.239999999958
2024-12-09,67.98,50.8,118.78,17.18,32.53,CRC,Commerce,10551.419999999958
2024-12-11,45.36,56.81,102.17,-11.46,21.37,CRC,Commerce,10539.95999999996
2024-12-12,53.0,77.36,130.36,-24.37,24.51,CRC,Commerce,10515.589999999958
2024-12-13,53.17,31.57,84.74,21.61,27.46,CRC,Commerce,10537.199999999959
2024-12-16,109.59,88.6,198.2,20.99,35.34,CRC,Commerce,10558.189999999959
2024-12-17,117.12,106.35,223.47,10.77,21.15,CRC,Commerce,10568.95999999996
2024-12-18,165.26,166.12,331.38,-0.86,20.98,CRC,Commerce,10568.099999999959
2024-12-19,56.02,185.19,241.21,-129.17,18.85,CRC,Commerce,10438.929999999958
2024-12-20,198.32,161.56,359.88,36.77,24.01,CRC,Commerce,10475.699999999959
2024-12-23,87.47,69.97,157.44,17.5,24.5,CRC,Commerce,10493.199999999959
2024-12-24,93.38,85.08,178.46,8.29,26.92,CRC,Commerce,10501.48999999996
2024-12-25,22.08,22.8,44.88,-0.72,17.34,CRC,Commerce,10500.76999999996
2024-12-26,78.0,50.96,128.96,27.04,27.9,CRC,Commerce,10527.809999999961
2024-12-27,69.06,26.81,95.88,42.25,27.76,CRC,Commerce,10570.059999999961
2024-12-30,108.45,54.85,163.3,53.6,32.0,CRC,Commerce,10623.659999999962
2025-01-02,42.04,26.92,68.96,15.12,27.81,CRC,Commerce,10638.779999999962
2025-01-03,108.89,61.63,170.51,47.26,23.24,CRC,Commerce,10686.039999999963
2025-01-06,72.07,85.85,157.92,-13.78,22.36,CRC,Commerce,10672.259999999962
2025-01-07,51.27,58.59,109.86,-7.31,32.77,CRC,Commerce,10664.949999999963
2025-01-08,57.38,53.46,110.84,3.92,34.84,CRC,Commerce,10668.869999999963
2025-01-09,13.59,24.4,37.99,-10.81,16.69,CRC,Commerce,10658.059999999963
2025-01-10,94.63,129.53,224.16,-34.9,27.36,CRC,Commerce,10623.159999999963
2025-01-13,14.68,77.9,92.58,-63.21,23.15,CRC,Commerce,10559.949999999964
2025-01-14,39.84,46.01,85.85,-6.17,15.82,CRC,Commerce,10553.779999999964
2025-01-15,110.19,95.89,206.08,14.3,32.01,CRC,Commerce,10568.079999999964
2025-01-16,69.42,72.07,141.49,-2.64,15.55,CRC,Commerce,10565.439999999964
2025-01-17,133.73,74.99,208.72,58.74,29.35,CRC,Commerce,10624.179999999964
2025-01-20,65.22,48.47,113.7,16.75,33.83,CRC,Commerce,10640.929999999964
2025-01-21,56.8,30.23,87.03,26.56,26.8,CRC,Commerce,10667.489999999963
2025-01-22,105.23,73.5,178.73,31.73,38.84,CRC,Commerce,10699.219999999963
2025-01-23,36.39,106.53,142.92,-70.14,35.14,CRC,Commerce,10629.079999999964
2025-01-24,71.17,41.77,112.94,29.4,41.68,CRC,Commerce,10658.479999999963
2025-01-27,25.36,11.71,37.07,13.66,31.18,CRC,Commerce,10672.139999999963
2025-01-28,71.19,29.77,100.97,41.42,27.08,CRC,Commerce,10713.559999999963
2025-01-29,34.75,48.61,83.37,-13.86,28.67,CRC,Commerce,10699.699999999963
2025-01-30,77.56,38.57,116.13,38.98,25.86,CRC,Commerce,10738.679999999962
2025-01-31,63.08,129.89,192.96,-66.81,31.86,CRC,Commerce,10671.869999999963
2025-02-03,92.78,90.9,183.68,1.89,28.76,CRC,Commerce,10673.759999999962
2025-02-04,24.19,35.0,59.19,-10.81,19.92,CRC,Commerce,10662.949999999963
2025-02-05,58.24,68.51,126.74,-10.27,29.14,CRC,Commerce,10652.679999999962
2025-02-06,26.88,52.1,78.98,-25.22,22.88,CRC,Commerce,10627.459999999963
2025-02-07,74.2,93.04,167.24,-18.84,29.58,CRC,Commerce,10608.619999999963
2025-02-10,46.13,60.44,106.57,-14.31,24.23,CRC,Commerce,10594.309999999963
2025-02-11,79.16,34.62,113.78,44.54,21.71,CRC,Commerce,10638.849999999964
2025-02-13,84.08,54.24,138.32,29.85,29.99,CRC,Commerce,10668.699999999964
2025-02-14,106.1,62.41,168.52,43.69,39.69,CRC,Commerce,10712.389999999965
2025-02-17,137.79,54.84,192.62,82.95,35.39,CRC,Commerce,10795.339999999966
2025-02-18,98.5,49.66,148.17,48.84,30.06,CRC,Commerce,10844.179999999966
2025-02-19,89.84,82.38,172.22,7.46,22.96,CRC,Commerce,10851.639999999965
2025-02-20,50.24,83.12,133.36,-32.88,23.52,CRC,Commerce,10818.759999999966
2025-02-21,55.38,26.46,81.84,28.92,24.35,CRC,Commerce,10847.679999999966
2025-02-24,20.64,38.34,58.98,-17.69,21.71,CRC,Commerce,10829.989999999965
2025-02-25,54.42,83.74,138.17,-29.32,19.6,CRC,Commerce,10800.669999999966
2025-02-26,49.11,87.14,136.25,-38.02,29.57,CRC,Commerce,10762.649999999965
2025-02-27,97.65,67.75,165.4,29.9,42.32,CRC,Commerce,10792.549999999965
2025-02-28,247.5,301.85,549.35,-54.36,29.94,CRC,Commerce,10738.189999999964
2025-03-03,123.12,167.54,290.66,-44.42,28.5,CRC,Commerce,10693.769999999964
2025-03-04,173.31,128.38,301.69,44.92,29.39,CRC,Commerce,10738.689999999964
2025-03-05,79.74,188.34,268.08,-108.6,22.0,CRC,Commerce,10630.089999999964
2025-03-06,89.97,99.41,189.38,-9.45,29.62,CRC,Commerce,10620.639999999963
2025-03-07,84.67,120.37,205.04,-35.7,37.76,CRC,Commerce,10584.939999999962
2025-03-10,28.95,55.11,84.05,-26.16,25.71,CRC,Commerce,10558.779999999962
2025-03-11,114.44,132.5,246.93,-18.06,27.57,CRC,Commerce,10540.719999999963
2025-03-12,222.34,115.28,337.62,107.05,25.51,CRC,Commerce,10647.769999999962
2025-03-13,121.47,63.51,184.98,57.97,32.87,CRC,Commerce,10705.739999999962
2025-03-14,54.74,85.42,140.16,-30.68,32.54,CRC,Commerce,10675.059999999961
2025-03-17,122.92,58.79,181.71,64.12,24.9,CRC,Commerce,10739.179999999962
2025-03-18,38.48,28.85,67.33,9.64,21.07,CRC,Commerce,10748.819999999962
2025-03-19,55.34,124.86,180.2,-69.52,27.91,CRC,Commerce,10679.299999999961
2025-03-20,37.51,100.38,137.89,-62.86,28.28,CRC,Commerce,10616.43999999996
2025-03-21,214.12,137.91,352.03,76.2,32.26,CRC,Commerce,10692.639999999961
2025-03-24,70.95,38.09,109.04,32.86,33.49,CRC,Commerce,10725.499999999962
2025-03-25,79.62,100.74,180.36,-21.13,27.55,CRC,Commerce,10704.369999999963
2025-03-26,84.7,68.87,153.57,15.83,38.69,CRC,Commerce,10720.199999999963
2025-03-27,96.1,59.7,155.79,36.4,30.23,CRC,Commerce,10756.599999999962
2025-03-28,56.66,46.38,103.03,10.28,27.84,CRC,Commerce,10766.879999999963
2025-03-31,158.77,96.42,255.19,62.35,38.78,CRC,Commerce,10829.229999999963
2025-04-01,48.25,50.8,99.05,-2.55,33.34,CRC,Commerce,10826.679999999964
2025-04-02,41.9,32.49,74.39,9.42,38.28,CRC,Commerce,10836.099999999964
2025-04-03,51.1,40.01,91.11,11.1,30.08,CRC,Commerce,10847.199999999964
2025-04-04,62.73,101.77,164.49,-39.04,24.15,CRC,Commerce,10808.159999999963
2025-04-08,164.72,127.26,291.99,37.46,41.97,CRC,Commerce,10845.619999999963
2025-04-09,244.49,133.9,378.39,110.59,43.23,CRC,Commerce,10956.209999999963
2025-04-10,297.08,86.45,383.54,210.63,36.8,CRC,Commerce,11166.839999999962
2025-04-11,94.08,76.36,170.43,17.72,41.58,CRC,Commerce,11184.559999999961
2025-04-16,156.32,123.3,279.61,33.02,42.88,CRC,Commerce,11217.579999999962
2025-04-17,66.81,88.41,155.22,-21.6,50.42,CRC,Commerce,11195.979999999961
2025-04-18,38.03,41.7,79.73,-3.67,38.85,CRC,Commerce,11192.309999999961
2025-04-21,31.68,77.67,109.35,-45.99,24.87,CRC,Commerce,11146.319999999962
2025-04-22,128.07,47.41,175.48,80.66,30.04,CRC,Commerce,11226.979999999961
2025-04-23,48.69,58.53,107.22,-9.84,39.65,CRC,Commerce,11217.139999999961
2025-04-24,78.88,80.29,159.17,-1.4,40.95,CRC,Commerce,11215.739999999962
2025-04-25,72.52,33.32,105.84,39.19,38.81,CRC,Commerce,11254.929999999962
2025-04-28,38.09,51.1,89.2,-13.01,38.56,CRC,Commerce,11241.919999999962
2025-04-29,98.44,88.51,186.95,9.92,38.79,CRC,Commerce,11251.839999999962
2025-04-30,115.34,80.58,195.93,34.76,44.07,CRC,Commerce,11286.599999999962
2025-05-02,124.98,118.19,243.17,6.78,39.81,CRC,Commerce,11293.379999999963
2025-05-06,102.39,225.22,327.61,-122.82,30.66,CRC,Commerce,11170.559999999963
2025-05-07,353.67,376.86,730.53,-23.18,43.05,CRC,Commerce,11147.379999999963
2025-05-08,260.78,282.61,543.4,-21.83,33.42,CRC,Commerce,11125.549999999963
2025-05-09,208.34,118.29,326.63,90.05,37.09,CRC,Commerce,11215.599999999962
2025-05-13,211.44,176.52,387.96,34.92,41.31,CRC,Commerce,11250.519999999962
2025-05-14,360.13,242.83,602.96,117.3,25.72,CRC,Commerce,11367.819999999962
2025-05-15,261.59,108.31,369.9,153.28,29.07,CRC,Commerce,11521.099999999962
2025-05-16,164.71,129.19,293.9,35.52,29.9,CRC,Commerce,11556.619999999963
2025-05-19,170.48,151.43,321.91,19.05,37.74,CRC,Commerce,11575.669999999962
2025-05-20,96.27,72.15,168.42,24.11,37.3,CRC,Commerce,11599.779999999962
2025-05-21,270.22,142.5,412.73,127.72,31.95,CRC,Commerce,11727.499999999962
2025-05-22,196.61,98.28,294.9,98.33,30.8,CRC,Commerce,11825.829999999962
2025-05-23,605.99,305.61,911.6,300.38,33.95,CRC,Commerce,12126.209999999961
2025-05-26,129.82,144.41,274.23,-14.59,32.12,CRC,Commerce,12111.61999999996
2025-05-27,234.7,257.49,492.19,-22.79,38.14,CRC,Commerce,12088.82999999996
2025-05-28,173.52,233.01,406.53,-59.48,37.53,CRC,Commerce,12029.34999999996
2025-05-29,169.33,227.96,397.29,-58.63,37.68,CRC,Commerce,11970.719999999961
2025-05-30,2316.25,1212.39,3528.64,1103.86,35.93,CRC,Commerce,13074.579999999962
2025-06-04,405.54,522.17,927.71,-116.63,29.87,CRC,Commerce,12957.949999999963
2025-06-05,156.34,206.85,363.19,-50.51,37.14,CRC,Commerce,12907.439999999962
2025-06-06,179.49,258.75,438.24,-79.26,51.11,CRC,Commerce,12828.179999999962
2025-06-09,58.01,114.74,172.75,-56.72,38.42,CRC,Commerce,12771.459999999963
2025-06-10,130.07,189.79,319.86,-59.72,36.96,CRC,Commerce,12711.739999999963
2025-06-11,78.83,157.39,236.23,-78.56,27.96,CRC,Commerce,12633.179999999964
2025-06-12,159.37,202.74,362.11,-43.37,34.52,CRC,Commerce,12589.809999999963
2025-06-13,115.94,213.7,329.64,-97.76,36.23,CRC,Commerce,12492.049999999963
2025-06-16,165.27,162.62,327.89,2.65,40.45,CRC,Commerce,12494.699999999963
2025-06-17,87.14,76.76,163.9,10.39,37.82,CRC,Commerce,12505.089999999962
2025-06-18,81.24,97.73,178.97,-16.49,36.83,CRC,Commerce,12488.599999999962
2025-06-19,220.33,160.73,381.06,59.6,33.2,CRC,Commerce,12548.199999999963
2025-06-20,171.92,137.94,309.85,33.98,34.0,CRC,Commerce,12582.179999999962
2025-06-23,108.44,84.14,192.58,24.3,40.09,CRC,Commerce,12606.479999999961
2025-06-24,213.32,253.97,467.29,-40.65,43.95,CRC,Commerce,12565.829999999962
2025-06-25,183.99,205.73,389.73,-21.74,40.84,CRC,Commerce,12544.089999999962
2025-06-26,116.52,160.04,276.55,-43.52,39.61,CRC,Commerce,12500.569999999962
2025-06-27,134.99,122.84,257.83,12.16,46.18,CRC,Commerce,12512.729999999961
2025-06-30,100.65,111.61,212.26,-10.97,46.74,CRC,Commerce,12501.759999999962
2025-07-01,101.69,88.63,190.33,13.06,35.52,CRC,Commerce,12514.819999999962
2025-07-02,136.24,188.12,324.35,-51.88,41.8,CRC,Commerce,12462.939999999962
2025-07-03,129.92,158.13,288.05,-28.21,34.33,CRC,Commerce,12434.729999999963
2025-07-04,89.15,232.99,322.14,-143.84,27.54,CRC,Commerce,12290.889999999963
2025-07-07,48.07,110.19,158.26,-62.12,30.76,CRC,Commerce,12228.769999999962
2025-07-08,98.47,99.91,198.39,-1.44,28.39,CRC,Commerce,12227.329999999962
2025-07-09,69.04,88.76,157.8,-19.72,35.51,CRC,Commerce,12207.609999999962
2025-07-11,100.12,148.89,249.01,-48.77,37.89,CRC,Commerce,12158.839999999962
2025-07-14,104.51,52.58,157.1,51.93,30.03,CRC,Commerce,12210.769999999962
2025-07-15,105.54,174.66,280.21,-69.12,19.8,CRC,Commerce,12141.649999999961
2025-07-16,32.6,163.89,196.5,-131.29,31.24,CRC,Commerce,12010.35999999996
2025-07-17,68.37,194.65,263.02,-126.27,27.29,CRC,Commerce,11884.08999999996
2025-07-18,51.38,184.6,235.97,-133.22,23.42,CRC,Commerce,11750.86999999996
2025-07-21,45.86,129.48,175.34,-83.61,25.39,CRC,Commerce,11667.25999999996
2025-07-22,73.47,158.05,231.52,-84.59,31.75,CRC,Commerce,11582.66999999996
2025-07-23,151.03,161.54,312.57,-10.51,29.76,CRC,Commerce,11572.15999999996
2025-07-24,72.21,156.26,228.47,-84.05,25.85,CRC,Commerce,11488.10999999996
2025-07-25,36.57,85.96,122.53,-49.39,29.61,CRC,Commerce,11438.719999999961
2025-07-29,53.37,95.28,148.65,-41.92,24.62,CRC,Commerce,11396.799999999961
2025-07-30,66.39,151.37,217.77,-84.98,29.54,CRC,Commerce,11311.819999999962
2025-07-31,52.28,140.93,193.21,-88.66,24.73,CRC,Commerce,11223.159999999962
2025-08-01,61.55,154.4,215.95,-92.85,23.74,CRC,Commerce,11130.309999999961
2025-08-04,111.4,85.44,196.84,25.96,39.11,CRC,Commerce,11156.26999999996
2025-08-05,105.4,119.82,225.21,-14.42,25.69,CRC,Commerce,11141.84999999996
2025-08-06,100.81,119.64,220.45,-18.83,23.22,CRC,Commerce,11123.01999999996
2025-08-07,43.95,122.42,166.37,-78.48,29.22,CRC,Commerce,11044.53999999996
2025-08-08,69.62,185.97,255.58,-116.35,40.68,CRC,Commerce,10928.18999999996
2025-08-13,57.99,78.05,136.04,-20.06,28.0,CRC,Commerce,10908.129999999961
2025-08-14,132.97,105.05,238.01,27.92,19.24,CRC,Commerce,10936.049999999961
2025-08-15,150.54,94.16,244.71,56.38,26.81,CRC,Commerce,10992.42999999996
2025-08-18,72.74,54.21,126.95,18.53,33.99,CRC,Commerce,11010.959999999961
2025-08-19,99.97,90.38,190.35,9.58,29.7,CRC,Commerce,11020.53999999996
2025-08-20,97.78,81.77,179.56,16.01,24.64,CRC,Commerce,11036.549999999961
2025-08-21,63.42,155.07,218.48,-91.65,23.56,CRC,Commerce,10944.899999999961
2025-08-22,12.37,62.58,74.95,-50.21,26.78,CRC,Commerce,10894.689999999962
2025-08-25,78.09,121.16,199.25,-43.06,19.06,CRC,Commerce,10851.629999999963
2025-08-26,41.37,120.19,161.56,-78.82,25.14,CRC,Commerce,10772.809999999963
2025-08-27,41.0,106.39,147.39,-65.39,19.26,CRC,Commerce,10707.419999999964
2025-08-28,24.88,55.06,79.94,-30.18,25.67,CRC,Commerce,10677.239999999963
2025-08-29,107.99,107.43,215.42,0.56,28.18,CRC,Commerce,10677.799999999963
2025-09-01,163.75,118.03,281.79,45.72,22.18,CRC,Commerce,10723.519999999962
2025-09-02,59.69,102.53,162.22,-42.83,17.4,CRC,Commerce,10680.689999999962
2025-09-03,46.82,84.58,131.4,-37.76,16.07,CRC,Commerce,10642.929999999962
2025-09-04,75.77,65.39,141.16,10.38,18.94,CRC,Commerce,10653.309999999961
2025-09-05,48.18,70.26,118.44,-22.08,26.43,CRC,Commerce,10631.229999999961
2025-09-08,113.19,189.72,302.91,-76.54,21.22,CRC,Commerce,10554.68999999996
2025-09-09,75.69,101.11,176.81,-25.42,29.52,CRC,Commerce,10529.26999999996
2025-09-10,25.63,77.89,103.52,-52.27,27.74,CRC,Commerce,10476.99999999996
2025-09-11,42.02,75.13,117.15,-33.12,25.79,CRC,Commerce,10443.87999999996
2025-09-12,26.98,59.01,85.99,-32.03,20.62,CRC,Commerce,10411.849999999959
2025-09-15,38.53,38.6,77.13,-0.07,32.57,CRC,Commerce,10411.779999999959
2025-09-16,141.36,114.55,255.91,26.81,18.54,CRC,Commerce,10438.589999999958
2025-09-17,37.27,95.12,132.4,-57.85,28.11,CRC,Commerce,10380.739999999958
2025-09-18,114.96,296.93,411.89,-181.97,10.09,CRC,Commerce,10198.769999999959
2025-09-19,182.49,221.61,404.1,-39.12,13.36,CRC,Commerce,10159.649999999958
2025-09-22,90.23,81.65,171.88,8.58,15.64,CRC,Commerce,10168.229999999958
2025-09-23,182.12,124.01,306.12,58.11,18.9,CRC,Commerce,10226.339999999958
2025-09-24,181.99,207.34,389.33,-25.36,26.43,CRC,Commerce,10200.979999999958
2025-09-25,43.63,82.98,126.61,-39.35,21.22,CRC,Commerce,10161.629999999957
2025-09-26,66.12,76.53,142.65,-10.42,20.79,CRC,Commerce,10151.209999999957
2025-09-29,41.66,113.96,155.62,-72.3,30.42,CRC,Commerce,10078.909999999958
2025-09-30,25.58,75.05,100.63,-49.47,23.24,CRC,Commerce,10029.439999999959
2025-10-01,22.99,44.11,67.1,-21.13,17.57,CRC,Commerce,10008.30999999996
2025-10-02,39.74,34.82,74.56,4.91,19.25,CRC,Commerce,10013.21999999996
2025-10-03,50.43,55.12,105.55,-4.7,18.39,CRC,Commerce,10008.519999999959
2025-10-06,63.6,34.1,97.7,29.5,25.49,CRC,Commerce,10038.019999999959
2025-10-07,60.4,93.64,154.04,-33.24,23.0,CRC,Commerce,10004.779999999959
2025-10-08,32.81,52.42,85.23,-19.61,18.89,CRC,Commerce,9985.169999999958
2025-10-09,36.0,69.62,105.61,-33.62,28.06,CRC,Commerce,9951.549999999957
2025-10-10,21.74,53.55,75.3,-31.81,23.01,CRC,Commerce,9919.739999999958
2025-10-14,74.53,63.26,137.78,11.27,17.73,CRC,Commerce,9931.009999999958
2025-10-15,59.77,58.68,118.45,1.08,21.98,CRC,Commerce,9932.089999999958
2025-10-16,28.59,27.0,55.58,1.59,17.81,CRC,Commerce,9933.679999999958
2025-10-17,46.81,59.1,105.91,-12.28,25.29,CRC,Commerce,9921.399999999958
2025-10-20,57.95,64.94,122.89,-6.99,27.33,CRC,Commerce,9914.409999999958
2025-10-21,25.61,68.31,93.91,-42.7,36.22,CRC,Commerce,9871.709999999957
2025-10-22,55.35,58.21,113.56,-2.86,28.39,CRC,Commerce,9868.849999999957
2025-10-24,25.23,34.51,59.75,-9.28,28.78,CRC,Commerce,9859.569999999956
2025-10-27,103.38,69.33,172.71,34.04,18.71,CRC,Commerce,9893.609999999957
2025-10-28,54.45,32.49,86.95,21.96,23.96,CRC,Commerce,9915.569999999956
2025-10-29,28.35,50.73,79.08,-22.38,17.69,CRC,Commerce,9893.189999999957
2025-10-30,37.06,40.82,77.89,-3.76,27.34,CRC,Commerce,9889.429999999957
2025-10-31,16.47,64.42,80.9,-47.95,21.63,CRC,Commerce,9841.479999999956
2025-11-03,42.67,41.17,83.84,1.5,18.17,CRC,Commerce,9842.979999999956
2025-11-04,39.88,46.86,86.74,-6.98,24.59,CRC,Commerce,9835.999999999956
2025-11-05,47.63,43.6,91.23,4.03,28.73,CRC,Commerce,9840.029999999957
2025-11-06,36.73,45.64,82.38,-8.91,17.44,CRC,Commerce,9831.119999999957
2025-11-07,47.06,45.97,93.03,1.09,20.72,CRC,Commerce,9832.209999999957
2025-11-10,37.16,22.93,60.1,14.23,30.31,CRC,Commerce,9846.439999999957
2025-11-11,41.29,35.21,76.5,6.08,23.32,CRC,Commerce,9852.519999999957
2025-11-12,55.05,86.39,141.44,-31.35,20.03,CRC,Commerce,9821.169999999956
2025-11-13,79.09,32.36,111.45,46.73,17.66,CRC,Commerce,9867.899999999956
2025-11-14,104.19,52.5,156.7,51.69,32.63,CRC,Commerce,9919.589999999956
2025-11-17,95.91,42.29,138.2,53.62,26.16,CRC,Commerce,9973.209999999957
2025-11-18,53.3,57.9,111.2,-4.6,26.96,CRC,Commerce,9968.609999999957
2025-11-19,33.15,38.54,71.69,-5.39,19.95,CRC,Commerce,9963.219999999958
2025-11-20,34.03,68.05,102.09,-34.02,22.34,CRC,Commerce,9929.199999999957
2025-11-21,48.48,80.99,129.47,-32.51,22.44,CRC,Commerce,9896.689999999957
2025-11-24,41.13,36.16,77.29,4.96,25.58,CRC,Commerce,9901.649999999956
2025-11-25,46.85,46.8,93.65,0.05,24.6,CRC,Commerce,9901.699999999955
2025-11-26,74.67,35.23,109.9,39.43,20.28,CRC,Commerce,9941.129999999956
2025-11-27,32.2,18.5,50.7,13.7,23.68,CRC,Commerce,9954.829999999956
2025-11-28,174.13,57.64,231.77,116.49,32.02,CRC,Commerce,10071.319999999956
2025-12-01,138.73,101.7,240.43,37.03,37.5,CRC,Commerce,10108.349999999957
2025-12-02,48.93,34.08,83.01,14.84,26.0,CRC,Commerce,10123.189999999957
2025-12-03,60.77,72.06,132.83,-11.28,23.5,CRC,Commerce,10111.909999999956
2025-12-04,40.3,87.05,127.35,-46.76,31.56,CRC,Commerce,10065.149999999956
2025-12-08,62.82,117.1,179.91,-54.28,32.09,CRC,Commerce,10010.869999999955
2025-12-09,50.45,116.88,167.33,-66.44,38.34,CRC,Commerce,9944.429999999955
2025-12-11,29.62,54.43,84.05,-24.8,25.93,CRC,Commerce,9919.629999999956
2025-12-12,231.37,64.19,295.56,167.18,39.25,CRC,Commerce,10086.809999999956
2025-12-15,86.95,29.85,116.8,57.09,35.78,CRC,Commerce,10143.899999999956
2025-12-16,58.22,48.22,106.44,10.0,29.69,CRC,Commerce,10153.899999999956
2025-12-17,56.03,55.36,111.4,0.67,31.48,CRC,Commerce,10154.569999999956
2025-12-18,75.75,113.83,189.59,-38.08,28.79,CRC,Commerce,10116.489999999956
2025-12-19,116.97,60.99,177.96,55.98,37.33,CRC,Commerce,10172.469999999956
2025-12-22,91.04,64.56,155.6,26.48,33.08,CRC,Commerce,10198.949999999955
2025-12-23,238.43,116.56,354.99,121.87,24.15,CRC,Commerce,10320.819999999956
2025-12-24,114.71,60.13,174.83,54.58,27.98,CRC,Commerce,10375.399999999956
2025-12-25,36.74,66.11,102.84,-29.37,34.37,CRC,Commerce,10346.029999999955
2025-12-26,54.44,97.96,152.39,-43.52,43.97,CRC,Commerce,10302.509999999955
2025-12-29,79.21,85.68,164.89,-6.47,41.91,CRC,Commerce,10296.039999999955
2025-12-30,35.44,54.27,89.71,-18.83,28.96,CRC,Commerce,10277.209999999955
2026-01-05,72.4,74.7,147.1,-2.3,32.69,CRC,Commerce,10274.909999999956
2026-01-06,39.44,39.48,78.92,-0.04,31.43,CRC,Commerce,10274.869999999955
2026-01-07,96.71,43.29,140.0,53.41,33.47,CRC,Commerce,10328.279999999955
2026-01-08,48.16,99.62,147.79,-51.46,23.8,CRC,Commerce,10276.819999999956
2026-01-09,18.26,30.27,48.53,-12.01,24.62,CRC,Commerce,10264.809999999956
2026-01-12,39.71,35.75,75.46,3.96,19.47,CRC,Commerce,10268.769999999955
2026-01-13,57.86,51.48,109.34,6.37,34.67,CRC,Commerce,10275.139999999956
2026-01-14,56.57,27.65,84.22,28.93,27.98,CRC,Commerce,10304.069999999956
2026-01-15,182.13,71.57,253.7,110.56,27.03,CRC,Commerce,10414.629999999956
2026-01-16,83.71,82.44,166.14,1.27,33.0,CRC,Commerce,10415.899999999956
2026-01-19,106.1,59.0,165.1,47.1,37.74,CRC,Commerce,10462.999999999956
2026-01-20,334.38,135.05,469.43,199.33,37.52,CRC,Commerce,10662.329999999956
2026-01-21,123.88,81.89,205.77,41.99,36.24,CRC,Commerce,10704.319999999956
2026-01-22,122.6,79.23,201.83,43.37,44.71,CRC,Commerce,10747.689999999957
2026-01-23,122.74,69.62,192.36,53.11,32.63,CRC,Commerce,10800.799999999957
2026-01-26,83.2,42.93,126.13,40.27,35.78,CRC,Commerce,10841.069999999958
2026-01-27,123.67,84.89,208.55,38.78,31.27,CRC,Commerce,10879.849999999959
2026-01-28,43.45,73.29,116.74,-29.85,42.64,CRC,Commerce,10849.999999999958
2026-01-29,71.78,62.74,134.52,9.04,30.39,CRC,Commerce,10859.039999999959
2026-01-30,51.65,56.65,108.31,-5.0,37.4,CRC,Commerce,10854.039999999959
2026-02-02,122.53,70.31,192.83,52.22,36.76,CRC,Commerce,10906.259999999958
2026-02-03,124.47,119.16,243.64,5.31,37.37,CRC,Commerce,10911.569999999958
2026-02-04,58.23,95.37,153.61,-37.14,37.35,CRC,Commerce,10874.429999999958
2026-02-05,118.69,84.02,202.7,34.67,41.49,CRC,Commerce,10909.099999999959
2026-02-06,151.1,132.78,283.87,18.32,38.37,CRC,Commerce,10927.419999999958
2026-02-09,298.8,153.83,452.63,144.97,27.53,CRC,Commerce,11072.389999999958
2026-02-10,100.04,150.75,250.78,-50.71,37.53,CRC,Commerce,11021.679999999958
2026-02-11,120.95,153.57,274.52,-32.62,25.24,CRC,Commerce,10989.059999999958
2026-02-12,261.37,130.34,391.71,131.02,32.87,CRC,Commerce,11120.079999999958
2026-02-13,78.65,100.53,179.17,-21.88,28.61,CRC,Commerce,11098.199999999959
2026-02-16,79.69,109.19,188.88,-29.49,22.81,CRC,Commerce,11068.70999999996
2026-02-17,95.79,90.81,186.59,4.98,28.24,CRC,Commerce,11073.689999999959
2026-02-18,179.62,136.67,316.29,42.95,28.32,CRC,Commerce,11116.63999999996
2026-02-19,89.06,130.19,219.26,-41.13,25.35,CRC,Commerce,11075.50999999996
2026-02-20,77.6,176.95,254.55,-99.35,33.62,CRC,Commerce,10976.15999999996
2026-02-23,68.39,93.8,162.19,-25.42,23.47,CRC,Commerce,10950.73999999996
2026-02-24,141.43,80.93,222.36,60.51,30.15,CRC,Commerce,11011.24999999996
2026-02-25,131.27,103.41,234.69,27.86,28.82,CRC,Commerce,11039.10999999996
2026-02-26,155.91,116.37,272.29,39.54,33.18,CRC,Commerce,11078.649999999961
2026-02-27,694.8,663.72,1358.52,31.08,58.12,CRC,Commerce,11109.729999999961
2026-03-02,94.39,145.67,240.05,-51.28,21.47,CRC,Commerce,11058.44999999996
2026-03-04,201.78,298.09,499.88,-96.31,27.2,CRC,Commerce,10962.139999999961
2026-03-05,149.23,208.12,357.35,-58.9,37.41,CRC,Commerce,10903.239999999962
2026-03-06,116.16,139.81,255.98,-23.65,36.96,CRC,Commerce,10879.589999999962
2026-03-09,161.61,132.65,294.25,28.96,34.8,CRC,Commerce,10908.549999999961
2026-03-10,64.4,158.36,222.77,-93.96,34.61,CRC,Commerce,10814.589999999962
2026-03-11,103.61,121.51,225.12,-17.9,31.9,CRC,Commerce,10796.689999999962
2026-03-12,133.4,113.25,246.66,20.15,25.87,CRC,Commerce,10816.839999999962
2026-03-13,202.13,179.94,382.07,22.18,34.88,CRC,Commerce,10839.019999999962
2026-03-16,79.89,95.96,175.85,-16.06,35.08,CRC,Commerce,10822.959999999963
2026-03-17,92.16,112.91,205.06,-20.75,27.05,CRC,Commerce,10802.209999999963
2026-03-18,56.32,116.23,172.55,-59.91,26.87,CRC,Commerce,10742.299999999963
2026-03-19,41.38,137.99,179.37,-96.61,16.74,CRC,Commerce,10645.689999999962
2026-03-20,106.26,121.7,227.96,-15.45,26.55,CRC,Commerce,10630.239999999962
2026-03-23,131.14,106.31,237.45,24.83,24.31,CRC,Commerce,10655.069999999962
2026-03-24,89.78,80.59,170.37,9.19,20.71,CRC,Commerce,10664.259999999962
2026-03-25,76.15,108.7,184.86,-32.55,21.2,CRC,Commerce,10631.709999999963
2026-03-26,85.18,72.88,158.07,12.3,19.76,CRC,Commerce,10644.009999999962
2026-03-27,141.46,79.17,220.62,62.29,34.01,CRC,Commerce,10706.299999999963
2026-03-30,187.15,81.89,269.04,105.25,35.79,CRC,Commerce,10811.549999999963
2026-03-31,135.51,72.47,207.98,63.04,31.72,CRC,Commerce,10874.589999999964
2026-04-01,137.05,202.82,339.87,-65.77,25.42,CRC,Commerce,10808.819999999963
2026-04-02,90.59,82.36,172.95,8.23,28.72,CRC,Commerce,10817.049999999963
2026-04-03,62.37,57.43,119.8,4.95,24.46,CRC,Commerce,10821.999999999964
2026-04-07,94.33,51.21,145.54,43.12,33.85,CRC,Commerce,10865.119999999964
2026-04-08,82.48,46.12,128.6,36.36,26.01,CRC,Commerce,10901.479999999965
2026-04-09,43.31,68.57,111.88,-25.26,37.39,CRC,Commerce,10876.219999999965
2026-04-10,38.08,31.6,69.69,6.48,27.37,CRC,Commerce,10882.699999999964
2026-04-16,100.72,84.91,185.63,15.82,27.19,CRC,Commerce,10898.519999999964
2026-04-17,30.85,58.08,88.93,-27.23,21.22,CRC,Commerce,10871.289999999964
2026-04-20,90.97,107.21,198.18,-16.24,28.03,CRC,Commerce,10855.049999999965
2026-04-21,98.91,52.39,151.3,46.52,28.18,CRC,Commerce,10901.569999999965
2026-04-22,35.47,75.38,110.85,-39.91,28.99,CRC,Commerce,10861.659999999965
2026-04-23,78.63,91.88,170.51,-13.24,38.9,CRC,Commerce,10848.419999999966
2026-04-24,74.08,83.01,157.09,-8.93,43.55,CRC,Commerce,10839.489999999965
2026-04-27,20.02,33.97,53.99,-13.94,27.75,CRC,Commerce,10825.549999999965
2026-04-28,74.81,100.5,175.3,-25.69,26.27,CRC,Commerce,10799.859999999964
2026-04-29,73.2,52.35,125.55,20.85,37.98,CRC,Commerce,10820.709999999965
2026-04-30,51.46,72.27,123.73,-20.82,32.72,CRC,Commerce,10799.889999999965
2026-05-05,46.95,59.78,106.73,-12.82,26.09,CRC,Commerce,10787.069999999965
2026-05-06,82.16,65.57,147.73,16.58,23.65,CRC,Commerce,10803.649999999965
2026-05-07,91.66,109.63,201.29,-17.98,24.05,CRC,Commerce,10785.669999999966
2026-05-08,46.8,82.91,129.71,-36.12,31.5,CRC,Commerce,10749.549999999965
2026-05-11,63.71,65.3,129.0,-1.59,29.31,CRC,Commerce,10747.959999999965
2026-05-12,134.45,78.14,212.59,56.31,31.93,CRC,Commerce,10804.269999999964
2026-05-13,60.91,56.75,117.65,4.16,28.97,CRC,Commerce,10808.429999999964
2026-05-14,686.23,176.96,863.19,509.27,30.25,CRC,Commerce,11317.699999999964
2026-05-15,144.82,135.27,280.1,9.55,34.6,CRC,Commerce,11327.249999999964
2026-05-18,94.46,140.5,234.96,-46.03,30.4,CRC,Commerce,11281.219999999963
2026-05-19,125.9,165.52,291.42,-39.63,33.99,CRC,Commerce,11241.589999999964
2026-05-20,51.52,91.19,142.71,-39.67,35.59,CRC,Commerce,11201.919999999964
2026-05-21,101.1,142.93,244.03,-41.83,28.94,CRC,Commerce,11160.089999999964
2026-05-22,88.36,96.83,185.2,-8.47,25.73,CRC,Commerce,11151.619999999964
2026-05-25,138.46,202.25,340.7,-63.79,23.83,CRC,Commerce,11087.829999999964
2026-05-26,45.57,112.81,158.38,-67.24,22.86,CRC,Commerce,11020.589999999964
2026-05-27,43.53,72.69,116.22,-29.16,26.21,CRC,Commerce,10991.429999999964
2026-05-28,70.78,77.85,148.63,-7.07,37.6,CRC,Commerce,10984.359999999964
2026-05-29,162.61,149.75,312.36,12.86,32.67,CRC,Commerce,10997.219999999965
2026-06-02,101.02,114.16,215.19,-13.14,33.7,CRC,Commerce,10984.079999999965
2026-06-04,116.3,154.66,270.96,-38.35,35.37,CRC,Commerce,10945.729999999965
2026-06-05,89.0,98.35,187.36,-9.35,36.31,CRC,Commerce,10936.379999999965
2026-06-08,79.0,48.46,127.46,30.54,33.11,CRC,Commerce,10966.919999999966
2026-06-09,61.36,58.89,120.25,2.48,34.96,CRC,Commerce,10969.399999999965
2026-06-10,50.03,45.52,95.55,4.5,34.02,CRC,Commerce,10973.899999999965
2026-06-11,43.12,35.83,78.95,7.28,28.48,CRC,Commerce,10981.179999999966
2026-06-12,84.57,57.42,141.99,27.15,32.32,CRC,Commerce,11008.329999999965
2026-06-15,52.82,40.33,93.15,12.49,19.99,CRC,Commerce,11020.819999999965
2026-06-16,129.26,100.48,229.74,28.78,24.32,CRC,Commerce,11049.599999999966
2026-06-17,401.34,219.86,621.2,181.48,26.42,CRC,Commerce,11231.079999999965
2026-06-18,156.9,137.14,294.04,19.77,37.38,CRC,Commerce,11250.849999999966
2026-06-19,76.51,93.86,170.37,-17.35,27.83,CRC,Commerce,11233.499999999965
2026-06-22,69.95,82.58,152.52,-12.63,23.5,CRC,Commerce,11220.869999999966
2026-06-23,164.49,78.89,243.39,85.6,32.71,CRC,Commerce,11306.469999999967
2026-06-24,72.92,63.81,136.73,9.11,37.05,CRC,Commerce,11315.579999999967
2026-06-25,173.42,137.45,310.88,35.97,39.89,CRC,Commerce,11351.549999999967
2026-06-26,126.6,66.92,193.52,59.69,45.64,CRC,Commerce,11411.239999999967
2026-06-29,137.24,151.05,288.29,-13.81,37.36,CRC,Commerce,11397.429999999968
2026-06-30,170.08,107.39,277.46,62.69,44.32,CRC,Commerce,11460.119999999968
2026-07-01,112.25,112.09,224.34,0.17,39.13,CRC,Commerce,11460.289999999968
2026-07-02,114.07,68.24,182.32,45.83,39.79,CRC,Commerce,11506.119999999968
2026-07-03,118.52,74.62,193.14,43.9,30.95,CRC,Commerce,11550.019999999968
2026-07-06,91.28,69.81,161.09,21.46,26.29,CRC,Commerce,11571.479999999967
2026-07-07,146.3,99.38,245.67,46.92,39.76,CRC,Commerce,11618.399999999967
2026-07-08,243.15,173.67,416.82,69.48,26.46,CRC,Commerce,11687.879999999966
2026-07-09,156.16,71.33,227.49,84.83,33.59,CRC,Commerce,11772.709999999966
2026-07-10,104.0,93.48,197.48,10.52,37.7,CRC,Commerce,11783.229999999967
2026-07-13,170.13,105.66,275.8,64.47,39.77,CRC,Commerce,11847.699999999966
2026-07-14,212.29,116.42,328.71,95.87,50.53,CRC,Commerce,11943.569999999967
2026-07-15,104.49,137.01,241.5,-32.52,28.06,CRC,Commerce,11911.049999999967
2026-07-16,87.03,62.36,149.38,24.67,30.81,CRC,Commerce,11935.719999999967
2026-07-17,110.85,92.43,203.28,18.42,28.15,CRC,Commerce,11954.139999999967
2026-07-20,227.85,150.52,378.37,77.32,31.4,CRC,Commerce,12031.459999999966
2026-07-21,69.19,121.48,190.67,-52.29,34.56,CRC,Commerce,11979.169999999966
2026-07-22,61.29,155.11,216.4,-93.82,39.98,CRC,Commerce,11885.349999999966
2026-07-23,155.7,155.74,311.44,-0.05,45.26,CRC,Commerce,11885.299999999967
