date,buy_mb,sell_mb,buy_sell_mb,net_mb,nvdr_pct,symbol,sector,cumulative_net_mb
2020-01-02,13.33,4.3,17.63,9.03,15.68,DELTA,Etron,9.03
2020-01-03,15.98,10.75,26.73,5.23,26.58,DELTA,Etron,14.26
2020-01-06,13.47,4.78,18.24,8.69,28.46,DELTA,Etron,22.95
2020-01-07,14.73,12.34,27.07,2.39,42.23,DELTA,Etron,25.34
2020-01-08,13.22,7.86,21.09,5.36,34.29,DELTA,Etron,30.7
2020-01-09,33.04,13.66,46.7,19.37,36.23,DELTA,Etron,50.07
2020-01-10,13.72,9.64,23.36,4.09,36.31,DELTA,Etron,54.16
2020-01-13,24.94,15.29,40.23,9.65,29.91,DELTA,Etron,63.809999999999995
2020-01-14,13.23,18.34,31.57,-5.11,20.09,DELTA,Etron,58.699999999999996
2020-01-15,12.61,5.3,17.91,7.3,31.35,DELTA,Etron,66.0
2020-01-16,6.88,10.15,17.02,-3.27,24.88,DELTA,Etron,62.73
2020-01-17,25.77,16.2,41.97,9.56,20.92,DELTA,Etron,72.28999999999999
2020-01-20,9.73,9.69,19.43,0.04,29.55,DELTA,Etron,72.33
2020-01-21,18.39,10.91,29.31,7.48,38.17,DELTA,Etron,79.81
2020-01-22,27.03,11.34,38.38,15.69,24.97,DELTA,Etron,95.5
2020-01-23,16.74,23.12,39.86,-6.38,26.28,DELTA,Etron,89.12
2020-01-24,9.88,3.2,13.09,6.68,22.72,DELTA,Etron,95.80000000000001
2020-01-27,16.09,28.92,45.01,-12.84,26.76,DELTA,Etron,82.96000000000001
2020-01-28,11.61,28.72,40.33,-17.11,27.36,DELTA,Etron,65.85000000000001
2020-01-29,12.76,18.17,30.92,-5.41,34.8,DELTA,Etron,60.44000000000001
2020-01-30,4.99,29.23,34.22,-24.24,34.69,DELTA,Etron,36.20000000000002
2020-01-31,16.36,26.3,42.66,-9.94,30.06,DELTA,Etron,26.26000000000002
2020-02-03,10.87,14.87,25.75,-4.0,33.98,DELTA,Etron,22.26000000000002
2020-02-04,12.8,19.76,32.56,-6.95,38.12,DELTA,Etron,15.31000000000002
2020-02-05,13.45,21.37,34.83,-7.92,30.6,DELTA,Etron,7.39000000000002
2020-02-06,30.45,32.58,63.02,-2.13,37.24,DELTA,Etron,5.26000000000002
2020-02-07,19.99,22.73,42.72,-2.74,40.63,DELTA,Etron,2.52000000000002
2020-02-11,9.0,8.45,17.46,0.55,41.01,DELTA,Etron,3.07000000000002
2020-02-12,18.93,10.9,29.83,8.04,41.69,DELTA,Etron,11.110000000000019
2020-02-13,27.02,33.77,60.79,-6.75,42.32,DELTA,Etron,4.360000000000019
2020-02-14,12.29,17.32,29.61,-5.03,36.14,DELTA,Etron,-0.6699999999999813
2020-02-17,10.58,12.54,23.12,-1.95,26.89,DELTA,Etron,-2.6199999999999815
2020-02-18,17.05,22.09,39.14,-5.03,20.58,DELTA,Etron,-7.649999999999982
2020-02-19,37.68,10.96,48.64,26.72,36.25,DELTA,Etron,19.070000000000018
2020-02-20,13.37,7.31,20.67,6.06,37.54,DELTA,Etron,25.130000000000017
2020-02-21,17.34,13.63,30.97,3.7,30.74,DELTA,Etron,28.830000000000016
2020-02-24,15.65,19.48,35.13,-3.83,33.4,DELTA,Etron,25.000000000000014
2020-02-25,19.87,13.4,33.27,6.47,39.54,DELTA,Etron,31.470000000000013
2020-02-26,10.84,12.49,23.34,-1.65,41.93,DELTA,Etron,29.820000000000014
2020-02-27,12.63,10.19,22.82,2.44,30.64,DELTA,Etron,32.26000000000001
2020-02-28,8.24,17.52,25.76,-9.27,33.32,DELTA,Etron,22.990000000000013
2020-03-02,9.14,8.55,17.69,0.59,37.26,DELTA,Etron,23.580000000000013
2020-03-03,9.55,15.4,24.94,-5.85,41.51,DELTA,Etron,17.73000000000001
2020-03-04,9.49,10.56,20.05,-1.06,36.03,DELTA,Etron,16.670000000000012
2020-03-05,14.17,19.58,33.75,-5.41,45.15,DELTA,Etron,11.260000000000012
2020-03-06,6.71,13.53,20.23,-6.82,28.22,DELTA,Etron,4.440000000000012
2020-03-09,11.08,17.57,28.65,-6.48,35.79,DELTA,Etron,-2.0399999999999885
2020-03-10,9.49,16.15,25.64,-6.66,35.79,DELTA,Etron,-8.699999999999989
2020-03-11,8.2,20.73,28.94,-12.53,40.62,DELTA,Etron,-21.22999999999999
2020-03-12,32.44,16.4,48.84,16.03,40.79,DELTA,Etron,-5.199999999999989
2020-03-13,8.4,18.0,26.4,-9.6,32.95,DELTA,Etron,-14.799999999999988
2020-03-16,12.59,19.06,31.65,-6.47,60.16,DELTA,Etron,-21.26999999999999
2020-03-17,6.94,14.03,20.97,-7.09,37.57,DELTA,Etron,-28.35999999999999
2020-03-18,4.26,9.27,13.53,-5.01,32.15,DELTA,Etron,-33.36999999999999
2020-03-19,5.67,9.16,14.82,-3.49,37.72,DELTA,Etron,-36.85999999999999
2020-03-20,17.22,13.35,30.57,3.87,37.19,DELTA,Etron,-32.989999999999995
2020-03-23,3.31,15.81,19.13,-12.5,33.52,DELTA,Etron,-45.489999999999995
2020-03-24,13.31,10.23,23.54,3.08,37.6,DELTA,Etron,-42.41
2020-03-25,4.69,7.21,11.9,-2.52,36.11,DELTA,Etron,-44.93
2020-03-26,8.09,6.27,14.36,1.82,46.46,DELTA,Etron,-43.11
2020-03-27,4.42,7.67,12.08,-3.25,28.91,DELTA,Etron,-46.36
2020-03-30,7.87,5.55,13.42,2.32,40.16,DELTA,Etron,-44.04
2020-03-31,12.02,7.57,19.59,4.45,36.31,DELTA,Etron,-39.589999999999996
2020-04-01,5.02,15.91,20.93,-10.89,28.44,DELTA,Etron,-50.48
2020-04-02,7.96,3.97,11.93,3.99,27.86,DELTA,Etron,-46.489999999999995
2020-04-03,6.3,4.9,11.2,1.4,35.56,DELTA,Etron,-45.089999999999996
2020-04-07,32.74,9.74,42.48,23.0,38.22,DELTA,Etron,-22.089999999999996
2020-04-08,4.71,12.95,17.66,-8.25,31.64,DELTA,Etron,-30.339999999999996
2020-04-09,14.45,7.8,22.26,6.65,23.59,DELTA,Etron,-23.689999999999998
2020-04-10,4.95,10.34,15.3,-5.39,26.29,DELTA,Etron,-29.08
2020-04-13,4.8,9.93,14.73,-5.13,29.85,DELTA,Etron,-34.21
2020-04-14,10.44,8.47,18.91,1.97,17.08,DELTA,Etron,-32.24
2020-04-15,12.52,11.09,23.61,1.43,22.46,DELTA,Etron,-30.810000000000002
2020-04-16,6.62,8.94,15.57,-2.32,29.38,DELTA,Etron,-33.13
2020-04-17,9.69,4.62,14.31,5.07,27.68,DELTA,Etron,-28.060000000000002
2020-04-20,25.36,17.88,43.24,7.48,38.25,DELTA,Etron,-20.580000000000002
2020-04-21,9.1,6.14,15.24,2.97,18.61,DELTA,Etron,-17.610000000000003
2020-04-22,16.91,11.93,28.85,4.98,19.12,DELTA,Etron,-12.630000000000003
2020-04-23,11.81,12.99,24.81,-1.18,19.83,DELTA,Etron,-13.810000000000002
2020-04-24,12.4,9.6,22.01,2.8,27.08,DELTA,Etron,-11.010000000000002
2020-04-27,44.69,17.11,61.8,27.59,38.75,DELTA,Etron,16.58
2020-04-28,67.28,15.2,82.49,52.08,33.8,DELTA,Etron,68.66
2020-04-29,7.22,21.41,28.63,-14.19,23.61,DELTA,Etron,54.47
2020-04-30,16.95,19.78,36.73,-2.82,23.86,DELTA,Etron,51.65
2020-05-05,8.55,10.24,18.79,-1.69,26.87,DELTA,Etron,49.96
2020-05-07,28.87,16.72,45.59,12.15,36.64,DELTA,Etron,62.11
2020-05-08,26.99,13.76,40.75,13.23,34.22,DELTA,Etron,75.34
2020-05-11,11.1,6.76,17.86,4.35,22.33,DELTA,Etron,79.69
2020-05-12,97.41,56.72,154.13,40.69,42.25,DELTA,Etron,120.38
2020-05-13,37.59,40.32,77.92,-2.73,27.67,DELTA,Etron,117.64999999999999
2020-05-14,14.51,31.22,45.73,-16.72,23.17,DELTA,Etron,100.92999999999999
2020-05-15,18.95,27.8,46.75,-8.85,14.52,DELTA,Etron,92.08
2020-05-18,12.13,21.53,33.66,-9.4,21.53,DELTA,Etron,82.67999999999999
2020-05-19,25.02,14.42,39.45,10.6,21.68,DELTA,Etron,93.27999999999999
2020-05-20,12.58,15.48,28.06,-2.9,22.38,DELTA,Etron,90.37999999999998
2020-05-21,11.32,39.1,50.42,-27.77,42.19,DELTA,Etron,62.609999999999985
2020-05-22,15.03,12.01,27.04,3.02,42.41,DELTA,Etron,65.62999999999998
2020-05-25,3.1,6.09,9.2,-2.99,20.33,DELTA,Etron,62.63999999999998
2020-05-26,5.12,4.75,9.86,0.37,12.52,DELTA,Etron,63.00999999999998
2020-05-27,6.0,7.57,13.57,-1.56,26.32,DELTA,Etron,61.449999999999974
2020-05-28,6.36,3.87,10.23,2.49,18.2,DELTA,Etron,63.939999999999976
2020-05-29,25.02,7.59,32.61,17.43,22.27,DELTA,Etron,81.36999999999998
2020-06-01,17.35,7.88,25.23,9.47,30.24,DELTA,Etron,90.83999999999997
2020-06-02,13.56,5.66,19.22,7.9,30.36,DELTA,Etron,98.73999999999998
2020-06-04,35.46,14.95,50.4,20.51,28.33,DELTA,Etron,119.24999999999999
2020-06-05,27.66,14.89,42.54,12.77,49.6,DELTA,Etron,132.01999999999998
2020-06-08,26.17,23.31,49.48,2.86,33.14,DELTA,Etron,134.88
2020-06-09,24.61,21.07,45.68,3.54,31.26,DELTA,Etron,138.42
2020-06-10,25.51,11.91,37.42,13.6,19.82,DELTA,Etron,152.01999999999998
2020-06-11,64.18,38.18,102.37,26.0,44.47,DELTA,Etron,178.01999999999998
2020-06-12,12.26,26.65,38.91,-14.39,28.27,DELTA,Etron,163.63
2020-06-15,7.42,11.52,18.94,-4.1,20.25,DELTA,Etron,159.53
2020-06-16,14.45,25.12,39.57,-10.67,26.15,DELTA,Etron,148.86
2020-06-17,17.27,8.19,25.46,9.08,19.28,DELTA,Etron,157.94000000000003
2020-06-18,10.67,10.62,21.29,0.05,25.93,DELTA,Etron,157.99000000000004
2020-06-19,25.27,18.89,44.17,6.38,37.86,DELTA,Etron,164.37000000000003
2020-06-22,25.53,16.91,42.44,8.63,32.42,DELTA,Etron,173.00000000000003
2020-06-23,11.58,7.56,19.14,4.02,33.37,DELTA,Etron,177.02000000000004
2020-06-24,16.57,33.33,49.89,-16.76,21.27,DELTA,Etron,160.26000000000005
2020-06-25,9.96,17.22,27.18,-7.25,21.44,DELTA,Etron,153.01000000000005
2020-06-26,4.33,9.48,13.82,-5.15,18.44,DELTA,Etron,147.86000000000004
2020-06-29,11.42,20.66,32.08,-9.24,15.67,DELTA,Etron,138.62000000000003
2020-06-30,109.74,16.76,126.5,92.98,23.64,DELTA,Etron,231.60000000000002
2020-07-01,49.22,22.32,71.53,26.9,21.04,DELTA,Etron,258.5
2020-07-02,6.43,6.89,13.32,-0.46,13.92,DELTA,Etron,258.04
2020-07-03,11.6,10.35,21.95,1.24,22.12,DELTA,Etron,259.28000000000003
2020-07-07,37.41,28.01,65.42,9.4,17.77,DELTA,Etron,268.68
2020-07-08,34.58,15.24,49.82,19.33,42.96,DELTA,Etron,288.01
2020-07-09,75.29,56.16,131.46,19.13,46.36,DELTA,Etron,307.14
2020-07-10,111.41,108.56,219.97,2.85,19.73,DELTA,Etron,309.99
2020-07-13,136.14,85.3,221.44,50.84,16.02,DELTA,Etron,360.83000000000004
2020-07-14,111.03,97.77,208.8,13.26,19.42,DELTA,Etron,374.09000000000003
2020-07-15,59.92,44.11,104.03,15.81,19.33,DELTA,Etron,389.90000000000003
2020-07-16,46.69,29.28,75.97,17.41,23.87,DELTA,Etron,407.31000000000006
2020-07-17,62.98,76.03,139.01,-13.05,19.28,DELTA,Etron,394.26000000000005
2020-07-20,55.74,41.33,97.07,14.4,21.82,DELTA,Etron,408.66
2020-07-21,145.42,137.53,282.95,7.89,20.72,DELTA,Etron,416.55
2020-07-22,183.91,128.45,312.36,55.45,19.49,DELTA,Etron,472.0
2020-07-23,53.66,61.27,114.92,-7.61,24.35,DELTA,Etron,464.39
2020-07-24,190.81,137.69,328.51,53.12,29.45,DELTA,Etron,517.51
2020-07-29,231.7,83.62,315.32,148.08,17.17,DELTA,Etron,665.59
2020-07-30,674.63,533.4,1208.03,141.24,38.35,DELTA,Etron,806.83
2020-07-31,256.63,229.28,485.92,27.35,21.26,DELTA,Etron,834.1800000000001
2020-08-03,287.41,237.58,525.0,49.83,19.13,DELTA,Etron,884.0100000000001
2020-08-04,244.27,270.78,515.05,-26.52,15.68,DELTA,Etron,857.4900000000001
2020-08-05,115.61,99.44,215.06,16.17,14.96,DELTA,Etron,873.6600000000001
2020-08-06,108.95,64.18,173.13,44.78,20.93,DELTA,Etron,918.44
2020-08-07,161.43,75.76,237.18,85.67,21.39,DELTA,Etron,1004.11
2020-08-10,51.42,37.87,89.3,13.55,31.8,DELTA,Etron,1017.66
2020-08-11,110.97,66.63,177.59,44.34,24.36,DELTA,Etron,1062.0
2020-08-13,114.55,64.15,178.7,50.4,20.38,DELTA,Etron,1112.4
2020-08-14,122.57,76.6,199.17,45.97,32.6,DELTA,Etron,1158.3700000000001
2020-08-17,120.22,54.2,174.42,66.02,24.86,DELTA,Etron,1224.39
2020-08-18,116.13,57.41,173.55,58.72,26.53,DELTA,Etron,1283.1100000000001
2020-08-19,68.53,84.55,153.08,-16.01,25.76,DELTA,Etron,1267.1000000000001
2020-08-20,37.76,32.56,70.32,5.2,19.12,DELTA,Etron,1272.3000000000002
2020-08-21,82.95,41.76,124.71,41.19,21.24,DELTA,Etron,1313.4900000000002
2020-08-24,94.06,176.41,270.47,-82.35,14.47,DELTA,Etron,1231.1400000000003
2020-08-25,145.59,185.86,331.45,-40.27,19.96,DELTA,Etron,1190.8700000000003
2020-08-26,121.21,85.77,206.98,35.44,28.6,DELTA,Etron,1226.3100000000004
2020-08-27,63.55,81.98,145.53,-18.43,27.23,DELTA,Etron,1207.8800000000003
2020-08-28,42.8,66.83,109.63,-24.03,22.07,DELTA,Etron,1183.8500000000004
2020-08-31,60.42,47.82,108.24,12.61,28.04,DELTA,Etron,1196.4600000000003
2020-09-01,109.99,70.53,180.51,39.46,28.14,DELTA,Etron,1235.9200000000003
2020-09-02,204.13,111.74,315.86,92.39,27.17,DELTA,Etron,1328.3100000000004
2020-09-03,92.32,161.96,254.28,-69.64,18.37,DELTA,Etron,1258.6700000000003
2020-09-08,71.65,58.04,129.69,13.6,25.17,DELTA,Etron,1272.2700000000002
2020-09-09,82.95,38.85,121.8,44.11,25.49,DELTA,Etron,1316.38
2020-09-10,66.52,90.55,157.07,-24.04,18.88,DELTA,Etron,1292.3400000000001
2020-09-11,58.21,61.65,119.86,-3.44,32.04,DELTA,Etron,1288.9
2020-09-14,48.94,38.57,87.5,10.37,30.59,DELTA,Etron,1299.27
2020-09-15,90.87,51.31,142.18,39.57,24.59,DELTA,Etron,1338.84
2020-09-16,255.04,214.76,469.8,40.28,24.82,DELTA,Etron,1379.12
2020-09-17,176.47,228.44,404.91,-51.96,21.92,DELTA,Etron,1327.1599999999999
2020-09-18,188.03,126.74,314.77,61.29,21.1,DELTA,Etron,1388.4499999999998
2020-09-21,118.26,138.69,256.95,-20.42,25.88,DELTA,Etron,1368.0299999999997
2020-09-22,208.25,178.14,386.38,30.11,18.26,DELTA,Etron,1398.1399999999996
2020-09-23,67.85,83.79,151.65,-15.94,16.59,DELTA,Etron,1382.1999999999996
2020-09-24,143.91,138.55,282.46,5.36,17.67,DELTA,Etron,1387.5599999999995
2020-09-25,134.81,141.52,276.33,-6.71,24.72,DELTA,Etron,1380.8499999999995
2020-09-28,134.33,110.82,245.14,23.51,24.32,DELTA,Etron,1404.3599999999994
2020-09-29,351.5,215.68,567.18,135.82,23.21,DELTA,Etron,1540.1799999999994
2020-09-30,193.22,93.52,286.74,99.71,28.65,DELTA,Etron,1639.8899999999994
2020-10-01,158.97,147.54,306.51,11.43,22.48,DELTA,Etron,1651.3199999999995
2020-10-02,240.05,417.47,657.52,-177.41,34.88,DELTA,Etron,1473.9099999999994
2020-10-05,214.82,260.11,474.92,-45.29,26.5,DELTA,Etron,1428.6199999999994
2020-10-06,115.96,216.79,332.75,-100.83,25.49,DELTA,Etron,1327.7899999999995
2020-10-07,319.78,236.66,556.43,83.12,29.49,DELTA,Etron,1410.9099999999994
2020-10-08,550.11,465.34,1015.45,84.78,26.27,DELTA,Etron,1495.6899999999994
2020-10-09,314.96,203.85,518.81,111.11,33.49,DELTA,Etron,1606.7999999999993
2020-10-12,169.81,117.62,287.43,52.19,28.05,DELTA,Etron,1658.9899999999993
2020-10-14,308.94,155.1,464.03,153.84,24.63,DELTA,Etron,1812.8299999999992
2020-10-15,255.51,351.15,606.66,-95.63,24.65,DELTA,Etron,1717.1999999999994
2020-10-16,271.28,237.8,509.08,33.48,28.98,DELTA,Etron,1750.6799999999994
2020-10-19,209.77,205.33,415.11,4.44,34.97,DELTA,Etron,1755.1199999999994
2020-10-20,149.03,205.25,354.28,-56.22,43.01,DELTA,Etron,1698.8999999999994
2020-10-21,113.48,153.11,266.59,-39.64,41.54,DELTA,Etron,1659.2599999999993
2020-10-22,619.61,590.83,1210.44,28.79,59.08,DELTA,Etron,1688.0499999999993
2020-10-26,133.12,100.46,233.58,32.66,44.94,DELTA,Etron,1720.7099999999994
2020-10-27,113.39,162.01,275.4,-48.62,30.12,DELTA,Etron,1672.0899999999995
2020-10-28,274.33,187.5,461.83,86.82,27.0,DELTA,Etron,1758.9099999999994
2020-10-29,102.19,140.36,242.55,-38.17,31.34,DELTA,Etron,1720.7399999999993
2020-10-30,121.54,98.32,219.86,23.22,44.48,DELTA,Etron,1743.9599999999994
2020-11-02,198.39,194.67,393.05,3.72,40.1,DELTA,Etron,1747.6799999999994
2020-11-03,166.71,172.17,338.88,-5.45,30.94,DELTA,Etron,1742.2299999999993
2020-11-04,427.68,225.22,652.9,202.46,24.17,DELTA,Etron,1944.6899999999994
2020-11-05,253.28,224.68,477.96,28.6,29.81,DELTA,Etron,1973.2899999999993
2020-11-06,258.52,347.38,605.9,-88.86,42.47,DELTA,Etron,1884.4299999999994
2020-11-09,256.8,144.99,401.79,111.8,46.04,DELTA,Etron,1996.2299999999993
2020-11-10,296.76,398.28,695.04,-101.53,27.01,DELTA,Etron,1894.6999999999994
2020-11-11,407.8,484.91,892.71,-77.11,41.26,DELTA,Etron,1817.5899999999995
2020-11-12,288.26,282.09,570.35,6.17,36.96,DELTA,Etron,1823.7599999999995
2020-11-13,128.26,80.24,208.5,48.02,29.31,DELTA,Etron,1871.7799999999995
2020-11-16,128.37,136.42,264.8,-8.05,36.77,DELTA,Etron,1863.7299999999996
2020-11-17,153.06,90.99,244.04,62.07,41.96,DELTA,Etron,1925.7999999999995
2020-11-18,257.28,236.74,494.02,20.55,43.86,DELTA,Etron,1946.3499999999995
2020-11-19,226.73,136.37,363.1,90.37,38.67,DELTA,Etron,2036.7199999999993
2020-11-20,185.46,136.16,321.62,49.3,35.94,DELTA,Etron,2086.0199999999995
2020-11-23,392.69,226.93,619.62,165.75,39.18,DELTA,Etron,2251.7699999999995
2020-11-24,219.72,205.95,425.67,13.77,51.04,DELTA,Etron,2265.5399999999995
2020-11-25,258.52,210.46,468.97,48.06,50.16,DELTA,Etron,2313.5999999999995
2020-11-26,894.04,540.0,1434.04,354.03,33.5,DELTA,Etron,2667.629999999999
2020-11-27,545.98,648.68,1194.66,-102.69,27.81,DELTA,Etron,2564.939999999999
2020-11-30,4739.77,4725.82,9465.59,13.95,59.5,DELTA,Etron,2578.889999999999
2020-12-01,182.04,146.85,328.9,35.19,21.01,DELTA,Etron,2614.079999999999
2020-12-02,281.34,246.67,528.01,34.68,30.86,DELTA,Etron,2648.759999999999
2020-12-03,367.79,200.23,568.02,167.56,24.72,DELTA,Etron,2816.319999999999
2020-12-04,201.9,225.64,427.54,-23.74,18.02,DELTA,Etron,2792.579999999999
2020-12-08,906.37,696.99,1603.36,209.38,21.29,DELTA,Etron,3001.959999999999
2020-12-09,920.02,1202.51,2122.52,-282.49,16.74,DELTA,Etron,2719.4699999999993
2020-12-14,837.75,717.93,1555.69,119.82,28.01,DELTA,Etron,2839.2899999999995
2020-12-15,447.03,434.34,881.37,12.68,25.75,DELTA,Etron,2851.9699999999993
2020-12-16,426.26,256.45,682.71,169.81,26.49,DELTA,Etron,3021.7799999999993
2020-12-17,524.11,513.17,1037.27,10.94,25.9,DELTA,Etron,3032.7199999999993
2020-12-18,1042.47,726.0,1768.47,316.47,54.27,DELTA,Etron,3349.1899999999996
2020-12-21,483.13,401.16,884.29,81.97,24.96,DELTA,Etron,3431.1599999999994
2020-12-22,395.21,261.77,656.98,133.44,27.55,DELTA,Etron,3564.5999999999995
2020-12-23,804.91,740.36,1545.27,64.55,18.24,DELTA,Etron,3629.1499999999996
2020-12-24,1597.23,1101.69,2698.92,495.54,18.22,DELTA,Etron,4124.69
2020-12-25,836.62,898.07,1734.69,-61.45,10.08,DELTA,Etron,4063.24
2020-12-28,1198.23,1298.13,2496.36,-99.89,10.1,DELTA,Etron,3963.35
2020-12-29,1846.12,903.9,2750.02,942.22,16.21,DELTA,Etron,4905.57
2020-12-30,1169.77,2033.06,3202.82,-863.29,14.21,DELTA,Etron,4042.2799999999997
2021-01-04,842.34,900.53,1742.87,-58.2,17.85,DELTA,Etron,3984.08
2021-01-05,955.21,1149.42,2104.63,-194.2,17.04,DELTA,Etron,3789.88
2021-01-06,254.18,349.32,603.5,-95.14,15.31,DELTA,Etron,3694.7400000000002
2021-01-07,535.33,203.75,739.07,331.58,25.9,DELTA,Etron,4026.32
2021-01-08,931.86,532.23,1464.08,399.63,18.83,DELTA,Etron,4425.95
2021-01-11,695.31,1256.33,1951.63,-561.02,33.5,DELTA,Etron,3864.93
2021-01-12,446.32,516.57,962.89,-70.26,27.93,DELTA,Etron,3794.6699999999996
2021-01-13,397.72,473.63,871.35,-75.91,41.15,DELTA,Etron,3718.7599999999998
2021-01-14,745.67,433.58,1179.25,312.09,29.75,DELTA,Etron,4030.85
2021-01-15,448.35,375.76,824.11,72.59,28.04,DELTA,Etron,4103.44
2021-01-18,340.52,320.96,661.48,19.56,38.82,DELTA,Etron,4123.0
2021-01-19,446.08,334.24,780.31,111.84,32.76,DELTA,Etron,4234.84
2021-01-20,277.07,440.76,717.83,-163.69,37.37,DELTA,Etron,4071.15
2021-01-21,217.81,637.31,855.12,-419.49,43.86,DELTA,Etron,3651.66
2021-01-22,647.06,754.17,1401.23,-107.11,56.32,DELTA,Etron,3544.5499999999997
2021-01-25,259.8,292.44,552.24,-32.63,43.18,DELTA,Etron,3511.9199999999996
2021-01-26,596.84,552.57,1149.42,44.27,37.21,DELTA,Etron,3556.1899999999996
2021-01-27,215.33,399.99,615.33,-184.66,38.65,DELTA,Etron,3371.5299999999997
2021-01-28,266.62,313.91,580.53,-47.28,35.1,DELTA,Etron,3324.2499999999995
2021-01-29,212.25,334.82,547.07,-122.57,26.79,DELTA,Etron,3201.6799999999994
2021-02-01,151.15,382.77,533.92,-231.61,43.02,DELTA,Etron,2970.0699999999993
2021-02-02,92.36,137.93,230.29,-45.58,26.78,DELTA,Etron,2924.4899999999993
2021-02-03,132.01,336.32,468.33,-204.31,49.71,DELTA,Etron,2720.1799999999994
2021-02-04,231.6,238.51,470.12,-6.91,48.03,DELTA,Etron,2713.2699999999995
2021-02-05,150.03,156.73,306.76,-6.7,39.73,DELTA,Etron,2706.5699999999997
2021-02-08,122.85,195.4,318.25,-72.54,41.58,DELTA,Etron,2634.0299999999997
2021-02-09,355.79,141.9,497.69,213.89,40.71,DELTA,Etron,2847.9199999999996
2021-02-10,273.79,188.65,462.45,85.14,37.75,DELTA,Etron,2933.0599999999995
2021-02-11,132.46,146.7,279.16,-14.25,42.18,DELTA,Etron,2918.8099999999995
2021-02-15,598.08,595.32,1193.4,2.76,33.11,DELTA,Etron,2921.5699999999997
2021-02-16,329.37,221.37,550.74,108.0,41.71,DELTA,Etron,3029.5699999999997
2021-02-17,234.74,198.46,433.2,36.28,37.67,DELTA,Etron,3065.85
2021-02-18,167.44,211.75,379.19,-44.32,52.05,DELTA,Etron,3021.5299999999997
2021-02-19,171.75,218.85,390.6,-47.1,51.52,DELTA,Etron,2974.43
2021-02-22,261.99,378.77,640.75,-116.78,55.19,DELTA,Etron,2857.6499999999996
2021-02-23,173.88,94.47,268.35,79.41,38.66,DELTA,Etron,2937.0599999999995
2021-02-24,127.4,166.28,293.68,-38.89,50.76,DELTA,Etron,2898.1699999999996
2021-02-25,285.39,323.92,609.31,-38.53,57.14,DELTA,Etron,2859.6399999999994
2021-03-01,97.62,166.24,263.86,-68.63,33.49,DELTA,Etron,2791.0099999999993
2021-03-02,133.79,178.07,311.86,-44.28,44.9,DELTA,Etron,2746.729999999999
2021-03-03,249.22,143.06,392.28,106.16,28.71,DELTA,Etron,2852.889999999999
2021-03-04,310.93,528.46,839.39,-217.53,52.63,DELTA,Etron,2635.3599999999988
2021-03-05,315.96,287.58,603.54,28.37,48.54,DELTA,Etron,2663.7299999999987
2021-03-08,211.15,425.97,637.11,-214.82,32.28,DELTA,Etron,2448.9099999999985
2021-03-09,366.39,420.07,786.47,-53.68,29.62,DELTA,Etron,2395.2299999999987
2021-03-10,328.9,370.6,699.5,-41.71,29.93,DELTA,Etron,2353.5199999999986
2021-03-11,693.07,527.38,1220.44,165.69,24.33,DELTA,Etron,2519.2099999999987
2021-03-12,324.57,878.31,1202.88,-553.74,21.93,DELTA,Etron,1965.4699999999987
2021-03-15,180.78,295.07,475.85,-114.28,30.73,DELTA,Etron,1851.1899999999987
2021-03-16,219.64,328.26,547.9,-108.62,24.94,DELTA,Etron,1742.5699999999988
2021-03-17,325.55,344.35,669.9,-18.81,33.34,DELTA,Etron,1723.7599999999989
2021-03-18,286.56,179.37,465.93,107.18,21.95,DELTA,Etron,1830.939999999999
2021-03-19,1870.66,439.31,2309.97,1431.35,41.96,DELTA,Etron,3262.289999999999
2021-03-22,234.59,167.76,402.35,66.84,26.94,DELTA,Etron,3329.129999999999
2021-03-23,193.8,204.0,397.8,-10.2,24.97,DELTA,Etron,3318.9299999999994
2021-03-24,371.66,267.95,639.61,103.71,20.48,DELTA,Etron,3422.6399999999994
2021-03-25,210.91,465.96,676.87,-255.05,23.39,DELTA,Etron,3167.5899999999992
2021-03-26,324.35,325.77,650.12,-1.42,26.95,DELTA,Etron,3166.169999999999
2021-03-29,163.87,130.41,294.28,33.46,25.83,DELTA,Etron,3199.629999999999
2021-03-30,509.41,327.83,837.24,181.57,29.09,DELTA,Etron,3381.1999999999994
2021-03-31,126.92,248.53,375.46,-121.61,22.77,DELTA,Etron,3259.5899999999992
2021-04-01,818.47,455.63,1274.11,362.84,17.58,DELTA,Etron,3622.4299999999994
2021-04-02,847.16,949.51,1796.67,-102.35,18.79,DELTA,Etron,3520.0799999999995
2021-04-05,566.62,1194.93,1761.54,-628.31,15.61,DELTA,Etron,2891.7699999999995
2021-04-07,514.9,921.46,1436.35,-406.56,17.84,DELTA,Etron,2485.2099999999996
2021-04-08,351.96,825.25,1177.21,-473.29,20.35,DELTA,Etron,2011.9199999999996
2021-04-09,437.82,555.28,993.11,-117.46,21.5,DELTA,Etron,1894.4599999999996
2021-04-12,340.62,428.73,769.35,-88.11,21.88,DELTA,Etron,1806.3499999999997
2021-04-16,298.55,326.99,625.54,-28.44,21.7,DELTA,Etron,1777.9099999999996
2021-04-19,803.77,553.16,1356.93,250.61,19.0,DELTA,Etron,2028.5199999999995
2021-04-20,420.02,597.43,1017.45,-177.41,28.01,DELTA,Etron,1851.1099999999994
2021-04-21,397.63,603.88,1001.51,-206.25,21.31,DELTA,Etron,1644.8599999999994
2021-04-22,710.06,356.77,1066.82,353.29,31.98,DELTA,Etron,1998.1499999999994
2021-04-23,176.17,192.24,368.41,-16.07,21.14,DELTA,Etron,1982.0799999999995
2021-04-26,390.7,169.7,560.4,221.01,25.32,DELTA,Etron,2203.0899999999992
2021-04-27,390.82,400.88,791.7,-10.06,25.69,DELTA,Etron,2193.0299999999993
2021-04-28,316.21,249.04,565.24,67.17,26.7,DELTA,Etron,2260.1999999999994
2021-04-29,212.17,205.1,417.27,7.07,34.83,DELTA,Etron,2267.2699999999995
2021-04-30,387.99,532.69,920.68,-144.7,27.98,DELTA,Etron,2122.5699999999997
2021-05-05,464.54,737.52,1202.06,-272.98,26.67,DELTA,Etron,1849.5899999999997
2021-05-06,1071.39,840.78,1912.17,230.6,20.59,DELTA,Etron,2080.1899999999996
2021-05-07,1293.22,789.91,2083.13,503.31,24.73,DELTA,Etron,2583.4999999999995
2021-05-10,1030.38,817.76,1848.14,212.62,20.63,DELTA,Etron,2796.1199999999994
2021-05-11,1268.62,1585.08,2853.7,-316.46,20.28,DELTA,Etron,2479.6599999999994
2021-05-12,1506.87,1097.74,2604.61,409.14,13.56,DELTA,Etron,2888.7999999999993
2021-05-13,474.56,517.56,992.12,-43.0,22.4,DELTA,Etron,2845.7999999999993
2021-05-14,276.88,420.01,696.89,-143.13,34.12,DELTA,Etron,2702.669999999999
2021-05-17,259.71,259.02,518.73,0.68,22.63,DELTA,Etron,2703.349999999999
2021-05-18,254.08,355.65,609.73,-101.57,25.01,DELTA,Etron,2601.779999999999
2021-05-19,221.86,194.45,416.31,27.41,31.11,DELTA,Etron,2629.1899999999987
2021-05-20,229.42,235.81,465.22,-6.39,42.61,DELTA,Etron,2622.799999999999
2021-05-21,332.34,191.37,523.71,140.96,39.18,DELTA,Etron,2763.759999999999
2021-05-24,231.3,128.52,359.83,102.78,40.59,DELTA,Etron,2866.539999999999
2021-05-25,944.73,590.52,1535.25,354.2,29.57,DELTA,Etron,3220.739999999999
2021-05-27,899.48,816.42,1715.9,83.06,52.79,DELTA,Etron,3303.799999999999
2021-05-28,218.8,140.57,359.36,78.23,36.65,DELTA,Etron,3382.029999999999
2021-05-31,575.54,272.52,848.06,303.03,29.46,DELTA,Etron,3685.0599999999986
2021-06-01,450.56,333.32,783.89,117.24,40.8,DELTA,Etron,3802.2999999999984
2021-06-02,239.69,224.85,464.54,14.83,27.89,DELTA,Etron,3817.1299999999983
2021-06-04,305.5,247.4,552.9,58.1,36.27,DELTA,Etron,3875.229999999998
2021-06-07,296.19,170.4,466.6,125.79,38.21,DELTA,Etron,4001.019999999998
2021-06-08,200.34,220.54,420.88,-20.2,42.49,DELTA,Etron,3980.8199999999983
2021-06-09,382.07,195.61,577.68,186.45,34.31,DELTA,Etron,4167.269999999999
2021-06-10,244.18,204.67,448.85,39.51,42.1,DELTA,Etron,4206.779999999999
2021-06-11,448.66,419.42,868.07,29.24,38.71,DELTA,Etron,4236.019999999999
2021-06-14,252.09,163.35,415.44,88.74,45.65,DELTA,Etron,4324.759999999998
2021-06-15,258.65,138.73,397.38,119.91,42.71,DELTA,Etron,4444.669999999998
2021-06-16,190.66,158.47,349.14,32.19,44.74,DELTA,Etron,4476.859999999998
2021-06-17,516.46,246.36,762.82,270.1,43.14,DELTA,Etron,4746.959999999998
2021-06-18,1092.52,581.7,1674.22,510.82,46.48,DELTA,Etron,5257.779999999998
2021-06-21,185.21,300.37,485.58,-115.15,38.08,DELTA,Etron,5142.629999999998
2021-06-22,120.51,147.88,268.39,-27.37,38.25,DELTA,Etron,5115.259999999998
2021-06-23,281.19,132.68,413.87,148.51,28.88,DELTA,Etron,5263.769999999999
2021-06-24,132.08,153.3,285.38,-21.22,32.95,DELTA,Etron,5242.549999999998
2021-06-25,123.5,97.51,221.01,26.0,42.53,DELTA,Etron,5268.549999999998
2021-06-28,224.71,100.64,325.35,124.07,37.19,DELTA,Etron,5392.619999999998
2021-06-29,370.35,187.2,557.55,183.15,35.22,DELTA,Etron,5575.769999999998
2021-06-30,280.56,397.71,678.27,-117.16,34.51,DELTA,Etron,5458.609999999998
2021-07-01,107.27,291.52,398.79,-184.26,37.95,DELTA,Etron,5274.349999999998
2021-07-02,112.02,272.38,384.39,-160.36,42.32,DELTA,Etron,5113.989999999998
2021-07-05,71.64,72.34,143.98,-0.7,43.79,DELTA,Etron,5113.289999999998
2021-07-06,276.54,229.35,505.89,47.19,37.03,DELTA,Etron,5160.479999999998
2021-07-07,314.46,206.01,520.47,108.44,51.28,DELTA,Etron,5268.919999999997
2021-07-08,320.14,231.74,551.87,88.4,44.54,DELTA,Etron,5357.319999999997
2021-07-09,297.81,195.01,492.82,102.8,28.93,DELTA,Etron,5460.119999999997
2021-07-12,67.57,60.28,127.86,7.29,14.87,DELTA,Etron,5467.409999999997
2021-07-13,130.03,161.13,291.16,-31.1,35.07,DELTA,Etron,5436.309999999997
2021-07-14,178.77,135.83,314.59,42.94,29.51,DELTA,Etron,5479.249999999996
2021-07-15,1956.35,1283.93,3240.28,672.43,24.62,DELTA,Etron,6151.679999999997
2021-07-16,188.64,593.75,782.39,-405.11,34.15,DELTA,Etron,5746.569999999997
2021-07-19,73.63,223.05,296.68,-149.43,37.46,DELTA,Etron,5597.139999999997
2021-07-20,150.24,190.43,340.67,-40.19,41.47,DELTA,Etron,5556.949999999997
2021-07-21,101.08,118.55,219.64,-17.47,44.01,DELTA,Etron,5539.479999999997
2021-07-22,156.72,207.43,364.16,-50.71,39.52,DELTA,Etron,5488.769999999997
2021-07-23,22.9,65.59,88.49,-42.69,29.17,DELTA,Etron,5446.079999999997
2021-07-27,148.56,233.06,381.62,-84.51,46.3,DELTA,Etron,5361.569999999997
2021-07-29,136.06,105.35,241.42,30.71,43.38,DELTA,Etron,5392.279999999997
2021-07-30,224.08,197.84,421.92,26.24,38.59,DELTA,Etron,5418.519999999997
2021-08-02,119.92,124.78,244.7,-4.86,42.44,DELTA,Etron,5413.659999999997
2021-08-03,62.72,75.6,138.31,-12.88,27.8,DELTA,Etron,5400.779999999997
2021-08-04,149.38,195.56,344.94,-46.18,48.03,DELTA,Etron,5354.599999999997
2021-08-05,152.42,237.43,389.85,-85.01,44.03,DELTA,Etron,5269.5899999999965
2021-08-06,1383.32,1465.32,2848.64,-82.0,29.72,DELTA,Etron,5187.5899999999965
2021-08-09,502.17,577.08,1079.25,-74.91,23.4,DELTA,Etron,5112.679999999997
2021-08-10,101.45,321.43,422.88,-219.98,25.88,DELTA,Etron,4892.699999999997
2021-08-11,177.97,363.05,541.02,-185.07,41.35,DELTA,Etron,4707.629999999997
2021-08-13,94.84,215.87,310.71,-121.03,40.01,DELTA,Etron,4586.599999999998
2021-08-16,154.02,191.41,345.43,-37.39,35.43,DELTA,Etron,4549.209999999997
2021-08-17,195.45,376.51,571.95,-181.06,42.05,DELTA,Etron,4368.149999999997
2021-08-18,142.56,329.35,471.9,-186.79,32.41,DELTA,Etron,4181.359999999997
2021-08-19,84.4,171.1,255.5,-86.7,28.77,DELTA,Etron,4094.659999999997
2021-08-20,97.62,154.93,252.56,-57.31,26.97,DELTA,Etron,4037.349999999997
2021-08-23,158.52,103.82,262.34,54.7,23.6,DELTA,Etron,4092.049999999997
2021-08-24,149.15,138.19,287.34,10.96,37.55,DELTA,Etron,4103.009999999997
2021-08-25,256.72,126.21,382.93,130.52,30.02,DELTA,Etron,4233.529999999997
2021-08-26,152.94,207.15,360.09,-54.21,37.49,DELTA,Etron,4179.319999999997
2021-08-27,182.95,113.69,296.64,69.26,31.74,DELTA,Etron,4248.579999999997
2021-08-30,456.54,190.57,647.1,265.97,38.96,DELTA,Etron,4514.549999999997
2021-08-31,561.24,349.07,910.31,212.17,38.22,DELTA,Etron,4726.7199999999975
2021-09-01,1503.92,746.89,2250.81,757.02,26.2,DELTA,Etron,5483.739999999998
2021-09-02,1211.11,985.85,2196.96,225.26,18.56,DELTA,Etron,5708.999999999998
2021-09-03,883.86,917.58,1801.44,-33.72,26.01,DELTA,Etron,5675.279999999998
2021-09-06,856.37,354.84,1211.21,501.52,26.0,DELTA,Etron,6176.799999999997
2021-09-07,614.17,572.96,1187.13,41.2,35.68,DELTA,Etron,6217.999999999997
2021-09-08,735.61,374.67,1110.28,360.95,28.43,DELTA,Etron,6578.949999999997
2021-09-09,429.34,451.21,880.54,-21.87,29.45,DELTA,Etron,6557.079999999997
2021-09-10,456.5,239.94,696.44,216.56,29.06,DELTA,Etron,6773.639999999998
2021-09-13,568.24,864.55,1432.79,-296.31,25.88,DELTA,Etron,6477.329999999997
2021-09-14,936.25,1448.88,2385.13,-512.62,27.13,DELTA,Etron,5964.709999999997
2021-09-15,353.65,755.73,1109.37,-402.08,24.95,DELTA,Etron,5562.629999999997
2021-09-16,615.05,1051.63,1666.68,-436.58,26.64,DELTA,Etron,5126.049999999997
2021-09-17,696.24,918.69,1614.93,-222.44,28.77,DELTA,Etron,4903.609999999998
2021-09-20,420.95,573.95,994.89,-153.0,32.8,DELTA,Etron,4750.609999999998
2021-09-21,661.71,1190.13,1851.84,-528.42,22.95,DELTA,Etron,4222.189999999998
2021-09-22,612.75,518.24,1130.99,94.51,25.77,DELTA,Etron,4316.699999999998
2021-09-23,406.85,357.42,764.26,49.43,27.67,DELTA,Etron,4366.129999999998
2021-09-27,285.74,410.35,696.09,-124.6,33.06,DELTA,Etron,4241.529999999998
2021-09-28,453.87,368.03,821.9,85.84,34.79,DELTA,Etron,4327.369999999998
2021-09-29,660.92,475.32,1136.24,185.61,34.79,DELTA,Etron,4512.979999999998
2021-09-30,398.02,542.17,940.2,-144.15,30.29,DELTA,Etron,4368.829999999998
2021-10-01,207.65,333.15,540.8,-125.49,26.12,DELTA,Etron,4243.339999999998
2021-10-04,99.3,227.15,326.45,-127.85,40.65,DELTA,Etron,4115.489999999998
2021-10-05,463.13,551.74,1014.87,-88.61,31.55,DELTA,Etron,4026.879999999998
2021-10-06,234.94,222.06,456.99,12.88,38.13,DELTA,Etron,4039.759999999998
2021-10-07,380.98,379.48,760.46,1.51,32.74,DELTA,Etron,4041.269999999998
2021-10-08,135.94,176.43,312.36,-40.49,31.63,DELTA,Etron,4000.7799999999984
2021-10-11,105.68,121.82,227.49,-16.14,30.5,DELTA,Etron,3984.6399999999985
2021-10-12,162.35,153.75,316.09,8.6,44.34,DELTA,Etron,3993.2399999999984
2021-10-14,192.48,269.17,461.65,-76.68,32.01,DELTA,Etron,3916.5599999999986
2021-10-15,431.19,138.64,569.84,292.55,39.36,DELTA,Etron,4209.109999999999
2021-10-18,580.39,820.35,1400.74,-239.97,32.87,DELTA,Etron,3969.139999999999
2021-10-19,268.45,298.94,567.39,-30.49,37.05,DELTA,Etron,3938.649999999999
2021-10-20,231.27,132.42,363.69,98.85,34.6,DELTA,Etron,4037.499999999999
2021-10-21,139.56,238.03,377.59,-98.47,37.75,DELTA,Etron,3939.0299999999993
2021-10-25,134.64,335.62,470.26,-200.98,39.36,DELTA,Etron,3738.0499999999993
2021-10-26,584.91,336.3,921.21,248.6,40.14,DELTA,Etron,3986.649999999999
2021-10-27,315.67,442.28,757.96,-126.61,29.12,DELTA,Etron,3860.039999999999
2021-10-28,88.37,243.13,331.51,-154.76,35.38,DELTA,Etron,3705.279999999999
2021-10-29,208.28,379.35,587.63,-171.07,34.67,DELTA,Etron,3534.2099999999987
2021-11-01,406.39,308.89,715.27,97.5,39.35,DELTA,Etron,3631.7099999999987
2021-11-02,398.49,398.35,796.84,0.14,31.04,DELTA,Etron,3631.8499999999985
2021-11-03,704.31,281.66,985.97,422.65,30.71,DELTA,Etron,4054.4999999999986
2021-11-04,299.09,306.83,605.92,-7.74,28.37,DELTA,Etron,4046.759999999999
2021-11-05,586.24,713.82,1300.06,-127.57,31.1,DELTA,Etron,3919.1899999999987
2021-11-08,540.17,1088.14,1628.32,-547.97,24.79,DELTA,Etron,3371.2199999999984
2021-11-09,577.37,545.61,1122.98,31.77,31.95,DELTA,Etron,3402.9899999999984
2021-11-10,500.38,522.18,1022.56,-21.8,31.6,DELTA,Etron,3381.1899999999982
2021-11-11,304.4,184.05,488.46,120.35,27.5,DELTA,Etron,3501.539999999998
2021-11-12,266.56,120.6,387.16,145.96,27.18,DELTA,Etron,3647.499999999998
2021-11-15,573.24,257.02,830.26,316.23,30.94,DELTA,Etron,3963.729999999998
2021-11-16,252.2,401.57,653.77,-149.38,40.25,DELTA,Etron,3814.349999999998
2021-11-17,300.76,200.52,501.28,100.25,36.42,DELTA,Etron,3914.599999999998
2021-11-18,516.55,307.67,824.22,208.89,37.57,DELTA,Etron,4123.489999999998
2021-11-19,113.13,122.51,235.65,-9.38,25.07,DELTA,Etron,4114.109999999998
2021-11-22,133.27,55.81,189.08,77.46,27.61,DELTA,Etron,4191.569999999998
2021-11-23,140.0,95.11,235.11,44.88,28.35,DELTA,Etron,4236.449999999998
2021-11-24,180.0,205.93,385.93,-25.92,36.63,DELTA,Etron,4210.529999999998
2021-11-25,111.64,57.57,169.21,54.06,33.05,DELTA,Etron,4264.589999999998
2021-11-26,141.44,306.06,447.51,-164.62,30.15,DELTA,Etron,4099.969999999998
2021-11-29,1062.69,543.13,1605.81,519.56,33.46,DELTA,Etron,4619.529999999999
2021-11-30,1065.31,922.9,1988.22,142.41,31.73,DELTA,Etron,4761.939999999999
2021-12-01,273.04,418.23,691.26,-145.19,35.2,DELTA,Etron,4616.749999999999
2021-12-02,136.58,337.34,473.93,-200.76,38.99,DELTA,Etron,4415.989999999999
2021-12-03,256.95,311.95,568.9,-54.99,35.45,DELTA,Etron,4360.999999999999
2021-12-07,146.63,154.03,300.66,-7.4,38.01,DELTA,Etron,4353.599999999999
2021-12-08,292.71,147.47,440.19,145.24,38.84,DELTA,Etron,4498.839999999999
2021-12-09,470.66,458.97,929.63,11.68,38.05,DELTA,Etron,4510.5199999999995
2021-12-13,87.14,131.21,218.35,-44.07,34.89,DELTA,Etron,4466.45
2021-12-14,992.58,568.89,1561.46,423.69,40.15,DELTA,Etron,4890.139999999999
2021-12-15,163.6,398.33,561.93,-234.74,35.67,DELTA,Etron,4655.4
2021-12-16,320.53,214.78,535.32,105.75,32.97,DELTA,Etron,4761.15
2021-12-17,412.78,260.6,673.38,152.19,43.7,DELTA,Etron,4913.339999999999
2021-12-20,212.76,818.96,1031.72,-606.2,36.95,DELTA,Etron,4307.139999999999
2021-12-21,333.32,434.16,767.48,-100.85,43.46,DELTA,Etron,4206.289999999999
2021-12-22,383.42,230.51,613.93,152.92,35.82,DELTA,Etron,4359.209999999999
2021-12-23,448.03,358.96,806.99,89.07,44.56,DELTA,Etron,4448.279999999999
2021-12-24,233.63,132.97,366.59,100.66,45.26,DELTA,Etron,4548.939999999999
2021-12-27,538.1,259.71,797.81,278.39,39.53,DELTA,Etron,4827.329999999999
2021-12-28,411.82,346.1,757.92,65.72,43.63,DELTA,Etron,4893.049999999999
2021-12-29,1008.09,1215.66,2223.74,-207.57,30.9,DELTA,Etron,4685.48
2021-12-30,1407.3,692.16,2099.45,715.14,26.2,DELTA,Etron,5400.62
2022-01-04,574.21,327.39,901.6,246.81,31.73,DELTA,Etron,5647.43
2022-01-05,53.61,63.97,117.58,-10.37,17.19,DELTA,Etron,5637.06
2022-01-06,205.02,350.56,555.58,-145.53,37.55,DELTA,Etron,5491.530000000001
2022-01-07,155.33,196.73,352.06,-41.39,39.24,DELTA,Etron,5450.14
2022-01-10,83.14,157.05,240.19,-73.91,30.78,DELTA,Etron,5376.2300000000005
2022-01-11,572.82,427.34,1000.16,145.48,32.17,DELTA,Etron,5521.71
2022-01-12,388.11,169.56,557.66,218.55,29.15,DELTA,Etron,5740.26
2022-01-13,110.4,145.87,256.27,-35.46,32.66,DELTA,Etron,5704.8
2022-01-14,130.64,109.25,239.89,21.39,25.44,DELTA,Etron,5726.1900000000005
2022-01-17,130.73,93.24,223.97,37.48,26.55,DELTA,Etron,5763.67
2022-01-18,129.22,307.2,436.42,-177.98,29.93,DELTA,Etron,5585.6900000000005
2022-01-19,67.56,137.76,205.32,-70.21,25.57,DELTA,Etron,5515.4800000000005
2022-01-20,28.98,79.47,108.45,-50.5,21.57,DELTA,Etron,5464.9800000000005
2022-01-21,106.4,186.6,293.0,-80.2,30.95,DELTA,Etron,5384.780000000001
2022-01-24,227.03,519.89,746.91,-292.86,34.32,DELTA,Etron,5091.920000000001
2022-01-25,203.0,151.02,354.02,51.97,22.27,DELTA,Etron,5143.890000000001
2022-01-26,124.47,111.21,235.68,13.25,20.96,DELTA,Etron,5157.140000000001
2022-01-27,293.54,194.81,488.35,98.73,28.01,DELTA,Etron,5255.870000000001
2022-01-28,258.73,198.55,457.28,60.18,30.85,DELTA,Etron,5316.050000000001
2022-01-31,306.23,172.81,479.03,133.42,34.7,DELTA,Etron,5449.470000000001
2022-02-01,519.52,458.29,977.81,61.23,30.79,DELTA,Etron,5510.700000000001
2022-02-02,597.48,485.97,1083.45,111.5,22.52,DELTA,Etron,5622.200000000001
2022-02-03,401.24,440.53,841.77,-39.3,25.55,DELTA,Etron,5582.900000000001
2022-02-04,637.31,348.27,985.58,289.04,25.56,DELTA,Etron,5871.9400000000005
2022-02-07,186.59,215.33,401.92,-28.74,25.6,DELTA,Etron,5843.200000000001
2022-02-08,220.36,136.15,356.5,84.21,37.76,DELTA,Etron,5927.410000000001
2022-02-09,348.47,424.19,772.66,-75.72,31.66,DELTA,Etron,5851.6900000000005
2022-02-10,190.49,163.2,353.69,27.29,26.15,DELTA,Etron,5878.9800000000005
2022-02-11,166.46,233.05,399.51,-66.59,32.8,DELTA,Etron,5812.39
2022-02-14,202.44,169.18,371.62,33.26,31.82,DELTA,Etron,5845.650000000001
2022-02-15,466.41,171.71,638.12,294.7,29.43,DELTA,Etron,6140.35
2022-02-17,165.83,280.54,446.37,-114.72,29.21,DELTA,Etron,6025.63
2022-02-18,79.06,49.92,128.98,29.14,30.04,DELTA,Etron,6054.77
2022-02-21,22.03,44.54,66.56,-22.51,23.96,DELTA,Etron,6032.26
2022-02-22,98.39,158.34,256.73,-59.95,42.69,DELTA,Etron,5972.31
2022-02-23,88.62,37.15,125.77,51.46,27.03,DELTA,Etron,6023.77
2022-02-24,61.2,63.7,124.9,-2.49,26.28,DELTA,Etron,6021.280000000001
2022-02-25,123.66,72.87,196.52,50.79,28.96,DELTA,Etron,6072.070000000001
2022-02-28,284.71,241.74,526.45,42.98,45.23,DELTA,Etron,6115.05
2022-03-01,186.51,70.97,257.48,115.55,22.39,DELTA,Etron,6230.6
2022-03-02,449.05,706.4,1155.45,-257.35,30.58,DELTA,Etron,5973.25
2022-03-03,335.84,231.78,567.62,104.06,37.23,DELTA,Etron,6077.31
2022-03-04,187.8,207.36,395.16,-19.55,34.52,DELTA,Etron,6057.76
2022-03-07,228.18,359.95,588.13,-131.76,36.4,DELTA,Etron,5926.0
2022-03-08,417.06,300.65,717.7,116.41,25.09,DELTA,Etron,6042.41
2022-03-09,143.11,162.11,305.22,-19.0,27.17,DELTA,Etron,6023.41
2022-03-10,113.68,181.92,295.6,-68.24,31.75,DELTA,Etron,5955.17
2022-03-11,127.84,62.34,190.18,65.51,28.66,DELTA,Etron,6020.68
2022-03-14,153.3,270.78,424.08,-117.48,33.13,DELTA,Etron,5903.200000000001
2022-03-15,238.11,187.86,425.97,50.26,32.97,DELTA,Etron,5953.460000000001
2022-03-16,211.95,185.13,397.09,26.82,39.21,DELTA,Etron,5980.280000000001
2022-03-17,419.92,338.4,758.32,81.51,29.5,DELTA,Etron,6061.790000000001
2022-03-18,234.36,249.46,483.81,-15.1,34.6,DELTA,Etron,6046.6900000000005
2022-03-21,244.55,231.31,475.87,13.24,30.72,DELTA,Etron,6059.93
2022-03-22,116.95,157.48,274.43,-40.53,26.49,DELTA,Etron,6019.400000000001
2022-03-23,188.94,195.51,384.45,-6.57,26.47,DELTA,Etron,6012.830000000001
2022-03-24,91.82,129.87,221.69,-38.06,25.35,DELTA,Etron,5974.77
2022-03-25,124.11,118.92,243.03,5.19,21.04,DELTA,Etron,5979.96
2022-03-28,113.85,118.49,232.33,-4.64,29.68,DELTA,Etron,5975.32
2022-03-29,102.92,91.13,194.04,11.79,31.4,DELTA,Etron,5987.11
2022-03-30,90.61,56.08,146.69,34.54,23.24,DELTA,Etron,6021.65
2022-03-31,175.95,68.21,244.16,107.74,31.78,DELTA,Etron,6129.389999999999
2022-04-01,209.13,110.54,319.67,98.59,36.69,DELTA,Etron,6227.98
2022-04-04,86.55,63.94,150.49,22.61,38.98,DELTA,Etron,6250.589999999999
2022-04-05,126.1,103.51,229.62,22.59,38.66,DELTA,Etron,6273.179999999999
2022-04-07,118.13,151.94,270.07,-33.81,31.83,DELTA,Etron,6239.369999999999
2022-04-08,25.97,32.42,58.39,-6.45,27.4,DELTA,Etron,6232.919999999999
2022-04-11,78.79,93.12,171.92,-14.33,32.74,DELTA,Etron,6218.589999999999
2022-04-12,103.26,39.49,142.75,63.76,24.04,DELTA,Etron,6282.349999999999
2022-04-18,101.69,227.83,329.52,-126.14,31.2,DELTA,Etron,6156.209999999999
2022-04-19,74.45,155.16,229.61,-80.7,28.79,DELTA,Etron,6075.509999999999
2022-04-20,144.99,154.84,299.84,-9.85,32.57,DELTA,Etron,6065.659999999999
2022-04-21,405.93,369.8,775.73,36.13,23.79,DELTA,Etron,6101.789999999999
2022-04-22,187.75,222.24,410.0,-34.49,27.58,DELTA,Etron,6067.299999999999
2022-04-25,260.44,179.26,439.7,81.18,27.3,DELTA,Etron,6148.48
2022-04-26,170.23,212.06,382.29,-41.83,27.57,DELTA,Etron,6106.65
2022-04-27,108.77,170.73,279.5,-61.96,24.25,DELTA,Etron,6044.69
2022-04-28,109.48,127.45,236.93,-17.97,24.81,DELTA,Etron,6026.719999999999
2022-04-29,114.84,159.46,274.3,-44.63,46.27,DELTA,Etron,5982.089999999999
2022-05-03,48.89,133.08,181.96,-84.19,34.98,DELTA,Etron,5897.9
2022-05-05,68.2,130.59,198.78,-62.39,34.21,DELTA,Etron,5835.509999999999
2022-05-06,120.21,231.92,352.13,-111.7,33.03,DELTA,Etron,5723.8099999999995
2022-05-09,76.61,184.52,261.12,-107.91,35.25,DELTA,Etron,5615.9
2022-05-10,225.13,359.54,584.66,-134.41,45.62,DELTA,Etron,5481.49
2022-05-11,254.22,312.94,567.16,-58.72,35.11,DELTA,Etron,5422.7699999999995
2022-05-12,202.87,269.59,472.45,-66.72,32.92,DELTA,Etron,5356.049999999999
2022-05-13,95.43,120.99,216.42,-25.56,33.54,DELTA,Etron,5330.489999999999
2022-05-17,273.5,129.67,403.17,143.83,37.06,DELTA,Etron,5474.319999999999
2022-05-18,163.8,114.67,278.47,49.13,39.23,DELTA,Etron,5523.449999999999
2022-05-19,76.74,190.91,267.66,-114.17,36.02,DELTA,Etron,5409.279999999999
2022-05-20,101.48,103.23,204.72,-1.75,43.87,DELTA,Etron,5407.529999999999
2022-05-23,116.61,97.28,213.88,19.33,47.68,DELTA,Etron,5426.859999999999
2022-05-24,91.5,107.71,199.21,-16.21,50.46,DELTA,Etron,5410.649999999999
2022-05-25,119.03,138.32,257.35,-19.3,38.25,DELTA,Etron,5391.3499999999985
2022-05-26,74.43,96.8,171.23,-22.37,32.7,DELTA,Etron,5368.979999999999
2022-05-27,144.96,184.07,329.03,-39.11,33.37,DELTA,Etron,5329.869999999999
2022-05-30,428.24,178.68,606.92,249.56,48.69,DELTA,Etron,5579.429999999999
2022-05-31,777.89,435.8,1213.7,342.09,63.69,DELTA,Etron,5921.5199999999995
2022-06-01,97.43,86.9,184.33,10.53,41.07,DELTA,Etron,5932.049999999999
2022-06-02,61.06,82.83,143.89,-21.77,36.58,DELTA,Etron,5910.279999999999
2022-06-06,36.46,84.33,120.79,-47.87,43.71,DELTA,Etron,5862.409999999999
2022-06-07,61.23,221.32,282.56,-160.09,33.33,DELTA,Etron,5702.319999999999
2022-06-08,82.87,125.25,208.11,-42.38,28.6,DELTA,Etron,5659.939999999999
2022-06-09,86.28,175.62,261.89,-89.34,30.47,DELTA,Etron,5570.5999999999985
2022-06-10,70.06,83.69,153.75,-13.63,23.69,DELTA,Etron,5556.969999999998
2022-06-13,106.34,172.84,279.19,-66.5,28.67,DELTA,Etron,5490.469999999998
2022-06-14,77.1,113.54,190.63,-36.44,29.42,DELTA,Etron,5454.029999999999
2022-06-15,56.2,93.7,149.9,-37.5,31.92,DELTA,Etron,5416.529999999999
2022-06-16,121.32,198.22,319.54,-76.9,40.76,DELTA,Etron,5339.629999999999
2022-06-17,290.94,210.74,501.67,80.2,39.75,DELTA,Etron,5419.829999999999
2022-06-20,382.86,244.02,626.88,138.85,38.25,DELTA,Etron,5558.679999999999
2022-06-21,200.07,195.41,395.48,4.66,40.94,DELTA,Etron,5563.339999999999
2022-06-22,285.33,206.18,491.52,79.15,41.95,DELTA,Etron,5642.489999999999
2022-06-23,196.21,84.81,281.02,111.4,42.14,DELTA,Etron,5753.8899999999985
2022-06-24,347.91,218.13,566.03,129.78,35.96,DELTA,Etron,5883.669999999998
2022-06-27,504.86,243.85,748.71,261.01,38.69,DELTA,Etron,6144.6799999999985
2022-06-28,269.5,174.02,443.52,95.49,38.08,DELTA,Etron,6240.169999999998
2022-06-29,252.42,112.15,364.57,140.27,39.19,DELTA,Etron,6380.439999999999
2022-06-30,543.99,188.95,732.94,355.05,47.19,DELTA,Etron,6735.489999999999
2022-07-01,140.47,91.15,231.61,49.32,27.12,DELTA,Etron,6784.809999999999
2022-07-04,64.84,147.5,212.34,-82.66,40.65,DELTA,Etron,6702.149999999999
2022-07-05,89.95,63.27,153.22,26.69,26.75,DELTA,Etron,6728.839999999998
2022-07-06,129.4,75.25,204.65,54.15,33.74,DELTA,Etron,6782.989999999998
2022-07-07,238.47,103.48,341.95,134.99,28.91,DELTA,Etron,6917.979999999998
2022-07-08,72.77,79.13,151.91,-6.36,31.29,DELTA,Etron,6911.619999999998
2022-07-11,30.77,24.48,55.25,6.29,25.62,DELTA,Etron,6917.909999999998
2022-07-12,92.98,97.93,190.91,-4.95,34.79,DELTA,Etron,6912.959999999998
2022-07-14,231.86,117.97,349.83,113.89,40.23,DELTA,Etron,7026.8499999999985
2022-07-15,119.82,123.47,243.29,-3.65,28.91,DELTA,Etron,7023.199999999999
2022-07-18,292.67,125.0,417.67,167.68,27.55,DELTA,Etron,7190.879999999999
2022-07-19,104.97,134.43,239.4,-29.46,27.5,DELTA,Etron,7161.419999999999
2022-07-20,651.04,377.78,1028.82,273.27,24.6,DELTA,Etron,7434.689999999999
2022-07-21,185.64,186.98,372.62,-1.34,25.01,DELTA,Etron,7433.3499999999985
2022-07-22,199.84,169.24,369.09,30.6,38.38,DELTA,Etron,7463.949999999999
2022-07-25,147.76,190.24,338.0,-42.48,26.53,DELTA,Etron,7421.469999999999
2022-07-26,150.48,103.9,254.38,46.59,37.26,DELTA,Etron,7468.0599999999995
2022-07-27,1814.82,783.2,2598.02,1031.61,19.98,DELTA,Etron,8499.67
2022-08-01,1136.15,1300.41,2436.57,-164.26,17.24,DELTA,Etron,8335.41
2022-08-02,1159.65,878.76,2038.4,280.89,21.71,DELTA,Etron,8616.3
2022-08-03,944.37,631.31,1575.68,313.07,20.73,DELTA,Etron,8929.369999999999
2022-08-04,653.3,554.61,1207.91,98.7,18.68,DELTA,Etron,9028.07
2022-08-05,445.91,473.05,918.96,-27.13,21.69,DELTA,Etron,9000.94
2022-08-08,636.45,516.98,1153.43,119.47,21.42,DELTA,Etron,9120.41
2022-08-09,669.64,373.94,1043.58,295.7,20.79,DELTA,Etron,9416.11
2022-08-10,541.78,485.91,1027.69,55.87,24.16,DELTA,Etron,9471.980000000001
2022-08-11,592.34,372.53,964.87,219.81,22.3,DELTA,Etron,9691.79
2022-08-15,383.35,292.57,675.92,90.78,20.44,DELTA,Etron,9782.570000000002
2022-08-16,1212.58,817.57,2030.15,395.01,24.31,DELTA,Etron,10177.580000000002
2022-08-17,576.86,707.47,1284.33,-130.61,22.03,DELTA,Etron,10046.970000000001
2022-08-18,349.97,225.64,575.61,124.33,21.44,DELTA,Etron,10171.300000000001
2022-08-19,319.86,288.39,608.24,31.47,26.58,DELTA,Etron,10202.77
2022-08-22,338.27,267.54,605.81,70.73,25.43,DELTA,Etron,10273.5
2022-08-23,466.24,388.27,854.5,77.97,22.61,DELTA,Etron,10351.47
2022-08-24,317.02,594.39,911.4,-277.37,29.04,DELTA,Etron,10074.099999999999
2022-08-25,232.54,200.84,433.38,31.7,29.97,DELTA,Etron,10105.8
2022-08-26,605.91,483.66,1089.57,122.26,31.2,DELTA,Etron,10228.06
2022-08-29,407.38,770.1,1177.48,-362.73,28.79,DELTA,Etron,9865.33
2022-08-30,287.83,168.06,455.89,119.78,24.36,DELTA,Etron,9985.11
2022-08-31,1206.07,667.68,1873.75,538.39,38.95,DELTA,Etron,10523.5
2022-09-01,268.6,224.48,493.08,44.12,26.01,DELTA,Etron,10567.62
2022-09-02,295.65,242.99,538.64,52.66,28.53,DELTA,Etron,10620.28
2022-09-05,654.41,444.72,1099.14,209.69,27.48,DELTA,Etron,10829.970000000001
2022-09-06,161.09,258.33,419.42,-97.24,25.31,DELTA,Etron,10732.730000000001
2022-09-07,1174.83,841.67,2016.5,333.16,28.65,DELTA,Etron,11065.890000000001
2022-09-08,840.23,835.36,1675.59,4.88,21.8,DELTA,Etron,11070.77
2022-09-09,913.53,1086.76,2000.29,-173.23,15.63,DELTA,Etron,10897.54
2022-09-12,478.64,696.32,1174.97,-217.68,20.8,DELTA,Etron,10679.86
2022-09-13,518.41,704.27,1222.68,-185.86,25.74,DELTA,Etron,10494.0
2022-09-14,975.14,1234.69,2209.83,-259.55,22.52,DELTA,Etron,10234.45
2022-09-15,594.31,1268.18,1862.49,-673.87,24.01,DELTA,Etron,9560.58
2022-09-16,857.61,744.85,1602.46,112.75,31.29,DELTA,Etron,9673.33
2022-09-19,636.81,504.23,1141.04,132.57,23.51,DELTA,Etron,9805.9
2022-09-20,673.47,894.34,1567.81,-220.88,28.27,DELTA,Etron,9585.02
2022-09-21,403.95,331.19,735.14,72.76,26.74,DELTA,Etron,9657.78
2022-09-22,649.06,355.57,1004.63,293.49,22.63,DELTA,Etron,9951.27
2022-09-23,394.94,1031.03,1425.97,-636.08,30.57,DELTA,Etron,9315.19
2022-09-26,400.19,261.06,661.25,139.12,22.93,DELTA,Etron,9454.310000000001
2022-09-27,543.02,465.27,1008.29,77.75,30.5,DELTA,Etron,9532.060000000001
2022-09-28,420.95,327.63,748.58,93.32,33.27,DELTA,Etron,9625.380000000001
2022-09-29,1295.07,806.41,2101.49,488.66,22.55,DELTA,Etron,10114.04
2022-09-30,784.68,988.49,1773.17,-203.82,33.09,DELTA,Etron,9910.220000000001
2022-10-03,242.28,583.17,825.45,-340.89,24.35,DELTA,Etron,9569.330000000002
2022-10-04,1481.9,821.96,2303.86,659.94,26.67,DELTA,Etron,10229.270000000002
2022-10-05,659.86,710.07,1369.92,-50.21,33.41,DELTA,Etron,10179.060000000003
2022-10-06,1219.79,874.21,2094.0,345.59,26.78,DELTA,Etron,10524.650000000003
2022-10-07,622.97,1503.08,2126.06,-880.11,29.95,DELTA,Etron,9644.540000000003
2022-10-10,342.4,471.77,814.17,-129.38,28.74,DELTA,Etron,9515.160000000003
2022-10-11,627.04,504.5,1131.55,122.54,34.91,DELTA,Etron,9637.700000000004
2022-10-12,394.05,718.46,1112.51,-324.41,34.1,DELTA,Etron,9313.290000000005
2022-10-17,1012.59,630.04,1642.63,382.56,44.29,DELTA,Etron,9695.850000000004
2022-10-18,364.81,468.21,833.02,-103.4,23.43,DELTA,Etron,9592.450000000004
2022-10-19,414.82,707.07,1121.9,-292.25,33.84,DELTA,Etron,9300.200000000004
2022-10-20,710.2,1903.12,2613.31,-1192.92,33.38,DELTA,Etron,8107.280000000004
2022-10-21,607.96,484.34,1092.31,123.62,31.33,DELTA,Etron,8230.900000000005
2022-10-25,1800.08,792.88,2592.96,1007.21,32.68,DELTA,Etron,9238.110000000004
2022-10-26,540.18,1968.1,2508.28,-1427.92,30.65,DELTA,Etron,7810.190000000004
2022-10-27,1490.23,1908.98,3399.21,-418.75,32.07,DELTA,Etron,7391.440000000004
2022-10-28,1198.18,698.33,1896.52,499.85,34.25,DELTA,Etron,7891.2900000000045
2022-10-31,604.77,559.86,1164.63,44.91,37.0,DELTA,Etron,7936.200000000004
2022-11-01,828.82,330.44,1159.26,498.38,30.89,DELTA,Etron,8434.580000000004
2022-11-02,353.49,386.99,740.47,-33.5,36.01,DELTA,Etron,8401.080000000004
2022-11-03,605.17,282.82,887.99,322.35,28.55,DELTA,Etron,8723.430000000004
2022-11-04,342.67,650.95,993.62,-308.28,44.26,DELTA,Etron,8415.150000000003
2022-11-07,480.42,399.6,880.02,80.82,38.95,DELTA,Etron,8495.970000000003
2022-11-08,187.21,189.11,376.32,-1.9,30.0,DELTA,Etron,8494.070000000003
2022-11-09,400.54,364.79,765.34,35.75,34.29,DELTA,Etron,8529.820000000003
2022-11-10,260.26,193.51,453.77,66.75,39.38,DELTA,Etron,8596.570000000003
2022-11-11,963.43,609.41,1572.84,354.03,29.87,DELTA,Etron,8950.600000000004
2022-11-14,324.27,278.29,602.56,45.97,29.49,DELTA,Etron,8996.570000000003
2022-11-15,460.09,281.71,741.8,178.38,37.75,DELTA,Etron,9174.950000000003
2022-11-16,402.72,301.38,704.1,101.33,32.55,DELTA,Etron,9276.280000000002
2022-11-17,190.54,369.84,560.38,-179.3,27.57,DELTA,Etron,9096.980000000003
2022-11-18,531.56,267.78,799.35,263.78,23.93,DELTA,Etron,9360.760000000004
2022-11-21,275.52,509.55,785.08,-234.03,35.5,DELTA,Etron,9126.730000000003
2022-11-22,393.51,164.28,557.8,229.23,33.98,DELTA,Etron,9355.960000000003
2022-11-23,399.51,403.06,802.57,-3.55,33.2,DELTA,Etron,9352.410000000003
2022-11-24,391.84,181.34,573.19,210.5,37.0,DELTA,Etron,9562.910000000003
2022-11-25,91.89,124.54,216.44,-32.65,32.56,DELTA,Etron,9530.260000000004
2022-11-28,244.96,159.13,404.1,85.83,24.3,DELTA,Etron,9616.090000000004
2022-11-29,355.36,635.28,990.64,-279.92,41.12,DELTA,Etron,9336.170000000004
2022-11-30,877.28,388.14,1265.42,489.14,46.19,DELTA,Etron,9825.310000000003
2022-12-01,3037.15,1783.5,4820.65,1253.65,31.34,DELTA,Etron,11078.960000000003
2022-12-02,1070.85,757.43,1828.28,313.42,26.69,DELTA,Etron,11392.380000000003
2022-12-06,802.24,1038.52,1840.77,-236.28,43.7,DELTA,Etron,11156.100000000002
2022-12-07,550.4,755.69,1306.08,-205.29,32.43,DELTA,Etron,10950.810000000001
2022-12-08,451.56,680.96,1132.52,-229.4,32.59,DELTA,Etron,10721.410000000002
2022-12-09,565.59,519.15,1084.75,46.44,26.78,DELTA,Etron,10767.850000000002
2022-12-13,390.59,651.97,1042.56,-261.39,36.17,DELTA,Etron,10506.460000000003
2022-12-14,1116.42,817.88,1934.3,298.54,29.74,DELTA,Etron,10805.000000000004
2022-12-15,219.85,519.41,739.26,-299.55,30.24,DELTA,Etron,10505.450000000004
2022-12-16,752.97,778.37,1531.34,-25.4,31.4,DELTA,Etron,10480.050000000005
2022-12-19,309.62,344.95,654.57,-35.33,27.18,DELTA,Etron,10444.720000000005
2022-12-20,410.65,398.59,809.24,12.07,27.42,DELTA,Etron,10456.790000000005
2022-12-21,1349.18,736.31,2085.49,612.86,28.81,DELTA,Etron,11069.650000000005
2022-12-22,773.75,1030.26,1804.01,-256.51,36.1,DELTA,Etron,10813.140000000005
2022-12-23,623.66,439.52,1063.18,184.14,31.51,DELTA,Etron,10997.280000000004
2022-12-26,823.6,387.82,1211.41,435.78,25.79,DELTA,Etron,11433.060000000005
2022-12-27,594.62,625.55,1220.17,-30.93,32.95,DELTA,Etron,11402.130000000005
2022-12-28,618.35,619.9,1238.25,-1.56,30.21,DELTA,Etron,11400.570000000005
2022-12-29,837.54,572.83,1410.37,264.72,28.23,DELTA,Etron,11665.290000000005
2022-12-30,5568.5,6138.82,11707.33,-570.32,30.63,DELTA,Etron,11094.970000000005
2023-01-03,3368.92,3963.31,7332.23,-594.4,29.21,DELTA,Etron,10500.570000000005
2023-01-04,3231.62,3214.73,6446.35,16.89,35.23,DELTA,Etron,10517.460000000005
2023-01-05,2430.02,3195.04,5625.06,-765.02,37.53,DELTA,Etron,9752.440000000004
2023-01-06,1194.89,1342.88,2537.78,-147.99,32.87,DELTA,Etron,9604.450000000004
2023-01-09,1348.96,1203.04,2552.0,145.91,33.22,DELTA,Etron,9750.360000000004
2023-01-10,1225.6,965.8,2191.39,259.8,34.9,DELTA,Etron,10010.160000000003
2023-01-11,948.84,660.93,1609.77,287.91,39.94,DELTA,Etron,10298.070000000003
2023-01-12,1003.8,707.98,1711.78,295.83,29.38,DELTA,Etron,10593.900000000003
2023-01-13,928.0,1740.11,2668.11,-812.1,37.68,DELTA,Etron,9781.800000000003
2023-01-16,865.51,725.45,1590.97,140.06,36.96,DELTA,Etron,9921.860000000002
2023-01-17,528.09,357.89,885.98,170.2,34.96,DELTA,Etron,10092.060000000003
2023-01-18,1221.79,815.53,2037.32,406.26,35.29,DELTA,Etron,10498.320000000003
2023-01-19,651.22,519.07,1170.29,132.16,35.24,DELTA,Etron,10630.480000000003
2023-01-20,666.56,572.29,1238.85,94.28,37.64,DELTA,Etron,10724.760000000004
2023-01-23,877.55,395.94,1273.49,481.61,25.45,DELTA,Etron,11206.370000000004
2023-01-24,1230.36,1380.71,2611.06,-150.35,30.48,DELTA,Etron,11056.020000000004
2023-01-25,694.87,468.29,1163.16,226.58,34.85,DELTA,Etron,11282.600000000004
2023-01-26,532.12,744.07,1276.19,-211.94,36.8,DELTA,Etron,11070.660000000003
2023-01-27,433.73,562.34,996.06,-128.61,49.17,DELTA,Etron,10942.050000000003
2023-01-30,1027.97,353.01,1380.98,674.97,35.92,DELTA,Etron,11617.020000000002
2023-01-31,1408.66,953.03,2361.7,455.63,38.95,DELTA,Etron,12072.650000000001
2023-02-01,617.87,574.14,1192.01,43.72,37.12,DELTA,Etron,12116.37
2023-02-02,1304.92,836.5,2141.42,468.43,33.75,DELTA,Etron,12584.800000000001
2023-02-03,1520.34,913.23,2433.57,607.11,30.39,DELTA,Etron,13191.910000000002
2023-02-06,821.52,888.15,1709.67,-66.63,33.48,DELTA,Etron,13125.280000000002
2023-02-07,1216.57,1237.97,2454.54,-21.41,30.42,DELTA,Etron,13103.870000000003
2023-02-08,367.68,1384.12,1751.8,-1016.44,33.35,DELTA,Etron,12087.430000000002
2023-02-09,520.51,793.81,1314.32,-273.3,39.98,DELTA,Etron,11814.130000000003
2023-02-10,660.68,1040.63,1701.31,-379.94,37.64,DELTA,Etron,11434.190000000002
2023-02-13,691.07,701.64,1392.7,-10.57,45.11,DELTA,Etron,11423.620000000003
2023-02-14,718.22,1288.66,2006.88,-570.44,38.48,DELTA,Etron,10853.180000000002
2023-02-15,946.47,518.19,1464.66,428.28,41.73,DELTA,Etron,11281.460000000003
2023-02-16,2803.09,1172.06,3975.15,1631.03,28.78,DELTA,Etron,12912.490000000003
2023-02-17,726.41,1234.56,1960.97,-508.15,31.42,DELTA,Etron,12404.340000000004
2023-02-20,271.68,336.56,608.24,-64.87,38.0,DELTA,Etron,12339.470000000003
2023-02-21,620.21,501.5,1121.71,118.71,37.95,DELTA,Etron,12458.180000000002
2023-02-22,364.68,432.62,797.3,-67.94,35.51,DELTA,Etron,12390.240000000002
2023-02-23,398.04,398.33,796.38,-0.29,43.04,DELTA,Etron,12389.95
2023-02-24,428.78,871.39,1300.17,-442.61,38.19,DELTA,Etron,11947.34
2023-02-27,321.73,506.77,828.5,-185.03,44.95,DELTA,Etron,11762.31
2023-02-28,850.96,830.66,1681.61,20.3,43.88,DELTA,Etron,11782.609999999999
2023-03-01,1370.14,1113.48,2483.62,256.66,28.92,DELTA,Etron,12039.269999999999
2023-03-02,1400.17,1210.21,2610.38,189.96,29.41,DELTA,Etron,12229.229999999998
2023-03-03,864.49,1365.11,2229.6,-500.63,37.23,DELTA,Etron,11728.599999999999
2023-03-07,660.83,561.89,1222.72,98.94,38.32,DELTA,Etron,11827.539999999999
2023-03-08,516.97,712.61,1229.59,-195.64,48.46,DELTA,Etron,11631.9
2023-03-09,887.86,1120.2,2008.06,-232.34,40.58,DELTA,Etron,11399.56
2023-03-10,619.01,728.2,1347.21,-109.19,39.29,DELTA,Etron,11290.369999999999
2023-03-13,632.26,1196.81,1829.07,-564.55,35.15,DELTA,Etron,10725.82
2023-03-14,791.42,1626.33,2417.75,-834.91,43.4,DELTA,Etron,9890.91
2023-03-15,528.84,526.28,1055.12,2.56,26.93,DELTA,Etron,9893.47
2023-03-16,411.75,540.28,952.02,-128.53,37.21,DELTA,Etron,9764.939999999999
2023-03-17,1488.85,880.63,2369.48,608.23,33.79,DELTA,Etron,10373.169999999998
2023-03-20,585.26,1247.7,1832.96,-662.44,38.63,DELTA,Etron,9710.729999999998
2023-03-21,618.39,709.94,1328.33,-91.55,34.31,DELTA,Etron,9619.179999999998
2023-03-22,389.34,350.83,740.18,38.51,38.87,DELTA,Etron,9657.689999999999
2023-03-23,290.47,323.09,613.56,-32.62,36.88,DELTA,Etron,9625.069999999998
2023-03-24,667.22,475.82,1143.03,191.4,38.2,DELTA,Etron,9816.469999999998
2023-03-27,238.32,259.0,497.32,-20.68,37.63,DELTA,Etron,9795.789999999997
2023-03-28,392.73,844.61,1237.35,-451.88,43.95,DELTA,Etron,9343.909999999998
2023-03-29,1301.15,420.93,1722.08,880.22,35.38,DELTA,Etron,10224.129999999997
2023-03-30,2719.82,1080.92,3800.74,1638.9,32.37,DELTA,Etron,11863.029999999997
2023-03-31,1930.06,1543.25,3473.31,386.81,32.8,DELTA,Etron,12249.839999999997
2023-04-03,606.77,1325.1,1931.88,-718.33,36.94,DELTA,Etron,11531.509999999997
2023-04-04,165.15,504.25,669.4,-339.1,39.27,DELTA,Etron,11192.409999999996
2023-04-05,472.54,694.8,1167.34,-222.27,36.34,DELTA,Etron,10970.139999999996
2023-04-07,474.73,309.0,783.73,165.73,34.11,DELTA,Etron,11135.869999999995
2023-04-10,385.77,283.81,669.58,101.96,42.22,DELTA,Etron,11237.829999999994
2023-04-11,215.16,351.98,567.14,-136.82,42.61,DELTA,Etron,11101.009999999995
2023-04-12,328.05,620.74,948.79,-292.69,42.33,DELTA,Etron,10808.319999999994
2023-04-17,352.27,153.48,505.74,198.79,44.0,DELTA,Etron,11007.109999999995
2023-04-18,148.96,212.78,361.74,-63.82,52.42,DELTA,Etron,10943.289999999995
2023-04-19,340.62,582.89,923.51,-242.27,37.99,DELTA,Etron,10701.019999999995
2023-04-20,150.05,308.28,458.33,-158.22,50.62,DELTA,Etron,10542.799999999996
2023-04-21,441.01,888.03,1329.04,-447.02,44.04,DELTA,Etron,10095.779999999995
2023-04-24,494.63,416.75,911.39,77.88,35.28,DELTA,Etron,10173.659999999994
2023-04-25,470.49,605.25,1075.74,-134.75,42.15,DELTA,Etron,10038.909999999994
2023-04-26,642.44,600.91,1243.35,41.53,41.81,DELTA,Etron,10080.439999999995
2023-04-27,1206.68,1242.38,2449.06,-35.7,31.81,DELTA,Etron,10044.739999999994
2023-04-28,872.13,925.21,1797.35,-53.08,32.58,DELTA,Etron,9991.659999999994
2023-05-02,575.34,357.07,932.42,218.27,34.75,DELTA,Etron,10209.929999999995
2023-05-03,445.26,838.59,1283.85,-393.33,32.76,DELTA,Etron,9816.599999999995
2023-05-08,589.65,620.96,1210.62,-31.31,33.46,DELTA,Etron,9785.289999999995
2023-05-09,260.12,713.69,973.81,-453.56,38.44,DELTA,Etron,9331.729999999996
2023-05-10,389.53,711.45,1100.98,-321.91,33.27,DELTA,Etron,9009.819999999996
2023-05-11,340.16,587.47,927.64,-247.31,40.82,DELTA,Etron,8762.509999999997
2023-05-12,331.9,353.4,685.3,-21.51,37.23,DELTA,Etron,8740.999999999996
2023-05-15,902.23,381.63,1283.86,520.59,32.9,DELTA,Etron,9261.589999999997
2023-05-16,301.44,540.91,842.35,-239.47,42.71,DELTA,Etron,9022.119999999997
2023-05-17,280.79,444.88,725.67,-164.1,34.31,DELTA,Etron,8858.019999999997
2023-05-18,771.94,704.16,1476.1,67.78,23.77,DELTA,Etron,8925.799999999997
2023-05-19,502.26,542.04,1044.3,-39.78,31.64,DELTA,Etron,8886.019999999997
2023-05-22,588.15,696.0,1284.15,-107.84,28.73,DELTA,Etron,8778.179999999997
2023-05-23,587.71,1548.14,2135.85,-960.43,33.88,DELTA,Etron,7817.749999999996
2023-05-24,456.86,375.65,832.52,81.21,29.41,DELTA,Etron,7898.959999999996
2023-05-25,1171.15,979.14,2150.29,192.01,26.41,DELTA,Etron,8090.969999999997
2023-05-26,480.84,792.81,1273.65,-311.97,31.14,DELTA,Etron,7778.999999999996
2023-05-29,546.77,307.91,854.68,238.86,27.81,DELTA,Etron,8017.859999999996
2023-05-30,418.27,420.38,838.65,-2.11,31.56,DELTA,Etron,8015.749999999996
2023-05-31,1226.08,2152.78,3378.86,-926.71,42.91,DELTA,Etron,7089.039999999996
2023-06-01,801.97,696.64,1498.61,105.33,33.32,DELTA,Etron,7194.369999999996
2023-06-02,626.81,448.39,1075.21,178.42,34.25,DELTA,Etron,7372.789999999996
2023-06-06,646.73,349.73,996.45,297.0,23.01,DELTA,Etron,7669.789999999996
2023-06-07,845.25,607.12,1452.37,238.12,37.37,DELTA,Etron,7907.909999999996
2023-06-08,910.86,512.14,1423.0,398.72,35.76,DELTA,Etron,8306.629999999996
2023-06-09,425.44,1034.78,1460.22,-609.34,29.59,DELTA,Etron,7697.289999999995
2023-06-12,403.39,166.71,570.1,236.68,28.66,DELTA,Etron,7933.969999999996
2023-06-13,713.33,194.27,907.6,519.06,30.5,DELTA,Etron,8453.029999999995
2023-06-14,200.89,104.09,304.97,96.8,21.67,DELTA,Etron,8549.829999999994
2023-06-15,1645.61,653.77,2299.38,991.84,27.06,DELTA,Etron,9541.669999999995
2023-06-16,1439.94,1353.13,2793.07,86.8,42.87,DELTA,Etron,9628.469999999994
2023-06-19,794.83,465.18,1260.01,329.65,27.86,DELTA,Etron,9958.119999999994
2023-06-20,1125.65,1199.04,2324.69,-73.39,26.52,DELTA,Etron,9884.729999999994
2023-06-21,393.81,537.03,930.84,-143.22,29.45,DELTA,Etron,9741.509999999995
2023-06-22,170.81,190.45,361.27,-19.64,27.96,DELTA,Etron,9721.869999999995
2023-06-23,165.12,218.75,383.87,-53.63,33.82,DELTA,Etron,9668.239999999996
2023-06-26,229.7,350.65,580.35,-120.94,29.52,DELTA,Etron,9547.299999999996
2023-06-27,141.11,165.39,306.5,-24.28,33.4,DELTA,Etron,9523.019999999995
2023-06-28,440.85,458.59,899.44,-17.74,40.98,DELTA,Etron,9505.279999999995
2023-06-29,1459.26,683.87,2143.13,775.4,48.91,DELTA,Etron,10280.679999999995
2023-06-30,374.52,557.69,932.21,-183.17,41.36,DELTA,Etron,10097.509999999995
2023-07-03,148.69,123.08,271.77,25.61,36.13,DELTA,Etron,10123.119999999995
2023-07-04,195.4,177.36,372.75,18.04,44.42,DELTA,Etron,10141.159999999996
2023-07-05,399.74,239.05,638.79,160.69,46.51,DELTA,Etron,10301.849999999997
2023-07-06,162.96,338.59,501.55,-175.63,45.0,DELTA,Etron,10126.219999999998
2023-07-07,378.95,342.94,721.89,36.0,27.14,DELTA,Etron,10162.219999999998
2023-07-10,275.59,506.53,782.11,-230.94,30.92,DELTA,Etron,9931.279999999997
2023-07-11,442.43,862.94,1305.37,-420.51,36.13,DELTA,Etron,9510.769999999997
2023-07-12,352.86,364.39,717.26,-11.53,32.2,DELTA,Etron,9499.239999999996
2023-07-13,345.44,95.47,440.91,249.97,32.9,DELTA,Etron,9749.209999999995
2023-07-14,410.56,150.13,560.69,260.44,31.87,DELTA,Etron,10009.649999999996
2023-07-17,176.1,107.35,283.45,68.75,25.61,DELTA,Etron,10078.399999999996
2023-07-18,337.43,142.34,479.77,195.09,19.45,DELTA,Etron,10273.489999999996
2023-07-19,234.72,305.18,539.89,-70.46,29.6,DELTA,Etron,10203.029999999997
2023-07-20,344.88,209.29,554.17,135.6,32.04,DELTA,Etron,10338.629999999997
2023-07-21,350.22,291.55,641.76,58.67,35.09,DELTA,Etron,10397.299999999997
2023-07-24,442.53,188.17,630.7,254.37,25.22,DELTA,Etron,10651.669999999998
2023-07-25,217.47,211.24,428.71,6.22,25.84,DELTA,Etron,10657.889999999998
2023-07-26,410.04,352.49,762.53,57.55,46.25,DELTA,Etron,10715.439999999997
2023-07-27,805.17,564.56,1369.73,240.61,43.88,DELTA,Etron,10956.049999999997
2023-07-31,1155.08,580.6,1735.68,574.48,25.06,DELTA,Etron,11530.529999999997
2023-08-02,576.5,431.79,1008.29,144.71,28.67,DELTA,Etron,11675.239999999996
2023-08-03,229.9,377.59,607.49,-147.69,33.3,DELTA,Etron,11527.549999999996
2023-08-04,289.79,390.53,680.32,-100.74,44.44,DELTA,Etron,11426.809999999996
2023-08-07,358.81,330.85,689.66,27.96,44.97,DELTA,Etron,11454.769999999995
2023-08-08,429.41,457.39,886.8,-27.98,37.54,DELTA,Etron,11426.789999999995
2023-08-09,616.94,718.63,1335.57,-101.69,33.4,DELTA,Etron,11325.099999999995
2023-08-10,560.34,403.69,964.03,156.66,32.07,DELTA,Etron,11481.759999999995
2023-08-11,199.04,284.08,483.11,-85.04,32.57,DELTA,Etron,11396.719999999994
2023-08-15,216.6,348.33,564.93,-131.73,41.72,DELTA,Etron,11264.989999999994
2023-08-16,239.62,331.45,571.07,-91.83,41.19,DELTA,Etron,11173.159999999994
2023-08-17,220.65,360.46,581.12,-139.81,34.79,DELTA,Etron,11033.349999999995
2023-08-18,373.58,693.83,1067.41,-320.26,36.56,DELTA,Etron,10713.089999999995
2023-08-21,281.58,214.75,496.33,66.83,30.08,DELTA,Etron,10779.919999999995
2023-08-22,285.92,496.38,782.3,-210.46,24.33,DELTA,Etron,10569.459999999995
2023-08-23,243.2,628.3,871.5,-385.11,34.15,DELTA,Etron,10184.349999999995
2023-08-24,1132.4,522.73,1655.14,609.67,24.5,DELTA,Etron,10794.019999999995
2023-08-25,352.92,890.73,1243.65,-537.81,33.05,DELTA,Etron,10256.209999999995
2023-08-28,256.39,470.04,726.43,-213.65,28.67,DELTA,Etron,10042.559999999996
2023-08-29,350.07,285.49,635.56,64.58,30.92,DELTA,Etron,10107.139999999996
2023-08-30,344.08,294.76,638.84,49.32,27.86,DELTA,Etron,10156.459999999995
2023-08-31,505.87,860.7,1366.58,-354.83,45.69,DELTA,Etron,9801.629999999996
2023-09-01,434.88,239.79,674.67,195.09,23.19,DELTA,Etron,9996.719999999996
2023-09-04,122.06,288.99,411.05,-166.94,39.48,DELTA,Etron,9829.779999999995
2023-09-05,187.03,171.49,358.52,15.54,30.68,DELTA,Etron,9845.319999999996
2023-09-06,227.68,313.37,541.05,-85.69,41.84,DELTA,Etron,9759.629999999996
2023-09-07,157.74,216.21,373.95,-58.47,34.91,DELTA,Etron,9701.159999999996
2023-09-08,233.61,330.4,564.01,-96.79,44.74,DELTA,Etron,9604.369999999995
2023-09-11,186.65,220.48,407.13,-33.84,32.04,DELTA,Etron,9570.529999999995
2023-09-12,285.69,216.88,502.57,68.81,23.82,DELTA,Etron,9639.339999999995
2023-09-13,143.42,343.6,487.03,-200.18,34.47,DELTA,Etron,9439.159999999994
2023-09-14,500.6,206.65,707.25,293.95,30.96,DELTA,Etron,9733.109999999995
2023-09-15,420.06,473.91,893.97,-53.85,42.21,DELTA,Etron,9679.259999999995
2023-09-18,207.34,407.24,614.58,-199.9,29.23,DELTA,Etron,9479.359999999995
2023-09-19,84.65,130.78,215.43,-46.13,26.63,DELTA,Etron,9433.229999999996
2023-09-20,125.13,257.04,382.17,-131.92,34.4,DELTA,Etron,9301.309999999996
2023-09-21,117.5,397.37,514.87,-279.88,22.77,DELTA,Etron,9021.429999999997
2023-09-22,502.25,133.84,636.09,368.41,31.55,DELTA,Etron,9389.839999999997
2023-09-25,251.62,422.65,674.27,-171.02,36.5,DELTA,Etron,9218.819999999996
2023-09-26,143.67,379.56,523.23,-235.89,31.95,DELTA,Etron,8982.929999999997
2023-09-27,141.07,261.67,402.74,-120.59,22.79,DELTA,Etron,8862.339999999997
2023-09-28,583.54,373.68,957.22,209.86,35.65,DELTA,Etron,9072.199999999997
2023-09-29,3139.06,2893.23,6032.3,245.83,12.49,DELTA,Etron,9318.029999999997
2023-10-02,1193.11,773.77,1966.88,419.34,18.46,DELTA,Etron,9737.369999999997
2023-10-03,343.55,741.95,1085.49,-398.4,26.66,DELTA,Etron,9338.969999999998
2023-10-04,397.64,452.16,849.8,-54.51,25.42,DELTA,Etron,9284.459999999997
2023-10-05,533.69,452.43,986.12,81.27,26.59,DELTA,Etron,9365.729999999998
2023-10-06,847.99,674.23,1522.22,173.76,31.98,DELTA,Etron,9539.489999999998
2023-10-09,1363.66,610.19,1973.86,753.47,34.66,DELTA,Etron,10292.959999999997
2023-10-10,441.81,361.67,803.48,80.14,22.99,DELTA,Etron,10373.099999999997
2023-10-11,579.48,478.88,1058.37,100.6,28.68,DELTA,Etron,10473.699999999997
2023-10-12,272.28,506.42,778.7,-234.14,30.5,DELTA,Etron,10239.559999999998
2023-10-16,305.14,393.33,698.48,-88.19,33.86,DELTA,Etron,10151.369999999997
2023-10-17,127.23,357.6,484.83,-230.37,20.24,DELTA,Etron,9920.999999999996
2023-10-18,209.9,219.89,429.8,-9.99,26.46,DELTA,Etron,9911.009999999997
2023-10-19,163.19,340.69,503.87,-177.5,34.59,DELTA,Etron,9733.509999999997
2023-10-20,187.41,249.81,437.22,-62.4,31.54,DELTA,Etron,9671.109999999997
2023-10-24,328.84,300.18,629.02,28.66,37.98,DELTA,Etron,9699.769999999997
2023-10-25,252.24,289.69,541.94,-37.45,36.89,DELTA,Etron,9662.319999999996
2023-10-26,608.41,938.94,1547.35,-330.53,31.25,DELTA,Etron,9331.789999999995
2023-10-27,430.92,301.41,732.32,129.51,29.1,DELTA,Etron,9461.299999999996
2023-10-30,702.0,449.43,1151.43,252.57,29.03,DELTA,Etron,9713.869999999995
2023-10-31,267.17,326.92,594.09,-59.75,29.37,DELTA,Etron,9654.119999999995
2023-11-01,325.68,271.17,596.85,54.5,29.97,DELTA,Etron,9708.619999999995
2023-11-02,647.28,325.04,972.32,322.24,28.25,DELTA,Etron,10030.859999999995
2023-11-03,193.91,356.02,549.94,-162.11,32.81,DELTA,Etron,9868.749999999995
2023-11-06,321.41,262.0,583.41,59.42,38.05,DELTA,Etron,9928.169999999995
2023-11-07,212.58,216.25,428.83,-3.68,38.39,DELTA,Etron,9924.489999999994
2023-11-08,122.75,256.9,379.65,-134.15,30.05,DELTA,Etron,9790.339999999995
2023-11-09,250.91,227.28,478.2,23.63,30.12,DELTA,Etron,9813.969999999994
2023-11-10,207.03,670.53,877.56,-463.5,29.14,DELTA,Etron,9350.469999999994
2023-11-13,343.86,264.44,608.29,79.42,34.54,DELTA,Etron,9429.889999999994
2023-11-14,199.41,273.8,473.21,-74.4,41.23,DELTA,Etron,9355.489999999994
2023-11-15,731.36,428.35,1159.7,303.01,34.1,DELTA,Etron,9658.499999999995
2023-11-16,153.34,309.25,462.6,-155.91,36.51,DELTA,Etron,9502.589999999995
2023-11-17,176.9,191.87,368.77,-14.98,30.4,DELTA,Etron,9487.609999999995
2023-11-20,239.85,220.66,460.5,19.19,32.48,DELTA,Etron,9506.799999999996
2023-11-21,284.03,166.58,450.61,117.45,32.15,DELTA,Etron,9624.249999999996
2023-11-22,235.83,349.03,584.86,-113.2,28.73,DELTA,Etron,9511.049999999996
2023-11-23,308.22,137.65,445.88,170.57,27.98,DELTA,Etron,9681.619999999995
2023-11-24,172.43,212.23,384.66,-39.8,40.63,DELTA,Etron,9641.819999999996
2023-11-27,247.87,244.95,492.82,2.93,36.95,DELTA,Etron,9644.749999999996
2023-11-28,288.95,88.28,377.23,200.67,35.2,DELTA,Etron,9845.419999999996
2023-11-29,372.77,467.96,840.73,-95.19,29.26,DELTA,Etron,9750.229999999996
2023-11-30,574.31,560.55,1134.86,13.75,36.19,DELTA,Etron,9763.979999999996
2023-12-01,247.14,259.71,506.85,-12.56,31.97,DELTA,Etron,9751.419999999996
2023-12-04,380.19,359.6,739.79,20.59,43.7,DELTA,Etron,9772.009999999997
2023-12-06,320.66,285.58,606.24,35.08,37.18,DELTA,Etron,9807.089999999997
2023-12-07,131.05,381.65,512.7,-250.6,31.66,DELTA,Etron,9556.489999999996
2023-12-08,773.98,223.23,997.21,550.75,37.43,DELTA,Etron,10107.239999999996
2023-12-12,218.0,499.88,717.88,-281.88,25.98,DELTA,Etron,9825.359999999997
2023-12-13,154.59,394.9,549.49,-240.32,35.45,DELTA,Etron,9585.039999999997
2023-12-14,620.43,411.7,1032.13,208.73,29.33,DELTA,Etron,9793.769999999997
2023-12-15,742.85,1318.17,2061.02,-575.33,48.52,DELTA,Etron,9218.439999999997
2023-12-18,388.58,368.01,756.59,20.58,19.9,DELTA,Etron,9239.019999999997
2023-12-19,338.36,616.06,954.42,-277.7,22.87,DELTA,Etron,8961.319999999996
2023-12-20,276.39,350.22,626.61,-73.83,27.61,DELTA,Etron,8887.489999999996
2023-12-21,532.05,457.07,989.11,74.98,30.84,DELTA,Etron,8962.469999999996
2023-12-22,297.26,460.5,757.76,-163.24,31.35,DELTA,Etron,8799.229999999996
2023-12-25,377.65,525.64,903.28,-147.99,22.32,DELTA,Etron,8651.239999999996
2023-12-26,151.93,232.1,384.02,-80.17,24.28,DELTA,Etron,8571.069999999996
2023-12-27,325.85,960.65,1286.51,-634.8,34.42,DELTA,Etron,7936.269999999996
2023-12-28,608.92,687.5,1296.42,-78.58,31.95,DELTA,Etron,7857.689999999996
2024-01-02,418.24,312.65,730.89,105.59,24.99,DELTA,Etron,7963.279999999996
2024-01-03,311.16,345.86,657.01,-34.7,29.27,DELTA,Etron,7928.579999999996
2024-01-04,677.83,810.66,1488.49,-132.82,31.47,DELTA,Etron,7795.759999999997
2024-01-05,314.69,639.77,954.46,-325.08,25.32,DELTA,Etron,7470.679999999997
2024-01-08,312.0,333.79,645.79,-21.79,31.18,DELTA,Etron,7448.889999999997
2024-01-09,342.75,343.49,686.23,-0.74,23.91,DELTA,Etron,7448.149999999997
2024-01-10,127.44,183.11,310.54,-55.67,30.8,DELTA,Etron,7392.479999999997
2024-01-11,188.4,196.14,384.53,-7.74,29.06,DELTA,Etron,7384.739999999997
2024-01-12,222.88,345.93,568.81,-123.04,31.24,DELTA,Etron,7261.699999999997
2024-01-15,82.01,196.32,278.34,-114.31,30.03,DELTA,Etron,7147.389999999997
2024-01-16,198.94,395.43,594.37,-196.48,31.46,DELTA,Etron,6950.909999999997
2024-01-17,378.82,624.87,1003.7,-246.05,36.0,DELTA,Etron,6704.859999999997
2024-01-18,298.44,493.08,791.52,-194.64,35.41,DELTA,Etron,6510.219999999997
2024-01-19,361.06,268.69,629.76,92.37,32.5,DELTA,Etron,6602.5899999999965
2024-01-22,229.8,313.85,543.65,-84.06,36.54,DELTA,Etron,6518.529999999996
2024-01-23,260.57,335.46,596.02,-74.89,36.5,DELTA,Etron,6443.639999999996
2024-01-24,209.04,235.66,444.7,-26.62,27.81,DELTA,Etron,6417.019999999996
2024-01-25,208.21,564.34,772.55,-356.13,36.94,DELTA,Etron,6060.889999999996
2024-01-26,156.97,196.97,353.94,-40.0,35.55,DELTA,Etron,6020.889999999996
2024-01-29,386.78,536.74,923.52,-149.96,28.94,DELTA,Etron,5870.929999999996
2024-01-30,306.04,238.51,544.55,67.53,37.8,DELTA,Etron,5938.4599999999955
2024-01-31,134.35,250.85,385.2,-116.5,35.15,DELTA,Etron,5821.9599999999955
2024-02-01,165.27,199.63,364.9,-34.36,32.58,DELTA,Etron,5787.599999999996
2024-02-02,389.95,271.64,661.6,118.31,40.67,DELTA,Etron,5905.909999999996
2024-02-05,228.22,217.3,445.52,10.92,41.61,DELTA,Etron,5916.829999999996
2024-02-06,279.68,249.8,529.48,29.87,23.92,DELTA,Etron,5946.699999999996
2024-02-07,108.5,330.3,438.8,-221.8,33.46,DELTA,Etron,5724.899999999996
2024-02-08,189.51,137.32,326.84,52.19,36.36,DELTA,Etron,5777.089999999996
2024-02-09,105.45,122.98,228.42,-17.53,38.0,DELTA,Etron,5759.559999999996
2024-02-12,70.07,53.56,123.63,16.51,28.47,DELTA,Etron,5776.069999999996
2024-02-13,206.91,135.92,342.83,71.0,29.7,DELTA,Etron,5847.069999999996
2024-02-14,121.84,514.01,635.85,-392.18,31.94,DELTA,Etron,5454.889999999996
2024-02-15,505.32,279.09,784.41,226.22,32.43,DELTA,Etron,5681.109999999996
2024-02-16,506.7,1030.24,1536.93,-523.54,29.4,DELTA,Etron,5157.569999999996
2024-02-19,761.24,197.68,958.92,563.56,40.97,DELTA,Etron,5721.129999999996
2024-02-20,421.28,554.63,975.91,-133.34,27.7,DELTA,Etron,5587.789999999995
2024-02-21,464.22,302.43,766.66,161.79,28.23,DELTA,Etron,5749.579999999995
2024-02-22,221.27,379.6,600.87,-158.33,28.02,DELTA,Etron,5591.249999999995
2024-02-23,172.51,371.91,544.42,-199.4,29.19,DELTA,Etron,5391.849999999996
2024-02-27,209.77,133.31,343.07,76.46,30.42,DELTA,Etron,5468.309999999996
2024-02-28,261.49,392.29,653.78,-130.81,23.46,DELTA,Etron,5337.499999999995
2024-02-29,779.95,336.53,1116.48,443.43,35.55,DELTA,Etron,5780.929999999996
2024-03-01,313.57,225.92,539.48,87.65,27.9,DELTA,Etron,5868.579999999995
2024-03-04,410.98,207.85,618.83,203.14,33.84,DELTA,Etron,6071.719999999996
2024-03-05,433.62,223.01,656.63,210.61,27.7,DELTA,Etron,6282.329999999995
2024-03-06,578.58,272.73,851.31,305.86,28.98,DELTA,Etron,6588.189999999995
2024-03-07,207.83,459.22,667.05,-251.39,28.87,DELTA,Etron,6336.799999999995
2024-03-08,340.58,429.24,769.82,-88.67,24.91,DELTA,Etron,6248.129999999995
2024-03-11,105.84,197.19,303.03,-91.35,33.4,DELTA,Etron,6156.779999999994
2024-03-12,165.12,203.4,368.52,-38.28,37.02,DELTA,Etron,6118.4999999999945
2024-03-13,121.46,230.58,352.04,-109.13,31.9,DELTA,Etron,6009.369999999994
2024-03-14,158.13,142.47,300.6,15.66,34.16,DELTA,Etron,6025.029999999994
2024-03-15,337.85,333.33,671.18,4.52,36.7,DELTA,Etron,6029.549999999995
2024-03-18,304.03,131.71,435.73,172.32,36.41,DELTA,Etron,6201.869999999994
2024-03-19,227.14,287.74,514.88,-60.59,43.59,DELTA,Etron,6141.279999999994
2024-03-20,189.05,189.5,378.55,-0.45,35.05,DELTA,Etron,6140.8299999999945
2024-03-21,895.7,346.97,1242.66,548.73,32.43,DELTA,Etron,6689.559999999994
2024-03-22,230.89,325.03,555.91,-94.14,25.79,DELTA,Etron,6595.419999999994
2024-03-25,245.47,359.3,604.77,-113.83,27.34,DELTA,Etron,6481.589999999994
2024-03-26,323.2,266.08,589.27,57.12,39.95,DELTA,Etron,6538.709999999994
2024-03-27,119.61,162.56,282.17,-42.95,32.08,DELTA,Etron,6495.759999999994
2024-03-28,282.72,252.86,535.58,29.85,35.17,DELTA,Etron,6525.609999999994
2024-03-29,407.46,321.14,728.61,86.32,32.68,DELTA,Etron,6611.929999999994
2024-04-01,115.27,195.04,310.31,-79.78,26.51,DELTA,Etron,6532.149999999994
2024-04-02,109.74,211.29,321.03,-101.55,22.68,DELTA,Etron,6430.599999999994
2024-04-03,76.88,247.17,324.05,-170.29,30.18,DELTA,Etron,6260.309999999994
2024-04-04,101.02,121.5,222.52,-20.47,37.57,DELTA,Etron,6239.839999999994
2024-04-05,142.35,154.85,297.2,-12.5,30.87,DELTA,Etron,6227.339999999994
2024-04-09,592.4,306.5,898.9,285.9,31.38,DELTA,Etron,6513.239999999993
2024-04-10,394.24,399.44,793.68,-5.2,34.37,DELTA,Etron,6508.039999999994
2024-04-11,197.38,265.29,462.67,-67.91,26.44,DELTA,Etron,6440.129999999994
2024-04-17,305.8,886.73,1192.52,-580.93,34.02,DELTA,Etron,5859.199999999993
2024-04-18,469.61,526.76,996.36,-57.15,30.75,DELTA,Etron,5802.049999999994
2024-04-19,471.94,640.4,1112.34,-168.45,35.02,DELTA,Etron,5633.599999999994
2024-04-22,181.55,394.65,576.2,-213.1,29.33,DELTA,Etron,5420.499999999994
2024-04-23,219.82,294.92,514.74,-75.1,31.0,DELTA,Etron,5345.399999999993
2024-04-24,324.29,355.07,679.36,-30.78,27.23,DELTA,Etron,5314.6199999999935
2024-04-25,214.04,251.33,465.37,-37.28,29.33,DELTA,Etron,5277.339999999994
2024-04-26,144.27,250.19,394.45,-105.92,30.82,DELTA,Etron,5171.419999999994
2024-04-29,314.44,827.94,1142.38,-513.5,30.22,DELTA,Etron,4657.919999999994
2024-04-30,437.48,302.32,739.8,135.16,37.8,DELTA,Etron,4793.079999999994
2024-05-02,193.2,669.66,862.86,-476.45,34.63,DELTA,Etron,4316.629999999994
2024-05-03,110.59,164.03,274.62,-53.44,30.64,DELTA,Etron,4263.189999999994
2024-05-07,795.99,360.38,1156.36,435.61,35.89,DELTA,Etron,4698.799999999994
2024-05-08,245.41,459.66,705.07,-214.26,43.79,DELTA,Etron,4484.539999999994
2024-05-09,138.12,248.61,386.74,-110.49,36.83,DELTA,Etron,4374.049999999994
2024-05-10,117.0,148.83,265.83,-31.83,42.51,DELTA,Etron,4342.219999999994
2024-05-13,110.0,209.53,319.52,-99.53,33.69,DELTA,Etron,4242.689999999994
2024-05-14,134.33,160.79,295.12,-26.46,36.55,DELTA,Etron,4216.229999999994
2024-05-15,357.39,361.02,718.41,-3.63,26.34,DELTA,Etron,4212.599999999994
2024-05-16,668.45,328.3,996.74,340.15,32.22,DELTA,Etron,4552.749999999994
2024-05-17,340.3,442.48,782.77,-102.18,30.84,DELTA,Etron,4450.569999999993
2024-05-20,240.03,437.97,678.0,-197.95,38.32,DELTA,Etron,4252.6199999999935
2024-05-21,200.99,262.2,463.18,-61.21,32.66,DELTA,Etron,4191.4099999999935
2024-05-23,823.17,397.33,1220.5,425.85,38.27,DELTA,Etron,4617.259999999994
2024-05-24,223.47,402.44,625.91,-178.97,38.48,DELTA,Etron,4438.289999999994
2024-05-27,228.79,359.8,588.59,-131.01,42.33,DELTA,Etron,4307.279999999993
2024-05-28,159.36,362.61,521.96,-203.25,41.07,DELTA,Etron,4104.029999999993
2024-05-29,229.54,485.26,714.81,-255.72,38.45,DELTA,Etron,3848.3099999999936
2024-05-30,268.93,344.82,613.76,-75.89,29.78,DELTA,Etron,3772.4199999999937
2024-05-31,1404.46,1344.12,2748.58,60.34,50.46,DELTA,Etron,3832.759999999994
2024-06-04,375.91,509.99,885.9,-134.08,43.26,DELTA,Etron,3698.679999999994
2024-06-05,206.32,388.28,594.6,-181.96,33.91,DELTA,Etron,3516.719999999994
2024-06-06,817.94,408.72,1226.66,409.22,33.27,DELTA,Etron,3925.939999999994
2024-06-07,164.75,283.98,448.73,-119.22,34.06,DELTA,Etron,3806.7199999999943
2024-06-10,284.74,376.92,661.66,-92.18,37.18,DELTA,Etron,3714.5399999999945
2024-06-11,318.11,237.23,555.35,80.88,35.2,DELTA,Etron,3795.4199999999946
2024-06-12,785.14,454.14,1239.28,331.0,31.66,DELTA,Etron,4126.419999999995
2024-06-13,354.74,369.83,724.57,-15.08,26.79,DELTA,Etron,4111.339999999995
2024-06-14,404.29,420.99,825.29,-16.7,33.89,DELTA,Etron,4094.639999999995
2024-06-17,243.1,354.44,597.54,-111.34,40.89,DELTA,Etron,3983.2999999999947
2024-06-18,220.44,238.44,458.87,-18.0,32.38,DELTA,Etron,3965.2999999999947
2024-06-19,1381.35,747.12,2128.47,634.24,26.05,DELTA,Etron,4599.5399999999945
2024-06-20,741.56,727.14,1468.7,14.42,34.63,DELTA,Etron,4613.959999999995
2024-06-21,1008.61,1126.33,2134.94,-117.73,44.26,DELTA,Etron,4496.229999999995
2024-06-24,427.6,526.35,953.95,-98.76,37.45,DELTA,Etron,4397.469999999995
2024-06-25,368.31,503.52,871.83,-135.21,36.23,DELTA,Etron,4262.259999999995
2024-06-26,399.21,340.0,739.2,59.21,34.95,DELTA,Etron,4321.469999999995
2024-06-27,270.56,284.09,554.65,-13.54,32.42,DELTA,Etron,4307.929999999995
2024-06-28,362.5,466.18,828.68,-103.68,42.31,DELTA,Etron,4204.2499999999945
2024-07-01,342.45,299.75,642.21,42.7,37.05,DELTA,Etron,4246.949999999994
2024-07-02,246.6,387.92,634.51,-141.32,34.09,DELTA,Etron,4105.629999999995
2024-07-03,273.85,223.49,497.34,50.36,28.84,DELTA,Etron,4155.989999999994
2024-07-04,270.77,182.51,453.28,88.26,29.83,DELTA,Etron,4244.2499999999945
2024-07-05,314.23,366.11,680.34,-51.88,35.06,DELTA,Etron,4192.369999999994
2024-07-08,268.93,347.41,616.35,-78.48,43.07,DELTA,Etron,4113.889999999995
2024-07-09,352.9,249.73,602.63,103.17,34.9,DELTA,Etron,4217.059999999995
2024-07-10,144.2,188.71,332.91,-44.51,31.95,DELTA,Etron,4172.549999999995
2024-07-11,910.13,522.78,1432.91,387.35,26.35,DELTA,Etron,4559.899999999995
2024-07-12,384.16,431.04,815.2,-46.88,28.61,DELTA,Etron,4513.019999999995
2024-07-15,322.32,239.38,561.7,82.94,37.35,DELTA,Etron,4595.959999999995
2024-07-16,1403.15,603.45,2006.6,799.7,32.88,DELTA,Etron,5395.659999999994
2024-07-17,1568.87,916.17,2485.04,652.69,34.43,DELTA,Etron,6048.349999999995
2024-07-18,582.12,677.46,1259.58,-95.34,30.73,DELTA,Etron,5953.009999999995
2024-07-19,383.14,345.12,728.27,38.02,38.19,DELTA,Etron,5991.029999999995
2024-07-23,284.47,369.77,654.24,-85.3,33.83,DELTA,Etron,5905.729999999995
2024-07-24,367.62,311.08,678.7,56.54,32.95,DELTA,Etron,5962.269999999995
2024-07-25,471.04,584.86,1055.89,-113.82,27.7,DELTA,Etron,5848.449999999995
2024-07-26,483.42,493.86,977.27,-10.44,27.88,DELTA,Etron,5838.009999999996
2024-07-30,2437.9,837.23,3275.13,1600.67,26.0,DELTA,Etron,7438.679999999996
2024-07-31,903.69,386.1,1289.79,517.59,36.78,DELTA,Etron,7956.269999999996
2024-08-01,555.4,335.84,891.24,219.56,28.71,DELTA,Etron,8175.829999999996
2024-08-02,805.4,472.14,1277.54,333.26,35.77,DELTA,Etron,8509.089999999997
2024-08-05,1514.34,1153.61,2667.95,360.73,33.27,DELTA,Etron,8869.819999999996
2024-08-06,665.35,717.09,1382.43,-51.74,33.56,DELTA,Etron,8818.079999999996
2024-08-07,646.07,429.96,1076.04,216.11,30.43,DELTA,Etron,9034.189999999997
2024-08-08,372.16,688.62,1060.77,-316.46,35.68,DELTA,Etron,8717.729999999998
2024-08-09,518.62,410.06,928.68,108.56,29.75,DELTA,Etron,8826.289999999997
2024-08-13,423.97,497.87,921.84,-73.9,29.6,DELTA,Etron,8752.389999999998
2024-08-14,399.6,397.56,797.16,2.04,39.91,DELTA,Etron,8754.429999999998
2024-08-15,129.35,256.18,385.52,-126.83,34.35,DELTA,Etron,8627.599999999999
2024-08-16,243.69,127.4,371.09,116.29,32.55,DELTA,Etron,8743.89
2024-08-19,376.14,460.41,836.55,-84.28,34.38,DELTA,Etron,8659.609999999999
2024-08-20,473.68,285.56,759.24,188.12,25.46,DELTA,Etron,8847.73
2024-08-21,248.28,537.35,785.63,-289.07,30.1,DELTA,Etron,8558.66
2024-08-22,242.17,257.02,499.2,-14.85,30.98,DELTA,Etron,8543.81
2024-08-23,205.72,157.41,363.13,48.3,18.36,DELTA,Etron,8592.109999999999
2024-08-26,492.49,337.18,829.67,155.31,32.04,DELTA,Etron,8747.419999999998
2024-08-27,314.62,237.98,552.61,76.64,35.93,DELTA,Etron,8824.059999999998
2024-08-28,781.47,436.43,1217.9,345.04,25.14,DELTA,Etron,9169.099999999999
2024-08-29,459.55,474.77,934.32,-15.21,28.12,DELTA,Etron,9153.89
2024-08-30,1427.31,981.77,2409.08,445.54,44.71,DELTA,Etron,9599.43
2024-09-02,296.31,325.32,621.62,-29.01,36.39,DELTA,Etron,9570.42
2024-09-03,154.25,248.9,403.15,-94.65,30.07,DELTA,Etron,9475.77
2024-09-04,356.31,376.13,732.44,-19.83,37.55,DELTA,Etron,9455.94
2024-09-05,420.45,387.54,807.99,32.91,31.16,DELTA,Etron,9488.85
2024-09-06,921.92,793.65,1715.58,128.27,26.46,DELTA,Etron,9617.12
2024-09-09,1121.04,979.38,2100.42,141.66,29.28,DELTA,Etron,9758.78
2024-09-10,470.01,464.94,934.95,5.07,26.81,DELTA,Etron,9763.85
2024-09-11,309.18,435.19,744.37,-126.0,36.02,DELTA,Etron,9637.85
2024-09-12,728.48,408.64,1137.12,319.85,35.78,DELTA,Etron,9957.7
2024-09-13,282.45,297.49,579.93,-15.04,34.2,DELTA,Etron,9942.66
2024-09-16,93.51,208.74,302.25,-115.23,31.13,DELTA,Etron,9827.43
2024-09-17,394.0,277.66,671.66,116.35,40.85,DELTA,Etron,9943.78
2024-09-18,322.49,365.97,688.46,-43.48,35.48,DELTA,Etron,9900.300000000001
2024-09-19,807.95,475.76,1283.72,332.19,26.03,DELTA,Etron,10232.490000000002
2024-09-20,757.17,568.06,1325.24,189.11,42.54,DELTA,Etron,10421.600000000002
2024-09-23,377.42,307.99,685.41,69.43,42.39,DELTA,Etron,10491.030000000002
2024-09-24,1008.58,389.69,1398.27,618.89,36.61,DELTA,Etron,11109.920000000002
2024-09-25,375.37,544.44,919.81,-169.06,31.16,DELTA,Etron,10940.860000000002
2024-09-26,256.75,194.36,451.1,62.39,30.62,DELTA,Etron,11003.250000000002
2024-09-27,219.24,385.13,604.36,-165.89,36.63,DELTA,Etron,10837.360000000002
2024-09-30,385.01,336.76,721.77,48.24,34.34,DELTA,Etron,10885.600000000002
2024-10-01,455.27,233.95,689.23,221.32,33.99,DELTA,Etron,11106.920000000002
2024-10-02,205.37,154.84,360.21,50.53,38.17,DELTA,Etron,11157.450000000003
2024-10-03,114.64,243.1,357.75,-128.46,29.08,DELTA,Etron,11028.990000000003
2024-10-04,370.28,214.41,584.69,155.88,33.53,DELTA,Etron,11184.870000000003
2024-10-07,173.85,284.61,458.46,-110.77,33.42,DELTA,Etron,11074.100000000002
2024-10-08,457.71,494.26,951.97,-36.54,38.05,DELTA,Etron,11037.560000000001
2024-10-09,1092.01,351.14,1443.15,740.88,31.43,DELTA,Etron,11778.44
2024-10-10,772.51,508.3,1280.81,264.21,19.29,DELTA,Etron,12042.65
2024-10-11,638.36,501.13,1139.49,137.23,22.02,DELTA,Etron,12179.88
2024-10-15,1234.08,644.35,1878.43,589.73,30.33,DELTA,Etron,12769.609999999999
2024-10-16,779.8,1054.64,1834.44,-274.84,36.55,DELTA,Etron,12494.769999999999
2024-10-17,296.3,427.27,723.57,-130.97,26.08,DELTA,Etron,12363.8
2024-10-18,486.84,411.45,898.3,75.39,21.74,DELTA,Etron,12439.189999999999
2024-10-21,246.52,491.36,737.88,-244.84,29.05,DELTA,Etron,12194.349999999999
2024-10-22,534.23,522.43,1056.66,11.79,23.53,DELTA,Etron,12206.14
2024-10-24,474.48,462.91,937.39,11.57,23.16,DELTA,Etron,12217.71
2024-10-25,316.1,348.45,664.54,-32.35,25.92,DELTA,Etron,12185.359999999999
2024-10-28,744.63,1001.01,1745.65,-256.38,26.54,DELTA,Etron,11928.98
2024-10-29,864.43,468.88,1333.31,395.55,35.33,DELTA,Etron,12324.529999999999
2024-10-30,650.31,550.94,1201.25,99.37,26.44,DELTA,Etron,12423.9
2024-10-31,881.05,698.94,1579.99,182.11,25.14,DELTA,Etron,12606.01
2024-11-01,499.84,621.19,1121.03,-121.35,31.2,DELTA,Etron,12484.66
2024-11-04,390.34,386.69,777.02,3.65,24.0,DELTA,Etron,12488.31
2024-11-05,1137.86,895.75,2033.61,242.11,21.12,DELTA,Etron,12730.42
2024-11-06,1428.91,1379.79,2808.69,49.12,23.61,DELTA,Etron,12779.54
2024-11-07,789.08,845.66,1634.74,-56.58,24.69,DELTA,Etron,12722.960000000001
2024-11-08,1873.62,1208.59,3082.22,665.03,29.72,DELTA,Etron,13387.990000000002
2024-11-11,474.75,397.82,872.57,76.94,22.81,DELTA,Etron,13464.930000000002
2024-11-12,363.12,498.78,861.9,-135.66,29.94,DELTA,Etron,13329.270000000002
2024-11-13,975.46,693.0,1668.46,282.46,26.63,DELTA,Etron,13611.730000000001
2024-11-14,703.4,877.95,1581.36,-174.55,31.65,DELTA,Etron,13437.180000000002
2024-11-15,573.67,952.68,1526.35,-379.01,24.94,DELTA,Etron,13058.170000000002
2024-11-18,735.56,646.83,1382.39,88.73,28.87,DELTA,Etron,13146.900000000001
2024-11-19,557.76,428.41,986.17,129.35,27.28,DELTA,Etron,13276.250000000002
2024-11-20,882.59,618.39,1500.98,264.19,31.7,DELTA,Etron,13540.440000000002
2024-11-21,1445.66,891.29,2336.95,554.37,26.75,DELTA,Etron,14094.810000000003
2024-11-22,585.59,420.3,1005.89,165.29,29.77,DELTA,Etron,14260.100000000004
2024-11-25,1676.97,886.53,2563.5,790.44,51.97,DELTA,Etron,15050.540000000005
2024-11-26,580.54,436.9,1017.45,143.64,33.45,DELTA,Etron,15194.180000000004
2024-11-27,349.52,182.23,531.75,167.3,23.05,DELTA,Etron,15361.480000000003
2024-11-28,310.68,323.61,634.29,-12.93,27.82,DELTA,Etron,15348.550000000003
2024-11-29,451.58,706.01,1157.59,-254.43,27.46,DELTA,Etron,15094.120000000003
2024-12-02,763.35,334.04,1097.39,429.31,33.04,DELTA,Etron,15523.430000000002
2024-12-03,540.42,391.56,931.98,148.86,33.88,DELTA,Etron,15672.290000000003
2024-12-04,461.33,333.12,794.45,128.2,31.62,DELTA,Etron,15800.490000000003
2024-12-06,480.25,732.86,1213.11,-252.61,30.17,DELTA,Etron,15547.880000000003
2024-12-09,1062.59,619.09,1681.68,443.5,33.52,DELTA,Etron,15991.380000000003
2024-12-11,456.05,547.71,1003.77,-91.66,22.9,DELTA,Etron,15899.720000000003
2024-12-12,1224.01,754.05,1978.06,469.96,22.11,DELTA,Etron,16369.680000000002
2024-12-13,873.22,1170.13,2043.34,-296.91,26.99,DELTA,Etron,16072.770000000002
2024-12-16,609.5,358.25,967.75,251.25,23.07,DELTA,Etron,16324.020000000002
2024-12-17,726.45,747.45,1473.9,-21.0,28.17,DELTA,Etron,16303.020000000002
2024-12-18,739.1,449.55,1188.65,289.56,27.81,DELTA,Etron,16592.58
2024-12-19,627.51,796.45,1423.96,-168.94,28.47,DELTA,Etron,16423.640000000003
2024-12-20,1066.13,1209.07,2275.21,-142.94,35.17,DELTA,Etron,16280.700000000003
2024-12-23,1046.98,463.01,1509.99,583.96,29.33,DELTA,Etron,16864.660000000003
2024-12-24,420.61,584.92,1005.53,-164.3,20.16,DELTA,Etron,16700.360000000004
2024-12-25,150.14,117.44,267.59,32.7,13.66,DELTA,Etron,16733.060000000005
2024-12-26,368.72,107.2,475.92,261.52,30.85,DELTA,Etron,16994.580000000005
2024-12-27,1327.67,493.5,1821.17,834.17,27.35,DELTA,Etron,17828.750000000004
2024-12-30,1094.66,649.58,1744.24,445.09,22.67,DELTA,Etron,18273.840000000004
2025-01-02,1288.66,2651.75,3940.42,-1363.09,31.57,DELTA,Etron,16910.750000000004
2025-01-03,453.4,573.6,1026.99,-120.2,22.45,DELTA,Etron,16790.550000000003
2025-01-06,285.68,447.95,733.63,-162.27,30.49,DELTA,Etron,16628.280000000002
2025-01-07,1517.32,568.02,2085.34,949.3,31.3,DELTA,Etron,17577.58
2025-01-08,746.46,468.39,1214.84,278.07,35.31,DELTA,Etron,17855.65
2025-01-09,336.11,817.09,1153.2,-480.97,21.16,DELTA,Etron,17374.68
2025-01-10,642.39,861.28,1503.68,-218.89,25.16,DELTA,Etron,17155.79
2025-01-13,831.35,1508.01,2339.36,-676.65,35.28,DELTA,Etron,16479.14
2025-01-14,2147.03,2019.4,4166.43,127.63,16.86,DELTA,Etron,16606.77
2025-01-15,844.63,1065.17,1909.8,-220.54,25.53,DELTA,Etron,16386.23
2025-01-16,855.8,726.61,1582.41,129.19,26.38,DELTA,Etron,16515.42
2025-01-17,957.02,799.58,1756.6,157.44,38.09,DELTA,Etron,16672.859999999997
2025-01-20,535.67,565.42,1101.09,-29.74,36.32,DELTA,Etron,16643.119999999995
2025-01-21,989.23,514.75,1503.98,474.48,39.78,DELTA,Etron,17117.599999999995
2025-01-22,516.44,526.37,1042.82,-9.93,23.48,DELTA,Etron,17107.669999999995
2025-01-23,363.86,1031.74,1395.59,-667.88,31.33,DELTA,Etron,16439.789999999994
2025-01-24,564.28,532.28,1096.56,31.99,35.93,DELTA,Etron,16471.779999999995
2025-01-27,734.21,1082.51,1816.72,-348.3,31.16,DELTA,Etron,16123.479999999996
2025-01-28,1012.47,1224.64,2237.1,-212.17,35.18,DELTA,Etron,15911.309999999996
2025-01-29,264.5,853.95,1118.45,-589.45,33.07,DELTA,Etron,15321.859999999995
2025-01-30,1105.18,703.94,1809.12,401.24,34.36,DELTA,Etron,15723.099999999995
2025-01-31,1280.74,1341.91,2622.65,-61.17,47.83,DELTA,Etron,15661.929999999995
2025-02-03,1504.46,1007.46,2511.92,497.01,40.85,DELTA,Etron,16158.939999999995
2025-02-04,957.87,816.81,1774.69,141.06,35.38,DELTA,Etron,16299.999999999995
2025-02-05,2011.12,1332.91,3344.03,678.22,38.59,DELTA,Etron,16978.219999999994
2025-02-06,1677.65,795.28,2472.93,882.37,37.63,DELTA,Etron,17860.589999999993
2025-02-07,987.09,968.1,1955.19,18.99,39.07,DELTA,Etron,17879.579999999994
2025-02-10,891.57,954.16,1845.73,-62.58,36.63,DELTA,Etron,17816.999999999993
2025-02-11,411.94,487.4,899.35,-75.46,40.51,DELTA,Etron,17741.539999999994
2025-02-13,734.87,1293.59,2028.45,-558.72,41.09,DELTA,Etron,17182.819999999992
2025-02-14,912.69,942.31,1855.0,-29.61,48.85,DELTA,Etron,17153.209999999992
2025-02-17,2333.23,2205.88,4539.11,127.36,27.47,DELTA,Etron,17280.569999999992
2025-02-18,1297.3,1682.38,2979.68,-385.09,35.1,DELTA,Etron,16895.479999999992
2025-02-19,1007.83,783.09,1790.92,224.73,35.21,DELTA,Etron,17120.209999999992
2025-02-20,802.91,962.64,1765.55,-159.73,31.03,DELTA,Etron,16960.479999999992
2025-02-21,554.52,775.07,1329.59,-220.54,43.04,DELTA,Etron,16739.93999999999
2025-02-24,656.04,538.0,1194.04,118.04,40.26,DELTA,Etron,16857.979999999992
2025-02-25,508.1,639.88,1147.98,-131.78,41.76,DELTA,Etron,16726.199999999993
2025-02-26,838.04,995.62,1833.66,-157.58,36.64,DELTA,Etron,16568.61999999999
2025-02-27,378.94,1181.06,1560.01,-802.12,37.57,DELTA,Etron,15766.49999999999
2025-02-28,858.03,1296.83,2154.86,-438.8,39.8,DELTA,Etron,15327.699999999992
2025-03-03,759.6,643.46,1403.06,116.14,26.22,DELTA,Etron,15443.839999999991
2025-03-04,618.18,360.0,978.18,258.18,31.81,DELTA,Etron,15702.019999999991
2025-03-05,774.09,561.54,1335.63,212.55,35.08,DELTA,Etron,15914.56999999999
2025-03-06,913.93,1076.86,1990.8,-162.93,31.73,DELTA,Etron,15751.63999999999
2025-03-07,536.96,503.33,1040.29,33.62,34.05,DELTA,Etron,15785.259999999991
2025-03-10,346.99,769.32,1116.31,-422.33,34.28,DELTA,Etron,15362.929999999991
2025-03-11,804.1,959.37,1763.47,-155.28,37.03,DELTA,Etron,15207.64999999999
2025-03-12,599.47,817.84,1417.32,-218.37,34.12,DELTA,Etron,14989.27999999999
2025-03-13,684.67,513.45,1198.13,171.22,42.42,DELTA,Etron,15160.499999999989
2025-03-14,429.73,442.93,872.66,-13.21,41.9,DELTA,Etron,15147.28999999999
2025-03-17,535.75,550.88,1086.62,-15.13,45.73,DELTA,Etron,15132.15999999999
2025-03-18,401.47,220.82,622.29,180.65,33.38,DELTA,Etron,15312.80999999999
2025-03-19,359.85,394.05,753.89,-34.2,35.83,DELTA,Etron,15278.60999999999
2025-03-20,468.78,713.05,1181.83,-244.26,33.11,DELTA,Etron,15034.34999999999
2025-03-21,900.54,552.9,1453.44,347.64,45.5,DELTA,Etron,15381.989999999989
2025-03-24,242.61,202.92,445.53,39.69,31.96,DELTA,Etron,15421.67999999999
2025-03-25,388.84,317.21,706.06,71.63,26.28,DELTA,Etron,15493.309999999989
2025-03-26,571.36,535.59,1106.95,35.78,26.51,DELTA,Etron,15529.08999999999
2025-03-27,203.88,458.95,662.83,-255.07,33.74,DELTA,Etron,15274.01999999999
2025-03-28,124.07,521.96,646.02,-397.89,35.59,DELTA,Etron,14876.12999999999
2025-03-31,533.24,637.73,1170.96,-104.49,37.57,DELTA,Etron,14771.63999999999
2025-04-01,140.76,129.32,270.07,11.44,28.23,DELTA,Etron,14783.07999999999
2025-04-02,214.35,174.0,388.35,40.35,33.37,DELTA,Etron,14823.429999999991
2025-04-03,394.3,619.31,1013.61,-225.02,30.48,DELTA,Etron,14598.40999999999
2025-04-04,767.67,598.42,1366.09,169.26,43.74,DELTA,Etron,14767.669999999991
2025-04-08,1080.34,921.98,2002.32,158.36,37.58,DELTA,Etron,14926.029999999992
2025-04-09,484.98,427.92,912.9,57.07,39.15,DELTA,Etron,14983.099999999991
2025-04-10,592.36,470.07,1062.43,122.3,27.78,DELTA,Etron,15105.39999999999
2025-04-11,507.76,538.98,1046.73,-31.22,38.97,DELTA,Etron,15074.179999999991
2025-04-16,718.0,1189.42,1907.42,-471.41,39.49,DELTA,Etron,14602.769999999991
2025-04-17,316.6,404.1,720.7,-87.5,35.55,DELTA,Etron,14515.269999999991
2025-04-18,379.42,335.61,715.03,43.81,30.37,DELTA,Etron,14559.07999999999
2025-04-21,308.01,469.81,777.82,-161.81,34.36,DELTA,Etron,14397.269999999991
2025-04-22,393.91,414.76,808.66,-20.85,38.39,DELTA,Etron,14376.419999999991
2025-04-23,1238.15,1476.6,2714.75,-238.45,32.62,DELTA,Etron,14137.96999999999
2025-04-24,1098.51,1528.17,2626.68,-429.65,36.65,DELTA,Etron,13708.31999999999
2025-04-25,1044.72,1028.61,2073.33,16.11,27.8,DELTA,Etron,13724.429999999991
2025-04-28,993.1,1276.29,2269.39,-283.19,35.57,DELTA,Etron,13441.23999999999
2025-04-29,1060.05,741.63,1801.68,318.42,30.99,DELTA,Etron,13759.65999999999
2025-04-30,2671.66,2058.3,4729.96,613.37,36.68,DELTA,Etron,14373.029999999992
2025-05-02,632.0,864.61,1496.6,-232.61,26.23,DELTA,Etron,14140.419999999991
2025-05-06,571.24,635.63,1206.87,-64.39,28.34,DELTA,Etron,14076.029999999992
2025-05-07,609.61,418.26,1027.87,191.36,28.18,DELTA,Etron,14267.389999999992
2025-05-08,330.0,780.93,1110.93,-450.94,36.82,DELTA,Etron,13816.449999999992
2025-05-09,507.9,503.45,1011.35,4.45,31.77,DELTA,Etron,13820.899999999992
2025-05-13,475.26,763.1,1238.36,-287.84,27.86,DELTA,Etron,13533.059999999992
2025-05-14,854.44,485.82,1340.26,368.61,25.88,DELTA,Etron,13901.669999999993
2025-05-15,557.86,848.05,1405.91,-290.19,26.9,DELTA,Etron,13611.479999999992
2025-05-16,548.95,429.62,978.57,119.33,28.92,DELTA,Etron,13730.809999999992
2025-05-19,414.27,813.63,1227.9,-399.36,30.68,DELTA,Etron,13331.449999999992
2025-05-20,557.43,399.72,957.15,157.71,27.52,DELTA,Etron,13489.15999999999
2025-05-21,607.44,689.44,1296.88,-82.0,28.22,DELTA,Etron,13407.15999999999
2025-05-22,800.25,436.59,1236.84,363.65,40.76,DELTA,Etron,13770.80999999999
2025-05-23,466.27,257.63,723.89,208.64,35.55,DELTA,Etron,13979.44999999999
2025-05-26,465.47,656.03,1121.5,-190.56,30.51,DELTA,Etron,13788.88999999999
2025-05-27,399.13,1011.9,1411.03,-612.77,32.71,DELTA,Etron,13176.11999999999
2025-05-28,439.19,861.48,1300.67,-422.29,33.0,DELTA,Etron,12753.829999999989
2025-05-29,1149.49,1137.2,2286.69,12.28,37.23,DELTA,Etron,12766.10999999999
2025-05-30,3820.97,2265.5,6086.47,1555.47,48.82,DELTA,Etron,14321.579999999989
2025-06-04,1890.13,1777.76,3667.89,112.36,40.36,DELTA,Etron,14433.93999999999
2025-06-05,847.24,445.09,1292.33,402.15,40.14,DELTA,Etron,14836.08999999999
2025-06-06,505.76,575.04,1080.8,-69.28,37.76,DELTA,Etron,14766.809999999989
2025-06-09,717.54,451.95,1169.49,265.58,36.83,DELTA,Etron,15032.389999999989
2025-06-10,260.18,362.46,622.64,-102.28,35.88,DELTA,Etron,14930.109999999988
2025-06-11,341.08,249.84,590.93,91.24,35.42,DELTA,Etron,15021.349999999988
2025-06-12,320.15,497.49,817.63,-177.34,37.23,DELTA,Etron,14844.009999999987
2025-06-13,546.62,433.94,980.55,112.68,34.68,DELTA,Etron,14956.689999999988
2025-06-16,467.03,440.66,907.69,26.37,41.56,DELTA,Etron,14983.059999999989
2025-06-17,257.94,395.41,653.34,-137.47,36.39,DELTA,Etron,14845.58999999999
2025-06-18,704.93,475.49,1180.42,229.43,36.03,DELTA,Etron,15075.01999999999
2025-06-19,503.8,347.32,851.12,156.48,35.2,DELTA,Etron,15231.499999999989
2025-06-20,635.69,1033.93,1669.61,-398.24,50.14,DELTA,Etron,14833.25999999999
2025-06-23,447.99,674.75,1122.74,-226.76,41.58,DELTA,Etron,14606.499999999989
2025-06-24,1950.58,1314.47,3265.05,636.1,39.48,DELTA,Etron,15242.59999999999
2025-06-25,813.53,658.04,1471.58,155.49,40.16,DELTA,Etron,15398.08999999999
2025-06-26,809.98,1072.51,1882.48,-262.53,37.56,DELTA,Etron,15135.559999999989
2025-06-27,929.12,1032.92,1962.05,-103.8,42.95,DELTA,Etron,15031.75999999999
2025-06-30,2006.49,823.28,2829.77,1183.21,39.04,DELTA,Etron,16214.96999999999
2025-07-01,1236.09,754.94,1991.03,481.16,32.4,DELTA,Etron,16696.12999999999
2025-07-02,315.01,633.81,948.82,-318.8,30.26,DELTA,Etron,16377.32999999999
2025-07-03,869.69,837.58,1707.27,32.1,33.73,DELTA,Etron,16409.42999999999
2025-07-04,484.27,509.79,994.07,-25.52,34.69,DELTA,Etron,16383.909999999989
2025-07-07,593.21,540.3,1133.5,52.91,32.25,DELTA,Etron,16436.81999999999
2025-07-08,644.52,573.48,1218.0,71.04,32.01,DELTA,Etron,16507.85999999999
2025-07-09,381.06,381.27,762.33,-0.21,34.63,DELTA,Etron,16507.64999999999
2025-07-11,652.29,479.23,1131.53,173.06,37.79,DELTA,Etron,16680.709999999992
2025-07-14,455.42,323.37,778.79,132.05,34.24,DELTA,Etron,16812.75999999999
2025-07-15,316.36,497.23,813.6,-180.87,26.12,DELTA,Etron,16631.889999999992
2025-07-16,511.55,476.24,987.78,35.31,36.45,DELTA,Etron,16667.199999999993
2025-07-17,1993.62,1342.99,3336.61,650.63,26.34,DELTA,Etron,17317.829999999994
2025-07-18,1314.48,999.97,2314.45,314.51,30.35,DELTA,Etron,17632.339999999993
2025-07-21,866.95,1053.71,1920.66,-186.76,21.79,DELTA,Etron,17445.579999999994
2025-07-22,677.13,442.77,1119.9,234.36,23.94,DELTA,Etron,17679.939999999995
2025-07-23,876.48,559.12,1435.6,317.36,23.0,DELTA,Etron,17997.299999999996
2025-07-24,783.2,747.42,1530.63,35.78,31.65,DELTA,Etron,18033.079999999994
2025-07-25,670.51,524.08,1194.59,146.43,24.75,DELTA,Etron,18179.509999999995
2025-07-29,469.72,715.17,1184.89,-245.45,19.38,DELTA,Etron,17934.059999999994
2025-07-30,460.91,428.83,889.75,32.08,30.22,DELTA,Etron,17966.139999999996
2025-07-31,872.65,712.02,1584.67,160.62,23.41,DELTA,Etron,18126.759999999995
2025-08-01,481.93,820.65,1302.58,-338.72,19.96,DELTA,Etron,17788.039999999994
2025-08-04,1243.9,295.35,1539.25,948.54,32.89,DELTA,Etron,18736.579999999994
2025-08-05,412.84,404.8,817.64,8.04,28.21,DELTA,Etron,18744.619999999995
2025-08-06,531.98,593.04,1125.02,-61.07,30.71,DELTA,Etron,18683.549999999996
2025-08-07,471.55,351.99,823.54,119.56,33.55,DELTA,Etron,18803.109999999997
2025-08-08,448.0,375.8,823.8,72.19,25.76,DELTA,Etron,18875.299999999996
2025-08-13,1531.41,748.24,2279.65,783.17,28.5,DELTA,Etron,19658.469999999994
2025-08-14,479.79,643.24,1123.03,-163.45,26.27,DELTA,Etron,19495.019999999993
2025-08-15,211.38,373.84,585.22,-162.45,28.22,DELTA,Etron,19332.569999999992
2025-08-18,394.04,314.72,708.76,79.32,31.67,DELTA,Etron,19411.889999999992
2025-08-19,340.59,358.07,698.66,-17.47,36.95,DELTA,Etron,19394.41999999999
2025-08-20,430.97,495.19,926.16,-64.22,24.06,DELTA,Etron,19330.19999999999
2025-08-21,304.22,352.72,656.94,-48.51,25.14,DELTA,Etron,19281.68999999999
2025-08-22,407.58,212.75,620.34,194.83,20.29,DELTA,Etron,19476.519999999993
2025-08-25,424.78,303.43,728.21,121.35,27.0,DELTA,Etron,19597.86999999999
2025-08-26,508.69,892.2,1400.9,-383.51,41.51,DELTA,Etron,19214.359999999993
2025-08-27,1324.23,615.31,1939.54,708.91,29.64,DELTA,Etron,19923.269999999993
2025-08-28,291.03,919.15,1210.18,-628.11,31.21,DELTA,Etron,19295.159999999993
2025-08-29,854.75,979.8,1834.55,-125.05,40.04,DELTA,Etron,19170.109999999993
2025-09-01,172.25,319.6,491.84,-147.35,26.63,DELTA,Etron,19022.759999999995
2025-09-02,198.68,294.31,492.99,-95.63,23.0,DELTA,Etron,18927.129999999994
2025-09-03,446.55,249.29,695.84,197.26,23.43,DELTA,Etron,19124.389999999992
2025-09-04,166.04,768.77,934.81,-602.73,27.16,DELTA,Etron,18521.659999999993
2025-09-05,399.21,437.59,836.79,-38.38,35.14,DELTA,Etron,18483.27999999999
2025-09-08,420.66,530.87,951.53,-110.21,24.39,DELTA,Etron,18373.069999999992
2025-09-09,536.1,426.49,962.59,109.61,25.06,DELTA,Etron,18482.679999999993
2025-09-10,497.84,356.25,854.09,141.58,27.63,DELTA,Etron,18624.259999999995
2025-09-11,1215.5,359.75,1575.25,855.76,25.52,DELTA,Etron,19480.019999999993
2025-09-12,731.61,376.96,1108.58,354.65,30.4,DELTA,Etron,19834.669999999995
2025-09-15,913.67,512.33,1425.99,401.34,31.97,DELTA,Etron,20236.009999999995
2025-09-16,515.02,671.52,1186.54,-156.5,27.92,DELTA,Etron,20079.509999999995
2025-09-17,538.08,272.28,810.36,265.8,32.49,DELTA,Etron,20345.309999999994
2025-09-18,527.13,286.77,813.9,240.36,23.46,DELTA,Etron,20585.669999999995
2025-09-19,999.1,732.33,1731.43,266.77,49.12,DELTA,Etron,20852.439999999995
2025-09-22,459.66,259.65,719.32,200.01,36.33,DELTA,Etron,21052.449999999993
2025-09-23,1052.75,638.4,1691.15,414.36,25.57,DELTA,Etron,21466.809999999994
2025-09-24,443.88,621.28,1065.17,-177.4,22.25,DELTA,Etron,21289.409999999993
2025-09-25,411.37,408.03,819.4,3.34,27.72,DELTA,Etron,21292.749999999993
2025-09-26,303.88,1103.25,1407.13,-799.37,24.14,DELTA,Etron,20493.379999999994
2025-09-29,817.26,515.47,1332.73,301.8,24.51,DELTA,Etron,20795.179999999993
2025-09-30,1558.44,924.78,2483.22,633.66,21.09,DELTA,Etron,21428.839999999993
2025-10-01,2387.07,658.93,3046.0,1728.14,27.31,DELTA,Etron,23156.979999999992
2025-10-02,971.38,613.19,1584.57,358.18,25.7,DELTA,Etron,23515.159999999993
2025-10-03,1094.33,543.36,1637.7,550.97,24.44,DELTA,Etron,24066.129999999994
2025-10-06,913.31,777.71,1691.03,135.6,23.82,DELTA,Etron,24201.729999999992
2025-10-07,1759.38,940.74,2700.11,818.64,27.93,DELTA,Etron,25020.36999999999
2025-10-08,1040.45,829.78,1870.23,210.67,26.0,DELTA,Etron,25231.03999999999
2025-10-09,1289.82,929.07,2218.89,360.74,24.58,DELTA,Etron,25591.77999999999
2025-10-10,1128.99,1561.79,2690.78,-432.8,34.33,DELTA,Etron,25158.979999999992
2025-10-14,1064.28,1132.85,2197.13,-68.57,52.41,DELTA,Etron,25090.409999999993
2025-10-15,798.88,1007.26,1806.14,-208.38,45.63,DELTA,Etron,24882.02999999999
2025-10-16,641.24,945.34,1586.57,-304.1,42.99,DELTA,Etron,24577.929999999993
2025-10-17,354.49,614.68,969.17,-260.2,35.87,DELTA,Etron,24317.729999999992
2025-10-20,399.11,342.53,741.64,56.58,37.76,DELTA,Etron,24374.309999999994
2025-10-21,441.64,424.13,865.76,17.51,43.48,DELTA,Etron,24391.819999999992
2025-10-22,755.8,729.34,1485.14,26.46,37.72,DELTA,Etron,24418.27999999999
2025-10-24,666.04,647.69,1313.73,18.35,36.86,DELTA,Etron,24436.62999999999
2025-10-27,2440.84,1493.09,3933.94,947.75,43.78,DELTA,Etron,25384.37999999999
2025-10-28,1522.12,936.11,2458.24,586.01,45.08,DELTA,Etron,25970.38999999999
2025-10-29,822.5,334.97,1157.46,487.53,33.06,DELTA,Etron,26457.919999999987
2025-10-30,1083.59,733.75,1817.34,349.84,38.7,DELTA,Etron,26807.759999999987
2025-10-31,950.66,793.57,1744.23,157.1,42.6,DELTA,Etron,26964.859999999986
2025-11-03,529.08,326.53,855.61,202.55,47.75,DELTA,Etron,27167.409999999985
2025-11-04,625.4,613.7,1239.1,11.7,48.14,DELTA,Etron,27179.109999999986
2025-11-05,540.16,569.28,1109.44,-29.12,39.3,DELTA,Etron,27149.989999999987
2025-11-06,962.36,545.32,1507.68,417.04,39.66,DELTA,Etron,27567.029999999988
2025-11-07,346.5,584.4,930.9,-237.91,43.77,DELTA,Etron,27329.119999999988
2025-11-10,390.03,594.73,984.76,-204.7,38.69,DELTA,Etron,27124.419999999987
2025-11-11,307.2,549.22,856.42,-242.01,37.03,DELTA,Etron,26882.40999999999
2025-11-12,669.93,443.73,1113.66,226.2,44.57,DELTA,Etron,27108.60999999999
2025-11-13,554.56,408.25,962.81,146.31,48.32,DELTA,Etron,27254.91999999999
2025-11-14,546.59,426.4,973.0,120.19,31.31,DELTA,Etron,27375.10999999999
2025-11-17,366.08,380.96,747.04,-14.88,39.03,DELTA,Etron,27360.22999999999
2025-11-18,693.51,690.92,1384.43,2.6,46.69,DELTA,Etron,27362.829999999987
2025-11-19,302.05,383.4,685.46,-81.35,31.8,DELTA,Etron,27281.47999999999
2025-11-20,423.1,908.38,1331.49,-485.28,31.19,DELTA,Etron,26796.19999999999
2025-11-21,871.85,1559.03,2430.87,-687.18,39.45,DELTA,Etron,26109.01999999999
2025-11-24,1851.77,1553.73,3405.49,298.04,47.68,DELTA,Etron,26407.05999999999
2025-11-25,827.99,662.07,1490.06,165.93,31.59,DELTA,Etron,26572.98999999999
2025-11-26,485.83,619.5,1105.33,-133.66,31.38,DELTA,Etron,26439.32999999999
2025-11-27,388.03,585.8,973.83,-197.76,29.25,DELTA,Etron,26241.569999999992
2025-11-28,723.51,710.05,1433.56,13.46,38.02,DELTA,Etron,26255.02999999999
2025-12-01,821.45,511.98,1333.42,309.47,44.17,DELTA,Etron,26564.499999999993
2025-12-02,480.93,652.78,1133.71,-171.85,38.04,DELTA,Etron,26392.649999999994
2025-12-03,361.91,503.93,865.84,-142.02,40.6,DELTA,Etron,26250.629999999994
2025-12-04,733.54,807.46,1541.0,-73.93,44.48,DELTA,Etron,26176.699999999993
2025-12-08,1114.83,875.51,1990.34,239.32,40.86,DELTA,Etron,26416.019999999993
2025-12-09,1015.1,477.68,1492.78,537.42,40.87,DELTA,Etron,26953.43999999999
2025-12-11,1036.18,1370.56,2406.75,-334.38,33.52,DELTA,Etron,26619.05999999999
2025-12-12,735.26,694.49,1429.75,40.77,33.73,DELTA,Etron,26659.82999999999
2025-12-15,1063.35,686.6,1749.95,376.75,35.37,DELTA,Etron,27036.57999999999
2025-12-16,1016.96,1167.26,2184.22,-150.3,35.95,DELTA,Etron,26886.27999999999
2025-12-17,940.92,586.09,1527.01,354.83,36.13,DELTA,Etron,27241.109999999993
2025-12-18,1143.5,691.98,1835.49,451.52,33.01,DELTA,Etron,27692.629999999994
2025-12-19,937.34,566.39,1503.73,370.95,32.16,DELTA,Etron,28063.579999999994
2025-12-22,934.3,1211.18,2145.48,-276.89,33.88,DELTA,Etron,27786.689999999995
2025-12-23,370.51,1321.32,1691.82,-950.81,40.28,DELTA,Etron,26835.879999999994
2025-12-24,295.65,371.9,667.55,-76.25,38.17,DELTA,Etron,26759.629999999994
2025-12-25,261.62,286.68,548.3,-25.06,29.51,DELTA,Etron,26734.569999999992
2025-12-26,393.37,261.1,654.47,132.27,32.23,DELTA,Etron,26866.839999999993
2025-12-29,1188.98,582.57,1771.55,606.4,45.47,DELTA,Etron,27473.239999999994
2025-12-30,1010.4,658.37,1668.77,352.03,31.49,DELTA,Etron,27825.269999999993
2026-01-05,2350.7,2644.76,4995.46,-294.06,42.17,DELTA,Etron,27531.209999999992
2026-01-06,500.62,2012.66,2513.28,-1512.04,36.66,DELTA,Etron,26019.16999999999
2026-01-07,497.46,1234.98,1732.44,-737.52,33.9,DELTA,Etron,25281.64999999999
2026-01-08,1487.72,3764.02,5251.74,-2276.3,15.71,DELTA,Etron,23005.34999999999
2026-01-09,1394.11,1420.39,2814.49,-26.28,34.78,DELTA,Etron,22979.069999999992
2026-01-12,600.53,569.64,1170.17,30.9,31.33,DELTA,Etron,23009.969999999994
2026-01-13,797.59,727.11,1524.7,70.47,32.98,DELTA,Etron,23080.439999999995
2026-01-14,904.44,928.79,1833.23,-24.35,39.06,DELTA,Etron,23056.089999999997
2026-01-15,1265.52,1044.04,2309.56,221.47,33.18,DELTA,Etron,23277.559999999998
2026-01-16,1210.85,1074.98,2285.82,135.87,31.83,DELTA,Etron,23413.429999999997
2026-01-19,643.96,621.49,1265.45,22.47,35.74,DELTA,Etron,23435.899999999998
2026-01-20,1231.67,1357.16,2588.83,-125.49,32.73,DELTA,Etron,23310.409999999996
2026-01-21,2823.69,1698.17,4521.86,1125.52,37.29,DELTA,Etron,24435.929999999997
2026-01-22,2111.57,2348.84,4460.41,-237.27,36.31,DELTA,Etron,24198.659999999996
2026-01-23,2066.82,1864.65,3931.47,202.16,40.31,DELTA,Etron,24400.819999999996
2026-01-26,735.94,947.9,1683.85,-211.96,33.1,DELTA,Etron,24188.859999999997
2026-01-27,2610.17,1223.46,3833.64,1386.71,36.13,DELTA,Etron,25575.569999999996
2026-01-28,913.4,1224.01,2137.42,-310.61,33.58,DELTA,Etron,25264.959999999995
2026-01-29,920.76,658.84,1579.6,261.93,35.35,DELTA,Etron,25526.889999999996
2026-01-30,1118.83,679.08,1797.91,439.76,37.97,DELTA,Etron,25966.649999999994
2026-02-02,1236.61,861.67,2098.28,374.94,31.47,DELTA,Etron,26341.589999999993
2026-02-03,947.67,1022.86,1970.53,-75.19,29.89,DELTA,Etron,26266.399999999994
2026-02-04,770.86,743.91,1514.77,26.96,38.03,DELTA,Etron,26293.359999999993
2026-02-05,642.57,975.2,1617.77,-332.63,28.06,DELTA,Etron,25960.729999999992
2026-02-06,972.64,525.56,1498.2,447.08,32.51,DELTA,Etron,26407.809999999994
2026-02-09,2325.67,975.2,3300.88,1350.47,33.47,DELTA,Etron,27758.279999999995
2026-02-10,1176.42,1761.87,2938.28,-585.45,33.46,DELTA,Etron,27172.829999999994
2026-02-11,978.33,652.45,1630.78,325.88,35.01,DELTA,Etron,27498.709999999995
2026-02-12,1207.89,967.55,2175.43,240.34,38.28,DELTA,Etron,27739.049999999996
2026-02-13,482.34,930.49,1412.83,-448.15,31.15,DELTA,Etron,27290.899999999994
2026-02-16,712.14,411.5,1123.64,300.64,26.78,DELTA,Etron,27591.539999999994
2026-02-17,543.44,552.55,1095.99,-9.1,28.39,DELTA,Etron,27582.439999999995
2026-02-18,862.26,777.21,1639.47,85.05,29.16,DELTA,Etron,27667.489999999994
2026-02-19,2168.49,1391.76,3560.25,776.73,31.06,DELTA,Etron,28444.219999999994
2026-02-20,1002.61,1024.64,2027.24,-22.03,39.24,DELTA,Etron,28422.189999999995
2026-02-23,2827.67,2000.14,4827.8,827.53,35.51,DELTA,Etron,29249.719999999994
2026-02-24,1275.61,1582.05,2857.65,-306.44,39.5,DELTA,Etron,28943.279999999995
2026-02-25,2895.21,1902.01,4797.22,993.21,38.29,DELTA,Etron,29936.489999999994
2026-02-26,1900.69,2174.51,4075.21,-273.82,39.15,DELTA,Etron,29662.669999999995
2026-02-27,2566.49,2503.06,5069.55,63.43,38.74,DELTA,Etron,29726.099999999995
2026-03-02,2305.7,1727.75,4033.45,577.95,35.02,DELTA,Etron,30304.049999999996
2026-03-04,3462.96,2447.02,5909.98,1015.94,32.71,DELTA,Etron,31319.989999999994
2026-03-05,2441.2,3348.91,5790.12,-907.71,34.18,DELTA,Etron,30412.279999999995
2026-03-06,1206.07,1861.66,3067.73,-655.59,37.37,DELTA,Etron,29756.689999999995
2026-03-09,2442.11,2787.17,5229.28,-345.06,38.36,DELTA,Etron,29411.629999999994
2026-03-10,1330.67,2264.98,3595.65,-934.3,33.22,DELTA,Etron,28477.329999999994
2026-03-11,1428.79,1971.53,3400.32,-542.74,32.79,DELTA,Etron,27934.589999999993
2026-03-12,915.46,1368.72,2284.18,-453.27,33.89,DELTA,Etron,27481.319999999992
2026-03-13,646.47,1572.69,2219.16,-926.22,30.03,DELTA,Etron,26555.09999999999
2026-03-16,934.47,782.56,1717.03,151.91,34.25,DELTA,Etron,26707.00999999999
2026-03-17,1666.12,1500.97,3167.09,165.15,29.37,DELTA,Etron,26872.159999999993
2026-03-18,1970.44,1967.33,3937.77,3.11,36.45,DELTA,Etron,26875.269999999993
2026-03-19,1396.69,2027.69,3424.38,-630.99,35.37,DELTA,Etron,26244.27999999999
2026-03-20,1975.72,2458.08,4433.8,-482.36,45.26,DELTA,Etron,25761.91999999999
2026-03-23,1201.68,1624.28,2825.96,-422.59,39.7,DELTA,Etron,25339.32999999999
2026-03-24,1559.43,1545.57,3105.0,13.85,39.77,DELTA,Etron,25353.17999999999
2026-03-25,4550.51,2295.25,6845.76,2255.26,33.7,DELTA,Etron,27608.439999999988
2026-03-26,1032.08,2151.63,3183.71,-1119.55,35.08,DELTA,Etron,26488.88999999999
2026-03-27,1339.02,1731.44,3070.47,-392.42,37.1,DELTA,Etron,26096.46999999999
2026-03-30,1950.73,2677.92,4628.65,-727.19,40.27,DELTA,Etron,25369.27999999999
2026-03-31,2776.21,3807.9,6584.11,-1031.69,35.54,DELTA,Etron,24337.589999999993
2026-04-01,2637.59,1841.76,4479.35,795.83,28.05,DELTA,Etron,25133.419999999995
2026-04-02,1828.26,1320.01,3148.27,508.25,36.28,DELTA,Etron,25641.669999999995
2026-04-03,758.12,774.18,1532.29,-16.06,32.23,DELTA,Etron,25625.609999999993
2026-04-07,1381.05,727.74,2108.79,653.31,31.65,DELTA,Etron,26278.919999999995
2026-04-08,1844.21,1667.42,3511.63,176.8,28.23,DELTA,Etron,26455.719999999994
2026-04-09,4784.21,2070.61,6854.81,2713.6,38.02,DELTA,Etron,29169.319999999992
2026-04-10,3402.36,1921.21,5323.57,1481.16,34.3,DELTA,Etron,30650.479999999992
2026-04-16,1953.45,2755.03,4708.48,-801.57,43.35,DELTA,Etron,29848.909999999993
2026-04-17,992.31,906.11,1898.43,86.2,40.12,DELTA,Etron,29935.109999999993
2026-04-20,783.26,573.31,1356.57,209.95,34.73,DELTA,Etron,30145.059999999994
2026-04-21,936.73,780.77,1717.51,155.96,39.75,DELTA,Etron,30301.019999999993
2026-04-22,691.27,558.43,1249.7,132.84,46.1,DELTA,Etron,30433.859999999993
2026-04-23,1298.88,1212.55,2511.42,86.33,37.28,DELTA,Etron,30520.189999999995
2026-04-24,1215.89,1080.93,2296.82,134.96,33.78,DELTA,Etron,30655.149999999994
2026-04-27,1737.54,1281.01,3018.55,456.53,35.97,DELTA,Etron,31111.679999999993
2026-04-28,966.65,1648.78,2615.43,-682.14,29.39,DELTA,Etron,30429.539999999994
2026-04-29,995.8,1280.1,2275.9,-284.29,40.32,DELTA,Etron,30145.249999999993
2026-04-30,1492.37,1051.56,2543.93,440.81,41.79,DELTA,Etron,30586.059999999994
2026-05-05,1704.56,2491.71,4196.27,-787.16,32.32,DELTA,Etron,29798.899999999994
2026-05-06,2672.86,1408.51,4081.36,1264.35,29.03,DELTA,Etron,31063.249999999993
2026-05-07,1856.07,2747.08,4603.15,-891.01,35.64,DELTA,Etron,30172.239999999994
2026-05-08,1356.07,1998.42,3354.49,-642.35,36.69,DELTA,Etron,29529.889999999996
2026-05-11,1282.6,770.39,2052.99,512.21,26.95,DELTA,Etron,30042.099999999995
2026-05-12,978.91,1270.5,2249.42,-291.59,35.78,DELTA,Etron,29750.509999999995
2026-05-13,6669.56,2370.32,9039.88,4299.24,34.08,DELTA,Etron,34049.74999999999
2026-05-14,1693.92,2613.28,4307.2,-919.36,32.35,DELTA,Etron,33130.38999999999
2026-05-15,1292.96,3821.57,5114.53,-2528.61,34.23,DELTA,Etron,30601.77999999999
2026-05-18,963.98,1210.07,2174.06,-246.09,34.13,DELTA,Etron,30355.68999999999
2026-05-19,1408.99,1946.35,3355.34,-537.36,37.32,DELTA,Etron,29818.32999999999
2026-05-20,2462.3,1629.47,4091.77,832.82,36.21,DELTA,Etron,30651.14999999999
2026-05-21,1451.71,1295.84,2747.55,155.87,32.36,DELTA,Etron,30807.01999999999
2026-05-22,2091.95,948.58,3040.53,1143.37,33.71,DELTA,Etron,31950.38999999999
2026-05-25,1030.74,1303.13,2333.87,-272.4,26.53,DELTA,Etron,31677.989999999987
2026-05-26,2469.57,1333.95,3803.53,1135.62,31.51,DELTA,Etron,32813.609999999986
2026-05-27,3678.76,2200.28,5879.03,1478.48,27.51,DELTA,Etron,34292.08999999999
2026-05-28,1628.36,2768.36,4396.72,-1140.0,32.1,DELTA,Etron,33152.08999999999
2026-05-29,3964.28,3805.38,7769.65,158.9,46.31,DELTA,Etron,33310.98999999999
2026-06-02,2341.09,2477.75,4818.84,-136.65,42.88,DELTA,Etron,33174.33999999999
2026-06-04,2180.31,1892.37,4072.68,287.94,41.11,DELTA,Etron,33462.27999999999
2026-06-05,944.26,2205.08,3149.34,-1260.82,33.11,DELTA,Etron,32201.459999999992
2026-06-08,1938.56,1581.32,3519.88,357.24,29.83,DELTA,Etron,32558.699999999993
2026-06-09,4953.05,1726.4,6679.45,3226.65,31.59,DELTA,Etron,35785.34999999999
2026-06-10,2081.12,3033.01,5114.12,-951.89,33.03,DELTA,Etron,34833.45999999999
2026-06-11,1933.83,1417.24,3351.07,516.58,29.98,DELTA,Etron,35350.03999999999
2026-06-12,2274.15,1699.71,3973.86,574.44,28.03,DELTA,Etron,35924.479999999996
2026-06-15,1484.25,2137.08,3621.34,-652.83,30.05,DELTA,Etron,35271.649999999994
2026-06-16,1425.13,2224.4,3649.54,-799.27,31.63,DELTA,Etron,34472.38
2026-06-17,1664.64,1636.31,3300.95,28.33,27.54,DELTA,Etron,34500.71
2026-06-18,1530.15,1359.22,2889.36,170.93,35.38,DELTA,Etron,34671.64
2026-06-19,2431.47,2387.77,4819.24,43.71,32.11,DELTA,Etron,34715.35
2026-06-22,1413.74,1256.12,2669.86,157.62,31.63,DELTA,Etron,34872.97
2026-06-23,2433.79,2140.67,4574.46,293.12,29.84,DELTA,Etron,35166.090000000004
2026-06-24,1987.66,1819.12,3806.78,168.53,35.48,DELTA,Etron,35334.62
2026-06-25,2053.85,2911.83,4965.69,-857.98,32.9,DELTA,Etron,34476.64
2026-06-26,1577.4,2993.0,4570.39,-1415.6,37.3,DELTA,Etron,33061.04
2026-06-29,3158.67,1959.89,5118.55,1198.78,35.36,DELTA,Etron,34259.82
2026-06-30,2145.12,2536.35,4681.47,-391.24,41.17,DELTA,Etron,33868.58
2026-07-01,1280.37,1295.63,2575.99,-15.26,30.65,DELTA,Etron,33853.32
2026-07-02,975.98,1374.42,2350.39,-398.44,27.43,DELTA,Etron,33454.88
2026-07-03,1447.12,1071.97,2519.09,375.15,35.67,DELTA,Etron,33830.03
2026-07-06,890.97,839.63,1730.6,51.33,34.14,DELTA,Etron,33881.36
2026-07-07,890.36,1051.73,1942.1,-161.37,30.21,DELTA,Etron,33719.99
2026-07-08,1215.65,1695.9,2911.56,-480.25,25.6,DELTA,Etron,33239.74
2026-07-09,1899.45,1826.57,3726.03,72.88,35.05,DELTA,Etron,33312.619999999995
2026-07-10,599.81,973.82,1573.62,-374.01,27.5,DELTA,Etron,32938.60999999999
2026-07-13,1030.95,927.95,1958.91,103.0,39.39,DELTA,Etron,33041.60999999999
2026-07-14,1485.1,1433.93,2919.03,51.17,34.02,DELTA,Etron,33092.77999999999
2026-07-15,1371.62,1668.86,3040.48,-297.24,34.61,DELTA,Etron,32795.53999999999
2026-07-16,827.69,1385.12,2212.81,-557.42,30.44,DELTA,Etron,32238.119999999995
2026-07-17,1087.1,1629.07,2716.17,-541.97,28.66,DELTA,Etron,31696.149999999994
2026-07-20,1205.4,1473.23,2678.63,-267.83,32.88,DELTA,Etron,31428.319999999992
2026-07-21,1559.08,1490.79,3049.87,68.29,31.64,DELTA,Etron,31496.609999999993
2026-07-22,938.0,1803.83,2741.83,-865.83,29.5,DELTA,Etron,30630.77999999999
2026-07-23,1764.27,2154.55,3918.82,-390.29,36.36,DELTA,Etron,30240.48999999999
2026-07-24,1025.56,1663.14,2688.7,-637.58,33.15,DELTA,Etron,29602.90999999999
2026-07-27,1148.46,3575.62,4724.09,-2427.16,28.98,DELTA,Etron,27175.74999999999
2026-07-30,3739.16,4855.39,8594.55,-1116.24,38.57,DELTA,Etron,26059.509999999987
