date,buy_mb,sell_mb,buy_sell_mb,net_mb,nvdr_pct,symbol,sector,cumulative_net_mb
2020-01-02,0.36,0.24,0.6,0.12,0.33,DOHOME,Commerce,0.12
2020-01-03,0.08,0.25,0.34,-0.17,0.2,DOHOME,Commerce,-0.05000000000000002
2020-01-06,0.63,0.86,1.49,-0.23,0.64,DOHOME,Commerce,-0.28
2020-01-07,4.05,0.48,4.53,3.57,2.89,DOHOME,Commerce,3.29
2020-01-08,2.38,0.54,2.92,1.84,1.12,DOHOME,Commerce,5.13
2020-01-09,2.43,0.83,3.26,1.6,1.8,DOHOME,Commerce,6.73
2020-01-10,3.55,3.18,6.74,0.37,2.8,DOHOME,Commerce,7.1000000000000005
2020-01-13,0.84,1.56,2.4,-0.72,1.27,DOHOME,Commerce,6.380000000000001
2020-01-14,1.8,1.37,3.18,0.43,3.02,DOHOME,Commerce,6.8100000000000005
2020-01-15,0.44,3.17,3.62,-2.73,3.32,DOHOME,Commerce,4.08
2020-01-16,29.14,25.68,54.82,3.46,8.76,DOHOME,Commerce,7.54
2020-01-17,1.88,1.63,3.52,0.25,2.57,DOHOME,Commerce,7.79
2020-01-20,2.88,0.9,3.78,1.99,1.56,DOHOME,Commerce,9.78
2020-01-21,0.7,1.49,2.2,-0.79,0.53,DOHOME,Commerce,8.989999999999998
2020-01-22,2.8,2.11,4.91,0.69,4.27,DOHOME,Commerce,9.679999999999998
2020-01-23,0.43,1.47,1.9,-1.04,1.48,DOHOME,Commerce,8.639999999999997
2020-01-24,0.41,0.74,1.15,-0.33,2.18,DOHOME,Commerce,8.309999999999997
2020-01-27,0.61,0.81,1.41,-0.2,0.86,DOHOME,Commerce,8.109999999999998
2020-01-28,0.76,0.68,1.44,0.08,0.9,DOHOME,Commerce,8.189999999999998
2020-01-29,3.89,1.39,5.27,2.5,2.11,DOHOME,Commerce,10.689999999999998
2020-01-30,15.61,3.87,19.48,11.74,11.26,DOHOME,Commerce,22.43
2020-01-31,4.81,2.02,6.83,2.8,7.19,DOHOME,Commerce,25.23
2020-02-03,3.91,0.55,4.46,3.36,8.0,DOHOME,Commerce,28.59
2020-02-04,14.8,1.29,16.09,13.51,13.6,DOHOME,Commerce,42.1
2020-02-05,23.44,5.52,28.96,17.92,10.71,DOHOME,Commerce,60.02
2020-02-06,0.76,1.25,2.01,-0.48,2.73,DOHOME,Commerce,59.540000000000006
2020-02-07,0.56,3.95,4.51,-3.39,5.94,DOHOME,Commerce,56.150000000000006
2020-02-11,1.19,2.95,4.14,-1.77,1.81,DOHOME,Commerce,54.38
2020-02-12,1.03,1.49,2.52,-0.46,1.75,DOHOME,Commerce,53.92
2020-02-13,0.3,0.67,0.98,-0.37,0.88,DOHOME,Commerce,53.550000000000004
2020-02-14,3.17,0.69,3.86,2.49,3.61,DOHOME,Commerce,56.040000000000006
2020-02-17,1.82,0.67,2.49,1.14,2.8,DOHOME,Commerce,57.18000000000001
2020-02-18,1.28,1.25,2.52,0.03,2.77,DOHOME,Commerce,57.21000000000001
2020-02-19,4.36,1.55,5.9,2.81,6.16,DOHOME,Commerce,60.02000000000001
2020-02-20,9.14,4.22,13.36,4.92,9.76,DOHOME,Commerce,64.94000000000001
2020-02-21,3.34,21.16,24.5,-17.82,14.23,DOHOME,Commerce,47.12000000000001
2020-02-24,0.3,4.54,4.84,-4.23,2.47,DOHOME,Commerce,42.890000000000015
2020-02-25,9.99,38.08,48.06,-28.09,9.9,DOHOME,Commerce,14.800000000000015
2020-02-26,3.74,3.48,7.22,0.26,5.76,DOHOME,Commerce,15.060000000000015
2020-02-27,6.58,4.53,11.11,2.05,6.05,DOHOME,Commerce,17.110000000000014
2020-02-28,8.9,5.68,14.58,3.22,11.32,DOHOME,Commerce,20.330000000000013
2020-03-02,4.36,6.43,10.79,-2.08,6.17,DOHOME,Commerce,18.250000000000014
2020-03-03,20.48,10.66,31.14,9.82,11.06,DOHOME,Commerce,28.070000000000014
2020-03-04,3.31,2.91,6.22,0.4,5.26,DOHOME,Commerce,28.470000000000013
2020-03-05,8.47,17.0,25.47,-8.52,9.3,DOHOME,Commerce,19.950000000000014
2020-03-06,15.16,6.24,21.4,8.93,6.76,DOHOME,Commerce,28.880000000000013
2020-03-09,4.58,8.91,13.49,-4.34,6.92,DOHOME,Commerce,24.540000000000013
2020-03-10,13.25,3.05,16.3,10.21,6.1,DOHOME,Commerce,34.750000000000014
2020-03-11,4.73,16.36,21.09,-11.63,6.66,DOHOME,Commerce,23.12000000000001
2020-03-12,4.14,4.6,8.74,-0.46,2.9,DOHOME,Commerce,22.66000000000001
2020-03-13,3.36,1.69,5.05,1.67,2.84,DOHOME,Commerce,24.330000000000013
2020-03-16,1.16,0.63,1.79,0.54,4.47,DOHOME,Commerce,24.87000000000001
2020-03-17,0.19,1.5,1.69,-1.31,1.68,DOHOME,Commerce,23.560000000000013
2020-03-18,1.51,0.85,2.37,0.66,0.9,DOHOME,Commerce,24.220000000000013
2020-03-19,0.71,0.36,1.07,0.35,1.08,DOHOME,Commerce,24.570000000000014
2020-03-20,0.62,1.02,1.64,-0.4,0.84,DOHOME,Commerce,24.170000000000016
2020-03-23,0.76,0.35,1.11,0.4,0.53,DOHOME,Commerce,24.570000000000014
2020-03-24,6.24,0.7,6.94,5.54,2.41,DOHOME,Commerce,30.110000000000014
2020-03-25,17.7,25.2,42.9,-7.49,4.66,DOHOME,Commerce,22.62000000000001
2020-03-26,7.57,4.31,11.88,3.25,3.63,DOHOME,Commerce,25.87000000000001
2020-03-27,8.92,5.35,14.26,3.57,4.88,DOHOME,Commerce,29.440000000000012
2020-03-30,1.33,6.09,7.42,-4.76,8.25,DOHOME,Commerce,24.680000000000014
2020-03-31,3.19,2.59,5.78,0.59,3.28,DOHOME,Commerce,25.270000000000014
2020-04-01,1.35,0.66,2.01,0.69,1.19,DOHOME,Commerce,25.960000000000015
2020-04-02,1.62,1.19,2.81,0.43,2.4,DOHOME,Commerce,26.390000000000015
2020-04-03,1.65,1.38,3.03,0.27,2.55,DOHOME,Commerce,26.660000000000014
2020-04-07,6.4,2.52,8.91,3.88,3.06,DOHOME,Commerce,30.540000000000013
2020-04-08,5.31,5.73,11.04,-0.42,2.53,DOHOME,Commerce,30.12000000000001
2020-04-09,4.32,9.61,13.94,-5.29,4.51,DOHOME,Commerce,24.830000000000013
2020-04-10,3.55,0.87,4.42,2.69,3.72,DOHOME,Commerce,27.520000000000014
2020-04-13,2.16,2.85,5.01,-0.69,1.8,DOHOME,Commerce,26.830000000000013
2020-04-14,0.69,3.69,4.38,-2.99,0.64,DOHOME,Commerce,23.84000000000001
2020-04-15,0.83,0.07,0.89,0.76,0.45,DOHOME,Commerce,24.600000000000012
2020-04-16,2.73,1.15,3.87,1.58,1.84,DOHOME,Commerce,26.180000000000014
2020-04-17,7.67,4.77,12.45,2.9,5.33,DOHOME,Commerce,29.080000000000013
2020-04-20,8.3,13.23,21.53,-4.93,9.61,DOHOME,Commerce,24.150000000000013
2020-04-21,2.96,3.59,6.55,-0.64,2.8,DOHOME,Commerce,23.510000000000012
2020-04-22,1.51,1.96,3.48,-0.45,1.89,DOHOME,Commerce,23.060000000000013
2020-04-23,1.13,1.28,2.42,-0.15,1.46,DOHOME,Commerce,22.910000000000014
2020-04-24,1.31,1.8,3.1,-0.49,2.87,DOHOME,Commerce,22.420000000000016
2020-04-27,3.85,2.66,6.51,1.18,7.72,DOHOME,Commerce,23.600000000000016
2020-04-28,10.81,13.64,24.45,-2.83,4.27,DOHOME,Commerce,20.770000000000017
2020-04-29,1.03,1.33,2.36,-0.3,1.19,DOHOME,Commerce,20.470000000000017
2020-04-30,0.0,2.61,2.61,-2.61,2.22,DOHOME,Commerce,17.860000000000017
2020-05-05,6.89,1.51,8.4,5.38,4.26,DOHOME,Commerce,23.240000000000016
2020-05-07,0.81,2.98,3.8,-2.17,2.35,DOHOME,Commerce,21.070000000000014
2020-05-08,1.11,1.97,3.08,-0.85,2.92,DOHOME,Commerce,20.220000000000013
2020-05-11,31.93,12.12,44.05,19.81,12.6,DOHOME,Commerce,40.030000000000015
2020-05-12,6.52,1.8,8.32,4.72,5.94,DOHOME,Commerce,44.750000000000014
2020-05-13,13.32,18.1,31.42,-4.79,10.45,DOHOME,Commerce,39.960000000000015
2020-05-14,6.93,33.37,40.3,-26.44,16.02,DOHOME,Commerce,13.520000000000014
2020-05-15,18.69,5.51,24.2,13.17,12.68,DOHOME,Commerce,26.690000000000012
2020-05-18,21.98,9.86,31.84,12.12,6.02,DOHOME,Commerce,38.81000000000001
2020-05-19,36.62,18.94,55.56,17.68,15.83,DOHOME,Commerce,56.49000000000001
2020-05-20,9.81,4.19,14.0,5.63,5.11,DOHOME,Commerce,62.12000000000001
2020-05-21,1.98,4.08,6.06,-2.1,3.13,DOHOME,Commerce,60.02000000000001
2020-05-22,16.37,2.67,19.03,13.7,9.22,DOHOME,Commerce,73.72000000000001
2020-05-25,8.3,1.59,9.89,6.71,9.56,DOHOME,Commerce,80.43
2020-05-26,1.62,11.13,12.75,-9.52,6.96,DOHOME,Commerce,70.91000000000001
2020-05-27,2.59,1.77,4.36,0.81,5.44,DOHOME,Commerce,71.72000000000001
2020-05-28,7.39,1.83,9.23,5.56,4.53,DOHOME,Commerce,77.28000000000002
2020-05-29,10.29,6.73,17.02,3.55,11.89,DOHOME,Commerce,80.83000000000001
2020-06-01,6.28,21.19,27.47,-14.91,7.24,DOHOME,Commerce,65.92000000000002
2020-06-02,46.57,10.32,56.89,36.26,13.69,DOHOME,Commerce,102.18
2020-06-04,67.92,10.1,78.03,57.82,13.97,DOHOME,Commerce,160.0
2020-06-05,50.15,15.23,65.38,34.92,22.48,DOHOME,Commerce,194.92000000000002
2020-06-08,36.52,13.52,50.04,23.0,13.79,DOHOME,Commerce,217.92000000000002
2020-06-09,78.9,14.01,92.9,64.89,18.52,DOHOME,Commerce,282.81
2020-06-10,27.58,9.24,36.83,18.34,19.41,DOHOME,Commerce,301.15
2020-06-11,48.18,13.99,62.17,34.19,19.7,DOHOME,Commerce,335.34
2020-06-12,39.31,16.61,55.92,22.69,8.44,DOHOME,Commerce,358.03
2020-06-15,11.46,44.49,55.94,-33.03,9.97,DOHOME,Commerce,325.0
2020-06-16,7.02,39.26,46.28,-32.24,4.36,DOHOME,Commerce,292.76
2020-06-17,60.21,37.55,97.76,22.66,12.09,DOHOME,Commerce,315.42
2020-06-18,9.13,8.24,17.37,0.89,6.5,DOHOME,Commerce,316.31
2020-06-19,6.38,10.84,17.22,-4.45,10.2,DOHOME,Commerce,311.86
2020-06-22,10.44,12.78,23.22,-2.34,8.09,DOHOME,Commerce,309.52000000000004
2020-06-23,3.76,7.07,10.83,-3.32,7.42,DOHOME,Commerce,306.20000000000005
2020-06-24,13.47,18.72,32.19,-5.24,9.0,DOHOME,Commerce,300.96000000000004
2020-06-25,44.99,24.74,69.72,20.25,9.17,DOHOME,Commerce,321.21000000000004
2020-06-26,15.68,17.39,33.07,-1.71,4.59,DOHOME,Commerce,319.50000000000006
2020-06-29,8.72,6.15,14.87,2.57,7.1,DOHOME,Commerce,322.07000000000005
2020-06-30,11.24,25.89,37.14,-14.65,9.45,DOHOME,Commerce,307.4200000000001
2020-07-01,29.07,9.15,38.23,19.92,5.69,DOHOME,Commerce,327.3400000000001
2020-07-02,33.03,11.1,44.13,21.93,6.05,DOHOME,Commerce,349.2700000000001
2020-07-03,4.66,34.44,39.11,-29.78,10.35,DOHOME,Commerce,319.4900000000001
2020-07-07,4.62,21.74,26.35,-17.12,6.24,DOHOME,Commerce,302.3700000000001
2020-07-08,4.03,15.42,19.45,-11.39,6.74,DOHOME,Commerce,290.98000000000013
2020-07-09,15.02,6.9,21.93,8.12,11.25,DOHOME,Commerce,299.10000000000014
2020-07-10,48.04,20.65,68.69,27.39,12.18,DOHOME,Commerce,326.4900000000001
2020-07-13,20.86,33.89,54.75,-13.03,9.72,DOHOME,Commerce,313.46000000000015
2020-07-14,9.28,5.27,14.56,4.01,7.03,DOHOME,Commerce,317.47000000000014
2020-07-15,10.3,13.08,23.38,-2.78,12.14,DOHOME,Commerce,314.69000000000017
2020-07-16,8.32,4.78,13.09,3.54,13.83,DOHOME,Commerce,318.2300000000002
2020-07-17,2.25,2.76,5.0,-0.51,6.76,DOHOME,Commerce,317.7200000000002
2020-07-20,30.67,21.64,52.32,9.03,6.14,DOHOME,Commerce,326.75000000000017
2020-07-21,3.45,16.29,19.73,-12.84,6.5,DOHOME,Commerce,313.9100000000002
2020-07-22,5.01,6.52,11.53,-1.52,6.43,DOHOME,Commerce,312.3900000000002
2020-07-23,5.14,6.43,11.57,-1.29,4.93,DOHOME,Commerce,311.1000000000002
2020-07-24,14.64,8.72,23.36,5.92,6.83,DOHOME,Commerce,317.0200000000002
2020-07-29,18.06,5.83,23.89,12.24,16.26,DOHOME,Commerce,329.2600000000002
2020-07-30,19.67,23.11,42.78,-3.43,8.85,DOHOME,Commerce,325.8300000000002
2020-07-31,94.09,29.68,123.76,64.41,8.45,DOHOME,Commerce,390.24000000000024
2020-08-03,57.55,118.33,175.88,-60.78,11.47,DOHOME,Commerce,329.46000000000026
2020-08-04,39.39,17.67,57.06,21.72,10.92,DOHOME,Commerce,351.1800000000003
2020-08-05,45.65,55.77,101.42,-10.12,8.14,DOHOME,Commerce,341.0600000000003
2020-08-06,14.1,35.49,49.59,-21.39,7.17,DOHOME,Commerce,319.6700000000003
2020-08-07,20.01,29.56,49.57,-9.55,6.51,DOHOME,Commerce,310.1200000000003
2020-08-10,3.23,2.64,5.87,0.59,3.05,DOHOME,Commerce,310.71000000000026
2020-08-11,1.88,7.33,9.21,-5.45,4.44,DOHOME,Commerce,305.2600000000003
2020-08-13,8.09,17.0,25.09,-8.91,4.39,DOHOME,Commerce,296.35000000000025
2020-08-14,4.43,8.73,13.15,-4.3,4.91,DOHOME,Commerce,292.05000000000024
2020-08-17,2.49,18.86,21.35,-16.37,10.86,DOHOME,Commerce,275.68000000000023
2020-08-18,6.69,60.28,66.98,-53.59,24.14,DOHOME,Commerce,222.09000000000023
2020-08-19,17.31,40.33,57.63,-23.02,16.76,DOHOME,Commerce,199.07000000000022
2020-08-20,8.97,43.57,52.55,-34.6,22.65,DOHOME,Commerce,164.47000000000023
2020-08-21,11.9,9.68,21.59,2.22,5.03,DOHOME,Commerce,166.69000000000023
2020-08-24,14.52,19.83,34.35,-5.31,9.46,DOHOME,Commerce,161.38000000000022
2020-08-25,4.45,16.72,21.17,-12.27,4.4,DOHOME,Commerce,149.1100000000002
2020-08-26,9.94,0.99,10.93,8.95,5.09,DOHOME,Commerce,158.0600000000002
2020-08-27,6.69,0.0,6.69,6.69,7.06,DOHOME,Commerce,164.7500000000002
2020-08-28,2.29,1.44,3.73,0.85,6.3,DOHOME,Commerce,165.6000000000002
2020-08-31,15.1,4.28,19.38,10.82,6.43,DOHOME,Commerce,176.4200000000002
2020-09-01,10.08,6.41,16.5,3.67,5.2,DOHOME,Commerce,180.09000000000017
2020-09-02,18.0,1.88,19.88,16.12,15.62,DOHOME,Commerce,196.21000000000018
2020-09-03,11.68,6.31,17.99,5.37,15.53,DOHOME,Commerce,201.58000000000018
2020-09-08,3.72,5.12,8.84,-1.4,7.57,DOHOME,Commerce,200.18000000000018
2020-09-09,8.37,1.06,9.42,7.31,6.4,DOHOME,Commerce,207.49000000000018
2020-09-10,1.47,4.61,6.08,-3.14,19.55,DOHOME,Commerce,204.3500000000002
2020-09-11,5.68,4.33,10.02,1.35,4.13,DOHOME,Commerce,205.7000000000002
2020-09-14,14.26,3.14,17.39,11.12,5.08,DOHOME,Commerce,216.8200000000002
2020-09-15,21.18,1.11,22.29,20.06,9.46,DOHOME,Commerce,236.8800000000002
2020-09-16,13.88,2.49,16.38,11.39,7.6,DOHOME,Commerce,248.2700000000002
2020-09-17,1.47,3.87,5.34,-2.41,6.04,DOHOME,Commerce,245.8600000000002
2020-09-18,6.53,2.53,9.06,4.0,3.12,DOHOME,Commerce,249.8600000000002
2020-09-21,24.7,9.33,34.02,15.37,14.37,DOHOME,Commerce,265.2300000000002
2020-09-22,24.72,12.28,37.0,12.44,13.41,DOHOME,Commerce,277.6700000000002
2020-09-23,47.64,50.83,98.47,-3.19,8.67,DOHOME,Commerce,274.4800000000002
2020-09-24,52.51,40.1,92.61,12.41,11.44,DOHOME,Commerce,286.8900000000002
2020-09-25,35.87,43.98,79.85,-8.1,27.0,DOHOME,Commerce,278.7900000000002
2020-09-28,64.97,71.76,136.73,-6.78,13.08,DOHOME,Commerce,272.0100000000002
2020-09-29,20.04,35.28,55.32,-15.24,12.9,DOHOME,Commerce,256.7700000000002
2020-09-30,38.62,48.53,87.15,-9.91,14.59,DOHOME,Commerce,246.8600000000002
2020-10-01,25.41,34.3,59.71,-8.89,10.7,DOHOME,Commerce,237.9700000000002
2020-10-02,21.47,23.33,44.8,-1.86,11.52,DOHOME,Commerce,236.11000000000018
2020-10-05,37.36,16.29,53.65,21.08,16.18,DOHOME,Commerce,257.19000000000017
2020-10-06,15.94,13.87,29.81,2.06,7.85,DOHOME,Commerce,259.25000000000017
2020-10-07,15.98,11.52,27.5,4.47,16.12,DOHOME,Commerce,263.7200000000002
2020-10-08,10.84,9.58,20.42,1.26,7.77,DOHOME,Commerce,264.9800000000002
2020-10-09,8.99,6.25,15.24,2.74,6.87,DOHOME,Commerce,267.7200000000002
2020-10-12,24.29,29.06,53.35,-4.76,22.26,DOHOME,Commerce,262.9600000000002
2020-10-14,12.16,7.47,19.64,4.69,17.61,DOHOME,Commerce,267.6500000000002
2020-10-15,10.49,21.14,31.63,-10.65,12.48,DOHOME,Commerce,257.0000000000002
2020-10-16,17.65,6.16,23.81,11.49,7.86,DOHOME,Commerce,268.49000000000024
2020-10-19,24.32,15.38,39.7,8.94,13.44,DOHOME,Commerce,277.43000000000023
2020-10-20,39.25,22.75,62.0,16.5,24.69,DOHOME,Commerce,293.93000000000023
2020-10-21,72.07,43.42,115.49,28.65,16.01,DOHOME,Commerce,322.5800000000002
2020-10-22,28.67,33.36,62.03,-4.7,17.38,DOHOME,Commerce,317.8800000000002
2020-10-26,45.92,17.44,63.36,28.48,25.97,DOHOME,Commerce,346.36000000000024
2020-10-27,35.33,13.34,48.67,22.0,27.65,DOHOME,Commerce,368.36000000000024
2020-10-28,37.9,24.65,62.55,13.25,17.11,DOHOME,Commerce,381.61000000000024
2020-10-29,39.62,30.58,70.21,9.04,17.22,DOHOME,Commerce,390.65000000000026
2020-10-30,12.73,17.06,29.8,-4.33,10.28,DOHOME,Commerce,386.3200000000003
2020-11-02,15.92,25.01,40.94,-9.09,14.96,DOHOME,Commerce,377.2300000000003
2020-11-03,10.52,14.82,25.34,-4.29,12.62,DOHOME,Commerce,372.9400000000003
2020-11-04,13.71,22.7,36.41,-8.99,12.38,DOHOME,Commerce,363.9500000000003
2020-11-05,13.89,12.88,26.77,1.02,10.13,DOHOME,Commerce,364.97000000000025
2020-11-06,10.03,22.03,32.06,-11.99,10.77,DOHOME,Commerce,352.98000000000025
2020-11-09,27.84,21.09,48.93,6.75,8.14,DOHOME,Commerce,359.73000000000025
2020-11-10,43.99,30.09,74.08,13.9,8.73,DOHOME,Commerce,373.6300000000002
2020-11-11,54.36,18.69,73.04,35.67,14.92,DOHOME,Commerce,409.30000000000024
2020-11-12,9.41,15.84,25.25,-6.43,9.1,DOHOME,Commerce,402.87000000000023
2020-11-13,26.8,22.68,49.49,4.12,11.18,DOHOME,Commerce,406.99000000000024
2020-11-16,2.71,25.81,28.52,-23.11,14.39,DOHOME,Commerce,383.8800000000002
2020-11-17,6.3,16.97,23.27,-10.68,12.45,DOHOME,Commerce,373.2000000000002
2020-11-18,10.53,13.7,24.23,-3.18,12.37,DOHOME,Commerce,370.0200000000002
2020-11-19,7.24,32.14,39.38,-24.9,16.01,DOHOME,Commerce,345.12000000000023
2020-11-20,21.32,7.68,29.01,13.64,9.43,DOHOME,Commerce,358.7600000000002
2020-11-23,28.45,43.82,72.27,-15.36,14.43,DOHOME,Commerce,343.4000000000002
2020-11-24,11.93,24.03,35.96,-12.09,18.02,DOHOME,Commerce,331.31000000000023
2020-11-25,2.75,30.12,32.87,-27.37,13.35,DOHOME,Commerce,303.9400000000002
2020-11-26,11.57,16.57,28.14,-4.99,14.42,DOHOME,Commerce,298.9500000000002
2020-11-27,10.64,12.41,23.05,-1.77,16.77,DOHOME,Commerce,297.18000000000023
2020-11-30,13.14,40.94,54.07,-27.8,12.53,DOHOME,Commerce,269.3800000000002
2020-12-01,32.45,53.74,86.19,-21.29,8.58,DOHOME,Commerce,248.09000000000023
2020-12-02,5.68,30.97,36.65,-25.29,11.3,DOHOME,Commerce,222.80000000000024
2020-12-03,3.66,20.07,23.73,-16.4,9.3,DOHOME,Commerce,206.40000000000023
2020-12-04,11.8,22.85,34.65,-11.05,9.44,DOHOME,Commerce,195.35000000000022
2020-12-08,17.46,27.62,45.08,-10.16,11.5,DOHOME,Commerce,185.19000000000023
2020-12-09,10.64,24.61,35.25,-13.97,10.88,DOHOME,Commerce,171.22000000000023
2020-12-14,11.62,27.85,39.47,-16.23,17.94,DOHOME,Commerce,154.99000000000024
2020-12-15,19.46,14.96,34.42,4.5,10.39,DOHOME,Commerce,159.49000000000024
2020-12-16,13.65,8.54,22.19,5.11,11.73,DOHOME,Commerce,164.60000000000025
2020-12-17,49.98,39.91,89.89,10.07,8.77,DOHOME,Commerce,174.67000000000024
2020-12-18,17.87,35.75,53.62,-17.87,7.68,DOHOME,Commerce,156.80000000000024
2020-12-21,13.85,47.93,61.78,-34.08,8.33,DOHOME,Commerce,122.72000000000024
2020-12-22,9.14,21.24,30.38,-12.1,11.25,DOHOME,Commerce,110.62000000000025
2020-12-23,21.48,21.17,42.66,0.31,17.39,DOHOME,Commerce,110.93000000000025
2020-12-24,13.33,17.66,30.99,-4.34,12.17,DOHOME,Commerce,106.59000000000024
2020-12-25,3.62,8.85,12.47,-5.23,8.68,DOHOME,Commerce,101.36000000000024
2020-12-28,8.8,19.16,27.96,-10.36,18.89,DOHOME,Commerce,91.00000000000024
2020-12-29,10.94,11.0,21.95,-0.06,10.75,DOHOME,Commerce,90.94000000000024
2020-12-30,21.28,22.88,44.17,-1.6,11.91,DOHOME,Commerce,89.34000000000024
2021-01-04,15.95,20.85,36.8,-4.9,9.64,DOHOME,Commerce,84.44000000000024
2021-01-05,15.65,10.2,25.86,5.45,17.61,DOHOME,Commerce,89.89000000000024
2021-01-06,9.42,6.42,15.84,3.0,9.44,DOHOME,Commerce,92.89000000000024
2021-01-07,139.79,52.36,192.15,87.44,11.98,DOHOME,Commerce,180.33000000000024
2021-01-08,88.25,70.59,158.85,17.66,16.55,DOHOME,Commerce,197.99000000000024
2021-01-11,17.58,21.34,38.92,-3.76,12.55,DOHOME,Commerce,194.23000000000025
2021-01-12,16.31,38.76,55.08,-22.45,20.51,DOHOME,Commerce,171.78000000000026
2021-01-13,33.43,44.06,77.5,-10.63,19.11,DOHOME,Commerce,161.15000000000026
2021-01-14,13.74,12.33,26.07,1.4,17.25,DOHOME,Commerce,162.55000000000027
2021-01-15,18.08,56.08,74.16,-37.99,11.94,DOHOME,Commerce,124.56000000000026
2021-01-18,67.95,66.42,134.37,1.53,20.82,DOHOME,Commerce,126.09000000000026
2021-01-19,90.0,112.94,202.94,-22.93,13.09,DOHOME,Commerce,103.16000000000025
2021-01-20,56.68,41.11,97.8,15.57,15.94,DOHOME,Commerce,118.73000000000025
2021-01-21,33.87,37.42,71.29,-3.55,14.04,DOHOME,Commerce,115.18000000000025
2021-01-22,27.62,31.13,58.75,-3.5,11.66,DOHOME,Commerce,111.68000000000025
2021-01-25,71.76,50.19,121.95,21.56,10.93,DOHOME,Commerce,133.24000000000024
2021-01-26,29.05,82.35,111.4,-53.31,13.33,DOHOME,Commerce,79.93000000000023
2021-01-27,36.1,28.26,64.36,7.84,9.89,DOHOME,Commerce,87.77000000000024
2021-01-28,66.58,24.49,91.06,42.09,13.91,DOHOME,Commerce,129.86000000000024
2021-01-29,77.16,31.55,108.71,45.61,16.66,DOHOME,Commerce,175.47000000000025
2021-02-01,7.77,17.61,25.38,-9.84,15.3,DOHOME,Commerce,165.63000000000025
2021-02-02,53.84,11.91,65.75,41.94,15.66,DOHOME,Commerce,207.57000000000025
2021-02-03,27.47,17.32,44.79,10.14,15.88,DOHOME,Commerce,217.71000000000026
2021-02-04,30.61,7.32,37.93,23.29,15.93,DOHOME,Commerce,241.00000000000026
2021-02-05,103.25,37.25,140.5,66.0,16.91,DOHOME,Commerce,307.0000000000002
2021-02-08,13.39,67.22,80.61,-53.83,15.39,DOHOME,Commerce,253.17000000000024
2021-02-09,3.97,21.07,25.04,-17.1,11.51,DOHOME,Commerce,236.07000000000025
2021-02-10,3.24,18.12,21.36,-14.88,12.54,DOHOME,Commerce,221.19000000000025
2021-02-11,29.05,14.04,43.09,15.01,13.78,DOHOME,Commerce,236.20000000000024
2021-02-15,14.19,4.74,18.93,9.46,13.34,DOHOME,Commerce,245.66000000000025
2021-02-16,13.18,11.56,24.74,1.62,26.22,DOHOME,Commerce,247.28000000000026
2021-02-17,9.98,5.09,15.07,4.89,13.78,DOHOME,Commerce,252.17000000000024
2021-02-18,25.23,24.11,49.34,1.12,8.75,DOHOME,Commerce,253.29000000000025
2021-02-19,14.95,7.6,22.56,7.35,15.45,DOHOME,Commerce,260.64000000000027
2021-02-22,76.16,21.13,97.28,55.03,25.39,DOHOME,Commerce,315.6700000000003
2021-02-23,18.28,34.68,52.96,-16.41,13.31,DOHOME,Commerce,299.2600000000003
2021-02-24,299.61,106.07,405.68,193.55,15.22,DOHOME,Commerce,492.8100000000003
2021-02-25,154.98,97.77,252.75,57.21,14.13,DOHOME,Commerce,550.0200000000003
2021-03-01,91.12,55.95,147.06,35.17,14.56,DOHOME,Commerce,585.1900000000003
2021-03-02,115.37,42.79,158.16,72.58,16.6,DOHOME,Commerce,657.7700000000003
2021-03-03,52.85,53.91,106.76,-1.07,15.18,DOHOME,Commerce,656.7000000000003
2021-03-04,41.85,55.92,97.76,-14.07,15.88,DOHOME,Commerce,642.6300000000002
2021-03-05,28.09,53.68,81.77,-25.59,20.85,DOHOME,Commerce,617.0400000000002
2021-03-08,36.26,29.61,65.87,6.65,21.32,DOHOME,Commerce,623.6900000000002
2021-03-09,36.18,61.02,97.2,-24.85,25.75,DOHOME,Commerce,598.8400000000001
2021-03-10,63.89,52.64,116.53,11.25,22.35,DOHOME,Commerce,610.0900000000001
2021-03-11,54.09,34.47,88.56,19.61,18.52,DOHOME,Commerce,629.7000000000002
2021-03-12,61.71,64.72,126.44,-3.01,22.46,DOHOME,Commerce,626.6900000000002
2021-03-15,43.29,96.94,140.23,-53.65,29.24,DOHOME,Commerce,573.0400000000002
2021-03-16,14.54,20.59,35.13,-6.06,26.64,DOHOME,Commerce,566.9800000000002
2021-03-17,76.79,70.96,147.75,5.82,25.27,DOHOME,Commerce,572.8000000000003
2021-03-18,24.77,59.12,83.89,-34.35,23.23,DOHOME,Commerce,538.4500000000003
2021-03-19,12.78,288.55,301.33,-275.77,29.56,DOHOME,Commerce,262.6800000000003
2021-03-22,15.23,19.59,34.82,-4.36,19.6,DOHOME,Commerce,258.3200000000003
2021-03-23,7.16,25.76,32.91,-18.6,19.46,DOHOME,Commerce,239.72000000000028
2021-03-24,14.12,24.97,39.09,-10.85,24.77,DOHOME,Commerce,228.8700000000003
2021-03-25,11.02,29.45,40.47,-18.43,17.07,DOHOME,Commerce,210.44000000000028
2021-03-26,20.65,16.0,36.64,4.65,20.42,DOHOME,Commerce,215.0900000000003
2021-03-29,85.38,36.12,121.5,49.26,11.97,DOHOME,Commerce,264.3500000000003
2021-03-30,35.69,39.98,75.67,-4.29,15.81,DOHOME,Commerce,260.0600000000003
2021-03-31,74.63,48.41,123.04,26.23,42.15,DOHOME,Commerce,286.2900000000003
2021-04-01,145.87,85.01,230.88,60.87,16.75,DOHOME,Commerce,347.1600000000003
2021-04-02,32.96,59.36,92.32,-26.41,19.0,DOHOME,Commerce,320.7500000000003
2021-04-05,11.51,35.37,46.88,-23.86,17.2,DOHOME,Commerce,296.89000000000027
2021-04-07,35.48,28.46,63.94,7.01,15.34,DOHOME,Commerce,303.90000000000026
2021-04-08,72.07,81.14,153.21,-9.08,18.34,DOHOME,Commerce,294.8200000000003
2021-04-09,21.51,50.74,72.25,-29.23,18.39,DOHOME,Commerce,265.59000000000026
2021-04-12,6.78,29.24,36.02,-22.46,17.25,DOHOME,Commerce,243.13000000000025
2021-04-16,100.81,33.75,134.56,67.07,21.89,DOHOME,Commerce,310.2000000000003
2021-04-19,192.19,80.74,272.93,111.45,16.68,DOHOME,Commerce,421.65000000000026
2021-04-20,152.21,96.88,249.1,55.33,22.26,DOHOME,Commerce,476.98000000000025
2021-04-21,51.11,24.51,75.62,26.6,17.7,DOHOME,Commerce,503.58000000000027
2021-04-22,50.81,50.34,101.15,0.47,18.31,DOHOME,Commerce,504.0500000000003
2021-04-23,24.23,37.62,61.85,-13.4,15.05,DOHOME,Commerce,490.6500000000003
2021-04-26,13.47,66.01,79.48,-52.54,18.04,DOHOME,Commerce,438.1100000000003
2021-04-27,82.82,37.72,120.54,45.1,13.53,DOHOME,Commerce,483.2100000000003
2021-04-28,46.25,38.67,84.92,7.58,8.04,DOHOME,Commerce,490.7900000000003
2021-04-29,144.15,60.44,204.6,83.71,19.16,DOHOME,Commerce,574.5000000000003
2021-04-30,20.43,31.06,51.49,-10.63,16.73,DOHOME,Commerce,563.8700000000003
2021-05-05,36.07,35.61,71.68,0.46,15.17,DOHOME,Commerce,564.3300000000004
2021-05-06,26.3,10.49,36.79,15.81,17.85,DOHOME,Commerce,580.1400000000003
2021-05-07,8.69,13.96,22.65,-5.27,12.29,DOHOME,Commerce,574.8700000000003
2021-05-10,13.18,40.74,53.92,-27.56,16.18,DOHOME,Commerce,547.3100000000004
2021-05-11,23.67,40.64,64.31,-16.97,12.65,DOHOME,Commerce,530.3400000000004
2021-05-12,20.96,68.27,89.23,-47.31,13.48,DOHOME,Commerce,483.03000000000037
2021-05-13,70.73,50.05,120.78,20.67,17.04,DOHOME,Commerce,503.7000000000004
2021-05-14,32.15,49.24,81.39,-17.09,22.42,DOHOME,Commerce,486.6100000000004
2021-05-17,102.2,159.97,262.17,-57.76,23.71,DOHOME,Commerce,428.8500000000004
2021-05-18,26.82,10.22,37.04,16.6,18.63,DOHOME,Commerce,445.45000000000044
2021-05-19,100.78,52.59,153.37,48.19,13.68,DOHOME,Commerce,493.64000000000044
2021-05-20,60.24,87.16,147.41,-26.92,14.62,DOHOME,Commerce,466.7200000000004
2021-05-21,19.68,41.51,61.19,-21.84,19.72,DOHOME,Commerce,444.88000000000045
2021-05-24,15.16,24.46,39.61,-9.3,13.48,DOHOME,Commerce,435.58000000000044
2021-05-25,34.65,147.16,181.8,-112.51,19.21,DOHOME,Commerce,323.07000000000045
2021-05-27,31.41,36.25,67.65,-4.84,23.69,DOHOME,Commerce,318.2300000000005
2021-05-28,33.12,93.25,126.37,-60.13,18.93,DOHOME,Commerce,258.1000000000005
2021-05-31,32.31,26.78,59.09,5.53,15.35,DOHOME,Commerce,263.63000000000045
2021-06-01,21.98,29.81,51.8,-7.83,18.33,DOHOME,Commerce,255.80000000000044
2021-06-02,7.89,14.52,22.41,-6.63,10.39,DOHOME,Commerce,249.17000000000044
2021-06-04,26.37,28.54,54.92,-2.17,16.33,DOHOME,Commerce,247.00000000000045
2021-06-07,24.65,36.77,61.42,-12.12,17.83,DOHOME,Commerce,234.88000000000045
2021-06-08,8.78,6.85,15.64,1.93,9.92,DOHOME,Commerce,236.81000000000046
2021-06-09,9.18,15.92,25.09,-6.74,14.99,DOHOME,Commerce,230.07000000000045
2021-06-10,13.82,15.5,29.32,-1.68,15.01,DOHOME,Commerce,228.39000000000044
2021-06-11,31.99,20.46,52.45,11.53,17.79,DOHOME,Commerce,239.92000000000044
2021-06-14,33.28,26.18,59.46,7.1,17.0,DOHOME,Commerce,247.02000000000044
2021-06-15,89.0,82.7,171.71,6.3,15.74,DOHOME,Commerce,253.32000000000045
2021-06-16,12.14,39.17,51.31,-27.04,20.0,DOHOME,Commerce,226.28000000000046
2021-06-17,9.05,24.73,33.78,-15.68,16.27,DOHOME,Commerce,210.60000000000045
2021-06-18,13.59,18.48,32.07,-4.89,18.42,DOHOME,Commerce,205.71000000000046
2021-06-21,36.85,35.39,72.24,1.46,16.69,DOHOME,Commerce,207.17000000000047
2021-06-22,63.08,18.17,81.25,44.91,20.51,DOHOME,Commerce,252.08000000000047
2021-06-23,22.14,61.22,83.36,-39.09,28.43,DOHOME,Commerce,212.99000000000046
2021-06-24,39.77,27.8,67.57,11.98,14.87,DOHOME,Commerce,224.97000000000045
2021-06-25,42.26,27.33,69.59,14.93,18.88,DOHOME,Commerce,239.90000000000046
2021-06-28,23.61,10.23,33.84,13.39,25.04,DOHOME,Commerce,253.29000000000048
2021-06-29,12.34,6.36,18.69,5.98,15.71,DOHOME,Commerce,259.2700000000005
2021-06-30,43.31,33.78,77.09,9.53,34.18,DOHOME,Commerce,268.80000000000047
2021-07-01,114.56,28.65,143.22,85.91,21.4,DOHOME,Commerce,354.7100000000005
2021-07-02,202.17,80.94,283.11,121.23,19.11,DOHOME,Commerce,475.9400000000005
2021-07-05,133.44,73.71,207.16,59.73,12.74,DOHOME,Commerce,535.6700000000005
2021-07-06,86.66,85.89,172.55,0.76,18.27,DOHOME,Commerce,536.4300000000005
2021-07-07,53.06,32.27,85.33,20.79,15.77,DOHOME,Commerce,557.2200000000005
2021-07-08,235.21,169.38,404.59,65.83,20.31,DOHOME,Commerce,623.0500000000005
2021-07-09,30.79,89.08,119.86,-58.29,24.14,DOHOME,Commerce,564.7600000000006
2021-07-12,25.56,53.78,79.34,-28.22,30.59,DOHOME,Commerce,536.5400000000005
2021-07-13,22.83,50.97,73.81,-28.14,22.88,DOHOME,Commerce,508.40000000000055
2021-07-14,18.18,44.77,62.95,-26.59,35.28,DOHOME,Commerce,481.81000000000057
2021-07-15,19.58,145.37,164.96,-125.79,29.37,DOHOME,Commerce,356.02000000000055
2021-07-16,21.96,23.85,45.82,-1.89,22.16,DOHOME,Commerce,354.13000000000056
2021-07-19,63.69,12.75,76.44,50.94,20.8,DOHOME,Commerce,405.07000000000056
2021-07-20,16.17,48.46,64.63,-32.29,22.5,DOHOME,Commerce,372.78000000000054
2021-07-21,21.83,23.32,45.15,-1.49,22.27,DOHOME,Commerce,371.29000000000053
2021-07-22,13.54,49.15,62.69,-35.62,10.99,DOHOME,Commerce,335.6700000000005
2021-07-23,8.91,36.28,45.19,-27.37,17.12,DOHOME,Commerce,308.3000000000005
2021-07-27,20.7,67.85,88.54,-47.15,30.73,DOHOME,Commerce,261.15000000000055
2021-07-29,21.36,63.86,85.21,-42.5,24.86,DOHOME,Commerce,218.65000000000055
2021-07-30,19.33,42.03,61.36,-22.69,15.46,DOHOME,Commerce,195.96000000000055
2021-08-02,34.56,38.18,72.73,-3.62,12.42,DOHOME,Commerce,192.34000000000054
2021-08-03,26.53,35.99,62.52,-9.47,18.31,DOHOME,Commerce,182.87000000000054
2021-08-04,11.22,63.87,75.09,-52.65,21.56,DOHOME,Commerce,130.22000000000054
2021-08-05,29.05,100.71,129.75,-71.66,14.4,DOHOME,Commerce,58.56000000000054
2021-08-06,32.46,33.94,66.4,-1.48,18.31,DOHOME,Commerce,57.080000000000545
2021-08-09,31.73,18.57,50.3,13.16,20.05,DOHOME,Commerce,70.24000000000055
2021-08-10,28.96,18.0,46.96,10.96,20.85,DOHOME,Commerce,81.20000000000056
2021-08-11,13.52,32.85,46.37,-19.33,15.74,DOHOME,Commerce,61.87000000000056
2021-08-13,51.49,25.6,77.09,25.89,29.91,DOHOME,Commerce,87.76000000000056
2021-08-16,13.94,20.37,34.31,-6.43,17.54,DOHOME,Commerce,81.33000000000055
2021-08-17,154.79,41.33,196.12,113.45,19.12,DOHOME,Commerce,194.78000000000054
2021-08-18,31.02,87.74,118.76,-56.71,22.77,DOHOME,Commerce,138.07000000000053
2021-08-19,32.39,39.16,71.54,-6.77,10.56,DOHOME,Commerce,131.30000000000052
2021-08-20,36.73,62.75,99.48,-26.02,18.19,DOHOME,Commerce,105.28000000000053
2021-08-23,83.63,21.68,105.31,61.95,17.7,DOHOME,Commerce,167.23000000000053
2021-08-24,49.42,74.57,123.99,-25.14,15.49,DOHOME,Commerce,142.09000000000054
2021-08-25,19.42,47.69,67.11,-28.27,9.35,DOHOME,Commerce,113.82000000000055
2021-08-26,50.71,28.82,79.53,21.89,15.58,DOHOME,Commerce,135.71000000000055
2021-08-27,77.45,39.08,116.52,38.37,24.42,DOHOME,Commerce,174.08000000000055
2021-08-30,50.15,6.92,57.07,43.23,17.43,DOHOME,Commerce,217.31000000000054
2021-08-31,41.01,26.76,67.77,14.25,26.43,DOHOME,Commerce,231.56000000000054
2021-09-01,71.91,59.22,131.12,12.69,32.22,DOHOME,Commerce,244.25000000000054
2021-09-02,44.78,17.42,62.19,27.36,17.85,DOHOME,Commerce,271.6100000000005
2021-09-03,22.97,40.32,63.29,-17.36,22.53,DOHOME,Commerce,254.2500000000005
2021-09-06,9.87,76.47,86.34,-66.6,22.61,DOHOME,Commerce,187.65000000000052
2021-09-07,37.95,117.01,154.96,-79.05,10.11,DOHOME,Commerce,108.60000000000052
2021-09-08,59.35,81.58,140.93,-22.23,14.82,DOHOME,Commerce,86.37000000000052
2021-09-09,48.87,39.63,88.51,9.24,20.16,DOHOME,Commerce,95.61000000000051
2021-09-10,92.7,32.43,125.12,60.27,18.91,DOHOME,Commerce,155.8800000000005
2021-09-13,39.79,16.05,55.84,23.74,15.78,DOHOME,Commerce,179.62000000000052
2021-09-14,13.66,14.57,28.22,-0.91,14.42,DOHOME,Commerce,178.71000000000052
2021-09-15,31.31,57.81,89.12,-26.49,22.16,DOHOME,Commerce,152.2200000000005
2021-09-16,17.73,32.09,49.82,-14.36,27.45,DOHOME,Commerce,137.86000000000053
2021-09-17,55.96,35.51,91.46,20.45,36.55,DOHOME,Commerce,158.3100000000005
2021-09-20,20.95,37.11,58.06,-16.15,12.57,DOHOME,Commerce,142.1600000000005
2021-09-21,26.51,44.45,70.96,-17.94,18.15,DOHOME,Commerce,124.22000000000051
2021-09-22,11.89,18.72,30.62,-6.83,21.82,DOHOME,Commerce,117.39000000000051
2021-09-23,8.39,25.98,34.37,-17.6,13.19,DOHOME,Commerce,99.7900000000005
2021-09-27,46.71,98.05,144.76,-51.34,15.11,DOHOME,Commerce,48.4500000000005
2021-09-28,43.04,26.21,69.25,16.83,12.42,DOHOME,Commerce,65.2800000000005
2021-09-29,74.83,46.57,121.4,28.25,19.25,DOHOME,Commerce,93.5300000000005
2021-09-30,33.06,62.32,95.37,-29.26,26.55,DOHOME,Commerce,64.2700000000005
2021-10-01,23.9,15.46,39.35,8.44,15.0,DOHOME,Commerce,72.71000000000049
2021-10-04,21.08,17.54,38.62,3.54,13.97,DOHOME,Commerce,76.2500000000005
2021-10-05,23.82,20.44,44.26,3.38,16.45,DOHOME,Commerce,79.63000000000049
2021-10-06,41.63,12.24,53.87,29.38,24.9,DOHOME,Commerce,109.01000000000049
2021-10-07,140.55,54.87,195.42,85.68,18.02,DOHOME,Commerce,194.6900000000005
2021-10-08,12.69,54.96,67.66,-42.27,15.55,DOHOME,Commerce,152.4200000000005
2021-10-11,5.27,48.79,54.07,-43.52,19.51,DOHOME,Commerce,108.90000000000049
2021-10-12,15.7,40.69,56.39,-24.99,16.4,DOHOME,Commerce,83.9100000000005
2021-10-14,5.86,28.54,34.41,-22.68,16.05,DOHOME,Commerce,61.230000000000494
2021-10-15,26.82,61.12,87.95,-34.3,18.03,DOHOME,Commerce,26.930000000000497
2021-10-18,15.7,26.97,42.68,-11.27,16.19,DOHOME,Commerce,15.660000000000498
2021-10-19,58.43,21.17,79.6,37.26,22.13,DOHOME,Commerce,52.9200000000005
2021-10-20,101.81,28.8,130.61,73.01,21.34,DOHOME,Commerce,125.9300000000005
2021-10-21,17.59,51.56,69.16,-33.97,24.38,DOHOME,Commerce,91.9600000000005
2021-10-25,35.07,107.87,142.94,-72.8,18.02,DOHOME,Commerce,19.160000000000508
2021-10-26,28.42,11.49,39.92,16.93,6.59,DOHOME,Commerce,36.09000000000051
2021-10-27,36.84,37.54,74.38,-0.7,7.86,DOHOME,Commerce,35.390000000000505
2021-10-28,21.07,24.74,45.81,-3.67,10.29,DOHOME,Commerce,31.720000000000503
2021-10-29,12.56,18.03,30.58,-5.47,13.48,DOHOME,Commerce,26.250000000000504
2021-11-01,6.56,17.89,24.45,-11.33,12.78,DOHOME,Commerce,14.920000000000504
2021-11-02,12.8,17.29,30.09,-4.49,16.71,DOHOME,Commerce,10.430000000000504
2021-11-03,14.45,23.56,38.01,-9.11,13.52,DOHOME,Commerce,1.3200000000005048
2021-11-04,39.65,12.09,51.73,27.56,11.85,DOHOME,Commerce,28.880000000000503
2021-11-05,49.34,13.4,62.74,35.94,17.07,DOHOME,Commerce,64.8200000000005
2021-11-08,20.72,36.55,57.27,-15.83,13.74,DOHOME,Commerce,48.99000000000051
2021-11-09,73.37,10.79,84.16,62.58,16.78,DOHOME,Commerce,111.5700000000005
2021-11-10,43.91,65.76,109.67,-21.86,17.96,DOHOME,Commerce,89.7100000000005
2021-11-11,36.83,10.55,47.38,26.28,16.75,DOHOME,Commerce,115.9900000000005
2021-11-12,43.05,21.69,64.74,21.37,23.59,DOHOME,Commerce,137.3600000000005
2021-11-15,11.12,11.87,22.99,-0.75,18.06,DOHOME,Commerce,136.6100000000005
2021-11-16,263.43,485.71,749.14,-222.29,33.42,DOHOME,Commerce,-85.6799999999995
2021-11-17,23.73,71.67,95.4,-47.95,17.49,DOHOME,Commerce,-133.62999999999948
2021-11-18,56.47,34.92,91.4,21.55,19.56,DOHOME,Commerce,-112.07999999999949
2021-11-19,13.59,51.15,64.74,-37.56,24.45,DOHOME,Commerce,-149.63999999999947
2021-11-22,11.65,27.1,38.76,-15.45,15.18,DOHOME,Commerce,-165.08999999999946
2021-11-23,5.48,22.18,27.66,-16.69,10.71,DOHOME,Commerce,-181.77999999999946
2021-11-24,9.63,32.2,41.83,-22.58,23.53,DOHOME,Commerce,-204.35999999999945
2021-11-25,3.58,21.75,25.33,-18.18,19.22,DOHOME,Commerce,-222.53999999999945
2021-11-26,28.19,47.3,75.49,-19.11,15.85,DOHOME,Commerce,-241.64999999999947
2021-11-29,22.07,89.73,111.8,-67.66,17.59,DOHOME,Commerce,-309.3099999999995
2021-11-30,17.63,37.22,54.85,-19.59,17.95,DOHOME,Commerce,-328.89999999999947
2021-12-01,27.59,29.5,57.08,-1.91,16.1,DOHOME,Commerce,-330.8099999999995
2021-12-02,13.85,31.76,45.61,-17.91,16.98,DOHOME,Commerce,-348.7199999999995
2021-12-03,12.36,7.73,20.09,4.63,13.11,DOHOME,Commerce,-344.0899999999995
2021-12-07,42.52,9.09,51.61,33.44,20.03,DOHOME,Commerce,-310.6499999999995
2021-12-08,45.92,7.71,53.62,38.21,14.27,DOHOME,Commerce,-272.43999999999954
2021-12-09,15.43,20.91,36.34,-5.49,16.67,DOHOME,Commerce,-277.92999999999955
2021-12-13,97.69,46.54,144.23,51.15,25.62,DOHOME,Commerce,-226.77999999999955
2021-12-14,46.85,24.12,70.96,22.73,16.8,DOHOME,Commerce,-204.04999999999956
2021-12-15,5.84,27.41,33.25,-21.58,20.88,DOHOME,Commerce,-225.62999999999954
2021-12-16,15.5,24.37,39.87,-8.86,19.28,DOHOME,Commerce,-234.48999999999955
2021-12-17,53.39,17.34,70.73,36.05,24.16,DOHOME,Commerce,-198.43999999999954
2021-12-20,32.09,109.23,141.32,-77.14,23.99,DOHOME,Commerce,-275.57999999999953
2021-12-21,66.87,44.52,111.38,22.35,29.8,DOHOME,Commerce,-253.22999999999954
2021-12-22,47.62,8.3,55.93,39.32,25.87,DOHOME,Commerce,-213.90999999999954
2021-12-23,6.19,6.43,12.62,-0.24,20.18,DOHOME,Commerce,-214.14999999999955
2021-12-24,3.59,21.82,25.41,-18.23,16.03,DOHOME,Commerce,-232.37999999999954
2021-12-27,5.03,30.06,35.09,-25.02,23.74,DOHOME,Commerce,-257.3999999999995
2021-12-28,16.28,51.84,68.12,-35.56,29.47,DOHOME,Commerce,-292.9599999999995
2021-12-29,18.47,23.72,42.19,-5.25,20.64,DOHOME,Commerce,-298.2099999999995
2021-12-30,68.77,56.34,125.11,12.43,52.68,DOHOME,Commerce,-285.7799999999995
2022-01-04,12.31,21.49,33.8,-9.18,12.22,DOHOME,Commerce,-294.9599999999995
2022-01-05,4.67,31.57,36.23,-26.9,9.36,DOHOME,Commerce,-321.8599999999995
2022-01-06,10.37,16.41,26.79,-6.04,8.34,DOHOME,Commerce,-327.8999999999995
2022-01-07,6.68,14.53,21.21,-7.85,20.24,DOHOME,Commerce,-335.74999999999955
2022-01-10,50.93,64.21,115.14,-13.28,19.24,DOHOME,Commerce,-349.0299999999995
2022-01-11,29.93,15.98,45.91,13.95,20.73,DOHOME,Commerce,-335.07999999999953
2022-01-12,22.28,17.58,39.85,4.7,14.65,DOHOME,Commerce,-330.37999999999954
2022-01-13,40.34,11.67,52.01,28.66,23.56,DOHOME,Commerce,-301.7199999999995
2022-01-14,23.7,27.88,51.58,-4.18,9.74,DOHOME,Commerce,-305.8999999999995
2022-01-17,24.18,15.48,39.67,8.7,14.49,DOHOME,Commerce,-297.19999999999953
2022-01-18,8.58,29.1,37.69,-20.52,14.8,DOHOME,Commerce,-317.7199999999995
2022-01-19,15.93,31.8,47.73,-15.86,16.96,DOHOME,Commerce,-333.57999999999953
2022-01-20,8.17,26.73,34.9,-18.56,9.74,DOHOME,Commerce,-352.13999999999953
2022-01-21,3.2,19.8,23.0,-16.6,15.65,DOHOME,Commerce,-368.73999999999955
2022-01-24,26.1,20.81,46.92,5.29,11.1,DOHOME,Commerce,-363.44999999999953
2022-01-25,25.72,16.8,42.52,8.93,12.76,DOHOME,Commerce,-354.5199999999995
2022-01-26,3.44,19.42,22.86,-15.97,14.35,DOHOME,Commerce,-370.48999999999955
2022-01-27,13.39,11.13,24.51,2.26,9.42,DOHOME,Commerce,-368.22999999999956
2022-01-28,21.96,17.37,39.34,4.59,17.22,DOHOME,Commerce,-363.6399999999996
2022-01-31,8.57,5.31,13.89,3.26,19.52,DOHOME,Commerce,-360.3799999999996
2022-02-01,24.12,5.97,30.1,18.15,14.04,DOHOME,Commerce,-342.2299999999996
2022-02-02,12.1,5.99,18.09,6.11,13.3,DOHOME,Commerce,-336.1199999999996
2022-02-03,1.34,6.26,7.6,-4.92,8.03,DOHOME,Commerce,-341.0399999999996
2022-02-04,2.31,4.26,6.57,-1.95,8.91,DOHOME,Commerce,-342.9899999999996
2022-02-07,10.21,3.67,13.88,6.53,11.03,DOHOME,Commerce,-336.45999999999964
2022-02-08,7.16,5.25,12.4,1.91,16.29,DOHOME,Commerce,-334.5499999999996
2022-02-09,15.46,6.77,22.22,8.69,11.07,DOHOME,Commerce,-325.8599999999996
2022-02-10,23.27,9.19,32.46,14.08,12.93,DOHOME,Commerce,-311.77999999999963
2022-02-11,7.68,15.03,22.71,-7.35,11.54,DOHOME,Commerce,-319.12999999999965
2022-02-14,4.78,16.24,21.02,-11.47,10.16,DOHOME,Commerce,-330.5999999999997
2022-02-15,65.2,33.31,98.51,31.89,15.83,DOHOME,Commerce,-298.7099999999997
2022-02-17,24.2,24.95,49.16,-0.75,16.06,DOHOME,Commerce,-299.4599999999997
2022-02-18,105.21,64.78,169.99,40.43,13.39,DOHOME,Commerce,-259.0299999999997
2022-02-21,237.95,150.31,388.26,87.64,19.29,DOHOME,Commerce,-171.3899999999997
2022-02-22,62.46,65.34,127.8,-2.88,18.17,DOHOME,Commerce,-174.2699999999997
2022-02-23,53.25,35.77,89.02,17.47,20.02,DOHOME,Commerce,-156.7999999999997
2022-02-24,38.6,58.68,97.28,-20.07,13.85,DOHOME,Commerce,-176.8699999999997
2022-02-25,74.53,32.23,106.76,42.3,15.06,DOHOME,Commerce,-134.5699999999997
2022-02-28,34.86,67.74,102.6,-32.88,18.37,DOHOME,Commerce,-167.4499999999997
2022-03-01,56.73,25.17,81.9,31.56,16.91,DOHOME,Commerce,-135.8899999999997
2022-03-02,12.98,29.48,42.46,-16.49,14.78,DOHOME,Commerce,-152.3799999999997
2022-03-03,112.3,152.66,264.96,-40.35,14.36,DOHOME,Commerce,-192.7299999999997
2022-03-04,72.88,73.59,146.47,-0.71,8.71,DOHOME,Commerce,-193.4399999999997
2022-03-07,12.91,61.55,74.46,-48.65,10.7,DOHOME,Commerce,-242.08999999999972
2022-03-08,26.42,49.74,76.16,-23.32,11.68,DOHOME,Commerce,-265.40999999999974
2022-03-09,62.67,99.73,162.4,-37.06,9.71,DOHOME,Commerce,-302.46999999999974
2022-03-10,42.05,42.98,85.03,-0.94,11.0,DOHOME,Commerce,-303.40999999999974
2022-03-11,27.83,43.13,70.96,-15.3,16.7,DOHOME,Commerce,-318.70999999999975
2022-03-14,4.75,33.55,38.3,-28.79,16.19,DOHOME,Commerce,-347.4999999999998
2022-03-15,10.77,9.4,20.17,1.36,7.65,DOHOME,Commerce,-346.13999999999976
2022-03-16,19.87,17.66,37.53,2.21,8.55,DOHOME,Commerce,-343.9299999999998
2022-03-17,34.7,18.51,53.21,16.18,17.6,DOHOME,Commerce,-327.7499999999998
2022-03-18,15.4,26.37,41.77,-10.97,9.84,DOHOME,Commerce,-338.7199999999998
2022-03-21,26.94,21.41,48.35,5.53,11.86,DOHOME,Commerce,-333.1899999999998
2022-03-22,9.3,7.59,16.89,1.7,11.15,DOHOME,Commerce,-331.48999999999984
2022-03-23,28.79,9.13,37.92,19.65,6.61,DOHOME,Commerce,-311.83999999999986
2022-03-24,82.37,15.0,97.38,67.37,12.45,DOHOME,Commerce,-244.46999999999986
2022-03-25,40.59,24.94,65.53,15.65,22.11,DOHOME,Commerce,-228.81999999999985
2022-03-28,19.83,5.41,25.24,14.42,14.87,DOHOME,Commerce,-214.39999999999986
2022-03-29,34.79,19.98,54.76,14.81,17.43,DOHOME,Commerce,-199.58999999999986
2022-03-30,29.4,22.21,51.62,7.19,19.85,DOHOME,Commerce,-192.39999999999986
2022-03-31,28.8,30.45,59.25,-1.65,20.57,DOHOME,Commerce,-194.04999999999987
2022-04-01,10.71,19.92,30.63,-9.22,21.88,DOHOME,Commerce,-203.26999999999987
2022-04-04,5.97,10.71,16.68,-4.74,16.04,DOHOME,Commerce,-208.00999999999988
2022-04-05,9.41,15.27,24.68,-5.86,14.01,DOHOME,Commerce,-213.8699999999999
2022-04-07,46.41,24.26,70.66,22.15,25.89,DOHOME,Commerce,-191.71999999999989
2022-04-08,21.05,18.29,39.34,2.76,17.94,DOHOME,Commerce,-188.9599999999999
2022-04-11,14.72,10.99,25.7,3.73,20.54,DOHOME,Commerce,-185.2299999999999
2022-04-12,14.92,10.67,25.59,4.25,16.08,DOHOME,Commerce,-180.9799999999999
2022-04-18,9.84,2.85,12.69,6.99,17.41,DOHOME,Commerce,-173.9899999999999
2022-04-19,20.45,15.58,36.03,4.86,12.29,DOHOME,Commerce,-169.12999999999988
2022-04-20,13.36,25.37,38.74,-12.01,14.05,DOHOME,Commerce,-181.13999999999987
2022-04-21,11.53,9.02,20.55,2.51,18.45,DOHOME,Commerce,-178.62999999999988
2022-04-22,26.19,16.3,42.49,9.89,9.02,DOHOME,Commerce,-168.7399999999999
2022-04-25,47.75,17.58,65.32,30.17,15.59,DOHOME,Commerce,-138.56999999999988
2022-04-26,22.2,12.38,34.58,9.83,23.91,DOHOME,Commerce,-128.73999999999987
2022-04-27,10.87,19.04,29.91,-8.17,23.01,DOHOME,Commerce,-136.90999999999985
2022-04-28,18.27,49.99,68.26,-31.72,12.14,DOHOME,Commerce,-168.62999999999985
2022-04-29,19.02,19.28,38.3,-0.26,20.68,DOHOME,Commerce,-168.88999999999984
2022-05-03,43.41,23.81,67.22,19.6,23.15,DOHOME,Commerce,-149.28999999999985
2022-05-05,11.12,26.51,37.63,-15.39,11.98,DOHOME,Commerce,-164.67999999999984
2022-05-06,55.18,25.25,80.42,29.93,14.5,DOHOME,Commerce,-134.74999999999983
2022-05-09,12.77,13.23,26.0,-0.46,16.53,DOHOME,Commerce,-135.20999999999984
2022-05-10,25.75,16.63,42.38,9.12,12.88,DOHOME,Commerce,-126.08999999999983
2022-05-11,11.6,15.1,26.7,-3.49,13.1,DOHOME,Commerce,-129.57999999999984
2022-05-12,11.43,14.55,25.98,-3.11,10.95,DOHOME,Commerce,-132.68999999999986
2022-05-13,19.14,10.26,29.41,8.88,20.73,DOHOME,Commerce,-123.80999999999986
2022-05-17,11.4,8.94,20.34,2.47,10.94,DOHOME,Commerce,-121.33999999999986
2022-05-18,7.85,8.78,16.63,-0.93,11.2,DOHOME,Commerce,-122.26999999999987
2022-05-19,12.6,11.82,24.43,0.78,14.66,DOHOME,Commerce,-121.48999999999987
2022-05-20,6.69,10.89,17.58,-4.2,8.39,DOHOME,Commerce,-125.68999999999987
2022-05-23,8.44,21.54,29.98,-13.09,10.73,DOHOME,Commerce,-138.77999999999986
2022-05-24,9.54,20.72,30.25,-11.18,18.19,DOHOME,Commerce,-149.95999999999987
2022-05-25,19.63,25.44,45.07,-5.81,13.04,DOHOME,Commerce,-155.76999999999987
2022-05-26,39.61,37.18,76.79,2.42,17.41,DOHOME,Commerce,-153.34999999999988
2022-05-27,29.29,19.62,48.91,9.67,15.48,DOHOME,Commerce,-143.6799999999999
2022-05-30,21.14,28.08,49.21,-6.94,18.29,DOHOME,Commerce,-150.6199999999999
2022-05-31,40.95,33.21,74.16,7.73,26.08,DOHOME,Commerce,-142.8899999999999
2022-06-01,2.4,12.16,14.55,-9.76,11.67,DOHOME,Commerce,-152.6499999999999
2022-06-02,2.59,13.43,16.02,-10.84,13.92,DOHOME,Commerce,-163.4899999999999
2022-06-06,9.94,17.52,27.46,-7.58,13.96,DOHOME,Commerce,-171.0699999999999
2022-06-07,4.0,12.74,16.73,-8.74,11.97,DOHOME,Commerce,-179.80999999999992
2022-06-08,7.02,10.94,17.96,-3.92,14.6,DOHOME,Commerce,-183.7299999999999
2022-06-09,5.57,11.78,17.35,-6.21,12.94,DOHOME,Commerce,-189.9399999999999
2022-06-10,1.34,7.84,9.18,-6.51,14.33,DOHOME,Commerce,-196.4499999999999
2022-06-13,28.01,19.71,47.72,8.3,12.41,DOHOME,Commerce,-188.1499999999999
2022-06-14,7.44,14.16,21.59,-6.72,16.08,DOHOME,Commerce,-194.8699999999999
2022-06-15,23.62,22.38,46.01,1.24,10.45,DOHOME,Commerce,-193.62999999999988
2022-06-16,47.68,23.15,70.83,24.53,16.9,DOHOME,Commerce,-169.09999999999988
2022-06-17,35.2,26.57,61.77,8.63,15.62,DOHOME,Commerce,-160.46999999999989
2022-06-20,26.05,21.51,47.56,4.54,16.69,DOHOME,Commerce,-155.9299999999999
2022-06-21,17.86,16.24,34.1,1.62,17.87,DOHOME,Commerce,-154.3099999999999
2022-06-22,3.31,11.64,14.95,-8.34,11.7,DOHOME,Commerce,-162.6499999999999
2022-06-23,5.23,5.74,10.97,-0.51,14.76,DOHOME,Commerce,-163.15999999999988
2022-06-24,15.2,8.39,23.59,6.81,19.28,DOHOME,Commerce,-156.34999999999988
2022-06-27,9.19,13.41,22.6,-4.23,14.04,DOHOME,Commerce,-160.57999999999987
2022-06-28,5.21,8.83,14.04,-3.62,15.21,DOHOME,Commerce,-164.19999999999987
2022-06-29,10.31,17.32,27.63,-7.02,13.11,DOHOME,Commerce,-171.21999999999989
2022-06-30,15.93,41.91,57.84,-25.98,7.1,DOHOME,Commerce,-197.19999999999987
2022-07-01,35.91,27.73,63.64,8.18,11.6,DOHOME,Commerce,-189.01999999999987
2022-07-04,17.63,19.03,36.65,-1.4,18.75,DOHOME,Commerce,-190.41999999999987
2022-07-05,40.81,32.46,73.27,8.35,18.81,DOHOME,Commerce,-182.06999999999988
2022-07-06,44.23,36.95,81.18,7.29,20.25,DOHOME,Commerce,-174.7799999999999
2022-07-07,15.1,8.77,23.87,6.33,12.05,DOHOME,Commerce,-168.44999999999987
2022-07-08,16.3,17.45,33.75,-1.15,14.59,DOHOME,Commerce,-169.59999999999988
2022-07-11,36.28,5.09,41.37,31.2,17.24,DOHOME,Commerce,-138.3999999999999
2022-07-12,30.79,11.79,42.59,19.0,22.65,DOHOME,Commerce,-119.39999999999989
2022-07-14,16.3,8.12,24.42,8.18,20.48,DOHOME,Commerce,-111.21999999999989
2022-07-15,33.65,24.37,58.02,9.28,17.42,DOHOME,Commerce,-101.93999999999988
2022-07-18,30.5,21.94,52.44,8.56,8.49,DOHOME,Commerce,-93.37999999999988
2022-07-19,45.25,17.15,62.39,28.1,17.98,DOHOME,Commerce,-65.27999999999989
2022-07-20,32.29,11.19,43.48,21.1,16.66,DOHOME,Commerce,-44.179999999999886
2022-07-21,62.41,26.24,88.65,36.17,21.55,DOHOME,Commerce,-8.009999999999884
2022-07-22,20.24,15.81,36.05,4.43,17.11,DOHOME,Commerce,-3.5799999999998846
2022-07-25,25.15,22.06,47.22,3.09,17.37,DOHOME,Commerce,-0.48999999999988475
2022-07-26,5.61,16.64,22.25,-11.03,16.54,DOHOME,Commerce,-11.519999999999884
2022-07-27,20.86,46.58,67.45,-25.72,17.7,DOHOME,Commerce,-37.23999999999988
2022-08-01,22.82,28.87,51.69,-6.05,15.71,DOHOME,Commerce,-43.28999999999988
2022-08-02,24.3,21.38,45.68,2.91,12.0,DOHOME,Commerce,-40.37999999999988
2022-08-03,10.53,11.4,21.93,-0.86,11.55,DOHOME,Commerce,-41.23999999999988
2022-08-04,11.31,11.38,22.68,-0.07,19.36,DOHOME,Commerce,-41.30999999999988
2022-08-05,9.83,12.76,22.59,-2.92,18.79,DOHOME,Commerce,-44.22999999999988
2022-08-08,15.97,33.23,49.2,-17.25,18.81,DOHOME,Commerce,-61.47999999999988
2022-08-09,8.82,26.98,35.8,-18.15,29.24,DOHOME,Commerce,-79.62999999999988
2022-08-10,8.8,20.43,29.23,-11.63,18.49,DOHOME,Commerce,-91.25999999999988
2022-08-11,11.68,12.94,24.62,-1.26,18.35,DOHOME,Commerce,-92.51999999999988
2022-08-15,25.56,24.44,50.0,1.12,15.65,DOHOME,Commerce,-91.39999999999988
2022-08-16,27.44,25.27,52.71,2.17,14.41,DOHOME,Commerce,-89.22999999999988
2022-08-17,41.69,45.76,87.45,-4.07,17.83,DOHOME,Commerce,-93.29999999999987
2022-08-18,18.47,34.59,53.05,-16.12,12.63,DOHOME,Commerce,-109.41999999999987
2022-08-19,13.22,21.07,34.29,-7.85,16.48,DOHOME,Commerce,-117.26999999999987
2022-08-22,5.85,25.54,31.39,-19.69,13.32,DOHOME,Commerce,-136.95999999999987
2022-08-23,19.76,24.82,44.58,-5.07,11.32,DOHOME,Commerce,-142.02999999999986
2022-08-24,29.05,48.79,77.85,-19.74,9.87,DOHOME,Commerce,-161.76999999999987
2022-08-25,37.28,79.59,116.88,-42.31,9.27,DOHOME,Commerce,-204.07999999999987
2022-08-26,37.14,48.11,85.24,-10.97,15.27,DOHOME,Commerce,-215.04999999999987
2022-08-29,31.84,53.55,85.39,-21.71,12.39,DOHOME,Commerce,-236.75999999999988
2022-08-30,16.72,29.03,45.75,-12.31,15.13,DOHOME,Commerce,-249.06999999999988
2022-08-31,23.94,41.46,65.4,-17.52,5.97,DOHOME,Commerce,-266.58999999999986
2022-09-01,20.26,22.68,42.94,-2.42,8.26,DOHOME,Commerce,-269.0099999999999
2022-09-02,11.22,8.92,20.14,2.3,10.63,DOHOME,Commerce,-266.70999999999987
2022-09-05,9.15,21.99,31.15,-12.84,9.86,DOHOME,Commerce,-279.54999999999984
2022-09-06,13.44,8.46,21.9,4.98,7.13,DOHOME,Commerce,-274.5699999999998
2022-09-07,7.83,8.3,16.12,-0.47,8.06,DOHOME,Commerce,-275.03999999999985
2022-09-08,9.33,14.7,24.03,-5.37,9.56,DOHOME,Commerce,-280.40999999999985
2022-09-09,7.28,6.66,13.94,0.61,6.39,DOHOME,Commerce,-279.79999999999984
2022-09-12,63.77,27.0,90.77,36.77,7.14,DOHOME,Commerce,-243.02999999999983
2022-09-13,36.29,44.1,80.39,-7.81,7.87,DOHOME,Commerce,-250.83999999999983
2022-09-14,15.22,20.84,36.06,-5.62,7.25,DOHOME,Commerce,-256.4599999999998
2022-09-15,12.78,23.74,36.52,-10.96,9.03,DOHOME,Commerce,-267.4199999999998
2022-09-16,9.72,17.83,27.55,-8.12,7.06,DOHOME,Commerce,-275.5399999999998
2022-09-19,4.8,8.18,12.98,-3.37,8.95,DOHOME,Commerce,-278.9099999999998
2022-09-20,4.4,12.31,16.71,-7.92,11.19,DOHOME,Commerce,-286.8299999999998
2022-09-21,15.63,14.44,30.07,1.19,8.23,DOHOME,Commerce,-285.6399999999998
2022-09-22,13.57,3.03,16.59,10.54,7.25,DOHOME,Commerce,-275.0999999999998
2022-09-23,7.17,12.23,19.4,-5.06,8.02,DOHOME,Commerce,-280.1599999999998
2022-09-26,14.79,13.95,28.73,0.84,4.97,DOHOME,Commerce,-279.3199999999998
2022-09-27,32.47,20.89,53.36,11.59,20.24,DOHOME,Commerce,-267.72999999999985
2022-09-28,25.54,24.69,50.23,0.85,17.92,DOHOME,Commerce,-266.8799999999998
2022-09-29,53.28,41.04,94.32,12.23,15.84,DOHOME,Commerce,-254.64999999999984
2022-09-30,17.42,12.72,30.14,4.69,14.25,DOHOME,Commerce,-249.95999999999984
2022-10-03,23.13,22.82,45.96,0.31,9.14,DOHOME,Commerce,-249.64999999999984
2022-10-04,15.13,14.57,29.7,0.56,15.97,DOHOME,Commerce,-249.08999999999983
2022-10-05,22.77,16.9,39.67,5.87,25.26,DOHOME,Commerce,-243.21999999999983
2022-10-06,24.72,13.34,38.06,11.38,14.99,DOHOME,Commerce,-231.83999999999983
2022-10-07,16.6,15.07,31.67,1.53,17.11,DOHOME,Commerce,-230.30999999999983
2022-10-10,44.45,41.27,85.72,3.19,16.05,DOHOME,Commerce,-227.11999999999983
2022-10-11,34.13,17.95,52.08,16.18,22.53,DOHOME,Commerce,-210.93999999999983
2022-10-12,18.41,7.39,25.8,11.02,15.75,DOHOME,Commerce,-199.91999999999982
2022-10-17,40.44,20.7,61.14,19.74,19.12,DOHOME,Commerce,-180.1799999999998
2022-10-18,68.52,22.96,91.48,45.56,23.13,DOHOME,Commerce,-134.6199999999998
2022-10-19,11.14,22.09,33.23,-10.95,16.34,DOHOME,Commerce,-145.5699999999998
2022-10-20,21.05,21.48,42.54,-0.43,10.67,DOHOME,Commerce,-145.9999999999998
2022-10-21,6.91,18.23,25.14,-11.32,14.21,DOHOME,Commerce,-157.3199999999998
2022-10-25,14.51,18.89,33.4,-4.38,16.36,DOHOME,Commerce,-161.6999999999998
2022-10-26,53.8,34.2,88.0,19.6,16.08,DOHOME,Commerce,-142.0999999999998
2022-10-27,50.86,35.53,86.39,15.33,15.05,DOHOME,Commerce,-126.7699999999998
2022-10-28,12.19,30.3,42.5,-18.11,18.39,DOHOME,Commerce,-144.8799999999998
2022-10-31,26.97,16.41,43.38,10.56,15.93,DOHOME,Commerce,-134.3199999999998
2022-11-01,63.2,14.97,78.17,48.23,15.23,DOHOME,Commerce,-86.0899999999998
2022-11-02,9.6,20.46,30.06,-10.86,14.09,DOHOME,Commerce,-96.9499999999998
2022-11-03,13.85,25.91,39.76,-12.06,19.81,DOHOME,Commerce,-109.0099999999998
2022-11-04,27.23,15.97,43.2,11.26,13.39,DOHOME,Commerce,-97.7499999999998
2022-11-07,5.59,43.04,48.62,-37.45,18.03,DOHOME,Commerce,-135.19999999999982
2022-11-08,168.36,88.06,256.41,80.3,18.73,DOHOME,Commerce,-54.89999999999982
2022-11-09,30.91,96.92,127.83,-66.0,19.14,DOHOME,Commerce,-120.89999999999982
2022-11-10,16.25,17.51,33.76,-1.26,15.45,DOHOME,Commerce,-122.15999999999983
2022-11-11,52.63,44.54,97.17,8.09,23.16,DOHOME,Commerce,-114.06999999999982
2022-11-14,56.53,60.43,116.96,-3.9,15.65,DOHOME,Commerce,-117.96999999999983
2022-11-15,45.65,50.43,96.08,-4.78,20.6,DOHOME,Commerce,-122.74999999999983
2022-11-16,20.61,52.2,72.8,-31.59,21.38,DOHOME,Commerce,-154.33999999999983
2022-11-17,30.23,48.07,78.29,-17.84,15.06,DOHOME,Commerce,-172.17999999999984
2022-11-18,32.26,66.02,98.29,-33.76,20.84,DOHOME,Commerce,-205.93999999999983
2022-11-21,71.32,44.39,115.7,26.93,19.14,DOHOME,Commerce,-179.00999999999982
2022-11-22,14.23,35.77,50.0,-21.55,13.63,DOHOME,Commerce,-200.55999999999983
2022-11-23,11.84,33.07,44.91,-21.23,14.32,DOHOME,Commerce,-221.78999999999982
2022-11-24,10.58,36.11,46.69,-25.53,20.08,DOHOME,Commerce,-247.31999999999982
2022-11-25,15.05,70.77,85.82,-55.72,35.45,DOHOME,Commerce,-303.03999999999985
2022-11-28,7.39,7.39,14.78,-0.0,15.91,DOHOME,Commerce,-303.03999999999985
2022-11-29,28.57,28.34,56.92,0.23,12.59,DOHOME,Commerce,-302.80999999999983
2022-11-30,41.9,12.84,54.74,29.06,19.56,DOHOME,Commerce,-273.74999999999983
2022-12-01,22.38,19.87,42.26,2.51,12.79,DOHOME,Commerce,-271.23999999999984
2022-12-02,7.32,8.26,15.58,-0.93,16.28,DOHOME,Commerce,-272.16999999999985
2022-12-06,19.9,20.85,40.75,-0.95,16.51,DOHOME,Commerce,-273.11999999999983
2022-12-07,20.89,23.81,44.71,-2.92,12.62,DOHOME,Commerce,-276.03999999999985
2022-12-08,13.73,6.87,20.6,6.86,12.32,DOHOME,Commerce,-269.17999999999984
2022-12-09,36.46,26.04,62.49,10.42,19.07,DOHOME,Commerce,-258.7599999999998
2022-12-13,18.75,14.04,32.79,4.71,10.58,DOHOME,Commerce,-254.0499999999998
2022-12-14,16.89,9.0,25.89,7.89,18.72,DOHOME,Commerce,-246.15999999999983
2022-12-15,11.88,37.07,48.95,-25.18,14.29,DOHOME,Commerce,-271.3399999999998
2022-12-16,20.15,12.25,32.39,7.9,17.22,DOHOME,Commerce,-263.4399999999998
2022-12-19,24.4,10.54,34.94,13.87,14.43,DOHOME,Commerce,-249.56999999999982
2022-12-20,21.56,39.33,60.89,-17.77,14.43,DOHOME,Commerce,-267.3399999999998
2022-12-21,21.42,17.11,38.53,4.31,15.97,DOHOME,Commerce,-263.0299999999998
2022-12-22,59.96,12.9,72.85,47.06,13.94,DOHOME,Commerce,-215.9699999999998
2022-12-23,15.23,28.4,43.63,-13.16,12.72,DOHOME,Commerce,-229.1299999999998
2022-12-26,12.87,33.29,46.17,-20.42,14.48,DOHOME,Commerce,-249.54999999999978
2022-12-27,21.08,12.91,33.99,8.17,13.02,DOHOME,Commerce,-241.3799999999998
2022-12-28,15.71,9.23,24.94,6.48,8.68,DOHOME,Commerce,-234.8999999999998
2022-12-29,16.55,16.2,32.75,0.35,16.04,DOHOME,Commerce,-234.5499999999998
2022-12-30,16.46,13.26,29.73,3.2,9.01,DOHOME,Commerce,-231.34999999999982
2023-01-03,16.88,20.49,37.37,-3.62,14.9,DOHOME,Commerce,-234.96999999999983
2023-01-04,21.53,23.99,45.52,-2.46,9.36,DOHOME,Commerce,-237.42999999999984
2023-01-05,25.16,22.17,47.33,2.99,11.55,DOHOME,Commerce,-234.43999999999983
2023-01-06,50.78,21.05,71.83,29.73,18.1,DOHOME,Commerce,-204.70999999999984
2023-01-09,76.25,34.06,110.31,42.2,14.13,DOHOME,Commerce,-162.50999999999982
2023-01-10,15.38,69.99,85.37,-54.61,14.61,DOHOME,Commerce,-217.11999999999983
2023-01-11,22.91,31.71,54.62,-8.8,13.08,DOHOME,Commerce,-225.91999999999985
2023-01-12,22.45,34.42,56.87,-11.97,16.49,DOHOME,Commerce,-237.88999999999984
2023-01-13,17.42,15.84,33.26,1.57,15.33,DOHOME,Commerce,-236.31999999999985
2023-01-16,14.53,25.62,40.16,-11.09,16.2,DOHOME,Commerce,-247.40999999999985
2023-01-17,15.79,12.31,28.1,3.48,12.28,DOHOME,Commerce,-243.92999999999986
2023-01-18,10.26,22.93,33.19,-12.67,19.85,DOHOME,Commerce,-256.59999999999985
2023-01-19,19.49,16.46,35.95,3.03,15.06,DOHOME,Commerce,-253.56999999999985
2023-01-20,16.4,27.91,44.32,-11.51,13.51,DOHOME,Commerce,-265.07999999999987
2023-01-23,6.98,1.56,8.54,5.43,6.43,DOHOME,Commerce,-259.64999999999986
2023-01-24,23.72,20.91,44.63,2.8,12.06,DOHOME,Commerce,-256.84999999999985
2023-01-25,11.34,12.87,24.2,-1.53,12.76,DOHOME,Commerce,-258.3799999999998
2023-01-26,7.18,16.46,23.64,-9.28,7.98,DOHOME,Commerce,-267.6599999999998
2023-01-27,96.41,41.73,138.13,54.68,31.3,DOHOME,Commerce,-212.9799999999998
2023-01-30,18.35,6.19,24.54,12.16,20.56,DOHOME,Commerce,-200.8199999999998
2023-01-31,14.32,16.83,31.16,-2.51,10.79,DOHOME,Commerce,-203.32999999999979
2023-02-01,22.3,8.45,30.75,13.85,17.02,DOHOME,Commerce,-189.4799999999998
2023-02-02,16.25,2.94,19.19,13.32,16.77,DOHOME,Commerce,-176.1599999999998
2023-02-03,47.64,33.59,81.23,14.05,15.94,DOHOME,Commerce,-162.1099999999998
2023-02-06,10.89,20.41,31.3,-9.52,17.95,DOHOME,Commerce,-171.6299999999998
2023-02-07,5.56,18.94,24.51,-13.38,10.66,DOHOME,Commerce,-185.0099999999998
2023-02-08,13.37,32.73,46.09,-19.36,17.27,DOHOME,Commerce,-204.36999999999978
2023-02-09,18.56,27.5,46.06,-8.94,22.97,DOHOME,Commerce,-213.30999999999977
2023-02-10,2.78,8.11,10.89,-5.33,16.18,DOHOME,Commerce,-218.6399999999998
2023-02-13,8.71,16.04,24.76,-7.33,11.82,DOHOME,Commerce,-225.9699999999998
2023-02-14,65.31,33.01,98.32,32.3,27.67,DOHOME,Commerce,-193.6699999999998
2023-02-15,21.01,23.96,44.97,-2.94,23.84,DOHOME,Commerce,-196.6099999999998
2023-02-16,16.99,20.42,37.41,-3.43,23.28,DOHOME,Commerce,-200.0399999999998
2023-02-17,12.7,10.86,23.56,1.84,17.44,DOHOME,Commerce,-198.1999999999998
2023-02-20,4.81,5.27,10.08,-0.46,7.97,DOHOME,Commerce,-198.6599999999998
2023-02-21,45.75,24.81,70.56,20.94,17.0,DOHOME,Commerce,-177.7199999999998
2023-02-22,181.68,68.89,250.57,112.8,19.92,DOHOME,Commerce,-64.9199999999998
2023-02-23,131.17,135.51,266.68,-4.35,21.06,DOHOME,Commerce,-69.2699999999998
2023-02-24,71.43,50.5,121.93,20.93,11.85,DOHOME,Commerce,-48.3399999999998
2023-02-27,25.5,23.23,48.74,2.27,11.64,DOHOME,Commerce,-46.069999999999794
2023-02-28,74.85,37.77,112.62,37.08,13.82,DOHOME,Commerce,-8.989999999999796
2023-03-01,27.27,39.75,67.02,-12.48,19.11,DOHOME,Commerce,-21.469999999999796
2023-03-02,115.14,54.45,169.59,60.69,13.01,DOHOME,Commerce,39.2200000000002
2023-03-03,78.64,52.09,130.73,26.54,17.59,DOHOME,Commerce,65.76000000000019
2023-03-07,51.28,49.83,101.11,1.45,15.37,DOHOME,Commerce,67.21000000000019
2023-03-08,21.71,59.98,81.69,-38.27,16.72,DOHOME,Commerce,28.94000000000019
2023-03-09,8.54,48.77,57.31,-40.24,16.08,DOHOME,Commerce,-11.299999999999812
2023-03-10,32.29,25.92,58.21,6.38,14.07,DOHOME,Commerce,-4.9199999999998125
2023-03-13,45.95,28.49,74.45,17.46,18.32,DOHOME,Commerce,12.540000000000187
2023-03-14,55.91,44.12,100.03,11.78,26.97,DOHOME,Commerce,24.320000000000185
2023-03-15,15.43,31.18,46.61,-15.76,13.32,DOHOME,Commerce,8.560000000000185
2023-03-16,28.26,27.71,55.97,0.55,18.94,DOHOME,Commerce,9.110000000000186
2023-03-17,29.52,41.56,71.08,-12.05,15.03,DOHOME,Commerce,-2.9399999999998148
2023-03-20,23.56,19.46,43.02,4.1,16.52,DOHOME,Commerce,1.1600000000001849
2023-03-21,19.05,29.92,48.96,-10.87,14.74,DOHOME,Commerce,-9.709999999999814
2023-03-22,12.59,25.85,38.44,-13.27,19.14,DOHOME,Commerce,-22.979999999999812
2023-03-23,11.99,19.25,31.25,-7.26,16.13,DOHOME,Commerce,-30.23999999999981
2023-03-24,20.52,20.92,41.44,-0.4,18.5,DOHOME,Commerce,-30.63999999999981
2023-03-27,45.49,38.87,84.35,6.62,16.49,DOHOME,Commerce,-24.019999999999808
2023-03-28,12.66,20.54,33.2,-7.88,15.97,DOHOME,Commerce,-31.899999999999807
2023-03-29,15.67,39.47,55.14,-23.79,17.34,DOHOME,Commerce,-55.689999999999806
2023-03-30,4.72,15.81,20.53,-11.08,20.62,DOHOME,Commerce,-66.76999999999981
2023-03-31,11.91,7.5,19.4,4.41,18.38,DOHOME,Commerce,-62.359999999999815
2023-04-03,22.91,11.1,34.0,11.81,13.46,DOHOME,Commerce,-50.54999999999981
2023-04-04,9.2,14.6,23.79,-5.4,20.89,DOHOME,Commerce,-55.94999999999981
2023-04-05,13.51,18.17,31.68,-4.66,13.47,DOHOME,Commerce,-60.609999999999815
2023-04-07,9.77,9.68,19.45,0.09,16.58,DOHOME,Commerce,-60.51999999999981
2023-04-10,16.59,10.85,27.43,5.74,11.29,DOHOME,Commerce,-54.77999999999981
2023-04-11,3.06,7.78,10.83,-4.72,11.33,DOHOME,Commerce,-59.49999999999981
2023-04-12,8.04,20.07,28.11,-12.02,17.93,DOHOME,Commerce,-71.51999999999981
2023-04-17,18.82,16.14,34.96,2.67,12.05,DOHOME,Commerce,-68.84999999999981
2023-04-18,13.6,26.65,40.25,-13.05,14.38,DOHOME,Commerce,-81.8999999999998
2023-04-19,16.77,15.14,31.91,1.63,20.95,DOHOME,Commerce,-80.26999999999981
2023-04-20,1.52,14.63,16.15,-13.1,18.46,DOHOME,Commerce,-93.3699999999998
2023-04-21,3.4,14.96,18.36,-11.56,15.31,DOHOME,Commerce,-104.92999999999981
2023-04-24,5.97,12.88,18.85,-6.91,18.28,DOHOME,Commerce,-111.8399999999998
2023-04-25,32.22,17.39,49.61,14.84,22.79,DOHOME,Commerce,-96.9999999999998
2023-04-26,5.61,10.54,16.15,-4.93,14.56,DOHOME,Commerce,-101.92999999999981
2023-04-27,6.71,7.47,14.19,-0.76,17.76,DOHOME,Commerce,-102.68999999999981
2023-04-28,15.97,22.66,38.63,-6.69,17.55,DOHOME,Commerce,-109.37999999999981
2023-05-02,19.98,23.65,43.63,-3.67,17.09,DOHOME,Commerce,-113.04999999999981
2023-05-03,19.65,7.31,26.96,12.35,22.75,DOHOME,Commerce,-100.69999999999982
2023-05-08,34.9,21.38,56.28,13.52,8.18,DOHOME,Commerce,-87.17999999999982
2023-05-09,21.48,22.67,44.14,-1.19,13.02,DOHOME,Commerce,-88.36999999999982
2023-05-10,29.37,6.19,35.57,23.18,19.01,DOHOME,Commerce,-65.18999999999983
2023-05-11,42.78,18.24,61.02,24.54,18.2,DOHOME,Commerce,-40.64999999999983
2023-05-12,16.35,17.06,33.4,-0.71,21.1,DOHOME,Commerce,-41.35999999999983
2023-05-15,19.55,42.11,61.67,-22.56,14.21,DOHOME,Commerce,-63.91999999999983
2023-05-16,7.28,12.75,20.03,-5.47,12.81,DOHOME,Commerce,-69.38999999999983
2023-05-17,8.25,15.45,23.7,-7.2,15.47,DOHOME,Commerce,-76.58999999999983
2023-05-18,47.07,21.97,69.04,25.1,11.55,DOHOME,Commerce,-51.48999999999983
2023-05-19,22.91,22.02,44.94,0.89,16.2,DOHOME,Commerce,-50.59999999999983
2023-05-22,34.48,30.75,65.24,3.73,18.63,DOHOME,Commerce,-46.869999999999834
2023-05-23,8.82,18.11,26.94,-9.29,11.45,DOHOME,Commerce,-56.15999999999983
2023-05-24,10.34,12.16,22.5,-1.82,11.39,DOHOME,Commerce,-57.97999999999983
2023-05-25,11.33,12.61,23.94,-1.28,20.35,DOHOME,Commerce,-59.259999999999835
2023-05-26,7.59,19.4,26.98,-11.81,12.13,DOHOME,Commerce,-71.06999999999984
2023-05-29,9.79,13.22,23.01,-3.44,14.15,DOHOME,Commerce,-74.50999999999983
2023-05-30,5.8,9.16,14.96,-3.36,20.73,DOHOME,Commerce,-77.86999999999983
2023-05-31,8.13,4.58,12.71,3.55,5.95,DOHOME,Commerce,-74.31999999999984
2023-06-01,4.81,6.75,11.56,-1.93,9.81,DOHOME,Commerce,-76.24999999999984
2023-06-02,28.13,26.45,54.58,1.68,9.74,DOHOME,Commerce,-74.56999999999984
2023-06-06,29.42,32.43,61.85,-3.0,11.92,DOHOME,Commerce,-77.56999999999984
2023-06-07,12.33,19.09,31.42,-6.77,6.39,DOHOME,Commerce,-84.33999999999983
2023-06-08,14.79,18.83,33.62,-4.04,11.13,DOHOME,Commerce,-88.37999999999984
2023-06-09,8.2,20.61,28.81,-12.41,10.87,DOHOME,Commerce,-100.78999999999984
2023-06-12,1.32,3.62,4.94,-2.3,4.5,DOHOME,Commerce,-103.08999999999983
2023-06-13,14.99,13.78,28.77,1.21,5.78,DOHOME,Commerce,-101.87999999999984
2023-06-14,3.65,3.65,7.3,-0.01,4.83,DOHOME,Commerce,-101.88999999999984
2023-06-15,10.22,7.57,17.79,2.66,7.27,DOHOME,Commerce,-99.22999999999985
2023-06-16,12.12,11.76,23.88,0.36,8.38,DOHOME,Commerce,-98.86999999999985
2023-06-19,2.6,2.42,5.02,0.18,11.64,DOHOME,Commerce,-98.68999999999984
2023-06-20,12.41,6.71,19.13,5.7,8.23,DOHOME,Commerce,-92.98999999999984
2023-06-21,10.19,11.17,21.36,-0.97,6.86,DOHOME,Commerce,-93.95999999999984
2023-06-22,17.38,7.96,25.33,9.42,10.79,DOHOME,Commerce,-84.53999999999984
2023-06-23,5.88,13.45,19.33,-7.57,15.87,DOHOME,Commerce,-92.10999999999984
2023-06-26,3.26,6.29,9.55,-3.03,10.0,DOHOME,Commerce,-95.13999999999984
2023-06-27,7.72,1.61,9.33,6.11,8.42,DOHOME,Commerce,-89.02999999999984
2023-06-28,15.66,13.23,28.9,2.43,13.39,DOHOME,Commerce,-86.59999999999984
2023-06-29,15.29,13.49,28.78,1.8,21.67,DOHOME,Commerce,-84.79999999999984
2023-06-30,4.41,3.11,7.53,1.3,10.68,DOHOME,Commerce,-83.49999999999984
2023-07-03,6.74,4.84,11.59,1.9,12.23,DOHOME,Commerce,-81.59999999999984
2023-07-04,18.35,7.51,25.86,10.84,12.63,DOHOME,Commerce,-70.75999999999983
2023-07-05,14.75,21.27,36.02,-6.51,7.02,DOHOME,Commerce,-77.26999999999984
2023-07-06,47.2,24.71,71.92,22.49,11.48,DOHOME,Commerce,-54.779999999999845
2023-07-07,52.47,33.68,86.15,18.78,17.91,DOHOME,Commerce,-35.999999999999844
2023-07-10,22.42,8.07,30.49,14.35,15.07,DOHOME,Commerce,-21.649999999999842
2023-07-11,39.45,34.56,74.01,4.9,9.39,DOHOME,Commerce,-16.749999999999844
2023-07-12,122.58,70.39,192.96,52.19,15.27,DOHOME,Commerce,35.440000000000154
2023-07-13,16.61,34.13,50.74,-17.52,16.78,DOHOME,Commerce,17.920000000000154
2023-07-14,53.25,30.1,83.35,23.15,13.52,DOHOME,Commerce,41.07000000000015
2023-07-17,24.48,58.64,83.12,-34.15,18.56,DOHOME,Commerce,6.920000000000151
2023-07-18,15.79,37.81,53.6,-22.01,23.21,DOHOME,Commerce,-15.08999999999985
2023-07-19,29.18,33.2,62.38,-4.02,15.46,DOHOME,Commerce,-19.10999999999985
2023-07-20,36.25,50.64,86.9,-14.39,26.06,DOHOME,Commerce,-33.49999999999985
2023-07-21,15.41,20.28,35.69,-4.87,24.23,DOHOME,Commerce,-38.36999999999985
2023-07-24,23.79,11.0,34.79,12.78,18.76,DOHOME,Commerce,-25.589999999999847
2023-07-25,34.37,18.8,53.17,15.57,18.0,DOHOME,Commerce,-10.019999999999847
2023-07-26,10.78,19.68,30.46,-8.9,19.71,DOHOME,Commerce,-18.919999999999845
2023-07-27,24.04,11.1,35.14,12.95,18.39,DOHOME,Commerce,-5.969999999999846
2023-07-31,16.05,24.61,40.66,-8.56,24.69,DOHOME,Commerce,-14.529999999999847
2023-08-02,20.77,21.44,42.21,-0.67,21.13,DOHOME,Commerce,-15.199999999999847
2023-08-03,27.35,24.58,51.93,2.77,13.93,DOHOME,Commerce,-12.429999999999847
2023-08-04,12.3,29.05,41.35,-16.75,15.59,DOHOME,Commerce,-29.179999999999847
2023-08-07,9.83,17.67,27.49,-7.84,22.33,DOHOME,Commerce,-37.01999999999985
2023-08-08,9.36,26.2,35.56,-16.83,18.38,DOHOME,Commerce,-53.849999999999845
2023-08-09,20.42,19.21,39.62,1.21,9.54,DOHOME,Commerce,-52.639999999999844
2023-08-10,13.34,10.76,24.1,2.58,13.73,DOHOME,Commerce,-50.059999999999846
2023-08-11,15.46,18.94,34.41,-3.48,17.75,DOHOME,Commerce,-53.53999999999984
2023-08-15,9.09,18.05,27.14,-8.96,17.88,DOHOME,Commerce,-62.499999999999844
2023-08-16,14.16,14.26,28.42,-0.11,16.16,DOHOME,Commerce,-62.60999999999984
2023-08-17,17.96,17.96,35.92,0.0,11.7,DOHOME,Commerce,-62.60999999999984
2023-08-18,15.4,29.24,44.64,-13.84,21.14,DOHOME,Commerce,-76.44999999999985
2023-08-21,8.73,16.87,25.6,-8.14,10.98,DOHOME,Commerce,-84.58999999999985
2023-08-22,5.96,13.44,19.4,-7.47,9.93,DOHOME,Commerce,-92.05999999999985
2023-08-23,19.96,20.56,40.52,-0.6,10.67,DOHOME,Commerce,-92.65999999999984
2023-08-24,17.59,11.56,29.15,6.03,9.29,DOHOME,Commerce,-86.62999999999984
2023-08-25,16.12,6.91,23.03,9.21,13.72,DOHOME,Commerce,-77.41999999999985
2023-08-28,6.15,10.28,16.43,-4.12,14.67,DOHOME,Commerce,-81.53999999999985
2023-08-29,6.96,5.22,12.18,1.73,11.97,DOHOME,Commerce,-79.80999999999985
2023-08-30,29.17,16.34,45.51,12.83,10.34,DOHOME,Commerce,-66.97999999999985
2023-08-31,87.98,53.13,141.11,34.85,36.66,DOHOME,Commerce,-32.129999999999846
2023-09-01,12.53,15.33,27.86,-2.8,11.24,DOHOME,Commerce,-34.92999999999984
2023-09-04,2.72,8.78,11.5,-6.06,11.2,DOHOME,Commerce,-40.989999999999846
2023-09-05,5.78,1.15,6.94,4.63,8.08,DOHOME,Commerce,-36.35999999999984
2023-09-06,13.4,9.63,23.04,3.77,20.4,DOHOME,Commerce,-32.58999999999984
2023-09-07,3.74,4.81,8.55,-1.07,8.22,DOHOME,Commerce,-33.65999999999984
2023-09-08,23.63,3.56,27.19,20.08,23.51,DOHOME,Commerce,-13.579999999999842
2023-09-11,4.93,12.28,17.21,-7.35,8.53,DOHOME,Commerce,-20.929999999999843
2023-09-12,5.14,14.54,19.68,-9.4,14.69,DOHOME,Commerce,-30.329999999999842
2023-09-13,34.69,30.29,64.97,4.4,14.23,DOHOME,Commerce,-25.929999999999843
2023-09-14,5.42,4.43,9.85,0.99,11.15,DOHOME,Commerce,-24.939999999999845
2023-09-15,38.01,14.3,52.31,23.7,27.83,DOHOME,Commerce,-1.2399999999998457
2023-09-18,15.48,1.85,17.33,13.63,18.39,DOHOME,Commerce,12.390000000000155
2023-09-19,14.54,33.66,48.2,-19.12,19.85,DOHOME,Commerce,-6.729999999999846
2023-09-20,31.37,49.68,81.05,-18.31,21.49,DOHOME,Commerce,-25.039999999999843
2023-09-21,75.32,98.53,173.85,-23.21,30.39,DOHOME,Commerce,-48.249999999999844
2023-09-22,15.32,27.88,43.2,-12.56,19.7,DOHOME,Commerce,-60.809999999999846
2023-09-25,4.87,16.67,21.54,-11.8,17.21,DOHOME,Commerce,-72.60999999999984
2023-09-26,11.86,12.52,24.38,-0.65,17.45,DOHOME,Commerce,-73.25999999999985
2023-09-27,6.69,12.82,19.51,-6.12,16.27,DOHOME,Commerce,-79.37999999999985
2023-09-28,13.49,12.01,25.5,1.49,11.45,DOHOME,Commerce,-77.88999999999986
2023-09-29,21.1,14.16,35.25,6.94,16.23,DOHOME,Commerce,-70.94999999999986
2023-10-02,17.17,14.95,32.12,2.22,21.08,DOHOME,Commerce,-68.72999999999986
2023-10-03,14.12,24.0,38.12,-9.89,14.47,DOHOME,Commerce,-78.61999999999986
2023-10-04,13.46,7.24,20.71,6.22,14.63,DOHOME,Commerce,-72.39999999999986
2023-10-05,12.16,12.29,24.45,-0.13,14.69,DOHOME,Commerce,-72.52999999999986
2023-10-06,6.25,19.39,25.64,-13.14,10.46,DOHOME,Commerce,-85.66999999999986
2023-10-09,17.62,14.05,31.68,3.57,12.96,DOHOME,Commerce,-82.09999999999987
2023-10-10,7.3,11.51,18.81,-4.21,15.07,DOHOME,Commerce,-86.30999999999986
2023-10-11,4.02,8.49,12.51,-4.47,7.91,DOHOME,Commerce,-90.77999999999986
2023-10-12,5.22,10.79,16.02,-5.57,6.4,DOHOME,Commerce,-96.34999999999985
2023-10-16,24.96,15.47,40.42,9.49,17.86,DOHOME,Commerce,-86.85999999999986
2023-10-17,2.6,3.83,6.43,-1.22,12.34,DOHOME,Commerce,-88.07999999999986
2023-10-18,4.3,9.36,13.66,-5.06,13.34,DOHOME,Commerce,-93.13999999999986
2023-10-19,3.34,5.04,8.38,-1.7,10.77,DOHOME,Commerce,-94.83999999999986
2023-10-20,7.27,10.19,17.46,-2.92,12.35,DOHOME,Commerce,-97.75999999999986
2023-10-24,8.51,5.59,14.1,2.92,21.48,DOHOME,Commerce,-94.83999999999986
2023-10-25,24.33,10.46,34.79,13.87,15.0,DOHOME,Commerce,-80.96999999999986
2023-10-26,5.05,8.35,13.4,-3.3,11.81,DOHOME,Commerce,-84.26999999999985
2023-10-27,8.7,16.03,24.74,-7.33,15.79,DOHOME,Commerce,-91.59999999999985
2023-10-30,14.65,12.01,26.66,2.64,18.65,DOHOME,Commerce,-88.95999999999985
2023-10-31,6.1,7.96,14.06,-1.85,14.46,DOHOME,Commerce,-90.80999999999985
2023-11-01,4.76,7.99,12.75,-3.23,19.45,DOHOME,Commerce,-94.03999999999985
2023-11-02,33.45,4.45,37.9,29.0,17.21,DOHOME,Commerce,-65.03999999999985
2023-11-03,12.49,7.27,19.76,5.23,14.54,DOHOME,Commerce,-59.809999999999846
2023-11-06,3.04,4.83,7.87,-1.79,9.05,DOHOME,Commerce,-61.599999999999845
2023-11-07,4.11,6.58,10.69,-2.47,10.27,DOHOME,Commerce,-64.06999999999985
2023-11-08,70.13,13.09,83.22,57.04,15.38,DOHOME,Commerce,-7.029999999999852
2023-11-09,47.7,45.51,93.21,2.19,17.29,DOHOME,Commerce,-4.839999999999852
2023-11-10,35.78,41.12,76.9,-5.34,12.97,DOHOME,Commerce,-10.179999999999852
2023-11-13,5.7,27.26,32.95,-21.56,17.77,DOHOME,Commerce,-31.739999999999853
2023-11-14,7.34,16.33,23.67,-9.0,13.99,DOHOME,Commerce,-40.73999999999985
2023-11-15,34.87,12.47,47.34,22.4,12.5,DOHOME,Commerce,-18.339999999999854
2023-11-16,15.43,10.69,26.11,4.74,14.82,DOHOME,Commerce,-13.599999999999854
2023-11-17,15.01,16.83,31.84,-1.83,14.61,DOHOME,Commerce,-15.429999999999854
2023-11-20,14.18,9.11,23.29,5.06,18.18,DOHOME,Commerce,-10.369999999999855
2023-11-21,10.76,20.5,31.26,-9.74,20.35,DOHOME,Commerce,-20.109999999999857
2023-11-22,4.6,6.95,11.56,-2.35,12.41,DOHOME,Commerce,-22.45999999999986
2023-11-23,8.88,17.9,26.77,-9.02,11.94,DOHOME,Commerce,-31.47999999999986
2023-11-24,2.83,12.48,15.31,-9.64,9.82,DOHOME,Commerce,-41.11999999999986
2023-11-27,17.34,22.71,40.05,-5.37,14.2,DOHOME,Commerce,-46.48999999999986
2023-11-28,9.89,15.24,25.13,-5.34,15.18,DOHOME,Commerce,-51.829999999999856
2023-11-29,8.79,14.79,23.58,-6.0,13.5,DOHOME,Commerce,-57.829999999999856
2023-11-30,24.39,18.38,42.78,6.01,23.58,DOHOME,Commerce,-51.81999999999986
2023-12-01,7.02,7.63,14.65,-0.61,20.06,DOHOME,Commerce,-52.42999999999986
2023-12-04,14.02,11.06,25.09,2.96,11.73,DOHOME,Commerce,-49.46999999999986
2023-12-06,21.67,11.34,33.01,10.33,14.84,DOHOME,Commerce,-39.13999999999986
2023-12-07,8.81,13.79,22.6,-4.98,18.69,DOHOME,Commerce,-44.11999999999986
2023-12-08,17.12,9.99,27.11,7.13,18.6,DOHOME,Commerce,-36.98999999999986
2023-12-12,3.37,7.75,11.12,-4.38,17.37,DOHOME,Commerce,-41.36999999999986
2023-12-13,25.53,18.2,43.73,7.33,13.56,DOHOME,Commerce,-34.039999999999864
2023-12-14,9.51,10.52,20.03,-1.0,12.2,DOHOME,Commerce,-35.039999999999864
2023-12-15,11.83,11.94,23.77,-0.1,21.56,DOHOME,Commerce,-35.139999999999866
2023-12-18,3.38,8.57,11.95,-5.19,23.55,DOHOME,Commerce,-40.32999999999986
2023-12-19,5.86,8.61,14.47,-2.75,11.59,DOHOME,Commerce,-43.07999999999986
2023-12-20,3.78,5.43,9.21,-1.65,11.83,DOHOME,Commerce,-44.72999999999986
2023-12-21,1.37,1.92,3.29,-0.55,5.97,DOHOME,Commerce,-45.27999999999986
2023-12-22,3.62,3.28,6.9,0.33,14.02,DOHOME,Commerce,-44.94999999999986
2023-12-25,2.0,5.05,7.05,-3.05,16.82,DOHOME,Commerce,-47.99999999999986
2023-12-26,7.65,9.43,17.08,-1.78,13.93,DOHOME,Commerce,-49.77999999999986
2023-12-27,17.16,8.57,25.73,8.59,11.01,DOHOME,Commerce,-41.189999999999856
2023-12-28,7.33,10.69,18.02,-3.36,9.47,DOHOME,Commerce,-44.549999999999855
2024-01-02,18.72,23.04,41.76,-4.33,12.19,DOHOME,Commerce,-48.87999999999985
2024-01-03,10.47,32.14,42.6,-21.67,7.66,DOHOME,Commerce,-70.54999999999986
2024-01-04,8.98,16.85,25.83,-7.87,10.08,DOHOME,Commerce,-78.41999999999986
2024-01-05,5.89,2.52,8.41,3.37,7.6,DOHOME,Commerce,-75.04999999999986
2024-01-08,2.09,1.97,4.06,0.11,8.95,DOHOME,Commerce,-74.93999999999986
2024-01-09,11.89,4.69,16.58,7.21,11.69,DOHOME,Commerce,-67.72999999999986
2024-01-10,38.91,9.88,48.79,29.04,14.84,DOHOME,Commerce,-38.68999999999986
2024-01-11,13.99,28.1,42.09,-14.11,15.43,DOHOME,Commerce,-52.79999999999986
2024-01-12,5.1,1.94,7.04,3.16,6.08,DOHOME,Commerce,-49.63999999999986
2024-01-15,3.54,3.32,6.87,0.22,16.55,DOHOME,Commerce,-49.41999999999986
2024-01-16,5.3,7.06,12.36,-1.76,17.02,DOHOME,Commerce,-51.17999999999986
2024-01-17,14.62,11.35,25.96,3.27,15.77,DOHOME,Commerce,-47.909999999999854
2024-01-18,12.9,9.3,22.2,3.6,18.32,DOHOME,Commerce,-44.30999999999985
2024-01-19,15.73,9.94,25.67,5.78,16.91,DOHOME,Commerce,-38.52999999999985
2024-01-22,8.93,5.69,14.61,3.24,11.95,DOHOME,Commerce,-35.28999999999985
2024-01-23,18.75,6.59,25.33,12.16,15.23,DOHOME,Commerce,-23.12999999999985
2024-01-24,16.03,11.6,27.63,4.44,21.35,DOHOME,Commerce,-18.68999999999985
2024-01-25,1.8,4.1,5.9,-2.3,15.57,DOHOME,Commerce,-20.98999999999985
2024-01-26,3.3,3.61,6.91,-0.32,11.44,DOHOME,Commerce,-21.30999999999985
2024-01-29,1.23,2.4,3.63,-1.17,3.95,DOHOME,Commerce,-22.479999999999848
2024-01-30,4.49,26.26,30.75,-21.76,8.7,DOHOME,Commerce,-44.23999999999985
2024-01-31,1.46,8.89,10.35,-7.43,8.97,DOHOME,Commerce,-51.66999999999985
2024-02-01,3.65,4.85,8.5,-1.2,9.87,DOHOME,Commerce,-52.869999999999855
2024-02-02,1.45,2.37,3.82,-0.92,10.85,DOHOME,Commerce,-53.78999999999986
2024-02-05,4.25,7.39,11.64,-3.14,12.05,DOHOME,Commerce,-56.92999999999986
2024-02-06,8.43,1.7,10.13,6.73,19.87,DOHOME,Commerce,-50.19999999999986
2024-02-07,1.43,2.24,3.67,-0.8,5.86,DOHOME,Commerce,-50.99999999999986
2024-02-08,3.77,2.54,6.31,1.23,8.99,DOHOME,Commerce,-49.76999999999986
2024-02-09,5.34,0.69,6.03,4.65,12.28,DOHOME,Commerce,-45.11999999999986
2024-02-12,1.59,1.79,3.38,-0.19,7.43,DOHOME,Commerce,-45.30999999999986
2024-02-13,0.43,1.12,1.55,-0.69,5.56,DOHOME,Commerce,-45.99999999999986
2024-02-14,1.54,1.97,3.51,-0.43,12.85,DOHOME,Commerce,-46.42999999999986
2024-02-15,2.67,0.44,3.11,2.23,5.8,DOHOME,Commerce,-44.19999999999986
2024-02-16,1.65,1.17,2.82,0.48,5.69,DOHOME,Commerce,-43.719999999999864
2024-02-19,2.12,1.23,3.35,0.9,12.08,DOHOME,Commerce,-42.819999999999865
2024-02-20,1.06,2.53,3.59,-1.47,8.08,DOHOME,Commerce,-44.289999999999864
2024-02-21,48.68,12.39,61.07,36.29,11.4,DOHOME,Commerce,-7.999999999999865
2024-02-22,4.93,6.03,10.97,-1.1,13.54,DOHOME,Commerce,-9.099999999999865
2024-02-23,4.78,10.32,15.1,-5.54,17.77,DOHOME,Commerce,-14.639999999999866
2024-02-27,8.9,7.14,16.04,1.75,13.02,DOHOME,Commerce,-12.889999999999866
2024-02-28,15.23,20.09,35.33,-4.86,8.14,DOHOME,Commerce,-17.749999999999865
2024-02-29,14.17,13.6,27.76,0.57,17.52,DOHOME,Commerce,-17.179999999999865
2024-03-01,14.81,9.45,24.26,5.36,11.22,DOHOME,Commerce,-11.819999999999865
2024-03-04,12.89,8.05,20.94,4.84,11.45,DOHOME,Commerce,-6.979999999999865
2024-03-05,0.45,4.51,4.96,-4.06,10.31,DOHOME,Commerce,-11.039999999999864
2024-03-06,5.37,4.9,10.26,0.47,12.61,DOHOME,Commerce,-10.569999999999864
2024-03-07,0.63,4.46,5.09,-3.84,10.44,DOHOME,Commerce,-14.409999999999863
2024-03-08,5.83,1.79,7.61,4.04,8.7,DOHOME,Commerce,-10.369999999999862
2024-03-11,0.87,1.85,2.72,-0.98,6.74,DOHOME,Commerce,-11.349999999999863
2024-03-12,0.79,6.04,6.84,-5.25,17.04,DOHOME,Commerce,-16.599999999999863
2024-03-13,4.91,6.87,11.79,-1.96,11.22,DOHOME,Commerce,-18.559999999999864
2024-03-14,2.04,0.83,2.87,1.21,3.78,DOHOME,Commerce,-17.349999999999863
2024-03-15,32.26,6.52,38.78,25.74,13.79,DOHOME,Commerce,8.390000000000136
2024-03-18,4.0,17.65,21.65,-13.64,15.93,DOHOME,Commerce,-5.249999999999865
2024-03-19,0.71,4.18,4.88,-3.47,8.23,DOHOME,Commerce,-8.719999999999866
2024-03-20,5.74,10.14,15.88,-4.4,16.48,DOHOME,Commerce,-13.119999999999866
2024-03-21,2.49,2.21,4.7,0.28,12.03,DOHOME,Commerce,-12.839999999999867
2024-03-22,2.56,5.14,7.7,-2.59,15.34,DOHOME,Commerce,-15.429999999999866
2024-03-25,11.86,8.57,20.43,3.3,8.24,DOHOME,Commerce,-12.129999999999868
2024-03-26,1.96,1.78,3.74,0.18,6.35,DOHOME,Commerce,-11.949999999999868
2024-03-27,5.08,8.84,13.92,-3.77,8.35,DOHOME,Commerce,-15.719999999999867
2024-03-28,2.02,0.53,2.54,1.49,10.98,DOHOME,Commerce,-14.229999999999867
2024-03-29,12.94,4.93,17.86,8.01,17.81,DOHOME,Commerce,-6.219999999999867
2024-04-01,1.3,1.32,2.61,-0.02,13.1,DOHOME,Commerce,-6.239999999999867
2024-04-02,3.16,10.11,13.27,-6.95,9.72,DOHOME,Commerce,-13.189999999999866
2024-04-03,3.45,3.32,6.78,0.13,12.85,DOHOME,Commerce,-13.059999999999865
2024-04-04,1.4,7.75,9.15,-6.35,10.31,DOHOME,Commerce,-19.409999999999865
2024-04-05,2.74,2.65,5.38,0.09,8.86,DOHOME,Commerce,-19.319999999999865
2024-04-09,3.7,0.42,4.12,3.28,11.1,DOHOME,Commerce,-16.039999999999864
2024-04-10,17.38,0.58,17.96,16.81,15.22,DOHOME,Commerce,0.7700000000001346
2024-04-11,3.55,5.04,8.59,-1.49,5.93,DOHOME,Commerce,-0.7199999999998654
2024-04-17,2.23,28.67,30.9,-26.43,24.49,DOHOME,Commerce,-27.149999999999864
2024-04-18,13.78,18.08,31.87,-4.3,19.6,DOHOME,Commerce,-31.449999999999864
2024-04-19,2.23,8.33,10.56,-6.1,10.71,DOHOME,Commerce,-37.54999999999986
2024-04-22,3.37,5.25,8.62,-1.88,10.85,DOHOME,Commerce,-39.429999999999865
2024-04-23,3.84,5.56,9.41,-1.72,10.58,DOHOME,Commerce,-41.149999999999864
2024-04-24,2.21,6.88,9.1,-4.67,7.23,DOHOME,Commerce,-45.819999999999865
2024-04-25,2.0,9.45,11.45,-7.45,7.76,DOHOME,Commerce,-53.26999999999987
2024-04-26,1.65,3.35,5.0,-1.71,4.35,DOHOME,Commerce,-54.97999999999987
2024-04-29,5.04,3.97,9.01,1.06,11.07,DOHOME,Commerce,-53.91999999999987
2024-04-30,4.46,3.33,7.79,1.12,8.53,DOHOME,Commerce,-52.79999999999987
2024-05-02,0.61,1.47,2.08,-0.86,7.3,DOHOME,Commerce,-53.65999999999987
2024-05-03,6.46,5.12,11.58,1.34,9.49,DOHOME,Commerce,-52.319999999999865
2024-05-07,4.89,3.73,8.62,1.17,12.5,DOHOME,Commerce,-51.149999999999864
2024-05-08,28.13,15.87,44.0,12.26,10.98,DOHOME,Commerce,-38.889999999999866
2024-05-09,9.66,5.55,15.21,4.11,11.19,DOHOME,Commerce,-34.779999999999866
2024-05-10,1.59,1.16,2.75,0.42,6.1,DOHOME,Commerce,-34.359999999999864
2024-05-13,3.47,5.38,8.85,-1.9,7.41,DOHOME,Commerce,-36.25999999999986
2024-05-14,34.99,7.0,41.99,27.99,7.21,DOHOME,Commerce,-8.269999999999865
2024-05-15,9.53,9.69,19.22,-0.16,13.38,DOHOME,Commerce,-8.429999999999865
2024-05-16,3.68,3.12,6.79,0.56,8.11,DOHOME,Commerce,-7.869999999999864
2024-05-17,6.69,13.2,19.89,-6.51,6.66,DOHOME,Commerce,-14.379999999999864
2024-05-20,2.74,8.76,11.49,-6.02,7.53,DOHOME,Commerce,-20.399999999999864
2024-05-21,10.22,3.35,13.57,6.88,9.13,DOHOME,Commerce,-13.519999999999865
2024-05-23,24.6,9.22,33.83,15.38,12.54,DOHOME,Commerce,1.8600000000001362
2024-05-24,5.83,5.15,10.99,0.68,9.9,DOHOME,Commerce,2.5400000000001364
2024-05-27,11.73,12.66,24.38,-0.93,18.66,DOHOME,Commerce,1.6100000000001362
2024-05-28,7.84,3.27,11.11,4.57,18.3,DOHOME,Commerce,6.1800000000001365
2024-05-29,3.61,2.28,5.88,1.33,6.73,DOHOME,Commerce,7.510000000000137
2024-05-30,3.43,14.96,18.39,-11.54,12.47,DOHOME,Commerce,-4.029999999999863
2024-05-31,22.16,21.27,43.42,0.89,20.22,DOHOME,Commerce,-3.1399999999998625
2024-06-04,5.94,11.91,17.85,-5.97,13.72,DOHOME,Commerce,-9.109999999999863
2024-06-05,7.3,2.9,10.19,4.4,12.85,DOHOME,Commerce,-4.709999999999862
2024-06-06,2.6,2.78,5.38,-0.18,9.97,DOHOME,Commerce,-4.889999999999862
2024-06-07,8.06,5.0,13.05,3.06,8.6,DOHOME,Commerce,-1.829999999999862
2024-06-10,4.88,7.63,12.51,-2.75,16.25,DOHOME,Commerce,-4.5799999999998615
2024-06-11,10.95,5.58,16.53,5.37,14.36,DOHOME,Commerce,0.7900000000001386
2024-06-12,11.2,25.42,36.63,-14.22,15.28,DOHOME,Commerce,-13.429999999999861
2024-06-13,18.32,10.7,29.02,7.62,14.77,DOHOME,Commerce,-5.809999999999861
2024-06-14,62.84,26.78,89.62,36.07,18.42,DOHOME,Commerce,30.26000000000014
2024-06-17,14.63,16.75,31.39,-2.12,24.41,DOHOME,Commerce,28.14000000000014
2024-06-18,15.09,20.36,35.46,-5.27,21.04,DOHOME,Commerce,22.87000000000014
2024-06-19,33.54,35.01,68.55,-1.47,27.35,DOHOME,Commerce,21.40000000000014
2024-06-20,8.15,30.14,38.28,-21.99,33.15,DOHOME,Commerce,-0.5899999999998577
2024-06-21,20.44,10.0,30.44,10.43,22.55,DOHOME,Commerce,9.840000000000142
2024-06-24,4.63,5.01,9.64,-0.39,23.38,DOHOME,Commerce,9.450000000000141
2024-06-25,10.68,16.89,27.57,-6.21,17.66,DOHOME,Commerce,3.2400000000001414
2024-06-26,2.19,8.16,10.35,-5.97,16.16,DOHOME,Commerce,-2.7299999999998583
2024-06-27,6.44,7.77,14.21,-1.33,18.34,DOHOME,Commerce,-4.059999999999858
2024-06-28,6.27,5.98,12.25,0.29,27.4,DOHOME,Commerce,-3.7699999999998584
2024-07-01,4.43,4.09,8.52,0.34,22.29,DOHOME,Commerce,-3.4299999999998585
2024-07-02,9.12,7.37,16.5,1.75,18.97,DOHOME,Commerce,-1.6799999999998585
2024-07-03,10.92,8.46,19.38,2.46,11.82,DOHOME,Commerce,0.7800000000001415
2024-07-04,13.12,3.41,16.54,9.71,16.26,DOHOME,Commerce,10.490000000000142
2024-07-05,14.5,28.96,43.46,-14.46,17.38,DOHOME,Commerce,-3.9699999999998585
2024-07-08,5.9,3.58,9.48,2.32,17.27,DOHOME,Commerce,-1.6499999999998587
2024-07-09,3.8,9.39,13.19,-5.59,15.75,DOHOME,Commerce,-7.239999999999858
2024-07-10,2.85,3.99,6.84,-1.14,11.06,DOHOME,Commerce,-8.379999999999859
2024-07-11,18.16,15.57,33.73,2.58,16.09,DOHOME,Commerce,-5.799999999999859
2024-07-12,11.76,11.24,23.0,0.51,10.87,DOHOME,Commerce,-5.289999999999859
2024-07-15,18.36,9.64,28.0,8.72,16.12,DOHOME,Commerce,3.430000000000142
2024-07-16,9.68,2.82,12.5,6.86,14.78,DOHOME,Commerce,10.290000000000141
2024-07-17,28.96,7.83,36.79,21.13,23.18,DOHOME,Commerce,31.42000000000014
2024-07-18,34.8,10.68,45.48,24.12,18.72,DOHOME,Commerce,55.54000000000014
2024-07-19,6.99,6.63,13.63,0.36,20.06,DOHOME,Commerce,55.90000000000014
2024-07-23,10.91,11.91,22.82,-1.01,22.45,DOHOME,Commerce,54.89000000000014
2024-07-24,19.52,3.92,23.44,15.6,16.11,DOHOME,Commerce,70.49000000000014
2024-07-25,12.91,18.26,31.17,-5.35,12.88,DOHOME,Commerce,65.14000000000014
2024-07-26,14.27,12.52,26.79,1.74,13.28,DOHOME,Commerce,66.88000000000014
2024-07-30,17.7,13.45,31.15,4.26,15.12,DOHOME,Commerce,71.14000000000014
2024-07-31,6.81,16.49,23.3,-9.68,19.49,DOHOME,Commerce,61.46000000000014
2024-08-01,2.3,10.42,12.71,-8.12,15.03,DOHOME,Commerce,53.340000000000146
2024-08-02,8.57,14.88,23.45,-6.32,15.85,DOHOME,Commerce,47.020000000000145
2024-08-05,35.2,21.67,56.87,13.52,21.43,DOHOME,Commerce,60.54000000000015
2024-08-06,7.57,12.33,19.9,-4.75,19.03,DOHOME,Commerce,55.79000000000015
2024-08-07,26.44,46.06,72.5,-19.62,16.04,DOHOME,Commerce,36.170000000000144
2024-08-08,3.72,12.18,15.9,-8.46,17.71,DOHOME,Commerce,27.710000000000143
2024-08-09,13.28,31.92,45.2,-18.64,23.62,DOHOME,Commerce,9.070000000000142
2024-08-13,6.0,6.04,12.03,-0.04,15.71,DOHOME,Commerce,9.030000000000143
2024-08-14,18.87,13.47,32.34,5.4,18.77,DOHOME,Commerce,14.430000000000144
2024-08-15,10.14,30.81,40.95,-20.67,17.86,DOHOME,Commerce,-6.239999999999858
2024-08-16,25.51,10.4,35.9,15.11,8.73,DOHOME,Commerce,8.870000000000141
2024-08-19,4.21,15.29,19.5,-11.08,7.48,DOHOME,Commerce,-2.2099999999998587
2024-08-20,5.73,6.61,12.34,-0.89,12.21,DOHOME,Commerce,-3.099999999999859
2024-08-21,2.45,2.58,5.03,-0.13,7.46,DOHOME,Commerce,-3.2299999999998588
2024-08-22,6.17,1.63,7.8,4.53,15.84,DOHOME,Commerce,1.3000000000001415
2024-08-23,6.85,5.46,12.32,1.39,7.67,DOHOME,Commerce,2.6900000000001416
2024-08-26,12.23,8.43,20.65,3.8,4.5,DOHOME,Commerce,6.490000000000141
2024-08-27,11.77,12.68,24.45,-0.91,10.57,DOHOME,Commerce,5.580000000000141
2024-08-28,34.61,6.51,41.12,28.1,9.68,DOHOME,Commerce,33.68000000000014
2024-08-29,6.43,12.87,19.29,-6.44,15.8,DOHOME,Commerce,27.24000000000014
2024-08-30,6.2,25.58,31.78,-19.38,23.71,DOHOME,Commerce,7.8600000000001415
2024-09-02,3.03,10.52,13.56,-7.49,7.65,DOHOME,Commerce,0.3700000000001413
2024-09-03,11.76,4.77,16.53,6.99,9.07,DOHOME,Commerce,7.3600000000001415
2024-09-04,1.5,9.49,11.0,-7.99,8.72,DOHOME,Commerce,-0.6299999999998587
2024-09-05,12.41,6.07,18.48,6.34,11.19,DOHOME,Commerce,5.710000000000141
2024-09-06,13.99,24.51,38.49,-10.52,13.74,DOHOME,Commerce,-4.809999999999858
2024-09-09,12.49,5.44,17.93,7.05,10.95,DOHOME,Commerce,2.2400000000001414
2024-09-10,17.3,10.02,27.32,7.28,10.65,DOHOME,Commerce,9.520000000000142
2024-09-11,75.62,23.16,98.78,52.46,20.51,DOHOME,Commerce,61.980000000000146
2024-09-12,21.68,20.52,42.19,1.16,15.16,DOHOME,Commerce,63.14000000000014
2024-09-13,9.69,21.78,31.48,-12.09,15.14,DOHOME,Commerce,51.05000000000014
2024-09-16,35.72,3.95,39.67,31.77,13.9,DOHOME,Commerce,82.82000000000014
2024-09-17,23.42,19.46,42.89,3.96,24.65,DOHOME,Commerce,86.78000000000013
2024-09-18,3.42,9.23,12.66,-5.81,10.75,DOHOME,Commerce,80.97000000000013
2024-09-19,15.74,7.73,23.46,8.01,21.52,DOHOME,Commerce,88.98000000000013
2024-09-20,11.74,9.65,21.39,2.1,31.82,DOHOME,Commerce,91.08000000000013
2024-09-23,4.79,18.36,23.15,-13.57,22.84,DOHOME,Commerce,77.51000000000013
2024-09-24,22.79,17.82,40.61,4.98,16.15,DOHOME,Commerce,82.49000000000014
2024-09-25,20.19,13.85,34.05,6.34,11.62,DOHOME,Commerce,88.83000000000014
2024-09-26,5.69,16.61,22.3,-10.93,15.32,DOHOME,Commerce,77.90000000000015
2024-09-27,5.86,6.08,11.94,-0.23,13.53,DOHOME,Commerce,77.67000000000014
2024-09-30,13.92,16.17,30.08,-2.25,10.89,DOHOME,Commerce,75.42000000000014
2024-10-01,16.39,3.85,20.24,12.54,11.12,DOHOME,Commerce,87.96000000000015
2024-10-02,13.33,9.04,22.37,4.28,14.97,DOHOME,Commerce,92.24000000000015
2024-10-03,7.3,33.63,40.93,-26.33,9.13,DOHOME,Commerce,65.91000000000015
2024-10-04,16.17,10.06,26.23,6.11,8.79,DOHOME,Commerce,72.02000000000015
2024-10-07,4.91,5.71,10.62,-0.79,6.33,DOHOME,Commerce,71.23000000000015
2024-10-08,8.35,17.56,25.91,-9.21,12.94,DOHOME,Commerce,62.020000000000145
2024-10-09,1.12,6.43,7.54,-5.31,7.93,DOHOME,Commerce,56.71000000000014
2024-10-10,0.52,3.39,3.91,-2.87,6.97,DOHOME,Commerce,53.840000000000146
2024-10-11,0.99,5.96,6.95,-4.96,6.62,DOHOME,Commerce,48.880000000000145
2024-10-15,10.79,8.71,19.5,2.08,8.97,DOHOME,Commerce,50.96000000000014
2024-10-16,11.29,5.6,16.88,5.69,8.33,DOHOME,Commerce,56.65000000000014
2024-10-17,5.66,4.64,10.3,1.02,5.91,DOHOME,Commerce,57.670000000000144
2024-10-18,3.86,2.48,6.35,1.38,7.69,DOHOME,Commerce,59.050000000000146
2024-10-21,2.17,0.51,2.68,1.65,6.84,DOHOME,Commerce,60.700000000000145
2024-10-22,2.71,9.08,11.79,-6.38,10.22,DOHOME,Commerce,54.32000000000014
2024-10-24,7.95,9.92,17.87,-1.97,8.91,DOHOME,Commerce,52.35000000000014
2024-10-25,8.6,26.22,34.82,-17.61,22.83,DOHOME,Commerce,34.740000000000144
2024-10-28,9.54,7.99,17.53,1.55,20.28,DOHOME,Commerce,36.29000000000014
2024-10-29,9.49,11.28,20.77,-1.79,14.26,DOHOME,Commerce,34.50000000000014
2024-10-30,5.4,8.51,13.91,-3.11,17.59,DOHOME,Commerce,31.390000000000143
2024-10-31,14.42,6.83,21.25,7.59,12.42,DOHOME,Commerce,38.980000000000146
2024-11-01,7.24,3.91,11.15,3.33,8.05,DOHOME,Commerce,42.310000000000144
2024-11-04,4.79,4.97,9.76,-0.18,8.18,DOHOME,Commerce,42.130000000000145
2024-11-05,7.36,5.02,12.38,2.34,5.15,DOHOME,Commerce,44.47000000000014
2024-11-06,8.82,5.97,14.78,2.85,6.17,DOHOME,Commerce,47.32000000000014
2024-11-07,1.45,1.64,3.09,-0.19,3.56,DOHOME,Commerce,47.130000000000145
2024-11-08,3.15,3.86,7.0,-0.71,6.8,DOHOME,Commerce,46.420000000000144
2024-11-11,1.81,0.77,2.58,1.04,3.49,DOHOME,Commerce,47.46000000000014
2024-11-12,0.71,0.82,1.54,-0.11,5.35,DOHOME,Commerce,47.35000000000014
2024-11-13,2.48,0.96,3.44,1.52,3.03,DOHOME,Commerce,48.87000000000015
2024-11-14,4.99,3.24,8.23,1.74,11.15,DOHOME,Commerce,50.61000000000015
2024-11-15,2.24,8.2,10.45,-5.96,14.75,DOHOME,Commerce,44.65000000000015
2024-11-18,6.1,3.85,9.95,2.25,8.4,DOHOME,Commerce,46.90000000000015
2024-11-19,2.41,1.5,3.91,0.91,6.24,DOHOME,Commerce,47.810000000000144
2024-11-20,1.22,1.56,2.78,-0.34,7.07,DOHOME,Commerce,47.47000000000014
2024-11-21,3.62,5.66,9.28,-2.04,5.81,DOHOME,Commerce,45.43000000000014
2024-11-22,19.75,8.3,28.05,11.45,12.19,DOHOME,Commerce,56.88000000000014
2024-11-25,3.36,3.1,6.46,0.25,10.55,DOHOME,Commerce,57.13000000000014
2024-11-26,3.2,1.06,4.26,2.14,7.31,DOHOME,Commerce,59.27000000000014
2024-11-27,2.11,2.6,4.71,-0.49,14.54,DOHOME,Commerce,58.780000000000136
2024-11-28,1.65,4.05,5.7,-2.4,18.81,DOHOME,Commerce,56.38000000000014
2024-11-29,2.46,0.73,3.19,1.73,6.06,DOHOME,Commerce,58.110000000000134
2024-12-02,2.75,1.97,4.72,0.78,10.37,DOHOME,Commerce,58.890000000000136
2024-12-03,3.09,0.37,3.47,2.72,11.53,DOHOME,Commerce,61.610000000000134
2024-12-04,2.35,2.26,4.61,0.09,6.3,DOHOME,Commerce,61.70000000000014
2024-12-06,1.92,2.25,4.17,-0.33,5.23,DOHOME,Commerce,61.37000000000014
2024-12-09,3.89,5.43,9.32,-1.54,8.01,DOHOME,Commerce,59.83000000000014
2024-12-11,1.75,5.65,7.4,-3.9,12.08,DOHOME,Commerce,55.93000000000014
2024-12-12,1.93,2.03,3.96,-0.11,8.88,DOHOME,Commerce,55.82000000000014
2024-12-13,0.39,1.51,1.89,-1.12,5.48,DOHOME,Commerce,54.700000000000145
2024-12-16,1.73,4.39,6.12,-2.66,8.38,DOHOME,Commerce,52.04000000000015
2024-12-17,3.29,4.64,7.93,-1.35,4.29,DOHOME,Commerce,50.69000000000015
2024-12-18,1.11,4.02,5.14,-2.91,6.21,DOHOME,Commerce,47.78000000000014
2024-12-19,0.84,1.33,2.18,-0.49,3.11,DOHOME,Commerce,47.29000000000014
2024-12-20,5.78,1.29,7.08,4.49,7.3,DOHOME,Commerce,51.78000000000014
2024-12-23,12.42,3.34,15.76,9.08,15.16,DOHOME,Commerce,60.86000000000014
2024-12-24,4.81,5.32,10.13,-0.51,13.79,DOHOME,Commerce,60.35000000000014
2024-12-25,1.74,2.66,4.39,-0.92,9.26,DOHOME,Commerce,59.43000000000014
2024-12-26,2.95,1.19,4.14,1.77,7.46,DOHOME,Commerce,61.200000000000145
2024-12-27,2.65,2.06,4.71,0.59,3.44,DOHOME,Commerce,61.79000000000015
2024-12-30,0.35,1.61,1.96,-1.26,4.3,DOHOME,Commerce,60.53000000000015
2025-01-02,3.05,2.97,6.01,0.08,5.29,DOHOME,Commerce,60.61000000000015
2025-01-03,2.17,2.59,4.76,-0.41,8.8,DOHOME,Commerce,60.20000000000015
2025-01-06,3.12,1.12,4.24,2.0,5.33,DOHOME,Commerce,62.20000000000015
2025-01-07,19.49,2.28,21.77,17.2,9.35,DOHOME,Commerce,79.40000000000015
2025-01-08,3.6,8.49,12.09,-4.89,12.22,DOHOME,Commerce,74.51000000000015
2025-01-09,5.91,8.11,14.02,-2.2,8.69,DOHOME,Commerce,72.31000000000014
2025-01-10,0.48,3.65,4.13,-3.16,7.82,DOHOME,Commerce,69.15000000000015
2025-01-13,3.72,10.88,14.6,-7.15,8.54,DOHOME,Commerce,62.00000000000015
2025-01-14,12.91,6.64,19.55,6.27,14.17,DOHOME,Commerce,68.27000000000015
2025-01-15,1.75,7.1,8.85,-5.35,15.74,DOHOME,Commerce,62.92000000000015
2025-01-16,4.56,3.51,8.06,1.05,10.83,DOHOME,Commerce,63.97000000000015
2025-01-17,2.69,3.27,5.96,-0.58,11.05,DOHOME,Commerce,63.39000000000015
2025-01-20,10.35,6.53,16.87,3.82,12.7,DOHOME,Commerce,67.21000000000015
2025-01-21,6.65,9.47,16.12,-2.82,11.15,DOHOME,Commerce,64.39000000000016
2025-01-22,2.39,6.46,8.85,-4.08,12.34,DOHOME,Commerce,60.31000000000016
2025-01-23,1.31,5.26,6.57,-3.96,9.87,DOHOME,Commerce,56.35000000000016
2025-01-24,2.38,4.99,7.36,-2.61,17.21,DOHOME,Commerce,53.74000000000016
2025-01-27,0.77,4.8,5.58,-4.03,16.91,DOHOME,Commerce,49.71000000000016
2025-01-28,2.05,3.54,5.59,-1.49,16.37,DOHOME,Commerce,48.220000000000155
2025-01-29,0.63,5.48,6.11,-4.85,13.14,DOHOME,Commerce,43.370000000000154
2025-01-30,2.92,4.38,7.3,-1.45,14.58,DOHOME,Commerce,41.92000000000015
2025-01-31,7.32,17.34,24.66,-10.01,6.98,DOHOME,Commerce,31.910000000000153
2025-02-03,25.44,11.73,37.17,13.72,18.61,DOHOME,Commerce,45.63000000000015
2025-02-04,11.1,9.97,21.07,1.13,12.3,DOHOME,Commerce,46.760000000000154
2025-02-05,21.15,4.04,25.19,17.11,11.33,DOHOME,Commerce,63.870000000000154
2025-02-06,8.64,5.98,14.62,2.67,15.03,DOHOME,Commerce,66.54000000000015
2025-02-07,28.57,12.85,41.42,15.71,17.1,DOHOME,Commerce,82.25000000000014
2025-02-10,12.45,7.79,20.24,4.66,16.48,DOHOME,Commerce,86.91000000000014
2025-02-11,21.75,0.84,22.6,20.91,14.22,DOHOME,Commerce,107.82000000000014
2025-02-13,9.4,25.41,34.81,-16.01,18.86,DOHOME,Commerce,91.81000000000013
2025-02-14,19.35,2.87,22.22,16.48,16.36,DOHOME,Commerce,108.29000000000013
2025-02-17,20.37,4.39,24.76,15.97,16.14,DOHOME,Commerce,124.26000000000013
2025-02-18,13.12,11.28,24.39,1.84,12.78,DOHOME,Commerce,126.10000000000014
2025-02-19,10.55,18.34,28.9,-7.79,14.38,DOHOME,Commerce,118.31000000000013
2025-02-20,29.52,25.31,54.84,4.21,14.23,DOHOME,Commerce,122.52000000000012
2025-02-21,25.99,17.68,43.67,8.31,24.56,DOHOME,Commerce,130.83000000000013
2025-02-24,20.47,21.4,41.87,-0.93,13.03,DOHOME,Commerce,129.90000000000012
2025-02-25,32.43,29.77,62.19,2.66,15.85,DOHOME,Commerce,132.56000000000012
2025-02-26,28.94,33.01,61.94,-4.07,18.72,DOHOME,Commerce,128.49000000000012
2025-02-27,13.43,17.14,30.57,-3.71,27.63,DOHOME,Commerce,124.78000000000013
2025-02-28,19.8,10.62,30.43,9.18,27.56,DOHOME,Commerce,133.96000000000012
2025-03-03,20.69,7.66,28.35,13.03,19.19,DOHOME,Commerce,146.99000000000012
2025-03-04,13.23,7.91,21.15,5.32,14.05,DOHOME,Commerce,152.31000000000012
2025-03-05,4.89,9.08,13.97,-4.19,15.65,DOHOME,Commerce,148.12000000000012
2025-03-06,9.37,11.62,21.0,-2.25,15.87,DOHOME,Commerce,145.87000000000012
2025-03-07,5.9,7.18,13.07,-1.28,23.58,DOHOME,Commerce,144.59000000000012
2025-03-10,1.24,7.26,8.51,-6.02,19.67,DOHOME,Commerce,138.5700000000001
2025-03-11,8.13,17.18,25.31,-9.05,22.55,DOHOME,Commerce,129.5200000000001
2025-03-12,8.79,12.73,21.52,-3.93,23.82,DOHOME,Commerce,125.59000000000009
2025-03-13,4.01,14.27,18.28,-10.26,25.89,DOHOME,Commerce,115.33000000000008
2025-03-14,4.0,4.86,8.86,-0.86,19.26,DOHOME,Commerce,114.47000000000008
2025-03-17,4.85,10.3,15.15,-5.45,18.98,DOHOME,Commerce,109.02000000000008
2025-03-18,5.3,9.96,15.26,-4.67,13.99,DOHOME,Commerce,104.35000000000008
2025-03-19,17.77,6.26,24.03,11.51,24.01,DOHOME,Commerce,115.86000000000008
2025-03-20,10.14,15.1,25.24,-4.96,15.43,DOHOME,Commerce,110.90000000000009
2025-03-21,7.37,15.31,22.68,-7.94,22.0,DOHOME,Commerce,102.9600000000001
2025-03-24,5.96,8.21,14.18,-2.25,20.6,DOHOME,Commerce,100.7100000000001
2025-03-25,4.63,15.2,19.83,-10.58,11.08,DOHOME,Commerce,90.1300000000001
2025-03-26,13.95,8.43,22.38,5.51,22.54,DOHOME,Commerce,95.6400000000001
2025-03-27,8.88,13.61,22.48,-4.73,17.07,DOHOME,Commerce,90.9100000000001
2025-03-28,16.97,11.34,28.31,5.64,18.78,DOHOME,Commerce,96.5500000000001
2025-03-31,53.44,15.05,68.49,38.4,19.0,DOHOME,Commerce,134.9500000000001
2025-04-01,13.01,31.47,44.48,-18.47,16.64,DOHOME,Commerce,116.4800000000001
2025-04-02,18.52,5.35,23.86,13.17,21.05,DOHOME,Commerce,129.6500000000001
2025-04-03,12.46,6.14,18.6,6.33,27.22,DOHOME,Commerce,135.9800000000001
2025-04-04,10.78,18.91,29.69,-8.12,27.2,DOHOME,Commerce,127.8600000000001
2025-04-08,14.1,16.95,31.05,-2.85,29.27,DOHOME,Commerce,125.0100000000001
2025-04-09,26.3,18.28,44.58,8.02,27.3,DOHOME,Commerce,133.03000000000011
2025-04-10,44.62,41.38,86.01,3.24,24.92,DOHOME,Commerce,136.27000000000012
2025-04-11,11.09,9.95,21.04,1.14,28.11,DOHOME,Commerce,137.4100000000001
2025-04-16,20.34,11.31,31.65,9.03,32.77,DOHOME,Commerce,146.4400000000001
2025-04-17,11.92,10.01,21.93,1.91,21.83,DOHOME,Commerce,148.3500000000001
2025-04-18,17.26,29.23,46.49,-11.98,25.23,DOHOME,Commerce,136.37000000000012
2025-04-21,9.41,20.73,30.14,-11.31,34.58,DOHOME,Commerce,125.06000000000012
2025-04-22,15.76,14.33,30.08,1.43,25.22,DOHOME,Commerce,126.49000000000012
2025-04-23,9.62,5.98,15.61,3.64,22.29,DOHOME,Commerce,130.1300000000001
2025-04-24,4.7,7.29,11.99,-2.58,28.44,DOHOME,Commerce,127.55000000000011
2025-04-25,3.87,15.3,19.17,-11.43,18.39,DOHOME,Commerce,116.12000000000012
2025-04-28,6.14,3.13,9.28,3.01,19.1,DOHOME,Commerce,119.13000000000012
2025-04-29,6.44,5.12,11.55,1.32,19.32,DOHOME,Commerce,120.45000000000012
2025-04-30,6.76,3.08,9.84,3.69,21.11,DOHOME,Commerce,124.14000000000011
2025-05-02,6.59,9.28,15.86,-2.69,21.24,DOHOME,Commerce,121.45000000000012
2025-05-06,4.88,8.45,13.33,-3.57,24.38,DOHOME,Commerce,117.88000000000012
2025-05-07,4.47,4.09,8.56,0.39,19.51,DOHOME,Commerce,118.27000000000012
2025-05-08,15.75,12.96,28.71,2.79,18.37,DOHOME,Commerce,121.06000000000013
2025-05-09,12.82,31.97,44.78,-19.15,19.41,DOHOME,Commerce,101.91000000000014
2025-05-13,34.56,9.96,44.52,24.61,31.14,DOHOME,Commerce,126.52000000000014
2025-05-14,7.42,12.46,19.88,-5.04,22.88,DOHOME,Commerce,121.48000000000013
2025-05-15,3.77,12.24,16.01,-8.47,19.18,DOHOME,Commerce,113.01000000000013
2025-05-16,6.38,10.45,16.83,-4.07,21.21,DOHOME,Commerce,108.94000000000014
2025-05-19,17.1,11.3,28.4,5.8,18.71,DOHOME,Commerce,114.74000000000014
2025-05-20,18.59,24.08,42.68,-5.49,19.63,DOHOME,Commerce,109.25000000000014
2025-05-21,39.77,19.8,59.57,19.97,20.56,DOHOME,Commerce,129.22000000000014
2025-05-22,38.86,26.58,65.44,12.28,22.6,DOHOME,Commerce,141.50000000000014
2025-05-23,32.96,19.66,52.62,13.3,23.73,DOHOME,Commerce,154.80000000000015
2025-05-26,11.7,6.0,17.7,5.69,21.17,DOHOME,Commerce,160.49000000000015
2025-05-27,16.48,13.84,30.32,2.65,19.41,DOHOME,Commerce,163.14000000000016
2025-05-28,24.01,33.94,57.96,-9.93,20.18,DOHOME,Commerce,153.21000000000015
2025-05-29,15.58,12.03,27.61,3.55,22.97,DOHOME,Commerce,156.76000000000016
2025-05-30,46.97,25.94,72.91,21.02,20.12,DOHOME,Commerce,177.78000000000017
2025-06-04,25.28,10.97,36.25,14.31,21.43,DOHOME,Commerce,192.09000000000017
2025-06-05,9.04,12.51,21.55,-3.47,15.58,DOHOME,Commerce,188.62000000000018
2025-06-06,7.56,21.84,29.39,-14.28,27.68,DOHOME,Commerce,174.34000000000017
2025-06-09,5.08,7.06,12.14,-1.97,22.42,DOHOME,Commerce,172.37000000000018
2025-06-10,15.14,7.12,22.26,8.02,29.04,DOHOME,Commerce,180.39000000000019
2025-06-11,4.87,8.75,13.62,-3.88,24.05,DOHOME,Commerce,176.5100000000002
2025-06-12,4.65,17.81,22.46,-13.15,23.57,DOHOME,Commerce,163.36000000000018
2025-06-13,7.14,8.31,15.44,-1.17,20.61,DOHOME,Commerce,162.1900000000002
2025-06-16,13.89,10.12,24.01,3.76,24.58,DOHOME,Commerce,165.9500000000002
2025-06-17,12.05,6.24,18.29,5.81,18.69,DOHOME,Commerce,171.7600000000002
2025-06-18,11.33,7.25,18.58,4.08,25.88,DOHOME,Commerce,175.8400000000002
2025-06-19,14.77,23.65,38.42,-8.89,19.07,DOHOME,Commerce,166.95000000000022
2025-06-20,21.3,8.57,29.87,12.73,20.88,DOHOME,Commerce,179.6800000000002
2025-06-23,31.94,22.37,54.32,9.57,14.99,DOHOME,Commerce,189.2500000000002
2025-06-24,77.95,19.9,97.85,58.05,11.89,DOHOME,Commerce,247.30000000000018
2025-06-25,42.37,27.28,69.65,15.09,18.18,DOHOME,Commerce,262.39000000000016
2025-06-26,54.2,79.19,133.39,-24.99,18.66,DOHOME,Commerce,237.40000000000015
2025-06-27,37.89,44.79,82.68,-6.9,23.96,DOHOME,Commerce,230.50000000000014
2025-06-30,33.64,28.11,61.75,5.53,23.64,DOHOME,Commerce,236.03000000000014
2025-07-01,39.13,24.11,63.23,15.02,21.36,DOHOME,Commerce,251.05000000000015
2025-07-02,32.99,28.38,61.37,4.61,20.32,DOHOME,Commerce,255.66000000000017
2025-07-03,37.42,17.3,54.71,20.12,17.72,DOHOME,Commerce,275.78000000000014
2025-07-04,23.55,21.17,44.72,2.38,21.71,DOHOME,Commerce,278.16000000000014
2025-07-07,25.21,9.7,34.9,15.51,20.31,DOHOME,Commerce,293.67000000000013
2025-07-08,12.37,18.5,30.87,-6.13,19.45,DOHOME,Commerce,287.54000000000013
2025-07-09,16.37,21.84,38.22,-5.47,26.57,DOHOME,Commerce,282.0700000000001
2025-07-11,56.32,11.42,67.73,44.9,26.64,DOHOME,Commerce,326.9700000000001
2025-07-14,19.72,21.3,41.02,-1.58,22.03,DOHOME,Commerce,325.3900000000001
2025-07-15,19.69,17.62,37.31,2.06,17.97,DOHOME,Commerce,327.4500000000001
2025-07-16,19.31,28.03,47.34,-8.72,20.96,DOHOME,Commerce,318.7300000000001
2025-07-17,24.97,12.38,37.35,12.58,20.2,DOHOME,Commerce,331.31000000000006
2025-07-18,35.6,45.47,81.07,-9.87,17.94,DOHOME,Commerce,321.44000000000005
2025-07-21,20.44,29.36,49.81,-8.92,20.0,DOHOME,Commerce,312.52000000000004
2025-07-22,12.71,52.74,65.45,-40.03,24.34,DOHOME,Commerce,272.49
2025-07-23,62.29,12.34,74.63,49.95,19.14,DOHOME,Commerce,322.44
2025-07-24,61.44,76.73,138.18,-15.29,15.33,DOHOME,Commerce,307.15
2025-07-25,18.87,106.98,125.85,-88.1,19.45,DOHOME,Commerce,219.04999999999998
2025-07-29,25.1,35.17,60.27,-10.06,18.51,DOHOME,Commerce,208.98999999999998
2025-07-30,32.51,32.4,64.91,0.11,18.77,DOHOME,Commerce,209.1
2025-07-31,10.08,28.56,38.64,-18.48,17.91,DOHOME,Commerce,190.62
2025-08-01,10.15,28.5,38.65,-18.35,12.93,DOHOME,Commerce,172.27
2025-08-04,18.11,17.27,35.37,0.84,21.3,DOHOME,Commerce,173.11
2025-08-05,30.28,28.44,58.73,1.84,20.91,DOHOME,Commerce,174.95000000000002
2025-08-06,82.87,45.21,128.07,37.66,18.1,DOHOME,Commerce,212.61
2025-08-07,11.24,87.97,99.21,-76.72,17.02,DOHOME,Commerce,135.89000000000001
2025-08-08,11.28,34.15,45.43,-22.88,17.24,DOHOME,Commerce,113.01000000000002
2025-08-13,10.33,31.28,41.61,-20.96,15.67,DOHOME,Commerce,92.05000000000001
2025-08-14,17.17,26.98,44.16,-9.81,19.26,DOHOME,Commerce,82.24000000000001
2025-08-15,12.96,26.45,39.4,-13.49,18.32,DOHOME,Commerce,68.75000000000001
2025-08-18,16.12,6.46,22.59,9.66,19.17,DOHOME,Commerce,78.41000000000001
2025-08-19,14.79,8.21,23.0,6.58,16.62,DOHOME,Commerce,84.99000000000001
2025-08-20,22.94,9.43,32.37,13.51,20.58,DOHOME,Commerce,98.50000000000001
2025-08-21,13.67,26.69,40.36,-13.02,21.31,DOHOME,Commerce,85.48000000000002
2025-08-22,9.48,11.0,20.48,-1.52,16.53,DOHOME,Commerce,83.96000000000002
2025-08-25,46.87,23.57,70.44,23.3,28.69,DOHOME,Commerce,107.26000000000002
2025-08-26,9.54,29.03,38.56,-19.49,24.95,DOHOME,Commerce,87.77000000000002
2025-08-27,13.23,17.36,30.59,-4.13,16.94,DOHOME,Commerce,83.64000000000003
2025-08-28,19.98,22.08,42.06,-2.1,12.88,DOHOME,Commerce,81.54000000000003
2025-08-29,29.27,40.42,69.69,-11.15,22.32,DOHOME,Commerce,70.39000000000003
2025-09-01,83.9,33.65,117.55,50.25,26.4,DOHOME,Commerce,120.64000000000003
2025-09-02,24.63,39.15,63.78,-14.53,15.17,DOHOME,Commerce,106.11000000000003
2025-09-03,82.03,25.98,108.02,56.05,22.2,DOHOME,Commerce,162.16000000000003
2025-09-04,26.89,34.53,61.42,-7.65,16.68,DOHOME,Commerce,154.51000000000002
2025-09-05,43.08,16.66,59.74,26.43,21.66,DOHOME,Commerce,180.94000000000003
2025-09-08,58.69,50.86,109.56,7.83,18.18,DOHOME,Commerce,188.77000000000004
2025-09-09,22.96,29.63,52.59,-6.68,22.49,DOHOME,Commerce,182.09000000000003
2025-09-10,2.09,39.27,41.36,-37.18,20.01,DOHOME,Commerce,144.91000000000003
2025-09-11,16.59,28.5,45.09,-11.91,21.83,DOHOME,Commerce,133.00000000000003
2025-09-12,15.56,40.75,56.31,-25.18,19.33,DOHOME,Commerce,107.82000000000002
2025-09-15,26.57,23.03,49.6,3.55,27.07,DOHOME,Commerce,111.37000000000002
2025-09-16,65.35,28.71,94.06,36.64,24.32,DOHOME,Commerce,148.01000000000002
2025-09-17,26.06,31.12,57.18,-5.06,25.89,DOHOME,Commerce,142.95000000000002
2025-09-18,17.64,50.77,68.41,-33.13,24.05,DOHOME,Commerce,109.82000000000002
2025-09-19,20.8,28.04,48.83,-7.24,23.82,DOHOME,Commerce,102.58000000000003
2025-09-22,14.61,28.56,43.18,-13.95,20.93,DOHOME,Commerce,88.63000000000002
2025-09-23,23.89,21.14,45.04,2.75,22.59,DOHOME,Commerce,91.38000000000002
2025-09-24,20.13,20.35,40.48,-0.23,26.0,DOHOME,Commerce,91.15000000000002
2025-09-25,8.04,11.51,19.55,-3.47,15.63,DOHOME,Commerce,87.68000000000002
2025-09-26,8.8,12.34,21.14,-3.54,23.29,DOHOME,Commerce,84.14000000000001
2025-09-29,5.74,12.11,17.85,-6.37,16.95,DOHOME,Commerce,77.77000000000001
2025-09-30,8.62,13.79,22.41,-5.17,16.47,DOHOME,Commerce,72.60000000000001
2025-10-01,2.04,6.9,8.93,-4.86,8.29,DOHOME,Commerce,67.74000000000001
2025-10-02,17.77,9.66,27.43,8.11,20.15,DOHOME,Commerce,75.85000000000001
2025-10-03,40.33,33.82,74.15,6.51,21.37,DOHOME,Commerce,82.36000000000001
2025-10-06,10.42,29.94,40.36,-19.52,19.04,DOHOME,Commerce,62.84000000000002
2025-10-07,12.79,13.54,26.32,-0.75,14.53,DOHOME,Commerce,62.09000000000002
2025-10-08,22.32,30.18,52.5,-7.86,18.55,DOHOME,Commerce,54.23000000000002
2025-10-09,8.21,15.26,23.47,-7.05,18.96,DOHOME,Commerce,47.18000000000002
2025-10-10,4.62,16.36,20.98,-11.74,17.41,DOHOME,Commerce,35.44000000000002
2025-10-14,14.85,11.42,26.27,3.44,20.82,DOHOME,Commerce,38.88000000000002
2025-10-15,25.61,13.89,39.5,11.73,24.59,DOHOME,Commerce,50.610000000000014
2025-10-16,1.0,15.98,16.97,-14.98,19.65,DOHOME,Commerce,35.63000000000001
2025-10-17,3.81,23.36,27.17,-19.55,15.54,DOHOME,Commerce,16.08000000000001
2025-10-20,96.17,21.51,117.68,74.66,20.5,DOHOME,Commerce,90.74000000000001
2025-10-21,16.95,26.66,43.62,-9.71,15.29,DOHOME,Commerce,81.03
2025-10-22,17.29,21.23,38.52,-3.94,21.42,DOHOME,Commerce,77.09
2025-10-24,20.05,25.52,45.57,-5.47,21.39,DOHOME,Commerce,71.62
2025-10-27,25.23,29.83,55.06,-4.6,20.62,DOHOME,Commerce,67.02000000000001
2025-10-28,25.55,24.24,49.8,1.31,17.39,DOHOME,Commerce,68.33000000000001
2025-10-29,3.35,19.54,22.89,-16.19,23.99,DOHOME,Commerce,52.140000000000015
2025-10-30,5.68,24.34,30.02,-18.67,21.64,DOHOME,Commerce,33.47000000000001
2025-10-31,2.19,15.66,17.85,-13.47,15.42,DOHOME,Commerce,20.000000000000014
2025-11-03,10.36,6.11,16.48,4.25,25.22,DOHOME,Commerce,24.250000000000014
2025-11-04,8.84,16.37,25.21,-7.53,14.7,DOHOME,Commerce,16.720000000000013
2025-11-05,2.26,7.15,9.41,-4.89,17.07,DOHOME,Commerce,11.830000000000013
2025-11-06,5.66,5.09,10.75,0.57,15.06,DOHOME,Commerce,12.400000000000013
2025-11-07,5.31,7.33,12.64,-2.02,7.78,DOHOME,Commerce,10.380000000000013
2025-11-10,82.53,12.26,94.8,70.27,26.9,DOHOME,Commerce,80.65
2025-11-11,16.64,28.31,44.95,-11.67,26.44,DOHOME,Commerce,68.98
2025-11-12,3.96,37.48,41.44,-33.53,28.41,DOHOME,Commerce,35.45
2025-11-13,9.46,14.58,24.04,-5.12,22.18,DOHOME,Commerce,30.330000000000002
2025-11-14,5.06,15.4,20.46,-10.34,13.95,DOHOME,Commerce,19.990000000000002
2025-11-17,6.05,8.92,14.98,-2.87,16.38,DOHOME,Commerce,17.12
2025-11-18,3.69,9.11,12.81,-5.42,14.18,DOHOME,Commerce,11.700000000000001
2025-11-19,4.33,4.19,8.52,0.14,10.54,DOHOME,Commerce,11.840000000000002
2025-11-20,13.46,8.16,21.62,5.3,12.85,DOHOME,Commerce,17.14
2025-11-21,4.78,11.44,16.22,-6.66,9.66,DOHOME,Commerce,10.48
2025-11-24,23.43,15.79,39.23,7.64,18.09,DOHOME,Commerce,18.12
2025-11-25,17.36,3.52,20.88,13.84,16.94,DOHOME,Commerce,31.96
2025-11-26,13.96,35.26,49.22,-21.31,17.11,DOHOME,Commerce,10.650000000000002
2025-11-27,13.7,6.33,20.02,7.37,16.66,DOHOME,Commerce,18.020000000000003
2025-11-28,22.63,17.5,40.14,5.13,18.01,DOHOME,Commerce,23.150000000000002
2025-12-01,7.79,7.5,15.29,0.28,16.9,DOHOME,Commerce,23.430000000000003
2025-12-02,4.58,7.9,12.48,-3.32,15.43,DOHOME,Commerce,20.110000000000003
2025-12-03,12.96,11.9,24.86,1.06,25.31,DOHOME,Commerce,21.17
2025-12-04,1.86,6.03,7.88,-4.17,12.02,DOHOME,Commerce,17.0
2025-12-08,1.41,13.66,15.07,-12.26,8.42,DOHOME,Commerce,4.74
2025-12-09,6.97,8.44,15.41,-1.47,12.36,DOHOME,Commerce,3.2700000000000005
2025-12-11,3.15,4.97,8.12,-1.82,10.84,DOHOME,Commerce,1.4500000000000004
2025-12-12,16.25,5.38,21.63,10.87,20.84,DOHOME,Commerce,12.32
2025-12-15,10.81,5.16,15.98,5.65,20.62,DOHOME,Commerce,17.97
2025-12-16,16.98,10.22,27.2,6.76,18.36,DOHOME,Commerce,24.729999999999997
2025-12-17,4.62,12.64,17.26,-8.02,20.81,DOHOME,Commerce,16.709999999999997
2025-12-18,1.03,8.62,9.65,-7.59,15.24,DOHOME,Commerce,9.119999999999997
2025-12-19,1.61,1.96,3.57,-0.35,12.42,DOHOME,Commerce,8.769999999999998
2025-12-22,5.16,2.32,7.48,2.84,17.48,DOHOME,Commerce,11.609999999999998
2025-12-23,28.81,7.73,36.54,21.08,28.06,DOHOME,Commerce,32.69
2025-12-24,7.84,3.95,11.79,3.89,22.13,DOHOME,Commerce,36.58
2025-12-25,1.85,12.29,14.14,-10.43,22.09,DOHOME,Commerce,26.15
2025-12-26,3.9,15.91,19.82,-12.01,21.55,DOHOME,Commerce,14.139999999999999
2025-12-29,1.78,5.43,7.21,-3.66,16.28,DOHOME,Commerce,10.479999999999999
2025-12-30,2.59,4.47,7.06,-1.88,15.69,DOHOME,Commerce,8.599999999999998
2026-01-05,6.2,7.52,13.72,-1.32,10.46,DOHOME,Commerce,7.279999999999998
2026-01-06,13.93,10.75,24.68,3.19,18.83,DOHOME,Commerce,10.469999999999997
2026-01-07,42.11,6.44,48.55,35.67,21.39,DOHOME,Commerce,46.14
2026-01-08,7.23,19.57,26.79,-12.34,20.91,DOHOME,Commerce,33.8
2026-01-09,4.44,8.52,12.96,-4.08,16.36,DOHOME,Commerce,29.72
2026-01-12,5.31,13.42,18.74,-8.11,18.66,DOHOME,Commerce,21.61
2026-01-13,6.44,10.64,17.08,-4.2,13.18,DOHOME,Commerce,17.41
2026-01-14,4.44,8.87,13.32,-4.43,20.13,DOHOME,Commerce,12.98
2026-01-15,8.77,8.76,17.53,0.01,14.27,DOHOME,Commerce,12.99
2026-01-16,1.94,6.38,8.33,-4.44,8.19,DOHOME,Commerce,8.55
2026-01-19,14.74,4.11,18.85,10.62,27.78,DOHOME,Commerce,19.17
2026-01-20,39.11,3.54,42.65,35.58,20.86,DOHOME,Commerce,54.75
2026-01-21,21.72,6.12,27.84,15.6,17.92,DOHOME,Commerce,70.35
2026-01-22,9.63,26.11,35.73,-16.48,22.01,DOHOME,Commerce,53.86999999999999
2026-01-23,1.88,17.94,19.82,-16.06,18.95,DOHOME,Commerce,37.80999999999999
2026-01-26,6.26,9.83,16.09,-3.56,18.32,DOHOME,Commerce,34.249999999999986
2026-01-27,26.88,4.33,31.21,22.55,21.68,DOHOME,Commerce,56.79999999999998
2026-01-28,6.83,11.04,17.87,-4.21,22.26,DOHOME,Commerce,52.58999999999998
2026-01-29,6.29,11.2,17.49,-4.9,24.2,DOHOME,Commerce,47.68999999999998
2026-01-30,1.24,8.69,9.93,-7.45,22.21,DOHOME,Commerce,40.23999999999998
2026-02-02,3.05,14.61,17.67,-11.56,24.26,DOHOME,Commerce,28.67999999999998
2026-02-03,55.04,7.58,62.62,47.45,24.22,DOHOME,Commerce,76.12999999999998
2026-02-04,6.87,8.7,15.57,-1.83,24.96,DOHOME,Commerce,74.29999999999998
2026-02-05,15.76,11.27,27.03,4.49,28.9,DOHOME,Commerce,78.78999999999998
2026-02-06,17.33,26.97,44.3,-9.63,29.33,DOHOME,Commerce,69.15999999999998
2026-02-09,44.36,14.07,58.43,30.29,21.67,DOHOME,Commerce,99.44999999999999
2026-02-10,20.14,22.78,42.92,-2.63,21.54,DOHOME,Commerce,96.82
2026-02-11,15.95,18.49,34.44,-2.53,17.89,DOHOME,Commerce,94.28999999999999
2026-02-12,23.17,13.33,36.51,9.84,23.88,DOHOME,Commerce,104.13
2026-02-13,16.69,20.29,36.98,-3.6,23.69,DOHOME,Commerce,100.53
2026-02-16,7.03,18.2,25.23,-11.17,23.27,DOHOME,Commerce,89.36
2026-02-17,35.05,12.88,47.92,22.17,21.48,DOHOME,Commerce,111.53
2026-02-18,39.09,21.55,60.64,17.54,19.61,DOHOME,Commerce,129.07
2026-02-19,51.6,34.26,85.86,17.34,14.75,DOHOME,Commerce,146.41
2026-02-20,17.19,34.36,51.55,-17.18,16.33,DOHOME,Commerce,129.23
2026-02-23,18.16,63.0,81.16,-44.84,16.61,DOHOME,Commerce,84.38999999999999
2026-02-24,17.33,28.33,45.66,-11.0,15.07,DOHOME,Commerce,73.38999999999999
2026-02-25,19.31,21.64,40.94,-2.33,16.29,DOHOME,Commerce,71.05999999999999
2026-02-26,18.95,22.63,41.57,-3.68,19.6,DOHOME,Commerce,67.37999999999998
2026-02-27,5.28,17.67,22.96,-12.39,12.87,DOHOME,Commerce,54.98999999999998
2026-03-02,10.78,26.91,37.69,-16.13,18.17,DOHOME,Commerce,38.859999999999985
2026-03-04,25.05,28.31,53.36,-3.26,20.89,DOHOME,Commerce,35.59999999999999
2026-03-05,14.76,32.59,47.35,-17.84,24.16,DOHOME,Commerce,17.759999999999987
2026-03-06,5.26,12.54,17.8,-7.27,14.12,DOHOME,Commerce,10.489999999999988
2026-03-09,13.23,12.96,26.19,0.27,28.86,DOHOME,Commerce,10.759999999999987
2026-03-10,4.81,13.37,18.18,-8.56,26.71,DOHOME,Commerce,2.199999999999987
2026-03-11,4.14,8.08,12.22,-3.95,20.49,DOHOME,Commerce,-1.7500000000000133
2026-03-12,10.5,9.8,20.3,0.7,25.41,DOHOME,Commerce,-1.0500000000000134
2026-03-13,5.21,11.94,17.16,-6.73,26.23,DOHOME,Commerce,-7.780000000000014
2026-03-16,9.0,6.82,15.82,2.18,21.25,DOHOME,Commerce,-5.600000000000014
2026-03-17,4.48,4.43,8.91,0.05,18.88,DOHOME,Commerce,-5.550000000000014
2026-03-18,0.74,4.26,5.0,-3.53,18.69,DOHOME,Commerce,-9.080000000000014
2026-03-19,1.19,3.29,4.49,-2.1,4.98,DOHOME,Commerce,-11.180000000000014
2026-03-20,3.68,5.05,8.73,-1.37,21.56,DOHOME,Commerce,-12.550000000000015
2026-03-23,3.64,3.57,7.21,0.07,14.03,DOHOME,Commerce,-12.480000000000015
2026-03-24,2.86,3.28,6.14,-0.41,18.71,DOHOME,Commerce,-12.890000000000015
2026-03-25,4.98,3.95,8.93,1.03,13.96,DOHOME,Commerce,-11.860000000000015
2026-03-26,1.73,3.21,4.94,-1.49,8.06,DOHOME,Commerce,-13.350000000000016
2026-03-27,11.16,5.87,17.03,5.29,19.44,DOHOME,Commerce,-8.060000000000016
2026-03-30,5.98,2.58,8.56,3.4,18.93,DOHOME,Commerce,-4.660000000000016
2026-03-31,6.63,7.37,14.0,-0.75,15.2,DOHOME,Commerce,-5.410000000000016
2026-04-01,7.87,4.05,11.92,3.82,10.04,DOHOME,Commerce,-1.5900000000000163
2026-04-02,3.89,6.93,10.82,-3.04,13.16,DOHOME,Commerce,-4.630000000000017
2026-04-03,10.33,10.44,20.77,-0.11,12.98,DOHOME,Commerce,-4.740000000000017
2026-04-07,10.29,2.54,12.83,7.75,14.64,DOHOME,Commerce,3.009999999999983
2026-04-08,10.46,6.89,17.35,3.57,15.41,DOHOME,Commerce,6.579999999999982
2026-04-09,4.97,8.2,13.17,-3.23,15.05,DOHOME,Commerce,3.3499999999999823
2026-04-10,3.49,4.85,8.33,-1.36,19.56,DOHOME,Commerce,1.9899999999999822
2026-04-16,9.05,7.57,16.62,1.48,20.86,DOHOME,Commerce,3.469999999999982
2026-04-17,5.86,2.97,8.83,2.88,18.21,DOHOME,Commerce,6.349999999999982
2026-04-20,5.25,7.19,12.44,-1.93,13.57,DOHOME,Commerce,4.419999999999982
2026-04-21,6.74,6.61,13.35,0.13,14.26,DOHOME,Commerce,4.549999999999982
2026-04-22,9.4,9.84,19.24,-0.44,16.29,DOHOME,Commerce,4.109999999999982
2026-04-23,17.25,13.44,30.69,3.81,27.54,DOHOME,Commerce,7.919999999999982
2026-04-24,6.42,5.64,12.06,0.78,19.01,DOHOME,Commerce,8.699999999999982
2026-04-27,2.26,5.15,7.41,-2.89,14.68,DOHOME,Commerce,5.809999999999981
2026-04-28,2.91,3.93,6.84,-1.03,16.37,DOHOME,Commerce,4.779999999999981
2026-04-29,9.83,7.73,17.56,2.1,20.87,DOHOME,Commerce,6.879999999999981
2026-04-30,3.37,4.17,7.54,-0.8,16.97,DOHOME,Commerce,6.079999999999981
2026-05-05,3.24,3.93,7.17,-0.69,12.1,DOHOME,Commerce,5.389999999999981
2026-05-06,12.88,5.59,18.47,7.29,22.21,DOHOME,Commerce,12.679999999999982
2026-05-07,17.1,9.37,26.48,7.73,17.81,DOHOME,Commerce,20.409999999999982
2026-05-08,2.99,6.83,9.82,-3.85,13.37,DOHOME,Commerce,16.55999999999998
2026-05-11,3.74,10.5,14.24,-6.76,16.68,DOHOME,Commerce,9.799999999999981
2026-05-12,1.81,14.0,15.81,-12.19,12.5,DOHOME,Commerce,-2.3900000000000183
2026-05-13,2.38,1.0,3.38,1.37,6.31,DOHOME,Commerce,-1.0200000000000182
2026-05-14,6.28,1.31,7.59,4.96,12.89,DOHOME,Commerce,3.9399999999999817
2026-05-15,16.93,0.52,17.46,16.41,14.29,DOHOME,Commerce,20.34999999999998
2026-05-18,2.32,9.72,12.04,-7.4,24.09,DOHOME,Commerce,12.94999999999998
2026-05-19,29.58,4.41,33.99,25.17,19.58,DOHOME,Commerce,38.11999999999998
2026-05-20,2.54,14.96,17.5,-12.42,20.5,DOHOME,Commerce,25.69999999999998
2026-05-21,20.07,5.42,25.49,14.65,15.7,DOHOME,Commerce,40.34999999999998
2026-05-22,22.38,18.29,40.66,4.09,20.19,DOHOME,Commerce,44.43999999999998
2026-05-25,2.83,3.04,5.87,-0.21,5.48,DOHOME,Commerce,44.22999999999998
2026-05-26,2.05,15.43,17.47,-13.38,20.45,DOHOME,Commerce,30.84999999999998
2026-05-27,0.09,4.34,4.43,-4.26,11.64,DOHOME,Commerce,26.589999999999982
2026-05-28,3.56,3.34,6.9,0.22,14.88,DOHOME,Commerce,26.80999999999998
2026-05-29,1.53,8.08,9.61,-6.54,23.86,DOHOME,Commerce,20.269999999999982
2026-06-02,2.08,5.62,7.7,-3.54,18.61,DOHOME,Commerce,16.729999999999983
2026-06-04,3.17,6.06,9.24,-2.89,13.73,DOHOME,Commerce,13.839999999999982
2026-06-05,4.89,7.23,12.12,-2.34,19.19,DOHOME,Commerce,11.499999999999982
2026-06-08,1.02,7.45,8.47,-6.43,15.74,DOHOME,Commerce,5.0699999999999825
2026-06-09,0.17,6.23,6.4,-6.07,16.45,DOHOME,Commerce,-1.0000000000000178
2026-06-10,0.99,4.88,5.87,-3.88,12.54,DOHOME,Commerce,-4.880000000000018
2026-06-11,3.86,1.25,5.11,2.61,10.42,DOHOME,Commerce,-2.270000000000018
2026-06-12,5.27,3.14,8.41,2.12,17.74,DOHOME,Commerce,-0.15000000000001767
2026-06-15,2.55,7.42,9.97,-4.87,23.37,DOHOME,Commerce,-5.020000000000017
2026-06-16,4.97,7.27,12.24,-2.31,14.92,DOHOME,Commerce,-7.330000000000018
2026-06-17,12.04,4.33,16.37,7.71,19.41,DOHOME,Commerce,0.37999999999998213
2026-06-18,2.26,6.44,8.71,-4.18,20.84,DOHOME,Commerce,-3.8000000000000176
2026-06-19,8.89,1.97,10.86,6.92,17.22,DOHOME,Commerce,3.1199999999999823
2026-06-22,1.38,7.12,8.5,-5.74,16.46,DOHOME,Commerce,-2.620000000000018
2026-06-23,2.09,4.46,6.55,-2.37,12.46,DOHOME,Commerce,-4.990000000000018
2026-06-24,5.51,2.94,8.45,2.57,30.11,DOHOME,Commerce,-2.420000000000018
2026-06-25,20.52,5.04,25.56,15.48,13.75,DOHOME,Commerce,13.059999999999983
2026-06-26,87.23,18.28,105.51,68.96,15.89,DOHOME,Commerce,82.01999999999998
2026-06-29,12.86,20.92,33.78,-8.05,21.61,DOHOME,Commerce,73.96999999999998
2026-06-30,18.43,26.37,44.79,-7.94,28.81,DOHOME,Commerce,66.02999999999999
2026-07-01,11.07,21.07,32.13,-10.0,21.02,DOHOME,Commerce,56.02999999999999
2026-07-02,22.75,25.56,48.3,-2.81,16.1,DOHOME,Commerce,53.219999999999985
2026-07-03,21.24,20.91,42.14,0.33,13.94,DOHOME,Commerce,53.54999999999998
2026-07-06,14.8,7.18,21.98,7.62,14.98,DOHOME,Commerce,61.16999999999998
2026-07-07,15.09,15.47,30.56,-0.37,23.56,DOHOME,Commerce,60.79999999999998
2026-07-08,8.01,25.46,33.47,-17.45,15.72,DOHOME,Commerce,43.34999999999998
2026-07-09,8.25,4.61,12.86,3.64,16.55,DOHOME,Commerce,46.98999999999998
2026-07-10,38.42,12.29,50.71,26.14,17.91,DOHOME,Commerce,73.12999999999998
2026-07-13,13.04,9.76,22.8,3.28,16.57,DOHOME,Commerce,76.40999999999998
2026-07-14,44.96,37.71,82.67,7.25,17.09,DOHOME,Commerce,83.65999999999998
2026-07-15,19.8,15.71,35.51,4.09,12.77,DOHOME,Commerce,87.74999999999999
2026-07-16,13.82,7.7,21.52,6.12,16.33,DOHOME,Commerce,93.86999999999999
2026-07-17,5.72,13.58,19.3,-7.86,18.03,DOHOME,Commerce,86.00999999999999
2026-07-20,8.62,5.43,14.05,3.19,19.32,DOHOME,Commerce,89.19999999999999
2026-07-21,9.37,8.64,18.01,0.73,12.76,DOHOME,Commerce,89.92999999999999
2026-07-22,13.7,14.99,28.69,-1.29,20.54,DOHOME,Commerce,88.63999999999999
2026-07-23,3.73,11.09,14.82,-7.36,19.34,DOHOME,Commerce,81.27999999999999
2026-07-24,17.62,6.55,24.17,11.08,21.73,DOHOME,Commerce,92.35999999999999
2026-07-27,17.3,6.41,23.7,10.89,25.68,DOHOME,Commerce,103.24999999999999
2026-07-30,12.46,8.46,20.92,4.0,24.97,DOHOME,Commerce,107.24999999999999
2026-07-31,15.87,10.03,25.91,5.84,15.06,DOHOME,Commerce,113.08999999999999
2026-08-03,51.53,37.72,89.26,13.81,29.86,DOHOME,Commerce,126.89999999999999
2026-08-04,46.07,33.65,79.72,12.42,19.75,DOHOME,Commerce,139.32
2026-08-05,51.51,21.07,72.57,30.44,19.41,DOHOME,Commerce,169.76
2026-08-06,17.16,17.34,34.49,-0.18,21.68,DOHOME,Commerce,169.57999999999998
2026-08-07,12.09,7.05,19.14,5.04,27.23,DOHOME,Commerce,174.61999999999998
2026-08-10,8.19,12.0,20.19,-3.81,24.01,DOHOME,Commerce,170.80999999999997
2026-08-11,40.79,21.06,61.86,19.73,20.4,DOHOME,Commerce,190.53999999999996
2026-08-13,20.92,43.17,64.09,-22.24,18.66,DOHOME,Commerce,168.29999999999995
2026-08-14,11.3,22.49,33.8,-11.19,23.73,DOHOME,Commerce,157.10999999999996
2026-08-17,34.53,9.79,44.32,24.75,18.14,DOHOME,Commerce,181.85999999999996
