date,buy_mb,sell_mb,buy_sell_mb,net_mb,nvdr_pct,symbol,sector,cumulative_net_mb
2020-01-02,10.16,4.13,14.3,6.03,10.84,GFPT,Agri,6.03
2020-01-03,7.04,3.38,10.42,3.67,8.22,GFPT,Agri,9.7
2020-01-06,5.89,6.99,12.88,-1.1,15.74,GFPT,Agri,8.6
2020-01-07,4.64,4.11,8.75,0.53,11.21,GFPT,Agri,9.129999999999999
2020-01-08,2.74,2.89,5.63,-0.14,8.76,GFPT,Agri,8.989999999999998
2020-01-09,16.83,27.85,44.67,-11.02,18.81,GFPT,Agri,-2.030000000000001
2020-01-10,5.8,6.21,12.0,-0.41,8.81,GFPT,Agri,-2.4400000000000013
2020-01-13,15.79,16.06,31.86,-0.27,13.34,GFPT,Agri,-2.7100000000000013
2020-01-14,13.21,25.77,38.98,-12.56,12.19,GFPT,Agri,-15.270000000000001
2020-01-15,6.15,2.56,8.71,3.59,11.02,GFPT,Agri,-11.680000000000001
2020-01-16,8.76,2.62,11.38,6.14,14.88,GFPT,Agri,-5.540000000000002
2020-01-17,8.83,2.86,11.69,5.98,10.5,GFPT,Agri,0.4399999999999986
2020-01-20,11.75,9.93,21.68,1.81,19.19,GFPT,Agri,2.2499999999999987
2020-01-21,14.61,4.46,19.07,10.15,16.31,GFPT,Agri,12.399999999999999
2020-01-22,18.14,4.0,22.14,14.14,22.54,GFPT,Agri,26.54
2020-01-23,5.99,4.5,10.48,1.49,13.72,GFPT,Agri,28.029999999999998
2020-01-24,1.11,1.31,2.42,-0.21,13.15,GFPT,Agri,27.819999999999997
2020-01-27,3.91,6.01,9.91,-2.1,6.57,GFPT,Agri,25.719999999999995
2020-01-28,2.11,8.1,10.2,-5.99,21.89,GFPT,Agri,19.729999999999997
2020-01-29,2.63,2.76,5.39,-0.12,20.78,GFPT,Agri,19.609999999999996
2020-01-30,11.62,16.9,28.52,-5.29,13.89,GFPT,Agri,14.319999999999997
2020-01-31,7.01,7.11,14.12,-0.1,12.4,GFPT,Agri,14.219999999999997
2020-02-03,7.76,23.3,31.06,-15.54,15.93,GFPT,Agri,-1.320000000000002
2020-02-04,0.84,4.39,5.24,-3.55,6.39,GFPT,Agri,-4.870000000000002
2020-02-05,9.15,10.52,19.67,-1.36,11.7,GFPT,Agri,-6.230000000000002
2020-02-06,2.76,17.33,20.09,-14.57,23.16,GFPT,Agri,-20.800000000000004
2020-02-07,3.02,12.29,15.31,-9.28,22.98,GFPT,Agri,-30.080000000000005
2020-02-11,6.83,10.1,16.93,-3.27,14.99,GFPT,Agri,-33.35000000000001
2020-02-12,15.95,19.75,35.7,-3.8,18.07,GFPT,Agri,-37.150000000000006
2020-02-13,9.52,9.86,19.38,-0.33,18.9,GFPT,Agri,-37.480000000000004
2020-02-14,9.04,38.19,47.23,-29.16,23.63,GFPT,Agri,-66.64
2020-02-17,2.38,3.69,6.07,-1.3,22.6,GFPT,Agri,-67.94
2020-02-18,4.61,6.15,10.76,-1.54,18.26,GFPT,Agri,-69.48
2020-02-19,1.49,6.03,7.52,-4.54,16.78,GFPT,Agri,-74.02000000000001
2020-02-20,1.3,2.3,3.61,-1.0,15.47,GFPT,Agri,-75.02000000000001
2020-02-21,2.6,4.19,6.79,-1.6,29.85,GFPT,Agri,-76.62
2020-02-24,2.66,28.76,31.42,-26.1,27.05,GFPT,Agri,-102.72
2020-02-25,7.26,14.41,21.67,-7.16,25.07,GFPT,Agri,-109.88
2020-02-26,2.73,19.92,22.64,-17.19,24.2,GFPT,Agri,-127.07
2020-02-27,5.94,9.03,14.97,-3.09,20.31,GFPT,Agri,-130.16
2020-02-28,10.65,7.59,18.24,3.05,24.84,GFPT,Agri,-127.11
2020-03-02,2.6,9.38,11.99,-6.78,27.75,GFPT,Agri,-133.89
2020-03-03,4.44,6.33,10.77,-1.89,21.69,GFPT,Agri,-135.77999999999997
2020-03-04,21.93,8.37,30.3,13.57,41.4,GFPT,Agri,-122.20999999999998
2020-03-05,7.3,12.67,19.97,-5.37,30.45,GFPT,Agri,-127.57999999999998
2020-03-06,4.05,3.42,7.47,0.63,23.35,GFPT,Agri,-126.94999999999999
2020-03-09,4.69,13.4,18.09,-8.7,19.18,GFPT,Agri,-135.64999999999998
2020-03-10,1.79,7.98,9.76,-6.19,30.14,GFPT,Agri,-141.83999999999997
2020-03-11,3.44,14.07,17.51,-10.63,25.95,GFPT,Agri,-152.46999999999997
2020-03-12,12.87,12.89,25.76,-0.02,28.52,GFPT,Agri,-152.48999999999998
2020-03-13,6.11,12.0,18.11,-5.88,25.69,GFPT,Agri,-158.36999999999998
2020-03-16,12.66,14.4,27.06,-1.74,27.94,GFPT,Agri,-160.10999999999999
2020-03-17,12.35,14.06,26.41,-1.71,40.53,GFPT,Agri,-161.82
2020-03-18,7.23,7.38,14.61,-0.15,23.78,GFPT,Agri,-161.97
2020-03-19,4.35,2.24,6.59,2.11,31.74,GFPT,Agri,-159.85999999999999
2020-03-20,7.67,6.25,13.92,1.42,29.04,GFPT,Agri,-158.44
2020-03-23,3.04,1.35,4.39,1.69,21.86,GFPT,Agri,-156.75
2020-03-24,3.58,1.23,4.82,2.35,22.28,GFPT,Agri,-154.4
2020-03-25,5.69,2.13,7.82,3.55,18.65,GFPT,Agri,-150.85
2020-03-26,1.62,5.79,7.41,-4.17,21.69,GFPT,Agri,-155.01999999999998
2020-03-27,1.4,4.09,5.49,-2.69,14.03,GFPT,Agri,-157.70999999999998
2020-03-30,2.27,3.14,5.41,-0.87,17.29,GFPT,Agri,-158.57999999999998
2020-03-31,5.53,9.76,15.29,-4.23,38.74,GFPT,Agri,-162.80999999999997
2020-04-01,2.54,6.52,9.06,-3.98,21.31,GFPT,Agri,-166.78999999999996
2020-04-02,4.3,3.0,7.3,1.29,15.9,GFPT,Agri,-165.49999999999997
2020-04-03,4.04,2.03,6.07,2.0,16.43,GFPT,Agri,-163.49999999999997
2020-04-07,23.04,7.49,30.53,15.55,17.93,GFPT,Agri,-147.94999999999996
2020-04-08,4.65,3.82,8.47,0.84,12.27,GFPT,Agri,-147.10999999999996
2020-04-09,4.47,4.66,9.13,-0.19,9.07,GFPT,Agri,-147.29999999999995
2020-04-10,6.44,2.31,8.74,4.13,27.98,GFPT,Agri,-143.16999999999996
2020-04-13,4.45,4.99,9.43,-0.54,12.64,GFPT,Agri,-143.70999999999995
2020-04-14,5.52,6.53,12.05,-1.01,10.29,GFPT,Agri,-144.71999999999994
2020-04-15,5.01,2.27,7.27,2.74,10.66,GFPT,Agri,-141.97999999999993
2020-04-16,3.0,3.23,6.22,-0.23,11.3,GFPT,Agri,-142.20999999999992
2020-04-17,7.02,7.18,14.21,-0.16,18.18,GFPT,Agri,-142.36999999999992
2020-04-20,7.8,1.48,9.29,6.32,17.05,GFPT,Agri,-136.04999999999993
2020-04-21,2.3,2.31,4.61,-0.02,12.56,GFPT,Agri,-136.06999999999994
2020-04-22,6.29,7.27,13.56,-0.99,9.99,GFPT,Agri,-137.05999999999995
2020-04-23,7.1,6.64,13.75,0.46,10.29,GFPT,Agri,-136.59999999999994
2020-04-24,2.17,3.86,6.03,-1.68,7.55,GFPT,Agri,-138.27999999999994
2020-04-27,7.07,2.74,9.81,4.34,12.07,GFPT,Agri,-133.93999999999994
2020-04-28,4.58,1.2,5.78,3.38,10.84,GFPT,Agri,-130.55999999999995
2020-04-29,3.65,3.19,6.85,0.46,7.47,GFPT,Agri,-130.09999999999994
2020-04-30,3.9,5.45,9.35,-1.56,10.92,GFPT,Agri,-131.65999999999994
2020-05-05,1.43,2.76,4.19,-1.33,19.21,GFPT,Agri,-132.98999999999995
2020-05-07,8.53,5.45,13.98,3.07,22.39,GFPT,Agri,-129.91999999999996
2020-05-08,1.93,0.29,2.22,1.63,15.72,GFPT,Agri,-128.28999999999996
2020-05-11,6.37,1.89,8.26,4.48,18.01,GFPT,Agri,-123.80999999999996
2020-05-12,36.46,29.41,65.87,7.05,15.09,GFPT,Agri,-116.75999999999996
2020-05-13,14.94,21.89,36.83,-6.96,19.02,GFPT,Agri,-123.71999999999996
2020-05-14,4.18,4.45,8.63,-0.26,17.25,GFPT,Agri,-123.97999999999996
2020-05-15,5.07,2.18,7.25,2.89,11.42,GFPT,Agri,-121.08999999999996
2020-05-18,8.84,9.33,18.17,-0.49,21.2,GFPT,Agri,-121.57999999999996
2020-05-19,18.79,14.29,33.08,4.51,26.21,GFPT,Agri,-117.06999999999995
2020-05-20,8.13,6.11,14.23,2.02,8.31,GFPT,Agri,-115.04999999999995
2020-05-21,2.08,6.32,8.4,-4.24,11.46,GFPT,Agri,-119.28999999999995
2020-05-22,4.77,2.28,7.05,2.49,10.66,GFPT,Agri,-116.79999999999995
2020-05-25,19.31,8.52,27.83,10.79,12.55,GFPT,Agri,-106.00999999999996
2020-05-26,4.21,10.55,14.76,-6.33,10.35,GFPT,Agri,-112.33999999999996
2020-05-27,24.24,11.23,35.47,13.01,9.13,GFPT,Agri,-99.32999999999996
2020-05-28,12.49,9.64,22.13,2.85,10.04,GFPT,Agri,-96.47999999999996
2020-05-29,12.61,10.3,22.91,2.31,24.93,GFPT,Agri,-94.16999999999996
2020-06-01,3.07,4.65,7.73,-1.58,8.25,GFPT,Agri,-95.74999999999996
2020-06-02,17.4,3.47,20.87,13.93,12.25,GFPT,Agri,-81.81999999999996
2020-06-04,5.03,6.69,11.72,-1.65,11.96,GFPT,Agri,-83.46999999999997
2020-06-05,7.63,3.99,11.63,3.64,14.06,GFPT,Agri,-79.82999999999997
2020-06-08,29.62,10.42,40.04,19.2,15.76,GFPT,Agri,-60.62999999999997
2020-06-09,22.71,29.84,52.55,-7.13,15.32,GFPT,Agri,-67.75999999999996
2020-06-10,8.94,20.56,29.5,-11.62,27.39,GFPT,Agri,-79.37999999999997
2020-06-11,9.7,10.25,19.95,-0.56,19.97,GFPT,Agri,-79.93999999999997
2020-06-12,6.67,4.05,10.71,2.62,11.61,GFPT,Agri,-77.31999999999996
2020-06-15,9.23,10.94,20.17,-1.71,10.97,GFPT,Agri,-79.02999999999996
2020-06-16,21.68,16.98,38.67,4.7,15.0,GFPT,Agri,-74.32999999999996
2020-06-17,12.33,23.01,35.34,-10.68,15.11,GFPT,Agri,-85.00999999999996
2020-06-18,4.28,7.81,12.09,-3.54,8.89,GFPT,Agri,-88.54999999999997
2020-06-19,2.73,11.44,14.17,-8.71,14.47,GFPT,Agri,-97.25999999999996
2020-06-22,27.62,24.03,51.66,3.59,10.69,GFPT,Agri,-93.66999999999996
2020-06-23,3.48,24.22,27.71,-20.74,17.95,GFPT,Agri,-114.40999999999995
2020-06-24,5.96,13.87,19.83,-7.91,15.68,GFPT,Agri,-122.31999999999995
2020-06-25,18.19,7.16,25.35,11.03,17.71,GFPT,Agri,-111.28999999999995
2020-06-26,9.5,6.14,15.64,3.37,21.98,GFPT,Agri,-107.91999999999994
2020-06-29,6.46,6.12,12.58,0.33,20.29,GFPT,Agri,-107.58999999999995
2020-06-30,9.06,10.06,19.12,-1.0,24.21,GFPT,Agri,-108.58999999999995
2020-07-01,1.72,8.06,9.77,-6.34,12.81,GFPT,Agri,-114.92999999999995
2020-07-02,7.58,5.51,13.08,2.07,27.02,GFPT,Agri,-112.85999999999996
2020-07-03,2.3,4.53,6.83,-2.22,7.68,GFPT,Agri,-115.07999999999996
2020-07-07,9.73,3.8,13.53,5.93,13.21,GFPT,Agri,-109.14999999999995
2020-07-08,2.65,10.19,12.84,-7.54,17.69,GFPT,Agri,-116.68999999999996
2020-07-09,4.46,5.49,9.95,-1.03,15.18,GFPT,Agri,-117.71999999999996
2020-07-10,3.73,4.34,8.07,-0.61,14.59,GFPT,Agri,-118.32999999999996
2020-07-13,3.31,5.26,8.57,-1.94,15.23,GFPT,Agri,-120.26999999999995
2020-07-14,6.75,6.93,13.68,-0.17,13.13,GFPT,Agri,-120.43999999999996
2020-07-15,38.98,15.25,54.23,23.73,13.07,GFPT,Agri,-96.70999999999995
2020-07-16,5.53,11.32,16.85,-5.79,13.97,GFPT,Agri,-102.49999999999996
2020-07-17,12.3,16.81,29.11,-4.51,15.05,GFPT,Agri,-107.00999999999996
2020-07-20,16.36,10.57,26.93,5.78,11.62,GFPT,Agri,-101.22999999999996
2020-07-21,9.66,17.24,26.9,-7.59,13.71,GFPT,Agri,-108.81999999999996
2020-07-22,6.6,9.61,16.21,-3.01,14.91,GFPT,Agri,-111.82999999999997
2020-07-23,6.32,11.6,17.93,-5.28,17.56,GFPT,Agri,-117.10999999999997
2020-07-24,9.04,8.1,17.14,0.95,26.53,GFPT,Agri,-116.15999999999997
2020-07-29,6.83,5.8,12.63,1.03,22.88,GFPT,Agri,-115.12999999999997
2020-07-30,11.61,11.5,23.11,0.11,16.52,GFPT,Agri,-115.01999999999997
2020-07-31,11.1,7.57,18.67,3.54,23.06,GFPT,Agri,-111.47999999999996
2020-08-03,2.22,2.74,4.96,-0.52,21.75,GFPT,Agri,-111.99999999999996
2020-08-04,1.31,1.79,3.11,-0.48,17.23,GFPT,Agri,-112.47999999999996
2020-08-05,2.81,2.02,4.83,0.79,20.29,GFPT,Agri,-111.68999999999996
2020-08-06,7.61,7.05,14.65,0.56,21.4,GFPT,Agri,-111.12999999999995
2020-08-07,2.71,2.35,5.05,0.36,11.49,GFPT,Agri,-110.76999999999995
2020-08-10,6.09,9.64,15.73,-3.55,25.56,GFPT,Agri,-114.31999999999995
2020-08-11,8.9,5.32,14.22,3.58,12.62,GFPT,Agri,-110.73999999999995
2020-08-13,34.29,19.67,53.96,14.62,18.82,GFPT,Agri,-96.11999999999995
2020-08-14,10.82,11.56,22.38,-0.74,19.28,GFPT,Agri,-96.85999999999994
2020-08-17,5.63,1.73,7.36,3.9,12.78,GFPT,Agri,-92.95999999999994
2020-08-18,4.6,13.31,17.91,-8.71,20.29,GFPT,Agri,-101.66999999999993
2020-08-19,12.05,26.47,38.52,-14.42,16.44,GFPT,Agri,-116.08999999999993
2020-08-20,2.83,4.95,7.78,-2.12,24.56,GFPT,Agri,-118.20999999999994
2020-08-21,17.01,11.03,28.03,5.98,33.51,GFPT,Agri,-112.22999999999993
2020-08-24,11.26,21.15,32.41,-9.88,20.2,GFPT,Agri,-122.10999999999993
2020-08-25,17.54,17.93,35.47,-0.4,9.37,GFPT,Agri,-122.50999999999993
2020-08-26,3.11,3.64,6.75,-0.53,5.1,GFPT,Agri,-123.03999999999994
2020-08-27,7.74,4.34,12.08,3.39,15.16,GFPT,Agri,-119.64999999999993
2020-08-28,3.66,4.57,8.23,-0.9,16.58,GFPT,Agri,-120.54999999999994
2020-08-31,6.56,7.31,13.87,-0.75,23.97,GFPT,Agri,-121.29999999999994
2020-09-01,3.34,4.34,7.68,-1.0,15.67,GFPT,Agri,-122.29999999999994
2020-09-02,9.14,4.62,13.76,4.52,25.32,GFPT,Agri,-117.77999999999994
2020-09-03,2.93,4.84,7.77,-1.91,9.87,GFPT,Agri,-119.68999999999994
2020-09-08,2.77,12.82,15.59,-10.05,20.21,GFPT,Agri,-129.73999999999995
2020-09-09,1.22,3.65,4.87,-2.43,21.03,GFPT,Agri,-132.16999999999996
2020-09-10,1.29,13.96,15.25,-12.68,38.46,GFPT,Agri,-144.84999999999997
2020-09-11,4.21,5.2,9.41,-0.99,21.26,GFPT,Agri,-145.83999999999997
2020-09-14,2.24,5.34,7.58,-3.1,15.79,GFPT,Agri,-148.93999999999997
2020-09-15,8.49,4.98,13.47,3.51,12.99,GFPT,Agri,-145.42999999999998
2020-09-16,13.26,5.67,18.93,7.6,28.16,GFPT,Agri,-137.82999999999998
2020-09-17,7.83,2.25,10.09,5.58,21.4,GFPT,Agri,-132.24999999999997
2020-09-18,6.72,5.52,12.24,1.2,13.25,GFPT,Agri,-131.04999999999998
2020-09-21,2.4,2.97,5.37,-0.56,11.56,GFPT,Agri,-131.60999999999999
2020-09-22,5.1,5.41,10.52,-0.31,20.85,GFPT,Agri,-131.92
2020-09-23,3.17,9.83,13.01,-6.66,17.93,GFPT,Agri,-138.57999999999998
2020-09-24,5.89,8.82,14.71,-2.93,16.93,GFPT,Agri,-141.51
2020-09-25,13.32,20.71,34.04,-7.39,17.9,GFPT,Agri,-148.89999999999998
2020-09-28,4.37,6.75,11.12,-2.37,16.6,GFPT,Agri,-151.26999999999998
2020-09-29,8.06,5.77,13.83,2.29,24.14,GFPT,Agri,-148.98
2020-09-30,4.68,6.2,10.88,-1.53,21.67,GFPT,Agri,-150.51
2020-10-01,3.49,3.45,6.94,0.05,24.63,GFPT,Agri,-150.45999999999998
2020-10-02,2.24,1.93,4.17,0.32,18.5,GFPT,Agri,-150.14
2020-10-05,8.1,0.78,8.87,7.32,21.24,GFPT,Agri,-142.82
2020-10-06,10.03,3.12,13.15,6.91,14.29,GFPT,Agri,-135.91
2020-10-07,8.3,6.83,15.12,1.47,12.93,GFPT,Agri,-134.44
2020-10-08,8.68,9.38,18.05,-0.7,10.49,GFPT,Agri,-135.14
2020-10-09,5.12,6.34,11.46,-1.22,16.46,GFPT,Agri,-136.35999999999999
2020-10-12,9.24,6.53,15.78,2.71,16.14,GFPT,Agri,-133.64999999999998
2020-10-14,5.41,5.47,10.88,-0.06,11.13,GFPT,Agri,-133.70999999999998
2020-10-15,2.34,6.12,8.46,-3.78,21.78,GFPT,Agri,-137.48999999999998
2020-10-16,3.86,3.82,7.68,0.03,24.51,GFPT,Agri,-137.45999999999998
2020-10-19,2.41,4.24,6.65,-1.83,24.08,GFPT,Agri,-139.29
2020-10-20,3.14,6.86,10.01,-3.72,32.7,GFPT,Agri,-143.01
2020-10-21,2.39,1.62,4.01,0.77,20.74,GFPT,Agri,-142.23999999999998
2020-10-22,9.58,4.99,14.57,4.6,21.89,GFPT,Agri,-137.64
2020-10-26,1.96,2.17,4.13,-0.21,42.51,GFPT,Agri,-137.85
2020-10-27,3.56,7.62,11.18,-4.07,15.81,GFPT,Agri,-141.92
2020-10-28,2.26,4.82,7.09,-2.56,19.01,GFPT,Agri,-144.48
2020-10-29,2.19,4.39,6.58,-2.2,15.83,GFPT,Agri,-146.67999999999998
2020-10-30,3.8,4.62,8.42,-0.82,14.65,GFPT,Agri,-147.49999999999997
2020-11-02,2.88,7.87,10.75,-4.98,19.01,GFPT,Agri,-152.47999999999996
2020-11-03,3.3,1.22,4.52,2.07,17.78,GFPT,Agri,-150.40999999999997
2020-11-04,1.14,2.19,3.32,-1.05,32.0,GFPT,Agri,-151.45999999999998
2020-11-05,8.04,3.94,11.97,4.1,20.05,GFPT,Agri,-147.35999999999999
2020-11-06,0.97,3.63,4.59,-2.66,18.28,GFPT,Agri,-150.01999999999998
2020-11-09,2.76,2.28,5.04,0.48,17.31,GFPT,Agri,-149.54
2020-11-10,25.36,34.8,60.16,-9.44,39.31,GFPT,Agri,-158.98
2020-11-11,8.64,10.41,19.05,-1.78,21.54,GFPT,Agri,-160.76
2020-11-12,5.21,9.06,14.28,-3.85,26.48,GFPT,Agri,-164.60999999999999
2020-11-13,13.43,14.28,27.71,-0.84,30.75,GFPT,Agri,-165.45
2020-11-16,9.4,13.4,22.8,-4.0,12.7,GFPT,Agri,-169.45
2020-11-17,5.54,7.35,12.89,-1.81,22.56,GFPT,Agri,-171.26
2020-11-18,5.23,3.08,8.31,2.15,32.82,GFPT,Agri,-169.10999999999999
2020-11-19,8.53,4.1,12.62,4.43,25.26,GFPT,Agri,-164.67999999999998
2020-11-20,10.37,4.21,14.58,6.16,26.55,GFPT,Agri,-158.51999999999998
2020-11-23,11.18,18.5,29.68,-7.32,21.47,GFPT,Agri,-165.83999999999997
2020-11-24,12.24,11.55,23.79,0.69,25.73,GFPT,Agri,-165.14999999999998
2020-11-25,18.37,28.98,47.35,-10.6,19.1,GFPT,Agri,-175.74999999999997
2020-11-26,5.9,13.07,18.97,-7.17,20.74,GFPT,Agri,-182.91999999999996
2020-11-27,22.77,20.66,43.43,2.11,15.52,GFPT,Agri,-180.80999999999995
2020-11-30,55.54,19.48,75.02,36.05,26.03,GFPT,Agri,-144.75999999999993
2020-12-01,8.47,19.34,27.8,-10.87,20.12,GFPT,Agri,-155.62999999999994
2020-12-02,10.68,10.34,21.01,0.34,16.5,GFPT,Agri,-155.28999999999994
2020-12-03,16.77,17.01,33.79,-0.24,34.38,GFPT,Agri,-155.52999999999994
2020-12-04,22.22,8.98,31.2,13.24,26.5,GFPT,Agri,-142.28999999999994
2020-12-08,10.45,7.98,18.43,2.46,16.6,GFPT,Agri,-139.82999999999993
2020-12-09,20.85,17.25,38.1,3.6,26.65,GFPT,Agri,-136.22999999999993
2020-12-14,24.14,21.19,45.33,2.95,21.41,GFPT,Agri,-133.27999999999994
2020-12-15,3.22,13.7,16.92,-10.47,12.03,GFPT,Agri,-143.74999999999994
2020-12-16,14.89,11.43,26.32,3.45,19.45,GFPT,Agri,-140.29999999999995
2020-12-17,6.24,6.63,12.87,-0.4,14.03,GFPT,Agri,-140.69999999999996
2020-12-18,8.26,4.7,12.97,3.56,12.89,GFPT,Agri,-137.13999999999996
2020-12-21,15.45,19.06,34.51,-3.62,19.24,GFPT,Agri,-140.75999999999996
2020-12-22,16.99,22.45,39.44,-5.45,21.07,GFPT,Agri,-146.20999999999995
2020-12-23,20.83,14.36,35.18,6.47,20.25,GFPT,Agri,-139.73999999999995
2020-12-24,11.31,8.38,19.69,2.93,25.57,GFPT,Agri,-136.80999999999995
2020-12-25,7.4,4.76,12.15,2.64,21.78,GFPT,Agri,-134.16999999999996
2020-12-28,26.88,30.16,57.05,-3.28,37.19,GFPT,Agri,-137.44999999999996
2020-12-29,18.75,17.82,36.57,0.93,27.18,GFPT,Agri,-136.51999999999995
2020-12-30,20.36,20.62,40.98,-0.27,32.15,GFPT,Agri,-136.78999999999996
2021-01-04,33.9,25.6,59.5,8.3,27.56,GFPT,Agri,-128.48999999999995
2021-01-05,28.0,27.06,55.06,0.93,30.17,GFPT,Agri,-127.55999999999995
2021-01-06,17.55,22.49,40.03,-4.94,34.09,GFPT,Agri,-132.49999999999994
2021-01-07,24.13,56.28,80.41,-32.15,35.13,GFPT,Agri,-164.64999999999995
2021-01-08,12.44,22.24,34.68,-9.79,33.79,GFPT,Agri,-174.43999999999994
2021-01-11,25.01,15.98,40.99,9.03,25.0,GFPT,Agri,-165.40999999999994
2021-01-12,15.37,18.97,34.34,-3.6,19.03,GFPT,Agri,-169.00999999999993
2021-01-13,7.83,18.55,26.38,-10.71,22.36,GFPT,Agri,-179.71999999999994
2021-01-14,5.04,16.16,21.21,-11.12,14.42,GFPT,Agri,-190.83999999999995
2021-01-15,20.92,13.81,34.73,7.1,17.92,GFPT,Agri,-183.73999999999995
2021-01-18,16.18,22.29,38.47,-6.11,23.2,GFPT,Agri,-189.84999999999997
2021-01-19,19.22,13.19,32.41,6.03,18.74,GFPT,Agri,-183.81999999999996
2021-01-20,2.17,13.26,15.42,-11.09,18.21,GFPT,Agri,-194.90999999999997
2021-01-21,5.94,26.95,32.9,-21.01,22.94,GFPT,Agri,-215.91999999999996
2021-01-22,16.81,15.6,32.42,1.21,22.23,GFPT,Agri,-214.70999999999995
2021-01-25,4.53,13.27,17.8,-8.74,22.08,GFPT,Agri,-223.44999999999996
2021-01-26,11.24,13.55,24.79,-2.32,17.89,GFPT,Agri,-225.76999999999995
2021-01-27,13.37,5.08,18.45,8.29,12.9,GFPT,Agri,-217.47999999999996
2021-01-28,16.51,11.32,27.83,5.2,23.56,GFPT,Agri,-212.27999999999997
2021-01-29,12.15,5.25,17.4,6.9,25.66,GFPT,Agri,-205.37999999999997
2021-02-01,10.76,15.88,26.64,-5.12,26.29,GFPT,Agri,-210.49999999999997
2021-02-02,10.93,11.08,22.0,-0.15,25.12,GFPT,Agri,-210.64999999999998
2021-02-03,7.67,8.75,16.42,-1.08,17.18,GFPT,Agri,-211.73
2021-02-04,20.29,14.05,34.34,6.24,17.24,GFPT,Agri,-205.48999999999998
2021-02-05,12.77,17.03,29.81,-4.26,25.05,GFPT,Agri,-209.74999999999997
2021-02-08,4.48,13.56,18.04,-9.08,18.26,GFPT,Agri,-218.82999999999998
2021-02-09,20.27,27.87,48.13,-7.6,18.96,GFPT,Agri,-226.42999999999998
2021-02-10,10.94,11.05,21.99,-0.1,14.23,GFPT,Agri,-226.52999999999997
2021-02-11,11.69,16.89,28.58,-5.2,11.8,GFPT,Agri,-231.72999999999996
2021-02-15,1.75,1.41,3.15,0.34,4.84,GFPT,Agri,-231.38999999999996
2021-02-16,6.07,5.02,11.09,1.05,13.27,GFPT,Agri,-230.33999999999995
2021-02-17,3.87,5.47,9.34,-1.6,17.87,GFPT,Agri,-231.93999999999994
2021-02-18,6.61,5.28,11.88,1.33,16.17,GFPT,Agri,-230.60999999999993
2021-02-19,1.43,0.83,2.25,0.6,4.73,GFPT,Agri,-230.00999999999993
2021-02-22,11.38,13.14,24.52,-1.76,26.65,GFPT,Agri,-231.76999999999992
2021-02-23,6.73,5.5,12.22,1.23,23.03,GFPT,Agri,-230.53999999999994
2021-02-24,16.42,32.32,48.74,-15.9,27.18,GFPT,Agri,-246.43999999999994
2021-02-25,4.53,16.06,20.59,-11.53,28.27,GFPT,Agri,-257.9699999999999
2021-03-01,5.26,12.3,17.56,-7.04,27.99,GFPT,Agri,-265.00999999999993
2021-03-02,1.75,5.99,7.74,-4.25,12.9,GFPT,Agri,-269.25999999999993
2021-03-03,6.02,3.31,9.33,2.71,17.83,GFPT,Agri,-266.54999999999995
2021-03-04,7.08,13.7,20.78,-6.61,24.21,GFPT,Agri,-273.15999999999997
2021-03-05,12.56,11.84,24.4,0.72,17.59,GFPT,Agri,-272.43999999999994
2021-03-08,4.59,19.25,23.85,-14.66,24.97,GFPT,Agri,-287.09999999999997
2021-03-09,7.15,9.52,16.67,-2.37,10.77,GFPT,Agri,-289.46999999999997
2021-03-10,10.79,9.84,20.63,0.95,18.42,GFPT,Agri,-288.52
2021-03-11,19.43,32.9,52.33,-13.46,18.21,GFPT,Agri,-301.97999999999996
2021-03-12,5.02,10.24,15.26,-5.22,15.63,GFPT,Agri,-307.2
2021-03-15,4.31,11.08,15.39,-6.78,8.49,GFPT,Agri,-313.97999999999996
2021-03-16,8.82,6.89,15.71,1.92,11.73,GFPT,Agri,-312.05999999999995
2021-03-17,7.89,11.43,19.32,-3.54,21.03,GFPT,Agri,-315.59999999999997
2021-03-18,4.85,7.5,12.35,-2.65,17.78,GFPT,Agri,-318.24999999999994
2021-03-19,2.32,6.58,8.91,-4.26,11.63,GFPT,Agri,-322.50999999999993
2021-03-22,23.14,17.73,40.87,5.4,21.54,GFPT,Agri,-317.10999999999996
2021-03-23,10.42,13.82,24.24,-3.4,24.49,GFPT,Agri,-320.50999999999993
2021-03-24,4.85,6.7,11.56,-1.85,12.99,GFPT,Agri,-322.35999999999996
2021-03-25,5.47,10.37,15.83,-4.9,22.8,GFPT,Agri,-327.25999999999993
2021-03-26,7.16,13.65,20.81,-6.49,18.29,GFPT,Agri,-333.74999999999994
2021-03-29,0.15,1.14,1.28,-0.99,5.8,GFPT,Agri,-334.73999999999995
2021-03-30,21.17,10.88,32.05,10.28,24.94,GFPT,Agri,-324.46
2021-03-31,19.32,15.75,35.07,3.56,29.6,GFPT,Agri,-320.9
2021-04-01,14.75,27.61,42.37,-12.86,29.09,GFPT,Agri,-333.76
2021-04-02,8.17,7.42,15.59,0.75,34.14,GFPT,Agri,-333.01
2021-04-05,2.17,6.35,8.52,-4.18,12.42,GFPT,Agri,-337.19
2021-04-07,7.87,23.12,30.99,-15.25,25.99,GFPT,Agri,-352.44
2021-04-08,38.38,10.2,48.57,28.18,30.76,GFPT,Agri,-324.26
2021-04-09,0.43,1.9,2.33,-1.48,7.18,GFPT,Agri,-325.74
2021-04-12,8.46,15.72,24.18,-7.26,23.92,GFPT,Agri,-333.0
2021-04-16,7.8,4.66,12.46,3.14,13.76,GFPT,Agri,-329.86
2021-04-19,13.77,31.1,44.86,-17.33,37.34,GFPT,Agri,-347.19
2021-04-20,3.63,5.3,8.93,-1.67,20.83,GFPT,Agri,-348.86
2021-04-21,3.18,7.62,10.8,-4.44,17.45,GFPT,Agri,-353.3
2021-04-22,13.53,7.84,21.37,5.69,12.04,GFPT,Agri,-347.61
2021-04-23,15.99,14.33,30.32,1.66,13.49,GFPT,Agri,-345.95
2021-04-26,9.09,21.96,31.05,-12.86,17.53,GFPT,Agri,-358.81
2021-04-27,3.83,4.92,8.75,-1.09,18.05,GFPT,Agri,-359.9
2021-04-28,3.15,6.73,9.88,-3.58,21.03,GFPT,Agri,-363.47999999999996
2021-04-29,4.56,5.91,10.48,-1.35,13.67,GFPT,Agri,-364.83
2021-04-30,12.22,16.17,28.39,-3.96,18.7,GFPT,Agri,-368.78999999999996
2021-05-05,10.13,14.15,24.28,-4.02,21.9,GFPT,Agri,-372.80999999999995
2021-05-06,2.98,6.63,9.62,-3.65,21.46,GFPT,Agri,-376.4599999999999
2021-05-07,3.94,10.1,14.04,-6.16,26.11,GFPT,Agri,-382.61999999999995
2021-05-10,12.46,12.83,25.29,-0.37,16.43,GFPT,Agri,-382.98999999999995
2021-05-11,16.15,13.33,29.48,2.81,17.4,GFPT,Agri,-380.17999999999995
2021-05-12,4.45,15.02,19.47,-10.57,14.83,GFPT,Agri,-390.74999999999994
2021-05-13,25.54,23.03,48.57,2.51,17.17,GFPT,Agri,-388.23999999999995
2021-05-14,4.11,12.36,16.47,-8.25,17.21,GFPT,Agri,-396.48999999999995
2021-05-17,18.31,34.55,52.87,-16.24,34.44,GFPT,Agri,-412.72999999999996
2021-05-18,3.24,17.31,20.55,-14.08,27.38,GFPT,Agri,-426.80999999999995
2021-05-19,0.7,2.04,2.74,-1.33,13.87,GFPT,Agri,-428.13999999999993
2021-05-20,7.15,10.44,17.6,-3.29,28.19,GFPT,Agri,-431.42999999999995
2021-05-21,8.67,15.48,24.15,-6.81,35.73,GFPT,Agri,-438.23999999999995
2021-05-24,6.02,8.76,14.79,-2.74,16.48,GFPT,Agri,-440.97999999999996
2021-05-25,2.57,7.02,9.6,-4.45,14.95,GFPT,Agri,-445.42999999999995
2021-05-27,8.96,10.48,19.43,-1.52,33.29,GFPT,Agri,-446.94999999999993
2021-05-28,23.38,9.04,32.43,14.34,19.99,GFPT,Agri,-432.60999999999996
2021-05-31,5.23,1.69,6.92,3.53,15.81,GFPT,Agri,-429.08
2021-06-01,8.98,12.87,21.85,-3.89,23.01,GFPT,Agri,-432.96999999999997
2021-06-02,4.51,6.34,10.85,-1.83,19.3,GFPT,Agri,-434.79999999999995
2021-06-04,11.22,19.2,30.42,-7.98,30.55,GFPT,Agri,-442.78
2021-06-07,3.65,6.94,10.59,-3.28,22.92,GFPT,Agri,-446.05999999999995
2021-06-08,5.73,8.16,13.88,-2.43,21.98,GFPT,Agri,-448.48999999999995
2021-06-09,6.6,5.98,12.57,0.62,27.47,GFPT,Agri,-447.86999999999995
2021-06-10,21.85,12.54,34.39,9.31,18.24,GFPT,Agri,-438.55999999999995
2021-06-11,5.39,12.51,17.89,-7.12,16.57,GFPT,Agri,-445.67999999999995
2021-06-14,18.2,26.05,44.25,-7.85,29.82,GFPT,Agri,-453.53
2021-06-15,7.84,28.57,36.4,-20.73,11.72,GFPT,Agri,-474.26
2021-06-16,9.86,17.56,27.43,-7.7,10.74,GFPT,Agri,-481.96
2021-06-17,12.24,25.24,37.48,-13.0,22.99,GFPT,Agri,-494.96
2021-06-18,8.48,10.75,19.23,-2.27,13.88,GFPT,Agri,-497.22999999999996
2021-06-21,12.32,12.76,25.08,-0.44,16.16,GFPT,Agri,-497.66999999999996
2021-06-22,12.83,9.94,22.77,2.89,18.8,GFPT,Agri,-494.78
2021-06-23,13.6,18.73,32.33,-5.14,17.33,GFPT,Agri,-499.91999999999996
2021-06-24,18.6,22.81,41.42,-4.21,21.42,GFPT,Agri,-504.12999999999994
2021-06-25,9.22,7.36,16.58,1.85,17.66,GFPT,Agri,-502.2799999999999
2021-06-28,7.92,4.55,12.47,3.36,11.79,GFPT,Agri,-498.9199999999999
2021-06-29,1.72,2.59,4.31,-0.87,10.34,GFPT,Agri,-499.7899999999999
2021-06-30,6.79,10.37,17.16,-3.58,19.11,GFPT,Agri,-503.3699999999999
2021-07-01,9.98,4.93,14.91,5.05,14.69,GFPT,Agri,-498.3199999999999
2021-07-02,1.0,1.85,2.84,-0.85,7.71,GFPT,Agri,-499.1699999999999
2021-07-05,3.31,6.22,9.53,-2.91,12.89,GFPT,Agri,-502.0799999999999
2021-07-06,1.18,6.07,7.25,-4.9,15.94,GFPT,Agri,-506.9799999999999
2021-07-07,6.52,3.29,9.82,3.23,18.34,GFPT,Agri,-503.7499999999999
2021-07-08,9.63,10.07,19.7,-0.43,15.09,GFPT,Agri,-504.1799999999999
2021-07-09,3.98,8.87,12.85,-4.89,16.79,GFPT,Agri,-509.0699999999999
2021-07-12,2.43,1.44,3.87,1.0,21.38,GFPT,Agri,-508.0699999999999
2021-07-13,0.89,1.73,2.62,-0.84,14.53,GFPT,Agri,-508.90999999999985
2021-07-14,1.13,1.31,2.44,-0.18,20.17,GFPT,Agri,-509.08999999999986
2021-07-15,4.49,1.03,5.52,3.45,22.33,GFPT,Agri,-505.6399999999999
2021-07-16,10.73,7.91,18.64,2.82,28.14,GFPT,Agri,-502.8199999999999
2021-07-19,4.2,2.05,6.25,2.15,18.12,GFPT,Agri,-500.6699999999999
2021-07-20,5.42,3.05,8.47,2.38,20.63,GFPT,Agri,-498.2899999999999
2021-07-21,39.65,17.7,57.35,21.95,12.84,GFPT,Agri,-476.3399999999999
2021-07-22,20.15,43.84,63.99,-23.68,9.76,GFPT,Agri,-500.0199999999999
2021-07-23,44.44,20.15,64.6,24.29,11.35,GFPT,Agri,-475.7299999999999
2021-07-27,24.47,28.66,53.12,-4.19,8.71,GFPT,Agri,-479.9199999999999
2021-07-29,19.81,6.22,26.03,13.59,13.9,GFPT,Agri,-466.3299999999999
2021-07-30,44.96,30.78,75.75,14.18,16.98,GFPT,Agri,-452.1499999999999
2021-08-02,18.8,24.05,42.86,-5.25,12.72,GFPT,Agri,-457.3999999999999
2021-08-03,21.08,21.19,42.26,-0.11,16.02,GFPT,Agri,-457.50999999999993
2021-08-04,25.93,31.79,57.71,-5.86,16.7,GFPT,Agri,-463.36999999999995
2021-08-05,11.18,11.03,22.21,0.16,12.12,GFPT,Agri,-463.2099999999999
2021-08-06,9.55,17.73,27.28,-8.18,10.12,GFPT,Agri,-471.38999999999993
2021-08-09,6.01,20.68,26.69,-14.67,14.68,GFPT,Agri,-486.05999999999995
2021-08-10,30.75,10.36,41.11,20.39,9.29,GFPT,Agri,-465.66999999999996
2021-08-11,47.44,7.4,54.84,40.03,25.22,GFPT,Agri,-425.64
2021-08-13,48.67,8.23,56.89,40.44,22.34,GFPT,Agri,-385.2
2021-08-16,67.68,11.94,79.63,55.74,30.08,GFPT,Agri,-329.46
2021-08-17,11.21,12.34,23.55,-1.13,20.26,GFPT,Agri,-330.59
2021-08-18,9.4,7.76,17.16,1.64,19.98,GFPT,Agri,-328.95
2021-08-19,9.48,5.55,15.03,3.93,30.15,GFPT,Agri,-325.02
2021-08-20,8.89,6.57,15.46,2.32,23.76,GFPT,Agri,-322.7
2021-08-23,12.06,14.26,26.33,-2.2,21.89,GFPT,Agri,-324.9
2021-08-24,14.51,15.55,30.06,-1.03,22.72,GFPT,Agri,-325.92999999999995
2021-08-25,3.18,10.11,13.29,-6.93,17.97,GFPT,Agri,-332.85999999999996
2021-08-26,10.38,8.3,18.68,2.07,22.0,GFPT,Agri,-330.78999999999996
2021-08-27,18.15,6.43,24.58,11.72,20.28,GFPT,Agri,-319.06999999999994
2021-08-30,12.13,3.8,15.93,8.33,24.09,GFPT,Agri,-310.73999999999995
2021-08-31,16.48,8.02,24.5,8.46,17.95,GFPT,Agri,-302.28
2021-09-01,12.13,20.59,32.71,-8.46,24.45,GFPT,Agri,-310.73999999999995
2021-09-02,13.93,24.67,38.6,-10.74,10.91,GFPT,Agri,-321.47999999999996
2021-09-03,36.79,28.31,65.1,8.49,15.47,GFPT,Agri,-312.98999999999995
2021-09-06,9.23,18.32,27.55,-9.09,22.92,GFPT,Agri,-322.0799999999999
2021-09-07,6.83,12.47,19.3,-5.63,24.34,GFPT,Agri,-327.7099999999999
2021-09-08,1.58,4.64,6.22,-3.06,14.34,GFPT,Agri,-330.7699999999999
2021-09-09,10.08,17.34,27.41,-7.26,17.66,GFPT,Agri,-338.0299999999999
2021-09-10,13.06,21.54,34.6,-8.47,21.63,GFPT,Agri,-346.49999999999994
2021-09-13,4.74,4.67,9.41,0.07,20.44,GFPT,Agri,-346.42999999999995
2021-09-14,5.12,5.22,10.34,-0.11,25.03,GFPT,Agri,-346.53999999999996
2021-09-15,3.32,6.44,9.76,-3.12,26.33,GFPT,Agri,-349.65999999999997
2021-09-16,4.15,9.91,14.06,-5.76,32.55,GFPT,Agri,-355.41999999999996
2021-09-17,16.86,24.14,41.0,-7.27,14.48,GFPT,Agri,-362.68999999999994
2021-09-20,28.76,31.63,60.39,-2.87,12.4,GFPT,Agri,-365.55999999999995
2021-09-21,18.72,16.2,34.93,2.52,12.41,GFPT,Agri,-363.03999999999996
2021-09-22,9.82,12.74,22.56,-2.92,16.95,GFPT,Agri,-365.96
2021-09-23,36.17,39.22,75.39,-3.05,21.2,GFPT,Agri,-369.01
2021-09-27,16.31,8.62,24.93,7.7,16.12,GFPT,Agri,-361.31
2021-09-28,9.61,22.27,31.87,-12.66,19.08,GFPT,Agri,-373.97
2021-09-29,8.5,10.86,19.37,-2.36,14.81,GFPT,Agri,-376.33000000000004
2021-09-30,2.96,11.04,14.0,-8.08,11.46,GFPT,Agri,-384.41
2021-10-01,5.18,13.81,18.99,-8.63,18.28,GFPT,Agri,-393.04
2021-10-04,8.66,8.11,16.76,0.55,24.36,GFPT,Agri,-392.49
2021-10-05,5.08,4.45,9.53,0.63,19.88,GFPT,Agri,-391.86
2021-10-06,1.96,1.52,3.48,0.44,14.32,GFPT,Agri,-391.42
2021-10-07,3.37,2.48,5.86,0.89,26.85,GFPT,Agri,-390.53000000000003
2021-10-08,1.79,5.97,7.75,-4.18,12.9,GFPT,Agri,-394.71000000000004
2021-10-11,4.18,13.37,17.55,-9.19,25.11,GFPT,Agri,-403.90000000000003
2021-10-12,14.77,12.99,27.76,1.79,33.74,GFPT,Agri,-402.11
2021-10-14,1.44,2.45,3.9,-1.01,28.49,GFPT,Agri,-403.12
2021-10-15,1.42,2.19,3.61,-0.77,18.88,GFPT,Agri,-403.89
2021-10-18,1.39,2.89,4.28,-1.49,16.19,GFPT,Agri,-405.38
2021-10-19,1.8,2.72,4.52,-0.92,25.49,GFPT,Agri,-406.3
2021-10-20,1.4,1.97,3.38,-0.57,34.5,GFPT,Agri,-406.87
2021-10-21,24.07,11.93,36.0,12.14,17.1,GFPT,Agri,-394.73
2021-10-25,3.69,6.29,9.98,-2.6,24.73,GFPT,Agri,-397.33000000000004
2021-10-26,3.01,9.62,12.63,-6.62,24.17,GFPT,Agri,-403.95000000000005
2021-10-27,4.25,10.56,14.81,-6.3,20.85,GFPT,Agri,-410.25000000000006
2021-10-28,2.16,3.2,5.36,-1.05,18.88,GFPT,Agri,-411.30000000000007
2021-10-29,4.84,7.85,12.69,-3.02,35.18,GFPT,Agri,-414.32000000000005
2021-11-01,6.9,5.94,12.84,0.96,19.94,GFPT,Agri,-413.36000000000007
2021-11-02,4.65,3.6,8.24,1.05,19.62,GFPT,Agri,-412.31000000000006
2021-11-03,3.38,3.98,7.36,-0.6,30.29,GFPT,Agri,-412.9100000000001
2021-11-04,2.26,1.96,4.22,0.31,21.77,GFPT,Agri,-412.6000000000001
2021-11-05,4.53,8.3,12.82,-3.77,22.2,GFPT,Agri,-416.37000000000006
2021-11-08,1.17,1.74,2.91,-0.56,16.37,GFPT,Agri,-416.93000000000006
2021-11-09,2.91,1.3,4.21,1.61,7.04,GFPT,Agri,-415.32000000000005
2021-11-10,2.52,9.27,11.78,-6.75,19.52,GFPT,Agri,-422.07000000000005
2021-11-11,4.88,13.02,17.89,-8.14,13.32,GFPT,Agri,-430.21000000000004
2021-11-12,5.4,9.25,14.66,-3.85,23.02,GFPT,Agri,-434.06000000000006
2021-11-15,5.81,12.93,18.74,-7.12,11.85,GFPT,Agri,-441.18000000000006
2021-11-16,12.37,8.56,20.93,3.81,11.78,GFPT,Agri,-437.37000000000006
2021-11-17,3.06,7.56,10.62,-4.5,10.95,GFPT,Agri,-441.87000000000006
2021-11-18,5.13,10.9,16.02,-5.77,25.94,GFPT,Agri,-447.64000000000004
2021-11-19,4.62,7.8,12.43,-3.18,10.89,GFPT,Agri,-450.82000000000005
2021-11-22,7.14,14.72,21.85,-7.58,15.48,GFPT,Agri,-458.40000000000003
2021-11-23,5.22,4.06,9.28,1.16,7.38,GFPT,Agri,-457.24
2021-11-24,4.66,5.18,9.83,-0.52,17.88,GFPT,Agri,-457.76
2021-11-25,9.07,6.6,15.67,2.47,19.83,GFPT,Agri,-455.28999999999996
2021-11-26,9.08,7.61,16.68,1.47,18.03,GFPT,Agri,-453.81999999999994
2021-11-29,14.27,2.79,17.06,11.48,19.97,GFPT,Agri,-442.3399999999999
2021-11-30,7.27,8.19,15.46,-0.92,16.26,GFPT,Agri,-443.25999999999993
2021-12-01,6.74,5.82,12.56,0.93,15.5,GFPT,Agri,-442.3299999999999
2021-12-02,0.74,3.55,4.29,-2.81,16.88,GFPT,Agri,-445.13999999999993
2021-12-03,1.7,0.88,2.59,0.82,9.98,GFPT,Agri,-444.31999999999994
2021-12-07,9.04,9.92,18.96,-0.87,13.07,GFPT,Agri,-445.18999999999994
2021-12-08,5.89,1.84,7.74,4.05,15.52,GFPT,Agri,-441.13999999999993
2021-12-09,1.48,0.55,2.02,0.93,17.17,GFPT,Agri,-440.2099999999999
2021-12-13,3.17,5.4,8.57,-2.23,21.9,GFPT,Agri,-442.43999999999994
2021-12-14,3.48,0.97,4.46,2.51,32.4,GFPT,Agri,-439.92999999999995
2021-12-15,0.68,0.55,1.23,0.13,10.21,GFPT,Agri,-439.79999999999995
2021-12-16,6.61,2.87,9.48,3.75,15.68,GFPT,Agri,-436.04999999999995
2021-12-17,6.42,1.44,7.86,4.97,18.58,GFPT,Agri,-431.0799999999999
2021-12-20,3.14,1.29,4.43,1.85,17.14,GFPT,Agri,-429.2299999999999
2021-12-21,1.57,2.97,4.54,-1.4,29.6,GFPT,Agri,-430.6299999999999
2021-12-22,3.56,2.77,6.33,0.78,32.36,GFPT,Agri,-429.8499999999999
2021-12-23,1.04,1.78,2.82,-0.74,23.42,GFPT,Agri,-430.5899999999999
2021-12-24,1.43,1.47,2.9,-0.05,6.94,GFPT,Agri,-430.63999999999993
2021-12-27,2.64,0.88,3.52,1.75,10.68,GFPT,Agri,-428.88999999999993
2021-12-28,5.3,4.45,9.75,0.84,27.79,GFPT,Agri,-428.04999999999995
2021-12-29,49.38,14.29,63.67,35.09,19.36,GFPT,Agri,-392.9599999999999
2021-12-30,13.84,4.92,18.77,8.92,15.7,GFPT,Agri,-384.0399999999999
2022-01-04,54.83,14.76,69.59,40.08,16.22,GFPT,Agri,-343.9599999999999
2022-01-05,12.25,22.2,34.45,-9.95,18.54,GFPT,Agri,-353.9099999999999
2022-01-06,17.29,7.69,24.98,9.61,17.95,GFPT,Agri,-344.2999999999999
2022-01-07,8.29,9.26,17.55,-0.97,20.07,GFPT,Agri,-345.2699999999999
2022-01-10,16.24,11.91,28.15,4.33,10.02,GFPT,Agri,-340.93999999999994
2022-01-11,114.82,35.89,150.71,78.93,15.71,GFPT,Agri,-262.00999999999993
2022-01-12,39.78,11.97,51.76,27.81,13.68,GFPT,Agri,-234.19999999999993
2022-01-13,35.96,11.3,47.26,24.67,18.96,GFPT,Agri,-209.52999999999992
2022-01-14,18.0,4.78,22.79,13.22,28.52,GFPT,Agri,-196.30999999999992
2022-01-17,5.93,6.05,11.98,-0.13,11.99,GFPT,Agri,-196.4399999999999
2022-01-18,14.94,14.98,29.92,-0.05,12.68,GFPT,Agri,-196.48999999999992
2022-01-19,36.68,9.21,45.89,27.47,19.02,GFPT,Agri,-169.01999999999992
2022-01-20,1.87,2.78,4.65,-0.91,10.92,GFPT,Agri,-169.92999999999992
2022-01-21,9.07,5.72,14.79,3.36,27.83,GFPT,Agri,-166.5699999999999
2022-01-24,8.84,12.16,21.0,-3.33,21.57,GFPT,Agri,-169.89999999999992
2022-01-25,5.13,16.47,21.6,-11.34,11.67,GFPT,Agri,-181.23999999999992
2022-01-26,1.78,18.38,20.16,-16.6,28.56,GFPT,Agri,-197.83999999999992
2022-01-27,6.88,16.91,23.78,-10.03,15.7,GFPT,Agri,-207.86999999999992
2022-01-28,3.82,9.35,13.17,-5.53,14.04,GFPT,Agri,-213.39999999999992
2022-01-31,3.26,8.2,11.46,-4.93,19.24,GFPT,Agri,-218.32999999999993
2022-02-01,7.26,6.13,13.39,1.13,15.4,GFPT,Agri,-217.19999999999993
2022-02-02,3.14,7.43,10.57,-4.29,20.0,GFPT,Agri,-221.48999999999992
2022-02-03,10.12,8.44,18.56,1.68,15.43,GFPT,Agri,-219.80999999999992
2022-02-04,6.54,7.07,13.61,-0.54,12.03,GFPT,Agri,-220.3499999999999
2022-02-07,7.95,4.98,12.93,2.98,13.53,GFPT,Agri,-217.36999999999992
2022-02-08,1.7,1.72,3.43,-0.02,9.98,GFPT,Agri,-217.38999999999993
2022-02-09,20.9,6.87,27.77,14.03,17.42,GFPT,Agri,-203.35999999999993
2022-02-10,16.98,5.24,22.22,11.74,24.7,GFPT,Agri,-191.61999999999992
2022-02-11,10.48,8.52,19.0,1.96,13.06,GFPT,Agri,-189.6599999999999
2022-02-14,13.03,6.64,19.68,6.39,14.49,GFPT,Agri,-183.26999999999992
2022-02-15,15.31,34.46,49.77,-19.15,39.8,GFPT,Agri,-202.41999999999993
2022-02-17,5.55,23.91,29.46,-18.36,26.12,GFPT,Agri,-220.77999999999992
2022-02-18,4.6,17.01,21.61,-12.42,28.68,GFPT,Agri,-233.1999999999999
2022-02-21,1.49,5.95,7.44,-4.47,14.92,GFPT,Agri,-237.6699999999999
2022-02-22,5.03,22.77,27.8,-17.73,13.95,GFPT,Agri,-255.3999999999999
2022-02-23,52.31,14.63,66.94,37.68,16.65,GFPT,Agri,-217.71999999999989
2022-02-24,19.89,27.58,47.47,-7.69,24.19,GFPT,Agri,-225.40999999999988
2022-02-25,2.2,9.78,11.97,-7.58,24.56,GFPT,Agri,-232.9899999999999
2022-02-28,2.17,5.4,7.57,-3.24,31.42,GFPT,Agri,-236.2299999999999
2022-03-01,2.75,2.07,4.82,0.68,28.88,GFPT,Agri,-235.5499999999999
2022-03-02,0.74,2.61,3.35,-1.87,12.15,GFPT,Agri,-237.4199999999999
2022-03-03,29.09,11.23,40.33,17.86,35.92,GFPT,Agri,-219.5599999999999
2022-03-04,1.72,6.33,8.05,-4.61,20.41,GFPT,Agri,-224.1699999999999
2022-03-07,26.26,37.92,64.18,-11.65,19.75,GFPT,Agri,-235.8199999999999
2022-03-08,18.53,25.0,43.53,-6.47,25.95,GFPT,Agri,-242.2899999999999
2022-03-09,9.04,18.3,27.33,-9.26,41.85,GFPT,Agri,-251.5499999999999
2022-03-10,9.73,24.51,34.24,-14.79,21.59,GFPT,Agri,-266.3399999999999
2022-03-11,3.63,11.63,15.26,-8.01,48.14,GFPT,Agri,-274.3499999999999
2022-03-14,3.5,16.3,19.8,-12.8,19.17,GFPT,Agri,-287.1499999999999
2022-03-15,31.61,106.77,138.39,-75.16,13.29,GFPT,Agri,-362.30999999999995
2022-03-16,13.84,26.14,39.98,-12.31,16.03,GFPT,Agri,-374.61999999999995
2022-03-17,8.2,16.47,24.67,-8.27,12.86,GFPT,Agri,-382.88999999999993
2022-03-18,3.48,11.07,14.55,-7.59,8.28,GFPT,Agri,-390.4799999999999
2022-03-21,12.03,9.98,22.01,2.05,16.33,GFPT,Agri,-388.4299999999999
2022-03-22,16.68,16.25,32.93,0.43,17.93,GFPT,Agri,-387.9999999999999
2022-03-23,4.29,8.67,12.96,-4.39,23.8,GFPT,Agri,-392.3899999999999
2022-03-24,4.52,13.04,17.56,-8.52,18.09,GFPT,Agri,-400.90999999999985
2022-03-25,6.18,5.94,12.12,0.25,21.27,GFPT,Agri,-400.65999999999985
2022-03-28,17.01,20.32,37.33,-3.31,22.85,GFPT,Agri,-403.96999999999986
2022-03-29,20.69,22.34,43.03,-1.65,24.98,GFPT,Agri,-405.61999999999983
2022-03-30,18.38,12.06,30.44,6.33,14.73,GFPT,Agri,-399.28999999999985
2022-03-31,20.04,12.61,32.65,7.43,10.39,GFPT,Agri,-391.85999999999984
2022-04-01,7.5,7.02,14.52,0.48,15.37,GFPT,Agri,-391.3799999999998
2022-04-04,15.47,4.24,19.71,11.22,12.56,GFPT,Agri,-380.1599999999998
2022-04-05,23.96,11.92,35.88,12.04,13.98,GFPT,Agri,-368.1199999999998
2022-04-07,6.83,4.25,11.08,2.58,21.09,GFPT,Agri,-365.5399999999998
2022-04-08,5.9,5.7,11.6,0.21,16.06,GFPT,Agri,-365.3299999999998
2022-04-11,6.9,7.17,14.07,-0.27,24.09,GFPT,Agri,-365.5999999999998
2022-04-12,8.23,1.98,10.21,6.25,16.8,GFPT,Agri,-359.3499999999998
2022-04-18,23.28,7.11,30.39,16.18,17.31,GFPT,Agri,-343.1699999999998
2022-04-19,11.23,14.58,25.81,-3.35,15.69,GFPT,Agri,-346.5199999999998
2022-04-20,109.03,47.62,156.64,61.41,23.99,GFPT,Agri,-285.1099999999998
2022-04-21,46.48,33.03,79.51,13.45,16.07,GFPT,Agri,-271.6599999999998
2022-04-22,33.17,11.92,45.09,21.25,19.26,GFPT,Agri,-250.4099999999998
2022-04-25,27.0,12.18,39.18,14.83,19.01,GFPT,Agri,-235.57999999999979
2022-04-26,27.75,9.81,37.56,17.94,16.98,GFPT,Agri,-217.6399999999998
2022-04-27,13.81,8.25,22.06,5.57,9.69,GFPT,Agri,-212.0699999999998
2022-04-28,7.64,8.77,16.41,-1.13,20.99,GFPT,Agri,-213.1999999999998
2022-04-29,20.53,8.96,29.49,11.57,28.82,GFPT,Agri,-201.6299999999998
2022-05-03,19.6,7.32,26.91,12.28,15.71,GFPT,Agri,-189.3499999999998
2022-05-05,59.32,30.37,89.69,28.96,36.18,GFPT,Agri,-160.3899999999998
2022-05-06,20.52,6.11,26.63,14.41,11.28,GFPT,Agri,-145.9799999999998
2022-05-09,42.07,20.56,62.63,21.51,22.39,GFPT,Agri,-124.46999999999979
2022-05-10,61.39,24.28,85.66,37.11,22.53,GFPT,Agri,-87.35999999999979
2022-05-11,40.22,15.14,55.36,25.07,24.38,GFPT,Agri,-62.289999999999786
2022-05-12,109.18,106.83,216.01,2.35,25.22,GFPT,Agri,-59.939999999999785
2022-05-13,383.35,65.14,448.49,318.21,26.45,GFPT,Agri,258.2700000000002
2022-05-17,212.94,45.96,258.9,166.99,29.62,GFPT,Agri,425.2600000000002
2022-05-18,109.35,19.25,128.6,90.1,28.96,GFPT,Agri,515.3600000000002
2022-05-19,29.39,13.44,42.82,15.95,32.73,GFPT,Agri,531.3100000000003
2022-05-20,29.69,15.55,45.24,14.15,26.04,GFPT,Agri,545.4600000000003
2022-05-23,40.3,24.5,64.8,15.81,30.94,GFPT,Agri,561.2700000000002
2022-05-24,69.22,92.75,161.98,-23.53,36.29,GFPT,Agri,537.7400000000002
2022-05-25,98.9,89.34,188.25,9.56,32.77,GFPT,Agri,547.3000000000002
2022-05-26,24.48,28.68,53.17,-4.2,25.06,GFPT,Agri,543.1000000000001
2022-05-27,12.2,46.46,58.67,-34.26,29.13,GFPT,Agri,508.84000000000015
2022-05-30,27.49,10.75,38.24,16.74,22.04,GFPT,Agri,525.5800000000002
2022-05-31,19.19,19.9,39.09,-0.72,38.4,GFPT,Agri,524.8600000000001
2022-06-01,13.86,12.52,26.38,1.34,32.31,GFPT,Agri,526.2000000000002
2022-06-02,19.24,16.08,35.32,3.16,29.91,GFPT,Agri,529.3600000000001
2022-06-06,11.29,6.12,17.41,5.18,19.07,GFPT,Agri,534.5400000000001
2022-06-07,36.8,38.25,75.05,-1.45,23.65,GFPT,Agri,533.09
2022-06-08,35.5,34.32,69.82,1.17,21.13,GFPT,Agri,534.26
2022-06-09,21.24,21.97,43.22,-0.73,20.69,GFPT,Agri,533.53
2022-06-10,23.83,23.02,46.85,0.81,19.33,GFPT,Agri,534.3399999999999
2022-06-13,16.61,9.45,26.06,7.16,10.62,GFPT,Agri,541.4999999999999
2022-06-14,31.88,40.83,72.71,-8.94,16.71,GFPT,Agri,532.5599999999998
2022-06-15,79.82,184.63,264.45,-104.81,22.53,GFPT,Agri,427.74999999999983
2022-06-16,73.02,47.83,120.85,25.18,25.42,GFPT,Agri,452.92999999999984
2022-06-17,15.64,22.19,37.83,-6.55,21.66,GFPT,Agri,446.3799999999998
2022-06-20,4.63,15.62,20.25,-10.98,20.49,GFPT,Agri,435.3999999999998
2022-06-21,7.32,8.18,15.5,-0.86,32.81,GFPT,Agri,434.5399999999998
2022-06-22,46.72,30.69,77.41,16.03,20.23,GFPT,Agri,450.5699999999998
2022-06-23,56.85,44.66,101.51,12.19,18.43,GFPT,Agri,462.7599999999998
2022-06-24,6.48,20.87,27.35,-14.39,18.64,GFPT,Agri,448.36999999999983
2022-06-27,18.56,35.96,54.53,-17.4,22.72,GFPT,Agri,430.96999999999986
2022-06-28,19.13,11.01,30.14,8.12,26.32,GFPT,Agri,439.08999999999986
2022-06-29,26.92,25.64,52.56,1.28,24.18,GFPT,Agri,440.36999999999983
2022-06-30,18.38,18.36,36.74,0.03,20.82,GFPT,Agri,440.3999999999998
2022-07-01,15.96,24.98,40.94,-9.02,19.71,GFPT,Agri,431.3799999999998
2022-07-04,14.24,19.71,33.95,-5.47,17.27,GFPT,Agri,425.9099999999998
2022-07-05,43.89,35.2,79.08,8.69,20.59,GFPT,Agri,434.5999999999998
2022-07-06,29.72,15.1,44.82,14.62,21.94,GFPT,Agri,449.2199999999998
2022-07-07,7.04,7.85,14.89,-0.8,17.87,GFPT,Agri,448.4199999999998
2022-07-08,10.8,18.35,29.15,-7.55,20.58,GFPT,Agri,440.8699999999998
2022-07-11,2.41,20.71,23.12,-18.3,19.23,GFPT,Agri,422.56999999999977
2022-07-12,4.0,19.58,23.58,-15.58,19.86,GFPT,Agri,406.9899999999998
2022-07-14,8.55,18.17,26.72,-9.63,25.0,GFPT,Agri,397.3599999999998
2022-07-15,10.85,12.52,23.37,-1.68,15.9,GFPT,Agri,395.6799999999998
2022-07-18,7.22,8.95,16.17,-1.73,21.69,GFPT,Agri,393.94999999999976
2022-07-19,40.54,32.33,72.87,8.21,13.9,GFPT,Agri,402.15999999999974
2022-07-20,11.81,16.46,28.28,-4.65,18.92,GFPT,Agri,397.50999999999976
2022-07-21,11.13,20.45,31.57,-9.32,25.4,GFPT,Agri,388.18999999999977
2022-07-22,3.51,14.3,17.81,-10.79,18.6,GFPT,Agri,377.39999999999975
2022-07-25,9.16,20.11,29.27,-10.95,32.27,GFPT,Agri,366.44999999999976
2022-07-26,9.05,9.86,18.92,-0.81,15.75,GFPT,Agri,365.63999999999976
2022-07-27,6.7,17.71,24.42,-11.01,25.2,GFPT,Agri,354.62999999999977
2022-08-01,13.78,32.8,46.58,-19.02,25.22,GFPT,Agri,335.6099999999998
2022-08-02,11.43,9.36,20.8,2.07,17.76,GFPT,Agri,337.6799999999998
2022-08-03,24.11,23.69,47.8,0.42,21.2,GFPT,Agri,338.0999999999998
2022-08-04,7.05,23.61,30.65,-16.56,19.43,GFPT,Agri,321.5399999999998
2022-08-05,2.37,10.28,12.65,-7.9,13.9,GFPT,Agri,313.6399999999998
2022-08-08,3.36,9.02,12.38,-5.66,14.22,GFPT,Agri,307.9799999999998
2022-08-09,2.35,11.46,13.81,-9.12,13.35,GFPT,Agri,298.8599999999998
2022-08-10,4.91,19.67,24.58,-14.75,20.66,GFPT,Agri,284.1099999999998
2022-08-11,10.17,45.5,55.67,-35.33,15.8,GFPT,Agri,248.7799999999998
2022-08-15,13.38,17.41,30.8,-4.03,19.35,GFPT,Agri,244.7499999999998
2022-08-16,15.88,26.67,42.55,-10.78,25.73,GFPT,Agri,233.9699999999998
2022-08-17,7.07,12.82,19.89,-5.75,13.62,GFPT,Agri,228.2199999999998
2022-08-18,8.01,17.85,25.87,-9.84,14.94,GFPT,Agri,218.3799999999998
2022-08-19,4.12,9.12,13.24,-5.0,15.91,GFPT,Agri,213.3799999999998
2022-08-22,2.92,7.17,10.09,-4.25,20.17,GFPT,Agri,209.1299999999998
2022-08-23,8.04,23.93,31.97,-15.88,12.65,GFPT,Agri,193.2499999999998
2022-08-24,7.71,47.63,55.34,-39.91,19.12,GFPT,Agri,153.3399999999998
2022-08-25,8.81,36.59,45.41,-27.78,18.13,GFPT,Agri,125.5599999999998
2022-08-26,12.01,49.61,61.62,-37.6,27.92,GFPT,Agri,87.95999999999981
2022-08-29,14.13,7.49,21.62,6.63,17.59,GFPT,Agri,94.5899999999998
2022-08-30,53.84,30.76,84.6,23.08,11.56,GFPT,Agri,117.6699999999998
2022-08-31,7.86,44.4,52.26,-36.54,15.69,GFPT,Agri,81.1299999999998
2022-09-01,4.06,12.88,16.93,-8.82,10.61,GFPT,Agri,72.3099999999998
2022-09-02,5.96,23.75,29.71,-17.8,18.65,GFPT,Agri,54.509999999999806
2022-09-05,10.26,10.72,20.98,-0.46,12.86,GFPT,Agri,54.049999999999805
2022-09-06,11.85,43.57,55.42,-31.72,18.38,GFPT,Agri,22.329999999999806
2022-09-07,4.4,4.37,8.77,0.03,17.1,GFPT,Agri,22.359999999999808
2022-09-08,10.7,12.99,23.69,-2.29,11.34,GFPT,Agri,20.06999999999981
2022-09-09,5.93,4.58,10.52,1.35,10.13,GFPT,Agri,21.41999999999981
2022-09-12,1.59,8.04,9.63,-6.45,14.03,GFPT,Agri,14.96999999999981
2022-09-13,17.42,32.19,49.61,-14.77,12.02,GFPT,Agri,0.199999999999811
2022-09-14,29.1,14.16,43.26,14.94,16.59,GFPT,Agri,15.13999999999981
2022-09-15,16.5,15.28,31.78,1.23,11.42,GFPT,Agri,16.36999999999981
2022-09-16,5.2,18.49,23.7,-13.29,17.61,GFPT,Agri,3.07999999999981
2022-09-19,7.48,7.4,14.87,0.08,14.27,GFPT,Agri,3.15999999999981
2022-09-20,11.26,9.2,20.46,2.06,14.16,GFPT,Agri,5.219999999999811
2022-09-21,8.95,13.95,22.9,-4.99,8.22,GFPT,Agri,0.22999999999981036
2022-09-22,9.77,8.71,18.48,1.06,20.44,GFPT,Agri,1.2899999999998104
2022-09-23,11.16,40.28,51.45,-29.12,15.52,GFPT,Agri,-27.83000000000019
2022-09-26,15.22,25.86,41.09,-10.64,14.44,GFPT,Agri,-38.47000000000019
2022-09-27,9.91,10.52,20.43,-0.61,14.4,GFPT,Agri,-39.08000000000019
2022-09-28,23.08,23.24,46.32,-0.15,16.22,GFPT,Agri,-39.23000000000019
2022-09-29,9.0,17.47,26.47,-8.46,21.25,GFPT,Agri,-47.69000000000019
2022-09-30,32.05,32.67,64.72,-0.62,17.04,GFPT,Agri,-48.31000000000019
2022-10-03,19.37,24.28,43.65,-4.91,19.87,GFPT,Agri,-53.220000000000184
2022-10-04,16.33,16.17,32.5,0.15,22.49,GFPT,Agri,-53.070000000000185
2022-10-05,13.35,15.18,28.53,-1.82,20.9,GFPT,Agri,-54.890000000000185
2022-10-06,38.84,11.19,50.03,27.65,28.83,GFPT,Agri,-27.240000000000187
2022-10-07,15.97,15.04,31.01,0.93,30.0,GFPT,Agri,-26.310000000000187
2022-10-10,7.13,5.37,12.5,1.76,22.24,GFPT,Agri,-24.550000000000185
2022-10-11,10.21,9.81,20.02,0.4,23.99,GFPT,Agri,-24.150000000000187
2022-10-12,24.76,18.16,42.92,6.6,27.61,GFPT,Agri,-17.55000000000019
2022-10-17,23.17,13.53,36.7,9.64,33.82,GFPT,Agri,-7.910000000000188
2022-10-18,15.61,36.15,51.77,-20.54,16.56,GFPT,Agri,-28.450000000000188
2022-10-19,34.24,25.05,59.29,9.19,21.09,GFPT,Agri,-19.26000000000019
2022-10-20,21.2,36.55,57.75,-15.35,24.92,GFPT,Agri,-34.61000000000019
2022-10-21,13.23,14.08,27.31,-0.85,21.56,GFPT,Agri,-35.46000000000019
2022-10-25,35.42,15.26,50.68,20.16,27.13,GFPT,Agri,-15.300000000000193
2022-10-26,11.42,13.93,25.35,-2.51,30.59,GFPT,Agri,-17.810000000000194
2022-10-27,6.18,7.14,13.33,-0.96,9.83,GFPT,Agri,-18.770000000000195
2022-10-28,10.7,9.99,20.69,0.7,23.46,GFPT,Agri,-18.070000000000196
2022-10-31,31.5,16.08,47.58,15.41,15.01,GFPT,Agri,-2.6600000000001955
2022-11-01,26.45,9.6,36.05,16.85,18.46,GFPT,Agri,14.189999999999806
2022-11-02,31.94,15.18,47.12,16.76,15.44,GFPT,Agri,30.949999999999807
2022-11-03,12.7,11.04,23.74,1.66,18.76,GFPT,Agri,32.60999999999981
2022-11-04,17.21,9.13,26.34,8.08,35.97,GFPT,Agri,40.689999999999806
2022-11-07,16.84,27.49,44.33,-10.66,21.6,GFPT,Agri,30.029999999999806
2022-11-08,12.73,19.84,32.57,-7.11,18.0,GFPT,Agri,22.919999999999806
2022-11-09,8.7,11.47,20.17,-2.77,31.96,GFPT,Agri,20.149999999999807
2022-11-10,63.23,24.97,88.2,38.26,23.61,GFPT,Agri,58.409999999999805
2022-11-11,63.42,33.91,97.33,29.52,20.32,GFPT,Agri,87.92999999999981
2022-11-14,7.9,10.06,17.96,-2.16,30.83,GFPT,Agri,85.76999999999981
2022-11-15,12.47,30.79,43.27,-18.32,34.42,GFPT,Agri,67.44999999999982
2022-11-16,14.71,11.59,26.31,3.12,25.31,GFPT,Agri,70.56999999999982
2022-11-17,27.73,41.49,69.22,-13.76,22.76,GFPT,Agri,56.809999999999825
2022-11-18,16.33,14.27,30.6,2.06,34.07,GFPT,Agri,58.86999999999983
2022-11-21,16.12,5.57,21.69,10.56,13.35,GFPT,Agri,69.42999999999982
2022-11-22,30.68,10.28,40.96,20.4,16.18,GFPT,Agri,89.82999999999981
2022-11-23,57.89,23.34,81.23,34.55,19.78,GFPT,Agri,124.37999999999981
2022-11-24,25.21,6.81,32.03,18.4,27.32,GFPT,Agri,142.7799999999998
2022-11-25,12.62,19.36,31.98,-6.75,24.56,GFPT,Agri,136.0299999999998
2022-11-28,21.08,17.15,38.23,3.93,15.93,GFPT,Agri,139.9599999999998
2022-11-29,12.65,12.66,25.31,-0.01,27.9,GFPT,Agri,139.94999999999982
2022-11-30,38.09,35.54,73.63,2.55,42.1,GFPT,Agri,142.49999999999983
2022-12-01,25.56,14.03,39.59,11.54,27.57,GFPT,Agri,154.03999999999982
2022-12-02,4.16,7.61,11.76,-3.45,29.51,GFPT,Agri,150.58999999999983
2022-12-06,32.89,58.59,91.48,-25.7,43.02,GFPT,Agri,124.88999999999983
2022-12-07,14.49,15.36,29.85,-0.87,29.27,GFPT,Agri,124.01999999999983
2022-12-08,13.96,20.91,34.87,-6.95,26.17,GFPT,Agri,117.06999999999982
2022-12-09,9.56,7.16,16.72,2.4,30.35,GFPT,Agri,119.46999999999983
2022-12-13,14.19,14.58,28.78,-0.39,42.08,GFPT,Agri,119.07999999999983
2022-12-14,9.6,33.67,43.27,-24.07,29.89,GFPT,Agri,95.00999999999982
2022-12-15,3.7,11.96,15.66,-8.27,19.86,GFPT,Agri,86.73999999999982
2022-12-16,8.11,10.35,18.46,-2.25,38.28,GFPT,Agri,84.48999999999982
2022-12-19,9.46,8.3,17.75,1.16,33.28,GFPT,Agri,85.64999999999982
2022-12-20,13.05,23.61,36.67,-10.56,25.03,GFPT,Agri,75.08999999999982
2022-12-21,22.87,32.82,55.69,-9.95,18.32,GFPT,Agri,65.13999999999982
2022-12-22,8.8,6.42,15.22,2.38,27.02,GFPT,Agri,67.51999999999981
2022-12-23,6.53,6.22,12.75,0.3,15.18,GFPT,Agri,67.81999999999981
2022-12-26,2.09,5.56,7.65,-3.47,12.04,GFPT,Agri,64.34999999999981
2022-12-27,11.97,8.15,20.11,3.82,24.5,GFPT,Agri,68.1699999999998
2022-12-28,7.14,5.18,12.32,1.96,21.37,GFPT,Agri,70.1299999999998
2022-12-29,12.89,13.77,26.67,-0.88,27.54,GFPT,Agri,69.2499999999998
2022-12-30,5.48,6.3,11.78,-0.83,20.72,GFPT,Agri,68.4199999999998
2023-01-03,9.75,11.39,21.14,-1.64,15.64,GFPT,Agri,66.7799999999998
2023-01-04,8.82,17.15,25.97,-8.34,24.76,GFPT,Agri,58.4399999999998
2023-01-05,25.23,11.98,37.21,13.25,40.67,GFPT,Agri,71.6899999999998
2023-01-06,9.71,5.19,14.9,4.52,23.24,GFPT,Agri,76.2099999999998
2023-01-09,4.21,3.07,7.28,1.14,33.42,GFPT,Agri,77.3499999999998
2023-01-10,18.75,40.66,59.41,-21.92,15.17,GFPT,Agri,55.429999999999794
2023-01-11,75.3,60.17,135.47,15.14,19.62,GFPT,Agri,70.5699999999998
2023-01-12,9.97,14.82,24.8,-4.85,20.24,GFPT,Agri,65.7199999999998
2023-01-13,9.13,17.19,26.32,-8.06,25.9,GFPT,Agri,57.6599999999998
2023-01-16,8.11,9.35,17.45,-1.24,24.28,GFPT,Agri,56.419999999999796
2023-01-17,12.08,16.38,28.45,-4.3,29.8,GFPT,Agri,52.1199999999998
2023-01-18,2.97,5.28,8.26,-2.31,11.85,GFPT,Agri,49.809999999999796
2023-01-19,3.53,26.07,29.61,-22.54,29.61,GFPT,Agri,27.269999999999797
2023-01-20,5.35,14.18,19.54,-8.83,21.73,GFPT,Agri,18.4399999999998
2023-01-23,7.73,8.61,16.34,-0.88,17.93,GFPT,Agri,17.5599999999998
2023-01-24,5.52,2.68,8.19,2.84,12.65,GFPT,Agri,20.3999999999998
2023-01-25,12.34,6.29,18.63,6.05,20.63,GFPT,Agri,26.4499999999998
2023-01-26,7.16,10.17,17.34,-3.01,24.49,GFPT,Agri,23.4399999999998
2023-01-27,6.18,7.91,14.09,-1.73,27.22,GFPT,Agri,21.7099999999998
2023-01-30,4.45,4.82,9.27,-0.37,29.79,GFPT,Agri,21.339999999999797
2023-01-31,3.77,6.05,9.82,-2.27,20.28,GFPT,Agri,19.069999999999798
2023-02-01,11.87,24.74,36.61,-12.86,44.36,GFPT,Agri,6.209999999999798
2023-02-02,20.97,22.18,43.15,-1.22,22.13,GFPT,Agri,4.989999999999799
2023-02-03,3.58,17.65,21.23,-14.07,28.41,GFPT,Agri,-9.0800000000002
2023-02-06,9.31,23.32,32.64,-14.01,30.59,GFPT,Agri,-23.090000000000202
2023-02-07,14.12,93.84,107.96,-79.72,30.26,GFPT,Agri,-102.8100000000002
2023-02-08,7.67,22.2,29.86,-14.53,27.73,GFPT,Agri,-117.3400000000002
2023-02-09,11.04,18.37,29.4,-7.33,34.77,GFPT,Agri,-124.6700000000002
2023-02-10,14.09,8.77,22.86,5.32,22.08,GFPT,Agri,-119.3500000000002
2023-02-13,4.86,2.8,7.65,2.06,26.14,GFPT,Agri,-117.29000000000019
2023-02-14,3.1,7.54,10.64,-4.44,24.25,GFPT,Agri,-121.73000000000019
2023-02-15,6.13,14.24,20.37,-8.11,31.33,GFPT,Agri,-129.8400000000002
2023-02-16,2.79,3.57,6.36,-0.78,28.69,GFPT,Agri,-130.6200000000002
2023-02-17,13.17,21.21,34.39,-8.04,25.0,GFPT,Agri,-138.6600000000002
2023-02-20,5.54,4.6,10.14,0.94,30.12,GFPT,Agri,-137.7200000000002
2023-02-21,21.77,18.35,40.12,3.41,28.63,GFPT,Agri,-134.3100000000002
2023-02-22,7.93,9.26,17.19,-1.33,23.33,GFPT,Agri,-135.6400000000002
2023-02-23,18.37,16.27,34.64,2.1,49.8,GFPT,Agri,-133.54000000000022
2023-02-24,4.34,8.92,13.26,-4.58,18.61,GFPT,Agri,-138.12000000000023
2023-02-27,6.51,3.37,9.87,3.14,19.67,GFPT,Agri,-134.98000000000025
2023-02-28,7.79,13.01,20.8,-5.22,36.57,GFPT,Agri,-140.20000000000024
2023-03-01,4.98,9.27,14.25,-4.29,18.76,GFPT,Agri,-144.49000000000024
2023-03-02,13.06,11.56,24.62,1.5,28.19,GFPT,Agri,-142.99000000000024
2023-03-03,3.01,4.71,7.72,-1.7,11.84,GFPT,Agri,-144.69000000000023
2023-03-07,2.7,3.3,6.0,-0.59,32.21,GFPT,Agri,-145.28000000000023
2023-03-08,9.27,7.09,16.36,2.18,23.21,GFPT,Agri,-143.10000000000022
2023-03-09,6.28,21.01,27.28,-14.73,21.71,GFPT,Agri,-157.8300000000002
2023-03-10,3.05,7.58,10.63,-4.53,31.82,GFPT,Agri,-162.3600000000002
2023-03-13,10.88,17.14,28.02,-6.26,21.67,GFPT,Agri,-168.6200000000002
2023-03-14,28.81,61.56,90.37,-32.75,22.82,GFPT,Agri,-201.3700000000002
2023-03-15,7.04,3.58,10.62,3.46,22.61,GFPT,Agri,-197.9100000000002
2023-03-16,9.34,7.28,16.63,2.06,22.6,GFPT,Agri,-195.8500000000002
2023-03-17,3.26,1.33,4.59,1.94,15.53,GFPT,Agri,-193.9100000000002
2023-03-20,6.21,5.1,11.31,1.11,32.0,GFPT,Agri,-192.80000000000018
2023-03-21,1.98,2.44,4.41,-0.46,31.33,GFPT,Agri,-193.2600000000002
2023-03-22,4.01,3.2,7.22,0.81,28.92,GFPT,Agri,-192.4500000000002
2023-03-23,6.25,3.44,9.69,2.81,27.71,GFPT,Agri,-189.64000000000019
2023-03-24,1.45,6.12,7.57,-4.67,36.98,GFPT,Agri,-194.31000000000017
2023-03-27,2.73,5.56,8.28,-2.83,45.03,GFPT,Agri,-197.14000000000019
2023-03-28,7.94,9.46,17.41,-1.52,34.12,GFPT,Agri,-198.6600000000002
2023-03-29,1.47,2.59,4.06,-1.12,25.55,GFPT,Agri,-199.7800000000002
2023-03-30,2.74,4.65,7.38,-1.91,21.84,GFPT,Agri,-201.6900000000002
2023-03-31,2.48,5.9,8.38,-3.42,19.3,GFPT,Agri,-205.11000000000018
2023-04-03,3.37,3.34,6.72,0.03,34.64,GFPT,Agri,-205.08000000000018
2023-04-04,1.55,3.74,5.28,-2.19,21.31,GFPT,Agri,-207.27000000000018
2023-04-05,5.91,6.34,12.25,-0.43,19.15,GFPT,Agri,-207.7000000000002
2023-04-07,1.96,1.94,3.9,0.02,31.14,GFPT,Agri,-207.68000000000018
2023-04-10,7.59,7.46,15.05,0.12,30.79,GFPT,Agri,-207.56000000000017
2023-04-11,2.23,2.65,4.89,-0.42,15.83,GFPT,Agri,-207.98000000000016
2023-04-12,3.8,2.02,5.83,1.78,23.78,GFPT,Agri,-206.20000000000016
2023-04-17,4.56,5.99,10.55,-1.43,28.2,GFPT,Agri,-207.63000000000017
2023-04-18,3.64,4.91,8.54,-1.27,22.08,GFPT,Agri,-208.90000000000018
2023-04-19,4.55,2.84,7.39,1.72,24.09,GFPT,Agri,-207.18000000000018
2023-04-20,3.61,1.79,5.41,1.82,14.38,GFPT,Agri,-205.36000000000018
2023-04-21,2.85,7.66,10.51,-4.81,30.89,GFPT,Agri,-210.1700000000002
2023-04-24,9.25,13.99,23.24,-4.75,25.91,GFPT,Agri,-214.9200000000002
2023-04-25,6.56,13.26,19.82,-6.69,14.67,GFPT,Agri,-221.61000000000018
2023-04-26,9.64,9.73,19.37,-0.09,22.04,GFPT,Agri,-221.7000000000002
2023-04-27,20.7,13.4,34.1,7.29,13.12,GFPT,Agri,-214.4100000000002
2023-04-28,33.59,10.52,44.11,23.06,31.69,GFPT,Agri,-191.3500000000002
2023-05-02,5.23,7.27,12.49,-2.04,29.02,GFPT,Agri,-193.39000000000019
2023-05-03,12.88,10.21,23.09,2.66,24.16,GFPT,Agri,-190.7300000000002
2023-05-08,3.41,4.54,7.95,-1.14,38.29,GFPT,Agri,-191.87000000000018
2023-05-09,6.98,6.46,13.44,0.52,48.63,GFPT,Agri,-191.35000000000016
2023-05-10,2.52,5.47,7.99,-2.95,34.73,GFPT,Agri,-194.30000000000015
2023-05-11,5.7,23.77,29.47,-18.07,27.56,GFPT,Agri,-212.37000000000015
2023-05-12,6.07,15.68,21.75,-9.62,19.86,GFPT,Agri,-221.99000000000015
2023-05-15,4.56,8.79,13.35,-4.23,22.7,GFPT,Agri,-226.22000000000014
2023-05-16,5.5,4.29,9.79,1.21,26.87,GFPT,Agri,-225.01000000000013
2023-05-17,8.57,5.14,13.71,3.43,17.39,GFPT,Agri,-221.58000000000013
2023-05-18,5.54,8.37,13.92,-2.83,27.59,GFPT,Agri,-224.41000000000014
2023-05-19,3.54,3.11,6.65,0.43,21.0,GFPT,Agri,-223.98000000000013
2023-05-22,9.01,14.73,23.74,-5.71,34.28,GFPT,Agri,-229.69000000000014
2023-05-23,39.77,15.67,55.43,24.1,19.65,GFPT,Agri,-205.59000000000015
2023-05-24,19.28,15.43,34.71,3.85,16.56,GFPT,Agri,-201.74000000000015
2023-05-25,13.68,12.79,26.47,0.9,23.61,GFPT,Agri,-200.84000000000015
2023-05-26,11.92,12.97,24.89,-1.05,30.43,GFPT,Agri,-201.89000000000016
2023-05-29,65.15,31.44,96.6,33.71,34.47,GFPT,Agri,-168.18000000000015
2023-05-30,16.45,20.07,36.52,-3.61,22.33,GFPT,Agri,-171.79000000000016
2023-05-31,18.17,24.5,42.67,-6.34,21.32,GFPT,Agri,-178.13000000000017
2023-06-01,8.27,15.46,23.73,-7.2,26.72,GFPT,Agri,-185.33000000000015
2023-06-02,4.78,8.29,13.07,-3.51,15.77,GFPT,Agri,-188.84000000000015
2023-06-06,6.56,7.28,13.84,-0.71,26.5,GFPT,Agri,-189.55000000000015
2023-06-07,9.15,7.68,16.83,1.48,19.99,GFPT,Agri,-188.07000000000016
2023-06-08,19.4,81.45,100.85,-62.04,44.98,GFPT,Agri,-250.11000000000016
2023-06-09,3.32,5.86,9.19,-2.54,16.68,GFPT,Agri,-252.65000000000015
2023-06-12,6.14,4.69,10.83,1.45,24.99,GFPT,Agri,-251.20000000000016
2023-06-13,8.65,6.91,15.56,1.74,9.71,GFPT,Agri,-249.46000000000015
2023-06-14,8.87,11.72,20.59,-2.85,21.88,GFPT,Agri,-252.31000000000014
2023-06-15,10.09,15.92,26.01,-5.83,24.88,GFPT,Agri,-258.14000000000016
2023-06-16,1.95,9.32,11.27,-7.36,22.38,GFPT,Agri,-265.50000000000017
2023-06-19,5.78,11.73,17.52,-5.95,15.72,GFPT,Agri,-271.45000000000016
2023-06-20,3.13,10.1,13.24,-6.97,20.29,GFPT,Agri,-278.4200000000002
2023-06-21,8.16,15.73,23.89,-7.57,18.29,GFPT,Agri,-285.9900000000002
2023-06-22,7.9,12.6,20.5,-4.7,25.3,GFPT,Agri,-290.69000000000017
2023-06-23,9.86,12.22,22.08,-2.37,29.73,GFPT,Agri,-293.0600000000002
2023-06-26,4.67,16.89,21.57,-12.22,18.54,GFPT,Agri,-305.2800000000002
2023-06-27,3.1,8.3,11.4,-5.2,7.51,GFPT,Agri,-310.4800000000002
2023-06-28,6.5,13.94,20.44,-7.44,20.92,GFPT,Agri,-317.9200000000002
2023-06-29,33.93,10.57,44.5,23.36,17.69,GFPT,Agri,-294.5600000000002
2023-06-30,25.32,35.39,60.71,-10.07,22.01,GFPT,Agri,-304.63000000000017
2023-07-03,4.73,14.65,19.38,-9.92,21.46,GFPT,Agri,-314.5500000000002
2023-07-04,19.03,19.75,38.78,-0.73,20.43,GFPT,Agri,-315.2800000000002
2023-07-05,5.55,7.49,13.04,-1.94,18.51,GFPT,Agri,-317.2200000000002
2023-07-06,28.1,10.7,38.81,17.4,20.28,GFPT,Agri,-299.8200000000002
2023-07-07,12.31,6.35,18.65,5.96,23.02,GFPT,Agri,-293.86000000000024
2023-07-10,5.18,6.05,11.23,-0.87,15.02,GFPT,Agri,-294.73000000000025
2023-07-11,5.6,15.76,21.36,-10.16,24.72,GFPT,Agri,-304.89000000000027
2023-07-12,9.42,16.93,26.35,-7.51,17.02,GFPT,Agri,-312.40000000000026
2023-07-13,1.84,1.46,3.31,0.38,18.41,GFPT,Agri,-312.02000000000027
2023-07-14,1.25,3.45,4.7,-2.2,15.22,GFPT,Agri,-314.22000000000025
2023-07-17,6.32,6.78,13.1,-0.46,20.0,GFPT,Agri,-314.68000000000023
2023-07-18,26.85,27.19,54.04,-0.34,21.59,GFPT,Agri,-315.0200000000002
2023-07-19,30.49,20.68,51.17,9.81,17.83,GFPT,Agri,-305.2100000000002
2023-07-20,7.66,8.38,16.04,-0.73,27.63,GFPT,Agri,-305.9400000000002
2023-07-21,3.62,3.45,7.07,0.17,20.73,GFPT,Agri,-305.7700000000002
2023-07-24,7.96,13.08,21.04,-5.13,29.61,GFPT,Agri,-310.9000000000002
2023-07-25,10.44,6.61,17.04,3.83,27.13,GFPT,Agri,-307.0700000000002
2023-07-26,3.33,4.23,7.56,-0.9,17.12,GFPT,Agri,-307.9700000000002
2023-07-27,8.35,2.59,10.95,5.76,17.36,GFPT,Agri,-302.2100000000002
2023-07-31,8.02,7.52,15.54,0.51,25.34,GFPT,Agri,-301.7000000000002
2023-08-02,4.82,4.56,9.37,0.26,17.87,GFPT,Agri,-301.4400000000002
2023-08-03,5.42,6.31,11.73,-0.89,17.03,GFPT,Agri,-302.3300000000002
2023-08-04,4.34,9.44,13.78,-5.1,11.43,GFPT,Agri,-307.43000000000023
2023-08-07,6.12,3.54,9.67,2.58,11.52,GFPT,Agri,-304.85000000000025
2023-08-08,4.34,2.57,6.91,1.77,20.45,GFPT,Agri,-303.08000000000027
2023-08-09,8.01,4.38,12.39,3.63,20.2,GFPT,Agri,-299.4500000000003
2023-08-10,25.5,11.7,37.2,13.8,25.17,GFPT,Agri,-285.65000000000026
2023-08-11,27.0,82.04,109.04,-55.04,31.75,GFPT,Agri,-340.6900000000003
2023-08-15,4.36,11.5,15.86,-7.14,13.49,GFPT,Agri,-347.83000000000027
2023-08-16,25.3,8.36,33.65,16.94,18.8,GFPT,Agri,-330.89000000000027
2023-08-17,5.97,3.04,9.02,2.93,31.44,GFPT,Agri,-327.96000000000026
2023-08-18,7.15,6.17,13.32,0.97,31.32,GFPT,Agri,-326.99000000000024
2023-08-21,5.52,5.69,11.21,-0.17,25.07,GFPT,Agri,-327.16000000000025
2023-08-22,4.51,5.86,10.38,-1.35,22.74,GFPT,Agri,-328.5100000000003
2023-08-23,1.18,2.38,3.56,-1.19,13.54,GFPT,Agri,-329.7000000000003
2023-08-24,7.69,8.49,16.18,-0.8,12.49,GFPT,Agri,-330.5000000000003
2023-08-25,1.7,0.79,2.49,0.91,10.46,GFPT,Agri,-329.59000000000026
2023-08-28,3.51,2.61,6.12,0.9,11.69,GFPT,Agri,-328.6900000000003
2023-08-29,5.51,4.87,10.38,0.64,19.33,GFPT,Agri,-328.0500000000003
2023-08-30,10.51,1.64,12.15,8.87,15.46,GFPT,Agri,-319.1800000000003
2023-08-31,8.55,18.49,27.04,-9.94,41.08,GFPT,Agri,-329.1200000000003
2023-09-01,1.25,2.97,4.23,-1.72,17.77,GFPT,Agri,-330.8400000000003
2023-09-04,2.94,3.26,6.2,-0.33,19.26,GFPT,Agri,-331.1700000000003
2023-09-05,0.36,2.42,2.78,-2.06,15.84,GFPT,Agri,-333.2300000000003
2023-09-06,2.42,1.99,4.41,0.43,15.75,GFPT,Agri,-332.8000000000003
2023-09-07,2.15,0.37,2.53,1.78,22.2,GFPT,Agri,-331.0200000000003
2023-09-08,6.32,2.73,9.05,3.58,23.02,GFPT,Agri,-327.44000000000034
2023-09-11,1.52,2.57,4.09,-1.05,17.45,GFPT,Agri,-328.49000000000035
2023-09-12,1.03,0.1,1.13,0.93,23.2,GFPT,Agri,-327.56000000000034
2023-09-13,4.54,8.71,13.25,-4.18,20.23,GFPT,Agri,-331.74000000000035
2023-09-14,5.64,3.84,9.48,1.8,11.3,GFPT,Agri,-329.94000000000034
2023-09-15,5.43,1.82,7.25,3.61,17.65,GFPT,Agri,-326.3300000000003
2023-09-18,2.53,1.36,3.89,1.17,13.15,GFPT,Agri,-325.1600000000003
2023-09-19,4.17,4.7,8.87,-0.53,11.13,GFPT,Agri,-325.6900000000003
2023-09-20,5.46,2.42,7.88,3.04,17.44,GFPT,Agri,-322.65000000000026
2023-09-21,8.0,1.61,9.61,6.4,23.52,GFPT,Agri,-316.2500000000003
2023-09-22,10.06,14.15,24.22,-4.09,18.01,GFPT,Agri,-320.34000000000026
2023-09-25,6.43,4.19,10.62,2.24,22.82,GFPT,Agri,-318.10000000000025
2023-09-26,4.42,5.08,9.49,-0.66,13.49,GFPT,Agri,-318.7600000000003
2023-09-27,5.83,3.15,8.98,2.69,12.73,GFPT,Agri,-316.0700000000003
2023-09-28,14.38,15.06,29.44,-0.68,29.05,GFPT,Agri,-316.7500000000003
2023-09-29,0.88,1.38,2.26,-0.5,12.45,GFPT,Agri,-317.2500000000003
2023-10-02,1.19,3.34,4.53,-2.14,15.03,GFPT,Agri,-319.39000000000027
2023-10-03,3.45,9.76,13.21,-6.31,26.89,GFPT,Agri,-325.7000000000003
2023-10-04,7.74,5.76,13.5,1.98,24.48,GFPT,Agri,-323.72000000000025
2023-10-05,4.07,1.89,5.97,2.18,23.08,GFPT,Agri,-321.54000000000025
2023-10-06,1.03,0.93,1.96,0.1,16.45,GFPT,Agri,-321.4400000000002
2023-10-09,4.4,1.74,6.15,2.66,24.45,GFPT,Agri,-318.7800000000002
2023-10-10,3.68,1.94,5.63,1.74,22.2,GFPT,Agri,-317.0400000000002
2023-10-11,4.18,2.14,6.31,2.04,24.47,GFPT,Agri,-315.00000000000017
2023-10-12,3.52,1.25,4.78,2.27,24.36,GFPT,Agri,-312.7300000000002
2023-10-16,3.28,6.8,10.08,-3.52,16.35,GFPT,Agri,-316.25000000000017
2023-10-17,1.5,1.79,3.29,-0.29,17.5,GFPT,Agri,-316.5400000000002
2023-10-18,16.65,7.85,24.5,8.8,47.24,GFPT,Agri,-307.7400000000002
2023-10-19,0.58,0.46,1.03,0.12,22.51,GFPT,Agri,-307.6200000000002
2023-10-20,8.32,8.75,17.07,-0.43,22.55,GFPT,Agri,-308.0500000000002
2023-10-24,8.04,2.73,10.77,5.3,21.44,GFPT,Agri,-302.75000000000017
2023-10-25,0.89,1.92,2.81,-1.03,14.61,GFPT,Agri,-303.78000000000014
2023-10-26,3.38,7.26,10.64,-3.87,33.69,GFPT,Agri,-307.65000000000015
2023-10-27,3.25,3.92,7.17,-0.67,29.77,GFPT,Agri,-308.32000000000016
2023-10-30,2.37,1.01,3.38,1.36,15.95,GFPT,Agri,-306.96000000000015
2023-10-31,2.13,1.29,3.42,0.84,14.79,GFPT,Agri,-306.1200000000002
2023-11-01,2.1,0.92,3.02,1.18,27.66,GFPT,Agri,-304.94000000000017
2023-11-02,0.08,0.35,0.43,-0.27,3.77,GFPT,Agri,-305.21000000000015
2023-11-03,4.97,2.18,7.16,2.79,19.3,GFPT,Agri,-302.42000000000013
2023-11-06,4.8,2.37,7.17,2.43,24.26,GFPT,Agri,-299.9900000000001
2023-11-07,1.93,0.79,2.71,1.14,24.74,GFPT,Agri,-298.85000000000014
2023-11-08,0.84,0.25,1.09,0.6,35.97,GFPT,Agri,-298.2500000000001
2023-11-09,1.92,4.93,6.85,-3.01,13.85,GFPT,Agri,-301.2600000000001
2023-11-10,6.4,4.98,11.38,1.41,23.94,GFPT,Agri,-299.8500000000001
2023-11-13,4.1,4.9,9.01,-0.8,24.98,GFPT,Agri,-300.6500000000001
2023-11-14,0.55,3.28,3.83,-2.74,24.26,GFPT,Agri,-303.3900000000001
2023-11-15,3.59,3.58,7.17,0.01,27.73,GFPT,Agri,-303.3800000000001
2023-11-16,2.82,1.84,4.66,0.97,16.89,GFPT,Agri,-302.4100000000001
2023-11-17,3.13,3.06,6.2,0.07,15.54,GFPT,Agri,-302.3400000000001
2023-11-20,1.31,0.36,1.67,0.94,28.53,GFPT,Agri,-301.4000000000001
2023-11-21,2.44,1.17,3.61,1.27,34.56,GFPT,Agri,-300.1300000000001
2023-11-22,2.01,1.17,3.18,0.84,33.1,GFPT,Agri,-299.29000000000013
2023-11-23,4.89,3.04,7.93,1.85,38.15,GFPT,Agri,-297.4400000000001
2023-11-24,3.75,2.19,5.94,1.56,47.05,GFPT,Agri,-295.8800000000001
2023-11-27,1.91,4.86,6.77,-2.94,15.08,GFPT,Agri,-298.8200000000001
2023-11-28,5.8,7.28,13.08,-1.48,27.19,GFPT,Agri,-300.3000000000001
2023-11-29,7.1,8.82,15.93,-1.72,17.67,GFPT,Agri,-302.02000000000015
2023-11-30,1.03,3.61,4.64,-2.58,14.37,GFPT,Agri,-304.60000000000014
2023-12-01,8.33,4.59,12.91,3.74,26.17,GFPT,Agri,-300.8600000000001
2023-12-04,6.16,3.83,10.0,2.33,22.57,GFPT,Agri,-298.53000000000014
2023-12-06,6.41,6.0,12.41,0.41,23.14,GFPT,Agri,-298.1200000000001
2023-12-07,5.55,5.7,11.25,-0.15,19.79,GFPT,Agri,-298.2700000000001
2023-12-08,10.55,2.37,12.92,8.18,14.03,GFPT,Agri,-290.0900000000001
2023-12-12,1.12,2.59,3.71,-1.46,13.88,GFPT,Agri,-291.55000000000007
2023-12-13,4.21,6.34,10.55,-2.13,21.31,GFPT,Agri,-293.68000000000006
2023-12-14,1.29,4.59,5.88,-3.29,20.77,GFPT,Agri,-296.9700000000001
2023-12-15,1.96,1.84,3.8,0.13,8.42,GFPT,Agri,-296.8400000000001
2023-12-18,0.72,0.28,1.0,0.43,14.54,GFPT,Agri,-296.4100000000001
2023-12-19,4.52,2.18,6.7,2.34,10.61,GFPT,Agri,-294.0700000000001
2023-12-20,6.66,4.96,11.62,1.7,10.74,GFPT,Agri,-292.3700000000001
2023-12-21,1.52,8.09,9.61,-6.58,15.15,GFPT,Agri,-298.9500000000001
2023-12-22,1.46,1.99,3.45,-0.53,9.27,GFPT,Agri,-299.4800000000001
2023-12-25,0.6,0.87,1.48,-0.27,15.45,GFPT,Agri,-299.75000000000006
2023-12-26,0.44,1.64,2.08,-1.19,5.01,GFPT,Agri,-300.94000000000005
2023-12-27,2.94,6.13,9.07,-3.2,18.93,GFPT,Agri,-304.14000000000004
2023-12-28,2.79,2.83,5.62,-0.04,9.21,GFPT,Agri,-304.18000000000006
2024-01-02,3.73,3.79,7.52,-0.06,11.55,GFPT,Agri,-304.24000000000007
2024-01-03,3.0,5.24,8.24,-2.25,18.25,GFPT,Agri,-306.49000000000007
2024-01-04,2.94,1.19,4.13,1.75,13.41,GFPT,Agri,-304.74000000000007
2024-01-05,4.45,0.81,5.26,3.64,22.96,GFPT,Agri,-301.1000000000001
2024-01-08,1.33,5.02,6.35,-3.69,11.66,GFPT,Agri,-304.7900000000001
2024-01-09,3.62,2.06,5.67,1.56,29.95,GFPT,Agri,-303.2300000000001
2024-01-10,3.8,2.6,6.41,1.2,32.0,GFPT,Agri,-302.0300000000001
2024-01-11,4.45,3.06,7.51,1.4,22.26,GFPT,Agri,-300.6300000000001
2024-01-12,1.01,0.33,1.34,0.67,7.06,GFPT,Agri,-299.9600000000001
2024-01-15,4.53,1.96,6.48,2.57,20.69,GFPT,Agri,-297.3900000000001
2024-01-16,1.77,0.48,2.25,1.29,14.0,GFPT,Agri,-296.1000000000001
2024-01-17,2.66,4.09,6.75,-1.43,14.97,GFPT,Agri,-297.5300000000001
2024-01-18,1.45,2.76,4.22,-1.31,13.27,GFPT,Agri,-298.8400000000001
2024-01-19,0.84,1.21,2.05,-0.37,18.89,GFPT,Agri,-299.2100000000001
2024-01-22,1.56,3.53,5.09,-1.97,14.82,GFPT,Agri,-301.1800000000001
2024-01-23,2.67,4.32,6.99,-1.65,22.18,GFPT,Agri,-302.8300000000001
2024-01-24,2.24,1.49,3.73,0.75,16.51,GFPT,Agri,-302.0800000000001
2024-01-25,2.27,1.84,4.11,0.43,18.9,GFPT,Agri,-301.6500000000001
2024-01-26,1.28,2.83,4.11,-1.55,18.61,GFPT,Agri,-303.2000000000001
2024-01-29,5.21,4.7,9.91,0.52,12.29,GFPT,Agri,-302.6800000000001
2024-01-30,4.65,2.61,7.26,2.04,11.61,GFPT,Agri,-300.6400000000001
2024-01-31,6.56,4.44,11.0,2.12,18.27,GFPT,Agri,-298.5200000000001
2024-02-01,2.01,2.41,4.42,-0.4,9.53,GFPT,Agri,-298.9200000000001
2024-02-02,5.48,5.65,11.13,-0.17,13.48,GFPT,Agri,-299.0900000000001
2024-02-05,2.67,2.59,5.25,0.08,18.06,GFPT,Agri,-299.0100000000001
2024-02-06,4.41,2.25,6.66,2.16,26.26,GFPT,Agri,-296.8500000000001
2024-02-07,0.99,5.74,6.73,-4.75,11.62,GFPT,Agri,-301.6000000000001
2024-02-08,0.54,1.02,1.56,-0.48,5.95,GFPT,Agri,-302.0800000000001
2024-02-09,1.58,1.81,3.39,-0.23,24.58,GFPT,Agri,-302.3100000000001
2024-02-12,1.16,0.58,1.75,0.58,24.3,GFPT,Agri,-301.73000000000013
2024-02-13,1.57,0.53,2.1,1.04,12.92,GFPT,Agri,-300.6900000000001
2024-02-14,0.91,3.61,4.52,-2.71,15.15,GFPT,Agri,-303.4000000000001
2024-02-15,0.39,2.04,2.43,-1.65,18.19,GFPT,Agri,-305.05000000000007
2024-02-16,3.4,1.84,5.25,1.56,14.45,GFPT,Agri,-303.49000000000007
2024-02-19,2.96,2.1,5.06,0.86,11.89,GFPT,Agri,-302.63000000000005
2024-02-20,11.04,3.75,14.79,7.29,10.01,GFPT,Agri,-295.34000000000003
2024-02-21,44.36,7.39,51.75,36.97,19.83,GFPT,Agri,-258.37
2024-02-22,4.22,2.78,7.01,1.44,14.74,GFPT,Agri,-256.93
2024-02-23,5.61,4.28,9.89,1.33,15.77,GFPT,Agri,-255.6
2024-02-27,6.01,3.86,9.87,2.15,24.95,GFPT,Agri,-253.45
2024-02-28,5.6,5.59,11.19,0.01,10.71,GFPT,Agri,-253.44
2024-02-29,9.41,15.91,25.33,-6.5,24.81,GFPT,Agri,-259.94
2024-03-01,9.23,10.9,20.13,-1.66,13.82,GFPT,Agri,-261.6
2024-03-04,4.84,4.97,9.81,-0.12,24.02,GFPT,Agri,-261.72
2024-03-05,3.89,4.17,8.06,-0.28,12.52,GFPT,Agri,-262.0
2024-03-06,4.63,7.21,11.83,-2.58,18.02,GFPT,Agri,-264.58
2024-03-07,4.47,5.62,10.09,-1.15,17.06,GFPT,Agri,-265.72999999999996
2024-03-08,2.52,1.73,4.25,0.79,46.81,GFPT,Agri,-264.93999999999994
2024-03-11,12.77,10.02,22.79,2.75,15.48,GFPT,Agri,-262.18999999999994
2024-03-12,1.53,8.87,10.4,-7.34,20.87,GFPT,Agri,-269.5299999999999
2024-03-13,1.52,3.44,4.96,-1.92,18.96,GFPT,Agri,-271.44999999999993
2024-03-14,1.35,7.3,8.64,-5.95,8.9,GFPT,Agri,-277.3999999999999
2024-03-15,2.32,1.71,4.03,0.62,11.96,GFPT,Agri,-276.7799999999999
2024-03-18,1.84,4.07,5.9,-2.23,9.74,GFPT,Agri,-279.00999999999993
2024-03-19,7.27,2.63,9.91,4.64,12.27,GFPT,Agri,-274.36999999999995
2024-03-20,8.5,3.93,12.42,4.57,13.46,GFPT,Agri,-269.79999999999995
2024-03-21,5.05,1.67,6.72,3.38,9.69,GFPT,Agri,-266.41999999999996
2024-03-22,2.68,8.47,11.15,-5.79,29.52,GFPT,Agri,-272.21
2024-03-25,6.28,2.42,8.7,3.87,11.75,GFPT,Agri,-268.34
2024-03-26,11.07,9.62,20.69,1.45,20.02,GFPT,Agri,-266.89
2024-03-27,24.03,7.27,31.3,16.77,27.56,GFPT,Agri,-250.11999999999998
2024-03-28,13.85,4.8,18.65,9.05,16.16,GFPT,Agri,-241.06999999999996
2024-03-29,4.93,4.35,9.28,0.57,14.55,GFPT,Agri,-240.49999999999997
2024-04-01,4.33,14.35,18.67,-10.02,26.5,GFPT,Agri,-250.51999999999998
2024-04-02,5.44,4.19,9.63,1.25,24.8,GFPT,Agri,-249.26999999999998
2024-04-03,2.92,6.89,9.81,-3.97,23.93,GFPT,Agri,-253.23999999999998
2024-04-04,6.51,4.52,11.02,1.99,26.5,GFPT,Agri,-251.24999999999997
2024-04-05,3.37,1.59,4.96,1.79,16.42,GFPT,Agri,-249.45999999999998
2024-04-09,5.17,3.27,8.44,1.9,21.38,GFPT,Agri,-247.55999999999997
2024-04-10,9.27,7.46,16.73,1.8,22.58,GFPT,Agri,-245.75999999999996
2024-04-11,5.09,4.33,9.42,0.77,23.38,GFPT,Agri,-244.98999999999995
2024-04-17,8.55,3.95,12.5,4.59,13.96,GFPT,Agri,-240.39999999999995
2024-04-18,9.35,8.82,18.17,0.53,17.26,GFPT,Agri,-239.86999999999995
2024-04-19,3.48,7.38,10.86,-3.89,14.88,GFPT,Agri,-243.75999999999993
2024-04-22,22.4,4.78,27.18,17.62,23.26,GFPT,Agri,-226.13999999999993
2024-04-23,9.61,6.06,15.66,3.55,26.2,GFPT,Agri,-222.58999999999992
2024-04-24,19.87,6.52,26.39,13.35,29.45,GFPT,Agri,-209.23999999999992
2024-04-25,12.81,9.77,22.58,3.05,15.3,GFPT,Agri,-206.1899999999999
2024-04-26,9.6,7.45,17.05,2.14,19.26,GFPT,Agri,-204.04999999999993
2024-04-29,10.59,6.1,16.69,4.49,12.26,GFPT,Agri,-199.55999999999992
2024-04-30,22.18,8.14,30.33,14.04,15.86,GFPT,Agri,-185.51999999999992
2024-05-02,36.44,12.29,48.73,24.14,19.7,GFPT,Agri,-161.37999999999994
2024-05-03,16.16,4.55,20.71,11.62,18.3,GFPT,Agri,-149.75999999999993
2024-05-07,7.76,8.62,16.38,-0.87,20.27,GFPT,Agri,-150.62999999999994
2024-05-08,1.99,2.1,4.09,-0.11,26.57,GFPT,Agri,-150.73999999999995
2024-05-09,15.67,8.15,23.83,7.52,23.69,GFPT,Agri,-143.21999999999994
2024-05-10,55.8,5.3,61.1,50.5,26.7,GFPT,Agri,-92.71999999999994
2024-05-13,9.8,3.08,12.88,6.72,17.82,GFPT,Agri,-85.99999999999994
2024-05-14,21.75,7.93,29.68,13.82,34.42,GFPT,Agri,-72.17999999999995
2024-05-15,9.85,9.95,19.8,-0.11,22.64,GFPT,Agri,-72.28999999999995
2024-05-16,3.29,4.34,7.63,-1.04,23.92,GFPT,Agri,-73.32999999999996
2024-05-17,9.13,6.94,16.07,2.19,21.64,GFPT,Agri,-71.13999999999996
2024-05-20,6.43,9.7,16.12,-3.27,20.08,GFPT,Agri,-74.40999999999995
2024-05-21,13.95,7.89,21.85,6.06,37.35,GFPT,Agri,-68.34999999999995
2024-05-23,15.79,10.35,26.14,5.43,32.9,GFPT,Agri,-62.91999999999995
2024-05-24,3.58,1.05,4.63,2.54,12.27,GFPT,Agri,-60.37999999999995
2024-05-27,11.59,9.16,20.74,2.43,23.44,GFPT,Agri,-57.94999999999995
2024-05-28,2.72,5.64,8.37,-2.92,14.13,GFPT,Agri,-60.869999999999955
2024-05-29,17.39,5.23,22.62,12.16,22.65,GFPT,Agri,-48.70999999999995
2024-05-30,44.12,7.32,51.45,36.8,16.17,GFPT,Agri,-11.909999999999954
2024-05-31,15.71,25.53,41.24,-9.83,27.22,GFPT,Agri,-21.739999999999952
2024-06-04,11.63,18.1,29.73,-6.47,37.43,GFPT,Agri,-28.20999999999995
2024-06-05,4.69,13.15,17.84,-8.46,16.18,GFPT,Agri,-36.66999999999995
2024-06-06,8.14,15.2,23.34,-7.05,26.46,GFPT,Agri,-43.71999999999995
2024-06-07,2.99,6.18,9.17,-3.19,28.19,GFPT,Agri,-46.90999999999995
2024-06-10,6.43,2.47,8.9,3.95,18.61,GFPT,Agri,-42.959999999999944
2024-06-11,9.19,5.26,14.45,3.93,13.9,GFPT,Agri,-39.029999999999944
2024-06-12,6.11,6.3,12.42,-0.19,21.52,GFPT,Agri,-39.21999999999994
2024-06-13,7.69,17.15,24.84,-9.47,32.75,GFPT,Agri,-48.68999999999994
2024-06-14,8.46,8.98,17.44,-0.52,20.93,GFPT,Agri,-49.209999999999944
2024-06-17,27.05,16.27,43.32,10.78,25.95,GFPT,Agri,-38.42999999999994
2024-06-18,6.1,4.11,10.21,1.98,18.41,GFPT,Agri,-36.449999999999946
2024-06-19,4.34,25.34,29.68,-21.01,37.45,GFPT,Agri,-57.45999999999995
2024-06-20,1.44,3.75,5.19,-2.31,29.63,GFPT,Agri,-59.76999999999995
2024-06-21,12.83,18.62,31.46,-5.79,33.71,GFPT,Agri,-65.55999999999996
2024-06-24,9.82,15.17,24.99,-5.35,22.72,GFPT,Agri,-70.90999999999995
2024-06-25,4.61,5.18,9.78,-0.57,22.74,GFPT,Agri,-71.47999999999995
2024-06-26,3.98,10.4,14.38,-6.42,27.39,GFPT,Agri,-77.89999999999995
2024-06-27,5.54,6.57,12.1,-1.03,32.69,GFPT,Agri,-78.92999999999995
2024-06-28,0.45,6.52,6.97,-6.06,20.08,GFPT,Agri,-84.98999999999995
2024-07-01,0.81,4.61,5.42,-3.8,15.58,GFPT,Agri,-88.78999999999995
2024-07-02,1.79,7.89,9.68,-6.1,19.06,GFPT,Agri,-94.88999999999994
2024-07-03,0.83,6.38,7.22,-5.55,14.88,GFPT,Agri,-100.43999999999994
2024-07-04,3.98,3.47,7.45,0.51,21.35,GFPT,Agri,-99.92999999999994
2024-07-05,1.88,4.02,5.9,-2.14,18.61,GFPT,Agri,-102.06999999999994
2024-07-08,26.3,5.22,31.52,21.08,22.25,GFPT,Agri,-80.98999999999994
2024-07-09,4.4,9.27,13.67,-4.87,22.55,GFPT,Agri,-85.85999999999994
2024-07-10,4.85,1.54,6.39,3.3,9.51,GFPT,Agri,-82.55999999999995
2024-07-11,1.76,4.16,5.92,-2.4,17.21,GFPT,Agri,-84.95999999999995
2024-07-12,2.04,1.75,3.79,0.29,10.18,GFPT,Agri,-84.66999999999994
2024-07-15,2.44,1.63,4.07,0.81,24.65,GFPT,Agri,-83.85999999999994
2024-07-16,5.35,13.53,18.88,-8.18,24.48,GFPT,Agri,-92.03999999999994
2024-07-17,3.74,9.46,13.2,-5.72,29.41,GFPT,Agri,-97.75999999999993
2024-07-18,20.38,11.41,31.79,8.97,22.18,GFPT,Agri,-88.78999999999994
2024-07-19,20.34,5.69,26.03,14.65,29.93,GFPT,Agri,-74.13999999999993
2024-07-23,9.42,11.52,20.94,-2.1,36.17,GFPT,Agri,-76.23999999999992
2024-07-24,13.53,5.03,18.56,8.5,18.59,GFPT,Agri,-67.73999999999992
2024-07-25,12.72,4.11,16.82,8.61,19.74,GFPT,Agri,-59.129999999999924
2024-07-26,31.89,9.29,41.18,22.61,25.29,GFPT,Agri,-36.519999999999925
2024-07-30,7.9,13.0,20.9,-5.1,44.7,GFPT,Agri,-41.619999999999926
2024-07-31,21.96,13.47,35.42,8.49,25.28,GFPT,Agri,-33.129999999999924
2024-08-01,3.86,8.62,12.48,-4.76,14.99,GFPT,Agri,-37.88999999999992
2024-08-02,11.97,7.13,19.11,4.84,28.66,GFPT,Agri,-33.049999999999926
2024-08-05,7.45,21.1,28.55,-13.65,30.42,GFPT,Agri,-46.699999999999925
2024-08-06,5.96,8.52,14.48,-2.57,29.18,GFPT,Agri,-49.269999999999925
2024-08-07,19.17,2.77,21.94,16.39,25.64,GFPT,Agri,-32.879999999999924
2024-08-08,14.96,4.63,19.59,10.33,22.16,GFPT,Agri,-22.549999999999926
2024-08-09,9.35,5.67,15.02,3.68,17.47,GFPT,Agri,-18.869999999999926
2024-08-13,30.18,11.11,41.29,19.06,20.37,GFPT,Agri,0.19000000000007233
2024-08-14,26.41,15.67,42.08,10.74,32.9,GFPT,Agri,10.930000000000073
2024-08-15,16.87,8.39,25.26,8.47,38.72,GFPT,Agri,19.400000000000073
2024-08-16,13.18,12.78,25.96,0.39,27.52,GFPT,Agri,19.790000000000074
2024-08-19,8.16,10.59,18.75,-2.44,19.98,GFPT,Agri,17.350000000000072
2024-08-20,6.3,7.29,13.59,-0.99,42.41,GFPT,Agri,16.360000000000074
2024-08-21,16.05,11.92,27.96,4.13,20.95,GFPT,Agri,20.490000000000073
2024-08-22,6.06,4.16,10.22,1.9,20.37,GFPT,Agri,22.39000000000007
2024-08-23,9.6,9.67,19.26,-0.07,21.78,GFPT,Agri,22.32000000000007
2024-08-26,10.41,2.11,12.52,8.31,22.45,GFPT,Agri,30.630000000000074
2024-08-27,24.43,7.15,31.57,17.28,28.7,GFPT,Agri,47.910000000000075
2024-08-28,5.87,6.62,12.48,-0.75,15.79,GFPT,Agri,47.160000000000075
2024-08-29,7.45,8.17,15.62,-0.71,26.31,GFPT,Agri,46.450000000000074
2024-08-30,11.29,4.61,15.9,6.68,37.44,GFPT,Agri,53.130000000000074
2024-09-02,6.02,6.12,12.14,-0.1,14.62,GFPT,Agri,53.03000000000007
2024-09-03,0.53,4.14,4.66,-3.61,15.88,GFPT,Agri,49.42000000000007
2024-09-04,6.99,4.32,11.31,2.68,12.53,GFPT,Agri,52.10000000000007
2024-09-05,10.11,10.36,20.47,-0.26,15.48,GFPT,Agri,51.840000000000074
2024-09-06,21.14,9.5,30.65,11.64,11.43,GFPT,Agri,63.480000000000075
2024-09-09,8.72,5.64,14.35,3.08,20.91,GFPT,Agri,66.56000000000007
2024-09-10,24.27,17.31,41.57,6.96,26.37,GFPT,Agri,73.52000000000007
2024-09-11,14.38,8.46,22.84,5.91,22.18,GFPT,Agri,79.43000000000006
2024-09-12,15.57,4.02,19.6,11.55,21.4,GFPT,Agri,90.98000000000006
2024-09-13,2.5,3.61,6.11,-1.12,28.2,GFPT,Agri,89.86000000000006
2024-09-16,24.22,3.22,27.44,21.0,15.37,GFPT,Agri,110.86000000000006
2024-09-17,2.2,5.72,7.92,-3.52,16.74,GFPT,Agri,107.34000000000006
2024-09-18,4.35,3.26,7.61,1.09,15.12,GFPT,Agri,108.43000000000006
2024-09-19,3.75,2.43,6.18,1.32,11.56,GFPT,Agri,109.75000000000006
2024-09-20,12.26,12.93,25.19,-0.67,27.92,GFPT,Agri,109.08000000000006
2024-09-23,1.76,15.05,16.81,-13.29,21.53,GFPT,Agri,95.79000000000005
2024-09-24,2.35,10.21,12.55,-7.86,14.08,GFPT,Agri,87.93000000000005
2024-09-25,8.15,8.91,17.06,-0.76,17.93,GFPT,Agri,87.17000000000004
2024-09-26,4.82,5.43,10.25,-0.62,29.06,GFPT,Agri,86.55000000000004
2024-09-27,17.95,10.84,28.8,7.11,19.65,GFPT,Agri,93.66000000000004
2024-09-30,5.11,12.22,17.32,-7.11,17.02,GFPT,Agri,86.55000000000004
2024-10-01,9.88,10.19,20.07,-0.3,14.79,GFPT,Agri,86.25000000000004
2024-10-02,5.37,4.62,9.98,0.75,22.19,GFPT,Agri,87.00000000000004
2024-10-03,2.57,1.73,4.31,0.84,16.0,GFPT,Agri,87.84000000000005
2024-10-04,1.1,6.23,7.32,-5.13,18.85,GFPT,Agri,82.71000000000005
2024-10-07,3.46,4.43,7.89,-0.96,24.91,GFPT,Agri,81.75000000000006
2024-10-08,2.41,10.95,13.35,-8.54,23.62,GFPT,Agri,73.21000000000006
2024-10-09,18.07,9.12,27.19,8.95,30.58,GFPT,Agri,82.16000000000007
2024-10-10,1.53,10.46,11.98,-8.93,21.53,GFPT,Agri,73.23000000000008
2024-10-11,6.71,3.57,10.28,3.14,14.9,GFPT,Agri,76.37000000000008
2024-10-15,1.29,5.97,7.26,-4.67,21.86,GFPT,Agri,71.70000000000007
2024-10-16,0.43,12.38,12.81,-11.96,21.44,GFPT,Agri,59.74000000000007
2024-10-17,3.68,10.05,13.72,-6.37,36.09,GFPT,Agri,53.370000000000076
2024-10-18,1.97,0.78,2.75,1.18,5.62,GFPT,Agri,54.550000000000075
2024-10-21,15.63,15.33,30.95,0.3,32.62,GFPT,Agri,54.85000000000007
2024-10-22,1.58,7.67,9.24,-6.09,23.11,GFPT,Agri,48.760000000000076
2024-10-24,2.35,5.37,7.71,-3.02,21.09,GFPT,Agri,45.74000000000007
2024-10-25,0.64,8.77,9.41,-8.13,20.16,GFPT,Agri,37.61000000000007
2024-10-28,1.42,6.32,7.74,-4.9,20.34,GFPT,Agri,32.71000000000007
2024-10-29,3.25,3.84,7.09,-0.59,20.04,GFPT,Agri,32.12000000000007
2024-10-30,1.03,6.63,7.66,-5.6,26.75,GFPT,Agri,26.520000000000067
2024-10-31,4.36,4.35,8.71,0.01,20.45,GFPT,Agri,26.53000000000007
2024-11-01,3.26,1.86,5.12,1.39,23.75,GFPT,Agri,27.92000000000007
2024-11-04,2.91,4.6,7.51,-1.69,21.71,GFPT,Agri,26.230000000000068
2024-11-05,5.57,3.87,9.44,1.7,24.77,GFPT,Agri,27.930000000000067
2024-11-06,0.63,4.56,5.19,-3.93,19.51,GFPT,Agri,24.000000000000068
2024-11-07,4.71,5.81,10.51,-1.1,24.08,GFPT,Agri,22.900000000000066
2024-11-08,21.56,5.02,26.59,16.54,29.43,GFPT,Agri,39.44000000000007
2024-11-11,1.42,2.62,4.04,-1.2,18.78,GFPT,Agri,38.240000000000066
2024-11-12,1.8,30.97,32.77,-29.17,29.71,GFPT,Agri,9.070000000000064
2024-11-13,3.14,1.1,4.24,2.04,21.85,GFPT,Agri,11.110000000000063
2024-11-14,5.38,3.43,8.81,1.95,29.05,GFPT,Agri,13.060000000000063
2024-11-15,4.5,0.85,5.35,3.65,23.7,GFPT,Agri,16.71000000000006
2024-11-18,5.31,1.19,6.51,4.12,18.62,GFPT,Agri,20.830000000000062
2024-11-19,2.58,0.26,2.84,2.32,14.6,GFPT,Agri,23.150000000000063
2024-11-20,0.42,1.02,1.44,-0.61,13.91,GFPT,Agri,22.540000000000063
2024-11-21,1.07,2.37,3.45,-1.3,16.93,GFPT,Agri,21.240000000000062
2024-11-22,4.1,3.07,7.18,1.03,13.48,GFPT,Agri,22.270000000000064
2024-11-25,5.1,2.2,7.3,2.9,13.94,GFPT,Agri,25.170000000000062
2024-11-26,0.4,0.69,1.09,-0.29,21.81,GFPT,Agri,24.880000000000063
2024-11-27,2.28,3.11,5.39,-0.83,23.21,GFPT,Agri,24.050000000000065
2024-11-28,0.21,0.53,0.74,-0.32,5.19,GFPT,Agri,23.730000000000064
2024-11-29,2.11,3.27,5.38,-1.15,20.56,GFPT,Agri,22.580000000000066
2024-12-02,1.68,2.83,4.51,-1.15,20.12,GFPT,Agri,21.430000000000067
2024-12-03,3.56,6.08,9.64,-2.53,19.0,GFPT,Agri,18.900000000000066
2024-12-04,1.1,2.53,3.63,-1.42,14.64,GFPT,Agri,17.480000000000068
2024-12-06,2.66,7.96,10.62,-5.3,25.45,GFPT,Agri,12.180000000000067
2024-12-09,9.55,4.83,14.38,4.72,22.96,GFPT,Agri,16.900000000000066
2024-12-11,1.61,8.32,9.94,-6.71,20.2,GFPT,Agri,10.190000000000065
2024-12-12,3.23,0.42,3.65,2.81,30.62,GFPT,Agri,13.000000000000066
2024-12-13,1.56,3.36,4.92,-1.8,14.35,GFPT,Agri,11.200000000000065
2024-12-16,1.81,5.17,6.98,-3.35,16.2,GFPT,Agri,7.850000000000065
2024-12-17,7.84,5.58,13.42,2.26,13.7,GFPT,Agri,10.110000000000065
2024-12-18,7.11,4.18,11.29,2.93,13.49,GFPT,Agri,13.040000000000065
2024-12-19,13.53,8.26,21.79,5.27,15.76,GFPT,Agri,18.310000000000066
2024-12-20,3.22,4.48,7.69,-1.26,25.2,GFPT,Agri,17.050000000000065
2024-12-23,2.65,4.35,7.0,-1.69,33.06,GFPT,Agri,15.360000000000065
2024-12-24,2.18,4.94,7.12,-2.76,19.65,GFPT,Agri,12.600000000000065
2024-12-25,2.5,2.35,4.85,0.16,19.74,GFPT,Agri,12.760000000000066
2024-12-26,0.3,1.32,1.61,-1.02,12.12,GFPT,Agri,11.740000000000066
2024-12-27,0.33,5.43,5.76,-5.1,25.93,GFPT,Agri,6.640000000000066
2024-12-30,7.66,1.16,8.82,6.5,19.42,GFPT,Agri,13.140000000000066
2025-01-02,5.38,1.09,6.48,4.29,22.69,GFPT,Agri,17.430000000000067
2025-01-03,0.67,5.41,6.08,-4.74,25.09,GFPT,Agri,12.690000000000067
2025-01-06,2.3,1.9,4.2,0.4,18.51,GFPT,Agri,13.090000000000067
2025-01-07,2.4,1.5,3.9,0.9,20.92,GFPT,Agri,13.990000000000068
2025-01-08,7.0,6.54,13.54,0.46,24.89,GFPT,Agri,14.450000000000069
2025-01-09,1.57,10.57,12.15,-9.0,20.68,GFPT,Agri,5.450000000000069
2025-01-10,3.58,4.63,8.22,-1.05,19.06,GFPT,Agri,4.400000000000069
2025-01-13,8.32,4.19,12.51,4.13,20.24,GFPT,Agri,8.530000000000069
2025-01-14,3.8,3.0,6.8,0.8,25.29,GFPT,Agri,9.33000000000007
2025-01-15,5.63,6.63,12.26,-1.0,25.37,GFPT,Agri,8.33000000000007
2025-01-16,3.17,6.19,9.36,-3.02,24.12,GFPT,Agri,5.31000000000007
2025-01-17,4.06,3.63,7.69,0.43,20.55,GFPT,Agri,5.7400000000000695
2025-01-20,1.15,2.58,3.73,-1.42,15.58,GFPT,Agri,4.32000000000007
2025-01-21,0.84,1.65,2.49,-0.8,9.66,GFPT,Agri,3.5200000000000697
2025-01-22,0.81,3.5,4.32,-2.69,19.77,GFPT,Agri,0.8300000000000698
2025-01-23,2.15,4.97,7.12,-2.82,12.86,GFPT,Agri,-1.98999999999993
2025-01-24,0.09,3.93,4.02,-3.83,16.5,GFPT,Agri,-5.81999999999993
2025-01-27,0.45,3.33,3.79,-2.88,17.98,GFPT,Agri,-8.69999999999993
2025-01-28,0.78,3.88,4.67,-3.1,19.47,GFPT,Agri,-11.79999999999993
2025-01-29,3.42,3.29,6.71,0.13,16.08,GFPT,Agri,-11.669999999999929
2025-01-30,4.36,6.49,10.85,-2.13,23.01,GFPT,Agri,-13.79999999999993
2025-01-31,0.28,2.76,3.04,-2.48,13.21,GFPT,Agri,-16.27999999999993
2025-02-03,1.93,3.43,5.36,-1.51,17.52,GFPT,Agri,-17.78999999999993
2025-02-04,2.26,4.33,6.59,-2.07,23.87,GFPT,Agri,-19.859999999999932
2025-02-05,2.82,5.9,8.73,-3.08,27.51,GFPT,Agri,-22.939999999999934
2025-02-06,0.9,4.28,5.18,-3.38,22.7,GFPT,Agri,-26.319999999999933
2025-02-07,3.75,3.09,6.84,0.66,40.07,GFPT,Agri,-25.659999999999933
2025-02-10,1.73,4.54,6.27,-2.81,32.63,GFPT,Agri,-28.46999999999993
2025-02-11,2.07,8.06,10.13,-5.99,33.19,GFPT,Agri,-34.45999999999993
2025-02-13,0.91,7.22,8.13,-6.31,27.97,GFPT,Agri,-40.76999999999993
2025-02-14,4.12,5.9,10.02,-1.78,20.56,GFPT,Agri,-42.54999999999993
2025-02-17,10.09,2.82,12.91,7.27,18.59,GFPT,Agri,-35.27999999999993
2025-02-18,7.65,3.39,11.03,4.26,26.26,GFPT,Agri,-31.019999999999932
2025-02-19,6.42,7.15,13.57,-0.73,23.57,GFPT,Agri,-31.749999999999932
2025-02-20,4.5,3.75,8.25,0.74,13.05,GFPT,Agri,-31.009999999999934
2025-02-21,5.31,10.26,15.57,-4.95,21.76,GFPT,Agri,-35.95999999999994
2025-02-24,2.7,3.12,5.81,-0.42,25.61,GFPT,Agri,-36.37999999999994
2025-02-25,1.59,5.84,7.43,-4.25,16.84,GFPT,Agri,-40.62999999999994
2025-02-26,8.84,4.47,13.31,4.37,23.81,GFPT,Agri,-36.25999999999994
2025-02-27,3.71,7.49,11.2,-3.78,22.37,GFPT,Agri,-40.03999999999994
2025-02-28,89.1,11.83,100.93,77.26,28.11,GFPT,Agri,37.22000000000006
2025-03-03,22.55,50.69,73.24,-28.14,37.41,GFPT,Agri,9.080000000000062
2025-03-04,12.25,22.38,34.64,-10.13,28.56,GFPT,Agri,-1.0499999999999385
2025-03-05,9.27,7.12,16.39,2.14,24.88,GFPT,Agri,1.0900000000000616
2025-03-06,3.05,7.23,10.28,-4.18,40.56,GFPT,Agri,-3.089999999999938
2025-03-07,6.1,7.04,13.14,-0.94,26.03,GFPT,Agri,-4.029999999999938
2025-03-10,3.09,7.2,10.29,-4.11,31.5,GFPT,Agri,-8.139999999999938
2025-03-11,4.88,7.47,12.35,-2.59,23.82,GFPT,Agri,-10.729999999999938
2025-03-12,2.82,9.1,11.92,-6.28,41.27,GFPT,Agri,-17.009999999999938
2025-03-13,1.59,6.28,7.87,-4.68,29.93,GFPT,Agri,-21.689999999999937
2025-03-14,2.2,3.93,6.13,-1.73,14.72,GFPT,Agri,-23.419999999999938
2025-03-17,4.78,2.75,7.54,2.03,31.21,GFPT,Agri,-21.389999999999937
2025-03-18,2.61,3.78,6.39,-1.17,35.11,GFPT,Agri,-22.55999999999994
2025-03-19,6.08,3.91,9.99,2.17,30.64,GFPT,Agri,-20.389999999999937
2025-03-20,4.57,4.65,9.23,-0.08,34.24,GFPT,Agri,-20.469999999999935
2025-03-21,3.3,5.57,8.88,-2.27,40.39,GFPT,Agri,-22.739999999999934
2025-03-24,3.04,1.62,4.65,1.42,25.12,GFPT,Agri,-21.319999999999936
2025-03-25,7.37,4.1,11.46,3.27,13.19,GFPT,Agri,-18.049999999999937
2025-03-26,4.38,6.64,11.02,-2.26,19.56,GFPT,Agri,-20.30999999999994
2025-03-27,2.29,4.85,7.15,-2.56,24.88,GFPT,Agri,-22.869999999999937
2025-03-28,1.56,2.79,4.36,-1.23,7.36,GFPT,Agri,-24.099999999999937
2025-03-31,4.49,5.2,9.69,-0.71,15.41,GFPT,Agri,-24.80999999999994
2025-04-01,2.18,10.36,12.55,-8.18,13.59,GFPT,Agri,-32.98999999999994
2025-04-02,0.03,1.46,1.49,-1.43,12.11,GFPT,Agri,-34.41999999999994
2025-04-03,0.4,4.58,4.98,-4.18,17.82,GFPT,Agri,-38.59999999999994
2025-04-04,1.71,8.56,10.27,-6.85,9.91,GFPT,Agri,-45.44999999999994
2025-04-08,2.05,2.94,4.99,-0.89,7.21,GFPT,Agri,-46.33999999999994
2025-04-09,8.46,5.04,13.5,3.42,11.43,GFPT,Agri,-42.91999999999994
2025-04-10,26.0,4.12,30.12,21.89,27.88,GFPT,Agri,-21.029999999999937
2025-04-11,3.84,2.26,6.1,1.57,15.21,GFPT,Agri,-19.459999999999937
2025-04-16,9.36,3.49,12.85,5.87,20.08,GFPT,Agri,-13.589999999999936
2025-04-17,4.86,2.59,7.46,2.27,19.2,GFPT,Agri,-11.319999999999936
2025-04-18,4.08,2.04,6.12,2.05,10.9,GFPT,Agri,-9.269999999999936
2025-04-21,2.31,2.33,4.64,-0.02,13.67,GFPT,Agri,-9.289999999999935
2025-04-22,24.73,14.41,39.14,10.32,20.04,GFPT,Agri,1.030000000000065
2025-04-23,5.71,3.58,9.29,2.13,13.49,GFPT,Agri,3.160000000000065
2025-04-24,13.02,6.92,19.94,6.1,29.9,GFPT,Agri,9.260000000000066
2025-04-25,2.21,5.27,7.48,-3.05,19.46,GFPT,Agri,6.210000000000066
2025-04-28,17.61,8.82,26.43,8.79,25.28,GFPT,Agri,15.000000000000064
2025-04-29,7.78,4.24,12.03,3.54,19.41,GFPT,Agri,18.540000000000063
2025-04-30,6.4,4.32,10.71,2.08,25.13,GFPT,Agri,20.62000000000006
2025-05-02,4.02,6.06,10.08,-2.03,11.28,GFPT,Agri,18.59000000000006
2025-05-06,5.89,5.25,11.14,0.64,19.3,GFPT,Agri,19.23000000000006
2025-05-07,5.55,5.75,11.29,-0.2,16.34,GFPT,Agri,19.03000000000006
2025-05-08,2.54,3.71,6.25,-1.17,15.36,GFPT,Agri,17.860000000000063
2025-05-09,3.85,3.46,7.31,0.38,14.68,GFPT,Agri,18.240000000000062
2025-05-13,3.36,5.02,8.37,-1.66,10.36,GFPT,Agri,16.580000000000062
2025-05-14,10.35,5.08,15.43,5.27,21.74,GFPT,Agri,21.850000000000062
2025-05-15,20.68,6.76,27.44,13.92,22.23,GFPT,Agri,35.77000000000006
2025-05-16,7.08,11.01,18.09,-3.93,33.86,GFPT,Agri,31.84000000000006
2025-05-19,15.07,6.08,21.15,8.99,15.39,GFPT,Agri,40.83000000000006
2025-05-20,11.91,3.64,15.55,8.27,23.52,GFPT,Agri,49.100000000000065
2025-05-21,10.73,8.67,19.4,2.06,30.88,GFPT,Agri,51.16000000000007
2025-05-22,30.51,8.8,39.31,21.71,32.75,GFPT,Agri,72.87000000000006
2025-05-23,0.54,10.7,11.24,-10.16,21.3,GFPT,Agri,62.710000000000065
2025-05-26,9.21,13.89,23.1,-4.68,21.49,GFPT,Agri,58.030000000000065
2025-05-27,9.92,5.31,15.24,4.61,21.58,GFPT,Agri,62.640000000000065
2025-05-28,9.76,5.49,15.24,4.27,27.38,GFPT,Agri,66.91000000000007
2025-05-29,6.71,2.85,9.56,3.86,18.02,GFPT,Agri,70.77000000000007
2025-05-30,8.51,10.79,19.3,-2.28,26.29,GFPT,Agri,68.49000000000007
2025-06-04,12.22,5.36,17.57,6.86,15.69,GFPT,Agri,75.35000000000007
2025-06-05,5.01,1.94,6.95,3.07,33.71,GFPT,Agri,78.42000000000006
2025-06-06,12.47,4.18,16.65,8.29,29.49,GFPT,Agri,86.71000000000006
2025-06-09,2.29,5.71,8.01,-3.42,34.36,GFPT,Agri,83.29000000000006
2025-06-10,4.04,2.12,6.17,1.92,34.34,GFPT,Agri,85.21000000000006
2025-06-11,10.08,8.23,18.31,1.86,33.23,GFPT,Agri,87.07000000000006
2025-06-12,2.26,2.97,5.23,-0.71,22.96,GFPT,Agri,86.36000000000007
2025-06-13,3.14,5.33,8.47,-2.19,17.11,GFPT,Agri,84.17000000000007
2025-06-16,4.61,3.27,7.88,1.34,16.07,GFPT,Agri,85.51000000000008
2025-06-17,3.32,3.47,6.78,-0.15,20.71,GFPT,Agri,85.36000000000007
2025-06-18,5.88,8.28,14.17,-2.4,37.67,GFPT,Agri,82.96000000000006
2025-06-19,4.84,8.97,13.82,-4.13,33.19,GFPT,Agri,78.83000000000007
2025-06-20,21.81,2.89,24.7,18.92,37.6,GFPT,Agri,97.75000000000007
2025-06-23,5.27,3.33,8.6,1.93,25.04,GFPT,Agri,99.68000000000008
2025-06-24,11.52,4.88,16.4,6.64,28.46,GFPT,Agri,106.32000000000008
2025-06-25,8.16,9.65,17.81,-1.48,43.05,GFPT,Agri,104.84000000000007
2025-06-26,9.16,11.16,20.32,-2.0,57.33,GFPT,Agri,102.84000000000007
2025-06-27,6.33,3.68,10.01,2.65,26.23,GFPT,Agri,105.49000000000008
2025-06-30,5.83,3.22,9.05,2.61,27.58,GFPT,Agri,108.10000000000008
2025-07-01,5.9,7.65,13.55,-1.75,47.75,GFPT,Agri,106.35000000000008
2025-07-02,3.66,9.76,13.42,-6.1,25.26,GFPT,Agri,100.25000000000009
2025-07-03,3.2,3.48,6.68,-0.27,17.27,GFPT,Agri,99.98000000000009
2025-07-04,1.23,2.38,3.61,-1.16,14.46,GFPT,Agri,98.82000000000009
2025-07-07,8.57,2.35,10.92,6.22,34.24,GFPT,Agri,105.04000000000009
2025-07-08,0.89,0.54,1.43,0.35,19.92,GFPT,Agri,105.39000000000009
2025-07-09,1.28,0.6,1.88,0.68,13.48,GFPT,Agri,106.07000000000009
2025-07-11,0.81,4.64,5.44,-3.83,17.54,GFPT,Agri,102.2400000000001
2025-07-14,2.7,0.68,3.38,2.02,12.92,GFPT,Agri,104.26000000000009
2025-07-15,2.7,1.3,4.0,1.4,16.62,GFPT,Agri,105.6600000000001
2025-07-16,2.54,4.7,7.24,-2.16,23.81,GFPT,Agri,103.5000000000001
2025-07-17,6.23,7.42,13.65,-1.18,16.93,GFPT,Agri,102.32000000000009
2025-07-18,10.6,11.34,21.94,-0.75,14.31,GFPT,Agri,101.57000000000009
2025-07-21,0.42,5.8,6.22,-5.38,21.1,GFPT,Agri,96.1900000000001
2025-07-22,5.01,6.55,11.55,-1.54,19.76,GFPT,Agri,94.65000000000009
2025-07-23,2.38,2.15,4.53,0.22,23.35,GFPT,Agri,94.87000000000009
2025-07-24,1.22,2.91,4.14,-1.69,11.73,GFPT,Agri,93.18000000000009
2025-07-25,7.33,3.24,10.57,4.09,27.47,GFPT,Agri,97.2700000000001
2025-07-29,2.8,2.79,5.59,0.01,22.02,GFPT,Agri,97.2800000000001
2025-07-30,11.51,1.33,12.84,10.17,29.07,GFPT,Agri,107.4500000000001
2025-07-31,8.4,7.88,16.28,0.52,32.62,GFPT,Agri,107.9700000000001
2025-08-01,38.01,4.06,42.06,33.95,22.34,GFPT,Agri,141.9200000000001
2025-08-04,3.57,8.37,11.95,-4.8,20.69,GFPT,Agri,137.1200000000001
2025-08-05,5.37,4.1,9.47,1.28,20.75,GFPT,Agri,138.4000000000001
2025-08-06,4.75,1.81,6.56,2.93,12.9,GFPT,Agri,141.3300000000001
2025-08-07,8.95,6.93,15.87,2.02,19.4,GFPT,Agri,143.3500000000001
2025-08-08,4.74,1.68,6.42,3.06,22.96,GFPT,Agri,146.4100000000001
2025-08-13,7.36,6.95,14.3,0.41,20.32,GFPT,Agri,146.8200000000001
2025-08-14,5.11,6.89,11.99,-1.78,17.63,GFPT,Agri,145.0400000000001
2025-08-15,5.43,4.22,9.65,1.21,10.51,GFPT,Agri,146.2500000000001
2025-08-18,10.51,6.55,17.06,3.96,23.01,GFPT,Agri,150.21000000000012
2025-08-19,1.54,1.64,3.18,-0.1,24.5,GFPT,Agri,150.11000000000013
2025-08-20,2.71,3.91,6.61,-1.2,17.29,GFPT,Agri,148.91000000000014
2025-08-21,7.89,6.62,14.51,1.27,12.19,GFPT,Agri,150.18000000000015
2025-08-22,8.23,20.09,28.32,-11.86,30.1,GFPT,Agri,138.32000000000016
2025-08-25,14.08,14.17,28.24,-0.09,28.97,GFPT,Agri,138.23000000000016
2025-08-26,8.76,1.51,10.27,7.25,15.75,GFPT,Agri,145.48000000000016
2025-08-27,2.98,8.76,11.74,-5.77,28.9,GFPT,Agri,139.71000000000015
2025-08-28,20.76,15.66,36.43,5.1,42.25,GFPT,Agri,144.81000000000014
2025-08-29,6.23,6.84,13.07,-0.6,26.11,GFPT,Agri,144.21000000000015
2025-09-01,2.55,3.01,5.56,-0.46,28.75,GFPT,Agri,143.75000000000014
2025-09-02,4.19,2.66,6.85,1.54,12.87,GFPT,Agri,145.29000000000013
2025-09-03,5.48,3.03,8.51,2.44,21.98,GFPT,Agri,147.73000000000013
2025-09-04,13.0,5.74,18.74,7.26,15.47,GFPT,Agri,154.99000000000012
2025-09-05,2.98,2.19,5.17,0.79,15.23,GFPT,Agri,155.78000000000011
2025-09-08,4.62,1.81,6.43,2.82,16.11,GFPT,Agri,158.6000000000001
2025-09-09,3.8,7.16,10.96,-3.36,16.84,GFPT,Agri,155.2400000000001
2025-09-10,9.25,11.26,20.51,-2.01,28.14,GFPT,Agri,153.2300000000001
2025-09-11,25.81,5.5,31.31,20.31,23.21,GFPT,Agri,173.5400000000001
2025-09-12,23.79,9.87,33.66,13.92,27.97,GFPT,Agri,187.4600000000001
2025-09-15,11.57,6.12,17.69,5.45,32.39,GFPT,Agri,192.91000000000008
2025-09-16,9.0,7.4,16.4,1.6,12.39,GFPT,Agri,194.51000000000008
2025-09-17,3.57,2.61,6.18,0.96,18.41,GFPT,Agri,195.47000000000008
2025-09-18,12.73,9.09,21.82,3.64,46.22,GFPT,Agri,199.11000000000007
2025-09-19,4.12,2.99,7.11,1.12,18.55,GFPT,Agri,200.23000000000008
2025-09-22,2.88,5.7,8.57,-2.82,22.37,GFPT,Agri,197.41000000000008
2025-09-23,2.42,7.59,10.01,-5.17,23.65,GFPT,Agri,192.2400000000001
2025-09-24,1.24,4.04,5.28,-2.8,35.36,GFPT,Agri,189.44000000000008
2025-09-25,2.87,3.31,6.18,-0.44,29.07,GFPT,Agri,189.00000000000009
2025-09-26,2.21,3.95,6.16,-1.74,23.74,GFPT,Agri,187.26000000000008
2025-09-29,4.1,5.09,9.18,-0.99,21.97,GFPT,Agri,186.27000000000007
2025-09-30,3.06,2.17,5.23,0.88,22.27,GFPT,Agri,187.15000000000006
2025-10-01,3.97,5.62,9.6,-1.65,31.02,GFPT,Agri,185.50000000000006
2025-10-02,3.15,1.59,4.74,1.56,16.38,GFPT,Agri,187.06000000000006
2025-10-03,0.14,2.08,2.23,-1.94,16.7,GFPT,Agri,185.12000000000006
2025-10-06,0.66,3.05,3.71,-2.39,14.5,GFPT,Agri,182.73000000000008
2025-10-07,3.07,4.0,7.07,-0.93,14.64,GFPT,Agri,181.80000000000007
2025-10-08,4.92,2.41,7.33,2.52,26.08,GFPT,Agri,184.32000000000008
2025-10-09,0.64,2.75,3.39,-2.11,27.32,GFPT,Agri,182.21000000000006
2025-10-10,0.21,1.43,1.64,-1.22,20.63,GFPT,Agri,180.99000000000007
2025-10-14,12.02,5.76,17.78,6.26,35.13,GFPT,Agri,187.25000000000006
2025-10-15,6.06,3.53,9.59,2.54,19.24,GFPT,Agri,189.79000000000005
2025-10-16,4.69,5.2,9.89,-0.51,23.17,GFPT,Agri,189.28000000000006
2025-10-17,2.83,8.56,11.39,-5.74,18.6,GFPT,Agri,183.54000000000005
2025-10-20,3.87,2.69,6.55,1.18,18.67,GFPT,Agri,184.72000000000006
2025-10-21,5.74,4.36,10.09,1.38,11.07,GFPT,Agri,186.10000000000005
2025-10-22,11.39,2.19,13.58,9.21,10.68,GFPT,Agri,195.31000000000006
2025-10-24,5.69,0.98,6.67,4.71,20.62,GFPT,Agri,200.02000000000007
2025-10-27,8.88,0.55,9.43,8.33,23.32,GFPT,Agri,208.35000000000008
2025-10-28,6.14,1.46,7.6,4.69,21.22,GFPT,Agri,213.04000000000008
2025-10-29,2.76,1.24,4.0,1.51,32.47,GFPT,Agri,214.55000000000007
2025-10-30,7.6,6.77,14.37,0.82,28.69,GFPT,Agri,215.37000000000006
2025-10-31,0.26,0.98,1.24,-0.72,7.25,GFPT,Agri,214.65000000000006
2025-11-03,0.59,5.36,5.95,-4.77,14.25,GFPT,Agri,209.88000000000005
2025-11-04,4.82,2.54,7.36,2.28,27.5,GFPT,Agri,212.16000000000005
2025-11-05,7.67,5.06,12.73,2.61,36.87,GFPT,Agri,214.77000000000007
2025-11-06,5.2,6.48,11.68,-1.28,36.68,GFPT,Agri,213.49000000000007
2025-11-07,0.27,0.6,0.86,-0.33,6.69,GFPT,Agri,213.16000000000005
2025-11-10,0.75,3.72,4.47,-2.97,13.67,GFPT,Agri,210.19000000000005
2025-11-11,5.72,1.82,7.54,3.9,12.22,GFPT,Agri,214.09000000000006
2025-11-12,46.24,4.63,50.87,41.61,24.16,GFPT,Agri,255.70000000000005
2025-11-13,6.18,2.18,8.37,4.0,30.26,GFPT,Agri,259.70000000000005
2025-11-14,6.09,5.66,11.75,0.42,28.93,GFPT,Agri,260.12000000000006
2025-11-17,5.06,12.15,17.2,-7.09,20.82,GFPT,Agri,253.03000000000006
2025-11-18,7.73,4.9,12.64,2.83,37.27,GFPT,Agri,255.86000000000007
2025-11-19,3.56,1.67,5.23,1.89,22.52,GFPT,Agri,257.75000000000006
2025-11-20,0.8,1.05,1.85,-0.25,23.51,GFPT,Agri,257.50000000000006
2025-11-21,16.1,9.4,25.5,6.69,47.67,GFPT,Agri,264.19000000000005
2025-11-24,6.86,7.73,14.59,-0.87,42.78,GFPT,Agri,263.32000000000005
2025-11-25,0.49,1.2,1.69,-0.7,12.55,GFPT,Agri,262.62000000000006
2025-11-26,1.92,7.65,9.57,-5.74,13.03,GFPT,Agri,256.88000000000005
2025-11-27,1.81,1.26,3.07,0.55,20.12,GFPT,Agri,257.43000000000006
2025-11-28,0.17,2.0,2.16,-1.83,10.93,GFPT,Agri,255.60000000000005
2025-12-01,0.97,3.45,4.41,-2.48,36.27,GFPT,Agri,253.12000000000006
2025-12-02,5.23,1.61,6.84,3.62,16.61,GFPT,Agri,256.74000000000007
2025-12-03,2.5,2.04,4.54,0.46,26.49,GFPT,Agri,257.20000000000005
2025-12-04,1.11,1.74,2.85,-0.63,30.94,GFPT,Agri,256.57000000000005
2025-12-08,1.36,4.87,6.23,-3.5,22.66,GFPT,Agri,253.07000000000005
2025-12-09,5.56,4.86,10.41,0.7,29.84,GFPT,Agri,253.77000000000004
2025-12-11,10.31,3.89,14.2,6.42,27.69,GFPT,Agri,260.19000000000005
2025-12-12,2.13,1.72,3.85,0.41,18.87,GFPT,Agri,260.6000000000001
2025-12-15,2.0,0.69,2.69,1.31,21.38,GFPT,Agri,261.9100000000001
2025-12-16,6.21,2.07,8.28,4.15,30.77,GFPT,Agri,266.06000000000006
2025-12-17,9.15,5.15,14.3,4.0,31.42,GFPT,Agri,270.06000000000006
2025-12-18,5.35,0.67,6.02,4.68,34.53,GFPT,Agri,274.74000000000007
2025-12-19,7.52,3.08,10.6,4.45,40.92,GFPT,Agri,279.19000000000005
2025-12-22,7.55,5.51,13.07,2.04,46.19,GFPT,Agri,281.2300000000001
2025-12-23,2.77,1.05,3.82,1.73,38.61,GFPT,Agri,282.9600000000001
2025-12-24,3.92,2.79,6.71,1.14,29.1,GFPT,Agri,284.1000000000001
2025-12-25,0.22,1.48,1.71,-1.26,32.92,GFPT,Agri,282.8400000000001
2025-12-26,1.02,0.34,1.35,0.68,18.96,GFPT,Agri,283.5200000000001
2025-12-29,6.29,4.51,10.8,1.77,42.0,GFPT,Agri,285.2900000000001
2025-12-30,24.42,16.18,40.6,8.24,36.45,GFPT,Agri,293.5300000000001
2026-01-05,12.21,2.41,14.62,9.8,19.02,GFPT,Agri,303.3300000000001
2026-01-06,14.07,1.55,15.61,12.52,13.63,GFPT,Agri,315.8500000000001
2026-01-07,17.24,1.74,18.98,15.5,25.62,GFPT,Agri,331.3500000000001
2026-01-08,8.77,2.33,11.1,6.44,30.83,GFPT,Agri,337.7900000000001
2026-01-09,21.89,10.06,31.95,11.82,38.57,GFPT,Agri,349.61000000000007
2026-01-12,4.73,5.95,10.68,-1.22,35.22,GFPT,Agri,348.39000000000004
2026-01-13,3.77,8.26,12.03,-4.49,27.95,GFPT,Agri,343.90000000000003
2026-01-14,5.75,5.29,11.04,0.46,34.45,GFPT,Agri,344.36
2026-01-15,1.96,4.85,6.81,-2.89,27.47,GFPT,Agri,341.47
2026-01-16,4.4,7.46,11.86,-3.06,41.31,GFPT,Agri,338.41
2026-01-19,7.14,6.41,13.55,0.73,28.41,GFPT,Agri,339.14000000000004
2026-01-20,0.97,1.7,2.68,-0.73,20.02,GFPT,Agri,338.41
2026-01-21,4.24,3.87,8.11,0.37,14.28,GFPT,Agri,338.78000000000003
2026-01-22,0.69,12.75,13.44,-12.06,26.24,GFPT,Agri,326.72
2026-01-23,0.43,21.07,21.5,-20.64,21.19,GFPT,Agri,306.08000000000004
2026-01-26,0.78,9.19,9.97,-8.41,19.08,GFPT,Agri,297.67
2026-01-27,21.6,31.57,53.17,-9.96,36.8,GFPT,Agri,287.71000000000004
2026-01-28,1.39,15.24,16.63,-13.85,15.15,GFPT,Agri,273.86
2026-01-29,0.99,13.65,14.64,-12.65,17.37,GFPT,Agri,261.21000000000004
2026-01-30,0.95,5.15,6.1,-4.19,21.26,GFPT,Agri,257.02000000000004
2026-02-02,8.76,12.44,21.2,-3.68,26.09,GFPT,Agri,253.34000000000003
2026-02-03,1.55,13.14,14.69,-11.58,18.26,GFPT,Agri,241.76000000000002
2026-02-04,3.09,2.37,5.46,0.71,22.05,GFPT,Agri,242.47000000000003
2026-02-05,4.45,5.73,10.18,-1.28,38.39,GFPT,Agri,241.19000000000003
2026-02-06,4.72,4.54,9.27,0.18,21.79,GFPT,Agri,241.37000000000003
2026-02-09,7.48,8.93,16.42,-1.45,18.03,GFPT,Agri,239.92000000000004
2026-02-10,7.88,15.15,23.03,-7.27,33.69,GFPT,Agri,232.65000000000003
2026-02-11,13.42,8.06,21.49,5.36,22.38,GFPT,Agri,238.01000000000005
2026-02-12,3.68,4.37,8.05,-0.69,16.23,GFPT,Agri,237.32000000000005
2026-02-13,4.37,4.44,8.81,-0.07,10.9,GFPT,Agri,237.25000000000006
2026-02-16,5.28,3.99,9.27,1.29,8.86,GFPT,Agri,238.54000000000005
2026-02-17,5.21,3.41,8.62,1.81,20.03,GFPT,Agri,240.35000000000005
2026-02-18,14.9,14.2,29.1,0.69,27.5,GFPT,Agri,241.04000000000005
2026-02-19,6.3,18.78,25.08,-12.49,14.35,GFPT,Agri,228.55000000000004
2026-02-20,1.61,10.23,11.84,-8.62,10.57,GFPT,Agri,219.93000000000004
2026-02-23,1.79,19.67,21.47,-17.88,18.91,GFPT,Agri,202.05000000000004
2026-02-24,2.43,4.46,6.9,-2.03,20.6,GFPT,Agri,200.02000000000004
2026-02-25,1.67,12.7,14.36,-11.03,18.0,GFPT,Agri,188.99000000000004
2026-02-26,6.32,10.0,16.32,-3.67,34.71,GFPT,Agri,185.32000000000005
2026-02-27,1.51,8.61,10.12,-7.1,22.49,GFPT,Agri,178.22000000000006
2026-03-02,2.76,9.07,11.82,-6.31,14.08,GFPT,Agri,171.91000000000005
2026-03-04,9.16,17.42,26.57,-8.26,25.37,GFPT,Agri,163.65000000000006
2026-03-05,1.96,10.87,12.82,-8.91,24.64,GFPT,Agri,154.74000000000007
2026-03-06,1.91,40.35,42.25,-38.44,40.87,GFPT,Agri,116.30000000000007
2026-03-09,6.88,9.44,16.32,-2.56,33.35,GFPT,Agri,113.74000000000007
2026-03-10,1.52,3.43,4.95,-1.91,18.95,GFPT,Agri,111.83000000000007
2026-03-11,3.77,5.62,9.38,-1.85,30.24,GFPT,Agri,109.98000000000008
2026-03-12,3.42,3.76,7.18,-0.33,26.94,GFPT,Agri,109.65000000000008
2026-03-13,0.0,1.73,1.73,-1.73,7.85,GFPT,Agri,107.92000000000007
2026-03-16,3.91,18.86,22.77,-14.95,32.55,GFPT,Agri,92.97000000000007
2026-03-17,5.86,3.21,9.07,2.65,16.28,GFPT,Agri,95.62000000000008
2026-03-18,4.53,4.27,8.8,0.26,9.22,GFPT,Agri,95.88000000000008
2026-03-19,2.34,6.3,8.65,-3.96,13.13,GFPT,Agri,91.92000000000009
2026-03-20,1.4,2.47,3.87,-1.07,11.02,GFPT,Agri,90.8500000000001
2026-03-23,0.63,5.75,6.38,-5.13,20.42,GFPT,Agri,85.7200000000001
2026-03-24,2.34,0.83,3.17,1.51,12.24,GFPT,Agri,87.2300000000001
2026-03-25,4.47,2.93,7.4,1.54,16.44,GFPT,Agri,88.77000000000011
2026-03-26,4.86,4.17,9.03,0.69,21.47,GFPT,Agri,89.46000000000011
2026-03-27,9.54,8.47,18.0,1.07,13.31,GFPT,Agri,90.5300000000001
2026-03-30,3.58,8.48,12.06,-4.9,13.46,GFPT,Agri,85.6300000000001
2026-03-31,6.96,4.51,11.47,2.44,17.72,GFPT,Agri,88.07000000000009
2026-04-01,3.03,1.34,4.37,1.68,13.67,GFPT,Agri,89.7500000000001
2026-04-02,11.77,7.99,19.76,3.78,11.17,GFPT,Agri,93.5300000000001
2026-04-03,1.72,4.74,6.46,-3.02,6.02,GFPT,Agri,90.5100000000001
2026-04-07,0.9,1.09,2.0,-0.19,9.13,GFPT,Agri,90.3200000000001
2026-04-08,0.0,1.07,1.07,-1.07,8.42,GFPT,Agri,89.25000000000011
2026-04-09,0.5,5.14,5.64,-4.63,24.75,GFPT,Agri,84.62000000000012
2026-04-10,1.33,0.83,2.15,0.5,11.8,GFPT,Agri,85.12000000000012
2026-04-16,2.01,2.02,4.03,-0.01,12.72,GFPT,Agri,85.11000000000011
2026-04-17,0.91,0.38,1.29,0.53,8.44,GFPT,Agri,85.64000000000011
2026-04-20,0.46,0.4,0.86,0.06,6.13,GFPT,Agri,85.70000000000012
2026-04-21,1.0,0.97,1.98,0.03,8.57,GFPT,Agri,85.73000000000012
2026-04-22,0.06,0.68,0.74,-0.61,4.13,GFPT,Agri,85.12000000000012
2026-04-23,0.2,0.89,1.09,-0.69,11.79,GFPT,Agri,84.43000000000012
2026-04-24,0.87,2.69,3.56,-1.82,11.15,GFPT,Agri,82.61000000000013
2026-04-27,0.55,1.71,2.25,-1.16,10.22,GFPT,Agri,81.45000000000013
2026-04-28,0.77,1.33,2.09,-0.56,17.81,GFPT,Agri,80.89000000000013
2026-04-29,4.97,4.51,9.48,0.46,10.07,GFPT,Agri,81.35000000000012
2026-04-30,0.47,2.32,2.79,-1.85,17.48,GFPT,Agri,79.50000000000013
2026-05-05,2.74,2.94,5.68,-0.2,18.26,GFPT,Agri,79.30000000000013
2026-05-06,1.79,2.47,4.26,-0.68,9.26,GFPT,Agri,78.62000000000012
2026-05-07,3.82,2.06,5.88,1.75,11.09,GFPT,Agri,80.37000000000012
2026-05-08,0.51,3.43,3.93,-2.92,8.4,GFPT,Agri,77.45000000000012
2026-05-11,1.39,6.65,8.05,-5.26,9.67,GFPT,Agri,72.19000000000011
2026-05-12,0.06,0.04,0.1,0.02,0.86,GFPT,Agri,72.21000000000011
2026-05-13,1.17,0.23,1.39,0.94,9.35,GFPT,Agri,73.1500000000001
2026-05-14,4.68,3.51,8.19,1.17,4.06,GFPT,Agri,74.3200000000001
2026-05-15,0.49,1.89,2.38,-1.39,6.65,GFPT,Agri,72.9300000000001
2026-05-18,0.81,0.86,1.66,-0.05,9.63,GFPT,Agri,72.88000000000011
2026-05-19,1.24,1.84,3.08,-0.6,20.57,GFPT,Agri,72.28000000000011
2026-05-20,0.47,1.35,1.82,-0.88,3.23,GFPT,Agri,71.40000000000012
2026-05-21,0.79,0.1,0.89,0.68,5.72,GFPT,Agri,72.08000000000013
2026-05-22,0.04,0.66,0.7,-0.61,2.01,GFPT,Agri,71.47000000000013
2026-05-25,0.19,1.15,1.33,-0.96,7.83,GFPT,Agri,70.51000000000013
2026-05-26,0.31,0.1,0.41,0.21,2.89,GFPT,Agri,70.72000000000013
2026-05-27,0.83,0.71,1.54,0.13,7.46,GFPT,Agri,70.85000000000012
2026-05-28,0.06,0.17,0.24,-0.11,4.43,GFPT,Agri,70.74000000000012
2026-05-29,0.54,0.9,1.44,-0.35,5.26,GFPT,Agri,70.39000000000013
2026-06-02,1.77,1.97,3.73,-0.2,10.34,GFPT,Agri,70.19000000000013
2026-06-04,1.89,0.31,2.2,1.58,9.91,GFPT,Agri,71.77000000000012
2026-06-05,1.77,0.01,1.79,1.76,5.62,GFPT,Agri,73.53000000000013
2026-06-08,0.16,5.22,5.38,-5.07,17.74,GFPT,Agri,68.46000000000012
2026-06-09,0.07,0.0,0.07,0.06,0.72,GFPT,Agri,68.52000000000012
2026-06-10,1.88,0.0,1.88,1.87,8.55,GFPT,Agri,70.39000000000013
2026-06-11,0.46,1.84,2.3,-1.38,9.5,GFPT,Agri,69.01000000000013
2026-06-12,0.16,0.01,0.16,0.15,4.54,GFPT,Agri,69.16000000000014
2026-06-15,1.82,2.65,4.47,-0.83,17.96,GFPT,Agri,68.33000000000014
2026-06-16,0.0,1.2,1.2,-1.2,11.55,GFPT,Agri,67.13000000000014
2026-06-17,1.63,2.89,4.52,-1.26,14.09,GFPT,Agri,65.87000000000013
2026-06-18,1.07,5.19,6.25,-4.12,16.72,GFPT,Agri,61.750000000000135
2026-06-19,1.17,4.18,5.35,-3.01,10.98,GFPT,Agri,58.74000000000014
2026-06-22,1.35,2.74,4.09,-1.39,15.57,GFPT,Agri,57.350000000000136
2026-06-23,0.34,1.25,1.58,-0.91,16.86,GFPT,Agri,56.44000000000014
2026-06-24,3.12,5.25,8.37,-2.14,7.7,GFPT,Agri,54.30000000000014
2026-06-25,2.21,3.34,5.55,-1.13,14.7,GFPT,Agri,53.17000000000014
2026-06-26,1.24,1.89,3.14,-0.65,10.04,GFPT,Agri,52.52000000000014
2026-06-29,2.63,2.56,5.18,0.07,11.91,GFPT,Agri,52.59000000000014
2026-06-30,0.87,3.76,4.64,-2.89,18.37,GFPT,Agri,49.70000000000014
2026-07-01,1.03,3.45,4.48,-2.42,12.76,GFPT,Agri,47.280000000000136
2026-07-02,4.22,2.17,6.39,2.04,7.2,GFPT,Agri,49.320000000000135
2026-07-03,3.05,3.29,6.34,-0.24,7.49,GFPT,Agri,49.08000000000013
2026-07-06,4.56,3.35,7.91,1.21,16.59,GFPT,Agri,50.290000000000134
2026-07-07,6.79,5.57,12.36,1.23,13.1,GFPT,Agri,51.52000000000013
2026-07-08,2.07,4.51,6.58,-2.44,16.46,GFPT,Agri,49.08000000000013
2026-07-09,2.31,2.53,4.85,-0.22,18.14,GFPT,Agri,48.860000000000134
2026-07-10,1.33,5.07,6.4,-3.73,20.68,GFPT,Agri,45.13000000000014
2026-07-13,2.07,1.68,3.74,0.39,15.93,GFPT,Agri,45.52000000000014
2026-07-14,0.49,1.28,1.77,-0.78,9.28,GFPT,Agri,44.74000000000014
2026-07-15,3.14,5.79,8.93,-2.65,21.72,GFPT,Agri,42.09000000000014
2026-07-16,4.68,5.24,9.92,-0.57,15.99,GFPT,Agri,41.52000000000014
2026-07-17,37.39,12.49,49.88,24.9,15.65,GFPT,Agri,66.42000000000013
2026-07-20,10.67,13.64,24.31,-2.97,17.34,GFPT,Agri,63.45000000000013
2026-07-21,5.87,14.31,20.18,-8.44,15.68,GFPT,Agri,55.01000000000013
2026-07-22,8.58,18.72,27.29,-10.14,19.85,GFPT,Agri,44.87000000000013
2026-07-23,5.44,11.93,17.37,-6.49,19.04,GFPT,Agri,38.38000000000013
2026-07-24,3.95,8.45,12.4,-4.5,18.0,GFPT,Agri,33.88000000000013
2026-07-27,5.93,13.57,19.5,-7.65,15.01,GFPT,Agri,26.230000000000132
2026-07-30,14.38,11.79,26.17,2.59,25.51,GFPT,Agri,28.82000000000013
2026-07-31,10.24,8.05,18.29,2.19,24.91,GFPT,Agri,31.010000000000133
2026-08-03,1.22,2.88,4.1,-1.66,17.16,GFPT,Agri,29.350000000000133
2026-08-04,4.42,7.37,11.79,-2.95,22.25,GFPT,Agri,26.400000000000134
2026-08-05,4.21,8.72,12.93,-4.51,7.36,GFPT,Agri,21.890000000000136
2026-08-06,1.32,3.82,5.14,-2.5,8.76,GFPT,Agri,19.390000000000136
2026-08-07,1.53,5.91,7.44,-4.38,17.97,GFPT,Agri,15.010000000000137
2026-08-10,3.78,13.15,16.93,-9.37,28.96,GFPT,Agri,5.640000000000137
2026-08-11,1.78,5.7,7.48,-3.92,13.82,GFPT,Agri,1.7200000000001374
2026-08-13,37.32,23.53,60.85,13.79,19.05,GFPT,Agri,15.510000000000137
2026-08-14,20.37,13.06,33.43,7.31,22.77,GFPT,Agri,22.820000000000135
2026-08-17,57.35,9.04,66.39,48.31,26.62,GFPT,Agri,71.13000000000014
2026-08-18,40.5,16.52,57.02,23.98,34.39,GFPT,Agri,95.11000000000014
2026-08-19,9.62,5.19,14.81,4.43,32.0,GFPT,Agri,99.54000000000013
2026-08-20,17.53,1.5,19.03,16.03,20.6,GFPT,Agri,115.57000000000014
2026-08-21,8.66,13.0,21.66,-4.34,38.61,GFPT,Agri,111.23000000000013
