date,buy_mb,sell_mb,buy_sell_mb,net_mb,nvdr_pct,symbol,sector,cumulative_net_mb
2020-01-02,8.83,31.39,40.22,-22.56,12.03,GLOBAL,Commerce,-22.56
2020-01-03,28.55,19.69,48.24,8.86,17.32,GLOBAL,Commerce,-13.7
2020-01-06,36.55,15.48,52.03,21.08,29.0,GLOBAL,Commerce,7.379999999999999
2020-01-07,76.15,23.7,99.85,52.46,16.48,GLOBAL,Commerce,59.84
2020-01-08,33.62,14.44,48.06,19.18,19.44,GLOBAL,Commerce,79.02000000000001
2020-01-09,24.58,34.9,59.49,-10.32,21.45,GLOBAL,Commerce,68.70000000000002
2020-01-10,44.32,48.03,92.34,-3.71,26.07,GLOBAL,Commerce,64.99000000000002
2020-01-13,11.26,8.28,19.54,2.98,24.54,GLOBAL,Commerce,67.97000000000003
2020-01-14,24.51,16.05,40.56,8.46,24.65,GLOBAL,Commerce,76.43000000000004
2020-01-15,14.15,9.76,23.91,4.38,21.96,GLOBAL,Commerce,80.81000000000003
2020-01-16,15.85,37.04,52.89,-21.19,28.32,GLOBAL,Commerce,59.62000000000003
2020-01-17,15.94,13.6,29.54,2.34,10.2,GLOBAL,Commerce,61.960000000000036
2020-01-20,21.75,7.97,29.72,13.79,32.03,GLOBAL,Commerce,75.75000000000003
2020-01-21,30.73,16.99,47.71,13.74,36.37,GLOBAL,Commerce,89.49000000000002
2020-01-22,62.23,38.82,101.05,23.4,28.13,GLOBAL,Commerce,112.89000000000001
2020-01-23,6.23,4.92,11.14,1.31,32.99,GLOBAL,Commerce,114.20000000000002
2020-01-24,32.69,26.17,58.86,6.52,18.2,GLOBAL,Commerce,120.72000000000001
2020-01-27,16.15,28.25,44.4,-12.1,22.59,GLOBAL,Commerce,108.62000000000002
2020-01-28,8.51,34.36,42.87,-25.85,21.56,GLOBAL,Commerce,82.77000000000001
2020-01-29,17.26,16.99,34.25,0.27,23.19,GLOBAL,Commerce,83.04
2020-01-30,16.49,22.01,38.5,-5.52,23.1,GLOBAL,Commerce,77.52000000000001
2020-01-31,11.87,16.65,28.52,-4.78,23.35,GLOBAL,Commerce,72.74000000000001
2020-02-03,8.07,21.37,29.44,-13.3,23.64,GLOBAL,Commerce,59.44000000000001
2020-02-04,13.25,14.46,27.71,-1.21,27.15,GLOBAL,Commerce,58.23000000000001
2020-02-05,50.98,24.91,75.89,26.07,26.19,GLOBAL,Commerce,84.30000000000001
2020-02-06,20.6,32.08,52.68,-11.48,32.82,GLOBAL,Commerce,72.82000000000001
2020-02-07,11.7,36.31,48.01,-24.6,28.26,GLOBAL,Commerce,48.220000000000006
2020-02-11,39.76,11.4,51.16,28.36,39.39,GLOBAL,Commerce,76.58000000000001
2020-02-12,16.73,18.34,35.07,-1.61,40.37,GLOBAL,Commerce,74.97000000000001
2020-02-13,12.1,18.3,30.4,-6.2,16.28,GLOBAL,Commerce,68.77000000000001
2020-02-14,13.22,13.53,26.75,-0.32,14.75,GLOBAL,Commerce,68.45000000000002
2020-02-17,6.45,19.63,26.09,-13.18,20.5,GLOBAL,Commerce,55.27000000000002
2020-02-18,2.91,15.72,18.63,-12.81,12.89,GLOBAL,Commerce,42.460000000000015
2020-02-19,14.73,14.6,29.33,0.13,23.23,GLOBAL,Commerce,42.59000000000002
2020-02-20,13.62,23.5,37.12,-9.89,26.78,GLOBAL,Commerce,32.70000000000002
2020-02-21,31.86,34.67,66.53,-2.81,25.56,GLOBAL,Commerce,29.89000000000002
2020-02-24,31.36,23.88,55.23,7.48,28.48,GLOBAL,Commerce,37.37000000000002
2020-02-25,15.68,25.59,41.27,-9.91,27.56,GLOBAL,Commerce,27.46000000000002
2020-02-26,57.78,32.66,90.44,25.12,19.2,GLOBAL,Commerce,52.58000000000002
2020-02-27,38.58,38.46,77.04,0.13,27.48,GLOBAL,Commerce,52.71000000000002
2020-02-28,27.08,30.8,57.87,-3.72,21.32,GLOBAL,Commerce,48.99000000000002
2020-03-02,18.85,53.97,72.82,-35.11,21.36,GLOBAL,Commerce,13.880000000000024
2020-03-03,9.36,19.68,29.04,-10.32,21.42,GLOBAL,Commerce,3.5600000000000236
2020-03-04,6.38,13.51,19.89,-7.12,15.18,GLOBAL,Commerce,-3.5599999999999765
2020-03-05,29.82,30.02,59.84,-0.2,17.26,GLOBAL,Commerce,-3.7599999999999767
2020-03-06,10.65,30.9,41.55,-20.25,21.74,GLOBAL,Commerce,-24.009999999999977
2020-03-09,18.66,31.01,49.68,-12.35,26.63,GLOBAL,Commerce,-36.35999999999998
2020-03-10,20.11,46.43,66.54,-26.32,22.23,GLOBAL,Commerce,-62.67999999999998
2020-03-11,55.06,28.9,83.95,26.16,38.26,GLOBAL,Commerce,-36.51999999999998
2020-03-12,52.78,37.62,90.4,15.16,23.86,GLOBAL,Commerce,-21.35999999999998
2020-03-13,15.2,54.24,69.44,-39.04,24.78,GLOBAL,Commerce,-60.39999999999998
2020-03-16,22.05,31.36,53.41,-9.3,41.03,GLOBAL,Commerce,-69.69999999999997
2020-03-17,64.28,34.31,98.58,29.97,52.81,GLOBAL,Commerce,-39.729999999999976
2020-03-18,19.32,38.02,57.34,-18.7,32.89,GLOBAL,Commerce,-58.42999999999998
2020-03-19,15.77,16.79,32.56,-1.03,16.27,GLOBAL,Commerce,-59.45999999999998
2020-03-20,49.73,21.56,71.29,28.16,19.4,GLOBAL,Commerce,-31.29999999999998
2020-03-23,11.22,16.69,27.91,-5.47,20.2,GLOBAL,Commerce,-36.76999999999998
2020-03-24,38.41,27.55,65.96,10.85,18.09,GLOBAL,Commerce,-25.91999999999998
2020-03-25,78.94,66.2,145.14,12.74,22.89,GLOBAL,Commerce,-13.17999999999998
2020-03-26,32.27,14.82,47.09,17.45,21.03,GLOBAL,Commerce,4.270000000000019
2020-03-27,37.42,21.73,59.16,15.69,19.83,GLOBAL,Commerce,19.96000000000002
2020-03-30,17.24,8.8,26.03,8.44,42.03,GLOBAL,Commerce,28.40000000000002
2020-03-31,23.37,28.04,51.41,-4.68,31.28,GLOBAL,Commerce,23.72000000000002
2020-04-01,3.28,13.94,17.22,-10.65,28.11,GLOBAL,Commerce,13.07000000000002
2020-04-02,8.6,7.99,16.58,0.61,25.75,GLOBAL,Commerce,13.68000000000002
2020-04-03,5.11,4.99,10.11,0.12,16.08,GLOBAL,Commerce,13.800000000000018
2020-04-07,30.01,21.18,51.19,8.83,18.75,GLOBAL,Commerce,22.630000000000017
2020-04-08,22.96,26.28,49.24,-3.32,18.68,GLOBAL,Commerce,19.310000000000016
2020-04-09,17.76,34.11,51.88,-16.35,19.5,GLOBAL,Commerce,2.960000000000015
2020-04-10,15.9,13.12,29.01,2.78,24.01,GLOBAL,Commerce,5.740000000000014
2020-04-13,5.96,16.98,22.94,-11.02,11.26,GLOBAL,Commerce,-5.279999999999985
2020-04-14,22.67,32.52,55.19,-9.85,15.96,GLOBAL,Commerce,-15.129999999999985
2020-04-15,13.13,20.55,33.68,-7.42,12.44,GLOBAL,Commerce,-22.549999999999983
2020-04-16,28.67,15.25,43.91,13.42,30.7,GLOBAL,Commerce,-9.129999999999983
2020-04-17,22.14,20.72,42.86,1.42,26.52,GLOBAL,Commerce,-7.709999999999983
2020-04-20,4.46,12.01,16.47,-7.54,14.69,GLOBAL,Commerce,-15.249999999999982
2020-04-21,3.06,14.76,17.82,-11.69,17.38,GLOBAL,Commerce,-26.939999999999984
2020-04-22,20.66,35.14,55.8,-14.47,22.8,GLOBAL,Commerce,-41.40999999999998
2020-04-23,2.24,7.52,9.76,-5.27,7.77,GLOBAL,Commerce,-46.67999999999998
2020-04-24,20.47,20.47,40.94,0.01,24.03,GLOBAL,Commerce,-46.66999999999998
2020-04-27,19.77,22.08,41.85,-2.31,24.03,GLOBAL,Commerce,-48.97999999999998
2020-04-28,23.19,20.11,43.3,3.09,20.89,GLOBAL,Commerce,-45.889999999999986
2020-04-29,19.66,16.78,36.44,2.89,19.56,GLOBAL,Commerce,-42.999999999999986
2020-04-30,7.04,16.86,23.9,-9.82,25.87,GLOBAL,Commerce,-52.819999999999986
2020-05-05,4.24,21.93,26.17,-17.69,21.43,GLOBAL,Commerce,-70.50999999999999
2020-05-07,13.41,12.41,25.82,1.01,15.83,GLOBAL,Commerce,-69.49999999999999
2020-05-08,9.33,9.91,19.23,-0.58,24.07,GLOBAL,Commerce,-70.07999999999998
2020-05-11,35.27,24.67,59.94,10.6,25.65,GLOBAL,Commerce,-59.47999999999998
2020-05-12,20.4,23.63,44.03,-3.24,22.72,GLOBAL,Commerce,-62.719999999999985
2020-05-13,36.37,12.71,49.09,23.66,33.55,GLOBAL,Commerce,-39.05999999999999
2020-05-14,34.23,46.84,81.07,-12.61,31.93,GLOBAL,Commerce,-51.66999999999999
2020-05-15,63.85,71.25,135.1,-7.39,31.73,GLOBAL,Commerce,-59.05999999999999
2020-05-18,82.94,43.49,126.43,39.45,36.47,GLOBAL,Commerce,-19.609999999999985
2020-05-19,121.66,46.34,168.0,75.33,50.83,GLOBAL,Commerce,55.72000000000001
2020-05-20,45.85,27.38,73.23,18.47,30.34,GLOBAL,Commerce,74.19000000000001
2020-05-21,45.83,54.77,100.6,-8.94,47.53,GLOBAL,Commerce,65.25000000000001
2020-05-22,57.95,56.03,113.98,1.92,40.49,GLOBAL,Commerce,67.17000000000002
2020-05-25,33.45,6.41,39.86,27.04,25.95,GLOBAL,Commerce,94.21000000000001
2020-05-26,152.54,35.12,187.66,117.43,38.2,GLOBAL,Commerce,211.64000000000001
2020-05-27,35.27,21.3,56.57,13.97,31.77,GLOBAL,Commerce,225.61
2020-05-28,47.33,35.17,82.49,12.16,28.24,GLOBAL,Commerce,237.77
2020-05-29,296.28,487.42,783.71,-191.14,56.63,GLOBAL,Commerce,46.630000000000024
2020-06-01,31.24,44.65,75.89,-13.42,17.66,GLOBAL,Commerce,33.21000000000002
2020-06-02,42.11,38.68,80.8,3.43,23.62,GLOBAL,Commerce,36.64000000000002
2020-06-04,134.58,91.45,226.03,43.12,18.23,GLOBAL,Commerce,79.76000000000002
2020-06-05,58.49,38.09,96.58,20.4,30.59,GLOBAL,Commerce,100.16000000000003
2020-06-08,13.74,41.04,54.78,-27.3,19.56,GLOBAL,Commerce,72.86000000000003
2020-06-09,45.77,38.78,84.55,6.99,23.71,GLOBAL,Commerce,79.85000000000002
2020-06-10,66.97,24.26,91.23,42.72,20.76,GLOBAL,Commerce,122.57000000000002
2020-06-11,15.33,27.45,42.79,-12.12,22.16,GLOBAL,Commerce,110.45000000000002
2020-06-12,41.87,33.68,75.55,8.19,20.83,GLOBAL,Commerce,118.64000000000001
2020-06-15,27.01,43.51,70.52,-16.5,25.04,GLOBAL,Commerce,102.14000000000001
2020-06-16,31.04,38.35,69.38,-7.31,18.03,GLOBAL,Commerce,94.83000000000001
2020-06-17,12.58,27.16,39.74,-14.58,16.06,GLOBAL,Commerce,80.25000000000001
2020-06-18,19.87,37.46,57.33,-17.59,28.86,GLOBAL,Commerce,62.66000000000001
2020-06-19,17.33,15.93,33.26,1.41,21.69,GLOBAL,Commerce,64.07000000000001
2020-06-22,17.98,16.47,34.44,1.51,30.4,GLOBAL,Commerce,65.58000000000001
2020-06-23,26.01,36.04,62.04,-10.03,55.38,GLOBAL,Commerce,55.55000000000001
2020-06-24,12.33,26.04,38.38,-13.71,20.52,GLOBAL,Commerce,41.84000000000001
2020-06-25,28.01,29.33,57.34,-1.32,17.96,GLOBAL,Commerce,40.52000000000001
2020-06-26,12.13,26.58,38.7,-14.45,13.35,GLOBAL,Commerce,26.07000000000001
2020-06-29,32.17,48.7,80.87,-16.54,26.14,GLOBAL,Commerce,9.530000000000012
2020-06-30,19.43,18.46,37.89,0.96,17.26,GLOBAL,Commerce,10.490000000000013
2020-07-01,15.37,11.85,27.22,3.52,12.0,GLOBAL,Commerce,14.010000000000012
2020-07-02,83.23,22.09,105.32,61.14,13.7,GLOBAL,Commerce,75.15
2020-07-03,11.28,9.81,21.09,1.46,15.79,GLOBAL,Commerce,76.61
2020-07-07,26.47,11.78,38.25,14.69,23.45,GLOBAL,Commerce,91.3
2020-07-08,42.05,41.29,83.34,0.76,21.51,GLOBAL,Commerce,92.06
2020-07-09,61.96,35.99,97.95,25.97,35.11,GLOBAL,Commerce,118.03
2020-07-10,21.83,24.13,45.95,-2.3,34.08,GLOBAL,Commerce,115.73
2020-07-13,29.59,22.69,52.28,6.9,27.38,GLOBAL,Commerce,122.63000000000001
2020-07-14,12.6,15.59,28.19,-3.0,20.84,GLOBAL,Commerce,119.63000000000001
2020-07-15,13.2,27.4,40.6,-14.19,14.18,GLOBAL,Commerce,105.44000000000001
2020-07-16,10.63,32.14,42.77,-21.52,29.0,GLOBAL,Commerce,83.92000000000002
2020-07-17,16.78,8.56,25.33,8.22,17.99,GLOBAL,Commerce,92.14000000000001
2020-07-20,43.16,8.19,51.35,34.97,15.53,GLOBAL,Commerce,127.11000000000001
2020-07-21,31.66,23.23,54.88,8.43,10.27,GLOBAL,Commerce,135.54000000000002
2020-07-22,12.86,43.12,55.99,-30.26,25.89,GLOBAL,Commerce,105.28000000000002
2020-07-23,88.03,24.15,112.18,63.87,19.51,GLOBAL,Commerce,169.15
2020-07-24,32.93,44.89,77.82,-11.96,24.05,GLOBAL,Commerce,157.19
2020-07-29,35.9,23.45,59.35,12.45,18.54,GLOBAL,Commerce,169.64
2020-07-30,66.89,40.43,107.32,26.47,21.62,GLOBAL,Commerce,196.10999999999999
2020-07-31,402.47,156.43,558.9,246.03,22.16,GLOBAL,Commerce,442.14
2020-08-03,208.67,148.56,357.23,60.11,18.65,GLOBAL,Commerce,502.25
2020-08-04,139.8,134.96,274.75,4.84,25.69,GLOBAL,Commerce,507.09
2020-08-05,111.3,89.33,200.63,21.97,36.57,GLOBAL,Commerce,529.06
2020-08-06,68.58,65.27,133.85,3.31,32.99,GLOBAL,Commerce,532.3699999999999
2020-08-07,129.46,53.15,182.61,76.31,39.17,GLOBAL,Commerce,608.6799999999998
2020-08-10,28.45,39.77,68.22,-11.32,37.92,GLOBAL,Commerce,597.3599999999998
2020-08-11,63.44,43.91,107.35,19.52,22.88,GLOBAL,Commerce,616.8799999999998
2020-08-13,96.67,50.11,146.77,46.56,22.26,GLOBAL,Commerce,663.4399999999998
2020-08-14,43.62,71.49,115.11,-27.86,32.87,GLOBAL,Commerce,635.5799999999998
2020-08-17,23.37,43.93,67.3,-20.55,25.24,GLOBAL,Commerce,615.0299999999999
2020-08-18,87.34,106.69,194.03,-19.35,34.04,GLOBAL,Commerce,595.6799999999998
2020-08-19,75.34,147.29,222.63,-71.94,28.08,GLOBAL,Commerce,523.7399999999998
2020-08-20,31.94,86.15,118.09,-54.2,31.29,GLOBAL,Commerce,469.5399999999998
2020-08-21,34.39,76.92,111.31,-42.53,28.05,GLOBAL,Commerce,427.00999999999976
2020-08-24,115.71,192.99,308.7,-77.29,32.93,GLOBAL,Commerce,349.71999999999974
2020-08-25,49.2,70.81,120.01,-21.6,21.16,GLOBAL,Commerce,328.1199999999997
2020-08-26,64.92,109.82,174.74,-44.9,28.17,GLOBAL,Commerce,283.21999999999974
2020-08-27,31.69,57.7,89.39,-26.01,23.8,GLOBAL,Commerce,257.20999999999975
2020-08-28,49.02,81.86,130.88,-32.85,32.57,GLOBAL,Commerce,224.35999999999976
2020-08-31,44.69,68.38,113.08,-23.69,17.97,GLOBAL,Commerce,200.66999999999976
2020-09-01,49.62,89.84,139.47,-40.22,20.92,GLOBAL,Commerce,160.44999999999976
2020-09-02,42.29,66.98,109.27,-24.69,27.94,GLOBAL,Commerce,135.75999999999976
2020-09-03,17.63,14.18,31.81,3.44,25.53,GLOBAL,Commerce,139.19999999999976
2020-09-08,31.2,12.09,43.29,19.12,27.24,GLOBAL,Commerce,158.31999999999977
2020-09-09,50.23,36.38,86.61,13.85,34.64,GLOBAL,Commerce,172.16999999999976
2020-09-10,14.7,24.86,39.56,-10.16,32.84,GLOBAL,Commerce,162.00999999999976
2020-09-11,64.59,97.1,161.69,-32.52,31.76,GLOBAL,Commerce,129.48999999999975
2020-09-14,109.09,79.56,188.65,29.53,27.33,GLOBAL,Commerce,159.01999999999975
2020-09-15,41.0,16.72,57.72,24.28,18.34,GLOBAL,Commerce,183.29999999999976
2020-09-16,19.22,32.48,51.7,-13.25,21.18,GLOBAL,Commerce,170.04999999999976
2020-09-17,19.46,27.9,47.36,-8.45,26.26,GLOBAL,Commerce,161.59999999999977
2020-09-18,24.01,28.77,52.77,-4.76,35.56,GLOBAL,Commerce,156.83999999999978
2020-09-21,66.13,41.3,107.43,24.84,36.98,GLOBAL,Commerce,181.67999999999978
2020-09-22,97.26,56.24,153.49,41.02,36.21,GLOBAL,Commerce,222.6999999999998
2020-09-23,45.58,33.2,78.78,12.37,22.15,GLOBAL,Commerce,235.0699999999998
2020-09-24,55.67,37.6,93.26,18.07,29.37,GLOBAL,Commerce,253.1399999999998
2020-09-25,61.69,36.59,98.28,25.1,36.62,GLOBAL,Commerce,278.2399999999998
2020-09-28,108.45,43.17,151.62,65.28,35.04,GLOBAL,Commerce,343.51999999999975
2020-09-29,35.03,59.3,94.33,-24.27,26.63,GLOBAL,Commerce,319.2499999999998
2020-09-30,82.56,94.33,176.89,-11.77,36.31,GLOBAL,Commerce,307.4799999999998
2020-10-01,25.56,48.14,73.69,-22.58,23.88,GLOBAL,Commerce,284.8999999999998
2020-10-02,95.83,63.76,159.59,32.07,29.34,GLOBAL,Commerce,316.9699999999998
2020-10-05,51.66,57.57,109.23,-5.9,27.74,GLOBAL,Commerce,311.0699999999998
2020-10-06,26.43,43.07,69.5,-16.64,30.72,GLOBAL,Commerce,294.42999999999984
2020-10-07,48.38,64.73,113.11,-16.36,24.09,GLOBAL,Commerce,278.0699999999998
2020-10-08,32.83,74.3,107.14,-41.47,32.33,GLOBAL,Commerce,236.59999999999982
2020-10-09,35.47,93.92,129.4,-58.45,29.17,GLOBAL,Commerce,178.1499999999998
2020-10-12,23.61,36.96,60.57,-13.34,23.84,GLOBAL,Commerce,164.8099999999998
2020-10-14,41.13,24.89,66.01,16.24,17.28,GLOBAL,Commerce,181.0499999999998
2020-10-15,42.14,74.69,116.83,-32.55,22.67,GLOBAL,Commerce,148.49999999999983
2020-10-16,35.51,84.55,120.06,-49.04,38.15,GLOBAL,Commerce,99.45999999999984
2020-10-19,62.6,43.17,105.78,19.43,26.4,GLOBAL,Commerce,118.88999999999984
2020-10-20,49.72,49.2,98.93,0.52,31.92,GLOBAL,Commerce,119.40999999999984
2020-10-21,27.69,68.83,96.51,-41.14,32.68,GLOBAL,Commerce,78.26999999999984
2020-10-22,66.78,90.89,157.68,-24.11,50.93,GLOBAL,Commerce,54.15999999999984
2020-10-26,32.29,48.78,81.07,-16.49,22.3,GLOBAL,Commerce,37.669999999999845
2020-10-27,28.04,30.45,58.49,-2.41,19.51,GLOBAL,Commerce,35.25999999999985
2020-10-28,32.77,32.81,65.59,-0.04,21.15,GLOBAL,Commerce,35.21999999999985
2020-10-29,101.25,196.08,297.33,-94.83,22.47,GLOBAL,Commerce,-59.61000000000015
2020-10-30,108.65,266.37,375.02,-157.72,26.7,GLOBAL,Commerce,-217.33000000000015
2020-11-02,65.29,56.89,122.18,8.39,15.97,GLOBAL,Commerce,-208.94000000000017
2020-11-03,15.25,87.92,103.17,-72.68,31.78,GLOBAL,Commerce,-281.6200000000002
2020-11-04,17.72,28.02,45.74,-10.3,21.17,GLOBAL,Commerce,-291.9200000000002
2020-11-05,69.77,66.02,135.79,3.74,32.93,GLOBAL,Commerce,-288.1800000000002
2020-11-06,51.11,33.53,84.64,17.58,21.74,GLOBAL,Commerce,-270.6000000000002
2020-11-09,65.48,36.94,102.43,28.54,35.17,GLOBAL,Commerce,-242.0600000000002
2020-11-10,237.65,82.09,319.74,155.57,31.88,GLOBAL,Commerce,-86.49000000000021
2020-11-11,68.35,58.86,127.21,9.49,32.18,GLOBAL,Commerce,-77.00000000000021
2020-11-12,22.16,53.91,76.07,-31.75,26.94,GLOBAL,Commerce,-108.75000000000021
2020-11-13,55.47,70.45,125.92,-14.99,30.37,GLOBAL,Commerce,-123.74000000000021
2020-11-16,31.25,27.8,59.04,3.45,24.17,GLOBAL,Commerce,-120.2900000000002
2020-11-17,22.92,55.8,78.72,-32.88,20.56,GLOBAL,Commerce,-153.17000000000021
2020-11-18,63.95,64.57,128.51,-0.62,23.48,GLOBAL,Commerce,-153.79000000000022
2020-11-19,33.76,41.83,75.59,-8.07,24.37,GLOBAL,Commerce,-161.8600000000002
2020-11-20,39.04,34.46,73.5,4.58,24.23,GLOBAL,Commerce,-157.2800000000002
2020-11-23,117.52,92.28,209.8,25.24,26.23,GLOBAL,Commerce,-132.0400000000002
2020-11-24,54.75,82.79,137.54,-28.04,32.45,GLOBAL,Commerce,-160.08000000000018
2020-11-25,50.8,104.79,155.59,-53.99,27.31,GLOBAL,Commerce,-214.0700000000002
2020-11-26,13.57,54.56,68.14,-40.99,31.17,GLOBAL,Commerce,-255.0600000000002
2020-11-27,30.96,38.64,69.6,-7.69,30.53,GLOBAL,Commerce,-262.7500000000002
2020-11-30,69.07,111.3,180.37,-42.23,16.94,GLOBAL,Commerce,-304.98000000000025
2020-12-01,21.22,80.49,101.71,-59.27,16.81,GLOBAL,Commerce,-364.2500000000002
2020-12-02,13.89,53.52,67.41,-39.63,15.99,GLOBAL,Commerce,-403.8800000000002
2020-12-03,27.98,59.53,87.51,-31.55,31.25,GLOBAL,Commerce,-435.43000000000023
2020-12-04,66.67,36.57,103.23,30.1,24.91,GLOBAL,Commerce,-405.3300000000002
2020-12-08,71.41,31.06,102.47,40.35,20.23,GLOBAL,Commerce,-364.9800000000002
2020-12-09,65.56,55.44,121.0,10.12,23.03,GLOBAL,Commerce,-354.8600000000002
2020-12-14,102.32,61.9,164.22,40.42,36.09,GLOBAL,Commerce,-314.44000000000017
2020-12-15,20.66,16.46,37.12,4.2,20.85,GLOBAL,Commerce,-310.2400000000002
2020-12-16,8.66,13.01,21.67,-4.35,13.95,GLOBAL,Commerce,-314.5900000000002
2020-12-17,189.81,120.9,310.71,68.91,21.75,GLOBAL,Commerce,-245.6800000000002
2020-12-18,42.24,109.48,151.72,-67.24,25.58,GLOBAL,Commerce,-312.9200000000002
2020-12-21,35.63,69.01,104.63,-33.38,17.56,GLOBAL,Commerce,-346.3000000000002
2020-12-22,40.58,59.74,100.31,-19.16,27.21,GLOBAL,Commerce,-365.4600000000002
2020-12-23,42.25,46.95,89.2,-4.7,23.65,GLOBAL,Commerce,-370.1600000000002
2020-12-24,40.03,37.1,77.13,2.93,24.69,GLOBAL,Commerce,-367.2300000000002
2020-12-25,13.57,24.53,38.1,-10.96,19.32,GLOBAL,Commerce,-378.19000000000017
2020-12-28,28.06,31.27,59.33,-3.21,29.19,GLOBAL,Commerce,-381.40000000000015
2020-12-29,61.4,32.97,94.38,28.43,27.83,GLOBAL,Commerce,-352.97000000000014
2020-12-30,41.98,57.68,99.67,-15.7,33.42,GLOBAL,Commerce,-368.67000000000013
2021-01-04,32.16,44.34,76.51,-12.18,23.6,GLOBAL,Commerce,-380.85000000000014
2021-01-05,44.41,34.86,79.27,9.55,19.22,GLOBAL,Commerce,-371.3000000000001
2021-01-06,85.44,87.05,172.49,-1.62,28.52,GLOBAL,Commerce,-372.92000000000013
2021-01-07,112.4,105.85,218.25,6.55,22.12,GLOBAL,Commerce,-366.3700000000001
2021-01-08,27.4,77.78,105.18,-50.39,14.24,GLOBAL,Commerce,-416.7600000000001
2021-01-11,25.16,53.75,78.91,-28.59,17.36,GLOBAL,Commerce,-445.3500000000001
2021-01-12,82.48,107.57,190.05,-25.09,22.11,GLOBAL,Commerce,-470.44000000000005
2021-01-13,67.83,84.14,151.97,-16.32,23.77,GLOBAL,Commerce,-486.76000000000005
2021-01-14,64.21,102.46,166.67,-38.24,29.98,GLOBAL,Commerce,-525.0
2021-01-15,95.61,52.1,147.71,43.51,30.89,GLOBAL,Commerce,-481.49
2021-01-18,21.82,11.94,33.75,9.88,19.91,GLOBAL,Commerce,-471.61
2021-01-19,175.06,101.7,276.76,73.36,19.55,GLOBAL,Commerce,-398.25
2021-01-20,69.93,119.53,189.46,-49.6,24.71,GLOBAL,Commerce,-447.85
2021-01-21,55.87,149.27,205.14,-93.39,20.78,GLOBAL,Commerce,-541.24
2021-01-22,46.06,61.24,107.3,-15.18,13.31,GLOBAL,Commerce,-556.42
2021-01-25,217.66,137.82,355.48,79.84,17.98,GLOBAL,Commerce,-476.5799999999999
2021-01-26,105.51,92.25,197.77,13.26,16.03,GLOBAL,Commerce,-463.31999999999994
2021-01-27,138.86,85.27,224.13,53.59,27.93,GLOBAL,Commerce,-409.7299999999999
2021-01-28,163.68,75.6,239.28,88.07,26.76,GLOBAL,Commerce,-321.6599999999999
2021-01-29,120.59,101.56,222.15,19.03,29.07,GLOBAL,Commerce,-302.6299999999999
2021-02-01,32.8,64.79,97.59,-31.99,22.09,GLOBAL,Commerce,-334.6199999999999
2021-02-02,21.94,48.07,70.02,-26.13,21.25,GLOBAL,Commerce,-360.7499999999999
2021-02-03,21.78,26.98,48.75,-5.2,21.54,GLOBAL,Commerce,-365.9499999999999
2021-02-04,47.68,40.13,87.81,7.55,29.83,GLOBAL,Commerce,-358.39999999999986
2021-02-05,78.54,59.18,137.72,19.35,14.11,GLOBAL,Commerce,-339.04999999999984
2021-02-08,30.03,43.78,73.81,-13.75,10.71,GLOBAL,Commerce,-352.79999999999984
2021-02-09,28.61,35.95,64.56,-7.34,14.9,GLOBAL,Commerce,-360.1399999999998
2021-02-10,87.36,36.81,124.17,50.55,22.25,GLOBAL,Commerce,-309.5899999999998
2021-02-11,169.81,51.68,221.49,118.13,21.37,GLOBAL,Commerce,-191.4599999999998
2021-02-15,104.52,118.36,222.88,-13.84,44.06,GLOBAL,Commerce,-205.2999999999998
2021-02-16,51.19,82.9,134.09,-31.71,30.58,GLOBAL,Commerce,-237.00999999999982
2021-02-17,38.41,41.96,80.37,-3.55,25.24,GLOBAL,Commerce,-240.55999999999983
2021-02-18,25.84,97.08,122.91,-71.24,18.4,GLOBAL,Commerce,-311.79999999999984
2021-02-19,23.24,64.72,87.95,-41.48,21.18,GLOBAL,Commerce,-353.27999999999986
2021-02-22,44.75,95.92,140.67,-51.18,36.42,GLOBAL,Commerce,-404.45999999999987
2021-02-23,18.87,34.33,53.2,-15.45,16.12,GLOBAL,Commerce,-419.90999999999985
2021-02-24,88.14,67.45,155.59,20.7,26.03,GLOBAL,Commerce,-399.20999999999987
2021-02-25,75.67,81.99,157.66,-6.33,23.52,GLOBAL,Commerce,-405.53999999999985
2021-03-01,23.65,58.0,81.65,-34.35,21.8,GLOBAL,Commerce,-439.8899999999999
2021-03-02,52.08,40.71,92.8,11.37,26.02,GLOBAL,Commerce,-428.51999999999987
2021-03-03,179.87,110.6,290.47,69.27,33.21,GLOBAL,Commerce,-359.2499999999999
2021-03-04,66.37,113.17,179.55,-46.8,22.41,GLOBAL,Commerce,-406.0499999999999
2021-03-05,55.58,32.99,88.56,22.59,23.32,GLOBAL,Commerce,-383.4599999999999
2021-03-08,49.77,67.97,117.74,-18.2,33.87,GLOBAL,Commerce,-401.6599999999999
2021-03-09,107.6,67.31,174.91,40.28,20.19,GLOBAL,Commerce,-361.3799999999999
2021-03-10,62.71,59.65,122.35,3.06,21.53,GLOBAL,Commerce,-358.3199999999999
2021-03-11,23.24,62.08,85.32,-38.84,11.06,GLOBAL,Commerce,-397.15999999999985
2021-03-12,61.95,48.22,110.18,13.73,15.8,GLOBAL,Commerce,-383.42999999999984
2021-03-15,49.91,57.61,107.52,-7.7,33.55,GLOBAL,Commerce,-391.1299999999998
2021-03-16,75.27,51.59,126.86,23.67,41.67,GLOBAL,Commerce,-367.4599999999998
2021-03-17,80.83,25.8,106.63,55.04,25.56,GLOBAL,Commerce,-312.4199999999998
2021-03-18,41.4,44.7,86.1,-3.31,33.58,GLOBAL,Commerce,-315.7299999999998
2021-03-19,81.19,32.86,114.05,48.33,36.92,GLOBAL,Commerce,-267.3999999999998
2021-03-22,117.82,69.46,187.28,48.37,28.71,GLOBAL,Commerce,-219.0299999999998
2021-03-23,48.29,77.68,125.98,-29.39,27.28,GLOBAL,Commerce,-248.4199999999998
2021-03-24,17.36,23.88,41.24,-6.51,32.11,GLOBAL,Commerce,-254.92999999999978
2021-03-25,22.66,68.53,91.19,-45.87,26.89,GLOBAL,Commerce,-300.7999999999998
2021-03-26,22.29,34.46,56.75,-12.17,23.93,GLOBAL,Commerce,-312.9699999999998
2021-03-29,99.06,26.3,125.36,72.76,36.2,GLOBAL,Commerce,-240.2099999999998
2021-03-30,53.66,19.52,73.18,34.14,33.5,GLOBAL,Commerce,-206.06999999999982
2021-03-31,42.42,37.82,80.25,4.6,28.18,GLOBAL,Commerce,-201.46999999999983
2021-04-01,49.33,32.79,82.13,16.54,24.16,GLOBAL,Commerce,-184.92999999999984
2021-04-02,13.49,50.94,64.44,-37.45,19.53,GLOBAL,Commerce,-222.37999999999982
2021-04-05,8.31,25.48,33.78,-17.17,25.09,GLOBAL,Commerce,-239.54999999999984
2021-04-07,64.29,51.01,115.3,13.27,27.69,GLOBAL,Commerce,-226.27999999999983
2021-04-08,39.73,26.17,65.89,13.56,14.36,GLOBAL,Commerce,-212.71999999999983
2021-04-09,70.76,32.64,103.39,38.12,12.5,GLOBAL,Commerce,-174.59999999999982
2021-04-12,24.21,36.05,60.25,-11.84,27.13,GLOBAL,Commerce,-186.43999999999983
2021-04-16,96.97,48.58,145.55,48.39,26.61,GLOBAL,Commerce,-138.04999999999984
2021-04-19,187.23,144.85,332.08,42.38,28.8,GLOBAL,Commerce,-95.66999999999985
2021-04-20,57.79,72.48,130.27,-14.68,26.29,GLOBAL,Commerce,-110.34999999999985
2021-04-21,26.73,100.97,127.71,-74.24,33.02,GLOBAL,Commerce,-184.58999999999986
2021-04-22,36.3,43.34,79.65,-7.04,28.31,GLOBAL,Commerce,-191.62999999999985
2021-04-23,74.71,47.39,122.1,27.32,34.38,GLOBAL,Commerce,-164.30999999999986
2021-04-26,78.3,48.61,126.91,29.68,26.0,GLOBAL,Commerce,-134.62999999999985
2021-04-27,201.51,170.88,372.39,30.63,22.83,GLOBAL,Commerce,-103.99999999999986
2021-04-28,79.51,41.12,120.63,38.39,21.81,GLOBAL,Commerce,-65.60999999999986
2021-04-29,108.72,85.76,194.48,22.96,22.36,GLOBAL,Commerce,-42.64999999999986
2021-04-30,92.26,114.15,206.41,-21.89,23.92,GLOBAL,Commerce,-64.53999999999985
2021-05-05,298.65,195.37,494.03,103.28,24.71,GLOBAL,Commerce,38.74000000000015
2021-05-06,156.51,124.58,281.09,31.93,35.93,GLOBAL,Commerce,70.67000000000016
2021-05-07,94.83,73.21,168.04,21.62,33.98,GLOBAL,Commerce,92.29000000000016
2021-05-10,47.75,34.11,81.85,13.64,39.73,GLOBAL,Commerce,105.93000000000016
2021-05-11,211.53,128.82,340.35,82.71,31.53,GLOBAL,Commerce,188.64000000000016
2021-05-12,149.13,141.1,290.23,8.03,30.8,GLOBAL,Commerce,196.67000000000016
2021-05-13,144.16,87.25,231.4,56.91,31.47,GLOBAL,Commerce,253.58000000000015
2021-05-14,71.79,79.06,150.85,-7.27,28.95,GLOBAL,Commerce,246.31000000000014
2021-05-17,163.73,108.46,272.19,55.27,27.71,GLOBAL,Commerce,301.58000000000015
2021-05-18,58.23,47.62,105.85,10.61,35.95,GLOBAL,Commerce,312.19000000000017
2021-05-19,77.38,142.13,219.51,-64.76,35.62,GLOBAL,Commerce,247.43000000000018
2021-05-20,59.87,77.32,137.19,-17.45,26.69,GLOBAL,Commerce,229.9800000000002
2021-05-21,49.89,78.62,128.51,-28.73,26.6,GLOBAL,Commerce,201.2500000000002
2021-05-24,83.36,27.27,110.63,56.08,38.59,GLOBAL,Commerce,257.3300000000002
2021-05-25,80.75,147.6,228.35,-66.84,33.74,GLOBAL,Commerce,190.4900000000002
2021-05-27,105.89,117.24,223.14,-11.35,45.56,GLOBAL,Commerce,179.1400000000002
2021-05-28,119.25,82.5,201.75,36.75,26.51,GLOBAL,Commerce,215.8900000000002
2021-05-31,70.0,167.57,237.56,-97.57,37.62,GLOBAL,Commerce,118.32000000000022
2021-06-01,103.29,356.31,459.61,-253.02,35.78,GLOBAL,Commerce,-134.6999999999998
2021-06-02,41.81,81.42,123.23,-39.61,26.11,GLOBAL,Commerce,-174.30999999999977
2021-06-04,33.39,112.79,146.18,-79.39,26.54,GLOBAL,Commerce,-253.69999999999976
2021-06-07,67.88,82.74,150.62,-14.87,26.66,GLOBAL,Commerce,-268.56999999999977
2021-06-08,40.62,54.87,95.49,-14.26,24.23,GLOBAL,Commerce,-282.82999999999976
2021-06-09,21.3,27.89,49.19,-6.6,20.96,GLOBAL,Commerce,-289.4299999999998
2021-06-10,44.15,60.27,104.42,-16.12,33.94,GLOBAL,Commerce,-305.5499999999998
2021-06-11,46.21,57.67,103.88,-11.46,29.27,GLOBAL,Commerce,-317.00999999999976
2021-06-14,58.91,40.31,99.22,18.6,28.23,GLOBAL,Commerce,-298.40999999999974
2021-06-15,69.52,93.86,163.37,-24.34,32.28,GLOBAL,Commerce,-322.7499999999997
2021-06-16,50.1,33.1,83.2,17.0,25.22,GLOBAL,Commerce,-305.7499999999997
2021-06-17,104.6,94.7,199.3,9.9,30.2,GLOBAL,Commerce,-295.84999999999974
2021-06-18,65.59,56.94,122.53,8.66,41.43,GLOBAL,Commerce,-287.1899999999997
2021-06-21,44.63,17.12,61.74,27.51,29.11,GLOBAL,Commerce,-259.6799999999997
2021-06-22,32.37,27.69,60.06,4.67,40.98,GLOBAL,Commerce,-255.00999999999974
2021-06-23,36.39,38.98,75.36,-2.59,40.23,GLOBAL,Commerce,-257.59999999999974
2021-06-24,82.87,60.6,143.47,22.28,31.52,GLOBAL,Commerce,-235.31999999999974
2021-06-25,71.28,60.51,131.79,10.76,36.1,GLOBAL,Commerce,-224.55999999999975
2021-06-28,43.75,19.5,63.25,24.25,34.88,GLOBAL,Commerce,-200.30999999999975
2021-06-29,35.97,51.68,87.65,-15.71,31.61,GLOBAL,Commerce,-216.01999999999975
2021-06-30,40.94,77.51,118.45,-36.57,32.32,GLOBAL,Commerce,-252.58999999999975
2021-07-01,86.86,189.32,276.18,-102.45,31.28,GLOBAL,Commerce,-355.03999999999974
2021-07-02,80.36,104.35,184.71,-23.99,25.1,GLOBAL,Commerce,-379.02999999999975
2021-07-05,301.41,160.53,461.94,140.88,35.85,GLOBAL,Commerce,-238.14999999999975
2021-07-06,289.08,228.65,517.73,60.42,38.55,GLOBAL,Commerce,-177.72999999999973
2021-07-07,192.6,103.0,295.59,89.6,39.12,GLOBAL,Commerce,-88.12999999999974
2021-07-08,211.43,117.96,329.39,93.47,33.28,GLOBAL,Commerce,5.340000000000259
2021-07-09,110.31,91.24,201.55,19.06,30.61,GLOBAL,Commerce,24.400000000000258
2021-07-12,90.81,58.82,149.63,32.0,37.27,GLOBAL,Commerce,56.40000000000026
2021-07-13,56.3,116.3,172.61,-60.0,21.56,GLOBAL,Commerce,-3.5999999999997385
2021-07-14,38.47,70.35,108.81,-31.88,26.33,GLOBAL,Commerce,-35.479999999999734
2021-07-15,77.03,42.87,119.9,34.16,25.14,GLOBAL,Commerce,-1.3199999999997374
2021-07-16,32.54,37.86,70.4,-5.32,30.09,GLOBAL,Commerce,-6.639999999999738
2021-07-19,61.74,60.45,122.19,1.29,29.3,GLOBAL,Commerce,-5.349999999999738
2021-07-20,99.01,37.11,136.12,61.89,29.41,GLOBAL,Commerce,56.54000000000026
2021-07-21,106.14,95.01,201.15,11.13,37.21,GLOBAL,Commerce,67.67000000000026
2021-07-22,29.9,57.72,87.62,-27.82,38.36,GLOBAL,Commerce,39.85000000000026
2021-07-23,61.65,32.24,93.89,29.41,36.34,GLOBAL,Commerce,69.26000000000026
2021-07-27,31.38,46.16,77.54,-14.78,37.08,GLOBAL,Commerce,54.48000000000026
2021-07-29,114.63,61.19,175.81,53.44,30.23,GLOBAL,Commerce,107.92000000000026
2021-07-30,153.06,92.58,245.64,60.49,40.11,GLOBAL,Commerce,168.41000000000025
2021-08-02,191.47,165.88,357.35,25.59,36.88,GLOBAL,Commerce,194.00000000000026
2021-08-03,104.71,90.58,195.29,14.13,35.45,GLOBAL,Commerce,208.13000000000025
2021-08-04,217.66,57.49,275.15,160.17,26.83,GLOBAL,Commerce,368.30000000000024
2021-08-05,223.68,70.92,294.6,152.76,26.75,GLOBAL,Commerce,521.0600000000002
2021-08-06,73.77,83.44,157.21,-9.67,28.74,GLOBAL,Commerce,511.39000000000016
2021-08-09,59.87,87.79,147.66,-27.91,35.14,GLOBAL,Commerce,483.48000000000013
2021-08-10,93.81,156.31,250.11,-62.5,44.69,GLOBAL,Commerce,420.98000000000013
2021-08-11,103.95,117.03,220.98,-13.07,33.05,GLOBAL,Commerce,407.91000000000014
2021-08-13,102.51,205.55,308.06,-103.04,30.5,GLOBAL,Commerce,304.8700000000001
2021-08-16,43.18,118.03,161.21,-74.85,38.08,GLOBAL,Commerce,230.02000000000012
2021-08-17,64.22,134.54,198.76,-70.33,29.83,GLOBAL,Commerce,159.6900000000001
2021-08-18,60.14,94.54,154.68,-34.4,28.54,GLOBAL,Commerce,125.2900000000001
2021-08-19,43.23,41.75,84.98,1.48,36.57,GLOBAL,Commerce,126.77000000000011
2021-08-20,38.55,73.03,111.58,-34.49,33.71,GLOBAL,Commerce,92.28000000000011
2021-08-23,97.75,144.84,242.6,-47.09,23.62,GLOBAL,Commerce,45.19000000000011
2021-08-24,88.63,155.26,243.89,-66.63,26.27,GLOBAL,Commerce,-21.439999999999884
2021-08-25,110.21,71.92,182.13,38.3,24.9,GLOBAL,Commerce,16.860000000000113
2021-08-26,72.89,44.34,117.23,28.54,23.45,GLOBAL,Commerce,45.40000000000011
2021-08-27,59.42,70.86,130.27,-11.44,34.14,GLOBAL,Commerce,33.960000000000115
2021-08-30,174.44,146.85,321.29,27.58,28.43,GLOBAL,Commerce,61.54000000000011
2021-08-31,99.22,142.23,241.46,-43.01,20.59,GLOBAL,Commerce,18.530000000000115
2021-09-01,104.75,70.27,175.02,34.48,28.45,GLOBAL,Commerce,53.01000000000011
2021-09-02,68.69,67.15,135.84,1.54,19.31,GLOBAL,Commerce,54.55000000000011
2021-09-03,62.02,28.6,90.62,33.43,22.14,GLOBAL,Commerce,87.9800000000001
2021-09-06,59.36,74.12,133.47,-14.76,21.44,GLOBAL,Commerce,73.2200000000001
2021-09-07,104.42,65.95,170.37,38.48,20.47,GLOBAL,Commerce,111.7000000000001
2021-09-08,140.38,52.6,192.98,87.78,26.13,GLOBAL,Commerce,199.4800000000001
2021-09-09,58.61,128.5,187.11,-69.9,26.0,GLOBAL,Commerce,129.5800000000001
2021-09-10,103.93,125.79,229.72,-21.86,30.79,GLOBAL,Commerce,107.7200000000001
2021-09-13,114.46,88.98,203.44,25.48,32.81,GLOBAL,Commerce,133.2000000000001
2021-09-14,76.35,51.87,128.22,24.48,40.7,GLOBAL,Commerce,157.6800000000001
2021-09-15,47.83,71.86,119.7,-24.03,32.02,GLOBAL,Commerce,133.6500000000001
2021-09-16,40.07,30.55,70.62,9.53,29.26,GLOBAL,Commerce,143.1800000000001
2021-09-17,35.66,103.1,138.75,-67.44,27.96,GLOBAL,Commerce,75.7400000000001
2021-09-20,54.9,100.4,155.3,-45.51,32.72,GLOBAL,Commerce,30.230000000000096
2021-09-21,86.35,55.83,142.18,30.53,36.35,GLOBAL,Commerce,60.7600000000001
2021-09-22,87.66,55.5,143.17,32.16,43.39,GLOBAL,Commerce,92.9200000000001
2021-09-23,76.5,73.29,149.79,3.2,56.19,GLOBAL,Commerce,96.1200000000001
2021-09-27,78.42,144.68,223.1,-66.26,31.66,GLOBAL,Commerce,29.8600000000001
2021-09-28,37.06,110.78,147.84,-73.72,23.06,GLOBAL,Commerce,-43.8599999999999
2021-09-29,135.01,152.64,287.65,-17.63,29.56,GLOBAL,Commerce,-61.489999999999895
2021-09-30,44.7,75.76,120.45,-31.06,33.03,GLOBAL,Commerce,-92.5499999999999
2021-10-01,26.07,73.33,99.4,-47.26,31.63,GLOBAL,Commerce,-139.8099999999999
2021-10-04,37.35,58.82,96.17,-21.47,23.5,GLOBAL,Commerce,-161.2799999999999
2021-10-05,64.27,107.88,172.15,-43.61,35.41,GLOBAL,Commerce,-204.88999999999987
2021-10-06,73.49,48.88,122.38,24.61,40.71,GLOBAL,Commerce,-180.27999999999986
2021-10-07,250.14,156.35,406.5,93.79,26.68,GLOBAL,Commerce,-86.48999999999985
2021-10-08,68.76,144.48,213.25,-75.72,22.13,GLOBAL,Commerce,-162.20999999999987
2021-10-11,17.93,62.25,80.19,-44.32,23.06,GLOBAL,Commerce,-206.52999999999986
2021-10-12,31.71,73.27,104.99,-41.56,24.4,GLOBAL,Commerce,-248.08999999999986
2021-10-14,19.62,32.54,52.16,-12.92,28.55,GLOBAL,Commerce,-261.0099999999999
2021-10-15,37.47,59.82,97.29,-22.34,33.89,GLOBAL,Commerce,-283.34999999999985
2021-10-18,27.28,28.89,56.17,-1.61,29.92,GLOBAL,Commerce,-284.95999999999987
2021-10-19,135.78,122.81,258.59,12.97,28.79,GLOBAL,Commerce,-271.98999999999984
2021-10-20,82.68,65.07,147.74,17.61,22.66,GLOBAL,Commerce,-254.37999999999982
2021-10-21,104.26,132.76,237.01,-28.5,33.99,GLOBAL,Commerce,-282.8799999999998
2021-10-25,68.08,150.72,218.8,-82.63,23.98,GLOBAL,Commerce,-365.5099999999998
2021-10-26,69.31,49.2,118.51,20.11,29.19,GLOBAL,Commerce,-345.3999999999998
2021-10-27,75.92,76.51,152.43,-0.59,20.66,GLOBAL,Commerce,-345.9899999999998
2021-10-28,57.12,97.43,154.55,-40.31,20.83,GLOBAL,Commerce,-386.2999999999998
2021-10-29,61.69,78.56,140.25,-16.87,27.92,GLOBAL,Commerce,-403.1699999999998
2021-11-01,84.95,88.72,173.68,-3.77,25.8,GLOBAL,Commerce,-406.93999999999977
2021-11-02,54.08,72.76,126.84,-18.68,27.93,GLOBAL,Commerce,-425.6199999999998
2021-11-03,93.61,111.81,205.41,-18.2,38.01,GLOBAL,Commerce,-443.81999999999977
2021-11-04,57.51,40.05,97.56,17.46,21.45,GLOBAL,Commerce,-426.3599999999998
2021-11-05,47.41,29.33,76.74,18.09,30.34,GLOBAL,Commerce,-408.2699999999998
2021-11-08,19.25,24.4,43.65,-5.14,31.54,GLOBAL,Commerce,-413.4099999999998
2021-11-09,59.27,25.09,84.35,34.18,25.1,GLOBAL,Commerce,-379.2299999999998
2021-11-10,38.48,23.55,62.03,14.92,17.17,GLOBAL,Commerce,-364.3099999999998
2021-11-11,53.26,10.37,63.63,42.89,20.33,GLOBAL,Commerce,-321.4199999999998
2021-11-12,19.41,6.07,25.48,13.34,24.21,GLOBAL,Commerce,-308.0799999999998
2021-11-15,15.04,6.37,21.4,8.67,18.37,GLOBAL,Commerce,-299.4099999999998
2021-11-16,79.03,52.4,131.43,26.63,30.9,GLOBAL,Commerce,-272.7799999999998
2021-11-17,101.5,57.82,159.32,43.68,27.72,GLOBAL,Commerce,-229.0999999999998
2021-11-18,94.23,31.62,125.85,62.62,29.28,GLOBAL,Commerce,-166.4799999999998
2021-11-19,29.32,25.59,54.92,3.73,11.32,GLOBAL,Commerce,-162.7499999999998
2021-11-22,35.42,20.82,56.24,14.6,16.9,GLOBAL,Commerce,-148.1499999999998
2021-11-23,133.88,24.86,158.74,109.02,22.85,GLOBAL,Commerce,-39.12999999999981
2021-11-24,67.08,61.74,128.82,5.34,26.66,GLOBAL,Commerce,-33.78999999999981
2021-11-25,80.87,87.65,168.52,-6.77,27.65,GLOBAL,Commerce,-40.5599999999998
2021-11-26,194.78,114.97,309.75,79.8,28.82,GLOBAL,Commerce,39.240000000000194
2021-11-29,48.23,54.16,102.39,-5.94,34.81,GLOBAL,Commerce,33.300000000000196
2021-11-30,60.67,158.97,219.65,-98.3,29.56,GLOBAL,Commerce,-64.9999999999998
2021-12-01,43.65,84.32,127.97,-40.67,26.62,GLOBAL,Commerce,-105.6699999999998
2021-12-02,25.38,98.72,124.1,-73.34,36.76,GLOBAL,Commerce,-179.00999999999982
2021-12-03,10.51,17.6,28.11,-7.09,26.51,GLOBAL,Commerce,-186.09999999999982
2021-12-07,25.56,37.65,63.21,-12.09,24.91,GLOBAL,Commerce,-198.18999999999983
2021-12-08,24.66,51.09,75.75,-26.43,21.27,GLOBAL,Commerce,-224.61999999999983
2021-12-09,30.41,34.85,65.26,-4.45,32.77,GLOBAL,Commerce,-229.06999999999982
2021-12-13,79.77,78.35,158.13,1.42,19.98,GLOBAL,Commerce,-227.64999999999984
2021-12-14,24.64,28.07,52.71,-3.44,27.72,GLOBAL,Commerce,-231.08999999999983
2021-12-15,8.98,19.68,28.66,-10.71,23.59,GLOBAL,Commerce,-241.79999999999984
2021-12-16,27.08,28.66,55.75,-1.58,29.43,GLOBAL,Commerce,-243.37999999999985
2021-12-17,33.44,49.32,82.76,-15.89,28.23,GLOBAL,Commerce,-259.26999999999987
2021-12-20,46.25,37.72,83.98,8.53,19.8,GLOBAL,Commerce,-250.73999999999987
2021-12-21,220.18,193.06,413.24,27.12,36.33,GLOBAL,Commerce,-223.61999999999986
2021-12-22,46.37,96.73,143.1,-50.36,33.92,GLOBAL,Commerce,-273.97999999999985
2021-12-23,42.81,58.78,101.59,-15.97,41.45,GLOBAL,Commerce,-289.9499999999999
2021-12-24,35.19,101.77,136.96,-66.58,38.67,GLOBAL,Commerce,-356.52999999999986
2021-12-27,39.34,57.98,97.33,-18.64,38.3,GLOBAL,Commerce,-375.16999999999985
2021-12-28,30.14,15.08,45.22,15.05,30.63,GLOBAL,Commerce,-360.11999999999983
2021-12-29,59.15,36.16,95.3,22.99,35.77,GLOBAL,Commerce,-337.1299999999998
2021-12-30,73.91,38.03,111.94,35.88,20.54,GLOBAL,Commerce,-301.24999999999983
2022-01-04,80.24,36.18,116.42,44.06,28.46,GLOBAL,Commerce,-257.1899999999998
2022-01-05,23.46,25.41,48.87,-1.95,24.4,GLOBAL,Commerce,-259.1399999999998
2022-01-06,101.21,126.53,227.75,-25.32,34.44,GLOBAL,Commerce,-284.4599999999998
2022-01-07,80.11,92.82,172.92,-12.71,45.66,GLOBAL,Commerce,-297.1699999999998
2022-01-10,308.58,175.58,484.16,133.0,29.0,GLOBAL,Commerce,-164.1699999999998
2022-01-11,57.12,139.34,196.46,-82.22,30.28,GLOBAL,Commerce,-246.3899999999998
2022-01-12,33.47,95.94,129.41,-62.47,18.95,GLOBAL,Commerce,-308.8599999999998
2022-01-13,26.5,32.74,59.25,-6.24,33.55,GLOBAL,Commerce,-315.0999999999998
2022-01-14,18.75,19.09,37.84,-0.33,21.73,GLOBAL,Commerce,-315.4299999999998
2022-01-17,14.06,31.94,46.0,-17.88,32.01,GLOBAL,Commerce,-333.3099999999998
2022-01-18,34.24,51.89,86.13,-17.65,25.16,GLOBAL,Commerce,-350.95999999999975
2022-01-19,29.49,81.13,110.62,-51.65,34.31,GLOBAL,Commerce,-402.60999999999973
2022-01-20,10.54,46.47,57.01,-35.93,36.74,GLOBAL,Commerce,-438.53999999999974
2022-01-21,31.59,31.58,63.18,0.01,33.59,GLOBAL,Commerce,-438.52999999999975
2022-01-24,14.84,24.82,39.66,-9.99,27.18,GLOBAL,Commerce,-448.51999999999975
2022-01-25,134.64,68.93,203.57,65.71,21.02,GLOBAL,Commerce,-382.8099999999998
2022-01-26,203.13,57.33,260.46,145.81,26.7,GLOBAL,Commerce,-236.99999999999977
2022-01-27,134.39,60.38,194.77,74.02,28.32,GLOBAL,Commerce,-162.9799999999998
2022-01-28,93.41,50.97,144.37,42.44,28.61,GLOBAL,Commerce,-120.5399999999998
2022-01-31,59.13,73.29,132.42,-14.15,36.01,GLOBAL,Commerce,-134.6899999999998
2022-02-01,69.11,86.02,155.13,-16.9,43.32,GLOBAL,Commerce,-151.5899999999998
2022-02-02,32.56,26.78,59.35,5.78,19.23,GLOBAL,Commerce,-145.8099999999998
2022-02-03,33.98,50.44,84.42,-16.45,30.23,GLOBAL,Commerce,-162.2599999999998
2022-02-04,10.7,14.44,25.14,-3.74,30.25,GLOBAL,Commerce,-165.9999999999998
2022-02-07,39.99,35.47,75.46,4.52,34.98,GLOBAL,Commerce,-161.4799999999998
2022-02-08,68.05,107.01,175.06,-38.96,32.73,GLOBAL,Commerce,-200.4399999999998
2022-02-09,122.78,134.29,257.08,-11.51,28.3,GLOBAL,Commerce,-211.9499999999998
2022-02-10,112.19,155.45,267.64,-43.27,24.31,GLOBAL,Commerce,-255.2199999999998
2022-02-11,76.0,99.33,175.33,-23.33,23.61,GLOBAL,Commerce,-278.5499999999998
2022-02-14,46.13,88.51,134.64,-42.39,33.9,GLOBAL,Commerce,-320.93999999999977
2022-02-15,313.67,96.7,410.37,216.96,29.21,GLOBAL,Commerce,-103.97999999999976
2022-02-17,89.77,89.34,179.11,0.43,27.2,GLOBAL,Commerce,-103.54999999999976
2022-02-18,69.26,46.41,115.67,22.84,28.93,GLOBAL,Commerce,-80.70999999999975
2022-02-21,155.49,168.23,323.72,-12.74,22.32,GLOBAL,Commerce,-93.44999999999975
2022-02-22,68.12,95.85,163.97,-27.73,21.37,GLOBAL,Commerce,-121.17999999999975
2022-02-23,40.52,17.99,58.51,22.54,19.43,GLOBAL,Commerce,-98.63999999999976
2022-02-24,141.31,84.7,226.01,56.61,31.48,GLOBAL,Commerce,-42.02999999999976
2022-02-25,68.04,88.75,156.78,-20.71,20.69,GLOBAL,Commerce,-62.73999999999976
2022-02-28,33.87,74.58,108.45,-40.71,24.6,GLOBAL,Commerce,-103.44999999999976
2022-03-01,112.33,45.8,158.13,66.53,33.1,GLOBAL,Commerce,-36.91999999999976
2022-03-02,19.73,50.08,69.81,-30.34,24.42,GLOBAL,Commerce,-67.25999999999976
2022-03-03,46.04,45.22,91.26,0.81,20.27,GLOBAL,Commerce,-66.44999999999976
2022-03-04,35.57,95.66,131.23,-60.09,21.16,GLOBAL,Commerce,-126.53999999999976
2022-03-07,128.71,122.26,250.97,6.45,31.88,GLOBAL,Commerce,-120.08999999999976
2022-03-08,98.07,133.25,231.31,-35.18,19.83,GLOBAL,Commerce,-155.26999999999975
2022-03-09,108.28,294.84,403.12,-186.57,20.32,GLOBAL,Commerce,-341.83999999999975
2022-03-10,52.9,87.06,139.97,-34.16,21.42,GLOBAL,Commerce,-375.9999999999998
2022-03-11,73.07,135.91,208.98,-62.84,26.09,GLOBAL,Commerce,-438.8399999999998
2022-03-14,78.02,91.09,169.11,-13.07,32.38,GLOBAL,Commerce,-451.9099999999998
2022-03-15,43.93,38.58,82.51,5.34,20.9,GLOBAL,Commerce,-446.5699999999998
2022-03-16,119.13,80.95,200.08,38.18,26.28,GLOBAL,Commerce,-408.3899999999998
2022-03-17,62.42,113.59,176.01,-51.17,20.15,GLOBAL,Commerce,-459.55999999999983
2022-03-18,96.31,54.96,151.27,41.35,23.4,GLOBAL,Commerce,-418.2099999999998
2022-03-21,283.56,136.71,420.27,146.84,23.57,GLOBAL,Commerce,-271.3699999999998
2022-03-22,62.32,132.38,194.7,-70.06,22.97,GLOBAL,Commerce,-341.4299999999998
2022-03-23,228.52,77.86,306.38,150.66,26.97,GLOBAL,Commerce,-190.76999999999978
2022-03-24,111.78,40.7,152.48,71.08,22.33,GLOBAL,Commerce,-119.68999999999978
2022-03-25,120.35,78.89,199.24,41.46,36.86,GLOBAL,Commerce,-78.22999999999979
2022-03-28,106.25,47.31,153.56,58.94,22.33,GLOBAL,Commerce,-19.289999999999793
2022-03-29,136.03,86.76,222.79,49.28,26.78,GLOBAL,Commerce,29.990000000000208
2022-03-30,238.64,66.71,305.35,171.93,29.68,GLOBAL,Commerce,201.92000000000021
2022-03-31,138.29,120.04,258.33,18.25,29.69,GLOBAL,Commerce,220.17000000000021
2022-04-01,130.11,91.69,221.8,38.42,27.52,GLOBAL,Commerce,258.5900000000002
2022-04-04,75.55,39.83,115.39,35.72,25.94,GLOBAL,Commerce,294.3100000000002
2022-04-05,45.5,55.31,100.81,-9.81,29.79,GLOBAL,Commerce,284.50000000000017
2022-04-07,136.9,91.39,228.29,45.5,24.85,GLOBAL,Commerce,330.00000000000017
2022-04-08,67.92,121.35,189.27,-53.43,19.96,GLOBAL,Commerce,276.57000000000016
2022-04-11,44.63,61.34,105.97,-16.71,22.73,GLOBAL,Commerce,259.8600000000002
2022-04-12,47.54,80.43,127.97,-32.89,31.52,GLOBAL,Commerce,226.9700000000002
2022-04-18,36.15,61.97,98.12,-25.82,28.79,GLOBAL,Commerce,201.1500000000002
2022-04-19,51.12,103.18,154.3,-52.06,23.04,GLOBAL,Commerce,149.0900000000002
2022-04-20,70.33,177.89,248.22,-107.55,25.03,GLOBAL,Commerce,41.540000000000205
2022-04-21,74.09,85.52,159.62,-11.43,35.81,GLOBAL,Commerce,30.110000000000205
2022-04-22,63.92,61.74,125.67,2.18,21.65,GLOBAL,Commerce,32.290000000000205
2022-04-25,111.53,55.92,167.45,55.61,27.35,GLOBAL,Commerce,87.9000000000002
2022-04-26,83.83,46.73,130.56,37.1,39.97,GLOBAL,Commerce,125.0000000000002
2022-04-27,131.82,52.53,184.35,79.28,28.39,GLOBAL,Commerce,204.2800000000002
2022-04-28,91.39,45.08,136.47,46.31,25.16,GLOBAL,Commerce,250.5900000000002
2022-04-29,28.16,72.99,101.16,-44.83,27.97,GLOBAL,Commerce,205.76000000000022
2022-05-03,99.98,101.89,201.87,-1.91,25.37,GLOBAL,Commerce,203.85000000000022
2022-05-05,42.85,64.25,107.1,-21.4,20.76,GLOBAL,Commerce,182.45000000000022
2022-05-06,55.64,66.14,121.78,-10.49,24.9,GLOBAL,Commerce,171.9600000000002
2022-05-09,57.26,63.39,120.66,-6.13,27.09,GLOBAL,Commerce,165.8300000000002
2022-05-10,72.06,54.05,126.11,18.01,38.59,GLOBAL,Commerce,183.8400000000002
2022-05-11,30.23,41.96,72.19,-11.73,31.47,GLOBAL,Commerce,172.1100000000002
2022-05-12,50.12,66.81,116.93,-16.69,34.32,GLOBAL,Commerce,155.42000000000021
2022-05-13,42.07,26.54,68.61,15.54,37.32,GLOBAL,Commerce,170.9600000000002
2022-05-17,88.95,97.54,186.49,-8.59,54.88,GLOBAL,Commerce,162.3700000000002
2022-05-18,39.7,47.61,87.3,-7.91,35.17,GLOBAL,Commerce,154.4600000000002
2022-05-19,52.54,30.63,83.17,21.91,34.87,GLOBAL,Commerce,176.3700000000002
2022-05-20,58.31,40.26,98.57,18.05,37.52,GLOBAL,Commerce,194.42000000000021
2022-05-23,21.57,16.79,38.36,4.78,26.62,GLOBAL,Commerce,199.20000000000022
2022-05-24,41.07,35.63,76.7,5.45,18.1,GLOBAL,Commerce,204.6500000000002
2022-05-25,56.07,40.44,96.51,15.63,27.89,GLOBAL,Commerce,220.2800000000002
2022-05-26,30.96,32.19,63.14,-1.23,22.65,GLOBAL,Commerce,219.0500000000002
2022-05-27,52.04,52.42,104.47,-0.38,34.55,GLOBAL,Commerce,218.67000000000021
2022-05-30,70.67,38.61,109.28,32.06,26.13,GLOBAL,Commerce,250.73000000000022
2022-05-31,78.02,77.0,155.03,1.02,33.66,GLOBAL,Commerce,251.75000000000023
2022-06-01,81.3,52.02,133.32,29.28,32.79,GLOBAL,Commerce,281.0300000000002
2022-06-02,70.92,47.74,118.66,23.18,33.56,GLOBAL,Commerce,304.2100000000002
2022-06-06,61.22,61.48,122.69,-0.26,25.28,GLOBAL,Commerce,303.9500000000002
2022-06-07,80.8,63.31,144.11,17.49,39.91,GLOBAL,Commerce,321.4400000000002
2022-06-08,77.68,38.57,116.25,39.1,42.53,GLOBAL,Commerce,360.54000000000025
2022-06-09,34.97,17.98,52.95,16.99,29.89,GLOBAL,Commerce,377.53000000000026
2022-06-10,31.86,24.63,56.49,7.23,42.05,GLOBAL,Commerce,384.7600000000003
2022-06-13,152.29,59.38,211.67,92.9,34.06,GLOBAL,Commerce,477.6600000000003
2022-06-14,51.3,48.2,99.51,3.1,36.16,GLOBAL,Commerce,480.76000000000033
2022-06-15,166.71,179.74,346.45,-13.02,25.42,GLOBAL,Commerce,467.74000000000035
2022-06-16,99.34,88.45,187.8,10.89,26.07,GLOBAL,Commerce,478.63000000000034
2022-06-17,299.03,397.8,696.83,-98.77,56.52,GLOBAL,Commerce,379.86000000000035
2022-06-20,65.97,44.84,110.81,21.13,30.63,GLOBAL,Commerce,400.99000000000035
2022-06-21,34.86,60.37,95.22,-25.51,20.98,GLOBAL,Commerce,375.48000000000036
2022-06-22,70.62,63.61,134.23,7.0,29.13,GLOBAL,Commerce,382.48000000000036
2022-06-23,30.36,31.14,61.5,-0.78,29.0,GLOBAL,Commerce,381.7000000000004
2022-06-24,75.3,52.57,127.87,22.73,39.61,GLOBAL,Commerce,404.4300000000004
2022-06-27,102.62,73.09,175.71,29.53,33.32,GLOBAL,Commerce,433.9600000000004
2022-06-28,87.3,161.71,249.01,-74.4,41.6,GLOBAL,Commerce,359.5600000000004
2022-06-29,54.35,69.71,124.05,-15.36,38.67,GLOBAL,Commerce,344.2000000000004
2022-06-30,41.03,191.81,232.84,-150.77,23.02,GLOBAL,Commerce,193.43000000000038
2022-07-01,89.91,71.26,161.17,18.65,30.16,GLOBAL,Commerce,212.08000000000038
2022-07-04,117.81,42.63,160.45,75.18,39.49,GLOBAL,Commerce,287.2600000000004
2022-07-05,74.61,49.48,124.09,25.13,37.12,GLOBAL,Commerce,312.3900000000004
2022-07-06,78.46,120.34,198.8,-41.88,44.13,GLOBAL,Commerce,270.5100000000004
2022-07-07,111.89,77.48,189.37,34.41,31.48,GLOBAL,Commerce,304.9200000000004
2022-07-08,120.11,45.56,165.67,74.54,37.57,GLOBAL,Commerce,379.46000000000043
2022-07-11,83.24,74.3,157.54,8.94,33.27,GLOBAL,Commerce,388.40000000000043
2022-07-12,93.12,68.13,161.25,24.99,39.53,GLOBAL,Commerce,413.39000000000044
2022-07-14,77.14,65.82,142.95,11.32,49.69,GLOBAL,Commerce,424.71000000000043
2022-07-15,105.06,41.01,146.07,64.05,38.13,GLOBAL,Commerce,488.76000000000045
2022-07-18,86.58,75.7,162.28,10.87,40.4,GLOBAL,Commerce,499.63000000000045
2022-07-19,39.79,52.75,92.55,-12.96,32.38,GLOBAL,Commerce,486.67000000000047
2022-07-20,33.76,60.95,94.71,-27.19,37.09,GLOBAL,Commerce,459.4800000000005
2022-07-21,39.9,65.89,105.8,-25.99,32.41,GLOBAL,Commerce,433.49000000000046
2022-07-22,53.92,59.04,112.96,-5.12,29.12,GLOBAL,Commerce,428.37000000000046
2022-07-25,47.48,61.54,109.02,-14.06,37.1,GLOBAL,Commerce,414.31000000000046
2022-07-26,23.97,26.21,50.19,-2.24,30.32,GLOBAL,Commerce,412.07000000000045
2022-07-27,41.14,59.66,100.8,-18.52,29.55,GLOBAL,Commerce,393.55000000000047
2022-08-01,64.81,49.46,114.26,15.35,17.13,GLOBAL,Commerce,408.9000000000005
2022-08-02,62.3,72.14,134.44,-9.84,22.52,GLOBAL,Commerce,399.0600000000005
2022-08-03,43.09,30.81,73.9,12.27,27.5,GLOBAL,Commerce,411.3300000000005
2022-08-04,43.28,24.73,68.01,18.55,39.17,GLOBAL,Commerce,429.8800000000005
2022-08-05,20.01,18.37,38.38,1.63,34.35,GLOBAL,Commerce,431.5100000000005
2022-08-08,55.46,34.73,90.18,20.73,41.87,GLOBAL,Commerce,452.2400000000005
2022-08-09,50.08,25.22,75.31,24.86,27.59,GLOBAL,Commerce,477.10000000000053
2022-08-10,48.16,39.15,87.3,9.01,38.31,GLOBAL,Commerce,486.1100000000005
2022-08-11,57.49,64.79,122.28,-7.3,35.62,GLOBAL,Commerce,478.8100000000005
2022-08-15,31.91,55.27,87.18,-23.35,38.64,GLOBAL,Commerce,455.4600000000005
2022-08-16,107.78,109.25,217.04,-1.47,36.79,GLOBAL,Commerce,453.99000000000046
2022-08-17,64.47,70.13,134.6,-5.66,31.98,GLOBAL,Commerce,448.33000000000044
2022-08-18,62.37,43.76,106.13,18.61,43.11,GLOBAL,Commerce,466.94000000000045
2022-08-19,89.62,101.19,190.81,-11.57,44.31,GLOBAL,Commerce,455.37000000000046
2022-08-22,63.77,24.51,88.29,39.26,37.66,GLOBAL,Commerce,494.63000000000045
2022-08-23,35.96,46.49,82.45,-10.53,19.93,GLOBAL,Commerce,484.1000000000005
2022-08-24,58.46,74.98,133.44,-16.53,27.08,GLOBAL,Commerce,467.5700000000005
2022-08-25,65.48,47.5,112.98,17.98,29.19,GLOBAL,Commerce,485.5500000000005
2022-08-26,51.87,49.32,101.19,2.55,33.23,GLOBAL,Commerce,488.10000000000053
2022-08-29,18.06,42.94,61.0,-24.88,26.41,GLOBAL,Commerce,463.22000000000054
2022-08-30,54.21,40.26,94.47,13.96,33.43,GLOBAL,Commerce,477.1800000000005
2022-08-31,59.69,38.11,97.81,21.58,33.43,GLOBAL,Commerce,498.7600000000005
2022-09-01,52.09,67.68,119.77,-15.59,37.54,GLOBAL,Commerce,483.1700000000005
2022-09-02,52.09,37.9,89.98,14.19,49.06,GLOBAL,Commerce,497.3600000000005
2022-09-05,50.19,46.43,96.62,3.76,33.58,GLOBAL,Commerce,501.1200000000005
2022-09-06,26.17,25.83,52.01,0.34,37.7,GLOBAL,Commerce,501.4600000000005
2022-09-07,54.37,63.93,118.3,-9.56,44.42,GLOBAL,Commerce,491.9000000000005
2022-09-08,43.86,45.18,89.04,-1.31,27.59,GLOBAL,Commerce,490.5900000000005
2022-09-09,13.07,20.47,33.54,-7.41,23.77,GLOBAL,Commerce,483.18000000000046
2022-09-12,186.24,101.65,287.89,84.6,19.88,GLOBAL,Commerce,567.7800000000004
2022-09-13,76.48,39.8,116.28,36.67,26.58,GLOBAL,Commerce,604.4500000000004
2022-09-14,44.93,30.02,74.95,14.91,25.96,GLOBAL,Commerce,619.3600000000004
2022-09-15,81.92,57.21,139.12,24.71,34.04,GLOBAL,Commerce,644.0700000000004
2022-09-16,78.88,62.18,141.06,16.7,33.15,GLOBAL,Commerce,660.7700000000004
2022-09-19,53.1,53.83,106.93,-0.74,32.15,GLOBAL,Commerce,660.0300000000004
2022-09-20,20.01,23.93,43.94,-3.93,33.6,GLOBAL,Commerce,656.1000000000005
2022-09-21,30.36,34.35,64.71,-4.0,48.14,GLOBAL,Commerce,652.1000000000005
2022-09-22,24.44,29.69,54.13,-5.25,17.8,GLOBAL,Commerce,646.8500000000005
2022-09-23,45.85,46.41,92.26,-0.57,35.42,GLOBAL,Commerce,646.2800000000004
2022-09-26,93.79,51.38,145.17,42.41,32.16,GLOBAL,Commerce,688.6900000000004
2022-09-27,54.03,51.75,105.78,2.28,33.57,GLOBAL,Commerce,690.9700000000004
2022-09-28,83.96,61.57,145.53,22.39,27.46,GLOBAL,Commerce,713.3600000000004
2022-09-29,89.82,59.47,149.29,30.35,35.09,GLOBAL,Commerce,743.7100000000004
2022-09-30,23.03,52.06,75.1,-29.03,29.96,GLOBAL,Commerce,714.6800000000004
2022-10-03,95.41,62.0,157.41,33.41,26.37,GLOBAL,Commerce,748.0900000000004
2022-10-04,54.96,96.1,151.06,-41.13,35.29,GLOBAL,Commerce,706.9600000000004
2022-10-05,61.16,84.52,145.68,-23.36,38.28,GLOBAL,Commerce,683.6000000000004
2022-10-06,68.17,82.12,150.29,-13.95,32.27,GLOBAL,Commerce,669.6500000000003
2022-10-07,23.59,45.76,69.36,-22.17,31.86,GLOBAL,Commerce,647.4800000000004
2022-10-10,128.0,90.04,218.04,37.96,32.42,GLOBAL,Commerce,685.4400000000004
2022-10-11,52.94,43.04,95.98,9.9,33.28,GLOBAL,Commerce,695.3400000000004
2022-10-12,43.77,56.14,99.91,-12.37,28.81,GLOBAL,Commerce,682.9700000000004
2022-10-17,53.87,120.43,174.3,-66.56,31.91,GLOBAL,Commerce,616.4100000000003
2022-10-18,75.97,102.28,178.24,-26.31,29.19,GLOBAL,Commerce,590.1000000000004
2022-10-19,37.13,44.48,81.61,-7.35,46.96,GLOBAL,Commerce,582.7500000000003
2022-10-20,70.33,85.14,155.48,-14.81,63.87,GLOBAL,Commerce,567.9400000000004
2022-10-21,41.87,29.22,71.09,12.65,34.81,GLOBAL,Commerce,580.5900000000004
2022-10-25,35.86,30.26,66.12,5.6,23.3,GLOBAL,Commerce,586.1900000000004
2022-10-26,91.1,60.89,152.0,30.21,45.29,GLOBAL,Commerce,616.4000000000004
2022-10-27,78.99,55.91,134.9,23.07,23.16,GLOBAL,Commerce,639.4700000000005
2022-10-28,66.63,33.4,100.04,33.23,31.41,GLOBAL,Commerce,672.7000000000005
2022-10-31,34.01,36.29,70.3,-2.27,40.64,GLOBAL,Commerce,670.4300000000005
2022-11-01,39.64,23.25,62.89,16.4,30.38,GLOBAL,Commerce,686.8300000000005
2022-11-02,19.47,22.67,42.14,-3.2,21.63,GLOBAL,Commerce,683.6300000000005
2022-11-03,43.64,74.14,117.79,-30.5,22.72,GLOBAL,Commerce,653.1300000000005
2022-11-04,54.88,53.32,108.2,1.55,40.76,GLOBAL,Commerce,654.6800000000004
2022-11-07,64.21,54.36,118.56,9.85,32.91,GLOBAL,Commerce,664.5300000000004
2022-11-08,25.25,6.95,32.2,18.31,45.09,GLOBAL,Commerce,682.8400000000004
2022-11-09,53.53,30.54,84.07,22.99,46.5,GLOBAL,Commerce,705.8300000000004
2022-11-10,38.11,9.21,47.32,28.9,27.16,GLOBAL,Commerce,734.7300000000004
2022-11-11,134.84,53.39,188.23,81.45,43.07,GLOBAL,Commerce,816.1800000000004
2022-11-14,69.21,28.67,97.88,40.54,27.86,GLOBAL,Commerce,856.7200000000004
2022-11-15,28.04,41.75,69.79,-13.71,39.94,GLOBAL,Commerce,843.0100000000003
2022-11-16,23.91,29.94,53.85,-6.03,30.09,GLOBAL,Commerce,836.9800000000004
2022-11-17,27.69,40.63,68.33,-12.94,32.05,GLOBAL,Commerce,824.0400000000003
2022-11-18,63.02,64.37,127.39,-1.34,28.42,GLOBAL,Commerce,822.7000000000003
2022-11-21,59.52,28.02,87.54,31.49,23.22,GLOBAL,Commerce,854.1900000000003
2022-11-22,25.77,19.54,45.31,6.23,21.18,GLOBAL,Commerce,860.4200000000003
2022-11-23,31.11,33.84,64.95,-2.72,33.71,GLOBAL,Commerce,857.7000000000003
2022-11-24,19.96,25.15,45.1,-5.19,27.03,GLOBAL,Commerce,852.5100000000002
2022-11-25,33.91,36.42,70.33,-2.51,39.4,GLOBAL,Commerce,850.0000000000002
2022-11-28,61.55,57.43,118.98,4.13,42.31,GLOBAL,Commerce,854.1300000000002
2022-11-29,115.23,76.65,191.88,38.59,29.66,GLOBAL,Commerce,892.7200000000003
2022-11-30,129.41,97.83,227.24,31.58,44.96,GLOBAL,Commerce,924.3000000000003
2022-12-01,46.83,47.89,94.73,-1.06,26.83,GLOBAL,Commerce,923.2400000000004
2022-12-02,46.31,74.29,120.6,-27.98,30.82,GLOBAL,Commerce,895.2600000000003
2022-12-06,31.05,26.76,57.81,4.29,38.4,GLOBAL,Commerce,899.5500000000003
2022-12-07,48.25,39.03,87.28,9.22,30.43,GLOBAL,Commerce,908.7700000000003
2022-12-08,25.0,26.74,51.74,-1.74,33.56,GLOBAL,Commerce,907.0300000000003
2022-12-09,24.05,76.3,100.36,-52.25,39.14,GLOBAL,Commerce,854.7800000000003
2022-12-13,33.18,41.18,74.36,-8.01,30.61,GLOBAL,Commerce,846.7700000000003
2022-12-14,70.01,36.34,106.35,33.67,28.0,GLOBAL,Commerce,880.4400000000003
2022-12-15,40.77,44.18,84.95,-3.41,41.56,GLOBAL,Commerce,877.0300000000003
2022-12-16,109.68,89.61,199.28,20.07,26.97,GLOBAL,Commerce,897.1000000000004
2022-12-19,99.36,88.76,188.12,10.6,20.81,GLOBAL,Commerce,907.7000000000004
2022-12-20,253.7,104.57,358.27,149.14,30.58,GLOBAL,Commerce,1056.8400000000004
2022-12-21,109.7,76.67,186.37,33.03,32.19,GLOBAL,Commerce,1089.8700000000003
2022-12-22,110.65,26.63,137.28,84.01,36.91,GLOBAL,Commerce,1173.8800000000003
2022-12-23,70.12,58.56,128.68,11.55,34.51,GLOBAL,Commerce,1185.4300000000003
2022-12-26,24.37,26.22,50.59,-1.85,17.62,GLOBAL,Commerce,1183.5800000000004
2022-12-27,59.18,52.66,111.83,6.52,36.24,GLOBAL,Commerce,1190.1000000000004
2022-12-28,68.49,60.02,128.51,8.47,31.43,GLOBAL,Commerce,1198.5700000000004
2022-12-29,123.38,74.49,197.87,48.9,36.35,GLOBAL,Commerce,1247.4700000000005
2022-12-30,81.23,110.73,191.97,-29.5,31.62,GLOBAL,Commerce,1217.9700000000005
2023-01-03,189.84,90.7,280.53,99.14,34.58,GLOBAL,Commerce,1317.1100000000006
2023-01-04,167.39,33.26,200.65,134.13,35.12,GLOBAL,Commerce,1451.2400000000007
2023-01-05,162.85,83.37,246.22,79.48,51.27,GLOBAL,Commerce,1530.7200000000007
2023-01-06,226.1,152.21,378.31,73.89,29.7,GLOBAL,Commerce,1604.6100000000008
2023-01-09,294.24,108.36,402.6,185.88,34.71,GLOBAL,Commerce,1790.4900000000007
2023-01-10,401.54,243.79,645.33,157.75,33.51,GLOBAL,Commerce,1948.2400000000007
2023-01-11,175.93,270.42,446.36,-94.49,35.19,GLOBAL,Commerce,1853.7500000000007
2023-01-12,100.35,233.53,333.88,-133.18,44.36,GLOBAL,Commerce,1720.5700000000006
2023-01-13,138.46,279.81,418.27,-141.35,40.25,GLOBAL,Commerce,1579.2200000000007
2023-01-16,147.2,284.52,431.72,-137.32,41.55,GLOBAL,Commerce,1441.9000000000008
2023-01-17,45.13,200.96,246.1,-155.83,28.52,GLOBAL,Commerce,1286.0700000000008
2023-01-18,84.8,135.61,220.41,-50.81,34.24,GLOBAL,Commerce,1235.260000000001
2023-01-19,198.36,194.79,393.15,3.57,36.45,GLOBAL,Commerce,1238.8300000000008
2023-01-20,143.28,88.5,231.78,54.78,41.96,GLOBAL,Commerce,1293.6100000000008
2023-01-23,30.14,40.88,71.01,-10.74,20.77,GLOBAL,Commerce,1282.8700000000008
2023-01-24,27.8,49.24,77.05,-21.44,26.24,GLOBAL,Commerce,1261.4300000000007
2023-01-25,29.7,43.3,73.0,-13.59,25.0,GLOBAL,Commerce,1247.8400000000008
2023-01-26,68.27,77.67,145.94,-9.41,24.11,GLOBAL,Commerce,1238.4300000000007
2023-01-27,73.49,30.38,103.87,43.11,25.06,GLOBAL,Commerce,1281.5400000000006
2023-01-30,80.65,73.34,153.99,7.31,18.76,GLOBAL,Commerce,1288.8500000000006
2023-01-31,45.48,58.39,103.87,-12.91,18.9,GLOBAL,Commerce,1275.9400000000005
2023-02-01,32.71,21.95,54.66,10.75,18.35,GLOBAL,Commerce,1286.6900000000005
2023-02-02,27.7,111.07,138.77,-83.36,24.43,GLOBAL,Commerce,1203.3300000000006
2023-02-03,58.19,33.54,91.72,24.65,19.19,GLOBAL,Commerce,1227.9800000000007
2023-02-06,42.82,40.86,83.68,1.96,28.9,GLOBAL,Commerce,1229.9400000000007
2023-02-07,113.78,38.92,152.7,74.86,33.08,GLOBAL,Commerce,1304.8000000000006
2023-02-08,26.14,37.7,63.84,-11.56,19.03,GLOBAL,Commerce,1293.2400000000007
2023-02-09,16.23,19.76,35.99,-3.52,15.28,GLOBAL,Commerce,1289.7200000000007
2023-02-10,65.11,42.87,107.98,22.23,28.16,GLOBAL,Commerce,1311.9500000000007
2023-02-13,56.0,261.74,317.74,-205.74,22.48,GLOBAL,Commerce,1106.2100000000007
2023-02-14,150.91,363.75,514.66,-212.83,46.18,GLOBAL,Commerce,893.3800000000007
2023-02-15,97.53,123.82,221.35,-26.29,35.21,GLOBAL,Commerce,867.0900000000007
2023-02-16,55.09,54.25,109.34,0.84,27.72,GLOBAL,Commerce,867.9300000000007
2023-02-17,140.05,53.1,193.15,86.95,29.38,GLOBAL,Commerce,954.8800000000008
2023-02-20,37.69,44.41,82.1,-6.72,18.56,GLOBAL,Commerce,948.1600000000008
2023-02-21,89.68,93.96,183.64,-4.28,18.19,GLOBAL,Commerce,943.8800000000008
2023-02-22,16.05,57.81,73.86,-41.76,31.53,GLOBAL,Commerce,902.1200000000008
2023-02-23,46.1,104.37,150.47,-58.28,23.53,GLOBAL,Commerce,843.8400000000008
2023-02-24,31.84,231.6,263.43,-199.76,24.41,GLOBAL,Commerce,644.0800000000008
2023-02-27,41.24,50.58,91.81,-9.34,31.07,GLOBAL,Commerce,634.7400000000008
2023-02-28,45.73,51.84,97.57,-6.11,20.15,GLOBAL,Commerce,628.6300000000008
2023-03-01,72.1,48.78,120.88,23.31,27.45,GLOBAL,Commerce,651.9400000000007
2023-03-02,77.35,101.53,178.88,-24.18,23.37,GLOBAL,Commerce,627.7600000000008
2023-03-03,52.3,62.51,114.82,-10.21,32.11,GLOBAL,Commerce,617.5500000000008
2023-03-07,99.92,51.78,151.71,48.14,41.37,GLOBAL,Commerce,665.6900000000007
2023-03-08,61.88,42.5,104.38,19.38,30.31,GLOBAL,Commerce,685.0700000000007
2023-03-09,107.63,72.1,179.74,35.53,32.9,GLOBAL,Commerce,720.6000000000007
2023-03-10,137.84,103.92,241.76,33.92,37.22,GLOBAL,Commerce,754.5200000000007
2023-03-13,210.23,122.1,332.34,88.13,34.68,GLOBAL,Commerce,842.6500000000007
2023-03-14,194.07,111.44,305.51,82.63,30.0,GLOBAL,Commerce,925.2800000000007
2023-03-15,69.51,56.89,126.4,12.62,23.64,GLOBAL,Commerce,937.9000000000007
2023-03-16,48.88,62.91,111.79,-14.04,33.01,GLOBAL,Commerce,923.8600000000007
2023-03-17,146.86,70.11,216.97,76.75,27.3,GLOBAL,Commerce,1000.6100000000007
2023-03-20,80.33,85.91,166.25,-5.58,29.68,GLOBAL,Commerce,995.0300000000007
2023-03-21,66.58,62.25,128.83,4.32,20.65,GLOBAL,Commerce,999.3500000000007
2023-03-22,63.07,116.11,179.18,-53.04,22.96,GLOBAL,Commerce,946.3100000000007
2023-03-23,65.23,41.78,107.01,23.44,28.06,GLOBAL,Commerce,969.7500000000008
2023-03-24,68.04,46.24,114.28,21.8,21.41,GLOBAL,Commerce,991.5500000000008
2023-03-27,86.4,57.04,143.44,29.36,17.08,GLOBAL,Commerce,1020.9100000000008
2023-03-28,66.8,76.05,142.85,-9.24,24.91,GLOBAL,Commerce,1011.6700000000008
2023-03-29,59.9,75.01,134.91,-15.12,19.94,GLOBAL,Commerce,996.5500000000008
2023-03-30,38.83,61.4,100.23,-22.57,35.06,GLOBAL,Commerce,973.9800000000007
2023-03-31,71.86,62.9,134.76,8.97,36.73,GLOBAL,Commerce,982.9500000000007
2023-04-03,79.43,112.5,191.93,-33.07,41.47,GLOBAL,Commerce,949.8800000000007
2023-04-04,114.29,159.68,273.98,-45.39,30.82,GLOBAL,Commerce,904.4900000000007
2023-04-05,13.17,92.57,105.74,-79.39,25.35,GLOBAL,Commerce,825.1000000000007
2023-04-07,141.69,39.4,181.09,102.28,19.53,GLOBAL,Commerce,927.3800000000007
2023-04-10,39.08,29.79,68.87,9.28,25.75,GLOBAL,Commerce,936.6600000000007
2023-04-11,17.13,88.79,105.92,-71.66,33.98,GLOBAL,Commerce,865.0000000000007
2023-04-12,61.62,93.23,154.85,-31.61,33.92,GLOBAL,Commerce,833.3900000000007
2023-04-17,54.57,95.92,150.48,-41.35,30.5,GLOBAL,Commerce,792.0400000000006
2023-04-18,61.61,70.61,132.22,-9.0,27.81,GLOBAL,Commerce,783.0400000000006
2023-04-19,30.6,60.42,91.03,-29.82,22.0,GLOBAL,Commerce,753.2200000000006
2023-04-20,36.66,83.27,119.93,-46.61,22.88,GLOBAL,Commerce,706.6100000000006
2023-04-21,68.55,38.03,106.57,30.52,21.42,GLOBAL,Commerce,737.1300000000006
2023-04-24,23.0,19.31,42.31,3.69,34.98,GLOBAL,Commerce,740.8200000000006
2023-04-25,64.7,57.49,122.19,7.21,40.83,GLOBAL,Commerce,748.0300000000007
2023-04-26,15.83,35.35,51.19,-19.52,24.05,GLOBAL,Commerce,728.5100000000007
2023-04-27,8.53,16.57,25.1,-8.04,28.83,GLOBAL,Commerce,720.4700000000007
2023-04-28,15.51,41.13,56.64,-25.61,29.83,GLOBAL,Commerce,694.8600000000007
2023-05-02,26.61,31.73,58.34,-5.12,23.4,GLOBAL,Commerce,689.7400000000007
2023-05-03,29.11,53.84,82.94,-24.73,22.24,GLOBAL,Commerce,665.0100000000007
2023-05-08,64.19,56.83,121.02,7.35,23.79,GLOBAL,Commerce,672.3600000000007
2023-05-09,16.94,56.79,73.73,-39.85,28.47,GLOBAL,Commerce,632.5100000000007
2023-05-10,65.38,44.88,110.26,20.5,18.71,GLOBAL,Commerce,653.0100000000007
2023-05-11,76.22,101.48,177.7,-25.26,20.9,GLOBAL,Commerce,627.7500000000007
2023-05-12,26.36,52.18,78.55,-25.82,23.11,GLOBAL,Commerce,601.9300000000006
2023-05-15,64.13,93.26,157.39,-29.14,23.78,GLOBAL,Commerce,572.7900000000006
2023-05-16,31.24,32.32,63.56,-1.07,21.99,GLOBAL,Commerce,571.7200000000006
2023-05-17,78.36,48.9,127.26,29.47,35.97,GLOBAL,Commerce,601.1900000000006
2023-05-18,52.21,90.71,142.92,-38.5,16.52,GLOBAL,Commerce,562.6900000000006
2023-05-19,39.42,84.18,123.6,-44.76,19.46,GLOBAL,Commerce,517.9300000000006
2023-05-22,29.18,77.19,106.37,-48.01,14.38,GLOBAL,Commerce,469.92000000000064
2023-05-23,16.67,23.01,39.69,-6.34,16.28,GLOBAL,Commerce,463.58000000000067
2023-05-24,34.4,46.61,81.0,-12.21,25.86,GLOBAL,Commerce,451.3700000000007
2023-05-25,29.59,15.26,44.85,14.33,28.97,GLOBAL,Commerce,465.70000000000067
2023-05-26,168.17,49.35,217.52,118.81,24.38,GLOBAL,Commerce,584.5100000000007
2023-05-29,102.86,37.22,140.07,65.64,28.91,GLOBAL,Commerce,650.1500000000007
2023-05-30,16.93,12.23,29.16,4.71,38.73,GLOBAL,Commerce,654.8600000000007
2023-05-31,19.01,55.62,74.64,-36.61,28.27,GLOBAL,Commerce,618.2500000000007
2023-06-01,12.08,18.61,30.69,-6.53,25.34,GLOBAL,Commerce,611.7200000000007
2023-06-02,33.5,33.77,67.26,-0.27,22.36,GLOBAL,Commerce,611.4500000000007
2023-06-06,58.61,85.55,144.16,-26.94,25.58,GLOBAL,Commerce,584.5100000000007
2023-06-07,53.43,52.03,105.45,1.4,15.33,GLOBAL,Commerce,585.9100000000007
2023-06-08,38.26,52.31,90.57,-14.05,22.1,GLOBAL,Commerce,571.8600000000007
2023-06-09,26.67,24.9,51.57,1.78,19.94,GLOBAL,Commerce,573.6400000000007
2023-06-12,10.98,22.74,33.71,-11.76,37.12,GLOBAL,Commerce,561.8800000000007
2023-06-13,18.4,90.42,108.81,-72.02,28.72,GLOBAL,Commerce,489.8600000000007
2023-06-14,28.09,14.21,42.29,13.88,22.13,GLOBAL,Commerce,503.7400000000007
2023-06-15,10.48,10.07,20.55,0.41,26.56,GLOBAL,Commerce,504.1500000000007
2023-06-16,80.16,38.61,118.77,41.56,21.9,GLOBAL,Commerce,545.7100000000007
2023-06-19,22.27,9.16,31.43,13.1,28.24,GLOBAL,Commerce,558.8100000000007
2023-06-20,34.3,14.4,48.71,19.9,38.25,GLOBAL,Commerce,578.7100000000007
2023-06-21,22.44,61.82,84.27,-39.38,33.68,GLOBAL,Commerce,539.3300000000007
2023-06-22,43.1,21.92,65.02,21.19,15.78,GLOBAL,Commerce,560.5200000000008
2023-06-23,26.35,10.94,37.28,15.41,21.79,GLOBAL,Commerce,575.9300000000007
2023-06-26,14.3,16.99,31.28,-2.69,24.02,GLOBAL,Commerce,573.2400000000007
2023-06-27,7.19,10.61,17.8,-3.42,21.43,GLOBAL,Commerce,569.8200000000007
2023-06-28,104.72,100.23,204.95,4.49,27.52,GLOBAL,Commerce,574.3100000000007
2023-06-29,78.57,53.65,132.22,24.93,25.66,GLOBAL,Commerce,599.2400000000007
2023-06-30,43.43,13.07,56.5,30.36,20.2,GLOBAL,Commerce,629.6000000000007
2023-07-03,12.06,12.79,24.85,-0.73,20.43,GLOBAL,Commerce,628.8700000000007
2023-07-04,37.48,25.93,63.41,11.55,18.74,GLOBAL,Commerce,640.4200000000006
2023-07-05,12.01,26.62,38.64,-14.61,29.25,GLOBAL,Commerce,625.8100000000006
2023-07-06,48.84,80.8,129.64,-31.96,20.51,GLOBAL,Commerce,593.8500000000006
2023-07-07,50.38,43.5,93.88,6.88,28.06,GLOBAL,Commerce,600.7300000000006
2023-07-10,50.37,22.48,72.86,27.89,29.44,GLOBAL,Commerce,628.6200000000006
2023-07-11,39.85,15.84,55.69,24.01,27.24,GLOBAL,Commerce,652.6300000000006
2023-07-12,39.7,17.85,57.55,21.85,22.85,GLOBAL,Commerce,674.4800000000006
2023-07-13,27.77,20.81,48.58,6.96,32.51,GLOBAL,Commerce,681.4400000000006
2023-07-14,29.62,45.88,75.5,-16.26,21.19,GLOBAL,Commerce,665.1800000000006
2023-07-17,27.86,44.15,72.01,-16.29,25.4,GLOBAL,Commerce,648.8900000000007
2023-07-18,15.76,27.05,42.81,-11.28,25.5,GLOBAL,Commerce,637.6100000000007
2023-07-19,27.58,22.66,50.24,4.92,24.57,GLOBAL,Commerce,642.5300000000007
2023-07-20,49.5,23.19,72.7,26.31,30.9,GLOBAL,Commerce,668.8400000000006
2023-07-21,28.5,6.44,34.94,22.06,25.01,GLOBAL,Commerce,690.9000000000005
2023-07-24,16.6,25.24,41.84,-8.64,18.04,GLOBAL,Commerce,682.2600000000006
2023-07-25,31.8,30.56,62.36,1.23,21.96,GLOBAL,Commerce,683.4900000000006
2023-07-26,34.0,47.54,81.55,-13.54,15.66,GLOBAL,Commerce,669.9500000000006
2023-07-27,56.74,60.55,117.29,-3.81,14.69,GLOBAL,Commerce,666.1400000000007
2023-07-31,9.01,5.5,14.51,3.52,19.24,GLOBAL,Commerce,669.6600000000007
2023-08-02,25.16,107.54,132.7,-82.38,23.33,GLOBAL,Commerce,587.2800000000007
2023-08-03,24.76,103.24,128.0,-78.47,20.64,GLOBAL,Commerce,508.8100000000006
2023-08-04,39.28,77.14,116.43,-37.86,33.11,GLOBAL,Commerce,470.9500000000006
2023-08-07,31.05,63.82,94.87,-32.77,30.89,GLOBAL,Commerce,438.18000000000063
2023-08-08,16.13,33.38,49.51,-17.25,21.05,GLOBAL,Commerce,420.93000000000063
2023-08-09,42.6,21.06,63.67,21.54,21.63,GLOBAL,Commerce,442.47000000000065
2023-08-10,7.19,21.73,28.93,-14.54,24.7,GLOBAL,Commerce,427.93000000000063
2023-08-11,9.17,35.28,44.45,-26.11,18.83,GLOBAL,Commerce,401.8200000000006
2023-08-15,5.71,30.17,35.88,-24.46,17.98,GLOBAL,Commerce,377.36000000000064
2023-08-16,11.43,31.89,43.32,-20.46,29.23,GLOBAL,Commerce,356.90000000000066
2023-08-17,90.95,94.94,185.89,-3.99,26.29,GLOBAL,Commerce,352.91000000000065
2023-08-18,63.88,104.27,168.15,-40.39,19.88,GLOBAL,Commerce,312.52000000000066
2023-08-21,26.98,92.07,119.05,-65.08,18.78,GLOBAL,Commerce,247.44000000000068
2023-08-22,35.18,90.18,125.36,-55.0,19.78,GLOBAL,Commerce,192.44000000000068
2023-08-23,56.34,27.47,83.82,28.87,18.83,GLOBAL,Commerce,221.31000000000068
2023-08-24,15.58,10.7,26.28,4.88,11.89,GLOBAL,Commerce,226.19000000000068
2023-08-25,21.47,21.45,42.91,0.02,16.24,GLOBAL,Commerce,226.2100000000007
2023-08-28,19.27,11.08,30.35,8.18,19.66,GLOBAL,Commerce,234.3900000000007
2023-08-29,58.92,20.45,79.37,38.47,27.87,GLOBAL,Commerce,272.8600000000007
2023-08-30,56.06,39.19,95.26,16.87,12.09,GLOBAL,Commerce,289.7300000000007
2023-08-31,27.58,50.64,78.22,-23.06,31.22,GLOBAL,Commerce,266.6700000000007
2023-09-01,20.31,19.56,39.87,0.76,11.89,GLOBAL,Commerce,267.4300000000007
2023-09-04,19.6,23.63,43.23,-4.02,18.2,GLOBAL,Commerce,263.4100000000007
2023-09-05,23.05,34.5,57.55,-11.45,18.78,GLOBAL,Commerce,251.96000000000072
2023-09-06,8.73,22.06,30.8,-13.33,18.6,GLOBAL,Commerce,238.6300000000007
2023-09-07,4.6,4.64,9.25,-0.04,5.87,GLOBAL,Commerce,238.5900000000007
2023-09-08,6.45,39.16,45.61,-32.7,20.42,GLOBAL,Commerce,205.89000000000073
2023-09-11,33.29,45.3,78.59,-12.01,15.09,GLOBAL,Commerce,193.88000000000073
2023-09-12,19.23,37.74,56.97,-18.52,25.93,GLOBAL,Commerce,175.36000000000072
2023-09-13,61.14,42.11,103.25,19.03,27.0,GLOBAL,Commerce,194.39000000000073
2023-09-14,74.0,19.64,93.65,54.36,28.48,GLOBAL,Commerce,248.75000000000074
2023-09-15,171.55,132.55,304.1,39.0,63.32,GLOBAL,Commerce,287.75000000000074
2023-09-18,24.61,7.7,32.31,16.91,22.25,GLOBAL,Commerce,304.66000000000076
2023-09-19,31.61,23.12,54.73,8.49,23.92,GLOBAL,Commerce,313.1500000000008
2023-09-20,56.88,20.26,77.14,36.63,18.62,GLOBAL,Commerce,349.78000000000077
2023-09-21,60.89,84.74,145.63,-23.84,23.48,GLOBAL,Commerce,325.9400000000008
2023-09-22,7.88,10.58,18.46,-2.71,16.69,GLOBAL,Commerce,323.2300000000008
2023-09-25,11.83,24.09,35.92,-12.26,20.34,GLOBAL,Commerce,310.9700000000008
2023-09-26,24.76,33.65,58.41,-8.89,16.37,GLOBAL,Commerce,302.08000000000084
2023-09-27,21.54,24.14,45.68,-2.6,17.25,GLOBAL,Commerce,299.4800000000008
2023-09-28,97.46,41.06,138.52,56.4,26.48,GLOBAL,Commerce,355.8800000000008
2023-09-29,79.26,24.79,104.05,54.46,19.34,GLOBAL,Commerce,410.34000000000077
2023-10-02,56.22,30.18,86.4,26.03,22.27,GLOBAL,Commerce,436.3700000000008
2023-10-03,44.42,75.35,119.77,-30.92,35.76,GLOBAL,Commerce,405.4500000000008
2023-10-04,29.55,45.31,74.85,-15.76,26.34,GLOBAL,Commerce,389.6900000000008
2023-10-05,19.85,21.12,40.97,-1.27,19.59,GLOBAL,Commerce,388.4200000000008
2023-10-06,19.33,15.6,34.93,3.73,24.93,GLOBAL,Commerce,392.15000000000083
2023-10-09,50.74,54.27,105.01,-3.54,37.89,GLOBAL,Commerce,388.6100000000008
2023-10-10,37.12,118.84,155.96,-81.71,30.98,GLOBAL,Commerce,306.90000000000083
2023-10-11,51.46,64.91,116.38,-13.45,42.12,GLOBAL,Commerce,293.45000000000084
2023-10-12,7.86,13.14,21.01,-5.28,21.22,GLOBAL,Commerce,288.17000000000087
2023-10-16,70.58,75.88,146.46,-5.3,25.05,GLOBAL,Commerce,282.87000000000086
2023-10-17,27.29,39.94,67.23,-12.65,26.2,GLOBAL,Commerce,270.2200000000009
2023-10-18,33.83,59.55,93.38,-25.72,35.52,GLOBAL,Commerce,244.50000000000088
2023-10-19,19.43,23.91,43.34,-4.47,26.28,GLOBAL,Commerce,240.03000000000088
2023-10-20,20.65,25.81,46.46,-5.15,26.19,GLOBAL,Commerce,234.88000000000088
2023-10-24,16.39,17.96,34.34,-1.57,19.68,GLOBAL,Commerce,233.31000000000088
2023-10-25,28.17,27.91,56.08,0.26,15.22,GLOBAL,Commerce,233.57000000000087
2023-10-26,10.94,37.77,48.71,-26.83,16.29,GLOBAL,Commerce,206.74000000000086
2023-10-27,16.87,27.65,44.51,-10.78,24.49,GLOBAL,Commerce,195.96000000000086
2023-10-30,20.23,32.43,52.67,-12.2,21.38,GLOBAL,Commerce,183.76000000000087
2023-10-31,15.07,43.84,58.91,-28.77,16.69,GLOBAL,Commerce,154.99000000000086
2023-11-01,30.22,61.8,92.02,-31.59,19.03,GLOBAL,Commerce,123.40000000000086
2023-11-02,55.32,72.53,127.85,-17.2,22.11,GLOBAL,Commerce,106.20000000000086
2023-11-03,7.56,104.98,112.54,-97.42,18.27,GLOBAL,Commerce,8.780000000000854
2023-11-06,18.69,70.88,89.56,-52.19,20.6,GLOBAL,Commerce,-43.409999999999144
2023-11-07,58.97,69.26,128.23,-10.29,39.4,GLOBAL,Commerce,-53.69999999999914
2023-11-08,28.21,30.38,58.59,-2.17,8.43,GLOBAL,Commerce,-55.869999999999145
2023-11-09,29.74,117.41,147.15,-87.66,19.92,GLOBAL,Commerce,-143.52999999999915
2023-11-10,24.15,122.51,146.66,-98.37,15.32,GLOBAL,Commerce,-241.89999999999915
2023-11-13,33.32,72.08,105.4,-38.75,18.62,GLOBAL,Commerce,-280.6499999999992
2023-11-14,26.34,64.38,90.72,-38.04,26.93,GLOBAL,Commerce,-318.6899999999992
2023-11-15,28.44,23.97,52.41,4.48,13.44,GLOBAL,Commerce,-314.2099999999992
2023-11-16,14.62,59.12,73.75,-44.5,42.64,GLOBAL,Commerce,-358.7099999999992
2023-11-17,56.05,81.71,137.76,-25.66,41.41,GLOBAL,Commerce,-384.3699999999992
2023-11-20,9.1,8.33,17.43,0.78,27.65,GLOBAL,Commerce,-383.58999999999924
2023-11-21,27.04,56.02,83.07,-28.98,15.34,GLOBAL,Commerce,-412.56999999999925
2023-11-22,14.81,26.88,41.69,-12.06,11.71,GLOBAL,Commerce,-424.62999999999926
2023-11-23,26.77,7.58,34.35,19.18,16.96,GLOBAL,Commerce,-405.44999999999925
2023-11-24,16.77,26.58,43.35,-9.81,34.21,GLOBAL,Commerce,-415.25999999999925
2023-11-27,62.78,62.4,125.18,0.38,37.71,GLOBAL,Commerce,-414.87999999999926
2023-11-28,38.81,39.13,77.94,-0.32,24.22,GLOBAL,Commerce,-415.19999999999925
2023-11-29,53.38,22.89,76.26,30.49,21.52,GLOBAL,Commerce,-384.70999999999924
2023-11-30,129.67,22.75,152.43,106.92,23.09,GLOBAL,Commerce,-277.7899999999992
2023-12-01,17.8,31.99,49.79,-14.2,18.68,GLOBAL,Commerce,-291.9899999999992
2023-12-04,81.03,54.64,135.67,26.39,32.39,GLOBAL,Commerce,-265.5999999999992
2023-12-06,34.49,27.02,61.5,7.47,22.31,GLOBAL,Commerce,-258.1299999999992
2023-12-07,12.48,24.6,37.08,-12.12,33.94,GLOBAL,Commerce,-270.2499999999992
2023-12-08,20.24,35.01,55.25,-14.77,32.87,GLOBAL,Commerce,-285.0199999999992
2023-12-12,9.19,14.32,23.5,-5.13,24.56,GLOBAL,Commerce,-290.1499999999992
2023-12-13,12.48,18.52,31.0,-6.04,18.94,GLOBAL,Commerce,-296.1899999999992
2023-12-14,21.91,85.42,107.33,-63.5,31.63,GLOBAL,Commerce,-359.6899999999992
2023-12-15,34.67,61.9,96.57,-27.24,16.95,GLOBAL,Commerce,-386.9299999999992
2023-12-18,5.87,58.36,64.23,-52.5,12.82,GLOBAL,Commerce,-439.4299999999992
2023-12-19,7.83,28.07,35.91,-20.24,17.52,GLOBAL,Commerce,-459.6699999999992
2023-12-20,10.32,11.94,22.26,-1.62,15.91,GLOBAL,Commerce,-461.2899999999992
2023-12-21,14.75,6.86,21.62,7.89,16.44,GLOBAL,Commerce,-453.39999999999924
2023-12-22,40.77,29.63,70.41,11.14,20.09,GLOBAL,Commerce,-442.25999999999925
2023-12-25,0.72,1.5,2.22,-0.78,5.44,GLOBAL,Commerce,-443.0399999999992
2023-12-26,15.92,41.68,57.6,-25.76,32.43,GLOBAL,Commerce,-468.7999999999992
2023-12-27,34.81,107.59,142.41,-72.78,43.14,GLOBAL,Commerce,-541.5799999999992
2023-12-28,23.38,47.84,71.22,-24.46,40.98,GLOBAL,Commerce,-566.0399999999993
2024-01-02,54.72,15.67,70.39,39.05,16.8,GLOBAL,Commerce,-526.9899999999993
2024-01-03,47.14,51.48,98.63,-4.34,14.62,GLOBAL,Commerce,-531.3299999999994
2024-01-04,35.69,17.97,53.66,17.72,10.92,GLOBAL,Commerce,-513.6099999999993
2024-01-05,21.39,20.82,42.21,0.57,19.03,GLOBAL,Commerce,-513.0399999999993
2024-01-08,5.1,10.91,16.01,-5.8,20.2,GLOBAL,Commerce,-518.8399999999992
2024-01-09,40.27,19.63,59.9,20.65,30.15,GLOBAL,Commerce,-498.18999999999926
2024-01-10,27.02,11.42,38.44,15.61,31.88,GLOBAL,Commerce,-482.57999999999925
2024-01-11,42.02,45.77,87.79,-3.74,22.54,GLOBAL,Commerce,-486.31999999999925
2024-01-12,50.71,14.75,65.46,35.96,27.52,GLOBAL,Commerce,-450.3599999999993
2024-01-15,14.35,8.5,22.85,5.85,38.4,GLOBAL,Commerce,-444.50999999999925
2024-01-16,15.86,12.15,28.01,3.71,35.22,GLOBAL,Commerce,-440.7999999999993
2024-01-17,7.06,24.72,31.77,-17.66,18.71,GLOBAL,Commerce,-458.4599999999993
2024-01-18,16.78,27.4,44.18,-10.62,27.8,GLOBAL,Commerce,-469.0799999999993
2024-01-19,58.52,17.08,75.6,41.43,20.98,GLOBAL,Commerce,-427.6499999999993
2024-01-22,51.41,16.84,68.25,34.56,36.27,GLOBAL,Commerce,-393.0899999999993
2024-01-23,34.47,20.0,54.47,14.46,30.33,GLOBAL,Commerce,-378.6299999999993
2024-01-24,28.09,43.16,71.25,-15.07,21.11,GLOBAL,Commerce,-393.6999999999993
2024-01-25,10.32,11.28,21.61,-0.96,19.56,GLOBAL,Commerce,-394.6599999999993
2024-01-26,23.38,25.74,49.11,-2.36,25.57,GLOBAL,Commerce,-397.0199999999993
2024-01-29,15.56,12.23,27.79,3.33,20.61,GLOBAL,Commerce,-393.6899999999993
2024-01-30,8.19,29.0,37.19,-20.81,30.02,GLOBAL,Commerce,-414.4999999999993
2024-01-31,7.53,23.48,31.01,-15.95,23.47,GLOBAL,Commerce,-430.4499999999993
2024-02-01,12.62,12.06,24.69,0.56,22.43,GLOBAL,Commerce,-429.8899999999993
2024-02-02,29.35,49.21,78.56,-19.85,18.19,GLOBAL,Commerce,-449.7399999999993
2024-02-05,12.88,16.18,29.06,-3.3,23.09,GLOBAL,Commerce,-453.03999999999934
2024-02-06,14.71,16.03,30.74,-1.32,27.02,GLOBAL,Commerce,-454.35999999999933
2024-02-07,6.54,17.11,23.65,-10.58,28.3,GLOBAL,Commerce,-464.9399999999993
2024-02-08,15.4,13.01,28.42,2.39,32.85,GLOBAL,Commerce,-462.54999999999933
2024-02-09,9.93,11.97,21.89,-2.04,33.43,GLOBAL,Commerce,-464.58999999999935
2024-02-12,50.75,51.06,101.81,-0.31,23.42,GLOBAL,Commerce,-464.89999999999935
2024-02-13,37.82,33.68,71.49,4.14,35.78,GLOBAL,Commerce,-460.75999999999937
2024-02-14,30.1,16.88,46.98,13.21,22.4,GLOBAL,Commerce,-447.5499999999994
2024-02-15,44.76,23.73,68.49,21.03,12.39,GLOBAL,Commerce,-426.5199999999994
2024-02-16,13.47,18.37,31.83,-4.9,15.97,GLOBAL,Commerce,-431.4199999999994
2024-02-19,17.26,26.26,43.52,-9.0,39.21,GLOBAL,Commerce,-440.4199999999994
2024-02-20,33.09,25.62,58.71,7.47,32.12,GLOBAL,Commerce,-432.94999999999936
2024-02-21,75.82,56.83,132.65,19.0,28.21,GLOBAL,Commerce,-413.94999999999936
2024-02-22,19.58,28.84,48.42,-9.26,34.5,GLOBAL,Commerce,-423.20999999999935
2024-02-23,18.48,34.26,52.73,-15.78,20.45,GLOBAL,Commerce,-438.9899999999993
2024-02-27,25.06,37.7,62.77,-12.64,25.57,GLOBAL,Commerce,-451.6299999999993
2024-02-28,66.7,37.5,104.2,29.2,14.2,GLOBAL,Commerce,-422.4299999999993
2024-02-29,385.29,378.02,763.32,7.27,61.76,GLOBAL,Commerce,-415.15999999999934
2024-03-01,62.02,41.5,103.53,20.52,33.27,GLOBAL,Commerce,-394.63999999999936
2024-03-04,21.15,12.56,33.71,8.59,13.82,GLOBAL,Commerce,-386.0499999999994
2024-03-05,55.74,38.19,93.94,17.55,30.85,GLOBAL,Commerce,-368.4999999999994
2024-03-06,57.12,52.97,110.1,4.15,21.66,GLOBAL,Commerce,-364.3499999999994
2024-03-07,14.88,14.05,28.94,0.83,48.04,GLOBAL,Commerce,-363.5199999999994
2024-03-08,15.39,15.55,30.94,-0.16,25.46,GLOBAL,Commerce,-363.67999999999944
2024-03-11,8.4,3.78,12.18,4.61,19.44,GLOBAL,Commerce,-359.0699999999994
2024-03-12,6.85,4.54,11.38,2.31,17.73,GLOBAL,Commerce,-356.7599999999994
2024-03-13,17.37,15.78,33.15,1.59,18.06,GLOBAL,Commerce,-355.16999999999945
2024-03-14,7.9,21.77,29.67,-13.86,20.39,GLOBAL,Commerce,-369.02999999999946
2024-03-15,36.73,27.66,64.4,9.07,12.98,GLOBAL,Commerce,-359.95999999999947
2024-03-18,16.92,24.93,41.85,-8.01,15.66,GLOBAL,Commerce,-367.96999999999946
2024-03-19,4.92,14.65,19.57,-9.73,21.92,GLOBAL,Commerce,-377.6999999999995
2024-03-20,3.54,18.87,22.41,-15.33,11.56,GLOBAL,Commerce,-393.02999999999946
2024-03-21,16.96,7.42,24.38,9.54,14.32,GLOBAL,Commerce,-383.48999999999944
2024-03-22,17.23,11.83,29.07,5.4,13.9,GLOBAL,Commerce,-378.08999999999946
2024-03-25,78.05,27.52,105.57,50.53,26.02,GLOBAL,Commerce,-327.5599999999995
2024-03-26,13.72,9.07,22.79,4.66,13.24,GLOBAL,Commerce,-322.89999999999947
2024-03-27,58.1,19.91,78.02,38.19,21.47,GLOBAL,Commerce,-284.70999999999947
2024-03-28,11.76,35.82,47.57,-24.06,19.01,GLOBAL,Commerce,-308.76999999999947
2024-03-29,4.06,8.7,12.76,-4.65,17.12,GLOBAL,Commerce,-313.41999999999945
2024-04-01,10.55,11.78,22.32,-1.23,22.09,GLOBAL,Commerce,-314.64999999999947
2024-04-02,4.09,6.77,10.86,-2.68,12.58,GLOBAL,Commerce,-317.3299999999995
2024-04-03,5.03,6.84,11.87,-1.81,17.92,GLOBAL,Commerce,-319.1399999999995
2024-04-04,8.54,4.0,12.54,4.54,13.42,GLOBAL,Commerce,-314.59999999999945
2024-04-05,10.83,11.53,22.36,-0.69,13.96,GLOBAL,Commerce,-315.28999999999945
2024-04-09,20.82,19.69,40.51,1.13,25.63,GLOBAL,Commerce,-314.15999999999946
2024-04-10,40.21,20.54,60.75,19.67,20.49,GLOBAL,Commerce,-294.48999999999944
2024-04-11,6.35,19.45,25.8,-13.09,15.31,GLOBAL,Commerce,-307.5799999999994
2024-04-17,8.66,37.99,46.66,-29.33,18.28,GLOBAL,Commerce,-336.9099999999994
2024-04-18,38.48,29.8,68.28,8.69,22.13,GLOBAL,Commerce,-328.2199999999994
2024-04-19,21.9,33.24,55.15,-11.34,26.12,GLOBAL,Commerce,-339.5599999999994
2024-04-22,3.9,11.2,15.1,-7.3,18.37,GLOBAL,Commerce,-346.8599999999994
2024-04-23,11.06,15.52,26.58,-4.45,29.36,GLOBAL,Commerce,-351.3099999999994
2024-04-24,5.25,10.05,15.3,-4.8,13.24,GLOBAL,Commerce,-356.1099999999994
2024-04-25,7.33,14.22,21.55,-6.89,9.89,GLOBAL,Commerce,-362.9999999999994
2024-04-26,37.11,29.59,66.7,7.53,16.51,GLOBAL,Commerce,-355.4699999999994
2024-04-29,17.84,15.31,33.14,2.53,16.51,GLOBAL,Commerce,-352.93999999999943
2024-04-30,10.46,9.0,19.45,1.46,9.14,GLOBAL,Commerce,-351.47999999999945
2024-05-02,17.82,18.68,36.5,-0.86,19.54,GLOBAL,Commerce,-352.33999999999946
2024-05-03,16.08,16.81,32.9,-0.73,21.8,GLOBAL,Commerce,-353.0699999999995
2024-05-07,12.34,12.81,25.15,-0.47,18.74,GLOBAL,Commerce,-353.5399999999995
2024-05-08,35.85,26.5,62.35,9.35,21.91,GLOBAL,Commerce,-344.1899999999995
2024-05-09,13.06,8.08,21.15,4.98,22.23,GLOBAL,Commerce,-339.20999999999947
2024-05-10,14.14,11.07,25.21,3.06,25.8,GLOBAL,Commerce,-336.14999999999947
2024-05-13,13.42,16.0,29.43,-2.58,14.77,GLOBAL,Commerce,-338.72999999999945
2024-05-14,64.99,18.68,83.66,46.31,14.46,GLOBAL,Commerce,-292.41999999999945
2024-05-15,10.63,18.74,29.36,-8.11,16.38,GLOBAL,Commerce,-300.52999999999946
2024-05-16,28.38,15.11,43.49,13.26,17.06,GLOBAL,Commerce,-287.26999999999947
2024-05-17,11.84,11.79,23.63,0.05,13.92,GLOBAL,Commerce,-287.21999999999946
2024-05-20,7.37,12.14,19.51,-4.77,17.22,GLOBAL,Commerce,-291.98999999999944
2024-05-21,15.67,20.71,36.37,-5.04,15.69,GLOBAL,Commerce,-297.02999999999946
2024-05-23,45.49,40.0,85.49,5.49,20.81,GLOBAL,Commerce,-291.53999999999945
2024-05-24,16.33,9.78,26.1,6.55,15.05,GLOBAL,Commerce,-284.98999999999944
2024-05-27,13.22,20.16,33.37,-6.94,17.16,GLOBAL,Commerce,-291.92999999999944
2024-05-28,27.36,18.18,45.54,9.18,30.31,GLOBAL,Commerce,-282.74999999999943
2024-05-29,21.98,17.9,39.88,4.08,26.91,GLOBAL,Commerce,-278.66999999999945
2024-05-30,89.33,46.85,136.18,42.47,24.08,GLOBAL,Commerce,-236.19999999999945
2024-05-31,25.06,21.81,46.87,3.26,27.38,GLOBAL,Commerce,-232.93999999999946
2024-06-04,29.23,33.44,62.68,-4.21,29.43,GLOBAL,Commerce,-237.14999999999947
2024-06-05,28.86,37.21,66.08,-8.35,25.26,GLOBAL,Commerce,-245.49999999999946
2024-06-06,19.34,39.16,58.5,-19.82,17.92,GLOBAL,Commerce,-265.3199999999995
2024-06-07,27.03,31.47,58.5,-4.44,22.75,GLOBAL,Commerce,-269.7599999999995
2024-06-10,54.52,37.41,91.93,17.1,22.53,GLOBAL,Commerce,-252.65999999999948
2024-06-11,17.18,23.18,40.36,-6.01,20.64,GLOBAL,Commerce,-258.6699999999995
2024-06-12,17.91,40.6,58.52,-22.69,26.38,GLOBAL,Commerce,-281.3599999999995
2024-06-13,9.29,14.81,24.1,-5.53,14.44,GLOBAL,Commerce,-286.8899999999995
2024-06-14,51.31,37.94,89.26,13.37,18.02,GLOBAL,Commerce,-273.51999999999947
2024-06-17,14.24,22.32,36.57,-8.08,27.48,GLOBAL,Commerce,-281.59999999999945
2024-06-18,14.29,23.59,37.87,-9.3,19.27,GLOBAL,Commerce,-290.89999999999947
2024-06-19,18.62,37.9,56.51,-19.28,31.88,GLOBAL,Commerce,-310.1799999999995
2024-06-20,17.45,18.28,35.74,-0.83,19.78,GLOBAL,Commerce,-311.0099999999995
2024-06-21,18.04,17.98,36.01,0.06,29.76,GLOBAL,Commerce,-310.9499999999995
2024-06-24,10.94,3.63,14.58,7.31,15.16,GLOBAL,Commerce,-303.6399999999995
2024-06-25,14.83,15.92,30.75,-1.09,31.12,GLOBAL,Commerce,-304.72999999999945
2024-06-26,8.86,17.84,26.71,-8.98,35.7,GLOBAL,Commerce,-313.70999999999947
2024-06-27,17.6,15.26,32.86,2.34,43.25,GLOBAL,Commerce,-311.3699999999995
2024-06-28,56.37,38.95,95.32,17.42,35.53,GLOBAL,Commerce,-293.9499999999995
2024-07-01,24.52,42.45,66.97,-17.93,28.79,GLOBAL,Commerce,-311.8799999999995
2024-07-02,14.7,19.58,34.28,-4.88,13.64,GLOBAL,Commerce,-316.7599999999995
2024-07-03,22.09,15.13,37.22,6.96,24.68,GLOBAL,Commerce,-309.7999999999995
2024-07-04,29.68,26.54,56.23,3.14,20.18,GLOBAL,Commerce,-306.6599999999995
2024-07-05,20.13,22.7,42.83,-2.57,26.0,GLOBAL,Commerce,-309.2299999999995
2024-07-08,37.6,48.14,85.74,-10.55,62.82,GLOBAL,Commerce,-319.7799999999995
2024-07-09,30.7,54.63,85.33,-23.93,37.56,GLOBAL,Commerce,-343.7099999999995
2024-07-10,17.04,37.83,54.87,-20.79,21.09,GLOBAL,Commerce,-364.49999999999955
2024-07-11,27.76,28.99,56.76,-1.23,25.52,GLOBAL,Commerce,-365.72999999999956
2024-07-12,22.08,9.13,31.21,12.95,24.14,GLOBAL,Commerce,-352.7799999999996
2024-07-15,22.53,14.45,36.98,8.08,31.32,GLOBAL,Commerce,-344.6999999999996
2024-07-16,19.19,12.68,31.87,6.51,21.93,GLOBAL,Commerce,-338.1899999999996
2024-07-17,27.35,37.95,65.29,-10.6,29.25,GLOBAL,Commerce,-348.7899999999996
2024-07-18,15.68,5.32,21.0,10.36,26.22,GLOBAL,Commerce,-338.4299999999996
2024-07-19,23.8,7.07,30.87,16.73,24.71,GLOBAL,Commerce,-321.6999999999996
2024-07-23,22.26,17.11,39.36,5.15,24.98,GLOBAL,Commerce,-316.5499999999996
2024-07-24,14.67,18.66,33.33,-3.99,20.28,GLOBAL,Commerce,-320.5399999999996
2024-07-25,36.56,30.96,67.52,5.6,21.18,GLOBAL,Commerce,-314.9399999999996
2024-07-26,64.11,30.45,94.56,33.66,42.32,GLOBAL,Commerce,-281.27999999999963
2024-07-30,16.33,37.47,53.79,-21.14,30.03,GLOBAL,Commerce,-302.4199999999996
2024-07-31,23.91,51.38,75.28,-27.47,30.79,GLOBAL,Commerce,-329.88999999999965
2024-08-01,10.67,11.04,21.71,-0.37,17.8,GLOBAL,Commerce,-330.25999999999965
2024-08-02,13.81,12.8,26.62,1.01,18.47,GLOBAL,Commerce,-329.24999999999966
2024-08-05,48.97,51.02,100.0,-2.05,25.29,GLOBAL,Commerce,-331.29999999999967
2024-08-06,17.56,34.71,52.27,-17.15,29.21,GLOBAL,Commerce,-348.44999999999965
2024-08-07,137.12,68.88,205.99,68.24,24.4,GLOBAL,Commerce,-280.20999999999964
2024-08-08,16.65,35.45,52.1,-18.79,21.6,GLOBAL,Commerce,-298.99999999999966
2024-08-09,20.42,45.15,65.56,-24.73,27.06,GLOBAL,Commerce,-323.7299999999997
2024-08-13,16.77,42.74,59.51,-25.97,28.82,GLOBAL,Commerce,-349.6999999999997
2024-08-14,18.92,16.76,35.68,2.16,23.29,GLOBAL,Commerce,-347.5399999999997
2024-08-15,63.98,50.1,114.08,13.88,33.94,GLOBAL,Commerce,-333.6599999999997
2024-08-16,53.09,127.31,180.4,-74.22,29.96,GLOBAL,Commerce,-407.87999999999965
2024-08-19,43.58,39.72,83.3,3.86,22.98,GLOBAL,Commerce,-404.01999999999964
2024-08-20,12.45,30.7,43.15,-18.26,18.72,GLOBAL,Commerce,-422.27999999999963
2024-08-21,17.53,12.87,30.4,4.67,20.7,GLOBAL,Commerce,-417.6099999999996
2024-08-22,6.87,9.29,16.16,-2.42,24.51,GLOBAL,Commerce,-420.02999999999963
2024-08-23,7.56,33.36,40.92,-25.79,12.5,GLOBAL,Commerce,-445.81999999999965
2024-08-26,21.15,29.76,50.91,-8.61,16.03,GLOBAL,Commerce,-454.42999999999967
2024-08-27,30.26,14.63,44.88,15.63,28.25,GLOBAL,Commerce,-438.79999999999967
2024-08-28,34.87,15.02,49.89,19.85,16.43,GLOBAL,Commerce,-418.94999999999965
2024-08-29,54.66,17.97,72.64,36.69,26.62,GLOBAL,Commerce,-382.25999999999965
2024-08-30,33.56,43.95,77.51,-10.38,29.3,GLOBAL,Commerce,-392.63999999999965
2024-09-02,15.52,5.61,21.13,9.91,24.06,GLOBAL,Commerce,-382.7299999999996
2024-09-03,20.98,28.12,49.1,-7.15,15.87,GLOBAL,Commerce,-389.8799999999996
2024-09-04,14.65,37.56,52.21,-22.91,19.93,GLOBAL,Commerce,-412.7899999999996
2024-09-05,31.46,19.59,51.05,11.87,13.65,GLOBAL,Commerce,-400.9199999999996
2024-09-06,75.81,29.22,105.03,46.6,18.85,GLOBAL,Commerce,-354.3199999999996
2024-09-09,42.04,39.27,81.31,2.76,19.02,GLOBAL,Commerce,-351.5599999999996
2024-09-10,25.29,33.73,59.01,-8.44,16.86,GLOBAL,Commerce,-359.9999999999996
2024-09-11,30.1,38.76,68.86,-8.65,23.28,GLOBAL,Commerce,-368.6499999999996
2024-09-12,34.06,12.95,47.01,21.1,21.56,GLOBAL,Commerce,-347.54999999999956
2024-09-13,18.38,27.07,45.46,-8.69,26.78,GLOBAL,Commerce,-356.23999999999955
2024-09-16,37.82,27.13,64.95,10.69,18.11,GLOBAL,Commerce,-345.54999999999956
2024-09-17,26.32,24.39,50.71,1.93,32.52,GLOBAL,Commerce,-343.61999999999955
2024-09-18,38.17,25.39,63.56,12.77,20.83,GLOBAL,Commerce,-330.84999999999957
2024-09-19,34.41,13.87,48.29,20.54,14.18,GLOBAL,Commerce,-310.30999999999955
2024-09-20,18.18,37.96,56.13,-19.78,21.33,GLOBAL,Commerce,-330.0899999999996
2024-09-23,13.39,30.37,43.77,-16.98,29.16,GLOBAL,Commerce,-347.0699999999996
2024-09-24,22.47,22.5,44.98,-0.03,15.87,GLOBAL,Commerce,-347.09999999999957
2024-09-25,38.85,35.53,74.39,3.32,23.71,GLOBAL,Commerce,-343.7799999999996
2024-09-26,26.66,26.42,53.08,0.23,16.99,GLOBAL,Commerce,-343.54999999999956
2024-09-27,5.33,21.13,26.46,-15.8,10.55,GLOBAL,Commerce,-359.34999999999957
2024-09-30,22.54,29.02,51.56,-6.48,14.07,GLOBAL,Commerce,-365.8299999999996
2024-10-01,53.13,84.02,137.15,-30.9,17.27,GLOBAL,Commerce,-396.72999999999956
2024-10-02,37.23,26.55,63.78,10.68,15.0,GLOBAL,Commerce,-386.04999999999956
2024-10-03,13.13,40.07,53.2,-26.94,16.19,GLOBAL,Commerce,-412.98999999999955
2024-10-04,35.68,28.06,63.74,7.62,23.31,GLOBAL,Commerce,-405.36999999999955
2024-10-07,57.45,64.31,121.77,-6.86,18.01,GLOBAL,Commerce,-412.22999999999956
2024-10-08,8.48,18.23,26.71,-9.74,6.15,GLOBAL,Commerce,-421.9699999999996
2024-10-09,46.54,12.24,58.78,34.29,16.95,GLOBAL,Commerce,-387.67999999999955
2024-10-10,15.2,13.21,28.41,1.99,20.33,GLOBAL,Commerce,-385.68999999999954
2024-10-11,28.95,19.83,48.78,9.12,16.86,GLOBAL,Commerce,-376.56999999999954
2024-10-15,7.22,28.32,35.54,-21.11,25.84,GLOBAL,Commerce,-397.67999999999955
2024-10-16,44.24,33.7,77.94,10.54,20.75,GLOBAL,Commerce,-387.13999999999953
2024-10-17,15.38,48.51,63.89,-33.13,22.47,GLOBAL,Commerce,-420.2699999999995
2024-10-18,16.9,12.99,29.89,3.91,18.9,GLOBAL,Commerce,-416.3599999999995
2024-10-21,4.24,12.96,17.2,-8.71,21.29,GLOBAL,Commerce,-425.0699999999995
2024-10-22,8.44,25.64,34.08,-17.2,21.44,GLOBAL,Commerce,-442.26999999999947
2024-10-24,11.01,21.56,32.57,-10.54,20.13,GLOBAL,Commerce,-452.8099999999995
2024-10-25,9.41,25.32,34.74,-15.91,17.92,GLOBAL,Commerce,-468.7199999999995
2024-10-28,17.45,7.17,24.62,10.29,14.04,GLOBAL,Commerce,-458.4299999999995
2024-10-29,51.42,32.09,83.51,19.32,17.89,GLOBAL,Commerce,-439.1099999999995
2024-10-30,3.66,18.94,22.6,-15.28,15.11,GLOBAL,Commerce,-454.3899999999995
2024-10-31,17.39,18.47,35.87,-1.08,26.15,GLOBAL,Commerce,-455.46999999999946
2024-11-01,4.89,15.88,20.77,-11.0,19.37,GLOBAL,Commerce,-466.46999999999946
2024-11-04,4.08,4.93,9.0,-0.85,21.09,GLOBAL,Commerce,-467.3199999999995
2024-11-05,25.87,19.73,45.6,6.14,14.16,GLOBAL,Commerce,-461.1799999999995
2024-11-06,23.67,19.75,43.41,3.92,17.82,GLOBAL,Commerce,-457.2599999999995
2024-11-07,12.12,16.98,29.1,-4.87,26.75,GLOBAL,Commerce,-462.1299999999995
2024-11-08,2.44,3.88,6.31,-1.44,17.3,GLOBAL,Commerce,-463.5699999999995
2024-11-11,6.89,6.33,13.21,0.56,18.39,GLOBAL,Commerce,-463.0099999999995
2024-11-12,3.23,13.49,16.71,-10.26,19.92,GLOBAL,Commerce,-473.26999999999947
2024-11-13,8.58,8.1,16.68,0.48,20.62,GLOBAL,Commerce,-472.78999999999945
2024-11-14,10.97,19.57,30.54,-8.61,19.3,GLOBAL,Commerce,-481.39999999999947
2024-11-15,30.79,8.82,39.6,21.97,18.17,GLOBAL,Commerce,-459.4299999999995
2024-11-18,27.14,13.14,40.28,14.0,18.14,GLOBAL,Commerce,-445.4299999999995
2024-11-19,26.44,17.38,43.82,9.06,20.92,GLOBAL,Commerce,-436.3699999999995
2024-11-20,10.17,12.96,23.13,-2.79,16.71,GLOBAL,Commerce,-439.1599999999995
2024-11-21,45.53,22.91,68.44,22.62,30.44,GLOBAL,Commerce,-416.5399999999995
2024-11-22,18.04,51.56,69.6,-33.52,30.58,GLOBAL,Commerce,-450.0599999999995
2024-11-25,38.66,34.98,73.64,3.69,32.2,GLOBAL,Commerce,-446.3699999999995
2024-11-26,17.08,18.66,35.74,-1.57,17.37,GLOBAL,Commerce,-447.9399999999995
2024-11-27,19.74,20.16,39.9,-0.41,28.04,GLOBAL,Commerce,-448.3499999999995
2024-11-28,12.64,14.64,27.27,-2.0,18.5,GLOBAL,Commerce,-450.3499999999995
2024-11-29,58.45,38.62,97.07,19.83,33.94,GLOBAL,Commerce,-430.5199999999995
2024-12-02,26.66,41.07,67.73,-14.42,45.52,GLOBAL,Commerce,-444.93999999999954
2024-12-03,14.24,35.24,49.48,-21.0,27.78,GLOBAL,Commerce,-465.93999999999954
2024-12-04,11.6,40.69,52.29,-29.1,27.04,GLOBAL,Commerce,-495.03999999999957
2024-12-06,33.02,32.99,66.01,0.02,14.85,GLOBAL,Commerce,-495.0199999999996
2024-12-09,10.34,21.79,32.13,-11.45,21.56,GLOBAL,Commerce,-506.4699999999996
2024-12-11,12.9,17.57,30.47,-4.66,20.56,GLOBAL,Commerce,-511.1299999999996
2024-12-12,1.99,17.57,19.56,-15.59,20.83,GLOBAL,Commerce,-526.7199999999996
2024-12-13,6.51,11.51,18.02,-5.0,18.26,GLOBAL,Commerce,-531.7199999999996
2024-12-16,14.55,9.6,24.15,4.95,16.49,GLOBAL,Commerce,-526.7699999999995
2024-12-17,24.08,24.62,48.7,-0.54,24.48,GLOBAL,Commerce,-527.3099999999995
2024-12-18,20.85,11.09,31.94,9.76,16.46,GLOBAL,Commerce,-517.5499999999995
2024-12-19,8.97,17.4,26.36,-8.43,13.17,GLOBAL,Commerce,-525.9799999999994
2024-12-20,52.36,80.94,133.3,-28.57,43.87,GLOBAL,Commerce,-554.5499999999995
2024-12-23,51.72,82.83,134.55,-31.11,34.64,GLOBAL,Commerce,-585.6599999999995
2024-12-24,63.29,118.07,181.36,-54.78,47.33,GLOBAL,Commerce,-640.4399999999995
2024-12-25,28.37,20.66,49.02,7.71,20.23,GLOBAL,Commerce,-632.7299999999994
2024-12-26,8.86,5.75,14.61,3.11,16.11,GLOBAL,Commerce,-629.6199999999994
2024-12-27,41.34,25.53,66.87,15.81,20.72,GLOBAL,Commerce,-613.8099999999995
2024-12-30,32.33,43.2,75.53,-10.86,21.83,GLOBAL,Commerce,-624.6699999999995
2025-01-02,56.51,16.26,72.77,40.25,17.58,GLOBAL,Commerce,-584.4199999999995
2025-01-03,41.02,11.95,52.97,29.08,14.25,GLOBAL,Commerce,-555.3399999999995
2025-01-06,40.62,33.48,74.1,7.15,32.55,GLOBAL,Commerce,-548.1899999999995
2025-01-07,22.93,54.56,77.48,-31.63,22.06,GLOBAL,Commerce,-579.8199999999995
2025-01-08,6.54,22.57,29.1,-16.03,15.03,GLOBAL,Commerce,-595.8499999999995
2025-01-09,31.81,33.65,65.47,-1.84,18.91,GLOBAL,Commerce,-597.6899999999995
2025-01-10,20.66,14.53,35.19,6.13,16.38,GLOBAL,Commerce,-591.5599999999995
2025-01-13,19.02,18.68,37.7,0.35,24.09,GLOBAL,Commerce,-591.2099999999995
2025-01-14,58.63,28.85,87.49,29.78,28.31,GLOBAL,Commerce,-561.4299999999995
2025-01-15,49.37,36.72,86.09,12.65,33.38,GLOBAL,Commerce,-548.7799999999995
2025-01-16,30.44,56.34,86.78,-25.91,37.9,GLOBAL,Commerce,-574.6899999999995
2025-01-17,29.55,32.21,61.76,-2.66,44.15,GLOBAL,Commerce,-577.3499999999995
2025-01-20,22.92,38.58,61.5,-15.67,24.18,GLOBAL,Commerce,-593.0199999999994
2025-01-21,28.78,18.82,47.6,9.97,34.9,GLOBAL,Commerce,-583.0499999999994
2025-01-22,17.51,34.37,51.88,-16.86,32.93,GLOBAL,Commerce,-599.9099999999994
2025-01-23,43.06,30.37,73.44,12.69,24.6,GLOBAL,Commerce,-587.2199999999993
2025-01-24,47.18,11.87,59.06,35.31,38.12,GLOBAL,Commerce,-551.9099999999994
2025-01-27,11.61,11.2,22.81,0.41,36.42,GLOBAL,Commerce,-551.4999999999994
2025-01-28,48.78,30.89,79.67,17.9,35.34,GLOBAL,Commerce,-533.5999999999995
2025-01-29,9.94,9.94,19.87,-0.0,28.05,GLOBAL,Commerce,-533.5999999999995
2025-01-30,118.73,38.33,157.06,80.39,28.28,GLOBAL,Commerce,-453.20999999999947
2025-01-31,223.64,111.99,335.63,111.65,24.63,GLOBAL,Commerce,-341.5599999999995
2025-02-03,118.79,82.42,201.21,36.38,37.01,GLOBAL,Commerce,-305.1799999999995
2025-02-04,57.88,53.06,110.94,4.82,30.07,GLOBAL,Commerce,-300.3599999999995
2025-02-05,38.48,43.72,82.2,-5.24,34.74,GLOBAL,Commerce,-305.5999999999995
2025-02-06,32.51,35.02,67.53,-2.51,32.79,GLOBAL,Commerce,-308.1099999999995
2025-02-07,55.23,42.61,97.84,12.62,29.6,GLOBAL,Commerce,-295.4899999999995
2025-02-10,27.92,31.19,59.11,-3.27,35.79,GLOBAL,Commerce,-298.7599999999995
2025-02-11,48.38,31.13,79.51,17.25,27.63,GLOBAL,Commerce,-281.5099999999995
2025-02-13,52.83,95.97,148.8,-43.14,18.15,GLOBAL,Commerce,-324.64999999999947
2025-02-14,85.68,38.83,124.51,46.86,34.69,GLOBAL,Commerce,-277.78999999999945
2025-02-17,81.64,54.09,135.72,27.55,34.39,GLOBAL,Commerce,-250.23999999999944
2025-02-18,58.86,23.98,82.84,34.88,38.22,GLOBAL,Commerce,-215.35999999999945
2025-02-19,29.9,30.26,60.16,-0.36,45.35,GLOBAL,Commerce,-215.71999999999946
2025-02-20,31.26,43.76,75.03,-12.5,32.57,GLOBAL,Commerce,-228.21999999999946
2025-02-21,26.22,19.24,45.47,6.98,31.42,GLOBAL,Commerce,-221.23999999999947
2025-02-24,18.2,14.21,32.41,3.99,34.28,GLOBAL,Commerce,-217.24999999999946
2025-02-25,60.33,45.09,105.42,15.23,23.98,GLOBAL,Commerce,-202.01999999999947
2025-02-26,82.49,66.24,148.73,16.25,33.69,GLOBAL,Commerce,-185.76999999999947
2025-02-27,25.36,48.4,73.77,-23.04,29.99,GLOBAL,Commerce,-208.80999999999946
2025-02-28,31.04,82.94,113.98,-51.89,37.2,GLOBAL,Commerce,-260.6999999999995
2025-03-03,33.73,32.88,66.61,0.84,35.48,GLOBAL,Commerce,-259.8599999999995
2025-03-04,86.0,33.53,119.52,52.47,26.28,GLOBAL,Commerce,-207.3899999999995
2025-03-05,104.12,23.11,127.23,81.0,28.93,GLOBAL,Commerce,-126.3899999999995
2025-03-06,75.75,70.35,146.1,5.41,23.05,GLOBAL,Commerce,-120.9799999999995
2025-03-07,89.98,34.33,124.31,55.64,31.38,GLOBAL,Commerce,-65.3399999999995
2025-03-10,39.93,36.03,75.96,3.9,33.82,GLOBAL,Commerce,-61.43999999999951
2025-03-11,119.02,43.21,162.22,75.81,30.6,GLOBAL,Commerce,14.370000000000495
2025-03-12,33.67,50.86,84.53,-17.19,37.13,GLOBAL,Commerce,-2.8199999999995065
2025-03-13,33.52,22.01,55.53,11.52,27.44,GLOBAL,Commerce,8.700000000000493
2025-03-14,61.96,35.59,97.55,26.37,30.22,GLOBAL,Commerce,35.07000000000049
2025-03-17,42.76,38.41,81.17,4.34,32.33,GLOBAL,Commerce,39.410000000000494
2025-03-18,30.71,48.17,78.88,-17.46,28.53,GLOBAL,Commerce,21.950000000000493
2025-03-19,58.17,30.29,88.45,27.88,29.73,GLOBAL,Commerce,49.830000000000496
2025-03-20,29.6,46.79,76.39,-17.19,30.05,GLOBAL,Commerce,32.6400000000005
2025-03-21,51.6,42.44,94.04,9.16,43.78,GLOBAL,Commerce,41.800000000000495
2025-03-24,13.1,15.3,28.39,-2.2,40.98,GLOBAL,Commerce,39.60000000000049
2025-03-25,12.19,38.96,51.15,-26.76,29.5,GLOBAL,Commerce,12.84000000000049
2025-03-26,22.38,15.63,38.0,6.75,28.82,GLOBAL,Commerce,19.59000000000049
2025-03-27,11.99,19.16,31.15,-7.16,28.43,GLOBAL,Commerce,12.43000000000049
2025-03-28,17.76,19.7,37.46,-1.94,41.92,GLOBAL,Commerce,10.49000000000049
2025-03-31,58.3,45.23,103.53,13.07,22.32,GLOBAL,Commerce,23.560000000000493
2025-04-01,26.47,40.83,67.3,-14.36,25.71,GLOBAL,Commerce,9.200000000000493
2025-04-02,18.64,13.68,32.32,4.96,32.16,GLOBAL,Commerce,14.160000000000494
2025-04-03,10.37,8.38,18.75,1.99,33.07,GLOBAL,Commerce,16.150000000000492
2025-04-04,13.22,23.2,36.41,-9.98,28.85,GLOBAL,Commerce,6.170000000000492
2025-04-08,27.56,30.74,58.3,-3.18,40.81,GLOBAL,Commerce,2.990000000000492
2025-04-09,43.02,31.31,74.32,11.71,31.43,GLOBAL,Commerce,14.700000000000493
2025-04-10,57.53,39.92,97.45,17.62,32.91,GLOBAL,Commerce,32.32000000000049
2025-04-11,30.82,19.36,50.17,11.46,39.4,GLOBAL,Commerce,43.78000000000049
2025-04-16,44.58,29.75,74.34,14.83,43.06,GLOBAL,Commerce,58.61000000000049
2025-04-17,33.6,27.69,61.3,5.91,45.17,GLOBAL,Commerce,64.5200000000005
2025-04-18,26.31,51.37,77.68,-25.05,29.63,GLOBAL,Commerce,39.470000000000496
2025-04-21,23.4,24.48,47.89,-1.08,30.64,GLOBAL,Commerce,38.3900000000005
2025-04-22,27.07,27.25,54.32,-0.18,37.83,GLOBAL,Commerce,38.2100000000005
2025-04-23,19.58,38.57,58.15,-18.99,37.35,GLOBAL,Commerce,19.2200000000005
2025-04-24,22.26,26.67,48.94,-4.41,37.71,GLOBAL,Commerce,14.8100000000005
2025-04-25,19.38,34.5,53.88,-15.11,30.7,GLOBAL,Commerce,-0.2999999999994998
2025-04-28,10.54,22.56,33.09,-12.02,26.47,GLOBAL,Commerce,-12.3199999999995
2025-04-29,27.24,50.65,77.89,-23.41,27.94,GLOBAL,Commerce,-35.7299999999995
2025-04-30,29.1,35.12,64.23,-6.02,25.14,GLOBAL,Commerce,-41.7499999999995
2025-05-02,21.76,32.47,54.23,-10.71,29.84,GLOBAL,Commerce,-52.4599999999995
2025-05-06,28.56,26.07,54.63,2.5,23.98,GLOBAL,Commerce,-49.9599999999995
2025-05-07,59.48,23.49,82.98,35.99,29.53,GLOBAL,Commerce,-13.969999999999501
2025-05-08,66.06,38.72,104.77,27.34,29.12,GLOBAL,Commerce,13.370000000000498
2025-05-09,49.99,23.1,73.09,26.88,28.82,GLOBAL,Commerce,40.2500000000005
2025-05-13,48.32,24.09,72.41,24.23,33.31,GLOBAL,Commerce,64.4800000000005
2025-05-14,16.23,13.98,30.21,2.25,28.76,GLOBAL,Commerce,66.7300000000005
2025-05-15,28.38,30.97,59.34,-2.59,28.46,GLOBAL,Commerce,64.1400000000005
2025-05-16,27.42,21.29,48.71,6.13,33.65,GLOBAL,Commerce,70.2700000000005
2025-05-19,24.71,13.6,38.31,11.11,27.44,GLOBAL,Commerce,81.38000000000049
2025-05-20,29.16,46.34,75.5,-17.18,33.0,GLOBAL,Commerce,64.2000000000005
2025-05-21,31.0,22.16,53.16,8.85,29.0,GLOBAL,Commerce,73.0500000000005
2025-05-22,19.76,10.86,30.62,8.89,33.52,GLOBAL,Commerce,81.9400000000005
2025-05-23,49.63,16.58,66.2,33.05,34.51,GLOBAL,Commerce,114.99000000000049
2025-05-26,13.2,19.08,32.28,-5.88,43.1,GLOBAL,Commerce,109.1100000000005
2025-05-27,15.2,20.4,35.6,-5.2,39.88,GLOBAL,Commerce,103.9100000000005
2025-05-28,20.3,36.98,57.28,-16.68,30.91,GLOBAL,Commerce,87.2300000000005
2025-05-29,11.96,16.26,28.22,-4.3,30.16,GLOBAL,Commerce,82.9300000000005
2025-05-30,17.28,44.79,62.06,-27.51,42.87,GLOBAL,Commerce,55.4200000000005
2025-06-04,25.58,29.81,55.39,-4.22,49.75,GLOBAL,Commerce,51.2000000000005
2025-06-05,16.35,19.57,35.92,-3.22,40.65,GLOBAL,Commerce,47.9800000000005
2025-06-06,18.8,33.19,51.99,-14.39,29.46,GLOBAL,Commerce,33.5900000000005
2025-06-09,23.13,11.13,34.27,12.0,31.81,GLOBAL,Commerce,45.5900000000005
2025-06-10,106.17,40.56,146.73,65.61,31.38,GLOBAL,Commerce,111.2000000000005
2025-06-11,23.79,23.48,47.27,0.31,48.93,GLOBAL,Commerce,111.5100000000005
2025-06-12,20.11,49.73,69.85,-29.62,39.67,GLOBAL,Commerce,81.8900000000005
2025-06-13,24.97,28.7,53.67,-3.73,38.73,GLOBAL,Commerce,78.1600000000005
2025-06-16,30.46,22.48,52.93,7.98,40.1,GLOBAL,Commerce,86.1400000000005
2025-06-17,33.85,30.24,64.09,3.61,47.71,GLOBAL,Commerce,89.7500000000005
2025-06-18,23.65,26.01,49.66,-2.36,41.01,GLOBAL,Commerce,87.3900000000005
2025-06-19,37.16,44.84,81.99,-7.68,26.38,GLOBAL,Commerce,79.71000000000049
2025-06-20,34.21,23.67,57.88,10.53,47.68,GLOBAL,Commerce,90.24000000000049
2025-06-23,33.58,27.95,61.53,5.62,51.53,GLOBAL,Commerce,95.8600000000005
2025-06-24,68.83,47.62,116.46,21.21,44.53,GLOBAL,Commerce,117.0700000000005
2025-06-25,70.13,73.09,143.23,-2.96,35.8,GLOBAL,Commerce,114.11000000000051
2025-06-26,38.39,32.31,70.7,6.09,35.29,GLOBAL,Commerce,120.20000000000051
2025-06-27,34.39,28.64,63.03,5.76,39.1,GLOBAL,Commerce,125.96000000000052
2025-06-30,110.09,58.87,168.95,51.22,31.37,GLOBAL,Commerce,177.18000000000052
2025-07-01,36.08,23.73,59.81,12.35,28.29,GLOBAL,Commerce,189.5300000000005
2025-07-02,20.47,37.52,57.99,-17.04,22.3,GLOBAL,Commerce,172.49000000000052
2025-07-03,24.88,22.97,47.84,1.91,22.81,GLOBAL,Commerce,174.40000000000052
2025-07-04,23.39,31.43,54.82,-8.04,28.77,GLOBAL,Commerce,166.36000000000053
2025-07-07,19.12,8.96,28.08,10.16,33.55,GLOBAL,Commerce,176.52000000000052
2025-07-08,14.8,15.54,30.34,-0.74,37.37,GLOBAL,Commerce,175.7800000000005
2025-07-09,6.12,10.95,17.08,-4.83,30.99,GLOBAL,Commerce,170.9500000000005
2025-07-11,10.13,20.06,30.19,-9.93,21.27,GLOBAL,Commerce,161.0200000000005
2025-07-14,36.31,34.65,70.96,1.66,22.43,GLOBAL,Commerce,162.6800000000005
2025-07-15,15.87,42.93,58.79,-27.06,22.77,GLOBAL,Commerce,135.6200000000005
2025-07-16,14.99,32.91,47.9,-17.93,31.89,GLOBAL,Commerce,117.69000000000048
2025-07-17,14.9,35.01,49.92,-20.11,20.41,GLOBAL,Commerce,97.58000000000048
2025-07-18,24.73,110.82,135.54,-86.09,23.12,GLOBAL,Commerce,11.490000000000478
2025-07-21,14.17,77.89,92.06,-63.73,22.73,GLOBAL,Commerce,-52.23999999999952
2025-07-22,37.03,48.9,85.93,-11.86,27.38,GLOBAL,Commerce,-64.09999999999951
2025-07-23,23.6,47.95,71.55,-24.36,24.1,GLOBAL,Commerce,-88.45999999999951
2025-07-24,27.96,68.73,96.68,-40.77,24.29,GLOBAL,Commerce,-129.2299999999995
2025-07-25,17.8,35.63,53.43,-17.84,29.84,GLOBAL,Commerce,-147.0699999999995
2025-07-29,24.28,69.94,94.22,-45.66,24.24,GLOBAL,Commerce,-192.7299999999995
2025-07-30,25.39,67.5,92.89,-42.11,28.82,GLOBAL,Commerce,-234.83999999999952
2025-07-31,10.46,56.57,67.03,-46.11,29.62,GLOBAL,Commerce,-280.94999999999953
2025-08-01,33.3,52.97,86.27,-19.67,29.3,GLOBAL,Commerce,-300.61999999999955
2025-08-04,17.52,24.21,41.72,-6.69,23.21,GLOBAL,Commerce,-307.30999999999955
2025-08-05,18.96,42.29,61.25,-23.33,20.89,GLOBAL,Commerce,-330.63999999999953
2025-08-06,28.25,61.41,89.65,-33.16,18.09,GLOBAL,Commerce,-363.7999999999995
2025-08-07,16.88,51.77,68.64,-34.89,26.16,GLOBAL,Commerce,-398.6899999999995
2025-08-08,20.3,34.16,54.46,-13.85,31.58,GLOBAL,Commerce,-412.5399999999995
2025-08-13,28.92,41.39,70.31,-12.47,27.91,GLOBAL,Commerce,-425.00999999999954
2025-08-14,34.32,26.25,60.57,8.08,28.67,GLOBAL,Commerce,-416.92999999999955
2025-08-15,11.42,23.69,35.11,-12.26,32.03,GLOBAL,Commerce,-429.18999999999954
2025-08-18,10.56,30.75,41.3,-20.19,24.61,GLOBAL,Commerce,-449.37999999999954
2025-08-19,8.02,17.46,25.48,-9.45,24.37,GLOBAL,Commerce,-458.82999999999953
2025-08-20,12.18,11.33,23.51,0.84,22.14,GLOBAL,Commerce,-457.98999999999955
2025-08-21,5.27,24.48,29.76,-19.21,25.55,GLOBAL,Commerce,-477.19999999999953
2025-08-22,5.36,12.99,18.35,-7.63,36.59,GLOBAL,Commerce,-484.82999999999953
2025-08-25,24.66,27.35,52.01,-2.68,20.12,GLOBAL,Commerce,-487.50999999999954
2025-08-26,10.14,19.77,29.91,-9.63,23.05,GLOBAL,Commerce,-497.13999999999953
2025-08-27,7.42,9.92,17.33,-2.5,25.75,GLOBAL,Commerce,-499.63999999999953
2025-08-28,5.14,20.03,25.17,-14.88,22.85,GLOBAL,Commerce,-514.5199999999995
2025-08-29,20.31,63.15,83.45,-42.84,13.79,GLOBAL,Commerce,-557.3599999999996
2025-09-01,34.22,67.04,101.26,-32.82,13.06,GLOBAL,Commerce,-590.1799999999996
2025-09-02,28.27,30.37,58.64,-2.1,21.2,GLOBAL,Commerce,-592.2799999999996
2025-09-03,48.24,51.14,99.38,-2.91,17.41,GLOBAL,Commerce,-595.1899999999996
2025-09-04,47.53,21.65,69.18,25.87,19.76,GLOBAL,Commerce,-569.3199999999996
2025-09-05,41.02,31.23,72.25,9.79,20.42,GLOBAL,Commerce,-559.5299999999996
2025-09-08,29.18,69.18,98.36,-40.01,20.97,GLOBAL,Commerce,-599.5399999999996
2025-09-09,24.88,25.32,50.19,-0.44,25.0,GLOBAL,Commerce,-599.9799999999997
2025-09-10,10.66,21.35,32.02,-10.69,33.3,GLOBAL,Commerce,-610.6699999999997
2025-09-11,7.34,9.94,17.28,-2.61,22.25,GLOBAL,Commerce,-613.2799999999997
2025-09-12,16.37,20.55,36.91,-4.18,27.9,GLOBAL,Commerce,-617.4599999999997
2025-09-15,23.36,16.0,39.36,7.36,37.52,GLOBAL,Commerce,-610.0999999999997
2025-09-16,33.51,48.1,81.62,-14.59,16.85,GLOBAL,Commerce,-624.6899999999997
2025-09-17,10.53,25.18,35.71,-14.65,21.1,GLOBAL,Commerce,-639.3399999999997
2025-09-18,41.52,16.11,57.63,25.41,14.33,GLOBAL,Commerce,-613.9299999999997
2025-09-19,54.53,78.65,133.18,-24.12,57.7,GLOBAL,Commerce,-638.0499999999997
2025-09-22,56.14,13.94,70.08,42.19,23.49,GLOBAL,Commerce,-595.8599999999997
2025-09-23,18.43,12.03,30.46,6.4,24.81,GLOBAL,Commerce,-589.4599999999997
2025-09-24,30.2,25.51,55.72,4.69,15.3,GLOBAL,Commerce,-584.7699999999996
2025-09-25,14.01,24.46,38.47,-10.45,24.0,GLOBAL,Commerce,-595.2199999999997
2025-09-26,7.65,25.01,32.66,-17.36,17.86,GLOBAL,Commerce,-612.5799999999997
2025-09-29,14.44,27.11,41.55,-12.67,28.4,GLOBAL,Commerce,-625.2499999999997
2025-09-30,30.86,7.69,38.55,23.18,21.94,GLOBAL,Commerce,-602.0699999999997
2025-10-01,19.23,6.83,26.06,12.4,21.18,GLOBAL,Commerce,-589.6699999999997
2025-10-02,24.24,11.89,36.12,12.35,15.99,GLOBAL,Commerce,-577.3199999999997
2025-10-03,14.65,42.12,56.77,-27.48,18.86,GLOBAL,Commerce,-604.7999999999997
2025-10-06,15.89,28.65,44.54,-12.75,18.54,GLOBAL,Commerce,-617.5499999999997
2025-10-07,18.69,13.09,31.78,5.6,13.59,GLOBAL,Commerce,-611.9499999999997
2025-10-08,19.16,24.39,43.55,-5.23,19.41,GLOBAL,Commerce,-617.1799999999997
2025-10-09,7.32,14.69,22.01,-7.36,22.9,GLOBAL,Commerce,-624.5399999999997
2025-10-10,10.88,27.32,38.2,-16.43,22.75,GLOBAL,Commerce,-640.9699999999997
2025-10-14,23.44,12.68,36.12,10.76,14.75,GLOBAL,Commerce,-630.2099999999997
2025-10-15,50.03,19.53,69.56,30.5,19.17,GLOBAL,Commerce,-599.7099999999997
2025-10-16,7.21,30.37,37.58,-23.16,23.5,GLOBAL,Commerce,-622.8699999999997
2025-10-17,7.3,24.67,31.97,-17.37,17.73,GLOBAL,Commerce,-640.2399999999997
2025-10-20,16.02,21.27,37.29,-5.24,23.79,GLOBAL,Commerce,-645.4799999999997
2025-10-21,17.01,28.62,45.63,-11.61,18.55,GLOBAL,Commerce,-657.0899999999997
2025-10-22,9.49,22.55,32.04,-13.07,19.1,GLOBAL,Commerce,-670.1599999999997
2025-10-24,14.5,17.21,31.7,-2.71,9.29,GLOBAL,Commerce,-672.8699999999998
2025-10-27,31.11,66.48,97.59,-35.37,29.31,GLOBAL,Commerce,-708.2399999999998
2025-10-28,25.38,27.07,52.45,-1.69,18.66,GLOBAL,Commerce,-709.9299999999998
2025-10-29,2.08,18.9,20.98,-16.82,26.53,GLOBAL,Commerce,-726.7499999999999
2025-10-30,15.09,14.09,29.17,1.0,19.57,GLOBAL,Commerce,-725.7499999999999
2025-10-31,27.68,14.51,42.19,13.17,14.2,GLOBAL,Commerce,-712.5799999999999
2025-11-03,17.17,7.98,25.15,9.19,13.33,GLOBAL,Commerce,-703.3899999999999
2025-11-04,44.81,7.41,52.23,37.4,22.29,GLOBAL,Commerce,-665.9899999999999
2025-11-05,28.95,8.49,37.44,20.46,21.67,GLOBAL,Commerce,-645.5299999999999
2025-11-06,23.38,9.55,32.93,13.82,18.03,GLOBAL,Commerce,-631.7099999999998
2025-11-07,9.85,8.4,18.25,1.45,27.96,GLOBAL,Commerce,-630.2599999999998
2025-11-10,10.19,17.13,27.32,-6.95,23.85,GLOBAL,Commerce,-637.2099999999998
2025-11-11,11.34,33.64,44.98,-22.29,35.57,GLOBAL,Commerce,-659.4999999999998
2025-11-12,34.47,42.75,77.21,-8.28,27.16,GLOBAL,Commerce,-667.7799999999997
2025-11-13,14.16,24.66,38.82,-10.5,40.79,GLOBAL,Commerce,-678.2799999999997
2025-11-14,16.4,8.51,24.91,7.9,22.45,GLOBAL,Commerce,-670.3799999999998
2025-11-17,22.45,11.1,33.55,11.35,20.36,GLOBAL,Commerce,-659.0299999999997
2025-11-18,10.12,13.74,23.86,-3.62,17.96,GLOBAL,Commerce,-662.6499999999997
2025-11-19,17.88,10.18,28.06,7.7,22.67,GLOBAL,Commerce,-654.9499999999997
2025-11-20,15.83,11.86,27.7,3.97,29.83,GLOBAL,Commerce,-650.9799999999997
2025-11-21,10.86,20.7,31.56,-9.84,21.57,GLOBAL,Commerce,-660.8199999999997
2025-11-24,17.99,35.76,53.75,-17.77,23.0,GLOBAL,Commerce,-678.5899999999997
2025-11-25,11.44,22.02,33.46,-10.58,11.45,GLOBAL,Commerce,-689.1699999999997
2025-11-26,9.14,20.18,29.32,-11.04,13.64,GLOBAL,Commerce,-700.2099999999997
2025-11-27,6.13,15.53,21.66,-9.41,15.75,GLOBAL,Commerce,-709.6199999999997
2025-11-28,8.28,11.86,20.14,-3.58,10.19,GLOBAL,Commerce,-713.1999999999997
2025-12-01,13.3,19.71,33.01,-6.41,18.37,GLOBAL,Commerce,-719.6099999999997
2025-12-02,4.14,20.96,25.1,-16.83,17.02,GLOBAL,Commerce,-736.4399999999997
2025-12-03,7.98,14.56,22.54,-6.58,20.29,GLOBAL,Commerce,-743.0199999999998
2025-12-04,5.35,15.77,21.12,-10.42,19.41,GLOBAL,Commerce,-753.4399999999997
2025-12-08,1.71,16.44,18.15,-14.73,23.72,GLOBAL,Commerce,-768.1699999999997
2025-12-09,9.47,14.63,24.1,-5.16,13.12,GLOBAL,Commerce,-773.3299999999997
2025-12-11,8.65,4.04,12.7,4.61,13.4,GLOBAL,Commerce,-768.7199999999997
2025-12-12,15.71,11.47,27.18,4.24,21.15,GLOBAL,Commerce,-764.4799999999997
2025-12-15,15.35,8.19,23.54,7.16,31.59,GLOBAL,Commerce,-757.3199999999997
2025-12-16,10.08,11.01,21.09,-0.93,19.98,GLOBAL,Commerce,-758.2499999999997
2025-12-17,10.5,17.05,27.55,-6.55,16.09,GLOBAL,Commerce,-764.7999999999996
2025-12-18,7.68,16.24,23.92,-8.56,14.44,GLOBAL,Commerce,-773.3599999999996
2025-12-19,6.68,10.11,16.79,-3.43,12.43,GLOBAL,Commerce,-776.7899999999995
2025-12-22,14.08,7.12,21.21,6.96,30.02,GLOBAL,Commerce,-769.8299999999995
2025-12-23,27.27,11.2,38.47,16.07,29.25,GLOBAL,Commerce,-753.7599999999994
2025-12-24,6.43,4.43,10.86,2.0,35.41,GLOBAL,Commerce,-751.7599999999994
2025-12-25,1.22,9.22,10.44,-8.0,21.54,GLOBAL,Commerce,-759.7599999999994
2025-12-26,2.19,11.14,13.33,-8.95,32.61,GLOBAL,Commerce,-768.7099999999995
2025-12-29,10.88,8.85,19.73,2.03,21.31,GLOBAL,Commerce,-766.6799999999995
2025-12-30,7.14,16.69,23.83,-9.54,31.33,GLOBAL,Commerce,-776.2199999999995
2026-01-05,10.31,17.28,27.59,-6.97,21.4,GLOBAL,Commerce,-783.1899999999995
2026-01-06,15.16,15.04,30.2,0.13,20.67,GLOBAL,Commerce,-783.0599999999995
2026-01-07,29.24,18.83,48.07,10.41,23.03,GLOBAL,Commerce,-772.6499999999995
2026-01-08,5.72,26.88,32.6,-21.16,16.89,GLOBAL,Commerce,-793.8099999999995
2026-01-09,11.58,25.85,37.42,-14.27,11.26,GLOBAL,Commerce,-808.0799999999995
2026-01-12,13.5,8.13,21.63,5.37,13.87,GLOBAL,Commerce,-802.7099999999995
2026-01-13,4.43,14.27,18.7,-9.85,16.05,GLOBAL,Commerce,-812.5599999999995
2026-01-14,3.34,4.41,7.76,-1.07,10.75,GLOBAL,Commerce,-813.6299999999995
2026-01-15,12.63,15.53,28.16,-2.9,18.89,GLOBAL,Commerce,-816.5299999999995
2026-01-16,7.57,9.77,17.35,-2.2,16.75,GLOBAL,Commerce,-818.7299999999996
2026-01-19,7.53,7.68,15.21,-0.15,26.39,GLOBAL,Commerce,-818.8799999999995
2026-01-20,27.09,9.12,36.21,17.97,19.42,GLOBAL,Commerce,-800.9099999999995
2026-01-21,28.87,7.68,36.55,21.19,15.25,GLOBAL,Commerce,-779.7199999999995
2026-01-22,11.63,21.58,33.22,-9.95,15.88,GLOBAL,Commerce,-789.6699999999995
2026-01-23,5.99,7.34,13.33,-1.35,19.23,GLOBAL,Commerce,-791.0199999999995
2026-01-26,15.83,14.68,30.52,1.15,20.12,GLOBAL,Commerce,-789.8699999999995
2026-01-27,10.87,13.35,24.22,-2.48,16.38,GLOBAL,Commerce,-792.3499999999996
2026-01-28,4.23,7.15,11.39,-2.92,15.06,GLOBAL,Commerce,-795.2699999999995
2026-01-29,6.93,9.38,16.31,-2.45,18.23,GLOBAL,Commerce,-797.7199999999996
2026-01-30,1.93,6.12,8.05,-4.19,21.61,GLOBAL,Commerce,-801.9099999999996
2026-02-02,10.9,14.64,25.54,-3.74,16.31,GLOBAL,Commerce,-805.6499999999996
2026-02-03,20.79,13.36,34.15,7.43,23.5,GLOBAL,Commerce,-798.2199999999997
2026-02-04,8.45,15.49,23.94,-7.03,16.12,GLOBAL,Commerce,-805.2499999999997
2026-02-05,4.76,7.84,12.6,-3.07,8.87,GLOBAL,Commerce,-808.3199999999997
2026-02-06,9.7,9.66,19.36,0.04,11.24,GLOBAL,Commerce,-808.2799999999997
2026-02-09,14.28,14.58,28.85,-0.3,11.7,GLOBAL,Commerce,-808.5799999999997
2026-02-10,4.6,35.38,39.98,-30.78,11.55,GLOBAL,Commerce,-839.3599999999997
2026-02-11,7.4,22.67,30.06,-15.27,11.74,GLOBAL,Commerce,-854.6299999999997
2026-02-12,25.07,17.65,42.72,7.42,15.59,GLOBAL,Commerce,-847.2099999999997
2026-02-13,34.91,25.13,60.04,9.78,16.72,GLOBAL,Commerce,-837.4299999999997
2026-02-16,17.2,11.29,28.49,5.92,14.4,GLOBAL,Commerce,-831.5099999999998
2026-02-17,10.84,17.68,28.53,-6.84,21.36,GLOBAL,Commerce,-838.3499999999998
2026-02-18,55.94,38.93,94.87,17.01,22.5,GLOBAL,Commerce,-821.3399999999998
2026-02-19,45.24,54.23,99.47,-8.99,17.59,GLOBAL,Commerce,-830.3299999999998
2026-02-20,27.49,40.46,67.96,-12.97,16.64,GLOBAL,Commerce,-843.2999999999998
2026-02-23,28.94,37.82,66.76,-8.89,18.08,GLOBAL,Commerce,-852.1899999999998
2026-02-24,25.04,27.05,52.09,-2.01,19.9,GLOBAL,Commerce,-854.1999999999998
2026-02-25,20.06,23.59,43.65,-3.54,20.32,GLOBAL,Commerce,-857.7399999999998
2026-02-26,13.62,26.89,40.51,-13.26,11.38,GLOBAL,Commerce,-870.9999999999998
2026-02-27,3.06,7.1,10.16,-4.03,11.46,GLOBAL,Commerce,-875.0299999999997
2026-03-02,12.78,6.54,19.33,6.24,12.19,GLOBAL,Commerce,-868.7899999999997
2026-03-04,29.6,38.42,68.02,-8.82,24.4,GLOBAL,Commerce,-877.6099999999998
2026-03-05,16.04,22.01,38.05,-5.97,20.18,GLOBAL,Commerce,-883.5799999999998
2026-03-06,4.4,10.75,15.15,-6.35,11.49,GLOBAL,Commerce,-889.9299999999998
2026-03-09,8.99,4.35,13.34,4.64,24.06,GLOBAL,Commerce,-885.2899999999998
2026-03-10,5.81,9.55,15.36,-3.73,15.56,GLOBAL,Commerce,-889.0199999999999
2026-03-11,9.39,9.0,18.39,0.4,21.83,GLOBAL,Commerce,-888.6199999999999
2026-03-12,6.09,7.11,13.2,-1.02,17.58,GLOBAL,Commerce,-889.6399999999999
2026-03-13,2.87,11.77,14.64,-8.9,16.9,GLOBAL,Commerce,-898.5399999999998
2026-03-16,5.76,7.5,13.26,-1.74,12.94,GLOBAL,Commerce,-900.2799999999999
2026-03-17,11.5,7.32,18.83,4.18,18.93,GLOBAL,Commerce,-896.0999999999999
2026-03-18,6.76,5.87,12.64,0.89,32.06,GLOBAL,Commerce,-895.2099999999999
2026-03-19,5.6,9.9,15.5,-4.3,7.44,GLOBAL,Commerce,-899.5099999999999
2026-03-20,12.22,11.04,23.26,1.19,19.85,GLOBAL,Commerce,-898.3199999999998
2026-03-23,30.39,10.73,41.12,19.66,13.75,GLOBAL,Commerce,-878.6599999999999
2026-03-24,27.48,20.02,47.5,7.46,19.47,GLOBAL,Commerce,-871.1999999999998
2026-03-25,18.2,8.66,26.86,9.54,14.07,GLOBAL,Commerce,-861.6599999999999
2026-03-26,17.56,15.46,33.02,2.1,13.94,GLOBAL,Commerce,-859.5599999999998
2026-03-27,24.51,12.92,37.43,11.59,13.75,GLOBAL,Commerce,-847.9699999999998
2026-03-30,33.02,7.14,40.16,25.88,21.94,GLOBAL,Commerce,-822.0899999999998
2026-03-31,15.24,12.22,27.46,3.02,15.6,GLOBAL,Commerce,-819.0699999999998
2026-04-01,23.93,31.19,55.11,-7.26,24.87,GLOBAL,Commerce,-826.3299999999998
2026-04-02,15.6,23.05,38.64,-7.45,18.59,GLOBAL,Commerce,-833.7799999999999
2026-04-03,7.55,23.13,30.68,-15.58,14.06,GLOBAL,Commerce,-849.3599999999999
2026-04-07,3.73,4.71,8.44,-0.98,7.85,GLOBAL,Commerce,-850.3399999999999
2026-04-08,18.85,11.41,30.26,7.45,11.6,GLOBAL,Commerce,-842.8899999999999
2026-04-09,8.93,15.76,24.69,-6.84,11.98,GLOBAL,Commerce,-849.7299999999999
2026-04-10,8.8,5.34,14.13,3.46,14.68,GLOBAL,Commerce,-846.2699999999999
2026-04-16,13.86,7.45,21.31,6.4,27.65,GLOBAL,Commerce,-839.8699999999999
2026-04-17,7.39,5.54,12.93,1.85,29.64,GLOBAL,Commerce,-838.0199999999999
2026-04-20,11.41,14.1,25.51,-2.69,20.09,GLOBAL,Commerce,-840.7099999999999
2026-04-21,9.31,5.04,14.35,4.27,11.33,GLOBAL,Commerce,-836.4399999999999
2026-04-22,37.6,11.28,48.87,26.32,16.28,GLOBAL,Commerce,-810.1199999999999
2026-04-23,17.91,13.31,31.23,4.6,16.59,GLOBAL,Commerce,-805.5199999999999
2026-04-24,7.58,18.46,26.04,-10.87,19.8,GLOBAL,Commerce,-816.3899999999999
2026-04-27,14.66,8.51,23.17,6.16,19.08,GLOBAL,Commerce,-810.2299999999999
2026-04-28,13.65,17.67,31.33,-4.02,26.5,GLOBAL,Commerce,-814.2499999999999
2026-04-29,43.68,18.27,61.95,25.41,24.86,GLOBAL,Commerce,-788.8399999999999
2026-04-30,13.72,24.15,37.87,-10.43,28.5,GLOBAL,Commerce,-799.2699999999999
2026-05-05,6.99,11.42,18.41,-4.42,13.49,GLOBAL,Commerce,-803.6899999999998
2026-05-06,16.63,10.87,27.5,5.76,13.01,GLOBAL,Commerce,-797.9299999999998
2026-05-07,18.18,15.94,34.13,2.24,17.65,GLOBAL,Commerce,-795.6899999999998
2026-05-08,22.18,8.18,30.36,14.0,18.86,GLOBAL,Commerce,-781.6899999999998
2026-05-11,11.87,10.18,22.04,1.69,20.51,GLOBAL,Commerce,-779.9999999999998
2026-05-12,114.76,33.78,148.54,80.98,18.95,GLOBAL,Commerce,-699.0199999999998
2026-05-13,29.65,32.27,61.91,-2.62,35.53,GLOBAL,Commerce,-701.6399999999998
2026-05-14,55.14,21.37,76.51,33.77,20.21,GLOBAL,Commerce,-667.8699999999998
2026-05-15,30.55,15.11,45.66,15.44,29.23,GLOBAL,Commerce,-652.4299999999997
2026-05-18,34.86,21.38,56.25,13.48,29.86,GLOBAL,Commerce,-638.9499999999997
2026-05-19,84.61,28.7,113.3,55.91,25.21,GLOBAL,Commerce,-583.0399999999997
2026-05-20,21.36,39.48,60.83,-18.12,27.36,GLOBAL,Commerce,-601.1599999999997
2026-05-21,30.27,41.35,71.62,-11.08,24.11,GLOBAL,Commerce,-612.2399999999998
2026-05-22,12.94,51.7,64.65,-38.76,30.0,GLOBAL,Commerce,-650.9999999999998
2026-05-25,27.54,58.41,85.95,-30.86,26.86,GLOBAL,Commerce,-681.8599999999998
2026-05-26,30.92,43.25,74.17,-12.34,22.87,GLOBAL,Commerce,-694.1999999999998
2026-05-27,28.19,12.08,40.28,16.11,26.05,GLOBAL,Commerce,-678.0899999999998
2026-05-28,31.38,11.52,42.9,19.86,25.1,GLOBAL,Commerce,-658.2299999999998
2026-05-29,56.67,45.77,102.43,10.9,52.24,GLOBAL,Commerce,-647.3299999999998
