date,buy_mb,sell_mb,buy_sell_mb,net_mb,nvdr_pct,symbol,sector,cumulative_net_mb
2020-01-02,6.28,2.83,9.11,3.45,11.09,GUNKUL,Energy,3.45
2020-01-03,6.28,4.14,10.41,2.14,7.27,GUNKUL,Energy,5.59
2020-01-06,10.81,11.72,22.52,-0.91,13.89,GUNKUL,Energy,4.68
2020-01-07,15.28,11.19,26.46,4.09,13.35,GUNKUL,Energy,8.77
2020-01-08,6.68,11.21,17.89,-4.53,14.5,GUNKUL,Energy,4.239999999999999
2020-01-09,10.13,7.39,17.52,2.74,8.44,GUNKUL,Energy,6.9799999999999995
2020-01-10,10.55,4.12,14.67,6.43,10.66,GUNKUL,Energy,13.41
2020-01-13,20.11,6.52,26.63,13.59,13.34,GUNKUL,Energy,27.0
2020-01-14,23.5,6.35,29.85,17.15,21.88,GUNKUL,Energy,44.15
2020-01-15,13.33,6.63,19.96,6.7,16.78,GUNKUL,Energy,50.85
2020-01-16,7.69,6.86,14.55,0.83,9.11,GUNKUL,Energy,51.68
2020-01-17,3.22,6.84,10.06,-3.62,20.19,GUNKUL,Energy,48.06
2020-01-20,5.11,12.4,17.51,-7.29,22.74,GUNKUL,Energy,40.77
2020-01-21,8.89,9.0,17.89,-0.1,22.26,GUNKUL,Energy,40.67
2020-01-22,6.89,12.65,19.54,-5.76,12.75,GUNKUL,Energy,34.910000000000004
2020-01-23,14.69,13.2,27.9,1.49,12.51,GUNKUL,Energy,36.400000000000006
2020-01-24,23.04,2.88,25.92,20.16,13.69,GUNKUL,Energy,56.56
2020-01-27,4.75,10.24,14.98,-5.49,6.66,GUNKUL,Energy,51.07
2020-01-28,7.13,6.64,13.77,0.49,9.01,GUNKUL,Energy,51.56
2020-01-29,1.77,15.6,17.37,-13.82,23.26,GUNKUL,Energy,37.74
2020-01-30,21.81,5.33,27.14,16.47,18.86,GUNKUL,Energy,54.21
2020-01-31,1.88,6.55,8.43,-4.67,11.77,GUNKUL,Energy,49.54
2020-02-03,8.0,15.11,23.11,-7.1,19.21,GUNKUL,Energy,42.44
2020-02-04,10.34,3.83,14.17,6.5,13.76,GUNKUL,Energy,48.94
2020-02-05,7.89,7.32,15.2,0.57,19.36,GUNKUL,Energy,49.51
2020-02-06,4.13,6.58,10.71,-2.45,12.6,GUNKUL,Energy,47.059999999999995
2020-02-07,6.83,8.04,14.87,-1.2,12.39,GUNKUL,Energy,45.85999999999999
2020-02-11,12.03,14.87,26.9,-2.85,12.21,GUNKUL,Energy,43.00999999999999
2020-02-12,16.59,17.38,33.97,-0.8,13.63,GUNKUL,Energy,42.209999999999994
2020-02-13,3.36,6.21,9.58,-2.85,11.06,GUNKUL,Energy,39.35999999999999
2020-02-14,5.49,6.65,12.13,-1.16,11.2,GUNKUL,Energy,38.199999999999996
2020-02-17,1.27,4.53,5.8,-3.25,13.09,GUNKUL,Energy,34.949999999999996
2020-02-18,3.17,5.11,8.27,-1.94,16.39,GUNKUL,Energy,33.01
2020-02-19,4.39,8.9,13.29,-4.51,14.15,GUNKUL,Energy,28.5
2020-02-20,9.66,9.56,19.22,0.1,16.81,GUNKUL,Energy,28.6
2020-02-21,4.18,6.13,10.3,-1.95,22.41,GUNKUL,Energy,26.650000000000002
2020-02-24,11.39,10.07,21.46,1.32,22.53,GUNKUL,Energy,27.970000000000002
2020-02-25,10.25,14.34,24.59,-4.1,15.13,GUNKUL,Energy,23.870000000000005
2020-02-26,7.33,16.82,24.15,-9.5,14.32,GUNKUL,Energy,14.370000000000005
2020-02-27,13.61,21.68,35.29,-8.07,23.28,GUNKUL,Energy,6.300000000000004
2020-02-28,14.54,12.01,26.55,2.54,17.43,GUNKUL,Energy,8.840000000000003
2020-03-02,14.91,23.33,38.24,-8.42,28.17,GUNKUL,Energy,0.4200000000000035
2020-03-03,6.67,4.22,10.89,2.44,15.92,GUNKUL,Energy,2.8600000000000034
2020-03-04,9.97,5.92,15.88,4.05,19.0,GUNKUL,Energy,6.910000000000004
2020-03-05,11.11,7.44,18.56,3.67,19.42,GUNKUL,Energy,10.580000000000004
2020-03-06,10.01,2.27,12.28,7.74,12.08,GUNKUL,Energy,18.320000000000004
2020-03-09,39.18,9.32,48.5,29.86,26.09,GUNKUL,Energy,48.18000000000001
2020-03-10,11.07,6.41,17.48,4.65,26.89,GUNKUL,Energy,52.830000000000005
2020-03-11,15.16,5.32,20.49,9.84,24.42,GUNKUL,Energy,62.67
2020-03-12,25.74,24.75,50.5,0.99,26.42,GUNKUL,Energy,63.660000000000004
2020-03-13,27.66,23.12,50.78,4.53,16.48,GUNKUL,Energy,68.19
2020-03-16,25.69,19.91,45.59,5.78,27.27,GUNKUL,Energy,73.97
2020-03-17,19.16,28.75,47.91,-9.59,33.61,GUNKUL,Energy,64.38
2020-03-18,20.63,16.7,37.32,3.93,26.85,GUNKUL,Energy,68.31
2020-03-19,24.67,12.78,37.44,11.89,28.7,GUNKUL,Energy,80.2
2020-03-20,13.11,8.28,21.39,4.84,13.38,GUNKUL,Energy,85.04
2020-03-23,38.49,6.27,44.76,32.22,26.38,GUNKUL,Energy,117.26
2020-03-24,17.14,10.43,27.57,6.7,22.35,GUNKUL,Energy,123.96000000000001
2020-03-25,14.94,6.76,21.7,8.19,7.97,GUNKUL,Energy,132.15
2020-03-26,14.03,3.75,17.78,10.28,20.89,GUNKUL,Energy,142.43
2020-03-27,14.28,10.04,24.32,4.24,15.13,GUNKUL,Energy,146.67000000000002
2020-03-30,8.23,2.73,10.96,5.51,26.65,GUNKUL,Energy,152.18
2020-03-31,17.92,9.4,27.32,8.52,15.42,GUNKUL,Energy,160.70000000000002
2020-04-01,9.92,7.35,17.27,2.57,13.34,GUNKUL,Energy,163.27
2020-04-02,21.28,11.3,32.58,9.98,21.8,GUNKUL,Energy,173.25
2020-04-03,26.8,13.74,40.54,13.06,23.85,GUNKUL,Energy,186.31
2020-04-07,32.53,21.49,54.01,11.04,21.54,GUNKUL,Energy,197.35
2020-04-08,13.55,30.55,44.11,-17.0,17.09,GUNKUL,Energy,180.35
2020-04-09,10.61,15.23,25.84,-4.62,23.41,GUNKUL,Energy,175.73
2020-04-10,12.29,6.42,18.71,5.87,20.27,GUNKUL,Energy,181.6
2020-04-13,12.36,10.11,22.48,2.25,13.13,GUNKUL,Energy,183.85
2020-04-14,15.73,10.68,26.41,5.05,16.86,GUNKUL,Energy,188.9
2020-04-15,10.74,12.1,22.85,-1.36,15.87,GUNKUL,Energy,187.54
2020-04-16,34.98,32.29,67.28,2.69,33.21,GUNKUL,Energy,190.23
2020-04-17,46.52,35.88,82.4,10.64,36.77,GUNKUL,Energy,200.87
2020-04-20,36.2,17.34,53.53,18.86,21.24,GUNKUL,Energy,219.73000000000002
2020-04-21,8.95,19.07,28.01,-10.12,19.25,GUNKUL,Energy,209.61
2020-04-22,20.38,41.03,61.41,-20.65,22.55,GUNKUL,Energy,188.96
2020-04-23,8.35,12.28,20.62,-3.93,14.16,GUNKUL,Energy,185.03
2020-04-24,9.76,13.55,23.31,-3.79,13.84,GUNKUL,Energy,181.24
2020-04-27,11.44,7.35,18.78,4.09,15.22,GUNKUL,Energy,185.33
2020-04-28,15.23,6.37,21.59,8.86,27.2,GUNKUL,Energy,194.19
2020-04-29,23.99,12.71,36.7,11.28,19.77,GUNKUL,Energy,205.47
2020-04-30,6.66,8.77,15.43,-2.11,13.14,GUNKUL,Energy,203.35999999999999
2020-05-05,13.27,5.39,18.67,7.88,15.43,GUNKUL,Energy,211.23999999999998
2020-05-07,12.31,20.46,32.77,-8.15,28.36,GUNKUL,Energy,203.08999999999997
2020-05-08,15.89,12.68,28.58,3.21,23.44,GUNKUL,Energy,206.29999999999998
2020-05-11,4.62,6.63,11.25,-2.01,20.01,GUNKUL,Energy,204.29
2020-05-12,26.82,21.95,48.77,4.87,17.16,GUNKUL,Energy,209.16
2020-05-13,45.03,29.54,74.58,15.49,29.21,GUNKUL,Energy,224.65
2020-05-14,52.68,47.05,99.73,5.62,19.25,GUNKUL,Energy,230.27
2020-05-15,89.81,30.6,120.41,59.2,29.97,GUNKUL,Energy,289.47
2020-05-18,21.83,15.81,37.64,6.03,18.73,GUNKUL,Energy,295.5
2020-05-19,14.71,13.58,28.29,1.13,19.31,GUNKUL,Energy,296.63
2020-05-20,30.54,22.06,52.6,8.47,15.57,GUNKUL,Energy,305.1
2020-05-21,58.71,17.21,75.92,41.5,20.46,GUNKUL,Energy,346.6
2020-05-22,7.78,5.19,12.97,2.59,9.17,GUNKUL,Energy,349.19
2020-05-25,8.04,6.4,14.44,1.65,11.55,GUNKUL,Energy,350.84
2020-05-26,1.06,11.84,12.9,-10.78,14.16,GUNKUL,Energy,340.06
2020-05-27,13.44,18.7,32.14,-5.27,11.34,GUNKUL,Energy,334.79
2020-05-28,39.37,27.79,67.16,11.58,14.78,GUNKUL,Energy,346.37
2020-05-29,28.65,8.98,37.63,19.68,14.63,GUNKUL,Energy,366.05
2020-06-01,24.46,22.47,46.93,1.99,16.97,GUNKUL,Energy,368.04
2020-06-02,47.0,27.45,74.45,19.54,17.98,GUNKUL,Energy,387.58000000000004
2020-06-04,35.43,33.95,69.38,1.48,32.91,GUNKUL,Energy,389.06000000000006
2020-06-05,9.84,15.28,25.12,-5.44,19.62,GUNKUL,Energy,383.62000000000006
2020-06-08,14.22,19.31,33.53,-5.08,13.85,GUNKUL,Energy,378.5400000000001
2020-06-09,26.26,53.71,79.98,-27.45,14.86,GUNKUL,Energy,351.0900000000001
2020-06-10,19.66,55.39,75.05,-35.74,23.04,GUNKUL,Energy,315.3500000000001
2020-06-11,26.38,37.58,63.96,-11.2,23.68,GUNKUL,Energy,304.1500000000001
2020-06-12,20.25,13.52,33.78,6.73,13.99,GUNKUL,Energy,310.8800000000001
2020-06-15,11.41,32.54,43.95,-21.13,27.11,GUNKUL,Energy,289.7500000000001
2020-06-16,26.45,16.82,43.27,9.63,38.58,GUNKUL,Energy,299.3800000000001
2020-06-17,22.57,22.59,45.16,-0.02,22.46,GUNKUL,Energy,299.3600000000001
2020-06-18,2.12,13.67,15.79,-11.55,17.98,GUNKUL,Energy,287.8100000000001
2020-06-19,8.65,19.53,28.17,-10.88,23.03,GUNKUL,Energy,276.9300000000001
2020-06-22,4.93,11.39,16.33,-6.46,18.73,GUNKUL,Energy,270.47000000000014
2020-06-23,7.18,9.47,16.65,-2.29,20.02,GUNKUL,Energy,268.1800000000001
2020-06-24,6.32,18.38,24.7,-12.06,16.81,GUNKUL,Energy,256.1200000000001
2020-06-25,13.84,12.11,25.95,1.73,15.62,GUNKUL,Energy,257.85000000000014
2020-06-26,7.07,6.11,13.19,0.96,16.59,GUNKUL,Energy,258.8100000000001
2020-06-29,12.44,10.42,22.86,2.03,20.38,GUNKUL,Energy,260.8400000000001
2020-06-30,13.02,3.89,16.91,9.13,13.89,GUNKUL,Energy,269.9700000000001
2020-07-01,4.77,4.59,9.36,0.19,16.44,GUNKUL,Energy,270.1600000000001
2020-07-02,6.31,9.13,15.44,-2.82,13.76,GUNKUL,Energy,267.3400000000001
2020-07-03,5.1,7.48,12.59,-2.38,13.09,GUNKUL,Energy,264.9600000000001
2020-07-07,15.25,22.49,37.74,-7.23,11.34,GUNKUL,Energy,257.7300000000001
2020-07-08,10.0,14.75,24.74,-4.75,14.07,GUNKUL,Energy,252.98000000000008
2020-07-09,11.84,13.77,25.6,-1.93,23.11,GUNKUL,Energy,251.05000000000007
2020-07-10,7.56,13.64,21.2,-6.08,21.42,GUNKUL,Energy,244.97000000000006
2020-07-13,27.64,22.1,49.73,5.54,15.78,GUNKUL,Energy,250.51000000000005
2020-07-14,8.15,8.21,16.36,-0.06,11.76,GUNKUL,Energy,250.45000000000005
2020-07-15,1.7,5.81,7.5,-4.11,10.54,GUNKUL,Energy,246.34000000000003
2020-07-16,2.52,7.3,9.83,-4.78,12.64,GUNKUL,Energy,241.56000000000003
2020-07-17,1.31,6.38,7.69,-5.06,16.99,GUNKUL,Energy,236.50000000000003
2020-07-20,6.74,1.65,8.39,5.1,18.19,GUNKUL,Energy,241.60000000000002
2020-07-21,19.11,20.55,39.66,-1.45,11.32,GUNKUL,Energy,240.15000000000003
2020-07-22,3.84,16.67,20.51,-12.82,10.59,GUNKUL,Energy,227.33000000000004
2020-07-23,32.88,35.53,68.41,-2.65,11.36,GUNKUL,Energy,224.68000000000004
2020-07-24,9.1,30.42,39.52,-21.32,12.2,GUNKUL,Energy,203.36000000000004
2020-07-29,13.3,14.18,27.48,-0.88,11.67,GUNKUL,Energy,202.48000000000005
2020-07-30,8.2,30.01,38.21,-21.8,11.42,GUNKUL,Energy,180.68000000000004
2020-07-31,11.59,11.31,22.9,0.29,17.98,GUNKUL,Energy,180.97000000000003
2020-08-03,5.42,10.87,16.29,-5.45,12.8,GUNKUL,Energy,175.52000000000004
2020-08-04,5.74,4.49,10.22,1.25,7.02,GUNKUL,Energy,176.77000000000004
2020-08-05,7.2,6.15,13.35,1.05,15.32,GUNKUL,Energy,177.82000000000005
2020-08-06,15.4,10.16,25.56,5.24,23.57,GUNKUL,Energy,183.06000000000006
2020-08-07,8.57,17.97,26.54,-9.39,24.75,GUNKUL,Energy,173.67000000000007
2020-08-10,5.14,6.37,11.51,-1.23,18.12,GUNKUL,Energy,172.44000000000008
2020-08-11,2.51,2.23,4.74,0.28,9.13,GUNKUL,Energy,172.72000000000008
2020-08-13,5.63,8.12,13.75,-2.48,13.64,GUNKUL,Energy,170.2400000000001
2020-08-14,18.35,19.84,38.2,-1.49,13.79,GUNKUL,Energy,168.75000000000009
2020-08-17,4.65,9.26,13.91,-4.61,18.0,GUNKUL,Energy,164.14000000000007
2020-08-18,9.48,9.04,18.53,0.44,23.01,GUNKUL,Energy,164.58000000000007
2020-08-19,2.55,9.6,12.15,-7.04,12.78,GUNKUL,Energy,157.54000000000008
2020-08-20,8.26,4.68,12.94,3.58,14.92,GUNKUL,Energy,161.1200000000001
2020-08-21,1.64,9.18,10.82,-7.54,21.26,GUNKUL,Energy,153.5800000000001
2020-08-24,5.16,6.89,12.05,-1.73,15.98,GUNKUL,Energy,151.8500000000001
2020-08-25,6.44,4.7,11.15,1.74,19.61,GUNKUL,Energy,153.59000000000012
2020-08-26,3.43,3.57,7.0,-0.14,21.34,GUNKUL,Energy,153.45000000000013
2020-08-27,9.64,16.57,26.21,-6.93,27.51,GUNKUL,Energy,146.52000000000012
2020-08-28,3.16,12.26,15.42,-9.1,18.63,GUNKUL,Energy,137.42000000000013
2020-08-31,5.81,14.88,20.69,-9.07,27.36,GUNKUL,Energy,128.35000000000014
2020-09-01,4.82,10.91,15.73,-6.09,21.26,GUNKUL,Energy,122.26000000000013
2020-09-02,7.53,3.36,10.89,4.18,18.36,GUNKUL,Energy,126.44000000000014
2020-09-03,2.63,2.56,5.19,0.07,11.59,GUNKUL,Energy,126.51000000000013
2020-09-08,5.28,9.11,14.39,-3.82,10.04,GUNKUL,Energy,122.69000000000014
2020-09-09,5.95,31.18,37.14,-25.23,26.82,GUNKUL,Energy,97.46000000000014
2020-09-10,4.35,24.39,28.74,-20.04,28.36,GUNKUL,Energy,77.42000000000013
2020-09-11,7.45,16.91,24.36,-9.46,25.77,GUNKUL,Energy,67.96000000000012
2020-09-14,17.86,24.76,42.62,-6.9,23.74,GUNKUL,Energy,61.06000000000012
2020-09-15,8.98,39.65,48.63,-30.67,38.47,GUNKUL,Energy,30.39000000000012
2020-09-16,5.73,15.14,20.87,-9.41,26.13,GUNKUL,Energy,20.98000000000012
2020-09-17,19.51,41.9,61.41,-22.39,42.66,GUNKUL,Energy,-1.4099999999998793
2020-09-18,27.88,39.67,67.55,-11.8,36.93,GUNKUL,Energy,-13.20999999999988
2020-09-21,57.34,89.51,146.84,-32.17,37.16,GUNKUL,Energy,-45.37999999999988
2020-09-22,16.78,72.15,88.93,-55.37,21.82,GUNKUL,Energy,-100.74999999999989
2020-09-23,4.32,12.9,17.21,-8.58,15.66,GUNKUL,Energy,-109.32999999999988
2020-09-24,2.02,6.61,8.63,-4.6,12.47,GUNKUL,Energy,-113.92999999999988
2020-09-25,4.39,7.36,11.75,-2.96,16.32,GUNKUL,Energy,-116.88999999999987
2020-09-28,2.27,7.8,10.06,-5.53,12.33,GUNKUL,Energy,-122.41999999999987
2020-09-29,2.9,4.32,7.22,-1.42,12.97,GUNKUL,Energy,-123.83999999999988
2020-09-30,5.7,5.86,11.55,-0.16,18.04,GUNKUL,Energy,-123.99999999999987
2020-10-01,2.34,2.05,4.39,0.29,10.37,GUNKUL,Energy,-123.70999999999987
2020-10-02,1.66,2.84,4.51,-1.18,10.31,GUNKUL,Energy,-124.88999999999987
2020-10-05,10.95,5.13,16.08,5.81,10.44,GUNKUL,Energy,-119.07999999999987
2020-10-06,6.38,5.87,12.25,0.51,12.86,GUNKUL,Energy,-118.56999999999987
2020-10-07,2.53,9.3,11.84,-6.77,24.9,GUNKUL,Energy,-125.33999999999986
2020-10-08,7.27,9.68,16.95,-2.42,13.69,GUNKUL,Energy,-127.75999999999986
2020-10-09,2.12,3.12,5.23,-1.0,9.36,GUNKUL,Energy,-128.75999999999988
2020-10-12,3.62,1.28,4.89,2.34,10.6,GUNKUL,Energy,-126.41999999999987
2020-10-14,9.86,3.27,13.14,6.59,19.39,GUNKUL,Energy,-119.82999999999987
2020-10-15,4.17,3.43,7.6,0.73,11.76,GUNKUL,Energy,-119.09999999999987
2020-10-16,25.44,21.05,46.49,4.39,24.16,GUNKUL,Energy,-114.70999999999987
2020-10-19,18.35,7.12,25.47,11.23,24.57,GUNKUL,Energy,-103.47999999999986
2020-10-20,9.07,3.35,12.42,5.72,22.2,GUNKUL,Energy,-97.75999999999986
2020-10-21,25.42,25.99,51.41,-0.57,15.89,GUNKUL,Energy,-98.32999999999986
2020-10-22,104.37,55.83,160.19,48.54,54.71,GUNKUL,Energy,-49.78999999999986
2020-10-26,7.15,3.88,11.03,3.27,16.45,GUNKUL,Energy,-46.519999999999854
2020-10-27,18.38,13.08,31.46,5.3,11.39,GUNKUL,Energy,-41.21999999999986
2020-10-28,17.92,6.8,24.72,11.12,12.24,GUNKUL,Energy,-30.09999999999986
2020-10-29,5.93,11.07,16.99,-5.14,29.12,GUNKUL,Energy,-35.23999999999986
2020-10-30,0.82,2.25,3.07,-1.43,9.73,GUNKUL,Energy,-36.66999999999986
2020-11-02,3.36,12.71,16.07,-9.35,16.16,GUNKUL,Energy,-46.01999999999986
2020-11-03,8.92,16.38,25.3,-7.46,13.49,GUNKUL,Energy,-53.47999999999986
2020-11-04,8.74,7.74,16.48,1.0,19.12,GUNKUL,Energy,-52.47999999999986
2020-11-05,14.12,9.27,23.39,4.85,13.7,GUNKUL,Energy,-47.62999999999986
2020-11-06,7.18,9.14,16.32,-1.97,13.08,GUNKUL,Energy,-49.59999999999986
2020-11-09,34.1,13.14,47.24,20.96,27.13,GUNKUL,Energy,-28.63999999999986
2020-11-10,8.81,9.84,18.65,-1.02,7.02,GUNKUL,Energy,-29.659999999999858
2020-11-11,11.7,14.63,26.33,-2.94,17.72,GUNKUL,Energy,-32.59999999999986
2020-11-12,11.84,12.99,24.83,-1.15,32.42,GUNKUL,Energy,-33.74999999999986
2020-11-13,6.84,21.87,28.71,-15.02,16.08,GUNKUL,Energy,-48.769999999999854
2020-11-16,12.21,34.24,46.45,-22.04,21.58,GUNKUL,Energy,-70.80999999999986
2020-11-17,6.86,26.26,33.12,-19.4,25.03,GUNKUL,Energy,-90.20999999999987
2020-11-18,12.89,9.7,22.59,3.2,25.37,GUNKUL,Energy,-87.00999999999986
2020-11-19,10.03,9.11,19.14,0.93,20.36,GUNKUL,Energy,-86.07999999999986
2020-11-20,18.84,14.77,33.61,4.07,16.54,GUNKUL,Energy,-82.00999999999985
2020-11-23,32.82,51.97,84.79,-19.14,22.33,GUNKUL,Energy,-101.14999999999985
2020-11-24,29.79,21.89,51.68,7.9,12.96,GUNKUL,Energy,-93.24999999999984
2020-11-25,12.86,19.85,32.7,-6.99,18.66,GUNKUL,Energy,-100.23999999999984
2020-11-26,7.38,5.52,12.9,1.86,15.6,GUNKUL,Energy,-98.37999999999984
2020-11-27,9.48,6.05,15.53,3.44,9.92,GUNKUL,Energy,-94.93999999999984
2020-11-30,50.97,22.64,73.61,28.33,25.32,GUNKUL,Energy,-66.60999999999984
2020-12-01,15.57,7.56,23.13,8.01,14.55,GUNKUL,Energy,-58.599999999999845
2020-12-02,2.17,6.97,9.14,-4.8,13.82,GUNKUL,Energy,-63.39999999999984
2020-12-03,12.14,7.57,19.71,4.57,17.9,GUNKUL,Energy,-58.82999999999984
2020-12-04,14.18,25.41,39.58,-11.23,29.79,GUNKUL,Energy,-70.05999999999985
2020-12-08,43.34,16.33,59.67,27.01,15.65,GUNKUL,Energy,-43.04999999999984
2020-12-09,12.58,22.33,34.91,-9.75,15.89,GUNKUL,Energy,-52.79999999999984
2020-12-14,26.1,21.77,47.88,4.33,21.02,GUNKUL,Energy,-48.46999999999984
2020-12-15,25.29,27.78,53.07,-2.49,21.54,GUNKUL,Energy,-50.959999999999845
2020-12-16,24.21,47.74,71.95,-23.53,18.93,GUNKUL,Energy,-74.48999999999984
2020-12-17,12.27,5.88,18.15,6.39,11.15,GUNKUL,Energy,-68.09999999999984
2020-12-18,14.47,13.71,28.18,0.76,19.34,GUNKUL,Energy,-67.33999999999983
2020-12-21,24.42,48.94,73.36,-24.52,24.79,GUNKUL,Energy,-91.85999999999983
2020-12-22,28.45,22.28,50.73,6.18,19.89,GUNKUL,Energy,-85.67999999999984
2020-12-23,8.85,15.0,23.85,-6.14,22.84,GUNKUL,Energy,-91.81999999999984
2020-12-24,7.46,11.16,18.62,-3.7,22.15,GUNKUL,Energy,-95.51999999999984
2020-12-25,7.85,4.11,11.96,3.75,10.81,GUNKUL,Energy,-91.76999999999984
2020-12-28,26.24,12.25,38.49,14.0,17.94,GUNKUL,Energy,-77.76999999999984
2020-12-29,17.98,7.9,25.88,10.08,15.66,GUNKUL,Energy,-67.68999999999984
2020-12-30,14.44,19.96,34.4,-5.52,27.14,GUNKUL,Energy,-73.20999999999984
2021-01-04,20.01,14.17,34.17,5.84,15.49,GUNKUL,Energy,-67.36999999999983
2021-01-05,72.34,28.97,101.31,43.37,12.92,GUNKUL,Energy,-23.999999999999837
2021-01-06,83.53,48.96,132.49,34.57,19.07,GUNKUL,Energy,10.570000000000164
2021-01-07,26.64,25.53,52.17,1.11,19.92,GUNKUL,Energy,11.680000000000163
2021-01-08,26.6,20.22,46.82,6.38,23.06,GUNKUL,Energy,18.060000000000162
2021-01-11,33.53,13.42,46.95,20.11,24.96,GUNKUL,Energy,38.17000000000016
2021-01-12,19.36,16.53,35.89,2.82,19.3,GUNKUL,Energy,40.99000000000016
2021-01-13,9.79,5.76,15.55,4.04,10.53,GUNKUL,Energy,45.03000000000016
2021-01-14,16.24,17.63,33.87,-1.39,28.35,GUNKUL,Energy,43.64000000000016
2021-01-15,11.68,21.62,33.3,-9.94,26.88,GUNKUL,Energy,33.70000000000016
2021-01-18,1.09,8.95,10.04,-7.85,17.04,GUNKUL,Energy,25.850000000000158
2021-01-19,8.77,12.3,21.07,-3.53,19.25,GUNKUL,Energy,22.320000000000157
2021-01-20,5.76,13.66,19.42,-7.9,15.86,GUNKUL,Energy,14.420000000000156
2021-01-21,4.53,17.38,21.91,-12.85,23.75,GUNKUL,Energy,1.5700000000001566
2021-01-22,15.13,15.17,30.3,-0.04,21.15,GUNKUL,Energy,1.5300000000001566
2021-01-25,9.84,14.31,24.15,-4.47,19.43,GUNKUL,Energy,-2.939999999999843
2021-01-26,20.51,7.98,28.49,12.52,26.53,GUNKUL,Energy,9.580000000000156
2021-01-27,13.85,15.43,29.28,-1.57,31.6,GUNKUL,Energy,8.010000000000156
2021-01-28,8.19,20.96,29.14,-12.77,14.72,GUNKUL,Energy,-4.7599999999998435
2021-01-29,7.45,20.56,28.01,-13.11,16.47,GUNKUL,Energy,-17.86999999999984
2021-02-01,8.44,28.88,37.33,-20.44,13.68,GUNKUL,Energy,-38.309999999999846
2021-02-02,1.61,7.98,9.59,-6.36,14.21,GUNKUL,Energy,-44.669999999999845
2021-02-03,2.11,4.27,6.38,-2.17,11.9,GUNKUL,Energy,-46.83999999999985
2021-02-04,3.29,4.93,8.23,-1.64,13.15,GUNKUL,Energy,-48.47999999999985
2021-02-05,3.98,6.44,10.42,-2.46,32.06,GUNKUL,Energy,-50.93999999999985
2021-02-08,1.44,2.39,3.83,-0.96,8.29,GUNKUL,Energy,-51.89999999999985
2021-02-09,3.26,10.05,13.31,-6.79,10.96,GUNKUL,Energy,-58.68999999999985
2021-02-10,13.43,13.42,26.86,0.01,16.09,GUNKUL,Energy,-58.67999999999985
2021-02-11,2.96,12.7,15.66,-9.74,17.8,GUNKUL,Energy,-68.41999999999985
2021-02-15,0.51,3.52,4.04,-3.01,6.51,GUNKUL,Energy,-71.42999999999985
2021-02-16,19.23,5.61,24.85,13.62,26.29,GUNKUL,Energy,-57.80999999999985
2021-02-17,5.86,6.46,12.33,-0.6,14.68,GUNKUL,Energy,-58.409999999999854
2021-02-18,2.63,3.91,6.54,-1.27,15.48,GUNKUL,Energy,-59.67999999999986
2021-02-19,1.83,5.81,7.64,-3.98,16.6,GUNKUL,Energy,-63.659999999999854
2021-02-22,7.29,16.99,24.27,-9.7,15.83,GUNKUL,Energy,-73.35999999999986
2021-02-23,4.73,9.35,14.07,-4.62,24.02,GUNKUL,Energy,-77.97999999999986
2021-02-24,1.2,5.26,6.46,-4.07,16.86,GUNKUL,Energy,-82.04999999999987
2021-02-25,26.33,32.61,58.93,-6.28,10.52,GUNKUL,Energy,-88.32999999999987
2021-03-01,33.23,24.39,57.62,8.83,9.96,GUNKUL,Energy,-79.49999999999987
2021-03-02,38.15,44.75,82.9,-6.61,20.16,GUNKUL,Energy,-86.10999999999987
2021-03-03,36.91,67.82,104.73,-30.91,11.75,GUNKUL,Energy,-117.01999999999987
2021-03-04,23.61,54.79,78.4,-31.19,22.21,GUNKUL,Energy,-148.20999999999987
2021-03-05,20.99,39.63,60.62,-18.64,16.26,GUNKUL,Energy,-166.84999999999985
2021-03-08,28.32,35.34,63.66,-7.02,23.13,GUNKUL,Energy,-173.86999999999986
2021-03-09,23.84,27.8,51.65,-3.96,21.22,GUNKUL,Energy,-177.82999999999987
2021-03-10,115.51,84.32,199.84,31.19,14.01,GUNKUL,Energy,-146.63999999999987
2021-03-11,43.55,41.54,85.09,2.01,14.05,GUNKUL,Energy,-144.62999999999988
2021-03-12,54.73,42.92,97.65,11.81,8.46,GUNKUL,Energy,-132.81999999999988
2021-03-15,116.81,83.68,200.49,33.12,6.92,GUNKUL,Energy,-99.69999999999987
2021-03-16,356.53,449.42,805.94,-92.89,7.5,GUNKUL,Energy,-192.58999999999986
2021-03-17,115.72,99.78,215.5,15.94,7.16,GUNKUL,Energy,-176.64999999999986
2021-03-18,159.08,84.95,244.03,74.14,7.27,GUNKUL,Energy,-102.50999999999986
2021-03-19,147.39,123.13,270.52,24.26,6.81,GUNKUL,Energy,-78.24999999999986
2021-03-22,121.24,87.89,209.13,33.34,12.14,GUNKUL,Energy,-44.909999999999854
2021-03-23,184.9,100.03,284.94,84.87,12.74,GUNKUL,Energy,39.96000000000015
2021-03-24,172.99,96.45,269.44,76.54,9.83,GUNKUL,Energy,116.50000000000016
2021-03-25,71.04,76.77,147.81,-5.73,11.32,GUNKUL,Energy,110.77000000000015
2021-03-26,73.11,37.82,110.94,35.29,14.26,GUNKUL,Energy,146.06000000000014
2021-03-29,92.36,48.5,140.87,43.86,18.0,GUNKUL,Energy,189.92000000000013
2021-03-30,45.72,38.66,84.37,7.06,12.88,GUNKUL,Energy,196.98000000000013
2021-03-31,73.29,18.37,91.66,54.93,23.74,GUNKUL,Energy,251.91000000000014
2021-04-01,39.28,67.13,106.41,-27.86,14.54,GUNKUL,Energy,224.05000000000013
2021-04-02,212.76,113.93,326.69,98.83,7.99,GUNKUL,Energy,322.8800000000001
2021-04-05,230.63,262.92,493.56,-32.29,6.63,GUNKUL,Energy,290.5900000000001
2021-04-07,128.51,74.3,202.81,54.21,8.03,GUNKUL,Energy,344.80000000000007
2021-04-08,45.95,43.11,89.06,2.83,8.69,GUNKUL,Energy,347.63000000000005
2021-04-09,33.55,29.45,63.0,4.1,10.24,GUNKUL,Energy,351.7300000000001
2021-04-12,35.67,51.66,87.33,-16.0,7.76,GUNKUL,Energy,335.7300000000001
2021-04-16,68.37,53.77,122.14,14.6,11.35,GUNKUL,Energy,350.3300000000001
2021-04-19,146.78,116.61,263.39,30.18,14.2,GUNKUL,Energy,380.5100000000001
2021-04-20,79.07,110.63,189.7,-31.56,11.48,GUNKUL,Energy,348.9500000000001
2021-04-21,33.17,67.75,100.92,-34.58,8.27,GUNKUL,Energy,314.3700000000001
2021-04-22,33.15,91.47,124.62,-58.31,10.8,GUNKUL,Energy,256.0600000000001
2021-04-23,22.28,29.64,51.92,-7.36,7.6,GUNKUL,Energy,248.7000000000001
2021-04-26,26.27,27.12,53.39,-0.85,9.96,GUNKUL,Energy,247.8500000000001
2021-04-27,64.2,77.63,141.83,-13.42,10.77,GUNKUL,Energy,234.43000000000012
2021-04-28,229.51,149.2,378.7,80.31,8.33,GUNKUL,Energy,314.7400000000001
2021-04-29,167.82,189.3,357.12,-21.48,10.23,GUNKUL,Energy,293.2600000000001
2021-04-30,137.29,104.13,241.42,33.16,8.44,GUNKUL,Energy,326.4200000000001
2021-05-05,119.28,209.54,328.82,-90.26,15.38,GUNKUL,Energy,236.16000000000008
2021-05-06,26.74,60.05,86.78,-33.31,9.48,GUNKUL,Energy,202.85000000000008
2021-05-07,51.29,61.95,113.24,-10.67,22.82,GUNKUL,Energy,192.1800000000001
2021-05-10,61.28,82.42,143.7,-21.13,16.56,GUNKUL,Energy,171.0500000000001
2021-05-11,97.96,75.79,173.75,22.17,15.06,GUNKUL,Energy,193.22000000000008
2021-05-12,79.42,107.52,186.94,-28.1,21.53,GUNKUL,Energy,165.1200000000001
2021-05-13,172.3,166.08,338.37,6.22,17.31,GUNKUL,Energy,171.3400000000001
2021-05-14,165.48,152.76,318.24,12.73,16.19,GUNKUL,Energy,184.07000000000008
2021-05-17,54.61,143.26,197.88,-88.65,20.94,GUNKUL,Energy,95.42000000000007
2021-05-18,26.14,59.46,85.6,-33.31,20.53,GUNKUL,Energy,62.11000000000007
2021-05-19,55.8,88.96,144.76,-33.16,23.39,GUNKUL,Energy,28.950000000000074
2021-05-20,46.2,77.16,123.37,-30.96,21.64,GUNKUL,Energy,-2.009999999999927
2021-05-21,36.96,76.38,113.34,-39.41,21.04,GUNKUL,Energy,-41.41999999999992
2021-05-24,66.66,78.59,145.24,-11.93,15.8,GUNKUL,Energy,-53.34999999999992
2021-05-25,57.35,42.27,99.62,15.08,18.03,GUNKUL,Energy,-38.269999999999925
2021-05-27,58.28,60.3,118.58,-2.02,18.94,GUNKUL,Energy,-40.28999999999993
2021-05-28,30.14,68.24,98.37,-38.1,18.74,GUNKUL,Energy,-78.38999999999993
2021-05-31,124.05,83.08,207.13,40.98,17.92,GUNKUL,Energy,-37.40999999999993
2021-06-01,68.2,76.51,144.71,-8.31,14.5,GUNKUL,Energy,-45.719999999999935
2021-06-02,111.06,133.96,245.01,-22.9,14.7,GUNKUL,Energy,-68.61999999999993
2021-06-04,29.01,62.58,91.58,-33.57,14.85,GUNKUL,Energy,-102.18999999999994
2021-06-07,240.22,134.54,374.76,105.68,15.98,GUNKUL,Energy,3.490000000000066
2021-06-08,49.69,107.28,156.97,-57.58,11.0,GUNKUL,Energy,-54.08999999999993
2021-06-09,65.93,109.39,175.31,-43.46,14.73,GUNKUL,Energy,-97.54999999999993
2021-06-10,39.54,50.14,89.67,-10.6,10.92,GUNKUL,Energy,-108.14999999999992
2021-06-11,500.67,216.1,716.77,284.56,12.55,GUNKUL,Energy,176.41000000000008
2021-06-14,253.13,421.94,675.07,-168.82,10.73,GUNKUL,Energy,7.590000000000089
2021-06-15,413.21,400.6,813.82,12.61,11.42,GUNKUL,Energy,20.200000000000088
2021-06-16,345.09,316.68,661.77,28.41,8.79,GUNKUL,Energy,48.610000000000085
2021-06-17,211.49,389.67,601.16,-178.19,12.69,GUNKUL,Energy,-129.57999999999993
2021-06-18,806.28,582.67,1388.95,223.61,11.21,GUNKUL,Energy,94.03000000000009
2021-06-21,938.05,1292.82,2230.87,-354.78,12.28,GUNKUL,Energy,-260.7499999999999
2021-06-22,839.12,851.93,1691.05,-12.8,12.52,GUNKUL,Energy,-273.5499999999999
2021-06-23,365.68,431.29,796.97,-65.6,11.93,GUNKUL,Energy,-339.14999999999986
2021-06-24,473.33,388.3,861.64,85.03,13.3,GUNKUL,Energy,-254.11999999999986
2021-06-25,461.26,310.82,772.08,150.45,17.16,GUNKUL,Energy,-103.66999999999987
2021-06-28,476.97,307.62,784.59,169.35,16.08,GUNKUL,Energy,65.68000000000012
2021-06-29,257.86,289.29,547.15,-31.43,17.08,GUNKUL,Energy,34.25000000000012
2021-06-30,207.01,262.23,469.24,-55.23,21.68,GUNKUL,Energy,-20.979999999999876
2021-07-01,400.2,444.54,844.74,-44.33,13.38,GUNKUL,Energy,-65.30999999999987
2021-07-02,231.66,439.3,670.96,-207.64,14.1,GUNKUL,Energy,-272.9499999999999
2021-07-05,263.88,271.99,535.86,-8.11,17.14,GUNKUL,Energy,-281.0599999999999
2021-07-06,129.21,186.81,316.02,-57.6,15.63,GUNKUL,Energy,-338.6599999999999
2021-07-07,113.53,131.31,244.84,-17.78,12.58,GUNKUL,Energy,-356.43999999999994
2021-07-08,223.1,167.75,390.85,55.35,10.52,GUNKUL,Energy,-301.0899999999999
2021-07-09,556.43,393.75,950.18,162.68,17.97,GUNKUL,Energy,-138.4099999999999
2021-07-12,103.68,180.87,284.55,-77.19,14.18,GUNKUL,Energy,-215.5999999999999
2021-07-13,248.33,221.07,469.39,27.26,12.5,GUNKUL,Energy,-188.33999999999992
2021-07-14,199.61,215.65,415.26,-16.05,13.95,GUNKUL,Energy,-204.38999999999993
2021-07-15,58.61,182.31,240.92,-123.7,14.15,GUNKUL,Energy,-328.0899999999999
2021-07-16,1005.09,801.01,1806.1,204.07,16.02,GUNKUL,Energy,-124.01999999999992
2021-07-19,439.94,394.97,834.91,44.97,14.21,GUNKUL,Energy,-79.04999999999993
2021-07-20,246.0,591.0,837.0,-345.01,13.19,GUNKUL,Energy,-424.05999999999995
2021-07-21,176.3,196.92,373.21,-20.62,12.67,GUNKUL,Energy,-444.67999999999995
2021-07-22,104.28,146.85,251.13,-42.57,8.57,GUNKUL,Energy,-487.24999999999994
2021-07-23,72.2,171.91,244.11,-99.71,14.94,GUNKUL,Energy,-586.9599999999999
2021-07-27,80.66,123.52,204.18,-42.86,12.42,GUNKUL,Energy,-629.8199999999999
2021-07-29,251.13,195.3,446.43,55.82,14.04,GUNKUL,Energy,-573.9999999999999
2021-07-30,186.62,175.32,361.94,11.31,15.29,GUNKUL,Energy,-562.6899999999999
2021-08-02,88.71,59.02,147.73,29.68,16.15,GUNKUL,Energy,-533.01
2021-08-03,231.68,149.18,380.86,82.5,15.85,GUNKUL,Energy,-450.51
2021-08-04,162.13,140.35,302.47,21.78,17.67,GUNKUL,Energy,-428.73
2021-08-05,199.09,237.56,436.65,-38.47,17.96,GUNKUL,Energy,-467.20000000000005
2021-08-06,144.3,182.99,327.29,-38.69,16.16,GUNKUL,Energy,-505.89000000000004
2021-08-09,72.48,49.71,122.19,22.77,14.84,GUNKUL,Energy,-483.12000000000006
2021-08-10,132.99,101.89,234.88,31.1,17.55,GUNKUL,Energy,-452.02000000000004
2021-08-11,791.64,523.2,1314.84,268.45,14.75,GUNKUL,Energy,-183.57000000000005
2021-08-13,181.49,275.88,457.37,-94.4,19.04,GUNKUL,Energy,-277.97
2021-08-16,89.01,145.23,234.24,-56.23,13.89,GUNKUL,Energy,-334.20000000000005
2021-08-17,123.5,85.57,209.07,37.93,17.97,GUNKUL,Energy,-296.27000000000004
2021-08-18,95.41,92.85,188.26,2.56,17.32,GUNKUL,Energy,-293.71000000000004
2021-08-19,228.57,118.48,347.05,110.1,22.83,GUNKUL,Energy,-183.61000000000004
2021-08-20,259.69,119.53,379.21,140.16,26.87,GUNKUL,Energy,-43.450000000000045
2021-08-23,673.04,223.52,896.56,449.53,16.52,GUNKUL,Energy,406.0799999999999
2021-08-24,342.04,142.92,484.97,199.12,11.58,GUNKUL,Energy,605.1999999999999
2021-08-25,248.95,71.0,319.95,177.96,13.28,GUNKUL,Energy,783.16
2021-08-26,221.48,545.93,767.41,-324.45,12.82,GUNKUL,Energy,458.71
2021-08-27,204.47,413.82,618.29,-209.36,14.58,GUNKUL,Energy,249.34999999999997
2021-08-30,131.44,211.28,342.72,-79.84,14.17,GUNKUL,Energy,169.50999999999996
2021-08-31,183.11,282.5,465.6,-99.39,19.59,GUNKUL,Energy,70.11999999999996
2021-09-01,126.59,225.26,351.84,-98.67,17.18,GUNKUL,Energy,-28.55000000000004
2021-09-02,313.41,177.66,491.07,135.75,15.2,GUNKUL,Energy,107.19999999999996
2021-09-03,51.4,130.8,182.2,-79.4,9.53,GUNKUL,Energy,27.799999999999955
2021-09-06,38.6,65.72,104.31,-27.12,13.79,GUNKUL,Energy,0.6799999999999535
2021-09-07,75.15,167.37,242.52,-92.23,15.28,GUNKUL,Energy,-91.55000000000005
2021-09-08,62.59,82.0,144.58,-19.41,17.42,GUNKUL,Energy,-110.96000000000005
2021-09-09,81.68,63.45,145.13,18.22,18.42,GUNKUL,Energy,-92.74000000000005
2021-09-10,175.62,142.44,318.06,33.18,16.51,GUNKUL,Energy,-59.56000000000005
2021-09-13,51.67,40.1,91.77,11.57,12.83,GUNKUL,Energy,-47.99000000000005
2021-09-14,290.16,208.85,499.01,81.31,21.54,GUNKUL,Energy,33.31999999999995
2021-09-15,99.28,67.72,167.0,31.55,18.78,GUNKUL,Energy,64.86999999999995
2021-09-16,54.07,50.09,104.16,3.98,17.43,GUNKUL,Energy,68.84999999999995
2021-09-17,91.54,127.2,218.74,-35.66,29.78,GUNKUL,Energy,33.189999999999955
2021-09-20,80.45,85.14,165.59,-4.69,27.68,GUNKUL,Energy,28.499999999999954
2021-09-21,153.09,54.62,207.71,98.47,18.22,GUNKUL,Energy,126.96999999999996
2021-09-22,94.15,30.12,124.27,64.02,27.27,GUNKUL,Energy,190.98999999999995
2021-09-23,438.82,190.11,628.92,248.71,21.89,GUNKUL,Energy,439.69999999999993
2021-09-27,339.63,161.73,501.36,177.9,18.39,GUNKUL,Energy,617.5999999999999
2021-09-28,56.09,186.42,242.52,-130.33,23.04,GUNKUL,Energy,487.26999999999987
2021-09-29,124.21,137.11,261.31,-12.9,26.97,GUNKUL,Energy,474.3699999999999
2021-09-30,1114.45,493.93,1608.38,620.52,15.57,GUNKUL,Energy,1094.8899999999999
2021-10-01,419.06,347.79,766.85,71.26,18.25,GUNKUL,Energy,1166.1499999999999
2021-10-04,308.47,543.14,851.61,-234.67,20.1,GUNKUL,Energy,931.4799999999999
2021-10-05,291.66,304.02,595.68,-12.37,13.3,GUNKUL,Energy,919.1099999999999
2021-10-06,708.56,234.8,943.36,473.76,17.03,GUNKUL,Energy,1392.87
2021-10-07,406.6,139.89,546.49,266.7,15.79,GUNKUL,Energy,1659.57
2021-10-08,389.68,153.88,543.56,235.8,20.39,GUNKUL,Energy,1895.37
2021-10-11,342.95,154.39,497.34,188.56,19.71,GUNKUL,Energy,2083.93
2021-10-12,158.05,126.07,284.11,31.98,18.33,GUNKUL,Energy,2115.91
2021-10-14,225.74,187.36,413.1,38.37,23.47,GUNKUL,Energy,2154.2799999999997
2021-10-15,135.7,108.15,243.85,27.55,22.8,GUNKUL,Energy,2181.83
2021-10-18,112.71,42.02,154.72,70.69,25.38,GUNKUL,Energy,2252.52
2021-10-19,226.51,110.55,337.06,115.97,20.0,GUNKUL,Energy,2368.49
2021-10-20,97.82,61.69,159.51,36.12,19.49,GUNKUL,Energy,2404.6099999999997
2021-10-21,116.96,115.95,232.91,1.01,31.04,GUNKUL,Energy,2405.62
2021-10-25,65.39,100.82,166.21,-35.43,20.16,GUNKUL,Energy,2370.19
2021-10-26,74.46,172.52,246.98,-98.06,22.17,GUNKUL,Energy,2272.13
2021-10-27,89.06,147.15,236.22,-58.09,27.36,GUNKUL,Energy,2214.04
2021-10-28,64.02,26.63,90.65,37.39,17.79,GUNKUL,Energy,2251.43
2021-10-29,75.63,76.5,152.13,-0.87,23.33,GUNKUL,Energy,2250.56
2021-11-01,17.09,22.29,39.39,-5.2,16.02,GUNKUL,Energy,2245.36
2021-11-02,157.63,186.27,343.9,-28.63,16.92,GUNKUL,Energy,2216.73
2021-11-03,61.25,221.44,282.69,-160.19,24.25,GUNKUL,Energy,2056.54
2021-11-04,86.47,142.73,229.2,-56.26,32.3,GUNKUL,Energy,2000.28
2021-11-05,68.64,129.26,197.9,-60.62,25.73,GUNKUL,Energy,1939.66
2021-11-08,581.16,1363.7,1944.86,-782.53,20.31,GUNKUL,Energy,1157.13
2021-11-09,222.27,441.52,663.79,-219.25,24.83,GUNKUL,Energy,937.8800000000001
2021-11-10,202.12,406.28,608.4,-204.15,25.55,GUNKUL,Energy,733.7300000000001
2021-11-11,132.34,184.16,316.5,-51.82,18.79,GUNKUL,Energy,681.9100000000001
2021-11-12,99.31,195.57,294.88,-96.26,29.58,GUNKUL,Energy,585.6500000000001
2021-11-15,91.91,170.55,262.46,-78.64,23.34,GUNKUL,Energy,507.0100000000001
2021-11-16,164.52,294.7,459.21,-130.18,20.98,GUNKUL,Energy,376.8300000000001
2021-11-17,37.05,139.84,176.9,-102.79,27.19,GUNKUL,Energy,274.0400000000001
2021-11-18,89.82,113.53,203.35,-23.71,28.37,GUNKUL,Energy,250.33000000000007
2021-11-19,318.8,389.83,708.64,-71.03,16.26,GUNKUL,Energy,179.30000000000007
2021-11-22,198.68,249.71,448.39,-51.04,20.19,GUNKUL,Energy,128.26000000000008
2021-11-23,96.33,173.96,270.29,-77.64,20.19,GUNKUL,Energy,50.620000000000076
2021-11-24,248.67,237.73,486.4,10.94,16.87,GUNKUL,Energy,61.56000000000007
2021-11-25,43.35,165.95,209.3,-122.6,17.49,GUNKUL,Energy,-61.03999999999992
2021-11-26,231.34,260.37,491.71,-29.03,19.43,GUNKUL,Energy,-90.06999999999992
2021-11-29,157.07,191.07,348.13,-34.0,22.98,GUNKUL,Energy,-124.06999999999992
2021-11-30,430.99,293.48,724.47,137.51,22.12,GUNKUL,Energy,13.440000000000069
2021-12-01,247.48,184.12,431.6,63.36,25.47,GUNKUL,Energy,76.80000000000007
2021-12-02,137.95,129.39,267.34,8.57,27.56,GUNKUL,Energy,85.37000000000006
2021-12-03,87.11,51.2,138.31,35.92,30.16,GUNKUL,Energy,121.29000000000006
2021-12-07,70.6,48.65,119.25,21.95,30.17,GUNKUL,Energy,143.24000000000007
2021-12-08,249.77,266.43,516.2,-16.66,27.96,GUNKUL,Energy,126.58000000000007
2021-12-09,84.07,98.28,182.36,-14.21,27.4,GUNKUL,Energy,112.37000000000006
2021-12-13,148.15,128.9,277.05,19.24,35.08,GUNKUL,Energy,131.61000000000007
2021-12-14,75.38,38.27,113.65,37.11,30.28,GUNKUL,Energy,168.72000000000008
2021-12-15,263.54,206.05,469.58,57.49,22.66,GUNKUL,Energy,226.2100000000001
2021-12-16,321.08,259.59,580.67,61.5,13.13,GUNKUL,Energy,287.7100000000001
2021-12-17,166.62,189.39,356.0,-22.77,12.56,GUNKUL,Energy,264.9400000000001
2021-12-20,121.41,64.8,186.21,56.62,16.54,GUNKUL,Energy,321.5600000000001
2021-12-21,33.11,26.94,60.05,6.17,8.62,GUNKUL,Energy,327.73000000000013
2021-12-22,138.24,117.39,255.63,20.85,16.76,GUNKUL,Energy,348.58000000000015
2021-12-23,139.3,65.62,204.92,73.68,10.9,GUNKUL,Energy,422.26000000000016
2021-12-24,36.78,33.32,70.1,3.46,4.95,GUNKUL,Energy,425.72000000000014
2021-12-27,371.6,136.81,508.4,234.79,12.1,GUNKUL,Energy,660.5100000000001
2021-12-28,234.83,155.43,390.26,79.41,16.0,GUNKUL,Energy,739.9200000000001
2021-12-29,137.34,82.79,220.13,54.55,19.03,GUNKUL,Energy,794.47
2021-12-30,135.31,28.23,163.53,107.08,25.68,GUNKUL,Energy,901.5500000000001
2022-01-04,328.76,145.33,474.09,183.42,16.68,GUNKUL,Energy,1084.97
2022-01-05,77.04,93.44,170.48,-16.4,18.88,GUNKUL,Energy,1068.57
2022-01-06,193.96,135.39,329.35,58.58,22.56,GUNKUL,Energy,1127.1499999999999
2022-01-07,136.02,107.57,243.6,28.45,12.54,GUNKUL,Energy,1155.6
2022-01-10,81.85,38.44,120.28,43.41,17.47,GUNKUL,Energy,1199.01
2022-01-11,47.92,22.72,70.63,25.2,14.39,GUNKUL,Energy,1224.21
2022-01-12,89.83,41.38,131.21,48.45,19.34,GUNKUL,Energy,1272.66
2022-01-13,82.6,130.18,212.78,-47.58,12.72,GUNKUL,Energy,1225.0800000000002
2022-01-14,151.47,363.86,515.33,-212.38,18.05,GUNKUL,Energy,1012.7000000000002
2022-01-17,397.83,366.84,764.67,31.0,15.31,GUNKUL,Energy,1043.7000000000003
2022-01-18,715.8,627.63,1343.43,88.17,14.95,GUNKUL,Energy,1131.8700000000003
2022-01-19,477.85,302.05,779.9,175.8,16.68,GUNKUL,Energy,1307.6700000000003
2022-01-20,308.18,187.82,496.0,120.36,16.31,GUNKUL,Energy,1428.0300000000002
2022-01-21,379.07,265.32,644.39,113.75,17.79,GUNKUL,Energy,1541.7800000000002
2022-01-24,315.93,378.95,694.87,-63.02,19.32,GUNKUL,Energy,1478.7600000000002
2022-01-25,391.19,184.71,575.9,206.48,21.06,GUNKUL,Energy,1685.2400000000002
2022-01-26,134.69,156.87,291.56,-22.18,16.7,GUNKUL,Energy,1663.0600000000002
2022-01-27,283.87,138.27,422.13,145.6,17.9,GUNKUL,Energy,1808.66
2022-01-28,291.33,296.03,587.36,-4.7,20.88,GUNKUL,Energy,1803.96
2022-01-31,105.54,318.36,423.9,-212.83,18.08,GUNKUL,Energy,1591.13
2022-02-01,231.39,153.1,384.49,78.3,12.38,GUNKUL,Energy,1669.43
2022-02-02,124.94,310.75,435.69,-185.82,21.42,GUNKUL,Energy,1483.6100000000001
2022-02-03,126.81,91.84,218.65,34.97,17.08,GUNKUL,Energy,1518.5800000000002
2022-02-04,151.22,106.01,257.23,45.21,28.49,GUNKUL,Energy,1563.7900000000002
2022-02-07,112.3,118.67,230.97,-6.37,19.53,GUNKUL,Energy,1557.4200000000003
2022-02-08,149.33,121.94,271.27,27.39,21.65,GUNKUL,Energy,1584.8100000000004
2022-02-09,60.33,82.55,142.88,-22.22,18.59,GUNKUL,Energy,1562.5900000000004
2022-02-10,127.71,106.23,233.94,21.49,21.18,GUNKUL,Energy,1584.0800000000004
2022-02-11,249.69,108.91,358.59,140.78,25.52,GUNKUL,Energy,1724.8600000000004
2022-02-14,328.56,83.71,412.27,244.86,26.32,GUNKUL,Energy,1969.7200000000003
2022-02-15,127.24,126.66,253.9,0.58,30.43,GUNKUL,Energy,1970.3000000000002
2022-02-17,168.23,145.87,314.11,22.36,23.45,GUNKUL,Energy,1992.66
2022-02-18,102.87,50.94,153.81,51.92,30.26,GUNKUL,Energy,2044.5800000000002
2022-02-21,162.01,166.18,328.19,-4.17,23.41,GUNKUL,Energy,2040.41
2022-02-22,240.05,135.2,375.25,104.85,22.92,GUNKUL,Energy,2145.26
2022-02-23,89.77,75.78,165.55,13.98,23.07,GUNKUL,Energy,2159.2400000000002
2022-02-24,193.87,196.07,389.95,-2.2,16.81,GUNKUL,Energy,2157.0400000000004
2022-02-25,91.53,102.01,193.53,-10.48,22.36,GUNKUL,Energy,2146.5600000000004
2022-02-28,56.31,69.79,126.09,-13.48,32.98,GUNKUL,Energy,2133.0800000000004
2022-03-01,100.42,114.4,214.81,-13.98,16.59,GUNKUL,Energy,2119.1000000000004
2022-03-02,52.5,65.63,118.12,-13.13,15.58,GUNKUL,Energy,2105.9700000000003
2022-03-03,130.28,274.63,404.91,-144.35,19.3,GUNKUL,Energy,1961.6200000000003
2022-03-04,106.73,373.79,480.52,-267.05,20.3,GUNKUL,Energy,1694.5700000000004
2022-03-07,290.45,215.55,506.0,74.9,22.05,GUNKUL,Energy,1769.4700000000005
2022-03-08,658.21,368.25,1026.46,289.96,27.13,GUNKUL,Energy,2059.4300000000003
2022-03-09,131.29,156.1,287.39,-24.81,24.03,GUNKUL,Energy,2034.6200000000003
2022-03-10,111.72,172.44,284.16,-60.72,24.64,GUNKUL,Energy,1973.9000000000003
2022-03-11,63.49,91.68,155.17,-28.19,19.97,GUNKUL,Energy,1945.7100000000003
2022-03-14,57.38,78.6,135.99,-21.22,29.86,GUNKUL,Energy,1924.4900000000002
2022-03-15,237.03,301.17,538.2,-64.13,23.48,GUNKUL,Energy,1860.3600000000001
2022-03-16,70.04,109.53,179.57,-39.49,31.48,GUNKUL,Energy,1820.8700000000001
2022-03-17,91.83,88.51,180.33,3.32,24.09,GUNKUL,Energy,1824.19
2022-03-18,28.31,54.23,82.54,-25.92,18.61,GUNKUL,Energy,1798.27
2022-03-21,68.58,69.64,138.22,-1.06,18.91,GUNKUL,Energy,1797.21
2022-03-22,25.8,32.41,58.21,-6.61,23.88,GUNKUL,Energy,1790.6000000000001
2022-03-23,105.17,167.59,272.76,-62.42,22.95,GUNKUL,Energy,1728.18
2022-03-24,60.43,94.78,155.21,-34.35,25.43,GUNKUL,Energy,1693.8300000000002
2022-03-25,82.62,260.4,343.02,-177.78,18.57,GUNKUL,Energy,1516.0500000000002
2022-03-28,30.85,78.5,109.35,-47.64,27.53,GUNKUL,Energy,1468.41
2022-03-29,83.84,52.8,136.64,31.03,20.34,GUNKUL,Energy,1499.44
2022-03-30,102.85,75.65,178.5,27.19,18.94,GUNKUL,Energy,1526.63
2022-03-31,67.81,90.63,158.44,-22.82,29.6,GUNKUL,Energy,1503.8100000000002
2022-04-01,36.39,21.94,58.33,14.44,21.09,GUNKUL,Energy,1518.2500000000002
2022-04-04,224.33,222.63,446.95,1.7,22.94,GUNKUL,Energy,1519.9500000000003
2022-04-05,117.28,379.88,497.16,-262.6,27.19,GUNKUL,Energy,1257.3500000000004
2022-04-07,96.93,200.47,297.4,-103.55,24.83,GUNKUL,Energy,1153.8000000000004
2022-04-08,64.25,56.79,121.04,7.46,25.68,GUNKUL,Energy,1161.2600000000004
2022-04-11,53.86,85.02,138.88,-31.15,24.49,GUNKUL,Energy,1130.1100000000004
2022-04-12,71.77,85.74,157.51,-13.98,33.56,GUNKUL,Energy,1116.1300000000003
2022-04-18,61.11,162.56,223.67,-101.45,24.38,GUNKUL,Energy,1014.6800000000003
2022-04-19,136.11,181.2,317.31,-45.09,18.7,GUNKUL,Energy,969.5900000000003
2022-04-20,16.47,28.72,45.2,-12.25,22.32,GUNKUL,Energy,957.3400000000003
2022-04-21,72.87,66.49,139.36,6.38,22.45,GUNKUL,Energy,963.7200000000003
2022-04-22,30.57,46.2,76.77,-15.62,24.83,GUNKUL,Energy,948.1000000000003
2022-04-25,35.16,53.74,88.9,-18.59,15.53,GUNKUL,Energy,929.5100000000002
2022-04-26,63.31,54.67,117.99,8.64,33.78,GUNKUL,Energy,938.1500000000002
2022-04-27,57.42,95.42,152.83,-38.0,22.96,GUNKUL,Energy,900.1500000000002
2022-04-28,73.91,58.84,132.75,15.07,20.02,GUNKUL,Energy,915.2200000000003
2022-04-29,37.84,27.15,64.99,10.69,19.16,GUNKUL,Energy,925.9100000000003
2022-05-03,156.86,183.34,340.2,-26.48,30.05,GUNKUL,Energy,899.4300000000003
2022-05-05,85.04,75.5,160.54,9.55,26.38,GUNKUL,Energy,908.9800000000002
2022-05-06,183.33,80.17,263.5,103.15,27.46,GUNKUL,Energy,1012.1300000000002
2022-05-09,168.57,97.95,266.51,70.62,33.62,GUNKUL,Energy,1082.7500000000002
2022-05-10,132.58,151.44,284.02,-18.86,25.17,GUNKUL,Energy,1063.8900000000003
2022-05-11,63.24,58.47,121.7,4.77,28.56,GUNKUL,Energy,1068.6600000000003
2022-05-12,252.06,313.35,565.41,-61.29,38.41,GUNKUL,Energy,1007.3700000000003
2022-05-13,86.18,102.18,188.35,-16.0,35.34,GUNKUL,Energy,991.3700000000003
2022-05-17,69.33,55.69,125.02,13.63,29.8,GUNKUL,Energy,1005.0000000000003
2022-05-18,81.49,166.19,247.68,-84.71,32.21,GUNKUL,Energy,920.2900000000003
2022-05-19,98.18,125.76,223.94,-27.58,22.07,GUNKUL,Energy,892.7100000000003
2022-05-20,53.6,108.2,161.8,-54.59,27.49,GUNKUL,Energy,838.1200000000002
2022-05-23,74.28,88.84,163.13,-14.56,32.47,GUNKUL,Energy,823.5600000000003
2022-05-24,238.79,391.37,630.16,-152.59,26.17,GUNKUL,Energy,670.9700000000003
2022-05-25,107.19,216.35,323.54,-109.16,23.44,GUNKUL,Energy,561.8100000000003
2022-05-26,94.08,111.81,205.89,-17.74,18.56,GUNKUL,Energy,544.0700000000003
2022-05-27,47.64,50.22,97.86,-2.58,18.46,GUNKUL,Energy,541.4900000000002
2022-05-30,57.48,56.14,113.61,1.34,19.58,GUNKUL,Energy,542.8300000000003
2022-05-31,72.46,84.24,156.7,-11.77,25.71,GUNKUL,Energy,531.0600000000003
2022-06-01,113.54,167.82,281.36,-54.28,32.79,GUNKUL,Energy,476.7800000000003
2022-06-02,50.36,67.71,118.07,-17.35,24.05,GUNKUL,Energy,459.4300000000003
2022-06-06,48.41,42.49,90.9,5.91,32.32,GUNKUL,Energy,465.3400000000003
2022-06-07,171.32,156.61,327.93,14.7,19.84,GUNKUL,Energy,480.0400000000003
2022-06-08,163.75,299.14,462.89,-135.39,20.02,GUNKUL,Energy,344.6500000000003
2022-06-09,179.04,240.42,419.46,-61.38,31.29,GUNKUL,Energy,283.2700000000003
2022-06-10,100.24,95.0,195.24,5.24,31.1,GUNKUL,Energy,288.51000000000033
2022-06-13,141.14,91.86,233.0,49.28,26.59,GUNKUL,Energy,337.7900000000003
2022-06-14,89.81,75.54,165.35,14.27,32.9,GUNKUL,Energy,352.0600000000003
2022-06-15,144.84,113.05,257.89,31.79,21.99,GUNKUL,Energy,383.8500000000003
2022-06-16,142.43,183.96,326.39,-41.53,30.23,GUNKUL,Energy,342.3200000000003
2022-06-17,163.43,174.04,337.47,-10.62,36.03,GUNKUL,Energy,331.7000000000003
2022-06-20,100.38,97.29,197.67,3.09,23.96,GUNKUL,Energy,334.79000000000025
2022-06-21,53.87,101.81,155.68,-47.94,26.15,GUNKUL,Energy,286.85000000000025
2022-06-22,74.75,81.23,155.98,-6.47,37.98,GUNKUL,Energy,280.3800000000002
2022-06-23,59.3,38.8,98.1,20.51,36.71,GUNKUL,Energy,300.8900000000002
2022-06-24,123.3,71.95,195.26,51.35,30.39,GUNKUL,Energy,352.24000000000024
2022-06-27,174.74,23.02,197.76,151.72,35.33,GUNKUL,Energy,503.96000000000026
2022-06-28,182.33,77.12,259.45,105.21,28.83,GUNKUL,Energy,609.1700000000003
2022-06-29,105.28,117.08,222.37,-11.8,34.31,GUNKUL,Energy,597.3700000000003
2022-06-30,180.16,179.46,359.62,0.7,34.73,GUNKUL,Energy,598.0700000000004
2022-07-01,106.66,108.98,215.64,-2.32,23.07,GUNKUL,Energy,595.7500000000003
2022-07-04,62.8,74.71,137.51,-11.91,31.9,GUNKUL,Energy,583.8400000000004
2022-07-05,121.6,118.31,239.91,3.29,23.97,GUNKUL,Energy,587.1300000000003
2022-07-06,131.62,137.86,269.48,-6.24,40.68,GUNKUL,Energy,580.8900000000003
2022-07-07,48.77,67.88,116.65,-19.11,35.08,GUNKUL,Energy,561.7800000000003
2022-07-08,36.16,38.99,75.15,-2.83,37.5,GUNKUL,Energy,558.9500000000003
2022-07-11,42.17,20.93,63.09,21.24,27.5,GUNKUL,Energy,580.1900000000003
2022-07-12,68.39,81.15,149.54,-12.76,10.74,GUNKUL,Energy,567.4300000000003
2022-07-14,64.58,47.84,112.42,16.74,37.12,GUNKUL,Energy,584.1700000000003
2022-07-15,84.57,118.34,202.91,-33.77,37.97,GUNKUL,Energy,550.4000000000003
2022-07-18,55.45,21.93,77.38,33.52,37.11,GUNKUL,Energy,583.9200000000003
2022-07-19,47.43,57.89,105.32,-10.46,39.14,GUNKUL,Energy,573.4600000000003
2022-07-20,38.74,26.47,65.21,12.26,31.54,GUNKUL,Energy,585.7200000000003
2022-07-21,5.39,8.6,13.99,-3.21,18.16,GUNKUL,Energy,582.5100000000002
2022-07-22,50.61,45.57,96.18,5.04,32.93,GUNKUL,Energy,587.5500000000002
2022-07-25,15.15,15.23,30.38,-0.09,10.01,GUNKUL,Energy,587.4600000000002
2022-07-26,32.86,40.97,73.83,-8.11,21.2,GUNKUL,Energy,579.3500000000001
2022-07-27,66.09,44.79,110.88,21.3,34.47,GUNKUL,Energy,600.6500000000001
2022-08-01,67.15,49.79,116.94,17.36,20.82,GUNKUL,Energy,618.0100000000001
2022-08-02,89.49,91.96,181.46,-2.47,29.9,GUNKUL,Energy,615.5400000000001
2022-08-03,128.21,242.45,370.66,-114.24,18.1,GUNKUL,Energy,501.30000000000007
2022-08-04,52.61,36.44,89.05,16.17,14.86,GUNKUL,Energy,517.47
2022-08-05,12.78,8.83,21.61,3.94,6.9,GUNKUL,Energy,521.4100000000001
2022-08-08,89.16,48.49,137.65,40.68,25.1,GUNKUL,Energy,562.09
2022-08-09,43.67,25.27,68.94,18.4,19.91,GUNKUL,Energy,580.49
2022-08-10,20.51,27.42,47.93,-6.91,18.3,GUNKUL,Energy,573.58
2022-08-11,50.38,39.96,90.35,10.42,24.15,GUNKUL,Energy,584.0
2022-08-15,27.28,17.76,45.03,9.52,18.7,GUNKUL,Energy,593.52
2022-08-16,15.67,19.4,35.07,-3.73,22.2,GUNKUL,Energy,589.79
2022-08-17,8.61,5.8,14.41,2.81,9.69,GUNKUL,Energy,592.5999999999999
2022-08-18,24.06,3.65,27.71,20.42,25.09,GUNKUL,Energy,613.0199999999999
2022-08-19,39.46,59.65,99.11,-20.18,32.33,GUNKUL,Energy,592.8399999999999
2022-08-22,31.57,36.85,68.42,-5.27,26.42,GUNKUL,Energy,587.5699999999999
2022-08-23,16.78,5.53,22.31,11.25,17.23,GUNKUL,Energy,598.8199999999999
2022-08-24,20.22,25.69,45.91,-5.47,15.53,GUNKUL,Energy,593.3499999999999
2022-08-25,9.03,8.17,17.2,0.85,13.89,GUNKUL,Energy,594.1999999999999
2022-08-26,39.07,60.64,99.72,-21.57,17.08,GUNKUL,Energy,572.6299999999999
2022-08-29,58.31,63.15,121.46,-4.84,27.21,GUNKUL,Energy,567.7899999999998
2022-08-30,49.57,53.48,103.04,-3.91,22.0,GUNKUL,Energy,563.8799999999999
2022-08-31,47.0,21.83,68.84,25.17,21.63,GUNKUL,Energy,589.0499999999998
2022-09-01,204.73,163.91,368.65,40.82,19.18,GUNKUL,Energy,629.8699999999999
2022-09-02,45.72,142.86,188.58,-97.14,19.61,GUNKUL,Energy,532.7299999999999
2022-09-05,122.92,224.68,347.6,-101.76,19.73,GUNKUL,Energy,430.9699999999999
2022-09-06,98.05,97.26,195.31,0.79,25.95,GUNKUL,Energy,431.75999999999993
2022-09-07,37.93,19.54,57.47,18.39,14.92,GUNKUL,Energy,450.1499999999999
2022-09-08,146.45,154.05,300.5,-7.6,20.38,GUNKUL,Energy,442.5499999999999
2022-09-09,109.89,106.63,216.52,3.25,21.03,GUNKUL,Energy,445.7999999999999
2022-09-12,16.91,41.85,58.76,-24.94,13.62,GUNKUL,Energy,420.8599999999999
2022-09-13,52.08,89.36,141.43,-37.28,15.78,GUNKUL,Energy,383.5799999999999
2022-09-14,129.12,81.3,210.42,47.81,27.14,GUNKUL,Energy,431.38999999999993
2022-09-15,148.76,191.51,340.27,-42.75,20.76,GUNKUL,Energy,388.63999999999993
2022-09-16,107.39,45.36,152.76,62.03,26.26,GUNKUL,Energy,450.66999999999996
2022-09-19,16.77,17.2,33.97,-0.43,15.72,GUNKUL,Energy,450.23999999999995
2022-09-20,16.87,30.62,47.49,-13.75,17.83,GUNKUL,Energy,436.48999999999995
2022-09-21,36.26,30.96,67.22,5.3,30.81,GUNKUL,Energy,441.78999999999996
2022-09-22,65.34,80.03,145.37,-14.69,22.76,GUNKUL,Energy,427.09999999999997
2022-09-23,66.89,73.62,140.52,-6.73,25.29,GUNKUL,Energy,420.36999999999995
2022-09-26,58.8,110.51,169.31,-51.72,41.56,GUNKUL,Energy,368.65
2022-09-27,176.66,114.17,290.83,62.49,26.94,GUNKUL,Energy,431.14
2022-09-28,63.91,89.14,153.05,-25.22,30.22,GUNKUL,Energy,405.91999999999996
2022-09-29,50.84,128.64,179.48,-77.79,18.59,GUNKUL,Energy,328.12999999999994
2022-09-30,133.68,204.48,338.15,-70.8,27.52,GUNKUL,Energy,257.3299999999999
2022-10-03,78.55,64.26,142.81,14.28,28.78,GUNKUL,Energy,271.6099999999999
2022-10-04,74.15,180.84,255.0,-106.69,28.78,GUNKUL,Energy,164.9199999999999
2022-10-05,69.01,49.39,118.4,19.62,22.98,GUNKUL,Energy,184.5399999999999
2022-10-06,18.25,18.54,36.78,-0.29,23.67,GUNKUL,Energy,184.24999999999991
2022-10-07,19.03,27.4,46.43,-8.38,19.59,GUNKUL,Energy,175.86999999999992
2022-10-10,71.51,138.43,209.94,-66.92,19.77,GUNKUL,Energy,108.94999999999992
2022-10-11,132.5,93.01,225.51,39.49,27.4,GUNKUL,Energy,148.4399999999999
2022-10-12,58.28,88.42,146.7,-30.14,28.38,GUNKUL,Energy,118.29999999999991
2022-10-17,66.48,67.55,134.03,-1.07,32.53,GUNKUL,Energy,117.22999999999992
2022-10-18,77.61,26.85,104.46,50.76,24.78,GUNKUL,Energy,167.98999999999992
2022-10-19,26.54,8.1,34.64,18.44,21.51,GUNKUL,Energy,186.42999999999992
2022-10-20,170.5,199.74,370.24,-29.24,46.09,GUNKUL,Energy,157.1899999999999
2022-10-21,26.1,9.8,35.91,16.3,18.94,GUNKUL,Energy,173.48999999999992
2022-10-25,48.77,8.79,57.56,39.97,21.23,GUNKUL,Energy,213.45999999999992
2022-10-26,158.59,131.36,289.95,27.22,19.05,GUNKUL,Energy,240.67999999999992
2022-10-27,125.83,75.3,201.14,50.53,26.06,GUNKUL,Energy,291.2099999999999
2022-10-28,30.92,88.63,119.55,-57.71,17.54,GUNKUL,Energy,233.49999999999991
2022-10-31,127.63,47.66,175.29,79.97,20.86,GUNKUL,Energy,313.4699999999999
2022-11-01,94.77,55.83,150.6,38.94,29.15,GUNKUL,Energy,352.4099999999999
2022-11-02,73.24,54.77,128.01,18.46,21.11,GUNKUL,Energy,370.8699999999999
2022-11-03,36.99,35.39,72.37,1.6,28.28,GUNKUL,Energy,372.4699999999999
2022-11-04,38.49,29.91,68.4,8.59,22.26,GUNKUL,Energy,381.0599999999999
2022-11-07,26.74,33.62,60.36,-6.88,23.28,GUNKUL,Energy,374.1799999999999
2022-11-08,22.07,14.75,36.82,7.31,32.4,GUNKUL,Energy,381.4899999999999
2022-11-09,68.38,42.1,110.48,26.29,22.54,GUNKUL,Energy,407.7799999999999
2022-11-10,40.94,22.74,63.68,18.2,34.65,GUNKUL,Energy,425.9799999999999
2022-11-11,171.2,92.84,264.04,78.35,20.95,GUNKUL,Energy,504.3299999999999
2022-11-14,64.36,65.46,129.82,-1.1,22.81,GUNKUL,Energy,503.2299999999999
2022-11-15,1.07,6.54,7.61,-5.46,11.45,GUNKUL,Energy,497.7699999999999
2022-11-16,37.61,40.54,78.15,-2.93,43.4,GUNKUL,Energy,494.8399999999999
2022-11-17,8.26,8.98,17.24,-0.73,13.04,GUNKUL,Energy,494.1099999999999
2022-11-18,22.51,30.12,52.63,-7.61,23.49,GUNKUL,Energy,486.4999999999999
2022-11-21,18.42,17.85,36.27,0.57,15.05,GUNKUL,Energy,487.0699999999999
2022-11-22,49.81,34.92,84.73,14.89,21.73,GUNKUL,Energy,501.95999999999987
2022-11-23,52.48,37.52,90.0,14.96,20.98,GUNKUL,Energy,516.9199999999998
2022-11-24,40.89,16.75,57.64,24.14,17.23,GUNKUL,Energy,541.0599999999998
2022-11-25,70.7,68.23,138.93,2.47,21.18,GUNKUL,Energy,543.5299999999999
2022-11-28,76.26,43.59,119.85,32.66,29.34,GUNKUL,Energy,576.1899999999998
2022-11-29,73.54,79.71,153.25,-6.18,33.19,GUNKUL,Energy,570.0099999999999
2022-11-30,121.33,78.61,199.94,42.73,26.7,GUNKUL,Energy,612.7399999999999
2022-12-01,91.74,119.51,211.24,-27.77,25.68,GUNKUL,Energy,584.9699999999999
2022-12-02,16.04,19.12,35.16,-3.09,18.32,GUNKUL,Energy,581.8799999999999
2022-12-06,56.72,114.05,170.77,-57.33,16.5,GUNKUL,Energy,524.5499999999998
2022-12-07,57.78,68.01,125.79,-10.23,23.54,GUNKUL,Energy,514.3199999999998
2022-12-08,12.26,3.25,15.51,9.01,17.11,GUNKUL,Energy,523.3299999999998
2022-12-09,38.8,48.05,86.85,-9.25,24.09,GUNKUL,Energy,514.0799999999998
2022-12-13,7.66,14.72,22.38,-7.07,13.65,GUNKUL,Energy,507.0099999999998
2022-12-14,30.33,26.54,56.87,3.78,23.98,GUNKUL,Energy,510.7899999999998
2022-12-15,150.25,201.93,352.18,-51.68,21.95,GUNKUL,Energy,459.1099999999998
2022-12-16,38.95,36.91,75.86,2.04,22.52,GUNKUL,Energy,461.1499999999998
2022-12-19,34.78,66.39,101.17,-31.61,21.97,GUNKUL,Energy,429.5399999999998
2022-12-20,33.29,52.69,85.98,-19.41,23.9,GUNKUL,Energy,410.12999999999977
2022-12-21,41.25,44.88,86.14,-3.63,36.01,GUNKUL,Energy,406.4999999999998
2022-12-22,10.3,36.47,46.77,-26.17,23.42,GUNKUL,Energy,380.32999999999976
2022-12-23,3.48,3.78,7.26,-0.29,14.41,GUNKUL,Energy,380.03999999999974
2022-12-26,9.27,7.14,16.41,2.13,15.55,GUNKUL,Energy,382.16999999999973
2022-12-27,7.64,3.5,11.13,4.14,6.17,GUNKUL,Energy,386.3099999999997
2022-12-28,63.71,62.6,126.31,1.11,24.96,GUNKUL,Energy,387.41999999999973
2022-12-29,9.45,6.63,16.08,2.81,9.67,GUNKUL,Energy,390.22999999999973
2022-12-30,30.29,22.03,52.32,8.25,14.93,GUNKUL,Energy,398.47999999999973
2023-01-03,33.65,56.05,89.7,-22.4,29.99,GUNKUL,Energy,376.07999999999976
2023-01-04,38.49,50.75,89.24,-12.26,16.21,GUNKUL,Energy,363.81999999999977
2023-01-05,60.31,119.35,179.66,-59.03,14.29,GUNKUL,Energy,304.78999999999974
2023-01-06,28.01,28.3,56.31,-0.29,13.1,GUNKUL,Energy,304.4999999999997
2023-01-09,41.47,29.73,71.2,11.74,17.16,GUNKUL,Energy,316.2399999999997
2023-01-10,45.13,26.37,71.5,18.76,25.62,GUNKUL,Energy,334.9999999999997
2023-01-11,37.43,25.6,63.04,11.83,32.41,GUNKUL,Energy,346.8299999999997
2023-01-12,39.07,39.13,78.2,-0.06,17.51,GUNKUL,Energy,346.7699999999997
2023-01-13,21.15,26.66,47.81,-5.51,24.01,GUNKUL,Energy,341.2599999999997
2023-01-16,40.5,42.71,83.21,-2.2,27.13,GUNKUL,Energy,339.0599999999997
2023-01-17,24.92,21.86,46.78,3.06,15.85,GUNKUL,Energy,342.1199999999997
2023-01-18,18.9,41.15,60.05,-22.25,17.56,GUNKUL,Energy,319.8699999999997
2023-01-19,5.74,2.3,8.03,3.44,4.73,GUNKUL,Energy,323.3099999999997
2023-01-20,20.56,45.97,66.53,-25.4,32.58,GUNKUL,Energy,297.90999999999974
2023-01-23,9.14,14.18,23.33,-5.04,9.24,GUNKUL,Energy,292.8699999999997
2023-01-24,14.85,19.35,34.2,-4.51,11.81,GUNKUL,Energy,288.35999999999973
2023-01-25,30.46,51.45,81.91,-20.99,13.0,GUNKUL,Energy,267.3699999999997
2023-01-26,80.87,116.86,197.73,-35.99,17.74,GUNKUL,Energy,231.3799999999997
2023-01-27,49.75,14.3,64.05,35.45,18.71,GUNKUL,Energy,266.8299999999997
2023-01-30,21.05,9.11,30.16,11.94,19.16,GUNKUL,Energy,278.7699999999997
2023-01-31,42.8,30.75,73.54,12.05,18.45,GUNKUL,Energy,290.8199999999997
2023-02-01,60.11,17.66,77.78,42.45,16.98,GUNKUL,Energy,333.2699999999997
2023-02-02,46.01,57.91,103.92,-11.9,17.82,GUNKUL,Energy,321.3699999999997
2023-02-03,2.51,2.14,4.66,0.37,8.34,GUNKUL,Energy,321.7399999999997
2023-02-06,8.47,6.34,14.82,2.13,14.32,GUNKUL,Energy,323.8699999999997
2023-02-07,46.89,30.56,77.45,16.34,14.9,GUNKUL,Energy,340.2099999999997
2023-02-08,58.97,116.79,175.77,-57.82,21.49,GUNKUL,Energy,282.3899999999997
2023-02-09,51.36,61.9,113.26,-10.55,24.73,GUNKUL,Energy,271.8399999999997
2023-02-10,1.97,2.42,4.39,-0.45,6.12,GUNKUL,Energy,271.3899999999997
2023-02-13,100.83,129.31,230.14,-28.48,18.8,GUNKUL,Energy,242.9099999999997
2023-02-14,895.44,1038.03,1933.47,-142.59,17.68,GUNKUL,Energy,100.31999999999971
2023-02-15,210.31,261.14,471.45,-50.83,19.03,GUNKUL,Energy,49.48999999999971
2023-02-16,143.46,151.59,295.04,-8.13,19.0,GUNKUL,Energy,41.35999999999971
2023-02-17,108.3,173.25,281.55,-64.95,26.34,GUNKUL,Energy,-23.590000000000295
2023-02-20,115.21,66.74,181.96,48.47,28.19,GUNKUL,Energy,24.879999999999704
2023-02-21,114.3,110.95,225.25,3.36,18.84,GUNKUL,Energy,28.239999999999704
2023-02-22,46.52,33.13,79.65,13.39,25.5,GUNKUL,Energy,41.629999999999704
2023-02-23,174.33,167.05,341.38,7.28,21.05,GUNKUL,Energy,48.909999999999705
2023-02-24,80.82,74.49,155.31,6.33,24.64,GUNKUL,Energy,55.239999999999704
2023-02-27,45.78,26.0,71.79,19.78,22.98,GUNKUL,Energy,75.0199999999997
2023-02-28,75.14,44.39,119.54,30.75,22.09,GUNKUL,Energy,105.7699999999997
2023-03-01,49.04,32.28,81.32,16.77,25.64,GUNKUL,Energy,122.5399999999997
2023-03-02,137.27,102.17,239.44,35.09,19.18,GUNKUL,Energy,157.6299999999997
2023-03-03,76.33,73.14,149.48,3.19,34.81,GUNKUL,Energy,160.8199999999997
2023-03-07,87.45,43.02,130.47,44.43,33.65,GUNKUL,Energy,205.24999999999972
2023-03-08,59.45,42.67,102.12,16.78,25.4,GUNKUL,Energy,222.02999999999972
2023-03-09,75.15,91.41,166.56,-16.26,18.87,GUNKUL,Energy,205.76999999999973
2023-03-10,76.22,174.02,250.24,-97.8,16.56,GUNKUL,Energy,107.96999999999973
2023-03-13,191.89,138.85,330.74,53.05,20.73,GUNKUL,Energy,161.01999999999973
2023-03-14,101.08,111.15,212.24,-10.07,26.79,GUNKUL,Energy,150.94999999999973
2023-03-15,157.82,72.0,229.82,85.81,22.37,GUNKUL,Energy,236.75999999999974
2023-03-16,121.86,55.58,177.44,66.29,21.92,GUNKUL,Energy,303.0499999999997
2023-03-17,54.87,63.36,118.23,-8.49,24.25,GUNKUL,Energy,294.5599999999997
2023-03-20,81.17,61.14,142.31,20.03,30.08,GUNKUL,Energy,314.5899999999997
2023-03-21,93.06,77.54,170.6,15.51,26.89,GUNKUL,Energy,330.0999999999997
2023-03-22,52.15,39.95,92.1,12.2,22.14,GUNKUL,Energy,342.29999999999967
2023-03-23,101.54,52.79,154.33,48.75,22.7,GUNKUL,Energy,391.04999999999967
2023-03-24,20.71,58.69,79.4,-37.97,27.81,GUNKUL,Energy,353.0799999999997
2023-03-27,22.42,35.32,57.74,-12.91,30.36,GUNKUL,Energy,340.1699999999997
2023-03-28,63.03,38.42,101.45,24.6,24.01,GUNKUL,Energy,364.7699999999997
2023-03-29,42.57,71.66,114.23,-29.09,23.74,GUNKUL,Energy,335.6799999999997
2023-03-30,23.44,38.55,61.99,-15.11,20.48,GUNKUL,Energy,320.5699999999997
2023-03-31,99.92,111.04,210.95,-11.12,27.22,GUNKUL,Energy,309.4499999999997
2023-04-03,116.01,106.13,222.14,9.89,22.15,GUNKUL,Energy,319.3399999999997
2023-04-04,70.94,87.44,158.38,-16.5,21.25,GUNKUL,Energy,302.8399999999997
2023-04-05,106.05,49.34,155.38,56.71,18.54,GUNKUL,Energy,359.54999999999967
2023-04-07,73.09,58.31,131.39,14.78,14.8,GUNKUL,Energy,374.32999999999964
2023-04-10,134.54,91.34,225.88,43.2,31.18,GUNKUL,Energy,417.52999999999963
2023-04-11,44.95,48.73,93.67,-3.78,29.09,GUNKUL,Energy,413.74999999999966
2023-04-12,44.53,47.13,91.66,-2.6,30.13,GUNKUL,Energy,411.14999999999964
2023-04-17,156.42,120.07,276.48,36.35,40.98,GUNKUL,Energy,447.49999999999966
2023-04-18,104.15,116.46,220.61,-12.31,38.32,GUNKUL,Energy,435.18999999999966
2023-04-19,96.03,110.99,207.01,-14.96,44.83,GUNKUL,Energy,420.2299999999997
2023-04-20,96.48,72.87,169.35,23.61,33.16,GUNKUL,Energy,443.8399999999997
2023-04-21,712.11,584.21,1296.32,127.91,68.87,GUNKUL,Energy,571.7499999999997
2023-04-24,31.24,31.16,62.4,0.07,28.24,GUNKUL,Energy,571.8199999999997
2023-04-25,31.07,63.68,94.76,-32.61,25.41,GUNKUL,Energy,539.2099999999997
2023-04-26,74.37,70.11,144.47,4.26,24.05,GUNKUL,Energy,543.4699999999997
2023-04-27,57.68,61.88,119.57,-4.2,26.49,GUNKUL,Energy,539.2699999999996
2023-04-28,59.96,31.17,91.13,28.79,31.1,GUNKUL,Energy,568.0599999999996
2023-05-02,93.88,39.85,133.73,54.03,27.5,GUNKUL,Energy,622.0899999999996
2023-05-03,100.49,76.16,176.65,24.33,30.12,GUNKUL,Energy,646.4199999999996
2023-05-08,41.72,24.66,66.38,17.06,28.95,GUNKUL,Energy,663.4799999999996
2023-05-09,69.57,11.22,80.79,58.34,23.28,GUNKUL,Energy,721.8199999999996
2023-05-10,22.33,10.46,32.8,11.87,28.14,GUNKUL,Energy,733.6899999999996
2023-05-11,58.2,37.66,95.86,20.54,21.93,GUNKUL,Energy,754.2299999999996
2023-05-12,44.51,85.52,130.03,-41.02,33.29,GUNKUL,Energy,713.2099999999996
2023-05-15,83.3,170.16,253.46,-86.86,25.14,GUNKUL,Energy,626.3499999999996
2023-05-16,93.29,35.17,128.46,58.11,29.66,GUNKUL,Energy,684.4599999999996
2023-05-17,26.74,18.04,44.78,8.7,21.76,GUNKUL,Energy,693.1599999999996
2023-05-18,59.95,38.66,98.61,21.28,20.59,GUNKUL,Energy,714.4399999999996
2023-05-19,44.44,18.36,62.8,26.07,28.25,GUNKUL,Energy,740.5099999999996
2023-05-22,77.05,36.97,114.02,40.09,32.44,GUNKUL,Energy,780.5999999999997
2023-05-23,35.08,14.85,49.93,20.22,28.9,GUNKUL,Energy,800.8199999999997
2023-05-24,27.35,21.55,48.91,5.8,26.14,GUNKUL,Energy,806.6199999999997
2023-05-25,26.52,16.08,42.59,10.44,25.63,GUNKUL,Energy,817.0599999999997
2023-05-26,19.18,12.49,31.67,6.69,23.95,GUNKUL,Energy,823.7499999999998
2023-05-29,31.68,12.53,44.22,19.15,25.45,GUNKUL,Energy,842.8999999999997
2023-05-30,14.53,8.55,23.08,5.98,24.32,GUNKUL,Energy,848.8799999999998
2023-05-31,25.44,21.03,46.48,4.41,32.35,GUNKUL,Energy,853.2899999999997
2023-06-01,11.55,26.82,38.38,-15.27,32.21,GUNKUL,Energy,838.0199999999998
2023-06-02,11.77,10.59,22.35,1.18,28.34,GUNKUL,Energy,839.1999999999997
2023-06-06,11.0,20.46,31.46,-9.45,30.34,GUNKUL,Energy,829.7499999999997
2023-06-07,44.47,31.46,75.93,13.01,39.52,GUNKUL,Energy,842.7599999999996
2023-06-08,31.11,11.3,42.41,19.82,33.22,GUNKUL,Energy,862.5799999999997
2023-06-09,8.01,9.05,17.07,-1.04,20.18,GUNKUL,Energy,861.5399999999997
2023-06-12,11.05,6.91,17.96,4.14,27.92,GUNKUL,Energy,865.6799999999997
2023-06-13,16.72,7.42,24.14,9.29,22.72,GUNKUL,Energy,874.9699999999997
2023-06-14,6.22,12.57,18.78,-6.35,19.65,GUNKUL,Energy,868.6199999999997
2023-06-15,7.54,16.19,23.72,-8.65,25.89,GUNKUL,Energy,859.9699999999997
2023-06-16,10.98,17.22,28.2,-6.24,23.74,GUNKUL,Energy,853.7299999999997
2023-06-19,3.72,17.56,21.28,-13.85,22.03,GUNKUL,Energy,839.8799999999997
2023-06-20,3.38,7.71,11.09,-4.33,21.8,GUNKUL,Energy,835.5499999999996
2023-06-21,11.47,56.48,67.95,-45.01,32.07,GUNKUL,Energy,790.5399999999996
2023-06-22,44.1,33.15,77.24,10.95,28.87,GUNKUL,Energy,801.4899999999997
2023-06-23,26.98,14.27,41.25,12.71,30.92,GUNKUL,Energy,814.1999999999997
2023-06-26,37.68,42.41,80.09,-4.73,28.54,GUNKUL,Energy,809.4699999999997
2023-06-27,56.31,13.9,70.21,42.41,28.05,GUNKUL,Energy,851.8799999999997
2023-06-28,31.66,17.33,48.99,14.33,29.99,GUNKUL,Energy,866.2099999999997
2023-06-29,60.81,19.08,79.89,41.72,30.26,GUNKUL,Energy,907.9299999999997
2023-06-30,42.55,18.92,61.47,23.63,37.45,GUNKUL,Energy,931.5599999999997
2023-07-03,21.04,18.12,39.17,2.92,27.77,GUNKUL,Energy,934.4799999999997
2023-07-04,29.52,12.83,42.35,16.69,35.44,GUNKUL,Energy,951.1699999999997
2023-07-05,5.45,14.85,20.3,-9.4,21.6,GUNKUL,Energy,941.7699999999998
2023-07-06,10.75,19.86,30.61,-9.11,30.32,GUNKUL,Energy,932.6599999999997
2023-07-07,23.03,13.88,36.91,9.16,37.62,GUNKUL,Energy,941.8199999999997
2023-07-10,7.17,8.48,15.65,-1.31,33.26,GUNKUL,Energy,940.5099999999998
2023-07-11,6.43,10.62,17.06,-4.19,25.4,GUNKUL,Energy,936.3199999999997
2023-07-12,28.45,33.51,61.96,-5.06,24.56,GUNKUL,Energy,931.2599999999998
2023-07-13,36.26,14.46,50.72,21.8,33.56,GUNKUL,Energy,953.0599999999997
2023-07-14,27.52,24.1,51.62,3.42,33.47,GUNKUL,Energy,956.4799999999997
2023-07-17,25.66,27.02,52.68,-1.37,26.81,GUNKUL,Energy,955.1099999999997
2023-07-18,7.9,4.8,12.69,3.1,17.99,GUNKUL,Energy,958.2099999999997
2023-07-19,50.75,72.35,123.1,-21.6,25.8,GUNKUL,Energy,936.6099999999997
2023-07-20,32.8,73.81,106.61,-41.01,24.87,GUNKUL,Energy,895.5999999999997
2023-07-21,36.34,30.41,66.75,5.92,34.03,GUNKUL,Energy,901.5199999999996
2023-07-24,100.22,42.0,142.22,58.22,30.9,GUNKUL,Energy,959.7399999999997
2023-07-25,45.0,56.94,101.94,-11.94,37.14,GUNKUL,Energy,947.7999999999996
2023-07-26,13.23,29.9,43.13,-16.67,25.65,GUNKUL,Energy,931.1299999999997
2023-07-27,96.06,38.53,134.59,57.53,25.61,GUNKUL,Energy,988.6599999999996
2023-07-31,34.23,43.81,78.04,-9.58,39.83,GUNKUL,Energy,979.0799999999996
2023-08-02,26.43,37.7,64.13,-11.27,29.24,GUNKUL,Energy,967.8099999999996
2023-08-03,53.0,58.27,111.27,-5.26,16.7,GUNKUL,Energy,962.5499999999996
2023-08-04,60.1,39.93,100.03,20.16,35.0,GUNKUL,Energy,982.7099999999996
2023-08-07,60.67,37.09,97.76,23.58,26.44,GUNKUL,Energy,1006.2899999999996
2023-08-08,17.53,20.7,38.23,-3.17,29.55,GUNKUL,Energy,1003.1199999999997
2023-08-09,10.6,13.88,24.48,-3.27,24.86,GUNKUL,Energy,999.8499999999997
2023-08-10,30.29,10.81,41.1,19.49,26.33,GUNKUL,Energy,1019.3399999999997
2023-08-11,41.58,25.42,67.0,16.16,29.34,GUNKUL,Energy,1035.4999999999998
2023-08-15,50.6,29.05,79.65,21.56,34.15,GUNKUL,Energy,1057.0599999999997
2023-08-16,39.86,15.27,55.13,24.59,32.92,GUNKUL,Energy,1081.6499999999996
2023-08-17,40.17,23.7,63.88,16.47,31.69,GUNKUL,Energy,1098.1199999999997
2023-08-18,64.38,31.73,96.11,32.64,26.66,GUNKUL,Energy,1130.7599999999998
2023-08-21,30.54,16.87,47.41,13.67,18.62,GUNKUL,Energy,1144.4299999999998
2023-08-22,78.35,33.77,112.13,44.58,24.41,GUNKUL,Energy,1189.0099999999998
2023-08-23,73.15,74.6,147.75,-1.45,16.27,GUNKUL,Energy,1187.5599999999997
2023-08-24,55.51,56.98,112.49,-1.47,16.53,GUNKUL,Energy,1186.0899999999997
2023-08-25,68.88,19.79,88.67,49.09,29.13,GUNKUL,Energy,1235.1799999999996
2023-08-28,26.02,38.64,64.66,-12.62,14.35,GUNKUL,Energy,1222.5599999999997
2023-08-29,74.41,29.74,104.15,44.67,28.37,GUNKUL,Energy,1267.2299999999998
2023-08-30,25.63,8.48,34.12,17.15,16.11,GUNKUL,Energy,1284.3799999999999
2023-08-31,23.63,45.92,69.56,-22.29,17.96,GUNKUL,Energy,1262.09
2023-09-01,21.54,15.24,36.78,6.3,16.65,GUNKUL,Energy,1268.3899999999999
2023-09-04,58.19,28.23,86.42,29.96,25.45,GUNKUL,Energy,1298.35
2023-09-05,33.74,13.96,47.7,19.78,28.02,GUNKUL,Energy,1318.1299999999999
2023-09-06,18.78,58.41,77.19,-39.63,24.55,GUNKUL,Energy,1278.4999999999998
2023-09-07,21.94,35.96,57.9,-14.02,42.98,GUNKUL,Energy,1264.4799999999998
2023-09-08,13.32,21.52,34.84,-8.2,32.86,GUNKUL,Energy,1256.2799999999997
2023-09-11,16.75,23.39,40.13,-6.64,34.72,GUNKUL,Energy,1249.6399999999996
2023-09-12,5.21,9.78,15.0,-4.57,14.78,GUNKUL,Energy,1245.0699999999997
2023-09-13,12.98,47.49,60.47,-34.51,23.19,GUNKUL,Energy,1210.5599999999997
2023-09-14,18.51,19.6,38.11,-1.09,22.89,GUNKUL,Energy,1209.4699999999998
2023-09-15,23.26,39.3,62.56,-16.04,46.23,GUNKUL,Energy,1193.4299999999998
2023-09-18,10.33,7.09,17.42,3.23,21.86,GUNKUL,Energy,1196.6599999999999
2023-09-19,21.86,5.93,27.78,15.93,27.26,GUNKUL,Energy,1212.59
2023-09-20,23.42,33.24,56.66,-9.81,30.77,GUNKUL,Energy,1202.78
2023-09-21,23.51,10.44,33.95,13.08,26.64,GUNKUL,Energy,1215.86
2023-09-22,31.89,45.36,77.25,-13.47,33.99,GUNKUL,Energy,1202.3899999999999
2023-09-25,13.54,25.37,38.91,-11.83,17.22,GUNKUL,Energy,1190.56
2023-09-26,16.76,20.59,37.34,-3.83,31.65,GUNKUL,Energy,1186.73
2023-09-27,53.21,22.29,75.5,30.91,23.61,GUNKUL,Energy,1217.64
2023-09-28,31.0,26.12,57.12,4.88,33.6,GUNKUL,Energy,1222.5200000000002
2023-09-29,34.48,45.6,80.08,-11.12,42.58,GUNKUL,Energy,1211.4000000000003
2023-10-02,19.02,18.02,37.04,1.0,22.4,GUNKUL,Energy,1212.4000000000003
2023-10-03,30.95,21.12,52.07,9.83,16.61,GUNKUL,Energy,1222.2300000000002
2023-10-04,29.0,34.4,63.4,-5.4,29.43,GUNKUL,Energy,1216.8300000000002
2023-10-05,19.0,34.8,53.8,-15.8,38.16,GUNKUL,Energy,1201.0300000000002
2023-10-06,18.66,35.19,53.85,-16.53,29.15,GUNKUL,Energy,1184.5000000000002
2023-10-09,35.49,16.44,51.93,19.06,35.85,GUNKUL,Energy,1203.5600000000002
2023-10-10,25.98,13.37,39.35,12.6,37.34,GUNKUL,Energy,1216.16
2023-10-11,25.92,29.46,55.38,-3.54,22.49,GUNKUL,Energy,1212.6200000000001
2023-10-12,16.65,33.54,50.19,-16.9,41.56,GUNKUL,Energy,1195.72
2023-10-16,103.99,147.32,251.3,-43.33,38.83,GUNKUL,Energy,1152.39
2023-10-17,66.99,67.89,134.87,-0.9,38.55,GUNKUL,Energy,1151.49
2023-10-18,200.87,142.67,343.55,58.2,49.63,GUNKUL,Energy,1209.69
2023-10-19,47.16,52.61,99.77,-5.45,44.92,GUNKUL,Energy,1204.24
2023-10-20,439.8,417.88,857.68,21.92,62.39,GUNKUL,Energy,1226.16
2023-10-24,52.89,70.69,123.58,-17.8,38.51,GUNKUL,Energy,1208.3600000000001
2023-10-25,68.65,48.91,117.56,19.73,34.77,GUNKUL,Energy,1228.0900000000001
2023-10-26,26.52,78.16,104.68,-51.64,30.85,GUNKUL,Energy,1176.45
2023-10-27,32.65,48.03,80.68,-15.38,26.8,GUNKUL,Energy,1161.07
2023-10-30,39.68,66.11,105.79,-26.42,28.04,GUNKUL,Energy,1134.6499999999999
2023-10-31,49.39,36.33,85.72,13.06,32.5,GUNKUL,Energy,1147.7099999999998
2023-11-01,87.17,132.47,219.64,-45.3,32.81,GUNKUL,Energy,1102.4099999999999
2023-11-02,38.64,54.08,92.72,-15.44,28.46,GUNKUL,Energy,1086.9699999999998
2023-11-03,99.77,31.31,131.07,68.46,25.94,GUNKUL,Energy,1155.4299999999998
2023-11-06,24.1,87.27,111.36,-63.17,32.69,GUNKUL,Energy,1092.2599999999998
2023-11-07,18.95,25.29,44.24,-6.34,24.19,GUNKUL,Energy,1085.9199999999998
2023-11-08,26.02,16.7,42.72,9.33,24.16,GUNKUL,Energy,1095.2499999999998
2023-11-09,49.79,69.84,119.63,-20.05,28.13,GUNKUL,Energy,1075.1999999999998
2023-11-10,24.05,45.08,69.13,-21.04,25.32,GUNKUL,Energy,1054.1599999999999
2023-11-13,12.72,23.9,36.61,-11.18,23.23,GUNKUL,Energy,1042.9799999999998
2023-11-14,12.7,27.82,40.52,-15.11,20.59,GUNKUL,Energy,1027.87
2023-11-15,69.85,33.72,103.57,36.13,29.23,GUNKUL,Energy,1064.0
2023-11-16,17.49,28.44,45.93,-10.95,29.85,GUNKUL,Energy,1053.05
2023-11-17,42.01,60.1,102.1,-18.09,20.88,GUNKUL,Energy,1034.96
2023-11-20,19.41,23.82,43.23,-4.42,22.29,GUNKUL,Energy,1030.54
2023-11-21,8.13,19.83,27.96,-11.69,15.71,GUNKUL,Energy,1018.8499999999999
2023-11-22,14.12,34.52,48.65,-20.4,23.18,GUNKUL,Energy,998.4499999999999
2023-11-23,17.86,7.65,25.52,10.21,27.34,GUNKUL,Energy,1008.66
2023-11-24,12.5,38.96,51.45,-26.46,29.46,GUNKUL,Energy,982.1999999999999
2023-11-27,24.17,11.31,35.48,12.86,27.05,GUNKUL,Energy,995.06
2023-11-28,12.31,22.62,34.93,-10.3,22.64,GUNKUL,Energy,984.76
2023-11-29,20.48,35.88,56.36,-15.4,24.78,GUNKUL,Energy,969.36
2023-11-30,12.13,50.22,62.36,-38.09,26.18,GUNKUL,Energy,931.27
2023-12-01,8.08,3.73,11.81,4.35,27.53,GUNKUL,Energy,935.62
2023-12-04,14.8,20.84,35.64,-6.04,29.42,GUNKUL,Energy,929.58
2023-12-06,48.96,16.71,65.67,32.25,29.89,GUNKUL,Energy,961.83
2023-12-07,13.07,24.06,37.13,-10.99,26.13,GUNKUL,Energy,950.84
2023-12-08,10.93,26.64,37.57,-15.71,30.52,GUNKUL,Energy,935.13
2023-12-12,11.15,40.73,51.87,-29.58,23.52,GUNKUL,Energy,905.55
2023-12-13,14.54,22.42,36.96,-7.88,25.39,GUNKUL,Energy,897.67
2023-12-14,23.41,14.68,38.08,8.73,33.77,GUNKUL,Energy,906.4
2023-12-15,70.79,16.01,86.8,54.77,25.15,GUNKUL,Energy,961.17
2023-12-18,15.38,9.37,24.75,6.0,20.1,GUNKUL,Energy,967.17
2023-12-19,13.8,13.54,27.33,0.26,31.12,GUNKUL,Energy,967.43
2023-12-20,57.66,16.82,74.49,40.84,25.43,GUNKUL,Energy,1008.27
2023-12-21,75.66,104.05,179.71,-28.39,16.56,GUNKUL,Energy,979.88
2023-12-22,18.86,58.75,77.61,-39.89,22.23,GUNKUL,Energy,939.99
2023-12-25,27.32,31.21,58.53,-3.89,19.35,GUNKUL,Energy,936.1
2023-12-26,7.88,29.08,36.96,-21.2,27.73,GUNKUL,Energy,914.9
2023-12-27,10.6,27.38,37.97,-16.78,17.66,GUNKUL,Energy,898.12
2023-12-28,16.78,27.31,44.09,-10.53,30.99,GUNKUL,Energy,887.59
2024-01-02,49.17,20.3,69.48,28.87,27.14,GUNKUL,Energy,916.46
2024-01-03,12.31,28.48,40.8,-16.17,21.47,GUNKUL,Energy,900.2900000000001
2024-01-04,22.22,28.77,50.99,-6.54,25.01,GUNKUL,Energy,893.7500000000001
2024-01-05,12.86,41.54,54.41,-28.68,23.05,GUNKUL,Energy,865.0700000000002
2024-01-08,11.68,13.02,24.69,-1.34,26.05,GUNKUL,Energy,863.7300000000001
2024-01-09,9.32,39.67,48.98,-30.35,27.74,GUNKUL,Energy,833.3800000000001
2024-01-10,22.35,4.48,26.83,17.87,20.63,GUNKUL,Energy,851.2500000000001
2024-01-11,7.28,16.66,23.94,-9.39,21.88,GUNKUL,Energy,841.8600000000001
2024-01-12,1.65,4.02,5.68,-2.37,15.23,GUNKUL,Energy,839.4900000000001
2024-01-15,57.91,29.34,87.26,28.57,22.27,GUNKUL,Energy,868.0600000000002
2024-01-16,114.04,82.26,196.3,31.77,23.3,GUNKUL,Energy,899.8300000000002
2024-01-17,30.73,62.29,93.02,-31.56,21.21,GUNKUL,Energy,868.2700000000002
2024-01-18,23.67,38.65,62.32,-14.99,25.37,GUNKUL,Energy,853.2800000000002
2024-01-19,11.77,36.97,48.74,-25.21,25.75,GUNKUL,Energy,828.0700000000002
2024-01-22,10.0,35.53,45.53,-25.53,31.22,GUNKUL,Energy,802.5400000000002
2024-01-23,9.08,22.0,31.08,-12.91,26.94,GUNKUL,Energy,789.6300000000002
2024-01-24,39.61,13.48,53.09,26.12,30.53,GUNKUL,Energy,815.7500000000002
2024-01-25,9.35,9.18,18.53,0.17,27.36,GUNKUL,Energy,815.9200000000002
2024-01-26,9.18,9.33,18.52,-0.15,23.62,GUNKUL,Energy,815.7700000000002
2024-01-29,16.8,12.6,29.4,4.2,23.76,GUNKUL,Energy,819.9700000000003
2024-01-30,33.08,49.72,82.8,-16.63,20.05,GUNKUL,Energy,803.3400000000003
2024-01-31,39.6,33.69,73.29,5.91,26.38,GUNKUL,Energy,809.2500000000002
2024-02-01,19.09,10.42,29.51,8.67,19.63,GUNKUL,Energy,817.9200000000002
2024-02-02,29.69,35.15,64.83,-5.46,24.45,GUNKUL,Energy,812.4600000000002
2024-02-05,16.18,29.41,45.59,-13.24,26.01,GUNKUL,Energy,799.2200000000001
2024-02-06,18.17,22.25,40.42,-4.09,25.54,GUNKUL,Energy,795.1300000000001
2024-02-07,10.04,12.16,22.2,-2.12,16.03,GUNKUL,Energy,793.0100000000001
2024-02-08,16.14,13.47,29.61,2.67,28.24,GUNKUL,Energy,795.6800000000001
2024-02-09,6.93,6.84,13.77,0.09,23.26,GUNKUL,Energy,795.7700000000001
2024-02-12,13.35,7.7,21.05,5.66,16.05,GUNKUL,Energy,801.4300000000001
2024-02-13,17.08,14.06,31.14,3.02,23.9,GUNKUL,Energy,804.45
2024-02-14,5.43,7.77,13.2,-2.34,16.42,GUNKUL,Energy,802.11
2024-02-15,12.97,8.49,21.46,4.47,20.22,GUNKUL,Energy,806.58
2024-02-16,19.67,16.09,35.76,3.57,23.67,GUNKUL,Energy,810.1500000000001
2024-02-19,5.66,8.34,14.0,-2.68,13.87,GUNKUL,Energy,807.4700000000001
2024-02-20,7.55,16.24,23.78,-8.69,31.73,GUNKUL,Energy,798.7800000000001
2024-02-21,14.89,19.02,33.91,-4.13,31.32,GUNKUL,Energy,794.6500000000001
2024-02-22,11.47,6.84,18.31,4.63,29.6,GUNKUL,Energy,799.2800000000001
2024-02-23,8.97,13.14,22.11,-4.18,20.38,GUNKUL,Energy,795.1000000000001
2024-02-27,14.96,31.23,46.19,-16.27,25.33,GUNKUL,Energy,778.8300000000002
2024-02-28,19.47,11.93,31.4,7.54,23.88,GUNKUL,Energy,786.3700000000001
2024-02-29,44.54,51.09,95.63,-6.56,21.21,GUNKUL,Energy,779.8100000000002
2024-03-01,15.61,8.54,24.15,7.07,17.78,GUNKUL,Energy,786.8800000000002
2024-03-04,4.4,12.13,16.54,-7.73,22.49,GUNKUL,Energy,779.1500000000002
2024-03-05,15.28,14.85,30.13,0.43,24.05,GUNKUL,Energy,779.5800000000002
2024-03-06,17.04,11.25,28.29,5.79,34.55,GUNKUL,Energy,785.3700000000001
2024-03-07,7.02,10.66,17.68,-3.63,37.5,GUNKUL,Energy,781.7400000000001
2024-03-08,26.76,7.43,34.19,19.34,23.11,GUNKUL,Energy,801.0800000000002
2024-03-11,5.59,8.98,14.57,-3.4,27.78,GUNKUL,Energy,797.6800000000002
2024-03-12,4.29,11.8,16.09,-7.51,20.18,GUNKUL,Energy,790.1700000000002
2024-03-13,6.63,15.09,21.72,-8.45,20.08,GUNKUL,Energy,781.7200000000001
2024-03-14,11.46,5.58,17.04,5.87,20.47,GUNKUL,Energy,787.5900000000001
2024-03-15,15.67,19.83,35.5,-4.15,17.51,GUNKUL,Energy,783.4400000000002
2024-03-18,9.98,13.93,23.91,-3.94,26.7,GUNKUL,Energy,779.5000000000001
2024-03-19,7.57,10.8,18.38,-3.23,27.48,GUNKUL,Energy,776.2700000000001
2024-03-20,7.11,13.18,20.29,-6.07,26.4,GUNKUL,Energy,770.2
2024-03-21,19.79,18.41,38.19,1.38,15.79,GUNKUL,Energy,771.58
2024-03-22,3.36,10.6,13.96,-7.24,26.6,GUNKUL,Energy,764.34
2024-03-25,8.89,11.13,20.02,-2.24,23.56,GUNKUL,Energy,762.1
2024-03-26,1.52,7.46,8.97,-5.94,17.58,GUNKUL,Energy,756.16
2024-03-27,9.57,8.35,17.92,1.22,29.55,GUNKUL,Energy,757.38
2024-03-28,10.38,8.51,18.89,1.86,34.49,GUNKUL,Energy,759.24
2024-03-29,7.83,14.87,22.7,-7.05,13.89,GUNKUL,Energy,752.19
2024-04-01,7.34,5.33,12.67,2.01,23.69,GUNKUL,Energy,754.2
2024-04-02,5.08,8.52,13.6,-3.44,22.51,GUNKUL,Energy,750.76
2024-04-03,8.78,12.92,21.7,-4.13,22.89,GUNKUL,Energy,746.63
2024-04-04,6.51,18.49,25.0,-11.98,30.03,GUNKUL,Energy,734.65
2024-04-05,2.53,10.62,13.16,-8.09,21.03,GUNKUL,Energy,726.56
2024-04-09,17.79,11.15,28.95,6.64,18.37,GUNKUL,Energy,733.1999999999999
2024-04-10,20.35,9.05,29.4,11.3,27.97,GUNKUL,Energy,744.4999999999999
2024-04-11,4.24,9.82,14.05,-5.58,19.27,GUNKUL,Energy,738.9199999999998
2024-04-17,12.19,29.33,41.52,-17.13,21.41,GUNKUL,Energy,721.7899999999998
2024-04-18,14.59,24.49,39.08,-9.9,20.16,GUNKUL,Energy,711.8899999999999
2024-04-19,12.22,18.91,31.12,-6.69,22.2,GUNKUL,Energy,705.1999999999998
2024-04-22,16.23,5.66,21.88,10.57,33.36,GUNKUL,Energy,715.7699999999999
2024-04-23,6.56,4.33,10.89,2.23,23.13,GUNKUL,Energy,717.9999999999999
2024-04-24,11.51,26.78,38.29,-15.27,45.17,GUNKUL,Energy,702.7299999999999
2024-04-25,6.37,1.96,8.33,4.42,17.35,GUNKUL,Energy,707.1499999999999
2024-04-26,2.56,7.8,10.36,-5.24,22.53,GUNKUL,Energy,701.9099999999999
2024-04-29,3.15,3.36,6.51,-0.21,23.64,GUNKUL,Energy,701.6999999999998
2024-04-30,2.97,12.11,15.09,-9.14,26.87,GUNKUL,Energy,692.5599999999998
2024-05-02,19.59,8.55,28.14,11.03,30.37,GUNKUL,Energy,703.5899999999998
2024-05-03,14.99,7.65,22.64,7.34,23.99,GUNKUL,Energy,710.9299999999998
2024-05-07,8.1,5.72,13.82,2.38,21.5,GUNKUL,Energy,713.3099999999998
2024-05-08,6.3,11.42,17.72,-5.11,36.32,GUNKUL,Energy,708.1999999999998
2024-05-09,6.01,10.32,16.33,-4.31,26.02,GUNKUL,Energy,703.8899999999999
2024-05-10,5.06,4.38,9.45,0.68,26.49,GUNKUL,Energy,704.5699999999998
2024-05-13,9.93,14.44,24.37,-4.51,10.89,GUNKUL,Energy,700.0599999999998
2024-05-14,2.47,8.3,10.78,-5.83,25.85,GUNKUL,Energy,694.2299999999998
2024-05-15,5.83,15.09,20.92,-9.26,14.2,GUNKUL,Energy,684.9699999999998
2024-05-16,8.82,2.66,11.48,6.16,24.39,GUNKUL,Energy,691.1299999999998
2024-05-17,2.9,3.59,6.49,-0.68,21.7,GUNKUL,Energy,690.4499999999998
2024-05-20,10.41,3.92,14.34,6.49,28.1,GUNKUL,Energy,696.9399999999998
2024-05-21,6.47,14.81,21.28,-8.34,32.0,GUNKUL,Energy,688.5999999999998
2024-05-23,4.32,18.22,22.54,-13.89,27.52,GUNKUL,Energy,674.7099999999998
2024-05-24,3.92,3.82,7.74,0.1,16.79,GUNKUL,Energy,674.8099999999998
2024-05-27,3.95,4.17,8.12,-0.22,18.86,GUNKUL,Energy,674.5899999999998
2024-05-28,3.94,6.02,9.96,-2.09,26.98,GUNKUL,Energy,672.4999999999998
2024-05-29,5.25,8.33,13.58,-3.08,26.66,GUNKUL,Energy,669.4199999999997
2024-05-30,3.38,2.89,6.27,0.49,14.25,GUNKUL,Energy,669.9099999999997
2024-05-31,6.55,9.58,16.13,-3.03,28.64,GUNKUL,Energy,666.8799999999998
2024-06-04,3.32,13.57,16.89,-10.25,17.39,GUNKUL,Energy,656.6299999999998
2024-06-05,19.19,5.06,24.25,14.13,33.55,GUNKUL,Energy,670.7599999999998
2024-06-06,3.36,14.7,18.06,-11.34,16.37,GUNKUL,Energy,659.4199999999997
2024-06-07,7.48,5.41,12.9,2.07,25.96,GUNKUL,Energy,661.4899999999998
2024-06-10,5.66,10.45,16.11,-4.79,18.11,GUNKUL,Energy,656.6999999999998
2024-06-11,40.39,15.7,56.09,24.69,36.39,GUNKUL,Energy,681.3899999999999
2024-06-12,27.18,12.03,39.21,15.16,22.41,GUNKUL,Energy,696.5499999999998
2024-06-13,19.01,9.15,28.16,9.86,29.83,GUNKUL,Energy,706.4099999999999
2024-06-14,6.34,15.92,22.26,-9.58,26.02,GUNKUL,Energy,696.8299999999998
2024-06-17,11.75,10.87,22.62,0.87,27.16,GUNKUL,Energy,697.6999999999998
2024-06-18,6.06,5.25,11.31,0.82,26.33,GUNKUL,Energy,698.5199999999999
2024-06-19,26.57,21.6,48.17,4.96,38.68,GUNKUL,Energy,703.4799999999999
2024-06-20,5.75,13.57,19.33,-7.82,35.87,GUNKUL,Energy,695.6599999999999
2024-06-21,37.04,16.84,53.87,20.2,39.62,GUNKUL,Energy,715.8599999999999
2024-06-24,13.11,5.99,19.1,7.12,34.64,GUNKUL,Energy,722.9799999999999
2024-06-25,15.07,8.11,23.18,6.96,39.65,GUNKUL,Energy,729.9399999999999
2024-06-26,23.55,19.91,43.46,3.65,39.73,GUNKUL,Energy,733.5899999999999
2024-06-27,9.53,10.74,20.26,-1.21,25.27,GUNKUL,Energy,732.3799999999999
2024-06-28,10.07,22.74,32.81,-12.68,34.82,GUNKUL,Energy,719.6999999999999
2024-07-01,1.64,10.6,12.24,-8.95,25.42,GUNKUL,Energy,710.7499999999999
2024-07-02,6.19,13.49,19.68,-7.3,27.01,GUNKUL,Energy,703.4499999999999
2024-07-03,1.33,8.33,9.66,-7.0,16.69,GUNKUL,Energy,696.4499999999999
2024-07-04,10.81,3.71,14.52,7.1,13.62,GUNKUL,Energy,703.55
2024-07-05,10.06,3.91,13.97,6.16,22.54,GUNKUL,Energy,709.7099999999999
2024-07-08,25.32,7.01,32.33,18.32,35.82,GUNKUL,Energy,728.03
2024-07-09,2.76,7.69,10.46,-4.93,28.97,GUNKUL,Energy,723.1
2024-07-10,3.93,13.25,17.17,-9.32,32.69,GUNKUL,Energy,713.78
2024-07-11,5.46,0.48,5.94,4.98,22.58,GUNKUL,Energy,718.76
2024-07-12,12.48,6.82,19.3,5.66,18.87,GUNKUL,Energy,724.42
2024-07-15,8.67,10.09,18.77,-1.42,14.93,GUNKUL,Energy,723.0
2024-07-16,1.64,22.08,23.72,-20.45,20.48,GUNKUL,Energy,702.55
2024-07-17,2.74,12.79,15.53,-10.06,13.29,GUNKUL,Energy,692.49
2024-07-18,2.32,3.59,5.91,-1.27,10.65,GUNKUL,Energy,691.22
2024-07-19,1.88,6.34,8.22,-4.47,6.11,GUNKUL,Energy,686.75
2024-07-23,5.77,10.61,16.38,-4.85,7.82,GUNKUL,Energy,681.9
2024-07-24,43.17,38.19,81.36,4.98,19.02,GUNKUL,Energy,686.88
2024-07-25,58.49,39.37,97.86,19.13,25.67,GUNKUL,Energy,706.01
2024-07-26,21.65,31.13,52.78,-9.48,14.24,GUNKUL,Energy,696.53
2024-07-30,11.89,106.11,118.0,-94.23,38.32,GUNKUL,Energy,602.3
2024-07-31,9.89,11.71,21.6,-1.82,41.74,GUNKUL,Energy,600.4799999999999
2024-08-01,16.0,8.55,24.54,7.45,19.1,GUNKUL,Energy,607.93
2024-08-02,13.12,11.44,24.56,1.68,31.44,GUNKUL,Energy,609.6099999999999
2024-08-05,17.68,21.24,38.91,-3.56,25.11,GUNKUL,Energy,606.05
2024-08-06,30.14,23.05,53.19,7.1,20.71,GUNKUL,Energy,613.15
2024-08-07,35.82,10.58,46.39,25.24,34.24,GUNKUL,Energy,638.39
2024-08-08,47.98,5.98,53.95,42.0,29.86,GUNKUL,Energy,680.39
2024-08-09,14.18,16.63,30.82,-2.45,31.01,GUNKUL,Energy,677.9399999999999
2024-08-13,12.37,17.41,29.78,-5.04,38.12,GUNKUL,Energy,672.9
2024-08-14,11.79,17.94,29.73,-6.15,29.61,GUNKUL,Energy,666.75
2024-08-15,7.75,10.65,18.4,-2.9,27.79,GUNKUL,Energy,663.85
2024-08-16,3.47,4.86,8.33,-1.4,26.37,GUNKUL,Energy,662.45
2024-08-19,22.42,3.14,25.56,19.28,21.95,GUNKUL,Energy,681.73
2024-08-20,8.54,2.66,11.19,5.88,24.02,GUNKUL,Energy,687.61
2024-08-21,4.16,3.76,7.92,0.4,27.88,GUNKUL,Energy,688.01
2024-08-22,4.51,4.32,8.83,0.19,29.03,GUNKUL,Energy,688.2
2024-08-23,14.0,7.99,21.99,6.01,30.95,GUNKUL,Energy,694.21
2024-08-26,6.59,10.96,17.55,-4.38,23.42,GUNKUL,Energy,689.83
2024-08-27,20.79,12.75,33.54,8.04,30.47,GUNKUL,Energy,697.87
2024-08-28,3.88,7.52,11.39,-3.64,25.87,GUNKUL,Energy,694.23
2024-08-29,7.04,7.69,14.72,-0.65,32.16,GUNKUL,Energy,693.58
2024-08-30,33.95,7.87,41.82,26.08,51.99,GUNKUL,Energy,719.6600000000001
2024-09-02,18.04,19.33,37.36,-1.29,31.34,GUNKUL,Energy,718.3700000000001
2024-09-03,8.24,6.54,14.79,1.7,27.66,GUNKUL,Energy,720.0700000000002
2024-09-04,11.78,7.14,18.92,4.65,18.01,GUNKUL,Energy,724.7200000000001
2024-09-05,21.54,6.07,27.61,15.47,17.24,GUNKUL,Energy,740.1900000000002
2024-09-06,36.64,19.56,56.2,17.08,25.7,GUNKUL,Energy,757.2700000000002
2024-09-09,41.57,18.46,60.02,23.11,23.75,GUNKUL,Energy,780.3800000000002
2024-09-10,18.04,29.79,47.83,-11.75,29.39,GUNKUL,Energy,768.6300000000002
2024-09-11,20.84,12.66,33.51,8.18,28.43,GUNKUL,Energy,776.8100000000002
2024-09-12,10.28,10.32,20.6,-0.04,28.73,GUNKUL,Energy,776.7700000000002
2024-09-13,6.69,10.13,16.82,-3.44,14.93,GUNKUL,Energy,773.3300000000002
2024-09-16,56.39,14.97,71.36,41.41,18.35,GUNKUL,Energy,814.7400000000001
2024-09-17,8.12,24.88,33.0,-16.75,14.47,GUNKUL,Energy,797.9900000000001
2024-09-18,15.11,13.45,28.56,1.66,19.83,GUNKUL,Energy,799.6500000000001
2024-09-19,43.57,37.31,80.88,6.27,33.01,GUNKUL,Energy,805.9200000000001
2024-09-20,75.42,24.62,100.04,50.81,34.09,GUNKUL,Energy,856.73
2024-09-23,14.06,13.96,28.01,0.1,20.01,GUNKUL,Energy,856.83
2024-09-24,11.94,15.44,27.38,-3.5,21.49,GUNKUL,Energy,853.33
2024-09-25,16.45,39.01,55.46,-22.56,29.86,GUNKUL,Energy,830.7700000000001
2024-09-26,6.32,30.23,36.55,-23.91,27.68,GUNKUL,Energy,806.8600000000001
2024-09-27,57.75,30.9,88.65,26.84,33.46,GUNKUL,Energy,833.7000000000002
2024-09-30,7.88,9.19,17.07,-1.31,22.15,GUNKUL,Energy,832.3900000000002
2024-10-01,19.26,5.74,25.0,13.52,22.73,GUNKUL,Energy,845.9100000000002
2024-10-02,23.09,27.68,50.76,-4.59,33.56,GUNKUL,Energy,841.3200000000002
2024-10-03,26.65,10.96,37.6,15.69,23.78,GUNKUL,Energy,857.0100000000002
2024-10-04,18.9,11.26,30.16,7.64,26.17,GUNKUL,Energy,864.6500000000002
2024-10-07,12.74,12.0,24.74,0.74,37.24,GUNKUL,Energy,865.3900000000002
2024-10-08,19.15,9.1,28.25,10.05,36.06,GUNKUL,Energy,875.4400000000002
2024-10-09,3.22,16.33,19.55,-13.11,27.88,GUNKUL,Energy,862.3300000000002
2024-10-10,14.73,11.66,26.39,3.07,32.84,GUNKUL,Energy,865.4000000000002
2024-10-11,7.5,8.81,16.31,-1.32,38.34,GUNKUL,Energy,864.0800000000002
2024-10-15,28.8,31.76,60.57,-2.96,37.46,GUNKUL,Energy,861.1200000000001
2024-10-16,53.35,20.36,73.71,32.99,45.22,GUNKUL,Energy,894.1100000000001
2024-10-17,22.26,5.3,27.55,16.96,29.81,GUNKUL,Energy,911.0700000000002
2024-10-18,15.37,22.77,38.14,-7.4,41.77,GUNKUL,Energy,903.6700000000002
2024-10-21,18.6,3.39,21.99,15.21,30.13,GUNKUL,Energy,918.8800000000002
2024-10-22,8.85,18.08,26.93,-9.23,32.36,GUNKUL,Energy,909.6500000000002
2024-10-24,11.46,20.14,31.59,-8.68,43.97,GUNKUL,Energy,900.9700000000003
2024-10-25,8.21,11.76,19.97,-3.55,36.78,GUNKUL,Energy,897.4200000000003
2024-10-28,8.28,9.02,17.3,-0.75,29.84,GUNKUL,Energy,896.6700000000003
2024-10-29,10.53,14.84,25.37,-4.32,44.94,GUNKUL,Energy,892.3500000000003
2024-10-30,15.4,20.99,36.39,-5.59,39.88,GUNKUL,Energy,886.7600000000002
2024-10-31,8.95,6.6,15.55,2.35,30.56,GUNKUL,Energy,889.1100000000002
2024-11-01,3.29,2.18,5.47,1.11,23.29,GUNKUL,Energy,890.2200000000003
2024-11-04,6.98,12.27,19.25,-5.29,31.2,GUNKUL,Energy,884.9300000000003
2024-11-05,10.33,4.59,14.92,5.74,27.6,GUNKUL,Energy,890.6700000000003
2024-11-06,18.97,21.57,40.54,-2.6,28.68,GUNKUL,Energy,888.0700000000003
2024-11-07,8.24,8.37,16.61,-0.13,28.94,GUNKUL,Energy,887.9400000000003
2024-11-08,4.66,4.17,8.82,0.49,37.18,GUNKUL,Energy,888.4300000000003
2024-11-11,4.52,8.78,13.3,-4.26,34.66,GUNKUL,Energy,884.1700000000003
2024-11-12,4.75,11.04,15.78,-6.29,29.0,GUNKUL,Energy,877.8800000000003
2024-11-13,4.12,9.82,13.94,-5.71,32.45,GUNKUL,Energy,872.1700000000003
2024-11-14,2.97,8.7,11.67,-5.73,24.03,GUNKUL,Energy,866.4400000000003
2024-11-15,4.07,11.85,15.92,-7.78,21.07,GUNKUL,Energy,858.6600000000003
2024-11-18,9.38,2.86,12.25,6.52,26.89,GUNKUL,Energy,865.1800000000003
2024-11-19,7.26,3.77,11.03,3.49,21.47,GUNKUL,Energy,868.6700000000003
2024-11-20,5.98,9.34,15.32,-3.36,36.33,GUNKUL,Energy,865.3100000000003
2024-11-21,11.06,7.46,18.52,3.59,23.47,GUNKUL,Energy,868.9000000000003
2024-11-22,10.61,5.41,16.02,5.19,27.27,GUNKUL,Energy,874.0900000000004
2024-11-25,5.69,7.85,13.54,-2.16,21.83,GUNKUL,Energy,871.9300000000004
2024-11-26,1.64,9.84,11.49,-8.2,29.57,GUNKUL,Energy,863.7300000000004
2024-11-27,1.03,8.28,9.31,-7.25,30.3,GUNKUL,Energy,856.4800000000004
2024-11-28,0.92,3.03,3.95,-2.12,21.04,GUNKUL,Energy,854.3600000000004
2024-11-29,6.45,5.17,11.61,1.28,37.26,GUNKUL,Energy,855.6400000000003
2024-12-02,1.85,6.33,8.18,-4.49,19.36,GUNKUL,Energy,851.1500000000003
2024-12-03,10.94,4.11,15.05,6.83,19.76,GUNKUL,Energy,857.9800000000004
2024-12-04,7.67,8.67,16.33,-1.0,22.93,GUNKUL,Energy,856.9800000000004
2024-12-06,2.12,13.92,16.04,-11.8,24.99,GUNKUL,Energy,845.1800000000004
2024-12-09,4.48,10.64,15.12,-6.16,27.04,GUNKUL,Energy,839.0200000000004
2024-12-11,8.05,10.38,18.43,-2.32,22.46,GUNKUL,Energy,836.7000000000004
2024-12-12,4.12,3.98,8.1,0.14,15.17,GUNKUL,Energy,836.8400000000004
2024-12-13,2.39,2.99,5.39,-0.6,19.44,GUNKUL,Energy,836.2400000000004
2024-12-16,3.4,4.82,8.22,-1.42,22.27,GUNKUL,Energy,834.8200000000004
2024-12-17,14.53,11.63,26.16,2.91,11.9,GUNKUL,Energy,837.7300000000004
2024-12-18,1.0,8.77,9.77,-7.78,10.86,GUNKUL,Energy,829.9500000000004
2024-12-19,3.0,6.24,9.23,-3.24,20.91,GUNKUL,Energy,826.7100000000004
2024-12-20,5.05,7.57,12.61,-2.52,31.62,GUNKUL,Energy,824.1900000000004
2024-12-23,3.4,3.8,7.2,-0.39,18.75,GUNKUL,Energy,823.8000000000004
2024-12-24,0.68,1.01,1.69,-0.33,7.26,GUNKUL,Energy,823.4700000000004
2024-12-25,25.31,3.45,28.76,21.85,13.92,GUNKUL,Energy,845.3200000000004
2024-12-26,3.91,23.09,27.0,-19.18,18.07,GUNKUL,Energy,826.1400000000004
2024-12-27,1.05,0.87,1.92,0.18,6.06,GUNKUL,Energy,826.3200000000004
2024-12-30,0.46,4.79,5.25,-4.33,14.66,GUNKUL,Energy,821.9900000000004
2025-01-02,1.19,3.59,4.78,-2.4,10.73,GUNKUL,Energy,819.5900000000004
2025-01-03,0.75,3.46,4.21,-2.71,16.72,GUNKUL,Energy,816.8800000000003
2025-01-06,0.89,5.9,6.79,-5.01,16.48,GUNKUL,Energy,811.8700000000003
2025-01-07,3.43,4.73,8.16,-1.3,22.82,GUNKUL,Energy,810.5700000000004
2025-01-08,2.97,6.43,9.4,-3.46,20.24,GUNKUL,Energy,807.1100000000004
2025-01-09,3.34,7.06,10.4,-3.72,16.27,GUNKUL,Energy,803.3900000000003
2025-01-10,11.85,3.88,15.73,7.98,20.97,GUNKUL,Energy,811.3700000000003
2025-01-13,9.02,13.81,22.83,-4.78,30.92,GUNKUL,Energy,806.5900000000004
2025-01-14,5.74,4.11,9.85,1.63,21.03,GUNKUL,Energy,808.2200000000004
2025-01-15,5.78,6.65,12.43,-0.86,21.02,GUNKUL,Energy,807.3600000000004
2025-01-16,16.59,5.92,22.51,10.67,31.15,GUNKUL,Energy,818.0300000000003
2025-01-17,4.49,6.72,11.21,-2.23,18.69,GUNKUL,Energy,815.8000000000003
2025-01-20,6.99,4.43,11.42,2.56,28.21,GUNKUL,Energy,818.3600000000002
2025-01-21,13.61,2.36,15.97,11.24,25.22,GUNKUL,Energy,829.6000000000003
2025-01-22,2.65,3.37,6.02,-0.72,31.07,GUNKUL,Energy,828.8800000000002
2025-01-23,6.23,4.46,10.7,1.77,37.9,GUNKUL,Energy,830.6500000000002
2025-01-24,17.38,4.99,22.37,12.39,31.39,GUNKUL,Energy,843.0400000000002
2025-01-27,4.4,7.85,12.25,-3.45,28.17,GUNKUL,Energy,839.5900000000001
2025-01-28,2.94,6.62,9.56,-3.68,33.26,GUNKUL,Energy,835.9100000000002
2025-01-29,2.79,3.92,6.71,-1.14,20.85,GUNKUL,Energy,834.7700000000002
2025-01-30,1.47,2.61,4.07,-1.14,19.88,GUNKUL,Energy,833.6300000000002
2025-01-31,0.94,19.74,20.68,-18.8,29.52,GUNKUL,Energy,814.8300000000003
2025-02-03,5.85,6.77,12.62,-0.91,17.88,GUNKUL,Energy,813.9200000000003
2025-02-04,3.85,7.11,10.95,-3.26,18.33,GUNKUL,Energy,810.6600000000003
2025-02-05,2.16,9.16,11.32,-7.0,19.12,GUNKUL,Energy,803.6600000000003
2025-02-06,7.44,8.27,15.71,-0.83,20.35,GUNKUL,Energy,802.8300000000003
2025-02-07,12.12,6.83,18.95,5.28,26.26,GUNKUL,Energy,808.1100000000002
2025-02-10,4.28,6.38,10.66,-2.11,32.0,GUNKUL,Energy,806.0000000000002
2025-02-11,13.28,6.38,19.65,6.9,37.66,GUNKUL,Energy,812.9000000000002
2025-02-13,7.05,9.85,16.9,-2.8,32.72,GUNKUL,Energy,810.1000000000003
2025-02-14,3.05,6.06,9.12,-3.01,20.16,GUNKUL,Energy,807.0900000000003
2025-02-17,8.18,9.09,17.27,-0.91,19.71,GUNKUL,Energy,806.1800000000003
2025-02-18,16.03,1.95,17.99,14.08,25.98,GUNKUL,Energy,820.2600000000003
2025-02-19,4.9,3.12,8.03,1.78,18.41,GUNKUL,Energy,822.0400000000003
2025-02-20,5.08,16.77,21.84,-11.69,31.8,GUNKUL,Energy,810.3500000000003
2025-02-21,3.6,2.8,6.39,0.8,15.4,GUNKUL,Energy,811.1500000000002
2025-02-24,2.64,6.37,9.0,-3.73,24.59,GUNKUL,Energy,807.4200000000002
2025-02-25,2.52,11.67,14.19,-9.15,14.83,GUNKUL,Energy,798.2700000000002
2025-02-26,9.94,2.98,12.92,6.96,29.37,GUNKUL,Energy,805.2300000000002
2025-02-27,3.38,7.74,11.13,-4.36,27.91,GUNKUL,Energy,800.8700000000002
2025-02-28,12.88,8.67,21.55,4.21,25.11,GUNKUL,Energy,805.0800000000003
2025-03-03,5.64,12.31,17.95,-6.67,24.96,GUNKUL,Energy,798.4100000000003
2025-03-04,15.17,6.12,21.29,9.05,28.98,GUNKUL,Energy,807.4600000000003
2025-03-05,16.6,9.75,26.36,6.85,24.83,GUNKUL,Energy,814.3100000000003
2025-03-06,3.11,14.23,17.34,-11.12,22.42,GUNKUL,Energy,803.1900000000003
2025-03-07,7.09,7.69,14.78,-0.61,23.46,GUNKUL,Energy,802.5800000000003
2025-03-10,1.91,10.18,12.1,-8.27,21.3,GUNKUL,Energy,794.3100000000003
2025-03-11,10.14,8.85,18.99,1.3,24.07,GUNKUL,Energy,795.6100000000002
2025-03-12,5.27,10.78,16.05,-5.51,25.39,GUNKUL,Energy,790.1000000000003
2025-03-13,4.96,11.39,16.35,-6.42,33.02,GUNKUL,Energy,783.6800000000003
2025-03-14,14.87,5.28,20.14,9.59,28.56,GUNKUL,Energy,793.2700000000003
2025-03-17,2.54,9.07,11.6,-6.53,19.16,GUNKUL,Energy,786.7400000000004
2025-03-18,6.13,6.83,12.96,-0.7,22.45,GUNKUL,Energy,786.0400000000003
2025-03-19,25.62,5.06,30.68,20.56,30.55,GUNKUL,Energy,806.6000000000003
2025-03-20,11.71,7.36,19.07,4.35,18.57,GUNKUL,Energy,810.9500000000003
2025-03-21,1.35,7.22,8.57,-5.87,29.36,GUNKUL,Energy,805.0800000000003
2025-03-24,1.01,10.02,11.04,-9.01,29.83,GUNKUL,Energy,796.0700000000003
2025-03-25,0.47,11.63,12.1,-11.16,29.39,GUNKUL,Energy,784.9100000000003
2025-03-26,2.79,3.27,6.06,-0.49,21.89,GUNKUL,Energy,784.4200000000003
2025-03-27,0.68,2.73,3.41,-2.04,12.22,GUNKUL,Energy,782.3800000000003
2025-03-28,0.35,7.7,8.05,-7.34,27.38,GUNKUL,Energy,775.0400000000003
2025-03-31,3.36,6.07,9.43,-2.7,20.07,GUNKUL,Energy,772.3400000000003
2025-04-01,4.92,10.24,15.16,-5.31,25.53,GUNKUL,Energy,767.0300000000003
2025-04-02,4.42,1.88,6.29,2.54,21.3,GUNKUL,Energy,769.5700000000003
2025-04-03,4.81,5.18,9.99,-0.37,33.48,GUNKUL,Energy,769.2000000000003
2025-04-04,1.93,8.09,10.02,-6.17,22.56,GUNKUL,Energy,763.0300000000003
2025-04-08,9.46,7.3,16.76,2.16,29.62,GUNKUL,Energy,765.1900000000003
2025-04-09,28.94,6.76,35.7,22.18,37.18,GUNKUL,Energy,787.3700000000002
2025-04-10,3.87,7.87,11.74,-4.0,28.29,GUNKUL,Energy,783.3700000000002
2025-04-11,3.28,3.07,6.35,0.21,25.12,GUNKUL,Energy,783.5800000000003
2025-04-16,9.67,7.36,17.03,2.32,23.28,GUNKUL,Energy,785.9000000000003
2025-04-17,8.69,16.02,24.71,-7.33,19.81,GUNKUL,Energy,778.5700000000003
2025-04-18,3.2,2.77,5.98,0.43,19.54,GUNKUL,Energy,779.0000000000002
2025-04-21,3.96,3.63,7.59,0.33,24.09,GUNKUL,Energy,779.3300000000003
2025-04-22,8.67,1.29,9.96,7.38,30.7,GUNKUL,Energy,786.7100000000003
2025-04-23,1.81,5.47,7.28,-3.66,18.89,GUNKUL,Energy,783.0500000000003
2025-04-24,8.87,0.97,9.83,7.9,33.32,GUNKUL,Energy,790.9500000000003
2025-04-25,3.2,2.69,5.89,0.52,26.14,GUNKUL,Energy,791.4700000000003
2025-04-28,2.34,1.83,4.18,0.51,27.53,GUNKUL,Energy,791.9800000000002
2025-04-29,1.74,5.1,6.84,-3.35,21.65,GUNKUL,Energy,788.6300000000002
2025-04-30,1.31,3.73,5.04,-2.42,16.06,GUNKUL,Energy,786.2100000000003
2025-05-02,13.26,2.29,15.55,10.97,27.37,GUNKUL,Energy,797.1800000000003
2025-05-06,1.34,11.66,12.99,-10.32,19.81,GUNKUL,Energy,786.8600000000002
2025-05-07,11.8,1.63,13.43,10.17,25.92,GUNKUL,Energy,797.0300000000002
2025-05-08,4.9,8.04,12.95,-3.14,20.82,GUNKUL,Energy,793.8900000000002
2025-05-09,2.5,6.59,9.09,-4.09,20.86,GUNKUL,Energy,789.8000000000002
2025-05-13,7.9,1.4,9.3,6.5,21.0,GUNKUL,Energy,796.3000000000002
2025-05-14,1.1,11.98,13.08,-10.88,26.59,GUNKUL,Energy,785.4200000000002
2025-05-15,8.95,17.37,26.32,-8.42,21.04,GUNKUL,Energy,777.0000000000002
2025-05-16,11.21,3.27,14.48,7.94,21.17,GUNKUL,Energy,784.9400000000003
2025-05-19,22.52,21.41,43.94,1.11,32.29,GUNKUL,Energy,786.0500000000003
2025-05-20,2.72,21.92,24.64,-19.19,17.87,GUNKUL,Energy,766.8600000000002
2025-05-21,23.16,1.68,24.84,21.48,22.56,GUNKUL,Energy,788.3400000000003
2025-05-22,2.51,11.98,14.49,-9.46,28.59,GUNKUL,Energy,778.8800000000002
2025-05-23,9.54,7.01,16.55,2.53,29.06,GUNKUL,Energy,781.4100000000002
2025-05-26,10.56,12.83,23.39,-2.27,21.18,GUNKUL,Energy,779.1400000000002
2025-05-27,2.12,24.39,26.52,-22.27,24.74,GUNKUL,Energy,756.8700000000002
2025-05-28,7.09,33.03,40.12,-25.94,32.98,GUNKUL,Energy,730.9300000000002
2025-05-29,3.13,6.06,9.19,-2.94,20.58,GUNKUL,Energy,727.9900000000001
2025-05-30,162.66,56.53,219.19,106.13,42.79,GUNKUL,Energy,834.1200000000001
2025-06-04,24.9,21.4,46.29,3.5,37.95,GUNKUL,Energy,837.6200000000001
2025-06-05,15.86,14.6,30.47,1.26,29.75,GUNKUL,Energy,838.8800000000001
2025-06-06,13.51,1.39,14.9,12.13,25.32,GUNKUL,Energy,851.0100000000001
2025-06-09,3.69,5.7,9.4,-2.01,32.87,GUNKUL,Energy,849.0000000000001
2025-06-10,8.43,8.41,16.85,0.02,34.61,GUNKUL,Energy,849.0200000000001
2025-06-11,4.37,10.88,15.25,-6.51,32.69,GUNKUL,Energy,842.5100000000001
2025-06-12,12.04,17.61,29.65,-5.57,52.96,GUNKUL,Energy,836.94
2025-06-13,2.0,8.79,10.79,-6.79,33.75,GUNKUL,Energy,830.1500000000001
2025-06-16,7.1,8.84,15.94,-1.75,27.55,GUNKUL,Energy,828.4000000000001
2025-06-17,6.85,7.19,14.04,-0.34,26.39,GUNKUL,Energy,828.0600000000001
2025-06-18,7.26,6.03,13.29,1.24,28.71,GUNKUL,Energy,829.3000000000001
2025-06-19,3.03,7.87,10.9,-4.84,32.51,GUNKUL,Energy,824.46
2025-06-20,2.09,3.52,5.61,-1.43,21.49,GUNKUL,Energy,823.0300000000001
2025-06-23,5.87,7.39,13.26,-1.52,15.69,GUNKUL,Energy,821.5100000000001
2025-06-24,24.34,4.71,29.05,19.63,27.31,GUNKUL,Energy,841.1400000000001
2025-06-25,12.54,7.54,20.07,5.0,27.16,GUNKUL,Energy,846.1400000000001
2025-06-26,24.07,13.16,37.23,10.91,20.99,GUNKUL,Energy,857.0500000000001
2025-06-27,4.25,17.61,21.86,-13.36,18.04,GUNKUL,Energy,843.69
2025-06-30,4.48,15.71,20.19,-11.24,26.6,GUNKUL,Energy,832.45
2025-07-01,5.11,7.39,12.49,-2.28,27.89,GUNKUL,Energy,830.1700000000001
2025-07-02,8.94,5.95,14.89,2.99,26.37,GUNKUL,Energy,833.1600000000001
2025-07-03,12.8,3.7,16.5,9.1,32.77,GUNKUL,Energy,842.2600000000001
2025-07-04,6.16,4.44,10.6,1.72,25.03,GUNKUL,Energy,843.9800000000001
2025-07-07,3.67,5.9,9.57,-2.23,26.09,GUNKUL,Energy,841.7500000000001
2025-07-08,5.65,2.86,8.5,2.79,25.33,GUNKUL,Energy,844.5400000000001
2025-07-09,2.46,5.53,7.99,-3.07,23.63,GUNKUL,Energy,841.47
2025-07-11,2.8,5.13,7.93,-2.33,16.69,GUNKUL,Energy,839.14
2025-07-14,18.84,2.61,21.45,16.23,25.47,GUNKUL,Energy,855.37
2025-07-15,14.22,2.51,16.72,11.71,26.02,GUNKUL,Energy,867.08
2025-07-16,7.71,5.91,13.62,1.79,25.61,GUNKUL,Energy,868.87
2025-07-17,14.84,4.73,19.57,10.11,24.22,GUNKUL,Energy,878.98
2025-07-18,9.51,8.24,17.75,1.27,26.69,GUNKUL,Energy,880.25
2025-07-21,7.81,3.1,10.91,4.72,24.16,GUNKUL,Energy,884.97
2025-07-22,5.04,13.27,18.31,-8.24,32.23,GUNKUL,Energy,876.73
2025-07-23,12.86,1.85,14.71,11.0,25.09,GUNKUL,Energy,887.73
2025-07-24,7.38,4.65,12.03,2.73,24.12,GUNKUL,Energy,890.46
2025-07-25,0.64,3.6,4.24,-2.95,24.53,GUNKUL,Energy,887.51
2025-07-29,9.66,4.44,14.1,5.22,30.19,GUNKUL,Energy,892.73
2025-07-30,22.67,5.38,28.05,17.29,17.9,GUNKUL,Energy,910.02
2025-07-31,5.31,6.21,11.53,-0.9,19.66,GUNKUL,Energy,909.12
2025-08-01,4.95,24.23,29.18,-19.28,31.15,GUNKUL,Energy,889.84
2025-08-04,3.44,10.47,13.91,-7.04,23.43,GUNKUL,Energy,882.8000000000001
2025-08-05,16.36,3.1,19.46,13.26,16.35,GUNKUL,Energy,896.0600000000001
2025-08-06,9.7,7.04,16.74,2.66,18.27,GUNKUL,Energy,898.72
2025-08-07,11.09,6.22,17.32,4.87,21.38,GUNKUL,Energy,903.59
2025-08-08,6.65,4.97,11.62,1.68,23.19,GUNKUL,Energy,905.27
2025-08-13,2.77,9.45,12.22,-6.69,20.5,GUNKUL,Energy,898.5799999999999
2025-08-14,6.63,6.7,13.33,-0.07,20.81,GUNKUL,Energy,898.5099999999999
2025-08-15,1.69,6.19,7.88,-4.51,22.74,GUNKUL,Energy,893.9999999999999
2025-08-18,5.93,9.17,15.11,-3.24,26.48,GUNKUL,Energy,890.7599999999999
2025-08-19,4.8,2.9,7.69,1.9,24.3,GUNKUL,Energy,892.6599999999999
2025-08-20,3.36,3.4,6.76,-0.04,20.24,GUNKUL,Energy,892.6199999999999
2025-08-21,0.7,8.55,9.25,-7.85,15.82,GUNKUL,Energy,884.7699999999999
2025-08-22,4.37,10.79,15.16,-6.41,13.64,GUNKUL,Energy,878.3599999999999
2025-08-25,8.7,15.34,24.04,-6.65,20.43,GUNKUL,Energy,871.7099999999999
2025-08-26,7.91,6.09,13.99,1.82,17.13,GUNKUL,Energy,873.53
2025-08-27,5.18,11.63,16.82,-6.45,17.17,GUNKUL,Energy,867.0799999999999
2025-08-28,10.63,1.85,12.48,8.79,26.07,GUNKUL,Energy,875.8699999999999
2025-08-29,2.65,9.09,11.74,-6.45,25.05,GUNKUL,Energy,869.4199999999998
2025-09-01,1.74,8.86,10.6,-7.12,25.62,GUNKUL,Energy,862.2999999999998
2025-09-02,2.61,4.27,6.88,-1.66,22.3,GUNKUL,Energy,860.6399999999999
2025-09-03,9.88,6.52,16.4,3.36,13.46,GUNKUL,Energy,863.9999999999999
2025-09-04,26.65,22.17,48.82,4.48,14.21,GUNKUL,Energy,868.4799999999999
2025-09-05,7.22,19.78,27.0,-12.56,10.95,GUNKUL,Energy,855.92
2025-09-08,7.49,5.69,13.18,1.8,8.26,GUNKUL,Energy,857.7199999999999
2025-09-09,9.08,8.85,17.93,0.23,20.67,GUNKUL,Energy,857.9499999999999
2025-09-10,7.18,13.01,20.19,-5.84,25.18,GUNKUL,Energy,852.1099999999999
2025-09-11,7.0,6.89,13.89,0.11,14.7,GUNKUL,Energy,852.2199999999999
2025-09-12,4.28,5.79,10.06,-1.51,15.31,GUNKUL,Energy,850.7099999999999
2025-09-15,4.77,7.3,12.06,-2.53,17.13,GUNKUL,Energy,848.18
2025-09-16,16.81,3.68,20.49,13.13,26.42,GUNKUL,Energy,861.31
2025-09-17,2.91,5.67,8.57,-2.76,15.36,GUNKUL,Energy,858.55
2025-09-18,6.95,14.08,21.03,-7.13,19.83,GUNKUL,Energy,851.42
2025-09-19,10.54,6.79,17.33,3.75,16.85,GUNKUL,Energy,855.17
2025-09-22,10.47,28.49,38.96,-18.03,26.04,GUNKUL,Energy,837.14
2025-09-23,21.36,15.47,36.83,5.9,27.98,GUNKUL,Energy,843.04
2025-09-24,3.73,9.92,13.65,-6.2,27.72,GUNKUL,Energy,836.8399999999999
2025-09-25,10.44,21.87,32.31,-11.42,14.32,GUNKUL,Energy,825.42
2025-09-26,7.31,20.67,27.99,-13.36,22.7,GUNKUL,Energy,812.06
2025-09-29,2.45,16.61,19.07,-14.16,30.29,GUNKUL,Energy,797.9
2025-09-30,7.02,18.95,25.96,-11.93,32.06,GUNKUL,Energy,785.97
2025-10-01,5.33,8.53,13.86,-3.2,18.94,GUNKUL,Energy,782.77
2025-10-02,9.54,6.33,15.87,3.21,22.44,GUNKUL,Energy,785.98
2025-10-03,2.59,21.08,23.67,-18.49,24.21,GUNKUL,Energy,767.49
2025-10-06,1.56,5.83,7.39,-4.28,19.29,GUNKUL,Energy,763.21
2025-10-07,46.59,16.42,63.0,30.17,29.23,GUNKUL,Energy,793.38
2025-10-08,20.24,23.2,43.45,-2.96,37.21,GUNKUL,Energy,790.42
2025-10-09,42.41,16.35,58.77,26.06,14.62,GUNKUL,Energy,816.4799999999999
2025-10-10,18.16,26.79,44.94,-8.63,21.87,GUNKUL,Energy,807.8499999999999
2025-10-14,29.44,25.48,54.91,3.96,32.64,GUNKUL,Energy,811.81
2025-10-15,147.39,98.26,245.65,49.13,65.27,GUNKUL,Energy,860.9399999999999
2025-10-16,6.49,22.32,28.81,-15.83,22.26,GUNKUL,Energy,845.1099999999999
2025-10-17,7.07,32.06,39.12,-24.99,12.19,GUNKUL,Energy,820.1199999999999
2025-10-20,8.3,6.56,14.86,1.74,14.87,GUNKUL,Energy,821.8599999999999
2025-10-21,10.63,17.8,28.43,-7.17,24.33,GUNKUL,Energy,814.6899999999999
2025-10-22,7.66,19.26,26.91,-11.6,30.62,GUNKUL,Energy,803.0899999999999
2025-10-24,2.56,8.43,10.99,-5.87,17.22,GUNKUL,Energy,797.2199999999999
2025-10-27,1.8,9.98,11.78,-8.17,14.45,GUNKUL,Energy,789.05
2025-10-28,11.63,12.46,24.08,-0.83,12.39,GUNKUL,Energy,788.2199999999999
2025-10-29,4.04,9.85,13.88,-5.81,31.78,GUNKUL,Energy,782.41
2025-10-30,5.91,3.23,9.14,2.69,15.73,GUNKUL,Energy,785.1
2025-10-31,4.79,5.16,9.95,-0.37,24.33,GUNKUL,Energy,784.73
2025-11-03,2.95,12.58,15.52,-9.63,24.01,GUNKUL,Energy,775.1
2025-11-04,11.18,5.46,16.65,5.72,13.55,GUNKUL,Energy,780.82
2025-11-05,27.59,11.63,39.22,15.95,20.21,GUNKUL,Energy,796.7700000000001
2025-11-06,8.26,7.8,16.06,0.46,23.42,GUNKUL,Energy,797.2300000000001
2025-11-07,9.2,16.7,25.89,-7.5,22.38,GUNKUL,Energy,789.7300000000001
2025-11-10,7.94,7.62,15.56,0.32,20.5,GUNKUL,Energy,790.0500000000002
2025-11-11,11.12,10.24,21.37,0.88,23.47,GUNKUL,Energy,790.9300000000002
2025-11-12,3.81,16.08,19.89,-12.27,24.26,GUNKUL,Energy,778.6600000000002
2025-11-13,4.68,8.06,12.74,-3.38,21.58,GUNKUL,Energy,775.2800000000002
2025-11-14,0.63,4.01,4.64,-3.39,12.09,GUNKUL,Energy,771.8900000000002
2025-11-17,2.94,4.0,6.94,-1.07,17.46,GUNKUL,Energy,770.8200000000002
2025-11-18,0.93,1.41,2.34,-0.47,19.82,GUNKUL,Energy,770.3500000000001
2025-11-19,0.95,2.76,3.71,-1.81,18.93,GUNKUL,Energy,768.5400000000002
2025-11-20,1.33,2.04,3.37,-0.7,16.78,GUNKUL,Energy,767.8400000000001
2025-11-21,0.81,3.08,3.89,-2.28,15.66,GUNKUL,Energy,765.5600000000002
2025-11-24,0.6,1.36,1.95,-0.76,12.4,GUNKUL,Energy,764.8000000000002
2025-11-25,1.08,4.74,5.83,-3.66,15.57,GUNKUL,Energy,761.1400000000002
2025-11-26,1.68,5.13,6.81,-3.46,9.92,GUNKUL,Energy,757.6800000000002
2025-11-27,0.09,0.33,0.42,-0.24,3.68,GUNKUL,Energy,757.4400000000002
2025-11-28,2.65,0.49,3.14,2.16,12.26,GUNKUL,Energy,759.6000000000001
2025-12-01,2.55,2.23,4.78,0.32,13.45,GUNKUL,Energy,759.9200000000002
2025-12-02,7.12,6.26,13.38,0.86,14.57,GUNKUL,Energy,760.7800000000002
2025-12-03,7.98,4.2,12.19,3.78,17.99,GUNKUL,Energy,764.5600000000002
2025-12-04,2.88,8.57,11.44,-5.69,14.38,GUNKUL,Energy,758.8700000000001
2025-12-08,1.38,3.09,4.47,-1.71,14.13,GUNKUL,Energy,757.1600000000001
2025-12-09,3.31,3.26,6.57,0.05,20.97,GUNKUL,Energy,757.21
2025-12-11,2.08,3.1,5.18,-1.02,18.17,GUNKUL,Energy,756.19
2025-12-12,1.31,0.73,2.04,0.57,11.84,GUNKUL,Energy,756.7600000000001
2025-12-15,2.95,2.58,5.53,0.37,14.62,GUNKUL,Energy,757.1300000000001
2025-12-16,1.23,1.36,2.59,-0.13,16.88,GUNKUL,Energy,757.0000000000001
2025-12-17,1.88,1.75,3.63,0.13,8.07,GUNKUL,Energy,757.1300000000001
2025-12-18,0.38,1.79,2.16,-1.41,10.73,GUNKUL,Energy,755.7200000000001
2025-12-19,1.15,6.87,8.02,-5.71,37.52,GUNKUL,Energy,750.0100000000001
2025-12-22,3.72,2.49,6.21,1.23,21.61,GUNKUL,Energy,751.2400000000001
2025-12-23,8.67,1.4,10.07,7.27,17.39,GUNKUL,Energy,758.5100000000001
2025-12-24,1.36,2.39,3.75,-1.03,17.29,GUNKUL,Energy,757.4800000000001
2025-12-25,3.47,5.01,8.48,-1.53,25.82,GUNKUL,Energy,755.9500000000002
2025-12-26,1.85,1.64,3.49,0.21,18.12,GUNKUL,Energy,756.1600000000002
2025-12-29,0.42,0.43,0.85,-0.01,10.56,GUNKUL,Energy,756.1500000000002
2025-12-30,1.42,1.58,2.99,-0.16,11.11,GUNKUL,Energy,755.9900000000002
2026-01-05,2.5,0.36,2.87,2.14,8.82,GUNKUL,Energy,758.1300000000002
2026-01-06,3.12,2.27,5.39,0.85,9.09,GUNKUL,Energy,758.9800000000002
2026-01-07,9.95,1.44,11.39,8.51,19.07,GUNKUL,Energy,767.4900000000002
2026-01-08,0.59,4.73,5.31,-4.14,24.27,GUNKUL,Energy,763.3500000000003
2026-01-09,3.96,3.18,7.14,0.78,37.51,GUNKUL,Energy,764.1300000000002
2026-01-12,2.34,5.41,7.75,-3.08,12.86,GUNKUL,Energy,761.0500000000002
2026-01-13,3.34,2.36,5.7,0.98,16.51,GUNKUL,Energy,762.0300000000002
2026-01-14,0.6,0.86,1.46,-0.25,8.52,GUNKUL,Energy,761.7800000000002
2026-01-15,4.62,2.26,6.88,2.36,19.19,GUNKUL,Energy,764.1400000000002
2026-01-16,2.98,0.97,3.95,2.0,11.65,GUNKUL,Energy,766.1400000000002
2026-01-19,7.57,3.45,11.01,4.12,24.01,GUNKUL,Energy,770.2600000000002
2026-01-20,6.17,3.47,9.65,2.7,16.91,GUNKUL,Energy,772.9600000000003
2026-01-21,8.71,1.94,10.66,6.77,15.88,GUNKUL,Energy,779.7300000000002
2026-01-22,5.73,8.21,13.94,-2.48,21.91,GUNKUL,Energy,777.2500000000002
2026-01-23,1.95,5.84,7.8,-3.89,23.98,GUNKUL,Energy,773.3600000000002
2026-01-26,1.61,3.93,5.54,-2.32,13.77,GUNKUL,Energy,771.0400000000002
2026-01-27,2.12,1.33,3.45,0.8,15.27,GUNKUL,Energy,771.8400000000001
2026-01-28,2.56,1.33,3.89,1.22,19.44,GUNKUL,Energy,773.0600000000002
2026-01-29,2.35,1.42,3.77,0.93,19.11,GUNKUL,Energy,773.9900000000001
2026-01-30,0.23,0.93,1.16,-0.7,11.41,GUNKUL,Energy,773.2900000000001
2026-02-02,18.58,5.4,23.98,13.18,32.06,GUNKUL,Energy,786.47
2026-02-03,14.09,2.03,16.13,12.06,21.3,GUNKUL,Energy,798.53
2026-02-04,2.77,6.33,9.1,-3.55,27.35,GUNKUL,Energy,794.98
2026-02-05,2.64,1.24,3.88,1.4,20.92,GUNKUL,Energy,796.38
2026-02-06,4.53,4.31,8.83,0.22,18.87,GUNKUL,Energy,796.6
2026-02-09,33.5,5.55,39.05,27.95,24.75,GUNKUL,Energy,824.5500000000001
2026-02-10,23.27,14.8,38.07,8.46,19.87,GUNKUL,Energy,833.0100000000001
2026-02-11,25.33,2.86,28.19,22.47,22.87,GUNKUL,Energy,855.4800000000001
2026-02-12,48.37,16.91,65.28,31.47,16.96,GUNKUL,Energy,886.9500000000002
2026-02-13,26.84,15.45,42.29,11.39,16.92,GUNKUL,Energy,898.3400000000001
2026-02-16,7.04,10.01,17.05,-2.96,17.62,GUNKUL,Energy,895.3800000000001
2026-02-17,24.04,30.04,54.09,-6.0,19.19,GUNKUL,Energy,889.3800000000001
2026-02-18,20.52,2.64,23.16,17.88,15.85,GUNKUL,Energy,907.2600000000001
2026-02-19,16.58,12.5,29.09,4.08,14.25,GUNKUL,Energy,911.3400000000001
2026-02-20,30.53,8.8,39.33,21.73,19.86,GUNKUL,Energy,933.0700000000002
2026-02-23,31.59,28.7,60.29,2.89,20.31,GUNKUL,Energy,935.9600000000002
2026-02-24,21.11,14.92,36.03,6.19,17.52,GUNKUL,Energy,942.1500000000002
2026-02-25,4.6,34.49,39.09,-29.89,16.99,GUNKUL,Energy,912.2600000000002
2026-02-26,14.12,7.71,21.83,6.41,10.78,GUNKUL,Energy,918.6700000000002
2026-02-27,15.01,13.23,28.24,1.78,18.78,GUNKUL,Energy,920.4500000000002
2026-03-02,58.6,15.67,74.27,42.94,18.31,GUNKUL,Energy,963.3900000000001
2026-03-04,55.62,29.88,85.5,25.73,23.72,GUNKUL,Energy,989.1200000000001
2026-03-05,24.25,44.68,68.93,-20.43,27.48,GUNKUL,Energy,968.6900000000002
2026-03-06,16.66,16.1,32.76,0.57,23.78,GUNKUL,Energy,969.2600000000002
2026-03-09,18.88,42.7,61.58,-23.82,24.68,GUNKUL,Energy,945.4400000000002
2026-03-10,11.8,19.41,31.2,-7.61,18.18,GUNKUL,Energy,937.8300000000002
2026-03-11,24.39,8.3,32.69,16.08,17.63,GUNKUL,Energy,953.9100000000002
2026-03-12,20.12,6.3,26.42,13.82,19.47,GUNKUL,Energy,967.7300000000002
2026-03-13,6.11,17.84,23.95,-11.73,22.41,GUNKUL,Energy,956.0000000000002
2026-03-16,8.86,8.29,17.15,0.57,16.32,GUNKUL,Energy,956.5700000000003
2026-03-17,18.34,20.98,39.32,-2.63,26.65,GUNKUL,Energy,953.9400000000003
2026-03-18,25.89,20.97,46.85,4.92,23.63,GUNKUL,Energy,958.8600000000002
2026-03-19,22.68,22.51,45.19,0.17,24.45,GUNKUL,Energy,959.0300000000002
2026-03-20,75.32,18.23,93.55,57.09,21.65,GUNKUL,Energy,1016.1200000000002
2026-03-23,22.38,47.57,69.95,-25.18,22.03,GUNKUL,Energy,990.9400000000003
2026-03-24,13.59,27.31,40.9,-13.71,20.88,GUNKUL,Energy,977.2300000000002
2026-03-25,32.73,27.13,59.85,5.6,21.8,GUNKUL,Energy,982.8300000000003
2026-03-26,28.29,44.07,72.35,-15.78,18.33,GUNKUL,Energy,967.0500000000003
2026-03-27,26.44,37.11,63.56,-10.67,15.21,GUNKUL,Energy,956.3800000000003
2026-03-30,46.31,33.07,79.38,13.24,23.37,GUNKUL,Energy,969.6200000000003
2026-03-31,27.97,77.08,105.05,-49.12,18.85,GUNKUL,Energy,920.5000000000003
2026-04-01,21.99,20.45,42.43,1.54,17.93,GUNKUL,Energy,922.0400000000003
2026-04-02,24.34,35.8,60.14,-11.46,22.14,GUNKUL,Energy,910.5800000000003
2026-04-03,11.98,29.3,41.28,-17.31,28.89,GUNKUL,Energy,893.2700000000003
2026-04-07,4.24,10.86,15.1,-6.62,12.7,GUNKUL,Energy,886.6500000000003
2026-04-08,21.08,33.17,54.25,-12.09,20.96,GUNKUL,Energy,874.5600000000003
2026-04-09,2.82,27.05,29.87,-24.23,18.85,GUNKUL,Energy,850.3300000000003
2026-04-10,11.17,7.14,18.32,4.03,15.56,GUNKUL,Energy,854.3600000000002
2026-04-16,10.36,17.44,27.8,-7.09,17.34,GUNKUL,Energy,847.2700000000002
2026-04-17,16.12,32.22,48.34,-16.1,23.62,GUNKUL,Energy,831.1700000000002
2026-04-20,12.88,13.17,26.05,-0.28,17.99,GUNKUL,Energy,830.8900000000002
2026-04-21,11.38,16.02,27.39,-4.64,26.9,GUNKUL,Energy,826.2500000000002
2026-04-22,0.96,8.65,9.61,-7.69,15.14,GUNKUL,Energy,818.5600000000002
2026-04-23,10.72,9.23,19.96,1.49,16.12,GUNKUL,Energy,820.0500000000002
2026-04-24,16.65,16.98,33.63,-0.33,22.52,GUNKUL,Energy,819.7200000000001
2026-04-27,83.37,26.88,110.25,56.49,21.04,GUNKUL,Energy,876.2100000000002
2026-04-28,173.2,128.65,301.86,44.55,16.73,GUNKUL,Energy,920.7600000000001
2026-04-29,58.94,61.22,120.16,-2.28,16.23,GUNKUL,Energy,918.4800000000001
2026-04-30,74.84,56.13,130.98,18.71,20.9,GUNKUL,Energy,937.1900000000002
2026-05-05,221.16,138.99,360.15,82.16,20.25,GUNKUL,Energy,1019.3500000000001
2026-05-06,147.67,101.21,248.88,46.45,19.83,GUNKUL,Energy,1065.8000000000002
2026-05-07,96.1,57.22,153.32,38.87,22.51,GUNKUL,Energy,1104.67
2026-05-08,57.19,23.18,80.37,34.01,19.12,GUNKUL,Energy,1138.68
2026-05-11,206.09,111.04,317.13,95.06,24.5,GUNKUL,Energy,1233.74
2026-05-12,424.69,181.36,606.05,243.33,15.64,GUNKUL,Energy,1477.07
2026-05-13,87.83,237.35,325.17,-149.52,19.62,GUNKUL,Energy,1327.55
2026-05-14,215.48,153.52,368.99,61.96,19.9,GUNKUL,Energy,1389.51
2026-05-15,78.88,90.61,169.49,-11.73,19.08,GUNKUL,Energy,1377.78
2026-05-18,50.43,129.92,180.35,-79.49,22.94,GUNKUL,Energy,1298.29
2026-05-19,44.0,53.71,97.7,-9.71,22.0,GUNKUL,Energy,1288.58
2026-05-20,27.92,90.52,118.44,-62.6,26.97,GUNKUL,Energy,1225.98
2026-05-21,221.93,100.18,322.11,121.75,21.94,GUNKUL,Energy,1347.73
2026-05-22,53.78,158.29,212.07,-104.51,21.6,GUNKUL,Energy,1243.22
2026-05-25,52.3,87.21,139.51,-34.91,19.68,GUNKUL,Energy,1208.31
2026-05-26,84.41,59.01,143.42,25.4,14.94,GUNKUL,Energy,1233.71
2026-05-27,433.75,220.65,654.4,213.1,22.44,GUNKUL,Energy,1446.81
2026-05-28,165.04,223.42,388.46,-58.38,20.2,GUNKUL,Energy,1388.4299999999998
2026-05-29,107.96,111.18,219.14,-3.21,15.08,GUNKUL,Energy,1385.2199999999998
2026-06-02,184.86,74.7,259.55,110.16,22.98,GUNKUL,Energy,1495.3799999999999
2026-06-04,175.0,322.16,497.16,-147.16,23.9,GUNKUL,Energy,1348.2199999999998
2026-06-05,87.63,96.75,184.39,-9.12,23.39,GUNKUL,Energy,1339.1
2026-06-08,180.5,130.9,311.4,49.61,24.13,GUNKUL,Energy,1388.7099999999998
2026-06-09,115.94,123.86,239.81,-7.92,26.02,GUNKUL,Energy,1380.7899999999997
2026-06-10,98.28,70.67,168.95,27.61,29.09,GUNKUL,Energy,1408.3999999999996
2026-06-11,231.72,146.66,378.38,85.06,25.67,GUNKUL,Energy,1493.4599999999996
2026-06-12,202.69,196.7,399.39,5.99,19.54,GUNKUL,Energy,1499.4499999999996
2026-06-15,101.23,264.96,366.19,-163.73,18.39,GUNKUL,Energy,1335.7199999999996
2026-06-16,100.48,122.79,223.27,-22.31,22.75,GUNKUL,Energy,1313.4099999999996
2026-06-17,41.41,85.59,127.0,-44.18,17.31,GUNKUL,Energy,1269.2299999999996
2026-06-18,55.37,74.15,129.52,-18.79,22.65,GUNKUL,Energy,1250.4399999999996
2026-06-19,84.3,88.21,172.51,-3.91,24.98,GUNKUL,Energy,1246.5299999999995
2026-06-22,116.09,40.75,156.84,75.34,21.98,GUNKUL,Energy,1321.8699999999994
2026-06-23,164.58,128.6,293.18,35.98,25.12,GUNKUL,Energy,1357.8499999999995
2026-06-24,48.41,104.8,153.2,-56.39,28.55,GUNKUL,Energy,1301.4599999999994
2026-06-25,473.48,86.16,559.64,387.32,18.33,GUNKUL,Energy,1688.7799999999993
2026-06-26,228.29,188.22,416.52,40.07,22.45,GUNKUL,Energy,1728.8499999999992
2026-06-29,106.02,199.41,305.43,-93.39,25.35,GUNKUL,Energy,1635.4599999999991
2026-06-30,93.77,189.31,283.08,-95.53,21.07,GUNKUL,Energy,1539.9299999999992
2026-07-01,138.21,163.84,302.04,-25.63,23.19,GUNKUL,Energy,1514.299999999999
2026-07-02,68.01,46.11,114.12,21.89,20.04,GUNKUL,Energy,1536.1899999999991
2026-07-03,154.94,59.26,214.21,95.68,18.03,GUNKUL,Energy,1631.8699999999992
2026-07-06,163.97,135.38,299.35,28.59,20.13,GUNKUL,Energy,1660.4599999999991
2026-07-07,92.59,250.47,343.06,-157.88,18.64,GUNKUL,Energy,1502.579999999999
2026-07-08,613.4,237.98,851.38,375.42,18.75,GUNKUL,Energy,1877.999999999999
2026-07-09,156.36,182.09,338.45,-25.73,18.39,GUNKUL,Energy,1852.269999999999
2026-07-10,93.36,105.6,198.96,-12.25,16.49,GUNKUL,Energy,1840.019999999999
2026-07-13,55.22,270.07,325.29,-214.84,24.87,GUNKUL,Energy,1625.1799999999992
2026-07-14,225.04,177.3,402.33,47.74,20.23,GUNKUL,Energy,1672.9199999999992
2026-07-15,193.68,169.08,362.75,24.6,17.45,GUNKUL,Energy,1697.519999999999
2026-07-16,36.96,90.75,127.71,-53.78,18.56,GUNKUL,Energy,1643.739999999999
2026-07-17,462.5,123.0,585.5,339.49,25.22,GUNKUL,Energy,1983.229999999999
2026-07-20,41.48,290.63,332.12,-249.15,23.61,GUNKUL,Energy,1734.079999999999
2026-07-21,212.42,174.91,387.32,37.51,29.21,GUNKUL,Energy,1771.589999999999
2026-07-22,110.06,262.2,372.27,-152.14,21.01,GUNKUL,Energy,1619.449999999999
2026-07-23,102.31,63.6,165.91,38.71,19.18,GUNKUL,Energy,1658.159999999999
2026-07-24,59.94,72.11,132.04,-12.17,21.3,GUNKUL,Energy,1645.9899999999989
