date,buy_mb,sell_mb,buy_sell_mb,net_mb,nvdr_pct,symbol,sector,cumulative_net_mb
2020-01-02,0.8,0.19,0.98,0.61,3.13,JMART,ICT,0.61
2020-01-03,3.42,3.36,6.78,0.07,8.04,JMART,ICT,0.6799999999999999
2020-01-06,2.27,3.35,5.62,-1.08,12.07,JMART,ICT,-0.40000000000000013
2020-01-07,0.15,1.66,1.81,-1.51,7.33,JMART,ICT,-1.9100000000000001
2020-01-08,0.61,2.09,2.7,-1.48,8.39,JMART,ICT,-3.39
2020-01-09,0.73,1.39,2.12,-0.65,11.73,JMART,ICT,-4.04
2020-01-10,0.23,0.63,0.87,-0.4,7.37,JMART,ICT,-4.44
2020-01-13,0.77,1.32,2.09,-0.55,7.45,JMART,ICT,-4.99
2020-01-14,5.08,2.67,7.76,2.41,10.16,JMART,ICT,-2.58
2020-01-15,2.64,3.32,5.96,-0.68,17.88,JMART,ICT,-3.2600000000000002
2020-01-16,16.21,8.8,25.01,7.42,15.38,JMART,ICT,4.16
2020-01-17,17.22,24.46,41.67,-7.24,18.99,JMART,ICT,-3.08
2020-01-20,9.7,6.18,15.88,3.52,8.44,JMART,ICT,0.43999999999999995
2020-01-21,8.52,3.74,12.26,4.79,15.52,JMART,ICT,5.23
2020-01-22,7.66,1.44,9.09,6.22,18.7,JMART,ICT,11.45
2020-01-23,3.67,2.5,6.17,1.18,13.12,JMART,ICT,12.629999999999999
2020-01-24,1.83,0.49,2.32,1.35,11.06,JMART,ICT,13.979999999999999
2020-01-27,5.04,3.97,9.01,1.08,21.22,JMART,ICT,15.059999999999999
2020-01-28,3.43,4.16,7.59,-0.73,17.26,JMART,ICT,14.329999999999998
2020-01-29,0.62,1.8,2.42,-1.18,10.55,JMART,ICT,13.149999999999999
2020-01-30,2.36,2.79,5.15,-0.43,13.48,JMART,ICT,12.719999999999999
2020-01-31,1.94,3.06,5.0,-1.12,11.85,JMART,ICT,11.599999999999998
2020-02-03,0.52,7.04,7.56,-6.53,23.33,JMART,ICT,5.069999999999998
2020-02-04,5.92,3.25,9.17,2.67,22.79,JMART,ICT,7.7399999999999975
2020-02-05,9.45,8.61,18.06,0.85,14.15,JMART,ICT,8.589999999999998
2020-02-06,6.95,15.66,22.62,-8.71,12.63,JMART,ICT,-0.12000000000000277
2020-02-07,11.48,12.34,23.82,-0.86,15.25,JMART,ICT,-0.9800000000000028
2020-02-11,5.78,12.62,18.4,-6.84,7.24,JMART,ICT,-7.820000000000003
2020-02-12,4.55,6.35,10.89,-1.8,10.63,JMART,ICT,-9.620000000000003
2020-02-13,14.74,11.33,26.07,3.42,12.86,JMART,ICT,-6.200000000000003
2020-02-14,17.8,35.93,53.73,-18.13,20.23,JMART,ICT,-24.330000000000002
2020-02-17,17.2,4.85,22.05,12.35,16.98,JMART,ICT,-11.980000000000002
2020-02-18,2.55,3.62,6.17,-1.08,15.88,JMART,ICT,-13.060000000000002
2020-02-19,27.09,10.21,37.3,16.88,31.2,JMART,ICT,3.8199999999999967
2020-02-20,10.38,4.79,15.18,5.59,24.85,JMART,ICT,9.409999999999997
2020-02-21,6.58,3.43,10.01,3.16,14.26,JMART,ICT,12.569999999999997
2020-02-24,6.71,12.14,18.85,-5.43,20.15,JMART,ICT,7.139999999999997
2020-02-25,9.93,8.91,18.85,1.02,14.57,JMART,ICT,8.159999999999997
2020-02-26,18.74,8.42,27.16,10.32,18.48,JMART,ICT,18.479999999999997
2020-02-27,8.98,4.45,13.44,4.53,10.98,JMART,ICT,23.009999999999998
2020-02-28,12.25,5.34,17.6,6.91,9.65,JMART,ICT,29.919999999999998
2020-03-02,10.35,15.7,26.05,-5.35,15.85,JMART,ICT,24.57
2020-03-03,3.67,3.7,7.36,-0.03,7.57,JMART,ICT,24.54
2020-03-04,3.41,2.5,5.9,0.91,8.01,JMART,ICT,25.45
2020-03-05,6.23,2.48,8.71,3.75,8.01,JMART,ICT,29.2
2020-03-06,3.6,2.46,6.05,1.14,8.26,JMART,ICT,30.34
2020-03-09,2.64,7.08,9.73,-4.44,12.09,JMART,ICT,25.9
2020-03-10,2.72,8.31,11.03,-5.59,14.51,JMART,ICT,20.31
2020-03-11,3.22,6.1,9.32,-2.89,18.16,JMART,ICT,17.419999999999998
2020-03-12,5.09,11.26,16.35,-6.17,18.02,JMART,ICT,11.249999999999998
2020-03-13,8.77,4.26,13.02,4.51,8.74,JMART,ICT,15.759999999999998
2020-03-16,7.46,4.7,12.16,2.75,18.36,JMART,ICT,18.509999999999998
2020-03-17,5.15,7.71,12.86,-2.55,16.62,JMART,ICT,15.959999999999997
2020-03-18,9.06,4.58,13.64,4.48,18.27,JMART,ICT,20.439999999999998
2020-03-19,3.59,6.67,10.26,-3.08,19.23,JMART,ICT,17.36
2020-03-20,7.03,7.84,14.87,-0.82,11.04,JMART,ICT,16.54
2020-03-23,3.37,3.24,6.61,0.13,13.44,JMART,ICT,16.669999999999998
2020-03-24,3.27,4.01,7.28,-0.75,22.71,JMART,ICT,15.919999999999998
2020-03-25,8.91,3.68,12.59,5.23,20.11,JMART,ICT,21.15
2020-03-26,9.4,2.94,12.34,6.46,18.53,JMART,ICT,27.61
2020-03-27,11.74,4.94,16.69,6.8,21.15,JMART,ICT,34.41
2020-03-30,1.84,0.57,2.42,1.27,7.77,JMART,ICT,35.68
2020-03-31,4.18,5.69,9.87,-1.5,10.1,JMART,ICT,34.18
2020-04-01,3.88,7.93,11.8,-4.05,13.03,JMART,ICT,30.13
2020-04-02,0.71,1.27,1.98,-0.56,8.26,JMART,ICT,29.57
2020-04-03,1.42,2.12,3.54,-0.69,16.96,JMART,ICT,28.88
2020-04-07,5.44,10.06,15.51,-4.62,14.48,JMART,ICT,24.259999999999998
2020-04-08,3.2,4.45,7.65,-1.25,11.3,JMART,ICT,23.009999999999998
2020-04-09,3.1,1.66,4.77,1.44,6.93,JMART,ICT,24.45
2020-04-10,1.23,2.2,3.43,-0.97,18.09,JMART,ICT,23.48
2020-04-13,0.41,1.27,1.68,-0.87,2.34,JMART,ICT,22.61
2020-04-14,3.75,4.37,8.12,-0.62,7.9,JMART,ICT,21.99
2020-04-15,5.27,1.9,7.17,3.37,10.34,JMART,ICT,25.36
2020-04-16,5.35,1.22,6.57,4.12,13.17,JMART,ICT,29.48
2020-04-17,7.64,0.63,8.26,7.01,11.43,JMART,ICT,36.49
2020-04-20,3.91,1.07,4.98,2.84,10.05,JMART,ICT,39.33
2020-04-21,1.71,1.06,2.76,0.65,15.69,JMART,ICT,39.98
2020-04-22,1.67,0.92,2.59,0.75,10.68,JMART,ICT,40.73
2020-04-23,8.71,5.27,13.98,3.43,8.76,JMART,ICT,44.16
2020-04-24,2.43,18.14,20.57,-15.71,8.86,JMART,ICT,28.449999999999996
2020-04-27,6.49,6.17,12.67,0.32,5.59,JMART,ICT,28.769999999999996
2020-04-28,13.66,4.13,17.79,9.52,12.19,JMART,ICT,38.28999999999999
2020-04-29,4.41,4.26,8.67,0.15,7.73,JMART,ICT,38.43999999999999
2020-04-30,9.1,7.11,16.22,1.99,14.72,JMART,ICT,40.42999999999999
2020-05-05,6.99,1.65,8.64,5.34,7.63,JMART,ICT,45.769999999999996
2020-05-07,21.23,4.31,25.54,16.92,18.97,JMART,ICT,62.69
2020-05-08,16.65,2.47,19.12,14.18,21.37,JMART,ICT,76.87
2020-05-11,20.41,7.4,27.81,13.01,22.59,JMART,ICT,89.88000000000001
2020-05-12,12.78,17.67,30.45,-4.88,6.85,JMART,ICT,85.00000000000001
2020-05-13,7.86,16.95,24.8,-9.09,9.36,JMART,ICT,75.91000000000001
2020-05-14,14.25,4.1,18.35,10.15,7.62,JMART,ICT,86.06000000000002
2020-05-15,23.34,33.23,56.58,-9.89,11.04,JMART,ICT,76.17000000000002
2020-05-18,25.9,24.6,50.5,1.29,13.08,JMART,ICT,77.46000000000002
2020-05-19,32.63,13.19,45.82,19.43,18.87,JMART,ICT,96.89000000000001
2020-05-20,23.38,5.4,28.78,17.98,15.79,JMART,ICT,114.87000000000002
2020-05-21,12.74,11.93,24.67,0.81,11.03,JMART,ICT,115.68000000000002
2020-05-22,14.05,4.98,19.04,9.07,19.01,JMART,ICT,124.75000000000003
2020-05-25,10.45,7.01,17.46,3.44,12.19,JMART,ICT,128.19000000000003
2020-05-26,15.26,11.96,27.22,3.31,12.74,JMART,ICT,131.50000000000003
2020-05-27,13.58,16.01,29.59,-2.43,11.22,JMART,ICT,129.07000000000002
2020-05-28,7.69,17.52,25.21,-9.82,13.04,JMART,ICT,119.25000000000003
2020-05-29,15.89,5.36,21.25,10.53,4.44,JMART,ICT,129.78000000000003
2020-06-01,85.42,48.63,134.05,36.8,18.79,JMART,ICT,166.58000000000004
2020-06-02,2.68,39.87,42.55,-37.19,16.97,JMART,ICT,129.39000000000004
2020-06-04,27.08,24.84,51.92,2.24,18.41,JMART,ICT,131.63000000000005
2020-06-05,9.12,39.95,49.07,-30.83,17.14,JMART,ICT,100.80000000000005
2020-06-08,17.78,40.0,57.77,-22.22,18.54,JMART,ICT,78.58000000000006
2020-06-09,14.38,38.11,52.49,-23.73,16.63,JMART,ICT,54.85000000000005
2020-06-10,25.01,39.64,64.65,-14.63,22.07,JMART,ICT,40.22000000000005
2020-06-11,18.14,19.56,37.7,-1.42,17.79,JMART,ICT,38.80000000000005
2020-06-12,36.73,17.89,54.62,18.84,17.55,JMART,ICT,57.64000000000004
2020-06-15,16.98,12.48,29.46,4.5,15.55,JMART,ICT,62.14000000000004
2020-06-16,22.3,14.18,36.48,8.13,26.12,JMART,ICT,70.27000000000004
2020-06-17,28.69,20.14,48.83,8.56,43.47,JMART,ICT,78.83000000000004
2020-06-18,32.42,19.19,51.6,13.23,32.34,JMART,ICT,92.06000000000004
2020-06-19,67.45,40.04,107.49,27.41,20.16,JMART,ICT,119.47000000000004
2020-06-22,133.09,153.45,286.54,-20.36,22.4,JMART,ICT,99.11000000000004
2020-06-23,54.09,96.1,150.2,-42.01,14.23,JMART,ICT,57.100000000000044
2020-06-24,63.08,89.71,152.79,-26.62,19.17,JMART,ICT,30.480000000000043
2020-06-25,94.83,74.23,169.05,20.6,17.53,JMART,ICT,51.08000000000004
2020-06-26,17.12,84.83,101.94,-67.71,18.11,JMART,ICT,-16.629999999999953
2020-06-29,30.23,31.69,61.92,-1.46,14.81,JMART,ICT,-18.089999999999954
2020-06-30,22.4,41.33,63.73,-18.93,17.65,JMART,ICT,-37.01999999999995
2020-07-01,45.29,40.42,85.71,4.87,12.67,JMART,ICT,-32.149999999999956
2020-07-02,54.78,51.55,106.33,3.24,17.81,JMART,ICT,-28.909999999999954
2020-07-03,16.79,62.59,79.39,-45.8,15.52,JMART,ICT,-74.70999999999995
2020-07-07,44.12,35.77,79.89,8.35,8.95,JMART,ICT,-66.35999999999996
2020-07-08,38.47,87.81,126.29,-49.34,12.56,JMART,ICT,-115.69999999999996
2020-07-09,57.28,54.87,112.14,2.41,13.81,JMART,ICT,-113.28999999999996
2020-07-10,21.76,27.86,49.62,-6.1,9.25,JMART,ICT,-119.38999999999996
2020-07-13,89.83,80.44,170.27,9.39,10.61,JMART,ICT,-109.99999999999996
2020-07-14,33.77,35.56,69.33,-1.79,11.06,JMART,ICT,-111.78999999999996
2020-07-15,18.2,37.59,55.78,-19.39,10.16,JMART,ICT,-131.17999999999995
2020-07-16,37.44,42.16,79.6,-4.72,6.33,JMART,ICT,-135.89999999999995
2020-07-17,67.51,52.95,120.47,14.56,13.67,JMART,ICT,-121.33999999999995
2020-07-20,203.85,74.15,278.0,129.7,15.31,JMART,ICT,8.360000000000042
2020-07-21,110.4,144.74,255.14,-34.33,16.5,JMART,ICT,-25.969999999999956
2020-07-22,49.08,59.33,108.42,-10.25,15.38,JMART,ICT,-36.219999999999956
2020-07-23,13.69,47.93,61.62,-34.24,13.39,JMART,ICT,-70.45999999999995
2020-07-24,32.02,44.27,76.29,-12.26,12.35,JMART,ICT,-82.71999999999996
2020-07-29,46.06,71.3,117.35,-25.24,20.01,JMART,ICT,-107.95999999999995
2020-07-30,88.08,53.75,141.83,34.33,12.56,JMART,ICT,-73.62999999999995
2020-07-31,47.8,27.89,75.69,19.9,12.13,JMART,ICT,-53.729999999999954
2020-08-03,30.29,40.64,70.93,-10.35,18.5,JMART,ICT,-64.07999999999996
2020-08-04,35.3,33.44,68.74,1.86,6.34,JMART,ICT,-62.219999999999956
2020-08-05,64.0,160.11,224.11,-96.11,10.9,JMART,ICT,-158.32999999999996
2020-08-06,10.72,19.39,30.11,-8.67,8.15,JMART,ICT,-166.99999999999994
2020-08-07,17.95,10.13,28.08,7.83,10.19,JMART,ICT,-159.16999999999993
2020-08-10,18.84,15.43,34.28,3.41,13.96,JMART,ICT,-155.75999999999993
2020-08-11,13.23,37.64,50.87,-24.41,7.73,JMART,ICT,-180.16999999999993
2020-08-13,111.13,44.45,155.57,66.68,15.2,JMART,ICT,-113.48999999999992
2020-08-14,85.39,43.08,128.47,42.3,9.36,JMART,ICT,-71.18999999999993
2020-08-17,14.58,23.3,37.88,-8.72,13.67,JMART,ICT,-79.90999999999993
2020-08-18,38.15,18.88,57.03,19.27,11.14,JMART,ICT,-60.63999999999993
2020-08-19,46.18,64.94,111.12,-18.76,9.58,JMART,ICT,-79.39999999999993
2020-08-20,72.58,48.49,121.07,24.1,10.03,JMART,ICT,-55.29999999999993
2020-08-21,181.34,56.48,237.81,124.86,10.11,JMART,ICT,69.56000000000006
2020-08-24,243.42,169.17,412.59,74.25,14.48,JMART,ICT,143.81000000000006
2020-08-25,82.43,75.71,158.15,6.72,15.74,JMART,ICT,150.53000000000006
2020-08-26,74.08,23.05,97.12,51.03,15.91,JMART,ICT,201.56000000000006
2020-08-27,49.54,23.09,72.63,26.46,11.28,JMART,ICT,228.02000000000007
2020-08-28,57.81,13.74,71.55,44.08,15.63,JMART,ICT,272.1000000000001
2020-08-31,42.51,19.67,62.18,22.84,16.29,JMART,ICT,294.94000000000005
2020-09-01,59.55,29.09,88.65,30.46,15.08,JMART,ICT,325.40000000000003
2020-09-02,20.85,20.15,41.0,0.7,11.37,JMART,ICT,326.1
2020-09-03,37.37,64.37,101.74,-27.0,16.25,JMART,ICT,299.1
2020-09-08,26.03,39.96,65.99,-13.93,14.65,JMART,ICT,285.17
2020-09-09,56.82,26.68,83.5,30.15,15.33,JMART,ICT,315.32
2020-09-10,10.23,53.37,63.59,-43.14,23.09,JMART,ICT,272.18
2020-09-11,190.91,248.81,439.72,-57.89,10.61,JMART,ICT,214.29000000000002
2020-09-14,76.56,88.31,164.86,-11.75,11.67,JMART,ICT,202.54000000000002
2020-09-15,215.22,90.16,305.38,125.06,13.52,JMART,ICT,327.6
2020-09-16,17.92,51.39,69.31,-33.47,14.46,JMART,ICT,294.13
2020-09-17,21.47,34.54,56.01,-13.07,11.86,JMART,ICT,281.06
2020-09-18,16.02,27.8,43.82,-11.78,10.41,JMART,ICT,269.28000000000003
2020-09-21,22.03,38.45,60.48,-16.42,21.09,JMART,ICT,252.86
2020-09-22,12.8,27.21,40.01,-14.41,16.7,JMART,ICT,238.45000000000002
2020-09-23,17.09,14.32,31.42,2.77,12.56,JMART,ICT,241.22000000000003
2020-09-24,28.98,35.26,64.24,-6.29,12.71,JMART,ICT,234.93000000000004
2020-09-25,7.42,57.11,64.53,-49.69,23.48,JMART,ICT,185.24000000000004
2020-09-28,4.13,13.83,17.96,-9.7,19.09,JMART,ICT,175.54000000000005
2020-09-29,4.88,18.66,23.54,-13.77,16.39,JMART,ICT,161.77000000000004
2020-09-30,11.58,10.58,22.16,0.99,13.48,JMART,ICT,162.76000000000005
2020-10-01,67.38,27.93,95.32,39.45,14.94,JMART,ICT,202.21000000000004
2020-10-02,94.8,68.66,163.46,26.14,15.47,JMART,ICT,228.35000000000002
2020-10-05,10.85,27.02,37.87,-16.17,13.23,JMART,ICT,212.18
2020-10-06,30.64,26.19,56.83,4.45,18.11,JMART,ICT,216.63
2020-10-07,75.21,72.19,147.39,3.02,16.88,JMART,ICT,219.65
2020-10-08,51.7,54.44,106.15,-2.74,12.94,JMART,ICT,216.91
2020-10-09,18.9,24.96,43.86,-6.06,12.47,JMART,ICT,210.85
2020-10-12,80.5,75.85,156.35,4.64,11.68,JMART,ICT,215.48999999999998
2020-10-14,38.07,62.41,100.48,-24.34,14.72,JMART,ICT,191.14999999999998
2020-10-15,35.29,48.89,84.18,-13.6,14.35,JMART,ICT,177.54999999999998
2020-10-16,37.14,31.51,68.65,5.64,15.86,JMART,ICT,183.18999999999997
2020-10-19,47.74,26.44,74.17,21.3,17.64,JMART,ICT,204.48999999999998
2020-10-20,23.37,34.58,57.94,-11.21,20.87,JMART,ICT,193.27999999999997
2020-10-21,17.35,30.33,47.68,-12.99,20.76,JMART,ICT,180.28999999999996
2020-10-22,87.77,53.99,141.76,33.78,42.66,JMART,ICT,214.06999999999996
2020-10-26,14.47,34.11,48.58,-19.63,30.74,JMART,ICT,194.43999999999997
2020-10-27,18.08,19.21,37.29,-1.13,17.59,JMART,ICT,193.30999999999997
2020-10-28,8.77,28.47,37.24,-19.7,17.92,JMART,ICT,173.60999999999999
2020-10-29,18.91,21.17,40.08,-2.26,15.49,JMART,ICT,171.35
2020-10-30,11.4,45.49,56.9,-34.09,14.6,JMART,ICT,137.26
2020-11-02,25.96,18.21,44.16,7.75,18.05,JMART,ICT,145.01
2020-11-03,18.22,15.36,33.58,2.86,12.01,JMART,ICT,147.87
2020-11-04,21.31,27.91,49.22,-6.6,14.29,JMART,ICT,141.27
2020-11-05,16.1,27.2,43.29,-11.1,14.54,JMART,ICT,130.17000000000002
2020-11-06,22.91,43.73,66.64,-20.83,7.99,JMART,ICT,109.34000000000002
2020-11-09,9.33,13.35,22.67,-4.02,8.22,JMART,ICT,105.32000000000002
2020-11-10,16.89,49.7,66.59,-32.81,10.47,JMART,ICT,72.51000000000002
2020-11-11,60.82,21.59,82.41,39.24,18.21,JMART,ICT,111.75000000000003
2020-11-12,88.26,88.45,176.71,-0.19,13.21,JMART,ICT,111.56000000000003
2020-11-13,36.57,13.61,50.18,22.96,19.94,JMART,ICT,134.52000000000004
2020-11-16,13.15,12.48,25.63,0.67,11.16,JMART,ICT,135.19000000000003
2020-11-17,197.19,66.37,263.56,130.81,16.41,JMART,ICT,266.0
2020-11-18,38.24,118.86,157.09,-80.62,16.38,JMART,ICT,185.38
2020-11-19,56.37,39.24,95.61,17.13,15.2,JMART,ICT,202.51
2020-11-20,17.58,22.75,40.34,-5.17,19.39,JMART,ICT,197.34
2020-11-23,39.22,31.86,71.09,7.36,14.16,JMART,ICT,204.70000000000002
2020-11-24,118.05,59.04,177.1,59.01,15.82,JMART,ICT,263.71000000000004
2020-11-25,46.55,79.1,125.65,-32.55,23.23,JMART,ICT,231.16000000000003
2020-11-26,15.95,13.35,29.3,2.6,17.67,JMART,ICT,233.76000000000002
2020-11-27,70.14,29.16,99.3,40.98,16.66,JMART,ICT,274.74
2020-11-30,106.34,76.79,183.13,29.55,29.91,JMART,ICT,304.29
2020-12-01,9.43,40.88,50.31,-31.45,21.68,JMART,ICT,272.84000000000003
2020-12-02,88.88,41.68,130.56,47.2,16.0,JMART,ICT,320.04
2020-12-03,6.45,39.19,45.63,-32.74,14.43,JMART,ICT,287.3
2020-12-04,6.84,44.83,51.67,-38.0,16.26,JMART,ICT,249.3
2020-12-08,28.28,37.92,66.21,-9.64,17.51,JMART,ICT,239.66000000000003
2020-12-09,16.49,61.48,77.97,-44.98,21.34,JMART,ICT,194.68000000000004
2020-12-14,5.49,26.55,32.04,-21.07,15.57,JMART,ICT,173.61000000000004
2020-12-15,45.75,25.63,71.37,20.12,18.82,JMART,ICT,193.73000000000005
2020-12-16,4.33,15.7,20.04,-11.37,10.64,JMART,ICT,182.36000000000004
2020-12-17,15.73,36.57,52.3,-20.83,14.81,JMART,ICT,161.53000000000003
2020-12-18,70.79,31.17,101.96,39.61,11.36,JMART,ICT,201.14000000000004
2020-12-21,138.07,100.44,238.5,37.63,14.9,JMART,ICT,238.77000000000004
2020-12-22,73.73,107.57,181.3,-33.84,23.97,JMART,ICT,204.93000000000004
2020-12-23,223.62,74.75,298.38,148.87,19.9,JMART,ICT,353.80000000000007
2020-12-24,70.96,67.81,138.77,3.15,18.73,JMART,ICT,356.95000000000005
2020-12-25,87.95,74.27,162.22,13.68,10.88,JMART,ICT,370.63000000000005
2020-12-28,101.45,45.83,147.28,55.62,16.05,JMART,ICT,426.25000000000006
2020-12-29,73.41,11.31,84.72,62.11,19.85,JMART,ICT,488.36000000000007
2020-12-30,131.79,48.76,180.55,83.03,15.65,JMART,ICT,571.3900000000001
2021-01-04,89.08,62.17,151.25,26.91,27.74,JMART,ICT,598.3000000000001
2021-01-05,25.08,21.2,46.28,3.89,15.33,JMART,ICT,602.19
2021-01-06,65.38,40.0,105.39,25.38,21.66,JMART,ICT,627.57
2021-01-07,55.23,15.78,71.01,39.46,25.12,JMART,ICT,667.0300000000001
2021-01-08,87.45,56.78,144.23,30.67,18.82,JMART,ICT,697.7
2021-01-11,106.79,50.67,157.46,56.12,20.62,JMART,ICT,753.82
2021-01-12,69.0,65.65,134.65,3.35,21.39,JMART,ICT,757.1700000000001
2021-01-13,77.07,111.96,189.03,-34.89,20.15,JMART,ICT,722.2800000000001
2021-01-14,27.54,96.7,124.24,-69.15,16.55,JMART,ICT,653.1300000000001
2021-01-15,40.94,46.91,87.85,-5.97,14.59,JMART,ICT,647.1600000000001
2021-01-18,49.76,57.21,106.97,-7.45,26.1,JMART,ICT,639.71
2021-01-19,31.84,48.18,80.02,-16.34,19.32,JMART,ICT,623.37
2021-01-20,41.79,42.7,84.49,-0.92,22.48,JMART,ICT,622.45
2021-01-21,38.66,31.82,70.48,6.85,16.6,JMART,ICT,629.3000000000001
2021-01-22,35.41,14.58,49.99,20.82,17.51,JMART,ICT,650.1200000000001
2021-01-25,29.57,23.09,52.66,6.48,25.31,JMART,ICT,656.6000000000001
2021-01-26,143.48,54.94,198.43,88.54,17.26,JMART,ICT,745.1400000000001
2021-01-27,19.2,65.65,84.85,-46.45,20.06,JMART,ICT,698.69
2021-01-28,57.36,148.58,205.94,-91.21,13.51,JMART,ICT,607.48
2021-01-29,27.61,58.6,86.21,-30.99,18.44,JMART,ICT,576.49
2021-02-01,23.09,95.34,118.43,-72.25,11.75,JMART,ICT,504.24
2021-02-02,353.49,200.22,553.72,153.27,8.6,JMART,ICT,657.51
2021-02-03,178.29,134.86,313.15,43.44,12.26,JMART,ICT,700.95
2021-02-04,171.03,185.13,356.17,-14.1,20.59,JMART,ICT,686.85
2021-02-05,125.9,79.87,205.77,46.03,27.32,JMART,ICT,732.88
2021-02-08,172.73,94.59,267.31,78.14,19.45,JMART,ICT,811.02
2021-02-09,79.06,41.34,120.4,37.72,17.53,JMART,ICT,848.74
2021-02-10,37.27,35.46,72.73,1.81,14.28,JMART,ICT,850.55
2021-02-11,45.24,30.86,76.1,14.38,13.32,JMART,ICT,864.93
2021-02-15,34.99,73.13,108.12,-38.14,11.14,JMART,ICT,826.79
2021-02-16,7.56,38.89,46.45,-31.33,9.99,JMART,ICT,795.4599999999999
2021-02-17,5.87,26.37,32.24,-20.5,7.67,JMART,ICT,774.9599999999999
2021-02-18,4.24,59.57,63.81,-55.32,17.31,JMART,ICT,719.6399999999999
2021-02-19,21.49,47.75,69.24,-26.26,22.6,JMART,ICT,693.3799999999999
2021-02-22,24.91,106.55,131.46,-81.64,11.59,JMART,ICT,611.7399999999999
2021-02-23,24.72,56.61,81.32,-31.89,18.39,JMART,ICT,579.8499999999999
2021-02-24,13.39,65.03,78.42,-51.63,13.71,JMART,ICT,528.2199999999999
2021-02-25,5.58,30.28,35.86,-24.71,10.02,JMART,ICT,503.50999999999993
2021-03-01,31.65,80.91,112.55,-49.26,10.34,JMART,ICT,454.24999999999994
2021-03-02,2.58,52.18,54.76,-49.6,12.08,JMART,ICT,404.6499999999999
2021-03-03,99.72,128.33,228.04,-28.61,11.52,JMART,ICT,376.0399999999999
2021-03-04,12.87,76.36,89.24,-63.49,12.57,JMART,ICT,312.5499999999999
2021-03-05,47.32,69.19,116.51,-21.87,9.54,JMART,ICT,290.6799999999999
2021-03-08,90.5,101.64,192.14,-11.14,10.42,JMART,ICT,279.5399999999999
2021-03-09,94.0,74.94,168.94,19.06,11.89,JMART,ICT,298.5999999999999
2021-03-10,104.66,87.25,191.91,17.41,9.8,JMART,ICT,316.00999999999993
2021-03-11,131.63,163.99,295.62,-32.36,17.18,JMART,ICT,283.6499999999999
2021-03-12,123.64,98.8,222.45,24.84,19.27,JMART,ICT,308.4899999999999
2021-03-15,73.5,265.16,338.66,-191.66,14.3,JMART,ICT,116.8299999999999
2021-03-16,80.74,231.91,312.64,-151.17,15.44,JMART,ICT,-34.34000000000009
2021-03-17,69.41,91.58,160.99,-22.18,21.7,JMART,ICT,-56.52000000000009
2021-03-18,48.3,38.15,86.45,10.15,15.06,JMART,ICT,-46.37000000000009
2021-03-19,64.36,40.9,105.26,23.46,17.75,JMART,ICT,-22.91000000000009
2021-03-22,87.91,64.13,152.04,23.77,21.11,JMART,ICT,0.8599999999999106
2021-03-23,565.41,361.4,926.8,204.01,18.1,JMART,ICT,204.8699999999999
2021-03-24,66.22,158.5,224.72,-92.29,18.18,JMART,ICT,112.57999999999988
2021-03-25,24.38,143.56,167.95,-119.18,23.24,JMART,ICT,-6.600000000000122
2021-03-26,19.28,85.49,104.77,-66.21,12.06,JMART,ICT,-72.81000000000012
2021-03-29,29.76,75.82,105.57,-46.06,16.38,JMART,ICT,-118.87000000000012
2021-03-30,58.61,92.14,150.75,-33.53,17.85,JMART,ICT,-152.40000000000012
2021-03-31,12.66,63.27,75.93,-50.6,17.94,JMART,ICT,-203.0000000000001
2021-04-01,61.51,64.95,126.46,-3.44,15.38,JMART,ICT,-206.4400000000001
2021-04-02,41.14,91.81,132.95,-50.67,12.78,JMART,ICT,-257.1100000000001
2021-04-05,145.04,54.0,199.04,91.05,19.34,JMART,ICT,-166.06000000000012
2021-04-07,94.5,65.54,160.04,28.96,21.7,JMART,ICT,-137.1000000000001
2021-04-08,97.26,43.87,141.13,53.39,21.4,JMART,ICT,-83.71000000000011
2021-04-09,37.9,41.54,79.44,-3.64,21.57,JMART,ICT,-87.35000000000011
2021-04-12,139.46,65.25,204.71,74.22,15.65,JMART,ICT,-13.13000000000011
2021-04-16,105.34,65.15,170.5,40.19,19.7,JMART,ICT,27.05999999999989
2021-04-19,47.73,74.35,122.08,-26.62,15.37,JMART,ICT,0.4399999999998876
2021-04-20,55.72,41.92,97.64,13.8,18.13,JMART,ICT,14.239999999999888
2021-04-21,10.55,52.73,63.28,-42.18,22.9,JMART,ICT,-27.94000000000011
2021-04-22,12.67,30.79,43.46,-18.12,11.12,JMART,ICT,-46.060000000000116
2021-04-23,27.66,12.54,40.2,15.12,8.08,JMART,ICT,-30.94000000000012
2021-04-26,50.95,9.79,60.74,41.16,16.16,JMART,ICT,10.219999999999878
2021-04-27,21.06,51.79,72.84,-30.73,19.33,JMART,ICT,-20.510000000000122
2021-04-28,28.94,34.8,63.74,-5.85,22.84,JMART,ICT,-26.36000000000012
2021-04-29,26.85,65.76,92.62,-38.91,23.59,JMART,ICT,-65.27000000000012
2021-04-30,27.81,31.32,59.14,-3.51,14.86,JMART,ICT,-68.78000000000013
2021-05-05,38.06,155.36,193.41,-117.3,21.35,JMART,ICT,-186.08000000000013
2021-05-06,46.45,32.62,79.07,13.83,12.75,JMART,ICT,-172.2500000000001
2021-05-07,86.68,48.62,135.31,38.06,16.64,JMART,ICT,-134.1900000000001
2021-05-10,27.17,114.43,141.6,-87.26,24.66,JMART,ICT,-221.4500000000001
2021-05-11,85.18,118.6,203.78,-33.43,23.24,JMART,ICT,-254.8800000000001
2021-05-12,79.94,43.79,123.73,36.15,21.62,JMART,ICT,-218.7300000000001
2021-05-13,128.41,149.88,278.29,-21.47,19.32,JMART,ICT,-240.2000000000001
2021-05-14,23.33,132.17,155.5,-108.85,15.73,JMART,ICT,-349.05000000000007
2021-05-17,120.4,38.01,158.42,82.39,21.1,JMART,ICT,-266.6600000000001
2021-05-18,113.12,56.36,169.48,56.76,22.27,JMART,ICT,-209.9000000000001
2021-05-19,29.77,72.57,102.34,-42.8,31.92,JMART,ICT,-252.7000000000001
2021-05-20,43.86,91.44,135.3,-47.57,30.76,JMART,ICT,-300.2700000000001
2021-05-21,32.01,71.28,103.3,-39.27,26.24,JMART,ICT,-339.5400000000001
2021-05-24,38.24,27.27,65.51,10.96,19.08,JMART,ICT,-328.5800000000001
2021-05-25,83.03,23.87,106.9,59.17,27.2,JMART,ICT,-269.4100000000001
2021-05-27,51.08,38.22,89.3,12.86,19.17,JMART,ICT,-256.55000000000007
2021-05-28,70.74,96.94,167.68,-26.2,21.25,JMART,ICT,-282.75000000000006
2021-05-31,26.46,62.18,88.64,-35.73,16.35,JMART,ICT,-318.4800000000001
2021-06-01,43.35,77.14,120.49,-33.79,24.46,JMART,ICT,-352.2700000000001
2021-06-02,26.74,48.25,74.99,-21.51,24.68,JMART,ICT,-373.7800000000001
2021-06-04,39.1,119.39,158.5,-80.29,21.29,JMART,ICT,-454.0700000000001
2021-06-07,56.97,99.76,156.74,-42.79,13.43,JMART,ICT,-496.8600000000001
2021-06-08,25.49,41.35,66.84,-15.86,15.25,JMART,ICT,-512.7200000000001
2021-06-09,63.31,41.64,104.96,21.67,18.22,JMART,ICT,-491.0500000000001
2021-06-10,70.19,162.52,232.71,-92.32,17.31,JMART,ICT,-583.3700000000001
2021-06-11,303.13,118.69,421.82,184.43,10.11,JMART,ICT,-398.9400000000001
2021-06-14,42.45,44.27,86.72,-1.82,16.75,JMART,ICT,-400.7600000000001
2021-06-15,63.68,27.02,90.7,36.66,16.29,JMART,ICT,-364.10000000000014
2021-06-16,76.42,40.31,116.74,36.11,20.57,JMART,ICT,-327.9900000000001
2021-06-17,112.31,72.79,185.1,39.52,29.27,JMART,ICT,-288.47000000000014
2021-06-18,44.64,58.99,103.62,-14.35,32.45,JMART,ICT,-302.82000000000016
2021-06-21,29.73,53.6,83.33,-23.88,18.83,JMART,ICT,-326.70000000000016
2021-06-22,45.65,19.93,65.58,25.72,18.58,JMART,ICT,-300.98000000000013
2021-06-23,125.85,18.03,143.88,107.82,23.65,JMART,ICT,-193.16000000000014
2021-06-24,99.16,128.93,228.09,-29.77,25.22,JMART,ICT,-222.93000000000015
2021-06-25,90.52,23.24,113.76,67.27,31.9,JMART,ICT,-155.66000000000014
2021-06-28,93.91,11.68,105.59,82.24,26.02,JMART,ICT,-73.42000000000014
2021-06-29,177.01,43.12,220.13,133.89,22.16,JMART,ICT,60.46999999999984
2021-06-30,23.71,96.4,120.11,-72.69,22.37,JMART,ICT,-12.220000000000155
2021-07-01,23.25,18.83,42.08,4.42,15.02,JMART,ICT,-7.800000000000155
2021-07-02,43.83,52.08,95.91,-8.25,21.94,JMART,ICT,-16.050000000000153
2021-07-05,32.18,48.65,80.83,-16.47,30.52,JMART,ICT,-32.52000000000015
2021-07-06,87.0,43.72,130.72,43.28,28.49,JMART,ICT,10.759999999999849
2021-07-07,87.36,64.58,151.94,22.78,25.57,JMART,ICT,33.53999999999985
2021-07-08,98.33,184.96,283.29,-86.64,31.96,JMART,ICT,-53.10000000000015
2021-07-09,46.73,117.88,164.61,-71.16,25.5,JMART,ICT,-124.26000000000015
2021-07-12,97.6,42.28,139.89,55.32,30.67,JMART,ICT,-68.94000000000014
2021-07-13,281.19,219.79,500.98,61.39,26.8,JMART,ICT,-7.550000000000139
2021-07-14,189.36,272.26,461.62,-82.89,19.64,JMART,ICT,-90.44000000000014
2021-07-15,55.84,310.89,366.73,-255.05,23.34,JMART,ICT,-345.4900000000001
2021-07-16,45.61,102.72,148.33,-57.12,14.92,JMART,ICT,-402.6100000000001
2021-07-19,36.03,47.56,83.59,-11.53,16.39,JMART,ICT,-414.1400000000001
2021-07-20,37.5,91.37,128.87,-53.86,18.98,JMART,ICT,-468.0000000000001
2021-07-21,140.51,161.97,302.48,-21.46,24.99,JMART,ICT,-489.4600000000001
2021-07-22,40.62,80.9,121.52,-40.28,19.84,JMART,ICT,-529.7400000000001
2021-07-23,22.35,39.69,62.04,-17.34,15.9,JMART,ICT,-547.0800000000002
2021-07-27,59.47,88.24,147.71,-28.77,17.09,JMART,ICT,-575.8500000000001
2021-07-29,59.8,70.24,130.04,-10.44,35.28,JMART,ICT,-586.2900000000002
2021-07-30,52.32,66.96,119.29,-14.64,23.45,JMART,ICT,-600.9300000000002
2021-08-02,27.9,24.68,52.58,3.22,16.28,JMART,ICT,-597.7100000000002
2021-08-03,40.93,20.63,61.56,20.31,14.82,JMART,ICT,-577.4000000000002
2021-08-04,24.96,27.76,52.72,-2.8,16.32,JMART,ICT,-580.2000000000002
2021-08-05,49.32,52.81,102.13,-3.49,31.92,JMART,ICT,-583.6900000000002
2021-08-06,42.03,54.28,96.31,-12.25,22.97,JMART,ICT,-595.9400000000002
2021-08-09,39.34,23.06,62.41,16.28,16.13,JMART,ICT,-579.6600000000002
2021-08-10,38.57,37.75,76.32,0.82,28.23,JMART,ICT,-578.8400000000001
2021-08-11,111.16,106.21,217.37,4.95,17.89,JMART,ICT,-573.8900000000001
2021-08-13,62.61,66.95,129.55,-4.34,28.66,JMART,ICT,-578.2300000000001
2021-08-16,139.35,52.96,192.31,86.39,32.49,JMART,ICT,-491.84000000000015
2021-08-17,193.81,103.33,297.14,90.48,33.39,JMART,ICT,-401.3600000000001
2021-08-18,179.69,65.33,245.02,114.37,24.48,JMART,ICT,-286.9900000000001
2021-08-19,120.92,160.84,281.76,-39.92,15.13,JMART,ICT,-326.91000000000014
2021-08-20,91.08,91.96,183.04,-0.88,18.88,JMART,ICT,-327.79000000000013
2021-08-23,214.17,119.11,333.27,95.06,32.09,JMART,ICT,-232.73000000000013
2021-08-24,77.59,131.66,209.25,-54.07,30.1,JMART,ICT,-286.8000000000001
2021-08-25,184.71,103.71,288.42,81.0,18.56,JMART,ICT,-205.80000000000013
2021-08-26,89.26,239.22,328.48,-149.95,11.59,JMART,ICT,-355.7500000000001
2021-08-27,436.16,177.42,613.58,258.75,27.48,JMART,ICT,-97.00000000000011
2021-08-30,141.06,132.05,273.11,9.01,15.23,JMART,ICT,-87.99000000000011
2021-08-31,103.31,143.97,247.28,-40.67,13.37,JMART,ICT,-128.6600000000001
2021-09-01,168.94,158.63,327.57,10.31,10.05,JMART,ICT,-118.35000000000011
2021-09-02,134.61,136.02,270.63,-1.41,15.2,JMART,ICT,-119.7600000000001
2021-09-03,128.9,167.41,296.3,-38.51,20.79,JMART,ICT,-158.2700000000001
2021-09-06,111.05,120.14,231.19,-9.1,17.24,JMART,ICT,-167.3700000000001
2021-09-07,118.8,87.34,206.13,31.46,15.77,JMART,ICT,-135.91000000000008
2021-09-08,158.56,82.69,241.26,75.87,17.28,JMART,ICT,-60.04000000000008
2021-09-09,78.29,123.19,201.48,-44.89,16.36,JMART,ICT,-104.93000000000008
2021-09-10,202.68,91.46,294.14,111.22,20.73,JMART,ICT,6.289999999999921
2021-09-13,181.95,223.97,405.92,-42.01,21.68,JMART,ICT,-35.72000000000008
2021-09-14,138.25,175.66,313.92,-37.41,22.73,JMART,ICT,-73.13000000000008
2021-09-15,73.51,46.46,119.97,27.05,17.46,JMART,ICT,-46.080000000000084
2021-09-16,110.04,97.95,207.99,12.09,27.93,JMART,ICT,-33.99000000000008
2021-09-17,182.08,525.01,707.09,-342.93,31.33,JMART,ICT,-376.9200000000001
2021-09-20,109.92,139.05,248.98,-29.13,21.56,JMART,ICT,-406.05000000000007
2021-09-21,148.22,115.62,263.84,32.6,18.12,JMART,ICT,-373.45000000000005
2021-09-22,22.26,77.49,99.75,-55.23,16.0,JMART,ICT,-428.68000000000006
2021-09-23,91.04,73.05,164.09,17.99,10.41,JMART,ICT,-410.69000000000005
2021-09-27,252.41,227.72,480.13,24.69,10.3,JMART,ICT,-386.00000000000006
2021-09-28,93.05,59.93,152.98,33.12,13.61,JMART,ICT,-352.88000000000005
2021-09-29,107.02,79.13,186.15,27.89,24.85,JMART,ICT,-324.99000000000007
2021-09-30,31.0,66.52,97.53,-35.52,19.05,JMART,ICT,-360.51000000000005
2021-10-01,47.53,45.05,92.58,2.48,26.52,JMART,ICT,-358.03000000000003
2021-10-04,60.94,47.55,108.49,13.39,28.94,JMART,ICT,-344.64000000000004
2021-10-05,18.6,31.92,50.52,-13.32,17.98,JMART,ICT,-357.96000000000004
2021-10-06,35.64,28.42,64.07,7.22,16.35,JMART,ICT,-350.74
2021-10-07,57.13,55.06,112.19,2.07,34.24,JMART,ICT,-348.67
2021-10-08,26.07,22.78,48.85,3.29,13.21,JMART,ICT,-345.38
2021-10-11,53.74,47.39,101.13,6.34,26.35,JMART,ICT,-339.04
2021-10-12,15.89,23.24,39.14,-7.35,18.07,JMART,ICT,-346.39000000000004
2021-10-14,48.0,52.67,100.67,-4.66,38.21,JMART,ICT,-351.05000000000007
2021-10-15,21.41,23.08,44.49,-1.67,24.27,JMART,ICT,-352.7200000000001
2021-10-18,159.8,149.5,309.3,10.3,32.48,JMART,ICT,-342.4200000000001
2021-10-19,35.23,77.54,112.77,-42.31,21.53,JMART,ICT,-384.7300000000001
2021-10-20,70.34,69.22,139.56,1.11,30.92,JMART,ICT,-383.62000000000006
2021-10-21,166.89,203.94,370.83,-37.05,61.2,JMART,ICT,-420.6700000000001
2021-10-25,45.19,88.85,134.05,-43.66,29.38,JMART,ICT,-464.33000000000004
2021-10-26,220.62,147.54,368.17,73.08,34.39,JMART,ICT,-391.25000000000006
2021-10-27,39.32,36.52,75.84,2.8,22.02,JMART,ICT,-388.45000000000005
2021-10-28,95.86,88.96,184.82,6.91,27.77,JMART,ICT,-381.54
2021-10-29,48.85,90.8,139.66,-41.95,28.88,JMART,ICT,-423.49
2021-11-01,58.92,67.65,126.57,-8.73,18.78,JMART,ICT,-432.22
2021-11-02,64.71,77.07,141.78,-12.36,12.82,JMART,ICT,-444.58000000000004
2021-11-03,87.4,69.1,156.5,18.3,18.77,JMART,ICT,-426.28000000000003
2021-11-04,88.14,56.26,144.4,31.87,12.16,JMART,ICT,-394.41
2021-11-05,31.31,76.86,108.17,-45.55,17.47,JMART,ICT,-439.96000000000004
2021-11-08,259.4,126.34,385.74,133.07,16.72,JMART,ICT,-306.89000000000004
2021-11-09,143.98,97.36,241.34,46.62,17.6,JMART,ICT,-260.27000000000004
2021-11-10,252.57,104.03,356.6,148.53,32.46,JMART,ICT,-111.74000000000004
2021-11-11,384.59,214.77,599.36,169.82,30.97,JMART,ICT,58.079999999999956
2021-11-12,204.04,184.68,388.72,19.35,26.02,JMART,ICT,77.42999999999995
2021-11-15,178.33,39.49,217.82,138.84,19.72,JMART,ICT,216.26999999999995
2021-11-16,267.6,292.38,559.98,-24.78,21.77,JMART,ICT,191.48999999999995
2021-11-17,176.12,193.15,369.27,-17.02,17.46,JMART,ICT,174.46999999999994
2021-11-18,216.15,100.18,316.33,115.97,19.52,JMART,ICT,290.43999999999994
2021-11-19,118.32,104.45,222.77,13.87,22.36,JMART,ICT,304.30999999999995
2021-11-22,88.96,103.83,192.79,-14.87,23.31,JMART,ICT,289.43999999999994
2021-11-23,166.31,119.79,286.1,46.52,24.03,JMART,ICT,335.9599999999999
2021-11-24,154.17,97.64,251.81,56.53,22.12,JMART,ICT,392.4899999999999
2021-11-25,265.27,157.63,422.9,107.64,16.31,JMART,ICT,500.1299999999999
2021-11-26,181.96,198.85,380.81,-16.9,16.24,JMART,ICT,483.2299999999999
2021-11-29,612.88,608.75,1221.62,4.13,23.54,JMART,ICT,487.3599999999999
2021-11-30,410.93,491.05,901.98,-80.12,23.67,JMART,ICT,407.2399999999999
2021-12-01,222.11,287.01,509.12,-64.9,21.51,JMART,ICT,342.3399999999999
2021-12-02,172.72,215.87,388.58,-43.15,26.82,JMART,ICT,299.18999999999994
2021-12-03,91.43,206.02,297.46,-114.59,31.33,JMART,ICT,184.59999999999994
2021-12-07,136.03,210.18,346.21,-74.15,37.08,JMART,ICT,110.44999999999993
2021-12-08,36.79,269.87,306.66,-233.08,31.79,JMART,ICT,-122.63000000000008
2021-12-09,128.17,211.52,339.69,-83.35,26.49,JMART,ICT,-205.98000000000008
2021-12-13,133.5,201.88,335.38,-68.38,23.23,JMART,ICT,-274.36000000000007
2021-12-14,43.1,143.64,186.74,-100.54,22.08,JMART,ICT,-374.9000000000001
2021-12-15,55.55,126.53,182.08,-70.98,24.14,JMART,ICT,-445.8800000000001
2021-12-16,390.16,213.4,603.56,176.76,20.51,JMART,ICT,-269.1200000000001
2021-12-17,147.18,287.4,434.58,-140.22,20.45,JMART,ICT,-409.34000000000015
2021-12-20,253.58,222.71,476.29,30.88,16.12,JMART,ICT,-378.46000000000015
2021-12-21,129.76,188.72,318.48,-58.97,20.25,JMART,ICT,-437.4300000000002
2021-12-22,372.81,174.35,547.16,198.46,26.19,JMART,ICT,-238.97000000000017
2021-12-23,125.77,185.14,310.91,-59.37,26.22,JMART,ICT,-298.34000000000015
2021-12-24,172.48,97.35,269.83,75.12,11.52,JMART,ICT,-223.22000000000014
2021-12-27,134.82,112.14,246.96,22.68,25.1,JMART,ICT,-200.54000000000013
2021-12-28,196.95,93.21,290.16,103.74,18.58,JMART,ICT,-96.80000000000014
2021-12-29,115.55,96.01,211.56,19.54,29.03,JMART,ICT,-77.26000000000013
2021-12-30,357.1,256.51,613.61,100.58,23.15,JMART,ICT,23.319999999999865
2022-01-04,178.0,166.33,344.33,11.68,30.11,JMART,ICT,34.999999999999865
2022-01-05,181.74,253.26,434.99,-71.52,17.79,JMART,ICT,-36.52000000000013
2022-01-06,109.56,142.24,251.8,-32.68,26.2,JMART,ICT,-69.20000000000013
2022-01-07,128.46,226.26,354.71,-97.8,35.78,JMART,ICT,-167.0000000000001
2022-01-10,197.85,257.66,455.51,-59.81,21.75,JMART,ICT,-226.81000000000012
2022-01-11,125.72,107.15,232.87,18.57,22.97,JMART,ICT,-208.24000000000012
2022-01-12,36.68,62.38,99.06,-25.69,15.43,JMART,ICT,-233.93000000000012
2022-01-13,44.34,61.53,105.87,-17.19,17.66,JMART,ICT,-251.12000000000012
2022-01-14,42.37,102.84,145.21,-60.47,16.33,JMART,ICT,-311.59000000000015
2022-01-17,147.39,44.5,191.89,102.9,20.55,JMART,ICT,-208.69000000000014
2022-01-18,76.51,104.92,181.43,-28.42,21.59,JMART,ICT,-237.11000000000013
2022-01-19,206.07,152.68,358.74,53.39,23.49,JMART,ICT,-183.72000000000014
2022-01-20,79.52,123.45,202.97,-43.94,17.98,JMART,ICT,-227.66000000000014
2022-01-21,150.69,111.81,262.5,38.88,19.58,JMART,ICT,-188.78000000000014
2022-01-24,108.55,216.74,325.28,-108.19,25.92,JMART,ICT,-296.97000000000014
2022-01-25,97.35,210.31,307.66,-112.96,21.68,JMART,ICT,-409.9300000000001
2022-01-26,142.6,228.14,370.74,-85.54,22.06,JMART,ICT,-495.47000000000014
2022-01-27,85.59,98.03,183.61,-12.44,18.46,JMART,ICT,-507.91000000000014
2022-01-28,118.66,132.68,251.35,-14.02,21.48,JMART,ICT,-521.9300000000002
2022-01-31,163.41,87.56,250.97,75.84,24.86,JMART,ICT,-446.09000000000015
2022-02-01,127.28,132.37,259.65,-5.09,27.17,JMART,ICT,-451.1800000000001
2022-02-02,37.23,95.29,132.51,-58.06,21.52,JMART,ICT,-509.2400000000001
2022-02-03,61.23,71.33,132.56,-10.1,22.7,JMART,ICT,-519.3400000000001
2022-02-04,51.19,41.1,92.29,10.1,23.93,JMART,ICT,-509.2400000000001
2022-02-07,24.25,55.8,80.05,-31.55,19.27,JMART,ICT,-540.7900000000001
2022-02-08,86.64,48.95,135.59,37.69,21.57,JMART,ICT,-503.1000000000001
2022-02-09,61.45,133.24,194.7,-71.79,23.28,JMART,ICT,-574.8900000000001
2022-02-10,161.06,98.44,259.51,62.62,25.1,JMART,ICT,-512.2700000000001
2022-02-11,70.76,46.77,117.53,24.0,20.66,JMART,ICT,-488.2700000000001
2022-02-14,163.37,69.76,233.13,93.61,20.52,JMART,ICT,-394.6600000000001
2022-02-15,114.96,73.7,188.66,41.26,33.8,JMART,ICT,-353.4000000000001
2022-02-17,44.9,63.69,108.59,-18.79,20.07,JMART,ICT,-372.1900000000001
2022-02-18,51.38,73.34,124.72,-21.96,22.99,JMART,ICT,-394.1500000000001
2022-02-21,108.91,56.29,165.2,52.62,24.2,JMART,ICT,-341.5300000000001
2022-02-22,53.25,63.26,116.51,-10.01,27.96,JMART,ICT,-351.5400000000001
2022-02-23,241.04,229.87,470.91,11.17,26.79,JMART,ICT,-340.37000000000006
2022-02-24,127.57,251.71,379.28,-124.15,20.1,JMART,ICT,-464.5200000000001
2022-02-25,37.6,192.18,229.78,-154.57,19.74,JMART,ICT,-619.0900000000001
2022-02-28,106.52,141.87,248.4,-35.35,16.69,JMART,ICT,-654.4400000000002
2022-03-01,40.48,87.9,128.38,-47.42,19.8,JMART,ICT,-701.8600000000001
2022-03-02,52.52,84.78,137.3,-32.26,17.74,JMART,ICT,-734.1200000000001
2022-03-03,83.15,128.32,211.47,-45.17,27.01,JMART,ICT,-779.2900000000001
2022-03-04,28.9,50.78,79.67,-21.88,15.75,JMART,ICT,-801.1700000000001
2022-03-07,113.2,108.84,222.04,4.35,15.72,JMART,ICT,-796.82
2022-03-08,154.33,91.35,245.68,62.98,19.26,JMART,ICT,-733.84
2022-03-09,59.52,84.94,144.46,-25.42,18.25,JMART,ICT,-759.26
2022-03-10,27.11,61.04,88.15,-33.93,15.28,JMART,ICT,-793.1899999999999
2022-03-11,42.46,24.5,66.96,17.96,23.67,JMART,ICT,-775.2299999999999
2022-03-14,17.65,24.83,42.48,-7.18,21.13,JMART,ICT,-782.4099999999999
2022-03-15,40.26,18.2,58.46,22.05,19.84,JMART,ICT,-760.3599999999999
2022-03-16,172.08,65.91,237.99,106.18,21.82,JMART,ICT,-654.1799999999998
2022-03-17,62.9,33.61,96.51,29.3,16.69,JMART,ICT,-624.8799999999999
2022-03-18,141.17,72.7,213.87,68.48,19.49,JMART,ICT,-556.3999999999999
2022-03-21,99.45,111.54,210.99,-12.09,28.49,JMART,ICT,-568.4899999999999
2022-03-22,46.01,23.26,69.27,22.75,15.73,JMART,ICT,-545.7399999999999
2022-03-23,135.24,64.61,199.85,70.63,26.88,JMART,ICT,-475.1099999999999
2022-03-24,38.66,33.76,72.42,4.89,20.32,JMART,ICT,-470.2199999999999
2022-03-25,58.52,45.82,104.33,12.7,28.75,JMART,ICT,-457.5199999999999
2022-03-28,116.93,28.13,145.06,88.81,33.53,JMART,ICT,-368.7099999999999
2022-03-29,545.7,321.6,867.3,224.1,23.01,JMART,ICT,-144.60999999999993
2022-03-30,279.92,221.47,501.39,58.45,20.56,JMART,ICT,-86.15999999999993
2022-03-31,303.17,202.48,505.64,100.69,33.74,JMART,ICT,14.530000000000072
2022-04-01,192.64,77.63,270.27,115.01,17.37,JMART,ICT,129.54000000000008
2022-04-04,91.5,75.71,167.21,15.78,20.02,JMART,ICT,145.32000000000008
2022-04-05,162.74,164.94,327.67,-2.2,27.04,JMART,ICT,143.1200000000001
2022-04-07,233.41,77.83,311.24,155.57,27.05,JMART,ICT,298.69000000000005
2022-04-08,85.17,54.25,139.42,30.91,21.79,JMART,ICT,329.6000000000001
2022-04-11,71.8,115.13,186.93,-43.32,24.48,JMART,ICT,286.2800000000001
2022-04-12,413.11,280.91,694.02,132.2,26.44,JMART,ICT,418.4800000000001
2022-04-18,79.49,166.68,246.18,-87.19,24.13,JMART,ICT,331.2900000000001
2022-04-19,61.81,112.95,174.76,-51.14,25.74,JMART,ICT,280.1500000000001
2022-04-20,185.85,314.5,500.34,-128.65,23.1,JMART,ICT,151.50000000000009
2022-04-21,87.66,138.51,226.16,-50.85,26.66,JMART,ICT,100.65000000000009
2022-04-22,35.4,94.12,129.51,-58.72,20.68,JMART,ICT,41.93000000000009
2022-04-25,150.31,56.0,206.31,94.31,19.35,JMART,ICT,136.2400000000001
2022-04-26,194.31,253.27,447.58,-58.96,25.21,JMART,ICT,77.28000000000009
2022-04-27,101.89,84.2,186.09,17.68,24.29,JMART,ICT,94.9600000000001
2022-04-28,78.93,80.63,159.55,-1.7,21.88,JMART,ICT,93.26000000000009
2022-04-29,187.58,73.07,260.65,114.51,24.66,JMART,ICT,207.7700000000001
2022-05-03,111.8,280.35,392.14,-168.55,19.73,JMART,ICT,39.220000000000084
2022-05-05,128.51,193.84,322.35,-65.32,15.09,JMART,ICT,-26.09999999999991
2022-05-06,143.66,155.93,299.58,-12.27,18.95,JMART,ICT,-38.369999999999905
2022-05-09,192.55,152.32,344.87,40.23,19.72,JMART,ICT,1.8600000000000918
2022-05-10,160.59,154.55,315.14,6.03,21.81,JMART,ICT,7.890000000000092
2022-05-11,123.5,231.75,355.25,-108.26,29.77,JMART,ICT,-100.36999999999992
2022-05-12,206.57,168.29,374.86,38.27,23.18,JMART,ICT,-62.099999999999916
2022-05-13,153.09,195.78,348.87,-42.69,29.33,JMART,ICT,-104.7899999999999
2022-05-17,191.09,138.36,329.44,52.73,25.62,JMART,ICT,-52.05999999999991
2022-05-18,159.87,182.13,342.0,-22.26,34.87,JMART,ICT,-74.31999999999991
2022-05-19,107.77,186.96,294.72,-79.19,29.09,JMART,ICT,-153.5099999999999
2022-05-20,71.6,75.21,146.81,-3.62,22.39,JMART,ICT,-157.1299999999999
2022-05-23,114.47,141.44,255.9,-26.97,32.86,JMART,ICT,-184.0999999999999
2022-05-24,123.61,166.55,290.15,-42.94,27.74,JMART,ICT,-227.0399999999999
2022-05-25,145.01,130.99,276.0,14.02,18.11,JMART,ICT,-213.0199999999999
2022-05-26,157.61,163.79,321.4,-6.19,26.4,JMART,ICT,-219.2099999999999
2022-05-27,99.5,101.31,200.81,-1.82,9.84,JMART,ICT,-221.0299999999999
2022-05-30,147.46,97.71,245.17,49.75,29.47,JMART,ICT,-171.2799999999999
2022-05-31,149.11,88.94,238.05,60.17,40.35,JMART,ICT,-111.10999999999989
2022-06-01,176.98,153.69,330.67,23.29,27.06,JMART,ICT,-87.81999999999988
2022-06-02,140.05,72.81,212.85,67.24,30.15,JMART,ICT,-20.579999999999885
2022-06-06,57.42,54.5,111.92,2.91,30.51,JMART,ICT,-17.669999999999884
2022-06-07,102.56,106.06,208.62,-3.5,33.63,JMART,ICT,-21.169999999999884
2022-06-08,58.06,45.81,103.87,12.25,26.62,JMART,ICT,-8.919999999999884
2022-06-09,157.59,215.58,373.17,-57.98,27.1,JMART,ICT,-66.89999999999988
2022-06-10,115.25,111.26,226.51,3.99,34.98,JMART,ICT,-62.909999999999876
2022-06-13,94.23,98.48,192.7,-4.25,25.16,JMART,ICT,-67.15999999999988
2022-06-14,82.85,72.03,154.87,10.82,24.83,JMART,ICT,-56.33999999999988
2022-06-15,120.33,112.02,232.35,8.31,35.22,JMART,ICT,-48.02999999999988
2022-06-16,175.99,160.77,336.76,15.22,34.18,JMART,ICT,-32.80999999999988
2022-06-17,225.34,188.92,414.26,36.41,35.16,JMART,ICT,3.600000000000115
2022-06-20,178.65,263.43,442.08,-84.78,35.22,JMART,ICT,-81.1799999999999
2022-06-21,189.43,105.05,294.48,84.37,32.39,JMART,ICT,3.1900000000001114
2022-06-22,147.64,95.85,243.5,51.79,25.88,JMART,ICT,54.98000000000011
2022-06-23,94.23,139.91,234.14,-45.68,44.27,JMART,ICT,9.30000000000011
2022-06-24,76.42,67.22,143.63,9.2,32.28,JMART,ICT,18.50000000000011
2022-06-27,179.05,216.87,395.92,-37.81,35.38,JMART,ICT,-19.309999999999892
2022-06-28,105.61,141.16,246.76,-35.55,44.91,JMART,ICT,-54.859999999999886
2022-06-29,70.04,121.41,191.45,-51.37,30.0,JMART,ICT,-106.22999999999988
2022-06-30,262.0,570.75,832.75,-308.76,27.34,JMART,ICT,-414.9899999999999
2022-07-01,347.78,324.43,672.21,23.36,36.3,JMART,ICT,-391.6299999999999
2022-07-04,222.12,531.97,754.09,-309.85,43.07,JMART,ICT,-701.4799999999999
2022-07-05,365.48,290.19,655.66,75.29,28.18,JMART,ICT,-626.1899999999999
2022-07-06,422.4,173.11,595.52,249.29,31.01,JMART,ICT,-376.9
2022-07-07,153.14,215.26,368.4,-62.12,37.0,JMART,ICT,-439.02
2022-07-08,77.05,112.19,189.24,-35.15,33.35,JMART,ICT,-474.16999999999996
2022-07-11,111.48,81.79,193.27,29.69,31.19,JMART,ICT,-444.47999999999996
2022-07-12,119.22,121.61,240.84,-2.39,12.87,JMART,ICT,-446.86999999999995
2022-07-14,198.68,103.22,301.9,95.45,36.29,JMART,ICT,-351.41999999999996
2022-07-15,134.38,156.14,290.53,-21.76,36.84,JMART,ICT,-373.17999999999995
2022-07-18,56.49,65.68,122.17,-9.19,21.69,JMART,ICT,-382.36999999999995
2022-07-19,205.71,140.47,346.18,65.24,31.28,JMART,ICT,-317.12999999999994
2022-07-20,232.18,126.87,359.04,105.31,35.7,JMART,ICT,-211.81999999999994
2022-07-21,137.73,218.78,356.51,-81.06,31.28,JMART,ICT,-292.87999999999994
2022-07-22,92.5,210.17,302.67,-117.67,30.84,JMART,ICT,-410.54999999999995
2022-07-25,68.51,62.77,131.28,5.74,33.91,JMART,ICT,-404.80999999999995
2022-07-26,53.99,65.79,119.78,-11.8,34.75,JMART,ICT,-416.60999999999996
2022-07-27,84.85,65.44,150.29,19.41,33.55,JMART,ICT,-397.19999999999993
2022-08-01,164.38,148.98,313.36,15.39,31.48,JMART,ICT,-381.80999999999995
2022-08-02,101.58,179.2,280.79,-77.62,28.28,JMART,ICT,-459.42999999999995
2022-08-03,68.94,178.17,247.11,-109.24,29.52,JMART,ICT,-568.67
2022-08-04,145.95,186.21,332.17,-40.26,39.83,JMART,ICT,-608.93
2022-08-05,76.73,79.61,156.34,-2.88,27.56,JMART,ICT,-611.81
2022-08-08,82.95,68.15,151.1,14.8,26.81,JMART,ICT,-597.01
2022-08-09,90.04,67.12,157.15,22.92,26.86,JMART,ICT,-574.09
2022-08-10,72.4,89.24,161.63,-16.84,26.32,JMART,ICT,-590.9300000000001
2022-08-11,171.7,379.75,551.46,-208.05,26.47,JMART,ICT,-798.98
2022-08-15,72.26,84.16,156.42,-11.9,27.31,JMART,ICT,-810.88
2022-08-16,91.51,147.6,239.11,-56.1,36.08,JMART,ICT,-866.98
2022-08-17,72.97,103.64,176.61,-30.67,32.62,JMART,ICT,-897.65
2022-08-18,68.99,53.16,122.15,15.82,30.97,JMART,ICT,-881.8299999999999
2022-08-19,34.08,126.52,160.6,-92.44,29.3,JMART,ICT,-974.27
2022-08-22,32.41,59.31,91.72,-26.9,22.68,JMART,ICT,-1001.17
2022-08-23,101.1,69.81,170.91,31.29,27.57,JMART,ICT,-969.88
2022-08-24,50.48,69.59,120.07,-19.11,35.76,JMART,ICT,-988.99
2022-08-25,185.3,123.47,308.77,61.82,27.78,JMART,ICT,-927.17
2022-08-26,87.47,150.02,237.49,-62.56,26.37,JMART,ICT,-989.73
2022-08-29,95.11,144.77,239.88,-49.66,23.48,JMART,ICT,-1039.39
2022-08-30,87.81,96.72,184.54,-8.91,25.62,JMART,ICT,-1048.3000000000002
2022-08-31,111.52,126.7,238.22,-15.17,29.88,JMART,ICT,-1063.4700000000003
2022-09-01,150.92,156.76,307.68,-5.84,26.17,JMART,ICT,-1069.3100000000002
2022-09-02,58.29,138.71,197.0,-80.42,31.51,JMART,ICT,-1149.7300000000002
2022-09-05,47.07,105.28,152.35,-58.21,27.37,JMART,ICT,-1207.9400000000003
2022-09-06,36.53,83.23,119.76,-46.7,16.94,JMART,ICT,-1254.6400000000003
2022-09-07,45.53,92.89,138.41,-47.36,28.15,JMART,ICT,-1302.0000000000002
2022-09-08,91.9,117.8,209.7,-25.9,26.69,JMART,ICT,-1327.9000000000003
2022-09-09,61.63,83.93,145.56,-22.31,24.85,JMART,ICT,-1350.2100000000003
2022-09-12,102.79,60.71,163.5,42.08,20.68,JMART,ICT,-1308.1300000000003
2022-09-13,59.08,45.22,104.3,13.86,23.31,JMART,ICT,-1294.2700000000004
2022-09-14,60.63,49.51,110.14,11.12,21.47,JMART,ICT,-1283.1500000000005
2022-09-15,43.37,100.6,143.97,-57.23,21.33,JMART,ICT,-1340.3800000000006
2022-09-16,81.62,83.48,165.1,-1.86,27.3,JMART,ICT,-1342.2400000000005
2022-09-19,103.49,81.82,185.31,21.67,20.04,JMART,ICT,-1320.5700000000004
2022-09-20,61.34,67.42,128.76,-6.09,34.27,JMART,ICT,-1326.6600000000003
2022-09-21,75.76,65.95,141.71,9.8,25.13,JMART,ICT,-1316.8600000000004
2022-09-22,91.06,102.51,193.56,-11.45,26.98,JMART,ICT,-1328.3100000000004
2022-09-23,36.02,91.68,127.7,-55.66,24.99,JMART,ICT,-1383.9700000000005
2022-09-26,79.1,89.6,168.7,-10.5,28.67,JMART,ICT,-1394.4700000000005
2022-09-27,107.21,121.78,228.99,-14.57,28.11,JMART,ICT,-1409.0400000000004
2022-09-28,115.2,112.0,227.2,3.2,24.47,JMART,ICT,-1405.8400000000004
2022-09-29,103.28,115.77,219.05,-12.49,26.18,JMART,ICT,-1418.3300000000004
2022-09-30,163.01,187.26,350.27,-24.25,56.64,JMART,ICT,-1442.5800000000004
2022-10-03,101.52,88.31,189.83,13.21,19.91,JMART,ICT,-1429.3700000000003
2022-10-04,119.82,157.53,277.35,-37.71,32.55,JMART,ICT,-1467.0800000000004
2022-10-05,60.5,110.35,170.85,-49.85,27.21,JMART,ICT,-1516.9300000000003
2022-10-06,42.13,45.47,87.6,-3.35,22.96,JMART,ICT,-1520.2800000000002
2022-10-07,45.16,44.55,89.71,0.61,20.55,JMART,ICT,-1519.6700000000003
2022-10-10,96.34,59.08,155.42,37.27,22.76,JMART,ICT,-1482.4000000000003
2022-10-11,96.96,51.71,148.66,45.25,23.91,JMART,ICT,-1437.1500000000003
2022-10-12,55.48,56.32,111.79,-0.84,27.08,JMART,ICT,-1437.9900000000002
2022-10-17,45.52,72.3,117.82,-26.79,33.75,JMART,ICT,-1464.7800000000002
2022-10-18,92.9,60.98,153.88,31.92,30.63,JMART,ICT,-1432.8600000000001
2022-10-19,38.96,62.58,101.54,-23.62,27.27,JMART,ICT,-1456.48
2022-10-20,77.91,62.26,140.17,15.66,42.56,JMART,ICT,-1440.82
2022-10-21,24.62,24.54,49.16,0.09,24.82,JMART,ICT,-1440.73
2022-10-25,24.03,25.5,49.52,-1.47,21.13,JMART,ICT,-1442.2
2022-10-26,34.68,43.83,78.51,-9.15,26.19,JMART,ICT,-1451.3500000000001
2022-10-27,10.04,30.28,40.32,-20.25,26.78,JMART,ICT,-1471.6000000000001
2022-10-28,21.15,45.57,66.72,-24.42,27.75,JMART,ICT,-1496.0200000000002
2022-10-31,54.76,67.68,122.44,-12.93,31.31,JMART,ICT,-1508.9500000000003
2022-11-01,55.47,35.83,91.3,19.64,37.83,JMART,ICT,-1489.3100000000002
2022-11-02,33.27,26.89,60.17,6.38,31.57,JMART,ICT,-1482.93
2022-11-03,38.47,41.83,80.3,-3.36,24.12,JMART,ICT,-1486.29
2022-11-04,31.2,22.6,53.8,8.59,26.92,JMART,ICT,-1477.7
2022-11-07,76.0,112.15,188.15,-36.15,19.06,JMART,ICT,-1513.8500000000001
2022-11-08,56.05,25.37,81.41,30.68,24.46,JMART,ICT,-1483.17
2022-11-09,159.67,144.25,303.92,15.42,26.87,JMART,ICT,-1467.75
2022-11-10,63.48,68.63,132.12,-5.15,23.12,JMART,ICT,-1472.9
2022-11-11,102.53,112.92,215.45,-10.39,20.95,JMART,ICT,-1483.2900000000002
2022-11-14,42.84,20.66,63.51,22.18,26.66,JMART,ICT,-1461.1100000000001
2022-11-15,35.49,29.9,65.39,5.59,23.69,JMART,ICT,-1455.5200000000002
2022-11-16,49.96,30.57,80.53,19.4,20.54,JMART,ICT,-1436.1200000000001
2022-11-17,42.12,52.57,94.7,-10.45,26.36,JMART,ICT,-1446.5700000000002
2022-11-18,77.41,51.07,128.48,26.34,20.41,JMART,ICT,-1420.2300000000002
2022-11-21,33.12,52.45,85.57,-19.33,26.63,JMART,ICT,-1439.5600000000002
2022-11-22,104.68,145.37,250.05,-40.68,12.09,JMART,ICT,-1480.2400000000002
2022-11-23,51.04,44.47,95.51,6.57,24.09,JMART,ICT,-1473.6700000000003
2022-11-24,67.66,48.0,115.66,19.67,18.35,JMART,ICT,-1454.0000000000002
2022-11-25,42.41,33.67,76.08,8.74,21.28,JMART,ICT,-1445.2600000000002
2022-11-28,24.6,28.67,53.28,-4.07,23.63,JMART,ICT,-1449.3300000000002
2022-11-29,59.99,58.35,118.35,1.64,22.7,JMART,ICT,-1447.69
2022-11-30,238.94,92.9,331.84,146.04,33.35,JMART,ICT,-1301.65
2022-12-01,103.45,78.9,182.35,24.55,22.25,JMART,ICT,-1277.1000000000001
2022-12-02,39.71,29.88,69.59,9.83,22.72,JMART,ICT,-1267.2700000000002
2022-12-06,45.35,29.7,75.05,15.65,21.85,JMART,ICT,-1251.6200000000001
2022-12-07,84.21,48.69,132.9,35.52,19.41,JMART,ICT,-1216.1000000000001
2022-12-08,73.89,94.09,167.98,-20.19,33.57,JMART,ICT,-1236.2900000000002
2022-12-09,86.06,58.06,144.12,28.0,21.68,JMART,ICT,-1208.2900000000002
2022-12-13,39.89,25.71,65.59,14.18,22.21,JMART,ICT,-1194.1100000000001
2022-12-14,21.1,15.58,36.67,5.52,22.29,JMART,ICT,-1188.5900000000001
2022-12-15,56.22,65.15,121.37,-8.93,13.79,JMART,ICT,-1197.5200000000002
2022-12-16,40.67,40.4,81.07,0.26,19.79,JMART,ICT,-1197.2600000000002
2022-12-19,36.67,23.17,59.84,13.51,22.0,JMART,ICT,-1183.7500000000002
2022-12-20,53.42,65.54,118.96,-12.12,20.6,JMART,ICT,-1195.8700000000001
2022-12-21,39.17,18.57,57.74,20.61,25.48,JMART,ICT,-1175.2600000000002
2022-12-22,8.34,13.91,22.25,-5.56,19.24,JMART,ICT,-1180.8200000000002
2022-12-23,31.75,63.58,95.33,-31.82,19.58,JMART,ICT,-1212.64
2022-12-26,28.52,18.29,46.81,10.23,23.14,JMART,ICT,-1202.41
2022-12-27,107.27,31.91,139.18,75.36,31.18,JMART,ICT,-1127.0500000000002
2022-12-28,71.34,44.6,115.94,26.75,23.03,JMART,ICT,-1100.3000000000002
2022-12-29,93.43,46.18,139.61,47.25,32.73,JMART,ICT,-1053.0500000000002
2022-12-30,64.31,39.48,103.79,24.83,21.08,JMART,ICT,-1028.2200000000003
2023-01-03,63.69,22.3,85.98,41.39,33.87,JMART,ICT,-986.8300000000003
2023-01-04,20.89,64.08,84.98,-43.19,29.96,JMART,ICT,-1030.0200000000002
2023-01-05,38.28,67.36,105.63,-29.08,30.27,JMART,ICT,-1059.1000000000001
2023-01-06,29.16,13.06,42.22,16.1,16.87,JMART,ICT,-1043.0000000000002
2023-01-09,188.44,84.62,273.06,103.83,29.98,JMART,ICT,-939.1700000000002
2023-01-10,66.19,96.44,162.64,-30.25,19.78,JMART,ICT,-969.4200000000002
2023-01-11,59.39,59.65,119.04,-0.27,24.49,JMART,ICT,-969.6900000000002
2023-01-12,71.72,38.39,110.12,33.33,27.96,JMART,ICT,-936.3600000000001
2023-01-13,85.8,128.13,213.93,-42.34,23.47,JMART,ICT,-978.7000000000002
2023-01-16,79.82,65.21,145.03,14.6,26.7,JMART,ICT,-964.1000000000001
2023-01-17,50.82,25.72,76.54,25.11,18.42,JMART,ICT,-938.9900000000001
2023-01-18,69.95,53.14,123.09,16.81,23.84,JMART,ICT,-922.1800000000002
2023-01-19,74.93,92.75,167.68,-17.82,12.4,JMART,ICT,-940.0000000000002
2023-01-20,147.7,83.32,231.02,64.38,13.67,JMART,ICT,-875.6200000000002
2023-01-23,58.0,43.04,101.04,14.97,15.91,JMART,ICT,-860.6500000000002
2023-01-24,52.19,48.67,100.85,3.52,16.34,JMART,ICT,-857.1300000000002
2023-01-25,60.63,66.72,127.35,-6.09,15.88,JMART,ICT,-863.2200000000003
2023-01-26,286.53,206.0,492.52,80.53,19.33,JMART,ICT,-782.6900000000003
2023-01-27,136.46,94.25,230.72,42.21,21.51,JMART,ICT,-740.4800000000002
2023-01-30,71.11,78.3,149.41,-7.19,20.58,JMART,ICT,-747.6700000000003
2023-01-31,74.6,59.91,134.5,14.69,23.04,JMART,ICT,-732.9800000000002
2023-02-01,30.15,35.21,65.36,-5.06,21.51,JMART,ICT,-738.0400000000002
2023-02-02,48.8,53.82,102.63,-5.02,25.28,JMART,ICT,-743.0600000000002
2023-02-03,39.21,36.29,75.5,2.92,22.58,JMART,ICT,-740.1400000000002
2023-02-06,23.63,19.62,43.25,4.01,18.3,JMART,ICT,-736.1300000000002
2023-02-07,95.4,62.73,158.13,32.68,25.21,JMART,ICT,-703.4500000000003
2023-02-08,66.16,94.51,160.68,-28.35,23.95,JMART,ICT,-731.8000000000003
2023-02-09,311.33,145.01,456.34,166.33,27.75,JMART,ICT,-565.4700000000003
2023-02-10,57.93,59.75,117.68,-1.82,21.23,JMART,ICT,-567.2900000000003
2023-02-13,149.27,99.93,249.2,49.34,25.34,JMART,ICT,-517.9500000000003
2023-02-14,362.73,137.21,499.94,225.52,18.63,JMART,ICT,-292.4300000000003
2023-02-15,384.69,187.59,572.29,197.1,18.43,JMART,ICT,-95.3300000000003
2023-02-16,227.96,171.59,399.55,56.37,10.41,JMART,ICT,-38.9600000000003
2023-02-17,385.6,306.64,692.24,78.96,19.71,JMART,ICT,39.999999999999694
2023-02-20,420.23,266.83,687.06,153.41,19.74,JMART,ICT,193.40999999999968
2023-02-21,202.45,139.82,342.26,62.63,22.89,JMART,ICT,256.0399999999997
2023-02-22,149.75,134.31,284.06,15.45,21.43,JMART,ICT,271.48999999999967
2023-02-23,100.6,70.68,171.28,29.92,26.58,JMART,ICT,301.4099999999997
2023-02-24,111.76,124.88,236.64,-13.12,24.9,JMART,ICT,288.2899999999997
2023-02-27,65.26,71.15,136.41,-5.89,28.19,JMART,ICT,282.3999999999997
2023-02-28,79.75,98.99,178.75,-19.24,30.31,JMART,ICT,263.1599999999997
2023-03-01,43.84,52.61,96.45,-8.77,26.86,JMART,ICT,254.38999999999967
2023-03-02,114.77,83.26,198.03,31.51,24.52,JMART,ICT,285.8999999999997
2023-03-03,115.41,55.54,170.95,59.87,40.45,JMART,ICT,345.7699999999997
2023-03-07,70.56,71.75,142.3,-1.19,30.53,JMART,ICT,344.5799999999997
2023-03-08,164.75,111.19,275.94,53.57,27.84,JMART,ICT,398.1499999999997
2023-03-09,219.72,90.31,310.04,129.41,21.43,JMART,ICT,527.5599999999997
2023-03-10,198.98,148.75,347.73,50.23,22.67,JMART,ICT,577.7899999999997
2023-03-13,409.12,232.36,641.49,176.76,29.63,JMART,ICT,754.5499999999997
2023-03-14,155.95,137.05,293.0,18.89,26.95,JMART,ICT,773.4399999999997
2023-03-15,389.58,269.16,658.74,120.42,23.54,JMART,ICT,893.8599999999997
2023-03-16,218.16,164.03,382.19,54.12,16.04,JMART,ICT,947.9799999999997
2023-03-17,164.44,185.45,349.89,-21.01,19.86,JMART,ICT,926.9699999999997
2023-03-20,209.76,298.85,508.61,-89.09,29.59,JMART,ICT,837.8799999999997
2023-03-21,143.84,279.28,423.12,-135.44,21.67,JMART,ICT,702.4399999999996
2023-03-22,197.24,371.84,569.08,-174.59,24.08,JMART,ICT,527.8499999999996
2023-03-23,150.94,167.8,318.74,-16.87,26.89,JMART,ICT,510.97999999999956
2023-03-24,105.2,116.85,222.05,-11.65,31.62,JMART,ICT,499.3299999999996
2023-03-27,206.7,171.32,378.01,35.38,27.9,JMART,ICT,534.7099999999996
2023-03-28,168.5,186.96,355.46,-18.46,29.5,JMART,ICT,516.2499999999995
2023-03-29,97.92,131.49,229.42,-33.57,27.97,JMART,ICT,482.67999999999955
2023-03-30,73.91,134.83,208.75,-60.92,25.46,JMART,ICT,421.75999999999954
2023-03-31,66.11,66.58,132.69,-0.47,30.22,JMART,ICT,421.2899999999995
2023-04-03,68.57,65.0,133.57,3.57,33.29,JMART,ICT,424.8599999999995
2023-04-04,84.93,167.33,252.25,-82.4,32.26,JMART,ICT,342.45999999999947
2023-04-05,150.79,174.97,325.76,-24.17,31.61,JMART,ICT,318.28999999999945
2023-04-07,81.67,55.41,137.08,26.26,33.38,JMART,ICT,344.54999999999944
2023-04-10,115.48,73.16,188.65,42.32,38.46,JMART,ICT,386.86999999999944
2023-04-11,27.1,79.91,107.01,-52.82,30.73,JMART,ICT,334.04999999999944
2023-04-12,51.6,150.93,202.53,-99.32,33.07,JMART,ICT,234.72999999999945
2023-04-17,150.19,79.94,230.13,70.26,39.79,JMART,ICT,304.98999999999944
2023-04-18,40.07,65.26,105.33,-25.19,34.01,JMART,ICT,279.79999999999944
2023-04-19,188.54,390.1,578.64,-201.56,31.26,JMART,ICT,78.23999999999944
2023-04-20,169.06,143.46,312.51,25.6,26.19,JMART,ICT,103.83999999999943
2023-04-21,98.85,125.55,224.4,-26.71,25.23,JMART,ICT,77.12999999999943
2023-04-24,129.16,118.11,247.27,11.05,33.95,JMART,ICT,88.17999999999942
2023-04-25,204.58,208.88,413.46,-4.31,26.43,JMART,ICT,83.86999999999942
2023-04-26,265.64,66.28,331.92,199.36,34.04,JMART,ICT,283.22999999999945
2023-04-27,86.96,82.4,169.36,4.56,30.48,JMART,ICT,287.78999999999945
2023-04-28,285.71,250.42,536.14,35.29,29.07,JMART,ICT,323.0799999999995
2023-05-02,162.1,153.72,315.83,8.38,27.08,JMART,ICT,331.45999999999947
2023-05-03,109.36,122.25,231.61,-12.89,30.6,JMART,ICT,318.5699999999995
2023-05-08,62.28,53.74,116.02,8.54,22.45,JMART,ICT,327.1099999999995
2023-05-09,76.54,87.67,164.21,-11.13,22.88,JMART,ICT,315.9799999999995
2023-05-10,138.13,139.64,277.77,-1.5,22.54,JMART,ICT,314.4799999999995
2023-05-11,75.53,77.82,153.35,-2.29,29.3,JMART,ICT,312.1899999999995
2023-05-12,98.84,144.07,242.91,-45.22,26.01,JMART,ICT,266.96999999999946
2023-05-15,250.39,539.55,789.93,-289.16,27.63,JMART,ICT,-22.190000000000566
2023-05-16,256.9,106.12,363.03,150.78,32.31,JMART,ICT,128.58999999999943
2023-05-17,126.74,47.65,174.4,79.09,21.23,JMART,ICT,207.67999999999944
2023-05-18,81.59,74.68,156.26,6.91,29.95,JMART,ICT,214.58999999999943
2023-05-19,81.18,43.48,124.66,37.69,34.5,JMART,ICT,252.27999999999943
2023-05-22,113.88,73.85,187.73,40.03,33.32,JMART,ICT,292.30999999999943
2023-05-23,120.77,179.98,300.76,-59.21,21.95,JMART,ICT,233.09999999999943
2023-05-24,100.64,82.95,183.59,17.7,23.43,JMART,ICT,250.79999999999941
2023-05-25,113.9,111.57,225.46,2.33,27.58,JMART,ICT,253.12999999999943
2023-05-26,108.57,461.79,570.36,-353.21,25.87,JMART,ICT,-100.08000000000055
2023-05-29,118.14,67.5,185.64,50.65,27.41,JMART,ICT,-49.430000000000554
2023-05-30,81.06,63.78,144.84,17.28,32.98,JMART,ICT,-32.15000000000055
2023-05-31,325.15,130.15,455.3,194.99,29.84,JMART,ICT,162.83999999999946
2023-06-01,74.63,106.76,181.39,-32.12,30.76,JMART,ICT,130.71999999999946
2023-06-02,68.22,100.56,168.77,-32.34,32.81,JMART,ICT,98.37999999999946
2023-06-06,53.86,77.42,131.29,-23.56,23.85,JMART,ICT,74.81999999999945
2023-06-07,75.77,72.9,148.67,2.88,25.5,JMART,ICT,77.69999999999945
2023-06-08,61.14,77.79,138.92,-16.65,27.53,JMART,ICT,61.04999999999945
2023-06-09,148.67,79.35,228.01,69.32,24.36,JMART,ICT,130.36999999999944
2023-06-12,107.15,124.13,231.28,-16.98,32.56,JMART,ICT,113.38999999999943
2023-06-13,94.59,69.9,164.49,24.69,36.63,JMART,ICT,138.07999999999944
2023-06-14,74.21,58.82,133.03,15.38,20.04,JMART,ICT,153.45999999999944
2023-06-15,95.57,209.55,305.12,-113.98,31.52,JMART,ICT,39.479999999999436
2023-06-16,55.11,84.45,139.56,-29.34,32.02,JMART,ICT,10.139999999999436
2023-06-19,49.24,68.62,117.86,-19.39,37.73,JMART,ICT,-9.250000000000565
2023-06-20,67.67,134.99,202.66,-67.32,33.88,JMART,ICT,-76.57000000000056
2023-06-21,186.39,152.65,339.04,33.74,16.36,JMART,ICT,-42.83000000000056
2023-06-22,239.12,122.42,361.53,116.7,31.28,JMART,ICT,73.86999999999944
2023-06-23,53.39,59.72,113.11,-6.34,23.09,JMART,ICT,67.52999999999943
2023-06-26,337.33,177.7,515.03,159.63,16.88,JMART,ICT,227.15999999999943
2023-06-27,250.28,85.58,335.87,164.7,23.28,JMART,ICT,391.85999999999945
2023-06-28,136.64,112.69,249.33,23.94,29.47,JMART,ICT,415.79999999999944
2023-06-29,275.76,221.57,497.33,54.19,23.37,JMART,ICT,469.98999999999944
2023-06-30,210.04,204.4,414.44,5.64,27.89,JMART,ICT,475.6299999999994
2023-07-03,118.84,168.42,287.26,-49.59,20.16,JMART,ICT,426.0399999999994
2023-07-04,116.8,281.92,398.72,-165.12,27.71,JMART,ICT,260.9199999999994
2023-07-05,102.42,112.41,214.83,-9.99,21.99,JMART,ICT,250.92999999999938
2023-07-06,86.22,82.36,168.58,3.85,26.12,JMART,ICT,254.77999999999938
2023-07-07,81.27,66.5,147.77,14.77,28.37,JMART,ICT,269.5499999999994
2023-07-10,60.7,68.86,129.56,-8.16,31.01,JMART,ICT,261.38999999999936
2023-07-11,105.44,106.24,211.69,-0.8,26.98,JMART,ICT,260.58999999999935
2023-07-12,111.78,122.85,234.62,-11.07,24.91,JMART,ICT,249.51999999999936
2023-07-13,67.39,42.47,109.86,24.92,26.23,JMART,ICT,274.4399999999994
2023-07-14,117.51,84.82,202.32,32.69,28.06,JMART,ICT,307.12999999999937
2023-07-17,98.46,54.79,153.25,43.67,29.81,JMART,ICT,350.7999999999994
2023-07-18,115.11,133.48,248.59,-18.37,26.3,JMART,ICT,332.4299999999994
2023-07-19,116.67,130.74,247.41,-14.07,27.05,JMART,ICT,318.3599999999994
2023-07-20,73.5,165.14,238.64,-91.64,23.73,JMART,ICT,226.7199999999994
2023-07-21,46.32,62.83,109.15,-16.51,27.14,JMART,ICT,210.2099999999994
2023-07-24,70.75,94.63,165.38,-23.88,28.18,JMART,ICT,186.32999999999942
2023-07-25,44.7,49.49,94.19,-4.79,31.09,JMART,ICT,181.53999999999942
2023-07-26,37.92,76.01,113.93,-38.09,28.63,JMART,ICT,143.44999999999942
2023-07-27,291.49,133.63,425.12,157.86,25.11,JMART,ICT,301.30999999999943
2023-07-31,63.71,118.31,182.01,-54.6,32.34,JMART,ICT,246.70999999999944
2023-08-02,74.31,116.31,190.62,-42.0,22.31,JMART,ICT,204.70999999999944
2023-08-03,34.69,53.25,87.94,-18.56,25.13,JMART,ICT,186.14999999999944
2023-08-04,41.77,66.56,108.33,-24.79,27.89,JMART,ICT,161.35999999999945
2023-08-07,61.62,52.0,113.62,9.61,33.47,JMART,ICT,170.96999999999946
2023-08-08,50.01,106.42,156.43,-56.41,30.28,JMART,ICT,114.55999999999946
2023-08-09,44.83,62.1,106.93,-17.26,20.18,JMART,ICT,97.29999999999946
2023-08-10,64.41,75.52,139.93,-11.11,15.7,JMART,ICT,86.18999999999946
2023-08-11,397.95,185.05,583.0,212.91,20.84,JMART,ICT,299.09999999999945
2023-08-15,53.6,190.08,243.67,-136.48,21.06,JMART,ICT,162.61999999999946
2023-08-16,101.65,217.0,318.65,-115.36,19.87,JMART,ICT,47.259999999999465
2023-08-17,209.84,249.63,459.47,-39.79,16.36,JMART,ICT,7.469999999999466
2023-08-18,64.79,189.58,254.37,-124.79,24.05,JMART,ICT,-117.32000000000053
2023-08-21,84.6,169.34,253.93,-84.74,22.65,JMART,ICT,-202.0600000000005
2023-08-22,92.26,213.95,306.21,-121.69,20.79,JMART,ICT,-323.7500000000005
2023-08-23,190.67,265.2,455.87,-74.53,18.26,JMART,ICT,-398.28000000000054
2023-08-24,79.58,150.74,230.31,-71.16,22.65,JMART,ICT,-469.4400000000005
2023-08-25,167.34,176.26,343.59,-8.92,18.07,JMART,ICT,-478.3600000000005
2023-08-28,73.32,229.18,302.5,-155.86,19.5,JMART,ICT,-634.2200000000005
2023-08-29,54.71,69.67,124.38,-14.96,16.74,JMART,ICT,-649.1800000000005
2023-08-30,198.69,190.81,389.5,7.88,13.83,JMART,ICT,-641.3000000000005
2023-08-31,179.54,225.94,405.48,-46.4,13.76,JMART,ICT,-687.7000000000005
2023-09-01,96.0,160.82,256.82,-64.82,18.75,JMART,ICT,-752.5200000000004
2023-09-04,78.64,65.42,144.06,13.22,16.11,JMART,ICT,-739.3000000000004
2023-09-05,105.7,88.28,193.98,17.42,14.52,JMART,ICT,-721.8800000000005
2023-09-06,145.82,177.1,322.92,-31.28,13.18,JMART,ICT,-753.1600000000004
2023-09-07,73.83,129.07,202.9,-55.24,18.37,JMART,ICT,-808.4000000000004
2023-09-08,99.1,114.61,213.72,-15.51,16.13,JMART,ICT,-823.9100000000004
2023-09-11,137.64,56.22,193.86,81.42,18.77,JMART,ICT,-742.4900000000005
2023-09-12,19.15,60.4,79.55,-41.25,16.91,JMART,ICT,-783.7400000000005
2023-09-13,128.47,87.39,215.86,41.08,14.03,JMART,ICT,-742.6600000000004
2023-09-14,121.46,66.06,187.52,55.4,21.29,JMART,ICT,-687.2600000000004
2023-09-15,56.55,104.98,161.53,-48.43,19.44,JMART,ICT,-735.6900000000004
2023-09-18,60.57,89.98,150.55,-29.41,22.92,JMART,ICT,-765.1000000000004
2023-09-19,85.27,65.76,151.03,19.51,17.44,JMART,ICT,-745.5900000000004
2023-09-20,34.94,62.39,97.33,-27.46,16.85,JMART,ICT,-773.0500000000004
2023-09-21,60.36,55.4,115.76,4.97,17.77,JMART,ICT,-768.0800000000004
2023-09-22,116.84,58.71,175.55,58.12,12.17,JMART,ICT,-709.9600000000004
2023-09-25,73.73,97.29,171.02,-23.56,16.39,JMART,ICT,-733.5200000000003
2023-09-26,125.64,136.25,261.89,-10.61,17.43,JMART,ICT,-744.1300000000003
2023-09-27,64.81,61.48,126.29,3.33,23.08,JMART,ICT,-740.8000000000003
2023-09-28,70.03,74.23,144.26,-4.2,14.1,JMART,ICT,-745.0000000000003
2023-09-29,137.22,104.23,241.46,32.99,20.39,JMART,ICT,-712.0100000000003
2023-10-02,76.77,106.4,183.16,-29.63,20.78,JMART,ICT,-741.6400000000003
2023-10-03,93.26,76.4,169.66,16.86,17.29,JMART,ICT,-724.7800000000003
2023-10-04,49.97,44.96,94.93,5.0,14.05,JMART,ICT,-719.7800000000003
2023-10-05,85.12,66.02,151.14,19.1,12.89,JMART,ICT,-700.6800000000003
2023-10-06,168.5,83.72,252.22,84.78,13.44,JMART,ICT,-615.9000000000003
2023-10-09,156.58,233.15,389.73,-76.57,16.88,JMART,ICT,-692.4700000000003
2023-10-10,71.78,102.37,174.15,-30.58,15.14,JMART,ICT,-723.0500000000003
2023-10-11,79.5,38.51,118.0,40.99,18.72,JMART,ICT,-682.0600000000003
2023-10-12,58.13,112.57,170.69,-54.44,17.74,JMART,ICT,-736.5000000000002
2023-10-16,140.64,90.58,231.22,50.07,16.58,JMART,ICT,-686.4300000000002
2023-10-17,79.5,66.49,145.99,13.02,19.94,JMART,ICT,-673.4100000000002
2023-10-18,142.72,109.63,252.35,33.09,29.09,JMART,ICT,-640.3200000000002
2023-10-19,48.12,39.88,88.0,8.24,23.67,JMART,ICT,-632.0800000000002
2023-10-20,62.85,46.09,108.94,16.76,20.19,JMART,ICT,-615.3200000000002
2023-10-24,113.63,49.26,162.89,64.37,29.37,JMART,ICT,-550.9500000000002
2023-10-25,61.63,49.53,111.16,12.09,23.72,JMART,ICT,-538.8600000000001
2023-10-26,50.77,76.75,127.52,-25.98,20.43,JMART,ICT,-564.8400000000001
2023-10-27,53.62,49.01,102.63,4.62,22.04,JMART,ICT,-560.2200000000001
2023-10-30,27.59,28.87,56.46,-1.27,22.43,JMART,ICT,-561.4900000000001
2023-10-31,34.13,52.29,86.42,-18.16,21.62,JMART,ICT,-579.6500000000001
2023-11-01,52.96,32.36,85.32,20.61,19.33,JMART,ICT,-559.0400000000001
2023-11-02,92.61,88.15,180.76,4.45,16.62,JMART,ICT,-554.59
2023-11-03,36.24,81.53,117.77,-45.3,19.38,JMART,ICT,-599.89
2023-11-06,20.9,43.56,64.45,-22.66,13.07,JMART,ICT,-622.55
2023-11-07,35.05,18.57,53.62,16.48,10.81,JMART,ICT,-606.0699999999999
2023-11-08,23.7,37.1,60.8,-13.4,18.6,JMART,ICT,-619.4699999999999
2023-11-09,42.87,69.9,112.77,-27.03,16.29,JMART,ICT,-646.4999999999999
2023-11-10,148.65,187.19,335.84,-38.54,12.96,JMART,ICT,-685.0399999999998
2023-11-13,389.78,160.17,549.95,229.62,15.41,JMART,ICT,-455.41999999999985
2023-11-14,100.08,139.99,240.07,-39.91,14.02,JMART,ICT,-495.3299999999998
2023-11-15,119.3,119.53,238.84,-0.23,16.62,JMART,ICT,-495.55999999999983
2023-11-16,117.03,106.24,223.27,10.8,16.44,JMART,ICT,-484.7599999999998
2023-11-17,100.81,79.69,180.5,21.12,18.05,JMART,ICT,-463.6399999999998
2023-11-20,107.85,74.86,182.71,32.99,15.51,JMART,ICT,-430.6499999999998
2023-11-21,58.42,67.91,126.32,-9.49,12.95,JMART,ICT,-440.1399999999998
2023-11-22,44.37,44.51,88.88,-0.14,13.48,JMART,ICT,-440.2799999999998
2023-11-23,52.86,50.59,103.44,2.27,12.89,JMART,ICT,-438.0099999999998
2023-11-24,58.51,73.76,132.27,-15.25,16.48,JMART,ICT,-453.2599999999998
2023-11-27,39.24,27.06,66.3,12.17,14.24,JMART,ICT,-441.0899999999998
2023-11-28,37.97,26.08,64.05,11.88,11.57,JMART,ICT,-429.2099999999998
2023-11-29,45.08,48.05,93.13,-2.97,14.04,JMART,ICT,-432.17999999999984
2023-11-30,56.63,63.6,120.24,-6.97,21.28,JMART,ICT,-439.14999999999986
2023-12-01,52.49,24.67,77.16,27.82,12.8,JMART,ICT,-411.32999999999987
2023-12-04,44.35,74.22,118.57,-29.87,23.44,JMART,ICT,-441.1999999999999
2023-12-06,67.51,35.48,102.99,32.03,18.93,JMART,ICT,-409.16999999999985
2023-12-07,11.24,37.63,48.87,-26.39,18.64,JMART,ICT,-435.55999999999983
2023-12-08,152.26,62.93,215.19,89.33,16.33,JMART,ICT,-346.22999999999985
2023-12-12,42.13,143.47,185.6,-101.34,15.31,JMART,ICT,-447.5699999999998
2023-12-13,60.62,82.55,143.17,-21.93,15.09,JMART,ICT,-469.49999999999983
2023-12-14,86.86,43.13,129.99,43.73,18.9,JMART,ICT,-425.7699999999998
2023-12-15,35.11,95.11,130.22,-60.01,18.74,JMART,ICT,-485.7799999999998
2023-12-18,38.51,49.95,88.46,-11.43,17.74,JMART,ICT,-497.2099999999998
2023-12-19,37.68,23.56,61.24,14.12,13.75,JMART,ICT,-483.0899999999998
2023-12-20,22.54,80.98,103.52,-58.44,19.02,JMART,ICT,-541.5299999999997
2023-12-21,90.86,14.65,105.51,76.2,19.8,JMART,ICT,-465.32999999999976
2023-12-22,23.7,118.2,141.91,-94.5,20.94,JMART,ICT,-559.8299999999997
2023-12-25,5.29,30.35,35.64,-25.06,12.09,JMART,ICT,-584.8899999999996
2023-12-26,12.51,45.21,57.72,-32.71,12.36,JMART,ICT,-617.5999999999997
2023-12-27,21.08,41.1,62.18,-20.02,15.86,JMART,ICT,-637.6199999999997
2023-12-28,11.37,7.67,19.04,3.71,10.62,JMART,ICT,-633.9099999999996
2024-01-02,96.01,12.22,108.23,83.79,23.15,JMART,ICT,-550.1199999999997
2024-01-03,58.01,70.87,128.87,-12.86,14.79,JMART,ICT,-562.9799999999997
2024-01-04,77.74,83.8,161.54,-6.07,17.36,JMART,ICT,-569.0499999999997
2024-01-05,16.88,60.91,77.79,-44.03,14.94,JMART,ICT,-613.0799999999997
2024-01-08,41.28,59.69,100.98,-18.41,14.11,JMART,ICT,-631.4899999999997
2024-01-09,9.21,38.89,48.1,-29.69,15.83,JMART,ICT,-661.1799999999997
2024-01-10,14.34,20.92,35.26,-6.58,15.3,JMART,ICT,-667.7599999999998
2024-01-11,33.63,64.19,97.82,-30.56,10.56,JMART,ICT,-698.3199999999997
2024-01-12,48.11,33.98,82.09,14.13,12.88,JMART,ICT,-684.1899999999997
2024-01-15,22.81,24.06,46.87,-1.25,17.65,JMART,ICT,-685.4399999999997
2024-01-16,20.95,14.59,35.53,6.36,18.35,JMART,ICT,-679.0799999999997
2024-01-17,18.15,15.48,33.62,2.67,13.84,JMART,ICT,-676.4099999999997
2024-01-18,28.23,24.61,52.84,3.61,16.34,JMART,ICT,-672.7999999999997
2024-01-19,20.03,17.91,37.94,2.12,13.05,JMART,ICT,-670.6799999999997
2024-01-22,50.64,22.48,73.12,28.16,23.89,JMART,ICT,-642.5199999999998
2024-01-23,91.35,27.07,118.42,64.29,15.65,JMART,ICT,-578.2299999999998
2024-01-24,91.89,65.63,157.51,26.26,13.81,JMART,ICT,-551.9699999999998
2024-01-25,29.53,41.97,71.5,-12.45,16.32,JMART,ICT,-564.4199999999998
2024-01-26,8.96,22.25,31.2,-13.29,16.55,JMART,ICT,-577.7099999999998
2024-01-29,16.27,15.39,31.66,0.87,18.11,JMART,ICT,-576.8399999999998
2024-01-30,7.65,20.84,28.5,-13.19,11.74,JMART,ICT,-590.0299999999999
2024-01-31,19.04,12.86,31.9,6.18,11.59,JMART,ICT,-583.8499999999999
2024-02-01,15.42,18.08,33.49,-2.66,12.77,JMART,ICT,-586.5099999999999
2024-02-02,35.4,25.09,60.49,10.31,14.14,JMART,ICT,-576.1999999999999
2024-02-05,14.05,21.56,35.61,-7.51,11.75,JMART,ICT,-583.7099999999999
2024-02-06,44.38,36.16,80.54,8.22,15.12,JMART,ICT,-575.4899999999999
2024-02-07,15.84,47.85,63.69,-32.01,13.52,JMART,ICT,-607.4999999999999
2024-02-08,11.64,24.63,36.27,-12.99,15.7,JMART,ICT,-620.4899999999999
2024-02-09,10.51,13.74,24.24,-3.23,11.86,JMART,ICT,-623.7199999999999
2024-02-12,9.55,11.15,20.69,-1.6,15.01,JMART,ICT,-625.3199999999999
2024-02-13,96.99,56.0,152.99,40.99,16.33,JMART,ICT,-584.3299999999999
2024-02-14,26.58,42.35,68.94,-15.77,18.34,JMART,ICT,-600.0999999999999
2024-02-15,21.29,35.56,56.86,-14.27,16.16,JMART,ICT,-614.3699999999999
2024-02-16,27.06,45.7,72.76,-18.64,21.44,JMART,ICT,-633.0099999999999
2024-02-19,5.93,15.1,21.04,-9.17,12.48,JMART,ICT,-642.1799999999998
2024-02-20,15.4,20.63,36.03,-5.22,17.43,JMART,ICT,-647.3999999999999
2024-02-21,17.34,15.49,32.82,1.85,13.27,JMART,ICT,-645.5499999999998
2024-02-22,30.43,21.1,51.53,9.33,14.08,JMART,ICT,-636.2199999999998
2024-02-23,5.76,13.56,19.32,-7.79,8.96,JMART,ICT,-644.0099999999998
2024-02-27,7.65,11.59,19.24,-3.94,17.76,JMART,ICT,-647.9499999999998
2024-02-28,6.58,34.64,41.23,-28.06,11.17,JMART,ICT,-676.0099999999998
2024-02-29,12.08,14.71,26.8,-2.63,18.55,JMART,ICT,-678.6399999999998
2024-03-01,8.06,11.7,19.76,-3.65,10.49,JMART,ICT,-682.2899999999997
2024-03-04,16.72,14.26,30.98,2.46,10.81,JMART,ICT,-679.8299999999997
2024-03-05,16.57,13.74,30.31,2.83,15.73,JMART,ICT,-676.9999999999997
2024-03-06,17.07,10.04,27.11,7.03,14.98,JMART,ICT,-669.9699999999997
2024-03-07,15.0,15.53,30.52,-0.53,16.32,JMART,ICT,-670.4999999999997
2024-03-08,50.24,14.92,65.16,35.32,16.7,JMART,ICT,-635.1799999999996
2024-03-11,11.73,13.87,25.6,-2.14,13.68,JMART,ICT,-637.3199999999996
2024-03-12,9.93,14.56,24.49,-4.64,11.66,JMART,ICT,-641.9599999999996
2024-03-13,16.33,12.65,28.98,3.68,13.51,JMART,ICT,-638.2799999999996
2024-03-14,13.16,11.58,24.74,1.58,11.73,JMART,ICT,-636.6999999999996
2024-03-15,6.26,12.26,18.52,-6.01,14.23,JMART,ICT,-642.7099999999996
2024-03-18,11.14,11.79,22.93,-0.65,16.32,JMART,ICT,-643.3599999999996
2024-03-19,11.19,21.4,32.59,-10.21,21.87,JMART,ICT,-653.5699999999996
2024-03-20,4.18,7.03,11.22,-2.85,13.41,JMART,ICT,-656.4199999999996
2024-03-21,14.78,5.21,19.99,9.58,11.39,JMART,ICT,-646.8399999999996
2024-03-22,9.56,11.86,21.42,-2.29,17.6,JMART,ICT,-649.1299999999995
2024-03-25,5.2,14.22,19.41,-9.02,18.42,JMART,ICT,-658.1499999999995
2024-03-26,20.82,6.71,27.52,14.11,14.4,JMART,ICT,-644.0399999999995
2024-03-27,3.57,8.65,12.22,-5.08,9.38,JMART,ICT,-649.1199999999995
2024-03-28,24.87,26.31,51.18,-1.44,14.45,JMART,ICT,-650.5599999999996
2024-03-29,2.7,12.55,15.25,-9.86,12.61,JMART,ICT,-660.4199999999996
2024-04-01,12.79,11.12,23.91,1.68,16.39,JMART,ICT,-658.7399999999997
2024-04-02,11.45,13.67,25.12,-2.22,13.34,JMART,ICT,-660.9599999999997
2024-04-03,3.4,18.51,21.91,-15.11,10.6,JMART,ICT,-676.0699999999997
2024-04-04,5.98,19.82,25.8,-13.84,19.41,JMART,ICT,-689.9099999999997
2024-04-05,3.68,7.17,10.85,-3.49,10.96,JMART,ICT,-693.3999999999997
2024-04-09,40.0,17.76,57.76,22.25,24.03,JMART,ICT,-671.1499999999997
2024-04-10,97.38,13.04,110.42,84.34,19.43,JMART,ICT,-586.8099999999997
2024-04-11,16.71,31.87,48.58,-15.17,15.9,JMART,ICT,-601.9799999999997
2024-04-17,15.64,57.2,72.84,-41.55,21.71,JMART,ICT,-643.5299999999996
2024-04-18,10.71,39.62,50.34,-28.91,19.19,JMART,ICT,-672.4399999999996
2024-04-19,15.74,40.14,55.89,-24.4,13.21,JMART,ICT,-696.8399999999996
2024-04-22,15.6,36.87,52.47,-21.27,17.99,JMART,ICT,-718.1099999999996
2024-04-23,22.23,8.36,30.59,13.87,12.52,JMART,ICT,-704.2399999999996
2024-04-24,18.21,8.66,26.87,9.56,16.07,JMART,ICT,-694.6799999999996
2024-04-25,8.96,12.29,21.24,-3.33,11.56,JMART,ICT,-698.0099999999996
2024-04-26,11.45,7.41,18.85,4.04,12.7,JMART,ICT,-693.9699999999997
2024-04-29,15.54,15.41,30.95,0.14,15.96,JMART,ICT,-693.8299999999997
2024-04-30,6.1,17.38,23.48,-11.29,16.72,JMART,ICT,-705.1199999999997
2024-05-02,28.12,16.38,44.5,11.74,17.59,JMART,ICT,-693.3799999999997
2024-05-03,16.44,12.01,28.44,4.43,16.08,JMART,ICT,-688.9499999999997
2024-05-07,18.8,8.7,27.5,10.11,12.98,JMART,ICT,-678.8399999999997
2024-05-08,3.62,11.39,15.01,-7.76,13.41,JMART,ICT,-686.5999999999997
2024-05-09,10.95,41.07,52.02,-30.12,9.28,JMART,ICT,-716.7199999999997
2024-05-10,26.76,31.26,58.01,-4.5,9.48,JMART,ICT,-721.2199999999997
2024-05-13,7.15,11.49,18.64,-4.34,9.62,JMART,ICT,-725.5599999999997
2024-05-14,15.26,11.85,27.1,3.41,12.13,JMART,ICT,-722.1499999999997
2024-05-15,3.63,18.84,22.46,-15.21,9.94,JMART,ICT,-737.3599999999998
2024-05-16,87.75,80.74,168.49,7.0,19.96,JMART,ICT,-730.3599999999998
2024-05-17,86.84,18.5,105.34,68.34,19.81,JMART,ICT,-662.0199999999998
2024-05-20,45.5,18.5,64.0,26.99,20.43,JMART,ICT,-635.0299999999997
2024-05-21,10.85,16.62,27.47,-5.77,18.96,JMART,ICT,-640.7999999999997
2024-05-23,17.24,16.39,33.63,0.85,17.9,JMART,ICT,-639.9499999999997
2024-05-24,5.7,14.33,20.03,-8.63,19.78,JMART,ICT,-648.5799999999997
2024-05-27,11.16,19.32,30.48,-8.15,17.41,JMART,ICT,-656.7299999999997
2024-05-28,8.0,5.61,13.62,2.39,21.57,JMART,ICT,-654.3399999999997
2024-05-29,2.84,11.44,14.27,-8.6,15.46,JMART,ICT,-662.9399999999997
2024-05-30,12.0,22.6,34.6,-10.59,25.14,JMART,ICT,-673.5299999999997
2024-05-31,15.03,51.93,66.96,-36.9,22.01,JMART,ICT,-710.4299999999997
2024-06-04,53.52,50.96,104.48,2.57,17.55,JMART,ICT,-707.8599999999997
2024-06-05,80.62,40.47,121.1,40.15,21.41,JMART,ICT,-667.7099999999997
2024-06-06,25.07,19.54,44.61,5.53,14.76,JMART,ICT,-662.1799999999997
2024-06-07,14.15,22.67,36.82,-8.52,23.12,JMART,ICT,-670.6999999999997
2024-06-10,14.31,17.76,32.06,-3.45,17.18,JMART,ICT,-674.1499999999997
2024-06-11,155.6,49.33,204.93,106.28,18.55,JMART,ICT,-567.8699999999998
2024-06-12,80.05,67.05,147.1,13.01,21.61,JMART,ICT,-554.8599999999998
2024-06-13,42.59,35.6,78.18,6.99,21.06,JMART,ICT,-547.8699999999998
2024-06-14,47.08,25.31,72.4,21.77,12.99,JMART,ICT,-526.0999999999998
2024-06-17,44.57,56.7,101.27,-12.13,15.55,JMART,ICT,-538.2299999999998
2024-06-18,30.21,20.78,51.0,9.43,16.41,JMART,ICT,-528.7999999999998
2024-06-19,43.45,40.57,84.02,2.88,19.53,JMART,ICT,-525.9199999999998
2024-06-20,14.94,33.65,48.59,-18.71,17.57,JMART,ICT,-544.6299999999999
2024-06-21,35.73,20.53,56.25,15.2,21.16,JMART,ICT,-529.4299999999998
2024-06-24,18.4,12.54,30.94,5.86,17.69,JMART,ICT,-523.5699999999998
2024-06-25,18.02,19.34,37.36,-1.32,18.05,JMART,ICT,-524.8899999999999
2024-06-26,11.21,7.43,18.65,3.78,16.31,JMART,ICT,-521.1099999999999
2024-06-27,6.9,13.48,20.38,-6.58,22.28,JMART,ICT,-527.6899999999999
2024-06-28,36.3,40.4,76.7,-4.11,26.9,JMART,ICT,-531.8
2024-07-01,16.48,10.97,27.45,5.51,31.12,JMART,ICT,-526.29
2024-07-02,11.34,45.61,56.95,-34.27,15.29,JMART,ICT,-560.56
2024-07-03,41.63,17.97,59.6,23.66,16.46,JMART,ICT,-536.9
2024-07-04,18.23,26.19,44.43,-7.96,17.29,JMART,ICT,-544.86
2024-07-05,71.53,24.2,95.73,47.33,24.82,JMART,ICT,-497.53000000000003
2024-07-08,51.59,21.87,73.46,29.72,36.89,JMART,ICT,-467.81000000000006
2024-07-09,50.54,22.54,73.08,27.99,30.61,JMART,ICT,-439.82000000000005
2024-07-10,17.66,22.8,40.46,-5.14,32.01,JMART,ICT,-444.96000000000004
2024-07-11,45.73,14.6,60.33,31.13,14.23,JMART,ICT,-413.83000000000004
2024-07-12,10.51,12.67,23.18,-2.16,14.35,JMART,ICT,-415.99000000000007
2024-07-15,28.52,37.74,66.26,-9.22,17.73,JMART,ICT,-425.2100000000001
2024-07-16,12.07,24.2,36.27,-12.13,24.99,JMART,ICT,-437.3400000000001
2024-07-17,3.49,11.43,14.93,-7.94,14.3,JMART,ICT,-445.2800000000001
2024-07-18,5.07,15.01,20.08,-9.93,17.05,JMART,ICT,-455.2100000000001
2024-07-19,10.89,25.63,36.53,-14.74,27.53,JMART,ICT,-469.9500000000001
2024-07-23,9.48,14.62,24.1,-5.13,15.87,JMART,ICT,-475.0800000000001
2024-07-24,3.19,23.76,26.95,-20.56,22.03,JMART,ICT,-495.6400000000001
2024-07-25,14.89,24.43,39.32,-9.54,22.72,JMART,ICT,-505.1800000000001
2024-07-26,28.23,24.72,52.94,3.51,23.48,JMART,ICT,-501.67000000000013
2024-07-30,6.49,23.01,29.51,-16.52,18.73,JMART,ICT,-518.1900000000002
2024-07-31,8.32,36.44,44.76,-28.11,24.39,JMART,ICT,-546.3000000000002
2024-08-01,34.79,14.93,49.72,19.85,18.7,JMART,ICT,-526.4500000000002
2024-08-02,4.2,26.09,30.29,-21.9,24.66,JMART,ICT,-548.3500000000001
2024-08-05,19.5,51.23,70.73,-31.74,18.27,JMART,ICT,-580.0900000000001
2024-08-06,29.56,52.04,81.61,-22.48,24.64,JMART,ICT,-602.5700000000002
2024-08-07,13.44,30.48,43.92,-17.05,15.44,JMART,ICT,-619.6200000000001
2024-08-08,15.1,31.37,46.48,-16.27,15.8,JMART,ICT,-635.8900000000001
2024-08-09,16.36,30.9,47.26,-14.54,14.74,JMART,ICT,-650.4300000000001
2024-08-13,89.38,21.45,110.83,67.93,14.02,JMART,ICT,-582.5
2024-08-14,57.23,75.68,132.91,-18.45,15.33,JMART,ICT,-600.95
2024-08-15,29.34,35.9,65.23,-6.56,16.07,JMART,ICT,-607.51
2024-08-16,11.85,23.79,35.64,-11.94,17.53,JMART,ICT,-619.45
2024-08-19,39.47,39.17,78.64,0.3,15.19,JMART,ICT,-619.1500000000001
2024-08-20,44.28,67.49,111.77,-23.21,14.45,JMART,ICT,-642.3600000000001
2024-08-21,29.69,29.7,59.39,-0.01,13.99,JMART,ICT,-642.3700000000001
2024-08-22,31.07,41.82,72.89,-10.75,12.44,JMART,ICT,-653.1200000000001
2024-08-23,80.06,69.9,149.96,10.16,16.13,JMART,ICT,-642.9600000000002
2024-08-26,54.28,37.69,91.97,16.6,17.14,JMART,ICT,-626.3600000000001
2024-08-27,129.35,56.27,185.63,73.08,11.45,JMART,ICT,-553.2800000000001
2024-08-28,64.93,64.98,129.91,-0.06,15.77,JMART,ICT,-553.34
2024-08-29,65.33,71.22,136.55,-5.88,14.1,JMART,ICT,-559.22
2024-08-30,36.19,41.95,78.14,-5.75,15.79,JMART,ICT,-564.97
2024-09-02,38.33,65.72,104.05,-27.4,13.84,JMART,ICT,-592.37
2024-09-03,45.54,97.33,142.87,-51.79,12.81,JMART,ICT,-644.16
2024-09-04,22.39,22.66,45.05,-0.27,15.03,JMART,ICT,-644.43
2024-09-05,66.08,34.51,100.58,31.57,15.79,JMART,ICT,-612.8599999999999
2024-09-06,67.24,90.06,157.3,-22.82,19.67,JMART,ICT,-635.68
2024-09-09,71.04,82.73,153.78,-11.69,19.74,JMART,ICT,-647.37
2024-09-10,43.59,57.64,101.23,-14.06,21.6,JMART,ICT,-661.43
2024-09-11,61.2,45.82,107.01,15.38,10.11,JMART,ICT,-646.05
2024-09-12,55.87,53.9,109.77,1.97,11.92,JMART,ICT,-644.0799999999999
2024-09-13,44.05,54.35,98.41,-10.3,16.88,JMART,ICT,-654.3799999999999
2024-09-16,44.02,30.15,74.17,13.86,18.82,JMART,ICT,-640.5199999999999
2024-09-17,65.94,69.09,135.02,-3.15,10.32,JMART,ICT,-643.6699999999998
2024-09-18,26.24,63.94,90.18,-37.7,12.27,JMART,ICT,-681.3699999999999
2024-09-19,87.78,43.38,131.16,44.4,19.54,JMART,ICT,-636.9699999999999
2024-09-20,32.25,111.5,143.75,-79.25,25.01,JMART,ICT,-716.2199999999999
2024-09-23,31.6,41.77,73.37,-10.17,14.58,JMART,ICT,-726.3899999999999
2024-09-24,29.06,52.1,81.17,-23.04,19.83,JMART,ICT,-749.4299999999998
2024-09-25,14.22,25.27,39.49,-11.05,12.29,JMART,ICT,-760.4799999999998
2024-09-26,21.38,22.59,43.98,-1.21,17.22,JMART,ICT,-761.6899999999998
2024-09-27,28.45,30.62,59.08,-2.17,14.46,JMART,ICT,-763.8599999999998
2024-09-30,13.83,17.25,31.08,-3.41,18.24,JMART,ICT,-767.2699999999998
2024-10-01,33.01,5.9,38.91,27.11,17.27,JMART,ICT,-740.1599999999997
2024-10-02,18.55,40.72,59.27,-22.18,12.56,JMART,ICT,-762.3399999999997
2024-10-03,45.02,27.29,72.31,17.73,13.12,JMART,ICT,-744.6099999999997
2024-10-04,66.69,38.65,105.34,28.03,15.29,JMART,ICT,-716.5799999999997
2024-10-07,23.5,31.97,55.46,-8.47,21.56,JMART,ICT,-725.0499999999997
2024-10-08,53.36,28.1,81.46,25.26,16.08,JMART,ICT,-699.7899999999997
2024-10-09,14.16,38.76,52.91,-24.6,14.36,JMART,ICT,-724.3899999999998
2024-10-10,19.82,16.25,36.07,3.57,12.31,JMART,ICT,-720.8199999999997
2024-10-11,13.69,14.61,28.3,-0.91,15.76,JMART,ICT,-721.7299999999997
2024-10-15,29.98,30.41,60.38,-0.43,9.23,JMART,ICT,-722.1599999999996
2024-10-16,149.91,66.36,216.27,83.55,10.61,JMART,ICT,-638.6099999999997
2024-10-17,43.2,142.43,185.63,-99.23,13.56,JMART,ICT,-737.8399999999997
2024-10-18,35.7,55.38,91.08,-19.68,7.6,JMART,ICT,-757.5199999999996
2024-10-21,13.5,18.7,32.2,-5.19,10.53,JMART,ICT,-762.7099999999997
2024-10-22,17.53,14.22,31.75,3.31,11.45,JMART,ICT,-759.3999999999997
2024-10-24,13.37,5.33,18.7,8.05,9.62,JMART,ICT,-751.3499999999998
2024-10-25,4.72,14.61,19.33,-9.9,16.43,JMART,ICT,-761.2499999999998
2024-10-28,7.72,3.83,11.55,3.9,11.41,JMART,ICT,-757.3499999999998
2024-10-29,10.4,6.03,16.43,4.37,11.54,JMART,ICT,-752.9799999999998
2024-10-30,6.91,8.16,15.07,-1.25,15.0,JMART,ICT,-754.2299999999998
2024-10-31,19.08,3.43,22.51,15.64,20.57,JMART,ICT,-738.5899999999998
2024-11-01,6.68,8.38,15.06,-1.71,24.95,JMART,ICT,-740.2999999999998
2024-11-04,3.97,4.65,8.62,-0.68,16.67,JMART,ICT,-740.9799999999998
2024-11-05,15.58,12.85,28.43,2.74,15.92,JMART,ICT,-738.2399999999998
2024-11-06,13.44,17.98,31.42,-4.54,18.31,JMART,ICT,-742.7799999999997
2024-11-07,7.45,9.06,16.52,-1.61,11.62,JMART,ICT,-744.3899999999998
2024-11-08,40.64,20.86,61.5,19.78,23.41,JMART,ICT,-724.6099999999998
2024-11-11,7.17,34.11,41.28,-26.95,11.95,JMART,ICT,-751.5599999999998
2024-11-12,21.5,14.16,35.65,7.34,16.24,JMART,ICT,-744.2199999999998
2024-11-13,17.83,13.98,31.81,3.85,22.07,JMART,ICT,-740.3699999999998
2024-11-14,14.03,16.68,30.71,-2.65,14.27,JMART,ICT,-743.0199999999998
2024-11-15,7.32,8.16,15.48,-0.83,13.72,JMART,ICT,-743.8499999999998
2024-11-18,18.5,10.39,28.89,8.11,15.81,JMART,ICT,-735.7399999999998
2024-11-19,10.79,9.43,20.22,1.36,20.99,JMART,ICT,-734.3799999999998
2024-11-20,8.96,5.29,14.25,3.66,24.29,JMART,ICT,-730.7199999999998
2024-11-21,2.8,4.47,7.27,-1.68,9.5,JMART,ICT,-732.3999999999997
2024-11-22,7.55,5.46,13.02,2.09,12.46,JMART,ICT,-730.3099999999997
2024-11-25,7.6,15.03,22.63,-7.43,30.44,JMART,ICT,-737.7399999999997
2024-11-26,5.57,4.03,9.6,1.55,13.74,JMART,ICT,-736.1899999999997
2024-11-27,10.55,7.62,18.17,2.92,10.77,JMART,ICT,-733.2699999999998
2024-11-28,20.12,9.83,29.94,10.29,8.41,JMART,ICT,-722.9799999999998
2024-11-29,17.76,12.79,30.55,4.96,18.91,JMART,ICT,-718.0199999999998
2024-12-02,15.17,14.58,29.75,0.59,24.04,JMART,ICT,-717.4299999999997
2024-12-03,17.74,9.01,26.75,8.73,8.74,JMART,ICT,-708.6999999999997
2024-12-04,8.4,6.39,14.79,2.01,15.16,JMART,ICT,-706.6899999999997
2024-12-06,13.63,8.36,21.99,5.26,21.3,JMART,ICT,-701.4299999999997
2024-12-09,6.47,3.61,10.07,2.86,15.55,JMART,ICT,-698.5699999999997
2024-12-11,6.14,2.75,8.9,3.39,13.27,JMART,ICT,-695.1799999999997
2024-12-12,5.27,4.09,9.36,1.18,13.53,JMART,ICT,-693.9999999999998
2024-12-13,5.85,2.6,8.45,3.24,17.63,JMART,ICT,-690.7599999999998
2024-12-16,6.59,5.02,11.61,1.57,16.99,JMART,ICT,-689.1899999999997
2024-12-17,13.94,9.29,23.23,4.64,18.02,JMART,ICT,-684.5499999999997
2024-12-18,4.29,7.57,11.85,-3.28,13.93,JMART,ICT,-687.8299999999997
2024-12-19,3.36,4.34,7.7,-0.98,12.57,JMART,ICT,-688.8099999999997
2024-12-20,7.25,9.07,16.32,-1.82,23.12,JMART,ICT,-690.6299999999998
2024-12-23,6.32,3.34,9.66,2.98,15.48,JMART,ICT,-687.6499999999997
2024-12-24,1.89,1.31,3.21,0.58,13.15,JMART,ICT,-687.0699999999997
2024-12-25,3.78,1.24,5.02,2.54,7.7,JMART,ICT,-684.5299999999997
2024-12-26,3.11,6.6,9.72,-3.49,19.83,JMART,ICT,-688.0199999999998
2024-12-27,1.08,2.45,3.53,-1.37,8.83,JMART,ICT,-689.3899999999998
2024-12-30,1.7,1.19,2.88,0.51,8.72,JMART,ICT,-688.8799999999998
2025-01-02,0.4,4.82,5.22,-4.43,12.07,JMART,ICT,-693.3099999999997
2025-01-03,2.27,2.34,4.62,-0.07,7.99,JMART,ICT,-693.3799999999998
2025-01-06,2.11,13.03,15.14,-10.92,23.25,JMART,ICT,-704.2999999999997
2025-01-07,0.98,3.13,4.11,-2.14,8.53,JMART,ICT,-706.4399999999997
2025-01-08,0.7,1.92,2.62,-1.22,7.44,JMART,ICT,-707.6599999999997
2025-01-09,7.58,14.12,21.7,-6.55,5.36,JMART,ICT,-714.2099999999997
2025-01-10,14.51,10.84,25.35,3.67,13.89,JMART,ICT,-710.5399999999997
2025-01-13,13.18,5.77,18.95,7.41,19.84,JMART,ICT,-703.1299999999998
2025-01-14,5.59,8.84,14.43,-3.25,18.3,JMART,ICT,-706.3799999999998
2025-01-15,10.61,5.06,15.67,5.55,11.24,JMART,ICT,-700.8299999999998
2025-01-16,7.86,8.23,16.09,-0.37,11.12,JMART,ICT,-701.1999999999998
2025-01-17,3.05,3.07,6.12,-0.01,11.06,JMART,ICT,-701.2099999999998
2025-01-20,10.09,3.36,13.45,6.74,18.08,JMART,ICT,-694.4699999999998
2025-01-21,16.14,1.38,17.52,14.76,20.91,JMART,ICT,-679.7099999999998
2025-01-22,2.85,4.57,7.42,-1.72,16.16,JMART,ICT,-681.4299999999998
2025-01-23,4.09,2.83,6.92,1.27,13.81,JMART,ICT,-680.1599999999999
2025-01-24,3.84,1.34,5.18,2.5,17.43,JMART,ICT,-677.6599999999999
2025-01-27,6.87,8.0,14.87,-1.13,20.16,JMART,ICT,-678.7899999999998
2025-01-28,3.51,6.23,9.74,-2.72,23.35,JMART,ICT,-681.5099999999999
2025-01-29,14.0,3.83,17.84,10.17,11.17,JMART,ICT,-671.3399999999999
2025-01-30,3.46,20.02,23.48,-16.57,20.23,JMART,ICT,-687.91
2025-01-31,1.83,11.83,13.65,-10.0,14.97,JMART,ICT,-697.91
2025-02-03,7.77,2.61,10.38,5.16,10.97,JMART,ICT,-692.75
2025-02-04,4.09,5.54,9.63,-1.45,13.97,JMART,ICT,-694.2
2025-02-05,2.18,3.43,5.61,-1.25,9.71,JMART,ICT,-695.45
2025-02-06,12.63,3.23,15.86,9.4,7.61,JMART,ICT,-686.0500000000001
2025-02-07,13.38,8.8,22.18,4.58,15.41,JMART,ICT,-681.47
2025-02-10,8.27,11.65,19.92,-3.38,22.06,JMART,ICT,-684.85
2025-02-11,16.78,15.83,32.62,0.95,15.39,JMART,ICT,-683.9
2025-02-13,12.12,20.79,32.91,-8.66,7.1,JMART,ICT,-692.56
2025-02-14,11.45,15.36,26.8,-3.91,16.13,JMART,ICT,-696.4699999999999
2025-02-17,23.63,6.05,29.69,17.58,15.11,JMART,ICT,-678.8899999999999
2025-02-18,13.01,19.44,32.45,-6.43,12.6,JMART,ICT,-685.3199999999998
2025-02-19,12.58,10.19,22.77,2.38,10.78,JMART,ICT,-682.9399999999998
2025-02-20,12.26,18.06,30.31,-5.8,14.5,JMART,ICT,-688.7399999999998
2025-02-21,4.84,3.64,8.48,1.2,10.5,JMART,ICT,-687.5399999999997
2025-02-24,2.53,2.6,5.14,-0.07,9.89,JMART,ICT,-687.6099999999998
2025-02-25,7.14,10.55,17.69,-3.42,13.0,JMART,ICT,-691.0299999999997
2025-02-26,19.63,5.45,25.07,14.18,10.14,JMART,ICT,-676.8499999999998
2025-02-27,4.93,19.18,24.11,-14.24,15.39,JMART,ICT,-691.0899999999998
2025-02-28,5.21,6.83,12.04,-1.62,8.23,JMART,ICT,-692.7099999999998
2025-03-03,4.59,6.19,10.78,-1.61,6.97,JMART,ICT,-694.3199999999998
2025-03-04,43.47,27.42,70.88,16.05,14.43,JMART,ICT,-678.2699999999999
2025-03-05,36.51,26.06,62.57,10.46,15.7,JMART,ICT,-667.8099999999998
2025-03-06,13.52,29.22,42.74,-15.7,16.71,JMART,ICT,-683.5099999999999
2025-03-07,30.77,18.09,48.86,12.68,15.7,JMART,ICT,-670.8299999999999
2025-03-10,15.65,33.78,49.44,-18.13,19.68,JMART,ICT,-688.9599999999999
2025-03-11,35.56,10.63,46.19,24.93,21.4,JMART,ICT,-664.03
2025-03-12,12.53,34.18,46.71,-21.65,18.99,JMART,ICT,-685.68
2025-03-13,6.89,15.36,22.25,-8.47,19.43,JMART,ICT,-694.15
2025-03-14,9.65,12.51,22.16,-2.86,14.94,JMART,ICT,-697.01
2025-03-17,5.71,9.71,15.42,-3.99,18.54,JMART,ICT,-701.0
2025-03-18,8.44,7.4,15.84,1.05,17.29,JMART,ICT,-699.95
2025-03-19,36.0,19.92,55.92,16.08,18.95,JMART,ICT,-683.87
2025-03-20,34.96,30.31,65.27,4.66,19.25,JMART,ICT,-679.21
2025-03-21,27.63,20.09,47.72,7.54,28.99,JMART,ICT,-671.6700000000001
2025-03-24,5.34,10.41,15.75,-5.07,21.58,JMART,ICT,-676.7400000000001
2025-03-25,4.62,9.3,13.92,-4.68,21.29,JMART,ICT,-681.4200000000001
2025-03-26,2.93,8.36,11.29,-5.43,11.9,JMART,ICT,-686.85
2025-03-27,3.53,6.85,10.38,-3.33,14.27,JMART,ICT,-690.1800000000001
2025-03-28,0.78,7.14,7.92,-6.36,17.9,JMART,ICT,-696.5400000000001
2025-03-31,4.87,13.98,18.85,-9.12,15.05,JMART,ICT,-705.6600000000001
2025-04-01,1.55,5.9,7.45,-4.35,12.99,JMART,ICT,-710.0100000000001
2025-04-02,6.87,8.85,15.72,-1.98,16.35,JMART,ICT,-711.9900000000001
2025-04-03,13.37,15.07,28.44,-1.7,27.69,JMART,ICT,-713.6900000000002
2025-04-04,10.6,15.79,26.39,-5.19,18.03,JMART,ICT,-718.8800000000002
2025-04-08,20.84,12.73,33.57,8.1,19.08,JMART,ICT,-710.7800000000002
2025-04-09,22.6,12.98,35.58,9.63,22.03,JMART,ICT,-701.1500000000002
2025-04-10,26.9,21.09,47.99,5.81,29.16,JMART,ICT,-695.3400000000003
2025-04-11,9.67,11.73,21.39,-2.06,18.62,JMART,ICT,-697.4000000000002
2025-04-16,23.34,8.47,31.81,14.88,15.22,JMART,ICT,-682.5200000000002
2025-04-17,19.17,6.61,25.78,12.56,26.18,JMART,ICT,-669.9600000000003
2025-04-18,18.84,17.07,35.91,1.77,26.01,JMART,ICT,-668.1900000000003
2025-04-21,23.23,18.7,41.93,4.53,15.54,JMART,ICT,-663.6600000000003
2025-04-22,20.91,11.84,32.75,9.08,22.74,JMART,ICT,-654.5800000000003
2025-04-23,17.89,16.72,34.61,1.17,26.82,JMART,ICT,-653.4100000000003
2025-04-24,14.59,14.05,28.64,0.54,18.57,JMART,ICT,-652.8700000000003
2025-04-25,24.03,13.03,37.06,11.0,29.47,JMART,ICT,-641.8700000000003
2025-04-28,6.62,7.32,13.94,-0.7,25.48,JMART,ICT,-642.5700000000004
2025-04-29,12.37,14.62,26.99,-2.25,23.42,JMART,ICT,-644.8200000000004
2025-04-30,15.87,16.54,32.41,-0.67,17.52,JMART,ICT,-645.4900000000004
2025-05-02,18.95,19.84,38.79,-0.88,25.53,JMART,ICT,-646.3700000000003
2025-05-06,12.12,14.18,26.3,-2.06,25.15,JMART,ICT,-648.4300000000003
2025-05-07,26.3,11.9,38.21,14.4,21.25,JMART,ICT,-634.0300000000003
2025-05-08,16.77,25.12,41.89,-8.35,20.33,JMART,ICT,-642.3800000000003
2025-05-09,11.81,34.12,45.93,-22.31,20.34,JMART,ICT,-664.6900000000003
2025-05-13,31.14,3.91,35.05,27.23,29.09,JMART,ICT,-637.4600000000003
2025-05-14,9.47,22.17,31.65,-12.7,27.24,JMART,ICT,-650.1600000000003
2025-05-15,27.76,35.93,63.69,-8.17,30.77,JMART,ICT,-658.3300000000003
2025-05-16,5.24,10.52,15.76,-5.28,21.67,JMART,ICT,-663.6100000000002
2025-05-19,14.96,12.05,27.0,2.91,30.31,JMART,ICT,-660.7000000000003
2025-05-20,12.43,17.08,29.51,-4.64,19.44,JMART,ICT,-665.3400000000003
2025-05-21,6.91,9.98,16.89,-3.07,26.41,JMART,ICT,-668.4100000000003
2025-05-22,12.81,9.85,22.66,2.96,13.46,JMART,ICT,-665.4500000000003
2025-05-23,8.26,10.23,18.49,-1.97,24.7,JMART,ICT,-667.4200000000003
2025-05-26,4.93,3.69,8.63,1.24,17.2,JMART,ICT,-666.1800000000003
2025-05-27,7.69,10.93,18.62,-3.24,29.21,JMART,ICT,-669.4200000000003
2025-05-28,7.83,13.55,21.38,-5.72,18.81,JMART,ICT,-675.1400000000003
2025-05-29,31.92,30.49,62.4,1.43,36.0,JMART,ICT,-673.7100000000004
2025-05-30,63.02,111.2,174.22,-48.19,47.76,JMART,ICT,-721.9000000000003
2025-06-04,18.34,20.39,38.72,-2.05,22.54,JMART,ICT,-723.9500000000003
2025-06-05,36.52,20.08,56.59,16.44,16.21,JMART,ICT,-707.5100000000002
2025-06-06,21.77,26.29,48.06,-4.51,20.87,JMART,ICT,-712.0200000000002
2025-06-09,7.89,8.95,16.85,-1.06,19.08,JMART,ICT,-713.0800000000002
2025-06-10,17.67,15.91,33.59,1.76,17.66,JMART,ICT,-711.3200000000002
2025-06-11,5.53,13.46,18.99,-7.93,24.14,JMART,ICT,-719.2500000000001
2025-06-12,12.05,7.73,19.78,4.32,18.37,JMART,ICT,-714.9300000000001
2025-06-13,8.94,18.89,27.84,-9.95,14.34,JMART,ICT,-724.8800000000001
2025-06-16,9.81,9.12,18.93,0.69,19.2,JMART,ICT,-724.19
2025-06-17,8.86,23.74,32.6,-14.89,18.88,JMART,ICT,-739.08
2025-06-18,16.53,17.62,34.14,-1.09,17.39,JMART,ICT,-740.1700000000001
2025-06-19,6.63,8.76,15.39,-2.13,11.23,JMART,ICT,-742.3000000000001
2025-06-20,45.53,13.7,59.23,31.83,27.52,JMART,ICT,-710.47
2025-06-23,24.64,12.24,36.88,12.4,22.78,JMART,ICT,-698.07
2025-06-24,21.79,12.93,34.72,8.86,16.1,JMART,ICT,-689.21
2025-06-25,19.23,14.96,34.19,4.26,22.12,JMART,ICT,-684.95
2025-06-26,27.14,28.76,55.9,-1.62,21.53,JMART,ICT,-686.57
2025-06-27,32.13,22.91,55.04,9.21,28.33,JMART,ICT,-677.36
2025-06-30,14.6,18.47,33.07,-3.88,32.21,JMART,ICT,-681.24
2025-07-01,22.75,30.26,53.0,-7.51,28.22,JMART,ICT,-688.75
2025-07-02,24.29,20.43,44.73,3.86,19.02,JMART,ICT,-684.89
2025-07-03,19.22,30.34,49.56,-11.12,15.34,JMART,ICT,-696.01
2025-07-04,22.19,21.51,43.7,0.68,24.64,JMART,ICT,-695.33
2025-07-07,22.89,31.03,53.91,-8.14,21.95,JMART,ICT,-703.47
2025-07-08,19.27,22.18,41.45,-2.92,19.53,JMART,ICT,-706.39
2025-07-09,25.46,19.54,45.0,5.93,20.24,JMART,ICT,-700.46
2025-07-11,52.59,12.09,64.68,40.49,27.02,JMART,ICT,-659.97
2025-07-14,27.74,20.89,48.63,6.86,29.07,JMART,ICT,-653.11
2025-07-15,20.26,12.82,33.08,7.43,16.93,JMART,ICT,-645.6800000000001
2025-07-16,23.34,20.95,44.3,2.39,25.3,JMART,ICT,-643.2900000000001
2025-07-17,21.98,35.73,57.71,-13.75,17.79,JMART,ICT,-657.0400000000001
2025-07-18,27.75,21.29,49.04,6.46,25.52,JMART,ICT,-650.58
2025-07-21,18.27,17.63,35.91,0.64,24.99,JMART,ICT,-649.94
2025-07-22,23.2,27.09,50.3,-3.89,20.0,JMART,ICT,-653.83
2025-07-23,60.01,7.19,67.2,52.83,23.33,JMART,ICT,-601.0
2025-07-24,17.92,22.03,39.96,-4.11,24.97,JMART,ICT,-605.11
2025-07-25,13.76,43.87,57.63,-30.11,29.32,JMART,ICT,-635.22
2025-07-29,32.06,18.73,50.79,13.33,33.5,JMART,ICT,-621.89
2025-07-30,28.88,29.95,58.83,-1.07,19.76,JMART,ICT,-622.96
2025-07-31,11.33,35.53,46.86,-24.2,21.16,JMART,ICT,-647.1600000000001
2025-08-01,15.1,18.56,33.66,-3.45,19.36,JMART,ICT,-650.6100000000001
2025-08-04,8.65,20.63,29.28,-11.99,24.37,JMART,ICT,-662.6000000000001
2025-08-05,24.42,9.35,33.77,15.08,23.95,JMART,ICT,-647.5200000000001
2025-08-06,94.1,127.8,221.9,-33.7,16.5,JMART,ICT,-681.2200000000001
2025-08-07,58.19,78.55,136.74,-20.36,17.59,JMART,ICT,-701.5800000000002
2025-08-08,32.84,95.6,128.44,-62.76,14.43,JMART,ICT,-764.3400000000001
2025-08-13,74.05,59.21,133.27,14.84,14.42,JMART,ICT,-749.5000000000001
2025-08-14,31.64,66.61,98.26,-34.97,12.73,JMART,ICT,-784.4700000000001
2025-08-15,18.8,38.72,57.52,-19.92,16.6,JMART,ICT,-804.3900000000001
2025-08-18,27.94,20.22,48.15,7.72,19.49,JMART,ICT,-796.6700000000001
2025-08-19,27.06,28.93,56.0,-1.87,15.01,JMART,ICT,-798.5400000000001
2025-08-20,18.04,14.8,32.84,3.25,17.76,JMART,ICT,-795.2900000000001
2025-08-21,18.26,36.43,54.69,-18.17,19.95,JMART,ICT,-813.46
2025-08-22,8.13,8.68,16.81,-0.55,12.72,JMART,ICT,-814.01
2025-08-25,27.27,23.79,51.06,3.48,13.67,JMART,ICT,-810.53
2025-08-26,10.78,20.01,30.79,-9.22,15.23,JMART,ICT,-819.75
2025-08-27,16.71,20.56,37.28,-3.85,15.2,JMART,ICT,-823.6
2025-08-28,16.26,9.6,25.86,6.67,18.93,JMART,ICT,-816.9300000000001
2025-08-29,17.7,25.79,43.5,-8.09,26.01,JMART,ICT,-825.0200000000001
2025-09-01,14.08,8.79,22.88,5.29,18.41,JMART,ICT,-819.7300000000001
2025-09-02,14.35,12.19,26.54,2.15,20.44,JMART,ICT,-817.5800000000002
2025-09-03,37.6,40.15,77.75,-2.54,12.89,JMART,ICT,-820.1200000000001
2025-09-04,33.43,27.34,60.77,6.08,16.24,JMART,ICT,-814.0400000000001
2025-09-05,73.7,14.83,88.53,58.87,15.49,JMART,ICT,-755.1700000000001
2025-09-08,70.38,64.14,134.52,6.24,15.66,JMART,ICT,-748.9300000000001
2025-09-09,27.22,34.89,62.1,-7.67,16.87,JMART,ICT,-756.6
2025-09-10,33.11,54.1,87.22,-20.99,15.25,JMART,ICT,-777.59
2025-09-11,17.89,30.34,48.23,-12.45,14.66,JMART,ICT,-790.0400000000001
2025-09-12,17.37,16.63,33.99,0.74,18.83,JMART,ICT,-789.3000000000001
2025-09-15,24.63,15.35,39.98,9.28,26.79,JMART,ICT,-780.0200000000001
2025-09-16,25.43,30.36,55.79,-4.92,21.99,JMART,ICT,-784.94
2025-09-17,4.93,24.95,29.88,-20.02,16.16,JMART,ICT,-804.96
2025-09-18,25.53,15.47,41.0,10.06,15.87,JMART,ICT,-794.9000000000001
2025-09-19,10.57,22.83,33.41,-12.26,16.76,JMART,ICT,-807.1600000000001
2025-09-22,11.29,19.24,30.53,-7.96,19.83,JMART,ICT,-815.1200000000001
2025-09-23,20.81,16.18,36.99,4.62,19.74,JMART,ICT,-810.5000000000001
2025-09-24,17.28,28.71,45.99,-11.42,15.35,JMART,ICT,-821.9200000000001
2025-09-25,13.75,20.85,34.6,-7.09,9.07,JMART,ICT,-829.0100000000001
2025-09-26,16.22,26.33,42.55,-10.11,16.59,JMART,ICT,-839.1200000000001
2025-09-29,11.0,8.83,19.83,2.17,10.16,JMART,ICT,-836.9500000000002
2025-09-30,15.76,12.71,28.47,3.06,14.62,JMART,ICT,-833.8900000000002
2025-10-01,39.58,18.48,58.06,21.1,21.1,JMART,ICT,-812.7900000000002
2025-10-02,22.38,12.97,35.35,9.41,24.6,JMART,ICT,-803.3800000000002
2025-10-03,12.03,23.49,35.52,-11.46,20.47,JMART,ICT,-814.8400000000003
2025-10-06,20.77,3.07,23.84,17.7,19.85,JMART,ICT,-797.1400000000002
2025-10-07,12.09,10.85,22.94,1.24,12.05,JMART,ICT,-795.9000000000002
2025-10-08,7.87,39.67,47.54,-31.81,20.73,JMART,ICT,-827.7100000000002
2025-10-09,10.79,13.77,24.55,-2.98,19.98,JMART,ICT,-830.6900000000002
2025-10-10,2.85,9.72,12.57,-6.87,18.4,JMART,ICT,-837.5600000000002
2025-10-14,9.84,8.18,18.02,1.66,13.99,JMART,ICT,-835.9000000000002
2025-10-15,9.16,7.03,16.19,2.12,16.29,JMART,ICT,-833.7800000000002
2025-10-16,4.59,5.18,9.77,-0.59,13.43,JMART,ICT,-834.3700000000002
2025-10-17,12.48,7.69,20.17,4.79,15.97,JMART,ICT,-829.5800000000003
2025-10-20,17.97,5.47,23.44,12.49,25.82,JMART,ICT,-817.0900000000003
2025-10-21,7.97,4.11,12.08,3.86,17.27,JMART,ICT,-813.2300000000002
2025-10-22,5.55,7.87,13.42,-2.32,18.57,JMART,ICT,-815.5500000000003
2025-10-24,5.49,14.93,20.42,-9.44,24.98,JMART,ICT,-824.9900000000004
2025-10-27,12.56,9.88,22.44,2.68,27.32,JMART,ICT,-822.3100000000004
2025-10-28,25.21,15.51,40.72,9.7,22.56,JMART,ICT,-812.6100000000004
2025-10-29,6.21,8.96,15.16,-2.75,19.45,JMART,ICT,-815.3600000000004
2025-10-30,9.75,11.79,21.53,-2.04,20.27,JMART,ICT,-817.4000000000003
2025-10-31,3.62,6.88,10.5,-3.25,18.07,JMART,ICT,-820.6500000000003
2025-11-03,6.06,9.83,15.88,-3.77,20.66,JMART,ICT,-824.4200000000003
2025-11-04,7.38,6.38,13.76,1.0,17.32,JMART,ICT,-823.4200000000003
2025-11-05,9.48,8.35,17.83,1.13,23.46,JMART,ICT,-822.2900000000003
2025-11-06,5.58,4.64,10.21,0.94,23.42,JMART,ICT,-821.3500000000003
2025-11-07,3.21,5.25,8.46,-2.03,27.13,JMART,ICT,-823.3800000000002
2025-11-10,5.14,6.15,11.29,-1.01,24.86,JMART,ICT,-824.3900000000002
2025-11-11,4.56,3.93,8.49,0.63,19.47,JMART,ICT,-823.7600000000002
2025-11-12,7.17,7.63,14.8,-0.47,13.23,JMART,ICT,-824.2300000000002
2025-11-13,4.38,2.13,6.51,2.25,16.24,JMART,ICT,-821.9800000000002
2025-11-14,5.16,2.86,8.02,2.3,16.19,JMART,ICT,-819.6800000000003
2025-11-17,8.08,2.94,11.02,5.13,24.49,JMART,ICT,-814.5500000000003
2025-11-18,5.74,7.15,12.89,-1.41,25.26,JMART,ICT,-815.9600000000003
2025-11-19,4.32,6.41,10.73,-2.09,17.41,JMART,ICT,-818.0500000000003
2025-11-20,14.84,11.38,26.22,3.46,29.06,JMART,ICT,-814.5900000000003
2025-11-21,2.68,7.87,10.55,-5.19,13.96,JMART,ICT,-819.7800000000003
2025-11-24,1.81,3.67,5.48,-1.86,9.48,JMART,ICT,-821.6400000000003
2025-11-25,3.34,1.27,4.61,2.08,12.12,JMART,ICT,-819.5600000000003
2025-11-26,3.63,3.16,6.79,0.48,11.55,JMART,ICT,-819.0800000000003
2025-11-27,4.57,1.2,5.77,3.36,17.57,JMART,ICT,-815.7200000000003
2025-11-28,3.72,3.79,7.51,-0.07,15.74,JMART,ICT,-815.7900000000003
2025-12-01,8.5,9.63,18.12,-1.13,20.25,JMART,ICT,-816.9200000000003
2025-12-02,1.06,4.63,5.68,-3.57,14.17,JMART,ICT,-820.4900000000004
2025-12-03,1.85,2.41,4.26,-0.56,7.72,JMART,ICT,-821.0500000000003
2025-12-04,5.71,5.1,10.81,0.6,12.84,JMART,ICT,-820.4500000000003
2025-12-08,1.25,0.14,1.38,1.11,3.48,JMART,ICT,-819.3400000000003
2025-12-09,4.44,2.08,6.52,2.36,17.5,JMART,ICT,-816.9800000000002
2025-12-11,0.94,1.27,2.21,-0.33,9.75,JMART,ICT,-817.3100000000003
2025-12-12,7.23,1.3,8.53,5.93,15.65,JMART,ICT,-811.3800000000003
2025-12-15,4.94,3.1,8.04,1.84,18.2,JMART,ICT,-809.5400000000003
2025-12-16,1.97,3.47,5.44,-1.5,20.33,JMART,ICT,-811.0400000000003
2025-12-17,4.27,5.49,9.77,-1.22,21.44,JMART,ICT,-812.2600000000003
2025-12-18,2.29,7.17,9.46,-4.88,15.58,JMART,ICT,-817.1400000000003
2025-12-19,4.64,1.16,5.8,3.47,14.12,JMART,ICT,-813.6700000000003
2025-12-22,9.9,0.36,10.26,9.53,22.77,JMART,ICT,-804.1400000000003
2025-12-23,12.71,3.92,16.63,8.79,17.43,JMART,ICT,-795.3500000000004
2025-12-24,5.63,3.4,9.04,2.23,21.94,JMART,ICT,-793.1200000000003
2025-12-25,1.77,9.89,11.66,-8.11,22.89,JMART,ICT,-801.2300000000004
2025-12-26,0.67,9.45,10.12,-8.78,28.07,JMART,ICT,-810.0100000000003
2025-12-29,1.68,3.27,4.95,-1.6,21.36,JMART,ICT,-811.6100000000004
2025-12-30,0.29,3.54,3.83,-3.25,9.67,JMART,ICT,-814.8600000000004
2026-01-05,7.9,3.34,11.24,4.56,18.2,JMART,ICT,-810.3000000000004
2026-01-06,4.24,2.63,6.87,1.61,21.58,JMART,ICT,-808.6900000000004
2026-01-07,25.07,6.44,31.52,18.63,22.21,JMART,ICT,-790.0600000000004
2026-01-08,2.64,20.01,22.66,-17.37,20.9,JMART,ICT,-807.4300000000004
2026-01-09,0.62,11.28,11.9,-10.66,12.33,JMART,ICT,-818.0900000000004
2026-01-12,2.32,7.58,9.9,-5.26,11.92,JMART,ICT,-823.3500000000004
2026-01-13,4.21,5.66,9.87,-1.44,11.79,JMART,ICT,-824.7900000000004
2026-01-14,2.92,4.59,7.5,-1.67,17.18,JMART,ICT,-826.4600000000004
2026-01-15,4.6,8.74,13.34,-4.13,15.38,JMART,ICT,-830.5900000000004
2026-01-16,22.12,1.64,23.76,20.48,15.97,JMART,ICT,-810.1100000000004
2026-01-19,18.76,1.35,20.11,17.41,18.22,JMART,ICT,-792.7000000000004
2026-01-20,26.32,6.15,32.46,20.17,25.94,JMART,ICT,-772.5300000000004
2026-01-21,12.0,3.43,15.43,8.57,19.27,JMART,ICT,-763.9600000000004
2026-01-22,14.5,18.29,32.79,-3.79,22.65,JMART,ICT,-767.7500000000003
2026-01-23,2.3,6.81,9.11,-4.51,17.21,JMART,ICT,-772.2600000000003
2026-01-26,6.45,5.42,11.88,1.03,26.75,JMART,ICT,-771.2300000000004
2026-01-27,7.69,10.42,18.11,-2.73,23.1,JMART,ICT,-773.9600000000004
2026-01-28,3.86,15.09,18.95,-11.23,24.11,JMART,ICT,-785.1900000000004
2026-01-29,7.56,8.27,15.84,-0.71,16.87,JMART,ICT,-785.9000000000004
2026-01-30,7.78,9.42,17.2,-1.64,19.39,JMART,ICT,-787.5400000000004
2026-02-02,16.02,12.44,28.46,3.58,28.15,JMART,ICT,-783.9600000000004
2026-02-03,18.64,7.48,26.12,11.16,28.46,JMART,ICT,-772.8000000000004
2026-02-04,4.66,13.54,18.2,-8.87,21.71,JMART,ICT,-781.6700000000004
2026-02-05,9.29,15.42,24.72,-6.13,23.45,JMART,ICT,-787.8000000000004
2026-02-06,4.04,10.41,14.45,-6.38,20.77,JMART,ICT,-794.1800000000004
2026-02-09,69.25,13.2,82.44,56.05,25.23,JMART,ICT,-738.1300000000005
2026-02-10,27.27,52.67,79.94,-25.4,15.52,JMART,ICT,-763.5300000000004
2026-02-11,26.83,33.3,60.13,-6.47,20.04,JMART,ICT,-770.0000000000005
2026-02-12,64.25,60.15,124.4,4.09,16.49,JMART,ICT,-765.9100000000004
2026-02-13,49.98,64.6,114.57,-14.62,24.76,JMART,ICT,-780.5300000000004
2026-02-16,24.07,44.11,68.18,-20.04,22.29,JMART,ICT,-800.5700000000004
2026-02-17,25.06,34.88,59.94,-9.82,15.91,JMART,ICT,-810.3900000000004
2026-02-18,40.13,46.11,86.25,-5.98,15.63,JMART,ICT,-816.3700000000005
2026-02-19,20.21,39.0,59.21,-18.79,17.78,JMART,ICT,-835.1600000000004
2026-02-20,25.4,31.75,57.15,-6.35,20.72,JMART,ICT,-841.5100000000004
2026-02-23,25.66,37.95,63.61,-12.29,17.51,JMART,ICT,-853.8000000000004
2026-02-24,20.23,18.35,38.59,1.88,26.53,JMART,ICT,-851.9200000000004
2026-02-25,40.98,37.07,78.05,3.9,21.56,JMART,ICT,-848.0200000000004
2026-02-26,7.53,14.97,22.5,-7.44,13.49,JMART,ICT,-855.4600000000005
2026-02-27,7.34,18.22,25.57,-10.88,17.6,JMART,ICT,-866.3400000000005
2026-03-02,16.89,24.74,41.63,-7.85,14.06,JMART,ICT,-874.1900000000005
2026-03-04,23.14,21.39,44.53,1.75,18.65,JMART,ICT,-872.4400000000005
2026-03-05,11.2,18.37,29.58,-7.17,19.19,JMART,ICT,-879.6100000000005
2026-03-06,9.36,15.02,24.38,-5.66,19.02,JMART,ICT,-885.2700000000004
2026-03-09,22.39,13.42,35.81,8.96,26.74,JMART,ICT,-876.3100000000004
2026-03-10,38.5,29.86,68.35,8.64,17.49,JMART,ICT,-867.6700000000004
2026-03-11,18.44,20.9,39.35,-2.46,24.11,JMART,ICT,-870.1300000000005
2026-03-12,19.85,23.17,43.02,-3.32,25.9,JMART,ICT,-873.4500000000005
2026-03-13,7.79,22.46,30.25,-14.68,28.3,JMART,ICT,-888.1300000000005
2026-03-16,9.91,8.09,18.01,1.82,16.54,JMART,ICT,-886.3100000000004
2026-03-17,10.02,12.75,22.76,-2.73,17.98,JMART,ICT,-889.0400000000004
2026-03-18,13.12,13.53,26.65,-0.41,16.4,JMART,ICT,-889.4500000000004
2026-03-19,4.26,8.15,12.42,-3.89,15.15,JMART,ICT,-893.3400000000004
2026-03-20,10.88,9.24,20.12,1.64,20.6,JMART,ICT,-891.7000000000004
2026-03-23,1.3,3.58,4.89,-2.28,10.67,JMART,ICT,-893.9800000000004
2026-03-24,3.9,5.32,9.21,-1.42,12.8,JMART,ICT,-895.4000000000003
2026-03-25,4.61,3.78,8.39,0.82,12.9,JMART,ICT,-894.5800000000003
2026-03-26,1.69,1.71,3.41,-0.02,7.69,JMART,ICT,-894.6000000000003
2026-03-27,3.47,3.69,7.16,-0.22,16.07,JMART,ICT,-894.8200000000003
2026-03-30,5.12,2.08,7.2,3.04,20.21,JMART,ICT,-891.7800000000003
2026-03-31,5.22,8.37,13.59,-3.15,12.57,JMART,ICT,-894.9300000000003
2026-04-01,8.01,5.71,13.72,2.29,10.22,JMART,ICT,-892.6400000000003
2026-04-02,2.69,3.41,6.1,-0.72,14.83,JMART,ICT,-893.3600000000004
2026-04-03,2.4,2.49,4.89,-0.09,16.24,JMART,ICT,-893.4500000000004
2026-04-07,1.68,2.66,4.34,-0.99,10.04,JMART,ICT,-894.4400000000004
2026-04-08,12.35,3.8,16.15,8.54,13.38,JMART,ICT,-885.9000000000004
2026-04-09,0.87,7.92,8.8,-7.05,21.21,JMART,ICT,-892.9500000000004
2026-04-10,0.49,0.52,1.0,-0.03,4.61,JMART,ICT,-892.9800000000004
2026-04-16,19.54,3.48,23.02,16.06,22.24,JMART,ICT,-876.9200000000004
2026-04-17,4.79,9.44,14.23,-4.65,27.16,JMART,ICT,-881.5700000000004
2026-04-20,16.58,10.54,27.12,6.05,19.06,JMART,ICT,-875.5200000000004
2026-04-21,28.35,22.7,51.05,5.65,18.79,JMART,ICT,-869.8700000000005
2026-04-22,4.01,13.57,17.58,-9.56,18.05,JMART,ICT,-879.4300000000004
2026-04-23,3.2,12.3,15.5,-9.09,14.95,JMART,ICT,-888.5200000000004
2026-04-24,10.79,5.49,16.28,5.3,11.92,JMART,ICT,-883.2200000000005
2026-04-27,8.39,7.69,16.08,0.7,21.69,JMART,ICT,-882.5200000000004
2026-04-28,17.03,16.62,33.65,0.4,16.1,JMART,ICT,-882.1200000000005
2026-04-29,15.66,7.26,22.91,8.4,19.55,JMART,ICT,-873.7200000000005
2026-04-30,9.7,10.45,20.15,-0.74,20.03,JMART,ICT,-874.4600000000005
2026-05-05,17.24,11.63,28.87,5.61,20.73,JMART,ICT,-868.8500000000005
2026-05-06,30.72,9.82,40.53,20.9,17.8,JMART,ICT,-847.9500000000005
2026-05-07,18.49,20.78,39.27,-2.29,18.29,JMART,ICT,-850.2400000000005
2026-05-08,11.52,11.5,23.02,0.02,17.29,JMART,ICT,-850.2200000000005
2026-05-11,5.54,11.82,17.36,-6.28,25.95,JMART,ICT,-856.5000000000005
2026-05-12,2.83,6.2,9.03,-3.38,12.28,JMART,ICT,-859.8800000000005
2026-05-13,3.51,4.38,7.88,-0.87,14.5,JMART,ICT,-860.7500000000005
2026-05-14,9.55,5.26,14.81,4.29,18.24,JMART,ICT,-856.4600000000005
2026-05-15,221.32,83.27,304.59,138.06,14.85,JMART,ICT,-718.4000000000005
2026-05-18,46.48,56.43,102.9,-9.95,14.47,JMART,ICT,-728.3500000000006
2026-05-19,45.41,68.34,113.75,-22.93,14.67,JMART,ICT,-751.2800000000005
2026-05-20,42.2,66.22,108.42,-24.02,15.47,JMART,ICT,-775.3000000000005
2026-05-21,34.42,41.67,76.1,-7.25,16.26,JMART,ICT,-782.5500000000005
2026-05-22,20.67,14.04,34.71,6.62,16.12,JMART,ICT,-775.9300000000005
2026-05-25,66.18,70.15,136.33,-3.96,15.16,JMART,ICT,-779.8900000000006
2026-05-26,13.6,34.39,47.98,-20.79,16.54,JMART,ICT,-800.6800000000005
2026-05-27,28.51,26.25,54.76,2.26,15.61,JMART,ICT,-798.4200000000005
2026-05-28,19.39,49.41,68.8,-30.02,17.9,JMART,ICT,-828.4400000000005
2026-05-29,55.79,47.36,103.15,8.43,9.97,JMART,ICT,-820.0100000000006
