date,buy_mb,sell_mb,buy_sell_mb,net_mb,nvdr_pct,symbol,sector,cumulative_net_mb
2020-01-02,16.0,10.42,26.42,5.57,13.38,KTC,Finance,5.57
2020-01-03,53.04,28.11,81.15,24.93,14.55,KTC,Finance,30.5
2020-01-06,44.68,23.42,68.1,21.26,17.41,KTC,Finance,51.760000000000005
2020-01-07,54.12,55.82,109.94,-1.7,18.06,KTC,Finance,50.06
2020-01-08,19.73,27.95,47.68,-8.21,19.0,KTC,Finance,41.85
2020-01-09,95.03,103.24,198.27,-8.21,20.03,KTC,Finance,33.64
2020-01-10,54.88,46.33,101.22,8.55,21.48,KTC,Finance,42.19
2020-01-13,48.53,25.24,73.77,23.3,17.48,KTC,Finance,65.49
2020-01-14,29.81,27.77,57.58,2.04,12.26,KTC,Finance,67.53
2020-01-15,35.3,37.61,72.91,-2.31,18.07,KTC,Finance,65.22
2020-01-16,134.04,80.9,214.95,53.14,16.99,KTC,Finance,118.36
2020-01-17,268.63,147.54,416.16,121.09,25.94,KTC,Finance,239.45
2020-01-20,84.54,35.37,119.9,49.17,17.49,KTC,Finance,288.62
2020-01-21,144.42,56.51,200.93,87.91,33.55,KTC,Finance,376.53
2020-01-22,106.27,41.16,147.42,65.11,38.11,KTC,Finance,441.64
2020-01-23,50.22,38.96,89.18,11.26,34.11,KTC,Finance,452.9
2020-01-24,11.16,16.44,27.6,-5.27,26.3,KTC,Finance,447.63
2020-01-27,29.83,108.58,138.4,-78.75,22.11,KTC,Finance,368.88
2020-01-28,57.78,43.07,100.85,14.7,23.71,KTC,Finance,383.58
2020-01-29,28.03,30.1,58.13,-2.07,10.98,KTC,Finance,381.51
2020-01-30,21.43,51.5,72.93,-30.06,22.93,KTC,Finance,351.45
2020-01-31,14.64,28.49,43.14,-13.85,17.56,KTC,Finance,337.59999999999997
2020-02-03,11.63,35.3,46.93,-23.67,17.92,KTC,Finance,313.92999999999995
2020-02-04,22.76,13.92,36.68,8.84,18.64,KTC,Finance,322.7699999999999
2020-02-05,63.03,108.54,171.57,-45.51,29.36,KTC,Finance,277.25999999999993
2020-02-06,136.17,186.65,322.82,-50.47,30.95,KTC,Finance,226.78999999999994
2020-02-07,17.86,55.25,73.11,-37.38,27.35,KTC,Finance,189.40999999999994
2020-02-11,153.1,105.53,258.63,47.57,20.35,KTC,Finance,236.97999999999993
2020-02-12,110.14,187.72,297.86,-77.59,21.49,KTC,Finance,159.38999999999993
2020-02-13,131.58,103.22,234.81,28.36,14.57,KTC,Finance,187.74999999999994
2020-02-14,168.72,134.43,303.15,34.29,21.02,KTC,Finance,222.03999999999994
2020-02-17,72.3,94.96,167.26,-22.66,30.57,KTC,Finance,199.37999999999994
2020-02-18,104.47,91.37,195.84,13.1,17.72,KTC,Finance,212.47999999999993
2020-02-19,80.51,94.02,174.54,-13.51,20.36,KTC,Finance,198.96999999999994
2020-02-20,56.25,41.26,97.52,14.99,23.31,KTC,Finance,213.95999999999995
2020-02-21,56.94,79.68,136.62,-22.74,18.44,KTC,Finance,191.21999999999994
2020-02-24,148.06,42.11,190.18,105.95,26.99,KTC,Finance,297.16999999999996
2020-02-25,97.23,85.18,182.4,12.05,22.03,KTC,Finance,309.21999999999997
2020-02-26,110.3,102.16,212.46,8.14,18.42,KTC,Finance,317.35999999999996
2020-02-27,109.1,87.71,196.8,21.39,29.34,KTC,Finance,338.74999999999994
2020-02-28,36.1,67.88,103.98,-31.79,19.14,KTC,Finance,306.9599999999999
2020-03-02,80.27,132.63,212.9,-52.37,24.86,KTC,Finance,254.58999999999992
2020-03-03,63.12,45.05,108.17,18.06,19.31,KTC,Finance,272.6499999999999
2020-03-04,119.19,78.29,197.49,40.9,22.31,KTC,Finance,313.5499999999999
2020-03-05,180.21,172.7,352.91,7.51,33.27,KTC,Finance,321.0599999999999
2020-03-06,106.13,85.98,192.11,20.15,22.64,KTC,Finance,341.20999999999987
2020-03-09,53.41,79.06,132.47,-25.64,22.36,KTC,Finance,315.5699999999999
2020-03-10,82.93,149.44,232.37,-66.51,32.92,KTC,Finance,249.0599999999999
2020-03-11,72.67,133.15,205.82,-60.48,31.72,KTC,Finance,188.5799999999999
2020-03-12,240.99,225.28,466.26,15.71,23.36,KTC,Finance,204.2899999999999
2020-03-13,172.36,282.02,454.38,-109.66,17.94,KTC,Finance,94.62999999999991
2020-03-16,118.49,111.95,230.44,6.54,17.21,KTC,Finance,101.16999999999992
2020-03-17,52.67,131.63,184.3,-78.95,20.25,KTC,Finance,22.219999999999914
2020-03-18,51.77,63.85,115.62,-12.08,11.51,KTC,Finance,10.139999999999914
2020-03-19,38.69,63.46,102.15,-24.78,17.67,KTC,Finance,-14.640000000000088
2020-03-20,115.82,116.75,232.57,-0.92,17.33,KTC,Finance,-15.560000000000088
2020-03-23,27.92,54.17,82.09,-26.26,11.81,KTC,Finance,-41.82000000000009
2020-03-24,108.93,126.15,235.09,-17.22,12.05,KTC,Finance,-59.04000000000009
2020-03-25,154.48,119.29,273.77,35.18,16.58,KTC,Finance,-23.860000000000092
2020-03-26,191.85,129.9,321.75,61.95,14.33,KTC,Finance,38.08999999999991
2020-03-27,115.98,339.99,455.98,-224.01,29.19,KTC,Finance,-185.92000000000007
2020-03-30,77.51,63.96,141.47,13.55,29.72,KTC,Finance,-172.37000000000006
2020-03-31,77.02,76.19,153.2,0.83,21.91,KTC,Finance,-171.54000000000005
2020-04-01,59.85,76.23,136.08,-16.38,28.64,KTC,Finance,-187.92000000000004
2020-04-02,38.26,73.14,111.4,-34.88,19.33,KTC,Finance,-222.80000000000004
2020-04-03,49.97,28.44,78.41,21.53,23.13,KTC,Finance,-201.27000000000004
2020-04-07,152.69,90.06,242.75,62.63,14.86,KTC,Finance,-138.64000000000004
2020-04-08,132.81,163.97,296.78,-31.16,19.49,KTC,Finance,-169.80000000000004
2020-04-09,244.69,248.67,493.36,-3.99,19.83,KTC,Finance,-173.79000000000005
2020-04-10,130.55,146.28,276.83,-15.73,19.22,KTC,Finance,-189.52000000000004
2020-04-13,39.99,104.89,144.88,-64.89,11.61,KTC,Finance,-254.41000000000003
2020-04-14,86.47,139.72,226.19,-53.24,14.2,KTC,Finance,-307.65000000000003
2020-04-15,68.39,75.44,143.82,-7.05,18.04,KTC,Finance,-314.70000000000005
2020-04-16,72.92,76.16,149.08,-3.24,19.84,KTC,Finance,-317.94000000000005
2020-04-17,63.8,57.05,120.84,6.75,21.55,KTC,Finance,-311.19000000000005
2020-04-20,70.89,76.11,146.99,-5.22,15.1,KTC,Finance,-316.4100000000001
2020-04-21,33.89,73.08,106.97,-39.19,23.93,KTC,Finance,-355.6000000000001
2020-04-22,49.34,89.87,139.2,-40.53,21.44,KTC,Finance,-396.1300000000001
2020-04-23,58.93,51.99,110.92,6.94,18.0,KTC,Finance,-389.1900000000001
2020-04-24,59.18,83.37,142.55,-24.19,18.19,KTC,Finance,-413.3800000000001
2020-04-27,87.33,26.93,114.26,60.39,27.64,KTC,Finance,-352.9900000000001
2020-04-28,94.79,109.33,204.12,-14.55,18.57,KTC,Finance,-367.54000000000013
2020-04-29,51.64,102.85,154.49,-51.2,11.95,KTC,Finance,-418.7400000000001
2020-04-30,57.01,94.19,151.2,-37.19,14.64,KTC,Finance,-455.9300000000001
2020-05-05,22.74,42.84,65.58,-20.1,20.9,KTC,Finance,-476.03000000000014
2020-05-07,34.13,44.53,78.66,-10.4,21.35,KTC,Finance,-486.4300000000001
2020-05-08,92.77,30.07,122.84,62.7,24.01,KTC,Finance,-423.73000000000013
2020-05-11,77.01,53.4,130.41,23.61,19.95,KTC,Finance,-400.1200000000001
2020-05-12,61.45,19.92,81.37,41.53,16.09,KTC,Finance,-358.59000000000015
2020-05-13,542.67,301.46,844.13,241.22,35.19,KTC,Finance,-117.37000000000015
2020-05-14,171.32,93.11,264.43,78.21,27.75,KTC,Finance,-39.16000000000015
2020-05-15,135.73,173.34,309.07,-37.61,31.12,KTC,Finance,-76.77000000000015
2020-05-18,152.94,21.87,174.81,131.08,22.72,KTC,Finance,54.30999999999986
2020-05-19,110.96,28.68,139.65,82.28,13.97,KTC,Finance,136.58999999999986
2020-05-20,133.13,105.71,238.84,27.43,19.14,KTC,Finance,164.01999999999987
2020-05-21,193.99,137.83,331.81,56.16,30.32,KTC,Finance,220.17999999999986
2020-05-22,152.34,73.59,225.94,78.75,30.24,KTC,Finance,298.92999999999984
2020-05-25,140.57,43.12,183.69,97.45,26.5,KTC,Finance,396.3799999999998
2020-05-26,167.66,52.68,220.34,114.98,20.28,KTC,Finance,511.35999999999984
2020-05-27,142.48,77.09,219.57,65.39,21.95,KTC,Finance,576.7499999999999
2020-05-28,172.52,91.86,264.38,80.67,16.29,KTC,Finance,657.4199999999998
2020-05-29,1316.65,1306.26,2622.91,10.4,42.97,KTC,Finance,667.8199999999998
2020-06-01,150.43,198.44,348.87,-48.01,21.38,KTC,Finance,619.8099999999998
2020-06-02,308.37,249.24,557.6,59.13,7.95,KTC,Finance,678.9399999999998
2020-06-04,254.84,83.91,338.76,170.93,29.18,KTC,Finance,849.8699999999999
2020-06-05,418.58,180.94,599.51,237.64,38.56,KTC,Finance,1087.5099999999998
2020-06-08,149.42,181.95,331.38,-32.53,29.33,KTC,Finance,1054.9799999999998
2020-06-09,80.57,75.09,155.66,5.48,20.49,KTC,Finance,1060.4599999999998
2020-06-10,104.59,38.51,143.1,66.07,26.87,KTC,Finance,1126.5299999999997
2020-06-11,154.16,62.02,216.18,92.14,13.84,KTC,Finance,1218.6699999999998
2020-06-12,212.43,100.48,312.91,111.94,13.61,KTC,Finance,1330.61
2020-06-15,327.67,153.05,480.73,174.62,14.04,KTC,Finance,1505.23
2020-06-16,620.45,296.71,917.16,323.75,11.16,KTC,Finance,1828.98
2020-06-17,448.33,481.64,929.97,-33.3,16.72,KTC,Finance,1795.68
2020-06-18,269.67,291.81,561.48,-22.14,17.7,KTC,Finance,1773.54
2020-06-19,161.52,308.94,470.47,-147.42,17.05,KTC,Finance,1626.12
2020-06-22,107.55,185.79,293.34,-78.24,10.66,KTC,Finance,1547.8799999999999
2020-06-23,41.04,128.86,169.91,-87.82,18.25,KTC,Finance,1460.06
2020-06-24,67.41,112.7,180.1,-45.29,13.78,KTC,Finance,1414.77
2020-06-25,157.58,106.8,264.38,50.78,12.95,KTC,Finance,1465.55
2020-06-26,103.2,78.62,181.82,24.58,21.11,KTC,Finance,1490.1299999999999
2020-06-29,85.15,126.65,211.8,-41.5,26.66,KTC,Finance,1448.6299999999999
2020-06-30,57.61,95.72,153.33,-38.11,24.32,KTC,Finance,1410.52
2020-07-01,124.79,85.1,209.89,39.7,28.37,KTC,Finance,1450.22
2020-07-02,152.67,192.33,345.0,-39.67,25.12,KTC,Finance,1410.55
2020-07-03,89.23,122.52,211.75,-33.29,24.56,KTC,Finance,1377.26
2020-07-07,123.77,52.85,176.62,70.92,15.2,KTC,Finance,1448.18
2020-07-08,99.53,67.82,167.34,31.71,21.19,KTC,Finance,1479.89
2020-07-09,224.69,179.81,404.51,44.88,42.14,KTC,Finance,1524.7700000000002
2020-07-10,32.76,40.06,72.81,-7.3,15.44,KTC,Finance,1517.4700000000003
2020-07-13,69.92,119.62,189.54,-49.7,30.34,KTC,Finance,1467.7700000000002
2020-07-14,51.51,37.01,88.52,14.5,22.67,KTC,Finance,1482.2700000000002
2020-07-15,60.65,18.81,79.47,41.84,19.25,KTC,Finance,1524.1100000000001
2020-07-16,140.58,72.14,212.72,68.44,13.65,KTC,Finance,1592.5500000000002
2020-07-17,104.49,203.85,308.34,-99.36,22.48,KTC,Finance,1493.1900000000003
2020-07-20,105.57,115.96,221.53,-10.4,23.98,KTC,Finance,1482.7900000000002
2020-07-21,117.75,94.91,212.66,22.84,24.52,KTC,Finance,1505.63
2020-07-22,66.29,58.14,124.43,8.15,16.8,KTC,Finance,1513.7800000000002
2020-07-23,112.8,31.61,144.41,81.19,34.14,KTC,Finance,1594.9700000000003
2020-07-24,40.51,58.08,98.59,-17.56,16.6,KTC,Finance,1577.4100000000003
2020-07-29,39.15,22.73,61.88,16.42,15.3,KTC,Finance,1593.8300000000004
2020-07-30,73.48,123.95,197.44,-50.47,24.75,KTC,Finance,1543.3600000000004
2020-07-31,41.22,94.52,135.74,-53.31,34.4,KTC,Finance,1490.0500000000004
2020-08-03,67.42,75.62,143.04,-8.2,23.47,KTC,Finance,1481.8500000000004
2020-08-04,71.26,42.34,113.6,28.92,26.91,KTC,Finance,1510.7700000000004
2020-08-05,55.0,53.68,108.69,1.32,25.32,KTC,Finance,1512.0900000000004
2020-08-06,28.28,31.31,59.58,-3.03,19.14,KTC,Finance,1509.0600000000004
2020-08-07,20.84,25.73,46.57,-4.88,18.88,KTC,Finance,1504.1800000000003
2020-08-10,44.95,40.07,85.01,4.88,24.04,KTC,Finance,1509.0600000000004
2020-08-11,45.59,14.22,59.82,31.37,24.87,KTC,Finance,1540.4300000000003
2020-08-13,52.32,54.27,106.58,-1.95,32.81,KTC,Finance,1538.4800000000002
2020-08-14,62.94,108.31,171.26,-45.37,26.95,KTC,Finance,1493.1100000000004
2020-08-17,28.8,31.99,60.79,-3.18,21.64,KTC,Finance,1489.9300000000003
2020-08-18,67.2,41.06,108.26,26.14,34.47,KTC,Finance,1516.0700000000004
2020-08-19,34.77,59.67,94.44,-24.9,24.49,KTC,Finance,1491.1700000000003
2020-08-20,14.9,31.76,46.67,-16.86,12.11,KTC,Finance,1474.3100000000004
2020-08-21,25.26,53.37,78.62,-28.11,23.1,KTC,Finance,1446.2000000000005
2020-08-24,5.63,10.73,16.36,-5.1,11.35,KTC,Finance,1441.1000000000006
2020-08-25,25.3,6.62,31.92,18.68,20.08,KTC,Finance,1459.7800000000007
2020-08-26,76.53,23.27,99.8,53.26,25.96,KTC,Finance,1513.0400000000006
2020-08-27,18.03,34.62,52.65,-16.59,18.86,KTC,Finance,1496.4500000000007
2020-08-28,55.49,45.27,100.75,10.22,22.09,KTC,Finance,1506.6700000000008
2020-08-31,138.39,147.24,285.63,-8.85,52.78,KTC,Finance,1497.8200000000008
2020-09-01,20.99,17.72,38.71,3.27,18.81,KTC,Finance,1501.0900000000008
2020-09-02,66.71,44.46,111.17,22.24,31.68,KTC,Finance,1523.3300000000008
2020-09-03,69.77,27.37,97.14,42.4,40.75,KTC,Finance,1565.730000000001
2020-09-08,52.1,24.98,77.08,27.12,25.29,KTC,Finance,1592.8500000000008
2020-09-09,146.42,21.71,168.12,124.71,39.77,KTC,Finance,1717.5600000000009
2020-09-10,48.56,15.49,64.06,33.07,30.59,KTC,Finance,1750.6300000000008
2020-09-11,50.9,21.44,72.34,29.47,35.96,KTC,Finance,1780.1000000000008
2020-09-14,53.15,24.29,77.43,28.86,22.47,KTC,Finance,1808.9600000000007
2020-09-15,38.86,21.1,59.96,17.77,21.81,KTC,Finance,1826.7300000000007
2020-09-16,111.75,77.56,189.31,34.19,18.39,KTC,Finance,1860.9200000000008
2020-09-17,34.18,91.74,125.92,-57.56,26.35,KTC,Finance,1803.3600000000008
2020-09-18,71.2,67.08,138.28,4.11,28.34,KTC,Finance,1807.4700000000007
2020-09-21,44.71,63.78,108.48,-19.07,17.63,KTC,Finance,1788.4000000000008
2020-09-22,127.94,29.24,157.18,98.7,24.24,KTC,Finance,1887.1000000000008
2020-09-23,29.32,70.51,99.84,-41.19,24.57,KTC,Finance,1845.9100000000008
2020-09-24,181.89,75.45,257.34,106.43,38.54,KTC,Finance,1952.3400000000008
2020-09-25,279.83,211.98,491.82,67.85,48.47,KTC,Finance,2020.1900000000007
2020-09-28,46.44,40.4,86.84,6.04,25.37,KTC,Finance,2026.2300000000007
2020-09-29,35.34,29.28,64.62,6.06,18.42,KTC,Finance,2032.2900000000006
2020-09-30,72.26,41.77,114.03,30.49,20.61,KTC,Finance,2062.7800000000007
2020-10-01,81.72,105.93,187.66,-24.21,23.49,KTC,Finance,2038.5700000000006
2020-10-02,56.77,39.02,95.8,17.75,18.6,KTC,Finance,2056.3200000000006
2020-10-05,23.25,10.48,33.74,12.77,16.59,KTC,Finance,2069.0900000000006
2020-10-06,48.02,48.39,96.41,-0.37,17.41,KTC,Finance,2068.7200000000007
2020-10-07,60.46,42.23,102.69,18.22,12.9,KTC,Finance,2086.9400000000005
2020-10-08,22.18,44.42,66.59,-22.24,14.03,KTC,Finance,2064.7000000000007
2020-10-09,79.9,45.41,125.3,34.49,20.05,KTC,Finance,2099.1900000000005
2020-10-12,47.44,17.67,65.11,29.76,17.52,KTC,Finance,2128.9500000000007
2020-10-14,31.5,17.22,48.71,14.28,16.73,KTC,Finance,2143.230000000001
2020-10-15,49.36,15.88,65.24,33.48,22.89,KTC,Finance,2176.710000000001
2020-10-16,162.03,96.07,258.09,65.96,25.46,KTC,Finance,2242.670000000001
2020-10-19,99.88,64.39,164.28,35.49,18.88,KTC,Finance,2278.1600000000008
2020-10-20,109.19,80.98,190.17,28.21,21.25,KTC,Finance,2306.370000000001
2020-10-21,123.01,99.02,222.03,23.98,26.43,KTC,Finance,2330.350000000001
2020-10-22,94.99,41.3,136.29,53.69,38.36,KTC,Finance,2384.040000000001
2020-10-26,17.91,6.21,24.11,11.7,17.57,KTC,Finance,2395.7400000000007
2020-10-27,60.29,39.62,99.91,20.67,20.68,KTC,Finance,2416.4100000000008
2020-10-28,52.23,118.29,170.51,-66.06,17.78,KTC,Finance,2350.350000000001
2020-10-29,88.36,73.54,161.9,14.81,28.53,KTC,Finance,2365.1600000000008
2020-10-30,192.05,78.75,270.8,113.3,37.29,KTC,Finance,2478.460000000001
2020-11-02,35.36,28.37,63.73,6.99,29.56,KTC,Finance,2485.4500000000007
2020-11-03,412.58,36.81,449.39,375.77,41.86,KTC,Finance,2861.2200000000007
2020-11-04,83.79,58.26,142.05,25.53,26.24,KTC,Finance,2886.750000000001
2020-11-05,83.55,33.4,116.95,50.16,26.74,KTC,Finance,2936.9100000000008
2020-11-06,86.87,69.6,156.46,17.27,30.79,KTC,Finance,2954.1800000000007
2020-11-09,86.02,34.43,120.45,51.6,26.0,KTC,Finance,3005.7800000000007
2020-11-10,185.71,96.12,281.82,89.59,31.12,KTC,Finance,3095.370000000001
2020-11-11,91.76,45.66,137.42,46.1,22.61,KTC,Finance,3141.4700000000007
2020-11-12,81.12,49.55,130.67,31.58,35.84,KTC,Finance,3173.0500000000006
2020-11-13,194.47,227.66,422.12,-33.19,39.88,KTC,Finance,3139.8600000000006
2020-11-16,76.3,111.3,187.6,-34.99,35.81,KTC,Finance,3104.870000000001
2020-11-17,122.01,75.54,197.56,46.47,33.7,KTC,Finance,3151.3400000000006
2020-11-18,58.41,27.2,85.61,31.2,34.97,KTC,Finance,3182.5400000000004
2020-11-19,109.49,46.29,155.78,63.21,39.69,KTC,Finance,3245.7500000000005
2020-11-20,88.24,59.57,147.81,28.67,39.79,KTC,Finance,3274.4200000000005
2020-11-23,202.04,95.6,297.64,106.44,48.91,KTC,Finance,3380.8600000000006
2020-11-24,144.81,62.68,207.48,82.13,32.92,KTC,Finance,3462.9900000000007
2020-11-25,113.61,153.9,267.51,-40.28,19.57,KTC,Finance,3422.7100000000005
2020-11-26,187.78,140.89,328.67,46.89,34.62,KTC,Finance,3469.6000000000004
2020-11-27,167.11,166.62,333.73,0.49,21.74,KTC,Finance,3470.09
2020-11-30,180.38,270.27,450.65,-89.89,35.58,KTC,Finance,3380.2000000000003
2020-12-01,270.19,306.43,576.62,-36.25,27.41,KTC,Finance,3343.9500000000003
2020-12-02,221.59,146.14,367.73,75.45,27.81,KTC,Finance,3419.4
2020-12-03,145.49,123.74,269.23,21.74,34.83,KTC,Finance,3441.14
2020-12-04,248.85,208.74,457.58,40.11,32.04,KTC,Finance,3481.25
2020-12-08,212.43,119.11,331.54,93.33,34.47,KTC,Finance,3574.58
2020-12-09,214.74,213.71,428.45,1.04,30.97,KTC,Finance,3575.62
2020-12-14,79.54,81.15,160.69,-1.6,30.81,KTC,Finance,3574.02
2020-12-15,189.2,103.05,292.25,86.14,35.39,KTC,Finance,3660.16
2020-12-16,85.09,137.95,223.04,-52.86,24.56,KTC,Finance,3607.2999999999997
2020-12-17,91.07,104.82,195.89,-13.76,35.13,KTC,Finance,3593.5399999999995
2020-12-18,516.41,252.85,769.26,263.55,41.26,KTC,Finance,3857.0899999999997
2020-12-21,218.99,163.62,382.61,55.37,33.06,KTC,Finance,3912.4599999999996
2020-12-22,267.7,186.37,454.07,81.32,34.43,KTC,Finance,3993.7799999999997
2020-12-23,137.5,112.8,250.3,24.7,32.48,KTC,Finance,4018.4799999999996
2020-12-24,203.99,167.28,371.27,36.72,28.4,KTC,Finance,4055.1999999999994
2020-12-25,267.73,339.69,607.42,-71.96,28.62,KTC,Finance,3983.2399999999993
2020-12-28,308.57,285.29,593.86,23.28,31.1,KTC,Finance,4006.5199999999995
2020-12-29,199.81,136.32,336.13,63.49,35.58,KTC,Finance,4070.0099999999993
2020-12-30,132.57,162.22,294.79,-29.65,21.44,KTC,Finance,4040.359999999999
2021-01-04,159.49,200.92,360.41,-41.43,23.48,KTC,Finance,3998.9299999999994
2021-01-05,159.39,244.13,403.53,-84.74,29.08,KTC,Finance,3914.1899999999996
2021-01-06,251.64,257.1,508.74,-5.46,25.89,KTC,Finance,3908.7299999999996
2021-01-07,537.01,837.3,1374.3,-300.29,15.41,KTC,Finance,3608.4399999999996
2021-01-08,517.6,452.29,969.88,65.31,18.64,KTC,Finance,3673.7499999999995
2021-01-11,918.39,1341.18,2259.57,-422.79,17.19,KTC,Finance,3250.9599999999996
2021-01-12,423.98,357.09,781.07,66.89,21.02,KTC,Finance,3317.8499999999995
2021-01-13,394.98,279.53,674.52,115.45,21.88,KTC,Finance,3433.2999999999993
2021-01-14,483.37,321.88,805.25,161.49,29.1,KTC,Finance,3594.789999999999
2021-01-15,351.62,351.66,703.28,-0.04,21.92,KTC,Finance,3594.749999999999
2021-01-18,381.91,310.41,692.32,71.5,26.33,KTC,Finance,3666.249999999999
2021-01-19,569.8,291.31,861.11,278.49,38.12,KTC,Finance,3944.739999999999
2021-01-20,829.51,755.13,1584.64,74.39,30.29,KTC,Finance,4019.1299999999987
2021-01-21,810.89,939.31,1750.2,-128.41,30.31,KTC,Finance,3890.719999999999
2021-01-22,667.59,666.4,1333.99,1.19,27.64,KTC,Finance,3891.909999999999
2021-01-25,422.89,426.61,849.51,-3.72,20.28,KTC,Finance,3888.189999999999
2021-01-26,477.64,483.12,960.76,-5.48,16.19,KTC,Finance,3882.709999999999
2021-01-27,267.08,461.59,728.66,-194.51,25.1,KTC,Finance,3688.199999999999
2021-01-28,261.76,249.54,511.3,12.22,19.15,KTC,Finance,3700.4199999999987
2021-01-29,335.74,322.51,658.25,13.23,28.45,KTC,Finance,3713.6499999999987
2021-02-01,296.42,283.35,579.77,13.07,24.95,KTC,Finance,3726.719999999999
2021-02-02,229.07,337.54,566.61,-108.47,26.28,KTC,Finance,3618.249999999999
2021-02-03,284.53,225.99,510.52,58.54,25.61,KTC,Finance,3676.789999999999
2021-02-04,217.44,208.73,426.17,8.71,24.17,KTC,Finance,3685.499999999999
2021-02-05,264.98,219.93,484.91,45.05,29.53,KTC,Finance,3730.5499999999993
2021-02-08,181.19,211.29,392.48,-30.1,30.08,KTC,Finance,3700.4499999999994
2021-02-09,327.05,352.79,679.84,-25.74,17.67,KTC,Finance,3674.7099999999996
2021-02-10,419.36,618.31,1037.67,-198.96,30.71,KTC,Finance,3475.7499999999995
2021-02-11,209.72,418.06,627.79,-208.34,24.1,KTC,Finance,3267.4099999999994
2021-02-15,394.05,649.62,1043.67,-255.58,31.29,KTC,Finance,3011.8299999999995
2021-02-16,359.65,357.18,716.83,2.46,36.04,KTC,Finance,3014.2899999999995
2021-02-17,228.93,242.16,471.09,-13.22,24.59,KTC,Finance,3001.0699999999997
2021-02-18,130.44,83.31,213.75,47.13,26.5,KTC,Finance,3048.2
2021-02-19,176.33,150.77,327.1,25.55,28.01,KTC,Finance,3073.75
2021-02-22,211.84,144.18,356.02,67.66,27.19,KTC,Finance,3141.41
2021-02-23,189.76,176.32,366.08,13.43,27.12,KTC,Finance,3154.8399999999997
2021-02-24,162.62,164.29,326.91,-1.67,37.47,KTC,Finance,3153.1699999999996
2021-02-25,310.97,317.12,628.09,-6.15,38.24,KTC,Finance,3147.0199999999995
2021-03-01,142.27,191.23,333.51,-48.96,21.5,KTC,Finance,3098.0599999999995
2021-03-02,121.96,181.84,303.8,-59.88,17.87,KTC,Finance,3038.1799999999994
2021-03-03,398.64,354.0,752.64,44.64,35.64,KTC,Finance,3082.8199999999993
2021-03-04,329.53,479.66,809.19,-150.13,37.81,KTC,Finance,2932.689999999999
2021-03-05,505.44,377.56,883.0,127.88,43.43,KTC,Finance,3060.5699999999993
2021-03-08,208.03,281.05,489.07,-73.02,34.06,KTC,Finance,2987.5499999999993
2021-03-09,203.27,168.18,371.46,35.09,30.42,KTC,Finance,3022.6399999999994
2021-03-10,427.81,283.46,711.27,144.36,27.92,KTC,Finance,3166.9999999999995
2021-03-11,199.06,464.83,663.89,-265.77,34.11,KTC,Finance,2901.2299999999996
2021-03-12,71.51,95.38,166.9,-23.87,20.93,KTC,Finance,2877.3599999999997
2021-03-15,54.77,80.48,135.25,-25.71,27.65,KTC,Finance,2851.6499999999996
2021-03-16,352.61,323.46,676.07,29.14,23.91,KTC,Finance,2880.7899999999995
2021-03-17,135.04,141.17,276.21,-6.13,23.83,KTC,Finance,2874.6599999999994
2021-03-18,182.32,208.17,390.5,-25.85,25.34,KTC,Finance,2848.8099999999995
2021-03-19,205.2,72.9,278.1,132.31,29.67,KTC,Finance,2981.1199999999994
2021-03-22,363.55,88.09,451.64,275.46,27.22,KTC,Finance,3256.5799999999995
2021-03-23,204.3,150.22,354.51,54.08,27.54,KTC,Finance,3310.6599999999994
2021-03-24,154.91,78.42,233.32,76.49,29.43,KTC,Finance,3387.149999999999
2021-03-25,240.48,249.3,489.78,-8.82,40.17,KTC,Finance,3378.329999999999
2021-03-26,432.37,284.37,716.74,148.01,29.43,KTC,Finance,3526.3399999999992
2021-03-29,69.57,208.87,278.43,-139.3,29.4,KTC,Finance,3387.039999999999
2021-03-30,580.29,561.96,1142.25,18.32,33.3,KTC,Finance,3405.359999999999
2021-03-31,523.24,437.18,960.41,86.06,38.88,KTC,Finance,3491.419999999999
2021-04-01,379.12,265.01,644.13,114.12,34.7,KTC,Finance,3605.539999999999
2021-04-02,177.46,228.65,406.11,-51.19,27.65,KTC,Finance,3554.349999999999
2021-04-05,68.1,179.84,247.95,-111.74,29.46,KTC,Finance,3442.609999999999
2021-04-07,176.97,181.97,358.94,-5.0,29.79,KTC,Finance,3437.609999999999
2021-04-08,76.96,77.83,154.79,-0.86,24.55,KTC,Finance,3436.749999999999
2021-04-09,239.07,144.72,383.79,94.35,29.85,KTC,Finance,3531.099999999999
2021-04-12,142.91,240.35,383.26,-97.44,32.6,KTC,Finance,3433.659999999999
2021-04-16,153.71,648.74,802.46,-495.03,34.38,KTC,Finance,2938.629999999999
2021-04-19,575.39,92.52,667.91,482.87,36.98,KTC,Finance,3421.499999999999
2021-04-20,457.05,320.86,777.91,136.2,32.92,KTC,Finance,3557.699999999999
2021-04-21,249.64,200.75,450.39,48.89,37.75,KTC,Finance,3606.589999999999
2021-04-22,189.43,213.24,402.67,-23.81,39.37,KTC,Finance,3582.779999999999
2021-04-23,158.21,259.67,417.88,-101.45,34.32,KTC,Finance,3481.329999999999
2021-04-26,191.45,237.33,428.78,-45.88,38.04,KTC,Finance,3435.449999999999
2021-04-27,86.61,76.24,162.84,10.37,23.4,KTC,Finance,3445.819999999999
2021-04-28,97.5,60.44,157.94,37.06,38.18,KTC,Finance,3482.8799999999987
2021-04-29,154.14,64.67,218.82,89.47,30.98,KTC,Finance,3572.3499999999985
2021-04-30,108.99,88.67,197.66,20.32,28.2,KTC,Finance,3592.6699999999987
2021-05-05,324.86,533.04,857.89,-208.18,27.84,KTC,Finance,3384.489999999999
2021-05-06,300.61,164.85,465.46,135.76,31.42,KTC,Finance,3520.249999999999
2021-05-07,223.3,323.33,546.63,-100.04,29.55,KTC,Finance,3420.209999999999
2021-05-10,305.7,321.75,627.45,-16.05,32.17,KTC,Finance,3404.159999999999
2021-05-11,169.44,234.0,403.44,-64.57,31.85,KTC,Finance,3339.589999999999
2021-05-12,362.34,314.1,676.44,48.24,31.03,KTC,Finance,3387.8299999999986
2021-05-13,378.0,310.78,688.77,67.22,33.59,KTC,Finance,3455.0499999999984
2021-05-14,309.11,227.23,536.34,81.88,35.36,KTC,Finance,3536.9299999999985
2021-05-17,180.37,152.12,332.49,28.25,28.24,KTC,Finance,3565.1799999999985
2021-05-18,159.31,129.34,288.65,29.98,28.41,KTC,Finance,3595.1599999999985
2021-05-19,155.45,203.48,358.92,-48.03,26.23,KTC,Finance,3547.1299999999983
2021-05-20,274.12,90.86,364.98,183.26,35.44,KTC,Finance,3730.3899999999985
2021-05-21,637.48,201.27,838.76,436.21,24.83,KTC,Finance,4166.5999999999985
2021-05-24,655.46,699.34,1354.81,-43.88,29.33,KTC,Finance,4122.719999999998
2021-05-25,899.24,472.11,1371.35,427.12,28.53,KTC,Finance,4549.839999999998
2021-05-27,1348.74,4242.31,5591.05,-2893.58,19.43,KTC,Finance,1656.2599999999984
2021-05-28,634.43,1093.79,1728.22,-459.36,16.34,KTC,Finance,1196.8999999999983
2021-05-31,253.21,372.75,625.96,-119.54,25.78,KTC,Finance,1077.3599999999983
2021-06-01,713.3,482.98,1196.27,230.32,31.83,KTC,Finance,1307.6799999999982
2021-06-02,584.65,491.06,1075.71,93.59,48.45,KTC,Finance,1401.2699999999982
2021-06-04,217.25,221.79,439.04,-4.55,30.38,KTC,Finance,1396.7199999999982
2021-06-07,171.56,388.45,560.01,-216.88,27.59,KTC,Finance,1179.8399999999983
2021-06-08,297.0,267.2,564.2,29.81,28.96,KTC,Finance,1209.6499999999983
2021-06-09,438.9,315.01,753.9,123.89,46.42,KTC,Finance,1333.5399999999984
2021-06-10,224.61,355.68,580.3,-131.07,33.32,KTC,Finance,1202.4699999999984
2021-06-11,129.17,67.3,196.47,61.87,29.32,KTC,Finance,1264.3399999999983
2021-06-14,91.6,79.55,171.15,12.05,20.6,KTC,Finance,1276.3899999999983
2021-06-15,111.3,228.32,339.63,-117.02,26.22,KTC,Finance,1159.3699999999983
2021-06-16,607.04,549.8,1156.84,57.23,14.83,KTC,Finance,1216.5999999999983
2021-06-17,319.85,347.84,667.69,-27.99,25.88,KTC,Finance,1188.6099999999983
2021-06-18,569.83,295.1,864.94,274.73,28.12,KTC,Finance,1463.3399999999983
2021-06-21,294.36,250.72,545.09,43.64,29.37,KTC,Finance,1506.9799999999984
2021-06-22,155.26,445.93,601.19,-290.67,25.45,KTC,Finance,1216.3099999999984
2021-06-23,240.0,107.6,347.6,132.4,33.16,KTC,Finance,1348.7099999999984
2021-06-24,114.41,150.38,264.79,-35.97,27.04,KTC,Finance,1312.7399999999984
2021-06-25,131.9,115.19,247.09,16.72,33.71,KTC,Finance,1329.4599999999984
2021-06-28,135.47,74.55,210.02,60.92,29.17,KTC,Finance,1390.3799999999985
2021-06-29,184.15,326.43,510.58,-142.27,27.24,KTC,Finance,1248.1099999999985
2021-06-30,125.92,179.53,305.45,-53.61,32.41,KTC,Finance,1194.4999999999986
2021-07-01,391.7,149.42,541.12,242.29,41.17,KTC,Finance,1436.7899999999986
2021-07-02,139.97,236.43,376.41,-96.46,31.84,KTC,Finance,1340.3299999999986
2021-07-05,213.66,104.66,318.32,109.0,47.59,KTC,Finance,1449.3299999999986
2021-07-06,426.8,119.72,546.52,307.08,37.34,KTC,Finance,1756.4099999999985
2021-07-07,160.39,100.63,261.02,59.76,36.91,KTC,Finance,1816.1699999999985
2021-07-08,213.51,400.54,614.05,-187.03,30.99,KTC,Finance,1629.1399999999985
2021-07-09,602.47,112.2,714.67,490.27,37.23,KTC,Finance,2119.4099999999985
2021-07-12,289.6,49.89,339.49,239.7,42.74,KTC,Finance,2359.1099999999983
2021-07-13,228.94,96.39,325.34,132.55,43.74,KTC,Finance,2491.6599999999985
2021-07-14,315.85,182.16,498.0,133.69,42.96,KTC,Finance,2625.3499999999985
2021-07-15,215.08,263.2,478.28,-48.12,45.39,KTC,Finance,2577.2299999999987
2021-07-16,179.7,81.32,261.02,98.39,32.31,KTC,Finance,2675.6199999999985
2021-07-19,163.33,642.78,806.11,-479.46,35.28,KTC,Finance,2196.1599999999985
2021-07-20,223.25,305.98,529.23,-82.73,27.22,KTC,Finance,2113.4299999999985
2021-07-21,113.84,99.81,213.66,14.03,35.46,KTC,Finance,2127.4599999999987
2021-07-22,77.65,47.58,125.23,30.07,33.94,KTC,Finance,2157.529999999999
2021-07-23,69.8,131.93,201.72,-62.13,47.58,KTC,Finance,2095.3999999999987
2021-07-27,78.79,114.0,192.79,-35.21,35.53,KTC,Finance,2060.1899999999987
2021-07-29,98.84,94.16,193.0,4.68,36.91,KTC,Finance,2064.8699999999985
2021-07-30,105.81,103.66,209.47,2.15,26.0,KTC,Finance,2067.0199999999986
2021-08-02,198.87,62.28,261.16,136.59,31.9,KTC,Finance,2203.6099999999988
2021-08-03,136.03,102.65,238.68,33.38,26.77,KTC,Finance,2236.989999999999
2021-08-04,140.62,57.66,198.28,82.95,30.33,KTC,Finance,2319.9399999999987
2021-08-05,163.13,205.17,368.3,-42.04,39.57,KTC,Finance,2277.8999999999987
2021-08-06,122.2,275.44,397.63,-153.24,27.54,KTC,Finance,2124.659999999999
2021-08-09,192.94,90.18,283.12,102.76,31.47,KTC,Finance,2227.419999999999
2021-08-10,218.21,131.99,350.21,86.22,31.57,KTC,Finance,2313.639999999999
2021-08-11,241.04,273.1,514.14,-32.06,25.57,KTC,Finance,2281.579999999999
2021-08-13,498.41,157.87,656.28,340.54,24.99,KTC,Finance,2622.119999999999
2021-08-16,160.43,136.11,296.54,24.33,27.8,KTC,Finance,2646.449999999999
2021-08-17,188.96,103.23,292.19,85.73,29.76,KTC,Finance,2732.179999999999
2021-08-18,509.39,131.92,641.31,377.47,29.86,KTC,Finance,3109.6499999999987
2021-08-19,224.52,249.27,473.79,-24.75,30.81,KTC,Finance,3084.8999999999987
2021-08-20,294.44,137.56,432.0,156.87,33.44,KTC,Finance,3241.7699999999986
2021-08-23,808.26,349.1,1157.36,459.16,30.27,KTC,Finance,3700.9299999999985
2021-08-24,159.78,451.8,611.58,-292.01,36.98,KTC,Finance,3408.9199999999983
2021-08-25,152.22,223.08,375.3,-70.86,30.86,KTC,Finance,3338.059999999998
2021-08-26,236.97,174.4,411.37,62.57,29.41,KTC,Finance,3400.6299999999983
2021-08-27,270.51,151.96,422.47,118.55,21.05,KTC,Finance,3519.1799999999985
2021-08-30,135.74,155.4,291.14,-19.66,22.24,KTC,Finance,3499.5199999999986
2021-08-31,392.55,250.8,643.36,141.75,49.96,KTC,Finance,3641.2699999999986
2021-09-01,137.12,154.32,291.44,-17.2,36.1,KTC,Finance,3624.069999999999
2021-09-02,130.36,85.95,216.31,44.41,32.17,KTC,Finance,3668.4799999999987
2021-09-03,207.82,191.44,399.25,16.38,22.89,KTC,Finance,3684.8599999999988
2021-09-06,111.96,359.67,471.63,-247.71,34.65,KTC,Finance,3437.1499999999987
2021-09-07,238.32,268.81,507.13,-30.49,43.75,KTC,Finance,3406.659999999999
2021-09-08,125.7,191.16,316.86,-65.47,31.69,KTC,Finance,3341.189999999999
2021-09-09,113.41,140.45,253.87,-27.04,34.39,KTC,Finance,3314.149999999999
2021-09-10,198.44,188.94,387.39,9.5,40.75,KTC,Finance,3323.649999999999
2021-09-13,126.2,53.36,179.56,72.84,33.13,KTC,Finance,3396.4899999999993
2021-09-14,98.88,142.2,241.09,-43.32,35.66,KTC,Finance,3353.169999999999
2021-09-15,124.88,111.76,236.64,13.13,36.65,KTC,Finance,3366.2999999999993
2021-09-16,238.89,129.75,368.63,109.14,35.13,KTC,Finance,3475.439999999999
2021-09-17,252.91,406.9,659.81,-153.99,37.3,KTC,Finance,3321.449999999999
2021-09-20,120.56,165.3,285.86,-44.73,41.79,KTC,Finance,3276.719999999999
2021-09-21,144.3,70.72,215.02,73.58,10.46,KTC,Finance,3350.299999999999
2021-09-22,527.54,514.52,1042.06,13.02,30.14,KTC,Finance,3363.319999999999
2021-09-23,205.81,137.68,343.49,68.12,21.52,KTC,Finance,3431.4399999999987
2021-09-27,96.35,142.92,239.27,-46.57,23.73,KTC,Finance,3384.8699999999985
2021-09-28,117.41,133.76,251.16,-16.35,31.52,KTC,Finance,3368.5199999999986
2021-09-29,520.44,336.88,857.31,183.56,26.81,KTC,Finance,3552.0799999999986
2021-09-30,267.96,155.89,423.85,112.07,30.11,KTC,Finance,3664.1499999999987
2021-10-01,94.25,136.52,230.78,-42.27,28.14,KTC,Finance,3621.8799999999987
2021-10-04,119.3,181.63,300.93,-62.33,28.73,KTC,Finance,3559.549999999999
2021-10-05,152.25,92.26,244.51,59.99,34.52,KTC,Finance,3619.5399999999986
2021-10-06,62.75,140.01,202.75,-77.26,27.5,KTC,Finance,3542.2799999999984
2021-10-07,184.28,83.61,267.89,100.67,18.69,KTC,Finance,3642.9499999999985
2021-10-08,91.68,118.64,210.32,-26.97,28.01,KTC,Finance,3615.9799999999987
2021-10-11,63.48,126.61,190.09,-63.13,19.44,KTC,Finance,3552.8499999999985
2021-10-12,67.31,75.92,143.23,-8.61,29.01,KTC,Finance,3544.2399999999984
2021-10-14,54.68,87.92,142.6,-33.24,35.83,KTC,Finance,3510.9999999999986
2021-10-15,64.32,78.19,142.51,-13.87,33.88,KTC,Finance,3497.1299999999987
2021-10-18,224.59,457.3,681.89,-232.7,25.66,KTC,Finance,3264.429999999999
2021-10-19,213.75,216.01,429.76,-2.26,34.38,KTC,Finance,3262.1699999999987
2021-10-20,132.35,125.79,258.14,6.55,14.28,KTC,Finance,3268.719999999999
2021-10-21,323.29,221.43,544.72,101.86,16.42,KTC,Finance,3370.579999999999
2021-10-25,66.54,157.51,224.05,-90.97,25.12,KTC,Finance,3279.609999999999
2021-10-26,117.94,207.94,325.87,-90.0,16.81,KTC,Finance,3189.609999999999
2021-10-27,91.07,92.41,183.48,-1.34,32.06,KTC,Finance,3188.269999999999
2021-10-28,137.19,87.67,224.86,49.51,22.9,KTC,Finance,3237.7799999999993
2021-10-29,255.57,200.02,455.59,55.55,32.29,KTC,Finance,3293.3299999999995
2021-11-01,123.26,250.79,374.05,-127.52,33.56,KTC,Finance,3165.8099999999995
2021-11-02,85.48,81.19,166.67,4.29,34.62,KTC,Finance,3170.0999999999995
2021-11-03,183.49,98.52,282.01,84.97,36.32,KTC,Finance,3255.0699999999993
2021-11-04,422.59,158.87,581.46,263.72,31.67,KTC,Finance,3518.789999999999
2021-11-05,65.14,62.66,127.8,2.49,23.98,KTC,Finance,3521.279999999999
2021-11-08,121.94,102.81,224.75,19.12,30.14,KTC,Finance,3540.3999999999987
2021-11-09,110.85,74.4,185.25,36.46,27.14,KTC,Finance,3576.8599999999988
2021-11-10,87.42,360.73,448.15,-273.31,32.28,KTC,Finance,3303.549999999999
2021-11-11,89.09,113.17,202.26,-24.08,29.46,KTC,Finance,3279.469999999999
2021-11-12,187.05,48.87,235.92,138.17,27.3,KTC,Finance,3417.639999999999
2021-11-15,69.43,74.31,143.74,-4.89,23.9,KTC,Finance,3412.749999999999
2021-11-16,204.26,38.87,243.13,165.39,34.44,KTC,Finance,3578.139999999999
2021-11-17,341.7,322.14,663.84,19.56,31.64,KTC,Finance,3597.699999999999
2021-11-18,90.97,165.97,256.94,-75.0,35.8,KTC,Finance,3522.699999999999
2021-11-19,170.8,213.68,384.47,-42.88,41.02,KTC,Finance,3479.819999999999
2021-11-22,88.11,91.14,179.25,-3.03,35.13,KTC,Finance,3476.7899999999986
2021-11-23,95.96,180.88,276.84,-84.92,33.61,KTC,Finance,3391.8699999999985
2021-11-24,190.83,107.84,298.67,83.0,34.17,KTC,Finance,3474.8699999999985
2021-11-25,60.95,107.09,168.04,-46.14,40.25,KTC,Finance,3428.7299999999987
2021-11-26,96.23,234.55,330.78,-138.32,29.96,KTC,Finance,3290.4099999999985
2021-11-29,120.67,196.09,316.76,-75.42,23.43,KTC,Finance,3214.9899999999984
2021-11-30,419.52,521.67,941.18,-102.15,53.89,KTC,Finance,3112.8399999999983
2021-12-01,91.93,134.21,226.14,-42.29,29.06,KTC,Finance,3070.5499999999984
2021-12-02,99.02,171.65,270.67,-72.64,31.61,KTC,Finance,2997.9099999999985
2021-12-03,43.21,88.74,131.95,-45.53,26.09,KTC,Finance,2952.3799999999983
2021-12-07,101.42,92.79,194.21,8.63,25.08,KTC,Finance,2961.0099999999984
2021-12-08,262.52,117.57,380.09,144.95,37.13,KTC,Finance,3105.959999999998
2021-12-09,103.4,69.28,172.68,34.13,35.59,KTC,Finance,3140.0899999999983
2021-12-13,82.84,56.3,139.14,26.54,42.71,KTC,Finance,3166.6299999999983
2021-12-14,104.71,76.21,180.92,28.5,43.33,KTC,Finance,3195.1299999999983
2021-12-15,109.23,75.82,185.05,33.41,36.4,KTC,Finance,3228.539999999998
2021-12-16,142.64,88.41,231.05,54.23,50.34,KTC,Finance,3282.769999999998
2021-12-17,167.65,77.51,245.16,90.14,49.78,KTC,Finance,3372.909999999998
2021-12-20,52.76,95.88,148.64,-43.11,34.64,KTC,Finance,3329.799999999998
2021-12-21,90.9,58.99,149.89,31.9,34.85,KTC,Finance,3361.699999999998
2021-12-22,17.52,12.69,30.21,4.83,29.4,KTC,Finance,3366.529999999998
2021-12-23,116.57,61.78,178.35,54.78,36.92,KTC,Finance,3421.309999999998
2021-12-24,61.66,21.63,83.3,40.03,39.07,KTC,Finance,3461.3399999999983
2021-12-27,69.98,15.49,85.46,54.49,22.83,KTC,Finance,3515.829999999998
2021-12-28,177.81,74.75,252.56,103.07,30.32,KTC,Finance,3618.8999999999983
2021-12-29,349.23,128.16,477.39,221.07,30.19,KTC,Finance,3839.9699999999984
2021-12-30,171.08,158.86,329.94,12.22,38.44,KTC,Finance,3852.1899999999982
2022-01-04,133.52,239.23,372.74,-105.71,47.28,KTC,Finance,3746.479999999998
2022-01-05,123.56,175.15,298.71,-51.59,30.47,KTC,Finance,3694.889999999998
2022-01-06,141.11,200.7,341.81,-59.59,37.88,KTC,Finance,3635.299999999998
2022-01-07,174.39,220.88,395.27,-46.49,31.56,KTC,Finance,3588.809999999998
2022-01-10,215.38,152.49,367.87,62.89,35.54,KTC,Finance,3651.699999999998
2022-01-11,84.52,104.11,188.63,-19.6,34.82,KTC,Finance,3632.099999999998
2022-01-12,132.42,86.73,219.15,45.69,17.44,KTC,Finance,3677.789999999998
2022-01-13,211.28,185.76,397.04,25.52,35.59,KTC,Finance,3703.309999999998
2022-01-14,133.8,168.54,302.34,-34.74,29.31,KTC,Finance,3668.5699999999983
2022-01-17,67.33,148.55,215.87,-81.22,32.15,KTC,Finance,3587.3499999999985
2022-01-18,128.44,236.95,365.39,-108.51,32.26,KTC,Finance,3478.8399999999983
2022-01-19,123.75,201.37,325.12,-77.61,28.44,KTC,Finance,3401.229999999998
2022-01-20,67.35,127.79,195.14,-60.44,25.09,KTC,Finance,3340.789999999998
2022-01-21,434.65,304.24,738.89,130.4,39.82,KTC,Finance,3471.1899999999982
2022-01-24,121.69,113.28,234.97,8.42,32.83,KTC,Finance,3479.6099999999983
2022-01-25,62.05,52.1,114.14,9.95,29.79,KTC,Finance,3489.559999999998
2022-01-26,69.69,70.03,139.73,-0.34,30.59,KTC,Finance,3489.219999999998
2022-01-27,183.9,345.43,529.33,-161.53,28.75,KTC,Finance,3327.689999999998
2022-01-28,64.36,157.8,222.16,-93.44,35.47,KTC,Finance,3234.2499999999977
2022-01-31,161.01,46.24,207.24,114.77,36.31,KTC,Finance,3349.0199999999977
2022-02-01,323.46,109.23,432.68,214.23,37.04,KTC,Finance,3563.2499999999977
2022-02-02,545.81,209.65,755.46,336.16,20.04,KTC,Finance,3899.4099999999976
2022-02-03,510.63,366.89,877.52,143.74,19.03,KTC,Finance,4043.149999999998
2022-02-04,207.9,171.48,379.38,36.42,22.73,KTC,Finance,4079.569999999998
2022-02-07,175.45,182.86,358.31,-7.42,27.31,KTC,Finance,4072.149999999998
2022-02-08,222.77,200.08,422.86,22.69,33.92,KTC,Finance,4094.839999999998
2022-02-09,298.88,279.68,578.56,19.19,38.04,KTC,Finance,4114.029999999998
2022-02-10,208.05,211.57,419.62,-3.51,36.52,KTC,Finance,4110.519999999998
2022-02-11,107.66,118.85,226.51,-11.19,34.2,KTC,Finance,4099.329999999998
2022-02-14,279.33,161.84,441.17,117.49,36.38,KTC,Finance,4216.819999999998
2022-02-15,136.37,151.16,287.53,-14.79,35.82,KTC,Finance,4202.029999999998
2022-02-17,168.07,139.76,307.83,28.31,27.08,KTC,Finance,4230.339999999998
2022-02-18,65.13,66.79,131.92,-1.66,25.74,KTC,Finance,4228.6799999999985
2022-02-21,240.05,89.0,329.05,151.05,31.63,KTC,Finance,4379.729999999999
2022-02-22,138.3,96.0,234.3,42.3,41.8,KTC,Finance,4422.029999999999
2022-02-23,82.4,54.74,137.13,27.66,33.53,KTC,Finance,4449.689999999999
2022-02-24,113.16,94.8,207.96,18.36,35.53,KTC,Finance,4468.049999999998
2022-02-25,58.56,98.03,156.58,-39.47,32.14,KTC,Finance,4428.579999999998
2022-02-28,225.97,115.03,341.0,110.93,36.91,KTC,Finance,4539.509999999998
2022-03-01,80.48,51.0,131.48,29.48,41.64,KTC,Finance,4568.989999999998
2022-03-02,58.78,152.96,211.74,-94.18,34.73,KTC,Finance,4474.809999999998
2022-03-03,51.46,93.4,144.86,-41.93,36.77,KTC,Finance,4432.879999999997
2022-03-04,102.24,134.67,236.91,-32.44,40.95,KTC,Finance,4400.439999999998
2022-03-07,84.77,263.49,348.26,-178.72,33.1,KTC,Finance,4221.7199999999975
2022-03-08,164.03,186.68,350.71,-22.65,29.41,KTC,Finance,4199.069999999998
2022-03-09,142.0,101.63,243.63,40.37,28.91,KTC,Finance,4239.439999999998
2022-03-10,71.65,58.05,129.7,13.61,29.1,KTC,Finance,4253.049999999997
2022-03-11,86.54,105.82,192.36,-19.29,34.35,KTC,Finance,4233.7599999999975
2022-03-14,51.48,113.72,165.2,-62.23,38.22,KTC,Finance,4171.529999999998
2022-03-15,68.01,89.18,157.19,-21.17,27.46,KTC,Finance,4150.359999999998
2022-03-16,208.19,91.79,299.99,116.4,31.32,KTC,Finance,4266.7599999999975
2022-03-17,193.6,113.06,306.66,80.54,18.09,KTC,Finance,4347.299999999997
2022-03-18,122.47,233.83,356.3,-111.36,29.05,KTC,Finance,4235.939999999998
2022-03-21,71.84,172.53,244.37,-100.69,38.95,KTC,Finance,4135.249999999998
2022-03-22,109.93,174.4,284.34,-64.47,31.89,KTC,Finance,4070.7799999999984
2022-03-23,54.2,86.58,140.78,-32.38,25.81,KTC,Finance,4038.3999999999983
2022-03-24,41.05,58.81,99.86,-17.75,29.49,KTC,Finance,4020.6499999999983
2022-03-25,46.71,115.24,161.95,-68.52,36.89,KTC,Finance,3952.1299999999983
2022-03-28,100.55,181.94,282.49,-81.38,25.64,KTC,Finance,3870.749999999998
2022-03-29,204.06,91.14,295.21,112.92,39.66,KTC,Finance,3983.6699999999983
2022-03-30,427.58,108.45,536.04,319.13,35.34,KTC,Finance,4302.799999999998
2022-03-31,138.91,108.42,247.34,30.49,28.73,KTC,Finance,4333.289999999998
2022-04-01,51.85,41.71,93.56,10.14,41.17,KTC,Finance,4343.4299999999985
2022-04-04,40.94,20.93,61.87,20.01,40.98,KTC,Finance,4363.439999999999
2022-04-05,94.44,107.07,201.51,-12.64,48.4,KTC,Finance,4350.799999999998
2022-04-07,117.8,148.56,266.36,-30.76,41.82,KTC,Finance,4320.039999999998
2022-04-08,84.82,132.25,217.07,-47.43,41.59,KTC,Finance,4272.609999999998
2022-04-11,78.58,104.24,182.82,-25.66,42.23,KTC,Finance,4246.949999999998
2022-04-12,69.74,107.12,176.86,-37.37,33.78,KTC,Finance,4209.579999999998
2022-04-18,189.26,246.89,436.15,-57.63,19.84,KTC,Finance,4151.949999999998
2022-04-19,40.64,61.44,102.08,-20.8,34.97,KTC,Finance,4131.149999999998
2022-04-20,66.97,98.84,165.81,-31.87,34.15,KTC,Finance,4099.279999999998
2022-04-21,57.15,84.98,142.12,-27.83,40.21,KTC,Finance,4071.449999999998
2022-04-22,153.32,259.12,412.44,-105.8,49.43,KTC,Finance,3965.649999999998
2022-04-25,89.45,80.09,169.54,9.36,34.61,KTC,Finance,3975.009999999998
2022-04-26,68.74,101.8,170.54,-33.06,39.84,KTC,Finance,3941.949999999998
2022-04-27,185.74,214.94,400.68,-29.19,46.41,KTC,Finance,3912.759999999998
2022-04-28,74.16,80.02,154.18,-5.87,46.24,KTC,Finance,3906.889999999998
2022-04-29,197.69,278.11,475.8,-80.43,50.17,KTC,Finance,3826.459999999998
2022-05-03,112.59,168.3,280.89,-55.7,53.47,KTC,Finance,3770.7599999999984
2022-05-05,40.56,66.13,106.69,-25.58,43.53,KTC,Finance,3745.1799999999985
2022-05-06,451.65,306.36,758.01,145.29,40.7,KTC,Finance,3890.4699999999984
2022-05-09,251.58,250.98,502.56,0.61,71.17,KTC,Finance,3891.0799999999986
2022-05-10,184.12,163.53,347.65,20.59,63.11,KTC,Finance,3911.6699999999987
2022-05-11,189.05,172.72,361.76,16.33,57.01,KTC,Finance,3927.9999999999986
2022-05-12,166.7,139.89,306.59,26.81,45.97,KTC,Finance,3954.8099999999986
2022-05-13,194.4,139.55,333.96,54.85,63.16,KTC,Finance,4009.6599999999985
2022-05-17,207.82,262.43,470.25,-54.6,57.07,KTC,Finance,3955.0599999999986
2022-05-18,260.24,125.82,386.06,134.42,22.22,KTC,Finance,4089.4799999999987
2022-05-19,127.92,642.32,770.23,-514.4,46.12,KTC,Finance,3575.0799999999986
2022-05-20,130.45,116.59,247.05,13.86,45.79,KTC,Finance,3588.9399999999987
2022-05-23,125.86,105.39,231.25,20.46,40.69,KTC,Finance,3609.3999999999987
2022-05-24,112.11,126.54,238.65,-14.43,46.85,KTC,Finance,3594.969999999999
2022-05-25,196.8,190.8,387.61,6.0,51.62,KTC,Finance,3600.969999999999
2022-05-26,490.19,480.94,971.13,9.25,55.77,KTC,Finance,3610.219999999999
2022-05-27,175.82,230.61,406.43,-54.79,53.44,KTC,Finance,3555.429999999999
2022-05-30,168.97,196.38,365.35,-27.41,58.36,KTC,Finance,3528.019999999999
2022-05-31,567.13,819.58,1386.71,-252.45,64.06,KTC,Finance,3275.5699999999993
2022-06-01,126.91,120.31,247.22,6.6,34.57,KTC,Finance,3282.169999999999
2022-06-02,63.1,97.77,160.87,-34.68,34.88,KTC,Finance,3247.4899999999993
2022-06-06,45.47,51.18,96.66,-5.71,38.94,KTC,Finance,3241.7799999999993
2022-06-07,35.63,73.18,108.81,-37.54,36.2,KTC,Finance,3204.2399999999993
2022-06-08,35.71,48.3,84.01,-12.59,39.6,KTC,Finance,3191.649999999999
2022-06-09,49.38,66.82,116.2,-17.44,38.38,KTC,Finance,3174.209999999999
2022-06-10,81.75,91.03,172.78,-9.29,31.98,KTC,Finance,3164.919999999999
2022-06-13,105.81,164.09,269.89,-58.28,48.26,KTC,Finance,3106.639999999999
2022-06-14,48.38,93.97,142.35,-45.59,17.75,KTC,Finance,3061.049999999999
2022-06-15,110.85,59.29,170.14,51.56,28.87,KTC,Finance,3112.6099999999988
2022-06-16,135.45,181.5,316.95,-46.05,33.74,KTC,Finance,3066.5599999999986
2022-06-17,110.75,124.86,235.6,-14.11,33.43,KTC,Finance,3052.4499999999985
2022-06-20,36.09,46.84,82.94,-10.75,38.47,KTC,Finance,3041.6999999999985
2022-06-21,40.17,55.83,96.01,-15.66,19.54,KTC,Finance,3026.0399999999986
2022-06-22,62.89,106.13,169.02,-43.24,19.87,KTC,Finance,2982.799999999999
2022-06-23,82.84,64.89,147.73,17.95,36.7,KTC,Finance,3000.7499999999986
2022-06-24,79.36,30.54,109.9,48.82,34.19,KTC,Finance,3049.569999999999
2022-06-27,66.82,67.5,134.32,-0.68,33.34,KTC,Finance,3048.889999999999
2022-06-28,97.38,43.61,140.99,53.76,36.53,KTC,Finance,3102.649999999999
2022-06-29,72.33,56.68,129.02,15.65,51.33,KTC,Finance,3118.2999999999993
2022-06-30,168.41,66.65,235.06,101.76,33.48,KTC,Finance,3220.0599999999995
2022-07-01,108.15,62.22,170.37,45.93,25.1,KTC,Finance,3265.9899999999993
2022-07-04,120.05,61.04,181.09,59.01,35.73,KTC,Finance,3324.9999999999995
2022-07-05,172.97,162.48,335.45,10.49,16.76,KTC,Finance,3335.4899999999993
2022-07-06,193.77,95.84,289.62,97.93,39.48,KTC,Finance,3433.419999999999
2022-07-07,81.4,86.32,167.72,-4.92,37.72,KTC,Finance,3428.499999999999
2022-07-08,81.27,74.19,155.47,7.08,40.15,KTC,Finance,3435.579999999999
2022-07-11,32.75,34.11,66.86,-1.36,36.85,KTC,Finance,3434.219999999999
2022-07-12,143.48,50.69,194.17,92.79,20.85,KTC,Finance,3527.009999999999
2022-07-14,87.0,46.81,133.82,40.19,32.15,KTC,Finance,3567.199999999999
2022-07-15,80.26,73.81,154.07,6.45,34.33,KTC,Finance,3573.6499999999987
2022-07-18,174.69,56.43,231.13,118.26,30.05,KTC,Finance,3691.909999999999
2022-07-19,93.24,150.16,243.4,-56.92,24.02,KTC,Finance,3634.989999999999
2022-07-20,84.41,59.59,144.01,24.82,38.21,KTC,Finance,3659.809999999999
2022-07-21,278.21,130.91,409.11,147.3,42.8,KTC,Finance,3807.109999999999
2022-07-22,178.82,162.8,341.62,16.01,27.24,KTC,Finance,3823.1199999999994
2022-07-25,95.78,82.64,178.42,13.14,32.68,KTC,Finance,3836.2599999999993
2022-07-26,83.7,50.17,133.87,33.53,45.52,KTC,Finance,3869.7899999999995
2022-07-27,97.22,80.38,177.6,16.84,38.18,KTC,Finance,3886.6299999999997
2022-08-01,127.84,32.52,160.36,95.32,31.83,KTC,Finance,3981.95
2022-08-02,66.31,33.36,99.67,32.96,42.14,KTC,Finance,4014.91
2022-08-03,57.27,48.73,106.0,8.54,32.76,KTC,Finance,4023.45
2022-08-04,126.28,62.82,189.1,63.46,41.4,KTC,Finance,4086.91
2022-08-05,93.36,53.19,146.55,40.17,43.48,KTC,Finance,4127.08
2022-08-08,179.28,78.64,257.93,100.64,42.24,KTC,Finance,4227.72
2022-08-09,160.21,33.35,193.56,126.87,38.33,KTC,Finance,4354.59
2022-08-10,83.16,91.72,174.88,-8.55,44.94,KTC,Finance,4346.04
2022-08-11,135.06,40.34,175.39,94.72,26.53,KTC,Finance,4440.76
2022-08-15,171.67,73.35,245.02,98.33,22.02,KTC,Finance,4539.09
2022-08-16,226.09,86.87,312.96,139.21,38.64,KTC,Finance,4678.3
2022-08-17,140.03,96.4,236.42,43.63,20.32,KTC,Finance,4721.93
2022-08-18,64.92,45.36,110.28,19.56,46.86,KTC,Finance,4741.490000000001
2022-08-19,51.79,117.26,169.04,-65.47,34.37,KTC,Finance,4676.02
2022-08-22,121.53,158.96,280.49,-37.43,40.05,KTC,Finance,4638.59
2022-08-23,115.46,97.68,213.14,17.78,46.86,KTC,Finance,4656.37
2022-08-24,100.68,55.19,155.87,45.49,24.83,KTC,Finance,4701.86
2022-08-25,177.6,27.81,205.41,149.79,23.74,KTC,Finance,4851.65
2022-08-26,131.62,65.51,197.12,66.11,41.74,KTC,Finance,4917.759999999999
2022-08-29,46.28,157.5,203.78,-111.22,26.11,KTC,Finance,4806.539999999999
2022-08-30,64.16,103.2,167.36,-39.03,42.32,KTC,Finance,4767.509999999999
2022-08-31,224.94,121.49,346.43,103.45,34.8,KTC,Finance,4870.959999999999
2022-09-01,81.47,89.61,171.08,-8.15,33.42,KTC,Finance,4862.8099999999995
2022-09-02,42.29,126.36,168.65,-84.08,42.51,KTC,Finance,4778.73
2022-09-05,34.35,55.33,89.68,-20.97,33.22,KTC,Finance,4757.759999999999
2022-09-06,63.2,67.15,130.35,-3.96,50.0,KTC,Finance,4753.799999999999
2022-09-07,91.89,106.29,198.18,-14.4,25.25,KTC,Finance,4739.4
2022-09-08,84.25,64.6,148.86,19.65,23.34,KTC,Finance,4759.049999999999
2022-09-09,34.89,58.68,93.57,-23.79,26.96,KTC,Finance,4735.259999999999
2022-09-12,201.39,54.89,256.28,146.5,26.46,KTC,Finance,4881.759999999999
2022-09-13,100.1,58.84,158.94,41.26,41.32,KTC,Finance,4923.0199999999995
2022-09-14,61.89,51.38,113.27,10.52,42.99,KTC,Finance,4933.54
2022-09-15,94.11,176.89,271.0,-82.77,39.05,KTC,Finance,4850.7699999999995
2022-09-16,385.86,313.23,699.1,72.63,62.36,KTC,Finance,4923.4
2022-09-19,58.28,41.03,99.31,17.25,36.94,KTC,Finance,4940.65
2022-09-20,94.22,127.07,221.3,-32.85,40.95,KTC,Finance,4907.799999999999
2022-09-21,60.21,113.25,173.46,-53.04,43.42,KTC,Finance,4854.759999999999
2022-09-22,66.21,365.72,431.93,-299.51,47.07,KTC,Finance,4555.249999999999
2022-09-23,92.23,108.21,200.44,-15.97,35.88,KTC,Finance,4539.279999999999
2022-09-26,52.15,159.09,211.23,-106.94,41.77,KTC,Finance,4432.339999999999
2022-09-27,54.86,49.25,104.12,5.61,9.45,KTC,Finance,4437.949999999999
2022-09-28,125.74,162.87,288.61,-37.13,37.61,KTC,Finance,4400.819999999999
2022-09-29,129.14,215.91,345.05,-86.77,37.4,KTC,Finance,4314.049999999998
2022-09-30,82.88,91.41,174.29,-8.52,27.29,KTC,Finance,4305.529999999998
2022-10-03,64.77,73.6,138.37,-8.83,27.84,KTC,Finance,4296.699999999998
2022-10-04,49.0,105.2,154.2,-56.2,35.35,KTC,Finance,4240.499999999998
2022-10-05,48.24,49.8,98.03,-1.56,27.32,KTC,Finance,4238.939999999998
2022-10-06,138.29,110.8,249.09,27.49,41.63,KTC,Finance,4266.429999999998
2022-10-07,53.84,82.6,136.44,-28.76,40.98,KTC,Finance,4237.669999999997
2022-10-10,46.68,97.45,144.13,-50.77,30.91,KTC,Finance,4186.899999999997
2022-10-11,123.64,85.65,209.3,37.99,30.6,KTC,Finance,4224.889999999997
2022-10-12,26.88,38.0,64.89,-11.12,40.06,KTC,Finance,4213.769999999997
2022-10-17,176.37,128.57,304.94,47.81,52.67,KTC,Finance,4261.579999999997
2022-10-18,144.57,123.83,268.4,20.75,43.76,KTC,Finance,4282.329999999997
2022-10-19,88.15,99.07,187.21,-10.92,65.5,KTC,Finance,4271.409999999997
2022-10-20,70.27,163.04,233.31,-92.77,54.64,KTC,Finance,4178.639999999997
2022-10-21,104.29,146.14,250.42,-41.85,41.16,KTC,Finance,4136.789999999996
2022-10-25,62.94,48.09,111.03,14.85,32.53,KTC,Finance,4151.639999999997
2022-10-26,51.11,20.19,71.3,30.92,34.65,KTC,Finance,4182.559999999997
2022-10-27,86.05,18.96,105.01,67.09,23.12,KTC,Finance,4249.649999999997
2022-10-28,48.1,41.23,89.33,6.87,43.34,KTC,Finance,4256.519999999997
2022-10-31,106.81,26.33,133.14,80.49,34.27,KTC,Finance,4337.009999999997
2022-11-01,43.62,54.46,98.08,-10.84,31.36,KTC,Finance,4326.169999999996
2022-11-02,44.59,215.48,260.07,-170.89,18.25,KTC,Finance,4155.279999999996
2022-11-03,80.07,60.76,140.82,19.31,41.55,KTC,Finance,4174.5899999999965
2022-11-04,139.77,177.74,317.51,-37.97,46.02,KTC,Finance,4136.619999999996
2022-11-07,82.31,85.46,167.77,-3.15,47.87,KTC,Finance,4133.469999999997
2022-11-08,53.44,35.06,88.5,18.39,33.72,KTC,Finance,4151.859999999997
2022-11-09,67.89,80.37,148.27,-12.48,35.49,KTC,Finance,4139.379999999997
2022-11-10,47.33,39.95,87.29,7.38,37.7,KTC,Finance,4146.7599999999975
2022-11-11,167.92,69.45,237.37,98.47,31.14,KTC,Finance,4245.229999999998
2022-11-14,110.66,50.48,161.14,60.19,32.83,KTC,Finance,4305.419999999997
2022-11-15,109.38,37.27,146.66,72.11,37.15,KTC,Finance,4377.529999999997
2022-11-16,94.24,37.22,131.46,57.02,11.1,KTC,Finance,4434.549999999997
2022-11-17,54.66,76.39,131.05,-21.73,32.38,KTC,Finance,4412.819999999998
2022-11-18,81.98,68.24,150.22,13.75,47.77,KTC,Finance,4426.569999999998
2022-11-21,118.9,55.35,174.25,63.56,37.75,KTC,Finance,4490.129999999998
2022-11-22,75.54,27.34,102.88,48.2,46.25,KTC,Finance,4538.329999999998
2022-11-23,120.33,50.49,170.82,69.85,43.22,KTC,Finance,4608.1799999999985
2022-11-24,72.77,14.25,87.02,58.53,32.2,KTC,Finance,4666.709999999998
2022-11-25,129.32,31.57,160.89,97.75,43.15,KTC,Finance,4764.459999999998
2022-11-28,180.53,55.04,235.57,125.49,41.93,KTC,Finance,4889.949999999998
2022-11-29,133.7,115.19,248.9,18.51,47.15,KTC,Finance,4908.459999999998
2022-11-30,362.27,206.18,568.44,156.09,53.95,KTC,Finance,5064.549999999998
2022-12-01,269.66,208.44,478.1,61.21,35.55,KTC,Finance,5125.759999999998
2022-12-02,182.13,147.47,329.6,34.66,53.11,KTC,Finance,5160.419999999998
2022-12-06,221.33,118.56,339.89,102.76,52.3,KTC,Finance,5263.1799999999985
2022-12-07,78.65,98.48,177.13,-19.83,43.22,KTC,Finance,5243.3499999999985
2022-12-08,105.13,86.45,191.58,18.68,40.77,KTC,Finance,5262.029999999999
2022-12-09,192.89,174.71,367.6,18.18,37.44,KTC,Finance,5280.209999999999
2022-12-13,171.05,146.79,317.84,24.26,55.31,KTC,Finance,5304.469999999999
2022-12-14,280.83,157.02,437.85,123.81,27.05,KTC,Finance,5428.28
2022-12-15,123.9,68.22,192.12,55.68,32.76,KTC,Finance,5483.96
2022-12-16,265.5,160.92,426.42,104.58,25.81,KTC,Finance,5588.54
2022-12-19,47.9,50.74,98.64,-2.84,30.38,KTC,Finance,5585.7
2022-12-20,103.51,206.93,310.44,-103.42,42.31,KTC,Finance,5482.28
2022-12-21,38.45,132.82,171.27,-94.37,36.24,KTC,Finance,5387.91
2022-12-22,35.68,49.11,84.79,-13.42,35.08,KTC,Finance,5374.49
2022-12-23,66.96,92.51,159.47,-25.55,36.45,KTC,Finance,5348.94
2022-12-26,35.94,100.08,136.02,-64.14,27.92,KTC,Finance,5284.799999999999
2022-12-27,111.34,53.46,164.8,57.88,41.65,KTC,Finance,5342.679999999999
2022-12-28,121.8,44.35,166.15,77.45,26.59,KTC,Finance,5420.129999999999
2022-12-29,200.03,50.46,250.49,149.56,28.78,KTC,Finance,5569.69
2022-12-30,211.72,91.05,302.77,120.67,24.03,KTC,Finance,5690.36
2023-01-03,110.62,233.87,344.5,-123.25,33.75,KTC,Finance,5567.11
2023-01-04,63.07,53.64,116.71,9.43,34.69,KTC,Finance,5576.54
2023-01-05,166.81,180.87,347.69,-14.06,33.81,KTC,Finance,5562.48
2023-01-06,92.7,69.93,162.63,22.78,49.18,KTC,Finance,5585.259999999999
2023-01-09,418.32,59.35,477.68,358.97,21.06,KTC,Finance,5944.23
2023-01-10,174.56,126.06,300.62,48.5,23.17,KTC,Finance,5992.73
2023-01-11,213.96,93.65,307.61,120.31,29.24,KTC,Finance,6113.04
2023-01-12,99.75,58.28,158.03,41.47,39.7,KTC,Finance,6154.51
2023-01-13,189.63,92.41,282.04,97.22,19.27,KTC,Finance,6251.7300000000005
2023-01-16,77.92,95.16,173.08,-17.24,45.26,KTC,Finance,6234.490000000001
2023-01-17,90.63,81.83,172.46,8.8,40.69,KTC,Finance,6243.290000000001
2023-01-18,47.53,71.66,119.19,-24.13,42.66,KTC,Finance,6219.160000000001
2023-01-19,43.73,33.48,77.21,10.25,28.86,KTC,Finance,6229.410000000001
2023-01-20,67.21,154.43,221.64,-87.21,35.58,KTC,Finance,6142.200000000001
2023-01-23,40.59,113.34,153.93,-72.76,34.08,KTC,Finance,6069.4400000000005
2023-01-24,97.42,167.78,265.2,-70.35,20.97,KTC,Finance,5999.09
2023-01-25,86.04,131.84,217.88,-45.8,30.75,KTC,Finance,5953.29
2023-01-26,77.26,188.85,266.11,-111.59,20.51,KTC,Finance,5841.7
2023-01-27,49.52,60.84,110.36,-11.32,33.33,KTC,Finance,5830.38
2023-01-30,49.86,149.68,199.54,-99.81,18.5,KTC,Finance,5730.57
2023-01-31,96.16,161.28,257.44,-65.12,48.74,KTC,Finance,5665.45
2023-02-01,112.13,234.3,346.43,-122.17,19.54,KTC,Finance,5543.28
2023-02-02,62.13,156.37,218.5,-94.24,25.2,KTC,Finance,5449.04
2023-02-03,59.85,60.55,120.4,-0.7,33.13,KTC,Finance,5448.34
2023-02-06,37.64,46.98,84.62,-9.34,45.7,KTC,Finance,5439.0
2023-02-07,152.99,205.79,358.78,-52.8,23.86,KTC,Finance,5386.2
2023-02-08,58.24,66.94,125.18,-8.71,20.64,KTC,Finance,5377.49
2023-02-09,42.61,66.87,109.49,-24.26,31.95,KTC,Finance,5353.23
2023-02-10,74.48,52.12,126.6,22.36,33.13,KTC,Finance,5375.589999999999
2023-02-13,63.31,113.6,176.91,-50.29,32.11,KTC,Finance,5325.299999999999
2023-02-14,44.93,75.8,120.73,-30.87,29.12,KTC,Finance,5294.429999999999
2023-02-15,89.71,268.01,357.72,-178.29,40.36,KTC,Finance,5116.139999999999
2023-02-16,286.33,231.97,518.3,54.36,67.65,KTC,Finance,5170.499999999999
2023-02-17,198.12,145.46,343.58,52.66,59.76,KTC,Finance,5223.159999999999
2023-02-20,141.7,105.94,247.63,35.76,58.2,KTC,Finance,5258.919999999999
2023-02-21,85.38,49.76,135.14,35.62,40.73,KTC,Finance,5294.539999999999
2023-02-22,76.27,78.46,154.73,-2.19,42.17,KTC,Finance,5292.349999999999
2023-02-23,85.83,91.45,177.28,-5.63,50.01,KTC,Finance,5286.719999999999
2023-02-24,83.38,141.1,224.48,-57.72,34.19,KTC,Finance,5228.999999999999
2023-02-27,100.76,122.31,223.07,-21.54,24.43,KTC,Finance,5207.459999999999
2023-02-28,557.5,318.31,875.81,239.19,67.59,KTC,Finance,5446.649999999999
2023-03-01,73.59,147.75,221.34,-74.16,35.72,KTC,Finance,5372.489999999999
2023-03-02,77.89,73.08,150.97,4.8,32.89,KTC,Finance,5377.289999999999
2023-03-03,77.38,121.57,198.95,-44.19,38.57,KTC,Finance,5333.099999999999
2023-03-07,162.61,71.56,234.17,91.05,21.93,KTC,Finance,5424.15
2023-03-08,105.54,128.03,233.58,-22.49,15.11,KTC,Finance,5401.66
2023-03-09,118.14,98.16,216.3,19.98,48.73,KTC,Finance,5421.639999999999
2023-03-10,115.97,100.5,216.47,15.47,31.86,KTC,Finance,5437.11
2023-03-13,84.39,122.81,207.2,-38.42,26.78,KTC,Finance,5398.69
2023-03-14,112.41,257.48,369.88,-145.07,35.64,KTC,Finance,5253.62
2023-03-15,94.23,116.29,210.53,-22.06,37.9,KTC,Finance,5231.5599999999995
2023-03-16,150.18,70.67,220.84,79.51,24.4,KTC,Finance,5311.07
2023-03-17,92.18,75.86,168.04,16.32,42.7,KTC,Finance,5327.389999999999
2023-03-20,51.95,140.54,192.49,-88.6,42.83,KTC,Finance,5238.789999999999
2023-03-21,47.21,78.51,125.72,-31.3,43.54,KTC,Finance,5207.489999999999
2023-03-22,21.83,65.34,87.18,-43.51,28.87,KTC,Finance,5163.979999999999
2023-03-23,63.12,26.74,89.85,36.38,29.46,KTC,Finance,5200.359999999999
2023-03-24,62.94,60.53,123.47,2.41,43.46,KTC,Finance,5202.769999999999
2023-03-27,14.43,74.49,88.91,-60.06,43.69,KTC,Finance,5142.709999999998
2023-03-28,99.46,118.97,218.43,-19.51,52.33,KTC,Finance,5123.199999999998
2023-03-29,47.51,58.58,106.1,-11.07,37.92,KTC,Finance,5112.129999999998
2023-03-30,30.66,59.7,90.35,-29.04,41.54,KTC,Finance,5083.089999999998
2023-03-31,84.29,76.7,161.0,7.59,61.98,KTC,Finance,5090.6799999999985
2023-04-03,41.25,51.75,93.0,-10.5,39.73,KTC,Finance,5080.1799999999985
2023-04-04,26.41,45.21,71.62,-18.8,33.67,KTC,Finance,5061.379999999998
2023-04-05,41.31,67.57,108.88,-26.27,30.35,KTC,Finance,5035.109999999998
2023-04-07,187.88,60.52,248.4,127.35,37.14,KTC,Finance,5162.459999999998
2023-04-10,102.52,105.24,207.76,-2.72,35.34,KTC,Finance,5159.739999999998
2023-04-11,55.61,45.07,100.68,10.54,41.24,KTC,Finance,5170.279999999998
2023-04-12,151.09,80.11,231.2,70.97,30.69,KTC,Finance,5241.249999999998
2023-04-17,177.1,169.03,346.13,8.07,28.17,KTC,Finance,5249.319999999998
2023-04-18,65.74,85.14,150.88,-19.4,35.88,KTC,Finance,5229.919999999998
2023-04-19,150.89,224.44,375.33,-73.55,34.01,KTC,Finance,5156.369999999998
2023-04-20,78.7,83.26,161.97,-4.56,45.9,KTC,Finance,5151.809999999998
2023-04-21,46.5,119.37,165.87,-72.87,37.0,KTC,Finance,5078.939999999998
2023-04-24,39.8,51.86,91.65,-12.06,37.71,KTC,Finance,5066.879999999997
2023-04-25,58.73,53.05,111.79,5.68,39.63,KTC,Finance,5072.559999999998
2023-04-26,947.93,139.54,1087.47,808.4,49.26,KTC,Finance,5880.959999999997
2023-04-27,154.89,112.06,266.95,42.82,33.5,KTC,Finance,5923.779999999997
2023-04-28,110.59,101.51,212.1,9.08,26.74,KTC,Finance,5932.859999999997
2023-05-02,50.07,55.54,105.61,-5.48,36.24,KTC,Finance,5927.379999999997
2023-05-03,138.94,81.78,220.72,57.15,32.33,KTC,Finance,5984.529999999997
2023-05-08,115.72,170.41,286.13,-54.69,48.71,KTC,Finance,5929.839999999997
2023-05-09,148.11,131.25,279.36,16.85,58.33,KTC,Finance,5946.689999999998
2023-05-10,115.38,235.3,350.69,-119.92,38.38,KTC,Finance,5826.769999999998
2023-05-11,60.21,53.52,113.72,6.69,27.63,KTC,Finance,5833.459999999997
2023-05-12,167.15,177.43,344.59,-10.28,60.63,KTC,Finance,5823.179999999998
2023-05-15,86.48,83.23,169.7,3.25,43.65,KTC,Finance,5826.429999999998
2023-05-16,76.19,97.05,173.24,-20.87,53.37,KTC,Finance,5805.559999999998
2023-05-17,155.45,62.97,218.42,92.48,46.73,KTC,Finance,5898.039999999997
2023-05-18,294.25,101.65,395.9,192.6,29.15,KTC,Finance,6090.639999999998
2023-05-19,93.9,93.68,187.57,0.22,40.63,KTC,Finance,6090.859999999998
2023-05-22,74.29,131.79,206.09,-57.5,44.16,KTC,Finance,6033.359999999998
2023-05-23,70.53,109.33,179.87,-38.8,45.53,KTC,Finance,5994.559999999998
2023-05-24,155.51,103.56,259.07,51.95,38.42,KTC,Finance,6046.5099999999975
2023-05-25,110.83,159.91,270.73,-49.08,41.92,KTC,Finance,5997.429999999998
2023-05-26,99.49,95.43,194.92,4.06,45.26,KTC,Finance,6001.489999999998
2023-05-29,175.1,229.95,405.05,-54.85,55.47,KTC,Finance,5946.639999999998
2023-05-30,73.7,136.17,209.87,-62.48,49.24,KTC,Finance,5884.159999999998
2023-05-31,804.13,662.71,1466.84,141.41,64.04,KTC,Finance,6025.569999999998
2023-06-01,110.44,100.55,210.99,9.89,40.02,KTC,Finance,6035.459999999998
2023-06-02,244.23,191.85,436.07,52.38,53.72,KTC,Finance,6087.839999999998
2023-06-06,150.94,145.18,296.12,5.76,46.65,KTC,Finance,6093.5999999999985
2023-06-07,153.25,183.22,336.47,-29.97,61.58,KTC,Finance,6063.629999999998
2023-06-08,169.88,138.0,307.89,31.88,40.89,KTC,Finance,6095.509999999998
2023-06-09,48.4,67.41,115.81,-19.01,45.57,KTC,Finance,6076.499999999998
2023-06-12,41.16,49.26,90.42,-8.09,27.1,KTC,Finance,6068.409999999998
2023-06-13,28.96,27.3,56.26,1.66,26.52,KTC,Finance,6070.069999999998
2023-06-14,119.29,74.9,194.2,44.39,39.98,KTC,Finance,6114.459999999998
2023-06-15,140.62,148.73,289.36,-8.11,33.4,KTC,Finance,6106.3499999999985
2023-06-16,108.87,134.51,243.38,-25.64,46.38,KTC,Finance,6080.709999999998
2023-06-19,30.08,68.56,98.63,-38.48,39.33,KTC,Finance,6042.229999999999
2023-06-20,163.27,103.5,266.77,59.77,46.82,KTC,Finance,6101.999999999999
2023-06-21,119.29,115.37,234.66,3.92,60.12,KTC,Finance,6105.919999999999
2023-06-22,110.2,129.75,239.95,-19.54,53.39,KTC,Finance,6086.379999999999
2023-06-23,18.67,36.91,55.58,-18.24,30.15,KTC,Finance,6068.139999999999
2023-06-26,10.3,80.71,91.01,-70.41,31.92,KTC,Finance,5997.73
2023-06-27,117.4,24.8,142.19,92.6,31.45,KTC,Finance,6090.33
2023-06-28,147.66,74.81,222.47,72.86,26.25,KTC,Finance,6163.19
2023-06-29,50.4,59.32,109.73,-8.92,34.16,KTC,Finance,6154.2699999999995
2023-06-30,180.86,32.15,213.02,148.71,39.08,KTC,Finance,6302.98
2023-07-03,55.88,28.9,84.78,26.98,39.62,KTC,Finance,6329.959999999999
2023-07-04,73.86,55.55,129.41,18.3,13.86,KTC,Finance,6348.259999999999
2023-07-05,27.02,48.11,75.14,-21.09,48.69,KTC,Finance,6327.169999999999
2023-07-06,138.36,102.22,240.57,36.14,18.55,KTC,Finance,6363.3099999999995
2023-07-07,68.17,159.97,228.14,-91.8,29.93,KTC,Finance,6271.509999999999
2023-07-10,111.63,92.1,203.73,19.53,35.65,KTC,Finance,6291.039999999999
2023-07-11,83.16,87.41,170.56,-4.25,28.96,KTC,Finance,6286.789999999999
2023-07-12,401.27,902.21,1303.48,-500.94,17.83,KTC,Finance,5785.849999999999
2023-07-13,432.61,115.88,548.49,316.73,32.57,KTC,Finance,6102.58
2023-07-14,83.11,66.94,150.04,16.17,35.79,KTC,Finance,6118.75
2023-07-17,83.49,48.37,131.86,35.13,32.52,KTC,Finance,6153.88
2023-07-18,175.66,89.31,264.97,86.35,39.62,KTC,Finance,6240.2300000000005
2023-07-19,128.57,60.22,188.79,68.36,32.08,KTC,Finance,6308.59
2023-07-20,379.35,124.74,504.09,254.6,41.41,KTC,Finance,6563.1900000000005
2023-07-21,57.68,86.22,143.9,-28.54,27.14,KTC,Finance,6534.650000000001
2023-07-24,64.38,59.64,124.01,4.74,26.16,KTC,Finance,6539.39
2023-07-25,136.75,91.04,227.79,45.71,35.06,KTC,Finance,6585.1
2023-07-26,71.63,132.17,203.8,-60.54,53.29,KTC,Finance,6524.56
2023-07-27,233.31,237.81,471.12,-4.51,48.49,KTC,Finance,6520.05
2023-07-31,129.67,188.34,318.02,-58.67,55.94,KTC,Finance,6461.38
2023-08-02,247.1,180.07,427.17,67.03,44.76,KTC,Finance,6528.41
2023-08-03,19.89,55.5,75.39,-35.61,28.21,KTC,Finance,6492.8
2023-08-04,68.25,98.33,166.58,-30.08,42.98,KTC,Finance,6462.72
2023-08-07,90.2,149.63,239.82,-59.43,34.97,KTC,Finance,6403.29
2023-08-08,98.13,128.49,226.63,-30.36,51.82,KTC,Finance,6372.93
2023-08-09,114.9,167.52,282.41,-52.62,35.58,KTC,Finance,6320.31
2023-08-10,60.36,121.46,181.82,-61.09,28.12,KTC,Finance,6259.22
2023-08-11,84.19,159.32,243.51,-75.13,34.19,KTC,Finance,6184.09
2023-08-15,32.5,117.58,150.08,-85.08,40.42,KTC,Finance,6099.01
2023-08-16,35.67,99.8,135.46,-64.13,30.5,KTC,Finance,6034.88
2023-08-17,78.34,81.36,159.7,-3.02,29.38,KTC,Finance,6031.86
2023-08-18,78.32,87.47,165.79,-9.14,29.34,KTC,Finance,6022.719999999999
2023-08-21,51.13,55.21,106.33,-4.08,30.68,KTC,Finance,6018.639999999999
2023-08-22,44.37,50.31,94.68,-5.94,26.91,KTC,Finance,6012.7
2023-08-23,153.33,90.42,243.74,62.91,36.95,KTC,Finance,6075.61
2023-08-24,102.42,92.66,195.09,9.76,42.09,KTC,Finance,6085.37
2023-08-25,187.43,205.16,392.6,-17.73,57.51,KTC,Finance,6067.64
2023-08-28,142.85,182.5,325.35,-39.65,55.57,KTC,Finance,6027.990000000001
2023-08-29,111.18,144.29,255.47,-33.11,53.08,KTC,Finance,5994.880000000001
2023-08-30,131.05,146.85,277.9,-15.8,37.47,KTC,Finance,5979.080000000001
2023-08-31,121.88,104.66,226.54,17.22,47.67,KTC,Finance,5996.300000000001
2023-09-01,249.39,182.74,432.14,66.65,42.25,KTC,Finance,6062.950000000001
2023-09-04,89.38,69.69,159.08,19.69,32.39,KTC,Finance,6082.64
2023-09-05,19.96,22.46,42.42,-2.5,41.0,KTC,Finance,6080.14
2023-09-06,126.5,101.45,227.96,25.05,54.83,KTC,Finance,6105.1900000000005
2023-09-07,13.13,22.37,35.5,-9.24,42.6,KTC,Finance,6095.950000000001
2023-09-08,152.36,111.23,263.59,41.13,55.66,KTC,Finance,6137.080000000001
2023-09-11,31.13,47.91,79.04,-16.78,40.02,KTC,Finance,6120.300000000001
2023-09-12,21.23,30.3,51.52,-9.07,34.88,KTC,Finance,6111.230000000001
2023-09-13,51.19,61.97,113.16,-10.78,40.55,KTC,Finance,6100.450000000002
2023-09-14,76.9,68.49,145.39,8.41,50.07,KTC,Finance,6108.8600000000015
2023-09-15,80.6,59.51,140.12,21.09,50.77,KTC,Finance,6129.950000000002
2023-09-18,21.3,26.54,47.84,-5.24,45.6,KTC,Finance,6124.710000000002
2023-09-19,35.95,48.66,84.62,-12.71,28.24,KTC,Finance,6112.000000000002
2023-09-20,36.36,68.93,105.29,-32.57,27.46,KTC,Finance,6079.430000000002
2023-09-21,35.85,21.84,57.69,14.01,27.44,KTC,Finance,6093.440000000002
2023-09-22,34.81,48.21,83.02,-13.4,50.43,KTC,Finance,6080.040000000003
2023-09-25,26.93,80.35,107.28,-53.43,32.73,KTC,Finance,6026.610000000002
2023-09-26,41.27,87.4,128.67,-46.14,35.98,KTC,Finance,5980.470000000002
2023-09-27,40.85,36.21,77.06,4.65,43.68,KTC,Finance,5985.120000000002
2023-09-28,53.97,69.53,123.5,-15.55,50.81,KTC,Finance,5969.5700000000015
2023-09-29,77.79,31.62,109.41,46.17,16.05,KTC,Finance,6015.740000000002
2023-10-02,35.68,41.74,77.41,-6.06,29.82,KTC,Finance,6009.680000000001
2023-10-03,17.07,125.25,142.32,-108.19,42.99,KTC,Finance,5901.490000000002
2023-10-04,59.31,180.8,240.11,-121.48,32.26,KTC,Finance,5780.010000000002
2023-10-05,114.55,56.9,171.45,57.65,41.3,KTC,Finance,5837.660000000002
2023-10-06,58.4,71.21,129.61,-12.81,54.28,KTC,Finance,5824.850000000001
2023-10-09,51.77,36.66,88.43,15.11,50.42,KTC,Finance,5839.960000000001
2023-10-10,23.42,20.62,44.04,2.79,37.19,KTC,Finance,5842.750000000001
2023-10-11,87.87,72.62,160.49,15.24,33.12,KTC,Finance,5857.990000000001
2023-10-12,52.37,29.03,81.4,23.34,26.94,KTC,Finance,5881.330000000001
2023-10-16,39.21,24.39,63.6,14.82,37.53,KTC,Finance,5896.150000000001
2023-10-17,19.54,50.3,69.84,-30.76,36.12,KTC,Finance,5865.39
2023-10-18,37.84,77.65,115.49,-39.81,37.39,KTC,Finance,5825.58
2023-10-19,47.49,51.37,98.86,-3.88,26.9,KTC,Finance,5821.7
2023-10-20,45.9,34.64,80.54,11.26,50.41,KTC,Finance,5832.96
2023-10-24,53.41,74.93,128.34,-21.52,44.35,KTC,Finance,5811.44
2023-10-25,37.25,59.0,96.25,-21.75,43.22,KTC,Finance,5789.69
2023-10-26,35.6,72.38,107.98,-36.78,31.37,KTC,Finance,5752.91
2023-10-27,66.99,59.77,126.77,7.22,22.99,KTC,Finance,5760.13
2023-10-30,45.94,20.88,66.82,25.05,30.11,KTC,Finance,5785.18
2023-10-31,21.4,50.96,72.36,-29.57,22.88,KTC,Finance,5755.610000000001
2023-11-01,27.34,24.47,51.81,2.88,39.7,KTC,Finance,5758.490000000001
2023-11-02,93.39,38.17,131.57,55.22,27.06,KTC,Finance,5813.710000000001
2023-11-03,67.11,23.25,90.36,43.86,34.7,KTC,Finance,5857.570000000001
2023-11-06,87.25,82.6,169.85,4.64,53.58,KTC,Finance,5862.210000000001
2023-11-07,63.26,64.63,127.89,-1.36,39.98,KTC,Finance,5860.850000000001
2023-11-08,34.16,24.0,58.16,10.16,41.45,KTC,Finance,5871.010000000001
2023-11-09,41.75,34.56,76.31,7.19,32.28,KTC,Finance,5878.200000000001
2023-11-10,29.84,46.34,76.17,-16.5,22.8,KTC,Finance,5861.700000000001
2023-11-13,38.91,45.15,84.05,-6.24,37.06,KTC,Finance,5855.460000000001
2023-11-14,26.6,47.36,73.96,-20.76,31.16,KTC,Finance,5834.700000000001
2023-11-15,51.05,70.95,122.0,-19.9,17.6,KTC,Finance,5814.800000000001
2023-11-16,35.12,35.82,70.94,-0.7,34.44,KTC,Finance,5814.100000000001
2023-11-17,86.7,70.26,156.96,16.44,21.19,KTC,Finance,5830.540000000001
2023-11-20,30.38,130.27,160.65,-99.88,27.78,KTC,Finance,5730.660000000001
2023-11-21,86.92,104.36,191.28,-17.43,49.57,KTC,Finance,5713.2300000000005
2023-11-22,24.6,49.29,73.89,-24.69,40.11,KTC,Finance,5688.540000000001
2023-11-23,101.13,106.35,207.47,-5.22,54.75,KTC,Finance,5683.320000000001
2023-11-24,21.3,45.43,66.73,-24.13,37.06,KTC,Finance,5659.1900000000005
2023-11-27,38.21,58.69,96.9,-20.48,9.91,KTC,Finance,5638.710000000001
2023-11-28,47.0,53.62,100.62,-6.62,48.0,KTC,Finance,5632.090000000001
2023-11-29,62.87,47.98,110.85,14.89,21.64,KTC,Finance,5646.980000000001
2023-11-30,92.33,117.38,209.71,-25.05,51.46,KTC,Finance,5621.930000000001
2023-12-01,32.22,66.21,98.43,-33.99,26.54,KTC,Finance,5587.940000000001
2023-12-04,81.79,66.39,148.18,15.41,44.8,KTC,Finance,5603.350000000001
2023-12-06,126.76,118.01,244.77,8.75,40.66,KTC,Finance,5612.100000000001
2023-12-07,150.14,127.59,277.73,22.55,47.34,KTC,Finance,5634.6500000000015
2023-12-08,29.87,66.96,96.83,-37.09,42.57,KTC,Finance,5597.560000000001
2023-12-12,86.66,131.79,218.44,-45.13,38.19,KTC,Finance,5552.430000000001
2023-12-13,539.49,541.68,1081.17,-2.18,68.33,KTC,Finance,5550.250000000001
2023-12-14,114.78,92.64,207.42,22.15,55.05,KTC,Finance,5572.400000000001
2023-12-15,634.08,414.06,1048.13,220.02,63.52,KTC,Finance,5792.420000000001
2023-12-18,46.68,227.35,274.02,-180.67,40.7,KTC,Finance,5611.750000000001
2023-12-19,16.19,89.08,105.27,-72.89,39.3,KTC,Finance,5538.860000000001
2023-12-20,41.47,46.81,88.28,-5.35,28.74,KTC,Finance,5533.51
2023-12-21,40.42,59.52,99.94,-19.1,40.67,KTC,Finance,5514.41
2023-12-22,31.49,121.4,152.89,-89.91,36.3,KTC,Finance,5424.5
2023-12-25,35.17,46.48,81.66,-11.31,23.74,KTC,Finance,5413.19
2023-12-26,48.23,115.69,163.92,-67.45,22.9,KTC,Finance,5345.74
2023-12-27,45.82,144.17,189.98,-98.35,47.85,KTC,Finance,5247.389999999999
2023-12-28,77.25,166.33,243.58,-89.08,42.09,KTC,Finance,5158.3099999999995
2024-01-02,25.91,22.63,48.54,3.28,28.68,KTC,Finance,5161.589999999999
2024-01-03,13.41,35.66,49.08,-22.25,14.88,KTC,Finance,5139.339999999999
2024-01-04,29.02,23.46,52.49,5.56,33.36,KTC,Finance,5144.9
2024-01-05,7.81,72.05,79.86,-64.24,26.73,KTC,Finance,5080.66
2024-01-08,22.92,24.3,47.22,-1.38,28.07,KTC,Finance,5079.28
2024-01-09,26.49,60.08,86.57,-33.6,29.53,KTC,Finance,5045.679999999999
2024-01-10,19.84,34.82,54.66,-14.98,33.64,KTC,Finance,5030.7
2024-01-11,18.63,68.1,86.73,-49.47,29.84,KTC,Finance,4981.23
2024-01-12,32.19,64.26,96.45,-32.07,22.39,KTC,Finance,4949.16
2024-01-15,7.74,22.39,30.14,-14.65,26.64,KTC,Finance,4934.51
2024-01-16,27.41,49.75,77.16,-22.34,21.33,KTC,Finance,4912.17
2024-01-17,59.83,101.29,161.12,-41.46,34.67,KTC,Finance,4870.71
2024-01-18,45.51,59.23,104.74,-13.71,33.78,KTC,Finance,4857.0
2024-01-19,17.21,34.31,51.53,-17.1,23.12,KTC,Finance,4839.9
2024-01-22,18.74,65.49,84.23,-46.75,25.67,KTC,Finance,4793.15
2024-01-23,22.84,54.75,77.59,-31.91,34.98,KTC,Finance,4761.24
2024-01-24,44.71,45.01,89.72,-0.3,23.87,KTC,Finance,4760.94
2024-01-25,40.1,47.59,87.69,-7.48,35.41,KTC,Finance,4753.46
2024-01-26,49.33,45.81,95.14,3.52,18.76,KTC,Finance,4756.9800000000005
2024-01-29,24.06,31.3,55.37,-7.24,22.59,KTC,Finance,4749.740000000001
2024-01-30,52.93,31.76,84.69,21.17,12.45,KTC,Finance,4770.910000000001
2024-01-31,54.06,62.8,116.86,-8.74,48.74,KTC,Finance,4762.170000000001
2024-02-01,26.51,48.87,75.38,-22.36,23.18,KTC,Finance,4739.810000000001
2024-02-02,106.02,149.79,255.81,-43.76,55.51,KTC,Finance,4696.050000000001
2024-02-05,27.86,149.77,177.63,-121.91,41.63,KTC,Finance,4574.140000000001
2024-02-06,70.54,57.43,127.97,13.11,13.58,KTC,Finance,4587.250000000001
2024-02-07,38.91,42.94,81.85,-4.04,47.89,KTC,Finance,4583.210000000001
2024-02-08,11.68,38.57,50.25,-26.88,30.5,KTC,Finance,4556.330000000001
2024-02-09,21.76,19.67,41.43,2.1,48.89,KTC,Finance,4558.430000000001
2024-02-12,15.87,9.68,25.56,6.19,20.44,KTC,Finance,4564.620000000001
2024-02-13,12.82,13.31,26.13,-0.5,33.09,KTC,Finance,4564.120000000001
2024-02-14,9.54,33.24,42.78,-23.7,40.35,KTC,Finance,4540.420000000001
2024-02-15,13.1,32.61,45.7,-19.51,35.47,KTC,Finance,4520.910000000001
2024-02-16,23.3,23.12,46.42,0.18,33.13,KTC,Finance,4521.090000000001
2024-02-19,27.48,30.32,57.79,-2.84,13.71,KTC,Finance,4518.250000000001
2024-02-20,20.63,15.35,35.98,5.28,31.45,KTC,Finance,4523.530000000001
2024-02-21,94.75,50.54,145.3,44.21,32.06,KTC,Finance,4567.740000000001
2024-02-22,40.36,56.09,96.45,-15.73,28.06,KTC,Finance,4552.010000000001
2024-02-23,18.54,36.71,55.25,-18.17,30.29,KTC,Finance,4533.840000000001
2024-02-27,16.36,26.46,42.83,-10.1,33.66,KTC,Finance,4523.740000000001
2024-02-28,15.41,70.82,86.23,-55.4,30.76,KTC,Finance,4468.340000000001
2024-02-29,62.87,94.41,157.28,-31.55,33.26,KTC,Finance,4436.790000000001
2024-03-01,79.05,111.27,190.32,-32.21,37.28,KTC,Finance,4404.580000000001
2024-03-04,116.23,143.37,259.6,-27.15,49.08,KTC,Finance,4377.430000000001
2024-03-05,9.25,20.69,29.94,-11.45,32.24,KTC,Finance,4365.980000000001
2024-03-06,74.05,28.92,102.97,45.13,43.1,KTC,Finance,4411.1100000000015
2024-03-07,17.03,30.12,47.15,-13.1,30.73,KTC,Finance,4398.010000000001
2024-03-08,59.65,38.42,98.07,21.24,34.13,KTC,Finance,4419.250000000001
2024-03-11,25.23,15.45,40.68,9.79,21.84,KTC,Finance,4429.040000000001
2024-03-12,33.69,38.97,72.67,-5.28,20.99,KTC,Finance,4423.760000000001
2024-03-13,53.34,65.16,118.5,-11.82,15.34,KTC,Finance,4411.940000000001
2024-03-14,25.27,11.88,37.15,13.39,21.05,KTC,Finance,4425.330000000002
2024-03-15,149.35,44.14,193.48,105.21,34.69,KTC,Finance,4530.540000000002
2024-03-18,88.81,23.74,112.55,65.07,29.27,KTC,Finance,4595.6100000000015
2024-03-19,20.28,28.02,48.3,-7.75,38.34,KTC,Finance,4587.8600000000015
2024-03-20,48.87,17.57,66.43,31.3,36.69,KTC,Finance,4619.160000000002
2024-03-21,86.06,26.86,112.91,59.2,40.22,KTC,Finance,4678.3600000000015
2024-03-22,19.86,17.36,37.22,2.5,31.12,KTC,Finance,4680.8600000000015
2024-03-25,19.42,33.68,53.09,-14.26,44.91,KTC,Finance,4666.600000000001
2024-03-26,46.45,50.0,96.45,-3.56,30.78,KTC,Finance,4663.040000000001
2024-03-27,24.79,85.82,110.61,-61.02,23.93,KTC,Finance,4602.02
2024-03-28,69.35,71.67,141.02,-2.32,38.28,KTC,Finance,4599.700000000001
2024-03-29,23.7,25.25,48.96,-1.55,37.18,KTC,Finance,4598.150000000001
2024-04-01,17.96,14.5,32.46,3.46,43.58,KTC,Finance,4601.610000000001
2024-04-02,15.31,25.06,40.37,-9.75,48.32,KTC,Finance,4591.860000000001
2024-04-03,19.43,22.2,41.63,-2.77,44.54,KTC,Finance,4589.09
2024-04-04,41.78,182.35,224.13,-140.57,47.71,KTC,Finance,4448.52
2024-04-05,20.84,144.56,165.4,-123.72,38.3,KTC,Finance,4324.8
2024-04-09,77.62,88.35,165.97,-10.74,54.03,KTC,Finance,4314.06
2024-04-10,55.06,33.34,88.4,21.72,35.25,KTC,Finance,4335.780000000001
2024-04-11,7.74,48.13,55.88,-40.39,34.7,KTC,Finance,4295.39
2024-04-17,63.55,160.01,223.56,-96.46,32.56,KTC,Finance,4198.93
2024-04-18,43.71,82.39,126.11,-38.68,37.67,KTC,Finance,4160.25
2024-04-19,39.3,182.01,221.31,-142.71,35.22,KTC,Finance,4017.54
2024-04-22,78.34,175.48,253.82,-97.14,31.2,KTC,Finance,3920.4
2024-04-23,57.89,176.44,234.33,-118.55,30.67,KTC,Finance,3801.85
2024-04-24,38.75,109.5,148.25,-70.75,27.79,KTC,Finance,3731.1
2024-04-25,26.68,53.25,79.93,-26.57,44.74,KTC,Finance,3704.5299999999997
2024-04-26,42.02,97.55,139.57,-55.53,38.77,KTC,Finance,3648.9999999999995
2024-04-29,91.83,71.42,163.25,20.41,51.93,KTC,Finance,3669.4099999999994
2024-04-30,77.7,98.61,176.31,-20.91,42.87,KTC,Finance,3648.4999999999995
2024-05-02,18.87,65.96,84.83,-47.09,38.76,KTC,Finance,3601.4099999999994
2024-05-03,32.91,136.92,169.84,-104.01,7.47,KTC,Finance,3497.399999999999
2024-05-07,100.9,113.67,214.57,-12.77,48.66,KTC,Finance,3484.629999999999
2024-05-08,34.05,81.99,116.04,-47.93,50.28,KTC,Finance,3436.6999999999994
2024-05-09,34.72,159.13,193.85,-124.4,7.36,KTC,Finance,3312.2999999999993
2024-05-10,41.28,78.97,120.24,-37.69,32.57,KTC,Finance,3274.609999999999
2024-05-13,14.95,34.21,49.17,-19.26,28.49,KTC,Finance,3255.349999999999
2024-05-14,30.16,45.49,75.66,-15.33,31.11,KTC,Finance,3240.019999999999
2024-05-15,39.63,66.04,105.67,-26.41,36.71,KTC,Finance,3213.609999999999
2024-05-16,70.89,74.02,144.91,-3.14,48.98,KTC,Finance,3210.4699999999993
2024-05-17,76.69,311.84,388.52,-235.15,22.07,KTC,Finance,2975.3199999999993
2024-05-20,34.97,53.94,88.91,-18.98,41.87,KTC,Finance,2956.3399999999992
2024-05-21,23.81,73.8,97.61,-49.99,22.28,KTC,Finance,2906.3499999999995
2024-05-23,65.98,128.51,194.49,-62.53,41.04,KTC,Finance,2843.8199999999993
2024-05-24,26.01,36.87,62.88,-10.87,25.65,KTC,Finance,2832.9499999999994
2024-05-27,45.88,67.82,113.71,-21.94,27.96,KTC,Finance,2811.0099999999993
2024-05-28,92.03,107.81,199.84,-15.77,33.56,KTC,Finance,2795.2399999999993
2024-05-29,64.44,85.74,150.18,-21.3,29.08,KTC,Finance,2773.939999999999
2024-05-30,71.23,101.06,172.28,-29.83,27.09,KTC,Finance,2744.109999999999
2024-05-31,556.89,404.21,961.11,152.68,62.17,KTC,Finance,2896.789999999999
2024-06-04,83.45,256.58,340.03,-173.12,30.93,KTC,Finance,2723.669999999999
2024-06-05,83.46,278.91,362.37,-195.45,34.89,KTC,Finance,2528.2199999999993
2024-06-06,110.73,82.24,192.97,28.48,33.91,KTC,Finance,2556.6999999999994
2024-06-07,33.44,26.99,60.43,6.45,22.37,KTC,Finance,2563.149999999999
2024-06-10,60.8,38.79,99.59,22.01,36.61,KTC,Finance,2585.1599999999994
2024-06-11,73.31,109.96,183.26,-36.65,33.48,KTC,Finance,2548.5099999999993
2024-06-12,85.13,124.41,209.54,-39.28,44.27,KTC,Finance,2509.229999999999
2024-06-13,52.51,129.95,182.46,-77.45,17.4,KTC,Finance,2431.7799999999993
2024-06-14,88.93,208.92,297.85,-119.99,20.8,KTC,Finance,2311.7899999999995
2024-06-17,40.87,99.1,139.97,-58.24,41.83,KTC,Finance,2253.5499999999997
2024-06-18,38.1,27.09,65.19,11.02,19.77,KTC,Finance,2264.5699999999997
2024-06-19,90.75,255.14,345.89,-164.39,28.72,KTC,Finance,2100.18
2024-06-20,71.64,147.44,219.08,-75.8,36.92,KTC,Finance,2024.3799999999999
2024-06-21,93.01,119.85,212.86,-26.84,32.41,KTC,Finance,1997.54
2024-06-24,50.79,49.08,99.87,1.72,12.19,KTC,Finance,1999.26
2024-06-25,31.36,32.34,63.71,-0.98,33.75,KTC,Finance,1998.28
2024-06-26,46.45,83.34,129.79,-36.89,41.6,KTC,Finance,1961.3899999999999
2024-06-27,39.06,87.88,126.93,-48.82,38.36,KTC,Finance,1912.57
2024-06-28,68.36,104.11,172.47,-35.75,33.06,KTC,Finance,1876.82
2024-07-01,19.28,17.95,37.23,1.33,51.05,KTC,Finance,1878.1499999999999
2024-07-02,27.95,172.45,200.4,-144.5,25.37,KTC,Finance,1733.6499999999999
2024-07-03,43.04,99.73,142.77,-56.68,20.45,KTC,Finance,1676.9699999999998
2024-07-04,47.64,56.26,103.9,-8.63,21.89,KTC,Finance,1668.3399999999997
2024-07-05,87.12,92.09,179.21,-4.97,27.2,KTC,Finance,1663.3699999999997
2024-07-08,94.52,90.07,184.6,4.45,42.35,KTC,Finance,1667.8199999999997
2024-07-09,65.52,131.04,196.55,-65.52,38.34,KTC,Finance,1602.2999999999997
2024-07-10,25.33,33.7,59.03,-8.37,42.53,KTC,Finance,1593.9299999999998
2024-07-11,60.04,102.54,162.58,-42.49,21.32,KTC,Finance,1551.4399999999998
2024-07-12,32.43,8.42,40.85,24.01,21.0,KTC,Finance,1575.4499999999998
2024-07-15,21.52,43.25,64.77,-21.73,25.97,KTC,Finance,1553.7199999999998
2024-07-16,74.59,31.58,106.17,43.0,31.37,KTC,Finance,1596.7199999999998
2024-07-17,50.79,30.84,81.63,19.95,40.39,KTC,Finance,1616.6699999999998
2024-07-18,75.31,20.37,95.69,54.94,40.64,KTC,Finance,1671.61
2024-07-19,20.29,14.45,34.74,5.84,49.83,KTC,Finance,1677.4499999999998
2024-07-23,56.64,62.17,118.81,-5.53,55.97,KTC,Finance,1671.9199999999998
2024-07-24,30.17,21.45,51.62,8.72,38.87,KTC,Finance,1680.6399999999999
2024-07-25,31.61,23.33,54.94,8.28,40.65,KTC,Finance,1688.9199999999998
2024-07-26,51.77,14.86,66.63,36.91,37.78,KTC,Finance,1725.83
2024-07-30,52.4,53.1,105.5,-0.7,31.71,KTC,Finance,1725.1299999999999
2024-07-31,138.29,50.32,188.61,87.97,44.45,KTC,Finance,1813.1
2024-08-01,40.31,35.15,75.46,5.15,27.96,KTC,Finance,1818.25
2024-08-02,33.33,49.99,83.32,-16.66,38.9,KTC,Finance,1801.59
2024-08-05,94.4,51.59,145.99,42.82,50.69,KTC,Finance,1844.4099999999999
2024-08-06,38.04,41.51,79.55,-3.48,33.2,KTC,Finance,1840.9299999999998
2024-08-07,21.34,28.45,49.79,-7.12,34.6,KTC,Finance,1833.81
2024-08-08,38.58,18.11,56.69,20.47,40.64,KTC,Finance,1854.28
2024-08-09,33.89,37.5,71.39,-3.62,40.94,KTC,Finance,1850.66
2024-08-13,55.91,46.65,102.56,9.26,52.46,KTC,Finance,1859.92
2024-08-14,90.55,127.21,217.76,-36.65,49.47,KTC,Finance,1823.27
2024-08-15,31.15,22.05,53.2,9.1,44.41,KTC,Finance,1832.37
2024-08-16,35.45,62.96,98.41,-27.51,30.91,KTC,Finance,1804.86
2024-08-19,72.66,55.02,127.68,17.64,27.12,KTC,Finance,1822.5
2024-08-20,35.63,38.73,74.35,-3.1,39.49,KTC,Finance,1819.4
2024-08-21,73.07,30.79,103.86,42.28,34.47,KTC,Finance,1861.68
2024-08-22,80.8,56.13,136.93,24.67,28.05,KTC,Finance,1886.3500000000001
2024-08-23,121.61,48.79,170.4,72.82,31.14,KTC,Finance,1959.17
2024-08-26,64.03,72.01,136.04,-7.98,40.15,KTC,Finance,1951.19
2024-08-27,36.94,51.5,88.44,-14.56,25.86,KTC,Finance,1936.63
2024-08-28,17.99,20.46,38.45,-2.47,21.17,KTC,Finance,1934.16
2024-08-29,52.08,23.48,75.56,28.59,28.8,KTC,Finance,1962.75
2024-08-30,94.56,122.67,217.22,-28.11,51.24,KTC,Finance,1934.64
2024-09-02,96.85,84.42,181.27,12.44,26.72,KTC,Finance,1947.0800000000002
2024-09-03,73.46,62.92,136.38,10.54,28.06,KTC,Finance,1957.6200000000001
2024-09-04,41.23,39.92,81.15,1.31,27.52,KTC,Finance,1958.93
2024-09-05,127.47,68.38,195.85,59.09,22.65,KTC,Finance,2018.02
2024-09-06,376.93,108.05,484.98,268.88,21.6,KTC,Finance,2286.9
2024-09-09,122.04,85.6,207.64,36.44,29.09,KTC,Finance,2323.34
2024-09-10,64.66,73.81,138.47,-9.14,24.63,KTC,Finance,2314.2000000000003
2024-09-11,66.59,56.4,122.99,10.19,26.92,KTC,Finance,2324.3900000000003
2024-09-12,71.0,71.02,142.02,-0.02,26.63,KTC,Finance,2324.3700000000003
2024-09-13,103.97,91.4,195.37,12.56,25.25,KTC,Finance,2336.9300000000003
2024-09-16,69.53,75.08,144.62,-5.55,27.62,KTC,Finance,2331.38
2024-09-17,46.32,62.15,108.46,-15.83,17.86,KTC,Finance,2315.55
2024-09-18,121.95,37.1,159.05,84.84,32.99,KTC,Finance,2400.3900000000003
2024-09-19,158.53,42.52,201.04,116.01,21.51,KTC,Finance,2516.4000000000005
2024-09-20,163.94,214.98,378.91,-51.04,50.45,KTC,Finance,2465.3600000000006
2024-09-23,111.71,107.39,219.1,4.33,28.2,KTC,Finance,2469.6900000000005
2024-09-24,135.88,83.44,219.32,52.44,34.96,KTC,Finance,2522.1300000000006
2024-09-25,66.45,78.0,144.45,-11.55,26.41,KTC,Finance,2510.5800000000004
2024-09-26,57.31,86.82,144.13,-29.5,27.14,KTC,Finance,2481.0800000000004
2024-09-27,49.61,71.88,121.49,-22.26,22.71,KTC,Finance,2458.82
2024-09-30,45.96,93.07,139.03,-47.11,22.16,KTC,Finance,2411.71
2024-10-01,46.44,79.97,126.41,-33.53,20.35,KTC,Finance,2378.18
2024-10-02,27.16,45.23,72.39,-18.07,32.21,KTC,Finance,2360.1099999999997
2024-10-03,95.55,56.57,152.12,38.98,23.37,KTC,Finance,2399.0899999999997
2024-10-04,61.02,67.9,128.92,-6.89,28.14,KTC,Finance,2392.2
2024-10-07,74.41,42.14,116.55,32.26,28.23,KTC,Finance,2424.46
2024-10-08,42.04,36.2,78.24,5.84,39.15,KTC,Finance,2430.3
2024-10-09,21.92,32.51,54.43,-10.59,30.31,KTC,Finance,2419.71
2024-10-10,26.04,30.12,56.16,-4.08,44.51,KTC,Finance,2415.63
2024-10-11,50.13,47.55,97.68,2.58,32.78,KTC,Finance,2418.21
2024-10-15,182.04,59.01,241.05,123.02,42.28,KTC,Finance,2541.23
2024-10-16,182.06,48.99,231.05,133.06,25.4,KTC,Finance,2674.29
2024-10-17,63.55,49.34,112.9,14.21,22.84,KTC,Finance,2688.5
2024-10-18,64.08,37.94,102.02,26.14,31.09,KTC,Finance,2714.64
2024-10-21,59.43,65.35,124.78,-5.92,33.59,KTC,Finance,2708.72
2024-10-22,90.44,47.46,137.91,42.98,28.84,KTC,Finance,2751.7
2024-10-24,57.05,114.82,171.87,-57.77,20.41,KTC,Finance,2693.93
2024-10-25,51.65,34.16,85.81,17.5,22.72,KTC,Finance,2711.43
2024-10-28,38.06,51.61,89.67,-13.55,23.15,KTC,Finance,2697.8799999999997
2024-10-29,77.38,38.97,116.36,38.41,26.63,KTC,Finance,2736.2899999999995
2024-10-30,100.41,104.61,205.02,-4.2,22.85,KTC,Finance,2732.0899999999997
2024-10-31,73.41,72.38,145.79,1.03,36.15,KTC,Finance,2733.12
2024-11-01,38.07,38.92,76.99,-0.84,26.93,KTC,Finance,2732.2799999999997
2024-11-04,33.46,46.97,80.42,-13.51,30.48,KTC,Finance,2718.7699999999995
2024-11-05,39.81,47.49,87.29,-7.68,24.13,KTC,Finance,2711.0899999999997
2024-11-06,20.97,76.02,96.99,-55.05,20.9,KTC,Finance,2656.0399999999995
2024-11-07,44.19,50.25,94.44,-6.06,34.3,KTC,Finance,2649.9799999999996
2024-11-08,49.75,60.91,110.66,-11.15,34.01,KTC,Finance,2638.8299999999995
2024-11-11,39.46,52.32,91.78,-12.85,25.8,KTC,Finance,2625.9799999999996
2024-11-12,11.28,58.4,69.69,-47.12,20.51,KTC,Finance,2578.8599999999997
2024-11-13,26.26,22.53,48.78,3.73,26.82,KTC,Finance,2582.5899999999997
2024-11-14,27.97,45.33,73.3,-17.37,26.93,KTC,Finance,2565.22
2024-11-15,16.38,48.18,64.55,-31.8,10.95,KTC,Finance,2533.4199999999996
2024-11-18,26.83,23.73,50.56,3.1,33.28,KTC,Finance,2536.5199999999995
2024-11-19,48.35,23.24,71.59,25.11,17.0,KTC,Finance,2561.6299999999997
2024-11-20,41.92,26.23,68.16,15.69,18.99,KTC,Finance,2577.3199999999997
2024-11-21,47.73,41.26,88.99,6.48,44.48,KTC,Finance,2583.7999999999997
2024-11-22,91.37,34.02,125.39,57.36,35.03,KTC,Finance,2641.16
2024-11-25,107.32,110.92,218.24,-3.6,44.72,KTC,Finance,2637.56
2024-11-26,35.08,73.74,108.83,-38.66,40.23,KTC,Finance,2598.9
2024-11-27,48.45,61.21,109.66,-12.77,39.29,KTC,Finance,2586.13
2024-11-28,36.12,76.99,113.1,-40.87,43.58,KTC,Finance,2545.26
2024-11-29,93.22,68.98,162.2,24.24,65.05,KTC,Finance,2569.5
2024-12-02,49.7,48.33,98.04,1.37,35.13,KTC,Finance,2570.87
2024-12-03,54.8,56.07,110.87,-1.27,27.55,KTC,Finance,2569.6
2024-12-04,15.23,43.85,59.08,-28.61,36.67,KTC,Finance,2540.99
2024-12-06,34.9,31.59,66.49,3.32,43.02,KTC,Finance,2544.31
2024-12-09,37.02,30.99,68.01,6.03,47.95,KTC,Finance,2550.34
2024-12-11,89.74,40.06,129.8,49.68,43.34,KTC,Finance,2600.02
2024-12-12,44.08,30.07,74.16,14.01,28.08,KTC,Finance,2614.03
2024-12-13,6.96,14.73,21.69,-7.76,20.86,KTC,Finance,2606.27
2024-12-16,18.65,9.46,28.11,9.2,31.41,KTC,Finance,2615.47
2024-12-17,32.67,21.89,54.57,10.78,41.22,KTC,Finance,2626.25
2024-12-18,41.73,30.57,72.3,11.16,32.33,KTC,Finance,2637.41
2024-12-19,17.0,22.12,39.13,-5.12,39.25,KTC,Finance,2632.29
2024-12-20,80.27,105.57,185.84,-25.3,37.49,KTC,Finance,2606.99
2024-12-23,42.2,9.61,51.8,32.59,40.43,KTC,Finance,2639.58
2024-12-24,16.57,15.13,31.71,1.44,5.93,KTC,Finance,2641.02
2024-12-25,18.09,6.89,24.98,11.2,4.7,KTC,Finance,2652.22
2024-12-26,21.19,15.34,36.53,5.85,23.82,KTC,Finance,2658.0699999999997
2024-12-27,56.9,29.25,86.15,27.65,22.81,KTC,Finance,2685.72
2024-12-30,74.42,46.34,120.76,28.08,29.63,KTC,Finance,2713.7999999999997
2025-01-02,48.61,17.61,66.22,31.0,28.64,KTC,Finance,2744.7999999999997
2025-01-03,48.97,23.91,72.88,25.07,25.7,KTC,Finance,2769.87
2025-01-06,39.66,17.03,56.69,22.64,28.73,KTC,Finance,2792.5099999999998
2025-01-07,57.63,21.67,79.3,35.96,25.86,KTC,Finance,2828.47
2025-01-08,39.77,45.99,85.76,-6.21,32.79,KTC,Finance,2822.2599999999998
2025-01-09,36.25,43.79,80.04,-7.54,27.45,KTC,Finance,2814.72
2025-01-10,75.51,54.34,129.85,21.16,27.86,KTC,Finance,2835.8799999999997
2025-01-13,28.21,49.56,77.77,-21.35,30.2,KTC,Finance,2814.5299999999997
2025-01-14,66.46,52.61,119.07,13.85,12.77,KTC,Finance,2828.3799999999997
2025-01-15,69.71,31.01,100.72,38.7,20.53,KTC,Finance,2867.0799999999995
2025-01-16,44.09,28.61,72.69,15.48,10.67,KTC,Finance,2882.5599999999995
2025-01-17,48.1,33.95,82.05,14.16,45.02,KTC,Finance,2896.7199999999993
2025-01-20,38.65,32.46,71.12,6.19,13.22,KTC,Finance,2902.9099999999994
2025-01-21,136.69,43.27,179.96,93.42,11.44,KTC,Finance,2996.3299999999995
2025-01-22,84.79,31.73,116.53,53.06,14.1,KTC,Finance,3049.3899999999994
2025-01-23,24.2,38.41,62.6,-14.21,53.2,KTC,Finance,3035.1799999999994
2025-01-24,41.59,13.68,55.26,27.91,23.34,KTC,Finance,3063.0899999999992
2025-01-27,20.26,14.99,35.24,5.27,24.95,KTC,Finance,3068.359999999999
2025-01-28,64.25,29.23,93.48,35.01,17.66,KTC,Finance,3103.3699999999994
2025-01-29,17.57,7.12,24.68,10.45,22.94,KTC,Finance,3113.8199999999993
2025-01-30,42.43,37.01,79.44,5.41,32.06,KTC,Finance,3119.229999999999
2025-01-31,90.42,58.12,148.54,32.3,39.6,KTC,Finance,3151.5299999999993
2025-02-03,82.91,92.25,175.15,-9.34,38.42,KTC,Finance,3142.189999999999
2025-02-04,44.17,34.42,78.59,9.74,37.0,KTC,Finance,3151.929999999999
2025-02-05,44.85,61.03,105.88,-16.18,43.73,KTC,Finance,3135.749999999999
2025-02-06,60.52,57.15,117.67,3.37,38.32,KTC,Finance,3139.119999999999
2025-02-07,75.71,89.06,164.77,-13.34,34.69,KTC,Finance,3125.779999999999
2025-02-10,53.93,82.1,136.04,-28.17,31.01,KTC,Finance,3097.6099999999988
2025-02-11,76.76,30.93,107.69,45.83,24.65,KTC,Finance,3143.4399999999987
2025-02-13,78.26,52.75,131.01,25.51,31.56,KTC,Finance,3168.949999999999
2025-02-14,85.95,51.28,137.23,34.66,25.32,KTC,Finance,3203.6099999999988
2025-02-17,99.95,43.75,143.7,56.2,24.26,KTC,Finance,3259.8099999999986
2025-02-18,104.83,35.32,140.16,69.51,24.51,KTC,Finance,3329.319999999999
2025-02-19,146.06,64.49,210.55,81.57,23.67,KTC,Finance,3410.889999999999
2025-02-20,92.91,71.25,164.16,21.66,19.61,KTC,Finance,3432.549999999999
2025-02-21,139.55,27.19,166.74,112.35,17.37,KTC,Finance,3544.8999999999987
2025-02-24,60.52,53.29,113.81,7.23,18.25,KTC,Finance,3552.1299999999987
2025-02-25,103.43,101.91,205.34,1.51,20.57,KTC,Finance,3553.639999999999
2025-02-26,142.66,104.42,247.08,38.24,23.01,KTC,Finance,3591.8799999999987
2025-02-27,93.14,130.53,223.67,-37.39,21.31,KTC,Finance,3554.489999999999
2025-02-28,129.06,216.23,345.29,-87.18,34.19,KTC,Finance,3467.309999999999
2025-03-03,68.55,46.29,114.84,22.26,28.92,KTC,Finance,3489.5699999999993
2025-03-04,53.87,62.23,116.1,-8.36,40.01,KTC,Finance,3481.209999999999
2025-03-05,76.07,126.73,202.8,-50.65,36.99,KTC,Finance,3430.559999999999
2025-03-06,45.69,136.02,181.71,-90.33,33.24,KTC,Finance,3340.229999999999
2025-03-07,51.04,58.54,109.59,-7.5,32.98,KTC,Finance,3332.729999999999
2025-03-10,51.94,56.26,108.19,-4.32,34.73,KTC,Finance,3328.409999999999
2025-03-11,70.16,80.23,150.39,-10.08,31.11,KTC,Finance,3318.329999999999
2025-03-12,113.49,162.75,276.23,-49.26,31.93,KTC,Finance,3269.069999999999
2025-03-13,90.06,75.27,165.34,14.79,39.89,KTC,Finance,3283.8599999999988
2025-03-14,65.42,62.88,128.29,2.54,35.65,KTC,Finance,3286.3999999999987
2025-03-17,37.6,58.1,95.7,-20.5,28.99,KTC,Finance,3265.8999999999987
2025-03-18,41.72,42.64,84.35,-0.92,22.51,KTC,Finance,3264.9799999999987
2025-03-19,51.21,63.44,114.65,-12.24,31.85,KTC,Finance,3252.739999999999
2025-03-20,45.5,83.83,129.33,-38.33,29.51,KTC,Finance,3214.409999999999
2025-03-21,118.64,75.63,194.27,43.0,53.08,KTC,Finance,3257.409999999999
2025-03-24,86.84,40.47,127.31,46.38,20.24,KTC,Finance,3303.789999999999
2025-03-25,108.95,62.53,171.48,46.41,40.32,KTC,Finance,3350.199999999999
2025-03-26,34.74,40.93,75.67,-6.2,36.65,KTC,Finance,3343.999999999999
2025-03-27,28.03,47.03,75.06,-19.01,32.69,KTC,Finance,3324.989999999999
2025-03-28,21.7,42.21,63.9,-20.51,55.46,KTC,Finance,3304.4799999999987
2025-03-31,57.8,97.3,155.1,-39.5,42.69,KTC,Finance,3264.9799999999987
2025-04-01,32.84,31.9,64.73,0.94,42.11,KTC,Finance,3265.9199999999987
2025-04-02,51.89,60.22,112.1,-8.33,42.57,KTC,Finance,3257.589999999999
2025-04-03,76.02,70.39,146.41,5.63,42.93,KTC,Finance,3263.219999999999
2025-04-04,50.06,75.67,125.73,-25.61,46.06,KTC,Finance,3237.6099999999988
2025-04-08,104.38,118.48,222.86,-14.11,41.22,KTC,Finance,3223.4999999999986
2025-04-09,69.48,98.94,168.42,-29.45,52.95,KTC,Finance,3194.049999999999
2025-04-10,70.28,67.07,137.35,3.21,38.7,KTC,Finance,3197.259999999999
2025-04-11,48.88,48.3,97.18,0.58,39.98,KTC,Finance,3197.839999999999
2025-04-16,83.58,107.65,191.23,-24.08,34.99,KTC,Finance,3173.759999999999
2025-04-17,44.87,61.51,106.38,-16.63,32.0,KTC,Finance,3157.1299999999987
2025-04-18,34.92,32.36,67.28,2.55,36.84,KTC,Finance,3159.679999999999
2025-04-21,35.5,33.14,68.65,2.36,46.11,KTC,Finance,3162.039999999999
2025-04-22,40.8,19.58,60.38,21.22,27.55,KTC,Finance,3183.259999999999
2025-04-23,31.59,37.96,69.54,-6.37,29.03,KTC,Finance,3176.889999999999
2025-04-24,43.28,78.34,121.62,-35.06,37.47,KTC,Finance,3141.829999999999
2025-04-25,17.96,32.52,50.49,-14.56,25.73,KTC,Finance,3127.269999999999
2025-04-28,19.14,22.02,41.16,-2.88,31.65,KTC,Finance,3124.389999999999
2025-04-29,103.27,34.79,138.06,68.49,20.12,KTC,Finance,3192.8799999999987
2025-04-30,48.75,87.55,136.3,-38.8,22.51,KTC,Finance,3154.0799999999986
2025-05-02,35.97,40.99,76.96,-5.02,25.52,KTC,Finance,3149.0599999999986
2025-05-06,28.27,52.18,80.45,-23.92,36.1,KTC,Finance,3125.1399999999985
2025-05-07,71.82,73.98,145.81,-2.16,32.37,KTC,Finance,3122.9799999999987
2025-05-08,60.24,112.95,173.19,-52.71,44.78,KTC,Finance,3070.2699999999986
2025-05-09,46.89,118.42,165.31,-71.53,35.28,KTC,Finance,2998.7399999999984
2025-05-13,43.57,54.71,98.29,-11.14,33.13,KTC,Finance,2987.5999999999985
2025-05-14,166.3,172.75,339.05,-6.45,21.19,KTC,Finance,2981.1499999999987
2025-05-15,86.32,52.94,139.26,33.39,16.12,KTC,Finance,3014.5399999999986
2025-05-16,83.86,78.62,162.48,5.24,29.25,KTC,Finance,3019.7799999999984
2025-05-19,165.65,93.32,258.97,72.34,39.11,KTC,Finance,3092.1199999999985
2025-05-20,68.05,36.03,104.08,32.01,33.07,KTC,Finance,3124.1299999999987
2025-05-21,84.74,87.22,171.96,-2.48,53.49,KTC,Finance,3121.6499999999987
2025-05-22,160.6,130.98,291.58,29.62,49.5,KTC,Finance,3151.2699999999986
2025-05-23,139.77,70.08,209.85,69.7,36.63,KTC,Finance,3220.9699999999984
2025-05-26,162.3,111.57,273.88,50.73,43.43,KTC,Finance,3271.6999999999985
2025-05-27,218.69,141.2,359.89,77.49,37.27,KTC,Finance,3349.1899999999982
2025-05-28,425.19,150.81,576.0,274.38,44.22,KTC,Finance,3623.5699999999983
2025-05-29,281.3,87.74,369.05,193.56,43.42,KTC,Finance,3817.1299999999983
2025-05-30,2546.83,1165.06,3711.89,1381.76,43.53,KTC,Finance,5198.8899999999985
2025-06-04,381.62,439.35,820.97,-57.73,46.75,KTC,Finance,5141.159999999999
2025-06-05,186.78,189.79,376.57,-3.02,42.79,KTC,Finance,5138.1399999999985
2025-06-06,81.2,185.07,266.27,-103.87,37.16,KTC,Finance,5034.269999999999
2025-06-09,42.1,63.42,105.51,-21.32,41.8,KTC,Finance,5012.949999999999
2025-06-10,87.99,170.12,258.11,-82.13,26.06,KTC,Finance,4930.819999999999
2025-06-11,84.24,127.93,212.17,-43.69,32.17,KTC,Finance,4887.129999999999
2025-06-12,112.91,130.95,243.85,-18.04,32.26,KTC,Finance,4869.089999999999
2025-06-13,75.06,152.73,227.79,-77.67,26.6,KTC,Finance,4791.419999999999
2025-06-16,258.04,140.08,398.12,117.96,39.52,KTC,Finance,4909.379999999999
2025-06-17,62.47,102.03,164.5,-39.56,14.63,KTC,Finance,4869.819999999999
2025-06-18,75.54,135.8,211.34,-60.25,42.29,KTC,Finance,4809.569999999999
2025-06-19,63.52,106.89,170.41,-43.37,24.94,KTC,Finance,4766.199999999999
2025-06-20,433.16,80.29,513.45,352.88,39.93,KTC,Finance,5119.079999999999
2025-06-23,158.62,52.24,210.86,106.39,19.21,KTC,Finance,5225.469999999999
2025-06-24,31.91,0.0,31.92,31.91,9.92,KTC,Finance,5257.379999999999
2025-06-25,4255.74,2613.84,6869.58,1641.9,13.71,KTC,Finance,6899.279999999999
2025-06-26,836.73,672.89,1509.62,163.84,15.21,KTC,Finance,7063.119999999999
2025-06-27,782.75,543.85,1326.6,238.9,15.27,KTC,Finance,7302.019999999999
2025-06-30,1038.36,1485.6,2523.97,-447.24,12.54,KTC,Finance,6854.779999999999
2025-07-01,836.44,1297.65,2134.08,-461.21,30.15,KTC,Finance,6393.569999999999
2025-07-02,815.46,814.74,1630.2,0.72,25.84,KTC,Finance,6394.289999999999
2025-07-03,479.66,597.56,1077.22,-117.89,33.08,KTC,Finance,6276.399999999999
2025-07-04,334.61,572.14,906.75,-237.53,31.35,KTC,Finance,6038.869999999999
2025-07-07,388.74,622.51,1011.24,-233.77,26.47,KTC,Finance,5805.0999999999985
2025-07-08,317.3,225.46,542.76,91.84,32.36,KTC,Finance,5896.939999999999
2025-07-09,432.4,620.16,1052.56,-187.76,27.6,KTC,Finance,5709.1799999999985
2025-07-11,895.41,243.21,1138.61,652.2,28.77,KTC,Finance,6361.379999999998
2025-07-14,356.09,381.66,737.76,-25.57,19.55,KTC,Finance,6335.809999999999
2025-07-15,458.45,315.81,774.27,142.64,16.36,KTC,Finance,6478.449999999999
2025-07-16,203.95,597.01,800.96,-393.07,23.21,KTC,Finance,6085.379999999999
2025-07-17,530.23,390.11,920.34,140.11,21.97,KTC,Finance,6225.489999999999
2025-07-18,101.14,431.22,532.36,-330.07,14.31,KTC,Finance,5895.419999999999
2025-07-21,417.56,363.75,781.31,53.82,18.99,KTC,Finance,5949.239999999999
2025-07-22,343.48,392.42,735.91,-48.94,22.89,KTC,Finance,5900.299999999999
2025-07-23,247.15,143.07,390.22,104.08,16.76,KTC,Finance,6004.379999999999
2025-07-24,222.85,287.08,509.93,-64.24,17.4,KTC,Finance,5940.139999999999
2025-07-25,114.39,327.27,441.67,-212.88,18.04,KTC,Finance,5727.259999999999
2025-07-29,302.05,221.22,523.27,80.83,22.09,KTC,Finance,5808.089999999999
2025-07-30,232.46,148.22,380.68,84.24,24.47,KTC,Finance,5892.329999999999
2025-07-31,359.46,260.18,619.64,99.29,39.93,KTC,Finance,5991.619999999999
2025-08-01,197.1,232.86,429.95,-35.76,25.86,KTC,Finance,5955.859999999999
2025-08-04,112.23,151.01,263.25,-38.78,29.1,KTC,Finance,5917.079999999999
2025-08-05,587.04,426.56,1013.6,160.48,34.92,KTC,Finance,6077.559999999999
2025-08-06,665.62,508.11,1173.73,157.52,22.21,KTC,Finance,6235.079999999999
2025-08-07,287.68,583.54,871.23,-295.86,27.64,KTC,Finance,5939.219999999999
2025-08-08,275.52,542.2,817.73,-266.68,23.96,KTC,Finance,5672.539999999999
2025-08-13,177.19,399.11,576.3,-221.91,23.55,KTC,Finance,5450.629999999999
2025-08-14,152.14,247.79,399.92,-95.65,26.12,KTC,Finance,5354.98
2025-08-15,353.55,315.19,668.74,38.36,27.44,KTC,Finance,5393.339999999999
2025-08-18,121.07,249.58,370.65,-128.51,26.77,KTC,Finance,5264.829999999999
2025-08-19,181.93,147.49,329.42,34.44,32.66,KTC,Finance,5299.269999999999
2025-08-20,161.65,180.19,341.84,-18.55,30.6,KTC,Finance,5280.719999999998
2025-08-21,107.03,368.24,475.28,-261.21,30.24,KTC,Finance,5019.509999999998
2025-08-22,56.81,164.17,220.98,-107.36,25.14,KTC,Finance,4912.149999999999
2025-08-25,336.95,178.41,515.37,158.54,34.0,KTC,Finance,5070.689999999999
2025-08-26,669.89,982.96,1652.85,-313.07,63.75,KTC,Finance,4757.619999999999
2025-08-27,140.11,254.21,394.31,-114.1,27.14,KTC,Finance,4643.519999999999
2025-08-28,163.6,87.88,251.48,75.72,32.18,KTC,Finance,4719.239999999999
2025-08-29,120.34,222.14,342.48,-101.8,29.28,KTC,Finance,4617.439999999999
2025-09-01,164.82,100.51,265.33,64.31,18.97,KTC,Finance,4681.749999999999
2025-09-02,179.18,111.19,290.37,67.98,24.75,KTC,Finance,4749.729999999999
2025-09-03,212.33,260.98,473.3,-48.65,18.64,KTC,Finance,4701.079999999999
2025-09-04,275.16,243.88,519.04,31.28,20.87,KTC,Finance,4732.359999999999
2025-09-05,250.54,249.06,499.6,1.48,30.94,KTC,Finance,4733.839999999998
2025-09-08,77.66,75.64,153.29,2.02,18.88,KTC,Finance,4735.859999999999
2025-09-09,33.56,156.31,189.87,-122.76,33.07,KTC,Finance,4613.0999999999985
2025-09-10,87.21,122.64,209.84,-35.43,29.75,KTC,Finance,4577.669999999998
2025-09-11,88.27,279.08,367.35,-190.8,36.48,KTC,Finance,4386.869999999998
2025-09-12,324.86,281.95,606.81,42.91,28.38,KTC,Finance,4429.779999999998
2025-09-15,220.01,215.39,435.4,4.62,36.48,KTC,Finance,4434.399999999998
2025-09-16,612.06,340.81,952.87,271.25,27.21,KTC,Finance,4705.649999999998
2025-09-17,441.41,494.61,936.02,-53.21,25.41,KTC,Finance,4652.439999999998
2025-09-18,173.58,328.12,501.7,-154.54,23.36,KTC,Finance,4497.899999999998
2025-09-19,306.69,318.63,625.32,-11.94,25.93,KTC,Finance,4485.959999999998
2025-09-22,160.06,145.56,305.62,14.5,20.09,KTC,Finance,4500.459999999998
2025-09-23,86.44,155.54,241.99,-69.1,22.89,KTC,Finance,4431.359999999998
2025-09-24,169.1,179.74,348.84,-10.64,28.12,KTC,Finance,4420.7199999999975
2025-09-25,27.95,35.47,63.42,-7.52,12.73,KTC,Finance,4413.199999999997
2025-09-26,104.66,70.72,175.38,33.94,29.15,KTC,Finance,4447.139999999997
2025-09-29,86.25,115.09,201.34,-28.84,26.75,KTC,Finance,4418.2999999999965
2025-09-30,201.11,109.91,311.03,91.2,27.25,KTC,Finance,4509.499999999996
2025-10-01,179.79,245.46,425.25,-65.67,30.19,KTC,Finance,4443.829999999996
2025-10-02,230.21,119.93,350.14,110.28,28.51,KTC,Finance,4554.109999999996
2025-10-03,187.64,133.3,320.94,54.34,19.83,KTC,Finance,4608.449999999996
2025-10-06,81.61,105.89,187.5,-24.28,16.99,KTC,Finance,4584.169999999996
2025-10-07,99.0,74.42,173.41,24.58,16.12,KTC,Finance,4608.749999999996
2025-10-08,59.03,210.12,269.15,-151.1,21.13,KTC,Finance,4457.649999999996
2025-10-09,177.54,116.65,294.2,60.89,34.59,KTC,Finance,4518.539999999996
2025-10-10,146.08,168.93,315.01,-22.85,28.39,KTC,Finance,4495.689999999996
2025-10-14,107.75,159.37,267.12,-51.61,19.48,KTC,Finance,4444.079999999996
2025-10-15,94.36,31.33,125.7,63.03,18.34,KTC,Finance,4507.109999999996
2025-10-16,90.46,73.46,163.93,17.0,22.25,KTC,Finance,4524.109999999996
2025-10-17,92.57,118.38,210.94,-25.81,30.8,KTC,Finance,4498.299999999996
2025-10-20,184.43,297.64,482.07,-113.21,39.5,KTC,Finance,4385.089999999996
2025-10-21,79.5,156.03,235.53,-76.54,32.21,KTC,Finance,4308.549999999996
2025-10-22,84.61,128.38,212.99,-43.77,20.96,KTC,Finance,4264.779999999995
2025-10-24,55.88,121.87,177.75,-65.99,21.54,KTC,Finance,4198.789999999995
2025-10-27,65.51,118.36,183.87,-52.84,24.35,KTC,Finance,4145.949999999995
2025-10-28,193.31,153.42,346.74,39.89,23.17,KTC,Finance,4185.839999999996
2025-10-29,154.19,129.09,283.28,25.11,23.8,KTC,Finance,4210.949999999995
2025-10-30,249.43,132.93,382.36,116.5,23.86,KTC,Finance,4327.449999999995
2025-10-31,9.94,32.98,42.92,-23.03,22.71,KTC,Finance,4304.4199999999955
2025-11-03,35.86,27.89,63.75,7.97,25.37,KTC,Finance,4312.389999999996
2025-11-04,66.43,97.0,163.43,-30.57,23.19,KTC,Finance,4281.819999999996
2025-11-05,62.7,168.62,231.32,-105.92,23.17,KTC,Finance,4175.899999999996
2025-11-06,125.4,69.94,195.34,55.46,34.17,KTC,Finance,4231.359999999996
2025-11-07,29.51,65.95,95.46,-36.44,30.58,KTC,Finance,4194.919999999996
2025-11-10,74.74,23.16,97.89,51.58,36.34,KTC,Finance,4246.499999999996
2025-11-11,107.91,56.83,164.74,51.08,37.89,KTC,Finance,4297.579999999996
2025-11-12,55.34,196.5,251.84,-141.16,22.01,KTC,Finance,4156.419999999996
2025-11-13,99.2,84.05,183.25,15.16,22.53,KTC,Finance,4171.579999999996
2025-11-14,71.55,92.21,163.77,-20.66,26.12,KTC,Finance,4150.919999999996
2025-11-17,123.29,63.53,186.82,59.76,25.44,KTC,Finance,4210.679999999997
2025-11-18,107.3,71.44,178.74,35.87,32.14,KTC,Finance,4246.5499999999965
2025-11-19,44.8,28.1,72.9,16.69,31.29,KTC,Finance,4263.239999999996
2025-11-20,69.48,80.76,150.23,-11.28,34.75,KTC,Finance,4251.959999999996
2025-11-21,62.53,103.31,165.84,-40.78,29.49,KTC,Finance,4211.179999999997
2025-11-24,504.11,294.21,798.32,209.9,59.88,KTC,Finance,4421.079999999996
2025-11-25,66.9,77.49,144.39,-10.59,24.4,KTC,Finance,4410.489999999996
2025-11-26,115.52,94.7,210.22,20.82,22.93,KTC,Finance,4431.309999999996
2025-11-27,44.03,42.47,86.5,1.56,33.3,KTC,Finance,4432.869999999996
2025-11-28,81.05,42.91,123.96,38.14,38.15,KTC,Finance,4471.009999999997
2025-12-01,96.43,13.22,109.65,83.21,26.14,KTC,Finance,4554.219999999997
2025-12-02,83.86,42.65,126.52,41.21,34.84,KTC,Finance,4595.429999999997
2025-12-03,55.02,49.28,104.3,5.75,33.24,KTC,Finance,4601.179999999997
2025-12-04,36.7,29.25,65.96,7.45,42.5,KTC,Finance,4608.6299999999965
2025-12-08,71.32,132.14,203.47,-60.82,39.49,KTC,Finance,4547.809999999997
2025-12-09,34.89,52.36,87.25,-17.47,40.22,KTC,Finance,4530.3399999999965
2025-12-11,30.22,73.82,104.04,-43.6,33.57,KTC,Finance,4486.739999999996
2025-12-12,184.47,203.3,387.78,-18.83,48.73,KTC,Finance,4467.909999999996
2025-12-15,94.27,192.94,287.21,-98.67,45.71,KTC,Finance,4369.239999999996
2025-12-16,55.54,122.98,178.53,-67.44,30.71,KTC,Finance,4301.7999999999965
2025-12-17,271.74,440.46,712.2,-168.72,54.94,KTC,Finance,4133.079999999996
2025-12-18,121.93,307.14,429.07,-185.21,34.53,KTC,Finance,3947.8699999999963
2025-12-19,41.33,406.74,448.07,-365.4,42.55,KTC,Finance,3582.469999999996
2025-12-22,68.38,61.46,129.84,6.92,26.89,KTC,Finance,3589.3899999999962
2025-12-23,105.44,98.22,203.66,7.22,21.55,KTC,Finance,3596.609999999996
2025-12-24,90.07,70.05,160.12,20.03,26.35,KTC,Finance,3616.6399999999962
2025-12-25,9.78,51.1,60.88,-41.32,15.79,KTC,Finance,3575.319999999996
2025-12-26,33.5,103.34,136.83,-69.84,22.32,KTC,Finance,3505.479999999996
2025-12-29,22.5,48.74,71.24,-26.25,30.0,KTC,Finance,3479.229999999996
2025-12-30,19.22,98.7,117.92,-79.49,23.27,KTC,Finance,3399.739999999996
2026-01-05,138.64,160.7,299.34,-22.06,32.1,KTC,Finance,3377.679999999996
2026-01-06,49.52,69.51,119.02,-19.99,32.17,KTC,Finance,3357.6899999999964
2026-01-07,45.65,64.82,110.47,-19.18,25.48,KTC,Finance,3338.5099999999966
2026-01-08,26.38,125.01,151.38,-98.63,20.04,KTC,Finance,3239.8799999999965
2026-01-09,113.36,129.29,242.65,-15.94,29.19,KTC,Finance,3223.9399999999964
2026-01-12,82.28,119.77,202.06,-37.49,23.49,KTC,Finance,3186.4499999999966
2026-01-13,110.42,137.33,247.75,-26.91,30.17,KTC,Finance,3159.539999999997
2026-01-14,175.28,160.53,335.81,14.76,43.61,KTC,Finance,3174.299999999997
2026-01-15,434.3,195.21,629.51,239.09,34.2,KTC,Finance,3413.389999999997
2026-01-16,278.28,192.68,470.97,85.6,33.86,KTC,Finance,3498.989999999997
2026-01-19,245.01,153.88,398.89,91.13,43.85,KTC,Finance,3590.119999999997
2026-01-20,139.49,113.46,252.96,26.03,33.0,KTC,Finance,3616.1499999999974
2026-01-21,175.07,89.78,264.85,85.28,31.05,KTC,Finance,3701.4299999999976
2026-01-22,207.05,88.16,295.21,118.89,33.87,KTC,Finance,3820.3199999999974
2026-01-23,190.83,98.31,289.13,92.52,27.2,KTC,Finance,3912.8399999999974
2026-01-26,276.0,174.63,450.63,101.37,45.57,KTC,Finance,4014.2099999999973
2026-01-27,204.27,64.7,268.97,139.58,33.93,KTC,Finance,4153.789999999997
2026-01-28,79.39,68.34,147.73,11.05,39.0,KTC,Finance,4164.839999999997
2026-01-29,216.52,160.27,376.79,56.24,44.78,KTC,Finance,4221.079999999997
2026-01-30,586.65,358.58,945.24,228.07,60.68,KTC,Finance,4449.149999999997
2026-02-02,98.51,137.43,235.95,-38.92,35.33,KTC,Finance,4410.229999999997
2026-02-03,206.63,141.69,348.31,64.94,35.31,KTC,Finance,4475.169999999996
2026-02-04,52.95,110.01,162.97,-57.06,31.94,KTC,Finance,4418.109999999996
2026-02-05,106.37,94.36,200.73,12.0,36.96,KTC,Finance,4430.109999999996
2026-02-06,84.76,132.31,217.07,-47.55,37.75,KTC,Finance,4382.559999999996
2026-02-09,370.64,183.48,554.11,187.16,27.12,KTC,Finance,4569.719999999996
2026-02-10,151.02,185.39,336.41,-34.38,32.05,KTC,Finance,4535.339999999996
2026-02-11,149.85,198.06,347.91,-48.21,22.66,KTC,Finance,4487.129999999996
2026-02-12,207.22,63.46,270.68,143.76,29.51,KTC,Finance,4630.889999999996
2026-02-13,93.63,153.07,246.71,-59.44,26.38,KTC,Finance,4571.449999999996
2026-02-16,617.83,287.59,905.42,330.24,27.24,KTC,Finance,4901.689999999996
2026-02-17,697.52,464.99,1162.5,232.53,32.79,KTC,Finance,5134.219999999996
2026-02-18,128.33,307.02,435.34,-178.69,24.83,KTC,Finance,4955.529999999996
2026-02-19,128.81,256.61,385.42,-127.79,28.33,KTC,Finance,4827.739999999996
2026-02-20,302.75,254.53,557.28,48.22,26.89,KTC,Finance,4875.959999999996
2026-02-23,203.83,273.79,477.61,-69.96,27.0,KTC,Finance,4805.999999999996
2026-02-24,303.75,188.77,492.53,114.98,34.97,KTC,Finance,4920.979999999996
2026-02-25,358.28,439.31,797.59,-81.02,36.37,KTC,Finance,4839.9599999999955
2026-02-26,285.42,253.03,538.45,32.39,41.2,KTC,Finance,4872.349999999996
2026-02-27,277.94,218.53,496.47,59.42,54.59,KTC,Finance,4931.769999999996
2026-03-02,375.02,274.41,649.44,100.61,32.6,KTC,Finance,5032.379999999996
2026-03-04,566.12,775.16,1341.28,-209.04,39.7,KTC,Finance,4823.339999999996
2026-03-05,215.55,530.21,745.76,-314.66,39.25,KTC,Finance,4508.679999999996
2026-03-06,160.34,266.4,426.74,-106.06,46.08,KTC,Finance,4402.619999999995
2026-03-09,374.33,378.08,752.41,-3.75,38.55,KTC,Finance,4398.869999999995
2026-03-10,158.81,366.72,525.53,-207.91,29.82,KTC,Finance,4190.9599999999955
2026-03-11,137.58,190.92,328.5,-53.34,28.68,KTC,Finance,4137.619999999995
2026-03-12,193.08,467.78,660.87,-274.7,32.02,KTC,Finance,3862.9199999999955
2026-03-13,85.28,186.21,271.49,-100.92,33.27,KTC,Finance,3761.9999999999955
2026-03-16,109.27,221.38,330.65,-112.1,36.74,KTC,Finance,3649.8999999999955
2026-03-17,96.8,117.41,214.21,-20.61,17.01,KTC,Finance,3629.2899999999954
2026-03-18,73.47,175.3,248.77,-101.83,27.64,KTC,Finance,3527.4599999999955
2026-03-19,117.7,224.3,342.0,-106.6,27.79,KTC,Finance,3420.8599999999956
2026-03-20,129.81,163.28,293.09,-33.47,20.65,KTC,Finance,3387.389999999996
2026-03-23,96.82,177.4,274.22,-80.58,23.83,KTC,Finance,3306.809999999996
2026-03-24,88.28,126.8,215.08,-38.52,35.51,KTC,Finance,3268.289999999996
2026-03-25,116.08,128.14,244.22,-12.06,25.36,KTC,Finance,3256.229999999996
2026-03-26,112.51,157.39,269.9,-44.88,24.17,KTC,Finance,3211.349999999996
2026-03-27,163.49,122.03,285.52,41.46,29.32,KTC,Finance,3252.809999999996
2026-03-30,127.52,67.71,195.22,59.81,28.24,KTC,Finance,3312.619999999996
2026-03-31,114.21,136.1,250.31,-21.89,23.12,KTC,Finance,3290.729999999996
2026-04-01,173.68,132.65,306.33,41.03,21.71,KTC,Finance,3331.759999999996
2026-04-02,141.24,217.38,358.62,-76.14,32.95,KTC,Finance,3255.6199999999963
2026-04-03,62.83,113.8,176.64,-50.97,26.33,KTC,Finance,3204.6499999999965
2026-04-07,87.15,69.43,156.58,17.73,18.77,KTC,Finance,3222.3799999999965
2026-04-08,155.58,202.33,357.91,-46.75,22.3,KTC,Finance,3175.6299999999965
2026-04-09,49.56,202.81,252.37,-153.25,16.96,KTC,Finance,3022.3799999999965
2026-04-10,59.59,96.66,156.25,-37.08,17.9,KTC,Finance,2985.2999999999965
2026-04-16,146.83,92.33,239.16,54.5,23.17,KTC,Finance,3039.7999999999965
2026-04-17,56.96,168.06,225.02,-111.11,22.7,KTC,Finance,2928.6899999999964
2026-04-20,315.53,157.34,472.86,158.19,22.46,KTC,Finance,3086.8799999999965
2026-04-21,48.71,100.73,149.44,-52.03,25.0,KTC,Finance,3034.8499999999963
2026-04-22,72.42,122.48,194.9,-50.05,26.76,KTC,Finance,2984.799999999996
2026-04-23,68.99,101.13,170.12,-32.14,28.39,KTC,Finance,2952.659999999996
2026-04-24,38.76,86.45,125.21,-47.69,26.9,KTC,Finance,2904.969999999996
2026-04-27,30.71,81.94,112.64,-51.23,25.62,KTC,Finance,2853.739999999996
2026-04-28,93.8,92.87,186.66,0.93,22.11,KTC,Finance,2854.669999999996
2026-04-29,45.48,27.66,73.13,17.82,17.45,KTC,Finance,2872.489999999996
2026-04-30,54.01,65.85,119.86,-11.84,27.45,KTC,Finance,2860.649999999996
2026-05-05,57.98,58.45,116.43,-0.47,19.68,KTC,Finance,2860.179999999996
2026-05-06,26.27,57.77,84.04,-31.5,10.26,KTC,Finance,2828.679999999996
2026-05-07,73.65,105.95,179.6,-32.31,17.25,KTC,Finance,2796.3699999999963
2026-05-08,68.51,87.56,156.07,-19.04,23.93,KTC,Finance,2777.3299999999963
2026-05-11,43.22,106.48,149.7,-63.26,21.45,KTC,Finance,2714.069999999996
2026-05-12,31.89,57.52,89.41,-25.62,26.18,KTC,Finance,2688.449999999996
2026-05-13,72.19,92.96,165.15,-20.76,21.9,KTC,Finance,2667.689999999996
2026-05-14,45.55,42.89,88.45,2.66,10.62,KTC,Finance,2670.349999999996
2026-05-15,25.04,27.16,52.2,-2.11,15.17,KTC,Finance,2668.2399999999957
2026-05-18,72.92,56.81,129.73,16.12,14.22,KTC,Finance,2684.3599999999956
2026-05-19,122.52,42.05,164.56,80.47,33.91,KTC,Finance,2764.8299999999954
2026-05-20,42.63,106.06,148.69,-63.43,21.58,KTC,Finance,2701.3999999999955
2026-05-21,111.83,21.49,133.32,90.35,20.45,KTC,Finance,2791.7499999999955
2026-05-22,144.46,167.18,311.64,-22.72,27.21,KTC,Finance,2769.0299999999957
2026-05-25,284.69,57.51,342.21,227.18,22.93,KTC,Finance,2996.2099999999955
2026-05-26,37.56,82.26,119.83,-44.7,27.02,KTC,Finance,2951.5099999999957
2026-05-27,84.06,64.6,148.66,19.46,31.28,KTC,Finance,2970.9699999999957
2026-05-28,68.28,68.45,136.73,-0.17,24.56,KTC,Finance,2970.7999999999956
2026-05-29,148.64,94.79,243.43,53.85,29.75,KTC,Finance,3024.6499999999955
2026-06-02,327.83,122.43,450.27,205.4,25.0,KTC,Finance,3230.0499999999956
2026-06-04,119.28,176.73,296.02,-57.45,28.45,KTC,Finance,3172.599999999996
2026-06-05,336.92,220.77,557.69,116.15,26.2,KTC,Finance,3288.749999999996
2026-06-08,95.89,165.73,261.63,-69.84,27.71,KTC,Finance,3218.9099999999958
2026-06-09,62.24,107.71,169.94,-45.47,19.18,KTC,Finance,3173.439999999996
2026-06-10,83.77,66.09,149.86,17.69,20.37,KTC,Finance,3191.129999999996
2026-06-11,125.31,135.31,260.62,-10.0,38.6,KTC,Finance,3181.129999999996
2026-06-12,86.21,15.25,101.46,70.97,18.13,KTC,Finance,3252.099999999996
2026-06-15,110.32,107.14,217.46,3.19,34.03,KTC,Finance,3255.289999999996
2026-06-16,125.0,41.33,166.33,83.67,27.86,KTC,Finance,3338.959999999996
2026-06-17,381.79,183.23,565.02,198.55,24.9,KTC,Finance,3537.509999999996
2026-06-18,199.75,332.5,532.25,-132.75,25.88,KTC,Finance,3404.759999999996
2026-06-19,121.45,52.62,174.07,68.83,29.91,KTC,Finance,3473.589999999996
2026-06-22,114.16,100.2,214.36,13.97,21.25,KTC,Finance,3487.559999999996
2026-06-23,73.78,151.78,225.56,-78.0,23.27,KTC,Finance,3409.559999999996
2026-06-24,129.0,44.95,173.95,84.05,14.66,KTC,Finance,3493.609999999996
2026-06-25,144.14,121.37,265.51,22.77,22.08,KTC,Finance,3516.379999999996
2026-06-26,91.1,55.36,146.47,35.74,36.31,KTC,Finance,3552.119999999996
2026-06-29,113.0,106.95,219.94,6.05,35.0,KTC,Finance,3558.169999999996
2026-06-30,138.22,98.4,236.62,39.82,21.59,KTC,Finance,3597.989999999996
2026-07-01,305.69,255.79,561.48,49.89,36.16,KTC,Finance,3647.879999999996
2026-07-02,310.0,73.83,383.83,236.16,18.25,KTC,Finance,3884.039999999996
2026-07-03,668.21,292.87,961.08,375.35,22.77,KTC,Finance,4259.389999999996
2026-07-06,580.49,536.75,1117.25,43.74,31.39,KTC,Finance,4303.129999999996
2026-07-07,903.19,412.53,1315.72,490.66,25.59,KTC,Finance,4793.789999999995
2026-07-08,568.75,443.94,1012.69,124.8,28.04,KTC,Finance,4918.589999999996
2026-07-09,253.67,235.73,489.41,17.94,32.8,KTC,Finance,4936.529999999995
2026-07-10,238.1,297.06,535.16,-58.96,30.35,KTC,Finance,4877.569999999995
2026-07-13,288.9,142.21,431.12,146.69,33.34,KTC,Finance,5024.259999999995
2026-07-14,251.51,261.35,512.86,-9.84,30.51,KTC,Finance,5014.419999999995
2026-07-15,263.66,239.17,502.84,24.49,24.94,KTC,Finance,5038.909999999994
2026-07-16,258.35,338.76,597.11,-80.41,30.54,KTC,Finance,4958.4999999999945
2026-07-17,266.66,299.6,566.27,-32.94,35.07,KTC,Finance,4925.559999999995
2026-07-20,606.49,433.38,1039.86,173.11,26.41,KTC,Finance,5098.669999999995
2026-07-21,276.33,302.1,578.44,-25.77,29.33,KTC,Finance,5072.899999999994
2026-07-22,275.26,315.77,591.04,-40.51,29.14,KTC,Finance,5032.389999999994
