date,buy_mb,sell_mb,buy_sell_mb,net_mb,nvdr_pct,symbol,sector,cumulative_net_mb
2020-01-02,0.47,3.42,3.89,-2.95,6.27,M,Food,-2.95
2020-01-03,1.01,1.06,2.07,-0.05,4.21,M,Food,-3.0
2020-01-06,0.16,3.18,3.34,-3.02,12.95,M,Food,-6.02
2020-01-07,0.16,2.21,2.37,-2.05,9.33,M,Food,-8.07
2020-01-08,0.18,3.43,3.62,-3.25,9.24,M,Food,-11.32
2020-01-09,0.98,0.83,1.82,0.15,5.12,M,Food,-11.17
2020-01-10,1.0,1.39,2.39,-0.39,22.7,M,Food,-11.56
2020-01-13,0.24,0.91,1.16,-0.67,4.13,M,Food,-12.23
2020-01-14,0.98,0.38,1.36,0.6,4.16,M,Food,-11.63
2020-01-15,0.41,2.05,2.47,-1.64,4.26,M,Food,-13.270000000000001
2020-01-16,1.07,0.75,1.83,0.32,3.54,M,Food,-12.950000000000001
2020-01-17,2.66,0.49,3.15,2.18,3.84,M,Food,-10.770000000000001
2020-01-20,0.4,3.37,3.77,-2.98,13.17,M,Food,-13.750000000000002
2020-01-21,0.37,1.63,2.01,-1.26,9.69,M,Food,-15.010000000000002
2020-01-22,0.36,1.48,1.85,-1.12,2.2,M,Food,-16.130000000000003
2020-01-23,0.4,1.37,1.77,-0.98,19.26,M,Food,-17.110000000000003
2020-01-24,0.66,0.76,1.42,-0.1,12.55,M,Food,-17.210000000000004
2020-01-27,1.25,1.42,2.66,-0.17,4.98,M,Food,-17.380000000000006
2020-01-28,0.44,1.59,2.03,-1.15,9.09,M,Food,-18.530000000000005
2020-01-29,0.23,0.9,1.13,-0.67,4.8,M,Food,-19.200000000000006
2020-01-30,0.38,0.49,0.87,-0.11,6.38,M,Food,-19.310000000000006
2020-01-31,1.64,1.88,3.52,-0.24,3.71,M,Food,-19.550000000000004
2020-02-03,0.12,1.44,1.56,-1.33,5.09,M,Food,-20.880000000000003
2020-02-04,0.76,0.62,1.38,0.14,6.49,M,Food,-20.740000000000002
2020-02-05,0.6,0.32,0.92,0.28,9.54,M,Food,-20.46
2020-02-06,0.94,0.1,1.04,0.85,2.67,M,Food,-19.61
2020-02-07,0.45,0.3,0.75,0.15,2.76,M,Food,-19.46
2020-02-11,2.32,1.16,3.48,1.16,4.87,M,Food,-18.3
2020-02-12,0.53,1.33,1.86,-0.8,10.15,M,Food,-19.1
2020-02-13,0.7,0.41,1.11,0.29,4.13,M,Food,-18.810000000000002
2020-02-14,0.59,1.71,2.3,-1.12,8.21,M,Food,-19.930000000000003
2020-02-17,0.16,0.49,0.65,-0.32,8.44,M,Food,-20.250000000000004
2020-02-18,0.37,1.25,1.62,-0.89,7.67,M,Food,-21.140000000000004
2020-02-19,0.08,1.64,1.72,-1.56,15.25,M,Food,-22.700000000000003
2020-02-20,0.65,1.17,1.82,-0.52,5.58,M,Food,-23.220000000000002
2020-02-21,0.4,5.06,5.45,-4.66,14.25,M,Food,-27.880000000000003
2020-02-24,0.52,4.4,4.92,-3.88,9.39,M,Food,-31.76
2020-02-25,0.6,1.56,2.17,-0.96,3.7,M,Food,-32.72
2020-02-26,1.57,2.44,4.0,-0.87,8.26,M,Food,-33.589999999999996
2020-02-27,4.33,4.63,8.96,-0.29,9.56,M,Food,-33.879999999999995
2020-02-28,2.17,1.38,3.55,0.78,4.49,M,Food,-33.099999999999994
2020-03-02,1.41,4.06,5.47,-2.65,17.84,M,Food,-35.74999999999999
2020-03-03,2.35,4.7,7.05,-2.36,11.63,M,Food,-38.10999999999999
2020-03-04,0.51,1.04,1.55,-0.53,5.91,M,Food,-38.63999999999999
2020-03-05,0.94,3.12,4.06,-2.18,11.01,M,Food,-40.81999999999999
2020-03-06,0.93,2.75,3.69,-1.82,12.6,M,Food,-42.63999999999999
2020-03-09,2.22,7.02,9.23,-4.8,18.69,M,Food,-47.43999999999999
2020-03-10,1.43,1.83,3.27,-0.4,17.18,M,Food,-47.83999999999999
2020-03-11,0.88,3.63,4.51,-2.75,12.79,M,Food,-50.58999999999999
2020-03-12,3.94,3.03,6.96,0.91,5.06,M,Food,-49.67999999999999
2020-03-13,9.54,13.07,22.61,-3.52,16.22,M,Food,-53.199999999999996
2020-03-16,3.69,8.36,12.05,-4.67,17.2,M,Food,-57.87
2020-03-17,1.02,4.23,5.25,-3.21,8.46,M,Food,-61.08
2020-03-18,3.1,2.54,5.64,0.56,9.43,M,Food,-60.519999999999996
2020-03-19,0.32,5.07,5.39,-4.75,29.25,M,Food,-65.27
2020-03-20,4.15,0.31,4.46,3.84,11.34,M,Food,-61.42999999999999
2020-03-23,1.7,2.4,4.1,-0.69,7.87,M,Food,-62.11999999999999
2020-03-24,0.56,2.11,2.67,-1.55,5.82,M,Food,-63.66999999999999
2020-03-25,6.03,3.33,9.36,2.69,11.0,M,Food,-60.97999999999999
2020-03-26,5.76,0.79,6.55,4.98,7.8,M,Food,-55.999999999999986
2020-03-27,8.49,1.15,9.64,7.34,6.01,M,Food,-48.65999999999998
2020-03-30,3.61,2.91,6.51,0.7,11.52,M,Food,-47.95999999999998
2020-03-31,2.76,3.42,6.18,-0.66,7.49,M,Food,-48.619999999999976
2020-04-01,5.0,3.49,8.49,1.51,9.96,M,Food,-47.10999999999998
2020-04-02,1.04,1.24,2.28,-0.2,3.9,M,Food,-47.30999999999998
2020-04-03,4.59,2.54,7.13,2.04,6.85,M,Food,-45.26999999999998
2020-04-07,9.96,11.99,21.95,-2.02,14.72,M,Food,-47.289999999999985
2020-04-08,1.4,5.58,6.98,-4.18,18.18,M,Food,-51.469999999999985
2020-04-09,5.06,7.05,12.11,-2.0,15.52,M,Food,-53.469999999999985
2020-04-10,2.75,2.49,5.24,0.26,13.59,M,Food,-53.20999999999999
2020-04-13,1.27,0.32,1.59,0.95,6.2,M,Food,-52.259999999999984
2020-04-14,5.25,3.03,8.28,2.22,6.98,M,Food,-50.039999999999985
2020-04-15,13.47,3.28,16.76,10.19,12.8,M,Food,-39.84999999999999
2020-04-16,5.37,5.49,10.87,-0.12,25.13,M,Food,-39.969999999999985
2020-04-17,1.74,3.52,5.27,-1.78,7.72,M,Food,-41.749999999999986
2020-04-20,4.0,0.6,4.61,3.4,6.88,M,Food,-38.34999999999999
2020-04-21,1.16,0.32,1.48,0.84,5.62,M,Food,-37.509999999999984
2020-04-22,2.56,4.71,7.27,-2.15,13.4,M,Food,-39.65999999999998
2020-04-23,2.08,0.77,2.85,1.31,17.61,M,Food,-38.34999999999998
2020-04-24,4.67,2.31,6.97,2.36,7.2,M,Food,-35.98999999999998
2020-04-27,9.26,0.72,9.98,8.54,12.54,M,Food,-27.44999999999998
2020-04-28,2.66,6.67,9.33,-4.01,12.01,M,Food,-31.45999999999998
2020-04-29,7.36,2.91,10.27,4.45,11.81,M,Food,-27.00999999999998
2020-04-30,6.07,2.52,8.59,3.54,15.56,M,Food,-23.46999999999998
2020-05-05,2.14,1.03,3.18,1.11,7.04,M,Food,-22.35999999999998
2020-05-07,2.3,5.62,7.92,-3.31,9.17,M,Food,-25.66999999999998
2020-05-08,0.44,4.51,4.95,-4.06,7.09,M,Food,-29.72999999999998
2020-05-11,4.46,0.52,4.98,3.95,10.09,M,Food,-25.77999999999998
2020-05-12,5.41,4.48,9.89,0.93,15.43,M,Food,-24.84999999999998
2020-05-13,3.85,6.62,10.47,-2.77,5.85,M,Food,-27.61999999999998
2020-05-14,2.29,15.12,17.41,-12.83,17.2,M,Food,-40.44999999999998
2020-05-15,1.85,5.89,7.74,-4.04,8.15,M,Food,-44.48999999999998
2020-05-18,0.0,4.05,4.05,-4.05,8.89,M,Food,-48.53999999999998
2020-05-19,1.4,3.08,4.49,-1.68,4.84,M,Food,-50.21999999999998
2020-05-20,1.09,4.01,5.1,-2.92,11.15,M,Food,-53.13999999999998
2020-05-21,4.21,2.7,6.91,1.5,2.77,M,Food,-51.63999999999998
2020-05-22,1.11,6.2,7.31,-5.09,8.68,M,Food,-56.729999999999976
2020-05-25,0.78,2.41,3.19,-1.63,5.61,M,Food,-58.35999999999998
2020-05-26,6.03,1.83,7.86,4.21,3.88,M,Food,-54.14999999999998
2020-05-27,19.31,9.4,28.71,9.91,8.32,M,Food,-44.23999999999998
2020-05-28,3.53,7.21,10.73,-3.68,5.6,M,Food,-47.91999999999998
2020-05-29,7.03,6.57,13.6,0.46,8.61,M,Food,-47.45999999999998
2020-06-01,3.83,2.64,6.48,1.19,4.78,M,Food,-46.26999999999998
2020-06-02,1.56,0.43,1.99,1.13,4.84,M,Food,-45.13999999999998
2020-06-04,5.5,3.56,9.06,1.94,5.17,M,Food,-43.19999999999998
2020-06-05,9.52,1.32,10.84,8.19,8.71,M,Food,-35.009999999999984
2020-06-08,14.77,20.3,35.07,-5.53,24.47,M,Food,-40.539999999999985
2020-06-09,10.02,4.24,14.26,5.79,13.06,M,Food,-34.749999999999986
2020-06-10,5.67,2.01,7.68,3.67,5.9,M,Food,-31.079999999999984
2020-06-11,3.38,7.59,10.98,-4.21,8.87,M,Food,-35.289999999999985
2020-06-12,5.98,2.85,8.83,3.13,8.58,M,Food,-32.15999999999998
2020-06-15,22.42,2.99,25.41,19.43,10.35,M,Food,-12.729999999999983
2020-06-16,1.71,8.27,9.98,-6.57,5.7,M,Food,-19.299999999999983
2020-06-17,3.12,20.02,23.14,-16.9,26.44,M,Food,-36.19999999999998
2020-06-18,0.22,2.51,2.73,-2.29,8.33,M,Food,-38.48999999999998
2020-06-19,0.23,6.71,6.94,-6.48,12.08,M,Food,-44.969999999999985
2020-06-22,0.32,3.82,4.14,-3.5,10.49,M,Food,-48.469999999999985
2020-06-23,5.48,2.08,7.55,3.4,9.0,M,Food,-45.069999999999986
2020-06-24,8.82,5.53,14.35,3.3,15.91,M,Food,-41.76999999999999
2020-06-25,3.84,4.4,8.24,-0.56,12.37,M,Food,-42.32999999999999
2020-06-26,11.3,10.96,22.27,0.34,18.97,M,Food,-41.98999999999999
2020-06-29,1.14,2.3,3.44,-1.16,18.06,M,Food,-43.149999999999984
2020-06-30,0.29,3.32,3.62,-3.03,9.92,M,Food,-46.179999999999986
2020-07-01,0.53,3.39,3.92,-2.86,20.88,M,Food,-49.039999999999985
2020-07-02,4.19,0.94,5.13,3.25,14.86,M,Food,-45.789999999999985
2020-07-03,1.23,4.7,5.93,-3.48,13.02,M,Food,-49.26999999999998
2020-07-07,0.68,2.57,3.25,-1.9,9.43,M,Food,-51.16999999999998
2020-07-08,1.69,2.58,4.27,-0.89,19.53,M,Food,-52.05999999999998
2020-07-09,7.6,7.46,15.06,0.14,30.94,M,Food,-51.91999999999998
2020-07-10,0.0,3.18,3.18,-3.18,11.23,M,Food,-55.09999999999998
2020-07-13,0.52,1.81,2.33,-1.29,4.24,M,Food,-56.38999999999998
2020-07-14,4.59,2.68,7.27,1.91,11.35,M,Food,-54.47999999999998
2020-07-15,3.96,4.59,8.55,-0.63,11.72,M,Food,-55.109999999999985
2020-07-16,10.13,2.74,12.87,7.39,8.5,M,Food,-47.719999999999985
2020-07-17,8.18,2.67,10.85,5.51,10.59,M,Food,-42.20999999999999
2020-07-20,18.24,11.02,29.26,7.22,14.03,M,Food,-34.98999999999999
2020-07-21,23.86,6.67,30.53,17.2,13.03,M,Food,-17.78999999999999
2020-07-22,7.41,7.22,14.63,0.19,18.47,M,Food,-17.599999999999987
2020-07-23,3.96,2.27,6.23,1.69,5.35,M,Food,-15.909999999999988
2020-07-24,8.43,3.37,11.8,5.05,12.85,M,Food,-10.859999999999989
2020-07-29,4.06,10.5,14.55,-6.44,10.06,M,Food,-17.29999999999999
2020-07-30,31.52,11.82,43.34,19.7,11.77,M,Food,2.4000000000000092
2020-07-31,13.69,4.26,17.95,9.43,17.38,M,Food,11.830000000000009
2020-08-03,3.64,6.92,10.56,-3.28,9.65,M,Food,8.55000000000001
2020-08-04,7.08,0.75,7.82,6.33,7.21,M,Food,14.88000000000001
2020-08-05,4.0,7.26,11.26,-3.26,10.83,M,Food,11.62000000000001
2020-08-06,6.39,2.52,8.91,3.87,14.75,M,Food,15.490000000000009
2020-08-07,1.52,3.69,5.21,-2.16,10.66,M,Food,13.330000000000009
2020-08-10,1.26,5.22,6.48,-3.96,22.04,M,Food,9.370000000000008
2020-08-11,8.73,7.32,16.05,1.41,6.55,M,Food,10.780000000000008
2020-08-13,45.01,19.8,64.81,25.21,12.85,M,Food,35.99000000000001
2020-08-14,2.4,18.52,20.93,-16.12,18.13,M,Food,19.870000000000008
2020-08-17,3.24,4.94,8.18,-1.7,12.24,M,Food,18.17000000000001
2020-08-18,2.6,10.1,12.7,-7.5,10.87,M,Food,10.670000000000009
2020-08-19,3.7,9.12,12.82,-5.41,12.97,M,Food,5.260000000000009
2020-08-20,9.87,7.0,16.88,2.87,14.34,M,Food,8.13000000000001
2020-08-21,3.08,2.81,5.9,0.27,7.71,M,Food,8.40000000000001
2020-08-24,2.51,4.12,6.63,-1.61,8.59,M,Food,6.790000000000009
2020-08-25,3.18,3.55,6.74,-0.37,8.77,M,Food,6.420000000000009
2020-08-26,3.02,1.7,4.72,1.32,5.7,M,Food,7.740000000000009
2020-08-27,7.05,10.38,17.43,-3.33,8.06,M,Food,4.410000000000009
2020-08-28,20.11,4.24,24.35,15.87,11.25,M,Food,20.28000000000001
2020-08-31,2.74,13.33,16.07,-10.59,12.05,M,Food,9.690000000000008
2020-09-01,4.22,3.34,7.56,0.87,13.47,M,Food,10.560000000000008
2020-09-02,9.92,1.49,11.41,8.43,15.07,M,Food,18.99000000000001
2020-09-03,6.17,2.5,8.67,3.66,8.83,M,Food,22.65000000000001
2020-09-08,2.38,3.03,5.41,-0.65,8.51,M,Food,22.00000000000001
2020-09-09,3.04,10.92,13.96,-7.87,28.25,M,Food,14.13000000000001
2020-09-10,0.23,0.92,1.16,-0.69,8.91,M,Food,13.44000000000001
2020-09-11,2.73,4.53,7.26,-1.8,26.08,M,Food,11.64000000000001
2020-09-14,0.91,13.14,14.05,-12.23,13.86,M,Food,-0.589999999999991
2020-09-15,2.62,2.28,4.89,0.34,16.44,M,Food,-0.24999999999999095
2020-09-16,3.68,3.87,7.55,-0.19,13.04,M,Food,-0.43999999999999095
2020-09-17,2.02,4.11,6.13,-2.09,7.57,M,Food,-2.529999999999991
2020-09-18,4.04,3.81,7.86,0.23,22.1,M,Food,-2.299999999999991
2020-09-21,0.59,6.5,7.09,-5.91,6.16,M,Food,-8.20999999999999
2020-09-22,1.13,7.04,8.17,-5.91,11.57,M,Food,-14.11999999999999
2020-09-23,1.46,3.23,4.69,-1.78,12.49,M,Food,-15.89999999999999
2020-09-24,3.54,8.11,11.65,-4.56,19.21,M,Food,-20.45999999999999
2020-09-25,5.31,7.7,13.01,-2.39,21.32,M,Food,-22.84999999999999
2020-09-28,3.79,3.24,7.03,0.56,10.51,M,Food,-22.289999999999992
2020-09-29,4.56,1.8,6.36,2.76,5.46,M,Food,-19.529999999999994
2020-09-30,2.64,5.97,8.61,-3.32,8.56,M,Food,-22.849999999999994
2020-10-01,4.7,2.39,7.09,2.3,9.3,M,Food,-20.549999999999994
2020-10-02,1.74,3.73,5.47,-2.0,8.19,M,Food,-22.549999999999994
2020-10-05,3.08,2.44,5.52,0.64,10.6,M,Food,-21.909999999999993
2020-10-06,2.82,1.59,4.41,1.22,3.98,M,Food,-20.689999999999994
2020-10-07,7.22,1.93,9.15,5.3,7.39,M,Food,-15.389999999999993
2020-10-08,15.68,14.52,30.19,1.16,17.99,M,Food,-14.229999999999993
2020-10-09,3.5,3.3,6.8,0.2,10.31,M,Food,-14.029999999999994
2020-10-12,1.52,1.56,3.08,-0.04,11.39,M,Food,-14.069999999999993
2020-10-14,0.53,4.29,4.82,-3.76,15.54,M,Food,-17.82999999999999
2020-10-15,3.78,3.92,7.7,-0.14,15.37,M,Food,-17.96999999999999
2020-10-16,2.44,3.5,5.94,-1.06,16.57,M,Food,-19.02999999999999
2020-10-19,1.41,4.57,5.98,-3.16,8.96,M,Food,-22.18999999999999
2020-10-20,3.7,4.32,8.01,-0.62,15.36,M,Food,-22.80999999999999
2020-10-21,2.07,0.72,2.78,1.35,12.2,M,Food,-21.45999999999999
2020-10-22,17.56,4.2,21.75,13.36,43.68,M,Food,-8.09999999999999
2020-10-26,5.89,6.87,12.76,-0.97,20.41,M,Food,-9.069999999999991
2020-10-27,8.19,2.84,11.02,5.35,16.04,M,Food,-3.7199999999999918
2020-10-28,3.39,2.95,6.35,0.44,10.21,M,Food,-3.279999999999992
2020-10-29,2.03,3.18,5.21,-1.16,34.64,M,Food,-4.4399999999999915
2020-10-30,0.96,2.56,3.52,-1.59,21.51,M,Food,-6.029999999999991
2020-11-02,3.03,3.71,6.74,-0.68,9.8,M,Food,-6.709999999999991
2020-11-03,4.65,1.41,6.05,3.24,6.31,M,Food,-3.469999999999991
2020-11-04,4.09,3.04,7.13,1.05,22.29,M,Food,-2.419999999999991
2020-11-05,18.45,2.43,20.88,16.02,17.8,M,Food,13.600000000000009
2020-11-06,15.79,9.78,25.57,6.0,18.12,M,Food,19.60000000000001
2020-11-09,6.85,10.93,17.78,-4.07,12.78,M,Food,15.530000000000008
2020-11-10,27.77,11.09,38.86,16.68,16.37,M,Food,32.21000000000001
2020-11-11,24.61,14.52,39.13,10.08,24.92,M,Food,42.290000000000006
2020-11-12,10.01,6.61,16.62,3.4,21.15,M,Food,45.690000000000005
2020-11-13,35.78,22.35,58.13,13.43,15.75,M,Food,59.120000000000005
2020-11-16,42.52,11.79,54.32,30.73,21.43,M,Food,89.85000000000001
2020-11-17,22.3,8.03,30.33,14.27,18.95,M,Food,104.12
2020-11-18,28.3,5.55,33.84,22.75,16.72,M,Food,126.87
2020-11-19,16.46,19.35,35.81,-2.89,20.15,M,Food,123.98
2020-11-20,22.74,31.72,54.46,-8.98,24.17,M,Food,115.0
2020-11-23,17.65,2.3,19.95,15.35,20.93,M,Food,130.35
2020-11-24,49.26,10.95,60.21,38.31,24.88,M,Food,168.66
2020-11-25,38.13,9.98,48.11,28.15,29.93,M,Food,196.81
2020-11-26,25.28,8.14,33.42,17.14,21.67,M,Food,213.95
2020-11-27,23.84,6.71,30.54,17.13,27.22,M,Food,231.07999999999998
2020-11-30,120.16,149.61,269.77,-29.45,55.49,M,Food,201.63
2020-12-01,48.95,9.06,58.01,39.89,19.02,M,Food,241.51999999999998
2020-12-02,27.45,13.38,40.83,14.08,24.29,M,Food,255.6
2020-12-03,6.59,7.24,13.83,-0.65,14.54,M,Food,254.95
2020-12-04,11.4,5.9,17.3,5.5,16.24,M,Food,260.45
2020-12-08,18.55,11.5,30.06,7.05,21.68,M,Food,267.5
2020-12-09,18.29,7.96,26.25,10.33,15.65,M,Food,277.83
2020-12-14,32.92,19.76,52.68,13.16,36.51,M,Food,290.99
2020-12-15,29.32,0.92,30.24,28.4,24.66,M,Food,319.39
2020-12-16,6.86,3.42,10.29,3.44,6.88,M,Food,322.83
2020-12-17,0.52,5.6,6.12,-5.08,14.19,M,Food,317.75
2020-12-18,2.15,2.7,4.85,-0.55,14.85,M,Food,317.2
2020-12-21,14.76,26.24,41.0,-11.48,10.69,M,Food,305.71999999999997
2020-12-22,9.06,6.71,15.77,2.35,17.92,M,Food,308.07
2020-12-23,5.83,9.4,15.22,-3.57,16.63,M,Food,304.5
2020-12-24,8.99,8.65,17.64,0.34,16.09,M,Food,304.84
2020-12-25,8.18,4.64,12.82,3.54,7.41,M,Food,308.38
2020-12-28,2.97,5.13,8.1,-2.17,16.96,M,Food,306.21
2020-12-29,3.98,5.61,9.59,-1.64,24.5,M,Food,304.57
2020-12-30,12.46,4.47,16.92,7.99,9.8,M,Food,312.56
2021-01-04,30.19,16.49,46.68,13.7,23.59,M,Food,326.26
2021-01-05,8.3,8.65,16.95,-0.35,14.07,M,Food,325.90999999999997
2021-01-06,16.28,15.52,31.79,0.76,17.17,M,Food,326.66999999999996
2021-01-07,12.08,7.07,19.15,5.01,25.62,M,Food,331.67999999999995
2021-01-08,46.86,24.76,71.62,22.1,46.89,M,Food,353.78
2021-01-11,1.58,8.47,10.05,-6.89,13.36,M,Food,346.89
2021-01-12,1.68,12.99,14.67,-11.3,19.58,M,Food,335.59
2021-01-13,3.93,16.68,20.61,-12.75,14.86,M,Food,322.84
2021-01-14,16.24,14.26,30.5,1.98,17.94,M,Food,324.82
2021-01-15,2.63,16.77,19.4,-14.14,28.4,M,Food,310.68
2021-01-18,6.14,18.55,24.69,-12.42,18.84,M,Food,298.26
2021-01-19,17.12,17.3,34.42,-0.18,17.22,M,Food,298.08
2021-01-20,32.34,30.79,63.13,1.55,25.57,M,Food,299.63
2021-01-21,62.71,52.01,114.72,10.7,29.48,M,Food,310.33
2021-01-22,44.1,59.33,103.42,-15.23,35.8,M,Food,295.09999999999997
2021-01-25,33.03,48.07,81.1,-15.04,20.78,M,Food,280.05999999999995
2021-01-26,14.39,11.73,26.12,2.65,15.1,M,Food,282.7099999999999
2021-01-27,5.16,9.55,14.71,-4.39,13.04,M,Food,278.31999999999994
2021-01-28,15.66,8.92,24.58,6.74,25.64,M,Food,285.05999999999995
2021-01-29,26.2,26.59,52.79,-0.39,42.64,M,Food,284.66999999999996
2021-02-01,1.61,4.59,6.21,-2.98,12.92,M,Food,281.68999999999994
2021-02-02,40.13,34.42,74.55,5.71,31.89,M,Food,287.3999999999999
2021-02-03,20.72,25.02,45.74,-4.3,29.93,M,Food,283.0999999999999
2021-02-04,11.5,4.52,16.02,6.98,27.0,M,Food,290.0799999999999
2021-02-05,33.66,28.25,61.92,5.41,39.33,M,Food,295.48999999999995
2021-02-08,32.07,16.35,48.41,15.72,30.01,M,Food,311.21
2021-02-09,1.68,10.25,11.93,-8.56,19.66,M,Food,302.65
2021-02-10,7.39,8.14,15.54,-0.75,13.33,M,Food,301.9
2021-02-11,1.66,4.06,5.72,-2.4,15.31,M,Food,299.5
2021-02-15,2.04,10.42,12.46,-8.38,26.33,M,Food,291.12
2021-02-16,9.29,6.07,15.36,3.21,13.85,M,Food,294.33
2021-02-17,7.6,3.36,10.96,4.23,15.46,M,Food,298.56
2021-02-18,10.13,6.68,16.82,3.45,17.28,M,Food,302.01
2021-02-19,14.74,1.71,16.46,13.03,21.14,M,Food,315.03999999999996
2021-02-22,52.28,26.99,79.26,25.29,14.16,M,Food,340.33
2021-02-23,11.32,35.45,46.77,-24.12,9.99,M,Food,316.21
2021-02-24,26.39,9.49,35.88,16.9,21.79,M,Food,333.10999999999996
2021-02-25,37.52,26.56,64.08,10.95,13.93,M,Food,344.05999999999995
2021-03-01,12.0,16.65,28.66,-4.65,14.53,M,Food,339.40999999999997
2021-03-02,16.21,8.24,24.45,7.98,15.19,M,Food,347.39
2021-03-03,28.44,16.96,45.4,11.47,12.75,M,Food,358.86
2021-03-04,6.8,17.84,24.65,-11.04,9.8,M,Food,347.82
2021-03-05,12.59,14.45,27.05,-1.86,13.75,M,Food,345.96
2021-03-08,24.83,13.66,38.49,11.17,12.83,M,Food,357.13
2021-03-09,14.83,4.49,19.32,10.34,14.32,M,Food,367.46999999999997
2021-03-10,24.07,24.23,48.3,-0.16,11.35,M,Food,367.30999999999995
2021-03-11,13.98,16.81,30.79,-2.83,27.53,M,Food,364.47999999999996
2021-03-12,22.38,11.38,33.77,11.0,13.34,M,Food,375.47999999999996
2021-03-15,9.6,5.64,15.24,3.97,13.33,M,Food,379.45
2021-03-16,24.16,5.53,29.68,18.63,18.3,M,Food,398.08
2021-03-17,23.46,32.47,55.93,-9.01,26.27,M,Food,389.07
2021-03-18,5.88,17.92,23.79,-12.04,11.97,M,Food,377.03
2021-03-19,17.83,5.79,23.62,12.03,24.76,M,Food,389.05999999999995
2021-03-22,22.34,10.89,33.23,11.44,19.19,M,Food,400.49999999999994
2021-03-23,47.09,5.48,52.57,41.6,18.57,M,Food,442.09999999999997
2021-03-24,18.72,16.42,35.13,2.3,14.42,M,Food,444.4
2021-03-25,21.42,7.45,28.88,13.97,15.84,M,Food,458.37
2021-03-26,18.59,5.29,23.88,13.3,13.26,M,Food,471.67
2021-03-29,4.05,8.73,12.78,-4.67,12.74,M,Food,467.0
2021-03-30,9.42,20.4,29.82,-10.98,16.92,M,Food,456.02
2021-03-31,25.46,14.69,40.15,10.77,13.94,M,Food,466.78999999999996
2021-04-01,14.19,2.66,16.85,11.54,11.7,M,Food,478.33
2021-04-02,8.39,4.39,12.77,4.0,12.09,M,Food,482.33
2021-04-05,9.1,15.1,24.2,-6.0,15.39,M,Food,476.33
2021-04-07,89.18,16.1,105.28,73.07,19.66,M,Food,549.4
2021-04-08,17.81,13.49,31.3,4.32,22.03,M,Food,553.72
2021-04-09,2.89,9.79,12.67,-6.9,13.57,M,Food,546.82
2021-04-12,14.09,15.01,29.09,-0.92,16.07,M,Food,545.9000000000001
2021-04-16,17.14,9.12,26.26,8.03,16.36,M,Food,553.9300000000001
2021-04-19,2.37,11.16,13.53,-8.8,20.41,M,Food,545.1300000000001
2021-04-20,3.98,16.47,20.45,-12.5,32.33,M,Food,532.6300000000001
2021-04-21,9.64,6.92,16.56,2.72,23.17,M,Food,535.3500000000001
2021-04-22,3.9,26.32,30.22,-22.41,26.81,M,Food,512.9400000000002
2021-04-23,16.38,14.19,30.57,2.2,19.4,M,Food,515.1400000000002
2021-04-26,22.8,6.23,29.03,16.57,16.09,M,Food,531.7100000000003
2021-04-27,6.8,10.04,16.84,-3.24,20.13,M,Food,528.4700000000003
2021-04-28,8.16,18.82,26.98,-10.66,22.68,M,Food,517.8100000000003
2021-04-29,10.85,31.44,42.29,-20.59,18.72,M,Food,497.2200000000003
2021-04-30,3.58,19.79,23.37,-16.22,17.52,M,Food,481.00000000000034
2021-05-05,8.06,34.39,42.45,-26.33,25.47,M,Food,454.67000000000036
2021-05-06,8.02,8.29,16.31,-0.26,18.49,M,Food,454.41000000000037
2021-05-07,6.37,5.49,11.86,0.88,11.15,M,Food,455.29000000000036
2021-05-10,11.97,4.9,16.86,7.07,12.16,M,Food,462.36000000000035
2021-05-11,2.63,16.62,19.24,-13.99,17.43,M,Food,448.37000000000035
2021-05-12,4.44,17.72,22.16,-13.28,14.31,M,Food,435.0900000000004
2021-05-13,7.56,26.36,33.92,-18.8,17.4,M,Food,416.29000000000036
2021-05-14,27.57,12.85,40.42,14.72,21.88,M,Food,431.0100000000004
2021-05-17,16.05,14.16,30.21,1.89,17.11,M,Food,432.9000000000004
2021-05-18,24.76,15.42,40.19,9.34,18.59,M,Food,442.24000000000035
2021-05-19,8.22,4.8,13.02,3.42,16.64,M,Food,445.66000000000037
2021-05-20,12.85,8.43,21.28,4.42,16.27,M,Food,450.0800000000004
2021-05-21,4.83,18.55,23.38,-13.72,23.17,M,Food,436.36000000000035
2021-05-24,8.71,5.65,14.36,3.06,15.2,M,Food,439.42000000000036
2021-05-25,28.34,17.23,45.56,11.11,27.47,M,Food,450.53000000000037
2021-05-27,53.28,28.52,81.8,24.76,28.28,M,Food,475.29000000000036
2021-05-28,13.29,28.69,41.98,-15.4,12.8,M,Food,459.8900000000004
2021-05-31,12.18,9.03,21.21,3.15,20.11,M,Food,463.04000000000036
2021-06-01,38.55,19.43,57.98,19.11,15.54,M,Food,482.1500000000004
2021-06-02,3.68,18.55,22.23,-14.87,15.51,M,Food,467.28000000000037
2021-06-04,2.96,12.39,15.35,-9.42,13.7,M,Food,457.86000000000035
2021-06-07,2.24,12.74,14.98,-10.5,8.7,M,Food,447.36000000000035
2021-06-08,2.34,7.34,9.68,-5.0,8.41,M,Food,442.36000000000035
2021-06-09,4.6,16.38,20.98,-11.78,17.82,M,Food,430.5800000000004
2021-06-10,33.53,29.57,63.1,3.95,21.28,M,Food,434.53000000000037
2021-06-11,7.31,6.15,13.46,1.16,14.21,M,Food,435.6900000000004
2021-06-14,17.95,18.79,36.74,-0.84,32.49,M,Food,434.8500000000004
2021-06-15,14.32,15.92,30.24,-1.59,20.3,M,Food,433.26000000000045
2021-06-16,6.32,6.12,12.44,0.2,15.98,M,Food,433.46000000000043
2021-06-17,5.19,8.61,13.8,-3.42,12.27,M,Food,430.0400000000004
2021-06-18,2.7,11.88,14.58,-9.18,17.63,M,Food,420.8600000000004
2021-06-21,13.08,7.53,20.6,5.55,14.16,M,Food,426.4100000000004
2021-06-22,8.92,9.4,18.32,-0.47,16.59,M,Food,425.9400000000004
2021-06-23,28.79,20.31,49.1,8.49,23.29,M,Food,434.4300000000004
2021-06-24,27.23,11.35,38.58,15.87,27.24,M,Food,450.3000000000004
2021-06-25,19.22,11.17,30.39,8.05,19.42,M,Food,458.3500000000004
2021-06-28,41.07,26.94,68.01,14.13,25.52,M,Food,472.4800000000004
2021-06-29,8.91,26.59,35.5,-17.67,37.29,M,Food,454.8100000000004
2021-06-30,2.68,10.04,12.71,-7.36,24.66,M,Food,447.4500000000004
2021-07-01,23.22,13.73,36.95,9.49,22.4,M,Food,456.9400000000004
2021-07-02,4.03,10.05,14.08,-6.02,16.13,M,Food,450.9200000000004
2021-07-05,1.09,7.26,8.35,-6.17,13.42,M,Food,444.7500000000004
2021-07-06,4.6,6.07,10.67,-1.48,16.85,M,Food,443.2700000000004
2021-07-07,16.57,10.84,27.41,5.73,11.14,M,Food,449.0000000000004
2021-07-08,50.21,30.41,80.61,19.8,19.8,M,Food,468.8000000000004
2021-07-09,12.7,12.5,25.2,0.2,17.36,M,Food,469.0000000000004
2021-07-12,4.77,8.26,13.03,-3.49,27.28,M,Food,465.5100000000004
2021-07-13,4.47,11.88,16.35,-7.41,21.05,M,Food,458.10000000000036
2021-07-14,12.37,13.53,25.9,-1.17,20.24,M,Food,456.93000000000035
2021-07-15,5.78,12.9,18.68,-7.13,23.8,M,Food,449.80000000000035
2021-07-16,1.54,4.65,6.19,-3.11,22.79,M,Food,446.69000000000034
2021-07-19,12.4,14.25,26.65,-1.85,33.03,M,Food,444.8400000000003
2021-07-20,17.13,25.21,42.34,-8.08,12.33,M,Food,436.76000000000033
2021-07-21,30.75,4.12,34.86,26.63,19.15,M,Food,463.3900000000003
2021-07-22,4.3,8.07,12.38,-3.77,19.84,M,Food,459.62000000000035
2021-07-23,8.17,21.97,30.14,-13.8,21.18,M,Food,445.82000000000033
2021-07-27,10.78,4.95,15.73,5.83,22.92,M,Food,451.6500000000003
2021-07-29,1.68,5.32,6.99,-3.64,25.27,M,Food,448.01000000000033
2021-07-30,15.8,23.16,38.96,-7.36,30.93,M,Food,440.6500000000003
2021-08-02,2.01,11.26,13.28,-9.25,13.36,M,Food,431.4000000000003
2021-08-03,3.58,3.7,7.27,-0.12,21.87,M,Food,431.2800000000003
2021-08-04,5.26,7.1,12.36,-1.84,24.86,M,Food,429.44000000000034
2021-08-05,0.58,9.12,9.7,-8.53,27.45,M,Food,420.91000000000037
2021-08-06,0.7,13.7,14.4,-12.99,26.6,M,Food,407.92000000000036
2021-08-09,5.48,4.92,10.4,0.56,18.98,M,Food,408.48000000000036
2021-08-10,6.41,6.47,12.88,-0.06,31.72,M,Food,408.42000000000036
2021-08-11,11.96,6.28,18.24,5.68,39.61,M,Food,414.10000000000036
2021-08-13,5.47,3.55,9.02,1.93,27.42,M,Food,416.03000000000037
2021-08-16,11.14,4.92,16.05,6.22,21.43,M,Food,422.2500000000004
2021-08-17,15.16,2.28,17.44,12.88,17.94,M,Food,435.1300000000004
2021-08-18,22.73,18.16,40.89,4.57,17.27,M,Food,439.7000000000004
2021-08-19,17.74,9.16,26.91,8.58,38.37,M,Food,448.28000000000037
2021-08-20,8.68,18.82,27.5,-10.14,14.4,M,Food,438.1400000000004
2021-08-23,7.89,17.04,24.93,-9.15,18.58,M,Food,428.9900000000004
2021-08-24,8.89,17.44,26.33,-8.54,12.5,M,Food,420.4500000000004
2021-08-25,10.48,4.1,14.58,6.38,16.5,M,Food,426.8300000000004
2021-08-26,3.81,12.88,16.69,-9.07,14.19,M,Food,417.7600000000004
2021-08-27,14.79,5.87,20.66,8.93,17.81,M,Food,426.6900000000004
2021-08-30,14.78,12.99,27.77,1.79,16.26,M,Food,428.4800000000004
2021-08-31,12.22,16.04,28.26,-3.81,28.57,M,Food,424.6700000000004
2021-09-01,14.37,19.09,33.46,-4.71,19.35,M,Food,419.96000000000043
2021-09-02,16.95,6.16,23.12,10.79,16.89,M,Food,430.75000000000045
2021-09-03,8.94,5.1,14.04,3.84,15.32,M,Food,434.59000000000043
2021-09-06,1.57,8.62,10.2,-7.05,18.83,M,Food,427.5400000000004
2021-09-07,3.55,7.24,10.79,-3.69,16.45,M,Food,423.8500000000004
2021-09-08,5.03,3.59,8.62,1.45,10.43,M,Food,425.3000000000004
2021-09-09,13.42,7.24,20.67,6.18,15.28,M,Food,431.4800000000004
2021-09-10,3.69,4.49,8.17,-0.8,17.55,M,Food,430.6800000000004
2021-09-13,10.08,4.67,14.75,5.41,12.65,M,Food,436.09000000000043
2021-09-14,2.24,12.48,14.72,-10.24,15.3,M,Food,425.8500000000004
2021-09-15,1.54,9.1,10.64,-7.56,23.29,M,Food,418.2900000000004
2021-09-16,17.88,5.63,23.51,12.25,14.17,M,Food,430.5400000000004
2021-09-17,16.44,24.74,41.19,-8.3,34.04,M,Food,422.2400000000004
2021-09-20,2.49,9.88,12.37,-7.4,20.44,M,Food,414.84000000000043
2021-09-21,1.44,2.95,4.4,-1.51,5.23,M,Food,413.33000000000044
2021-09-22,5.06,2.91,7.97,2.16,15.22,M,Food,415.49000000000046
2021-09-23,17.24,2.95,20.19,14.29,20.86,M,Food,429.7800000000005
2021-09-27,12.72,9.0,21.73,3.72,22.34,M,Food,433.5000000000005
2021-09-28,13.2,5.12,18.32,8.08,11.47,M,Food,441.5800000000005
2021-09-29,8.97,9.56,18.53,-0.59,17.9,M,Food,440.9900000000005
2021-09-30,5.98,4.3,10.28,1.68,15.01,M,Food,442.6700000000005
2021-10-01,1.67,4.04,5.71,-2.37,13.06,M,Food,440.3000000000005
2021-10-04,7.9,4.41,12.32,3.49,23.89,M,Food,443.79000000000053
2021-10-05,2.74,6.91,9.65,-4.16,11.51,M,Food,439.6300000000005
2021-10-06,2.68,9.41,12.09,-6.74,17.29,M,Food,432.8900000000005
2021-10-07,2.46,3.24,5.7,-0.78,10.66,M,Food,432.1100000000005
2021-10-08,3.66,3.94,7.6,-0.28,8.78,M,Food,431.83000000000055
2021-10-11,16.16,9.23,25.4,6.93,28.57,M,Food,438.76000000000056
2021-10-12,38.41,17.64,56.05,20.77,29.12,M,Food,459.53000000000054
2021-10-14,25.46,17.56,43.02,7.9,20.47,M,Food,467.4300000000005
2021-10-15,25.23,26.54,51.77,-1.31,19.94,M,Food,466.1200000000005
2021-10-18,4.12,14.14,18.25,-10.02,25.71,M,Food,456.10000000000053
2021-10-19,4.48,11.79,16.27,-7.31,22.45,M,Food,448.79000000000053
2021-10-20,3.08,6.05,9.14,-2.97,20.27,M,Food,445.8200000000005
2021-10-21,54.09,74.63,128.73,-20.54,77.53,M,Food,425.2800000000005
2021-10-25,2.95,14.58,17.53,-11.63,16.53,M,Food,413.6500000000005
2021-10-26,4.65,18.11,22.77,-13.46,23.9,M,Food,400.1900000000005
2021-10-27,1.25,5.68,6.93,-4.44,15.9,M,Food,395.7500000000005
2021-10-28,9.12,1.48,10.6,7.64,14.83,M,Food,403.3900000000005
2021-10-29,2.36,3.74,6.1,-1.38,17.01,M,Food,402.0100000000005
2021-11-01,4.03,3.76,7.8,0.27,11.25,M,Food,402.2800000000005
2021-11-02,5.29,2.05,7.34,3.24,17.46,M,Food,405.5200000000005
2021-11-03,0.74,6.79,7.53,-6.05,16.74,M,Food,399.4700000000005
2021-11-04,14.4,3.23,17.63,11.16,18.04,M,Food,410.6300000000005
2021-11-05,8.8,2.48,11.28,6.32,22.12,M,Food,416.9500000000005
2021-11-08,8.48,8.86,17.34,-0.38,25.4,M,Food,416.5700000000005
2021-11-09,10.19,3.26,13.45,6.93,12.21,M,Food,423.5000000000005
2021-11-10,5.36,7.74,13.1,-2.38,12.96,M,Food,421.1200000000005
2021-11-11,15.96,11.48,27.45,4.48,18.92,M,Food,425.60000000000053
2021-11-12,7.53,12.11,19.63,-4.58,27.75,M,Food,421.02000000000055
2021-11-15,1.98,6.61,8.59,-4.63,11.7,M,Food,416.39000000000055
2021-11-16,3.75,2.03,5.77,1.72,4.79,M,Food,418.1100000000006
2021-11-17,4.4,6.37,10.77,-1.97,6.58,M,Food,416.14000000000055
2021-11-18,11.73,19.77,31.49,-8.04,21.16,M,Food,408.10000000000053
2021-11-19,4.4,12.63,17.03,-8.22,13.11,M,Food,399.8800000000005
2021-11-22,4.38,6.52,10.9,-2.14,20.25,M,Food,397.7400000000005
2021-11-23,0.46,2.68,3.14,-2.22,9.24,M,Food,395.5200000000005
2021-11-24,6.05,3.04,9.09,3.02,16.02,M,Food,398.5400000000005
2021-11-25,5.48,5.32,10.8,0.16,9.03,M,Food,398.7000000000005
2021-11-26,25.4,21.21,46.61,4.19,20.95,M,Food,402.8900000000005
2021-11-29,28.27,18.72,46.99,9.54,16.85,M,Food,412.4300000000005
2021-11-30,41.67,21.81,63.48,19.86,19.81,M,Food,432.29000000000053
2021-12-01,9.54,15.24,24.79,-5.7,24.9,M,Food,426.59000000000054
2021-12-02,2.17,17.44,19.62,-15.27,27.54,M,Food,411.32000000000056
2021-12-03,4.01,10.25,14.26,-6.24,22.43,M,Food,405.08000000000055
2021-12-07,8.49,12.72,21.21,-4.23,13.79,M,Food,400.85000000000053
2021-12-08,2.43,20.11,22.54,-17.67,12.0,M,Food,383.1800000000005
2021-12-09,2.83,5.48,8.31,-2.65,14.22,M,Food,380.53000000000054
2021-12-13,3.7,7.3,10.99,-3.6,25.06,M,Food,376.9300000000005
2021-12-14,7.62,10.74,18.36,-3.12,24.33,M,Food,373.8100000000005
2021-12-15,4.06,10.19,14.25,-6.14,24.47,M,Food,367.6700000000005
2021-12-16,5.8,1.72,7.52,4.08,11.06,M,Food,371.7500000000005
2021-12-17,1.96,2.02,3.99,-0.06,9.67,M,Food,371.6900000000005
2021-12-20,5.78,3.02,8.79,2.76,10.01,M,Food,374.4500000000005
2021-12-21,4.26,5.32,9.58,-1.07,17.49,M,Food,373.3800000000005
2021-12-22,3.07,0.83,3.9,2.24,12.43,M,Food,375.6200000000005
2021-12-23,1.88,2.73,4.61,-0.85,11.94,M,Food,374.7700000000005
2021-12-24,2.8,3.79,6.59,-0.98,18.91,M,Food,373.7900000000005
2021-12-27,1.62,4.78,6.4,-3.16,15.07,M,Food,370.63000000000045
2021-12-28,6.57,3.23,9.8,3.34,14.01,M,Food,373.9700000000004
2021-12-29,20.63,6.28,26.91,14.35,19.42,M,Food,388.32000000000045
2021-12-30,3.95,5.81,9.76,-1.86,9.25,M,Food,386.46000000000043
2022-01-04,12.61,3.6,16.2,9.01,14.5,M,Food,395.4700000000004
2022-01-05,1.24,3.62,4.86,-2.37,7.56,M,Food,393.1000000000004
2022-01-06,7.87,8.95,16.82,-1.08,10.35,M,Food,392.02000000000044
2022-01-07,8.45,8.39,16.84,0.06,14.52,M,Food,392.08000000000044
2022-01-10,8.51,2.14,10.65,6.37,8.88,M,Food,398.45000000000044
2022-01-11,2.27,1.6,3.87,0.67,10.83,M,Food,399.12000000000046
2022-01-12,3.82,1.65,5.47,2.16,13.12,M,Food,401.2800000000005
2022-01-13,2.51,3.28,5.79,-0.77,12.37,M,Food,400.5100000000005
2022-01-14,0.04,0.8,0.84,-0.76,5.35,M,Food,399.7500000000005
2022-01-17,6.67,4.8,11.48,1.87,24.94,M,Food,401.6200000000005
2022-01-18,1.3,5.93,7.23,-4.62,18.51,M,Food,397.0000000000005
2022-01-19,1.23,3.14,4.37,-1.91,15.77,M,Food,395.0900000000005
2022-01-20,4.89,0.83,5.71,4.06,10.9,M,Food,399.1500000000005
2022-01-21,4.26,1.8,6.06,2.46,19.91,M,Food,401.61000000000047
2022-01-24,2.76,5.07,7.84,-2.31,21.72,M,Food,399.30000000000047
2022-01-25,7.54,3.1,10.64,4.43,16.3,M,Food,403.7300000000005
2022-01-26,0.82,1.14,1.96,-0.32,15.49,M,Food,403.4100000000005
2022-01-27,2.39,3.3,5.69,-0.92,7.99,M,Food,402.49000000000046
2022-01-28,3.65,1.72,5.37,1.93,11.32,M,Food,404.42000000000047
2022-01-31,2.63,2.31,4.94,0.32,17.09,M,Food,404.74000000000046
2022-02-01,3.61,0.81,4.42,2.8,10.42,M,Food,407.5400000000005
2022-02-02,16.6,2.89,19.5,13.71,15.02,M,Food,421.25000000000045
2022-02-03,1.72,5.26,6.98,-3.54,10.16,M,Food,417.71000000000043
2022-02-04,6.69,4.2,10.89,2.5,29.41,M,Food,420.21000000000043
2022-02-07,3.96,2.23,6.18,1.73,20.33,M,Food,421.94000000000045
2022-02-08,3.76,5.88,9.64,-2.13,21.02,M,Food,419.81000000000046
2022-02-09,15.19,6.88,22.07,8.31,16.06,M,Food,428.12000000000046
2022-02-10,3.14,4.45,7.59,-1.31,12.25,M,Food,426.81000000000046
2022-02-11,4.95,3.23,8.18,1.72,16.52,M,Food,428.5300000000005
2022-02-14,1.42,8.39,9.81,-6.97,22.22,M,Food,421.56000000000046
2022-02-15,11.81,8.57,20.37,3.24,15.83,M,Food,424.80000000000047
2022-02-17,14.2,2.29,16.49,11.92,18.31,M,Food,436.7200000000005
2022-02-18,17.07,4.94,22.01,12.14,31.69,M,Food,448.86000000000047
2022-02-21,20.26,6.19,26.45,14.07,27.87,M,Food,462.93000000000046
2022-02-22,2.63,10.6,13.23,-7.98,26.17,M,Food,454.95000000000044
2022-02-23,2.79,5.37,8.16,-2.57,26.18,M,Food,452.38000000000045
2022-02-24,1.42,10.87,12.3,-9.45,21.83,M,Food,442.93000000000046
2022-02-25,52.86,13.92,66.77,38.94,21.74,M,Food,481.87000000000046
2022-02-28,22.92,4.23,27.15,18.68,19.05,M,Food,500.55000000000047
2022-03-01,14.13,3.63,17.77,10.5,15.77,M,Food,511.05000000000047
2022-03-02,3.64,6.47,10.11,-2.84,16.7,M,Food,508.2100000000005
2022-03-03,11.17,1.27,12.44,9.89,16.84,M,Food,518.1000000000005
2022-03-04,10.1,7.28,17.38,2.82,20.72,M,Food,520.9200000000005
2022-03-07,22.18,18.41,40.59,3.77,22.11,M,Food,524.6900000000005
2022-03-08,24.33,17.93,42.26,6.4,23.55,M,Food,531.0900000000005
2022-03-09,8.77,12.76,21.53,-3.98,25.97,M,Food,527.1100000000005
2022-03-10,17.91,14.96,32.87,2.96,34.12,M,Food,530.0700000000005
2022-03-11,10.79,5.53,16.32,5.25,30.18,M,Food,535.3200000000005
2022-03-14,6.86,8.03,14.9,-1.17,39.83,M,Food,534.1500000000005
2022-03-15,1.98,6.62,8.6,-4.64,21.87,M,Food,529.5100000000006
2022-03-16,3.79,3.47,7.27,0.32,22.26,M,Food,529.8300000000006
2022-03-17,6.76,5.2,11.96,1.57,25.3,M,Food,531.4000000000007
2022-03-18,3.72,12.77,16.49,-9.06,17.52,M,Food,522.3400000000007
2022-03-21,2.14,4.65,6.79,-2.5,24.31,M,Food,519.8400000000007
2022-03-22,3.77,5.64,9.41,-1.87,28.66,M,Food,517.9700000000007
2022-03-23,8.08,18.14,26.22,-10.06,35.35,M,Food,507.9100000000007
2022-03-24,1.37,8.56,9.93,-7.19,27.36,M,Food,500.7200000000007
2022-03-25,1.43,4.72,6.15,-3.29,16.86,M,Food,497.4300000000007
2022-03-28,1.85,3.72,5.57,-1.87,20.44,M,Food,495.5600000000007
2022-03-29,3.73,4.61,8.34,-0.88,11.09,M,Food,494.6800000000007
2022-03-30,6.19,8.71,14.9,-2.52,14.55,M,Food,492.1600000000007
2022-03-31,2.56,8.54,11.1,-5.97,17.07,M,Food,486.1900000000007
2022-04-01,0.65,4.48,5.13,-3.83,10.72,M,Food,482.3600000000007
2022-04-04,1.99,5.1,7.08,-3.11,21.07,M,Food,479.2500000000007
2022-04-05,10.85,4.64,15.49,6.22,20.04,M,Food,485.4700000000007
2022-04-07,6.13,6.78,12.9,-0.65,17.68,M,Food,484.82000000000073
2022-04-08,16.62,4.77,21.39,11.84,8.36,M,Food,496.6600000000007
2022-04-11,7.12,3.03,10.16,4.09,12.04,M,Food,500.7500000000007
2022-04-12,6.63,5.86,12.49,0.77,26.37,M,Food,501.52000000000066
2022-04-18,4.14,6.05,10.2,-1.91,10.73,M,Food,499.61000000000064
2022-04-19,5.98,3.06,9.04,2.93,20.08,M,Food,502.54000000000065
2022-04-20,0.89,3.11,3.99,-2.22,11.89,M,Food,500.3200000000006
2022-04-21,1.53,5.48,7.01,-3.94,17.24,M,Food,496.3800000000006
2022-04-22,4.61,2.0,6.61,2.61,16.5,M,Food,498.99000000000063
2022-04-25,5.46,3.9,9.36,1.56,26.6,M,Food,500.55000000000064
2022-04-26,2.31,1.79,4.09,0.52,10.68,M,Food,501.0700000000006
2022-04-27,1.14,5.2,6.34,-4.06,20.18,M,Food,497.0100000000006
2022-04-28,0.63,12.35,12.98,-11.72,12.48,M,Food,485.2900000000006
2022-04-29,2.68,9.52,12.2,-6.84,35.65,M,Food,478.4500000000006
2022-05-03,0.46,7.28,7.74,-6.81,18.93,M,Food,471.6400000000006
2022-05-05,1.48,2.69,4.17,-1.22,14.37,M,Food,470.4200000000006
2022-05-06,5.08,29.07,34.15,-23.99,29.69,M,Food,446.4300000000006
2022-05-09,26.67,15.69,42.35,10.98,15.85,M,Food,457.4100000000006
2022-05-10,12.06,30.03,42.09,-17.97,40.67,M,Food,439.4400000000006
2022-05-11,4.64,17.85,22.49,-13.21,30.3,M,Food,426.23000000000064
2022-05-12,12.19,34.03,46.22,-21.84,30.15,M,Food,404.39000000000067
2022-05-13,5.98,35.23,41.2,-29.25,15.96,M,Food,375.14000000000067
2022-05-17,20.48,11.85,32.33,8.64,12.71,M,Food,383.78000000000065
2022-05-18,14.02,6.22,20.24,7.8,20.91,M,Food,391.58000000000067
2022-05-19,2.52,2.69,5.2,-0.17,9.68,M,Food,391.41000000000065
2022-05-20,5.06,10.74,15.8,-5.68,17.88,M,Food,385.73000000000064
2022-05-23,7.23,7.78,15.01,-0.56,12.81,M,Food,385.17000000000064
2022-05-24,4.99,10.98,15.96,-5.99,10.65,M,Food,379.18000000000063
2022-05-25,4.52,5.3,9.82,-0.78,18.67,M,Food,378.40000000000066
2022-05-26,8.03,4.3,12.33,3.73,23.49,M,Food,382.1300000000007
2022-05-27,3.17,6.45,9.61,-3.28,26.19,M,Food,378.8500000000007
2022-05-30,16.19,2.09,18.28,14.1,15.71,M,Food,392.9500000000007
2022-05-31,36.79,21.49,58.28,15.3,43.33,M,Food,408.25000000000074
2022-06-01,4.07,5.45,9.52,-1.39,22.56,M,Food,406.86000000000075
2022-06-02,5.6,3.2,8.8,2.41,21.16,M,Food,409.2700000000008
2022-06-06,24.96,4.35,29.31,20.61,25.37,M,Food,429.8800000000008
2022-06-07,17.02,5.01,22.03,12.02,16.28,M,Food,441.9000000000008
2022-06-08,14.81,5.58,20.39,9.24,19.03,M,Food,451.1400000000008
2022-06-09,17.56,4.97,22.53,12.6,31.52,M,Food,463.7400000000008
2022-06-10,5.71,5.84,11.56,-0.13,20.22,M,Food,463.6100000000008
2022-06-13,7.79,9.19,16.97,-1.4,16.63,M,Food,462.21000000000083
2022-06-14,4.91,11.87,16.78,-6.97,13.6,M,Food,455.2400000000008
2022-06-15,1.01,9.03,10.04,-8.02,14.3,M,Food,447.2200000000008
2022-06-16,6.67,11.76,18.43,-5.09,15.94,M,Food,442.13000000000085
2022-06-17,15.72,4.13,19.85,11.58,11.13,M,Food,453.71000000000083
2022-06-20,31.27,4.72,35.99,26.56,22.68,M,Food,480.27000000000083
2022-06-21,7.43,9.61,17.04,-2.18,22.56,M,Food,478.0900000000008
2022-06-22,10.29,13.28,23.56,-2.99,20.84,M,Food,475.1000000000008
2022-06-23,48.0,6.03,54.03,41.98,14.31,M,Food,517.0800000000008
2022-06-24,14.65,14.51,29.16,0.14,24.24,M,Food,517.2200000000008
2022-06-27,8.49,6.53,15.02,1.96,20.17,M,Food,519.1800000000009
2022-06-28,7.54,5.62,13.17,1.92,13.62,M,Food,521.1000000000008
2022-06-29,5.49,3.43,8.92,2.05,6.0,M,Food,523.1500000000008
2022-06-30,17.16,8.17,25.33,8.99,17.66,M,Food,532.1400000000008
2022-07-01,14.02,6.86,20.88,7.17,12.02,M,Food,539.3100000000007
2022-07-04,6.46,3.77,10.23,2.69,13.2,M,Food,542.0000000000008
2022-07-05,20.16,24.96,45.12,-4.8,24.41,M,Food,537.2000000000008
2022-07-06,15.61,18.88,34.49,-3.27,30.59,M,Food,533.9300000000009
2022-07-07,9.62,10.68,20.3,-1.07,18.25,M,Food,532.8600000000008
2022-07-08,13.23,15.53,28.76,-2.3,24.0,M,Food,530.5600000000009
2022-07-11,7.89,18.54,26.43,-10.65,27.69,M,Food,519.9100000000009
2022-07-12,2.17,4.03,6.2,-1.86,12.66,M,Food,518.0500000000009
2022-07-14,10.39,6.16,16.55,4.23,27.9,M,Food,522.2800000000009
2022-07-15,22.38,3.34,25.72,19.04,21.68,M,Food,541.3200000000008
2022-07-18,2.0,16.06,18.05,-14.06,16.28,M,Food,527.2600000000009
2022-07-19,6.04,8.24,14.28,-2.21,22.44,M,Food,525.0500000000009
2022-07-20,7.41,9.9,17.31,-2.49,20.73,M,Food,522.5600000000009
2022-07-21,9.48,3.78,13.26,5.7,25.74,M,Food,528.2600000000009
2022-07-22,8.34,9.22,17.56,-0.89,23.43,M,Food,527.3700000000009
2022-07-25,9.33,4.72,14.05,4.61,37.08,M,Food,531.9800000000009
2022-07-26,6.09,8.14,14.23,-2.05,20.6,M,Food,529.930000000001
2022-07-27,2.38,9.63,12.01,-7.26,16.65,M,Food,522.670000000001
2022-08-01,11.81,4.89,16.69,6.92,12.98,M,Food,529.5900000000009
2022-08-02,10.03,1.18,11.21,8.85,9.19,M,Food,538.440000000001
2022-08-03,5.5,8.14,13.65,-2.64,18.91,M,Food,535.800000000001
2022-08-04,4.61,9.79,14.39,-5.18,11.19,M,Food,530.620000000001
2022-08-05,4.77,8.65,13.42,-3.89,15.32,M,Food,526.730000000001
2022-08-08,3.99,5.69,9.68,-1.71,22.94,M,Food,525.020000000001
2022-08-09,7.48,9.43,16.91,-1.95,11.36,M,Food,523.070000000001
2022-08-10,4.75,4.09,8.84,0.66,13.2,M,Food,523.7300000000009
2022-08-11,57.13,4.81,61.94,52.32,11.95,M,Food,576.050000000001
2022-08-15,17.81,17.08,34.89,0.74,15.75,M,Food,576.790000000001
2022-08-16,16.89,6.37,23.26,10.53,27.41,M,Food,587.320000000001
2022-08-17,34.54,26.59,61.14,7.95,20.99,M,Food,595.270000000001
2022-08-18,13.44,7.2,20.64,6.24,12.64,M,Food,601.510000000001
2022-08-19,15.21,7.04,22.25,8.17,12.64,M,Food,609.680000000001
2022-08-22,15.19,10.43,25.62,4.76,18.18,M,Food,614.440000000001
2022-08-23,12.96,4.17,17.14,8.79,20.26,M,Food,623.2300000000009
2022-08-24,22.05,25.9,47.95,-3.85,19.66,M,Food,619.3800000000009
2022-08-25,16.54,27.87,44.41,-11.33,22.1,M,Food,608.0500000000009
2022-08-26,4.93,13.53,18.46,-8.61,11.89,M,Food,599.4400000000009
2022-08-29,16.88,11.86,28.74,5.02,14.71,M,Food,604.4600000000008
2022-08-30,20.56,14.85,35.41,5.71,11.02,M,Food,610.1700000000009
2022-08-31,16.99,22.87,39.85,-5.88,19.13,M,Food,604.2900000000009
2022-09-01,19.28,16.23,35.51,3.05,18.5,M,Food,607.3400000000008
2022-09-02,21.52,12.92,34.44,8.59,27.45,M,Food,615.9300000000009
2022-09-05,14.74,10.38,25.12,4.36,41.13,M,Food,620.2900000000009
2022-09-06,13.08,5.74,18.82,7.34,22.75,M,Food,627.6300000000009
2022-09-07,25.04,7.2,32.24,17.84,33.21,M,Food,645.4700000000009
2022-09-08,8.92,6.52,15.44,2.41,40.81,M,Food,647.8800000000009
2022-09-09,12.44,23.76,36.19,-11.32,22.49,M,Food,636.5600000000009
2022-09-12,32.02,12.6,44.62,19.42,17.31,M,Food,655.9800000000008
2022-09-13,24.9,11.4,36.3,13.5,33.84,M,Food,669.4800000000008
2022-09-14,14.15,11.12,25.27,3.03,33.05,M,Food,672.5100000000008
2022-09-15,17.82,8.82,26.64,9.01,42.74,M,Food,681.5200000000008
2022-09-16,25.36,12.99,38.35,12.37,36.27,M,Food,693.8900000000008
2022-09-19,38.69,17.08,55.77,21.61,29.65,M,Food,715.5000000000008
2022-09-20,44.74,24.96,69.7,19.78,25.96,M,Food,735.2800000000008
2022-09-21,27.9,11.1,39.0,16.8,40.11,M,Food,752.0800000000007
2022-09-22,66.21,20.66,86.87,45.55,41.96,M,Food,797.6300000000007
2022-09-23,12.21,11.3,23.51,0.91,47.4,M,Food,798.5400000000006
2022-09-26,28.88,30.9,59.78,-2.01,39.97,M,Food,796.5300000000007
2022-09-27,10.6,4.96,15.56,5.64,36.61,M,Food,802.1700000000006
2022-09-28,19.0,3.61,22.61,15.39,39.34,M,Food,817.5600000000006
2022-09-29,15.98,7.73,23.71,8.24,42.38,M,Food,825.8000000000006
2022-09-30,19.38,4.69,24.07,14.69,40.28,M,Food,840.4900000000007
2022-10-03,11.78,11.37,23.15,0.42,36.08,M,Food,840.9100000000007
2022-10-04,7.98,22.77,30.75,-14.78,34.13,M,Food,826.1300000000007
2022-10-05,8.33,3.05,11.38,5.28,38.18,M,Food,831.4100000000007
2022-10-06,13.71,4.71,18.42,9.0,42.85,M,Food,840.4100000000007
2022-10-07,6.21,6.07,12.29,0.14,38.68,M,Food,840.5500000000006
2022-10-10,7.82,9.93,17.76,-2.11,26.17,M,Food,838.4400000000006
2022-10-11,12.31,11.07,23.38,1.24,40.91,M,Food,839.6800000000006
2022-10-12,12.93,7.13,20.06,5.81,29.84,M,Food,845.4900000000006
2022-10-17,23.89,8.95,32.84,14.94,26.27,M,Food,860.4300000000006
2022-10-18,16.2,21.18,37.38,-4.98,20.45,M,Food,855.4500000000006
2022-10-19,23.66,8.69,32.35,14.97,32.78,M,Food,870.4200000000006
2022-10-20,37.64,14.05,51.68,23.59,39.05,M,Food,894.0100000000007
2022-10-21,8.07,4.51,12.57,3.56,30.16,M,Food,897.5700000000006
2022-10-25,14.4,1.98,16.37,12.42,21.12,M,Food,909.9900000000006
2022-10-26,24.62,2.8,27.42,21.82,24.46,M,Food,931.8100000000006
2022-10-27,5.57,5.59,11.16,-0.02,25.23,M,Food,931.7900000000006
2022-10-28,10.69,6.53,17.23,4.16,18.17,M,Food,935.9500000000006
2022-10-31,3.14,1.59,4.73,1.55,24.47,M,Food,937.5000000000006
2022-11-01,12.5,2.67,15.17,9.83,24.69,M,Food,947.3300000000006
2022-11-02,6.38,3.14,9.52,3.24,24.84,M,Food,950.5700000000006
2022-11-03,9.46,8.28,17.74,1.17,38.35,M,Food,951.7400000000006
2022-11-04,3.73,8.42,12.15,-4.69,11.55,M,Food,947.0500000000005
2022-11-07,4.23,2.86,7.09,1.38,18.42,M,Food,948.4300000000005
2022-11-08,2.92,4.43,7.34,-1.51,24.04,M,Food,946.9200000000005
2022-11-09,18.07,8.01,26.08,10.06,32.12,M,Food,956.9800000000005
2022-11-10,3.26,1.73,4.99,1.53,16.18,M,Food,958.5100000000004
2022-11-11,28.5,32.74,61.23,-4.24,19.53,M,Food,954.2700000000004
2022-11-14,8.75,22.57,31.33,-13.82,19.66,M,Food,940.4500000000004
2022-11-15,8.53,4.58,13.11,3.95,26.7,M,Food,944.4000000000004
2022-11-16,4.9,10.08,14.98,-5.18,25.93,M,Food,939.2200000000005
2022-11-17,11.05,12.58,23.63,-1.52,43.6,M,Food,937.7000000000005
2022-11-18,17.01,7.72,24.73,9.29,27.77,M,Food,946.9900000000005
2022-11-21,11.06,5.84,16.9,5.22,32.0,M,Food,952.2100000000005
2022-11-22,3.95,6.0,9.95,-2.05,20.2,M,Food,950.1600000000005
2022-11-23,3.86,6.89,10.74,-3.03,17.67,M,Food,947.1300000000006
2022-11-24,7.89,10.5,18.38,-2.61,14.04,M,Food,944.5200000000006
2022-11-25,1.74,3.27,5.01,-1.54,17.31,M,Food,942.9800000000006
2022-11-28,1.04,4.55,5.59,-3.52,12.57,M,Food,939.4600000000006
2022-11-29,6.75,4.36,11.11,2.4,14.91,M,Food,941.8600000000006
2022-11-30,17.12,21.22,38.35,-4.1,36.64,M,Food,937.7600000000006
2022-12-01,9.71,6.63,16.34,3.08,17.55,M,Food,940.8400000000006
2022-12-02,12.83,7.37,20.2,5.46,10.61,M,Food,946.3000000000006
2022-12-06,3.32,8.45,11.77,-5.13,19.53,M,Food,941.1700000000006
2022-12-07,17.78,6.98,24.76,10.8,16.41,M,Food,951.9700000000006
2022-12-08,5.22,6.3,11.52,-1.08,24.97,M,Food,950.8900000000006
2022-12-09,11.82,10.9,22.72,0.92,22.04,M,Food,951.8100000000005
2022-12-13,16.17,5.94,22.11,10.23,26.62,M,Food,962.0400000000005
2022-12-14,16.04,1.33,17.37,14.71,29.01,M,Food,976.7500000000006
2022-12-15,14.68,10.5,25.17,4.18,30.74,M,Food,980.9300000000005
2022-12-16,7.32,4.8,12.12,2.52,9.28,M,Food,983.4500000000005
2022-12-19,4.26,4.87,9.13,-0.61,25.56,M,Food,982.8400000000005
2022-12-20,21.99,11.27,33.26,10.72,36.95,M,Food,993.5600000000005
2022-12-21,2.64,2.47,5.11,0.17,12.58,M,Food,993.7300000000005
2022-12-22,0.73,1.16,1.89,-0.43,15.53,M,Food,993.3000000000005
2022-12-23,3.28,14.58,17.86,-11.3,21.73,M,Food,982.0000000000006
2022-12-26,1.65,0.89,2.54,0.76,8.98,M,Food,982.7600000000006
2022-12-27,28.84,11.18,40.03,17.66,20.69,M,Food,1000.4200000000005
2022-12-28,6.06,5.12,11.18,0.94,10.48,M,Food,1001.3600000000006
2022-12-29,6.56,2.44,9.01,4.12,19.12,M,Food,1005.4800000000006
2022-12-30,3.24,11.47,14.7,-8.23,23.43,M,Food,997.2500000000006
2023-01-03,19.37,5.83,25.19,13.54,8.46,M,Food,1010.7900000000005
2023-01-04,12.21,7.36,19.57,4.84,10.16,M,Food,1015.6300000000006
2023-01-05,11.8,7.16,18.96,4.65,18.26,M,Food,1020.2800000000005
2023-01-06,11.65,4.27,15.92,7.37,7.43,M,Food,1027.6500000000005
2023-01-09,12.29,4.2,16.49,8.08,9.8,M,Food,1035.7300000000005
2023-01-10,31.11,9.26,40.37,21.85,14.51,M,Food,1057.5800000000004
2023-01-11,45.24,19.44,64.68,25.81,27.64,M,Food,1083.3900000000003
2023-01-12,17.69,21.22,38.91,-3.53,22.6,M,Food,1079.8600000000004
2023-01-13,33.83,31.25,65.08,2.59,15.42,M,Food,1082.4500000000003
2023-01-16,33.81,21.93,55.73,11.88,11.82,M,Food,1094.3300000000004
2023-01-17,28.89,18.62,47.51,10.28,11.33,M,Food,1104.6100000000004
2023-01-18,28.31,24.53,52.83,3.78,21.46,M,Food,1108.3900000000003
2023-01-19,46.06,28.54,74.6,17.52,19.95,M,Food,1125.9100000000003
2023-01-20,26.36,8.46,34.82,17.9,27.02,M,Food,1143.8100000000004
2023-01-23,8.47,15.05,23.52,-6.58,25.45,M,Food,1137.2300000000005
2023-01-24,13.73,18.81,32.53,-5.08,13.55,M,Food,1132.1500000000005
2023-01-25,15.23,15.0,30.23,0.23,22.6,M,Food,1132.3800000000006
2023-01-26,10.68,34.62,45.3,-23.94,29.71,M,Food,1108.4400000000005
2023-01-27,3.05,8.66,11.71,-5.61,17.66,M,Food,1102.8300000000006
2023-01-30,9.85,38.61,48.46,-28.77,31.27,M,Food,1074.0600000000006
2023-01-31,14.05,21.7,35.75,-7.66,13.64,M,Food,1066.4000000000005
2023-02-01,4.56,15.67,20.23,-11.1,22.02,M,Food,1055.3000000000006
2023-02-02,21.55,8.7,30.25,12.85,21.27,M,Food,1068.1500000000005
2023-02-03,3.75,11.37,15.12,-7.62,20.97,M,Food,1060.5300000000007
2023-02-06,6.03,6.78,12.8,-0.75,21.79,M,Food,1059.7800000000007
2023-02-07,12.5,24.64,37.14,-12.14,20.46,M,Food,1047.6400000000006
2023-02-08,9.49,21.75,31.24,-12.25,35.43,M,Food,1035.3900000000006
2023-02-09,22.99,38.25,61.24,-15.26,23.01,M,Food,1020.1300000000006
2023-02-10,10.89,5.95,16.83,4.94,38.06,M,Food,1025.0700000000006
2023-02-13,2.81,7.31,10.13,-4.5,32.59,M,Food,1020.5700000000006
2023-02-14,12.19,7.15,19.34,5.04,17.8,M,Food,1025.6100000000006
2023-02-15,9.48,11.38,20.86,-1.9,15.58,M,Food,1023.7100000000006
2023-02-16,28.19,19.58,47.77,8.61,16.31,M,Food,1032.3200000000006
2023-02-17,17.24,23.56,40.8,-6.32,29.28,M,Food,1026.0000000000007
2023-02-20,11.33,18.43,29.75,-7.1,28.48,M,Food,1018.9000000000007
2023-02-21,6.25,12.09,18.34,-5.84,28.62,M,Food,1013.0600000000006
2023-02-22,7.58,10.55,18.13,-2.96,34.19,M,Food,1010.1000000000006
2023-02-23,8.05,3.79,11.84,4.26,28.34,M,Food,1014.3600000000006
2023-02-24,10.78,11.21,21.99,-0.43,19.33,M,Food,1013.9300000000006
2023-02-27,14.93,16.09,31.02,-1.16,39.52,M,Food,1012.7700000000007
2023-02-28,40.3,23.58,63.88,16.73,53.02,M,Food,1029.5000000000007
2023-03-01,4.08,18.27,22.35,-14.19,34.59,M,Food,1015.3100000000006
2023-03-02,2.02,6.25,8.27,-4.24,31.6,M,Food,1011.0700000000006
2023-03-03,4.99,9.64,14.63,-4.65,28.9,M,Food,1006.4200000000006
2023-03-07,6.2,3.18,9.38,3.02,29.32,M,Food,1009.4400000000006
2023-03-08,3.28,19.69,22.98,-16.41,30.99,M,Food,993.0300000000007
2023-03-09,4.89,12.18,17.07,-7.29,22.65,M,Food,985.7400000000007
2023-03-10,6.93,9.05,15.98,-2.12,13.94,M,Food,983.6200000000007
2023-03-13,9.69,12.2,21.89,-2.51,21.94,M,Food,981.1100000000007
2023-03-14,9.92,32.89,42.81,-22.97,19.95,M,Food,958.1400000000007
2023-03-15,28.69,7.38,36.07,21.31,16.53,M,Food,979.4500000000006
2023-03-16,28.84,41.6,70.43,-12.76,25.87,M,Food,966.6900000000006
2023-03-17,13.31,30.91,44.23,-17.6,36.51,M,Food,949.0900000000006
2023-03-20,10.27,17.01,27.28,-6.74,22.47,M,Food,942.3500000000006
2023-03-21,16.97,13.44,30.41,3.54,20.97,M,Food,945.8900000000006
2023-03-22,2.81,4.19,7.0,-1.38,12.43,M,Food,944.5100000000006
2023-03-23,9.22,4.93,14.15,4.29,18.4,M,Food,948.8000000000005
2023-03-24,7.24,8.66,15.9,-1.42,20.2,M,Food,947.3800000000006
2023-03-27,4.51,10.03,14.53,-5.52,24.72,M,Food,941.8600000000006
2023-03-28,9.72,15.47,25.19,-5.75,25.84,M,Food,936.1100000000006
2023-03-29,13.03,5.98,19.01,7.06,12.91,M,Food,943.1700000000005
2023-03-30,18.0,6.22,24.22,11.78,23.26,M,Food,954.9500000000005
2023-03-31,7.77,2.68,10.45,5.09,24.08,M,Food,960.0400000000005
2023-04-03,4.82,5.91,10.73,-1.08,32.12,M,Food,958.9600000000005
2023-04-04,3.22,8.47,11.69,-5.25,29.57,M,Food,953.7100000000005
2023-04-05,3.17,14.01,17.18,-10.83,34.73,M,Food,942.8800000000005
2023-04-07,2.92,9.98,12.91,-7.06,13.53,M,Food,935.8200000000005
2023-04-10,2.54,3.42,5.96,-0.89,23.33,M,Food,934.9300000000005
2023-04-11,7.8,4.73,12.53,3.07,24.02,M,Food,938.0000000000006
2023-04-12,0.96,5.72,6.68,-4.75,18.76,M,Food,933.2500000000006
2023-04-17,1.13,5.35,6.48,-4.22,13.26,M,Food,929.0300000000005
2023-04-18,10.32,7.44,17.76,2.88,19.59,M,Food,931.9100000000005
2023-04-19,13.81,11.09,24.9,2.72,11.64,M,Food,934.6300000000006
2023-04-20,4.56,6.6,11.17,-2.04,11.18,M,Food,932.5900000000006
2023-04-21,7.17,4.26,11.43,2.91,9.14,M,Food,935.5000000000006
2023-04-24,0.68,4.55,5.24,-3.87,10.95,M,Food,931.6300000000006
2023-04-25,3.23,8.56,11.79,-5.34,14.49,M,Food,926.2900000000005
2023-04-26,10.08,9.71,19.79,0.36,12.45,M,Food,926.6500000000005
2023-04-27,2.95,3.38,6.33,-0.43,19.45,M,Food,926.2200000000006
2023-04-28,3.0,3.21,6.21,-0.21,12.24,M,Food,926.0100000000006
2023-05-02,10.93,7.12,18.05,3.81,15.26,M,Food,929.8200000000005
2023-05-03,17.54,5.48,23.02,12.06,22.09,M,Food,941.8800000000005
2023-05-08,10.16,4.71,14.87,5.45,13.88,M,Food,947.3300000000005
2023-05-09,9.32,8.17,17.49,1.15,22.04,M,Food,948.4800000000005
2023-05-10,1.61,2.62,4.23,-1.02,15.24,M,Food,947.4600000000005
2023-05-11,4.48,11.67,16.14,-7.19,20.31,M,Food,940.2700000000004
2023-05-12,43.28,15.19,58.48,28.09,22.17,M,Food,968.3600000000005
2023-05-15,10.4,27.95,38.35,-17.55,21.77,M,Food,950.8100000000005
2023-05-16,12.89,7.04,19.93,5.85,24.64,M,Food,956.6600000000005
2023-05-17,29.6,31.87,61.48,-2.27,33.78,M,Food,954.3900000000006
2023-05-18,13.89,10.41,24.3,3.48,38.67,M,Food,957.8700000000006
2023-05-19,45.12,10.92,56.03,34.2,44.14,M,Food,992.0700000000006
2023-05-22,35.83,18.93,54.75,16.9,34.65,M,Food,1008.9700000000006
2023-05-23,20.52,11.03,31.55,9.5,31.94,M,Food,1018.4700000000006
2023-05-24,4.93,9.9,14.84,-4.97,29.25,M,Food,1013.5000000000006
2023-05-25,3.64,3.64,7.29,0.0,13.85,M,Food,1013.5000000000006
2023-05-26,1.02,6.58,7.6,-5.56,26.48,M,Food,1007.9400000000006
2023-05-29,3.99,2.15,6.13,1.84,17.06,M,Food,1009.7800000000007
2023-05-30,4.59,7.82,12.42,-3.23,14.82,M,Food,1006.5500000000006
2023-05-31,10.42,6.68,17.1,3.74,18.67,M,Food,1010.2900000000006
2023-06-01,1.34,4.48,5.81,-3.14,19.14,M,Food,1007.1500000000007
2023-06-02,7.76,13.4,21.17,-5.64,19.47,M,Food,1001.5100000000007
2023-06-06,5.1,12.85,17.95,-7.75,24.26,M,Food,993.7600000000007
2023-06-07,7.18,5.41,12.6,1.77,18.75,M,Food,995.5300000000007
2023-06-08,14.8,7.36,22.16,7.45,27.14,M,Food,1002.9800000000007
2023-06-09,2.51,4.68,7.19,-2.17,19.3,M,Food,1000.8100000000007
2023-06-12,10.73,3.62,14.35,7.11,11.82,M,Food,1007.9200000000008
2023-06-13,12.32,17.99,30.3,-5.67,16.04,M,Food,1002.2500000000008
2023-06-14,2.0,9.84,11.84,-7.84,20.47,M,Food,994.4100000000008
2023-06-15,1.77,11.56,13.33,-9.78,22.4,M,Food,984.6300000000008
2023-06-16,2.42,7.64,10.06,-5.22,23.4,M,Food,979.4100000000008
2023-06-19,0.94,3.84,4.78,-2.9,20.71,M,Food,976.5100000000008
2023-06-20,1.78,5.67,7.45,-3.89,22.53,M,Food,972.6200000000008
2023-06-21,1.47,7.07,8.55,-5.6,30.1,M,Food,967.0200000000008
2023-06-22,1.29,8.51,9.8,-7.23,26.78,M,Food,959.7900000000008
2023-06-23,5.37,18.84,24.21,-13.46,34.8,M,Food,946.3300000000007
2023-06-26,3.13,14.87,18.0,-11.74,17.1,M,Food,934.5900000000007
2023-06-27,13.87,16.35,30.23,-2.48,18.81,M,Food,932.1100000000007
2023-06-28,21.72,12.37,34.09,9.35,16.44,M,Food,941.4600000000007
2023-06-29,18.76,12.58,31.34,6.18,24.83,M,Food,947.6400000000007
2023-06-30,8.97,2.34,11.31,6.63,20.81,M,Food,954.2700000000007
2023-07-03,4.78,3.68,8.45,1.1,23.23,M,Food,955.3700000000007
2023-07-04,2.14,3.63,5.77,-1.49,26.86,M,Food,953.8800000000007
2023-07-05,1.28,8.31,9.59,-7.03,18.93,M,Food,946.8500000000007
2023-07-06,3.55,14.52,18.08,-10.97,32.93,M,Food,935.8800000000007
2023-07-07,3.15,7.82,10.97,-4.68,22.82,M,Food,931.2000000000007
2023-07-10,2.02,6.62,8.64,-4.6,27.44,M,Food,926.6000000000007
2023-07-11,2.35,6.64,8.99,-4.3,31.41,M,Food,922.3000000000008
2023-07-12,4.22,6.71,10.93,-2.5,18.06,M,Food,919.8000000000008
2023-07-13,0.92,4.93,5.85,-4.01,10.96,M,Food,915.7900000000008
2023-07-14,8.24,3.14,11.38,5.1,22.0,M,Food,920.8900000000008
2023-07-17,7.22,4.08,11.3,3.13,27.57,M,Food,924.0200000000008
2023-07-18,3.14,10.55,13.68,-7.41,18.38,M,Food,916.6100000000008
2023-07-19,4.25,3.59,7.85,0.66,16.82,M,Food,917.2700000000008
2023-07-20,7.84,7.12,14.95,0.72,10.27,M,Food,917.9900000000008
2023-07-21,4.06,1.11,5.16,2.95,10.77,M,Food,920.9400000000009
2023-07-24,0.64,4.84,5.48,-4.2,22.81,M,Food,916.7400000000008
2023-07-25,2.19,2.44,4.62,-0.25,10.77,M,Food,916.4900000000008
2023-07-26,1.2,2.15,3.35,-0.95,10.23,M,Food,915.5400000000008
2023-07-27,8.5,4.13,12.63,4.37,16.74,M,Food,919.9100000000008
2023-07-31,9.45,5.69,15.14,3.76,28.26,M,Food,923.6700000000008
2023-08-02,1.12,2.94,4.06,-1.82,20.1,M,Food,921.8500000000007
2023-08-03,3.66,7.39,11.05,-3.72,24.42,M,Food,918.1300000000007
2023-08-04,3.39,2.19,5.58,1.2,28.55,M,Food,919.3300000000007
2023-08-07,1.3,4.11,5.41,-2.8,22.13,M,Food,916.5300000000008
2023-08-08,0.27,4.87,5.14,-4.6,13.32,M,Food,911.9300000000007
2023-08-09,0.55,3.81,4.35,-3.26,13.41,M,Food,908.6700000000008
2023-08-10,2.34,1.79,4.14,0.55,19.72,M,Food,909.2200000000007
2023-08-11,82.56,6.67,89.22,75.89,28.1,M,Food,985.1100000000007
2023-08-15,11.79,7.04,18.83,4.75,34.58,M,Food,989.8600000000007
2023-08-16,5.82,7.81,13.63,-1.99,28.69,M,Food,987.8700000000007
2023-08-17,31.45,11.01,42.46,20.44,20.35,M,Food,1008.3100000000007
2023-08-18,2.49,4.67,7.16,-2.18,30.57,M,Food,1006.1300000000008
2023-08-21,3.42,13.83,17.25,-10.41,29.99,M,Food,995.7200000000008
2023-08-22,3.16,7.34,10.5,-4.18,13.23,M,Food,991.5400000000009
2023-08-23,2.96,14.53,17.49,-11.57,14.06,M,Food,979.9700000000008
2023-08-24,5.12,7.94,13.06,-2.82,24.59,M,Food,977.1500000000008
2023-08-25,1.24,5.75,6.99,-4.5,30.3,M,Food,972.6500000000008
2023-08-28,10.35,8.8,19.15,1.56,11.43,M,Food,974.2100000000007
2023-08-29,26.43,9.86,36.29,16.56,16.22,M,Food,990.7700000000007
2023-08-30,4.6,7.66,12.26,-3.07,20.23,M,Food,987.7000000000006
2023-08-31,4.73,6.35,11.08,-1.63,12.19,M,Food,986.0700000000006
2023-09-01,2.93,5.36,8.29,-2.44,17.27,M,Food,983.6300000000006
2023-09-04,10.84,14.66,25.5,-3.82,16.82,M,Food,979.8100000000005
2023-09-05,0.7,6.16,6.86,-5.45,31.6,M,Food,974.3600000000005
2023-09-06,0.37,4.86,5.23,-4.49,24.81,M,Food,969.8700000000005
2023-09-07,1.65,10.74,12.39,-9.09,27.42,M,Food,960.7800000000004
2023-09-08,1.96,2.15,4.11,-0.18,34.4,M,Food,960.6000000000005
2023-09-11,9.18,22.91,32.08,-13.73,17.86,M,Food,946.8700000000005
2023-09-12,8.24,2.56,10.8,5.68,23.54,M,Food,952.5500000000004
2023-09-13,4.34,3.7,8.03,0.64,16.39,M,Food,953.1900000000004
2023-09-14,6.31,4.54,10.85,1.78,15.69,M,Food,954.9700000000004
2023-09-15,7.38,6.46,13.84,0.93,20.65,M,Food,955.9000000000003
2023-09-18,18.02,12.73,30.75,5.3,20.61,M,Food,961.2000000000003
2023-09-19,3.57,17.87,21.44,-14.3,21.06,M,Food,946.9000000000003
2023-09-20,4.78,10.56,15.34,-5.78,26.33,M,Food,941.1200000000003
2023-09-21,8.7,18.89,27.59,-10.19,18.09,M,Food,930.9300000000003
2023-09-22,2.78,0.79,3.57,1.99,10.82,M,Food,932.9200000000003
2023-09-25,0.31,6.19,6.5,-5.88,27.12,M,Food,927.0400000000003
2023-09-26,1.23,1.79,3.03,-0.56,15.01,M,Food,926.4800000000004
2023-09-27,2.28,4.44,6.72,-2.17,20.64,M,Food,924.3100000000004
2023-09-28,1.91,4.12,6.03,-2.21,28.6,M,Food,922.1000000000004
2023-09-29,6.72,3.84,10.57,2.88,12.74,M,Food,924.9800000000004
2023-10-02,2.41,3.88,6.29,-1.47,16.28,M,Food,923.5100000000003
2023-10-03,5.74,11.5,17.24,-5.76,22.42,M,Food,917.7500000000003
2023-10-04,7.97,7.71,15.68,0.25,18.75,M,Food,918.0000000000003
2023-10-05,9.49,13.51,23.0,-4.02,17.58,M,Food,913.9800000000004
2023-10-06,4.38,2.49,6.86,1.89,27.73,M,Food,915.8700000000003
2023-10-09,26.36,7.24,33.6,19.11,42.66,M,Food,934.9800000000004
2023-10-10,6.61,5.61,12.22,1.0,62.18,M,Food,935.9800000000004
2023-10-11,6.23,5.66,11.89,0.57,32.39,M,Food,936.5500000000004
2023-10-12,6.43,4.59,11.02,1.84,44.69,M,Food,938.3900000000004
2023-10-16,8.95,5.54,14.49,3.41,35.72,M,Food,941.8000000000004
2023-10-17,6.95,6.7,13.65,0.25,32.19,M,Food,942.0500000000004
2023-10-18,93.46,55.28,148.74,38.17,74.32,M,Food,980.2200000000004
2023-10-19,24.9,4.68,29.57,20.22,47.25,M,Food,1000.4400000000004
2023-10-20,1.47,1.8,3.27,-0.33,18.41,M,Food,1000.1100000000004
2023-10-24,4.93,3.71,8.64,1.22,15.48,M,Food,1001.3300000000004
2023-10-25,2.12,2.89,5.01,-0.77,17.18,M,Food,1000.5600000000004
2023-10-26,1.17,2.23,3.41,-1.06,13.51,M,Food,999.5000000000005
2023-10-27,3.86,3.64,7.5,0.22,14.38,M,Food,999.7200000000005
2023-10-30,11.69,2.67,14.36,9.03,12.53,M,Food,1008.7500000000005
2023-10-31,7.31,4.49,11.8,2.82,10.65,M,Food,1011.5700000000005
2023-11-01,10.45,2.25,12.7,8.2,14.66,M,Food,1019.7700000000006
2023-11-02,12.11,1.65,13.76,10.46,15.65,M,Food,1030.2300000000005
2023-11-03,27.3,1.58,28.89,25.72,26.95,M,Food,1055.9500000000005
2023-11-06,6.81,5.52,12.34,1.29,18.82,M,Food,1057.2400000000005
2023-11-07,1.56,3.85,5.41,-2.28,11.93,M,Food,1054.9600000000005
2023-11-08,3.67,2.31,5.99,1.36,15.86,M,Food,1056.3200000000004
2023-11-09,1.91,3.65,5.56,-1.75,24.71,M,Food,1054.5700000000004
2023-11-10,5.69,17.72,23.4,-12.03,22.97,M,Food,1042.5400000000004
2023-11-13,1.04,1.03,2.06,0.01,10.12,M,Food,1042.5500000000004
2023-11-14,3.91,3.0,6.91,0.91,16.48,M,Food,1043.4600000000005
2023-11-15,7.73,1.28,9.01,6.45,22.03,M,Food,1049.9100000000005
2023-11-16,4.27,0.76,5.03,3.51,12.38,M,Food,1053.4200000000005
2023-11-17,5.88,1.87,7.75,4.01,20.69,M,Food,1057.4300000000005
2023-11-20,5.13,2.3,7.44,2.83,15.81,M,Food,1060.2600000000004
2023-11-21,4.59,1.72,6.3,2.87,19.19,M,Food,1063.1300000000003
2023-11-22,3.07,0.63,3.7,2.43,7.68,M,Food,1065.5600000000004
2023-11-23,1.84,0.93,2.77,0.92,13.52,M,Food,1066.4800000000005
2023-11-24,0.48,2.43,2.9,-1.95,25.42,M,Food,1064.5300000000004
2023-11-27,3.97,1.51,5.48,2.47,13.57,M,Food,1067.0000000000005
2023-11-28,1.4,12.66,14.06,-11.26,39.44,M,Food,1055.7400000000005
2023-11-29,4.27,3.15,7.43,1.12,9.93,M,Food,1056.8600000000004
2023-11-30,0.91,1.75,2.66,-0.85,8.06,M,Food,1056.0100000000004
2023-12-01,1.9,18.24,20.13,-16.34,18.41,M,Food,1039.6700000000005
2023-12-04,3.41,2.45,5.85,0.96,14.41,M,Food,1040.6300000000006
2023-12-06,6.81,0.43,7.24,6.38,14.27,M,Food,1047.0100000000007
2023-12-07,1.78,2.79,4.57,-1.01,24.86,M,Food,1046.0000000000007
2023-12-08,8.68,1.76,10.44,6.93,15.19,M,Food,1052.9300000000007
2023-12-12,1.08,11.12,12.19,-10.04,16.32,M,Food,1042.8900000000008
2023-12-13,2.47,9.51,11.98,-7.04,16.85,M,Food,1035.8500000000008
2023-12-14,1.01,2.49,3.5,-1.47,8.17,M,Food,1034.3800000000008
2023-12-15,10.56,1.12,11.68,9.44,22.69,M,Food,1043.8200000000008
2023-12-18,1.99,3.58,5.56,-1.59,28.2,M,Food,1042.230000000001
2023-12-19,0.82,1.58,2.4,-0.76,8.92,M,Food,1041.470000000001
2023-12-20,1.58,1.74,3.32,-0.15,14.58,M,Food,1041.3200000000008
2023-12-21,4.9,6.39,11.29,-1.5,46.57,M,Food,1039.8200000000008
2023-12-22,1.01,1.63,2.63,-0.62,11.82,M,Food,1039.200000000001
2023-12-25,0.19,0.17,0.36,0.02,2.91,M,Food,1039.220000000001
2023-12-26,6.39,1.64,8.03,4.75,14.46,M,Food,1043.970000000001
2023-12-27,6.91,1.5,8.41,5.4,21.78,M,Food,1049.370000000001
2023-12-28,1.71,0.34,2.05,1.36,10.99,M,Food,1050.730000000001
2024-01-02,13.53,1.31,14.83,12.22,20.58,M,Food,1062.950000000001
2024-01-03,3.35,2.25,5.59,1.1,16.94,M,Food,1064.0500000000009
2024-01-04,14.66,2.33,16.99,12.33,28.36,M,Food,1076.3800000000008
2024-01-05,1.47,1.82,3.3,-0.35,20.92,M,Food,1076.0300000000009
2024-01-08,1.32,2.69,4.01,-1.37,21.43,M,Food,1074.660000000001
2024-01-09,4.14,13.66,17.8,-9.52,21.89,M,Food,1065.140000000001
2024-01-10,0.46,3.1,3.56,-2.64,12.1,M,Food,1062.500000000001
2024-01-11,2.46,17.54,20.0,-15.08,19.47,M,Food,1047.420000000001
2024-01-12,0.83,1.0,1.83,-0.18,12.07,M,Food,1047.240000000001
2024-01-15,0.22,3.41,3.63,-3.18,15.96,M,Food,1044.0600000000009
2024-01-16,1.55,8.76,10.32,-7.21,11.87,M,Food,1036.8500000000008
2024-01-17,7.23,14.3,21.53,-7.07,8.62,M,Food,1029.7800000000009
2024-01-18,9.81,8.61,18.42,1.19,17.77,M,Food,1030.970000000001
2024-01-19,4.89,2.76,7.64,2.13,13.31,M,Food,1033.100000000001
2024-01-22,0.92,2.43,3.35,-1.51,12.55,M,Food,1031.590000000001
2024-01-23,0.47,4.76,5.22,-4.29,21.97,M,Food,1027.300000000001
2024-01-24,4.86,1.28,6.14,3.58,17.22,M,Food,1030.880000000001
2024-01-25,1.69,1.09,2.78,0.6,12.1,M,Food,1031.480000000001
2024-01-26,0.67,1.01,1.69,-0.34,8.25,M,Food,1031.140000000001
2024-01-29,1.78,3.47,5.25,-1.7,19.37,M,Food,1029.440000000001
2024-01-30,0.93,4.84,5.78,-3.91,19.12,M,Food,1025.5300000000009
2024-01-31,4.07,2.63,6.7,1.44,17.44,M,Food,1026.970000000001
2024-02-01,3.11,2.6,5.71,0.51,18.7,M,Food,1027.480000000001
2024-02-02,3.42,3.97,7.39,-0.55,17.59,M,Food,1026.930000000001
2024-02-05,1.48,1.66,3.14,-0.18,11.32,M,Food,1026.750000000001
2024-02-06,14.04,2.17,16.21,11.88,22.39,M,Food,1038.630000000001
2024-02-07,2.4,2.58,4.97,-0.18,18.7,M,Food,1038.450000000001
2024-02-08,1.29,3.71,5.0,-2.42,12.36,M,Food,1036.0300000000009
2024-02-09,0.41,0.85,1.26,-0.44,18.3,M,Food,1035.5900000000008
2024-02-12,1.86,2.7,4.57,-0.84,28.09,M,Food,1034.750000000001
2024-02-13,0.98,3.3,4.27,-2.32,25.94,M,Food,1032.430000000001
2024-02-14,0.2,1.28,1.48,-1.07,6.87,M,Food,1031.360000000001
2024-02-15,0.3,1.96,2.26,-1.66,11.39,M,Food,1029.700000000001
2024-02-16,0.35,3.84,4.19,-3.49,11.76,M,Food,1026.210000000001
2024-02-19,0.16,0.07,0.22,0.09,1.59,M,Food,1026.3000000000009
2024-02-20,1.06,5.81,6.88,-4.75,27.92,M,Food,1021.5500000000009
2024-02-21,1.0,0.97,1.97,0.03,8.7,M,Food,1021.5800000000008
2024-02-22,1.6,2.14,3.74,-0.53,18.99,M,Food,1021.0500000000009
2024-02-23,0.92,1.06,1.98,-0.13,11.27,M,Food,1020.9200000000009
2024-02-27,16.25,8.82,25.07,7.43,22.89,M,Food,1028.3500000000008
2024-02-28,1.03,3.34,4.37,-2.31,16.78,M,Food,1026.0400000000009
2024-02-29,3.33,5.97,9.3,-2.64,22.13,M,Food,1023.4000000000009
2024-03-01,2.21,0.62,2.83,1.59,9.74,M,Food,1024.990000000001
2024-03-04,0.91,3.16,4.07,-2.25,15.59,M,Food,1022.7400000000009
2024-03-05,1.35,8.63,9.97,-7.28,15.55,M,Food,1015.460000000001
2024-03-06,4.82,1.85,6.67,2.96,20.12,M,Food,1018.420000000001
2024-03-07,5.21,0.77,5.98,4.43,9.76,M,Food,1022.8500000000009
2024-03-08,8.27,3.18,11.45,5.09,15.98,M,Food,1027.940000000001
2024-03-11,2.95,0.94,3.89,2.01,10.79,M,Food,1029.950000000001
2024-03-12,4.67,2.11,6.78,2.56,11.67,M,Food,1032.510000000001
2024-03-13,4.79,4.94,9.73,-0.14,11.27,M,Food,1032.3700000000008
2024-03-14,4.51,0.47,4.98,4.05,10.1,M,Food,1036.4200000000008
2024-03-15,7.47,3.37,10.85,4.1,22.5,M,Food,1040.5200000000007
2024-03-18,1.01,2.63,3.64,-1.62,12.26,M,Food,1038.9000000000008
2024-03-19,5.42,4.73,10.15,0.69,15.1,M,Food,1039.5900000000008
2024-03-20,0.34,5.1,5.44,-4.76,18.93,M,Food,1034.8300000000008
2024-03-21,1.95,1.41,3.36,0.53,6.87,M,Food,1035.3600000000008
2024-03-22,0.79,2.7,3.49,-1.9,14.71,M,Food,1033.4600000000007
2024-03-25,0.66,6.38,7.04,-5.72,12.29,M,Food,1027.7400000000007
2024-03-26,1.02,1.92,2.95,-0.9,18.13,M,Food,1026.8400000000006
2024-03-27,1.69,4.04,5.73,-2.35,13.84,M,Food,1024.4900000000007
2024-03-28,4.05,2.96,7.01,1.08,14.48,M,Food,1025.5700000000006
2024-03-29,4.68,5.85,10.53,-1.17,15.17,M,Food,1024.4000000000005
2024-04-01,7.64,1.54,9.18,6.1,12.0,M,Food,1030.5000000000005
2024-04-02,17.16,2.2,19.36,14.96,30.13,M,Food,1045.4600000000005
2024-04-03,25.32,5.42,30.74,19.91,19.38,M,Food,1065.3700000000006
2024-04-04,9.88,9.79,19.67,0.09,32.52,M,Food,1065.4600000000005
2024-04-05,4.32,2.72,7.04,1.6,29.36,M,Food,1067.0600000000004
2024-04-09,5.74,0.77,6.51,4.97,19.44,M,Food,1072.0300000000004
2024-04-10,26.13,3.04,29.17,23.09,31.59,M,Food,1095.1200000000003
2024-04-11,2.08,7.19,9.27,-5.12,28.16,M,Food,1090.0000000000005
2024-04-17,5.16,16.86,22.02,-11.7,25.25,M,Food,1078.3000000000004
2024-04-18,2.23,8.29,10.51,-6.06,34.05,M,Food,1072.2400000000005
2024-04-19,7.89,10.64,18.53,-2.75,25.24,M,Food,1069.4900000000005
2024-04-22,8.11,3.28,11.4,4.83,36.88,M,Food,1074.3200000000004
2024-04-23,8.97,1.25,10.22,7.71,37.54,M,Food,1082.0300000000004
2024-04-24,5.57,5.11,10.68,0.46,25.15,M,Food,1082.4900000000005
2024-04-25,1.73,3.49,5.22,-1.76,20.48,M,Food,1080.7300000000005
2024-04-26,1.46,3.98,5.44,-2.53,29.93,M,Food,1078.2000000000005
2024-04-29,1.35,1.76,3.11,-0.41,15.75,M,Food,1077.7900000000004
2024-04-30,2.41,5.92,8.33,-3.51,29.48,M,Food,1074.2800000000004
2024-05-02,1.14,2.24,3.37,-1.1,18.3,M,Food,1073.1800000000005
2024-05-03,2.13,2.37,4.51,-0.24,22.47,M,Food,1072.9400000000005
2024-05-07,2.49,3.28,5.77,-0.79,24.14,M,Food,1072.1500000000005
2024-05-08,3.29,6.37,9.66,-3.08,21.59,M,Food,1069.0700000000006
2024-05-09,1.18,2.69,3.87,-1.51,14.93,M,Food,1067.5600000000006
2024-05-10,0.27,3.3,3.57,-3.03,19.85,M,Food,1064.5300000000007
2024-05-13,2.85,2.59,5.43,0.26,16.59,M,Food,1064.7900000000006
2024-05-14,1.97,3.15,5.12,-1.18,29.62,M,Food,1063.6100000000006
2024-05-15,1.82,8.05,9.87,-6.23,33.56,M,Food,1057.3800000000006
2024-05-16,2.69,14.9,17.6,-12.21,16.72,M,Food,1045.1700000000005
2024-05-17,2.44,11.62,14.06,-9.18,14.65,M,Food,1035.9900000000005
2024-05-20,1.27,6.33,7.6,-5.06,16.84,M,Food,1030.9300000000005
2024-05-21,0.76,10.85,11.62,-10.09,22.7,M,Food,1020.8400000000005
2024-05-23,1.61,11.83,13.44,-10.23,13.53,M,Food,1010.6100000000005
2024-05-24,14.86,8.73,23.59,6.13,23.31,M,Food,1016.7400000000005
2024-05-27,1.31,6.57,7.88,-5.26,24.09,M,Food,1011.4800000000005
2024-05-28,1.02,6.8,7.82,-5.77,31.6,M,Food,1005.7100000000005
2024-05-29,1.08,4.02,5.1,-2.95,25.92,M,Food,1002.7600000000004
2024-05-30,1.73,10.36,12.09,-8.63,23.78,M,Food,994.1300000000005
2024-05-31,21.49,9.06,30.55,12.43,46.76,M,Food,1006.5600000000004
2024-06-04,0.72,8.22,8.95,-7.5,24.96,M,Food,999.0600000000004
2024-06-05,3.16,4.42,7.57,-1.26,12.69,M,Food,997.8000000000004
2024-06-06,1.82,2.26,4.08,-0.44,9.77,M,Food,997.3600000000004
2024-06-07,3.9,3.01,6.91,0.88,12.4,M,Food,998.2400000000004
2024-06-10,4.85,4.14,8.99,0.72,15.76,M,Food,998.9600000000004
2024-06-11,9.28,5.57,14.85,3.7,28.97,M,Food,1002.6600000000004
2024-06-12,0.38,2.69,3.07,-2.32,8.97,M,Food,1000.3400000000004
2024-06-13,3.83,4.24,8.07,-0.4,16.08,M,Food,999.9400000000004
2024-06-14,0.97,2.1,3.07,-1.13,11.34,M,Food,998.8100000000004
2024-06-17,2.3,8.63,10.93,-6.33,21.99,M,Food,992.4800000000004
2024-06-18,12.55,7.15,19.69,5.4,15.58,M,Food,997.8800000000003
2024-06-19,6.66,7.32,13.98,-0.66,13.74,M,Food,997.2200000000004
2024-06-20,13.75,4.42,18.18,9.33,22.6,M,Food,1006.5500000000004
2024-06-21,13.49,12.69,26.17,0.8,15.73,M,Food,1007.3500000000004
2024-06-24,13.94,6.52,20.46,7.41,13.78,M,Food,1014.7600000000003
2024-06-25,11.16,6.85,18.01,4.31,13.25,M,Food,1019.0700000000003
2024-06-26,9.23,4.66,13.89,4.56,9.62,M,Food,1023.6300000000002
2024-06-27,11.25,12.03,23.27,-0.78,18.4,M,Food,1022.8500000000003
2024-06-28,3.41,11.23,14.64,-7.82,31.52,M,Food,1015.0300000000002
2024-07-01,3.45,2.73,6.18,0.72,12.17,M,Food,1015.7500000000002
2024-07-02,2.94,11.61,14.55,-8.67,21.49,M,Food,1007.0800000000003
2024-07-03,0.52,1.09,1.61,-0.58,20.82,M,Food,1006.5000000000002
2024-07-04,2.64,2.14,4.78,0.5,8.06,M,Food,1007.0000000000002
2024-07-05,6.2,2.01,8.21,4.19,14.9,M,Food,1011.1900000000003
2024-07-08,13.04,5.59,18.63,7.45,12.49,M,Food,1018.6400000000003
2024-07-09,0.96,2.23,3.2,-1.27,6.88,M,Food,1017.3700000000003
2024-07-10,4.02,13.22,17.24,-9.21,31.39,M,Food,1008.1600000000003
2024-07-11,5.18,3.28,8.46,1.9,11.31,M,Food,1010.0600000000003
2024-07-12,11.63,1.16,12.79,10.47,15.58,M,Food,1020.5300000000003
2024-07-15,0.6,7.04,7.64,-6.44,26.59,M,Food,1014.0900000000003
2024-07-16,2.16,18.14,20.3,-15.98,32.4,M,Food,998.1100000000002
2024-07-17,9.08,4.76,13.83,4.32,15.48,M,Food,1002.4300000000003
2024-07-18,10.14,3.17,13.3,6.97,33.22,M,Food,1009.4000000000003
2024-07-19,1.31,6.47,7.77,-5.16,24.16,M,Food,1004.2400000000004
2024-07-23,6.12,3.67,9.79,2.45,22.87,M,Food,1006.6900000000004
2024-07-24,5.69,2.67,8.36,3.01,29.42,M,Food,1009.7000000000004
2024-07-25,2.64,1.58,4.22,1.06,25.13,M,Food,1010.7600000000003
2024-07-26,1.56,2.55,4.11,-1.0,23.99,M,Food,1009.7600000000003
2024-07-30,2.28,8.13,10.41,-5.85,31.48,M,Food,1003.9100000000003
2024-07-31,2.88,1.58,4.46,1.3,21.03,M,Food,1005.2100000000003
2024-08-01,4.48,4.98,9.46,-0.5,20.09,M,Food,1004.7100000000003
2024-08-02,0.9,4.23,5.13,-3.32,23.53,M,Food,1001.3900000000002
2024-08-05,1.95,11.57,13.52,-9.63,24.04,M,Food,991.7600000000002
2024-08-06,0.28,2.12,2.41,-1.84,12.33,M,Food,989.9200000000002
2024-08-07,0.29,2.38,2.66,-2.09,14.21,M,Food,987.8300000000002
2024-08-08,3.47,9.02,12.5,-5.55,14.94,M,Food,982.2800000000002
2024-08-09,0.55,4.03,4.57,-3.48,24.57,M,Food,978.8000000000002
2024-08-13,2.43,7.28,9.72,-4.85,20.77,M,Food,973.9500000000002
2024-08-14,2.39,5.59,7.98,-3.2,18.63,M,Food,970.7500000000001
2024-08-15,1.92,3.03,4.95,-1.11,18.57,M,Food,969.6400000000001
2024-08-16,3.36,3.34,6.7,0.02,20.71,M,Food,969.6600000000001
2024-08-19,3.94,4.09,8.04,-0.15,31.3,M,Food,969.5100000000001
2024-08-20,6.87,4.27,11.14,2.59,14.69,M,Food,972.1000000000001
2024-08-21,1.05,2.22,3.28,-1.17,17.03,M,Food,970.9300000000002
2024-08-22,0.56,2.13,2.69,-1.57,20.51,M,Food,969.3600000000001
2024-08-23,3.52,7.01,10.53,-3.49,16.38,M,Food,965.8700000000001
2024-08-26,4.09,4.3,8.38,-0.21,19.85,M,Food,965.6600000000001
2024-08-27,3.41,3.35,6.76,0.06,17.21,M,Food,965.72
2024-08-28,2.75,4.25,7.0,-1.5,24.91,M,Food,964.22
2024-08-29,4.62,1.13,5.75,3.5,7.8,M,Food,967.72
2024-08-30,18.58,2.49,21.07,16.09,16.27,M,Food,983.8100000000001
2024-09-02,16.21,4.65,20.86,11.57,21.2,M,Food,995.3800000000001
2024-09-03,12.85,1.69,14.54,11.16,16.64,M,Food,1006.5400000000001
2024-09-04,11.32,1.81,13.13,9.51,9.38,M,Food,1016.0500000000001
2024-09-05,10.13,2.17,12.31,7.96,10.07,M,Food,1024.01
2024-09-06,7.69,10.06,17.75,-2.37,22.92,M,Food,1021.64
2024-09-09,5.79,7.13,12.91,-1.34,14.82,M,Food,1020.3
2024-09-10,5.03,16.28,21.31,-11.25,15.54,M,Food,1009.05
2024-09-11,11.51,17.62,29.14,-6.11,18.57,M,Food,1002.9399999999999
2024-09-12,22.28,4.69,26.97,17.58,20.32,M,Food,1020.52
2024-09-13,3.62,1.25,4.87,2.37,8.08,M,Food,1022.89
2024-09-16,13.69,3.54,17.23,10.14,20.22,M,Food,1033.03
2024-09-17,3.93,6.91,10.84,-2.99,12.98,M,Food,1030.04
2024-09-18,10.84,4.28,15.12,6.56,18.73,M,Food,1036.6
2024-09-19,2.05,6.51,8.56,-4.45,15.13,M,Food,1032.1499999999999
2024-09-20,3.27,13.82,17.08,-10.55,33.27,M,Food,1021.5999999999999
2024-09-23,3.67,12.37,16.04,-8.7,15.74,M,Food,1012.8999999999999
2024-09-24,19.85,1.65,21.5,18.19,17.33,M,Food,1031.09
2024-09-25,7.12,3.65,10.77,3.48,13.95,M,Food,1034.57
2024-09-26,3.02,7.96,10.98,-4.94,26.5,M,Food,1029.6299999999999
2024-09-27,8.76,3.24,12.0,5.52,19.07,M,Food,1035.1499999999999
2024-09-30,1.92,13.68,15.6,-11.76,32.02,M,Food,1023.3899999999999
2024-10-01,14.71,9.78,24.49,4.93,20.93,M,Food,1028.32
2024-10-02,6.58,11.99,18.58,-5.41,23.73,M,Food,1022.91
2024-10-03,1.13,8.9,10.03,-7.78,22.63,M,Food,1015.13
2024-10-04,5.66,12.41,18.07,-6.75,22.35,M,Food,1008.38
2024-10-07,39.91,9.54,49.45,30.36,46.77,M,Food,1038.74
2024-10-08,10.99,18.18,29.17,-7.18,41.29,M,Food,1031.56
2024-10-09,1.51,4.62,6.13,-3.11,26.22,M,Food,1028.45
2024-10-10,6.53,8.47,15.0,-1.94,24.64,M,Food,1026.51
2024-10-11,2.4,7.27,9.66,-4.87,28.45,M,Food,1021.64
2024-10-15,22.48,19.2,41.67,3.28,51.61,M,Food,1024.92
2024-10-16,123.97,91.76,215.73,32.21,68.26,M,Food,1057.13
2024-10-17,0.66,7.23,7.89,-6.57,22.35,M,Food,1050.5600000000002
2024-10-18,10.22,14.54,24.76,-4.33,24.29,M,Food,1046.2300000000002
2024-10-21,4.34,3.06,7.4,1.28,29.96,M,Food,1047.5100000000002
2024-10-22,3.27,8.32,11.59,-5.05,27.11,M,Food,1042.4600000000003
2024-10-24,2.53,7.02,9.54,-4.49,23.38,M,Food,1037.9700000000003
2024-10-25,2.28,2.1,4.38,0.18,21.07,M,Food,1038.1500000000003
2024-10-28,1.63,1.16,2.8,0.47,21.03,M,Food,1038.6200000000003
2024-10-29,3.55,2.63,6.18,0.92,18.0,M,Food,1039.5400000000004
2024-10-30,0.77,3.42,4.19,-2.65,28.69,M,Food,1036.8900000000003
2024-10-31,4.12,2.17,6.29,1.95,43.75,M,Food,1038.8400000000004
2024-11-01,0.0,1.25,1.25,-1.25,19.74,M,Food,1037.5900000000004
2024-11-04,1.06,2.1,3.16,-1.04,17.46,M,Food,1036.5500000000004
2024-11-05,0.19,0.66,0.85,-0.48,9.78,M,Food,1036.0700000000004
2024-11-06,0.19,3.33,3.52,-3.14,25.23,M,Food,1032.9300000000003
2024-11-07,1.4,2.87,4.27,-1.46,15.53,M,Food,1031.4700000000003
2024-11-08,0.0,1.71,1.71,-1.7,18.95,M,Food,1029.7700000000002
2024-11-11,0.61,1.51,2.13,-0.9,17.37,M,Food,1028.8700000000001
2024-11-12,0.5,3.96,4.46,-3.46,20.07,M,Food,1025.41
2024-11-13,5.23,1.97,7.2,3.26,17.24,M,Food,1028.67
2024-11-14,5.43,1.98,7.42,3.45,13.45,M,Food,1032.1200000000001
2024-11-15,8.87,1.24,10.11,7.63,10.78,M,Food,1039.7500000000002
2024-11-18,10.65,1.49,12.14,9.17,23.53,M,Food,1048.9200000000003
2024-11-19,3.62,0.8,4.43,2.82,12.67,M,Food,1051.7400000000002
2024-11-20,1.37,1.78,3.15,-0.41,10.45,M,Food,1051.3300000000002
2024-11-21,5.04,2.08,7.12,2.96,16.25,M,Food,1054.2900000000002
2024-11-22,4.2,0.98,5.19,3.22,16.95,M,Food,1057.5100000000002
2024-11-25,7.79,2.71,10.49,5.08,13.71,M,Food,1062.5900000000001
2024-11-26,0.15,0.82,0.97,-0.67,6.9,M,Food,1061.92
2024-11-27,7.52,15.67,23.19,-8.16,27.08,M,Food,1053.76
2024-11-28,2.26,3.62,5.88,-1.35,17.92,M,Food,1052.41
2024-11-29,5.6,1.07,6.68,4.53,22.03,M,Food,1056.94
2024-12-02,6.07,3.25,9.32,2.83,20.86,M,Food,1059.77
2024-12-03,13.7,3.94,17.64,9.77,19.61,M,Food,1069.54
2024-12-04,6.31,2.61,8.92,3.7,19.87,M,Food,1073.24
2024-12-06,2.49,1.68,4.17,0.81,31.99,M,Food,1074.05
2024-12-09,3.57,1.87,5.45,1.7,19.05,M,Food,1075.75
2024-12-11,2.7,5.56,8.26,-2.86,38.14,M,Food,1072.89
2024-12-12,2.33,3.85,6.18,-1.53,18.63,M,Food,1071.3600000000001
2024-12-13,3.68,1.81,5.49,1.86,25.7,M,Food,1073.22
2024-12-16,3.19,4.23,7.42,-1.04,22.41,M,Food,1072.18
2024-12-17,2.25,3.24,5.49,-0.98,21.2,M,Food,1071.2
2024-12-18,3.83,1.45,5.29,2.38,17.06,M,Food,1073.5800000000002
2024-12-19,3.08,4.31,7.39,-1.23,14.95,M,Food,1072.3500000000001
2024-12-20,1.75,6.42,8.17,-4.67,19.61,M,Food,1067.68
2024-12-23,6.56,12.71,19.27,-6.15,22.35,M,Food,1061.53
2024-12-24,0.2,0.41,0.6,-0.21,10.87,M,Food,1061.32
2024-12-25,0.93,0.89,1.82,0.05,19.98,M,Food,1061.37
2024-12-26,0.97,3.62,4.59,-2.64,31.32,M,Food,1058.7299999999998
2024-12-27,3.25,4.6,7.86,-1.35,16.74,M,Food,1057.3799999999999
2024-12-30,2.14,5.04,7.18,-2.89,29.1,M,Food,1054.4899999999998
2025-01-02,4.19,7.84,12.04,-3.65,38.63,M,Food,1050.8399999999997
2025-01-03,2.73,10.26,12.99,-7.53,19.16,M,Food,1043.3099999999997
2025-01-06,3.91,10.4,14.3,-6.49,13.76,M,Food,1036.8199999999997
2025-01-07,6.05,1.38,7.43,4.66,18.16,M,Food,1041.4799999999998
2025-01-08,4.85,6.38,11.23,-1.53,22.28,M,Food,1039.9499999999998
2025-01-09,13.29,4.87,18.15,8.42,15.87,M,Food,1048.37
2025-01-10,21.5,2.23,23.73,19.28,25.47,M,Food,1067.6499999999999
2025-01-13,12.93,5.43,18.36,7.5,33.0,M,Food,1075.1499999999999
2025-01-14,14.9,7.64,22.54,7.26,21.03,M,Food,1082.4099999999999
2025-01-15,31.28,2.56,33.84,28.72,30.37,M,Food,1111.1299999999999
2025-01-16,9.64,2.99,12.64,6.65,24.35,M,Food,1117.78
2025-01-17,13.28,2.44,15.72,10.84,26.34,M,Food,1128.62
2025-01-20,4.18,12.65,16.83,-8.46,16.32,M,Food,1120.1599999999999
2025-01-21,24.57,2.67,27.24,21.9,31.48,M,Food,1142.06
2025-01-22,9.52,21.14,30.65,-11.62,27.18,M,Food,1130.44
2025-01-23,21.57,8.07,29.64,13.49,20.38,M,Food,1143.93
2025-01-24,24.3,2.33,26.63,21.97,28.06,M,Food,1165.9
2025-01-27,13.78,8.08,21.86,5.7,24.97,M,Food,1171.6000000000001
2025-01-28,14.1,5.99,20.1,8.11,26.19,M,Food,1179.71
2025-01-29,2.94,16.51,19.45,-13.57,18.39,M,Food,1166.14
2025-01-30,9.33,5.81,15.13,3.52,25.25,M,Food,1169.66
2025-01-31,9.76,14.72,24.48,-4.96,22.09,M,Food,1164.7
2025-02-03,27.18,7.71,34.88,19.47,28.96,M,Food,1184.17
2025-02-04,14.33,6.43,20.76,7.9,27.28,M,Food,1192.0700000000002
2025-02-05,20.3,6.42,26.73,13.88,32.04,M,Food,1205.9500000000003
2025-02-06,13.22,14.59,27.81,-1.37,25.89,M,Food,1204.5800000000004
2025-02-07,27.03,10.21,37.23,16.82,25.79,M,Food,1221.4000000000003
2025-02-10,5.84,6.37,12.21,-0.53,27.8,M,Food,1220.8700000000003
2025-02-11,18.37,10.57,28.94,7.8,16.17,M,Food,1228.6700000000003
2025-02-13,13.69,21.36,35.05,-7.68,26.46,M,Food,1220.9900000000002
2025-02-14,20.11,13.63,33.74,6.48,16.77,M,Food,1227.4700000000003
2025-02-17,15.58,9.39,24.97,6.19,22.58,M,Food,1233.6600000000003
2025-02-18,12.79,22.55,35.34,-9.75,22.75,M,Food,1223.9100000000003
2025-02-19,11.93,13.89,25.82,-1.97,40.1,M,Food,1221.9400000000003
2025-02-20,7.23,18.91,26.13,-11.68,26.57,M,Food,1210.2600000000002
2025-02-21,11.2,9.66,20.86,1.54,31.4,M,Food,1211.8000000000002
2025-02-24,14.52,6.24,20.76,8.28,29.56,M,Food,1220.0800000000002
2025-02-25,13.49,18.99,32.48,-5.5,39.31,M,Food,1214.5800000000002
2025-02-26,19.47,16.57,36.03,2.9,31.06,M,Food,1217.4800000000002
2025-02-27,19.65,16.04,35.69,3.62,27.33,M,Food,1221.1000000000001
2025-02-28,11.06,17.56,28.62,-6.5,27.71,M,Food,1214.6000000000001
2025-03-03,4.83,12.16,17.0,-7.33,27.19,M,Food,1207.2700000000002
2025-03-04,10.3,8.51,18.8,1.79,27.16,M,Food,1209.0600000000002
2025-03-05,16.1,17.34,33.44,-1.24,27.32,M,Food,1207.8200000000002
2025-03-06,10.68,18.45,29.14,-7.77,32.15,M,Food,1200.0500000000002
2025-03-07,5.72,4.48,10.2,1.24,31.67,M,Food,1201.2900000000002
2025-03-10,5.36,10.8,16.16,-5.43,23.86,M,Food,1195.8600000000001
2025-03-11,21.88,13.57,35.45,8.31,33.49,M,Food,1204.17
2025-03-12,3.53,13.07,16.6,-9.54,31.02,M,Food,1194.63
2025-03-13,7.45,4.9,12.35,2.54,32.38,M,Food,1197.17
2025-03-14,4.92,3.13,8.05,1.8,24.98,M,Food,1198.97
2025-03-17,5.37,9.37,14.74,-3.99,29.96,M,Food,1194.98
2025-03-18,4.57,8.79,13.36,-4.22,35.91,M,Food,1190.76
2025-03-19,14.69,6.42,21.11,8.26,37.06,M,Food,1199.02
2025-03-20,6.12,9.58,15.7,-3.46,28.53,M,Food,1195.56
2025-03-21,10.44,45.74,56.19,-35.3,35.04,M,Food,1160.26
2025-03-24,13.5,8.89,22.39,4.61,25.36,M,Food,1164.87
2025-03-25,1.13,6.25,7.38,-5.12,21.64,M,Food,1159.75
2025-03-26,4.7,8.17,12.88,-3.47,29.69,M,Food,1156.28
2025-03-27,1.43,3.13,4.55,-1.7,26.19,M,Food,1154.58
2025-03-28,2.49,3.5,6.0,-1.01,21.2,M,Food,1153.57
2025-03-31,3.44,4.7,8.15,-1.26,35.55,M,Food,1152.31
2025-04-01,6.45,7.06,13.51,-0.62,39.12,M,Food,1151.69
2025-04-02,3.55,5.14,8.69,-1.58,23.63,M,Food,1150.1100000000001
2025-04-03,2.91,2.08,4.99,0.82,25.04,M,Food,1150.93
2025-04-04,11.29,9.87,21.16,1.43,16.04,M,Food,1152.3600000000001
2025-04-08,21.14,16.57,37.71,4.56,22.82,M,Food,1156.92
2025-04-09,14.16,9.38,23.53,4.78,25.54,M,Food,1161.7
2025-04-10,19.11,11.64,30.75,7.48,23.6,M,Food,1169.18
2025-04-11,10.52,1.97,12.49,8.55,16.59,M,Food,1177.73
2025-04-16,22.98,10.2,33.18,12.78,32.99,M,Food,1190.51
2025-04-17,16.73,11.97,28.7,4.76,34.69,M,Food,1195.27
2025-04-18,6.46,11.14,17.6,-4.68,41.26,M,Food,1190.59
2025-04-21,8.61,12.97,21.58,-4.37,40.76,M,Food,1186.22
2025-04-22,15.81,10.44,26.24,5.37,31.74,M,Food,1191.59
2025-04-23,8.83,8.39,17.22,0.44,30.69,M,Food,1192.03
2025-04-24,7.2,7.09,14.28,0.11,39.59,M,Food,1192.1399999999999
2025-04-25,7.61,4.76,12.37,2.86,29.43,M,Food,1194.9999999999998
2025-04-28,2.74,3.46,6.2,-0.73,26.14,M,Food,1194.2699999999998
2025-04-29,1.51,7.45,8.96,-5.94,29.67,M,Food,1188.3299999999997
2025-04-30,1.09,7.43,8.52,-6.34,20.26,M,Food,1181.9899999999998
2025-05-02,5.33,5.49,10.82,-0.16,20.08,M,Food,1181.8299999999997
2025-05-06,1.97,17.2,19.17,-15.24,20.69,M,Food,1166.5899999999997
2025-05-07,4.5,14.95,19.45,-10.44,23.24,M,Food,1156.1499999999996
2025-05-08,0.74,9.79,10.53,-9.06,34.63,M,Food,1147.0899999999997
2025-05-09,3.67,4.36,8.03,-0.7,23.6,M,Food,1146.3899999999996
2025-05-13,9.24,2.46,11.71,6.78,25.74,M,Food,1153.1699999999996
2025-05-14,2.93,15.0,17.93,-12.07,19.19,M,Food,1141.0999999999997
2025-05-15,5.65,6.44,12.09,-0.79,19.32,M,Food,1140.3099999999997
2025-05-16,0.39,7.74,8.13,-7.36,19.67,M,Food,1132.9499999999998
2025-05-19,11.78,12.04,23.83,-0.26,23.15,M,Food,1132.6899999999998
2025-05-20,8.64,9.18,17.82,-0.54,14.93,M,Food,1132.1499999999999
2025-05-21,11.52,6.01,17.52,5.51,18.3,M,Food,1137.6599999999999
2025-05-22,8.59,5.2,13.79,3.38,19.41,M,Food,1141.04
2025-05-23,7.62,2.58,10.2,5.04,22.42,M,Food,1146.08
2025-05-26,3.85,7.23,11.08,-3.38,23.84,M,Food,1142.6999999999998
2025-05-27,5.28,8.46,13.73,-3.18,31.16,M,Food,1139.5199999999998
2025-05-28,4.83,6.49,11.32,-1.66,38.4,M,Food,1137.8599999999997
2025-05-29,4.39,8.91,13.29,-4.52,26.12,M,Food,1133.3399999999997
2025-05-30,72.81,9.72,82.52,63.09,33.25,M,Food,1196.4299999999996
2025-06-04,24.07,15.33,39.4,8.74,32.64,M,Food,1205.1699999999996
2025-06-05,10.56,4.86,15.42,5.7,31.81,M,Food,1210.8699999999997
2025-06-06,5.14,3.44,8.58,1.71,37.21,M,Food,1212.5799999999997
2025-06-09,8.89,5.08,13.97,3.81,17.57,M,Food,1216.3899999999996
2025-06-10,6.86,3.57,10.44,3.29,18.22,M,Food,1219.6799999999996
2025-06-11,2.17,11.74,13.91,-9.56,20.96,M,Food,1210.1199999999997
2025-06-12,1.83,11.64,13.47,-9.82,29.87,M,Food,1200.2999999999997
2025-06-13,2.93,9.76,12.69,-6.83,26.67,M,Food,1193.4699999999998
2025-06-16,2.1,8.04,10.15,-5.94,27.4,M,Food,1187.5299999999997
2025-06-17,4.03,5.15,9.18,-1.12,24.43,M,Food,1186.4099999999999
2025-06-18,5.96,4.08,10.05,1.88,16.45,M,Food,1188.29
2025-06-19,5.43,5.98,11.42,-0.55,20.04,M,Food,1187.74
2025-06-20,3.62,6.42,10.04,-2.79,20.15,M,Food,1184.95
2025-06-23,4.1,8.41,12.51,-4.31,19.16,M,Food,1180.64
2025-06-24,3.2,7.41,10.61,-4.21,26.46,M,Food,1176.43
2025-06-25,9.52,9.96,19.48,-0.44,24.02,M,Food,1175.99
2025-06-26,18.95,4.22,23.17,14.73,24.22,M,Food,1190.72
2025-06-27,1.17,8.56,9.73,-7.39,19.53,M,Food,1183.33
2025-06-30,2.08,3.56,5.64,-1.48,18.66,M,Food,1181.85
2025-07-01,20.46,5.23,25.69,15.23,15.05,M,Food,1197.08
2025-07-02,7.57,17.34,24.92,-9.77,14.21,M,Food,1187.31
2025-07-03,8.24,9.79,18.04,-1.55,19.27,M,Food,1185.76
2025-07-04,18.28,14.79,33.08,3.49,16.45,M,Food,1189.25
2025-07-07,4.99,18.67,23.66,-13.68,24.28,M,Food,1175.57
2025-07-08,5.72,13.85,19.57,-8.13,17.78,M,Food,1167.4399999999998
2025-07-09,14.09,12.26,26.34,1.83,23.73,M,Food,1169.2699999999998
2025-07-11,5.92,9.47,15.39,-3.55,17.31,M,Food,1165.7199999999998
2025-07-14,60.81,62.72,123.53,-1.91,15.32,M,Food,1163.8099999999997
2025-07-15,15.63,25.95,41.59,-10.32,13.31,M,Food,1153.4899999999998
2025-07-16,22.37,33.12,55.49,-10.74,16.79,M,Food,1142.7499999999998
2025-07-17,15.57,20.64,36.21,-5.08,11.57,M,Food,1137.6699999999998
2025-07-18,13.16,9.26,22.42,3.9,15.7,M,Food,1141.57
2025-07-21,33.05,14.12,47.17,18.93,15.12,M,Food,1160.5
2025-07-22,9.92,10.73,20.65,-0.8,15.22,M,Food,1159.7
2025-07-23,23.61,26.5,50.11,-2.89,15.11,M,Food,1156.81
2025-07-24,15.73,40.3,56.04,-24.57,19.11,M,Food,1132.24
2025-07-25,18.13,32.54,50.66,-14.41,17.42,M,Food,1117.83
2025-07-29,31.12,24.86,55.98,6.27,15.34,M,Food,1124.1
2025-07-30,26.8,41.31,68.11,-14.51,16.19,M,Food,1109.59
2025-07-31,12.58,33.21,45.79,-20.63,15.53,M,Food,1088.9599999999998
2025-08-01,54.07,21.57,75.64,32.5,20.62,M,Food,1121.4599999999998
2025-08-04,20.76,25.73,46.49,-4.97,24.71,M,Food,1116.4899999999998
2025-08-05,63.27,57.86,121.13,5.41,17.33,M,Food,1121.8999999999999
2025-08-06,57.14,73.98,131.12,-16.83,26.23,M,Food,1105.07
2025-08-07,8.85,47.18,56.03,-38.32,25.64,M,Food,1066.75
2025-08-08,5.36,19.39,24.74,-14.03,16.9,M,Food,1052.72
2025-08-13,17.29,18.89,36.18,-1.59,18.84,M,Food,1051.13
2025-08-14,36.15,41.4,77.55,-5.25,16.97,M,Food,1045.88
2025-08-15,21.47,25.0,46.47,-3.52,20.73,M,Food,1042.3600000000001
2025-08-18,12.99,10.06,23.05,2.92,21.72,M,Food,1045.2800000000002
2025-08-19,8.92,15.32,24.24,-6.4,26.82,M,Food,1038.88
2025-08-20,21.78,13.07,34.86,8.71,18.27,M,Food,1047.5900000000001
2025-08-21,11.92,39.81,51.73,-27.88,22.84,M,Food,1019.7100000000002
2025-08-22,1.99,6.33,8.32,-4.33,11.62,M,Food,1015.3800000000001
2025-08-25,8.09,14.38,22.47,-6.3,20.32,M,Food,1009.0800000000002
2025-08-26,6.1,8.56,14.66,-2.47,11.25,M,Food,1006.6100000000001
2025-08-27,11.37,12.93,24.3,-1.56,16.84,M,Food,1005.0500000000002
2025-08-28,31.17,5.05,36.22,26.13,22.97,M,Food,1031.1800000000003
2025-08-29,13.34,13.46,26.8,-0.12,22.2,M,Food,1031.0600000000004
2025-09-01,15.15,22.44,37.58,-7.29,12.05,M,Food,1023.7700000000004
2025-09-02,7.94,5.34,13.28,2.6,13.5,M,Food,1026.3700000000003
2025-09-03,29.34,19.24,48.58,10.11,17.93,M,Food,1036.4800000000002
2025-09-04,18.48,26.68,45.16,-8.2,18.66,M,Food,1028.2800000000002
2025-09-05,73.3,30.63,103.93,42.67,19.01,M,Food,1070.9500000000003
2025-09-08,26.22,24.81,51.03,1.41,13.48,M,Food,1072.3600000000004
2025-09-09,40.03,42.65,82.68,-2.62,15.33,M,Food,1069.7400000000005
2025-09-10,32.07,28.64,60.72,3.43,20.4,M,Food,1073.1700000000005
2025-09-11,38.3,27.82,66.12,10.49,16.1,M,Food,1083.6600000000005
2025-09-12,12.74,19.58,32.32,-6.84,20.36,M,Food,1076.8200000000006
2025-09-15,6.8,5.73,12.53,1.07,12.67,M,Food,1077.8900000000006
2025-09-16,40.66,13.84,54.49,26.82,18.38,M,Food,1104.7100000000005
2025-09-17,76.62,57.08,133.7,19.54,14.98,M,Food,1124.2500000000005
2025-09-18,25.16,44.33,69.49,-19.17,13.26,M,Food,1105.0800000000004
2025-09-19,20.86,11.44,32.3,9.43,14.91,M,Food,1114.5100000000004
2025-09-22,11.49,16.63,28.11,-5.14,17.6,M,Food,1109.3700000000003
2025-09-23,97.27,23.31,120.57,73.96,30.39,M,Food,1183.3300000000004
2025-09-24,85.27,25.37,110.64,59.9,25.41,M,Food,1243.2300000000005
2025-09-25,52.38,71.8,124.19,-19.42,13.2,M,Food,1223.8100000000004
2025-09-26,26.25,63.99,90.24,-37.74,27.31,M,Food,1186.0700000000004
2025-09-29,16.09,23.95,40.04,-7.87,26.04,M,Food,1178.2000000000005
2025-09-30,13.44,27.16,40.6,-13.72,21.46,M,Food,1164.4800000000005
2025-10-01,37.52,26.65,64.17,10.87,28.79,M,Food,1175.3500000000004
2025-10-02,45.96,24.06,70.02,21.9,22.7,M,Food,1197.2500000000005
2025-10-03,23.62,22.29,45.91,1.33,36.33,M,Food,1198.5800000000004
2025-10-06,27.12,25.29,52.41,1.82,45.71,M,Food,1200.4000000000003
2025-10-07,20.51,14.06,34.57,6.45,20.43,M,Food,1206.8500000000004
2025-10-08,30.45,14.18,44.63,16.27,29.12,M,Food,1223.1200000000003
2025-10-09,72.82,49.51,122.33,23.31,20.55,M,Food,1246.4300000000003
2025-10-10,20.17,21.7,41.87,-1.54,26.3,M,Food,1244.8900000000003
2025-10-14,56.11,22.25,78.36,33.86,29.84,M,Food,1278.7500000000002
2025-10-15,54.04,14.38,68.42,39.66,31.87,M,Food,1318.4100000000003
2025-10-16,29.75,20.64,50.39,9.11,40.58,M,Food,1327.5200000000002
2025-10-17,24.55,38.24,62.79,-13.69,31.73,M,Food,1313.8300000000002
2025-10-20,13.12,10.15,23.27,2.97,25.4,M,Food,1316.8000000000002
2025-10-21,16.7,25.34,42.04,-8.64,25.19,M,Food,1308.16
2025-10-22,4.67,9.64,14.31,-4.97,23.01,M,Food,1303.19
2025-10-24,18.09,21.9,39.99,-3.82,28.81,M,Food,1299.3700000000001
2025-10-27,44.53,19.83,64.36,24.7,30.41,M,Food,1324.0700000000002
2025-10-28,30.79,17.6,48.4,13.19,30.54,M,Food,1337.2600000000002
2025-10-29,18.63,15.44,34.07,3.19,27.66,M,Food,1340.4500000000003
2025-10-30,13.65,7.15,20.79,6.5,34.64,M,Food,1346.9500000000003
2025-10-31,13.35,14.37,27.72,-1.01,32.16,M,Food,1345.9400000000003
2025-11-03,14.85,22.6,37.45,-7.75,34.48,M,Food,1338.1900000000003
2025-11-04,25.21,27.02,52.24,-1.81,32.09,M,Food,1336.3800000000003
2025-11-05,16.4,8.47,24.87,7.94,32.18,M,Food,1344.3200000000004
2025-11-06,21.08,16.89,37.98,4.19,29.27,M,Food,1348.5100000000004
2025-11-07,23.77,38.76,62.54,-14.99,30.03,M,Food,1333.5200000000004
2025-11-10,20.66,13.81,34.48,6.85,32.22,M,Food,1340.3700000000003
2025-11-11,12.73,25.55,38.28,-12.82,33.29,M,Food,1327.5500000000004
2025-11-12,48.84,21.0,69.84,27.83,33.0,M,Food,1355.3800000000003
2025-11-13,123.24,141.74,264.98,-18.5,24.43,M,Food,1336.8800000000003
2025-11-14,27.59,46.21,73.79,-18.62,23.77,M,Food,1318.2600000000004
2025-11-17,101.8,44.51,146.31,57.29,21.98,M,Food,1375.5500000000004
2025-11-18,66.37,50.26,116.64,16.11,38.12,M,Food,1391.6600000000003
2025-11-19,33.23,44.81,78.04,-11.58,28.94,M,Food,1380.0800000000004
2025-11-20,47.11,45.62,92.73,1.49,30.95,M,Food,1381.5700000000004
2025-11-21,26.96,33.03,59.99,-6.08,31.9,M,Food,1375.4900000000005
2025-11-24,115.81,139.81,255.62,-24.0,57.45,M,Food,1351.4900000000005
2025-11-25,21.38,8.02,29.4,13.36,22.32,M,Food,1364.8500000000004
2025-11-26,35.67,18.46,54.13,17.21,28.16,M,Food,1382.0600000000004
2025-11-27,19.69,18.4,38.09,1.28,25.89,M,Food,1383.3400000000004
2025-11-28,40.94,10.17,51.11,30.77,28.92,M,Food,1414.1100000000004
2025-12-01,41.97,15.64,57.61,26.33,38.68,M,Food,1440.4400000000003
2025-12-02,17.3,27.92,45.22,-10.62,34.35,M,Food,1429.8200000000004
2025-12-03,22.78,29.8,52.58,-7.02,37.03,M,Food,1422.8000000000004
2025-12-04,42.07,36.7,78.76,5.37,25.06,M,Food,1428.1700000000003
2025-12-08,14.61,23.37,37.98,-8.75,25.85,M,Food,1419.4200000000003
2025-12-09,24.76,20.51,45.27,4.24,26.33,M,Food,1423.6600000000003
2025-12-11,8.17,41.96,50.14,-33.79,30.93,M,Food,1389.8700000000003
2025-12-12,34.48,23.53,58.01,10.95,41.14,M,Food,1400.8200000000004
2025-12-15,32.33,32.43,64.75,-0.1,33.58,M,Food,1400.7200000000005
2025-12-16,8.36,19.09,27.45,-10.74,34.82,M,Food,1389.9800000000005
2025-12-17,8.79,18.72,27.51,-9.92,37.51,M,Food,1380.0600000000004
2025-12-18,13.41,21.56,34.97,-8.15,33.12,M,Food,1371.9100000000003
2025-12-19,9.21,6.69,15.9,2.52,32.02,M,Food,1374.4300000000003
2025-12-22,4.54,10.23,14.78,-5.69,34.41,M,Food,1368.7400000000002
2025-12-23,13.62,14.02,27.64,-0.4,31.25,M,Food,1368.3400000000001
2025-12-24,5.97,13.73,19.7,-7.76,29.03,M,Food,1360.5800000000002
2025-12-25,5.38,21.91,27.29,-16.52,34.64,M,Food,1344.0600000000002
2025-12-26,13.27,35.11,48.38,-21.84,45.01,M,Food,1322.2200000000003
2025-12-29,5.3,10.25,15.55,-4.95,28.18,M,Food,1317.2700000000002
2025-12-30,8.36,19.93,28.29,-11.58,30.41,M,Food,1305.6900000000003
2026-01-05,10.49,13.42,23.91,-2.93,31.9,M,Food,1302.7600000000002
2026-01-06,3.69,16.6,20.29,-12.91,35.35,M,Food,1289.8500000000001
2026-01-07,35.88,18.25,54.12,17.63,36.42,M,Food,1307.4800000000002
2026-01-08,4.36,38.1,42.46,-33.74,31.75,M,Food,1273.7400000000002
2026-01-09,3.72,21.24,24.96,-17.52,36.38,M,Food,1256.2200000000003
2026-01-12,6.82,17.71,24.53,-10.88,31.6,M,Food,1245.3400000000001
2026-01-13,13.53,18.33,31.86,-4.8,34.32,M,Food,1240.5400000000002
2026-01-14,14.84,6.18,21.02,8.67,44.36,M,Food,1249.2100000000003
2026-01-15,29.29,9.2,38.48,20.09,31.97,M,Food,1269.3000000000002
2026-01-16,17.15,23.79,40.95,-6.64,30.91,M,Food,1262.66
2026-01-19,18.75,26.37,45.12,-7.61,22.97,M,Food,1255.0500000000002
2026-01-20,11.49,36.08,47.57,-24.6,27.24,M,Food,1230.4500000000003
2026-01-21,29.08,15.04,44.11,14.04,29.57,M,Food,1244.4900000000002
2026-01-22,15.68,30.39,46.07,-14.72,31.87,M,Food,1229.7700000000002
2026-01-23,19.47,22.11,41.58,-2.63,30.15,M,Food,1227.14
2026-01-26,14.98,14.69,29.66,0.29,34.88,M,Food,1227.43
2026-01-27,7.9,9.21,17.11,-1.32,22.96,M,Food,1226.1100000000001
2026-01-28,7.04,21.26,28.31,-14.22,31.94,M,Food,1211.89
2026-01-29,13.42,14.59,28.0,-1.17,27.62,M,Food,1210.72
2026-01-30,9.91,13.18,23.09,-3.27,32.89,M,Food,1207.45
2026-02-02,4.79,12.75,17.54,-7.96,30.64,M,Food,1199.49
2026-02-03,77.64,39.16,116.8,38.48,28.42,M,Food,1237.97
2026-02-04,29.08,65.84,94.91,-36.76,30.84,M,Food,1201.21
2026-02-05,21.25,53.53,74.78,-32.27,23.18,M,Food,1168.94
2026-02-06,3.27,21.78,25.05,-18.5,17.39,M,Food,1150.44
2026-02-09,12.72,33.16,45.89,-20.44,28.52,M,Food,1130.0
2026-02-10,17.59,29.76,47.35,-12.17,18.35,M,Food,1117.83
2026-02-11,9.97,14.23,24.2,-4.25,13.66,M,Food,1113.58
2026-02-12,34.15,15.31,49.47,18.84,18.46,M,Food,1132.4199999999998
2026-02-13,8.53,37.32,45.85,-28.79,21.47,M,Food,1103.6299999999999
2026-02-16,5.57,10.45,16.02,-4.88,18.34,M,Food,1098.7499999999998
2026-02-17,41.42,21.47,62.89,19.95,18.84,M,Food,1118.6999999999998
2026-02-18,68.59,73.73,142.32,-5.13,22.53,M,Food,1113.5699999999997
2026-02-19,32.46,76.02,108.47,-43.56,17.61,M,Food,1070.0099999999998
2026-02-20,23.43,39.39,62.81,-15.96,15.78,M,Food,1054.0499999999997
2026-02-23,46.4,45.65,92.05,0.75,21.63,M,Food,1054.7999999999997
2026-02-24,24.4,42.36,66.76,-17.96,19.34,M,Food,1036.8399999999997
2026-02-25,29.26,21.21,50.47,8.05,20.1,M,Food,1044.8899999999996
2026-02-26,15.75,14.96,30.71,0.79,19.59,M,Food,1045.6799999999996
2026-02-27,90.67,43.27,133.94,47.4,14.97,M,Food,1093.0799999999997
2026-03-02,41.77,25.06,66.83,16.71,23.95,M,Food,1109.7899999999997
2026-03-04,24.3,35.15,59.45,-10.86,20.84,M,Food,1098.9299999999998
2026-03-05,24.84,27.03,51.86,-2.19,30.49,M,Food,1096.7399999999998
2026-03-06,14.55,13.83,28.38,0.72,33.24,M,Food,1097.4599999999998
2026-03-09,25.27,21.57,46.84,3.7,27.52,M,Food,1101.1599999999999
2026-03-10,16.08,20.79,36.87,-4.71,22.68,M,Food,1096.4499999999998
2026-03-11,32.39,33.2,65.59,-0.81,24.37,M,Food,1095.6399999999999
2026-03-12,18.47,27.01,45.48,-8.54,27.35,M,Food,1087.1
2026-03-13,8.26,23.59,31.86,-15.33,20.57,M,Food,1071.77
2026-03-16,20.92,28.21,49.13,-7.28,24.97,M,Food,1064.49
2026-03-17,32.91,30.98,63.89,1.93,19.65,M,Food,1066.42
2026-03-18,9.99,6.62,16.61,3.37,17.65,M,Food,1069.79
2026-03-19,2.34,10.3,12.64,-7.95,16.48,M,Food,1061.84
2026-03-20,5.54,5.25,10.79,0.3,12.4,M,Food,1062.1399999999999
2026-03-23,4.55,5.4,9.95,-0.85,12.2,M,Food,1061.29
2026-03-24,2.2,3.19,5.39,-0.99,6.63,M,Food,1060.3
2026-03-25,12.25,14.51,26.76,-2.26,22.77,M,Food,1058.04
2026-03-26,3.49,15.1,18.6,-11.61,29.53,M,Food,1046.43
2026-03-27,9.24,9.84,19.08,-0.6,32.67,M,Food,1045.8300000000002
2026-03-30,13.67,12.39,26.05,1.28,22.12,M,Food,1047.1100000000001
2026-03-31,8.33,9.87,18.19,-1.54,26.29,M,Food,1045.5700000000002
2026-04-01,13.09,12.24,25.33,0.84,22.01,M,Food,1046.41
2026-04-02,11.96,16.05,28.01,-4.09,20.17,M,Food,1042.3200000000002
2026-04-03,3.64,26.18,29.82,-22.55,26.68,M,Food,1019.7700000000002
2026-04-07,1.61,2.14,3.75,-0.53,15.62,M,Food,1019.2400000000002
2026-04-08,44.11,8.05,52.16,36.06,26.36,M,Food,1055.3000000000002
2026-04-09,4.68,25.86,30.54,-21.18,34.76,M,Food,1034.1200000000001
2026-04-10,2.03,7.38,9.41,-5.35,24.39,M,Food,1028.7700000000002
2026-04-16,28.47,4.78,33.25,23.69,25.98,M,Food,1052.4600000000003
2026-04-17,5.51,23.34,28.85,-17.82,33.31,M,Food,1034.6400000000003
2026-04-20,5.94,13.64,19.58,-7.71,23.37,M,Food,1026.9300000000003
2026-04-21,2.65,3.33,5.99,-0.68,15.07,M,Food,1026.2500000000002
2026-04-22,1.18,3.96,5.14,-2.78,12.01,M,Food,1023.4700000000003
2026-04-23,2.24,2.83,5.07,-0.59,11.68,M,Food,1022.8800000000002
2026-04-24,1.11,2.62,3.74,-1.51,14.74,M,Food,1021.3700000000002
2026-04-27,2.55,0.87,3.42,1.68,16.14,M,Food,1023.0500000000002
2026-04-28,0.38,4.18,4.56,-3.8,19.12,M,Food,1019.2500000000002
2026-04-29,6.51,3.21,9.72,3.3,18.79,M,Food,1022.5500000000002
2026-04-30,0.44,3.38,3.81,-2.94,16.67,M,Food,1019.6100000000001
2026-05-05,3.08,3.51,6.59,-0.44,19.67,M,Food,1019.1700000000001
2026-05-06,19.22,8.35,27.57,10.87,17.26,M,Food,1030.04
2026-05-07,3.8,6.69,10.48,-2.89,17.48,M,Food,1027.1499999999999
2026-05-08,13.61,8.73,22.35,4.88,13.91,M,Food,1032.03
2026-05-11,1.9,15.17,17.08,-13.27,22.51,M,Food,1018.76
2026-05-12,4.18,4.32,8.5,-0.14,16.09,M,Food,1018.62
2026-05-13,14.01,5.79,19.79,8.22,16.32,M,Food,1026.84
2026-05-14,74.28,23.94,98.22,50.33,20.9,M,Food,1077.1699999999998
2026-05-15,15.88,25.84,41.73,-9.96,20.47,M,Food,1067.2099999999998
2026-05-18,5.22,11.46,16.68,-6.24,17.94,M,Food,1060.9699999999998
2026-05-19,25.43,39.15,64.58,-13.72,19.02,M,Food,1047.2499999999998
2026-05-20,10.56,17.37,27.93,-6.81,11.91,M,Food,1040.4399999999998
2026-05-21,14.54,6.67,21.21,7.87,15.83,M,Food,1048.3099999999997
2026-05-22,9.05,15.94,24.99,-6.89,23.45,M,Food,1041.4199999999996
2026-05-25,16.83,14.81,31.64,2.02,9.8,M,Food,1043.4399999999996
2026-05-26,4.4,15.17,19.57,-10.76,11.44,M,Food,1032.6799999999996
2026-05-27,13.69,13.75,27.44,-0.05,5.54,M,Food,1032.6299999999997
2026-05-28,13.4,4.61,18.01,8.79,17.56,M,Food,1041.4199999999996
2026-05-29,13.77,15.32,29.1,-1.55,9.49,M,Food,1039.8699999999997
2026-06-02,12.14,8.54,20.68,3.6,16.97,M,Food,1043.4699999999996
2026-06-04,8.9,9.21,18.11,-0.31,20.15,M,Food,1043.1599999999996
2026-06-05,29.93,11.88,41.82,18.05,16.61,M,Food,1061.2099999999996
2026-06-08,9.25,23.27,32.52,-14.02,21.04,M,Food,1047.1899999999996
2026-06-09,5.71,6.97,12.67,-1.26,19.06,M,Food,1045.9299999999996
2026-06-10,7.47,7.72,15.2,-0.25,16.84,M,Food,1045.6799999999996
2026-06-11,11.19,4.29,15.48,6.9,21.28,M,Food,1052.5799999999997
2026-06-12,8.81,3.62,12.43,5.19,21.0,M,Food,1057.7699999999998
2026-06-15,20.92,7.5,28.41,13.42,15.76,M,Food,1071.1899999999998
2026-06-16,8.03,16.4,24.44,-8.37,27.32,M,Food,1062.82
2026-06-17,9.61,12.43,22.04,-2.82,23.2,M,Food,1060.0
2026-06-18,1.44,13.81,15.25,-12.37,22.74,M,Food,1047.63
2026-06-19,9.35,3.33,12.68,6.02,32.47,M,Food,1053.65
2026-06-22,5.38,12.26,17.64,-6.88,22.22,M,Food,1046.77
2026-06-23,1.76,10.54,12.3,-8.78,19.75,M,Food,1037.99
2026-06-24,15.02,2.43,17.45,12.6,29.02,M,Food,1050.59
2026-06-25,10.22,2.64,12.85,7.58,27.98,M,Food,1058.1699999999998
2026-06-26,3.88,3.76,7.64,0.13,25.5,M,Food,1058.3
2026-06-29,10.09,2.4,12.49,7.7,17.87,M,Food,1066.0
2026-06-30,9.88,11.74,21.62,-1.87,12.09,M,Food,1064.13
2026-07-01,3.92,11.77,15.69,-7.85,21.13,M,Food,1056.2800000000002
2026-07-02,12.18,5.81,17.99,6.37,17.66,M,Food,1062.65
2026-07-03,54.42,12.95,67.37,41.46,14.85,M,Food,1104.1100000000001
2026-07-06,5.04,19.47,24.5,-14.43,21.25,M,Food,1089.68
2026-07-07,5.06,25.08,30.14,-20.02,24.43,M,Food,1069.66
2026-07-08,7.65,22.2,29.85,-14.54,30.69,M,Food,1055.1200000000001
2026-07-09,5.0,1.41,6.41,3.59,11.56,M,Food,1058.71
2026-07-10,17.77,4.95,22.72,12.81,23.83,M,Food,1071.52
2026-07-13,15.92,4.67,20.59,11.25,19.98,M,Food,1082.77
2026-07-14,8.61,7.07,15.68,1.53,19.21,M,Food,1084.3
2026-07-15,9.34,8.25,17.59,1.1,22.8,M,Food,1085.3999999999999
2026-07-16,3.49,2.88,6.37,0.61,17.21,M,Food,1086.0099999999998
2026-07-17,1.54,14.1,15.65,-12.56,24.31,M,Food,1073.4499999999998
2026-07-20,15.63,12.94,28.58,2.69,10.97,M,Food,1076.1399999999999
2026-07-21,0.6,5.52,6.12,-4.92,18.05,M,Food,1071.2199999999998
2026-07-22,0.48,9.33,9.81,-8.84,14.58,M,Food,1062.3799999999999
2026-07-23,2.46,6.1,8.56,-3.63,14.5,M,Food,1058.7499999999998
2026-07-24,1.53,5.84,7.36,-4.31,9.54,M,Food,1054.4399999999998
2026-07-27,2.84,4.39,7.23,-1.55,15.78,M,Food,1052.8899999999999
2026-07-30,5.35,3.8,9.14,1.55,19.18,M,Food,1054.4399999999998
2026-07-31,3.64,2.06,5.7,1.58,17.83,M,Food,1056.0199999999998
2026-08-03,7.81,1.47,9.28,6.34,21.74,M,Food,1062.3599999999997
2026-08-04,3.16,2.74,5.9,0.42,14.23,M,Food,1062.7799999999997
2026-08-05,0.74,2.84,3.58,-2.1,23.25,M,Food,1060.6799999999998
2026-08-06,1.24,1.55,2.8,-0.31,20.96,M,Food,1060.37
2026-08-07,0.81,0.96,1.76,-0.15,11.29,M,Food,1060.2199999999998
2026-08-10,1.84,1.59,3.43,0.26,17.11,M,Food,1060.4799999999998
2026-08-11,2.25,5.28,7.53,-3.03,15.2,M,Food,1057.4499999999998
2026-08-13,4.5,3.62,8.12,0.88,18.33,M,Food,1058.33
