date,buy_mb,sell_mb,buy_sell_mb,net_mb,nvdr_pct,symbol,sector,cumulative_net_mb
2020-01-02,121.52,109.39,230.9,12.13,24.39,MINT,Tourism,12.13
2020-01-03,217.85,65.29,283.14,152.56,29.54,MINT,Tourism,164.69
2020-01-06,230.58,223.34,453.91,7.24,24.35,MINT,Tourism,171.93
2020-01-07,130.2,83.11,213.31,47.1,23.17,MINT,Tourism,219.03
2020-01-08,89.44,60.12,149.56,29.33,17.7,MINT,Tourism,248.36
2020-01-09,156.28,79.78,236.06,76.51,23.26,MINT,Tourism,324.87
2020-01-10,80.91,30.75,111.66,50.16,21.96,MINT,Tourism,375.03
2020-01-13,90.45,67.93,158.38,22.52,34.14,MINT,Tourism,397.54999999999995
2020-01-14,97.26,74.66,171.92,22.59,31.57,MINT,Tourism,420.13999999999993
2020-01-15,65.66,40.78,106.44,24.88,21.12,MINT,Tourism,445.0199999999999
2020-01-16,93.19,49.57,142.76,43.63,37.43,MINT,Tourism,488.6499999999999
2020-01-17,92.39,45.41,137.8,46.97,27.39,MINT,Tourism,535.6199999999999
2020-01-20,88.19,78.6,166.79,9.59,34.37,MINT,Tourism,545.2099999999999
2020-01-21,183.23,327.82,511.05,-144.59,25.32,MINT,Tourism,400.6199999999999
2020-01-22,220.63,102.03,322.67,118.6,13.54,MINT,Tourism,519.2199999999999
2020-01-23,116.27,84.62,200.88,31.65,37.52,MINT,Tourism,550.8699999999999
2020-01-24,105.46,108.04,213.5,-2.58,24.42,MINT,Tourism,548.2899999999998
2020-01-27,197.92,231.65,429.57,-33.72,26.17,MINT,Tourism,514.5699999999998
2020-01-28,366.2,121.78,487.98,244.43,31.21,MINT,Tourism,758.9999999999998
2020-01-29,72.97,77.47,150.45,-4.5,16.02,MINT,Tourism,754.4999999999998
2020-01-30,149.59,256.67,406.26,-107.08,33.29,MINT,Tourism,647.4199999999997
2020-01-31,122.51,204.65,327.16,-82.14,36.61,MINT,Tourism,565.2799999999997
2020-02-03,131.03,110.16,241.19,20.86,34.08,MINT,Tourism,586.1399999999998
2020-02-04,245.3,131.0,376.29,114.3,25.31,MINT,Tourism,700.4399999999997
2020-02-05,226.42,212.27,438.69,14.15,28.71,MINT,Tourism,714.5899999999997
2020-02-06,166.42,201.95,368.38,-35.53,24.7,MINT,Tourism,679.0599999999997
2020-02-07,120.85,107.69,228.54,13.16,35.86,MINT,Tourism,692.2199999999997
2020-02-11,122.54,116.0,238.54,6.54,23.82,MINT,Tourism,698.7599999999996
2020-02-12,93.8,73.62,167.42,20.18,31.74,MINT,Tourism,718.9399999999996
2020-02-13,132.61,152.74,285.36,-20.13,36.36,MINT,Tourism,698.8099999999996
2020-02-14,117.76,73.99,191.75,43.77,34.53,MINT,Tourism,742.5799999999996
2020-02-17,33.3,33.6,66.9,-0.3,37.99,MINT,Tourism,742.2799999999996
2020-02-18,84.09,65.88,149.98,18.21,32.7,MINT,Tourism,760.4899999999997
2020-02-19,109.93,64.92,174.86,45.01,38.42,MINT,Tourism,805.4999999999997
2020-02-20,106.52,132.32,238.85,-25.8,48.6,MINT,Tourism,779.6999999999997
2020-02-21,97.86,85.41,183.26,12.45,38.93,MINT,Tourism,792.1499999999997
2020-02-24,418.29,447.85,866.13,-29.56,41.94,MINT,Tourism,762.5899999999998
2020-02-25,185.93,172.42,358.35,13.51,30.03,MINT,Tourism,776.0999999999998
2020-02-26,314.89,199.73,514.62,115.16,34.1,MINT,Tourism,891.2599999999998
2020-02-27,198.07,133.15,331.22,64.93,34.78,MINT,Tourism,956.1899999999998
2020-02-28,253.17,230.84,484.01,22.33,47.27,MINT,Tourism,978.5199999999999
2020-03-02,292.79,209.13,501.92,83.66,33.27,MINT,Tourism,1062.1799999999998
2020-03-03,225.81,202.86,428.66,22.95,29.64,MINT,Tourism,1085.1299999999999
2020-03-04,333.64,141.06,474.7,192.59,38.12,MINT,Tourism,1277.7199999999998
2020-03-05,168.29,111.05,279.34,57.24,19.77,MINT,Tourism,1334.9599999999998
2020-03-06,133.76,182.46,316.22,-48.7,28.02,MINT,Tourism,1286.2599999999998
2020-03-09,266.42,275.0,541.42,-8.59,32.32,MINT,Tourism,1277.6699999999998
2020-03-10,210.13,581.62,791.75,-371.49,41.09,MINT,Tourism,906.1799999999998
2020-03-11,145.74,189.71,335.45,-43.96,42.26,MINT,Tourism,862.2199999999998
2020-03-12,307.59,580.7,888.29,-273.11,37.49,MINT,Tourism,589.1099999999998
2020-03-13,329.9,566.66,896.56,-236.75,36.63,MINT,Tourism,352.3599999999998
2020-03-16,221.13,390.68,611.81,-169.55,43.29,MINT,Tourism,182.80999999999977
2020-03-17,159.32,294.78,454.1,-135.46,30.45,MINT,Tourism,47.34999999999977
2020-03-18,286.93,444.58,731.51,-157.65,33.42,MINT,Tourism,-110.30000000000024
2020-03-19,229.75,189.31,419.06,40.44,24.38,MINT,Tourism,-69.86000000000024
2020-03-20,216.19,305.82,522.02,-89.63,17.34,MINT,Tourism,-159.49000000000024
2020-03-23,186.4,189.18,375.58,-2.78,30.57,MINT,Tourism,-162.27000000000024
2020-03-24,184.34,134.02,318.37,50.32,24.12,MINT,Tourism,-111.95000000000024
2020-03-25,350.98,285.44,636.42,65.55,30.63,MINT,Tourism,-46.40000000000025
2020-03-26,402.26,256.31,658.57,145.96,21.35,MINT,Tourism,99.55999999999976
2020-03-27,184.14,238.1,422.24,-53.96,18.69,MINT,Tourism,45.59999999999976
2020-03-30,251.4,124.79,376.19,126.61,23.32,MINT,Tourism,172.20999999999975
2020-03-31,166.98,248.97,415.95,-82.0,16.1,MINT,Tourism,90.20999999999975
2020-04-01,118.58,167.37,285.95,-48.79,20.92,MINT,Tourism,41.41999999999975
2020-04-02,107.33,158.5,265.83,-51.18,24.95,MINT,Tourism,-9.760000000000247
2020-04-03,74.33,131.47,205.8,-57.14,26.59,MINT,Tourism,-66.90000000000025
2020-04-07,241.85,294.63,536.48,-52.78,19.18,MINT,Tourism,-119.68000000000025
2020-04-08,326.38,188.18,514.57,138.2,18.52,MINT,Tourism,18.51999999999974
2020-04-09,278.03,380.45,658.47,-102.42,20.54,MINT,Tourism,-83.90000000000026
2020-04-10,154.41,191.58,345.99,-37.17,26.08,MINT,Tourism,-121.07000000000026
2020-04-13,388.2,177.92,566.11,210.28,18.9,MINT,Tourism,89.20999999999974
2020-04-14,465.42,596.67,1062.09,-131.25,23.42,MINT,Tourism,-42.04000000000026
2020-04-15,311.73,352.73,664.46,-41.0,17.53,MINT,Tourism,-83.04000000000026
2020-04-16,297.77,354.3,652.07,-56.53,22.14,MINT,Tourism,-139.57000000000028
2020-04-17,235.17,247.62,482.79,-12.45,19.08,MINT,Tourism,-152.02000000000027
2020-04-20,174.24,302.65,476.89,-128.41,14.83,MINT,Tourism,-280.4300000000003
2020-04-21,223.89,142.92,366.81,80.97,29.51,MINT,Tourism,-199.4600000000003
2020-04-22,86.74,122.4,209.14,-35.67,13.89,MINT,Tourism,-235.13000000000028
2020-04-23,94.09,73.86,167.95,20.22,16.57,MINT,Tourism,-214.91000000000028
2020-04-24,359.51,334.08,693.59,25.44,17.03,MINT,Tourism,-189.47000000000028
2020-04-27,71.46,131.7,203.16,-60.24,15.73,MINT,Tourism,-249.7100000000003
2020-04-28,108.92,98.84,207.76,10.09,16.9,MINT,Tourism,-239.6200000000003
2020-04-29,180.34,228.11,408.46,-47.77,35.84,MINT,Tourism,-287.39000000000027
2020-04-30,332.46,239.28,571.74,93.18,28.91,MINT,Tourism,-194.21000000000026
2020-05-05,116.8,270.75,387.55,-153.95,22.28,MINT,Tourism,-348.16000000000025
2020-05-07,236.1,150.3,386.4,85.79,16.96,MINT,Tourism,-262.37000000000023
2020-05-08,147.95,73.52,221.47,74.42,25.11,MINT,Tourism,-187.95000000000022
2020-05-11,161.5,62.2,223.7,99.29,21.0,MINT,Tourism,-88.66000000000021
2020-05-12,103.22,127.95,231.17,-24.72,20.65,MINT,Tourism,-113.38000000000021
2020-05-13,101.59,90.76,192.35,10.83,27.8,MINT,Tourism,-102.55000000000021
2020-05-14,161.08,108.55,269.63,52.53,16.2,MINT,Tourism,-50.02000000000021
2020-05-15,224.05,148.86,372.91,75.2,28.78,MINT,Tourism,25.179999999999794
2020-05-18,419.25,276.66,695.91,142.59,20.43,MINT,Tourism,167.7699999999998
2020-05-19,828.99,481.41,1310.4,347.59,12.24,MINT,Tourism,515.3599999999998
2020-05-20,290.62,327.22,617.84,-36.59,16.67,MINT,Tourism,478.76999999999975
2020-05-21,559.94,423.28,983.22,136.66,19.55,MINT,Tourism,615.4299999999997
2020-05-22,129.43,302.7,432.12,-173.27,19.84,MINT,Tourism,442.15999999999974
2020-05-25,142.68,141.42,284.1,1.26,15.38,MINT,Tourism,443.41999999999973
2020-05-26,398.31,552.44,950.74,-154.13,11.18,MINT,Tourism,289.28999999999974
2020-05-27,242.23,476.36,718.59,-234.13,14.9,MINT,Tourism,55.15999999999974
2020-05-28,350.9,309.63,660.53,41.26,15.52,MINT,Tourism,96.41999999999973
2020-05-29,891.94,831.91,1723.84,60.03,40.68,MINT,Tourism,156.44999999999973
2020-06-01,139.62,69.68,209.3,69.93,13.96,MINT,Tourism,226.37999999999974
2020-06-02,229.79,142.65,372.44,87.14,14.24,MINT,Tourism,313.51999999999975
2020-06-04,515.35,448.73,964.08,66.62,12.88,MINT,Tourism,380.13999999999976
2020-06-05,484.71,513.95,998.67,-29.24,17.37,MINT,Tourism,350.89999999999975
2020-06-08,803.1,944.67,1747.78,-141.57,16.55,MINT,Tourism,209.32999999999976
2020-06-09,792.61,1259.13,2051.74,-466.52,12.58,MINT,Tourism,-257.1900000000002
2020-06-10,1077.44,1161.32,2238.77,-83.88,15.83,MINT,Tourism,-341.0700000000002
2020-06-11,597.4,381.96,979.36,215.43,14.6,MINT,Tourism,-125.64000000000021
2020-06-12,294.29,553.82,848.11,-259.53,13.41,MINT,Tourism,-385.1700000000002
2020-06-15,459.48,546.77,1006.24,-87.29,17.26,MINT,Tourism,-472.4600000000002
2020-06-16,165.66,279.43,445.09,-113.77,15.76,MINT,Tourism,-586.2300000000002
2020-06-17,515.25,539.61,1054.85,-24.36,12.82,MINT,Tourism,-610.5900000000003
2020-06-18,160.12,252.96,413.08,-92.84,10.96,MINT,Tourism,-703.4300000000003
2020-06-19,231.5,235.22,466.72,-3.72,13.73,MINT,Tourism,-707.1500000000003
2020-06-22,296.05,226.66,522.71,69.38,16.17,MINT,Tourism,-637.7700000000003
2020-06-23,221.3,188.69,409.99,32.61,15.59,MINT,Tourism,-605.1600000000003
2020-06-24,263.63,280.21,543.84,-16.58,11.52,MINT,Tourism,-621.7400000000004
2020-06-25,282.76,240.25,523.01,42.51,15.11,MINT,Tourism,-579.2300000000004
2020-06-26,141.9,303.34,445.24,-161.45,24.81,MINT,Tourism,-740.6800000000003
2020-06-29,97.32,249.84,347.16,-152.52,23.27,MINT,Tourism,-893.2000000000003
2020-06-30,180.68,191.78,372.46,-11.1,16.67,MINT,Tourism,-904.3000000000003
2020-07-01,113.23,236.42,349.65,-123.19,24.09,MINT,Tourism,-1027.4900000000002
2020-07-02,228.38,207.9,436.28,20.48,9.91,MINT,Tourism,-1007.0100000000002
2020-07-03,221.63,280.5,502.14,-58.87,16.01,MINT,Tourism,-1065.88
2020-07-07,153.23,202.24,355.47,-49.01,14.56,MINT,Tourism,-1114.89
2020-07-08,158.2,168.86,327.06,-10.67,28.24,MINT,Tourism,-1125.5600000000002
2020-07-09,246.95,281.04,527.99,-34.09,18.08,MINT,Tourism,-1159.65
2020-07-10,62.03,121.46,183.49,-59.43,11.58,MINT,Tourism,-1219.0800000000002
2020-07-13,250.59,162.22,412.8,88.37,17.29,MINT,Tourism,-1130.71
2020-07-14,161.06,260.52,421.59,-99.46,21.63,MINT,Tourism,-1230.17
2020-07-15,329.68,427.6,757.28,-97.93,25.19,MINT,Tourism,-1328.1000000000001
2020-07-16,197.86,279.82,477.68,-81.96,30.25,MINT,Tourism,-1410.0600000000002
2020-07-17,151.14,144.81,295.95,6.33,18.73,MINT,Tourism,-1403.7300000000002
2020-07-20,108.04,287.26,395.3,-179.23,28.46,MINT,Tourism,-1582.9600000000003
2020-07-21,388.32,395.19,783.52,-6.87,13.27,MINT,Tourism,-1589.8300000000002
2020-07-22,207.89,208.47,416.36,-0.58,10.88,MINT,Tourism,-1590.41
2020-07-23,119.72,172.01,291.73,-52.3,14.85,MINT,Tourism,-1642.71
2020-07-24,185.15,114.99,300.14,70.16,17.62,MINT,Tourism,-1572.55
2020-07-29,154.87,115.29,270.16,39.58,16.33,MINT,Tourism,-1532.97
2020-07-30,169.26,238.31,407.57,-69.04,18.9,MINT,Tourism,-1602.01
2020-07-31,155.3,166.89,322.19,-11.6,27.63,MINT,Tourism,-1613.61
2020-08-03,56.06,102.75,158.81,-46.68,22.63,MINT,Tourism,-1660.29
2020-08-04,359.17,487.5,846.67,-128.32,28.4,MINT,Tourism,-1788.61
2020-08-05,107.81,165.77,273.58,-57.95,21.86,MINT,Tourism,-1846.56
2020-08-06,124.16,163.8,287.95,-39.64,23.0,MINT,Tourism,-1886.2
2020-08-07,119.45,85.38,204.83,34.07,29.73,MINT,Tourism,-1852.13
2020-08-10,61.82,77.25,139.06,-15.43,26.71,MINT,Tourism,-1867.5600000000002
2020-08-11,816.97,455.57,1272.54,361.41,18.38,MINT,Tourism,-1506.15
2020-08-13,405.43,312.7,718.13,92.73,14.29,MINT,Tourism,-1413.42
2020-08-14,198.18,239.79,437.97,-41.62,21.7,MINT,Tourism,-1455.04
2020-08-17,248.43,382.47,630.9,-134.05,20.36,MINT,Tourism,-1589.09
2020-08-18,128.43,191.11,319.54,-62.67,14.14,MINT,Tourism,-1651.76
2020-08-19,228.55,341.07,569.63,-112.52,14.07,MINT,Tourism,-1764.28
2020-08-20,112.72,165.49,278.2,-52.77,16.41,MINT,Tourism,-1817.05
2020-08-21,104.66,120.69,225.35,-16.04,13.6,MINT,Tourism,-1833.09
2020-08-24,869.65,381.54,1251.19,488.11,16.77,MINT,Tourism,-1344.98
2020-08-25,199.87,425.12,624.99,-225.26,12.2,MINT,Tourism,-1570.24
2020-08-26,224.1,136.89,360.99,87.21,19.78,MINT,Tourism,-1483.03
2020-08-27,188.69,225.48,414.17,-36.79,17.43,MINT,Tourism,-1519.82
2020-08-28,784.17,432.29,1216.46,351.87,18.74,MINT,Tourism,-1167.9499999999998
2020-08-31,289.55,850.26,1139.81,-560.71,25.43,MINT,Tourism,-1728.6599999999999
2020-09-01,300.32,160.74,461.06,139.57,16.47,MINT,Tourism,-1589.09
2020-09-02,219.24,192.42,411.67,26.82,14.04,MINT,Tourism,-1562.27
2020-09-03,185.83,261.21,447.04,-75.38,11.16,MINT,Tourism,-1637.65
2020-09-08,264.79,158.91,423.71,105.88,24.95,MINT,Tourism,-1531.77
2020-09-09,157.79,257.59,415.38,-99.8,17.77,MINT,Tourism,-1631.57
2020-09-10,112.56,183.23,295.79,-70.67,17.1,MINT,Tourism,-1702.24
2020-09-11,147.79,183.01,330.8,-35.22,12.83,MINT,Tourism,-1737.46
2020-09-14,170.82,171.93,342.75,-1.1,15.33,MINT,Tourism,-1738.56
2020-09-15,247.25,216.31,463.56,30.94,10.43,MINT,Tourism,-1707.62
2020-09-16,174.03,243.83,417.85,-69.8,10.39,MINT,Tourism,-1777.4199999999998
2020-09-17,142.58,210.07,352.65,-67.49,20.2,MINT,Tourism,-1844.9099999999999
2020-09-18,213.82,225.13,438.94,-11.31,33.78,MINT,Tourism,-1856.2199999999998
2020-09-21,125.66,212.04,337.7,-86.38,15.95,MINT,Tourism,-1942.6
2020-09-22,356.75,569.66,926.41,-212.91,20.58,MINT,Tourism,-2155.5099999999998
2020-09-23,240.08,244.88,484.96,-4.8,19.03,MINT,Tourism,-2160.31
2020-09-24,264.18,286.8,550.97,-22.62,25.19,MINT,Tourism,-2182.93
2020-09-25,328.69,403.92,732.6,-75.23,25.78,MINT,Tourism,-2258.16
2020-09-28,114.71,161.85,276.56,-47.15,15.76,MINT,Tourism,-2305.31
2020-09-29,100.66,223.14,323.8,-122.48,18.16,MINT,Tourism,-2427.79
2020-09-30,130.58,174.08,304.67,-43.5,22.71,MINT,Tourism,-2471.29
2020-10-01,129.38,176.27,305.65,-46.9,18.59,MINT,Tourism,-2518.19
2020-10-02,337.27,248.56,585.83,88.71,22.36,MINT,Tourism,-2429.48
2020-10-05,196.48,161.54,358.02,34.94,26.16,MINT,Tourism,-2394.54
2020-10-06,73.19,192.34,265.52,-119.15,19.95,MINT,Tourism,-2513.69
2020-10-07,166.06,198.65,364.72,-32.59,12.16,MINT,Tourism,-2546.28
2020-10-08,136.18,342.17,478.35,-205.99,17.49,MINT,Tourism,-2752.2700000000004
2020-10-09,210.05,151.12,361.16,58.93,22.05,MINT,Tourism,-2693.3400000000006
2020-10-12,260.38,119.2,379.58,141.19,21.79,MINT,Tourism,-2552.1500000000005
2020-10-14,163.3,331.52,494.82,-168.22,24.73,MINT,Tourism,-2720.3700000000003
2020-10-15,193.49,250.79,444.28,-57.3,18.79,MINT,Tourism,-2777.6700000000005
2020-10-16,170.55,242.01,412.56,-71.46,22.37,MINT,Tourism,-2849.1300000000006
2020-10-19,228.52,157.08,385.6,71.44,22.48,MINT,Tourism,-2777.6900000000005
2020-10-20,295.3,278.32,573.63,16.98,29.45,MINT,Tourism,-2760.7100000000005
2020-10-21,209.81,250.3,460.11,-40.49,29.67,MINT,Tourism,-2801.2000000000003
2020-10-22,293.23,316.33,609.56,-23.1,31.14,MINT,Tourism,-2824.3
2020-10-26,173.82,214.58,388.4,-40.76,35.61,MINT,Tourism,-2865.0600000000004
2020-10-27,342.46,491.77,834.23,-149.31,31.59,MINT,Tourism,-3014.3700000000003
2020-10-28,441.22,206.72,647.95,234.5,31.44,MINT,Tourism,-2779.8700000000003
2020-10-29,121.35,157.8,279.16,-36.45,21.72,MINT,Tourism,-2816.32
2020-10-30,190.07,162.21,352.28,27.86,21.81,MINT,Tourism,-2788.46
2020-11-02,191.36,176.38,367.74,14.99,21.34,MINT,Tourism,-2773.4700000000003
2020-11-03,81.42,86.86,168.28,-5.44,14.93,MINT,Tourism,-2778.9100000000003
2020-11-04,51.75,123.09,174.84,-71.34,16.47,MINT,Tourism,-2850.2500000000005
2020-11-05,290.57,172.45,463.01,118.12,19.01,MINT,Tourism,-2732.1300000000006
2020-11-06,151.59,99.99,251.59,51.6,20.65,MINT,Tourism,-2680.5300000000007
2020-11-09,267.49,296.88,564.36,-29.39,23.98,MINT,Tourism,-2709.9200000000005
2020-11-10,1756.34,1029.71,2786.05,726.63,14.87,MINT,Tourism,-1983.2900000000004
2020-11-11,600.93,408.16,1009.09,192.77,15.42,MINT,Tourism,-1790.5200000000004
2020-11-12,918.34,488.05,1406.39,430.29,19.58,MINT,Tourism,-1360.2300000000005
2020-11-13,558.96,392.16,951.12,166.79,24.76,MINT,Tourism,-1193.4400000000005
2020-11-16,602.98,444.18,1047.16,158.8,14.45,MINT,Tourism,-1034.6400000000006
2020-11-17,560.51,815.74,1376.25,-255.23,17.66,MINT,Tourism,-1289.8700000000006
2020-11-18,443.59,296.39,739.98,147.2,16.85,MINT,Tourism,-1142.6700000000005
2020-11-19,380.23,474.86,855.09,-94.63,22.42,MINT,Tourism,-1237.3000000000006
2020-11-20,409.39,319.78,729.17,89.61,27.26,MINT,Tourism,-1147.6900000000007
2020-11-23,638.1,456.38,1094.48,181.72,18.22,MINT,Tourism,-965.9700000000007
2020-11-24,428.1,307.36,735.46,120.75,19.19,MINT,Tourism,-845.2200000000007
2020-11-25,643.46,561.63,1205.09,81.83,21.97,MINT,Tourism,-763.3900000000007
2020-11-26,513.65,393.98,907.63,119.67,21.63,MINT,Tourism,-643.7200000000007
2020-11-27,149.86,443.02,592.88,-293.15,23.68,MINT,Tourism,-936.8700000000007
2020-11-30,669.88,604.99,1274.87,64.89,31.64,MINT,Tourism,-871.9800000000007
2020-12-01,272.43,156.78,429.21,115.66,23.37,MINT,Tourism,-756.3200000000007
2020-12-02,346.14,285.28,631.42,60.86,17.2,MINT,Tourism,-695.4600000000007
2020-12-03,106.41,127.45,233.86,-21.04,18.44,MINT,Tourism,-716.5000000000007
2020-12-04,197.92,93.03,290.95,104.89,18.82,MINT,Tourism,-611.6100000000007
2020-12-08,451.25,304.6,755.84,146.65,27.15,MINT,Tourism,-464.9600000000007
2020-12-09,453.94,407.33,861.27,46.61,33.55,MINT,Tourism,-418.3500000000007
2020-12-14,340.67,337.07,677.74,3.6,31.92,MINT,Tourism,-414.7500000000007
2020-12-15,381.42,372.98,754.4,8.44,40.58,MINT,Tourism,-406.3100000000007
2020-12-16,316.15,329.54,645.69,-13.38,29.44,MINT,Tourism,-419.6900000000007
2020-12-17,78.11,336.05,414.15,-257.94,28.39,MINT,Tourism,-677.6300000000007
2020-12-18,584.48,309.59,894.08,274.89,32.0,MINT,Tourism,-402.7400000000007
2020-12-21,671.01,296.65,967.66,374.36,22.95,MINT,Tourism,-28.380000000000678
2020-12-22,282.75,187.85,470.6,94.91,23.45,MINT,Tourism,66.52999999999932
2020-12-23,272.7,280.01,552.71,-7.32,29.15,MINT,Tourism,59.20999999999932
2020-12-24,247.64,335.36,583.01,-87.72,31.23,MINT,Tourism,-28.51000000000068
2020-12-25,98.49,134.48,232.96,-35.99,20.74,MINT,Tourism,-64.50000000000068
2020-12-28,39.12,168.39,207.51,-129.27,23.4,MINT,Tourism,-193.7700000000007
2020-12-29,188.66,207.2,395.86,-18.54,35.03,MINT,Tourism,-212.31000000000068
2020-12-30,90.12,143.03,233.15,-52.9,21.7,MINT,Tourism,-265.21000000000066
2021-01-04,159.09,332.81,491.9,-173.72,27.14,MINT,Tourism,-438.93000000000063
2021-01-05,124.24,263.85,388.09,-139.61,23.24,MINT,Tourism,-578.5400000000006
2021-01-06,126.11,350.61,476.72,-224.5,27.07,MINT,Tourism,-803.0400000000006
2021-01-07,265.54,260.69,526.23,4.85,31.21,MINT,Tourism,-798.1900000000006
2021-01-08,270.66,114.89,385.56,155.77,26.47,MINT,Tourism,-642.4200000000006
2021-01-11,104.43,126.16,230.59,-21.73,22.1,MINT,Tourism,-664.1500000000007
2021-01-12,47.25,117.74,165.0,-70.49,24.87,MINT,Tourism,-734.6400000000007
2021-01-13,88.77,134.15,222.92,-45.38,28.51,MINT,Tourism,-780.0200000000007
2021-01-14,103.38,166.63,270.01,-63.24,26.88,MINT,Tourism,-843.2600000000007
2021-01-15,57.99,153.71,211.7,-95.73,32.94,MINT,Tourism,-938.9900000000007
2021-01-18,60.78,157.25,218.03,-96.48,37.19,MINT,Tourism,-1035.4700000000007
2021-01-19,90.4,177.84,268.24,-87.43,36.86,MINT,Tourism,-1122.9000000000008
2021-01-20,137.03,143.04,280.06,-6.01,19.62,MINT,Tourism,-1128.9100000000008
2021-01-21,160.11,341.47,501.58,-181.35,19.81,MINT,Tourism,-1310.2600000000007
2021-01-22,105.04,216.46,321.49,-111.42,22.62,MINT,Tourism,-1421.6800000000007
2021-01-25,134.2,76.02,210.21,58.18,18.94,MINT,Tourism,-1363.5000000000007
2021-01-26,190.51,73.15,263.66,117.36,24.71,MINT,Tourism,-1246.1400000000008
2021-01-27,89.82,183.49,273.31,-93.67,30.38,MINT,Tourism,-1339.8100000000009
2021-01-28,73.5,283.76,357.26,-210.25,27.23,MINT,Tourism,-1550.0600000000009
2021-01-29,271.77,363.44,635.21,-91.67,32.66,MINT,Tourism,-1641.730000000001
2021-02-01,119.68,185.65,305.33,-65.96,22.5,MINT,Tourism,-1707.690000000001
2021-02-02,101.0,62.48,163.48,38.52,30.38,MINT,Tourism,-1669.170000000001
2021-02-03,357.39,260.24,617.63,97.15,18.27,MINT,Tourism,-1572.020000000001
2021-02-04,143.67,197.33,341.01,-53.66,20.46,MINT,Tourism,-1625.680000000001
2021-02-05,401.61,271.73,673.34,129.87,25.71,MINT,Tourism,-1495.8100000000009
2021-02-08,608.58,268.63,877.21,339.95,27.27,MINT,Tourism,-1155.8600000000008
2021-02-09,230.26,290.09,520.34,-59.83,23.74,MINT,Tourism,-1215.6900000000007
2021-02-10,242.71,175.9,418.61,66.81,14.53,MINT,Tourism,-1148.8800000000008
2021-02-11,116.62,91.08,207.71,25.54,22.23,MINT,Tourism,-1123.3400000000008
2021-02-15,164.32,153.98,318.3,10.35,26.08,MINT,Tourism,-1112.990000000001
2021-02-16,121.68,156.57,278.25,-34.89,17.77,MINT,Tourism,-1147.880000000001
2021-02-17,78.94,41.48,120.42,37.46,16.27,MINT,Tourism,-1110.420000000001
2021-02-18,106.88,202.68,309.56,-95.79,20.3,MINT,Tourism,-1206.210000000001
2021-02-19,94.5,272.41,366.91,-177.9,29.21,MINT,Tourism,-1384.110000000001
2021-02-22,109.36,189.26,298.62,-79.9,19.94,MINT,Tourism,-1464.0100000000011
2021-02-23,397.4,389.44,786.84,7.95,16.19,MINT,Tourism,-1456.060000000001
2021-02-24,279.17,449.28,728.45,-170.12,21.04,MINT,Tourism,-1626.1800000000012
2021-02-25,176.08,422.88,598.96,-246.81,22.95,MINT,Tourism,-1872.9900000000011
2021-03-01,176.42,137.32,313.75,39.1,22.51,MINT,Tourism,-1833.8900000000012
2021-03-02,167.83,97.2,265.03,70.64,23.05,MINT,Tourism,-1763.2500000000011
2021-03-03,229.47,108.9,338.37,120.57,17.98,MINT,Tourism,-1642.6800000000012
2021-03-04,240.14,345.85,585.99,-105.71,28.05,MINT,Tourism,-1748.3900000000012
2021-03-05,221.96,95.59,317.55,126.37,28.56,MINT,Tourism,-1622.0200000000013
2021-03-08,128.29,101.09,229.38,27.2,21.21,MINT,Tourism,-1594.8200000000013
2021-03-09,190.38,132.18,322.56,58.19,21.13,MINT,Tourism,-1536.6300000000012
2021-03-10,219.18,155.84,375.02,63.34,20.79,MINT,Tourism,-1473.2900000000013
2021-03-11,220.41,219.68,440.08,0.73,19.45,MINT,Tourism,-1472.5600000000013
2021-03-12,173.35,220.49,393.84,-47.14,25.38,MINT,Tourism,-1519.7000000000014
2021-03-15,203.01,211.1,414.11,-8.09,30.14,MINT,Tourism,-1527.7900000000013
2021-03-16,239.52,162.63,402.16,76.89,28.95,MINT,Tourism,-1450.9000000000012
2021-03-17,54.52,51.63,106.16,2.89,22.86,MINT,Tourism,-1448.0100000000011
2021-03-18,144.32,95.62,239.94,48.69,30.09,MINT,Tourism,-1399.320000000001
2021-03-19,186.62,117.15,303.77,69.47,41.93,MINT,Tourism,-1329.850000000001
2021-03-22,304.25,92.75,397.0,211.51,18.98,MINT,Tourism,-1118.340000000001
2021-03-23,180.11,177.26,357.36,2.85,24.29,MINT,Tourism,-1115.4900000000011
2021-03-24,221.06,268.06,489.12,-47.01,29.73,MINT,Tourism,-1162.5000000000011
2021-03-25,89.31,74.67,163.99,14.64,20.92,MINT,Tourism,-1147.860000000001
2021-03-26,127.56,207.96,335.52,-80.4,25.31,MINT,Tourism,-1228.2600000000011
2021-03-29,244.37,223.63,468.0,20.75,31.79,MINT,Tourism,-1207.5100000000011
2021-03-30,166.34,83.97,250.31,82.38,26.42,MINT,Tourism,-1125.130000000001
2021-03-31,79.07,79.8,158.87,-0.73,24.93,MINT,Tourism,-1125.860000000001
2021-04-01,68.47,114.9,183.37,-46.43,21.01,MINT,Tourism,-1172.290000000001
2021-04-02,78.26,244.28,322.54,-166.02,19.86,MINT,Tourism,-1338.310000000001
2021-04-05,206.14,200.83,406.97,5.31,25.57,MINT,Tourism,-1333.0000000000011
2021-04-07,245.81,162.71,408.52,83.1,16.41,MINT,Tourism,-1249.9000000000012
2021-04-08,222.77,150.73,373.5,72.03,17.08,MINT,Tourism,-1177.8700000000013
2021-04-09,93.74,76.23,169.97,17.5,22.66,MINT,Tourism,-1160.3700000000013
2021-04-12,133.99,183.92,317.91,-49.93,30.47,MINT,Tourism,-1210.3000000000013
2021-04-16,100.74,145.09,245.83,-44.35,37.73,MINT,Tourism,-1254.6500000000012
2021-04-19,73.56,107.67,181.23,-34.11,26.22,MINT,Tourism,-1288.7600000000011
2021-04-20,80.84,115.73,196.58,-34.89,24.56,MINT,Tourism,-1323.6500000000012
2021-04-21,249.54,218.01,467.54,31.53,28.47,MINT,Tourism,-1292.1200000000013
2021-04-22,146.36,146.4,292.76,-0.05,24.28,MINT,Tourism,-1292.1700000000012
2021-04-23,307.91,157.29,465.2,150.62,25.53,MINT,Tourism,-1141.550000000001
2021-04-26,225.55,251.61,477.15,-26.06,27.63,MINT,Tourism,-1167.610000000001
2021-04-27,106.07,115.15,221.22,-9.07,20.57,MINT,Tourism,-1176.680000000001
2021-04-28,60.2,125.82,186.02,-65.62,29.83,MINT,Tourism,-1242.300000000001
2021-04-29,195.58,207.63,403.21,-12.04,32.29,MINT,Tourism,-1254.340000000001
2021-04-30,163.14,44.55,207.69,118.59,22.1,MINT,Tourism,-1135.7500000000011
2021-05-05,256.39,365.24,621.63,-108.84,31.92,MINT,Tourism,-1244.590000000001
2021-05-06,176.05,170.21,346.27,5.84,34.48,MINT,Tourism,-1238.7500000000011
2021-05-07,210.38,118.78,329.16,91.6,34.08,MINT,Tourism,-1147.1500000000012
2021-05-10,128.73,83.73,212.46,45.0,30.98,MINT,Tourism,-1102.1500000000012
2021-05-11,167.52,186.52,354.04,-19.01,35.22,MINT,Tourism,-1121.1600000000012
2021-05-12,114.27,119.13,233.4,-4.87,25.2,MINT,Tourism,-1126.030000000001
2021-05-13,234.45,269.82,504.27,-35.37,35.2,MINT,Tourism,-1161.400000000001
2021-05-14,196.81,244.81,441.61,-48.0,31.97,MINT,Tourism,-1209.400000000001
2021-05-17,124.39,160.54,284.93,-36.15,23.86,MINT,Tourism,-1245.550000000001
2021-05-18,357.08,562.81,919.89,-205.72,34.66,MINT,Tourism,-1451.2700000000011
2021-05-19,138.98,210.25,349.22,-71.27,26.72,MINT,Tourism,-1522.540000000001
2021-05-20,187.13,117.71,304.84,69.42,29.24,MINT,Tourism,-1453.120000000001
2021-05-21,333.81,225.45,559.27,108.36,38.26,MINT,Tourism,-1344.7600000000011
2021-05-24,250.25,192.24,442.49,58.01,38.4,MINT,Tourism,-1286.7500000000011
2021-05-25,170.1,164.35,334.45,5.74,42.89,MINT,Tourism,-1281.0100000000011
2021-05-27,780.53,714.28,1494.81,66.25,51.24,MINT,Tourism,-1214.7600000000011
2021-05-28,85.14,116.81,201.94,-31.67,31.17,MINT,Tourism,-1246.4300000000012
2021-05-31,117.72,86.37,204.1,31.35,39.6,MINT,Tourism,-1215.0800000000013
2021-06-01,213.7,165.0,378.7,48.71,34.17,MINT,Tourism,-1166.3700000000013
2021-06-02,133.3,60.17,193.47,73.13,28.95,MINT,Tourism,-1093.2400000000011
2021-06-04,246.44,280.19,526.63,-33.75,29.64,MINT,Tourism,-1126.9900000000011
2021-06-07,106.83,144.72,251.55,-37.89,33.72,MINT,Tourism,-1164.8800000000012
2021-06-08,96.39,61.78,158.18,34.61,26.07,MINT,Tourism,-1130.2700000000013
2021-06-09,173.93,132.84,306.78,41.09,23.58,MINT,Tourism,-1089.1800000000014
2021-06-10,61.21,110.08,171.29,-48.86,25.43,MINT,Tourism,-1138.0400000000013
2021-06-11,114.7,123.51,238.21,-8.82,28.8,MINT,Tourism,-1146.8600000000013
2021-06-14,40.52,75.85,116.37,-35.32,28.22,MINT,Tourism,-1182.1800000000012
2021-06-15,71.06,72.68,143.75,-1.62,36.91,MINT,Tourism,-1183.800000000001
2021-06-16,175.87,211.79,387.66,-35.92,39.77,MINT,Tourism,-1219.7200000000012
2021-06-17,80.67,61.66,142.33,19.01,27.78,MINT,Tourism,-1200.7100000000012
2021-06-18,465.68,477.37,943.05,-11.68,35.84,MINT,Tourism,-1212.3900000000012
2021-06-21,98.34,37.68,136.01,60.66,29.25,MINT,Tourism,-1151.7300000000012
2021-06-22,100.6,67.57,168.18,33.03,40.02,MINT,Tourism,-1118.7000000000012
2021-06-23,169.73,223.76,393.49,-54.03,28.45,MINT,Tourism,-1172.7300000000012
2021-06-24,165.74,105.67,271.41,60.06,22.27,MINT,Tourism,-1112.6700000000012
2021-06-25,143.39,131.68,275.07,11.71,30.81,MINT,Tourism,-1100.9600000000012
2021-06-28,98.08,149.65,247.73,-51.57,30.17,MINT,Tourism,-1152.530000000001
2021-06-29,265.64,255.16,520.8,10.48,38.33,MINT,Tourism,-1142.050000000001
2021-06-30,119.88,184.04,303.92,-64.16,42.59,MINT,Tourism,-1206.2100000000012
2021-07-01,100.4,198.26,298.66,-97.87,33.88,MINT,Tourism,-1304.0800000000013
2021-07-02,201.17,234.33,435.49,-33.16,32.27,MINT,Tourism,-1337.2400000000014
2021-07-05,213.49,95.07,308.56,118.43,37.51,MINT,Tourism,-1218.8100000000013
2021-07-06,102.83,194.65,297.48,-91.82,30.6,MINT,Tourism,-1310.6300000000012
2021-07-07,83.04,163.46,246.5,-80.42,36.16,MINT,Tourism,-1391.0500000000013
2021-07-08,149.04,260.25,409.29,-111.21,35.1,MINT,Tourism,-1502.2600000000014
2021-07-09,154.01,190.05,344.06,-36.04,32.63,MINT,Tourism,-1538.3000000000013
2021-07-12,91.74,114.09,205.83,-22.35,29.3,MINT,Tourism,-1560.6500000000012
2021-07-13,121.96,113.3,235.26,8.67,29.65,MINT,Tourism,-1551.9800000000012
2021-07-14,114.0,106.17,220.17,7.83,31.31,MINT,Tourism,-1544.1500000000012
2021-07-15,37.73,63.22,100.95,-25.5,32.16,MINT,Tourism,-1569.6500000000012
2021-07-16,121.15,111.45,232.6,9.7,41.88,MINT,Tourism,-1559.9500000000012
2021-07-19,88.08,111.12,199.21,-23.04,31.07,MINT,Tourism,-1582.9900000000011
2021-07-20,303.19,333.0,636.19,-29.82,28.84,MINT,Tourism,-1612.810000000001
2021-07-21,142.34,149.26,291.61,-6.92,35.85,MINT,Tourism,-1619.7300000000012
2021-07-22,57.94,155.6,213.54,-97.65,28.57,MINT,Tourism,-1717.3800000000012
2021-07-23,107.37,118.39,225.75,-11.02,43.31,MINT,Tourism,-1728.4000000000012
2021-07-27,175.31,203.1,378.41,-27.79,45.7,MINT,Tourism,-1756.1900000000012
2021-07-29,191.95,205.27,397.22,-13.32,32.61,MINT,Tourism,-1769.5100000000011
2021-07-30,327.55,297.83,625.38,29.71,42.18,MINT,Tourism,-1739.800000000001
2021-08-02,140.09,116.81,256.9,23.28,38.32,MINT,Tourism,-1716.5200000000011
2021-08-03,183.98,234.7,418.67,-50.72,50.56,MINT,Tourism,-1767.2400000000011
2021-08-04,55.79,91.34,147.13,-35.55,31.35,MINT,Tourism,-1802.790000000001
2021-08-05,156.59,253.94,410.53,-97.35,49.48,MINT,Tourism,-1900.140000000001
2021-08-06,114.63,127.88,242.51,-13.25,35.03,MINT,Tourism,-1913.390000000001
2021-08-09,86.95,149.57,236.53,-62.62,34.09,MINT,Tourism,-1976.010000000001
2021-08-10,66.52,70.57,137.08,-4.05,40.63,MINT,Tourism,-1980.0600000000009
2021-08-11,87.59,153.04,240.63,-65.46,44.03,MINT,Tourism,-2045.520000000001
2021-08-13,118.03,95.31,213.35,22.72,40.82,MINT,Tourism,-2022.8000000000009
2021-08-16,255.93,185.9,441.83,70.03,33.37,MINT,Tourism,-1952.770000000001
2021-08-17,139.8,197.95,337.76,-58.15,35.32,MINT,Tourism,-2010.920000000001
2021-08-18,309.62,420.6,730.21,-110.98,34.32,MINT,Tourism,-2121.900000000001
2021-08-19,172.9,234.02,406.93,-61.12,25.97,MINT,Tourism,-2183.020000000001
2021-08-20,231.14,103.65,334.79,127.48,40.45,MINT,Tourism,-2055.540000000001
2021-08-23,261.3,216.43,477.73,44.87,31.81,MINT,Tourism,-2010.670000000001
2021-08-24,153.25,110.51,263.76,42.73,37.64,MINT,Tourism,-1967.940000000001
2021-08-25,102.03,69.78,171.8,32.25,33.35,MINT,Tourism,-1935.690000000001
2021-08-26,129.61,97.93,227.54,31.68,36.21,MINT,Tourism,-1904.010000000001
2021-08-27,183.35,81.56,264.91,101.79,34.75,MINT,Tourism,-1802.220000000001
2021-08-30,438.19,111.02,549.21,327.17,44.42,MINT,Tourism,-1475.0500000000009
2021-08-31,479.71,317.76,797.47,161.95,50.2,MINT,Tourism,-1313.1000000000008
2021-09-01,169.55,120.42,289.97,49.13,36.29,MINT,Tourism,-1263.9700000000007
2021-09-02,295.48,92.89,388.36,202.59,27.51,MINT,Tourism,-1061.3800000000008
2021-09-03,151.63,64.67,216.3,86.96,30.11,MINT,Tourism,-974.4200000000008
2021-09-06,99.02,48.72,147.73,50.3,29.92,MINT,Tourism,-924.1200000000008
2021-09-07,147.96,92.84,240.8,55.12,40.59,MINT,Tourism,-869.0000000000008
2021-09-08,90.2,75.66,165.86,14.53,31.22,MINT,Tourism,-854.4700000000008
2021-09-09,164.88,179.9,344.78,-15.03,36.29,MINT,Tourism,-869.5000000000008
2021-09-10,111.0,84.43,195.43,26.58,32.29,MINT,Tourism,-842.9200000000008
2021-09-13,202.63,184.44,387.07,18.19,34.99,MINT,Tourism,-824.7300000000007
2021-09-14,124.57,82.68,207.25,41.89,32.46,MINT,Tourism,-782.8400000000007
2021-09-15,123.38,126.56,249.95,-3.18,42.29,MINT,Tourism,-786.0200000000007
2021-09-16,192.96,126.47,319.43,66.49,39.14,MINT,Tourism,-719.5300000000007
2021-09-17,429.12,234.09,663.21,195.03,45.8,MINT,Tourism,-524.5000000000007
2021-09-20,150.69,97.44,248.12,53.25,45.78,MINT,Tourism,-471.2500000000007
2021-09-21,207.1,133.0,340.1,74.1,43.93,MINT,Tourism,-397.15000000000066
2021-09-22,117.72,84.94,202.67,32.78,40.96,MINT,Tourism,-364.3700000000007
2021-09-23,451.54,128.41,579.96,323.13,35.5,MINT,Tourism,-41.24000000000069
2021-09-27,116.29,97.68,213.97,18.62,35.48,MINT,Tourism,-22.62000000000069
2021-09-28,127.35,101.22,228.56,26.13,39.34,MINT,Tourism,3.509999999999309
2021-09-29,183.19,108.02,291.21,75.17,30.94,MINT,Tourism,78.67999999999931
2021-09-30,213.59,224.55,438.15,-10.96,25.33,MINT,Tourism,67.71999999999932
2021-10-01,98.19,107.4,205.59,-9.21,24.94,MINT,Tourism,58.509999999999316
2021-10-04,480.07,382.47,862.54,97.6,28.7,MINT,Tourism,156.1099999999993
2021-10-05,106.21,199.62,305.84,-93.41,29.6,MINT,Tourism,62.69999999999931
2021-10-06,162.46,209.65,372.11,-47.19,34.37,MINT,Tourism,15.509999999999309
2021-10-07,226.74,205.23,431.98,21.51,29.63,MINT,Tourism,37.019999999999314
2021-10-08,334.7,189.52,524.22,145.18,34.14,MINT,Tourism,182.1999999999993
2021-10-11,129.67,109.73,239.4,19.94,24.92,MINT,Tourism,202.1399999999993
2021-10-12,386.09,321.72,707.82,64.37,30.72,MINT,Tourism,266.5099999999993
2021-10-14,148.35,155.27,303.62,-6.93,33.46,MINT,Tourism,259.5799999999993
2021-10-15,170.75,267.99,438.74,-97.24,30.51,MINT,Tourism,162.3399999999993
2021-10-18,152.11,172.99,325.1,-20.87,34.61,MINT,Tourism,141.4699999999993
2021-10-19,103.53,111.54,215.07,-8.01,30.19,MINT,Tourism,133.4599999999993
2021-10-20,162.34,166.04,328.38,-3.7,40.01,MINT,Tourism,129.7599999999993
2021-10-21,54.56,115.97,170.53,-61.41,31.6,MINT,Tourism,68.34999999999931
2021-10-25,157.09,180.88,337.96,-23.79,32.07,MINT,Tourism,44.55999999999931
2021-10-26,127.68,102.97,230.65,24.71,31.93,MINT,Tourism,69.26999999999931
2021-10-27,80.81,81.81,162.62,-1.0,27.24,MINT,Tourism,68.26999999999931
2021-10-28,69.55,127.78,197.32,-58.23,35.7,MINT,Tourism,10.039999999999317
2021-10-29,58.64,26.15,84.79,32.49,32.01,MINT,Tourism,42.52999999999932
2021-11-01,107.04,109.33,216.38,-2.29,29.84,MINT,Tourism,40.23999999999932
2021-11-02,185.7,194.67,380.36,-8.97,38.68,MINT,Tourism,31.26999999999932
2021-11-03,95.75,90.58,186.33,5.17,44.29,MINT,Tourism,36.43999999999932
2021-11-04,33.82,28.47,62.29,5.35,32.27,MINT,Tourism,41.789999999999324
2021-11-05,17.06,59.33,76.39,-42.27,31.06,MINT,Tourism,-0.480000000000679
2021-11-08,263.85,116.26,380.11,147.6,35.17,MINT,Tourism,147.11999999999932
2021-11-09,202.96,129.28,332.24,73.68,35.67,MINT,Tourism,220.79999999999933
2021-11-10,46.23,44.02,90.25,2.22,31.44,MINT,Tourism,223.01999999999933
2021-11-11,31.88,36.42,68.29,-4.54,33.89,MINT,Tourism,218.47999999999934
2021-11-12,205.15,242.28,447.44,-37.13,32.32,MINT,Tourism,181.34999999999934
2021-11-15,120.57,137.56,258.13,-16.98,30.49,MINT,Tourism,164.36999999999935
2021-11-16,281.97,130.77,412.73,151.2,42.22,MINT,Tourism,315.56999999999937
2021-11-17,115.99,125.82,241.81,-9.84,35.69,MINT,Tourism,305.7299999999994
2021-11-18,107.52,123.38,230.9,-15.86,50.57,MINT,Tourism,289.8699999999994
2021-11-19,171.95,116.7,288.65,55.24,32.73,MINT,Tourism,345.1099999999994
2021-11-22,239.2,199.1,438.3,40.09,35.93,MINT,Tourism,385.19999999999936
2021-11-23,234.8,256.93,491.73,-22.13,35.92,MINT,Tourism,363.06999999999937
2021-11-24,149.74,235.28,385.01,-85.54,38.52,MINT,Tourism,277.52999999999935
2021-11-25,236.84,261.85,498.69,-25.0,43.19,MINT,Tourism,252.52999999999935
2021-11-26,582.23,522.16,1104.39,60.08,37.06,MINT,Tourism,312.60999999999933
2021-11-29,652.06,534.96,1187.01,117.1,35.81,MINT,Tourism,429.70999999999935
2021-11-30,751.1,746.91,1498.01,4.2,39.12,MINT,Tourism,433.90999999999934
2021-12-01,312.35,483.31,795.66,-170.96,39.45,MINT,Tourism,262.94999999999936
2021-12-02,280.99,210.04,491.03,70.95,32.18,MINT,Tourism,333.89999999999935
2021-12-03,210.03,157.71,367.74,52.32,32.92,MINT,Tourism,386.21999999999935
2021-12-07,202.86,886.15,1089.01,-683.29,32.31,MINT,Tourism,-297.0700000000006
2021-12-08,135.61,278.38,413.99,-142.77,28.05,MINT,Tourism,-439.8400000000006
2021-12-09,96.94,98.33,195.27,-1.39,28.07,MINT,Tourism,-441.2300000000006
2021-12-13,136.98,185.03,322.01,-48.05,42.5,MINT,Tourism,-489.2800000000006
2021-12-14,260.41,305.27,565.69,-44.86,40.93,MINT,Tourism,-534.1400000000006
2021-12-15,150.66,143.91,294.57,6.74,38.53,MINT,Tourism,-527.4000000000005
2021-12-16,203.79,142.88,346.66,60.91,29.98,MINT,Tourism,-466.4900000000006
2021-12-17,251.3,188.78,440.08,62.53,42.08,MINT,Tourism,-403.9600000000006
2021-12-20,457.7,184.55,642.24,273.15,26.67,MINT,Tourism,-130.81000000000063
2021-12-21,178.66,117.97,296.62,60.69,38.83,MINT,Tourism,-70.12000000000063
2021-12-22,146.35,82.68,229.03,63.67,28.81,MINT,Tourism,-6.450000000000628
2021-12-23,193.16,81.72,274.88,111.44,36.09,MINT,Tourism,104.98999999999937
2021-12-24,62.79,41.14,103.93,21.65,20.5,MINT,Tourism,126.63999999999936
2021-12-27,86.06,83.01,169.07,3.05,34.01,MINT,Tourism,129.68999999999937
2021-12-28,119.04,84.85,203.9,34.19,40.45,MINT,Tourism,163.87999999999937
2021-12-29,182.12,155.12,337.23,27.0,47.73,MINT,Tourism,190.87999999999937
2021-12-30,93.6,79.22,172.83,14.38,33.47,MINT,Tourism,205.25999999999937
2022-01-04,404.27,427.08,831.35,-22.8,41.57,MINT,Tourism,182.45999999999935
2022-01-05,44.29,141.36,185.66,-97.07,25.87,MINT,Tourism,85.38999999999936
2022-01-06,309.55,330.83,640.38,-21.28,42.32,MINT,Tourism,64.10999999999936
2022-01-07,134.75,199.51,334.25,-64.76,42.16,MINT,Tourism,-0.6500000000006452
2022-01-10,120.05,69.16,189.2,50.89,26.0,MINT,Tourism,50.239999999999355
2022-01-11,61.93,37.59,99.52,24.35,20.28,MINT,Tourism,74.58999999999935
2022-01-12,145.03,148.12,293.14,-3.09,31.86,MINT,Tourism,71.49999999999935
2022-01-13,102.93,116.58,219.5,-13.65,31.58,MINT,Tourism,57.84999999999935
2022-01-14,208.14,232.56,440.7,-24.42,35.93,MINT,Tourism,33.429999999999346
2022-01-17,148.77,158.85,307.61,-10.08,36.25,MINT,Tourism,23.349999999999348
2022-01-18,237.81,203.58,441.39,34.24,27.68,MINT,Tourism,57.58999999999935
2022-01-19,173.65,125.76,299.42,47.89,33.5,MINT,Tourism,105.47999999999935
2022-01-20,216.82,433.4,650.22,-216.58,29.61,MINT,Tourism,-111.10000000000066
2022-01-21,183.43,135.17,318.6,48.26,25.27,MINT,Tourism,-62.840000000000664
2022-01-24,109.66,91.76,201.42,17.9,33.27,MINT,Tourism,-44.940000000000666
2022-01-25,217.28,135.88,353.16,81.4,31.93,MINT,Tourism,36.45999999999934
2022-01-26,227.31,88.6,315.91,138.71,30.93,MINT,Tourism,175.16999999999933
2022-01-27,131.75,145.27,277.03,-13.52,28.42,MINT,Tourism,161.64999999999932
2022-01-28,130.64,106.06,236.69,24.58,28.59,MINT,Tourism,186.22999999999934
2022-01-31,159.55,144.38,303.93,15.17,27.33,MINT,Tourism,201.39999999999932
2022-02-01,126.73,125.82,252.55,0.91,37.5,MINT,Tourism,202.30999999999932
2022-02-02,101.36,90.94,192.3,10.42,29.86,MINT,Tourism,212.7299999999993
2022-02-03,120.52,86.11,206.64,34.41,32.99,MINT,Tourism,247.1399999999993
2022-02-04,122.32,48.57,170.89,73.76,38.12,MINT,Tourism,320.8999999999993
2022-02-07,139.84,107.03,246.87,32.81,46.16,MINT,Tourism,353.7099999999993
2022-02-08,386.28,250.89,637.17,135.39,45.66,MINT,Tourism,489.0999999999993
2022-02-09,440.06,273.22,713.28,166.83,49.23,MINT,Tourism,655.9299999999993
2022-02-10,260.37,203.41,463.77,56.96,40.25,MINT,Tourism,712.8899999999993
2022-02-11,296.1,194.2,490.3,101.91,41.04,MINT,Tourism,814.7999999999993
2022-02-14,334.98,318.79,653.76,16.19,39.63,MINT,Tourism,830.9899999999993
2022-02-15,222.44,245.46,467.89,-23.02,45.99,MINT,Tourism,807.9699999999993
2022-02-17,288.66,234.91,523.57,53.74,39.67,MINT,Tourism,861.7099999999994
2022-02-18,83.33,116.2,199.53,-32.87,26.97,MINT,Tourism,828.8399999999993
2022-02-21,156.62,137.23,293.84,19.39,40.61,MINT,Tourism,848.2299999999993
2022-02-22,439.95,528.63,968.58,-88.68,41.81,MINT,Tourism,759.5499999999993
2022-02-23,301.29,350.53,651.82,-49.24,42.0,MINT,Tourism,710.3099999999993
2022-02-24,467.25,361.04,828.29,106.21,39.24,MINT,Tourism,816.5199999999993
2022-02-25,206.44,148.13,354.58,58.31,31.83,MINT,Tourism,874.8299999999992
2022-02-28,545.86,652.22,1198.08,-106.37,53.66,MINT,Tourism,768.4599999999992
2022-03-01,197.96,143.17,341.13,54.79,32.31,MINT,Tourism,823.2499999999992
2022-03-02,180.99,132.03,313.02,48.97,34.03,MINT,Tourism,872.2199999999992
2022-03-03,138.89,149.73,288.62,-10.84,35.99,MINT,Tourism,861.3799999999992
2022-03-04,243.6,335.8,579.4,-92.2,45.15,MINT,Tourism,769.1799999999992
2022-03-07,615.19,427.06,1042.25,188.13,39.45,MINT,Tourism,957.3099999999991
2022-03-08,326.81,404.25,731.06,-77.45,32.82,MINT,Tourism,879.8599999999991
2022-03-09,217.66,365.31,582.97,-147.65,32.74,MINT,Tourism,732.2099999999991
2022-03-10,230.33,230.13,460.47,0.2,30.62,MINT,Tourism,732.4099999999992
2022-03-11,149.36,164.74,314.1,-15.38,39.08,MINT,Tourism,717.0299999999992
2022-03-14,198.32,121.54,319.86,76.79,47.12,MINT,Tourism,793.8199999999991
2022-03-15,145.42,127.54,272.96,17.88,41.95,MINT,Tourism,811.6999999999991
2022-03-16,144.93,177.58,322.51,-32.65,36.24,MINT,Tourism,779.0499999999992
2022-03-17,293.76,110.48,404.24,183.28,37.88,MINT,Tourism,962.3299999999991
2022-03-18,306.78,238.98,545.75,67.8,40.6,MINT,Tourism,1030.1299999999992
2022-03-21,173.47,180.06,353.54,-6.59,31.59,MINT,Tourism,1023.5399999999992
2022-03-22,125.95,160.27,286.22,-34.32,25.27,MINT,Tourism,989.2199999999991
2022-03-23,160.91,165.95,326.86,-5.03,29.01,MINT,Tourism,984.1899999999991
2022-03-24,214.83,128.07,342.89,86.76,33.74,MINT,Tourism,1070.9499999999991
2022-03-25,98.05,108.37,206.42,-10.31,33.23,MINT,Tourism,1060.6399999999992
2022-03-28,256.02,168.24,424.26,87.78,40.34,MINT,Tourism,1148.4199999999992
2022-03-29,174.34,329.42,503.76,-155.09,34.01,MINT,Tourism,993.3299999999991
2022-03-30,389.31,557.81,947.13,-168.5,38.6,MINT,Tourism,824.8299999999991
2022-03-31,250.81,307.91,558.71,-57.1,26.75,MINT,Tourism,767.7299999999991
2022-04-01,283.34,169.87,453.21,113.46,25.14,MINT,Tourism,881.1899999999991
2022-04-04,287.35,288.41,575.77,-1.06,33.24,MINT,Tourism,880.1299999999992
2022-04-05,110.95,66.94,177.89,44.01,23.55,MINT,Tourism,924.1399999999992
2022-04-07,210.39,220.84,431.23,-10.44,28.51,MINT,Tourism,913.6999999999991
2022-04-08,276.32,359.01,635.33,-82.69,31.76,MINT,Tourism,831.0099999999991
2022-04-11,186.8,281.0,467.8,-94.2,39.74,MINT,Tourism,736.809999999999
2022-04-12,121.25,288.94,410.19,-167.7,38.76,MINT,Tourism,569.109999999999
2022-04-18,146.35,234.65,381.0,-88.3,26.47,MINT,Tourism,480.809999999999
2022-04-19,189.56,285.09,474.66,-95.53,38.66,MINT,Tourism,385.27999999999895
2022-04-20,164.81,245.09,409.89,-80.28,36.25,MINT,Tourism,304.999999999999
2022-04-21,246.95,247.83,494.77,-0.88,45.68,MINT,Tourism,304.119999999999
2022-04-22,256.6,261.76,518.37,-5.16,27.92,MINT,Tourism,298.95999999999896
2022-04-25,102.09,106.64,208.72,-4.55,26.08,MINT,Tourism,294.40999999999894
2022-04-26,691.81,358.26,1050.07,333.55,47.68,MINT,Tourism,627.9599999999989
2022-04-27,402.77,159.99,562.76,242.78,39.07,MINT,Tourism,870.7399999999989
2022-04-28,586.87,225.66,812.53,361.22,46.36,MINT,Tourism,1231.959999999999
2022-04-29,218.92,235.5,454.43,-16.58,38.85,MINT,Tourism,1215.379999999999
2022-05-03,318.4,187.62,506.02,130.78,47.15,MINT,Tourism,1346.159999999999
2022-05-05,151.81,195.43,347.24,-43.62,39.42,MINT,Tourism,1302.539999999999
2022-05-06,282.56,337.95,620.51,-55.39,54.58,MINT,Tourism,1247.149999999999
2022-05-09,152.77,121.29,274.06,31.48,44.93,MINT,Tourism,1278.629999999999
2022-05-10,370.38,312.35,682.72,58.03,47.97,MINT,Tourism,1336.659999999999
2022-05-11,169.6,222.2,391.8,-52.61,43.98,MINT,Tourism,1284.049999999999
2022-05-12,235.6,217.22,452.82,18.38,36.09,MINT,Tourism,1302.4299999999992
2022-05-13,397.86,324.69,722.55,73.17,36.11,MINT,Tourism,1375.5999999999992
2022-05-17,248.25,275.78,524.03,-27.53,40.18,MINT,Tourism,1348.0699999999993
2022-05-18,208.93,276.02,484.94,-67.09,38.32,MINT,Tourism,1280.9799999999993
2022-05-19,66.65,157.8,224.45,-91.15,28.18,MINT,Tourism,1189.8299999999992
2022-05-20,159.05,298.59,457.64,-139.54,38.62,MINT,Tourism,1050.2899999999993
2022-05-23,254.64,294.03,548.66,-39.39,48.8,MINT,Tourism,1010.8999999999993
2022-05-24,360.74,152.37,513.11,208.37,36.01,MINT,Tourism,1219.2699999999993
2022-05-25,234.02,137.97,371.99,96.06,50.32,MINT,Tourism,1315.3299999999992
2022-05-26,233.15,159.41,392.55,73.74,34.32,MINT,Tourism,1389.0699999999993
2022-05-27,281.2,240.85,522.05,40.36,43.14,MINT,Tourism,1429.4299999999992
2022-05-30,205.53,233.95,439.48,-28.42,34.34,MINT,Tourism,1401.009999999999
2022-05-31,590.55,394.32,984.87,196.23,41.92,MINT,Tourism,1597.239999999999
2022-06-01,102.15,112.3,214.45,-10.16,40.19,MINT,Tourism,1587.079999999999
2022-06-02,149.64,232.07,381.71,-82.44,35.95,MINT,Tourism,1504.639999999999
2022-06-06,93.84,159.52,253.36,-65.68,28.67,MINT,Tourism,1438.959999999999
2022-06-07,97.3,164.39,261.69,-67.1,31.96,MINT,Tourism,1371.859999999999
2022-06-08,83.67,99.29,182.96,-15.63,44.63,MINT,Tourism,1356.2299999999989
2022-06-09,283.26,282.02,565.28,1.23,33.67,MINT,Tourism,1357.459999999999
2022-06-10,179.51,158.58,338.09,20.93,31.05,MINT,Tourism,1378.389999999999
2022-06-13,99.8,123.99,223.79,-24.19,34.26,MINT,Tourism,1354.199999999999
2022-06-14,270.18,201.7,471.88,68.47,35.39,MINT,Tourism,1422.669999999999
2022-06-15,137.39,156.86,294.25,-19.46,34.61,MINT,Tourism,1403.209999999999
2022-06-16,277.89,237.76,515.65,40.13,39.8,MINT,Tourism,1443.339999999999
2022-06-17,506.93,271.17,778.11,235.76,42.58,MINT,Tourism,1679.099999999999
2022-06-20,143.5,130.53,274.03,12.98,28.51,MINT,Tourism,1692.079999999999
2022-06-21,128.46,101.78,230.25,26.68,25.84,MINT,Tourism,1718.759999999999
2022-06-22,86.95,137.43,224.38,-50.47,28.74,MINT,Tourism,1668.289999999999
2022-06-23,156.78,168.62,325.4,-11.84,41.66,MINT,Tourism,1656.4499999999991
2022-06-24,134.29,101.13,235.42,33.17,31.47,MINT,Tourism,1689.6199999999992
2022-06-27,124.24,117.3,241.54,6.94,35.77,MINT,Tourism,1696.5599999999993
2022-06-28,176.21,176.62,352.84,-0.41,34.39,MINT,Tourism,1696.1499999999992
2022-06-29,117.72,117.0,234.72,0.72,38.89,MINT,Tourism,1696.8699999999992
2022-06-30,152.43,250.23,402.67,-97.8,38.64,MINT,Tourism,1599.0699999999993
2022-07-01,43.42,63.36,106.79,-19.94,23.49,MINT,Tourism,1579.1299999999992
2022-07-04,67.88,63.41,131.29,4.46,20.52,MINT,Tourism,1583.5899999999992
2022-07-05,169.65,180.98,350.64,-11.33,31.53,MINT,Tourism,1572.2599999999993
2022-07-06,380.18,309.17,689.35,71.01,40.69,MINT,Tourism,1643.2699999999993
2022-07-07,120.29,103.61,223.9,16.68,35.72,MINT,Tourism,1659.9499999999994
2022-07-08,134.78,103.51,238.28,31.27,45.52,MINT,Tourism,1691.2199999999993
2022-07-11,128.92,123.18,252.1,5.74,27.28,MINT,Tourism,1696.9599999999994
2022-07-12,102.46,154.79,257.25,-52.34,42.79,MINT,Tourism,1644.6199999999994
2022-07-14,136.62,93.48,230.1,43.13,45.0,MINT,Tourism,1687.7499999999995
2022-07-15,160.02,89.4,249.41,70.62,22.07,MINT,Tourism,1758.3699999999994
2022-07-18,194.24,126.81,321.05,67.43,32.7,MINT,Tourism,1825.7999999999995
2022-07-19,97.78,133.45,231.23,-35.67,29.01,MINT,Tourism,1790.1299999999994
2022-07-20,162.84,195.96,358.8,-33.12,39.72,MINT,Tourism,1757.0099999999995
2022-07-21,199.26,120.88,320.14,78.39,35.73,MINT,Tourism,1835.3999999999996
2022-07-22,102.96,73.72,176.69,29.24,42.04,MINT,Tourism,1864.6399999999996
2022-07-25,32.7,69.25,101.95,-36.55,29.23,MINT,Tourism,1828.0899999999997
2022-07-26,209.02,109.47,318.49,99.55,29.29,MINT,Tourism,1927.6399999999996
2022-07-27,141.8,170.19,311.99,-28.4,34.69,MINT,Tourism,1899.2399999999996
2022-08-01,170.1,179.65,349.75,-9.55,30.49,MINT,Tourism,1889.6899999999996
2022-08-02,77.48,88.48,165.96,-11.0,42.87,MINT,Tourism,1878.6899999999996
2022-08-03,62.88,40.61,103.49,22.27,46.27,MINT,Tourism,1900.9599999999996
2022-08-04,113.39,118.71,232.11,-5.32,20.99,MINT,Tourism,1895.6399999999996
2022-08-05,94.81,95.21,190.02,-0.39,25.07,MINT,Tourism,1895.2499999999995
2022-08-08,222.94,248.46,471.4,-25.52,54.55,MINT,Tourism,1869.7299999999996
2022-08-09,177.78,137.92,315.7,39.85,29.8,MINT,Tourism,1909.5799999999995
2022-08-10,129.19,90.63,219.82,38.57,24.21,MINT,Tourism,1948.1499999999994
2022-08-11,322.49,178.54,501.03,143.95,30.92,MINT,Tourism,2092.0999999999995
2022-08-15,261.48,118.77,380.25,142.7,37.13,MINT,Tourism,2234.7999999999993
2022-08-16,162.31,127.34,289.65,34.96,38.81,MINT,Tourism,2269.7599999999993
2022-08-17,230.5,133.8,364.3,96.71,27.78,MINT,Tourism,2366.4699999999993
2022-08-18,102.87,64.92,167.79,37.95,23.22,MINT,Tourism,2404.419999999999
2022-08-19,176.0,226.72,402.72,-50.72,35.6,MINT,Tourism,2353.6999999999994
2022-08-22,228.9,323.05,551.94,-94.15,44.51,MINT,Tourism,2259.5499999999993
2022-08-23,313.29,217.57,530.86,95.72,44.83,MINT,Tourism,2355.269999999999
2022-08-24,174.07,103.64,277.71,70.42,34.32,MINT,Tourism,2425.689999999999
2022-08-25,91.23,59.67,150.89,31.56,27.02,MINT,Tourism,2457.249999999999
2022-08-26,190.37,124.33,314.7,66.04,34.38,MINT,Tourism,2523.289999999999
2022-08-29,341.54,442.7,784.24,-101.16,28.42,MINT,Tourism,2422.129999999999
2022-08-30,377.78,241.77,619.56,136.01,36.62,MINT,Tourism,2558.1399999999994
2022-08-31,356.01,268.11,624.12,87.89,55.5,MINT,Tourism,2646.0299999999993
2022-09-01,358.0,232.59,590.59,125.41,30.16,MINT,Tourism,2771.439999999999
2022-09-02,282.65,215.7,498.35,66.95,48.94,MINT,Tourism,2838.389999999999
2022-09-05,352.31,224.82,577.13,127.49,21.22,MINT,Tourism,2965.8799999999987
2022-09-06,231.64,89.53,321.18,142.11,24.84,MINT,Tourism,3107.989999999999
2022-09-07,380.81,327.85,708.66,52.96,51.7,MINT,Tourism,3160.949999999999
2022-09-08,302.11,172.9,475.01,129.2,27.7,MINT,Tourism,3290.1499999999987
2022-09-09,180.52,92.86,273.38,87.65,23.33,MINT,Tourism,3377.799999999999
2022-09-12,253.89,157.5,411.39,96.39,25.78,MINT,Tourism,3474.1899999999987
2022-09-13,289.15,386.61,675.76,-97.46,45.06,MINT,Tourism,3376.7299999999987
2022-09-14,480.84,661.85,1142.68,-181.01,48.77,MINT,Tourism,3195.7199999999984
2022-09-15,543.6,512.41,1056.0,31.19,18.73,MINT,Tourism,3226.9099999999985
2022-09-16,1000.12,910.49,1910.6,89.63,33.0,MINT,Tourism,3316.5399999999986
2022-09-19,249.89,351.85,601.75,-101.96,40.41,MINT,Tourism,3214.5799999999986
2022-09-20,285.54,580.96,866.5,-295.43,33.06,MINT,Tourism,2919.1499999999987
2022-09-21,313.25,411.12,724.38,-97.87,45.99,MINT,Tourism,2821.279999999999
2022-09-22,209.46,285.4,494.86,-75.94,31.41,MINT,Tourism,2745.339999999999
2022-09-23,270.82,262.0,532.82,8.82,40.25,MINT,Tourism,2754.159999999999
2022-09-26,172.46,355.07,527.54,-182.61,31.08,MINT,Tourism,2571.549999999999
2022-09-27,105.37,173.09,278.46,-67.72,29.25,MINT,Tourism,2503.829999999999
2022-09-28,98.86,178.2,277.06,-79.34,27.67,MINT,Tourism,2424.489999999999
2022-09-29,630.67,316.46,947.12,314.21,29.31,MINT,Tourism,2738.699999999999
2022-09-30,334.2,243.43,577.63,90.77,46.86,MINT,Tourism,2829.469999999999
2022-10-03,330.49,342.29,672.78,-11.79,33.61,MINT,Tourism,2817.679999999999
2022-10-04,248.93,302.71,551.64,-53.78,39.02,MINT,Tourism,2763.8999999999987
2022-10-05,263.06,402.16,665.22,-139.11,36.26,MINT,Tourism,2624.7899999999986
2022-10-06,120.22,198.01,318.22,-77.79,33.27,MINT,Tourism,2546.9999999999986
2022-10-07,184.0,341.19,525.19,-157.2,41.55,MINT,Tourism,2389.799999999999
2022-10-10,332.1,550.11,882.21,-218.02,46.72,MINT,Tourism,2171.779999999999
2022-10-11,289.15,320.81,609.96,-31.66,41.07,MINT,Tourism,2140.119999999999
2022-10-12,263.12,293.92,557.04,-30.81,33.29,MINT,Tourism,2109.309999999999
2022-10-17,818.93,613.21,1432.14,205.72,39.02,MINT,Tourism,2315.029999999999
2022-10-18,820.98,513.47,1334.45,307.51,34.21,MINT,Tourism,2622.539999999999
2022-10-19,213.12,378.02,591.14,-164.9,37.83,MINT,Tourism,2457.639999999999
2022-10-20,413.75,378.53,792.28,35.21,40.73,MINT,Tourism,2492.849999999999
2022-10-21,121.95,200.08,322.03,-78.12,38.23,MINT,Tourism,2414.729999999999
2022-10-25,306.6,498.12,804.71,-191.52,42.42,MINT,Tourism,2223.209999999999
2022-10-26,403.9,484.52,888.42,-80.62,28.16,MINT,Tourism,2142.5899999999992
2022-10-27,161.25,270.61,431.85,-109.36,31.02,MINT,Tourism,2033.2299999999993
2022-10-28,239.36,286.47,525.83,-47.11,41.28,MINT,Tourism,1986.1199999999994
2022-10-31,220.29,173.63,393.92,46.66,30.67,MINT,Tourism,2032.7799999999995
2022-11-01,122.23,177.6,299.82,-55.37,29.73,MINT,Tourism,1977.4099999999996
2022-11-02,114.14,169.52,283.67,-55.38,24.74,MINT,Tourism,1922.0299999999995
2022-11-03,145.45,284.47,429.92,-139.03,36.32,MINT,Tourism,1782.9999999999995
2022-11-04,359.13,367.13,726.25,-8.0,38.98,MINT,Tourism,1774.9999999999995
2022-11-07,221.65,240.44,462.09,-18.79,45.23,MINT,Tourism,1756.2099999999996
2022-11-08,319.48,364.56,684.04,-45.08,33.51,MINT,Tourism,1711.1299999999997
2022-11-09,345.67,291.53,637.2,54.15,27.36,MINT,Tourism,1765.2799999999997
2022-11-10,772.56,768.8,1541.36,3.76,37.16,MINT,Tourism,1769.0399999999997
2022-11-11,1055.93,544.9,1600.82,511.03,30.46,MINT,Tourism,2280.0699999999997
2022-11-14,358.14,293.0,651.14,65.14,33.59,MINT,Tourism,2345.2099999999996
2022-11-15,271.48,175.7,447.19,95.78,35.36,MINT,Tourism,2440.99
2022-11-16,296.07,166.38,462.45,129.69,35.3,MINT,Tourism,2570.68
2022-11-17,193.14,141.88,335.02,51.27,31.75,MINT,Tourism,2621.95
2022-11-18,175.36,142.07,317.43,33.29,30.39,MINT,Tourism,2655.24
2022-11-21,122.2,115.34,237.54,6.86,37.57,MINT,Tourism,2662.1
2022-11-22,105.12,168.74,273.86,-63.62,33.92,MINT,Tourism,2598.48
2022-11-23,150.51,175.19,325.7,-24.68,32.91,MINT,Tourism,2573.8
2022-11-24,179.88,166.44,346.31,13.44,38.21,MINT,Tourism,2587.2400000000002
2022-11-25,152.18,150.03,302.21,2.15,27.89,MINT,Tourism,2589.3900000000003
2022-11-28,44.24,45.17,89.41,-0.93,27.72,MINT,Tourism,2588.4600000000005
2022-11-29,149.87,175.04,324.91,-25.17,32.3,MINT,Tourism,2563.2900000000004
2022-11-30,446.55,549.61,996.16,-103.07,48.84,MINT,Tourism,2460.2200000000003
2022-12-01,375.81,386.5,762.31,-10.69,37.24,MINT,Tourism,2449.53
2022-12-02,178.48,234.99,413.47,-56.51,41.04,MINT,Tourism,2393.02
2022-12-06,219.52,218.27,437.79,1.24,36.49,MINT,Tourism,2394.2599999999998
2022-12-07,221.81,177.68,399.49,44.13,43.16,MINT,Tourism,2438.39
2022-12-08,373.15,163.1,536.25,210.06,37.58,MINT,Tourism,2648.45
2022-12-09,142.17,122.3,264.47,19.86,43.22,MINT,Tourism,2668.31
2022-12-13,313.61,249.46,563.07,64.15,44.24,MINT,Tourism,2732.46
2022-12-14,290.17,228.82,518.99,61.35,45.56,MINT,Tourism,2793.81
2022-12-15,290.77,266.74,557.51,24.03,36.73,MINT,Tourism,2817.84
2022-12-16,751.97,432.41,1184.38,319.56,59.27,MINT,Tourism,3137.4
2022-12-19,92.26,100.46,192.72,-8.2,27.12,MINT,Tourism,3129.2000000000003
2022-12-20,203.08,135.59,338.67,67.49,29.97,MINT,Tourism,3196.69
2022-12-21,217.9,145.99,363.89,71.92,40.58,MINT,Tourism,3268.61
2022-12-22,56.45,31.94,88.39,24.51,30.0,MINT,Tourism,3293.1200000000003
2022-12-23,181.52,114.43,295.95,67.1,37.69,MINT,Tourism,3360.2200000000003
2022-12-26,109.07,62.29,171.35,46.78,34.98,MINT,Tourism,3407.0000000000005
2022-12-27,438.03,281.9,719.93,156.13,26.24,MINT,Tourism,3563.1300000000006
2022-12-28,333.64,343.68,677.32,-10.04,42.28,MINT,Tourism,3553.0900000000006
2022-12-29,299.64,181.79,481.43,117.85,41.36,MINT,Tourism,3670.9400000000005
2022-12-30,217.18,108.85,326.03,108.33,29.34,MINT,Tourism,3779.2700000000004
2023-01-03,287.32,215.96,503.28,71.37,35.02,MINT,Tourism,3850.6400000000003
2023-01-04,218.23,172.66,390.9,45.57,36.27,MINT,Tourism,3896.2100000000005
2023-01-05,567.9,468.93,1036.83,98.96,33.08,MINT,Tourism,3995.1700000000005
2023-01-06,354.06,289.17,643.23,64.89,35.17,MINT,Tourism,4060.0600000000004
2023-01-09,355.57,392.77,748.34,-37.19,32.74,MINT,Tourism,4022.8700000000003
2023-01-10,282.08,347.89,629.98,-65.81,25.7,MINT,Tourism,3957.0600000000004
2023-01-11,226.53,457.83,684.36,-231.3,30.26,MINT,Tourism,3725.76
2023-01-12,245.42,328.14,573.55,-82.72,26.39,MINT,Tourism,3643.0400000000004
2023-01-13,292.46,179.93,472.38,112.53,30.82,MINT,Tourism,3755.5700000000006
2023-01-16,221.21,191.36,412.57,29.86,31.32,MINT,Tourism,3785.4300000000007
2023-01-17,628.94,174.12,803.06,454.82,36.06,MINT,Tourism,4240.250000000001
2023-01-18,616.75,334.66,951.41,282.09,36.66,MINT,Tourism,4522.340000000001
2023-01-19,317.27,237.0,554.27,80.27,28.37,MINT,Tourism,4602.6100000000015
2023-01-20,364.04,188.69,552.73,175.35,27.31,MINT,Tourism,4777.960000000002
2023-01-23,300.48,61.99,362.47,238.49,22.81,MINT,Tourism,5016.450000000002
2023-01-24,415.6,374.81,790.42,40.79,26.08,MINT,Tourism,5057.240000000002
2023-01-25,246.35,408.46,654.81,-162.12,22.96,MINT,Tourism,4895.120000000002
2023-01-26,151.43,119.55,270.99,31.88,25.89,MINT,Tourism,4927.000000000002
2023-01-27,233.9,301.67,535.57,-67.77,31.99,MINT,Tourism,4859.230000000001
2023-01-30,81.78,165.53,247.3,-83.75,36.72,MINT,Tourism,4775.480000000001
2023-01-31,349.02,341.03,690.05,8.0,45.78,MINT,Tourism,4783.480000000001
2023-02-01,215.47,109.87,325.35,105.6,36.92,MINT,Tourism,4889.080000000002
2023-02-02,496.27,238.22,734.49,258.04,42.61,MINT,Tourism,5147.120000000002
2023-02-03,287.8,341.59,629.39,-53.79,43.05,MINT,Tourism,5093.330000000002
2023-02-06,146.35,137.29,283.64,9.06,39.44,MINT,Tourism,5102.390000000002
2023-02-07,392.1,239.51,631.61,152.59,35.8,MINT,Tourism,5254.980000000002
2023-02-08,177.61,166.13,343.74,11.48,31.33,MINT,Tourism,5266.460000000002
2023-02-09,345.81,286.19,632.0,59.62,47.49,MINT,Tourism,5326.080000000002
2023-02-10,147.86,88.65,236.51,59.21,46.48,MINT,Tourism,5385.290000000002
2023-02-13,174.25,134.0,308.25,40.25,38.88,MINT,Tourism,5425.540000000002
2023-02-14,60.6,50.31,110.91,10.29,28.23,MINT,Tourism,5435.830000000002
2023-02-15,156.04,147.98,304.02,8.06,23.06,MINT,Tourism,5443.890000000002
2023-02-16,123.52,117.56,241.08,5.96,41.28,MINT,Tourism,5449.850000000002
2023-02-17,83.84,111.12,194.95,-27.28,32.45,MINT,Tourism,5422.570000000002
2023-02-20,99.78,66.32,166.1,33.45,7.86,MINT,Tourism,5456.020000000002
2023-02-21,184.8,127.89,312.69,56.91,28.48,MINT,Tourism,5512.930000000002
2023-02-22,237.64,222.09,459.72,15.55,29.46,MINT,Tourism,5528.480000000002
2023-02-23,486.39,209.34,695.73,277.05,24.84,MINT,Tourism,5805.5300000000025
2023-02-24,474.16,431.38,905.54,42.79,29.27,MINT,Tourism,5848.320000000002
2023-02-27,192.7,118.58,311.28,74.12,29.75,MINT,Tourism,5922.440000000002
2023-02-28,286.23,254.29,540.52,31.94,35.89,MINT,Tourism,5954.380000000002
2023-03-01,333.25,280.56,613.81,52.69,49.33,MINT,Tourism,6007.0700000000015
2023-03-02,418.21,340.75,758.96,77.46,53.0,MINT,Tourism,6084.530000000002
2023-03-03,127.9,104.24,232.13,23.66,42.21,MINT,Tourism,6108.190000000001
2023-03-07,152.66,204.93,357.6,-52.27,41.28,MINT,Tourism,6055.920000000001
2023-03-08,187.34,290.02,477.35,-102.68,34.63,MINT,Tourism,5953.240000000001
2023-03-09,245.79,225.58,471.37,20.21,36.62,MINT,Tourism,5973.450000000001
2023-03-10,174.96,217.46,392.42,-42.5,38.7,MINT,Tourism,5930.950000000001
2023-03-13,194.71,435.66,630.37,-240.95,36.47,MINT,Tourism,5690.000000000001
2023-03-14,312.08,486.66,798.74,-174.58,32.47,MINT,Tourism,5515.420000000001
2023-03-15,243.65,387.2,630.85,-143.54,34.88,MINT,Tourism,5371.880000000001
2023-03-16,225.0,325.79,550.79,-100.8,32.15,MINT,Tourism,5271.080000000001
2023-03-17,451.46,406.69,858.15,44.77,58.7,MINT,Tourism,5315.850000000001
2023-03-20,211.58,294.23,505.81,-82.65,36.13,MINT,Tourism,5233.200000000002
2023-03-21,158.13,178.49,336.62,-20.36,36.27,MINT,Tourism,5212.840000000002
2023-03-22,159.32,191.69,351.0,-32.37,35.38,MINT,Tourism,5180.470000000002
2023-03-23,172.63,191.92,364.54,-19.29,36.79,MINT,Tourism,5161.180000000002
2023-03-24,195.18,107.48,302.66,87.71,22.21,MINT,Tourism,5248.890000000002
2023-03-27,127.93,188.45,316.38,-60.52,26.5,MINT,Tourism,5188.370000000002
2023-03-28,151.92,204.85,356.76,-52.93,24.6,MINT,Tourism,5135.440000000001
2023-03-29,106.59,204.35,310.94,-97.77,28.15,MINT,Tourism,5037.670000000001
2023-03-30,221.7,201.66,423.36,20.05,25.94,MINT,Tourism,5057.720000000001
2023-03-31,220.89,268.21,489.09,-47.32,41.03,MINT,Tourism,5010.4000000000015
2023-04-03,123.43,134.18,257.6,-10.75,34.81,MINT,Tourism,4999.6500000000015
2023-04-04,84.74,90.69,175.43,-5.95,29.04,MINT,Tourism,4993.700000000002
2023-04-05,281.55,182.44,463.99,99.11,26.16,MINT,Tourism,5092.810000000001
2023-04-07,91.08,42.94,134.02,48.14,20.78,MINT,Tourism,5140.950000000002
2023-04-10,130.04,78.43,208.46,51.61,19.89,MINT,Tourism,5192.560000000001
2023-04-11,108.95,178.82,287.77,-69.87,30.87,MINT,Tourism,5122.690000000001
2023-04-12,48.89,130.28,179.17,-81.39,35.85,MINT,Tourism,5041.300000000001
2023-04-17,144.73,153.68,298.41,-8.96,27.07,MINT,Tourism,5032.340000000001
2023-04-18,236.48,186.56,423.04,49.92,38.55,MINT,Tourism,5082.260000000001
2023-04-19,334.34,211.53,545.86,122.81,49.06,MINT,Tourism,5205.0700000000015
2023-04-20,225.77,246.33,472.09,-20.56,46.08,MINT,Tourism,5184.510000000001
2023-04-21,379.82,167.29,547.11,212.52,35.24,MINT,Tourism,5397.030000000002
2023-04-24,132.65,96.07,228.72,36.59,43.8,MINT,Tourism,5433.620000000002
2023-04-25,178.76,197.07,375.83,-18.31,52.83,MINT,Tourism,5415.310000000001
2023-04-26,139.56,159.43,298.98,-19.87,34.49,MINT,Tourism,5395.440000000001
2023-04-27,81.43,171.03,252.45,-89.6,29.0,MINT,Tourism,5305.840000000001
2023-04-28,74.07,308.93,383.0,-234.86,39.85,MINT,Tourism,5070.980000000001
2023-05-02,136.69,229.65,366.34,-92.95,28.83,MINT,Tourism,4978.030000000002
2023-05-03,153.23,284.71,437.94,-131.47,27.31,MINT,Tourism,4846.560000000001
2023-05-08,174.71,277.24,451.95,-102.53,25.3,MINT,Tourism,4744.030000000002
2023-05-09,191.36,490.6,681.97,-299.24,28.66,MINT,Tourism,4444.790000000002
2023-05-10,100.17,142.5,242.67,-42.34,29.05,MINT,Tourism,4402.450000000002
2023-05-11,83.57,90.94,174.52,-7.37,24.14,MINT,Tourism,4395.080000000002
2023-05-12,94.69,159.77,254.47,-65.08,28.71,MINT,Tourism,4330.000000000002
2023-05-15,181.32,200.91,382.22,-19.59,33.13,MINT,Tourism,4310.410000000002
2023-05-16,129.0,122.21,251.21,6.79,40.58,MINT,Tourism,4317.200000000002
2023-05-17,166.44,208.45,374.89,-42.01,27.07,MINT,Tourism,4275.190000000001
2023-05-18,124.05,229.95,354.0,-105.91,33.07,MINT,Tourism,4169.280000000002
2023-05-19,133.43,89.82,223.25,43.61,31.67,MINT,Tourism,4212.890000000001
2023-05-22,206.49,316.68,523.17,-110.19,33.99,MINT,Tourism,4102.700000000002
2023-05-23,176.11,211.64,387.75,-35.53,31.14,MINT,Tourism,4067.1700000000014
2023-05-24,282.48,133.39,415.87,149.1,23.21,MINT,Tourism,4216.270000000001
2023-05-25,159.65,243.55,403.2,-83.9,25.32,MINT,Tourism,4132.370000000002
2023-05-26,91.03,137.31,228.33,-46.28,24.79,MINT,Tourism,4086.0900000000015
2023-05-29,33.25,93.67,126.92,-60.42,22.92,MINT,Tourism,4025.6700000000014
2023-05-30,106.22,134.34,240.56,-28.12,24.85,MINT,Tourism,3997.5500000000015
2023-05-31,214.9,195.91,410.81,18.99,41.5,MINT,Tourism,4016.5400000000013
2023-06-01,63.25,135.48,198.73,-72.23,37.43,MINT,Tourism,3944.3100000000013
2023-06-02,87.14,140.55,227.69,-53.41,35.17,MINT,Tourism,3890.9000000000015
2023-06-06,263.2,220.31,483.5,42.89,49.33,MINT,Tourism,3933.7900000000013
2023-06-07,355.59,198.12,553.71,157.47,47.81,MINT,Tourism,4091.260000000001
2023-06-08,343.25,108.73,451.98,234.52,20.56,MINT,Tourism,4325.780000000002
2023-06-09,217.47,133.12,350.59,84.35,26.98,MINT,Tourism,4410.130000000002
2023-06-12,219.57,124.06,343.63,95.51,32.56,MINT,Tourism,4505.640000000002
2023-06-13,197.86,148.3,346.16,49.56,33.98,MINT,Tourism,4555.200000000003
2023-06-14,139.03,89.72,228.75,49.31,22.9,MINT,Tourism,4604.510000000003
2023-06-15,112.82,121.29,234.11,-8.48,26.91,MINT,Tourism,4596.030000000003
2023-06-16,434.31,322.15,756.46,112.15,47.52,MINT,Tourism,4708.180000000003
2023-06-19,91.26,115.96,207.22,-24.7,28.29,MINT,Tourism,4683.480000000003
2023-06-20,216.93,161.18,378.12,55.75,33.04,MINT,Tourism,4739.230000000003
2023-06-21,88.4,173.52,261.92,-85.12,22.37,MINT,Tourism,4654.110000000003
2023-06-22,205.95,345.91,551.86,-139.96,24.75,MINT,Tourism,4514.150000000003
2023-06-23,142.45,144.56,287.01,-2.12,15.42,MINT,Tourism,4512.030000000003
2023-06-26,148.74,219.44,368.18,-70.7,27.77,MINT,Tourism,4441.330000000004
2023-06-27,107.64,192.02,299.66,-84.38,17.06,MINT,Tourism,4356.9500000000035
2023-06-28,247.83,217.92,465.75,29.92,28.33,MINT,Tourism,4386.8700000000035
2023-06-29,60.17,167.07,227.24,-106.9,22.43,MINT,Tourism,4279.970000000004
2023-06-30,201.79,138.38,340.17,63.4,32.07,MINT,Tourism,4343.3700000000035
2023-07-03,109.38,104.28,213.67,5.1,23.49,MINT,Tourism,4348.470000000004
2023-07-04,106.76,103.44,210.2,3.33,22.6,MINT,Tourism,4351.800000000004
2023-07-05,88.18,124.31,212.49,-36.14,43.71,MINT,Tourism,4315.6600000000035
2023-07-06,109.14,286.67,395.81,-177.53,36.31,MINT,Tourism,4138.130000000004
2023-07-07,154.82,174.33,329.14,-19.51,35.46,MINT,Tourism,4118.6200000000035
2023-07-10,138.87,167.43,306.3,-28.56,33.17,MINT,Tourism,4090.0600000000036
2023-07-11,218.24,180.69,398.93,37.55,41.84,MINT,Tourism,4127.610000000003
2023-07-12,151.18,215.57,366.76,-64.39,31.05,MINT,Tourism,4063.2200000000034
2023-07-13,337.44,175.22,512.67,162.22,30.16,MINT,Tourism,4225.440000000003
2023-07-14,182.58,157.43,340.01,25.15,35.78,MINT,Tourism,4250.590000000003
2023-07-17,144.61,291.3,435.91,-146.7,34.02,MINT,Tourism,4103.890000000003
2023-07-18,154.34,256.55,410.9,-102.21,30.78,MINT,Tourism,4001.680000000003
2023-07-19,136.4,215.9,352.3,-79.5,26.36,MINT,Tourism,3922.180000000003
2023-07-20,178.24,265.22,443.47,-86.98,33.5,MINT,Tourism,3835.200000000003
2023-07-21,283.34,214.17,497.51,69.17,31.46,MINT,Tourism,3904.370000000003
2023-07-24,278.91,194.47,473.38,84.44,35.86,MINT,Tourism,3988.810000000003
2023-07-25,123.03,94.71,217.75,28.32,20.69,MINT,Tourism,4017.1300000000033
2023-07-26,265.2,155.25,420.44,109.95,44.34,MINT,Tourism,4127.080000000004
2023-07-27,292.51,205.04,497.55,87.47,30.27,MINT,Tourism,4214.550000000004
2023-07-31,136.96,201.54,338.5,-64.58,41.94,MINT,Tourism,4149.970000000004
2023-08-02,65.47,162.97,228.45,-97.5,26.45,MINT,Tourism,4052.470000000004
2023-08-03,199.97,178.08,378.05,21.89,33.93,MINT,Tourism,4074.3600000000038
2023-08-04,148.66,183.58,332.24,-34.93,41.18,MINT,Tourism,4039.430000000004
2023-08-07,216.0,195.77,411.77,20.23,38.15,MINT,Tourism,4059.660000000004
2023-08-08,106.98,142.1,249.08,-35.13,42.47,MINT,Tourism,4024.530000000004
2023-08-09,102.83,120.13,222.96,-17.3,36.85,MINT,Tourism,4007.2300000000037
2023-08-10,160.66,165.87,326.53,-5.21,31.26,MINT,Tourism,4002.0200000000036
2023-08-11,207.63,257.69,465.31,-50.06,32.78,MINT,Tourism,3951.9600000000037
2023-08-15,153.67,256.65,410.32,-102.98,32.43,MINT,Tourism,3848.9800000000037
2023-08-16,251.27,171.77,423.04,79.49,33.25,MINT,Tourism,3928.4700000000034
2023-08-17,119.01,114.63,233.64,4.37,28.14,MINT,Tourism,3932.8400000000033
2023-08-18,128.99,153.43,282.42,-24.45,32.51,MINT,Tourism,3908.3900000000035
2023-08-21,141.34,88.42,229.77,52.92,28.78,MINT,Tourism,3961.3100000000036
2023-08-22,149.57,196.29,345.86,-46.72,20.03,MINT,Tourism,3914.590000000004
2023-08-23,167.04,214.52,381.56,-47.48,31.26,MINT,Tourism,3867.1100000000038
2023-08-24,101.8,62.95,164.76,38.85,21.36,MINT,Tourism,3905.9600000000037
2023-08-25,115.6,116.12,231.72,-0.53,29.43,MINT,Tourism,3905.4300000000035
2023-08-28,93.68,110.93,204.61,-17.26,20.95,MINT,Tourism,3888.1700000000033
2023-08-29,295.88,113.76,409.64,182.11,31.47,MINT,Tourism,4070.2800000000034
2023-08-30,164.97,70.54,235.51,94.42,30.24,MINT,Tourism,4164.7000000000035
2023-08-31,386.57,271.43,658.0,115.14,43.7,MINT,Tourism,4279.840000000004
2023-09-01,194.43,119.38,313.81,75.05,22.42,MINT,Tourism,4354.890000000004
2023-09-04,91.29,54.24,145.53,37.05,22.74,MINT,Tourism,4391.940000000004
2023-09-05,168.65,107.13,275.78,61.52,41.01,MINT,Tourism,4453.460000000005
2023-09-06,163.67,89.36,253.03,74.3,45.24,MINT,Tourism,4527.760000000005
2023-09-07,176.32,60.94,237.26,115.38,30.34,MINT,Tourism,4643.140000000005
2023-09-08,90.59,60.74,151.33,29.85,33.43,MINT,Tourism,4672.990000000005
2023-09-11,180.76,78.15,258.92,102.61,28.12,MINT,Tourism,4775.600000000005
2023-09-12,171.67,179.51,351.18,-7.84,28.68,MINT,Tourism,4767.760000000005
2023-09-13,95.28,185.06,280.34,-89.79,33.58,MINT,Tourism,4677.970000000005
2023-09-14,69.64,91.62,161.25,-21.98,30.94,MINT,Tourism,4655.990000000005
2023-09-15,142.96,309.1,452.06,-166.15,49.04,MINT,Tourism,4489.840000000006
2023-09-18,92.72,141.62,234.34,-48.9,42.25,MINT,Tourism,4440.940000000006
2023-09-19,67.6,157.37,224.97,-89.78,26.23,MINT,Tourism,4351.160000000006
2023-09-20,207.18,193.85,401.04,13.33,32.81,MINT,Tourism,4364.490000000006
2023-09-21,38.38,158.15,196.53,-119.78,19.73,MINT,Tourism,4244.710000000006
2023-09-22,86.54,127.06,213.6,-40.53,19.24,MINT,Tourism,4204.180000000007
2023-09-25,71.79,92.72,164.51,-20.93,43.24,MINT,Tourism,4183.250000000006
2023-09-26,90.98,175.19,266.17,-84.21,34.91,MINT,Tourism,4099.040000000006
2023-09-27,150.45,173.07,323.52,-22.61,34.57,MINT,Tourism,4076.430000000006
2023-09-28,112.16,197.33,309.49,-85.17,33.55,MINT,Tourism,3991.260000000006
2023-09-29,182.31,151.64,333.94,30.67,26.85,MINT,Tourism,4021.930000000006
2023-10-02,100.07,89.29,189.36,10.78,21.3,MINT,Tourism,4032.7100000000064
2023-10-03,167.21,185.92,353.13,-18.7,27.64,MINT,Tourism,4014.0100000000066
2023-10-04,133.87,131.6,265.47,2.27,29.37,MINT,Tourism,4016.2800000000066
2023-10-05,132.9,128.76,261.66,4.14,37.47,MINT,Tourism,4020.4200000000064
2023-10-06,86.08,121.33,207.42,-35.25,51.98,MINT,Tourism,3985.1700000000064
2023-10-09,233.38,186.83,420.22,46.55,26.2,MINT,Tourism,4031.7200000000066
2023-10-10,139.87,275.23,415.1,-135.36,33.15,MINT,Tourism,3896.3600000000065
2023-10-11,253.75,237.72,491.46,16.03,35.0,MINT,Tourism,3912.3900000000067
2023-10-12,163.92,201.43,365.35,-37.5,61.5,MINT,Tourism,3874.8900000000067
2023-10-16,228.81,229.14,457.95,-0.33,32.05,MINT,Tourism,3874.5600000000068
2023-10-17,73.98,111.15,185.13,-37.18,34.1,MINT,Tourism,3837.380000000007
2023-10-18,65.73,76.71,142.43,-10.98,32.66,MINT,Tourism,3826.400000000007
2023-10-19,42.73,95.53,138.27,-52.8,41.74,MINT,Tourism,3773.6000000000067
2023-10-20,173.79,122.57,296.36,51.22,27.66,MINT,Tourism,3824.8200000000065
2023-10-24,185.39,145.03,330.42,40.36,39.69,MINT,Tourism,3865.1800000000067
2023-10-25,81.02,70.56,151.58,10.45,46.67,MINT,Tourism,3875.6300000000065
2023-10-26,114.86,74.46,189.31,40.4,26.5,MINT,Tourism,3916.0300000000066
2023-10-27,61.02,38.76,99.78,22.26,31.79,MINT,Tourism,3938.290000000007
2023-10-30,84.13,52.45,136.58,31.69,24.25,MINT,Tourism,3969.980000000007
2023-10-31,87.54,85.3,172.83,2.24,35.0,MINT,Tourism,3972.2200000000066
2023-11-01,95.87,71.04,166.92,24.83,24.08,MINT,Tourism,3997.0500000000065
2023-11-02,42.12,84.85,126.96,-42.73,27.43,MINT,Tourism,3954.3200000000065
2023-11-03,155.22,184.54,339.76,-29.32,39.19,MINT,Tourism,3925.0000000000064
2023-11-06,236.7,310.38,547.07,-73.68,49.62,MINT,Tourism,3851.3200000000065
2023-11-07,148.06,195.11,343.17,-47.05,44.63,MINT,Tourism,3804.2700000000063
2023-11-08,74.29,85.72,160.01,-11.43,45.53,MINT,Tourism,3792.8400000000065
2023-11-09,163.07,261.53,424.6,-98.46,31.58,MINT,Tourism,3694.3800000000065
2023-11-10,89.23,109.39,198.62,-20.16,41.26,MINT,Tourism,3674.2200000000066
2023-11-13,113.36,254.09,367.45,-140.74,45.23,MINT,Tourism,3533.480000000007
2023-11-14,199.98,194.61,394.59,5.36,39.98,MINT,Tourism,3538.840000000007
2023-11-15,230.73,270.63,501.36,-39.91,36.42,MINT,Tourism,3498.930000000007
2023-11-16,218.53,222.42,440.95,-3.89,31.04,MINT,Tourism,3495.0400000000072
2023-11-17,108.27,93.14,201.41,15.14,33.64,MINT,Tourism,3510.180000000007
2023-11-20,60.98,70.4,131.38,-9.41,25.75,MINT,Tourism,3500.7700000000073
2023-11-21,69.54,87.64,157.18,-18.09,28.08,MINT,Tourism,3482.680000000007
2023-11-22,70.9,77.65,148.55,-6.74,29.93,MINT,Tourism,3475.9400000000073
2023-11-23,56.99,27.92,84.9,29.07,25.74,MINT,Tourism,3505.0100000000075
2023-11-24,55.11,64.8,119.9,-9.69,41.04,MINT,Tourism,3495.3200000000074
2023-11-27,124.87,75.86,200.73,49.01,30.05,MINT,Tourism,3544.3300000000077
2023-11-28,143.08,116.19,259.27,26.9,35.22,MINT,Tourism,3571.2300000000077
2023-11-29,138.67,72.69,211.36,65.98,30.83,MINT,Tourism,3637.2100000000078
2023-11-30,295.49,136.93,432.42,158.56,35.26,MINT,Tourism,3795.7700000000077
2023-12-01,60.38,70.13,130.52,-9.75,29.06,MINT,Tourism,3786.0200000000077
2023-12-04,96.13,122.54,218.67,-26.42,29.68,MINT,Tourism,3759.6000000000076
2023-12-06,55.0,49.47,104.47,5.53,31.13,MINT,Tourism,3765.130000000008
2023-12-07,83.15,79.53,162.68,3.61,30.29,MINT,Tourism,3768.740000000008
2023-12-08,88.51,97.96,186.48,-9.45,26.56,MINT,Tourism,3759.290000000008
2023-12-12,142.71,132.31,275.02,10.4,32.79,MINT,Tourism,3769.6900000000082
2023-12-13,110.89,106.3,217.18,4.59,31.89,MINT,Tourism,3774.2800000000084
2023-12-14,188.36,65.28,253.64,123.08,30.98,MINT,Tourism,3897.3600000000083
2023-12-15,415.24,335.44,750.68,79.8,48.45,MINT,Tourism,3977.1600000000085
2023-12-18,50.4,72.34,122.73,-21.94,21.17,MINT,Tourism,3955.2200000000084
2023-12-19,131.64,50.88,182.52,80.75,32.34,MINT,Tourism,4035.9700000000084
2023-12-20,93.37,94.68,188.05,-1.3,28.03,MINT,Tourism,4034.6700000000083
2023-12-21,93.24,122.4,215.63,-29.16,34.74,MINT,Tourism,4005.5100000000084
2023-12-22,83.91,126.34,210.25,-42.43,33.95,MINT,Tourism,3963.0800000000086
2023-12-25,6.83,19.66,26.49,-12.83,21.07,MINT,Tourism,3950.2500000000086
2023-12-26,322.05,261.27,583.32,60.78,36.5,MINT,Tourism,4011.030000000009
2023-12-27,329.29,244.59,573.89,84.7,35.61,MINT,Tourism,4095.7300000000087
2023-12-28,89.56,194.95,284.51,-105.39,27.69,MINT,Tourism,3990.340000000009
2024-01-02,110.91,54.31,165.22,56.6,27.92,MINT,Tourism,4046.9400000000087
2024-01-03,207.38,135.01,342.39,72.38,31.27,MINT,Tourism,4119.320000000009
2024-01-04,109.58,68.61,178.19,40.96,31.38,MINT,Tourism,4160.280000000009
2024-01-05,41.9,75.63,117.53,-33.73,31.94,MINT,Tourism,4126.550000000009
2024-01-08,55.93,119.73,175.66,-63.81,33.2,MINT,Tourism,4062.7400000000093
2024-01-09,433.13,194.78,627.9,238.35,37.01,MINT,Tourism,4301.090000000009
2024-01-10,187.76,155.87,343.63,31.9,25.09,MINT,Tourism,4332.990000000009
2024-01-11,68.24,44.18,112.41,24.06,24.49,MINT,Tourism,4357.050000000009
2024-01-12,521.53,159.8,681.33,361.73,28.03,MINT,Tourism,4718.78000000001
2024-01-15,48.62,68.85,117.48,-20.23,31.13,MINT,Tourism,4698.55000000001
2024-01-16,86.28,67.27,153.55,19.01,34.56,MINT,Tourism,4717.56000000001
2024-01-17,91.64,178.25,269.89,-86.61,23.45,MINT,Tourism,4630.950000000011
2024-01-18,141.12,177.02,318.14,-35.9,28.61,MINT,Tourism,4595.050000000011
2024-01-19,69.29,80.56,149.85,-11.27,31.11,MINT,Tourism,4583.780000000011
2024-01-22,46.83,56.96,103.79,-10.13,23.83,MINT,Tourism,4573.650000000011
2024-01-23,85.4,243.58,328.97,-158.18,22.6,MINT,Tourism,4415.47000000001
2024-01-24,217.56,169.67,387.23,47.89,18.09,MINT,Tourism,4463.360000000011
2024-01-25,87.18,278.72,365.89,-191.54,25.6,MINT,Tourism,4271.820000000011
2024-01-26,83.79,96.97,180.76,-13.18,21.1,MINT,Tourism,4258.64000000001
2024-01-29,105.85,332.08,437.93,-226.22,23.82,MINT,Tourism,4032.4200000000105
2024-01-30,153.31,167.85,321.16,-14.54,25.53,MINT,Tourism,4017.8800000000106
2024-01-31,155.11,181.44,336.55,-26.34,28.94,MINT,Tourism,3991.5400000000104
2024-02-01,398.97,199.32,598.29,199.65,42.81,MINT,Tourism,4191.1900000000105
2024-02-02,54.16,52.94,107.1,1.23,27.61,MINT,Tourism,4192.42000000001
2024-02-05,180.59,51.53,232.12,129.07,30.13,MINT,Tourism,4321.49000000001
2024-02-06,217.83,72.07,289.9,145.76,28.62,MINT,Tourism,4467.25000000001
2024-02-07,49.89,56.05,105.94,-6.16,26.81,MINT,Tourism,4461.09000000001
2024-02-08,134.97,178.77,313.74,-43.8,18.31,MINT,Tourism,4417.29000000001
2024-02-09,332.46,210.27,542.73,122.19,26.61,MINT,Tourism,4539.48000000001
2024-02-12,203.53,60.14,263.67,143.39,20.94,MINT,Tourism,4682.87000000001
2024-02-13,111.86,94.9,206.76,16.97,22.4,MINT,Tourism,4699.84000000001
2024-02-14,47.17,78.98,126.15,-31.81,21.87,MINT,Tourism,4668.03000000001
2024-02-15,91.22,50.22,141.44,41.0,24.99,MINT,Tourism,4709.03000000001
2024-02-16,92.2,89.08,181.27,3.12,35.21,MINT,Tourism,4712.15000000001
2024-02-19,23.4,26.91,50.31,-3.51,21.01,MINT,Tourism,4708.640000000009
2024-02-20,194.81,133.9,328.71,60.91,27.87,MINT,Tourism,4769.550000000009
2024-02-21,182.11,125.16,307.27,56.95,28.19,MINT,Tourism,4826.500000000009
2024-02-22,197.84,147.77,345.61,50.06,27.87,MINT,Tourism,4876.5600000000095
2024-02-23,205.46,120.05,325.52,85.41,18.68,MINT,Tourism,4961.970000000009
2024-02-27,160.81,145.53,306.34,15.28,31.69,MINT,Tourism,4977.250000000009
2024-02-28,154.81,126.32,281.13,28.48,31.71,MINT,Tourism,5005.730000000009
2024-02-29,385.2,243.13,628.33,142.08,42.04,MINT,Tourism,5147.810000000009
2024-03-01,212.71,113.25,325.95,99.46,29.88,MINT,Tourism,5247.270000000009
2024-03-04,170.78,200.87,371.65,-30.09,27.68,MINT,Tourism,5217.1800000000085
2024-03-05,130.04,142.59,272.64,-12.55,25.47,MINT,Tourism,5204.630000000008
2024-03-06,47.15,66.99,114.14,-19.84,20.62,MINT,Tourism,5184.790000000008
2024-03-07,72.06,43.15,115.21,28.91,24.79,MINT,Tourism,5213.700000000008
2024-03-08,134.21,81.68,215.89,52.52,33.87,MINT,Tourism,5266.220000000008
2024-03-11,66.44,84.3,150.74,-17.86,22.51,MINT,Tourism,5248.360000000009
2024-03-12,97.61,74.55,172.16,23.06,35.8,MINT,Tourism,5271.420000000009
2024-03-13,111.53,67.19,178.72,44.34,40.01,MINT,Tourism,5315.760000000009
2024-03-14,215.24,160.55,375.79,54.69,39.46,MINT,Tourism,5370.450000000009
2024-03-15,284.3,285.34,569.64,-1.05,46.45,MINT,Tourism,5369.400000000009
2024-03-18,115.9,203.48,319.38,-87.57,35.55,MINT,Tourism,5281.830000000009
2024-03-19,51.72,21.37,73.09,30.35,40.1,MINT,Tourism,5312.180000000009
2024-03-20,41.88,138.92,180.8,-97.04,27.53,MINT,Tourism,5215.140000000009
2024-03-21,162.49,155.28,317.77,7.21,23.74,MINT,Tourism,5222.3500000000095
2024-03-22,63.39,55.95,119.34,7.44,32.97,MINT,Tourism,5229.790000000009
2024-03-25,204.02,58.93,262.95,145.09,23.15,MINT,Tourism,5374.880000000009
2024-03-26,149.78,71.77,221.55,78.02,32.96,MINT,Tourism,5452.90000000001
2024-03-27,80.65,55.92,136.57,24.74,32.62,MINT,Tourism,5477.640000000009
2024-03-28,212.27,125.24,337.51,87.03,39.32,MINT,Tourism,5564.670000000009
2024-03-29,97.19,55.38,152.58,41.81,31.01,MINT,Tourism,5606.48000000001
2024-04-01,32.47,28.28,60.75,4.19,26.45,MINT,Tourism,5610.670000000009
2024-04-02,115.71,108.18,223.89,7.53,16.43,MINT,Tourism,5618.200000000009
2024-04-03,110.25,94.6,204.85,15.65,31.8,MINT,Tourism,5633.850000000009
2024-04-04,115.91,104.19,220.1,11.72,29.03,MINT,Tourism,5645.570000000009
2024-04-05,28.31,58.12,86.44,-29.81,20.69,MINT,Tourism,5615.760000000008
2024-04-09,240.18,199.8,439.98,40.38,38.5,MINT,Tourism,5656.1400000000085
2024-04-10,126.29,134.45,260.73,-8.16,29.19,MINT,Tourism,5647.980000000009
2024-04-11,57.11,83.02,140.13,-25.91,20.72,MINT,Tourism,5622.070000000009
2024-04-17,458.07,275.47,733.55,182.6,29.58,MINT,Tourism,5804.670000000009
2024-04-18,118.66,111.19,229.86,7.47,28.23,MINT,Tourism,5812.140000000009
2024-04-19,195.92,126.86,322.78,69.06,31.72,MINT,Tourism,5881.20000000001
2024-04-22,162.3,110.44,272.75,51.86,16.69,MINT,Tourism,5933.0600000000095
2024-04-23,133.27,152.13,285.39,-18.86,27.62,MINT,Tourism,5914.20000000001
2024-04-24,67.53,49.53,117.06,18.0,16.52,MINT,Tourism,5932.20000000001
2024-04-25,109.04,155.37,264.42,-46.33,22.56,MINT,Tourism,5885.87000000001
2024-04-26,70.11,111.48,181.59,-41.38,18.5,MINT,Tourism,5844.49000000001
2024-04-29,179.48,92.22,271.7,87.26,23.98,MINT,Tourism,5931.75000000001
2024-04-30,136.13,138.4,274.53,-2.26,31.41,MINT,Tourism,5929.49000000001
2024-05-02,105.16,200.0,305.15,-94.84,24.38,MINT,Tourism,5834.65000000001
2024-05-03,71.25,48.49,119.73,22.76,20.35,MINT,Tourism,5857.41000000001
2024-05-07,208.9,247.16,456.06,-38.26,40.28,MINT,Tourism,5819.15000000001
2024-05-08,127.99,324.07,452.07,-196.08,40.06,MINT,Tourism,5623.07000000001
2024-05-09,133.01,46.68,179.69,86.33,29.83,MINT,Tourism,5709.40000000001
2024-05-10,87.76,242.44,330.21,-154.68,32.19,MINT,Tourism,5554.720000000009
2024-05-13,31.2,39.99,71.19,-8.78,26.84,MINT,Tourism,5545.94000000001
2024-05-14,101.01,226.95,327.97,-125.94,28.2,MINT,Tourism,5420.00000000001
2024-05-15,144.42,209.37,353.79,-64.95,34.75,MINT,Tourism,5355.05000000001
2024-05-16,120.14,291.16,411.3,-171.02,34.32,MINT,Tourism,5184.03000000001
2024-05-17,157.22,221.56,378.78,-64.34,33.41,MINT,Tourism,5119.69000000001
2024-05-20,120.17,316.22,436.39,-196.05,29.65,MINT,Tourism,4923.640000000009
2024-05-21,92.1,158.8,250.9,-66.7,28.34,MINT,Tourism,4856.94000000001
2024-05-23,148.62,367.3,515.91,-218.68,35.74,MINT,Tourism,4638.260000000009
2024-05-24,78.54,123.98,202.52,-45.44,33.35,MINT,Tourism,4592.82000000001
2024-05-27,58.8,50.14,108.93,8.66,21.04,MINT,Tourism,4601.48000000001
2024-05-28,58.56,224.82,283.38,-166.26,20.73,MINT,Tourism,4435.220000000009
2024-05-29,173.52,656.38,829.9,-482.85,29.43,MINT,Tourism,3952.3700000000094
2024-05-30,143.63,375.23,518.86,-231.61,31.8,MINT,Tourism,3720.7600000000093
2024-05-31,544.09,618.99,1163.08,-74.9,57.24,MINT,Tourism,3645.860000000009
2024-06-04,98.59,212.56,311.15,-113.97,36.66,MINT,Tourism,3531.8900000000094
2024-06-05,154.57,248.88,403.45,-94.31,32.69,MINT,Tourism,3437.5800000000095
2024-06-06,64.24,107.3,171.54,-43.06,32.15,MINT,Tourism,3394.5200000000095
2024-06-07,100.35,134.25,234.6,-33.9,44.82,MINT,Tourism,3360.6200000000094
2024-06-10,132.78,176.05,308.83,-43.28,37.25,MINT,Tourism,3317.3400000000092
2024-06-11,150.83,242.32,393.14,-91.49,31.87,MINT,Tourism,3225.8500000000095
2024-06-12,98.11,127.18,225.29,-29.07,36.25,MINT,Tourism,3196.7800000000093
2024-06-13,166.89,184.88,351.77,-18.0,39.3,MINT,Tourism,3178.7800000000093
2024-06-14,342.98,384.33,727.31,-41.34,34.37,MINT,Tourism,3137.440000000009
2024-06-17,142.69,289.19,431.88,-146.5,39.28,MINT,Tourism,2990.940000000009
2024-06-18,180.77,272.42,453.18,-91.65,31.85,MINT,Tourism,2899.290000000009
2024-06-19,101.84,118.25,220.09,-16.42,30.44,MINT,Tourism,2882.870000000009
2024-06-20,170.5,301.17,471.67,-130.67,39.5,MINT,Tourism,2752.200000000009
2024-06-21,190.06,308.09,498.15,-118.03,48.72,MINT,Tourism,2634.1700000000087
2024-06-24,97.82,137.21,235.02,-39.39,29.6,MINT,Tourism,2594.780000000009
2024-06-25,104.03,141.33,245.36,-37.3,30.51,MINT,Tourism,2557.4800000000087
2024-06-26,55.48,98.0,153.48,-42.51,29.13,MINT,Tourism,2514.9700000000084
2024-06-27,205.74,109.96,315.71,95.78,36.16,MINT,Tourism,2610.7500000000086
2024-06-28,187.85,29.9,217.75,157.96,25.71,MINT,Tourism,2768.7100000000087
2024-07-01,50.9,15.91,66.81,34.99,20.68,MINT,Tourism,2803.7000000000085
2024-07-02,105.55,208.03,313.58,-102.48,34.92,MINT,Tourism,2701.2200000000084
2024-07-03,182.33,235.07,417.4,-52.74,42.37,MINT,Tourism,2648.4800000000087
2024-07-04,83.75,114.01,197.76,-30.27,23.87,MINT,Tourism,2618.2100000000087
2024-07-05,50.83,132.52,183.35,-81.69,32.68,MINT,Tourism,2536.5200000000086
2024-07-08,116.53,165.69,282.22,-49.17,44.37,MINT,Tourism,2487.3500000000085
2024-07-09,178.86,207.75,386.61,-28.88,34.27,MINT,Tourism,2458.4700000000084
2024-07-10,73.03,70.64,143.67,2.38,22.69,MINT,Tourism,2460.8500000000085
2024-07-11,85.72,90.03,175.75,-4.3,24.15,MINT,Tourism,2456.5500000000084
2024-07-12,243.39,105.45,348.84,137.94,25.3,MINT,Tourism,2594.4900000000084
2024-07-15,30.59,48.77,79.36,-18.18,19.73,MINT,Tourism,2576.3100000000086
2024-07-16,138.27,171.06,309.32,-32.79,27.1,MINT,Tourism,2543.5200000000086
2024-07-17,68.79,123.22,192.01,-54.43,27.59,MINT,Tourism,2489.090000000009
2024-07-18,143.86,96.44,240.3,47.43,23.86,MINT,Tourism,2536.5200000000086
2024-07-19,85.79,117.4,203.19,-31.61,24.66,MINT,Tourism,2504.9100000000085
2024-07-23,95.91,114.21,210.12,-18.3,26.52,MINT,Tourism,2486.6100000000083
2024-07-24,176.9,137.8,314.7,39.1,32.79,MINT,Tourism,2525.710000000008
2024-07-25,165.53,132.36,297.88,33.17,28.26,MINT,Tourism,2558.8800000000083
2024-07-26,73.68,72.21,145.9,1.47,22.85,MINT,Tourism,2560.350000000008
2024-07-30,67.75,141.86,209.61,-74.11,18.71,MINT,Tourism,2486.240000000008
2024-07-31,130.09,91.32,221.41,38.77,17.19,MINT,Tourism,2525.010000000008
2024-08-01,36.06,97.34,133.4,-61.28,13.59,MINT,Tourism,2463.7300000000077
2024-08-02,261.87,167.13,429.01,94.74,24.45,MINT,Tourism,2558.4700000000075
2024-08-05,145.0,155.17,300.17,-10.18,35.35,MINT,Tourism,2548.2900000000077
2024-08-06,393.58,455.3,848.88,-61.72,30.68,MINT,Tourism,2486.570000000008
2024-08-07,127.1,397.73,524.83,-270.64,31.06,MINT,Tourism,2215.930000000008
2024-08-08,54.55,225.27,279.82,-170.72,27.24,MINT,Tourism,2045.210000000008
2024-08-09,138.45,78.47,216.92,59.97,19.79,MINT,Tourism,2105.180000000008
2024-08-13,160.58,137.96,298.54,22.62,32.04,MINT,Tourism,2127.800000000008
2024-08-14,232.29,226.67,458.96,5.62,31.41,MINT,Tourism,2133.420000000008
2024-08-15,163.41,146.82,310.23,16.59,28.01,MINT,Tourism,2150.010000000008
2024-08-16,124.98,122.88,247.86,2.1,24.22,MINT,Tourism,2152.110000000008
2024-08-19,132.54,241.24,373.78,-108.7,22.72,MINT,Tourism,2043.4100000000078
2024-08-20,42.73,143.49,186.23,-100.76,25.79,MINT,Tourism,1942.6500000000078
2024-08-21,18.91,90.23,109.15,-71.32,24.89,MINT,Tourism,1871.3300000000079
2024-08-22,120.95,101.73,222.68,19.22,35.68,MINT,Tourism,1890.550000000008
2024-08-23,90.61,163.97,254.59,-73.36,22.6,MINT,Tourism,1817.190000000008
2024-08-26,106.07,58.84,164.92,47.23,18.19,MINT,Tourism,1864.420000000008
2024-08-27,129.42,131.89,261.31,-2.46,19.49,MINT,Tourism,1861.960000000008
2024-08-28,89.77,38.39,128.15,51.38,21.24,MINT,Tourism,1913.340000000008
2024-08-29,42.87,55.98,98.85,-13.12,28.36,MINT,Tourism,1900.2200000000082
2024-08-30,117.29,222.45,339.74,-105.16,34.11,MINT,Tourism,1795.0600000000081
2024-09-02,70.7,101.49,172.18,-30.79,31.76,MINT,Tourism,1764.2700000000082
2024-09-03,152.34,56.99,209.33,95.35,23.86,MINT,Tourism,1859.620000000008
2024-09-04,36.04,49.74,85.78,-13.69,18.62,MINT,Tourism,1845.930000000008
2024-09-05,324.32,357.82,682.13,-33.5,38.73,MINT,Tourism,1812.430000000008
2024-09-06,120.0,188.57,308.57,-68.57,28.73,MINT,Tourism,1743.860000000008
2024-09-09,66.51,149.1,215.61,-82.59,23.11,MINT,Tourism,1661.2700000000082
2024-09-10,48.25,244.77,293.02,-196.51,21.48,MINT,Tourism,1464.7600000000082
2024-09-11,58.92,211.77,270.69,-152.85,29.57,MINT,Tourism,1311.9100000000083
2024-09-12,39.63,66.23,105.86,-26.6,27.86,MINT,Tourism,1285.3100000000084
2024-09-13,36.81,40.25,77.06,-3.44,18.17,MINT,Tourism,1281.8700000000083
2024-09-16,164.38,66.29,230.67,98.09,15.06,MINT,Tourism,1379.9600000000082
2024-09-17,81.72,96.47,178.2,-14.75,20.44,MINT,Tourism,1365.2100000000082
2024-09-18,72.23,63.43,135.66,8.8,30.79,MINT,Tourism,1374.0100000000082
2024-09-19,119.84,179.68,299.52,-59.84,19.86,MINT,Tourism,1314.1700000000083
2024-09-20,138.17,189.1,327.27,-50.93,29.78,MINT,Tourism,1263.2400000000082
2024-09-23,66.9,144.88,211.78,-77.98,23.48,MINT,Tourism,1185.2600000000082
2024-09-24,48.28,41.33,89.61,6.95,16.86,MINT,Tourism,1192.2100000000082
2024-09-25,162.19,199.58,361.76,-37.39,33.91,MINT,Tourism,1154.8200000000081
2024-09-26,56.05,84.5,140.55,-28.44,25.26,MINT,Tourism,1126.380000000008
2024-09-27,45.2,60.86,106.06,-15.66,16.04,MINT,Tourism,1110.720000000008
2024-09-30,253.8,47.12,300.92,206.68,28.0,MINT,Tourism,1317.400000000008
2024-10-01,185.28,102.34,287.61,82.94,22.14,MINT,Tourism,1400.340000000008
2024-10-02,65.03,115.58,180.61,-50.56,21.05,MINT,Tourism,1349.7800000000082
2024-10-03,42.41,136.23,178.64,-93.82,17.67,MINT,Tourism,1255.9600000000082
2024-10-04,34.91,69.72,104.63,-34.81,18.58,MINT,Tourism,1221.1500000000083
2024-10-07,235.93,100.46,336.39,135.47,29.59,MINT,Tourism,1356.6200000000083
2024-10-08,36.7,68.68,105.38,-31.98,20.26,MINT,Tourism,1324.6400000000083
2024-10-09,71.12,90.14,161.26,-19.03,23.16,MINT,Tourism,1305.6100000000083
2024-10-10,61.32,71.31,132.63,-9.99,22.24,MINT,Tourism,1295.6200000000083
2024-10-11,32.47,21.48,53.95,10.99,15.79,MINT,Tourism,1306.6100000000083
2024-10-15,111.38,67.17,178.55,44.21,30.24,MINT,Tourism,1350.8200000000083
2024-10-16,128.27,58.78,187.05,69.49,19.23,MINT,Tourism,1420.3100000000084
2024-10-17,76.15,37.85,114.01,38.3,14.21,MINT,Tourism,1458.6100000000083
2024-10-18,89.49,66.33,155.82,23.17,16.61,MINT,Tourism,1481.7800000000084
2024-10-21,39.56,49.64,89.2,-10.08,20.84,MINT,Tourism,1471.7000000000085
2024-10-22,135.91,79.49,215.4,56.42,20.55,MINT,Tourism,1528.1200000000085
2024-10-24,208.92,178.07,386.99,30.84,18.89,MINT,Tourism,1558.9600000000084
2024-10-25,93.65,55.76,149.41,37.89,19.77,MINT,Tourism,1596.8500000000085
2024-10-28,170.11,90.49,260.6,79.62,21.98,MINT,Tourism,1676.4700000000084
2024-10-29,172.09,83.99,256.08,88.11,27.18,MINT,Tourism,1764.5800000000083
2024-10-30,155.34,118.78,274.12,36.56,22.09,MINT,Tourism,1801.1400000000083
2024-10-31,78.79,33.57,112.35,45.22,13.68,MINT,Tourism,1846.3600000000083
2024-11-01,75.03,79.37,154.4,-4.35,26.77,MINT,Tourism,1842.0100000000084
2024-11-04,22.3,37.51,59.81,-15.2,21.9,MINT,Tourism,1826.8100000000084
2024-11-05,45.94,21.51,67.46,24.43,18.41,MINT,Tourism,1851.2400000000084
2024-11-06,23.48,46.77,70.25,-23.29,19.69,MINT,Tourism,1827.9500000000085
2024-11-07,43.84,47.57,91.41,-3.73,28.64,MINT,Tourism,1824.2200000000084
2024-11-08,57.43,27.51,84.94,29.92,22.44,MINT,Tourism,1854.1400000000085
2024-11-11,102.47,81.71,184.18,20.76,26.36,MINT,Tourism,1874.9000000000085
2024-11-12,116.04,160.08,276.12,-44.04,20.52,MINT,Tourism,1830.8600000000085
2024-11-13,52.35,71.43,123.78,-19.08,15.85,MINT,Tourism,1811.7800000000086
2024-11-14,97.24,87.01,184.25,10.23,28.3,MINT,Tourism,1822.0100000000086
2024-11-15,39.69,75.19,114.89,-35.5,25.97,MINT,Tourism,1786.5100000000086
2024-11-18,129.08,71.81,200.89,57.28,30.28,MINT,Tourism,1843.7900000000086
2024-11-19,233.45,257.55,491.0,-24.11,25.48,MINT,Tourism,1819.6800000000087
2024-11-20,151.1,177.64,328.73,-26.54,23.16,MINT,Tourism,1793.1400000000087
2024-11-21,86.32,65.64,151.96,20.68,22.4,MINT,Tourism,1813.8200000000088
2024-11-22,67.61,25.56,93.17,42.06,29.23,MINT,Tourism,1855.8800000000087
2024-11-25,265.4,129.64,395.04,135.76,45.2,MINT,Tourism,1991.6400000000087
2024-11-26,174.53,121.47,296.0,53.06,23.53,MINT,Tourism,2044.7000000000087
2024-11-27,61.64,59.29,120.93,2.36,19.88,MINT,Tourism,2047.0600000000086
2024-11-28,60.39,141.32,201.71,-80.93,26.99,MINT,Tourism,1966.1300000000085
2024-11-29,70.79,81.55,152.34,-10.76,36.87,MINT,Tourism,1955.3700000000085
2024-12-02,60.72,30.52,91.24,30.21,33.08,MINT,Tourism,1985.5800000000086
2024-12-03,92.03,110.39,202.42,-18.35,22.08,MINT,Tourism,1967.2300000000087
2024-12-04,104.32,160.13,264.45,-55.81,18.39,MINT,Tourism,1911.4200000000087
2024-12-06,50.61,46.12,96.73,4.49,17.95,MINT,Tourism,1915.9100000000087
2024-12-09,60.58,81.19,141.77,-20.62,23.82,MINT,Tourism,1895.2900000000088
2024-12-11,155.81,128.63,284.44,27.18,36.25,MINT,Tourism,1922.470000000009
2024-12-12,25.53,115.98,141.51,-90.45,25.83,MINT,Tourism,1832.0200000000088
2024-12-13,78.63,75.95,154.58,2.69,22.69,MINT,Tourism,1834.710000000009
2024-12-16,27.35,75.46,102.81,-48.11,23.3,MINT,Tourism,1786.600000000009
2024-12-17,139.03,174.16,313.19,-35.12,25.12,MINT,Tourism,1751.480000000009
2024-12-18,61.26,129.79,191.05,-68.53,27.8,MINT,Tourism,1682.9500000000091
2024-12-19,44.56,62.89,107.45,-18.33,17.56,MINT,Tourism,1664.6200000000092
2024-12-20,162.22,117.26,279.48,44.96,32.0,MINT,Tourism,1709.5800000000092
2024-12-23,47.31,54.29,101.6,-6.97,19.52,MINT,Tourism,1702.6100000000092
2024-12-24,51.37,88.14,139.5,-36.77,24.93,MINT,Tourism,1665.8400000000092
2024-12-25,14.85,23.71,38.55,-8.86,14.97,MINT,Tourism,1656.9800000000093
2024-12-26,83.83,52.17,136.0,31.66,23.01,MINT,Tourism,1688.6400000000094
2024-12-27,64.61,32.85,97.46,31.76,22.77,MINT,Tourism,1720.4000000000094
2024-12-30,68.84,39.21,108.05,29.63,19.3,MINT,Tourism,1750.0300000000095
2025-01-02,47.76,25.61,73.37,22.15,22.16,MINT,Tourism,1772.1800000000096
2025-01-03,73.45,78.1,151.56,-4.65,31.03,MINT,Tourism,1767.5300000000095
2025-01-06,48.24,51.03,99.27,-2.78,22.04,MINT,Tourism,1764.7500000000095
2025-01-07,44.8,41.91,86.71,2.89,30.86,MINT,Tourism,1767.6400000000096
2025-01-08,69.86,87.23,157.09,-17.38,28.26,MINT,Tourism,1750.2600000000095
2025-01-09,91.95,83.02,174.97,8.93,21.52,MINT,Tourism,1759.1900000000096
2025-01-10,278.99,157.93,436.92,121.06,19.77,MINT,Tourism,1880.2500000000095
2025-01-13,326.52,130.32,456.84,196.2,24.04,MINT,Tourism,2076.4500000000094
2025-01-14,182.33,134.65,316.98,47.68,28.13,MINT,Tourism,2124.130000000009
2025-01-15,212.21,126.04,338.25,86.17,27.18,MINT,Tourism,2210.3000000000093
2025-01-16,102.74,85.39,188.14,17.35,26.92,MINT,Tourism,2227.650000000009
2025-01-17,151.81,133.23,285.05,18.58,32.46,MINT,Tourism,2246.230000000009
2025-01-20,93.41,89.13,182.54,4.28,32.77,MINT,Tourism,2250.5100000000093
2025-01-21,333.39,159.94,493.33,173.45,26.5,MINT,Tourism,2423.960000000009
2025-01-22,89.12,145.93,235.05,-56.82,26.48,MINT,Tourism,2367.140000000009
2025-01-23,151.03,174.23,325.26,-23.2,34.83,MINT,Tourism,2343.940000000009
2025-01-24,172.65,80.14,252.78,92.51,30.93,MINT,Tourism,2436.4500000000094
2025-01-27,224.82,135.32,360.14,89.5,23.2,MINT,Tourism,2525.9500000000094
2025-01-28,138.99,120.39,259.38,18.61,21.63,MINT,Tourism,2544.5600000000095
2025-01-29,241.18,118.5,359.68,122.69,24.17,MINT,Tourism,2667.2500000000095
2025-01-30,231.74,140.46,372.19,91.28,27.81,MINT,Tourism,2758.5300000000097
2025-01-31,264.63,213.76,478.39,50.87,28.53,MINT,Tourism,2809.4000000000096
2025-02-03,363.8,286.78,650.57,77.02,40.55,MINT,Tourism,2886.4200000000096
2025-02-04,236.74,166.27,403.01,70.47,29.09,MINT,Tourism,2956.8900000000094
2025-02-05,175.22,202.69,377.9,-27.47,31.66,MINT,Tourism,2929.4200000000096
2025-02-06,342.29,155.08,497.37,187.2,41.37,MINT,Tourism,3116.6200000000094
2025-02-07,255.88,104.12,360.0,151.76,38.41,MINT,Tourism,3268.380000000009
2025-02-10,266.92,198.44,465.36,68.48,33.35,MINT,Tourism,3336.860000000009
2025-02-11,215.2,130.2,345.4,85.01,38.66,MINT,Tourism,3421.8700000000094
2025-02-13,244.87,185.32,430.19,59.55,29.79,MINT,Tourism,3481.4200000000096
2025-02-14,232.48,192.14,424.62,40.34,36.85,MINT,Tourism,3521.7600000000098
2025-02-17,172.87,185.0,357.87,-12.14,25.9,MINT,Tourism,3509.62000000001
2025-02-18,279.37,103.71,383.08,175.66,18.82,MINT,Tourism,3685.2800000000097
2025-02-19,230.27,141.62,371.89,88.66,23.05,MINT,Tourism,3773.9400000000096
2025-02-20,269.28,130.35,399.63,138.94,25.7,MINT,Tourism,3912.8800000000097
2025-02-21,346.06,145.41,491.48,200.65,27.44,MINT,Tourism,4113.53000000001
2025-02-24,176.48,118.73,295.22,57.75,30.9,MINT,Tourism,4171.28000000001
2025-02-25,293.56,186.4,479.96,107.16,29.62,MINT,Tourism,4278.44000000001
2025-02-26,164.86,120.29,285.15,44.58,27.74,MINT,Tourism,4323.0200000000095
2025-02-27,210.27,200.93,411.2,9.33,35.71,MINT,Tourism,4332.3500000000095
2025-02-28,388.95,381.76,770.71,7.19,39.09,MINT,Tourism,4339.540000000009
2025-03-03,105.95,75.91,181.86,30.04,19.32,MINT,Tourism,4369.580000000009
2025-03-04,134.87,126.25,261.12,8.63,25.64,MINT,Tourism,4378.210000000009
2025-03-05,133.22,139.19,272.41,-5.97,24.88,MINT,Tourism,4372.240000000009
2025-03-06,97.36,87.95,185.31,9.4,22.5,MINT,Tourism,4381.6400000000085
2025-03-07,74.67,68.93,143.6,5.73,27.27,MINT,Tourism,4387.370000000008
2025-03-10,49.11,86.77,135.88,-37.67,30.76,MINT,Tourism,4349.700000000008
2025-03-11,152.57,172.52,325.09,-19.95,32.97,MINT,Tourism,4329.750000000008
2025-03-12,111.35,102.17,213.52,9.18,29.08,MINT,Tourism,4338.9300000000085
2025-03-13,106.03,152.57,258.6,-46.54,25.64,MINT,Tourism,4292.3900000000085
2025-03-14,110.13,104.98,215.1,5.15,21.85,MINT,Tourism,4297.540000000008
2025-03-17,77.76,106.33,184.09,-28.57,25.19,MINT,Tourism,4268.970000000008
2025-03-18,61.67,79.96,141.63,-18.28,29.53,MINT,Tourism,4250.690000000009
2025-03-19,84.31,147.29,231.6,-62.98,33.06,MINT,Tourism,4187.710000000009
2025-03-20,31.45,96.8,128.24,-65.35,19.44,MINT,Tourism,4122.360000000009
2025-03-21,133.69,130.63,264.32,3.07,41.43,MINT,Tourism,4125.4300000000085
2025-03-24,87.95,36.06,124.01,51.9,22.5,MINT,Tourism,4177.330000000008
2025-03-25,171.9,83.4,255.3,88.5,34.87,MINT,Tourism,4265.830000000008
2025-03-26,60.02,71.41,131.43,-11.4,26.12,MINT,Tourism,4254.4300000000085
2025-03-27,66.56,95.62,162.17,-29.06,24.57,MINT,Tourism,4225.370000000008
2025-03-28,44.06,83.27,127.33,-39.2,32.08,MINT,Tourism,4186.170000000008
2025-03-31,108.96,205.17,314.13,-96.21,36.77,MINT,Tourism,4089.960000000008
2025-04-01,79.93,119.41,199.33,-39.48,36.4,MINT,Tourism,4050.480000000008
2025-04-02,65.08,74.33,139.41,-9.25,32.79,MINT,Tourism,4041.230000000008
2025-04-03,156.93,154.72,311.65,2.21,30.27,MINT,Tourism,4043.4400000000082
2025-04-04,90.69,98.45,189.14,-7.77,28.91,MINT,Tourism,4035.6700000000083
2025-04-08,298.3,270.88,569.19,27.42,42.51,MINT,Tourism,4063.0900000000083
2025-04-09,107.62,134.54,242.16,-26.92,45.13,MINT,Tourism,4036.1700000000083
2025-04-10,154.99,204.19,359.18,-49.19,33.47,MINT,Tourism,3986.980000000008
2025-04-11,101.42,110.99,212.41,-9.58,29.64,MINT,Tourism,3977.4000000000083
2025-04-16,168.17,164.96,333.13,3.21,36.01,MINT,Tourism,3980.6100000000083
2025-04-17,73.11,78.24,151.35,-5.13,26.8,MINT,Tourism,3975.480000000008
2025-04-18,46.1,69.28,115.37,-23.18,36.38,MINT,Tourism,3952.3000000000084
2025-04-21,52.47,70.72,123.18,-18.25,35.16,MINT,Tourism,3934.0500000000084
2025-04-22,83.13,78.54,161.66,4.59,48.53,MINT,Tourism,3938.6400000000085
2025-04-23,39.13,61.42,100.55,-22.29,26.52,MINT,Tourism,3916.3500000000085
2025-04-24,45.86,82.52,128.38,-36.66,37.26,MINT,Tourism,3879.6900000000087
2025-04-25,39.46,46.2,85.65,-6.74,29.36,MINT,Tourism,3872.950000000009
2025-04-28,37.75,46.73,84.48,-8.97,35.68,MINT,Tourism,3863.980000000009
2025-04-29,54.28,119.89,174.17,-65.62,33.16,MINT,Tourism,3798.360000000009
2025-04-30,99.54,135.13,234.67,-35.59,43.67,MINT,Tourism,3762.770000000009
2025-05-02,83.08,106.0,189.08,-22.93,36.54,MINT,Tourism,3739.8400000000092
2025-05-06,118.29,106.67,224.96,11.62,30.43,MINT,Tourism,3751.460000000009
2025-05-07,237.87,254.37,492.24,-16.5,33.93,MINT,Tourism,3734.960000000009
2025-05-08,132.85,312.89,445.74,-180.04,27.31,MINT,Tourism,3554.920000000009
2025-05-09,145.36,150.44,295.81,-5.08,31.66,MINT,Tourism,3549.8400000000092
2025-05-13,211.62,248.3,459.92,-36.68,27.01,MINT,Tourism,3513.1600000000094
2025-05-14,129.96,97.06,227.02,32.9,28.84,MINT,Tourism,3546.0600000000095
2025-05-15,127.67,287.57,415.25,-159.9,39.81,MINT,Tourism,3386.1600000000094
2025-05-16,91.22,198.41,289.63,-107.19,29.7,MINT,Tourism,3278.9700000000093
2025-05-19,80.52,191.93,272.45,-111.4,31.83,MINT,Tourism,3167.5700000000093
2025-05-20,129.59,163.8,293.4,-34.21,25.9,MINT,Tourism,3133.360000000009
2025-05-21,116.85,303.03,419.88,-186.18,33.78,MINT,Tourism,2947.1800000000094
2025-05-22,289.63,151.59,441.23,138.04,28.34,MINT,Tourism,3085.2200000000093
2025-05-23,53.46,171.09,224.56,-117.63,24.47,MINT,Tourism,2967.5900000000092
2025-05-26,105.21,102.29,207.5,2.93,33.2,MINT,Tourism,2970.520000000009
2025-05-27,214.62,199.5,414.12,15.12,30.59,MINT,Tourism,2985.640000000009
2025-05-28,46.63,83.17,129.8,-36.54,24.8,MINT,Tourism,2949.100000000009
2025-05-29,51.45,81.34,132.79,-29.89,26.68,MINT,Tourism,2919.210000000009
2025-05-30,149.31,171.63,320.95,-22.32,34.15,MINT,Tourism,2896.890000000009
2025-06-04,117.84,96.66,214.5,21.18,26.15,MINT,Tourism,2918.070000000009
2025-06-05,14.91,22.48,37.39,-7.58,11.96,MINT,Tourism,2910.490000000009
2025-06-06,30.79,37.72,68.51,-6.93,16.86,MINT,Tourism,2903.560000000009
2025-06-09,59.51,36.09,95.6,23.42,29.89,MINT,Tourism,2926.980000000009
2025-06-10,78.67,175.05,253.72,-96.39,28.62,MINT,Tourism,2830.5900000000092
2025-06-11,35.15,217.93,253.08,-182.79,30.83,MINT,Tourism,2647.8000000000093
2025-06-12,51.02,100.12,151.14,-49.1,30.53,MINT,Tourism,2598.7000000000094
2025-06-13,68.37,117.32,185.68,-48.95,32.9,MINT,Tourism,2549.7500000000095
2025-06-16,148.88,220.76,369.64,-71.89,27.59,MINT,Tourism,2477.8600000000097
2025-06-17,117.85,137.24,255.09,-19.39,21.85,MINT,Tourism,2458.47000000001
2025-06-18,98.51,145.09,243.6,-46.57,31.78,MINT,Tourism,2411.9000000000096
2025-06-19,148.34,235.6,383.94,-87.27,39.14,MINT,Tourism,2324.6300000000097
2025-06-20,313.29,206.34,519.63,106.96,45.75,MINT,Tourism,2431.5900000000097
2025-06-23,72.76,105.98,178.74,-33.21,37.92,MINT,Tourism,2398.3800000000097
2025-06-24,169.68,208.45,378.12,-38.77,38.94,MINT,Tourism,2359.6100000000097
2025-06-25,139.4,95.89,235.29,43.51,36.05,MINT,Tourism,2403.12000000001
2025-06-26,128.85,123.75,252.6,5.09,37.17,MINT,Tourism,2408.21000000001
2025-06-27,123.32,140.34,263.67,-17.02,39.05,MINT,Tourism,2391.19000000001
2025-06-30,99.28,117.7,216.99,-18.42,42.28,MINT,Tourism,2372.77000000001
2025-07-01,172.36,172.87,345.23,-0.51,32.97,MINT,Tourism,2372.2600000000098
2025-07-02,30.78,73.39,104.17,-42.6,22.77,MINT,Tourism,2329.66000000001
2025-07-03,76.25,70.64,146.89,5.62,28.64,MINT,Tourism,2335.2800000000097
2025-07-04,38.97,64.45,103.42,-25.48,24.41,MINT,Tourism,2309.8000000000097
2025-07-07,132.82,69.16,201.99,63.66,36.34,MINT,Tourism,2373.4600000000096
2025-07-08,106.34,134.21,240.55,-27.87,44.67,MINT,Tourism,2345.5900000000097
2025-07-09,88.5,90.58,179.07,-2.08,43.04,MINT,Tourism,2343.5100000000098
2025-07-11,60.32,53.95,114.27,6.38,42.37,MINT,Tourism,2349.89000000001
2025-07-14,121.43,175.07,296.51,-53.64,29.49,MINT,Tourism,2296.25000000001
2025-07-15,158.21,104.96,263.17,53.25,21.38,MINT,Tourism,2349.50000000001
2025-07-16,201.21,351.48,552.69,-150.27,33.78,MINT,Tourism,2199.23000000001
2025-07-17,293.63,279.34,572.97,14.29,30.9,MINT,Tourism,2213.52000000001
2025-07-18,290.18,113.12,403.3,177.05,19.02,MINT,Tourism,2390.57000000001
2025-07-21,203.22,203.6,406.82,-0.39,16.43,MINT,Tourism,2390.1800000000103
2025-07-22,58.77,128.32,187.08,-69.55,25.56,MINT,Tourism,2320.63000000001
2025-07-23,213.17,79.79,292.96,133.37,21.12,MINT,Tourism,2454.00000000001
2025-07-24,136.3,146.64,282.94,-10.34,20.7,MINT,Tourism,2443.66000000001
2025-07-25,44.09,94.24,138.34,-50.15,26.5,MINT,Tourism,2393.5100000000098
2025-07-29,50.0,97.13,147.14,-47.13,27.08,MINT,Tourism,2346.3800000000097
2025-07-30,69.76,62.28,132.04,7.48,22.74,MINT,Tourism,2353.8600000000097
2025-07-31,90.52,125.46,215.98,-34.94,19.73,MINT,Tourism,2318.9200000000096
2025-08-01,111.83,171.66,283.49,-59.83,17.41,MINT,Tourism,2259.0900000000097
2025-08-04,46.25,158.9,205.15,-112.65,20.44,MINT,Tourism,2146.4400000000096
2025-08-05,84.15,99.41,183.56,-15.26,19.05,MINT,Tourism,2131.1800000000094
2025-08-06,97.86,145.57,243.43,-47.71,13.72,MINT,Tourism,2083.4700000000093
2025-08-07,156.87,112.14,269.01,44.73,20.63,MINT,Tourism,2128.2000000000094
2025-08-08,52.78,106.82,159.59,-54.04,24.2,MINT,Tourism,2074.1600000000094
2025-08-13,95.02,92.56,187.58,2.46,24.48,MINT,Tourism,2076.6200000000094
2025-08-14,87.6,71.13,158.73,16.47,29.91,MINT,Tourism,2093.0900000000092
2025-08-15,41.25,55.19,96.44,-13.95,25.47,MINT,Tourism,2079.1400000000094
2025-08-18,78.1,55.38,133.48,22.73,27.73,MINT,Tourism,2101.8700000000094
2025-08-19,46.07,33.32,79.38,12.75,30.95,MINT,Tourism,2114.6200000000094
2025-08-20,101.06,32.15,133.21,68.91,16.38,MINT,Tourism,2183.5300000000093
2025-08-21,55.44,93.09,148.53,-37.65,21.64,MINT,Tourism,2145.880000000009
2025-08-22,55.88,29.08,84.95,26.8,20.34,MINT,Tourism,2172.6800000000094
2025-08-25,148.21,67.87,216.08,80.34,21.43,MINT,Tourism,2253.0200000000095
2025-08-26,73.09,169.93,243.02,-96.84,23.21,MINT,Tourism,2156.1800000000094
2025-08-27,85.75,82.24,167.99,3.51,25.57,MINT,Tourism,2159.6900000000096
2025-08-28,115.78,79.21,194.99,36.58,35.62,MINT,Tourism,2196.2700000000095
2025-08-29,101.56,316.49,418.05,-214.93,35.23,MINT,Tourism,1981.3400000000095
2025-09-01,76.24,57.69,133.92,18.55,33.35,MINT,Tourism,1999.8900000000094
2025-09-02,46.62,95.97,142.59,-49.35,31.99,MINT,Tourism,1950.5400000000095
2025-09-03,91.69,62.35,154.04,29.34,26.89,MINT,Tourism,1979.8800000000094
2025-09-04,170.75,114.32,285.07,56.42,29.82,MINT,Tourism,2036.3000000000095
2025-09-05,99.83,103.49,203.32,-3.66,28.72,MINT,Tourism,2032.6400000000094
2025-09-08,80.9,43.96,124.86,36.94,24.78,MINT,Tourism,2069.5800000000095
2025-09-09,117.65,128.28,245.93,-10.63,24.74,MINT,Tourism,2058.9500000000094
2025-09-10,72.01,109.09,181.1,-37.08,25.29,MINT,Tourism,2021.8700000000094
2025-09-11,95.81,113.25,209.06,-17.44,19.61,MINT,Tourism,2004.4300000000094
2025-09-12,149.96,113.54,263.5,36.42,20.65,MINT,Tourism,2040.8500000000095
2025-09-15,116.92,95.47,212.39,21.44,26.64,MINT,Tourism,2062.2900000000095
2025-09-16,310.78,115.89,426.67,194.9,22.23,MINT,Tourism,2257.1900000000096
2025-09-17,150.11,188.6,338.71,-38.49,18.06,MINT,Tourism,2218.70000000001
2025-09-18,95.49,163.02,258.51,-67.52,17.69,MINT,Tourism,2151.18000000001
2025-09-19,139.81,179.29,319.11,-39.48,33.51,MINT,Tourism,2111.70000000001
2025-09-22,37.17,169.31,206.48,-132.15,19.68,MINT,Tourism,1979.5500000000097
2025-09-23,249.58,106.18,355.76,143.41,28.96,MINT,Tourism,2122.9600000000096
2025-09-24,26.79,134.6,161.39,-107.82,17.89,MINT,Tourism,2015.1400000000096
2025-09-25,50.01,52.0,102.01,-1.98,21.28,MINT,Tourism,2013.1600000000096
2025-09-26,36.66,78.99,115.65,-42.33,20.13,MINT,Tourism,1970.8300000000097
2025-09-29,54.89,106.75,161.65,-51.86,28.56,MINT,Tourism,1918.9700000000098
2025-09-30,34.63,167.24,201.87,-132.61,21.47,MINT,Tourism,1786.3600000000097
2025-10-01,75.47,85.13,160.6,-9.65,36.65,MINT,Tourism,1776.7100000000096
2025-10-02,71.16,78.54,149.7,-7.39,27.79,MINT,Tourism,1769.3200000000095
2025-10-03,14.63,71.58,86.21,-56.95,21.54,MINT,Tourism,1712.3700000000094
2025-10-06,29.36,83.52,112.88,-54.16,21.04,MINT,Tourism,1658.2100000000094
2025-10-07,42.33,77.51,119.84,-35.18,23.57,MINT,Tourism,1623.0300000000093
2025-10-08,37.05,40.78,77.83,-3.73,20.37,MINT,Tourism,1619.3000000000093
2025-10-09,32.96,92.42,125.38,-59.47,33.54,MINT,Tourism,1559.8300000000092
2025-10-10,24.5,99.77,124.27,-75.28,24.34,MINT,Tourism,1484.5500000000093
2025-10-14,35.28,115.69,150.97,-80.41,18.02,MINT,Tourism,1404.1400000000092
2025-10-15,46.17,79.95,126.12,-33.79,24.92,MINT,Tourism,1370.3500000000092
2025-10-16,81.75,57.76,139.51,24.0,31.85,MINT,Tourism,1394.3500000000092
2025-10-17,32.99,53.21,86.2,-20.22,25.57,MINT,Tourism,1374.1300000000092
2025-10-20,43.79,31.09,74.88,12.7,25.89,MINT,Tourism,1386.8300000000092
2025-10-21,19.43,27.03,46.45,-7.6,19.13,MINT,Tourism,1379.2300000000093
2025-10-22,56.34,50.17,106.51,6.17,27.8,MINT,Tourism,1385.4000000000094
2025-10-24,27.02,36.25,63.26,-9.23,35.41,MINT,Tourism,1376.1700000000094
2025-10-27,145.99,88.07,234.06,57.92,34.55,MINT,Tourism,1434.0900000000095
2025-10-28,78.32,24.31,102.63,54.01,32.18,MINT,Tourism,1488.1000000000095
2025-10-29,62.55,55.5,118.05,7.05,38.4,MINT,Tourism,1495.1500000000094
2025-10-30,67.47,42.78,110.25,24.68,27.13,MINT,Tourism,1519.8300000000095
2025-10-31,91.13,59.07,150.2,32.06,31.41,MINT,Tourism,1551.8900000000094
2025-11-03,54.4,40.96,95.36,13.43,20.8,MINT,Tourism,1565.3200000000095
2025-11-04,57.5,79.02,136.52,-21.53,30.68,MINT,Tourism,1543.7900000000095
2025-11-05,43.18,34.83,78.01,8.35,42.05,MINT,Tourism,1552.1400000000094
2025-11-06,316.95,238.06,555.01,78.89,23.93,MINT,Tourism,1631.0300000000095
2025-11-07,247.76,102.9,350.66,144.86,30.92,MINT,Tourism,1775.8900000000094
2025-11-10,89.68,67.66,157.34,22.02,29.94,MINT,Tourism,1797.9100000000094
2025-11-11,195.32,139.55,334.88,55.77,30.81,MINT,Tourism,1853.6800000000094
2025-11-12,46.78,106.55,153.33,-59.77,32.89,MINT,Tourism,1793.9100000000094
2025-11-13,80.89,125.86,206.75,-44.98,30.59,MINT,Tourism,1748.9300000000094
2025-11-14,69.89,194.16,264.05,-124.27,35.11,MINT,Tourism,1624.6600000000094
2025-11-17,85.57,155.27,240.84,-69.7,34.7,MINT,Tourism,1554.9600000000094
2025-11-18,75.14,98.22,173.36,-23.08,24.31,MINT,Tourism,1531.8800000000094
2025-11-19,88.6,84.46,173.06,4.14,32.85,MINT,Tourism,1536.0200000000095
2025-11-20,82.45,118.02,200.46,-35.57,25.35,MINT,Tourism,1500.4500000000096
2025-11-21,293.1,207.26,500.36,85.84,33.14,MINT,Tourism,1586.2900000000095
2025-11-24,583.58,323.52,907.1,260.06,34.55,MINT,Tourism,1846.3500000000095
2025-11-25,118.06,154.77,272.83,-36.71,25.67,MINT,Tourism,1809.6400000000094
2025-11-26,51.19,90.9,142.08,-39.71,19.11,MINT,Tourism,1769.9300000000094
2025-11-27,94.17,132.79,226.96,-38.61,24.93,MINT,Tourism,1731.3200000000095
2025-11-28,269.65,309.31,578.96,-39.66,36.02,MINT,Tourism,1691.6600000000094
2025-12-01,150.75,243.75,394.49,-93.0,26.23,MINT,Tourism,1598.6600000000094
2025-12-02,201.78,184.77,386.55,17.02,28.68,MINT,Tourism,1615.6800000000094
2025-12-03,172.69,151.88,324.58,20.81,31.8,MINT,Tourism,1636.4900000000093
2025-12-04,70.57,138.2,208.78,-67.63,22.48,MINT,Tourism,1568.8600000000092
2025-12-08,560.03,527.67,1087.7,32.36,30.9,MINT,Tourism,1601.2200000000091
2025-12-09,166.68,421.56,588.25,-254.88,28.48,MINT,Tourism,1346.3400000000092
2025-12-11,182.09,218.57,400.66,-36.48,26.68,MINT,Tourism,1309.8600000000092
2025-12-12,121.37,170.58,291.95,-49.21,19.65,MINT,Tourism,1260.6500000000092
2025-12-15,148.65,71.12,219.76,77.53,26.28,MINT,Tourism,1338.1800000000092
2025-12-16,283.66,143.76,427.43,139.9,34.78,MINT,Tourism,1478.0800000000092
2025-12-17,127.04,77.86,204.9,49.18,36.67,MINT,Tourism,1527.2600000000093
2025-12-18,239.24,99.76,339.0,139.48,28.76,MINT,Tourism,1666.7400000000093
2025-12-19,194.92,72.95,267.86,121.97,33.52,MINT,Tourism,1788.7100000000094
2025-12-22,172.12,101.32,273.43,70.8,33.66,MINT,Tourism,1859.5100000000093
2025-12-23,120.88,106.61,227.49,14.27,28.56,MINT,Tourism,1873.7800000000093
2025-12-24,113.83,125.86,239.68,-12.03,20.24,MINT,Tourism,1861.7500000000093
2025-12-25,75.82,51.42,127.23,24.4,27.25,MINT,Tourism,1886.1500000000094
2025-12-26,37.86,50.47,88.32,-12.61,36.12,MINT,Tourism,1873.5400000000095
2025-12-29,88.1,102.46,190.55,-14.36,31.4,MINT,Tourism,1859.1800000000096
2025-12-30,60.59,83.17,143.77,-22.58,39.85,MINT,Tourism,1836.6000000000097
2026-01-05,167.22,92.34,259.56,74.88,38.37,MINT,Tourism,1911.4800000000096
2026-01-06,107.52,61.52,169.04,46.0,31.11,MINT,Tourism,1957.4800000000096
2026-01-07,226.09,81.62,307.71,144.47,39.11,MINT,Tourism,2101.9500000000094
2026-01-08,169.4,80.53,249.92,88.87,38.03,MINT,Tourism,2190.8200000000093
2026-01-09,75.42,57.47,132.88,17.95,35.05,MINT,Tourism,2208.770000000009
2026-01-12,170.57,117.83,288.4,52.74,36.53,MINT,Tourism,2261.510000000009
2026-01-13,177.72,95.99,273.71,81.72,36.2,MINT,Tourism,2343.2300000000087
2026-01-14,308.65,82.76,391.41,225.89,30.46,MINT,Tourism,2569.1200000000085
2026-01-15,532.19,143.51,675.7,388.68,29.0,MINT,Tourism,2957.8000000000084
2026-01-16,333.14,176.89,510.03,156.25,25.26,MINT,Tourism,3114.0500000000084
2026-01-19,155.7,157.88,313.58,-2.17,29.31,MINT,Tourism,3111.8800000000083
2026-01-20,163.23,211.16,374.38,-47.93,23.34,MINT,Tourism,3063.9500000000085
2026-01-21,154.99,222.29,377.28,-67.3,34.96,MINT,Tourism,2996.6500000000083
2026-01-22,150.49,201.85,352.33,-51.36,32.01,MINT,Tourism,2945.290000000008
2026-01-23,177.54,168.96,346.5,8.58,34.82,MINT,Tourism,2953.870000000008
2026-01-26,140.12,122.51,262.62,17.61,44.67,MINT,Tourism,2971.480000000008
2026-01-27,168.21,152.95,321.16,15.25,32.03,MINT,Tourism,2986.730000000008
2026-01-28,105.13,103.82,208.95,1.3,36.28,MINT,Tourism,2988.0300000000084
2026-01-29,88.48,103.83,192.31,-15.35,27.33,MINT,Tourism,2972.6800000000085
2026-01-30,134.52,131.38,265.9,3.13,35.65,MINT,Tourism,2975.8100000000086
2026-02-02,297.15,165.06,462.21,132.09,25.85,MINT,Tourism,3107.9000000000087
2026-02-03,555.3,222.06,777.36,333.24,29.27,MINT,Tourism,3441.1400000000085
2026-02-04,132.05,49.89,181.94,82.15,20.74,MINT,Tourism,3523.2900000000086
2026-02-05,218.02,105.53,323.55,112.5,31.62,MINT,Tourism,3635.7900000000086
2026-02-06,172.5,149.12,321.62,23.38,32.1,MINT,Tourism,3659.1700000000087
2026-02-09,203.74,222.18,425.93,-18.44,37.52,MINT,Tourism,3640.7300000000087
2026-02-10,106.53,127.16,233.69,-20.63,28.4,MINT,Tourism,3620.1000000000085
2026-02-11,167.57,204.51,372.08,-36.95,27.15,MINT,Tourism,3583.1500000000087
2026-02-12,167.8,192.8,360.6,-25.0,34.99,MINT,Tourism,3558.1500000000087
2026-02-13,148.41,200.77,349.17,-52.36,34.63,MINT,Tourism,3505.7900000000086
2026-02-16,179.63,212.58,392.21,-32.96,35.65,MINT,Tourism,3472.8300000000086
2026-02-17,86.93,146.36,233.29,-59.43,22.88,MINT,Tourism,3413.4000000000087
2026-02-18,121.57,123.15,244.72,-1.59,41.13,MINT,Tourism,3411.8100000000086
2026-02-19,74.77,79.39,154.16,-4.62,25.44,MINT,Tourism,3407.1900000000087
2026-02-20,210.69,121.92,332.61,88.77,31.23,MINT,Tourism,3495.9600000000087
2026-02-23,177.04,129.41,306.44,47.63,37.16,MINT,Tourism,3543.590000000009
2026-02-24,170.2,117.71,287.91,52.49,30.37,MINT,Tourism,3596.0800000000086
2026-02-25,213.67,176.83,390.5,36.84,40.15,MINT,Tourism,3632.9200000000087
2026-02-26,100.15,94.61,194.75,5.54,37.05,MINT,Tourism,3638.4600000000087
2026-02-27,228.84,277.84,506.69,-49.0,29.33,MINT,Tourism,3589.4600000000087
2026-03-02,502.4,604.14,1106.54,-101.74,28.22,MINT,Tourism,3487.720000000009
2026-03-04,716.64,746.46,1463.11,-29.82,31.83,MINT,Tourism,3457.9000000000087
2026-03-05,292.8,641.52,934.32,-348.71,37.5,MINT,Tourism,3109.1900000000087
2026-03-06,141.0,270.45,411.45,-129.45,29.57,MINT,Tourism,2979.740000000009
2026-03-09,289.62,296.13,585.75,-6.51,31.31,MINT,Tourism,2973.2300000000087
2026-03-10,165.5,399.43,564.93,-233.93,34.29,MINT,Tourism,2739.300000000009
2026-03-11,142.55,387.03,529.58,-244.49,28.36,MINT,Tourism,2494.8100000000086
2026-03-12,222.64,534.05,756.7,-311.41,33.19,MINT,Tourism,2183.4000000000087
2026-03-13,212.19,237.17,449.36,-24.98,40.32,MINT,Tourism,2158.4200000000087
2026-03-16,257.35,440.41,697.76,-183.06,33.95,MINT,Tourism,1975.3600000000088
2026-03-17,83.38,373.14,456.52,-289.76,42.27,MINT,Tourism,1685.6000000000088
2026-03-18,50.48,176.59,227.07,-126.11,25.11,MINT,Tourism,1559.4900000000089
2026-03-19,161.31,221.65,382.96,-60.34,30.95,MINT,Tourism,1499.150000000009
2026-03-20,195.75,382.01,577.76,-186.26,43.21,MINT,Tourism,1312.890000000009
2026-03-23,107.31,259.38,366.68,-152.07,30.33,MINT,Tourism,1160.820000000009
2026-03-24,198.04,241.16,439.2,-43.12,33.53,MINT,Tourism,1117.7000000000091
2026-03-25,110.85,183.38,294.23,-72.52,27.37,MINT,Tourism,1045.1800000000092
2026-03-26,97.54,179.39,276.93,-81.84,23.17,MINT,Tourism,963.3400000000091
2026-03-27,150.56,205.71,356.27,-55.14,36.39,MINT,Tourism,908.2000000000091
2026-03-30,153.28,182.03,335.31,-28.75,28.46,MINT,Tourism,879.4500000000091
2026-03-31,245.75,326.73,572.47,-80.98,41.33,MINT,Tourism,798.4700000000091
2026-04-01,210.56,169.23,379.79,41.33,27.0,MINT,Tourism,839.8000000000092
2026-04-02,190.64,156.04,346.68,34.6,30.44,MINT,Tourism,874.4000000000092
2026-04-03,103.69,130.43,234.12,-26.74,30.43,MINT,Tourism,847.6600000000092
2026-04-07,227.84,82.8,310.64,145.04,27.56,MINT,Tourism,992.7000000000091
2026-04-08,279.79,137.92,417.72,141.87,27.73,MINT,Tourism,1134.5700000000093
2026-04-09,119.96,231.81,351.78,-111.85,39.96,MINT,Tourism,1022.7200000000092
2026-04-10,53.91,49.84,103.75,4.08,40.54,MINT,Tourism,1026.8000000000093
2026-04-16,303.71,194.36,498.06,109.35,36.21,MINT,Tourism,1136.1500000000092
2026-04-17,104.58,124.57,229.15,-19.98,33.26,MINT,Tourism,1116.1700000000092
2026-04-20,99.02,135.34,234.36,-36.32,43.95,MINT,Tourism,1079.8500000000092
2026-04-21,128.02,254.59,382.61,-126.57,37.77,MINT,Tourism,953.2800000000093
2026-04-22,36.45,99.15,135.6,-62.7,32.36,MINT,Tourism,890.5800000000092
2026-04-23,81.93,223.38,305.31,-141.45,34.12,MINT,Tourism,749.1300000000092
2026-04-24,75.93,149.52,225.45,-73.59,42.46,MINT,Tourism,675.5400000000092
2026-04-27,48.49,85.25,133.74,-36.76,40.49,MINT,Tourism,638.7800000000092
2026-04-28,272.25,469.27,741.52,-197.02,25.34,MINT,Tourism,441.7600000000092
2026-04-29,136.89,175.76,312.65,-38.88,29.18,MINT,Tourism,402.8800000000092
2026-04-30,74.14,136.96,211.1,-62.83,20.01,MINT,Tourism,340.0500000000092
2026-05-05,52.17,85.52,137.68,-33.35,23.6,MINT,Tourism,306.7000000000092
2026-05-06,254.52,345.04,599.56,-90.52,27.04,MINT,Tourism,216.18000000000922
2026-05-07,276.81,210.1,486.91,66.72,20.18,MINT,Tourism,282.9000000000092
2026-05-08,123.27,196.74,320.01,-73.47,28.12,MINT,Tourism,209.4300000000092
2026-05-11,52.8,136.73,189.53,-83.93,28.12,MINT,Tourism,125.50000000000918
2026-05-12,487.86,389.29,877.15,98.58,19.1,MINT,Tourism,224.0800000000092
2026-05-13,188.9,407.16,596.07,-218.26,26.22,MINT,Tourism,5.820000000009202
2026-05-14,261.03,376.09,637.12,-115.06,27.52,MINT,Tourism,-109.2399999999908
2026-05-15,73.1,144.14,217.24,-71.04,24.52,MINT,Tourism,-180.27999999999082
2026-05-18,65.19,147.55,212.74,-82.36,24.93,MINT,Tourism,-262.63999999999083
2026-05-19,215.02,197.35,412.37,17.67,31.14,MINT,Tourism,-244.96999999999082
2026-05-20,195.49,226.37,421.86,-30.88,27.89,MINT,Tourism,-275.8499999999908
2026-05-21,241.99,224.2,466.19,17.79,23.99,MINT,Tourism,-258.0599999999908
2026-05-22,58.14,111.08,169.22,-52.94,25.83,MINT,Tourism,-310.9999999999908
2026-05-25,173.53,235.15,408.68,-61.62,19.59,MINT,Tourism,-372.6199999999908
2026-05-26,142.6,188.51,331.11,-45.92,28.26,MINT,Tourism,-418.5399999999908
2026-05-27,107.51,167.54,275.05,-60.04,23.51,MINT,Tourism,-478.57999999999083
2026-05-28,162.03,153.6,315.63,8.43,26.17,MINT,Tourism,-470.1499999999908
2026-05-29,593.0,393.68,986.69,199.32,39.62,MINT,Tourism,-270.82999999999083
2026-06-02,356.37,512.08,868.45,-155.71,41.06,MINT,Tourism,-426.53999999999087
2026-06-04,137.49,229.61,367.1,-92.11,22.37,MINT,Tourism,-518.6499999999909
2026-06-05,708.56,612.92,1321.48,95.64,30.8,MINT,Tourism,-423.0099999999909
2026-06-08,239.14,333.39,572.54,-94.25,28.23,MINT,Tourism,-517.2599999999909
2026-06-09,495.9,401.86,897.76,94.04,36.51,MINT,Tourism,-423.2199999999909
2026-06-10,113.0,175.1,288.09,-62.1,31.03,MINT,Tourism,-485.3199999999909
2026-06-11,62.13,164.88,227.02,-102.75,31.02,MINT,Tourism,-588.0699999999908
2026-06-12,328.29,240.17,568.45,88.12,34.35,MINT,Tourism,-499.94999999999084
2026-06-15,888.99,693.88,1582.87,195.11,26.39,MINT,Tourism,-304.8399999999908
2026-06-16,456.08,323.67,779.76,132.41,22.92,MINT,Tourism,-172.42999999999083
2026-06-17,298.97,267.42,566.39,31.54,30.34,MINT,Tourism,-140.88999999999083
2026-06-18,163.16,142.65,305.8,20.51,30.6,MINT,Tourism,-120.37999999999083
2026-06-19,688.8,689.9,1378.71,-1.1,31.89,MINT,Tourism,-121.47999999999082
2026-06-22,277.75,225.4,503.16,52.35,31.48,MINT,Tourism,-69.12999999999082
2026-06-23,196.89,170.67,367.57,26.22,37.38,MINT,Tourism,-42.909999999990816
2026-06-24,197.17,268.76,465.93,-71.6,25.4,MINT,Tourism,-114.50999999999081
2026-06-25,409.18,246.94,656.12,162.24,31.22,MINT,Tourism,47.7300000000092
2026-06-26,198.54,219.69,418.22,-21.15,33.4,MINT,Tourism,26.5800000000092
2026-06-29,106.04,239.31,345.35,-133.27,34.66,MINT,Tourism,-106.68999999999082
2026-06-30,367.47,227.1,594.58,140.37,27.63,MINT,Tourism,33.68000000000919
2026-07-01,273.11,277.71,550.82,-4.6,28.97,MINT,Tourism,29.080000000009186
2026-07-02,207.99,198.67,406.66,9.32,31.99,MINT,Tourism,38.400000000009186
2026-07-03,372.63,197.68,570.31,174.95,27.69,MINT,Tourism,213.35000000000917
2026-07-06,166.54,131.56,298.1,34.98,24.14,MINT,Tourism,248.33000000000916
2026-07-07,161.24,132.02,293.26,29.23,24.43,MINT,Tourism,277.56000000000915
2026-07-08,516.29,249.73,766.01,266.56,27.07,MINT,Tourism,544.1200000000092
2026-07-09,149.09,176.47,325.56,-27.38,26.26,MINT,Tourism,516.7400000000092
2026-07-10,174.12,199.02,373.15,-24.9,22.54,MINT,Tourism,491.84000000000924
2026-07-13,270.51,151.19,421.71,119.32,33.84,MINT,Tourism,611.1600000000092
2026-07-14,206.87,169.74,376.62,37.13,29.89,MINT,Tourism,648.2900000000092
2026-07-15,63.54,165.4,228.94,-101.85,29.0,MINT,Tourism,546.4400000000091
2026-07-16,256.08,265.41,521.49,-9.33,25.8,MINT,Tourism,537.1100000000091
2026-07-17,130.04,186.88,316.92,-56.84,33.87,MINT,Tourism,480.2700000000091
2026-07-20,199.01,242.57,441.58,-43.55,28.7,MINT,Tourism,436.72000000000907
2026-07-21,140.74,224.44,365.18,-83.71,34.41,MINT,Tourism,353.0100000000091
2026-07-22,138.38,175.51,313.9,-37.13,25.86,MINT,Tourism,315.8800000000091
2026-07-23,361.32,376.41,737.74,-15.09,17.28,MINT,Tourism,300.7900000000091
2026-07-24,329.07,325.12,654.19,3.95,25.3,MINT,Tourism,304.7400000000091
2026-07-27,813.45,288.42,1101.86,525.03,30.81,MINT,Tourism,829.7700000000091
2026-07-30,373.96,303.93,677.89,70.03,43.9,MINT,Tourism,899.800000000009
2026-07-31,477.62,437.61,915.23,40.01,34.17,MINT,Tourism,939.810000000009
2026-08-03,349.51,255.5,605.01,94.01,23.6,MINT,Tourism,1033.820000000009
2026-08-04,212.44,287.51,499.95,-75.06,41.8,MINT,Tourism,958.7600000000091
2026-08-05,144.23,201.08,345.31,-56.85,22.12,MINT,Tourism,901.9100000000091
2026-08-06,70.8,154.29,225.09,-83.49,32.32,MINT,Tourism,818.420000000009
2026-08-07,103.5,135.62,239.13,-32.12,31.94,MINT,Tourism,786.300000000009
2026-08-10,132.81,131.07,263.89,1.74,26.18,MINT,Tourism,788.0400000000091
2026-08-11,225.11,287.04,512.15,-61.92,39.7,MINT,Tourism,726.1200000000091
2026-08-13,265.77,177.89,443.66,87.88,37.28,MINT,Tourism,814.0000000000091
2026-08-14,135.83,197.33,333.16,-61.5,34.69,MINT,Tourism,752.5000000000091
2026-08-17,105.86,98.98,204.84,6.89,32.87,MINT,Tourism,759.3900000000091
2026-08-18,141.25,206.83,348.08,-65.58,20.2,MINT,Tourism,693.810000000009
2026-08-19,51.08,117.44,168.53,-66.36,21.2,MINT,Tourism,627.450000000009
2026-08-20,125.59,92.73,218.32,32.87,23.41,MINT,Tourism,660.320000000009
2026-08-21,171.58,97.97,269.55,73.62,27.19,MINT,Tourism,733.940000000009
2026-08-24,101.24,109.24,210.49,-8.0,22.18,MINT,Tourism,725.940000000009
2026-08-25,222.68,158.57,381.25,64.11,31.16,MINT,Tourism,790.050000000009
2026-08-26,73.33,91.97,165.3,-18.64,27.56,MINT,Tourism,771.4100000000091
2026-08-27,78.27,116.48,194.75,-38.21,25.56,MINT,Tourism,733.200000000009
