date,buy_mb,sell_mb,buy_sell_mb,net_mb,nvdr_pct,symbol,sector,cumulative_net_mb
2020-01-02,1.81,23.62,25.43,-21.81,17.5,PLANB,Media,-21.81
2020-01-03,10.65,21.0,31.65,-10.34,12.82,PLANB,Media,-32.15
2020-01-06,9.55,17.17,26.71,-7.62,16.75,PLANB,Media,-39.769999999999996
2020-01-07,38.95,30.02,68.96,8.93,20.4,PLANB,Media,-30.839999999999996
2020-01-08,24.52,11.75,36.28,12.77,24.96,PLANB,Media,-18.069999999999997
2020-01-09,14.2,37.54,51.73,-23.34,22.84,PLANB,Media,-41.41
2020-01-10,3.58,13.94,17.52,-10.35,23.41,PLANB,Media,-51.76
2020-01-13,15.16,48.84,64.0,-33.68,19.31,PLANB,Media,-85.44
2020-01-14,22.7,56.53,79.23,-33.83,23.06,PLANB,Media,-119.27
2020-01-15,44.98,76.19,121.17,-31.2,18.15,PLANB,Media,-150.47
2020-01-16,32.99,29.84,62.82,3.15,21.75,PLANB,Media,-147.32
2020-01-17,14.34,23.79,38.13,-9.44,16.17,PLANB,Media,-156.76
2020-01-20,7.02,6.44,13.46,0.57,24.83,PLANB,Media,-156.19
2020-01-21,29.08,6.26,35.33,22.82,14.24,PLANB,Media,-133.37
2020-01-22,20.97,9.08,30.05,11.89,13.88,PLANB,Media,-121.48
2020-01-23,14.96,6.2,21.16,8.75,16.04,PLANB,Media,-112.73
2020-01-24,7.5,1.61,9.11,5.89,16.5,PLANB,Media,-106.84
2020-01-27,10.49,15.31,25.8,-4.82,14.18,PLANB,Media,-111.66
2020-01-28,16.55,6.46,23.01,10.08,15.53,PLANB,Media,-101.58
2020-01-29,40.16,16.15,56.3,24.01,10.02,PLANB,Media,-77.57
2020-01-30,120.13,52.31,172.45,67.82,8.8,PLANB,Media,-9.75
2020-01-31,53.63,57.84,111.48,-4.21,10.54,PLANB,Media,-13.96
2020-02-03,9.01,9.57,18.58,-0.55,6.76,PLANB,Media,-14.510000000000002
2020-02-04,22.57,23.01,45.58,-0.44,13.38,PLANB,Media,-14.950000000000001
2020-02-05,29.2,36.65,65.85,-7.46,19.97,PLANB,Media,-22.41
2020-02-06,14.0,33.92,47.92,-19.93,15.88,PLANB,Media,-42.34
2020-02-07,57.02,46.23,103.26,10.79,13.23,PLANB,Media,-31.550000000000004
2020-02-11,34.26,153.79,188.05,-119.53,21.13,PLANB,Media,-151.08
2020-02-12,27.9,123.02,150.92,-95.12,15.34,PLANB,Media,-246.20000000000002
2020-02-13,78.15,82.12,160.27,-3.98,29.39,PLANB,Media,-250.18
2020-02-14,62.62,32.3,94.91,30.32,33.94,PLANB,Media,-219.86
2020-02-17,66.64,9.95,76.59,56.7,40.45,PLANB,Media,-163.16000000000003
2020-02-18,92.19,28.31,120.5,63.88,28.18,PLANB,Media,-99.28000000000003
2020-02-19,114.63,16.87,131.5,97.76,25.46,PLANB,Media,-1.5200000000000244
2020-02-20,73.67,7.05,80.72,66.61,20.47,PLANB,Media,65.08999999999997
2020-02-21,33.86,15.15,49.01,18.71,14.56,PLANB,Media,83.79999999999998
2020-02-24,37.42,12.5,49.93,24.92,23.71,PLANB,Media,108.71999999999998
2020-02-25,60.85,23.82,84.67,37.04,25.01,PLANB,Media,145.76
2020-02-26,52.59,15.63,68.22,36.97,23.55,PLANB,Media,182.73
2020-02-27,35.97,19.36,55.33,16.61,21.08,PLANB,Media,199.33999999999997
2020-02-28,15.11,22.59,37.7,-7.48,17.67,PLANB,Media,191.85999999999999
2020-03-02,16.88,54.17,71.04,-37.29,24.91,PLANB,Media,154.57
2020-03-03,35.92,51.6,87.52,-15.69,19.15,PLANB,Media,138.88
2020-03-04,58.98,64.76,123.74,-5.77,25.64,PLANB,Media,133.10999999999999
2020-03-05,110.75,73.87,184.62,36.88,27.86,PLANB,Media,169.98999999999998
2020-03-06,28.92,47.1,76.02,-18.17,22.89,PLANB,Media,151.82
2020-03-09,68.69,24.72,93.41,43.97,19.39,PLANB,Media,195.79
2020-03-10,17.36,22.32,39.69,-4.96,22.31,PLANB,Media,190.82999999999998
2020-03-11,23.18,23.63,46.81,-0.45,23.71,PLANB,Media,190.38
2020-03-12,61.98,34.6,96.58,27.37,20.82,PLANB,Media,217.75
2020-03-13,20.24,31.82,52.06,-11.58,18.85,PLANB,Media,206.17
2020-03-16,22.98,10.73,33.71,12.25,26.28,PLANB,Media,218.42
2020-03-17,31.51,24.07,55.58,7.44,25.02,PLANB,Media,225.85999999999999
2020-03-18,42.21,19.22,61.43,23.0,30.3,PLANB,Media,248.85999999999999
2020-03-19,13.38,19.07,32.45,-5.69,24.32,PLANB,Media,243.17
2020-03-20,27.5,42.35,69.85,-14.85,15.17,PLANB,Media,228.32
2020-03-23,8.18,15.08,23.26,-6.9,13.24,PLANB,Media,221.42
2020-03-24,22.51,24.59,47.1,-2.09,22.43,PLANB,Media,219.32999999999998
2020-03-25,35.65,56.88,92.53,-21.23,28.21,PLANB,Media,198.1
2020-03-26,34.93,42.94,77.86,-8.01,31.9,PLANB,Media,190.09
2020-03-27,23.74,56.25,79.99,-32.51,19.76,PLANB,Media,157.58
2020-03-30,14.19,38.09,52.28,-23.9,25.53,PLANB,Media,133.68
2020-03-31,31.75,42.23,73.97,-10.48,17.79,PLANB,Media,123.2
2020-04-01,12.33,35.19,47.52,-22.86,18.51,PLANB,Media,100.34
2020-04-02,23.06,11.53,34.59,11.53,24.13,PLANB,Media,111.87
2020-04-03,5.84,12.66,18.5,-6.82,16.74,PLANB,Media,105.05000000000001
2020-04-07,32.95,9.9,42.84,23.05,13.22,PLANB,Media,128.10000000000002
2020-04-08,25.26,60.74,86.0,-35.48,21.9,PLANB,Media,92.62000000000003
2020-04-09,22.53,58.67,81.19,-36.14,15.55,PLANB,Media,56.48000000000003
2020-04-10,19.37,19.64,39.0,-0.27,20.59,PLANB,Media,56.21000000000003
2020-04-13,21.75,25.93,47.68,-4.19,11.75,PLANB,Media,52.02000000000003
2020-04-14,36.32,53.73,90.05,-17.41,15.05,PLANB,Media,34.61000000000003
2020-04-15,15.83,19.32,35.15,-3.5,10.75,PLANB,Media,31.110000000000028
2020-04-16,26.11,21.75,47.86,4.36,13.74,PLANB,Media,35.47000000000003
2020-04-17,10.86,16.51,27.37,-5.65,10.87,PLANB,Media,29.82000000000003
2020-04-20,35.96,34.79,70.75,1.17,11.44,PLANB,Media,30.99000000000003
2020-04-21,18.25,27.25,45.49,-9.0,14.11,PLANB,Media,21.99000000000003
2020-04-22,16.4,28.51,44.91,-12.11,10.46,PLANB,Media,9.880000000000031
2020-04-23,80.3,57.11,137.4,23.19,12.88,PLANB,Media,33.070000000000036
2020-04-24,39.33,73.69,113.01,-34.36,12.19,PLANB,Media,-1.2899999999999636
2020-04-27,14.85,32.68,47.53,-17.83,17.9,PLANB,Media,-19.119999999999962
2020-04-28,25.82,28.35,54.17,-2.54,12.98,PLANB,Media,-21.65999999999996
2020-04-29,61.03,21.19,82.22,39.84,15.82,PLANB,Media,18.180000000000042
2020-04-30,78.05,73.38,151.43,4.67,15.85,PLANB,Media,22.850000000000044
2020-05-05,34.31,44.77,79.08,-10.46,14.4,PLANB,Media,12.390000000000043
2020-05-07,37.47,56.64,94.11,-19.17,13.35,PLANB,Media,-6.7799999999999585
2020-05-08,101.16,94.86,196.02,6.29,19.56,PLANB,Media,-0.48999999999995847
2020-05-11,40.7,91.3,132.0,-50.6,14.02,PLANB,Media,-51.08999999999996
2020-05-12,20.45,34.77,55.23,-14.32,11.67,PLANB,Media,-65.40999999999997
2020-05-13,14.49,30.06,44.55,-15.57,12.96,PLANB,Media,-80.97999999999996
2020-05-14,49.74,35.81,85.56,13.93,15.59,PLANB,Media,-67.04999999999995
2020-05-15,4.39,12.44,16.83,-8.04,11.94,PLANB,Media,-75.08999999999995
2020-05-18,8.9,19.96,28.86,-11.06,21.47,PLANB,Media,-86.14999999999995
2020-05-19,39.41,51.48,90.89,-12.07,17.38,PLANB,Media,-98.21999999999994
2020-05-20,13.41,5.56,18.97,7.85,16.44,PLANB,Media,-90.36999999999995
2020-05-21,14.65,18.97,33.61,-4.32,16.76,PLANB,Media,-94.68999999999994
2020-05-22,42.48,18.28,60.77,24.2,19.82,PLANB,Media,-70.48999999999994
2020-05-25,11.48,14.59,26.07,-3.12,22.26,PLANB,Media,-73.60999999999994
2020-05-26,61.78,98.4,160.18,-36.62,10.96,PLANB,Media,-110.22999999999993
2020-05-27,19.64,40.93,60.57,-21.29,9.47,PLANB,Media,-131.51999999999992
2020-05-28,11.66,22.32,33.99,-10.66,10.85,PLANB,Media,-142.17999999999992
2020-05-29,21.59,60.41,81.99,-38.82,24.77,PLANB,Media,-180.99999999999991
2020-06-01,37.24,41.69,78.93,-4.45,18.85,PLANB,Media,-185.4499999999999
2020-06-02,24.45,10.32,34.76,14.13,17.07,PLANB,Media,-171.3199999999999
2020-06-04,45.8,12.1,57.9,33.7,26.95,PLANB,Media,-137.6199999999999
2020-06-05,126.44,65.02,191.45,61.42,31.16,PLANB,Media,-76.19999999999989
2020-06-08,58.77,44.29,103.05,14.48,16.01,PLANB,Media,-61.719999999999885
2020-06-09,63.6,99.6,163.2,-36.01,18.99,PLANB,Media,-97.72999999999988
2020-06-10,21.82,34.78,56.6,-12.96,23.43,PLANB,Media,-110.68999999999988
2020-06-11,45.27,52.07,97.35,-6.8,22.53,PLANB,Media,-117.48999999999988
2020-06-12,35.76,39.79,75.54,-4.03,13.98,PLANB,Media,-121.51999999999988
2020-06-15,29.64,37.91,67.55,-8.26,13.84,PLANB,Media,-129.7799999999999
2020-06-16,20.25,30.2,50.45,-9.95,23.5,PLANB,Media,-139.72999999999988
2020-06-17,28.84,28.47,57.3,0.37,17.86,PLANB,Media,-139.35999999999987
2020-06-18,86.28,55.15,141.44,31.13,16.64,PLANB,Media,-108.22999999999988
2020-06-19,8.88,26.53,35.41,-17.65,12.79,PLANB,Media,-125.87999999999988
2020-06-22,20.48,21.46,41.93,-0.98,20.69,PLANB,Media,-126.85999999999989
2020-06-23,42.0,34.02,76.02,7.98,15.12,PLANB,Media,-118.87999999999988
2020-06-24,6.29,29.61,35.9,-23.32,10.51,PLANB,Media,-142.19999999999987
2020-06-25,44.54,18.64,63.17,25.9,15.45,PLANB,Media,-116.29999999999987
2020-06-26,12.02,12.86,24.87,-0.84,15.03,PLANB,Media,-117.13999999999987
2020-06-29,10.82,3.9,14.72,6.92,9.91,PLANB,Media,-110.21999999999987
2020-06-30,14.38,27.38,41.75,-13.0,16.54,PLANB,Media,-123.21999999999987
2020-07-01,40.23,39.65,79.89,0.58,16.42,PLANB,Media,-122.63999999999987
2020-07-02,34.32,34.58,68.89,-0.26,14.38,PLANB,Media,-122.89999999999988
2020-07-03,13.14,21.06,34.2,-7.93,9.15,PLANB,Media,-130.82999999999987
2020-07-07,17.73,6.71,24.44,11.02,10.38,PLANB,Media,-119.80999999999987
2020-07-08,18.16,10.39,28.55,7.77,31.29,PLANB,Media,-112.03999999999988
2020-07-09,94.42,89.82,184.25,4.6,54.22,PLANB,Media,-107.43999999999988
2020-07-10,14.89,10.58,25.48,4.31,14.97,PLANB,Media,-103.12999999999988
2020-07-13,19.49,15.38,34.87,4.11,7.34,PLANB,Media,-99.01999999999988
2020-07-14,42.07,13.25,55.31,28.82,15.17,PLANB,Media,-70.19999999999987
2020-07-15,22.67,5.78,28.46,16.89,13.11,PLANB,Media,-53.309999999999874
2020-07-16,9.61,11.87,21.47,-2.26,15.14,PLANB,Media,-55.56999999999987
2020-07-17,13.69,13.9,27.59,-0.21,22.15,PLANB,Media,-55.77999999999987
2020-07-20,12.13,14.29,26.42,-2.16,13.7,PLANB,Media,-57.93999999999987
2020-07-21,20.49,7.47,27.96,13.03,11.61,PLANB,Media,-44.90999999999987
2020-07-22,6.8,10.52,17.31,-3.72,11.04,PLANB,Media,-48.62999999999987
2020-07-23,18.09,2.62,20.71,15.47,17.16,PLANB,Media,-33.15999999999987
2020-07-24,40.64,11.09,51.72,29.55,26.61,PLANB,Media,-3.609999999999868
2020-07-29,45.28,17.99,63.27,27.28,31.45,PLANB,Media,23.670000000000133
2020-07-30,38.07,22.13,60.2,15.95,37.01,PLANB,Media,39.62000000000013
2020-07-31,18.41,14.26,32.67,4.16,19.32,PLANB,Media,43.78000000000013
2020-08-03,8.45,10.99,19.45,-2.54,21.38,PLANB,Media,41.24000000000013
2020-08-04,20.03,48.49,68.53,-28.46,19.71,PLANB,Media,12.780000000000129
2020-08-05,9.72,17.78,27.5,-8.06,19.7,PLANB,Media,4.7200000000001285
2020-08-06,7.67,9.07,16.74,-1.4,25.72,PLANB,Media,3.3200000000001286
2020-08-07,6.02,9.8,15.82,-3.78,25.28,PLANB,Media,-0.4599999999998712
2020-08-10,2.53,8.81,11.34,-6.28,15.7,PLANB,Media,-6.739999999999871
2020-08-11,54.83,42.61,97.44,12.21,16.1,PLANB,Media,5.470000000000129
2020-08-13,26.41,25.93,52.34,0.48,21.19,PLANB,Media,5.950000000000129
2020-08-14,14.81,11.91,26.73,2.9,14.79,PLANB,Media,8.85000000000013
2020-08-17,12.37,6.31,18.67,6.06,24.79,PLANB,Media,14.910000000000128
2020-08-18,11.65,12.52,24.17,-0.88,20.62,PLANB,Media,14.030000000000127
2020-08-19,8.73,13.38,22.12,-4.65,17.18,PLANB,Media,9.380000000000127
2020-08-20,6.23,4.34,10.57,1.9,25.45,PLANB,Media,11.280000000000127
2020-08-21,12.81,24.95,37.76,-12.13,23.35,PLANB,Media,-0.8499999999998735
2020-08-24,17.26,17.28,34.55,-0.02,11.68,PLANB,Media,-0.8699999999998735
2020-08-25,7.63,14.74,22.37,-7.12,12.55,PLANB,Media,-7.989999999999874
2020-08-26,39.64,14.44,54.08,25.19,10.0,PLANB,Media,17.200000000000127
2020-08-27,18.45,26.08,44.53,-7.64,20.19,PLANB,Media,9.560000000000127
2020-08-28,12.54,7.68,20.22,4.86,12.27,PLANB,Media,14.420000000000126
2020-08-31,11.65,17.98,29.63,-6.34,23.85,PLANB,Media,8.080000000000126
2020-09-01,4.49,5.27,9.77,-0.78,16.45,PLANB,Media,7.300000000000126
2020-09-02,5.86,5.52,11.38,0.34,23.4,PLANB,Media,7.640000000000126
2020-09-03,18.75,23.31,42.06,-4.55,13.94,PLANB,Media,3.090000000000126
2020-09-08,32.75,34.31,67.06,-1.56,11.28,PLANB,Media,1.530000000000126
2020-09-09,21.07,14.61,35.68,6.47,12.75,PLANB,Media,8.000000000000126
2020-09-10,9.12,11.69,20.81,-2.56,19.96,PLANB,Media,5.440000000000126
2020-09-11,7.65,20.88,28.53,-13.23,15.79,PLANB,Media,-7.789999999999875
2020-09-14,15.4,29.0,44.4,-13.6,16.15,PLANB,Media,-21.389999999999873
2020-09-15,6.32,7.42,13.74,-1.1,22.36,PLANB,Media,-22.489999999999874
2020-09-16,9.56,16.09,25.64,-6.53,14.46,PLANB,Media,-29.019999999999875
2020-09-17,4.63,12.99,17.62,-8.36,14.24,PLANB,Media,-37.379999999999875
2020-09-18,4.72,9.0,13.73,-4.28,25.8,PLANB,Media,-41.659999999999876
2020-09-21,6.13,16.21,22.34,-10.09,25.17,PLANB,Media,-51.74999999999987
2020-09-22,2.7,18.4,21.1,-15.7,23.44,PLANB,Media,-67.44999999999987
2020-09-23,5.51,14.6,20.11,-9.1,14.06,PLANB,Media,-76.54999999999987
2020-09-24,7.89,12.88,20.77,-4.99,16.09,PLANB,Media,-81.53999999999986
2020-09-25,2.42,14.42,16.85,-12.0,20.84,PLANB,Media,-93.53999999999986
2020-09-28,0.31,4.1,4.41,-3.8,12.09,PLANB,Media,-97.33999999999986
2020-09-29,50.92,22.63,73.55,28.29,17.74,PLANB,Media,-69.04999999999987
2020-09-30,21.47,55.74,77.21,-34.27,13.98,PLANB,Media,-103.31999999999988
2020-10-01,15.17,27.48,42.64,-12.31,17.81,PLANB,Media,-115.62999999999988
2020-10-02,17.37,24.48,41.84,-7.11,13.78,PLANB,Media,-122.73999999999988
2020-10-05,12.21,5.09,17.3,7.12,7.12,PLANB,Media,-115.61999999999988
2020-10-06,13.43,16.22,29.65,-2.79,17.27,PLANB,Media,-118.40999999999988
2020-10-07,37.77,5.29,43.06,32.49,25.65,PLANB,Media,-85.91999999999987
2020-10-08,38.15,21.1,59.25,17.05,15.38,PLANB,Media,-68.86999999999988
2020-10-09,47.97,19.72,67.7,28.25,16.25,PLANB,Media,-40.61999999999988
2020-10-12,8.59,10.04,18.63,-1.44,18.53,PLANB,Media,-42.059999999999874
2020-10-14,18.3,17.84,36.14,0.46,17.55,PLANB,Media,-41.59999999999987
2020-10-15,24.71,16.88,41.59,7.83,20.22,PLANB,Media,-33.769999999999875
2020-10-16,18.16,13.65,31.81,4.52,18.05,PLANB,Media,-29.249999999999876
2020-10-19,41.48,66.68,108.15,-25.2,21.63,PLANB,Media,-54.449999999999875
2020-10-20,13.9,29.11,43.01,-15.21,15.41,PLANB,Media,-69.65999999999988
2020-10-21,5.77,16.28,22.05,-10.51,21.54,PLANB,Media,-80.16999999999989
2020-10-22,10.43,33.46,43.89,-23.03,32.15,PLANB,Media,-103.19999999999989
2020-10-26,9.17,8.36,17.52,0.81,20.5,PLANB,Media,-102.38999999999989
2020-10-27,13.59,4.52,18.11,9.07,17.3,PLANB,Media,-93.31999999999988
2020-10-28,17.57,19.97,37.54,-2.39,27.65,PLANB,Media,-95.70999999999988
2020-10-29,11.67,9.76,21.44,1.91,30.95,PLANB,Media,-93.79999999999988
2020-10-30,4.96,8.85,13.81,-3.89,20.05,PLANB,Media,-97.68999999999988
2020-11-02,11.81,13.84,25.66,-2.03,15.2,PLANB,Media,-99.71999999999989
2020-11-03,1.86,7.39,9.25,-5.53,9.32,PLANB,Media,-105.24999999999989
2020-11-04,5.07,10.46,15.52,-5.39,13.66,PLANB,Media,-110.63999999999989
2020-11-05,15.96,5.73,21.69,10.22,11.49,PLANB,Media,-100.41999999999989
2020-11-06,40.0,10.52,50.52,29.47,25.34,PLANB,Media,-70.94999999999989
2020-11-09,13.26,6.14,19.4,7.11,25.11,PLANB,Media,-63.83999999999989
2020-11-10,44.51,25.77,70.28,18.74,13.77,PLANB,Media,-45.099999999999895
2020-11-11,14.49,26.82,41.31,-12.32,16.61,PLANB,Media,-57.419999999999895
2020-11-12,12.77,18.13,30.9,-5.36,16.39,PLANB,Media,-62.779999999999895
2020-11-13,10.72,12.48,23.2,-1.77,19.78,PLANB,Media,-64.5499999999999
2020-11-16,41.13,33.7,74.82,7.43,18.89,PLANB,Media,-57.1199999999999
2020-11-17,9.25,13.82,23.07,-4.58,14.29,PLANB,Media,-61.699999999999896
2020-11-18,10.46,8.54,19.0,1.92,22.01,PLANB,Media,-59.779999999999895
2020-11-19,23.84,6.11,29.95,17.73,10.92,PLANB,Media,-42.0499999999999
2020-11-20,28.94,6.16,35.1,22.79,18.7,PLANB,Media,-19.2599999999999
2020-11-23,18.27,28.0,46.28,-9.73,16.21,PLANB,Media,-28.9899999999999
2020-11-24,16.58,16.39,32.97,0.19,13.91,PLANB,Media,-28.799999999999898
2020-11-25,24.19,12.74,36.93,11.44,15.0,PLANB,Media,-17.3599999999999
2020-11-26,21.42,17.23,38.65,4.19,9.37,PLANB,Media,-13.169999999999899
2020-11-27,30.13,18.42,48.56,11.71,13.88,PLANB,Media,-1.4599999999998978
2020-11-30,17.35,48.49,65.83,-31.14,23.15,PLANB,Media,-32.599999999999895
2020-12-01,20.8,43.79,64.58,-22.99,19.27,PLANB,Media,-55.58999999999989
2020-12-02,113.92,91.03,204.95,22.9,24.1,PLANB,Media,-32.68999999999989
2020-12-03,22.21,11.92,34.13,10.28,10.52,PLANB,Media,-22.40999999999989
2020-12-04,65.59,17.32,82.91,48.27,14.98,PLANB,Media,25.860000000000113
2020-12-08,53.26,28.21,81.46,25.05,15.15,PLANB,Media,50.91000000000011
2020-12-09,37.3,36.94,74.24,0.36,17.22,PLANB,Media,51.27000000000011
2020-12-14,11.39,35.76,47.15,-24.36,18.47,PLANB,Media,26.91000000000011
2020-12-15,6.44,14.77,21.21,-8.32,14.22,PLANB,Media,18.59000000000011
2020-12-16,53.97,39.35,93.31,14.62,24.01,PLANB,Media,33.21000000000011
2020-12-17,20.07,12.86,32.93,7.22,17.78,PLANB,Media,40.430000000000106
2020-12-18,7.67,5.91,13.58,1.76,24.88,PLANB,Media,42.190000000000104
2020-12-21,33.57,18.23,51.8,15.34,12.12,PLANB,Media,57.5300000000001
2020-12-22,30.78,13.39,44.17,17.39,16.68,PLANB,Media,74.9200000000001
2020-12-23,15.79,16.01,31.8,-0.22,17.85,PLANB,Media,74.7000000000001
2020-12-24,9.2,8.89,18.08,0.31,13.48,PLANB,Media,75.0100000000001
2020-12-25,9.21,14.89,24.1,-5.69,14.02,PLANB,Media,69.3200000000001
2020-12-28,7.3,16.21,23.51,-8.91,16.48,PLANB,Media,60.41000000000011
2020-12-29,7.59,6.88,14.48,0.71,20.92,PLANB,Media,61.12000000000011
2020-12-30,19.55,19.78,39.34,-0.23,20.64,PLANB,Media,60.890000000000114
2021-01-04,42.47,19.71,62.17,22.76,29.67,PLANB,Media,83.65000000000012
2021-01-05,54.37,25.32,79.69,29.05,31.26,PLANB,Media,112.70000000000012
2021-01-06,4.99,31.37,36.36,-26.39,24.57,PLANB,Media,86.31000000000012
2021-01-07,10.97,11.84,22.81,-0.87,17.65,PLANB,Media,85.44000000000011
2021-01-08,208.46,22.95,231.41,185.51,42.67,PLANB,Media,270.9500000000001
2021-01-11,37.17,10.2,47.37,26.98,19.96,PLANB,Media,297.9300000000001
2021-01-12,55.88,21.42,77.3,34.45,22.32,PLANB,Media,332.3800000000001
2021-01-13,39.04,26.58,65.61,12.46,23.82,PLANB,Media,344.8400000000001
2021-01-14,31.19,22.37,53.56,8.82,20.14,PLANB,Media,353.6600000000001
2021-01-15,28.47,35.81,64.28,-7.34,32.27,PLANB,Media,346.3200000000001
2021-01-18,4.6,5.76,10.35,-1.16,16.05,PLANB,Media,345.1600000000001
2021-01-19,8.9,35.25,44.15,-26.35,19.62,PLANB,Media,318.81000000000006
2021-01-20,10.41,15.61,26.02,-5.21,21.94,PLANB,Media,313.6000000000001
2021-01-21,14.81,10.37,25.18,4.44,15.46,PLANB,Media,318.0400000000001
2021-01-22,11.25,8.89,20.14,2.36,14.85,PLANB,Media,320.4000000000001
2021-01-25,13.38,7.92,21.3,5.46,15.69,PLANB,Media,325.86000000000007
2021-01-26,13.43,10.93,24.36,2.5,17.97,PLANB,Media,328.36000000000007
2021-01-27,9.96,12.95,22.91,-2.99,32.93,PLANB,Media,325.37000000000006
2021-01-28,5.74,5.9,11.64,-0.16,22.95,PLANB,Media,325.21000000000004
2021-01-29,7.25,30.63,37.88,-23.38,31.16,PLANB,Media,301.83000000000004
2021-02-01,6.77,10.08,16.85,-3.31,22.26,PLANB,Media,298.52000000000004
2021-02-02,2.76,9.83,12.59,-7.07,13.03,PLANB,Media,291.45000000000005
2021-02-03,11.76,11.41,23.17,0.36,18.04,PLANB,Media,291.81000000000006
2021-02-04,10.32,4.2,14.52,6.12,14.41,PLANB,Media,297.93000000000006
2021-02-05,37.85,28.48,66.33,9.37,28.94,PLANB,Media,307.30000000000007
2021-02-08,47.67,19.8,67.47,27.86,15.26,PLANB,Media,335.1600000000001
2021-02-09,25.37,13.13,38.5,12.25,23.07,PLANB,Media,347.4100000000001
2021-02-10,10.99,17.13,28.12,-6.15,20.8,PLANB,Media,341.2600000000001
2021-02-11,3.83,5.02,8.85,-1.19,15.84,PLANB,Media,340.0700000000001
2021-02-15,6.08,19.33,25.41,-13.25,18.29,PLANB,Media,326.8200000000001
2021-02-16,10.94,8.69,19.63,2.25,11.54,PLANB,Media,329.0700000000001
2021-02-17,24.08,10.38,34.45,13.7,16.19,PLANB,Media,342.7700000000001
2021-02-18,17.79,36.72,54.5,-18.93,28.95,PLANB,Media,323.8400000000001
2021-02-19,0.99,14.16,15.15,-13.18,16.6,PLANB,Media,310.6600000000001
2021-02-22,10.22,14.51,24.73,-4.29,16.47,PLANB,Media,306.37000000000006
2021-02-23,6.09,2.83,8.91,3.26,14.82,PLANB,Media,309.63000000000005
2021-02-24,4.13,10.76,14.89,-6.63,15.46,PLANB,Media,303.00000000000006
2021-02-25,80.74,33.14,113.88,47.61,24.52,PLANB,Media,350.61000000000007
2021-03-01,59.2,22.89,82.09,36.31,22.33,PLANB,Media,386.9200000000001
2021-03-02,122.97,67.05,190.02,55.93,19.84,PLANB,Media,442.8500000000001
2021-03-03,33.88,46.57,80.46,-12.69,25.45,PLANB,Media,430.1600000000001
2021-03-04,44.49,46.63,91.12,-2.14,36.04,PLANB,Media,428.0200000000001
2021-03-05,42.22,25.53,67.75,16.69,27.75,PLANB,Media,444.7100000000001
2021-03-08,22.3,28.62,50.92,-6.33,20.54,PLANB,Media,438.3800000000001
2021-03-09,21.02,26.41,47.43,-5.39,26.4,PLANB,Media,432.9900000000001
2021-03-10,119.62,98.41,218.04,21.21,25.49,PLANB,Media,454.2000000000001
2021-03-11,20.27,39.34,59.62,-19.07,29.71,PLANB,Media,435.1300000000001
2021-03-12,21.32,34.55,55.87,-13.23,29.49,PLANB,Media,421.9000000000001
2021-03-15,22.31,14.2,36.5,8.11,29.94,PLANB,Media,430.0100000000001
2021-03-16,25.32,15.29,40.61,10.04,18.46,PLANB,Media,440.0500000000001
2021-03-17,26.3,16.85,43.15,9.45,16.91,PLANB,Media,449.5000000000001
2021-03-18,28.34,7.29,35.63,21.05,21.23,PLANB,Media,470.5500000000001
2021-03-19,37.39,47.72,85.11,-10.33,19.38,PLANB,Media,460.22000000000014
2021-03-22,25.99,32.52,58.5,-6.53,22.4,PLANB,Media,453.69000000000017
2021-03-23,15.91,28.04,43.95,-12.14,16.87,PLANB,Media,441.5500000000002
2021-03-24,18.87,55.83,74.7,-36.96,16.63,PLANB,Media,404.5900000000002
2021-03-25,42.01,53.52,95.53,-11.51,16.62,PLANB,Media,393.0800000000002
2021-03-26,62.97,28.38,91.36,34.59,21.35,PLANB,Media,427.6700000000002
2021-03-29,92.05,22.55,114.61,69.5,27.27,PLANB,Media,497.1700000000002
2021-03-30,54.84,34.44,89.27,20.4,35.43,PLANB,Media,517.5700000000002
2021-03-31,44.2,9.1,53.3,35.1,29.36,PLANB,Media,552.6700000000002
2021-04-01,28.62,7.43,36.05,21.19,22.36,PLANB,Media,573.8600000000002
2021-04-02,42.49,44.86,87.34,-2.37,18.78,PLANB,Media,571.4900000000002
2021-04-05,17.64,46.12,63.76,-28.48,22.99,PLANB,Media,543.0100000000002
2021-04-07,26.91,61.21,88.12,-34.3,21.73,PLANB,Media,508.7100000000002
2021-04-08,18.7,42.68,61.38,-23.98,31.71,PLANB,Media,484.7300000000002
2021-04-09,30.19,33.53,63.72,-3.34,19.51,PLANB,Media,481.3900000000002
2021-04-12,6.0,18.9,24.9,-12.91,10.0,PLANB,Media,468.4800000000002
2021-04-16,36.36,19.7,56.06,16.67,13.36,PLANB,Media,485.1500000000002
2021-04-19,33.26,53.83,87.09,-20.57,15.12,PLANB,Media,464.5800000000002
2021-04-20,16.37,25.26,41.63,-8.89,26.48,PLANB,Media,455.6900000000002
2021-04-21,4.68,11.21,15.89,-6.53,19.47,PLANB,Media,449.16000000000025
2021-04-22,18.75,28.85,47.6,-10.1,18.05,PLANB,Media,439.06000000000023
2021-04-23,17.43,9.17,26.6,8.27,13.74,PLANB,Media,447.3300000000002
2021-04-26,17.84,25.85,43.69,-8.01,17.83,PLANB,Media,439.3200000000002
2021-04-27,12.64,22.28,34.92,-9.64,34.55,PLANB,Media,429.68000000000023
2021-04-28,25.63,21.76,47.39,3.87,32.47,PLANB,Media,433.55000000000024
2021-04-29,19.43,24.35,43.78,-4.92,19.71,PLANB,Media,428.6300000000002
2021-04-30,9.96,7.15,17.11,2.81,18.39,PLANB,Media,431.4400000000002
2021-05-05,17.77,36.76,54.53,-19.0,25.2,PLANB,Media,412.4400000000002
2021-05-06,22.58,5.15,27.73,17.43,23.65,PLANB,Media,429.87000000000023
2021-05-07,7.84,15.29,23.13,-7.45,23.97,PLANB,Media,422.42000000000024
2021-05-10,14.67,12.69,27.36,1.98,24.53,PLANB,Media,424.40000000000026
2021-05-11,24.17,15.84,40.01,8.33,27.62,PLANB,Media,432.73000000000025
2021-05-12,12.57,34.9,47.47,-22.33,21.63,PLANB,Media,410.40000000000026
2021-05-13,22.42,14.98,37.4,7.44,21.69,PLANB,Media,417.84000000000026
2021-05-14,28.84,20.13,48.97,8.71,21.71,PLANB,Media,426.55000000000024
2021-05-17,67.17,16.33,83.5,50.85,17.62,PLANB,Media,477.40000000000026
2021-05-18,32.78,37.85,70.62,-5.07,20.92,PLANB,Media,472.33000000000027
2021-05-19,22.33,13.59,35.92,8.73,25.22,PLANB,Media,481.0600000000003
2021-05-20,16.06,33.88,49.94,-17.83,16.4,PLANB,Media,463.2300000000003
2021-05-21,6.96,10.09,17.05,-3.13,18.25,PLANB,Media,460.1000000000003
2021-05-24,6.88,5.42,12.3,1.47,31.14,PLANB,Media,461.57000000000033
2021-05-25,5.63,3.37,9.0,2.26,11.13,PLANB,Media,463.8300000000003
2021-05-27,30.79,18.11,48.9,12.67,27.38,PLANB,Media,476.50000000000034
2021-05-28,4.18,14.62,18.8,-10.45,16.86,PLANB,Media,466.05000000000035
2021-05-31,10.14,6.1,16.24,4.04,10.93,PLANB,Media,470.0900000000004
2021-06-01,14.3,27.77,42.08,-13.47,15.45,PLANB,Media,456.62000000000035
2021-06-02,14.63,32.07,46.7,-17.44,19.33,PLANB,Media,439.18000000000035
2021-06-04,4.92,11.16,16.08,-6.24,11.81,PLANB,Media,432.94000000000034
2021-06-07,5.32,21.46,26.78,-16.14,28.29,PLANB,Media,416.80000000000035
2021-06-08,26.94,38.82,65.76,-11.88,11.23,PLANB,Media,404.92000000000036
2021-06-09,7.74,21.55,29.29,-13.81,16.53,PLANB,Media,391.11000000000035
2021-06-10,7.13,17.41,24.54,-10.28,20.77,PLANB,Media,380.8300000000004
2021-06-11,9.82,22.55,32.37,-12.73,11.85,PLANB,Media,368.10000000000036
2021-06-14,6.67,14.32,20.99,-7.64,15.72,PLANB,Media,360.4600000000004
2021-06-15,17.36,5.68,23.04,11.68,22.34,PLANB,Media,372.1400000000004
2021-06-16,3.03,5.35,8.38,-2.33,11.06,PLANB,Media,369.8100000000004
2021-06-17,17.65,11.21,28.86,6.44,8.55,PLANB,Media,376.2500000000004
2021-06-18,1.73,3.86,5.59,-2.12,6.38,PLANB,Media,374.1300000000004
2021-06-21,36.85,8.18,45.02,28.67,25.28,PLANB,Media,402.8000000000004
2021-06-22,8.53,20.46,28.99,-11.94,14.2,PLANB,Media,390.8600000000004
2021-06-23,17.68,19.77,37.45,-2.09,17.37,PLANB,Media,388.77000000000044
2021-06-24,28.73,15.17,43.9,13.56,19.49,PLANB,Media,402.33000000000044
2021-06-25,31.12,8.97,40.09,22.14,16.17,PLANB,Media,424.4700000000004
2021-06-28,32.73,17.37,50.09,15.36,24.22,PLANB,Media,439.83000000000044
2021-06-29,8.26,5.91,14.17,2.36,21.3,PLANB,Media,442.19000000000045
2021-06-30,6.75,9.56,16.32,-2.81,14.18,PLANB,Media,439.38000000000045
2021-07-01,9.56,8.03,17.59,1.54,19.0,PLANB,Media,440.92000000000047
2021-07-02,13.83,9.72,23.55,4.11,11.67,PLANB,Media,445.0300000000005
2021-07-05,6.73,6.49,13.22,0.24,15.68,PLANB,Media,445.2700000000005
2021-07-06,8.17,14.1,22.27,-5.94,18.22,PLANB,Media,439.3300000000005
2021-07-07,7.86,7.19,15.06,0.67,16.42,PLANB,Media,440.0000000000005
2021-07-08,65.27,13.62,78.88,51.65,23.92,PLANB,Media,491.6500000000005
2021-07-09,19.5,16.72,36.22,2.78,14.96,PLANB,Media,494.43000000000046
2021-07-12,10.66,5.27,15.94,5.39,16.94,PLANB,Media,499.82000000000045
2021-07-13,7.24,14.21,21.45,-6.97,20.83,PLANB,Media,492.8500000000004
2021-07-14,4.01,5.7,9.72,-1.69,12.76,PLANB,Media,491.1600000000004
2021-07-15,3.89,3.09,6.98,0.8,30.89,PLANB,Media,491.96000000000043
2021-07-16,4.93,3.76,8.69,1.17,13.22,PLANB,Media,493.13000000000045
2021-07-19,12.22,5.27,17.5,6.95,11.21,PLANB,Media,500.08000000000044
2021-07-20,10.64,8.83,19.47,1.81,12.63,PLANB,Media,501.89000000000044
2021-07-21,32.81,7.75,40.55,25.06,43.15,PLANB,Media,526.9500000000004
2021-07-22,16.37,27.92,44.3,-11.55,23.27,PLANB,Media,515.4000000000004
2021-07-23,16.14,16.62,32.76,-0.48,13.06,PLANB,Media,514.9200000000004
2021-07-27,24.21,12.16,36.38,12.05,12.94,PLANB,Media,526.9700000000004
2021-07-29,25.43,10.4,35.83,15.03,19.72,PLANB,Media,542.0000000000003
2021-07-30,31.12,17.79,48.91,13.34,18.08,PLANB,Media,555.3400000000004
2021-08-02,11.35,41.61,52.96,-30.26,20.32,PLANB,Media,525.0800000000004
2021-08-03,8.57,8.62,17.2,-0.05,31.93,PLANB,Media,525.0300000000004
2021-08-04,31.78,18.7,50.48,13.08,24.44,PLANB,Media,538.1100000000005
2021-08-05,17.25,30.84,48.09,-13.59,33.53,PLANB,Media,524.5200000000004
2021-08-06,6.13,16.22,22.35,-10.09,17.1,PLANB,Media,514.4300000000004
2021-08-09,16.29,8.38,24.68,7.91,23.85,PLANB,Media,522.3400000000004
2021-08-10,10.18,4.72,14.9,5.47,17.29,PLANB,Media,527.8100000000004
2021-08-11,11.24,16.23,27.47,-5.0,18.71,PLANB,Media,522.8100000000004
2021-08-13,2.97,8.25,11.22,-5.28,26.04,PLANB,Media,517.5300000000004
2021-08-16,1.72,4.73,6.45,-3.01,12.0,PLANB,Media,514.5200000000004
2021-08-17,12.68,3.57,16.25,9.1,13.4,PLANB,Media,523.6200000000005
2021-08-18,17.36,8.41,25.77,8.95,12.47,PLANB,Media,532.5700000000005
2021-08-19,8.2,14.03,22.23,-5.83,18.62,PLANB,Media,526.7400000000005
2021-08-20,69.38,22.14,91.52,47.24,17.03,PLANB,Media,573.9800000000005
2021-08-23,21.92,18.24,40.16,3.69,9.16,PLANB,Media,577.6700000000005
2021-08-24,6.97,25.08,32.05,-18.12,22.04,PLANB,Media,559.5500000000005
2021-08-25,9.5,12.74,22.24,-3.24,20.47,PLANB,Media,556.3100000000005
2021-08-26,16.73,21.55,38.28,-4.82,31.03,PLANB,Media,551.4900000000005
2021-08-27,15.18,8.79,23.97,6.39,34.57,PLANB,Media,557.8800000000005
2021-08-30,28.54,45.34,73.88,-16.79,27.17,PLANB,Media,541.0900000000005
2021-08-31,23.53,47.7,71.23,-24.17,26.35,PLANB,Media,516.9200000000005
2021-09-01,13.54,7.18,20.72,6.36,10.9,PLANB,Media,523.2800000000005
2021-09-02,36.73,37.49,74.21,-0.76,11.17,PLANB,Media,522.5200000000006
2021-09-03,5.94,21.92,27.86,-15.98,11.47,PLANB,Media,506.54000000000053
2021-09-06,8.38,13.07,21.45,-4.69,12.26,PLANB,Media,501.85000000000053
2021-09-07,8.49,3.02,11.51,5.47,18.56,PLANB,Media,507.32000000000056
2021-09-08,11.04,18.31,29.35,-7.27,24.43,PLANB,Media,500.0500000000006
2021-09-09,9.24,6.0,15.24,3.24,23.6,PLANB,Media,503.2900000000006
2021-09-10,6.24,8.92,15.16,-2.68,16.3,PLANB,Media,500.6100000000006
2021-09-13,15.91,11.29,27.2,4.62,18.66,PLANB,Media,505.2300000000006
2021-09-14,5.45,7.61,13.07,-2.16,8.85,PLANB,Media,503.07000000000056
2021-09-15,4.75,12.74,17.48,-7.99,11.68,PLANB,Media,495.08000000000055
2021-09-16,87.2,8.53,95.73,78.68,19.08,PLANB,Media,573.7600000000006
2021-09-17,28.38,15.73,44.11,12.65,32.01,PLANB,Media,586.4100000000005
2021-09-20,4.0,13.29,17.29,-9.28,16.83,PLANB,Media,577.1300000000006
2021-09-21,7.12,18.83,25.95,-11.72,15.7,PLANB,Media,565.4100000000005
2021-09-22,9.69,5.76,15.45,3.93,17.75,PLANB,Media,569.3400000000005
2021-09-23,87.9,41.75,129.65,46.15,18.89,PLANB,Media,615.4900000000005
2021-09-27,128.99,32.42,161.4,96.57,24.79,PLANB,Media,712.0600000000004
2021-09-28,42.75,21.37,64.12,21.38,25.63,PLANB,Media,733.4400000000004
2021-09-29,21.24,8.53,29.77,12.71,20.89,PLANB,Media,746.1500000000004
2021-09-30,5.26,19.7,24.95,-14.44,29.33,PLANB,Media,731.7100000000004
2021-10-01,1.59,16.08,17.67,-14.49,20.74,PLANB,Media,717.2200000000004
2021-10-04,23.06,22.53,45.59,0.53,22.2,PLANB,Media,717.7500000000003
2021-10-05,9.39,23.93,33.33,-14.54,14.08,PLANB,Media,703.2100000000004
2021-10-06,21.11,37.19,58.29,-16.08,16.12,PLANB,Media,687.1300000000003
2021-10-07,18.01,21.3,39.31,-3.29,15.8,PLANB,Media,683.8400000000004
2021-10-08,11.18,15.28,26.46,-4.1,12.75,PLANB,Media,679.7400000000004
2021-10-11,30.68,8.85,39.53,21.82,27.29,PLANB,Media,701.5600000000004
2021-10-12,48.54,5.18,53.72,43.35,23.91,PLANB,Media,744.9100000000004
2021-10-14,52.0,13.42,65.42,38.58,27.31,PLANB,Media,783.4900000000005
2021-10-15,1.85,17.9,19.76,-16.05,22.05,PLANB,Media,767.4400000000005
2021-10-18,13.53,10.9,24.44,2.63,26.35,PLANB,Media,770.0700000000005
2021-10-19,36.33,14.06,50.39,22.28,21.7,PLANB,Media,792.3500000000005
2021-10-20,25.68,12.46,38.14,13.21,15.21,PLANB,Media,805.5600000000005
2021-10-21,54.42,36.0,90.42,18.42,16.34,PLANB,Media,823.9800000000005
2021-10-25,23.6,19.36,42.96,4.23,13.63,PLANB,Media,828.2100000000005
2021-10-26,5.97,19.66,25.63,-13.69,17.25,PLANB,Media,814.5200000000004
2021-10-27,5.35,12.46,17.81,-7.1,12.69,PLANB,Media,807.4200000000004
2021-10-28,2.36,5.76,8.12,-3.4,23.97,PLANB,Media,804.0200000000004
2021-10-29,12.2,19.26,31.46,-7.07,21.83,PLANB,Media,796.9500000000004
2021-11-01,5.94,28.84,34.77,-22.9,19.97,PLANB,Media,774.0500000000004
2021-11-02,4.12,8.08,12.2,-3.97,16.94,PLANB,Media,770.0800000000004
2021-11-03,6.83,17.83,24.66,-11.01,12.29,PLANB,Media,759.0700000000004
2021-11-04,20.71,26.94,47.65,-6.23,12.97,PLANB,Media,752.8400000000004
2021-11-05,13.16,12.92,26.07,0.24,15.82,PLANB,Media,753.0800000000004
2021-11-08,26.57,23.63,50.21,2.94,10.67,PLANB,Media,756.0200000000004
2021-11-09,44.59,10.8,55.39,33.79,13.75,PLANB,Media,789.8100000000004
2021-11-10,10.85,6.72,17.56,4.13,18.77,PLANB,Media,793.9400000000004
2021-11-11,29.4,10.33,39.73,19.06,20.23,PLANB,Media,813.0000000000003
2021-11-12,26.62,17.58,44.2,9.04,18.29,PLANB,Media,822.0400000000003
2021-11-15,7.79,4.99,12.79,2.8,12.89,PLANB,Media,824.8400000000003
2021-11-16,37.41,22.71,60.12,14.7,24.96,PLANB,Media,839.5400000000003
2021-11-17,19.71,16.96,36.67,2.74,12.88,PLANB,Media,842.2800000000003
2021-11-18,10.49,24.56,35.05,-14.06,18.41,PLANB,Media,828.2200000000004
2021-11-19,61.89,38.65,100.54,23.25,16.46,PLANB,Media,851.4700000000004
2021-11-22,15.51,3.88,19.39,11.63,13.18,PLANB,Media,863.1000000000004
2021-11-23,5.63,10.52,16.15,-4.89,13.13,PLANB,Media,858.2100000000004
2021-11-24,19.74,19.1,38.84,0.64,1.32,PLANB,Media,858.8500000000004
2021-11-25,257.42,64.54,321.96,192.88,27.45,PLANB,Media,1051.7300000000005
2021-11-26,188.88,85.8,274.68,103.08,19.37,PLANB,Media,1154.8100000000004
2021-11-29,53.94,60.54,114.48,-6.6,18.54,PLANB,Media,1148.2100000000005
2021-11-30,16.44,40.45,56.89,-24.0,17.88,PLANB,Media,1124.2100000000005
2021-12-01,20.38,31.41,51.79,-11.03,19.24,PLANB,Media,1113.1800000000005
2021-12-02,2.94,34.28,37.23,-31.34,21.39,PLANB,Media,1081.8400000000006
2021-12-03,7.02,22.64,29.66,-15.62,34.87,PLANB,Media,1066.2200000000007
2021-12-07,28.82,28.97,57.79,-0.15,19.93,PLANB,Media,1066.0700000000006
2021-12-08,23.63,14.06,37.7,9.57,23.96,PLANB,Media,1075.6400000000006
2021-12-09,5.34,14.6,19.93,-9.26,16.08,PLANB,Media,1066.3800000000006
2021-12-13,4.33,14.08,18.41,-9.75,20.65,PLANB,Media,1056.6300000000006
2021-12-14,6.63,10.35,16.99,-3.72,13.13,PLANB,Media,1052.9100000000005
2021-12-15,8.58,6.65,15.23,1.94,19.42,PLANB,Media,1054.8500000000006
2021-12-16,9.13,7.06,16.19,2.07,14.71,PLANB,Media,1056.9200000000005
2021-12-17,19.83,12.54,32.37,7.29,14.38,PLANB,Media,1064.2100000000005
2021-12-20,21.9,20.75,42.65,1.14,14.96,PLANB,Media,1065.3500000000006
2021-12-21,13.27,5.19,18.47,8.08,16.21,PLANB,Media,1073.4300000000005
2021-12-22,148.03,70.25,218.28,77.78,21.41,PLANB,Media,1151.2100000000005
2021-12-23,110.94,105.34,216.29,5.6,17.68,PLANB,Media,1156.8100000000004
2021-12-24,45.28,61.49,106.77,-16.21,14.96,PLANB,Media,1140.6000000000004
2021-12-27,67.33,63.36,130.69,3.98,30.63,PLANB,Media,1144.5800000000004
2021-12-28,39.41,39.91,79.33,-0.5,18.75,PLANB,Media,1144.0800000000004
2021-12-29,29.7,36.44,66.14,-6.74,21.28,PLANB,Media,1137.3400000000004
2021-12-30,27.92,28.87,56.78,-0.95,15.49,PLANB,Media,1136.3900000000003
2022-01-04,46.33,66.45,112.78,-20.12,18.36,PLANB,Media,1116.2700000000004
2022-01-05,58.0,36.16,94.16,21.85,15.4,PLANB,Media,1138.1200000000003
2022-01-06,47.78,25.42,73.19,22.36,14.82,PLANB,Media,1160.4800000000002
2022-01-07,23.31,9.62,32.93,13.69,12.3,PLANB,Media,1174.1700000000003
2022-01-10,16.78,19.01,35.79,-2.24,18.68,PLANB,Media,1171.9300000000003
2022-01-11,9.39,53.21,62.6,-43.82,10.79,PLANB,Media,1128.1100000000004
2022-01-12,166.35,111.41,277.77,54.94,19.32,PLANB,Media,1183.0500000000004
2022-01-13,144.22,95.03,239.25,49.18,33.82,PLANB,Media,1232.2300000000005
2022-01-14,73.79,98.47,172.25,-24.68,32.62,PLANB,Media,1207.5500000000004
2022-01-17,33.55,12.3,45.84,21.25,16.99,PLANB,Media,1228.8000000000004
2022-01-18,29.98,43.39,73.37,-13.4,14.99,PLANB,Media,1215.4000000000003
2022-01-19,43.62,45.99,89.61,-2.37,13.97,PLANB,Media,1213.0300000000004
2022-01-20,31.77,24.48,56.25,7.29,22.82,PLANB,Media,1220.3200000000004
2022-01-21,25.72,23.67,49.4,2.05,16.05,PLANB,Media,1222.3700000000003
2022-01-24,18.24,28.62,46.86,-10.38,17.75,PLANB,Media,1211.9900000000002
2022-01-25,79.13,32.87,112.0,46.26,21.0,PLANB,Media,1258.2500000000002
2022-01-26,46.72,33.5,80.22,13.22,14.22,PLANB,Media,1271.4700000000003
2022-01-27,61.5,25.7,87.21,35.8,21.01,PLANB,Media,1307.2700000000002
2022-01-28,34.3,16.02,50.32,18.28,25.23,PLANB,Media,1325.5500000000002
2022-01-31,17.23,36.93,54.16,-19.69,25.81,PLANB,Media,1305.8600000000001
2022-02-01,49.32,22.27,71.59,27.05,23.57,PLANB,Media,1332.91
2022-02-02,34.38,39.43,73.81,-5.06,26.82,PLANB,Media,1327.8500000000001
2022-02-03,68.59,37.25,105.84,31.34,13.03,PLANB,Media,1359.19
2022-02-04,53.08,11.12,64.2,41.96,15.97,PLANB,Media,1401.15
2022-02-07,84.36,36.76,121.13,47.6,17.32,PLANB,Media,1448.75
2022-02-08,22.87,18.1,40.97,4.76,16.66,PLANB,Media,1453.51
2022-02-09,29.1,55.48,84.58,-26.39,23.44,PLANB,Media,1427.12
2022-02-10,31.99,25.88,57.87,6.12,25.67,PLANB,Media,1433.2399999999998
2022-02-11,24.61,13.57,38.18,11.03,19.7,PLANB,Media,1444.2699999999998
2022-02-14,50.26,18.45,68.71,31.81,20.32,PLANB,Media,1476.0799999999997
2022-02-15,66.74,26.51,93.25,40.22,28.37,PLANB,Media,1516.2999999999997
2022-02-17,49.71,47.99,97.7,1.71,21.04,PLANB,Media,1518.0099999999998
2022-02-18,20.1,74.9,94.99,-54.8,29.6,PLANB,Media,1463.2099999999998
2022-02-21,39.2,41.97,81.16,-2.77,21.83,PLANB,Media,1460.4399999999998
2022-02-22,27.85,28.22,56.07,-0.38,20.68,PLANB,Media,1460.0599999999997
2022-02-23,50.61,58.7,109.31,-8.09,31.84,PLANB,Media,1451.9699999999998
2022-02-24,13.81,59.64,73.45,-45.82,23.17,PLANB,Media,1406.1499999999999
2022-02-25,99.44,125.34,224.77,-25.9,26.1,PLANB,Media,1380.2499999999998
2022-02-28,52.63,94.06,146.69,-41.44,26.87,PLANB,Media,1338.8099999999997
2022-03-01,34.63,31.15,65.78,3.49,30.14,PLANB,Media,1342.2999999999997
2022-03-02,18.52,89.1,107.62,-70.58,22.74,PLANB,Media,1271.7199999999998
2022-03-03,32.24,69.63,101.87,-37.39,15.85,PLANB,Media,1234.3299999999997
2022-03-04,29.33,18.83,48.16,10.5,19.82,PLANB,Media,1244.8299999999997
2022-03-07,26.12,93.28,119.39,-67.16,24.08,PLANB,Media,1177.6699999999996
2022-03-08,33.89,42.84,76.73,-8.95,19.2,PLANB,Media,1168.7199999999996
2022-03-09,21.13,19.53,40.66,1.6,20.47,PLANB,Media,1170.3199999999995
2022-03-10,40.23,41.45,81.68,-1.23,23.76,PLANB,Media,1169.0899999999995
2022-03-11,19.0,20.87,39.87,-1.86,22.93,PLANB,Media,1167.2299999999996
2022-03-14,6.48,14.35,20.84,-7.87,16.45,PLANB,Media,1159.3599999999997
2022-03-15,5.52,17.02,22.54,-11.5,20.36,PLANB,Media,1147.8599999999997
2022-03-16,34.71,6.71,41.42,28.0,24.66,PLANB,Media,1175.8599999999997
2022-03-17,41.69,21.08,62.77,20.62,26.38,PLANB,Media,1196.4799999999996
2022-03-18,17.09,31.94,49.03,-14.86,29.39,PLANB,Media,1181.6199999999997
2022-03-21,25.81,16.3,42.11,9.51,24.38,PLANB,Media,1191.1299999999997
2022-03-22,21.36,27.59,48.95,-6.22,22.85,PLANB,Media,1184.9099999999996
2022-03-23,18.57,13.59,32.16,4.98,15.57,PLANB,Media,1189.8899999999996
2022-03-24,26.73,62.38,89.11,-35.64,16.78,PLANB,Media,1154.2499999999995
2022-03-25,58.45,25.94,84.39,32.51,18.55,PLANB,Media,1186.7599999999995
2022-03-28,48.31,9.3,57.62,39.01,26.31,PLANB,Media,1225.7699999999995
2022-03-29,47.56,16.59,64.15,30.97,22.92,PLANB,Media,1256.7399999999996
2022-03-30,14.25,19.07,33.32,-4.83,24.26,PLANB,Media,1251.9099999999996
2022-03-31,30.21,32.34,62.55,-2.14,21.91,PLANB,Media,1249.7699999999995
2022-04-01,63.65,49.06,112.7,14.59,20.66,PLANB,Media,1264.3599999999994
2022-04-04,45.28,66.49,111.77,-21.21,20.91,PLANB,Media,1243.1499999999994
2022-04-05,55.07,6.83,61.89,48.24,28.22,PLANB,Media,1291.3899999999994
2022-04-07,52.64,27.22,79.85,25.42,20.17,PLANB,Media,1316.8099999999995
2022-04-08,33.34,15.78,49.12,17.57,28.78,PLANB,Media,1334.3799999999994
2022-04-11,22.18,6.86,29.04,15.32,18.79,PLANB,Media,1349.6999999999994
2022-04-12,23.37,13.5,36.86,9.87,19.7,PLANB,Media,1359.5699999999993
2022-04-18,75.74,35.65,111.39,40.09,16.54,PLANB,Media,1399.6599999999992
2022-04-19,57.25,50.31,107.56,6.93,22.88,PLANB,Media,1406.5899999999992
2022-04-20,69.13,26.01,95.14,43.12,25.56,PLANB,Media,1449.7099999999991
2022-04-21,11.76,15.77,27.53,-4.01,21.37,PLANB,Media,1445.6999999999991
2022-04-22,21.46,28.25,49.71,-6.78,24.27,PLANB,Media,1438.9199999999992
2022-04-25,55.59,9.47,65.06,46.12,15.97,PLANB,Media,1485.039999999999
2022-04-26,31.02,18.98,50.0,12.03,18.57,PLANB,Media,1497.069999999999
2022-04-27,23.79,39.54,63.33,-15.75,22.05,PLANB,Media,1481.319999999999
2022-04-28,25.58,88.99,114.57,-63.41,25.49,PLANB,Media,1417.909999999999
2022-04-29,29.75,45.56,75.31,-15.81,28.94,PLANB,Media,1402.099999999999
2022-05-03,10.19,29.17,39.36,-18.99,26.47,PLANB,Media,1383.109999999999
2022-05-05,25.23,43.15,68.37,-17.92,25.9,PLANB,Media,1365.189999999999
2022-05-06,18.28,54.1,72.38,-35.82,31.66,PLANB,Media,1329.369999999999
2022-05-09,21.65,27.26,48.91,-5.6,27.88,PLANB,Media,1323.769999999999
2022-05-10,11.93,27.96,39.9,-16.03,21.17,PLANB,Media,1307.739999999999
2022-05-11,7.34,30.56,37.9,-23.22,22.14,PLANB,Media,1284.519999999999
2022-05-12,44.44,75.02,119.46,-30.58,27.9,PLANB,Media,1253.9399999999991
2022-05-13,25.74,62.02,87.75,-36.28,16.44,PLANB,Media,1217.6599999999992
2022-05-17,29.98,41.98,71.96,-11.99,19.19,PLANB,Media,1205.6699999999992
2022-05-18,35.04,33.69,68.73,1.35,30.59,PLANB,Media,1207.019999999999
2022-05-19,4.5,8.6,13.1,-4.1,33.88,PLANB,Media,1202.9199999999992
2022-05-20,27.98,36.38,64.37,-8.4,18.65,PLANB,Media,1194.519999999999
2022-05-23,40.69,21.21,61.91,19.48,38.97,PLANB,Media,1213.999999999999
2022-05-24,15.09,13.49,28.59,1.6,15.8,PLANB,Media,1215.599999999999
2022-05-25,24.28,15.73,40.01,8.54,35.76,PLANB,Media,1224.139999999999
2022-05-26,11.48,3.85,15.33,7.63,26.05,PLANB,Media,1231.769999999999
2022-05-27,17.21,11.54,28.75,5.67,25.22,PLANB,Media,1237.4399999999991
2022-05-30,20.32,4.12,24.44,16.2,28.92,PLANB,Media,1253.6399999999992
2022-05-31,36.91,14.36,51.27,22.55,31.61,PLANB,Media,1276.1899999999991
2022-06-01,16.54,8.08,24.62,8.46,20.06,PLANB,Media,1284.6499999999992
2022-06-02,15.51,14.9,30.4,0.61,24.85,PLANB,Media,1285.259999999999
2022-06-06,4.72,22.61,27.33,-17.89,21.6,PLANB,Media,1267.369999999999
2022-06-07,6.54,23.39,29.92,-16.85,29.15,PLANB,Media,1250.519999999999
2022-06-08,12.6,13.11,25.71,-0.5,21.69,PLANB,Media,1250.019999999999
2022-06-09,20.76,21.39,42.16,-0.63,22.69,PLANB,Media,1249.389999999999
2022-06-10,26.75,10.83,37.58,15.91,27.81,PLANB,Media,1265.299999999999
2022-06-13,21.74,41.54,63.28,-19.8,20.39,PLANB,Media,1245.499999999999
2022-06-14,4.87,6.82,11.68,-1.95,12.95,PLANB,Media,1243.549999999999
2022-06-15,15.82,44.26,60.08,-28.45,19.18,PLANB,Media,1215.099999999999
2022-06-16,34.52,51.97,86.49,-17.45,15.17,PLANB,Media,1197.649999999999
2022-06-17,22.33,50.58,72.91,-28.26,22.84,PLANB,Media,1169.389999999999
2022-06-20,22.47,20.18,42.65,2.29,26.93,PLANB,Media,1171.679999999999
2022-06-21,30.57,47.9,78.48,-17.33,18.23,PLANB,Media,1154.349999999999
2022-06-22,47.03,61.11,108.14,-14.08,19.7,PLANB,Media,1140.269999999999
2022-06-23,10.8,27.4,38.21,-16.6,20.25,PLANB,Media,1123.6699999999992
2022-06-24,9.37,18.33,27.7,-8.96,20.89,PLANB,Media,1114.7099999999991
2022-06-27,8.8,3.18,11.98,5.62,15.76,PLANB,Media,1120.329999999999
2022-06-28,54.43,15.49,69.92,38.94,35.11,PLANB,Media,1159.269999999999
2022-06-29,13.51,33.17,46.69,-19.66,26.12,PLANB,Media,1139.609999999999
2022-06-30,59.06,47.47,106.53,11.59,25.19,PLANB,Media,1151.199999999999
2022-07-01,13.22,26.68,39.9,-13.46,32.21,PLANB,Media,1137.7399999999989
2022-07-04,70.74,11.19,81.93,59.55,21.33,PLANB,Media,1197.2899999999988
2022-07-05,68.01,24.54,92.55,43.47,29.9,PLANB,Media,1240.7599999999989
2022-07-06,65.71,38.85,104.56,26.86,37.23,PLANB,Media,1267.6199999999988
2022-07-07,73.23,51.77,125.0,21.47,35.3,PLANB,Media,1289.0899999999988
2022-07-08,16.89,9.71,26.59,7.18,15.48,PLANB,Media,1296.2699999999988
2022-07-11,16.33,7.91,24.24,8.42,18.2,PLANB,Media,1304.689999999999
2022-07-12,51.55,45.12,96.67,6.43,19.14,PLANB,Media,1311.119999999999
2022-07-14,25.39,25.42,50.81,-0.03,33.81,PLANB,Media,1311.089999999999
2022-07-15,6.19,11.08,17.27,-4.89,24.65,PLANB,Media,1306.199999999999
2022-07-18,21.26,43.8,65.07,-22.54,26.46,PLANB,Media,1283.659999999999
2022-07-19,23.21,43.05,66.26,-19.84,33.19,PLANB,Media,1263.819999999999
2022-07-20,8.87,26.94,35.81,-18.07,19.79,PLANB,Media,1245.749999999999
2022-07-21,71.37,54.22,125.59,17.15,24.25,PLANB,Media,1262.8999999999992
2022-07-22,31.92,92.48,124.4,-60.55,35.32,PLANB,Media,1202.3499999999992
2022-07-25,28.71,17.12,45.83,11.59,17.05,PLANB,Media,1213.9399999999991
2022-07-26,10.84,25.65,36.48,-14.81,14.57,PLANB,Media,1199.1299999999992
2022-07-27,20.62,8.51,29.13,12.11,16.5,PLANB,Media,1211.239999999999
2022-08-01,31.43,32.94,64.37,-1.51,13.92,PLANB,Media,1209.729999999999
2022-08-02,16.81,21.47,38.28,-4.66,17.32,PLANB,Media,1205.069999999999
2022-08-03,9.7,44.75,54.46,-35.05,18.04,PLANB,Media,1170.019999999999
2022-08-04,36.0,26.16,62.17,9.84,17.44,PLANB,Media,1179.859999999999
2022-08-05,20.04,20.15,40.19,-0.11,17.23,PLANB,Media,1179.749999999999
2022-08-08,13.32,19.42,32.74,-6.1,14.54,PLANB,Media,1173.6499999999992
2022-08-09,3.08,6.51,9.6,-3.43,9.73,PLANB,Media,1170.2199999999991
2022-08-10,12.54,17.04,29.58,-4.51,34.56,PLANB,Media,1165.7099999999991
2022-08-11,50.17,61.03,111.19,-10.86,21.57,PLANB,Media,1154.8499999999992
2022-08-15,5.98,17.76,23.74,-11.77,17.96,PLANB,Media,1143.0799999999992
2022-08-16,24.41,54.59,79.0,-30.18,13.25,PLANB,Media,1112.8999999999992
2022-08-17,17.36,17.86,35.22,-0.51,19.4,PLANB,Media,1112.3899999999992
2022-08-18,11.42,19.28,30.7,-7.86,19.42,PLANB,Media,1104.5299999999993
2022-08-19,17.76,17.64,35.41,0.12,22.48,PLANB,Media,1104.6499999999992
2022-08-22,10.98,20.16,31.14,-9.18,17.55,PLANB,Media,1095.4699999999991
2022-08-23,20.24,15.94,36.18,4.3,30.93,PLANB,Media,1099.769999999999
2022-08-24,11.27,27.26,38.53,-15.99,20.76,PLANB,Media,1083.779999999999
2022-08-25,5.29,18.25,23.54,-12.96,15.09,PLANB,Media,1070.819999999999
2022-08-26,26.34,30.41,56.75,-4.08,17.27,PLANB,Media,1066.739999999999
2022-08-29,21.84,11.03,32.87,10.8,16.7,PLANB,Media,1077.539999999999
2022-08-30,31.63,23.14,54.77,8.49,17.27,PLANB,Media,1086.029999999999
2022-08-31,21.37,23.31,44.68,-1.94,18.17,PLANB,Media,1084.089999999999
2022-09-01,26.52,10.11,36.63,16.42,15.24,PLANB,Media,1100.509999999999
2022-09-02,32.53,9.66,42.19,22.87,21.88,PLANB,Media,1123.379999999999
2022-09-05,21.6,17.15,38.75,4.46,12.27,PLANB,Media,1127.839999999999
2022-09-06,34.83,43.8,78.63,-8.97,12.99,PLANB,Media,1118.869999999999
2022-09-07,9.5,29.57,39.07,-20.07,11.44,PLANB,Media,1098.799999999999
2022-09-08,66.8,70.83,137.63,-4.03,18.52,PLANB,Media,1094.769999999999
2022-09-09,24.83,19.64,44.46,5.19,15.3,PLANB,Media,1099.9599999999991
2022-09-12,12.63,48.75,61.38,-36.12,15.65,PLANB,Media,1063.8399999999992
2022-09-13,49.42,74.04,123.46,-24.62,17.9,PLANB,Media,1039.2199999999993
2022-09-14,16.28,29.25,45.54,-12.97,10.58,PLANB,Media,1026.2499999999993
2022-09-15,28.64,33.11,61.74,-4.47,17.78,PLANB,Media,1021.7799999999993
2022-09-16,34.01,19.14,53.15,14.87,19.93,PLANB,Media,1036.6499999999992
2022-09-19,15.92,4.39,20.31,11.53,15.36,PLANB,Media,1048.1799999999992
2022-09-20,48.44,20.37,68.81,28.06,16.23,PLANB,Media,1076.239999999999
2022-09-21,17.78,12.28,30.05,5.5,14.79,PLANB,Media,1081.739999999999
2022-09-22,28.19,4.55,32.74,23.65,27.26,PLANB,Media,1105.3899999999992
2022-09-23,3.92,22.02,25.94,-18.1,13.26,PLANB,Media,1087.2899999999993
2022-09-26,23.1,38.41,61.51,-15.31,12.29,PLANB,Media,1071.9799999999993
2022-09-27,11.55,9.2,20.75,2.35,19.63,PLANB,Media,1074.3299999999992
2022-09-28,30.15,38.69,68.84,-8.54,18.81,PLANB,Media,1065.7899999999993
2022-09-29,27.13,28.38,55.5,-1.25,23.16,PLANB,Media,1064.5399999999993
2022-09-30,22.57,3.68,26.25,18.9,9.93,PLANB,Media,1083.4399999999994
2022-10-03,20.0,17.13,37.13,2.87,8.99,PLANB,Media,1086.3099999999993
2022-10-04,11.96,20.44,32.4,-8.49,10.42,PLANB,Media,1077.8199999999993
2022-10-05,6.03,31.54,37.57,-25.51,10.08,PLANB,Media,1052.3099999999993
2022-10-06,4.89,9.2,14.09,-4.3,12.12,PLANB,Media,1048.0099999999993
2022-10-07,3.31,12.81,16.13,-9.5,21.04,PLANB,Media,1038.5099999999993
2022-10-10,3.21,9.86,13.08,-6.65,8.73,PLANB,Media,1031.8599999999992
2022-10-11,9.47,8.85,18.31,0.62,11.2,PLANB,Media,1032.479999999999
2022-10-12,10.66,5.46,16.12,5.2,12.46,PLANB,Media,1037.6799999999992
2022-10-17,10.13,5.61,15.74,4.51,14.15,PLANB,Media,1042.1899999999991
2022-10-18,25.49,5.23,30.72,20.26,18.05,PLANB,Media,1062.4499999999991
2022-10-19,8.67,6.85,15.52,1.82,21.17,PLANB,Media,1064.269999999999
2022-10-20,63.93,38.94,102.87,24.99,36.85,PLANB,Media,1089.259999999999
2022-10-21,12.18,5.39,17.57,6.79,19.83,PLANB,Media,1096.049999999999
2022-10-25,8.01,7.29,15.3,0.73,13.37,PLANB,Media,1096.779999999999
2022-10-26,18.43,18.26,36.69,0.17,14.63,PLANB,Media,1096.9499999999991
2022-10-27,16.01,6.98,22.98,9.03,16.72,PLANB,Media,1105.979999999999
2022-10-28,8.48,24.38,32.86,-15.9,14.11,PLANB,Media,1090.079999999999
2022-10-31,20.86,5.33,26.19,15.52,20.02,PLANB,Media,1105.599999999999
2022-11-01,62.35,25.45,87.8,36.9,24.85,PLANB,Media,1142.499999999999
2022-11-02,34.05,13.42,47.47,20.63,16.5,PLANB,Media,1163.1299999999992
2022-11-03,8.12,6.02,14.15,2.1,12.38,PLANB,Media,1165.229999999999
2022-11-04,58.4,27.97,86.37,30.43,13.35,PLANB,Media,1195.6599999999992
2022-11-07,12.33,22.05,34.38,-9.72,12.24,PLANB,Media,1185.9399999999991
2022-11-08,12.17,8.93,21.1,3.24,10.84,PLANB,Media,1189.1799999999992
2022-11-09,21.34,10.22,31.56,11.12,15.17,PLANB,Media,1200.299999999999
2022-11-10,31.17,8.61,39.77,22.56,17.79,PLANB,Media,1222.859999999999
2022-11-11,21.75,23.64,45.4,-1.89,17.85,PLANB,Media,1220.969999999999
2022-11-14,25.54,30.77,56.3,-5.23,12.17,PLANB,Media,1215.7399999999989
2022-11-15,48.49,23.07,71.56,25.42,16.39,PLANB,Media,1241.159999999999
2022-11-16,43.64,72.56,116.2,-28.91,11.63,PLANB,Media,1212.2499999999989
2022-11-17,57.88,33.62,91.5,24.25,15.63,PLANB,Media,1236.4999999999989
2022-11-18,34.26,15.74,50.0,18.52,16.79,PLANB,Media,1255.0199999999988
2022-11-21,37.87,31.82,69.69,6.05,16.92,PLANB,Media,1261.0699999999988
2022-11-22,10.02,23.61,33.63,-13.59,13.2,PLANB,Media,1247.4799999999989
2022-11-23,44.02,9.84,53.86,34.18,20.69,PLANB,Media,1281.659999999999
2022-11-24,30.51,17.75,48.26,12.76,24.57,PLANB,Media,1294.419999999999
2022-11-25,26.7,10.89,37.59,15.81,16.21,PLANB,Media,1310.2299999999989
2022-11-28,1.43,10.35,11.77,-8.92,12.5,PLANB,Media,1301.3099999999988
2022-11-29,7.68,20.0,27.68,-12.32,16.55,PLANB,Media,1288.9899999999989
2022-11-30,43.49,20.39,63.88,23.1,23.6,PLANB,Media,1312.0899999999988
2022-12-01,10.58,4.45,15.03,6.14,9.54,PLANB,Media,1318.2299999999989
2022-12-02,19.8,5.85,25.66,13.95,21.03,PLANB,Media,1332.179999999999
2022-12-06,20.37,8.11,28.47,12.26,12.6,PLANB,Media,1344.439999999999
2022-12-07,11.76,22.06,33.82,-10.3,20.3,PLANB,Media,1334.139999999999
2022-12-08,33.34,19.32,52.65,14.02,16.92,PLANB,Media,1348.159999999999
2022-12-09,2.88,10.53,13.41,-7.65,15.93,PLANB,Media,1340.5099999999989
2022-12-13,20.69,7.5,28.19,13.19,16.77,PLANB,Media,1353.699999999999
2022-12-14,42.96,67.14,110.1,-24.18,21.94,PLANB,Media,1329.5199999999988
2022-12-15,131.03,67.01,198.04,64.02,12.81,PLANB,Media,1393.5399999999988
2022-12-16,158.32,42.31,200.64,116.01,16.96,PLANB,Media,1509.5499999999988
2022-12-19,37.58,6.19,43.76,31.39,16.88,PLANB,Media,1540.939999999999
2022-12-20,18.67,20.95,39.62,-2.29,15.67,PLANB,Media,1538.649999999999
2022-12-21,6.21,17.08,23.29,-10.87,22.32,PLANB,Media,1527.779999999999
2022-12-22,3.57,6.36,9.93,-2.79,19.52,PLANB,Media,1524.989999999999
2022-12-23,24.69,21.45,46.15,3.24,12.92,PLANB,Media,1528.229999999999
2022-12-26,35.19,9.7,44.89,25.5,17.03,PLANB,Media,1553.729999999999
2022-12-27,17.9,15.17,33.07,2.74,19.98,PLANB,Media,1556.4699999999991
2022-12-28,17.11,32.3,49.41,-15.19,17.14,PLANB,Media,1541.279999999999
2022-12-29,16.34,25.11,41.45,-8.77,21.23,PLANB,Media,1532.509999999999
2022-12-30,5.66,19.03,24.69,-13.37,16.12,PLANB,Media,1519.1399999999992
2023-01-03,34.12,6.67,40.78,27.45,18.75,PLANB,Media,1546.5899999999992
2023-01-04,25.37,38.97,64.34,-13.61,13.95,PLANB,Media,1532.9799999999993
2023-01-05,7.79,59.99,67.78,-52.2,12.81,PLANB,Media,1480.7799999999993
2023-01-06,16.31,14.98,31.29,1.33,13.46,PLANB,Media,1482.1099999999992
2023-01-09,26.65,41.46,68.11,-14.8,20.59,PLANB,Media,1467.3099999999993
2023-01-10,39.03,21.6,60.63,17.43,22.65,PLANB,Media,1484.7399999999993
2023-01-11,154.68,130.19,284.88,24.49,16.54,PLANB,Media,1509.2299999999993
2023-01-12,125.37,128.81,254.18,-3.44,14.48,PLANB,Media,1505.7899999999993
2023-01-13,59.25,50.8,110.05,8.44,18.88,PLANB,Media,1514.2299999999993
2023-01-16,39.11,37.72,76.83,1.4,9.16,PLANB,Media,1515.6299999999994
2023-01-17,71.12,45.88,117.0,25.25,11.69,PLANB,Media,1540.8799999999994
2023-01-18,40.33,56.38,96.71,-16.04,10.94,PLANB,Media,1524.8399999999995
2023-01-19,55.25,70.33,125.59,-15.08,16.47,PLANB,Media,1509.7599999999995
2023-01-20,40.26,63.52,103.78,-23.26,15.18,PLANB,Media,1486.4999999999995
2023-01-23,115.7,2.48,118.18,113.22,18.13,PLANB,Media,1599.7199999999996
2023-01-24,69.13,8.92,78.06,60.21,16.42,PLANB,Media,1659.9299999999996
2023-01-25,83.8,17.33,101.13,66.47,8.52,PLANB,Media,1726.3999999999996
2023-01-26,143.89,66.42,210.31,77.47,11.68,PLANB,Media,1803.8699999999997
2023-01-27,63.34,26.33,89.67,37.01,18.42,PLANB,Media,1840.8799999999997
2023-01-30,61.08,32.07,93.14,29.01,16.09,PLANB,Media,1869.8899999999996
2023-01-31,106.52,92.64,199.16,13.88,20.28,PLANB,Media,1883.7699999999998
2023-02-01,29.29,69.31,98.6,-40.03,21.79,PLANB,Media,1843.7399999999998
2023-02-02,26.26,74.17,100.43,-47.91,27.92,PLANB,Media,1795.8299999999997
2023-02-03,46.96,18.69,65.65,28.27,30.38,PLANB,Media,1824.0999999999997
2023-02-06,57.03,77.63,134.65,-20.6,30.33,PLANB,Media,1803.4999999999998
2023-02-07,74.26,34.88,109.13,39.38,19.04,PLANB,Media,1842.8799999999999
2023-02-08,116.71,128.65,245.36,-11.94,24.46,PLANB,Media,1830.9399999999998
2023-02-09,62.57,56.26,118.82,6.31,17.3,PLANB,Media,1837.2499999999998
2023-02-10,58.38,107.93,166.3,-49.55,25.98,PLANB,Media,1787.6999999999998
2023-02-13,21.4,18.18,39.59,3.22,23.11,PLANB,Media,1790.9199999999998
2023-02-14,47.02,31.79,78.82,15.23,21.5,PLANB,Media,1806.1499999999999
2023-02-15,18.76,39.26,58.02,-20.5,15.81,PLANB,Media,1785.6499999999999
2023-02-16,9.83,21.12,30.95,-11.3,7.71,PLANB,Media,1774.35
2023-02-17,30.7,101.61,132.31,-70.92,15.05,PLANB,Media,1703.4299999999998
2023-02-20,35.27,93.12,128.39,-57.85,19.44,PLANB,Media,1645.58
2023-02-21,18.33,52.29,70.63,-33.96,12.48,PLANB,Media,1611.62
2023-02-22,32.99,106.52,139.51,-73.52,19.84,PLANB,Media,1538.1
2023-02-23,10.48,56.34,66.82,-45.86,12.23,PLANB,Media,1492.24
2023-02-24,44.9,74.25,119.15,-29.34,18.49,PLANB,Media,1462.9
2023-02-27,95.85,40.14,135.99,55.71,15.53,PLANB,Media,1518.6100000000001
2023-02-28,39.13,57.47,96.6,-18.33,27.35,PLANB,Media,1500.2800000000002
2023-03-01,74.03,81.37,155.4,-7.34,12.79,PLANB,Media,1492.9400000000003
2023-03-02,167.86,79.63,247.49,88.22,19.66,PLANB,Media,1581.1600000000003
2023-03-03,54.88,22.8,77.68,32.08,22.75,PLANB,Media,1613.2400000000002
2023-03-07,66.51,41.09,107.6,25.42,21.18,PLANB,Media,1638.6600000000003
2023-03-08,100.11,117.75,217.86,-17.64,32.46,PLANB,Media,1621.0200000000002
2023-03-09,52.78,56.68,109.46,-3.9,25.07,PLANB,Media,1617.1200000000001
2023-03-10,21.82,24.92,46.74,-3.1,20.23,PLANB,Media,1614.0200000000002
2023-03-13,61.19,53.44,114.63,7.75,22.52,PLANB,Media,1621.7700000000002
2023-03-14,86.68,53.3,139.99,33.38,16.72,PLANB,Media,1655.1500000000003
2023-03-15,26.28,36.5,62.78,-10.22,13.12,PLANB,Media,1644.9300000000003
2023-03-16,33.32,30.48,63.8,2.84,17.67,PLANB,Media,1647.7700000000002
2023-03-17,25.26,44.63,69.88,-19.37,14.64,PLANB,Media,1628.4000000000003
2023-03-20,59.13,77.63,136.77,-18.5,18.22,PLANB,Media,1609.9000000000003
2023-03-21,75.42,36.67,112.1,38.75,15.6,PLANB,Media,1648.6500000000003
2023-03-22,68.13,44.56,112.7,23.57,21.38,PLANB,Media,1672.2200000000003
2023-03-23,43.7,18.68,62.38,25.02,20.84,PLANB,Media,1697.2400000000002
2023-03-24,20.42,18.8,39.23,1.62,20.36,PLANB,Media,1698.8600000000001
2023-03-27,42.75,18.71,61.46,24.04,26.21,PLANB,Media,1722.9
2023-03-28,42.98,21.4,64.38,21.57,26.15,PLANB,Media,1744.47
2023-03-29,35.54,46.05,81.59,-10.5,27.53,PLANB,Media,1733.97
2023-03-30,5.24,52.11,57.36,-46.87,22.76,PLANB,Media,1687.1000000000001
2023-03-31,24.34,10.61,34.95,13.73,21.53,PLANB,Media,1700.8300000000002
2023-04-03,17.71,18.31,36.03,-0.6,24.51,PLANB,Media,1700.2300000000002
2023-04-04,30.73,15.56,46.29,15.17,23.07,PLANB,Media,1715.4000000000003
2023-04-05,13.83,48.08,61.91,-34.24,18.43,PLANB,Media,1681.1600000000003
2023-04-07,130.68,76.82,207.51,53.86,13.47,PLANB,Media,1735.0200000000002
2023-04-10,31.0,39.6,70.61,-8.6,16.38,PLANB,Media,1726.4200000000003
2023-04-11,11.05,21.54,32.59,-10.49,20.16,PLANB,Media,1715.9300000000003
2023-04-12,12.32,37.8,50.13,-25.48,21.96,PLANB,Media,1690.4500000000003
2023-04-17,19.34,19.62,38.96,-0.29,31.39,PLANB,Media,1690.1600000000003
2023-04-18,15.85,29.28,45.13,-13.42,39.91,PLANB,Media,1676.7400000000002
2023-04-19,9.09,9.21,18.3,-0.12,13.11,PLANB,Media,1676.6200000000003
2023-04-20,16.54,16.61,33.15,-0.07,27.45,PLANB,Media,1676.5500000000004
2023-04-21,16.84,20.08,36.92,-3.24,18.21,PLANB,Media,1673.3100000000004
2023-04-24,11.05,8.23,19.29,2.82,21.31,PLANB,Media,1676.1300000000003
2023-04-25,101.3,34.99,136.29,66.32,24.97,PLANB,Media,1742.4500000000003
2023-04-26,35.22,31.12,66.34,4.11,31.4,PLANB,Media,1746.5600000000002
2023-04-27,14.4,32.18,46.58,-17.77,27.06,PLANB,Media,1728.7900000000002
2023-04-28,28.97,67.89,96.87,-38.92,27.95,PLANB,Media,1689.8700000000001
2023-05-02,12.17,60.05,72.22,-47.87,23.37,PLANB,Media,1642.0000000000002
2023-05-03,28.11,58.86,86.98,-30.75,26.41,PLANB,Media,1611.2500000000002
2023-05-08,8.99,24.7,33.69,-15.71,12.11,PLANB,Media,1595.5400000000002
2023-05-09,4.56,34.65,39.21,-30.09,15.82,PLANB,Media,1565.4500000000003
2023-05-10,18.08,19.81,37.89,-1.73,14.44,PLANB,Media,1563.7200000000003
2023-05-11,19.15,41.25,60.4,-22.09,23.98,PLANB,Media,1541.6300000000003
2023-05-12,16.53,39.97,56.5,-23.44,18.52,PLANB,Media,1518.1900000000003
2023-05-15,6.88,25.52,32.4,-18.64,12.21,PLANB,Media,1499.5500000000002
2023-05-16,4.46,8.7,13.16,-4.24,15.15,PLANB,Media,1495.3100000000002
2023-05-17,20.31,13.38,33.69,6.92,22.43,PLANB,Media,1502.2300000000002
2023-05-18,19.42,23.8,43.22,-4.38,22.52,PLANB,Media,1497.8500000000001
2023-05-19,3.94,9.18,13.12,-5.24,12.19,PLANB,Media,1492.6100000000001
2023-05-22,23.7,30.83,54.54,-7.13,20.32,PLANB,Media,1485.48
2023-05-23,20.13,11.89,32.02,8.23,28.98,PLANB,Media,1493.71
2023-05-24,28.45,33.87,62.32,-5.43,18.68,PLANB,Media,1488.28
2023-05-25,18.99,21.48,40.47,-2.49,33.03,PLANB,Media,1485.79
2023-05-26,17.41,18.45,35.86,-1.03,20.05,PLANB,Media,1484.76
2023-05-29,28.39,22.71,51.11,5.68,21.59,PLANB,Media,1490.44
2023-05-30,22.31,13.47,35.78,8.85,25.79,PLANB,Media,1499.29
2023-05-31,73.05,51.51,124.56,21.54,38.69,PLANB,Media,1520.83
2023-06-01,33.54,48.84,82.38,-15.3,33.26,PLANB,Media,1505.53
2023-06-02,3.84,12.19,16.03,-8.35,26.02,PLANB,Media,1497.18
2023-06-06,16.77,16.92,33.69,-0.15,23.73,PLANB,Media,1497.03
2023-06-07,9.78,7.92,17.7,1.86,33.57,PLANB,Media,1498.8899999999999
2023-06-08,10.3,14.44,24.74,-4.14,20.26,PLANB,Media,1494.7499999999998
2023-06-09,21.21,13.67,34.89,7.54,21.09,PLANB,Media,1502.2899999999997
2023-06-12,7.9,14.99,22.89,-7.1,25.96,PLANB,Media,1495.1899999999998
2023-06-13,38.62,37.67,76.29,0.96,15.93,PLANB,Media,1496.1499999999999
2023-06-14,10.92,21.38,32.3,-10.46,14.23,PLANB,Media,1485.6899999999998
2023-06-15,5.53,17.38,22.91,-11.84,22.21,PLANB,Media,1473.85
2023-06-16,9.58,22.88,32.47,-13.3,16.2,PLANB,Media,1460.55
2023-06-19,5.25,10.19,15.43,-4.94,13.55,PLANB,Media,1455.61
2023-06-20,9.17,19.76,28.93,-10.6,13.38,PLANB,Media,1445.01
2023-06-21,19.97,14.81,34.78,5.15,19.09,PLANB,Media,1450.16
2023-06-22,23.79,14.48,38.27,9.31,20.23,PLANB,Media,1459.47
2023-06-23,9.55,28.05,37.6,-18.5,27.99,PLANB,Media,1440.97
2023-06-26,28.61,55.5,84.11,-26.88,24.18,PLANB,Media,1414.09
2023-06-27,6.88,10.7,17.57,-3.82,15.99,PLANB,Media,1410.27
2023-06-28,86.31,72.79,159.1,13.52,22.64,PLANB,Media,1423.79
2023-06-29,41.48,28.04,69.52,13.44,19.41,PLANB,Media,1437.23
2023-06-30,42.96,38.09,81.05,4.87,20.46,PLANB,Media,1442.1
2023-07-03,14.34,34.29,48.63,-19.95,28.49,PLANB,Media,1422.1499999999999
2023-07-04,12.05,12.78,24.83,-0.72,20.32,PLANB,Media,1421.4299999999998
2023-07-05,7.67,11.87,19.54,-4.21,14.65,PLANB,Media,1417.2199999999998
2023-07-06,7.93,16.21,24.13,-8.28,22.55,PLANB,Media,1408.9399999999998
2023-07-07,4.22,14.12,18.34,-9.91,24.97,PLANB,Media,1399.0299999999997
2023-07-10,20.91,19.08,39.99,1.83,25.34,PLANB,Media,1400.8599999999997
2023-07-11,14.21,19.58,33.78,-5.37,19.42,PLANB,Media,1395.4899999999998
2023-07-12,24.31,30.83,55.14,-6.52,25.5,PLANB,Media,1388.9699999999998
2023-07-13,3.27,16.98,20.25,-13.71,21.27,PLANB,Media,1375.2599999999998
2023-07-14,9.99,21.48,31.47,-11.48,21.79,PLANB,Media,1363.7799999999997
2023-07-17,10.86,24.36,35.23,-13.5,22.75,PLANB,Media,1350.2799999999997
2023-07-18,9.77,13.98,23.75,-4.22,28.65,PLANB,Media,1346.0599999999997
2023-07-19,17.05,32.74,49.8,-15.69,18.66,PLANB,Media,1330.3699999999997
2023-07-20,4.98,28.2,33.17,-23.22,24.26,PLANB,Media,1307.1499999999996
2023-07-21,26.79,23.29,50.08,3.51,20.86,PLANB,Media,1310.6599999999996
2023-07-24,18.86,34.52,53.38,-15.66,37.36,PLANB,Media,1294.9999999999995
2023-07-25,21.69,11.24,32.93,10.45,20.31,PLANB,Media,1305.4499999999996
2023-07-26,8.28,11.24,19.52,-2.96,32.25,PLANB,Media,1302.4899999999996
2023-07-27,32.92,28.92,61.84,4.0,22.24,PLANB,Media,1306.4899999999996
2023-07-31,8.43,19.62,28.05,-11.19,24.41,PLANB,Media,1295.2999999999995
2023-08-02,21.85,32.51,54.36,-10.67,13.71,PLANB,Media,1284.6299999999994
2023-08-03,22.74,25.89,48.62,-3.15,15.02,PLANB,Media,1281.4799999999993
2023-08-04,19.02,24.34,43.36,-5.31,25.25,PLANB,Media,1276.1699999999994
2023-08-07,8.43,13.74,22.17,-5.3,25.03,PLANB,Media,1270.8699999999994
2023-08-08,3.98,10.57,14.56,-6.59,17.65,PLANB,Media,1264.2799999999995
2023-08-09,11.53,4.99,16.53,6.54,19.07,PLANB,Media,1270.8199999999995
2023-08-10,16.26,21.1,37.36,-4.83,18.05,PLANB,Media,1265.9899999999996
2023-08-11,67.98,39.44,107.42,28.54,15.1,PLANB,Media,1294.5299999999995
2023-08-15,45.82,11.88,57.7,33.94,28.19,PLANB,Media,1328.4699999999996
2023-08-16,22.33,17.01,39.35,5.32,27.61,PLANB,Media,1333.7899999999995
2023-08-17,37.51,27.52,65.03,9.99,18.37,PLANB,Media,1343.7799999999995
2023-08-18,52.19,21.33,73.52,30.86,26.35,PLANB,Media,1374.6399999999994
2023-08-21,12.76,7.18,19.94,5.58,19.93,PLANB,Media,1380.2199999999993
2023-08-22,19.93,22.37,42.29,-2.44,18.42,PLANB,Media,1377.7799999999993
2023-08-23,57.1,9.21,66.31,47.88,22.68,PLANB,Media,1425.6599999999994
2023-08-24,52.2,17.77,69.97,34.43,21.1,PLANB,Media,1460.0899999999995
2023-08-25,22.74,13.53,36.27,9.21,22.86,PLANB,Media,1469.2999999999995
2023-08-28,25.73,33.33,59.06,-7.6,14.32,PLANB,Media,1461.6999999999996
2023-08-29,21.7,16.5,38.2,5.21,22.38,PLANB,Media,1466.9099999999996
2023-08-30,17.1,7.73,24.83,9.37,13.26,PLANB,Media,1476.2799999999995
2023-08-31,64.39,17.71,82.09,46.68,16.65,PLANB,Media,1522.9599999999996
2023-09-01,14.31,12.61,26.92,1.7,25.0,PLANB,Media,1524.6599999999996
2023-09-04,13.97,11.05,25.01,2.92,22.84,PLANB,Media,1527.5799999999997
2023-09-05,8.97,8.58,17.55,0.39,23.57,PLANB,Media,1527.9699999999998
2023-09-06,19.49,14.08,33.57,5.4,19.45,PLANB,Media,1533.37
2023-09-07,12.63,28.06,40.69,-15.43,12.92,PLANB,Media,1517.9399999999998
2023-09-08,22.64,23.61,46.25,-0.97,16.38,PLANB,Media,1516.9699999999998
2023-09-11,29.08,9.2,38.28,19.87,24.08,PLANB,Media,1536.8399999999997
2023-09-12,38.25,18.23,56.47,20.02,17.05,PLANB,Media,1556.8599999999997
2023-09-13,6.16,21.89,28.05,-15.72,27.4,PLANB,Media,1541.1399999999996
2023-09-14,20.09,36.14,56.23,-16.05,35.8,PLANB,Media,1525.0899999999997
2023-09-15,30.91,41.31,72.22,-10.4,25.84,PLANB,Media,1514.6899999999996
2023-09-18,35.08,14.76,49.83,20.32,22.77,PLANB,Media,1535.0099999999995
2023-09-19,4.81,17.05,21.87,-12.24,16.19,PLANB,Media,1522.7699999999995
2023-09-20,9.15,22.99,32.14,-13.84,22.11,PLANB,Media,1508.9299999999996
2023-09-21,15.66,11.49,27.15,4.17,21.65,PLANB,Media,1513.0999999999997
2023-09-22,23.67,13.53,37.19,10.14,15.51,PLANB,Media,1523.2399999999998
2023-09-25,6.88,20.8,27.68,-13.92,21.39,PLANB,Media,1509.3199999999997
2023-09-26,4.76,17.65,22.41,-12.89,9.98,PLANB,Media,1496.4299999999996
2023-09-27,51.46,29.32,80.78,22.14,16.6,PLANB,Media,1518.5699999999997
2023-09-28,25.97,21.07,47.04,4.9,21.1,PLANB,Media,1523.4699999999998
2023-09-29,40.82,19.4,60.22,21.42,18.17,PLANB,Media,1544.8899999999999
2023-10-02,31.26,45.14,76.41,-13.88,28.14,PLANB,Media,1531.0099999999998
2023-10-03,19.02,40.23,59.25,-21.21,19.15,PLANB,Media,1509.7999999999997
2023-10-04,17.38,32.22,49.6,-14.84,26.04,PLANB,Media,1494.9599999999998
2023-10-05,20.27,31.92,52.19,-11.65,21.61,PLANB,Media,1483.3099999999997
2023-10-06,3.4,17.26,20.66,-13.85,25.99,PLANB,Media,1469.4599999999998
2023-10-09,12.33,11.0,23.33,1.33,20.62,PLANB,Media,1470.7899999999997
2023-10-10,7.21,25.36,32.57,-18.15,24.09,PLANB,Media,1452.6399999999996
2023-10-11,25.54,29.0,54.54,-3.46,26.3,PLANB,Media,1449.1799999999996
2023-10-12,5.44,6.92,12.36,-1.48,14.94,PLANB,Media,1447.6999999999996
2023-10-16,29.45,30.96,60.41,-1.51,16.27,PLANB,Media,1446.1899999999996
2023-10-17,13.9,17.08,30.98,-3.18,11.23,PLANB,Media,1443.0099999999995
2023-10-18,24.72,20.92,45.65,3.8,14.12,PLANB,Media,1446.8099999999995
2023-10-19,23.15,26.76,49.91,-3.61,18.56,PLANB,Media,1443.1999999999996
2023-10-20,10.34,21.67,32.01,-11.33,17.79,PLANB,Media,1431.8699999999997
2023-10-24,15.41,36.11,51.53,-20.7,12.57,PLANB,Media,1411.1699999999996
2023-10-25,13.29,30.41,43.71,-17.12,12.87,PLANB,Media,1394.0499999999997
2023-10-26,12.44,9.46,21.91,2.98,13.45,PLANB,Media,1397.0299999999997
2023-10-27,4.28,18.65,22.93,-14.37,13.3,PLANB,Media,1382.6599999999999
2023-10-30,8.53,12.05,20.58,-3.52,20.45,PLANB,Media,1379.1399999999999
2023-10-31,3.62,18.34,21.96,-14.73,12.17,PLANB,Media,1364.4099999999999
2023-11-01,7.59,17.12,24.71,-9.52,17.87,PLANB,Media,1354.8899999999999
2023-11-02,12.8,17.07,29.87,-4.27,14.67,PLANB,Media,1350.62
2023-11-03,12.44,7.74,20.18,4.7,12.53,PLANB,Media,1355.32
2023-11-06,47.79,46.96,94.75,0.83,23.98,PLANB,Media,1356.1499999999999
2023-11-07,5.28,7.88,13.16,-2.6,22.09,PLANB,Media,1353.55
2023-11-08,12.02,15.22,27.23,-3.2,16.25,PLANB,Media,1350.35
2023-11-09,5.02,18.82,23.84,-13.81,20.48,PLANB,Media,1336.54
2023-11-10,6.17,21.07,27.23,-14.9,20.47,PLANB,Media,1321.6399999999999
2023-11-13,1.31,10.48,11.79,-9.18,14.1,PLANB,Media,1312.4599999999998
2023-11-14,35.3,15.78,51.08,19.52,11.49,PLANB,Media,1331.9799999999998
2023-11-15,79.3,12.39,91.68,66.91,3.99,PLANB,Media,1398.8899999999999
2023-11-16,23.64,30.62,54.27,-6.98,22.82,PLANB,Media,1391.9099999999999
2023-11-17,49.04,10.45,59.5,38.59,28.55,PLANB,Media,1430.4999999999998
2023-11-20,14.91,42.26,57.16,-27.35,14.58,PLANB,Media,1403.1499999999999
2023-11-21,10.05,8.82,18.87,1.24,11.11,PLANB,Media,1404.3899999999999
2023-11-22,10.25,12.95,23.19,-2.7,21.91,PLANB,Media,1401.6899999999998
2023-11-23,1.65,10.15,11.8,-8.5,12.48,PLANB,Media,1393.1899999999998
2023-11-24,6.62,17.75,24.37,-11.12,24.5,PLANB,Media,1382.07
2023-11-27,6.89,13.12,20.01,-6.23,16.34,PLANB,Media,1375.84
2023-11-28,15.33,7.85,23.18,7.48,14.63,PLANB,Media,1383.32
2023-11-29,14.6,19.59,34.2,-4.99,14.67,PLANB,Media,1378.33
2023-11-30,16.1,31.4,47.49,-15.3,25.05,PLANB,Media,1363.03
2023-12-01,13.8,3.63,17.44,10.17,21.87,PLANB,Media,1373.2
2023-12-04,25.46,25.52,50.98,-0.06,23.33,PLANB,Media,1373.14
2023-12-06,15.67,4.15,19.82,11.52,21.17,PLANB,Media,1384.66
2023-12-07,36.42,7.91,44.34,28.51,14.89,PLANB,Media,1413.17
2023-12-08,44.81,37.69,82.5,7.12,10.33,PLANB,Media,1420.29
2023-12-12,18.02,25.58,43.6,-7.56,17.16,PLANB,Media,1412.73
2023-12-13,8.67,22.88,31.55,-14.21,12.63,PLANB,Media,1398.52
2023-12-14,19.84,20.22,40.05,-0.38,15.05,PLANB,Media,1398.1399999999999
2023-12-15,41.36,24.97,66.33,16.39,15.08,PLANB,Media,1414.53
2023-12-18,12.49,9.27,21.76,3.22,16.58,PLANB,Media,1417.75
2023-12-19,28.54,21.88,50.42,6.65,13.76,PLANB,Media,1424.4
2023-12-20,5.57,13.59,19.17,-8.02,9.37,PLANB,Media,1416.38
2023-12-21,9.96,5.39,15.35,4.58,14.65,PLANB,Media,1420.96
2023-12-22,26.83,9.39,36.22,17.44,13.06,PLANB,Media,1438.4
2023-12-25,3.13,2.98,6.11,0.15,4.2,PLANB,Media,1438.5500000000002
2023-12-26,8.05,9.33,17.37,-1.28,9.31,PLANB,Media,1437.2700000000002
2023-12-27,17.45,3.43,20.87,14.02,11.66,PLANB,Media,1451.2900000000002
2023-12-28,10.9,18.07,28.97,-7.17,27.23,PLANB,Media,1444.1200000000001
2024-01-02,24.36,25.97,50.33,-1.6,9.63,PLANB,Media,1442.5200000000002
2024-01-03,79.37,26.46,105.82,52.91,22.98,PLANB,Media,1495.4300000000003
2024-01-04,32.14,13.55,45.69,18.59,10.67,PLANB,Media,1514.0200000000002
2024-01-05,10.86,9.76,20.62,1.1,8.34,PLANB,Media,1515.1200000000001
2024-01-08,7.75,11.79,19.55,-4.04,15.05,PLANB,Media,1511.0800000000002
2024-01-09,17.41,2.16,19.57,15.25,9.77,PLANB,Media,1526.3300000000002
2024-01-10,18.38,15.74,34.12,2.64,16.16,PLANB,Media,1528.9700000000003
2024-01-11,20.16,6.6,26.76,13.56,15.42,PLANB,Media,1542.5300000000002
2024-01-12,4.18,6.96,11.14,-2.78,13.88,PLANB,Media,1539.7500000000002
2024-01-15,14.94,14.77,29.7,0.17,14.0,PLANB,Media,1539.9200000000003
2024-01-16,4.54,11.57,16.11,-7.03,16.28,PLANB,Media,1532.8900000000003
2024-01-17,16.13,26.12,42.24,-9.99,32.9,PLANB,Media,1522.9000000000003
2024-01-18,10.17,33.49,43.66,-23.33,25.84,PLANB,Media,1499.5700000000004
2024-01-19,1.48,7.18,8.66,-5.7,2.01,PLANB,Media,1493.8700000000003
2024-01-22,4.75,15.65,20.4,-10.9,11.36,PLANB,Media,1482.9700000000003
2024-01-23,15.12,20.43,35.55,-5.3,19.66,PLANB,Media,1477.6700000000003
2024-01-24,9.8,16.2,26.0,-6.4,29.09,PLANB,Media,1471.2700000000002
2024-01-25,1.63,8.56,10.19,-6.92,19.18,PLANB,Media,1464.3500000000001
2024-01-26,2.23,31.13,33.37,-28.9,21.5,PLANB,Media,1435.45
2024-01-29,10.44,15.31,25.75,-4.86,23.47,PLANB,Media,1430.5900000000001
2024-01-30,12.05,7.64,19.69,4.41,7.6,PLANB,Media,1435.0000000000002
2024-01-31,10.17,12.84,23.0,-2.67,14.95,PLANB,Media,1432.3300000000002
2024-02-01,2.53,8.43,10.97,-5.9,10.28,PLANB,Media,1426.43
2024-02-02,12.16,28.16,40.32,-16.0,18.94,PLANB,Media,1410.43
2024-02-05,4.24,3.63,7.87,0.61,6.11,PLANB,Media,1411.04
2024-02-06,22.61,7.35,29.96,15.26,16.48,PLANB,Media,1426.3
2024-02-07,3.51,18.82,22.33,-15.31,11.95,PLANB,Media,1410.99
2024-02-08,4.75,4.4,9.16,0.35,13.08,PLANB,Media,1411.34
2024-02-09,8.97,5.37,14.33,3.6,14.35,PLANB,Media,1414.9399999999998
2024-02-12,11.34,7.24,18.57,4.1,9.29,PLANB,Media,1419.0399999999997
2024-02-13,5.93,9.99,15.92,-4.05,21.73,PLANB,Media,1414.9899999999998
2024-02-14,14.87,7.84,22.7,7.03,13.47,PLANB,Media,1422.0199999999998
2024-02-15,1.71,4.56,6.27,-2.85,25.22,PLANB,Media,1419.1699999999998
2024-02-16,2.47,17.17,19.65,-14.7,27.28,PLANB,Media,1404.4699999999998
2024-02-19,13.02,11.33,24.35,1.69,15.59,PLANB,Media,1406.1599999999999
2024-02-20,8.64,15.51,24.15,-6.87,15.68,PLANB,Media,1399.29
2024-02-21,3.49,17.6,21.09,-14.12,31.81,PLANB,Media,1385.17
2024-02-22,2.98,11.83,14.81,-8.85,16.71,PLANB,Media,1376.3200000000002
2024-02-23,3.09,8.42,11.51,-5.33,27.27,PLANB,Media,1370.9900000000002
2024-02-27,15.17,29.46,44.63,-14.29,13.81,PLANB,Media,1356.7000000000003
2024-02-28,13.35,14.17,27.52,-0.82,8.47,PLANB,Media,1355.8800000000003
2024-02-29,30.34,47.34,77.68,-17.01,21.68,PLANB,Media,1338.8700000000003
2024-03-01,26.9,8.36,35.26,18.54,28.78,PLANB,Media,1357.4100000000003
2024-03-04,7.08,4.82,11.91,2.26,19.54,PLANB,Media,1359.6700000000003
2024-03-05,25.12,19.9,45.02,5.22,32.87,PLANB,Media,1364.8900000000003
2024-03-06,2.38,6.19,8.56,-3.81,13.0,PLANB,Media,1361.0800000000004
2024-03-07,3.24,6.82,10.06,-3.59,12.27,PLANB,Media,1357.4900000000005
2024-03-08,0.79,15.93,16.72,-15.14,14.04,PLANB,Media,1342.3500000000004
2024-03-11,6.51,2.64,9.15,3.86,12.47,PLANB,Media,1346.2100000000003
2024-03-12,3.68,15.25,18.93,-11.57,16.77,PLANB,Media,1334.6400000000003
2024-03-13,6.12,11.99,18.11,-5.88,8.41,PLANB,Media,1328.7600000000002
2024-03-14,3.27,7.36,10.63,-4.08,12.41,PLANB,Media,1324.6800000000003
2024-03-15,23.06,8.6,31.67,14.46,26.85,PLANB,Media,1339.1400000000003
2024-03-18,44.27,27.19,71.46,17.08,12.74,PLANB,Media,1356.2200000000003
2024-03-19,7.98,19.59,27.57,-11.61,16.15,PLANB,Media,1344.6100000000004
2024-03-20,2.44,8.65,11.09,-6.22,13.23,PLANB,Media,1338.3900000000003
2024-03-21,0.64,11.82,12.46,-11.18,21.23,PLANB,Media,1327.2100000000003
2024-03-22,0.6,10.55,11.15,-9.95,11.13,PLANB,Media,1317.2600000000002
2024-03-25,5.06,18.51,23.57,-13.46,9.93,PLANB,Media,1303.8000000000002
2024-03-26,2.53,13.82,16.36,-11.29,20.84,PLANB,Media,1292.5100000000002
2024-03-27,5.11,6.96,12.08,-1.85,14.15,PLANB,Media,1290.6600000000003
2024-03-28,1.86,3.77,5.63,-1.91,15.39,PLANB,Media,1288.7500000000002
2024-03-29,4.16,5.23,9.4,-1.07,11.37,PLANB,Media,1287.6800000000003
2024-04-01,12.57,15.84,28.41,-3.28,22.08,PLANB,Media,1284.4000000000003
2024-04-02,6.66,14.4,21.06,-7.74,10.77,PLANB,Media,1276.6600000000003
2024-04-03,2.08,6.7,8.79,-4.62,8.58,PLANB,Media,1272.0400000000004
2024-04-04,0.1,2.76,2.86,-2.66,19.15,PLANB,Media,1269.3800000000003
2024-04-05,4.79,3.51,8.3,1.29,9.32,PLANB,Media,1270.6700000000003
2024-04-09,7.49,8.91,16.4,-1.41,21.32,PLANB,Media,1269.2600000000002
2024-04-10,21.6,9.52,31.12,12.08,17.85,PLANB,Media,1281.3400000000001
2024-04-11,3.2,3.74,6.93,-0.54,8.37,PLANB,Media,1280.8000000000002
2024-04-17,5.08,14.86,19.94,-9.78,24.71,PLANB,Media,1271.0200000000002
2024-04-18,4.03,6.49,10.52,-2.46,13.39,PLANB,Media,1268.5600000000002
2024-04-19,6.46,9.6,16.06,-3.14,19.68,PLANB,Media,1265.42
2024-04-22,1.26,12.5,13.76,-11.24,13.76,PLANB,Media,1254.18
2024-04-23,2.17,4.77,6.94,-2.6,14.19,PLANB,Media,1251.5800000000002
2024-04-24,2.91,3.39,6.29,-0.48,10.33,PLANB,Media,1251.1000000000001
2024-04-25,4.52,1.52,6.04,3.0,12.57,PLANB,Media,1254.1000000000001
2024-04-26,3.3,3.51,6.81,-0.21,19.12,PLANB,Media,1253.89
2024-04-29,4.4,1.81,6.21,2.59,20.29,PLANB,Media,1256.48
2024-04-30,17.35,3.2,20.55,14.16,23.39,PLANB,Media,1270.64
2024-05-02,10.26,5.46,15.72,4.8,8.71,PLANB,Media,1275.44
2024-05-03,8.9,5.32,14.22,3.57,26.78,PLANB,Media,1279.01
2024-05-07,11.56,11.9,23.46,-0.34,13.56,PLANB,Media,1278.67
2024-05-08,2.29,10.96,13.25,-8.66,15.97,PLANB,Media,1270.01
2024-05-09,3.13,14.78,17.91,-11.65,14.48,PLANB,Media,1258.36
2024-05-10,5.83,10.3,16.13,-4.46,12.36,PLANB,Media,1253.8999999999999
2024-05-13,14.27,9.85,24.12,4.42,19.75,PLANB,Media,1258.32
2024-05-14,2.69,3.59,6.28,-0.89,5.32,PLANB,Media,1257.4299999999998
2024-05-15,6.4,31.22,37.62,-24.82,8.14,PLANB,Media,1232.61
2024-05-16,8.34,3.17,11.52,5.17,6.13,PLANB,Media,1237.78
2024-05-17,11.95,8.14,20.09,3.81,8.73,PLANB,Media,1241.59
2024-05-20,16.75,6.97,23.72,9.78,20.71,PLANB,Media,1251.37
2024-05-21,7.83,1.61,9.44,6.21,11.1,PLANB,Media,1257.58
2024-05-23,23.53,8.03,31.56,15.5,14.68,PLANB,Media,1273.08
2024-05-24,9.6,8.11,17.72,1.49,43.88,PLANB,Media,1274.57
2024-05-27,22.8,1.46,24.26,21.35,29.4,PLANB,Media,1295.9199999999998
2024-05-28,16.05,3.59,19.64,12.46,31.37,PLANB,Media,1308.3799999999999
2024-05-29,12.47,8.34,20.81,4.13,46.68,PLANB,Media,1312.51
2024-05-30,24.75,19.6,44.35,5.14,34.43,PLANB,Media,1317.65
2024-05-31,34.78,7.01,41.79,27.77,40.03,PLANB,Media,1345.42
2024-06-04,33.0,60.95,93.95,-27.95,15.73,PLANB,Media,1317.47
2024-06-05,19.73,17.4,37.12,2.33,19.91,PLANB,Media,1319.8
2024-06-06,23.13,5.84,28.97,17.29,17.76,PLANB,Media,1337.09
2024-06-07,7.91,5.01,12.92,2.9,25.49,PLANB,Media,1339.99
2024-06-10,13.87,10.79,24.65,3.08,23.68,PLANB,Media,1343.07
2024-06-11,9.84,7.02,16.86,2.82,21.42,PLANB,Media,1345.8899999999999
2024-06-12,22.27,182.1,204.37,-159.84,24.02,PLANB,Media,1186.05
2024-06-13,22.64,19.17,41.8,3.47,28.7,PLANB,Media,1189.52
2024-06-14,8.91,12.12,21.03,-3.21,17.01,PLANB,Media,1186.31
2024-06-17,12.44,13.39,25.82,-0.95,21.39,PLANB,Media,1185.36
2024-06-18,14.53,12.71,27.25,1.82,18.11,PLANB,Media,1187.1799999999998
2024-06-19,23.27,31.17,54.43,-7.9,21.12,PLANB,Media,1179.2799999999997
2024-06-20,8.45,16.73,25.18,-8.28,19.41,PLANB,Media,1170.9999999999998
2024-06-21,27.2,213.35,240.55,-186.16,38.14,PLANB,Media,984.8399999999998
2024-06-24,20.17,29.66,49.83,-9.49,25.25,PLANB,Media,975.3499999999998
2024-06-25,9.77,15.66,25.43,-5.89,11.16,PLANB,Media,969.4599999999998
2024-06-26,5.83,4.4,10.24,1.43,16.49,PLANB,Media,970.8899999999998
2024-06-27,5.67,15.88,21.55,-10.2,18.74,PLANB,Media,960.6899999999997
2024-06-28,8.79,13.68,22.47,-4.89,18.64,PLANB,Media,955.7999999999997
2024-07-01,18.83,11.66,30.49,7.17,17.09,PLANB,Media,962.9699999999997
2024-07-02,96.94,28.69,125.63,68.25,27.3,PLANB,Media,1031.2199999999998
2024-07-03,54.82,7.61,62.43,47.21,23.64,PLANB,Media,1078.4299999999998
2024-07-04,53.4,9.35,62.75,44.05,16.41,PLANB,Media,1122.4799999999998
2024-07-05,14.74,28.15,42.89,-13.41,20.24,PLANB,Media,1109.0699999999997
2024-07-08,35.76,15.05,50.81,20.71,24.51,PLANB,Media,1129.7799999999997
2024-07-09,23.39,24.83,48.22,-1.44,36.51,PLANB,Media,1128.3399999999997
2024-07-10,20.22,7.98,28.2,12.24,21.74,PLANB,Media,1140.5799999999997
2024-07-11,15.76,8.55,24.31,7.21,16.89,PLANB,Media,1147.7899999999997
2024-07-12,15.07,4.31,19.38,10.76,21.93,PLANB,Media,1158.5499999999997
2024-07-15,25.12,5.36,30.48,19.76,19.75,PLANB,Media,1178.3099999999997
2024-07-16,20.42,5.48,25.9,14.94,13.46,PLANB,Media,1193.2499999999998
2024-07-17,8.36,6.35,14.7,2.01,15.27,PLANB,Media,1195.2599999999998
2024-07-18,8.0,9.54,17.54,-1.54,19.04,PLANB,Media,1193.7199999999998
2024-07-19,6.3,7.72,14.02,-1.42,10.46,PLANB,Media,1192.2999999999997
2024-07-23,14.48,18.87,33.35,-4.39,22.85,PLANB,Media,1187.9099999999996
2024-07-24,9.22,4.59,13.82,4.63,25.53,PLANB,Media,1192.5399999999997
2024-07-25,5.89,10.63,16.52,-4.74,33.07,PLANB,Media,1187.7999999999997
2024-07-26,5.61,24.38,30.0,-18.77,17.39,PLANB,Media,1169.0299999999997
2024-07-30,4.11,8.23,12.35,-4.12,12.36,PLANB,Media,1164.9099999999999
2024-07-31,12.95,41.04,53.99,-28.09,12.43,PLANB,Media,1136.82
2024-08-01,8.14,18.5,26.64,-10.35,18.43,PLANB,Media,1126.47
2024-08-02,27.16,5.51,32.67,21.65,16.63,PLANB,Media,1148.1200000000001
2024-08-05,36.72,17.07,53.79,19.65,24.83,PLANB,Media,1167.7700000000002
2024-08-06,21.57,22.2,43.77,-0.63,22.39,PLANB,Media,1167.14
2024-08-07,10.09,18.63,28.72,-8.55,22.3,PLANB,Media,1158.5900000000001
2024-08-08,5.25,2.68,7.94,2.57,14.11,PLANB,Media,1161.16
2024-08-09,14.78,18.75,33.53,-3.97,31.26,PLANB,Media,1157.19
2024-08-13,6.03,13.41,19.44,-7.39,27.47,PLANB,Media,1149.8
2024-08-14,10.07,12.03,22.1,-1.96,21.23,PLANB,Media,1147.84
2024-08-15,18.79,38.85,57.63,-20.06,30.31,PLANB,Media,1127.78
2024-08-16,17.73,14.49,32.21,3.24,20.71,PLANB,Media,1131.02
2024-08-19,15.0,28.1,43.11,-13.1,24.84,PLANB,Media,1117.92
2024-08-20,10.95,16.71,27.66,-5.76,29.96,PLANB,Media,1112.16
2024-08-21,5.05,22.44,27.49,-17.39,25.53,PLANB,Media,1094.77
2024-08-22,4.47,11.97,16.44,-7.5,29.92,PLANB,Media,1087.27
2024-08-23,14.73,66.57,81.3,-51.84,27.79,PLANB,Media,1035.43
2024-08-26,2.55,25.0,27.55,-22.45,30.14,PLANB,Media,1012.98
2024-08-27,8.0,38.46,46.46,-30.46,18.53,PLANB,Media,982.52
2024-08-28,5.04,30.16,35.2,-25.13,21.18,PLANB,Media,957.39
2024-08-29,1.75,19.92,21.67,-18.17,11.85,PLANB,Media,939.22
2024-08-30,23.66,15.08,38.74,8.58,11.63,PLANB,Media,947.8000000000001
2024-09-02,2.65,8.34,11.0,-5.69,9.27,PLANB,Media,942.11
2024-09-03,13.42,28.16,41.57,-14.74,11.1,PLANB,Media,927.37
2024-09-04,5.78,14.71,20.48,-8.93,9.76,PLANB,Media,918.44
2024-09-05,15.14,16.03,31.16,-0.89,12.74,PLANB,Media,917.5500000000001
2024-09-06,4.6,13.5,18.1,-8.9,25.34,PLANB,Media,908.6500000000001
2024-09-09,8.73,9.86,18.59,-1.12,18.4,PLANB,Media,907.5300000000001
2024-09-10,33.97,7.45,41.42,26.52,16.73,PLANB,Media,934.0500000000001
2024-09-11,9.46,4.97,14.43,4.49,19.68,PLANB,Media,938.5400000000001
2024-09-12,10.09,2.92,13.01,7.17,19.41,PLANB,Media,945.71
2024-09-13,15.57,4.62,20.19,10.95,20.06,PLANB,Media,956.6600000000001
2024-09-16,25.71,14.64,40.35,11.07,13.96,PLANB,Media,967.7300000000001
2024-09-17,19.48,3.06,22.54,16.43,20.36,PLANB,Media,984.1600000000001
2024-09-18,4.37,12.07,16.44,-7.7,11.51,PLANB,Media,976.46
2024-09-19,2.22,8.02,10.24,-5.8,8.63,PLANB,Media,970.6600000000001
2024-09-20,7.51,8.86,16.37,-1.35,6.87,PLANB,Media,969.3100000000001
2024-09-23,1.86,3.42,5.28,-1.56,9.04,PLANB,Media,967.7500000000001
2024-09-24,6.39,6.63,13.03,-0.24,15.04,PLANB,Media,967.5100000000001
2024-09-25,12.55,8.56,21.12,3.99,12.57,PLANB,Media,971.5000000000001
2024-09-26,13.42,4.96,18.39,8.46,14.71,PLANB,Media,979.9600000000002
2024-09-27,30.68,7.05,37.73,23.64,21.16,PLANB,Media,1003.6000000000001
2024-09-30,10.92,16.0,26.92,-5.08,12.17,PLANB,Media,998.5200000000001
2024-10-01,4.48,4.49,8.97,-0.01,17.28,PLANB,Media,998.5100000000001
2024-10-02,5.7,16.4,22.1,-10.7,21.4,PLANB,Media,987.8100000000001
2024-10-03,22.75,6.15,28.9,16.61,16.54,PLANB,Media,1004.4200000000001
2024-10-04,28.52,12.84,41.36,15.68,18.16,PLANB,Media,1020.1
2024-10-07,8.67,7.74,16.41,0.93,20.39,PLANB,Media,1021.03
2024-10-08,16.68,5.06,21.74,11.63,21.5,PLANB,Media,1032.66
2024-10-09,29.38,4.27,33.66,25.11,27.33,PLANB,Media,1057.77
2024-10-10,25.01,1.24,26.25,23.77,11.88,PLANB,Media,1081.54
2024-10-11,50.05,31.36,81.41,18.68,11.02,PLANB,Media,1100.22
2024-10-15,38.75,64.29,103.04,-25.53,15.62,PLANB,Media,1074.69
2024-10-16,18.3,15.55,33.84,2.75,14.63,PLANB,Media,1077.44
2024-10-17,10.69,9.31,20.0,1.38,10.11,PLANB,Media,1078.8200000000002
2024-10-18,29.81,20.71,50.52,9.1,16.73,PLANB,Media,1087.92
2024-10-21,15.1,4.48,19.57,10.62,10.76,PLANB,Media,1098.54
2024-10-22,24.82,6.93,31.75,17.9,15.63,PLANB,Media,1116.44
2024-10-24,10.37,11.08,21.45,-0.71,22.97,PLANB,Media,1115.73
2024-10-25,30.28,14.71,44.99,15.58,20.04,PLANB,Media,1131.31
2024-10-28,14.06,8.42,22.49,5.64,13.66,PLANB,Media,1136.95
2024-10-29,3.82,8.82,12.63,-5.0,16.76,PLANB,Media,1131.95
2024-10-30,7.11,7.25,14.36,-0.15,7.94,PLANB,Media,1131.8
2024-10-31,13.96,62.6,76.57,-48.64,27.41,PLANB,Media,1083.1599999999999
2024-11-01,10.44,32.35,42.8,-21.91,28.05,PLANB,Media,1061.2499999999998
2024-11-04,18.17,17.78,35.95,0.38,27.9,PLANB,Media,1061.6299999999999
2024-11-05,7.78,4.29,12.07,3.49,9.98,PLANB,Media,1065.12
2024-11-06,7.59,14.14,21.72,-6.55,20.85,PLANB,Media,1058.57
2024-11-07,1.68,8.67,10.35,-6.99,22.04,PLANB,Media,1051.58
2024-11-08,12.86,14.36,27.22,-1.5,20.13,PLANB,Media,1050.08
2024-11-11,8.63,18.96,27.59,-10.34,9.19,PLANB,Media,1039.74
2024-11-12,2.2,10.72,12.92,-8.53,26.93,PLANB,Media,1031.21
2024-11-13,4.48,25.29,29.77,-20.81,15.51,PLANB,Media,1010.4000000000001
2024-11-14,11.41,14.34,25.75,-2.93,12.01,PLANB,Media,1007.4700000000001
2024-11-15,6.12,6.69,12.8,-0.57,11.66,PLANB,Media,1006.9000000000001
2024-11-18,22.51,10.45,32.95,12.06,16.97,PLANB,Media,1018.96
2024-11-19,13.85,3.21,17.06,10.64,11.62,PLANB,Media,1029.6000000000001
2024-11-20,4.29,1.53,5.82,2.76,5.22,PLANB,Media,1032.3600000000001
2024-11-21,12.77,14.81,27.57,-2.04,19.24,PLANB,Media,1030.3200000000002
2024-11-22,13.12,7.23,20.35,5.9,32.58,PLANB,Media,1036.2200000000003
2024-11-25,4.43,17.91,22.34,-13.48,31.18,PLANB,Media,1022.7400000000002
2024-11-26,1.87,6.67,8.53,-4.8,25.71,PLANB,Media,1017.9400000000003
2024-11-27,5.1,23.37,28.47,-18.27,17.6,PLANB,Media,999.6700000000003
2024-11-28,4.73,8.43,13.16,-3.7,11.1,PLANB,Media,995.9700000000003
2024-11-29,3.91,6.71,10.62,-2.81,6.52,PLANB,Media,993.1600000000003
2024-12-02,3.35,2.89,6.24,0.46,20.79,PLANB,Media,993.6200000000003
2024-12-03,6.81,5.09,11.89,1.72,12.09,PLANB,Media,995.3400000000004
2024-12-04,3.86,5.15,9.0,-1.29,14.39,PLANB,Media,994.0500000000004
2024-12-06,9.82,5.45,15.28,4.37,10.73,PLANB,Media,998.4200000000004
2024-12-09,4.17,3.89,8.06,0.28,15.39,PLANB,Media,998.7000000000004
2024-12-11,10.05,5.97,16.02,4.08,20.1,PLANB,Media,1002.7800000000004
2024-12-12,3.72,17.13,20.85,-13.4,20.73,PLANB,Media,989.3800000000005
2024-12-13,6.96,5.58,12.55,1.38,10.53,PLANB,Media,990.7600000000004
2024-12-16,11.17,3.84,15.01,7.33,10.89,PLANB,Media,998.0900000000005
2024-12-17,5.46,12.7,18.16,-7.24,25.6,PLANB,Media,990.8500000000005
2024-12-18,3.08,6.71,9.79,-3.63,21.83,PLANB,Media,987.2200000000005
2024-12-19,6.59,7.59,14.18,-1.01,9.52,PLANB,Media,986.2100000000005
2024-12-20,2.35,3.68,6.03,-1.33,6.94,PLANB,Media,984.8800000000005
2024-12-23,14.32,7.86,22.18,6.46,19.83,PLANB,Media,991.3400000000005
2024-12-24,22.91,2.95,25.86,19.96,20.39,PLANB,Media,1011.3000000000005
2024-12-25,5.35,5.11,10.45,0.24,10.22,PLANB,Media,1011.5400000000005
2024-12-26,10.74,6.82,17.56,3.92,11.81,PLANB,Media,1015.4600000000005
2024-12-27,6.5,4.37,10.88,2.13,11.88,PLANB,Media,1017.5900000000005
2024-12-30,6.9,6.72,13.62,0.18,18.67,PLANB,Media,1017.7700000000004
2025-01-02,16.63,26.39,43.02,-9.76,20.65,PLANB,Media,1008.0100000000004
2025-01-03,7.95,17.13,25.08,-9.19,13.23,PLANB,Media,998.8200000000004
2025-01-06,19.4,10.11,29.51,9.28,15.86,PLANB,Media,1008.1000000000004
2025-01-07,14.45,5.36,19.81,9.09,10.31,PLANB,Media,1017.1900000000004
2025-01-08,3.23,4.28,7.52,-1.05,6.11,PLANB,Media,1016.1400000000004
2025-01-09,10.32,13.97,24.28,-3.65,11.53,PLANB,Media,1012.4900000000005
2025-01-10,21.76,20.36,42.12,1.4,10.29,PLANB,Media,1013.8900000000004
2025-01-13,20.08,44.33,64.41,-24.24,23.15,PLANB,Media,989.6500000000004
2025-01-14,22.36,15.44,37.8,6.93,15.57,PLANB,Media,996.5800000000004
2025-01-15,24.59,10.78,35.38,13.81,17.98,PLANB,Media,1010.3900000000003
2025-01-16,4.98,9.31,14.29,-4.33,24.03,PLANB,Media,1006.0600000000003
2025-01-17,15.09,12.6,27.7,2.49,19.66,PLANB,Media,1008.5500000000003
2025-01-20,2.37,4.6,6.97,-2.24,21.97,PLANB,Media,1006.3100000000003
2025-01-21,2.7,4.89,7.59,-2.18,13.08,PLANB,Media,1004.1300000000003
2025-01-22,2.71,8.13,10.84,-5.41,13.25,PLANB,Media,998.7200000000004
2025-01-23,2.1,9.9,12.0,-7.79,16.42,PLANB,Media,990.9300000000004
2025-01-24,4.1,3.65,7.75,0.45,12.71,PLANB,Media,991.3800000000005
2025-01-27,1.46,4.39,5.85,-2.93,7.64,PLANB,Media,988.4500000000005
2025-01-28,2.05,13.65,15.7,-11.6,8.5,PLANB,Media,976.8500000000005
2025-01-29,4.17,1.03,5.2,3.14,4.69,PLANB,Media,979.9900000000005
2025-01-30,2.32,1.42,3.74,0.9,5.06,PLANB,Media,980.8900000000004
2025-01-31,1.53,6.1,7.63,-4.57,8.36,PLANB,Media,976.3200000000004
2025-02-03,7.98,5.15,13.13,2.84,7.16,PLANB,Media,979.1600000000004
2025-02-04,1.89,6.27,8.17,-4.38,12.36,PLANB,Media,974.7800000000004
2025-02-05,2.91,6.97,9.87,-4.06,8.05,PLANB,Media,970.7200000000005
2025-02-06,0.93,2.35,3.28,-1.42,9.22,PLANB,Media,969.3000000000005
2025-02-07,7.13,7.66,14.79,-0.54,10.46,PLANB,Media,968.7600000000006
2025-02-10,3.88,9.32,13.2,-5.44,10.84,PLANB,Media,963.3200000000005
2025-02-11,7.88,5.89,13.77,1.99,9.53,PLANB,Media,965.3100000000005
2025-02-13,14.84,16.48,31.33,-1.64,5.6,PLANB,Media,963.6700000000005
2025-02-14,13.05,7.04,20.09,6.01,7.01,PLANB,Media,969.6800000000005
2025-02-17,19.19,6.41,25.6,12.78,9.1,PLANB,Media,982.4600000000005
2025-02-18,4.32,10.02,14.33,-5.7,14.75,PLANB,Media,976.7600000000004
2025-02-19,2.86,5.84,8.7,-2.98,3.75,PLANB,Media,973.7800000000004
2025-02-20,3.65,3.38,7.03,0.28,6.24,PLANB,Media,974.0600000000004
2025-02-21,7.64,20.57,28.21,-12.93,2.13,PLANB,Media,961.1300000000005
2025-02-24,3.49,8.87,12.36,-5.39,25.81,PLANB,Media,955.7400000000005
2025-02-25,22.49,23.63,46.12,-1.14,30.92,PLANB,Media,954.6000000000005
2025-02-26,8.83,39.47,48.29,-30.64,26.74,PLANB,Media,923.9600000000005
2025-02-27,5.41,5.28,10.69,0.13,27.17,PLANB,Media,924.0900000000005
2025-02-28,31.85,19.85,51.7,12.0,34.2,PLANB,Media,936.0900000000005
2025-03-03,24.23,8.66,32.89,15.57,14.8,PLANB,Media,951.6600000000005
2025-03-04,24.18,17.78,41.96,6.4,22.59,PLANB,Media,958.0600000000005
2025-03-05,19.34,4.24,23.58,15.1,18.26,PLANB,Media,973.1600000000005
2025-03-06,12.14,8.16,20.3,3.98,25.52,PLANB,Media,977.1400000000006
2025-03-07,6.27,3.0,9.26,3.27,15.25,PLANB,Media,980.4100000000005
2025-03-10,7.01,6.47,13.49,0.54,30.46,PLANB,Media,980.9500000000005
2025-03-11,20.93,12.55,33.48,8.38,17.89,PLANB,Media,989.3300000000005
2025-03-12,22.35,35.39,57.74,-13.04,18.61,PLANB,Media,976.2900000000005
2025-03-13,6.86,6.15,13.02,0.71,29.67,PLANB,Media,977.0000000000006
2025-03-14,24.06,4.86,28.92,19.2,7.57,PLANB,Media,996.2000000000006
2025-03-17,29.19,7.52,36.71,21.67,10.71,PLANB,Media,1017.8700000000006
2025-03-18,21.43,11.54,32.97,9.89,28.43,PLANB,Media,1027.7600000000007
2025-03-19,10.21,3.87,14.08,6.34,11.72,PLANB,Media,1034.1000000000006
2025-03-20,22.77,8.25,31.02,14.52,13.92,PLANB,Media,1048.6200000000006
2025-03-21,14.35,9.36,23.71,5.0,20.3,PLANB,Media,1053.6200000000006
2025-03-24,16.4,8.63,25.03,7.77,22.25,PLANB,Media,1061.3900000000006
2025-03-25,13.66,8.44,22.1,5.22,22.67,PLANB,Media,1066.6100000000006
2025-03-26,2.99,10.0,12.99,-7.01,8.46,PLANB,Media,1059.6000000000006
2025-03-27,11.43,18.43,29.87,-7.0,10.42,PLANB,Media,1052.6000000000006
2025-03-28,1.98,3.0,4.98,-1.03,9.71,PLANB,Media,1051.5700000000006
2025-03-31,11.79,5.52,17.31,6.27,27.01,PLANB,Media,1057.8400000000006
2025-04-01,6.01,4.45,10.47,1.56,18.78,PLANB,Media,1059.4000000000005
2025-04-02,9.3,11.99,21.29,-2.69,22.28,PLANB,Media,1056.7100000000005
2025-04-03,6.33,6.66,13.0,-0.33,28.05,PLANB,Media,1056.3800000000006
2025-04-04,8.35,5.6,13.95,2.75,17.38,PLANB,Media,1059.1300000000006
2025-04-08,20.11,10.77,30.88,9.33,19.97,PLANB,Media,1068.4600000000005
2025-04-09,6.86,14.8,21.66,-7.95,23.86,PLANB,Media,1060.5100000000004
2025-04-10,3.68,10.67,14.35,-6.99,12.82,PLANB,Media,1053.5200000000004
2025-04-11,17.8,3.02,20.81,14.78,22.99,PLANB,Media,1068.3000000000004
2025-04-16,12.13,5.83,17.96,6.3,24.33,PLANB,Media,1074.6000000000004
2025-04-17,8.47,3.04,11.52,5.43,17.57,PLANB,Media,1080.0300000000004
2025-04-18,7.52,3.65,11.17,3.87,20.52,PLANB,Media,1083.9000000000003
2025-04-21,10.37,12.46,22.83,-2.09,20.3,PLANB,Media,1081.8100000000004
2025-04-22,19.16,2.24,21.41,16.92,17.26,PLANB,Media,1098.7300000000005
2025-04-23,4.51,2.66,7.17,1.85,10.21,PLANB,Media,1100.5800000000004
2025-04-24,29.15,3.06,32.21,26.08,24.59,PLANB,Media,1126.6600000000003
2025-04-25,30.37,8.36,38.73,22.01,18.1,PLANB,Media,1148.6700000000003
2025-04-28,63.91,9.18,73.09,54.73,25.67,PLANB,Media,1203.4000000000003
2025-04-29,29.24,16.53,45.76,12.71,25.77,PLANB,Media,1216.1100000000004
2025-04-30,20.89,21.4,42.29,-0.52,19.54,PLANB,Media,1215.5900000000004
2025-05-02,30.46,8.51,38.97,21.95,16.94,PLANB,Media,1237.5400000000004
2025-05-06,18.95,19.81,38.76,-0.86,21.88,PLANB,Media,1236.6800000000005
2025-05-07,60.12,22.63,82.76,37.49,24.97,PLANB,Media,1274.1700000000005
2025-05-08,34.43,20.59,55.01,13.84,21.08,PLANB,Media,1288.0100000000004
2025-05-09,25.27,11.87,37.14,13.4,32.3,PLANB,Media,1301.4100000000005
2025-05-13,79.49,37.41,116.9,42.08,39.55,PLANB,Media,1343.4900000000005
2025-05-14,24.75,18.56,43.31,6.19,22.06,PLANB,Media,1349.6800000000005
2025-05-15,48.03,23.65,71.68,24.38,27.09,PLANB,Media,1374.0600000000006
2025-05-16,53.69,31.51,85.2,22.19,18.96,PLANB,Media,1396.2500000000007
2025-05-19,37.3,70.36,107.66,-33.06,38.19,PLANB,Media,1363.1900000000007
2025-05-20,29.9,32.4,62.29,-2.5,22.16,PLANB,Media,1360.6900000000007
2025-05-21,16.56,32.39,48.94,-15.83,24.25,PLANB,Media,1344.8600000000008
2025-05-22,18.93,18.44,37.37,0.49,31.99,PLANB,Media,1345.3500000000008
2025-05-23,24.7,17.56,42.26,7.15,21.62,PLANB,Media,1352.500000000001
2025-05-26,3.59,14.36,17.94,-10.77,22.83,PLANB,Media,1341.730000000001
2025-05-27,4.17,21.43,25.6,-17.26,24.72,PLANB,Media,1324.470000000001
2025-05-28,5.96,17.55,23.51,-11.58,18.56,PLANB,Media,1312.890000000001
2025-05-29,16.86,26.94,43.8,-10.07,17.79,PLANB,Media,1302.820000000001
2025-05-30,34.85,37.03,71.88,-2.18,43.38,PLANB,Media,1300.640000000001
2025-06-04,40.11,28.52,68.63,11.58,24.2,PLANB,Media,1312.220000000001
2025-06-05,26.49,21.77,48.25,4.72,19.65,PLANB,Media,1316.940000000001
2025-06-06,30.96,51.07,82.03,-20.11,11.78,PLANB,Media,1296.830000000001
2025-06-09,18.15,6.94,25.08,11.21,24.42,PLANB,Media,1308.040000000001
2025-06-10,41.35,19.86,61.21,21.5,18.32,PLANB,Media,1329.540000000001
2025-06-11,15.39,15.08,30.47,0.3,13.28,PLANB,Media,1329.840000000001
2025-06-12,17.53,13.98,31.51,3.55,23.26,PLANB,Media,1333.390000000001
2025-06-13,13.75,22.71,36.46,-8.97,20.54,PLANB,Media,1324.420000000001
2025-06-16,7.76,20.32,28.07,-12.56,23.13,PLANB,Media,1311.860000000001
2025-06-17,9.05,7.56,16.6,1.49,19.83,PLANB,Media,1313.350000000001
2025-06-18,5.64,13.01,18.65,-7.37,21.33,PLANB,Media,1305.9800000000012
2025-06-19,14.71,18.63,33.34,-3.93,16.61,PLANB,Media,1302.050000000001
2025-06-20,111.06,6.06,117.11,105.0,37.13,PLANB,Media,1407.050000000001
2025-06-23,20.06,10.34,30.39,9.72,34.68,PLANB,Media,1416.7700000000011
2025-06-24,33.9,18.45,52.35,15.45,20.04,PLANB,Media,1432.2200000000012
2025-06-25,23.27,22.24,45.51,1.03,22.39,PLANB,Media,1433.2500000000011
2025-06-26,14.1,30.4,44.49,-16.3,19.32,PLANB,Media,1416.9500000000012
2025-06-27,3.84,15.0,18.84,-11.15,21.72,PLANB,Media,1405.800000000001
2025-06-30,7.29,13.68,20.98,-6.39,22.32,PLANB,Media,1399.410000000001
2025-07-01,15.4,15.92,31.32,-0.52,21.97,PLANB,Media,1398.890000000001
2025-07-02,14.49,8.41,22.9,6.08,22.51,PLANB,Media,1404.970000000001
2025-07-03,12.45,8.61,21.06,3.84,25.15,PLANB,Media,1408.8100000000009
2025-07-04,0.62,14.24,14.86,-13.62,20.77,PLANB,Media,1395.190000000001
2025-07-07,5.62,5.33,10.95,0.29,33.45,PLANB,Media,1395.480000000001
2025-07-08,1.87,1.24,3.12,0.63,22.48,PLANB,Media,1396.110000000001
2025-07-09,10.89,16.71,27.6,-5.82,27.68,PLANB,Media,1390.290000000001
2025-07-11,12.73,7.52,20.25,5.21,44.47,PLANB,Media,1395.5000000000011
2025-07-14,8.33,15.69,24.02,-7.36,33.86,PLANB,Media,1388.1400000000012
2025-07-15,9.71,11.51,21.22,-1.8,21.26,PLANB,Media,1386.3400000000013
2025-07-16,6.48,10.92,17.41,-4.44,18.85,PLANB,Media,1381.9000000000012
2025-07-17,3.79,4.43,8.21,-0.64,21.81,PLANB,Media,1381.2600000000011
2025-07-18,4.94,5.81,10.75,-0.86,20.94,PLANB,Media,1380.4000000000012
2025-07-21,15.61,30.07,45.68,-14.47,16.62,PLANB,Media,1365.9300000000012
2025-07-22,5.34,11.01,16.35,-5.67,15.99,PLANB,Media,1360.2600000000011
2025-07-23,4.72,13.4,18.11,-8.68,11.46,PLANB,Media,1351.580000000001
2025-07-24,14.92,20.88,35.8,-5.96,12.3,PLANB,Media,1345.620000000001
2025-07-25,5.56,4.8,10.36,0.76,7.07,PLANB,Media,1346.380000000001
2025-07-29,3.03,3.66,6.69,-0.63,16.55,PLANB,Media,1345.750000000001
2025-07-30,14.54,5.68,20.22,8.87,13.28,PLANB,Media,1354.6200000000008
2025-07-31,11.98,25.89,37.87,-13.91,11.68,PLANB,Media,1340.7100000000007
2025-08-01,12.84,5.03,17.88,7.81,13.9,PLANB,Media,1348.5200000000007
2025-08-04,9.88,5.57,15.45,4.31,20.0,PLANB,Media,1352.8300000000006
2025-08-05,12.74,2.23,14.97,10.51,10.42,PLANB,Media,1363.3400000000006
2025-08-06,7.74,7.18,14.92,0.56,7.95,PLANB,Media,1363.9000000000005
2025-08-07,17.82,16.31,34.14,1.51,16.73,PLANB,Media,1365.4100000000005
2025-08-08,11.15,12.78,23.93,-1.63,19.24,PLANB,Media,1363.7800000000004
2025-08-13,27.55,17.16,44.72,10.39,14.23,PLANB,Media,1374.1700000000005
2025-08-14,22.54,14.09,36.63,8.45,16.04,PLANB,Media,1382.6200000000006
2025-08-15,40.51,19.56,60.07,20.95,13.87,PLANB,Media,1403.5700000000006
2025-08-18,31.6,20.67,52.28,10.93,19.03,PLANB,Media,1414.5000000000007
2025-08-19,10.56,9.28,19.84,1.29,19.15,PLANB,Media,1415.7900000000006
2025-08-20,31.92,8.88,40.81,23.04,3.42,PLANB,Media,1438.8300000000006
2025-08-21,25.41,20.71,46.12,4.7,25.64,PLANB,Media,1443.5300000000007
2025-08-22,26.42,24.24,50.67,2.18,18.97,PLANB,Media,1445.7100000000007
2025-08-25,26.41,32.96,59.37,-6.55,17.94,PLANB,Media,1439.1600000000008
2025-08-26,24.39,35.29,59.68,-10.9,19.01,PLANB,Media,1428.2600000000007
2025-08-27,14.84,19.03,33.87,-4.18,17.85,PLANB,Media,1424.0800000000006
2025-08-28,42.87,31.21,74.08,11.66,20.36,PLANB,Media,1435.7400000000007
2025-08-29,49.32,53.42,102.74,-4.1,18.96,PLANB,Media,1431.6400000000008
2025-09-01,40.09,19.59,59.67,20.5,21.51,PLANB,Media,1452.1400000000008
2025-09-02,26.42,23.0,49.42,3.42,18.73,PLANB,Media,1455.5600000000009
2025-09-03,46.95,83.37,130.32,-36.42,15.82,PLANB,Media,1419.1400000000008
2025-09-04,14.19,26.13,40.32,-11.95,13.01,PLANB,Media,1407.1900000000007
2025-09-05,58.73,19.15,77.87,39.58,12.32,PLANB,Media,1446.7700000000007
2025-09-08,24.01,36.83,60.84,-12.82,15.13,PLANB,Media,1433.9500000000007
2025-09-09,37.58,29.93,67.51,7.66,20.92,PLANB,Media,1441.6100000000008
2025-09-10,11.91,24.28,36.19,-12.36,21.86,PLANB,Media,1429.250000000001
2025-09-11,29.88,17.83,47.7,12.05,13.28,PLANB,Media,1441.3000000000009
2025-09-12,10.72,12.76,23.48,-2.04,25.41,PLANB,Media,1439.260000000001
2025-09-15,12.63,5.47,18.09,7.16,11.01,PLANB,Media,1446.420000000001
2025-09-16,32.21,9.22,41.44,22.99,16.96,PLANB,Media,1469.410000000001
2025-09-17,24.31,22.04,46.35,2.26,22.8,PLANB,Media,1471.670000000001
2025-09-18,9.88,31.08,40.95,-21.2,20.0,PLANB,Media,1450.470000000001
2025-09-19,18.47,62.52,80.99,-44.06,17.84,PLANB,Media,1406.410000000001
2025-09-22,15.41,16.07,31.49,-0.66,17.12,PLANB,Media,1405.750000000001
2025-09-23,11.19,33.6,44.79,-22.41,24.39,PLANB,Media,1383.3400000000008
2025-09-24,8.58,24.45,33.03,-15.86,22.17,PLANB,Media,1367.480000000001
2025-09-25,8.35,19.58,27.93,-11.23,23.9,PLANB,Media,1356.250000000001
2025-09-26,4.0,13.98,17.98,-9.98,16.65,PLANB,Media,1346.270000000001
2025-09-29,15.42,16.05,31.47,-0.63,20.78,PLANB,Media,1345.6400000000008
2025-09-30,27.84,38.1,65.94,-10.26,18.59,PLANB,Media,1335.3800000000008
2025-10-01,24.06,20.59,44.65,3.47,17.06,PLANB,Media,1338.8500000000008
2025-10-02,29.64,21.05,50.69,8.59,16.5,PLANB,Media,1347.4400000000007
2025-10-03,4.24,18.98,23.23,-14.74,22.17,PLANB,Media,1332.7000000000007
2025-10-06,2.64,5.55,8.19,-2.9,16.86,PLANB,Media,1329.8000000000006
2025-10-07,2.99,5.35,8.35,-2.36,18.66,PLANB,Media,1327.4400000000007
2025-10-08,6.63,7.1,13.73,-0.47,14.54,PLANB,Media,1326.9700000000007
2025-10-09,0.85,4.62,5.47,-3.77,14.95,PLANB,Media,1323.2000000000007
2025-10-10,1.28,5.08,6.36,-3.8,23.81,PLANB,Media,1319.4000000000008
2025-10-14,8.07,22.66,30.74,-14.59,20.65,PLANB,Media,1304.8100000000009
2025-10-15,7.11,10.71,17.82,-3.59,21.22,PLANB,Media,1301.220000000001
2025-10-16,9.78,30.47,40.25,-20.69,29.05,PLANB,Media,1280.5300000000009
2025-10-17,8.2,29.66,37.86,-21.46,13.67,PLANB,Media,1259.0700000000008
2025-10-20,10.02,10.25,20.27,-0.22,25.42,PLANB,Media,1258.8500000000008
2025-10-21,4.1,6.12,10.21,-2.02,18.75,PLANB,Media,1256.8300000000008
2025-10-22,11.09,14.97,26.06,-3.88,29.64,PLANB,Media,1252.9500000000007
2025-10-24,5.05,12.65,17.7,-7.6,17.94,PLANB,Media,1245.3500000000008
2025-10-27,18.09,26.69,44.78,-8.6,14.31,PLANB,Media,1236.750000000001
2025-10-28,8.55,19.06,27.61,-10.5,17.27,PLANB,Media,1226.250000000001
2025-10-29,7.12,29.08,36.2,-21.96,13.33,PLANB,Media,1204.2900000000009
2025-10-30,26.61,36.17,62.78,-9.57,13.96,PLANB,Media,1194.720000000001
2025-10-31,12.18,18.35,30.53,-6.17,18.47,PLANB,Media,1188.5500000000009
2025-11-03,53.68,34.43,88.11,19.25,21.31,PLANB,Media,1207.8000000000009
2025-11-04,19.91,27.29,47.2,-7.38,20.14,PLANB,Media,1200.4200000000008
2025-11-05,5.83,15.59,21.42,-9.76,12.54,PLANB,Media,1190.6600000000008
2025-11-06,9.8,12.65,22.45,-2.85,18.87,PLANB,Media,1187.8100000000009
2025-11-07,3.66,14.22,17.88,-10.56,17.75,PLANB,Media,1177.250000000001
2025-11-10,7.1,18.39,25.5,-11.29,15.52,PLANB,Media,1165.960000000001
2025-11-11,3.64,15.22,18.86,-11.58,10.64,PLANB,Media,1154.380000000001
2025-11-12,19.48,22.54,42.02,-3.07,13.91,PLANB,Media,1151.310000000001
2025-11-13,9.91,4.91,14.82,5.0,12.72,PLANB,Media,1156.310000000001
2025-11-14,8.36,14.32,22.68,-5.96,16.24,PLANB,Media,1150.350000000001
2025-11-17,34.41,21.66,56.07,12.75,18.02,PLANB,Media,1163.100000000001
2025-11-18,45.69,13.77,59.46,31.92,14.08,PLANB,Media,1195.0200000000011
2025-11-19,12.33,29.55,41.88,-17.22,19.87,PLANB,Media,1177.800000000001
2025-11-20,19.13,24.1,43.24,-4.97,21.51,PLANB,Media,1172.830000000001
2025-11-21,9.04,14.99,24.02,-5.95,11.77,PLANB,Media,1166.880000000001
2025-11-24,26.0,36.15,62.15,-10.14,37.6,PLANB,Media,1156.740000000001
2025-11-25,8.94,9.56,18.5,-0.61,17.44,PLANB,Media,1156.130000000001
2025-11-26,6.21,19.33,25.54,-13.12,12.79,PLANB,Media,1143.0100000000011
2025-11-27,7.86,9.39,17.25,-1.53,20.32,PLANB,Media,1141.4800000000012
2025-11-28,3.9,16.85,20.75,-12.96,17.27,PLANB,Media,1128.5200000000011
2025-12-01,11.46,12.25,23.71,-0.78,27.19,PLANB,Media,1127.7400000000011
2025-12-02,14.64,14.86,29.5,-0.22,15.18,PLANB,Media,1127.5200000000011
2025-12-03,4.7,21.34,26.03,-16.64,22.57,PLANB,Media,1110.880000000001
2025-12-04,4.85,20.26,25.11,-15.41,18.17,PLANB,Media,1095.470000000001
2025-12-08,15.41,14.34,29.74,1.07,19.91,PLANB,Media,1096.5400000000009
2025-12-09,14.48,21.19,35.67,-6.71,25.46,PLANB,Media,1089.8300000000008
2025-12-11,9.17,24.6,33.76,-15.43,17.69,PLANB,Media,1074.4000000000008
2025-12-12,36.81,20.14,56.95,16.67,15.54,PLANB,Media,1091.0700000000008
2025-12-15,16.52,2.7,19.22,13.82,17.31,PLANB,Media,1104.8900000000008
2025-12-16,2.84,16.04,18.87,-13.2,20.99,PLANB,Media,1091.6900000000007
2025-12-17,12.8,8.81,21.61,3.99,21.04,PLANB,Media,1095.6800000000007
2025-12-18,4.88,25.86,30.75,-20.98,12.77,PLANB,Media,1074.7000000000007
2025-12-19,9.09,1.68,10.78,7.41,17.89,PLANB,Media,1082.1100000000008
2025-12-22,3.69,3.21,6.9,0.49,14.6,PLANB,Media,1082.6000000000008
2025-12-23,22.41,4.95,27.36,17.46,29.82,PLANB,Media,1100.0600000000009
2025-12-24,7.44,7.04,14.48,0.39,19.64,PLANB,Media,1100.450000000001
2025-12-25,2.43,14.63,17.06,-12.2,12.19,PLANB,Media,1088.250000000001
2025-12-26,3.32,3.45,6.77,-0.12,11.34,PLANB,Media,1088.130000000001
2025-12-29,5.53,6.4,11.93,-0.87,20.28,PLANB,Media,1087.2600000000011
2025-12-30,17.1,56.88,73.97,-39.78,16.49,PLANB,Media,1047.4800000000012
2026-01-05,10.19,10.19,20.37,0.0,17.56,PLANB,Media,1047.4800000000012
2026-01-06,3.82,7.0,10.82,-3.18,10.4,PLANB,Media,1044.300000000001
2026-01-07,9.59,12.0,21.6,-2.41,23.76,PLANB,Media,1041.890000000001
2026-01-08,0.65,5.07,5.72,-4.43,9.8,PLANB,Media,1037.460000000001
2026-01-09,7.91,6.73,14.64,1.18,13.52,PLANB,Media,1038.640000000001
2026-01-12,9.97,6.8,16.77,3.16,18.58,PLANB,Media,1041.800000000001
2026-01-13,26.06,15.04,41.1,11.02,18.62,PLANB,Media,1052.820000000001
2026-01-14,54.98,19.47,74.46,35.51,18.92,PLANB,Media,1088.330000000001
2026-01-15,40.68,36.8,77.47,3.88,17.57,PLANB,Media,1092.2100000000012
2026-01-16,9.24,13.25,22.49,-4.01,20.92,PLANB,Media,1088.2000000000012
2026-01-19,14.65,19.94,34.59,-5.29,17.57,PLANB,Media,1082.9100000000012
2026-01-20,25.9,16.95,42.85,8.96,33.79,PLANB,Media,1091.8700000000013
2026-01-21,18.5,12.05,30.55,6.46,17.72,PLANB,Media,1098.3300000000013
2026-01-22,19.62,17.43,37.05,2.19,21.39,PLANB,Media,1100.5200000000013
2026-01-23,7.56,8.66,16.22,-1.1,28.64,PLANB,Media,1099.4200000000014
2026-01-26,26.93,26.76,53.69,0.16,42.92,PLANB,Media,1099.5800000000015
2026-01-27,17.88,7.83,25.71,10.05,19.02,PLANB,Media,1109.6300000000015
2026-01-28,7.71,13.26,20.97,-5.55,23.26,PLANB,Media,1104.0800000000015
2026-01-29,9.88,20.25,30.13,-10.36,24.3,PLANB,Media,1093.7200000000016
2026-01-30,8.76,4.91,13.67,3.85,21.16,PLANB,Media,1097.5700000000015
2026-02-02,6.66,8.91,15.58,-2.25,22.73,PLANB,Media,1095.3200000000015
2026-02-03,28.45,5.21,33.66,23.24,27.21,PLANB,Media,1118.5600000000015
2026-02-04,5.9,19.41,25.31,-13.5,23.03,PLANB,Media,1105.0600000000015
2026-02-05,38.16,7.57,45.73,30.59,22.26,PLANB,Media,1135.6500000000015
2026-02-06,12.14,21.73,33.87,-9.59,22.3,PLANB,Media,1126.0600000000015
2026-02-09,42.88,11.17,54.05,31.71,17.13,PLANB,Media,1157.7700000000016
2026-02-10,65.96,22.32,88.28,43.63,20.15,PLANB,Media,1201.4000000000017
2026-02-11,31.46,29.49,60.95,1.97,19.23,PLANB,Media,1203.3700000000017
2026-02-12,17.5,25.83,43.33,-8.34,21.54,PLANB,Media,1195.0300000000018
2026-02-13,78.54,35.89,114.43,42.65,14.29,PLANB,Media,1237.6800000000019
2026-02-16,58.8,55.74,114.54,3.06,24.56,PLANB,Media,1240.7400000000018
2026-02-17,39.16,34.28,73.44,4.88,21.85,PLANB,Media,1245.620000000002
2026-02-18,96.44,39.23,135.67,57.21,17.77,PLANB,Media,1302.830000000002
2026-02-19,53.23,56.39,109.62,-3.16,15.95,PLANB,Media,1299.670000000002
2026-02-20,101.46,63.22,164.67,38.24,19.25,PLANB,Media,1337.910000000002
2026-02-23,94.76,54.84,149.6,39.91,27.69,PLANB,Media,1377.820000000002
2026-02-24,105.73,81.87,187.59,23.86,26.97,PLANB,Media,1401.6800000000019
2026-02-25,29.1,78.02,107.12,-48.92,28.59,PLANB,Media,1352.7600000000018
2026-02-26,21.01,46.9,67.91,-25.89,28.56,PLANB,Media,1326.8700000000017
2026-02-27,174.5,114.64,289.14,59.86,35.96,PLANB,Media,1386.7300000000016
2026-03-02,50.73,36.54,87.27,14.2,22.06,PLANB,Media,1400.9300000000017
2026-03-04,69.8,54.2,124.0,15.6,34.92,PLANB,Media,1416.5300000000016
2026-03-05,41.43,36.17,77.6,5.26,32.12,PLANB,Media,1421.7900000000016
2026-03-06,13.27,17.39,30.66,-4.12,25.81,PLANB,Media,1417.6700000000017
2026-03-09,37.63,22.52,60.16,15.11,41.59,PLANB,Media,1432.7800000000016
2026-03-10,23.49,36.5,60.0,-13.01,31.07,PLANB,Media,1419.7700000000016
2026-03-11,16.91,17.05,33.96,-0.15,25.41,PLANB,Media,1419.6200000000015
2026-03-12,21.41,24.28,45.69,-2.88,27.4,PLANB,Media,1416.7400000000014
2026-03-13,13.54,32.73,46.27,-19.19,26.91,PLANB,Media,1397.5500000000013
2026-03-16,41.22,35.11,76.33,6.1,24.98,PLANB,Media,1403.6500000000012
2026-03-17,21.08,13.54,34.62,7.54,27.46,PLANB,Media,1411.1900000000012
2026-03-18,30.77,77.07,107.84,-46.3,36.89,PLANB,Media,1364.8900000000012
2026-03-19,22.91,17.83,40.75,5.08,21.41,PLANB,Media,1369.9700000000012
2026-03-20,44.74,26.37,71.11,18.37,33.72,PLANB,Media,1388.340000000001
2026-03-23,19.21,22.84,42.05,-3.63,23.04,PLANB,Media,1384.710000000001
2026-03-24,19.52,24.11,43.63,-4.58,36.97,PLANB,Media,1380.130000000001
2026-03-25,6.32,21.84,28.16,-15.51,26.03,PLANB,Media,1364.620000000001
2026-03-26,15.86,14.52,30.38,1.34,19.34,PLANB,Media,1365.960000000001
2026-03-27,8.69,7.61,16.3,1.08,33.97,PLANB,Media,1367.0400000000009
2026-03-30,11.5,8.84,20.34,2.65,31.42,PLANB,Media,1369.690000000001
2026-03-31,33.93,37.04,70.98,-3.11,22.87,PLANB,Media,1366.580000000001
2026-04-01,11.55,23.83,35.37,-12.28,14.41,PLANB,Media,1354.300000000001
2026-04-02,12.54,15.63,28.17,-3.1,37.17,PLANB,Media,1351.2000000000012
2026-04-03,4.26,12.97,17.23,-8.71,28.4,PLANB,Media,1342.4900000000011
2026-04-07,8.49,9.79,18.28,-1.3,27.56,PLANB,Media,1341.1900000000012
2026-04-08,15.97,19.7,35.66,-3.73,19.38,PLANB,Media,1337.4600000000012
2026-04-09,5.15,19.99,25.14,-14.84,13.99,PLANB,Media,1322.6200000000013
2026-04-10,0.66,1.84,2.5,-1.18,21.49,PLANB,Media,1321.4400000000012
2026-04-16,17.87,10.74,28.61,7.13,28.89,PLANB,Media,1328.5700000000013
2026-04-17,10.57,15.5,26.08,-4.93,14.76,PLANB,Media,1323.6400000000012
2026-04-20,10.93,14.35,25.28,-3.42,15.76,PLANB,Media,1320.2200000000012
2026-04-21,31.6,31.6,63.19,0.0,13.32,PLANB,Media,1320.2200000000012
2026-04-22,9.94,23.68,33.62,-13.74,15.04,PLANB,Media,1306.4800000000012
2026-04-23,23.47,16.61,40.08,6.86,19.09,PLANB,Media,1313.340000000001
2026-04-24,19.11,17.79,36.91,1.32,23.52,PLANB,Media,1314.660000000001
2026-04-27,9.22,24.23,33.45,-15.02,17.19,PLANB,Media,1299.640000000001
2026-04-28,24.68,24.75,49.44,-0.07,20.48,PLANB,Media,1299.570000000001
2026-04-29,7.8,16.04,23.85,-8.24,19.0,PLANB,Media,1291.330000000001
2026-04-30,11.13,22.81,33.94,-11.67,16.75,PLANB,Media,1279.660000000001
2026-05-05,35.86,28.69,64.55,7.17,19.57,PLANB,Media,1286.830000000001
2026-05-06,16.26,19.49,35.74,-3.23,22.58,PLANB,Media,1283.600000000001
2026-05-07,10.41,23.22,33.63,-12.81,15.01,PLANB,Media,1270.790000000001
2026-05-08,5.71,19.34,25.04,-13.63,20.28,PLANB,Media,1257.160000000001
2026-05-11,16.82,16.79,33.61,0.02,24.6,PLANB,Media,1257.180000000001
2026-05-12,13.63,15.58,29.2,-1.95,17.38,PLANB,Media,1255.230000000001
2026-05-13,11.78,17.73,29.51,-5.96,17.33,PLANB,Media,1249.270000000001
2026-05-14,28.8,28.28,57.08,0.52,15.34,PLANB,Media,1249.7900000000009
2026-05-15,52.22,35.16,87.38,17.06,19.09,PLANB,Media,1266.8500000000008
2026-05-18,20.92,19.57,40.49,1.34,15.14,PLANB,Media,1268.1900000000007
2026-05-19,22.88,11.27,34.16,11.61,15.47,PLANB,Media,1279.8000000000006
2026-05-20,13.38,33.77,47.15,-20.39,15.83,PLANB,Media,1259.4100000000005
2026-05-21,7.04,21.32,28.37,-14.28,14.3,PLANB,Media,1245.1300000000006
2026-05-22,6.06,12.78,18.83,-6.72,10.22,PLANB,Media,1238.4100000000005
2026-05-25,5.18,10.99,16.17,-5.81,13.23,PLANB,Media,1232.6000000000006
2026-05-26,9.86,21.79,31.64,-11.93,12.98,PLANB,Media,1220.6700000000005
2026-05-27,3.19,18.46,21.65,-15.27,17.33,PLANB,Media,1205.4000000000005
2026-05-28,14.26,17.36,31.62,-3.11,19.17,PLANB,Media,1202.2900000000006
2026-05-29,17.4,20.73,38.13,-3.33,18.22,PLANB,Media,1198.9600000000007
2026-06-02,17.37,24.84,42.21,-7.46,25.01,PLANB,Media,1191.5000000000007
2026-06-04,17.97,25.95,43.92,-7.98,20.35,PLANB,Media,1183.5200000000007
2026-06-05,11.94,26.98,38.92,-15.03,18.98,PLANB,Media,1168.4900000000007
2026-06-08,15.31,19.17,34.49,-3.86,18.49,PLANB,Media,1164.6300000000008
2026-06-09,3.2,8.79,11.99,-5.59,9.06,PLANB,Media,1159.0400000000009
2026-06-10,22.66,30.0,52.66,-7.35,17.02,PLANB,Media,1151.690000000001
2026-06-11,28.84,11.81,40.64,17.03,19.66,PLANB,Media,1168.720000000001
2026-06-12,20.7,16.18,36.88,4.52,24.97,PLANB,Media,1173.240000000001
2026-06-15,9.38,19.3,28.68,-9.91,17.62,PLANB,Media,1163.3300000000008
2026-06-16,10.18,9.17,19.35,1.01,21.73,PLANB,Media,1164.3400000000008
2026-06-17,39.59,20.42,60.01,19.18,11.22,PLANB,Media,1183.520000000001
2026-06-18,12.28,29.53,41.82,-17.25,14.89,PLANB,Media,1166.270000000001
2026-06-19,9.83,20.93,30.76,-11.1,20.66,PLANB,Media,1155.170000000001
2026-06-22,5.5,6.34,11.84,-0.84,8.4,PLANB,Media,1154.330000000001
2026-06-23,10.03,8.33,18.35,1.7,14.61,PLANB,Media,1156.030000000001
2026-06-24,18.98,10.14,29.12,8.84,16.43,PLANB,Media,1164.870000000001
2026-06-25,118.94,30.32,149.26,88.62,18.45,PLANB,Media,1253.4900000000011
2026-06-26,49.38,30.65,80.03,18.73,21.35,PLANB,Media,1272.2200000000012
2026-06-29,30.49,65.92,96.41,-35.43,15.73,PLANB,Media,1236.790000000001
2026-06-30,62.75,40.81,103.55,21.94,20.65,PLANB,Media,1258.7300000000012
2026-07-01,70.44,112.16,182.59,-41.72,13.16,PLANB,Media,1217.0100000000011
2026-07-02,53.57,59.74,113.31,-6.17,14.92,PLANB,Media,1210.840000000001
2026-07-03,39.6,24.05,63.64,15.55,10.28,PLANB,Media,1226.390000000001
2026-07-06,55.14,32.92,88.05,22.22,22.15,PLANB,Media,1248.610000000001
2026-07-07,29.7,34.34,64.04,-4.64,14.32,PLANB,Media,1243.970000000001
2026-07-08,29.98,31.32,61.3,-1.33,10.84,PLANB,Media,1242.640000000001
2026-07-09,84.53,33.45,117.98,51.08,21.47,PLANB,Media,1293.720000000001
2026-07-10,200.31,53.45,253.76,146.86,18.22,PLANB,Media,1440.5800000000008
2026-07-13,83.6,114.19,197.79,-30.59,21.43,PLANB,Media,1409.990000000001
2026-07-14,63.85,50.88,114.73,12.97,20.61,PLANB,Media,1422.960000000001
2026-07-15,46.19,68.64,114.83,-22.45,14.85,PLANB,Media,1400.510000000001
2026-07-16,23.99,35.73,59.72,-11.73,22.1,PLANB,Media,1388.7800000000009
2026-07-17,58.74,26.06,84.8,32.68,21.47,PLANB,Media,1421.460000000001
2026-07-20,38.91,34.21,73.12,4.7,24.03,PLANB,Media,1426.160000000001
2026-07-21,14.17,17.56,31.73,-3.39,19.64,PLANB,Media,1422.770000000001
2026-07-22,36.51,53.97,90.48,-17.46,18.77,PLANB,Media,1405.3100000000009
2026-07-23,61.35,62.14,123.49,-0.79,17.16,PLANB,Media,1404.520000000001
2026-07-24,47.59,72.94,120.53,-25.35,13.23,PLANB,Media,1379.170000000001
2026-07-27,29.99,26.01,56.0,3.97,16.12,PLANB,Media,1383.140000000001
2026-07-30,50.78,33.22,84.0,17.57,20.72,PLANB,Media,1400.710000000001
2026-07-31,11.3,13.5,24.8,-2.21,12.84,PLANB,Media,1398.500000000001
2026-08-03,12.37,12.51,24.88,-0.15,23.47,PLANB,Media,1398.3500000000008
2026-08-04,39.79,28.76,68.55,11.03,36.23,PLANB,Media,1409.3800000000008
2026-08-05,13.37,8.48,21.85,4.89,17.43,PLANB,Media,1414.270000000001
2026-08-06,16.33,11.71,28.05,4.62,22.38,PLANB,Media,1418.8900000000008
2026-08-07,27.14,9.91,37.05,17.23,30.1,PLANB,Media,1436.1200000000008
2026-08-10,61.56,5.87,67.43,55.69,29.13,PLANB,Media,1491.8100000000009
2026-08-11,51.27,29.35,80.63,21.92,23.48,PLANB,Media,1513.730000000001
2026-08-13,84.71,16.65,101.37,68.06,28.37,PLANB,Media,1581.7900000000009
2026-08-14,72.14,45.31,117.45,26.83,21.01,PLANB,Media,1608.6200000000008
2026-08-17,154.57,102.95,257.52,51.62,20.73,PLANB,Media,1660.2400000000007
2026-08-18,59.31,54.12,113.43,5.18,20.0,PLANB,Media,1665.4200000000008
2026-08-19,50.15,42.32,92.46,7.83,14.65,PLANB,Media,1673.2500000000007
2026-08-20,61.47,65.57,127.04,-4.09,18.64,PLANB,Media,1669.1600000000008
2026-08-21,29.14,38.08,67.21,-8.94,23.28,PLANB,Media,1660.2200000000007
2026-08-24,25.11,39.86,64.97,-14.74,6.31,PLANB,Media,1645.4800000000007
2026-08-25,31.3,64.44,95.74,-33.14,21.74,PLANB,Media,1612.3400000000006
2026-08-26,38.02,38.32,76.34,-0.29,18.79,PLANB,Media,1612.0500000000006
2026-08-27,6.98,80.98,87.96,-74.0,21.11,PLANB,Media,1538.0500000000006
