date,buy_mb,sell_mb,buy_sell_mb,net_mb,nvdr_pct,symbol,sector,cumulative_net_mb
2020-01-02,6.9,10.15,17.05,-3.25,10.94,PRM,Trans,-3.25
2020-01-03,4.75,2.1,6.85,2.65,9.46,PRM,Trans,-0.6000000000000001
2020-01-06,23.94,13.14,37.08,10.8,20.87,PRM,Trans,10.200000000000001
2020-01-07,2.21,11.01,13.23,-8.8,10.84,PRM,Trans,1.4000000000000004
2020-01-08,5.89,8.1,13.99,-2.22,6.67,PRM,Trans,-0.8199999999999998
2020-01-09,11.87,11.1,22.97,0.77,10.6,PRM,Trans,-0.04999999999999982
2020-01-10,3.69,4.07,7.76,-0.38,10.87,PRM,Trans,-0.4299999999999998
2020-01-13,6.19,4.7,10.88,1.49,11.14,PRM,Trans,1.06
2020-01-14,2.22,2.85,5.07,-0.62,12.16,PRM,Trans,0.44000000000000006
2020-01-15,1.44,1.35,2.79,0.09,14.36,PRM,Trans,0.53
2020-01-16,5.02,5.45,10.48,-0.43,12.25,PRM,Trans,0.10000000000000003
2020-01-17,3.74,3.07,6.82,0.67,9.33,PRM,Trans,0.77
2020-01-20,2.6,3.84,6.45,-1.24,16.98,PRM,Trans,-0.47
2020-01-21,1.53,3.6,5.13,-2.07,10.96,PRM,Trans,-2.54
2020-01-22,1.21,4.12,5.33,-2.91,12.89,PRM,Trans,-5.45
2020-01-23,4.59,12.86,17.45,-8.28,11.95,PRM,Trans,-13.73
2020-01-24,6.95,1.34,8.29,5.61,17.81,PRM,Trans,-8.120000000000001
2020-01-27,1.98,6.1,8.08,-4.12,12.8,PRM,Trans,-12.240000000000002
2020-01-28,5.95,3.36,9.32,2.59,26.99,PRM,Trans,-9.650000000000002
2020-01-29,2.11,1.45,3.56,0.66,11.95,PRM,Trans,-8.990000000000002
2020-01-30,5.64,3.02,8.66,2.62,16.45,PRM,Trans,-6.370000000000002
2020-01-31,5.24,3.24,8.49,2.0,17.22,PRM,Trans,-4.370000000000002
2020-02-03,7.08,5.12,12.2,1.96,20.47,PRM,Trans,-2.410000000000002
2020-02-04,8.23,2.47,10.7,5.77,11.01,PRM,Trans,3.3599999999999977
2020-02-05,7.32,4.34,11.66,2.98,12.72,PRM,Trans,6.339999999999998
2020-02-06,0.95,2.44,3.39,-1.48,8.27,PRM,Trans,4.859999999999998
2020-02-07,3.32,1.23,4.54,2.09,11.73,PRM,Trans,6.9499999999999975
2020-02-11,1.03,2.85,3.88,-1.83,7.91,PRM,Trans,5.119999999999997
2020-02-12,6.61,2.15,8.76,4.46,7.42,PRM,Trans,9.579999999999998
2020-02-13,1.43,3.21,4.64,-1.78,6.43,PRM,Trans,7.799999999999998
2020-02-14,2.09,2.87,4.96,-0.78,6.84,PRM,Trans,7.019999999999998
2020-02-17,0.67,2.33,2.99,-1.66,6.53,PRM,Trans,5.359999999999998
2020-02-18,2.12,1.93,4.05,0.18,15.82,PRM,Trans,5.539999999999997
2020-02-19,0.95,3.7,4.65,-2.75,11.67,PRM,Trans,2.7899999999999974
2020-02-20,9.82,4.5,14.31,5.32,17.19,PRM,Trans,8.109999999999998
2020-02-21,3.55,3.04,6.59,0.51,11.15,PRM,Trans,8.619999999999997
2020-02-24,1.74,11.32,13.06,-9.58,18.63,PRM,Trans,-0.9600000000000026
2020-02-25,4.62,12.57,17.19,-7.94,18.06,PRM,Trans,-8.900000000000002
2020-02-26,4.82,8.21,13.02,-3.39,12.68,PRM,Trans,-12.290000000000003
2020-02-27,6.64,2.9,9.53,3.74,19.36,PRM,Trans,-8.550000000000002
2020-02-28,3.74,4.84,8.58,-1.1,20.06,PRM,Trans,-9.650000000000002
2020-03-02,8.48,6.16,14.65,2.32,13.24,PRM,Trans,-7.330000000000002
2020-03-03,7.81,4.02,11.82,3.79,13.86,PRM,Trans,-3.540000000000002
2020-03-04,10.44,3.9,14.34,6.55,13.49,PRM,Trans,3.009999999999998
2020-03-05,17.15,3.66,20.81,13.49,13.34,PRM,Trans,16.5
2020-03-06,5.97,9.33,15.3,-3.36,10.96,PRM,Trans,13.14
2020-03-09,18.4,5.57,23.97,12.84,13.14,PRM,Trans,25.98
2020-03-10,21.08,6.14,27.22,14.93,16.87,PRM,Trans,40.91
2020-03-11,69.39,47.66,117.05,21.72,15.32,PRM,Trans,62.629999999999995
2020-03-12,18.86,23.89,42.75,-5.04,13.59,PRM,Trans,57.589999999999996
2020-03-13,8.35,19.39,27.74,-11.04,11.08,PRM,Trans,46.55
2020-03-16,16.44,10.99,27.43,5.45,22.41,PRM,Trans,52.0
2020-03-17,8.13,20.13,28.26,-12.01,23.77,PRM,Trans,39.99
2020-03-18,8.34,29.48,37.82,-21.13,34.17,PRM,Trans,18.860000000000003
2020-03-19,10.02,11.86,21.88,-1.84,19.79,PRM,Trans,17.020000000000003
2020-03-20,11.39,4.88,16.28,6.51,11.16,PRM,Trans,23.53
2020-03-23,3.39,7.85,11.24,-4.46,14.0,PRM,Trans,19.07
2020-03-24,9.05,8.15,17.2,0.9,17.24,PRM,Trans,19.97
2020-03-25,13.05,16.52,29.56,-3.47,17.0,PRM,Trans,16.5
2020-03-26,5.82,10.33,16.15,-4.51,16.02,PRM,Trans,11.99
2020-03-27,20.64,7.39,28.03,13.25,25.65,PRM,Trans,25.240000000000002
2020-03-30,3.16,5.42,8.58,-2.26,20.95,PRM,Trans,22.980000000000004
2020-03-31,7.12,7.71,14.82,-0.59,14.43,PRM,Trans,22.390000000000004
2020-04-01,3.67,11.6,15.27,-7.94,18.74,PRM,Trans,14.450000000000003
2020-04-02,19.91,12.47,32.38,7.45,18.63,PRM,Trans,21.900000000000002
2020-04-03,11.39,17.27,28.67,-5.88,19.32,PRM,Trans,16.020000000000003
2020-04-07,15.28,18.61,33.89,-3.33,17.93,PRM,Trans,12.690000000000003
2020-04-08,8.07,8.32,16.39,-0.25,13.6,PRM,Trans,12.440000000000003
2020-04-09,9.94,9.93,19.87,0.0,11.64,PRM,Trans,12.440000000000003
2020-04-10,6.75,2.96,9.71,3.78,15.16,PRM,Trans,16.220000000000002
2020-04-13,2.29,2.57,4.86,-0.28,7.78,PRM,Trans,15.940000000000003
2020-04-14,5.61,8.07,13.68,-2.46,10.35,PRM,Trans,13.480000000000004
2020-04-15,11.12,11.05,22.17,0.08,10.3,PRM,Trans,13.560000000000004
2020-04-16,16.84,15.18,32.02,1.66,13.15,PRM,Trans,15.220000000000004
2020-04-17,10.32,11.83,22.16,-1.51,15.25,PRM,Trans,13.710000000000004
2020-04-20,42.73,17.51,60.23,25.22,22.72,PRM,Trans,38.93000000000001
2020-04-21,59.43,26.45,85.88,32.98,19.73,PRM,Trans,71.91
2020-04-22,12.15,33.08,45.24,-20.93,15.85,PRM,Trans,50.98
2020-04-23,22.71,9.57,32.28,13.13,16.0,PRM,Trans,64.11
2020-04-24,42.19,19.48,61.67,22.71,23.88,PRM,Trans,86.82
2020-04-27,20.1,3.35,23.45,16.74,26.03,PRM,Trans,103.55999999999999
2020-04-28,12.29,7.67,19.96,4.61,18.87,PRM,Trans,108.16999999999999
2020-04-29,13.72,8.45,22.17,5.26,19.85,PRM,Trans,113.42999999999999
2020-04-30,20.57,4.28,24.85,16.29,22.48,PRM,Trans,129.72
2020-05-05,12.32,4.9,17.21,7.42,15.92,PRM,Trans,137.14
2020-05-07,26.86,11.06,37.92,15.8,19.25,PRM,Trans,152.94
2020-05-08,18.76,7.77,26.53,10.99,16.72,PRM,Trans,163.93
2020-05-11,32.97,11.76,44.72,21.21,20.43,PRM,Trans,185.14000000000001
2020-05-12,31.09,24.77,55.86,6.32,19.25,PRM,Trans,191.46
2020-05-13,73.73,86.07,159.8,-12.35,24.81,PRM,Trans,179.11
2020-05-14,8.38,64.76,73.14,-56.38,18.91,PRM,Trans,122.73000000000002
2020-05-15,13.3,17.38,30.68,-4.08,1.85,PRM,Trans,118.65000000000002
2020-05-18,99.21,69.8,169.01,29.42,21.9,PRM,Trans,148.07000000000002
2020-05-19,24.31,16.76,41.07,7.55,14.23,PRM,Trans,155.62000000000003
2020-05-20,29.88,22.7,52.58,7.19,13.73,PRM,Trans,162.81000000000003
2020-05-21,40.98,33.01,73.99,7.97,19.03,PRM,Trans,170.78000000000003
2020-05-22,73.31,22.87,96.18,50.45,23.3,PRM,Trans,221.23000000000002
2020-05-25,46.21,14.66,60.87,31.55,31.87,PRM,Trans,252.78000000000003
2020-05-26,52.72,23.49,76.2,29.23,20.42,PRM,Trans,282.01000000000005
2020-05-27,43.97,43.53,87.5,0.44,15.15,PRM,Trans,282.45000000000005
2020-05-28,8.89,41.79,50.69,-32.9,16.18,PRM,Trans,249.55000000000004
2020-05-29,35.77,40.11,75.88,-4.33,29.53,PRM,Trans,245.22000000000003
2020-06-01,51.65,62.81,114.46,-11.16,27.55,PRM,Trans,234.06000000000003
2020-06-02,70.43,59.21,129.64,11.23,27.46,PRM,Trans,245.29000000000002
2020-06-04,80.81,25.0,105.81,55.81,25.7,PRM,Trans,301.1
2020-06-05,86.2,39.74,125.94,46.46,41.36,PRM,Trans,347.56
2020-06-08,257.5,65.07,322.57,192.43,39.61,PRM,Trans,539.99
2020-06-09,23.26,47.52,70.78,-24.26,19.59,PRM,Trans,515.73
2020-06-10,28.17,17.05,45.22,11.11,28.92,PRM,Trans,526.84
2020-06-11,41.73,25.89,67.62,15.83,18.46,PRM,Trans,542.6700000000001
2020-06-12,62.17,39.36,101.52,22.81,22.85,PRM,Trans,565.48
2020-06-15,28.95,52.59,81.54,-23.64,18.56,PRM,Trans,541.84
2020-06-16,43.92,35.24,79.16,8.68,30.18,PRM,Trans,550.52
2020-06-17,25.83,27.89,53.72,-2.05,19.1,PRM,Trans,548.47
2020-06-18,36.59,22.18,58.77,14.41,28.91,PRM,Trans,562.88
2020-06-19,90.53,17.1,107.62,73.43,30.56,PRM,Trans,636.31
2020-06-22,37.32,29.62,66.93,7.7,34.47,PRM,Trans,644.01
2020-06-23,72.98,19.09,92.07,53.89,41.33,PRM,Trans,697.9
2020-06-24,87.29,60.62,147.91,26.67,32.58,PRM,Trans,724.5699999999999
2020-06-25,74.21,15.72,89.93,58.48,33.72,PRM,Trans,783.05
2020-06-26,15.99,20.52,36.51,-4.53,26.47,PRM,Trans,778.52
2020-06-29,7.69,11.64,19.33,-3.95,17.58,PRM,Trans,774.5699999999999
2020-06-30,12.19,13.46,25.65,-1.27,18.86,PRM,Trans,773.3
2020-07-01,7.16,33.24,40.4,-26.08,17.52,PRM,Trans,747.2199999999999
2020-07-02,8.42,16.26,24.68,-7.84,18.91,PRM,Trans,739.3799999999999
2020-07-03,9.42,18.05,27.47,-8.64,18.41,PRM,Trans,730.7399999999999
2020-07-07,28.94,1.54,30.48,27.39,11.37,PRM,Trans,758.1299999999999
2020-07-08,37.01,23.58,60.59,13.43,15.65,PRM,Trans,771.5599999999998
2020-07-09,230.56,172.53,403.09,58.04,22.1,PRM,Trans,829.5999999999998
2020-07-10,89.82,172.81,262.63,-82.99,9.89,PRM,Trans,746.6099999999998
2020-07-13,115.39,85.48,200.87,29.91,14.35,PRM,Trans,776.5199999999998
2020-07-14,86.12,79.69,165.81,6.43,14.25,PRM,Trans,782.9499999999997
2020-07-15,14.59,43.09,57.68,-28.49,12.56,PRM,Trans,754.4599999999997
2020-07-16,23.6,15.55,39.15,8.04,16.44,PRM,Trans,762.4999999999997
2020-07-17,150.91,104.39,255.3,46.53,19.41,PRM,Trans,809.0299999999996
2020-07-20,62.52,60.99,123.5,1.53,14.2,PRM,Trans,810.5599999999996
2020-07-21,26.45,22.85,49.3,3.6,11.89,PRM,Trans,814.1599999999996
2020-07-22,38.87,25.14,64.01,13.72,15.77,PRM,Trans,827.8799999999997
2020-07-23,49.87,33.78,83.65,16.1,25.51,PRM,Trans,843.9799999999997
2020-07-24,33.65,40.79,74.44,-7.14,14.31,PRM,Trans,836.8399999999997
2020-07-29,15.51,39.75,55.26,-24.24,16.38,PRM,Trans,812.5999999999997
2020-07-30,169.97,72.64,242.61,97.32,13.35,PRM,Trans,909.9199999999996
2020-07-31,45.95,108.82,154.78,-62.87,17.49,PRM,Trans,847.0499999999996
2020-08-03,45.1,111.98,157.08,-66.89,13.29,PRM,Trans,780.1599999999996
2020-08-04,41.72,76.17,117.89,-34.44,20.79,PRM,Trans,745.7199999999996
2020-08-05,31.03,38.25,69.28,-7.22,21.82,PRM,Trans,738.4999999999995
2020-08-06,55.75,68.76,124.51,-13.01,14.05,PRM,Trans,725.4899999999996
2020-08-07,15.38,23.17,38.54,-7.79,10.53,PRM,Trans,717.6999999999996
2020-08-10,21.69,9.6,31.29,12.1,10.17,PRM,Trans,729.7999999999996
2020-08-11,93.87,101.65,195.51,-7.78,14.87,PRM,Trans,722.0199999999996
2020-08-13,64.63,121.92,186.55,-57.29,12.33,PRM,Trans,664.7299999999997
2020-08-14,40.08,44.44,84.53,-4.36,13.26,PRM,Trans,660.3699999999997
2020-08-17,54.57,44.04,98.61,10.53,20.22,PRM,Trans,670.8999999999996
2020-08-18,47.69,21.91,69.6,25.78,15.3,PRM,Trans,696.6799999999996
2020-08-19,81.48,42.16,123.64,39.31,21.81,PRM,Trans,735.9899999999996
2020-08-20,39.49,26.65,66.14,12.84,20.2,PRM,Trans,748.8299999999996
2020-08-21,24.5,30.66,55.15,-6.16,25.39,PRM,Trans,742.6699999999996
2020-08-24,42.31,63.67,105.98,-21.36,26.0,PRM,Trans,721.3099999999996
2020-08-25,26.51,45.77,72.28,-19.25,21.9,PRM,Trans,702.0599999999996
2020-08-26,93.63,55.72,149.35,37.91,16.91,PRM,Trans,739.9699999999996
2020-08-27,22.27,77.78,100.05,-55.5,16.3,PRM,Trans,684.4699999999996
2020-08-28,30.22,54.23,84.46,-24.01,15.57,PRM,Trans,660.4599999999996
2020-08-31,24.17,33.37,57.54,-9.2,15.7,PRM,Trans,651.2599999999995
2020-09-01,41.85,21.15,63.0,20.7,20.19,PRM,Trans,671.9599999999996
2020-09-02,20.04,9.34,29.38,10.7,16.4,PRM,Trans,682.6599999999996
2020-09-03,33.45,24.06,57.51,9.39,18.09,PRM,Trans,692.0499999999996
2020-09-08,15.22,31.52,46.74,-16.3,9.72,PRM,Trans,675.7499999999997
2020-09-09,109.37,79.61,188.98,29.75,15.49,PRM,Trans,705.4999999999997
2020-09-10,77.65,77.74,155.39,-0.1,17.83,PRM,Trans,705.3999999999996
2020-09-11,32.66,66.77,99.43,-34.12,9.88,PRM,Trans,671.2799999999996
2020-09-14,53.09,59.28,112.37,-6.2,11.56,PRM,Trans,665.0799999999996
2020-09-15,102.18,27.6,129.78,74.58,22.32,PRM,Trans,739.6599999999996
2020-09-16,9.76,23.84,33.6,-14.08,21.29,PRM,Trans,725.5799999999996
2020-09-17,11.21,16.25,27.46,-5.05,21.38,PRM,Trans,720.5299999999996
2020-09-18,59.75,26.42,86.17,33.34,27.82,PRM,Trans,753.8699999999997
2020-09-21,17.3,20.79,38.1,-3.49,19.29,PRM,Trans,750.3799999999997
2020-09-22,26.39,13.68,40.07,12.71,21.31,PRM,Trans,763.0899999999997
2020-09-23,47.23,27.96,75.19,19.27,13.09,PRM,Trans,782.3599999999997
2020-09-24,8.7,32.0,40.7,-23.29,11.6,PRM,Trans,759.0699999999997
2020-09-25,30.59,46.93,77.52,-16.34,23.74,PRM,Trans,742.7299999999997
2020-09-28,42.65,25.32,67.97,17.33,20.23,PRM,Trans,760.0599999999997
2020-09-29,44.57,33.16,77.73,11.41,18.75,PRM,Trans,771.4699999999997
2020-09-30,4.64,39.76,44.4,-35.12,13.18,PRM,Trans,736.3499999999997
2020-10-01,9.0,15.08,24.08,-6.08,17.6,PRM,Trans,730.2699999999996
2020-10-02,39.17,57.01,96.19,-17.84,15.86,PRM,Trans,712.4299999999996
2020-10-05,34.56,22.98,57.54,11.58,20.71,PRM,Trans,724.0099999999996
2020-10-06,27.9,17.73,45.62,10.17,15.96,PRM,Trans,734.1799999999996
2020-10-07,63.52,15.29,78.82,48.23,15.23,PRM,Trans,782.4099999999996
2020-10-08,37.34,23.62,60.96,13.72,10.97,PRM,Trans,796.1299999999997
2020-10-09,22.04,27.59,49.63,-5.54,9.85,PRM,Trans,790.5899999999997
2020-10-12,44.32,20.04,64.36,24.28,20.14,PRM,Trans,814.8699999999997
2020-10-14,39.13,17.08,56.21,22.05,17.83,PRM,Trans,836.9199999999996
2020-10-15,21.17,33.99,55.16,-12.81,17.54,PRM,Trans,824.1099999999997
2020-10-16,42.83,33.99,76.82,8.83,11.18,PRM,Trans,832.9399999999997
2020-10-19,31.43,16.13,47.56,15.3,17.63,PRM,Trans,848.2399999999997
2020-10-20,57.08,32.36,89.44,24.72,23.92,PRM,Trans,872.9599999999997
2020-10-21,19.55,31.91,51.46,-12.36,11.48,PRM,Trans,860.5999999999997
2020-10-22,40.15,49.98,90.13,-9.83,32.74,PRM,Trans,850.7699999999996
2020-10-26,17.47,27.95,45.42,-10.47,18.92,PRM,Trans,840.2999999999996
2020-10-27,25.42,9.28,34.7,16.14,19.51,PRM,Trans,856.4399999999996
2020-10-28,12.46,14.14,26.59,-1.68,20.79,PRM,Trans,854.7599999999996
2020-10-29,6.93,24.44,31.37,-17.52,15.25,PRM,Trans,837.2399999999997
2020-10-30,5.62,12.71,18.33,-7.08,18.48,PRM,Trans,830.1599999999996
2020-11-02,21.75,20.89,42.65,0.86,14.18,PRM,Trans,831.0199999999996
2020-11-03,15.24,8.21,23.44,7.03,18.04,PRM,Trans,838.0499999999996
2020-11-04,8.14,15.98,24.12,-7.84,15.92,PRM,Trans,830.2099999999996
2020-11-05,33.26,16.44,49.7,16.82,19.52,PRM,Trans,847.0299999999996
2020-11-06,14.34,33.56,47.9,-19.22,12.74,PRM,Trans,827.8099999999996
2020-11-09,41.28,11.77,53.04,29.51,15.84,PRM,Trans,857.3199999999996
2020-11-10,39.57,33.5,73.06,6.07,15.57,PRM,Trans,863.3899999999996
2020-11-11,36.71,32.49,69.21,4.22,24.61,PRM,Trans,867.6099999999997
2020-11-12,14.42,51.45,65.86,-37.03,14.95,PRM,Trans,830.5799999999997
2020-11-13,132.34,38.2,170.54,94.14,23.85,PRM,Trans,924.7199999999997
2020-11-16,27.25,35.22,62.47,-7.97,18.13,PRM,Trans,916.7499999999997
2020-11-17,25.58,28.54,54.12,-2.96,14.68,PRM,Trans,913.7899999999996
2020-11-18,29.11,22.23,51.33,6.88,25.62,PRM,Trans,920.6699999999996
2020-11-19,23.35,20.18,43.53,3.17,19.6,PRM,Trans,923.8399999999996
2020-11-20,41.04,31.26,72.3,9.79,18.33,PRM,Trans,933.6299999999995
2020-11-23,50.7,81.27,131.98,-30.57,19.59,PRM,Trans,903.0599999999995
2020-11-24,39.94,72.41,112.36,-32.47,24.24,PRM,Trans,870.5899999999995
2020-11-25,36.71,29.81,66.52,6.9,25.4,PRM,Trans,877.4899999999994
2020-11-26,24.68,11.72,36.4,12.95,20.76,PRM,Trans,890.4399999999995
2020-11-27,22.61,17.18,39.79,5.43,22.35,PRM,Trans,895.8699999999994
2020-11-30,15.99,43.33,59.32,-27.34,23.98,PRM,Trans,868.5299999999994
2020-12-01,25.43,37.66,63.09,-12.22,25.56,PRM,Trans,856.3099999999994
2020-12-02,13.57,26.19,39.75,-12.62,15.96,PRM,Trans,843.6899999999994
2020-12-03,32.32,8.5,40.82,23.82,20.48,PRM,Trans,867.5099999999994
2020-12-04,14.3,8.12,22.41,6.18,18.49,PRM,Trans,873.6899999999994
2020-12-08,26.7,12.04,38.74,14.67,20.44,PRM,Trans,888.3599999999993
2020-12-09,25.06,57.66,82.72,-32.6,20.09,PRM,Trans,855.7599999999993
2020-12-14,19.71,22.49,42.2,-2.78,17.96,PRM,Trans,852.9799999999993
2020-12-15,26.02,35.64,61.67,-9.62,22.42,PRM,Trans,843.3599999999993
2020-12-16,47.44,27.1,74.53,20.34,17.74,PRM,Trans,863.6999999999994
2020-12-17,24.41,9.44,33.84,14.97,18.8,PRM,Trans,878.6699999999994
2020-12-18,21.41,11.98,33.39,9.43,16.04,PRM,Trans,888.0999999999993
2020-12-21,28.39,46.4,74.78,-18.01,17.18,PRM,Trans,870.0899999999993
2020-12-22,24.93,28.32,53.26,-3.39,26.34,PRM,Trans,866.6999999999994
2020-12-23,104.08,84.17,188.25,19.91,12.54,PRM,Trans,886.6099999999993
2020-12-24,13.69,59.54,73.23,-45.85,12.38,PRM,Trans,840.7599999999993
2020-12-25,35.54,65.04,100.59,-29.5,13.9,PRM,Trans,811.2599999999993
2020-12-28,19.61,26.09,45.69,-6.48,13.1,PRM,Trans,804.7799999999993
2020-12-29,19.35,28.47,47.82,-9.12,18.69,PRM,Trans,795.6599999999993
2020-12-30,10.49,29.32,39.81,-18.83,18.94,PRM,Trans,776.8299999999992
2021-01-04,72.84,38.86,111.7,33.98,12.81,PRM,Trans,810.8099999999993
2021-01-05,21.53,38.64,60.18,-17.11,12.58,PRM,Trans,793.6999999999992
2021-01-06,43.37,49.62,93.0,-6.25,15.77,PRM,Trans,787.4499999999992
2021-01-07,32.3,17.96,50.26,14.35,15.65,PRM,Trans,801.7999999999993
2021-01-08,13.17,29.03,42.19,-15.86,16.0,PRM,Trans,785.9399999999993
2021-01-11,79.9,34.7,114.61,45.2,13.43,PRM,Trans,831.1399999999993
2021-01-12,21.14,45.12,66.27,-23.98,18.38,PRM,Trans,807.1599999999993
2021-01-13,83.85,91.11,174.96,-7.27,18.43,PRM,Trans,799.8899999999993
2021-01-14,36.42,65.12,101.55,-28.7,22.14,PRM,Trans,771.1899999999993
2021-01-15,30.51,22.55,53.05,7.96,18.68,PRM,Trans,779.1499999999993
2021-01-18,29.4,10.16,39.56,19.24,15.73,PRM,Trans,798.3899999999993
2021-01-19,67.94,118.01,185.95,-50.06,27.32,PRM,Trans,748.3299999999992
2021-01-20,35.0,20.07,55.07,14.93,20.63,PRM,Trans,763.2599999999992
2021-01-21,30.09,39.19,69.28,-9.11,17.26,PRM,Trans,754.1499999999992
2021-01-22,44.81,84.94,129.76,-40.13,22.77,PRM,Trans,714.0199999999992
2021-01-25,45.67,59.92,105.59,-14.25,22.79,PRM,Trans,699.7699999999992
2021-01-26,25.18,79.35,104.54,-54.17,10.57,PRM,Trans,645.5999999999992
2021-01-27,23.47,37.09,60.56,-13.63,15.4,PRM,Trans,631.9699999999992
2021-01-28,17.02,55.68,72.71,-38.66,14.47,PRM,Trans,593.3099999999993
2021-01-29,46.13,61.15,107.27,-15.02,24.73,PRM,Trans,578.2899999999993
2021-02-01,20.17,24.75,44.91,-4.58,24.53,PRM,Trans,573.7099999999992
2021-02-02,14.22,22.19,36.41,-7.97,12.32,PRM,Trans,565.7399999999992
2021-02-03,11.54,16.35,27.9,-4.81,15.77,PRM,Trans,560.9299999999993
2021-02-04,11.55,17.08,28.62,-5.53,16.7,PRM,Trans,555.3999999999993
2021-02-05,9.46,8.58,18.04,0.89,11.23,PRM,Trans,556.2899999999993
2021-02-08,12.56,21.12,33.68,-8.56,18.83,PRM,Trans,547.7299999999993
2021-02-09,10.49,13.26,23.76,-2.77,17.55,PRM,Trans,544.9599999999994
2021-02-10,11.61,22.43,34.04,-10.82,13.46,PRM,Trans,534.1399999999993
2021-02-11,26.21,17.59,43.79,8.62,23.88,PRM,Trans,542.7599999999993
2021-02-15,40.3,15.6,55.9,24.69,13.85,PRM,Trans,567.4499999999994
2021-02-16,11.76,11.73,23.49,0.02,10.42,PRM,Trans,567.4699999999993
2021-02-17,12.54,11.13,23.67,1.41,13.1,PRM,Trans,568.8799999999993
2021-02-18,59.29,39.47,98.75,19.82,8.86,PRM,Trans,588.6999999999994
2021-02-19,33.26,46.18,79.44,-12.92,10.34,PRM,Trans,575.7799999999994
2021-02-22,41.74,55.28,97.03,-13.54,11.08,PRM,Trans,562.2399999999994
2021-02-23,14.89,53.52,68.42,-38.63,15.53,PRM,Trans,523.6099999999994
2021-02-24,21.2,14.67,35.86,6.53,7.91,PRM,Trans,530.1399999999994
2021-02-25,23.55,32.09,55.64,-8.55,15.27,PRM,Trans,521.5899999999995
2021-03-01,21.7,16.57,38.26,5.13,8.24,PRM,Trans,526.7199999999995
2021-03-02,28.09,98.68,126.77,-70.6,22.53,PRM,Trans,456.11999999999944
2021-03-03,26.62,12.74,39.36,13.88,16.12,PRM,Trans,469.99999999999943
2021-03-04,9.94,10.84,20.78,-0.89,6.18,PRM,Trans,469.10999999999945
2021-03-05,8.44,9.27,17.71,-0.83,8.72,PRM,Trans,468.27999999999946
2021-03-08,4.08,10.45,14.53,-6.36,8.61,PRM,Trans,461.91999999999945
2021-03-09,5.2,10.15,15.36,-4.95,9.03,PRM,Trans,456.96999999999946
2021-03-10,56.98,14.2,71.17,42.78,13.74,PRM,Trans,499.74999999999943
2021-03-11,27.18,18.17,45.35,9.0,12.88,PRM,Trans,508.74999999999943
2021-03-12,17.75,26.54,44.29,-8.79,13.76,PRM,Trans,499.9599999999994
2021-03-15,41.44,39.27,80.71,2.18,19.52,PRM,Trans,502.1399999999994
2021-03-16,8.87,19.13,28.0,-10.27,13.58,PRM,Trans,491.86999999999944
2021-03-17,12.25,19.01,31.26,-6.76,15.78,PRM,Trans,485.10999999999945
2021-03-18,52.25,43.47,95.72,8.78,8.96,PRM,Trans,493.8899999999994
2021-03-19,61.32,44.36,105.68,16.96,11.03,PRM,Trans,510.8499999999994
2021-03-22,149.8,213.3,363.09,-63.5,9.76,PRM,Trans,447.3499999999994
2021-03-23,56.72,232.64,289.37,-175.92,8.89,PRM,Trans,271.4299999999994
2021-03-24,29.03,14.62,43.65,14.42,7.63,PRM,Trans,285.8499999999994
2021-03-25,5.23,21.04,26.26,-15.81,4.7,PRM,Trans,270.0399999999994
2021-03-26,44.44,89.7,134.14,-45.27,15.71,PRM,Trans,224.76999999999938
2021-03-29,25.74,35.88,61.61,-10.14,20.66,PRM,Trans,214.62999999999937
2021-03-30,24.23,26.66,50.89,-2.43,20.0,PRM,Trans,212.19999999999936
2021-03-31,13.35,18.32,31.67,-4.97,13.91,PRM,Trans,207.22999999999936
2021-04-01,13.52,35.32,48.85,-21.8,10.03,PRM,Trans,185.42999999999935
2021-04-02,59.29,61.28,120.56,-1.99,13.68,PRM,Trans,183.43999999999934
2021-04-05,20.85,31.28,52.13,-10.43,7.62,PRM,Trans,173.00999999999934
2021-04-07,27.32,34.74,62.06,-7.42,9.38,PRM,Trans,165.58999999999935
2021-04-08,24.85,29.57,54.42,-4.72,13.18,PRM,Trans,160.86999999999935
2021-04-09,6.54,7.99,14.53,-1.46,11.79,PRM,Trans,159.40999999999934
2021-04-12,12.86,36.78,49.64,-23.92,10.92,PRM,Trans,135.48999999999933
2021-04-16,25.65,13.22,38.87,12.43,8.98,PRM,Trans,147.91999999999933
2021-04-19,21.12,11.63,32.75,9.49,11.49,PRM,Trans,157.40999999999934
2021-04-20,13.63,12.91,26.54,0.72,10.67,PRM,Trans,158.12999999999934
2021-04-21,16.02,4.91,20.93,11.1,10.78,PRM,Trans,169.22999999999934
2021-04-22,17.32,21.19,38.51,-3.87,7.45,PRM,Trans,165.35999999999933
2021-04-23,13.49,6.72,20.21,6.77,13.39,PRM,Trans,172.12999999999934
2021-04-26,18.48,10.74,29.22,7.74,14.8,PRM,Trans,179.86999999999935
2021-04-27,21.91,21.56,43.47,0.35,17.1,PRM,Trans,180.21999999999935
2021-04-28,46.45,21.43,67.88,25.02,11.27,PRM,Trans,205.23999999999936
2021-04-29,51.87,44.42,96.29,7.46,14.58,PRM,Trans,212.69999999999936
2021-04-30,41.15,39.39,80.54,1.76,19.38,PRM,Trans,214.45999999999935
2021-05-05,35.23,35.88,71.11,-0.65,20.12,PRM,Trans,213.80999999999935
2021-05-06,76.65,12.0,88.64,64.65,23.13,PRM,Trans,278.45999999999935
2021-05-07,24.77,26.02,50.8,-1.25,24.23,PRM,Trans,277.20999999999935
2021-05-10,15.89,30.12,46.01,-14.23,16.91,PRM,Trans,262.97999999999934
2021-05-11,52.24,50.34,102.58,1.9,23.21,PRM,Trans,264.8799999999993
2021-05-12,26.81,31.1,57.9,-4.29,22.08,PRM,Trans,260.5899999999993
2021-05-13,66.13,75.88,142.01,-9.75,18.77,PRM,Trans,250.8399999999993
2021-05-14,27.81,58.35,86.16,-30.55,26.54,PRM,Trans,220.28999999999928
2021-05-17,13.45,27.92,41.38,-14.47,24.82,PRM,Trans,205.81999999999928
2021-05-18,10.03,22.6,32.63,-12.58,18.5,PRM,Trans,193.23999999999927
2021-05-19,6.26,15.35,21.6,-9.09,23.04,PRM,Trans,184.14999999999927
2021-05-20,3.13,13.94,17.07,-10.82,12.14,PRM,Trans,173.32999999999927
2021-05-21,1.67,18.17,19.84,-16.5,16.44,PRM,Trans,156.82999999999927
2021-05-24,4.83,8.05,12.88,-3.22,13.68,PRM,Trans,153.60999999999927
2021-05-25,10.41,2.02,12.43,8.39,7.57,PRM,Trans,161.99999999999926
2021-05-27,48.87,21.91,70.78,26.96,19.63,PRM,Trans,188.95999999999927
2021-05-28,10.25,4.5,14.75,5.75,5.39,PRM,Trans,194.70999999999927
2021-05-31,12.5,9.33,21.84,3.17,13.91,PRM,Trans,197.87999999999926
2021-06-01,56.45,98.52,154.96,-42.07,21.78,PRM,Trans,155.80999999999926
2021-06-02,30.15,89.64,119.8,-59.49,29.65,PRM,Trans,96.31999999999925
2021-06-04,19.85,71.71,91.56,-51.86,15.36,PRM,Trans,44.459999999999255
2021-06-07,9.96,9.78,19.74,0.17,10.24,PRM,Trans,44.62999999999926
2021-06-08,13.43,12.31,25.73,1.12,18.71,PRM,Trans,45.749999999999254
2021-06-09,7.71,20.91,28.62,-13.19,15.38,PRM,Trans,32.559999999999256
2021-06-10,37.44,83.09,120.52,-45.65,20.75,PRM,Trans,-13.090000000000742
2021-06-11,28.15,24.18,52.33,3.97,11.67,PRM,Trans,-9.120000000000742
2021-06-14,23.74,41.22,64.96,-17.49,23.78,PRM,Trans,-26.61000000000074
2021-06-15,20.91,22.64,43.54,-1.73,18.27,PRM,Trans,-28.34000000000074
2021-06-16,9.94,13.57,23.51,-3.62,22.33,PRM,Trans,-31.96000000000074
2021-06-17,18.95,33.04,51.99,-14.08,18.92,PRM,Trans,-46.04000000000074
2021-06-18,7.53,8.27,15.81,-0.74,9.04,PRM,Trans,-46.78000000000074
2021-06-21,5.12,7.85,12.98,-2.73,8.46,PRM,Trans,-49.51000000000074
2021-06-22,4.96,22.4,27.35,-17.44,19.23,PRM,Trans,-66.95000000000074
2021-06-23,9.82,26.49,36.31,-16.67,26.14,PRM,Trans,-83.62000000000074
2021-06-24,7.5,18.49,25.99,-10.99,15.86,PRM,Trans,-94.61000000000074
2021-06-25,11.22,5.26,16.48,5.95,21.41,PRM,Trans,-88.66000000000074
2021-06-28,12.97,22.02,34.99,-9.05,17.4,PRM,Trans,-97.71000000000073
2021-06-29,4.74,4.22,8.96,0.52,7.24,PRM,Trans,-97.19000000000074
2021-06-30,4.17,7.25,11.42,-3.09,6.78,PRM,Trans,-100.28000000000074
2021-07-01,5.64,13.27,18.91,-7.63,10.12,PRM,Trans,-107.91000000000074
2021-07-02,4.66,20.93,25.58,-16.27,16.91,PRM,Trans,-124.18000000000073
2021-07-05,3.61,3.58,7.19,0.04,15.57,PRM,Trans,-124.14000000000073
2021-07-06,1.8,20.73,22.53,-18.92,18.77,PRM,Trans,-143.06000000000074
2021-07-07,18.9,49.57,68.47,-30.67,16.15,PRM,Trans,-173.73000000000076
2021-07-08,12.17,14.32,26.5,-2.15,10.36,PRM,Trans,-175.88000000000076
2021-07-09,21.14,13.34,34.47,7.8,16.75,PRM,Trans,-168.08000000000075
2021-07-12,4.4,6.19,10.58,-1.79,11.46,PRM,Trans,-169.87000000000074
2021-07-13,3.31,7.48,10.79,-4.17,12.54,PRM,Trans,-174.04000000000073
2021-07-14,0.4,5.69,6.09,-5.28,12.45,PRM,Trans,-179.32000000000073
2021-07-15,1.62,5.02,6.64,-3.4,13.9,PRM,Trans,-182.72000000000074
2021-07-16,3.34,5.15,8.49,-1.8,16.45,PRM,Trans,-184.52000000000075
2021-07-19,6.93,3.17,10.09,3.76,18.7,PRM,Trans,-180.76000000000076
2021-07-20,9.88,7.49,17.37,2.39,19.35,PRM,Trans,-178.37000000000077
2021-07-21,7.95,2.94,10.9,5.01,18.9,PRM,Trans,-173.36000000000078
2021-07-22,12.78,10.45,23.23,2.33,17.21,PRM,Trans,-171.03000000000077
2021-07-23,5.21,4.16,9.37,1.05,14.62,PRM,Trans,-169.98000000000076
2021-07-27,9.21,5.72,14.93,3.5,21.09,PRM,Trans,-166.48000000000076
2021-07-29,3.69,2.25,5.94,1.43,14.3,PRM,Trans,-165.05000000000075
2021-07-30,10.39,8.73,19.13,1.66,21.57,PRM,Trans,-163.39000000000075
2021-08-02,5.66,1.15,6.81,4.51,15.14,PRM,Trans,-158.88000000000076
2021-08-03,8.96,3.03,11.99,5.93,13.46,PRM,Trans,-152.95000000000076
2021-08-04,6.36,4.52,10.88,1.85,18.93,PRM,Trans,-151.10000000000076
2021-08-05,10.66,9.88,20.54,0.78,23.55,PRM,Trans,-150.32000000000076
2021-08-06,9.86,13.98,23.84,-4.12,28.75,PRM,Trans,-154.44000000000077
2021-08-09,1.13,0.83,1.96,0.3,7.47,PRM,Trans,-154.14000000000075
2021-08-10,14.06,4.19,18.24,9.87,25.59,PRM,Trans,-144.27000000000075
2021-08-11,23.79,8.59,32.38,15.2,22.58,PRM,Trans,-129.07000000000076
2021-08-13,19.7,35.7,55.4,-16.01,17.5,PRM,Trans,-145.08000000000075
2021-08-16,10.75,18.07,28.81,-7.32,16.21,PRM,Trans,-152.40000000000074
2021-08-17,5.3,7.01,12.31,-1.71,9.5,PRM,Trans,-154.11000000000075
2021-08-18,4.55,7.98,12.53,-3.42,19.64,PRM,Trans,-157.53000000000074
2021-08-19,3.95,6.67,10.62,-2.72,17.91,PRM,Trans,-160.25000000000074
2021-08-20,7.62,4.33,11.95,3.28,17.25,PRM,Trans,-156.97000000000074
2021-08-23,14.53,4.04,18.58,10.49,22.86,PRM,Trans,-146.48000000000073
2021-08-24,12.8,7.06,19.86,5.75,16.08,PRM,Trans,-140.73000000000073
2021-08-25,10.66,3.86,14.52,6.8,16.08,PRM,Trans,-133.93000000000072
2021-08-26,6.84,8.7,15.55,-1.86,17.95,PRM,Trans,-135.79000000000073
2021-08-27,19.17,6.42,25.59,12.75,16.69,PRM,Trans,-123.04000000000073
2021-08-30,38.36,9.22,47.57,29.14,16.07,PRM,Trans,-93.90000000000073
2021-08-31,25.15,15.01,40.16,10.14,24.32,PRM,Trans,-83.76000000000073
2021-09-01,16.97,15.26,32.23,1.71,22.42,PRM,Trans,-82.05000000000074
2021-09-02,7.83,7.57,15.39,0.26,17.63,PRM,Trans,-81.79000000000073
2021-09-03,14.27,11.58,25.85,2.69,22.57,PRM,Trans,-79.10000000000073
2021-09-06,11.32,7.78,19.1,3.54,31.76,PRM,Trans,-75.56000000000073
2021-09-07,11.91,7.0,18.92,4.91,16.91,PRM,Trans,-70.65000000000073
2021-09-08,19.34,24.18,43.53,-4.84,17.0,PRM,Trans,-75.49000000000073
2021-09-09,8.1,4.59,12.68,3.51,19.21,PRM,Trans,-71.98000000000073
2021-09-10,6.09,5.63,11.72,0.46,23.08,PRM,Trans,-71.52000000000073
2021-09-13,3.21,6.33,9.55,-3.12,23.96,PRM,Trans,-74.64000000000074
2021-09-14,10.16,5.68,15.84,4.47,15.26,PRM,Trans,-70.17000000000074
2021-09-15,4.44,6.41,10.85,-1.97,12.95,PRM,Trans,-72.14000000000074
2021-09-16,11.02,6.49,17.51,4.53,20.19,PRM,Trans,-67.61000000000074
2021-09-17,18.16,20.53,38.69,-2.37,29.34,PRM,Trans,-69.98000000000074
2021-09-20,7.62,12.34,19.96,-4.72,25.04,PRM,Trans,-74.70000000000074
2021-09-21,9.27,10.95,20.22,-1.68,26.86,PRM,Trans,-76.38000000000075
2021-09-22,1.87,2.78,4.65,-0.91,21.99,PRM,Trans,-77.29000000000075
2021-09-23,5.81,10.58,16.38,-4.77,21.72,PRM,Trans,-82.06000000000074
2021-09-27,3.2,3.64,6.83,-0.44,14.59,PRM,Trans,-82.50000000000074
2021-09-28,6.08,4.09,10.17,1.99,15.87,PRM,Trans,-80.51000000000074
2021-09-29,3.54,1.9,5.44,1.63,16.24,PRM,Trans,-78.88000000000075
2021-09-30,6.7,11.76,18.46,-5.06,22.07,PRM,Trans,-83.94000000000075
2021-10-01,6.34,11.39,17.73,-5.05,32.87,PRM,Trans,-88.99000000000075
2021-10-04,9.88,4.79,14.67,5.09,17.92,PRM,Trans,-83.90000000000074
2021-10-05,17.22,6.37,23.6,10.85,28.15,PRM,Trans,-73.05000000000075
2021-10-06,6.65,3.06,9.71,3.59,18.85,PRM,Trans,-69.46000000000075
2021-10-07,7.01,6.43,13.44,0.57,18.77,PRM,Trans,-68.89000000000075
2021-10-08,11.8,3.24,15.04,8.56,23.22,PRM,Trans,-60.33000000000075
2021-10-11,21.85,10.97,32.83,10.88,25.4,PRM,Trans,-49.45000000000075
2021-10-12,7.68,16.89,24.57,-9.21,33.05,PRM,Trans,-58.66000000000075
2021-10-14,3.69,2.47,6.16,1.22,20.51,PRM,Trans,-57.44000000000075
2021-10-15,5.69,7.52,13.21,-1.83,24.83,PRM,Trans,-59.27000000000075
2021-10-18,3.63,6.91,10.55,-3.28,24.88,PRM,Trans,-62.55000000000075
2021-10-19,6.47,13.01,19.47,-6.54,29.76,PRM,Trans,-69.09000000000076
2021-10-20,4.32,5.86,10.18,-1.54,21.6,PRM,Trans,-70.63000000000076
2021-10-21,23.25,4.5,27.75,18.75,42.5,PRM,Trans,-51.88000000000076
2021-10-25,5.84,1.61,7.45,4.22,24.36,PRM,Trans,-47.660000000000764
2021-10-26,5.58,2.54,8.13,3.04,22.6,PRM,Trans,-44.620000000000765
2021-10-27,11.75,1.38,13.13,10.37,25.36,PRM,Trans,-34.25000000000077
2021-10-28,8.87,6.76,15.64,2.11,25.09,PRM,Trans,-32.14000000000077
2021-10-29,3.73,2.32,6.04,1.41,17.51,PRM,Trans,-30.730000000000768
2021-11-01,4.81,7.63,12.44,-2.82,27.75,PRM,Trans,-33.550000000000765
2021-11-02,6.29,8.82,15.11,-2.54,34.72,PRM,Trans,-36.090000000000764
2021-11-03,6.27,5.17,11.44,1.1,22.58,PRM,Trans,-34.99000000000076
2021-11-04,6.28,7.13,13.41,-0.84,29.56,PRM,Trans,-35.830000000000766
2021-11-05,7.66,12.01,19.68,-4.35,31.46,PRM,Trans,-40.18000000000077
2021-11-08,3.29,2.54,5.83,0.74,17.19,PRM,Trans,-39.440000000000765
2021-11-09,2.09,1.28,3.38,0.81,17.78,PRM,Trans,-38.63000000000076
2021-11-10,2.85,0.84,3.69,2.02,20.74,PRM,Trans,-36.61000000000076
2021-11-11,7.06,1.15,8.21,5.9,15.44,PRM,Trans,-30.71000000000076
2021-11-12,6.37,3.58,9.95,2.79,20.02,PRM,Trans,-27.920000000000762
2021-11-15,6.49,6.19,12.68,0.29,17.42,PRM,Trans,-27.630000000000763
2021-11-16,9.09,6.29,15.38,2.8,23.82,PRM,Trans,-24.830000000000762
2021-11-17,2.71,3.96,6.66,-1.25,15.45,PRM,Trans,-26.080000000000762
2021-11-18,0.66,1.15,1.8,-0.49,16.03,PRM,Trans,-26.57000000000076
2021-11-19,2.74,1.5,4.24,1.24,8.02,PRM,Trans,-25.330000000000762
2021-11-22,1.51,3.45,4.96,-1.95,15.59,PRM,Trans,-27.28000000000076
2021-11-23,8.49,3.3,11.8,5.19,24.06,PRM,Trans,-22.09000000000076
2021-11-24,3.77,1.96,5.74,1.81,25.08,PRM,Trans,-20.28000000000076
2021-11-25,3.73,6.37,10.1,-2.65,36.37,PRM,Trans,-22.93000000000076
2021-11-26,7.75,15.76,23.51,-8.01,22.1,PRM,Trans,-30.940000000000758
2021-11-29,4.71,13.54,18.25,-8.83,15.79,PRM,Trans,-39.770000000000756
2021-11-30,4.48,10.8,15.27,-6.32,16.91,PRM,Trans,-46.09000000000076
2021-12-01,11.73,8.24,19.96,3.49,14.58,PRM,Trans,-42.600000000000755
2021-12-02,7.11,5.84,12.95,1.27,14.04,PRM,Trans,-41.33000000000075
2021-12-03,8.31,2.35,10.66,5.96,11.18,PRM,Trans,-35.37000000000075
2021-12-07,13.29,5.38,18.67,7.9,13.38,PRM,Trans,-27.470000000000752
2021-12-08,8.18,2.52,10.7,5.66,20.98,PRM,Trans,-21.810000000000752
2021-12-09,11.99,4.2,16.19,7.79,23.95,PRM,Trans,-14.020000000000753
2021-12-13,4.82,4.19,9.01,0.63,23.81,PRM,Trans,-13.390000000000752
2021-12-14,9.37,8.17,17.54,1.2,14.2,PRM,Trans,-12.190000000000753
2021-12-15,6.72,6.89,13.61,-0.16,20.62,PRM,Trans,-12.350000000000753
2021-12-16,1.45,0.06,1.51,1.39,13.29,PRM,Trans,-10.960000000000752
2021-12-17,0.88,2.82,3.7,-1.95,20.31,PRM,Trans,-12.910000000000752
2021-12-20,6.7,3.1,9.8,3.6,22.56,PRM,Trans,-9.310000000000752
2021-12-21,5.39,3.21,8.61,2.18,18.87,PRM,Trans,-7.130000000000752
2021-12-22,5.82,9.54,15.37,-3.72,19.63,PRM,Trans,-10.850000000000753
2021-12-23,3.73,1.99,5.72,1.74,17.03,PRM,Trans,-9.110000000000753
2021-12-24,3.97,6.5,10.47,-2.53,18.01,PRM,Trans,-11.640000000000752
2021-12-27,3.02,3.75,6.76,-0.73,21.26,PRM,Trans,-12.370000000000752
2021-12-28,2.78,5.35,8.14,-2.57,24.14,PRM,Trans,-14.940000000000753
2021-12-29,3.9,3.31,7.21,0.59,15.15,PRM,Trans,-14.350000000000753
2021-12-30,7.5,3.31,10.8,4.19,13.06,PRM,Trans,-10.160000000000753
2022-01-04,11.65,10.73,22.38,0.91,15.2,PRM,Trans,-9.250000000000753
2022-01-05,13.31,2.89,16.2,10.41,14.42,PRM,Trans,1.159999999999247
2022-01-06,5.08,5.6,10.68,-0.52,18.05,PRM,Trans,0.639999999999247
2022-01-07,2.57,6.93,9.5,-4.36,18.93,PRM,Trans,-3.7200000000007534
2022-01-10,3.46,5.68,9.15,-2.22,26.37,PRM,Trans,-5.940000000000754
2022-01-11,5.95,1.66,7.61,4.28,10.1,PRM,Trans,-1.6600000000007533
2022-01-12,7.28,4.13,11.41,3.15,22.53,PRM,Trans,1.4899999999992466
2022-01-13,5.24,1.96,7.2,3.27,12.86,PRM,Trans,4.759999999999247
2022-01-14,4.11,3.39,7.5,0.72,18.64,PRM,Trans,5.479999999999246
2022-01-17,9.09,15.88,24.97,-6.8,28.26,PRM,Trans,-1.3200000000007535
2022-01-18,10.42,15.17,25.59,-4.74,26.66,PRM,Trans,-6.060000000000754
2022-01-19,3.07,5.96,9.03,-2.89,23.36,PRM,Trans,-8.950000000000754
2022-01-20,4.92,4.48,9.4,0.44,29.57,PRM,Trans,-8.510000000000755
2022-01-21,7.65,14.52,22.16,-6.87,38.98,PRM,Trans,-15.380000000000756
2022-01-24,8.12,9.88,17.99,-1.76,28.72,PRM,Trans,-17.140000000000757
2022-01-25,8.24,8.17,16.41,0.06,27.48,PRM,Trans,-17.08000000000076
2022-01-26,7.09,7.11,14.2,-0.03,24.46,PRM,Trans,-17.11000000000076
2022-01-27,10.36,13.05,23.41,-2.69,27.73,PRM,Trans,-19.80000000000076
2022-01-28,2.54,1.16,3.69,1.38,14.86,PRM,Trans,-18.420000000000762
2022-01-31,7.91,3.88,11.79,4.03,21.47,PRM,Trans,-14.39000000000076
2022-02-01,15.67,7.23,22.9,8.44,29.08,PRM,Trans,-5.950000000000761
2022-02-02,5.05,3.75,8.8,1.31,20.44,PRM,Trans,-4.640000000000761
2022-02-03,2.09,0.54,2.63,1.55,8.17,PRM,Trans,-3.090000000000761
2022-02-04,3.23,1.96,5.19,1.27,19.9,PRM,Trans,-1.820000000000761
2022-02-07,7.12,2.61,9.72,4.51,28.64,PRM,Trans,2.6899999999992388
2022-02-08,2.85,3.09,5.94,-0.24,20.49,PRM,Trans,2.449999999999239
2022-02-09,7.88,3.42,11.29,4.46,20.53,PRM,Trans,6.909999999999239
2022-02-10,4.1,3.15,7.25,0.95,15.84,PRM,Trans,7.859999999999239
2022-02-11,4.55,2.56,7.1,1.99,14.97,PRM,Trans,9.84999999999924
2022-02-14,10.56,5.65,16.2,4.91,18.87,PRM,Trans,14.75999999999924
2022-02-15,3.35,1.92,5.27,1.43,22.39,PRM,Trans,16.18999999999924
2022-02-17,1.62,0.36,1.98,1.26,13.82,PRM,Trans,17.449999999999243
2022-02-18,0.49,1.15,1.63,-0.66,8.44,PRM,Trans,16.789999999999242
2022-02-21,1.91,6.7,8.62,-4.79,24.21,PRM,Trans,11.999999999999243
2022-02-22,7.91,4.84,12.74,3.07,27.66,PRM,Trans,15.069999999999244
2022-02-23,23.63,12.69,36.32,10.94,12.53,PRM,Trans,26.009999999999245
2022-02-24,32.45,22.75,55.2,9.7,22.95,PRM,Trans,35.70999999999924
2022-02-25,6.15,18.27,24.42,-12.12,18.54,PRM,Trans,23.589999999999243
2022-02-28,9.28,18.51,27.79,-9.24,31.5,PRM,Trans,14.349999999999243
2022-03-01,5.01,13.25,18.26,-8.23,13.47,PRM,Trans,6.1199999999992425
2022-03-02,76.27,82.87,159.13,-6.6,14.39,PRM,Trans,-0.48000000000075715
2022-03-03,22.03,21.5,43.53,0.53,11.35,PRM,Trans,0.04999999999924287
2022-03-04,28.29,28.94,57.23,-0.65,15.1,PRM,Trans,-0.6000000000007571
2022-03-07,41.39,22.56,63.95,18.83,14.29,PRM,Trans,18.22999999999924
2022-03-08,40.93,32.44,73.37,8.5,20.32,PRM,Trans,26.72999999999924
2022-03-09,14.64,24.34,38.98,-9.7,21.38,PRM,Trans,17.02999999999924
2022-03-10,11.58,14.91,26.49,-3.33,24.62,PRM,Trans,13.69999999999924
2022-03-11,17.22,17.18,34.4,0.04,13.12,PRM,Trans,13.73999999999924
2022-03-14,18.67,19.2,37.87,-0.53,16.0,PRM,Trans,13.20999999999924
2022-03-15,14.37,19.01,33.39,-4.64,16.4,PRM,Trans,8.56999999999924
2022-03-16,14.86,13.93,28.79,0.92,18.89,PRM,Trans,9.48999999999924
2022-03-17,5.67,11.8,17.47,-6.13,19.21,PRM,Trans,3.35999999999924
2022-03-18,5.99,10.39,16.38,-4.4,9.65,PRM,Trans,-1.0400000000007603
2022-03-21,6.05,3.74,9.78,2.31,18.3,PRM,Trans,1.2699999999992397
2022-03-22,10.83,9.33,20.16,1.5,18.24,PRM,Trans,2.7699999999992397
2022-03-23,5.97,13.19,19.16,-7.21,21.91,PRM,Trans,-4.44000000000076
2022-03-24,2.39,6.54,8.92,-4.15,10.07,PRM,Trans,-8.59000000000076
2022-03-25,2.05,4.69,6.74,-2.65,9.42,PRM,Trans,-11.24000000000076
2022-03-28,1.95,4.75,6.69,-2.8,14.14,PRM,Trans,-14.04000000000076
2022-03-29,2.28,2.93,5.21,-0.65,10.77,PRM,Trans,-14.69000000000076
2022-03-30,1.78,5.29,7.07,-3.51,19.06,PRM,Trans,-18.20000000000076
2022-03-31,1.19,2.61,3.8,-1.42,11.81,PRM,Trans,-19.620000000000758
2022-04-01,0.59,1.24,1.82,-0.65,6.48,PRM,Trans,-20.270000000000756
2022-04-04,0.45,0.03,0.48,0.42,2.85,PRM,Trans,-19.850000000000755
2022-04-05,4.64,2.01,6.65,2.62,12.97,PRM,Trans,-17.230000000000754
2022-04-07,1.48,4.66,6.14,-3.19,11.6,PRM,Trans,-20.420000000000755
2022-04-08,1.38,0.53,1.9,0.85,11.53,PRM,Trans,-19.570000000000753
2022-04-11,4.8,7.22,12.02,-2.41,10.07,PRM,Trans,-21.980000000000754
2022-04-12,15.42,17.71,33.13,-2.28,10.83,PRM,Trans,-24.260000000000755
2022-04-18,2.9,5.06,7.95,-2.16,11.51,PRM,Trans,-26.420000000000755
2022-04-19,16.54,3.51,20.05,13.02,18.97,PRM,Trans,-13.400000000000755
2022-04-20,3.62,6.96,10.58,-3.34,20.63,PRM,Trans,-16.740000000000755
2022-04-21,2.28,5.21,7.49,-2.93,15.1,PRM,Trans,-19.670000000000755
2022-04-22,26.32,8.87,35.19,17.44,14.68,PRM,Trans,-2.2300000000007536
2022-04-25,13.6,7.09,20.69,6.5,22.14,PRM,Trans,4.269999999999246
2022-04-26,2.8,12.61,15.42,-9.81,18.09,PRM,Trans,-5.540000000000754
2022-04-27,3.77,11.26,15.02,-7.49,20.72,PRM,Trans,-13.030000000000754
2022-04-28,3.31,4.41,7.72,-1.1,21.9,PRM,Trans,-14.130000000000754
2022-04-29,1.2,3.51,4.72,-2.31,17.24,PRM,Trans,-16.440000000000754
2022-05-03,1.76,6.88,8.64,-5.11,18.17,PRM,Trans,-21.550000000000754
2022-05-05,5.03,6.22,11.25,-1.2,17.33,PRM,Trans,-22.750000000000753
2022-05-06,1.25,8.49,9.74,-7.24,17.29,PRM,Trans,-29.990000000000755
2022-05-09,6.75,11.19,17.94,-4.45,13.49,PRM,Trans,-34.44000000000076
2022-05-10,3.45,2.02,5.47,1.43,11.05,PRM,Trans,-33.01000000000076
2022-05-11,1.81,0.65,2.46,1.17,14.43,PRM,Trans,-31.840000000000757
2022-05-12,1.7,2.54,4.24,-0.84,14.19,PRM,Trans,-32.68000000000076
2022-05-13,1.39,0.86,2.25,0.52,8.05,PRM,Trans,-32.16000000000076
2022-05-17,5.59,0.96,6.56,4.63,12.41,PRM,Trans,-27.530000000000758
2022-05-18,6.17,3.51,9.68,2.67,26.73,PRM,Trans,-24.86000000000076
2022-05-19,3.88,1.02,4.9,2.86,17.23,PRM,Trans,-22.00000000000076
2022-05-20,2.73,0.4,3.13,2.33,13.29,PRM,Trans,-19.670000000000762
2022-05-23,4.74,4.1,8.84,0.64,21.12,PRM,Trans,-19.03000000000076
2022-05-24,3.63,0.8,4.44,2.83,18.07,PRM,Trans,-16.200000000000763
2022-05-25,0.93,1.76,2.69,-0.84,17.06,PRM,Trans,-17.040000000000763
2022-05-26,1.11,0.72,1.83,0.38,16.68,PRM,Trans,-16.660000000000764
2022-05-27,2.04,0.93,2.97,1.11,20.89,PRM,Trans,-15.550000000000765
2022-05-30,4.87,0.76,5.62,4.11,26.58,PRM,Trans,-11.440000000000765
2022-05-31,36.17,11.25,47.42,24.91,23.73,PRM,Trans,13.469999999999235
2022-06-01,3.62,3.51,7.13,0.12,9.41,PRM,Trans,13.589999999999234
2022-06-02,3.35,4.43,7.77,-1.08,18.18,PRM,Trans,12.509999999999234
2022-06-06,3.01,0.27,3.28,2.74,16.38,PRM,Trans,15.249999999999234
2022-06-07,3.78,0.94,4.71,2.84,19.47,PRM,Trans,18.089999999999236
2022-06-08,5.88,4.08,9.96,1.81,12.11,PRM,Trans,19.899999999999235
2022-06-09,2.86,3.42,6.28,-0.56,15.22,PRM,Trans,19.339999999999236
2022-06-10,1.33,2.12,3.45,-0.78,20.16,PRM,Trans,18.559999999999235
2022-06-13,3.97,2.82,6.8,1.15,11.93,PRM,Trans,19.709999999999233
2022-06-14,4.27,2.92,7.19,1.35,26.78,PRM,Trans,21.059999999999235
2022-06-15,2.6,3.66,6.27,-1.06,28.26,PRM,Trans,19.999999999999236
2022-06-16,2.91,18.38,21.28,-15.47,35.48,PRM,Trans,4.5299999999992355
2022-06-17,5.11,8.15,13.26,-3.04,21.79,PRM,Trans,1.4899999999992355
2022-06-20,2.18,1.56,3.74,0.62,30.68,PRM,Trans,2.1099999999992356
2022-06-21,0.87,1.69,2.55,-0.82,14.26,PRM,Trans,1.2899999999992358
2022-06-22,3.06,2.01,5.07,1.05,17.78,PRM,Trans,2.339999999999236
2022-06-23,1.69,2.67,4.36,-0.98,21.9,PRM,Trans,1.359999999999236
2022-06-24,0.85,1.01,1.86,-0.16,17.7,PRM,Trans,1.1999999999992361
2022-06-27,1.7,2.11,3.81,-0.41,23.25,PRM,Trans,0.7899999999992362
2022-06-28,1.94,1.14,3.08,0.8,13.74,PRM,Trans,1.5899999999992362
2022-06-29,1.73,0.57,2.3,1.16,14.31,PRM,Trans,2.749999999999236
2022-06-30,1.31,2.82,4.12,-1.51,18.06,PRM,Trans,1.2399999999992362
2022-07-01,3.77,2.3,6.06,1.47,27.16,PRM,Trans,2.709999999999236
2022-07-04,0.94,2.06,3.0,-1.12,8.97,PRM,Trans,1.589999999999236
2022-07-05,3.35,4.29,7.64,-0.94,9.91,PRM,Trans,0.6499999999992361
2022-07-06,1.58,0.93,2.51,0.66,10.34,PRM,Trans,1.3099999999992362
2022-07-07,3.08,0.54,3.62,2.53,11.75,PRM,Trans,3.839999999999236
2022-07-08,3.63,5.2,8.83,-1.57,15.48,PRM,Trans,2.2699999999992357
2022-07-11,1.21,0.36,1.57,0.85,10.38,PRM,Trans,3.119999999999236
2022-07-12,2.08,1.83,3.92,0.25,18.46,PRM,Trans,3.369999999999236
2022-07-14,1.88,2.49,4.37,-0.61,26.15,PRM,Trans,2.759999999999236
2022-07-15,1.11,6.31,7.42,-5.2,14.47,PRM,Trans,-2.4400000000007642
2022-07-18,2.37,0.97,3.34,1.39,23.74,PRM,Trans,-1.0500000000007643
2022-07-19,0.78,0.22,0.99,0.56,7.85,PRM,Trans,-0.49000000000076427
2022-07-20,0.52,0.08,0.59,0.44,7.9,PRM,Trans,-0.050000000000764266
2022-07-21,0.56,1.67,2.22,-1.11,23.4,PRM,Trans,-1.1600000000007644
2022-07-22,3.63,0.25,3.88,3.39,10.91,PRM,Trans,2.2299999999992357
2022-07-25,2.19,2.12,4.31,0.06,19.76,PRM,Trans,2.2899999999992358
2022-07-26,1.44,0.51,1.95,0.93,18.22,PRM,Trans,3.219999999999236
2022-07-27,0.92,0.84,1.76,0.07,22.28,PRM,Trans,3.2899999999992358
2022-08-01,0.75,0.66,1.41,0.08,12.04,PRM,Trans,3.369999999999236
2022-08-02,2.09,0.42,2.51,1.68,12.99,PRM,Trans,5.049999999999236
2022-08-03,2.25,0.46,2.71,1.79,26.91,PRM,Trans,6.839999999999236
2022-08-04,0.53,0.15,0.67,0.38,3.34,PRM,Trans,7.219999999999236
2022-08-05,2.87,1.18,4.05,1.69,20.27,PRM,Trans,8.909999999999236
2022-08-08,1.5,0.42,1.91,1.08,11.15,PRM,Trans,9.989999999999236
2022-08-09,2.8,0.44,3.24,2.36,26.02,PRM,Trans,12.349999999999236
2022-08-10,0.59,0.54,1.13,0.05,7.53,PRM,Trans,12.399999999999237
2022-08-11,3.3,1.74,5.04,1.55,10.53,PRM,Trans,13.949999999999237
2022-08-15,4.9,0.61,5.51,4.29,7.93,PRM,Trans,18.239999999999238
2022-08-16,1.95,0.81,2.76,1.14,9.62,PRM,Trans,19.37999999999924
2022-08-17,0.72,0.26,0.98,0.45,12.21,PRM,Trans,19.829999999999238
2022-08-18,1.13,1.22,2.35,-0.1,16.02,PRM,Trans,19.729999999999237
2022-08-19,4.81,2.98,7.79,1.83,11.98,PRM,Trans,21.559999999999235
2022-08-22,5.97,5.27,11.23,0.7,6.15,PRM,Trans,22.259999999999234
2022-08-23,5.69,6.2,11.89,-0.51,11.35,PRM,Trans,21.749999999999233
2022-08-24,8.63,12.09,20.72,-3.45,8.49,PRM,Trans,18.299999999999233
2022-08-25,4.76,2.87,7.63,1.89,10.6,PRM,Trans,20.189999999999234
2022-08-26,4.59,2.2,6.78,2.39,9.94,PRM,Trans,22.579999999999234
2022-08-29,5.84,1.89,7.73,3.95,11.87,PRM,Trans,26.529999999999234
2022-08-30,12.95,8.53,21.48,4.42,9.05,PRM,Trans,30.949999999999235
2022-08-31,4.61,5.9,10.51,-1.29,11.09,PRM,Trans,29.659999999999236
2022-09-01,6.36,4.38,10.74,1.97,12.0,PRM,Trans,31.629999999999235
2022-09-02,14.64,3.72,18.37,10.92,20.45,PRM,Trans,42.54999999999924
2022-09-05,3.78,1.93,5.71,1.86,19.71,PRM,Trans,44.409999999999236
2022-09-06,6.96,0.75,7.72,6.21,16.83,PRM,Trans,50.61999999999924
2022-09-07,23.64,6.78,30.41,16.86,10.04,PRM,Trans,67.47999999999924
2022-09-08,5.59,9.6,15.19,-4.02,8.87,PRM,Trans,63.45999999999924
2022-09-09,1.87,4.13,5.99,-2.26,10.62,PRM,Trans,61.19999999999924
2022-09-12,3.26,2.45,5.71,0.81,9.31,PRM,Trans,62.009999999999245
2022-09-13,2.15,4.39,6.54,-2.24,9.05,PRM,Trans,59.76999999999924
2022-09-14,43.36,5.06,48.43,38.3,15.27,PRM,Trans,98.06999999999924
2022-09-15,4.57,6.41,10.98,-1.84,18.39,PRM,Trans,96.22999999999924
2022-09-16,3.04,7.45,10.49,-4.4,21.57,PRM,Trans,91.82999999999923
2022-09-19,1.94,6.71,8.65,-4.77,13.28,PRM,Trans,87.05999999999923
2022-09-20,3.45,6.03,9.48,-2.58,17.44,PRM,Trans,84.47999999999924
2022-09-21,16.07,8.07,24.14,8.0,11.68,PRM,Trans,92.47999999999924
2022-09-22,12.09,3.49,15.58,8.6,21.71,PRM,Trans,101.07999999999923
2022-09-23,3.9,8.86,12.76,-4.96,21.03,PRM,Trans,96.11999999999924
2022-09-26,11.66,9.45,21.12,2.21,27.87,PRM,Trans,98.32999999999923
2022-09-27,9.15,3.02,12.17,6.13,15.25,PRM,Trans,104.45999999999923
2022-09-28,6.66,5.77,12.42,0.89,11.64,PRM,Trans,105.34999999999923
2022-09-29,4.52,3.41,7.93,1.12,19.48,PRM,Trans,106.46999999999923
2022-09-30,10.15,2.29,12.44,7.86,14.87,PRM,Trans,114.32999999999923
2022-10-03,3.15,2.09,5.24,1.07,9.01,PRM,Trans,115.39999999999922
2022-10-04,3.16,3.18,6.34,-0.02,14.21,PRM,Trans,115.37999999999923
2022-10-05,1.44,2.36,3.8,-0.92,15.64,PRM,Trans,114.45999999999923
2022-10-06,7.23,13.64,20.87,-6.4,13.33,PRM,Trans,108.05999999999922
2022-10-07,3.15,5.33,8.48,-2.18,16.26,PRM,Trans,105.87999999999921
2022-10-10,7.3,5.66,12.96,1.64,18.61,PRM,Trans,107.51999999999921
2022-10-11,1.12,3.89,5.01,-2.77,18.14,PRM,Trans,104.74999999999922
2022-10-12,1.95,3.66,5.61,-1.71,35.99,PRM,Trans,103.03999999999922
2022-10-17,1.12,3.98,5.11,-2.86,19.89,PRM,Trans,100.17999999999923
2022-10-18,5.38,6.61,11.98,-1.23,21.08,PRM,Trans,98.94999999999922
2022-10-19,3.07,5.52,8.59,-2.46,11.31,PRM,Trans,96.48999999999923
2022-10-20,56.1,27.71,83.81,28.4,23.9,PRM,Trans,124.88999999999922
2022-10-21,14.79,10.01,24.8,4.78,25.98,PRM,Trans,129.66999999999922
2022-10-25,10.47,2.87,13.34,7.6,16.64,PRM,Trans,137.26999999999921
2022-10-26,16.76,8.69,25.45,8.07,13.79,PRM,Trans,145.3399999999992
2022-10-27,5.75,7.01,12.76,-1.26,24.39,PRM,Trans,144.07999999999922
2022-10-28,3.55,1.15,4.71,2.4,12.57,PRM,Trans,146.47999999999922
2022-10-31,4.21,6.51,10.72,-2.3,16.98,PRM,Trans,144.1799999999992
2022-11-01,2.53,7.31,9.84,-4.78,15.01,PRM,Trans,139.3999999999992
2022-11-02,2.4,2.12,4.52,0.28,8.68,PRM,Trans,139.6799999999992
2022-11-03,6.95,4.81,11.77,2.14,9.99,PRM,Trans,141.8199999999992
2022-11-04,4.52,6.74,11.26,-2.22,14.89,PRM,Trans,139.5999999999992
2022-11-07,19.7,13.64,33.34,6.06,17.37,PRM,Trans,145.6599999999992
2022-11-08,2.01,8.79,10.8,-6.78,18.37,PRM,Trans,138.8799999999992
2022-11-09,5.87,5.38,11.25,0.49,18.2,PRM,Trans,139.3699999999992
2022-11-10,1.05,3.69,4.75,-2.64,22.17,PRM,Trans,136.72999999999922
2022-11-11,16.74,15.3,32.04,1.44,11.13,PRM,Trans,138.16999999999922
2022-11-14,67.09,15.07,82.16,52.02,13.94,PRM,Trans,190.18999999999923
2022-11-15,13.0,11.78,24.78,1.22,14.52,PRM,Trans,191.40999999999923
2022-11-16,26.52,15.14,41.65,11.38,23.67,PRM,Trans,202.78999999999922
2022-11-17,6.9,15.76,22.66,-8.86,20.33,PRM,Trans,193.9299999999992
2022-11-18,2.7,3.02,5.72,-0.32,11.37,PRM,Trans,193.60999999999922
2022-11-21,3.33,7.93,11.26,-4.61,10.49,PRM,Trans,188.9999999999992
2022-11-22,2.5,11.93,14.43,-9.44,19.34,PRM,Trans,179.5599999999992
2022-11-23,11.5,10.7,22.2,0.8,18.92,PRM,Trans,180.35999999999922
2022-11-24,4.76,7.72,12.49,-2.96,8.46,PRM,Trans,177.3999999999992
2022-11-25,1.26,2.89,4.15,-1.63,6.66,PRM,Trans,175.76999999999921
2022-11-28,10.23,5.18,15.41,5.05,15.97,PRM,Trans,180.81999999999923
2022-11-29,6.18,5.0,11.18,1.18,16.64,PRM,Trans,181.99999999999923
2022-11-30,45.75,15.56,61.31,30.19,13.65,PRM,Trans,212.18999999999923
2022-12-01,11.38,18.76,30.14,-7.38,16.93,PRM,Trans,204.80999999999923
2022-12-02,4.36,6.39,10.75,-2.02,20.42,PRM,Trans,202.78999999999922
2022-12-06,18.8,4.11,22.91,14.69,17.37,PRM,Trans,217.47999999999922
2022-12-07,16.28,6.65,22.93,9.64,17.7,PRM,Trans,227.1199999999992
2022-12-08,6.4,4.71,11.11,1.7,20.92,PRM,Trans,228.8199999999992
2022-12-09,3.05,4.7,7.74,-1.65,10.74,PRM,Trans,227.1699999999992
2022-12-13,20.58,4.56,25.13,16.02,14.8,PRM,Trans,243.1899999999992
2022-12-14,4.49,8.15,12.64,-3.66,5.77,PRM,Trans,239.5299999999992
2022-12-15,5.41,5.67,11.08,-0.26,12.52,PRM,Trans,239.26999999999921
2022-12-16,10.89,1.31,12.21,9.58,13.39,PRM,Trans,248.84999999999923
2022-12-19,2.59,2.31,4.9,0.28,12.27,PRM,Trans,249.12999999999923
2022-12-20,7.73,4.67,12.4,3.06,19.92,PRM,Trans,252.18999999999923
2022-12-21,14.09,2.68,16.76,11.41,18.87,PRM,Trans,263.5999999999992
2022-12-22,20.92,1.63,22.55,19.29,18.72,PRM,Trans,282.88999999999925
2022-12-23,5.74,1.42,7.16,4.32,16.98,PRM,Trans,287.20999999999924
2022-12-26,2.64,1.28,3.93,1.36,6.42,PRM,Trans,288.56999999999925
2022-12-27,4.1,4.91,9.02,-0.81,18.04,PRM,Trans,287.75999999999925
2022-12-28,3.08,2.6,5.68,0.47,12.57,PRM,Trans,288.2299999999993
2022-12-29,7.53,0.8,8.32,6.73,10.77,PRM,Trans,294.9599999999993
2022-12-30,3.05,2.77,5.83,0.28,10.08,PRM,Trans,295.23999999999927
2023-01-03,8.76,4.93,13.69,3.83,8.74,PRM,Trans,299.06999999999925
2023-01-04,8.14,23.55,31.69,-15.42,23.23,PRM,Trans,283.64999999999924
2023-01-05,7.12,9.86,16.98,-2.73,12.23,PRM,Trans,280.9199999999992
2023-01-06,6.7,1.2,7.9,5.5,15.48,PRM,Trans,286.4199999999992
2023-01-09,41.44,3.07,44.51,38.36,16.78,PRM,Trans,324.77999999999923
2023-01-10,15.14,3.86,19.0,11.28,14.42,PRM,Trans,336.0599999999992
2023-01-11,26.96,5.71,32.66,21.25,8.79,PRM,Trans,357.3099999999992
2023-01-12,24.57,14.4,38.97,10.18,8.27,PRM,Trans,367.4899999999992
2023-01-13,12.97,6.93,19.9,6.04,10.02,PRM,Trans,373.52999999999923
2023-01-16,2.52,4.67,7.19,-2.16,10.67,PRM,Trans,371.3699999999992
2023-01-17,5.38,2.25,7.63,3.13,14.41,PRM,Trans,374.4999999999992
2023-01-18,14.41,1.89,16.3,12.53,11.93,PRM,Trans,387.0299999999992
2023-01-19,8.12,3.99,12.11,4.13,20.71,PRM,Trans,391.1599999999992
2023-01-20,8.02,3.55,11.57,4.46,13.46,PRM,Trans,395.61999999999915
2023-01-23,15.58,5.33,20.92,10.25,6.57,PRM,Trans,405.86999999999915
2023-01-24,14.03,10.13,24.16,3.9,11.09,PRM,Trans,409.76999999999913
2023-01-25,12.17,5.18,17.35,7.0,13.19,PRM,Trans,416.76999999999913
2023-01-26,20.35,8.95,29.3,11.4,9.71,PRM,Trans,428.1699999999991
2023-01-27,23.71,7.49,31.2,16.21,10.96,PRM,Trans,444.3799999999991
2023-01-30,21.56,2.05,23.61,19.51,22.68,PRM,Trans,463.8899999999991
2023-01-31,17.54,5.55,23.09,11.99,20.07,PRM,Trans,475.8799999999991
2023-02-01,28.75,4.73,33.49,24.02,23.3,PRM,Trans,499.89999999999907
2023-02-02,16.73,3.73,20.46,13.0,21.56,PRM,Trans,512.8999999999991
2023-02-03,5.78,10.07,15.85,-4.28,20.28,PRM,Trans,508.6199999999991
2023-02-06,4.09,7.59,11.68,-3.51,21.1,PRM,Trans,505.1099999999991
2023-02-07,27.96,2.2,30.16,25.76,18.4,PRM,Trans,530.8699999999991
2023-02-08,14.55,12.11,26.66,2.43,13.75,PRM,Trans,533.299999999999
2023-02-09,12.65,4.57,17.22,8.07,18.91,PRM,Trans,541.3699999999991
2023-02-10,9.97,4.0,13.96,5.97,18.6,PRM,Trans,547.3399999999991
2023-02-13,13.67,7.58,21.25,6.09,16.32,PRM,Trans,553.4299999999992
2023-02-14,27.17,12.83,39.99,14.34,11.3,PRM,Trans,567.7699999999992
2023-02-15,13.43,17.19,30.62,-3.77,16.92,PRM,Trans,563.9999999999992
2023-02-16,8.73,12.72,21.45,-3.99,15.14,PRM,Trans,560.0099999999992
2023-02-17,25.42,9.42,34.83,16.0,21.06,PRM,Trans,576.0099999999992
2023-02-20,11.18,11.24,22.41,-0.06,15.09,PRM,Trans,575.9499999999992
2023-02-21,4.52,5.12,9.64,-0.59,13.67,PRM,Trans,575.3599999999992
2023-02-22,3.98,19.13,23.11,-15.16,20.26,PRM,Trans,560.1999999999992
2023-02-23,9.09,7.18,16.27,1.91,27.44,PRM,Trans,562.1099999999992
2023-02-24,10.95,12.05,23.0,-1.1,23.72,PRM,Trans,561.0099999999992
2023-02-27,54.8,18.62,73.41,36.18,19.21,PRM,Trans,597.1899999999991
2023-02-28,41.67,15.01,56.68,26.66,18.3,PRM,Trans,623.8499999999991
2023-03-01,15.24,15.29,30.53,-0.05,16.7,PRM,Trans,623.7999999999992
2023-03-02,16.87,4.41,21.28,12.45,17.0,PRM,Trans,636.2499999999992
2023-03-03,7.32,5.23,12.55,2.1,13.65,PRM,Trans,638.3499999999992
2023-03-07,13.03,6.45,19.47,6.58,17.95,PRM,Trans,644.9299999999993
2023-03-08,9.74,5.91,15.65,3.83,10.33,PRM,Trans,648.7599999999993
2023-03-09,2.39,5.21,7.59,-2.82,14.01,PRM,Trans,645.9399999999993
2023-03-10,11.72,10.63,22.36,1.09,22.0,PRM,Trans,647.0299999999993
2023-03-13,8.65,8.64,17.29,0.02,17.77,PRM,Trans,647.0499999999993
2023-03-14,13.44,9.66,23.1,3.78,15.12,PRM,Trans,650.8299999999992
2023-03-15,9.13,3.45,12.58,5.68,10.36,PRM,Trans,656.5099999999992
2023-03-16,11.18,20.64,31.82,-9.45,14.24,PRM,Trans,647.0599999999991
2023-03-17,5.63,7.28,12.91,-1.65,13.84,PRM,Trans,645.4099999999992
2023-03-20,8.82,5.36,14.17,3.46,12.53,PRM,Trans,648.8699999999992
2023-03-21,3.6,5.16,8.76,-1.57,11.01,PRM,Trans,647.2999999999992
2023-03-22,1.9,1.85,3.75,0.05,9.39,PRM,Trans,647.3499999999991
2023-03-23,5.09,2.83,7.91,2.26,13.24,PRM,Trans,649.6099999999991
2023-03-24,7.52,5.77,13.29,1.74,18.46,PRM,Trans,651.3499999999991
2023-03-27,3.7,8.96,12.67,-5.26,23.96,PRM,Trans,646.0899999999991
2023-03-28,8.05,2.74,10.78,5.31,21.16,PRM,Trans,651.3999999999991
2023-03-29,5.24,3.14,8.38,2.1,17.78,PRM,Trans,653.4999999999991
2023-03-30,4.48,6.88,11.37,-2.4,21.85,PRM,Trans,651.0999999999991
2023-03-31,4.89,2.84,7.73,2.05,22.24,PRM,Trans,653.1499999999991
2023-04-03,6.89,3.37,10.26,3.52,11.8,PRM,Trans,656.669999999999
2023-04-04,5.64,4.71,10.36,0.93,5.6,PRM,Trans,657.599999999999
2023-04-05,5.69,9.87,15.56,-4.18,12.45,PRM,Trans,653.419999999999
2023-04-07,4.51,9.21,13.72,-4.69,19.19,PRM,Trans,648.729999999999
2023-04-10,4.3,3.38,7.68,0.93,16.92,PRM,Trans,649.659999999999
2023-04-11,3.13,5.42,8.55,-2.29,16.28,PRM,Trans,647.369999999999
2023-04-12,3.9,11.12,15.02,-7.21,28.52,PRM,Trans,640.159999999999
2023-04-17,4.67,7.12,11.79,-2.45,19.28,PRM,Trans,637.7099999999989
2023-04-18,5.97,4.58,10.56,1.39,14.39,PRM,Trans,639.0999999999989
2023-04-19,2.58,9.95,12.54,-7.37,15.25,PRM,Trans,631.7299999999989
2023-04-20,2.09,8.68,10.77,-6.59,21.38,PRM,Trans,625.1399999999988
2023-04-21,2.33,17.56,19.89,-15.23,26.27,PRM,Trans,609.9099999999988
2023-04-24,8.92,5.18,14.1,3.74,17.97,PRM,Trans,613.6499999999988
2023-04-25,17.34,22.17,39.52,-4.83,15.03,PRM,Trans,608.8199999999988
2023-04-26,9.71,9.92,19.63,-0.21,16.0,PRM,Trans,608.6099999999988
2023-04-27,39.11,16.48,55.59,22.63,19.26,PRM,Trans,631.2399999999988
2023-04-28,6.88,9.93,16.81,-3.05,22.49,PRM,Trans,628.1899999999988
2023-05-02,10.25,11.18,21.43,-0.93,17.8,PRM,Trans,627.2599999999989
2023-05-03,7.63,12.72,20.35,-5.08,21.61,PRM,Trans,622.1799999999988
2023-05-08,6.43,2.8,9.22,3.63,16.23,PRM,Trans,625.8099999999988
2023-05-09,12.38,19.17,31.54,-6.79,41.16,PRM,Trans,619.0199999999988
2023-05-10,5.13,9.31,14.44,-4.18,24.58,PRM,Trans,614.8399999999989
2023-05-11,4.39,8.71,13.09,-4.32,26.43,PRM,Trans,610.5199999999988
2023-05-12,3.15,7.75,10.9,-4.6,33.12,PRM,Trans,605.9199999999988
2023-05-15,4.68,12.63,17.32,-7.95,24.76,PRM,Trans,597.9699999999988
2023-05-16,0.97,1.54,2.51,-0.57,14.38,PRM,Trans,597.3999999999987
2023-05-17,0.78,6.22,7.0,-5.44,14.93,PRM,Trans,591.9599999999987
2023-05-18,4.85,4.81,9.66,0.04,22.34,PRM,Trans,591.9999999999986
2023-05-19,4.58,12.69,17.27,-8.11,19.28,PRM,Trans,583.8899999999986
2023-05-22,10.72,3.73,14.45,6.99,20.14,PRM,Trans,590.8799999999986
2023-05-23,4.94,10.47,15.4,-5.53,19.53,PRM,Trans,585.3499999999987
2023-05-24,3.03,20.12,23.15,-17.1,24.52,PRM,Trans,568.2499999999986
2023-05-25,1.79,8.77,10.56,-6.98,18.86,PRM,Trans,561.2699999999986
2023-05-26,5.33,10.47,15.8,-5.14,44.18,PRM,Trans,556.1299999999986
2023-05-29,0.22,2.88,3.1,-2.66,29.81,PRM,Trans,553.4699999999987
2023-05-30,1.2,4.27,5.47,-3.08,27.88,PRM,Trans,550.3899999999986
2023-05-31,2.33,6.93,9.25,-4.6,24.27,PRM,Trans,545.7899999999986
2023-06-01,2.11,7.13,9.23,-5.02,26.41,PRM,Trans,540.7699999999986
2023-06-02,0.7,2.38,3.09,-1.68,11.0,PRM,Trans,539.0899999999987
2023-06-06,2.52,5.22,7.74,-2.7,17.74,PRM,Trans,536.3899999999986
2023-06-07,1.64,3.07,4.71,-1.42,16.84,PRM,Trans,534.9699999999987
2023-06-08,2.71,3.84,6.55,-1.13,13.86,PRM,Trans,533.8399999999987
2023-06-09,1.64,3.0,4.64,-1.36,17.55,PRM,Trans,532.4799999999987
2023-06-12,1.35,2.41,3.76,-1.06,10.64,PRM,Trans,531.4199999999987
2023-06-13,2.59,3.94,6.53,-1.36,11.73,PRM,Trans,530.0599999999987
2023-06-14,6.32,3.36,9.68,2.96,18.94,PRM,Trans,533.0199999999987
2023-06-15,1.48,3.44,4.92,-1.95,11.26,PRM,Trans,531.0699999999987
2023-06-16,1.62,5.49,7.11,-3.87,15.4,PRM,Trans,527.1999999999987
2023-06-19,3.58,3.56,7.14,0.02,21.59,PRM,Trans,527.2199999999987
2023-06-20,2.22,0.64,2.86,1.59,8.64,PRM,Trans,528.8099999999987
2023-06-21,3.42,5.2,8.62,-1.78,20.08,PRM,Trans,527.0299999999987
2023-06-22,2.52,2.72,5.24,-0.21,17.91,PRM,Trans,526.8199999999987
2023-06-23,0.7,2.56,3.26,-1.86,22.43,PRM,Trans,524.9599999999987
2023-06-26,0.92,3.81,4.73,-2.89,11.77,PRM,Trans,522.0699999999987
2023-06-27,3.12,5.48,8.6,-2.35,22.9,PRM,Trans,519.7199999999987
2023-06-28,3.78,4.38,8.16,-0.6,14.3,PRM,Trans,519.1199999999986
2023-06-29,3.92,3.52,7.45,0.4,20.15,PRM,Trans,519.5199999999986
2023-06-30,1.27,2.68,3.95,-1.41,22.61,PRM,Trans,518.1099999999986
2023-07-03,0.79,2.82,3.61,-2.03,31.62,PRM,Trans,516.0799999999987
2023-07-04,1.11,6.43,7.54,-5.33,38.09,PRM,Trans,510.7499999999987
2023-07-05,0.2,7.49,7.69,-7.28,33.23,PRM,Trans,503.4699999999987
2023-07-06,0.88,2.79,3.67,-1.91,14.78,PRM,Trans,501.5599999999987
2023-07-07,1.46,2.78,4.25,-1.32,14.76,PRM,Trans,500.2399999999987
2023-07-10,8.73,6.97,15.7,1.76,17.57,PRM,Trans,501.9999999999987
2023-07-11,2.8,7.8,10.61,-5.0,15.7,PRM,Trans,496.9999999999987
2023-07-12,1.83,4.39,6.22,-2.56,14.33,PRM,Trans,494.4399999999987
2023-07-13,0.24,2.36,2.6,-2.11,12.31,PRM,Trans,492.3299999999987
2023-07-14,1.02,2.86,3.87,-1.84,8.48,PRM,Trans,490.4899999999987
2023-07-17,0.48,4.12,4.61,-3.64,20.33,PRM,Trans,486.8499999999987
2023-07-18,0.79,10.46,11.25,-9.66,13.04,PRM,Trans,477.1899999999987
2023-07-19,2.82,4.13,6.94,-1.31,8.94,PRM,Trans,475.8799999999987
2023-07-20,0.45,5.05,5.5,-4.6,22.58,PRM,Trans,471.27999999999867
2023-07-21,4.6,7.27,11.87,-2.67,12.55,PRM,Trans,468.60999999999865
2023-07-24,0.95,2.26,3.2,-1.31,13.5,PRM,Trans,467.29999999999865
2023-07-25,2.26,9.53,11.78,-7.27,43.76,PRM,Trans,460.02999999999867
2023-07-26,0.46,4.16,4.61,-3.7,24.42,PRM,Trans,456.3299999999987
2023-07-27,3.17,3.04,6.21,0.14,31.52,PRM,Trans,456.46999999999866
2023-07-31,3.61,3.77,7.38,-0.16,24.18,PRM,Trans,456.30999999999864
2023-08-02,2.49,8.79,11.28,-6.31,22.84,PRM,Trans,449.99999999999864
2023-08-03,3.43,11.33,14.76,-7.89,16.28,PRM,Trans,442.10999999999865
2023-08-04,4.87,0.72,5.59,4.15,17.08,PRM,Trans,446.2599999999986
2023-08-07,2.0,2.46,4.46,-0.46,10.75,PRM,Trans,445.79999999999865
2023-08-08,3.92,13.3,17.22,-9.37,19.09,PRM,Trans,436.42999999999864
2023-08-09,2.35,1.07,3.42,1.28,11.85,PRM,Trans,437.7099999999986
2023-08-10,4.0,0.75,4.75,3.25,16.96,PRM,Trans,440.9599999999986
2023-08-11,5.26,1.75,7.01,3.52,15.52,PRM,Trans,444.4799999999986
2023-08-15,2.72,8.28,11.0,-5.56,18.85,PRM,Trans,438.9199999999986
2023-08-16,0.89,2.74,3.63,-1.85,15.84,PRM,Trans,437.0699999999986
2023-08-17,1.77,3.13,4.9,-1.35,20.32,PRM,Trans,435.71999999999855
2023-08-18,2.81,5.71,8.52,-2.9,17.77,PRM,Trans,432.8199999999986
2023-08-21,2.45,2.21,4.66,0.24,11.18,PRM,Trans,433.0599999999986
2023-08-22,7.34,5.01,12.34,2.33,19.35,PRM,Trans,435.38999999999857
2023-08-23,2.63,2.55,5.18,0.08,11.68,PRM,Trans,435.46999999999855
2023-08-24,2.02,1.2,3.22,0.82,10.16,PRM,Trans,436.28999999999854
2023-08-25,1.08,7.1,8.18,-6.02,20.49,PRM,Trans,430.26999999999856
2023-08-28,3.4,1.64,5.04,1.77,13.1,PRM,Trans,432.03999999999854
2023-08-29,1.88,5.42,7.3,-3.54,15.03,PRM,Trans,428.4999999999985
2023-08-30,5.32,3.18,8.49,2.14,9.93,PRM,Trans,430.6399999999985
2023-08-31,1.91,2.07,3.98,-0.16,15.52,PRM,Trans,430.4799999999985
2023-09-01,20.16,7.96,28.12,12.2,15.06,PRM,Trans,442.6799999999985
2023-09-04,6.59,8.53,15.12,-1.94,15.08,PRM,Trans,440.7399999999985
2023-09-05,27.19,4.38,31.57,22.82,12.84,PRM,Trans,463.55999999999847
2023-09-06,5.93,8.63,14.57,-2.7,10.62,PRM,Trans,460.8599999999985
2023-09-07,8.02,2.27,10.29,5.75,16.51,PRM,Trans,466.6099999999985
2023-09-08,9.96,3.73,13.68,6.23,25.02,PRM,Trans,472.8399999999985
2023-09-11,13.15,3.87,17.02,9.28,18.71,PRM,Trans,482.11999999999847
2023-09-12,9.82,10.43,20.25,-0.61,11.87,PRM,Trans,481.50999999999846
2023-09-13,22.38,13.95,36.33,8.43,19.98,PRM,Trans,489.93999999999846
2023-09-14,12.22,5.8,18.02,6.43,19.85,PRM,Trans,496.36999999999847
2023-09-15,6.47,3.52,9.99,2.95,25.83,PRM,Trans,499.31999999999846
2023-09-18,6.41,3.03,9.44,3.38,14.14,PRM,Trans,502.69999999999845
2023-09-19,6.31,1.52,7.83,4.79,21.66,PRM,Trans,507.4899999999985
2023-09-20,11.87,7.27,19.14,4.61,24.49,PRM,Trans,512.0999999999984
2023-09-21,6.52,3.28,9.8,3.24,22.25,PRM,Trans,515.3399999999984
2023-09-22,9.68,2.69,12.38,6.99,22.22,PRM,Trans,522.3299999999984
2023-09-25,4.83,2.9,7.73,1.94,21.93,PRM,Trans,524.2699999999985
2023-09-26,6.9,17.52,24.42,-10.63,23.26,PRM,Trans,513.6399999999985
2023-09-27,3.37,9.0,12.37,-5.63,20.79,PRM,Trans,508.0099999999985
2023-09-28,3.78,6.3,10.08,-2.52,14.19,PRM,Trans,505.48999999999853
2023-09-29,2.82,5.25,8.06,-2.43,20.98,PRM,Trans,503.0599999999985
2023-10-02,10.87,17.59,28.46,-6.72,15.68,PRM,Trans,496.3399999999985
2023-10-03,6.66,7.24,13.89,-0.58,18.56,PRM,Trans,495.7599999999985
2023-10-04,10.97,6.29,17.26,4.68,27.69,PRM,Trans,500.4399999999985
2023-10-05,8.12,4.89,13.01,3.22,10.3,PRM,Trans,503.65999999999855
2023-10-06,4.69,3.83,8.52,0.86,34.15,PRM,Trans,504.51999999999856
2023-10-09,9.59,15.94,25.53,-6.35,21.63,PRM,Trans,498.16999999999854
2023-10-10,5.94,8.36,14.3,-2.42,22.78,PRM,Trans,495.7499999999985
2023-10-11,4.42,5.86,10.28,-1.44,23.99,PRM,Trans,494.3099999999985
2023-10-12,1.72,12.36,14.07,-10.64,30.92,PRM,Trans,483.66999999999854
2023-10-16,3.02,14.61,17.62,-11.59,22.17,PRM,Trans,472.07999999999856
2023-10-17,6.14,8.28,14.42,-2.14,30.29,PRM,Trans,469.9399999999986
2023-10-18,23.16,15.26,38.42,7.9,56.18,PRM,Trans,477.83999999999855
2023-10-19,23.44,16.79,40.23,6.65,50.21,PRM,Trans,484.48999999999853
2023-10-20,7.6,6.77,14.37,0.84,30.87,PRM,Trans,485.3299999999985
2023-10-24,7.85,5.24,13.09,2.61,30.72,PRM,Trans,487.9399999999985
2023-10-25,3.4,4.58,7.98,-1.18,28.38,PRM,Trans,486.7599999999985
2023-10-26,4.18,6.87,11.05,-2.68,41.21,PRM,Trans,484.0799999999985
2023-10-27,8.89,5.02,13.91,3.87,39.44,PRM,Trans,487.9499999999985
2023-10-30,2.54,3.14,5.68,-0.6,22.69,PRM,Trans,487.3499999999985
2023-10-31,2.11,6.82,8.93,-4.71,24.46,PRM,Trans,482.6399999999985
2023-11-01,0.53,3.88,4.41,-3.34,17.66,PRM,Trans,479.29999999999853
2023-11-02,1.26,0.46,1.72,0.8,15.23,PRM,Trans,480.09999999999854
2023-11-03,3.91,1.52,5.42,2.39,17.52,PRM,Trans,482.48999999999853
2023-11-06,2.95,13.74,16.69,-10.79,14.64,PRM,Trans,471.6999999999985
2023-11-07,0.83,1.62,2.45,-0.79,13.91,PRM,Trans,470.9099999999985
2023-11-08,5.43,1.56,6.99,3.87,28.89,PRM,Trans,474.7799999999985
2023-11-09,5.24,14.28,19.52,-9.04,23.6,PRM,Trans,465.7399999999985
2023-11-10,2.46,4.99,7.45,-2.54,13.2,PRM,Trans,463.19999999999845
2023-11-13,7.17,7.34,14.51,-0.17,15.59,PRM,Trans,463.02999999999844
2023-11-14,2.86,1.07,3.93,1.79,15.86,PRM,Trans,464.81999999999846
2023-11-15,8.3,2.15,10.45,6.16,12.23,PRM,Trans,470.9799999999985
2023-11-16,0.81,2.1,2.91,-1.29,9.07,PRM,Trans,469.68999999999846
2023-11-17,2.68,6.58,9.26,-3.9,9.51,PRM,Trans,465.7899999999985
2023-11-20,5.61,8.41,14.02,-2.8,14.55,PRM,Trans,462.9899999999985
2023-11-21,8.64,3.95,12.58,4.69,19.58,PRM,Trans,467.6799999999985
2023-11-22,4.17,3.86,8.03,0.31,32.73,PRM,Trans,467.9899999999985
2023-11-23,0.83,2.25,3.08,-1.43,15.44,PRM,Trans,466.55999999999847
2023-11-24,1.2,7.9,9.1,-6.7,25.08,PRM,Trans,459.8599999999985
2023-11-27,3.35,5.79,9.14,-2.44,15.91,PRM,Trans,457.4199999999985
2023-11-28,2.79,2.7,5.5,0.09,21.35,PRM,Trans,457.50999999999846
2023-11-29,1.7,9.72,11.43,-8.02,16.97,PRM,Trans,449.4899999999985
2023-11-30,4.97,2.94,7.91,2.03,15.11,PRM,Trans,451.51999999999845
2023-12-01,4.45,1.61,6.05,2.84,12.16,PRM,Trans,454.3599999999984
2023-12-04,15.3,12.19,27.48,3.11,26.19,PRM,Trans,457.46999999999844
2023-12-06,5.21,13.06,18.28,-7.85,23.21,PRM,Trans,449.6199999999984
2023-12-07,1.04,5.33,6.38,-4.29,23.89,PRM,Trans,445.3299999999984
2023-12-08,0.16,5.7,5.86,-5.55,13.32,PRM,Trans,439.7799999999984
2023-12-12,8.8,13.25,22.05,-4.44,18.08,PRM,Trans,435.3399999999984
2023-12-13,2.37,8.9,11.27,-6.52,28.64,PRM,Trans,428.8199999999984
2023-12-14,0.98,5.58,6.55,-4.6,27.94,PRM,Trans,424.2199999999984
2023-12-15,5.87,6.25,12.12,-0.38,31.04,PRM,Trans,423.8399999999984
2023-12-18,10.81,4.03,14.84,6.78,16.46,PRM,Trans,430.61999999999836
2023-12-19,11.0,5.09,16.08,5.91,21.87,PRM,Trans,436.5299999999984
2023-12-20,6.13,2.0,8.12,4.13,8.23,PRM,Trans,440.6599999999984
2023-12-21,8.38,5.12,13.5,3.26,10.87,PRM,Trans,443.91999999999837
2023-12-22,34.41,20.93,55.34,13.48,17.11,PRM,Trans,457.3999999999984
2023-12-25,0.08,9.64,9.72,-9.56,12.76,PRM,Trans,447.8399999999984
2023-12-26,16.31,11.21,27.52,5.1,16.77,PRM,Trans,452.9399999999984
2023-12-27,10.75,7.24,17.99,3.51,14.96,PRM,Trans,456.4499999999984
2023-12-28,2.47,4.31,6.77,-1.84,8.84,PRM,Trans,454.6099999999984
2024-01-02,10.68,0.45,11.13,10.22,12.45,PRM,Trans,464.82999999999845
2024-01-03,36.6,16.26,52.86,20.34,28.18,PRM,Trans,485.1699999999984
2024-01-04,10.31,7.6,17.91,2.71,33.91,PRM,Trans,487.8799999999984
2024-01-05,4.7,15.95,20.65,-11.25,22.96,PRM,Trans,476.6299999999984
2024-01-08,1.08,5.8,6.88,-4.71,12.76,PRM,Trans,471.9199999999984
2024-01-09,3.56,3.55,7.1,0.01,10.36,PRM,Trans,471.9299999999984
2024-01-10,3.39,1.91,5.3,1.49,18.1,PRM,Trans,473.4199999999984
2024-01-11,4.1,8.01,12.11,-3.91,16.06,PRM,Trans,469.5099999999984
2024-01-12,29.66,4.37,34.02,25.29,28.03,PRM,Trans,494.7999999999984
2024-01-15,1.77,2.89,4.66,-1.12,11.38,PRM,Trans,493.6799999999984
2024-01-16,2.24,6.05,8.29,-3.82,9.8,PRM,Trans,489.8599999999984
2024-01-17,12.06,21.51,33.57,-9.44,7.83,PRM,Trans,480.4199999999984
2024-01-18,3.97,21.59,25.56,-17.63,14.53,PRM,Trans,462.78999999999843
2024-01-19,2.12,15.77,17.89,-13.65,16.67,PRM,Trans,449.13999999999845
2024-01-22,6.17,20.04,26.22,-13.87,26.61,PRM,Trans,435.26999999999845
2024-01-23,1.76,7.13,8.89,-5.38,8.83,PRM,Trans,429.88999999999845
2024-01-24,9.83,19.08,28.92,-9.25,25.04,PRM,Trans,420.63999999999845
2024-01-25,10.37,12.54,22.92,-2.17,17.44,PRM,Trans,418.46999999999844
2024-01-26,19.09,3.72,22.81,15.37,14.2,PRM,Trans,433.83999999999844
2024-01-29,23.44,14.51,37.95,8.93,13.27,PRM,Trans,442.76999999999845
2024-01-30,3.05,19.45,22.5,-16.4,14.53,PRM,Trans,426.36999999999847
2024-01-31,5.41,10.47,15.88,-5.06,18.51,PRM,Trans,421.30999999999847
2024-02-01,3.39,11.66,15.06,-8.27,14.46,PRM,Trans,413.0399999999985
2024-02-02,1.72,15.85,17.57,-14.14,15.08,PRM,Trans,398.8999999999985
2024-02-05,6.8,29.29,36.09,-22.49,17.74,PRM,Trans,376.4099999999985
2024-02-06,2.99,10.3,13.29,-7.32,12.83,PRM,Trans,369.0899999999985
2024-02-07,0.69,5.98,6.67,-5.29,11.11,PRM,Trans,363.7999999999985
2024-02-08,1.24,7.48,8.72,-6.24,15.95,PRM,Trans,357.55999999999847
2024-02-09,4.67,4.87,9.54,-0.2,14.53,PRM,Trans,357.3599999999985
2024-02-12,0.66,6.15,6.81,-5.49,11.85,PRM,Trans,351.86999999999847
2024-02-13,2.81,6.52,9.33,-3.72,11.49,PRM,Trans,348.14999999999844
2024-02-14,3.65,14.61,18.26,-10.96,15.14,PRM,Trans,337.18999999999846
2024-02-15,1.72,5.52,7.24,-3.79,10.22,PRM,Trans,333.39999999999844
2024-02-16,4.44,11.81,16.25,-7.37,15.32,PRM,Trans,326.02999999999844
2024-02-19,0.61,4.27,4.88,-3.66,9.85,PRM,Trans,322.3699999999984
2024-02-20,4.38,7.58,11.95,-3.2,12.45,PRM,Trans,319.1699999999984
2024-02-21,3.27,5.54,8.81,-2.26,9.79,PRM,Trans,316.90999999999843
2024-02-22,7.59,10.96,18.55,-3.36,11.39,PRM,Trans,313.5499999999984
2024-02-23,8.77,9.27,18.04,-0.5,10.06,PRM,Trans,313.0499999999984
2024-02-27,22.34,8.73,31.07,13.61,21.85,PRM,Trans,326.65999999999843
2024-02-28,4.27,10.46,14.73,-6.19,12.26,PRM,Trans,320.46999999999844
2024-02-29,10.16,14.51,24.66,-4.35,16.44,PRM,Trans,316.1199999999984
2024-03-01,11.09,10.06,21.15,1.03,17.42,PRM,Trans,317.1499999999984
2024-03-04,11.37,46.92,58.29,-35.54,21.18,PRM,Trans,281.60999999999837
2024-03-05,13.58,33.42,47.0,-19.83,26.12,PRM,Trans,261.7799999999984
2024-03-06,15.67,12.88,28.55,2.8,15.24,PRM,Trans,264.5799999999984
2024-03-07,8.94,12.24,21.18,-3.3,11.13,PRM,Trans,261.2799999999984
2024-03-08,7.11,6.8,13.91,0.3,6.98,PRM,Trans,261.5799999999984
2024-03-11,6.71,9.83,16.54,-3.12,10.57,PRM,Trans,258.4599999999984
2024-03-12,4.59,7.97,12.57,-3.38,8.34,PRM,Trans,255.0799999999984
2024-03-13,5.71,4.57,10.28,1.13,8.53,PRM,Trans,256.2099999999984
2024-03-14,18.18,26.2,44.38,-8.02,19.69,PRM,Trans,248.18999999999838
2024-03-15,21.18,5.05,26.23,16.13,14.83,PRM,Trans,264.3199999999984
2024-03-18,9.95,12.49,22.44,-2.54,8.06,PRM,Trans,261.7799999999984
2024-03-19,2.83,9.2,12.02,-6.37,11.6,PRM,Trans,255.40999999999838
2024-03-20,18.99,8.41,27.4,10.58,24.0,PRM,Trans,265.98999999999836
2024-03-21,30.2,10.17,40.37,20.03,16.23,PRM,Trans,286.0199999999984
2024-03-22,20.62,14.32,34.94,6.3,6.08,PRM,Trans,292.3199999999984
2024-03-25,25.55,5.12,30.67,20.42,12.43,PRM,Trans,312.7399999999984
2024-03-26,21.53,19.92,41.45,1.61,14.8,PRM,Trans,314.34999999999843
2024-03-27,26.38,5.85,32.22,20.53,5.82,PRM,Trans,334.8799999999984
2024-03-28,12.07,19.75,31.82,-7.69,13.38,PRM,Trans,327.1899999999984
2024-03-29,11.86,4.5,16.36,7.36,8.33,PRM,Trans,334.5499999999984
2024-04-01,7.33,7.25,14.58,0.08,11.62,PRM,Trans,334.6299999999984
2024-04-02,32.79,7.09,39.88,25.7,9.17,PRM,Trans,360.3299999999984
2024-04-03,18.63,17.66,36.29,0.96,22.5,PRM,Trans,361.2899999999984
2024-04-04,39.43,16.2,55.62,23.23,19.67,PRM,Trans,384.5199999999984
2024-04-05,101.98,14.22,116.2,87.76,23.3,PRM,Trans,472.2799999999984
2024-04-09,17.17,30.89,48.06,-13.71,23.42,PRM,Trans,458.5699999999984
2024-04-10,20.72,52.13,72.86,-31.41,25.92,PRM,Trans,427.1599999999984
2024-04-11,25.4,32.81,58.21,-7.41,23.53,PRM,Trans,419.74999999999835
2024-04-17,21.96,17.91,39.87,4.04,11.92,PRM,Trans,423.7899999999984
2024-04-18,26.74,16.76,43.5,9.97,19.0,PRM,Trans,433.7599999999984
2024-04-19,41.95,7.92,49.87,34.02,14.91,PRM,Trans,467.7799999999984
2024-04-22,11.5,13.65,25.15,-2.15,30.7,PRM,Trans,465.6299999999984
2024-04-23,9.44,19.76,29.2,-10.33,34.16,PRM,Trans,455.2999999999984
2024-04-24,19.65,16.06,35.71,3.58,17.29,PRM,Trans,458.8799999999984
2024-04-25,14.52,11.72,26.24,2.8,32.49,PRM,Trans,461.6799999999984
2024-04-26,19.74,12.91,32.65,6.83,15.5,PRM,Trans,468.5099999999984
2024-04-29,5.48,10.36,15.84,-4.88,17.99,PRM,Trans,463.6299999999984
2024-04-30,17.39,15.23,32.62,2.16,23.18,PRM,Trans,465.78999999999843
2024-05-02,4.64,27.34,31.98,-22.69,16.17,PRM,Trans,443.09999999999843
2024-05-03,7.26,3.49,10.75,3.77,11.16,PRM,Trans,446.8699999999984
2024-05-07,1.56,4.63,6.18,-3.07,13.99,PRM,Trans,443.7999999999984
2024-05-08,50.54,14.75,65.29,35.79,24.61,PRM,Trans,479.58999999999844
2024-05-09,0.38,18.66,19.04,-18.28,20.5,PRM,Trans,461.30999999999847
2024-05-10,1.32,9.59,10.91,-8.27,19.4,PRM,Trans,453.0399999999985
2024-05-13,8.4,7.43,15.83,0.97,16.23,PRM,Trans,454.0099999999985
2024-05-14,7.63,18.54,26.17,-10.91,17.17,PRM,Trans,443.0999999999985
2024-05-15,4.68,4.86,9.54,-0.18,17.0,PRM,Trans,442.9199999999985
2024-05-16,7.03,2.53,9.56,4.5,8.55,PRM,Trans,447.4199999999985
2024-05-17,5.55,2.14,7.68,3.41,11.15,PRM,Trans,450.8299999999985
2024-05-20,14.99,11.41,26.4,3.58,25.66,PRM,Trans,454.4099999999985
2024-05-21,92.9,19.02,111.92,73.87,23.88,PRM,Trans,528.2799999999985
2024-05-23,24.38,16.09,40.47,8.29,20.68,PRM,Trans,536.5699999999985
2024-05-24,5.04,10.41,15.45,-5.38,24.21,PRM,Trans,531.1899999999985
2024-05-27,3.4,6.36,9.77,-2.96,4.62,PRM,Trans,528.2299999999984
2024-05-28,11.5,12.28,23.79,-0.78,30.15,PRM,Trans,527.4499999999985
2024-05-29,17.25,15.54,32.79,1.71,16.82,PRM,Trans,529.1599999999985
2024-05-30,210.01,117.4,327.41,92.62,20.67,PRM,Trans,621.7799999999985
2024-05-31,51.38,94.27,145.65,-42.89,28.81,PRM,Trans,578.8899999999985
2024-06-04,65.03,28.29,93.32,36.74,31.69,PRM,Trans,615.6299999999985
2024-06-05,47.24,24.53,71.77,22.7,30.26,PRM,Trans,638.3299999999986
2024-06-06,17.78,5.74,23.52,12.04,21.78,PRM,Trans,650.3699999999985
2024-06-07,52.16,26.64,78.8,25.53,31.19,PRM,Trans,675.8999999999985
2024-06-10,31.72,25.97,57.69,5.75,32.61,PRM,Trans,681.6499999999985
2024-06-11,24.21,16.81,41.02,7.39,34.61,PRM,Trans,689.0399999999985
2024-06-12,27.03,13.67,40.7,13.36,17.86,PRM,Trans,702.3999999999985
2024-06-13,17.37,23.59,40.96,-6.22,19.48,PRM,Trans,696.1799999999985
2024-06-14,37.35,8.37,45.72,28.98,28.54,PRM,Trans,725.1599999999985
2024-06-17,6.44,14.39,20.83,-7.95,18.44,PRM,Trans,717.2099999999984
2024-06-18,20.61,28.83,49.44,-8.22,22.9,PRM,Trans,708.9899999999984
2024-06-19,15.82,31.22,47.04,-15.4,19.42,PRM,Trans,693.5899999999984
2024-06-20,12.75,13.02,25.77,-0.26,23.53,PRM,Trans,693.3299999999984
2024-06-21,8.41,14.83,23.24,-6.42,20.89,PRM,Trans,686.9099999999985
2024-06-24,3.99,23.25,27.24,-19.27,20.68,PRM,Trans,667.6399999999985
2024-06-25,51.81,47.18,99.0,4.63,24.91,PRM,Trans,672.2699999999985
2024-06-26,16.06,27.37,43.43,-11.31,26.4,PRM,Trans,660.9599999999986
2024-06-27,39.46,13.07,52.52,26.39,37.96,PRM,Trans,687.3499999999985
2024-06-28,36.52,47.98,84.49,-11.46,25.93,PRM,Trans,675.8899999999985
2024-07-01,28.37,9.01,37.38,19.36,17.1,PRM,Trans,695.2499999999985
2024-07-02,24.64,19.63,44.27,5.01,15.5,PRM,Trans,700.2599999999985
2024-07-03,19.0,9.8,28.8,9.2,28.66,PRM,Trans,709.4599999999986
2024-07-04,7.13,34.93,42.07,-27.8,21.66,PRM,Trans,681.6599999999986
2024-07-05,14.71,8.76,23.46,5.95,17.07,PRM,Trans,687.6099999999986
2024-07-08,8.01,19.55,27.56,-11.55,20.59,PRM,Trans,676.0599999999987
2024-07-09,9.71,10.1,19.82,-0.39,22.33,PRM,Trans,675.6699999999987
2024-07-10,1.55,21.87,23.43,-20.32,26.99,PRM,Trans,655.3499999999987
2024-07-11,4.71,7.39,12.1,-2.67,22.2,PRM,Trans,652.6799999999987
2024-07-12,4.04,14.25,18.29,-10.21,14.79,PRM,Trans,642.4699999999987
2024-07-15,15.63,4.64,20.27,10.99,10.87,PRM,Trans,653.4599999999987
2024-07-16,16.8,8.51,25.31,8.29,16.51,PRM,Trans,661.7499999999986
2024-07-17,3.7,21.81,25.51,-18.11,15.29,PRM,Trans,643.6399999999986
2024-07-18,6.31,12.11,18.42,-5.8,23.6,PRM,Trans,637.8399999999987
2024-07-19,3.83,9.43,13.25,-5.6,13.77,PRM,Trans,632.2399999999986
2024-07-23,209.71,23.92,233.63,185.78,37.38,PRM,Trans,818.0199999999986
2024-07-24,1.3,9.42,10.73,-8.12,18.84,PRM,Trans,809.8999999999986
2024-07-25,6.7,7.48,14.18,-0.79,9.96,PRM,Trans,809.1099999999986
2024-07-26,2.31,5.49,7.81,-3.18,16.39,PRM,Trans,805.9299999999987
2024-07-30,5.3,3.89,9.19,1.41,14.3,PRM,Trans,807.3399999999987
2024-07-31,2.4,14.36,16.77,-11.96,19.41,PRM,Trans,795.3799999999986
2024-08-01,1.65,10.05,11.7,-8.4,22.31,PRM,Trans,786.9799999999987
2024-08-02,6.81,6.77,13.58,0.05,24.16,PRM,Trans,787.0299999999986
2024-08-05,5.31,27.44,32.74,-22.13,21.76,PRM,Trans,764.8999999999986
2024-08-06,5.87,29.95,35.82,-24.09,17.06,PRM,Trans,740.8099999999986
2024-08-07,10.1,12.95,23.05,-2.85,12.51,PRM,Trans,737.9599999999986
2024-08-08,7.9,35.74,43.64,-27.84,19.71,PRM,Trans,710.1199999999985
2024-08-09,4.35,11.68,16.03,-7.33,18.7,PRM,Trans,702.7899999999985
2024-08-13,9.23,16.62,25.85,-7.38,10.13,PRM,Trans,695.4099999999985
2024-08-14,16.06,25.05,41.1,-8.99,16.27,PRM,Trans,686.4199999999985
2024-08-15,80.14,33.63,113.78,46.51,8.59,PRM,Trans,732.9299999999985
2024-08-16,7.6,15.39,22.98,-7.79,24.16,PRM,Trans,725.1399999999985
2024-08-19,7.02,26.02,33.04,-19.0,26.48,PRM,Trans,706.1399999999985
2024-08-20,2.73,14.0,16.72,-11.27,20.52,PRM,Trans,694.8699999999985
2024-08-21,0.46,14.76,15.22,-14.3,20.28,PRM,Trans,680.5699999999986
2024-08-22,5.14,7.91,13.06,-2.77,21.29,PRM,Trans,677.7999999999986
2024-08-23,2.86,13.77,16.62,-10.91,16.93,PRM,Trans,666.8899999999986
2024-08-26,9.66,8.89,18.56,0.77,15.28,PRM,Trans,667.6599999999986
2024-08-27,6.58,13.93,20.51,-7.34,27.93,PRM,Trans,660.3199999999986
2024-08-28,18.1,28.46,46.56,-10.35,22.99,PRM,Trans,649.9699999999985
2024-08-29,20.35,23.62,43.97,-3.27,29.71,PRM,Trans,646.6999999999986
2024-08-30,42.08,19.71,61.8,22.37,41.2,PRM,Trans,669.0699999999986
2024-09-02,14.87,17.02,31.89,-2.14,31.16,PRM,Trans,666.9299999999986
2024-09-03,22.34,21.79,44.13,0.55,33.09,PRM,Trans,667.4799999999985
2024-09-04,27.08,16.83,43.92,10.25,34.77,PRM,Trans,677.7299999999985
2024-09-05,41.08,35.23,76.31,5.85,36.35,PRM,Trans,683.5799999999986
2024-09-06,21.21,28.54,49.75,-7.33,31.89,PRM,Trans,676.2499999999985
2024-09-09,59.05,27.29,86.35,31.76,38.0,PRM,Trans,708.0099999999985
2024-09-10,173.89,110.18,284.07,63.72,24.77,PRM,Trans,771.7299999999985
2024-09-11,357.82,218.75,576.57,139.07,50.47,PRM,Trans,910.7999999999986
2024-09-12,44.67,35.83,80.5,8.83,42.63,PRM,Trans,919.6299999999986
2024-09-13,16.21,36.43,52.64,-20.23,39.21,PRM,Trans,899.3999999999986
2024-09-16,18.38,26.36,44.75,-7.98,36.79,PRM,Trans,891.4199999999986
2024-09-17,31.14,20.61,51.75,10.53,59.22,PRM,Trans,901.9499999999986
2024-09-18,14.38,10.05,24.43,4.34,34.33,PRM,Trans,906.2899999999986
2024-09-19,37.96,56.65,94.61,-18.7,40.16,PRM,Trans,887.5899999999986
2024-09-20,38.46,22.64,61.09,15.82,28.58,PRM,Trans,903.4099999999986
2024-09-23,64.25,10.49,74.75,53.76,4.62,PRM,Trans,957.1699999999986
2024-09-24,40.39,9.76,50.15,30.63,18.55,PRM,Trans,987.7999999999986
2024-09-25,29.81,8.97,38.78,20.85,16.29,PRM,Trans,1008.6499999999986
2024-09-26,28.65,31.02,59.67,-2.38,24.64,PRM,Trans,1006.2699999999986
2024-09-27,49.9,70.94,120.84,-21.05,33.75,PRM,Trans,985.2199999999987
2024-09-30,16.68,19.59,36.27,-2.92,19.3,PRM,Trans,982.2999999999987
2024-10-01,11.06,23.65,34.71,-12.59,22.23,PRM,Trans,969.7099999999987
2024-10-02,10.96,42.03,52.99,-31.07,33.52,PRM,Trans,938.6399999999986
2024-10-03,19.92,52.01,71.93,-32.1,33.5,PRM,Trans,906.5399999999986
2024-10-04,27.92,61.1,89.03,-33.18,36.72,PRM,Trans,873.3599999999986
2024-10-07,60.41,62.42,122.83,-2.01,50.1,PRM,Trans,871.3499999999987
2024-10-08,103.1,66.75,169.86,36.35,42.01,PRM,Trans,907.6999999999987
2024-10-09,28.4,48.26,76.66,-19.86,40.92,PRM,Trans,887.8399999999987
2024-10-10,68.03,29.91,97.94,38.12,48.04,PRM,Trans,925.9599999999987
2024-10-11,7.59,39.52,47.11,-31.94,35.1,PRM,Trans,894.0199999999986
2024-10-15,26.17,54.13,80.3,-27.97,48.5,PRM,Trans,866.0499999999986
2024-10-16,86.23,74.32,160.55,11.91,64.89,PRM,Trans,877.9599999999986
2024-10-17,14.61,36.06,50.67,-21.46,35.09,PRM,Trans,856.4999999999985
2024-10-18,24.21,45.0,69.21,-20.8,31.44,PRM,Trans,835.6999999999986
2024-10-21,26.88,46.5,73.39,-19.62,29.03,PRM,Trans,816.0799999999986
2024-10-22,59.22,29.55,88.77,29.68,27.76,PRM,Trans,845.7599999999985
2024-10-24,33.5,30.76,64.26,2.74,27.74,PRM,Trans,848.4999999999985
2024-10-25,26.95,32.56,59.51,-5.61,33.15,PRM,Trans,842.8899999999985
2024-10-28,65.74,33.48,99.22,32.26,31.56,PRM,Trans,875.1499999999985
2024-10-29,20.63,47.1,67.73,-26.47,21.65,PRM,Trans,848.6799999999985
2024-10-30,45.6,28.38,73.98,17.22,21.73,PRM,Trans,865.8999999999985
2024-10-31,45.19,34.06,79.25,11.13,16.98,PRM,Trans,877.0299999999985
2024-11-01,39.82,25.04,64.86,14.77,15.6,PRM,Trans,891.7999999999985
2024-11-04,50.22,68.39,118.61,-18.17,23.43,PRM,Trans,873.6299999999985
2024-11-05,85.97,32.76,118.72,53.21,20.38,PRM,Trans,926.8399999999986
2024-11-06,117.26,75.4,192.66,41.86,18.96,PRM,Trans,968.6999999999986
2024-11-07,33.13,81.88,115.01,-48.75,21.01,PRM,Trans,919.9499999999986
2024-11-08,25.21,28.16,53.37,-2.95,18.15,PRM,Trans,916.9999999999985
2024-11-11,39.01,63.11,102.12,-24.1,22.33,PRM,Trans,892.8999999999985
2024-11-12,28.47,35.79,64.26,-7.32,12.07,PRM,Trans,885.5799999999984
2024-11-13,31.91,52.5,84.41,-20.58,16.79,PRM,Trans,864.9999999999984
2024-11-14,27.06,36.84,63.9,-9.78,18.89,PRM,Trans,855.2199999999984
2024-11-15,13.67,36.54,50.21,-22.87,15.9,PRM,Trans,832.3499999999984
2024-11-18,20.16,49.27,69.43,-29.11,15.13,PRM,Trans,803.2399999999984
2024-11-19,28.85,26.34,55.2,2.51,16.11,PRM,Trans,805.7499999999984
2024-11-20,9.84,20.57,30.41,-10.73,12.12,PRM,Trans,795.0199999999984
2024-11-21,18.58,22.28,40.86,-3.7,11.66,PRM,Trans,791.3199999999983
2024-11-22,18.76,37.74,56.5,-18.97,17.83,PRM,Trans,772.3499999999983
2024-11-25,37.43,41.11,78.54,-3.69,17.1,PRM,Trans,768.6599999999983
2024-11-26,25.69,141.94,167.63,-116.25,31.01,PRM,Trans,652.4099999999983
2024-11-27,17.25,43.45,60.71,-26.2,17.48,PRM,Trans,626.2099999999982
2024-11-28,41.94,79.96,121.9,-38.03,21.47,PRM,Trans,588.1799999999982
2024-11-29,10.62,37.86,48.48,-27.24,13.27,PRM,Trans,560.9399999999982
2024-12-02,8.85,43.44,52.29,-34.59,13.82,PRM,Trans,526.3499999999982
2024-12-03,21.52,21.83,43.35,-0.31,18.36,PRM,Trans,526.0399999999983
2024-12-04,10.96,29.51,40.47,-18.56,10.0,PRM,Trans,507.47999999999826
2024-12-06,23.72,39.51,63.23,-15.78,33.51,PRM,Trans,491.6999999999983
2024-12-09,15.31,117.51,132.82,-102.2,30.58,PRM,Trans,389.4999999999983
2024-12-11,16.27,66.91,83.18,-50.64,35.82,PRM,Trans,338.8599999999983
2024-12-12,5.08,39.06,44.14,-33.99,33.09,PRM,Trans,304.8699999999983
2024-12-13,75.78,57.02,132.8,18.76,30.17,PRM,Trans,323.6299999999983
2024-12-16,39.82,74.34,114.17,-34.52,25.04,PRM,Trans,289.1099999999983
2024-12-17,178.63,161.95,340.58,16.67,28.19,PRM,Trans,305.7799999999983
2024-12-18,30.31,99.19,129.5,-68.88,12.63,PRM,Trans,236.89999999999833
2024-12-19,19.14,51.31,70.45,-32.17,25.08,PRM,Trans,204.7299999999983
2024-12-20,20.25,46.55,66.8,-26.3,20.51,PRM,Trans,178.4299999999983
2024-12-23,12.44,30.19,42.63,-17.75,30.65,PRM,Trans,160.6799999999983
2024-12-24,0.85,15.32,16.18,-14.47,24.44,PRM,Trans,146.2099999999983
2024-12-25,1.02,4.22,5.24,-3.2,15.53,PRM,Trans,143.0099999999983
2024-12-26,3.14,11.23,14.37,-8.1,29.66,PRM,Trans,134.90999999999832
2024-12-27,5.5,12.03,17.53,-6.53,21.03,PRM,Trans,128.37999999999832
2024-12-30,0.95,3.63,4.58,-2.69,11.54,PRM,Trans,125.68999999999832
2025-01-02,4.8,10.49,15.29,-5.69,20.16,PRM,Trans,119.99999999999832
2025-01-03,8.1,16.13,24.23,-8.03,18.53,PRM,Trans,111.96999999999832
2025-01-06,5.97,12.0,17.97,-6.03,21.23,PRM,Trans,105.93999999999832
2025-01-07,6.23,16.07,22.3,-9.83,23.9,PRM,Trans,96.10999999999832
2025-01-08,7.9,12.5,20.39,-4.6,25.42,PRM,Trans,91.50999999999833
2025-01-09,5.92,13.39,19.31,-7.47,26.03,PRM,Trans,84.03999999999833
2025-01-10,8.05,9.54,17.58,-1.49,14.62,PRM,Trans,82.54999999999833
2025-01-13,9.4,11.09,20.48,-1.69,20.11,PRM,Trans,80.85999999999834
2025-01-14,4.14,9.79,13.93,-5.65,22.37,PRM,Trans,75.20999999999833
2025-01-15,146.66,46.95,193.61,99.71,43.89,PRM,Trans,174.9199999999983
2025-01-16,12.69,10.18,22.87,2.52,20.12,PRM,Trans,177.43999999999832
2025-01-17,17.06,19.92,36.98,-2.86,19.24,PRM,Trans,174.5799999999983
2025-01-20,5.36,8.0,13.36,-2.64,22.0,PRM,Trans,171.93999999999832
2025-01-21,25.12,10.97,36.09,14.16,22.65,PRM,Trans,186.09999999999832
2025-01-22,37.65,51.33,88.98,-13.68,28.37,PRM,Trans,172.4199999999983
2025-01-23,47.38,17.55,64.93,29.83,25.11,PRM,Trans,202.2499999999983
2025-01-24,16.94,7.67,24.62,9.27,16.75,PRM,Trans,211.5199999999983
2025-01-27,22.97,12.99,35.96,9.98,21.33,PRM,Trans,221.4999999999983
2025-01-28,9.12,11.73,20.85,-2.6,22.87,PRM,Trans,218.8999999999983
2025-01-29,2.99,4.86,7.85,-1.87,17.73,PRM,Trans,217.0299999999983
2025-01-30,0.8,7.18,7.98,-6.38,15.06,PRM,Trans,210.6499999999983
2025-01-31,13.15,25.02,38.18,-11.87,21.26,PRM,Trans,198.7799999999983
2025-02-03,40.92,17.23,58.15,23.69,25.84,PRM,Trans,222.4699999999983
2025-02-04,10.24,30.97,41.21,-20.73,10.9,PRM,Trans,201.7399999999983
2025-02-05,15.61,76.27,91.88,-60.66,38.22,PRM,Trans,141.0799999999983
2025-02-06,1.44,9.68,11.11,-8.24,13.64,PRM,Trans,132.8399999999983
2025-02-07,14.9,14.9,29.8,-0.01,25.64,PRM,Trans,132.8299999999983
2025-02-10,2.9,13.0,15.9,-10.1,15.63,PRM,Trans,122.72999999999831
2025-02-11,9.71,12.67,22.37,-2.96,26.17,PRM,Trans,119.76999999999832
2025-02-13,3.67,16.58,20.25,-12.92,26.97,PRM,Trans,106.84999999999832
2025-02-14,2.32,9.66,11.98,-7.34,22.7,PRM,Trans,99.50999999999831
2025-02-17,2.0,5.53,7.54,-3.53,8.36,PRM,Trans,95.97999999999831
2025-02-18,2.26,6.37,8.63,-4.11,18.75,PRM,Trans,91.86999999999831
2025-02-19,6.85,4.75,11.6,2.1,15.13,PRM,Trans,93.96999999999831
2025-02-20,2.33,26.68,29.01,-24.35,30.8,PRM,Trans,69.6199999999983
2025-02-21,3.05,5.42,8.46,-2.37,20.84,PRM,Trans,67.2499999999983
2025-02-24,2.02,6.93,8.95,-4.9,21.79,PRM,Trans,62.349999999998296
2025-02-25,14.44,12.69,27.12,1.75,22.57,PRM,Trans,64.09999999999829
2025-02-26,10.54,5.89,16.43,4.65,24.15,PRM,Trans,68.7499999999983
2025-02-27,17.08,4.27,21.35,12.8,15.31,PRM,Trans,81.54999999999829
2025-02-28,6.71,16.34,23.04,-9.63,26.63,PRM,Trans,71.9199999999983
2025-03-03,22.24,12.04,34.29,10.2,33.61,PRM,Trans,82.1199999999983
2025-03-04,5.11,9.66,14.78,-4.55,20.72,PRM,Trans,77.5699999999983
2025-03-05,24.7,34.67,59.37,-9.97,28.94,PRM,Trans,67.5999999999983
2025-03-06,9.62,7.78,17.4,1.85,25.17,PRM,Trans,69.4499999999983
2025-03-07,1.22,10.69,11.91,-9.46,32.89,PRM,Trans,59.9899999999983
2025-03-10,42.89,42.95,85.84,-0.06,31.23,PRM,Trans,59.929999999998294
2025-03-11,8.35,20.07,28.42,-11.73,20.27,PRM,Trans,48.1999999999983
2025-03-12,12.45,16.4,28.85,-3.96,17.96,PRM,Trans,44.2399999999983
2025-03-13,10.14,10.58,20.71,-0.44,19.43,PRM,Trans,43.7999999999983
2025-03-14,4.23,5.11,9.34,-0.88,6.36,PRM,Trans,42.919999999998296
2025-03-17,46.44,9.81,56.25,36.63,19.66,PRM,Trans,79.5499999999983
2025-03-18,26.04,15.73,41.76,10.31,29.79,PRM,Trans,89.85999999999831
2025-03-19,36.0,20.88,56.88,15.13,39.31,PRM,Trans,104.9899999999983
2025-03-20,9.56,16.59,26.15,-7.02,17.55,PRM,Trans,97.96999999999831
2025-03-21,5.8,15.96,21.76,-10.16,16.18,PRM,Trans,87.80999999999831
2025-03-24,29.09,14.98,44.07,14.12,28.41,PRM,Trans,101.92999999999832
2025-03-25,23.17,24.3,47.46,-1.13,46.62,PRM,Trans,100.79999999999832
2025-03-26,29.1,10.63,39.73,18.47,36.71,PRM,Trans,119.26999999999832
2025-03-27,23.54,14.68,38.22,8.86,32.2,PRM,Trans,128.12999999999832
2025-03-28,2.24,4.57,6.81,-2.32,20.3,PRM,Trans,125.80999999999833
2025-03-31,4.26,7.57,11.83,-3.31,26.71,PRM,Trans,122.49999999999832
2025-04-01,11.6,9.23,20.83,2.37,4.8,PRM,Trans,124.86999999999833
2025-04-02,143.66,141.65,285.31,2.01,21.04,PRM,Trans,126.87999999999833
2025-04-03,28.62,17.1,45.72,11.53,26.94,PRM,Trans,138.40999999999832
2025-04-04,10.42,16.6,27.02,-6.18,18.77,PRM,Trans,132.2299999999983
2025-04-08,18.76,15.24,34.0,3.51,27.16,PRM,Trans,135.7399999999983
2025-04-09,20.09,13.22,33.31,6.87,30.49,PRM,Trans,142.6099999999983
2025-04-10,9.07,35.21,44.28,-26.14,25.7,PRM,Trans,116.46999999999831
2025-04-11,2.27,32.46,34.73,-30.19,24.09,PRM,Trans,86.27999999999831
2025-04-16,13.68,15.59,29.26,-1.91,29.32,PRM,Trans,84.36999999999831
2025-04-17,8.02,13.48,21.5,-5.46,24.54,PRM,Trans,78.90999999999832
2025-04-18,7.86,14.57,22.43,-6.71,27.07,PRM,Trans,72.19999999999833
2025-04-21,6.68,14.41,21.08,-7.73,19.27,PRM,Trans,64.46999999999832
2025-04-22,4.99,8.7,13.68,-3.71,16.55,PRM,Trans,60.75999999999832
2025-04-23,1.33,14.41,15.74,-13.07,20.61,PRM,Trans,47.68999999999832
2025-04-24,5.27,8.49,13.77,-3.22,16.62,PRM,Trans,44.46999999999832
2025-04-25,3.49,13.95,17.45,-10.46,19.67,PRM,Trans,34.00999999999832
2025-04-28,1.54,4.64,6.18,-3.1,8.42,PRM,Trans,30.90999999999832
2025-04-29,7.21,10.42,17.63,-3.21,14.92,PRM,Trans,27.69999999999832
2025-04-30,7.45,5.8,13.25,1.65,12.65,PRM,Trans,29.349999999998317
2025-05-02,14.18,5.48,19.66,8.7,15.77,PRM,Trans,38.04999999999832
2025-05-06,1.68,48.26,49.95,-46.58,32.95,PRM,Trans,-8.530000000001678
2025-05-07,12.04,13.0,25.04,-0.96,23.6,PRM,Trans,-9.490000000001679
2025-05-08,3.01,24.95,27.96,-21.94,27.07,PRM,Trans,-31.43000000000168
2025-05-09,7.26,10.95,18.21,-3.68,24.43,PRM,Trans,-35.11000000000168
2025-05-13,15.83,3.68,19.51,12.16,21.55,PRM,Trans,-22.950000000001683
2025-05-14,23.08,51.37,74.45,-28.29,27.92,PRM,Trans,-51.240000000001686
2025-05-15,4.17,14.53,18.71,-10.36,19.37,PRM,Trans,-61.600000000001685
2025-05-16,7.93,7.94,15.87,-0.0,18.7,PRM,Trans,-61.600000000001685
2025-05-19,13.55,50.39,63.94,-36.84,30.96,PRM,Trans,-98.44000000000169
2025-05-20,11.03,11.66,22.69,-0.63,19.28,PRM,Trans,-99.07000000000168
2025-05-21,12.99,21.74,34.73,-8.75,34.22,PRM,Trans,-107.82000000000168
2025-05-22,4.56,3.98,8.54,0.57,22.39,PRM,Trans,-107.25000000000169
2025-05-23,32.27,23.35,55.61,8.92,40.59,PRM,Trans,-98.33000000000169
2025-05-26,6.33,9.98,16.31,-3.65,21.39,PRM,Trans,-101.9800000000017
2025-05-27,6.02,21.46,27.48,-15.44,24.22,PRM,Trans,-117.42000000000169
2025-05-28,13.05,10.73,23.78,2.32,34.65,PRM,Trans,-115.1000000000017
2025-05-29,20.01,12.3,32.31,7.71,33.89,PRM,Trans,-107.3900000000017
2025-05-30,125.32,23.69,149.01,101.63,32.7,PRM,Trans,-5.76000000000171
2025-06-04,10.57,19.42,29.99,-8.85,24.13,PRM,Trans,-14.61000000000171
2025-06-05,9.04,10.64,19.68,-1.59,24.15,PRM,Trans,-16.20000000000171
2025-06-06,15.02,8.46,23.47,6.56,16.61,PRM,Trans,-9.640000000001713
2025-06-09,1.27,14.31,15.58,-13.04,12.65,PRM,Trans,-22.680000000001712
2025-06-10,3.94,7.68,11.62,-3.74,18.44,PRM,Trans,-26.420000000001714
2025-06-11,8.39,13.52,21.9,-5.13,24.69,PRM,Trans,-31.550000000001713
2025-06-12,4.29,21.16,25.45,-16.87,25.79,PRM,Trans,-48.420000000001714
2025-06-13,9.86,9.17,19.03,0.69,15.03,PRM,Trans,-47.730000000001716
2025-06-16,14.33,14.56,28.9,-0.23,24.6,PRM,Trans,-47.96000000000171
2025-06-17,9.96,16.25,26.21,-6.3,21.26,PRM,Trans,-54.26000000000171
2025-06-18,7.54,14.65,22.19,-7.1,26.14,PRM,Trans,-61.36000000000171
2025-06-19,3.42,18.66,22.09,-15.24,19.01,PRM,Trans,-76.60000000000171
2025-06-20,1.92,9.65,11.57,-7.73,17.1,PRM,Trans,-84.33000000000172
2025-06-23,3.36,10.85,14.21,-7.49,24.75,PRM,Trans,-91.82000000000171
2025-06-24,8.34,8.69,17.03,-0.34,29.27,PRM,Trans,-92.16000000000172
2025-06-25,4.58,28.25,32.83,-23.67,24.23,PRM,Trans,-115.83000000000172
2025-06-26,5.05,4.18,9.23,0.87,22.69,PRM,Trans,-114.96000000000171
2025-06-27,3.33,15.56,18.88,-12.23,22.76,PRM,Trans,-127.19000000000172
2025-06-30,1.58,4.89,6.48,-3.31,11.42,PRM,Trans,-130.5000000000017
2025-07-01,7.16,9.39,16.54,-2.23,26.82,PRM,Trans,-132.7300000000017
2025-07-02,15.12,10.1,25.23,5.02,25.24,PRM,Trans,-127.7100000000017
2025-07-03,8.76,2.33,11.09,6.44,24.28,PRM,Trans,-121.2700000000017
2025-07-04,7.69,2.54,10.22,5.15,34.08,PRM,Trans,-116.1200000000017
2025-07-07,7.73,5.86,13.59,1.88,19.07,PRM,Trans,-114.2400000000017
2025-07-08,1.52,9.08,10.6,-7.56,22.18,PRM,Trans,-121.8000000000017
2025-07-09,7.04,5.34,12.38,1.69,22.52,PRM,Trans,-120.1100000000017
2025-07-11,14.32,15.2,29.51,-0.88,29.55,PRM,Trans,-120.9900000000017
2025-07-14,25.82,15.65,41.48,10.17,19.03,PRM,Trans,-110.8200000000017
2025-07-15,4.5,14.16,18.66,-9.67,18.06,PRM,Trans,-120.4900000000017
2025-07-16,8.0,13.51,21.51,-5.51,21.46,PRM,Trans,-126.0000000000017
2025-07-17,10.43,9.01,19.44,1.42,12.31,PRM,Trans,-124.5800000000017
2025-07-18,4.75,9.22,13.97,-4.47,17.89,PRM,Trans,-129.05000000000172
2025-07-21,24.99,2.06,27.06,22.93,25.23,PRM,Trans,-106.12000000000171
2025-07-22,11.15,12.96,24.11,-1.81,17.45,PRM,Trans,-107.93000000000171
2025-07-23,6.11,7.56,13.67,-1.45,26.11,PRM,Trans,-109.38000000000171
2025-07-24,7.09,9.2,16.29,-2.11,25.2,PRM,Trans,-111.49000000000171
2025-07-25,2.6,8.12,10.72,-5.52,22.1,PRM,Trans,-117.01000000000171
2025-07-29,7.75,17.93,25.69,-10.18,10.82,PRM,Trans,-127.1900000000017
2025-07-30,21.17,16.33,37.5,4.84,17.73,PRM,Trans,-122.3500000000017
2025-07-31,5.76,11.33,17.08,-5.57,12.53,PRM,Trans,-127.92000000000169
2025-08-01,4.14,15.42,19.57,-11.28,14.46,PRM,Trans,-139.2000000000017
2025-08-04,8.38,17.05,25.43,-8.67,18.69,PRM,Trans,-147.87000000000168
2025-08-05,3.89,6.72,10.61,-2.83,18.52,PRM,Trans,-150.7000000000017
2025-08-06,4.99,5.8,10.8,-0.81,17.5,PRM,Trans,-151.5100000000017
2025-08-07,4.7,7.45,12.15,-2.75,20.26,PRM,Trans,-154.2600000000017
2025-08-08,2.75,6.69,9.44,-3.93,19.97,PRM,Trans,-158.1900000000017
2025-08-13,1.93,7.79,9.71,-5.86,19.36,PRM,Trans,-164.05000000000172
2025-08-14,2.04,16.55,18.59,-14.51,17.35,PRM,Trans,-178.5600000000017
2025-08-15,8.05,10.3,18.35,-2.25,17.12,PRM,Trans,-180.8100000000017
2025-08-18,7.98,14.17,22.15,-6.19,19.59,PRM,Trans,-187.0000000000017
2025-08-19,1.12,4.85,5.97,-3.72,13.41,PRM,Trans,-190.7200000000017
2025-08-20,2.49,8.69,11.17,-6.2,14.02,PRM,Trans,-196.9200000000017
2025-08-21,3.49,4.35,7.83,-0.86,19.54,PRM,Trans,-197.7800000000017
2025-08-22,4.15,2.27,6.41,1.88,17.94,PRM,Trans,-195.9000000000017
2025-08-25,16.37,12.06,28.43,4.31,22.59,PRM,Trans,-191.5900000000017
2025-08-26,8.1,10.14,18.24,-2.04,14.95,PRM,Trans,-193.6300000000017
2025-08-27,12.04,14.46,26.5,-2.42,17.72,PRM,Trans,-196.0500000000017
2025-08-28,2.26,3.98,6.24,-1.71,13.84,PRM,Trans,-197.7600000000017
2025-08-29,18.1,20.93,39.03,-2.84,16.85,PRM,Trans,-200.6000000000017
2025-09-01,10.27,4.63,14.9,5.65,11.73,PRM,Trans,-194.9500000000017
2025-09-02,20.41,8.28,28.69,12.14,16.86,PRM,Trans,-182.8100000000017
2025-09-03,7.96,15.48,23.44,-7.52,17.99,PRM,Trans,-190.33000000000172
2025-09-04,4.61,5.42,10.03,-0.81,11.87,PRM,Trans,-191.14000000000172
2025-09-05,5.37,4.79,10.16,0.57,13.99,PRM,Trans,-190.57000000000173
2025-09-08,10.44,4.19,14.62,6.25,11.56,PRM,Trans,-184.32000000000173
2025-09-09,14.59,2.56,17.15,12.03,15.78,PRM,Trans,-172.29000000000173
2025-09-10,8.62,9.1,17.72,-0.48,8.43,PRM,Trans,-172.77000000000172
2025-09-11,25.58,12.14,37.72,13.44,14.88,PRM,Trans,-159.33000000000172
2025-09-12,7.59,24.79,32.38,-17.2,20.27,PRM,Trans,-176.5300000000017
2025-09-15,3.94,12.94,16.89,-9.0,15.81,PRM,Trans,-185.5300000000017
2025-09-16,7.96,4.15,12.11,3.81,9.4,PRM,Trans,-181.7200000000017
2025-09-17,16.33,7.57,23.9,8.76,15.75,PRM,Trans,-172.9600000000017
2025-09-18,4.32,14.08,18.41,-9.76,16.96,PRM,Trans,-182.7200000000017
2025-09-19,6.85,7.27,14.12,-0.43,14.9,PRM,Trans,-183.1500000000017
2025-09-22,5.24,4.29,9.54,0.95,10.8,PRM,Trans,-182.20000000000172
2025-09-23,12.1,13.31,25.41,-1.21,19.28,PRM,Trans,-183.41000000000173
2025-09-24,14.38,2.26,16.64,12.12,20.3,PRM,Trans,-171.29000000000173
2025-09-25,15.21,3.34,18.55,11.87,16.72,PRM,Trans,-159.42000000000172
2025-09-26,55.51,19.17,74.68,36.34,22.29,PRM,Trans,-123.08000000000172
2025-09-29,5.4,53.58,58.98,-48.19,32.68,PRM,Trans,-171.27000000000172
2025-09-30,3.13,12.67,15.8,-9.54,17.95,PRM,Trans,-180.8100000000017
2025-10-01,1.9,15.15,17.04,-13.25,20.62,PRM,Trans,-194.0600000000017
2025-10-02,2.38,6.67,9.05,-4.29,11.2,PRM,Trans,-198.3500000000017
2025-10-03,1.59,10.42,12.01,-8.82,16.89,PRM,Trans,-207.1700000000017
2025-10-06,3.09,9.71,12.8,-6.62,14.65,PRM,Trans,-213.7900000000017
2025-10-07,10.46,12.7,23.16,-2.24,16.9,PRM,Trans,-216.0300000000017
2025-10-08,4.13,7.59,11.72,-3.47,9.57,PRM,Trans,-219.5000000000017
2025-10-09,1.04,4.85,5.89,-3.8,11.81,PRM,Trans,-223.30000000000172
2025-10-10,0.88,16.95,17.83,-16.08,16.74,PRM,Trans,-239.3800000000017
2025-10-14,1.41,1.39,2.8,0.02,5.86,PRM,Trans,-239.3600000000017
2025-10-15,30.56,39.48,70.04,-8.92,62.25,PRM,Trans,-248.28000000000168
2025-10-16,0.44,1.04,1.48,-0.6,6.87,PRM,Trans,-248.88000000000167
2025-10-17,0.78,2.51,3.28,-1.73,9.47,PRM,Trans,-250.61000000000166
2025-10-20,0.29,1.15,1.44,-0.87,8.09,PRM,Trans,-251.48000000000167
2025-10-21,1.79,3.41,5.2,-1.62,15.61,PRM,Trans,-253.10000000000167
2025-10-22,1.0,0.14,1.14,0.86,5.95,PRM,Trans,-252.24000000000166
2025-10-24,2.93,0.91,3.84,2.03,7.26,PRM,Trans,-250.21000000000166
2025-10-27,1.83,0.79,2.62,1.03,9.09,PRM,Trans,-249.18000000000166
2025-10-28,1.98,4.21,6.19,-2.23,16.41,PRM,Trans,-251.41000000000165
2025-10-29,0.45,0.87,1.32,-0.42,18.03,PRM,Trans,-251.83000000000163
2025-10-30,3.07,1.53,4.6,1.54,9.33,PRM,Trans,-250.29000000000164
2025-10-31,1.66,1.71,3.37,-0.05,8.77,PRM,Trans,-250.34000000000165
2025-11-03,6.02,0.95,6.97,5.07,13.79,PRM,Trans,-245.27000000000166
2025-11-04,2.47,5.06,7.53,-2.59,9.44,PRM,Trans,-247.86000000000166
2025-11-05,2.77,3.44,6.21,-0.67,17.22,PRM,Trans,-248.53000000000165
2025-11-06,0.47,0.26,0.73,0.21,2.87,PRM,Trans,-248.32000000000164
2025-11-07,0.83,1.29,2.12,-0.47,17.87,PRM,Trans,-248.79000000000164
2025-11-10,1.37,0.65,2.02,0.72,8.87,PRM,Trans,-248.07000000000164
2025-11-11,0.93,0.65,1.58,0.28,12.77,PRM,Trans,-247.79000000000164
2025-11-12,1.33,0.97,2.3,0.36,9.36,PRM,Trans,-247.43000000000163
2025-11-13,0.38,0.07,0.45,0.31,5.28,PRM,Trans,-247.12000000000162
2025-11-14,1.42,0.64,2.06,0.78,12.67,PRM,Trans,-246.34000000000162
2025-11-17,2.76,1.39,4.14,1.37,18.23,PRM,Trans,-244.97000000000162
2025-11-18,3.12,1.58,4.7,1.53,15.79,PRM,Trans,-243.44000000000162
2025-11-19,1.27,4.99,6.25,-3.72,27.15,PRM,Trans,-247.16000000000162
2025-11-20,3.42,0.53,3.95,2.9,15.04,PRM,Trans,-244.2600000000016
2025-11-21,1.81,1.71,3.53,0.1,19.46,PRM,Trans,-244.16000000000162
2025-11-24,0.55,2.73,3.29,-2.18,14.6,PRM,Trans,-246.34000000000162
2025-11-25,0.53,0.72,1.25,-0.19,7.02,PRM,Trans,-246.53000000000162
2025-11-26,1.75,0.38,2.13,1.38,10.62,PRM,Trans,-245.15000000000163
2025-11-27,1.82,4.77,6.59,-2.95,18.51,PRM,Trans,-248.10000000000161
2025-11-28,0.67,0.35,1.02,0.32,8.42,PRM,Trans,-247.78000000000162
2025-12-01,3.01,0.62,3.63,2.39,7.96,PRM,Trans,-245.39000000000163
2025-12-02,5.07,0.36,5.42,4.71,14.41,PRM,Trans,-240.68000000000163
2025-12-03,3.63,0.61,4.23,3.02,13.9,PRM,Trans,-237.66000000000162
2025-12-04,3.56,5.01,8.56,-1.45,20.66,PRM,Trans,-239.1100000000016
2025-12-08,1.51,1.78,3.29,-0.27,13.76,PRM,Trans,-239.38000000000162
2025-12-09,0.54,1.18,1.73,-0.64,14.07,PRM,Trans,-240.0200000000016
2025-12-11,2.82,3.72,6.55,-0.9,15.41,PRM,Trans,-240.9200000000016
2025-12-12,1.24,1.83,3.07,-0.59,15.39,PRM,Trans,-241.5100000000016
2025-12-15,4.02,0.78,4.8,3.24,19.71,PRM,Trans,-238.2700000000016
2025-12-16,0.63,0.72,1.36,-0.09,9.76,PRM,Trans,-238.3600000000016
2025-12-17,1.54,2.36,3.9,-0.82,15.97,PRM,Trans,-239.1800000000016
2025-12-18,9.24,3.2,12.44,6.03,23.87,PRM,Trans,-233.1500000000016
2025-12-19,3.82,5.19,9.0,-1.37,25.79,PRM,Trans,-234.5200000000016
2025-12-22,8.66,3.15,11.81,5.51,16.73,PRM,Trans,-229.0100000000016
2025-12-23,17.33,2.57,19.89,14.76,31.07,PRM,Trans,-214.25000000000162
2025-12-24,10.39,1.36,11.75,9.03,22.59,PRM,Trans,-205.22000000000162
2025-12-25,8.17,2.09,10.26,6.07,20.17,PRM,Trans,-199.15000000000163
2025-12-26,10.03,5.92,15.96,4.11,35.95,PRM,Trans,-195.0400000000016
2025-12-29,6.88,0.89,7.77,5.99,19.52,PRM,Trans,-189.0500000000016
2025-12-30,20.86,8.26,29.12,12.6,20.46,PRM,Trans,-176.4500000000016
2026-01-05,25.77,7.02,32.79,18.75,23.03,PRM,Trans,-157.7000000000016
2026-01-06,13.48,3.81,17.29,9.67,21.82,PRM,Trans,-148.03000000000162
2026-01-07,6.51,5.21,11.72,1.3,20.35,PRM,Trans,-146.7300000000016
2026-01-08,20.85,2.66,23.51,18.18,27.54,PRM,Trans,-128.5500000000016
2026-01-09,14.1,2.18,16.28,11.92,24.38,PRM,Trans,-116.6300000000016
2026-01-12,14.52,9.39,23.9,5.13,26.06,PRM,Trans,-111.5000000000016
2026-01-13,8.13,5.18,13.31,2.95,32.09,PRM,Trans,-108.5500000000016
2026-01-14,9.72,2.18,11.91,7.54,29.53,PRM,Trans,-101.0100000000016
2026-01-15,7.83,1.54,9.37,6.3,19.68,PRM,Trans,-94.7100000000016
2026-01-16,15.4,10.17,25.57,5.23,30.49,PRM,Trans,-89.4800000000016
2026-01-19,14.78,2.09,16.88,12.69,32.15,PRM,Trans,-76.7900000000016
2026-01-20,12.6,9.89,22.49,2.71,24.1,PRM,Trans,-74.0800000000016
2026-01-21,16.14,20.22,36.35,-4.08,19.97,PRM,Trans,-78.1600000000016
2026-01-22,6.49,26.05,32.53,-19.56,26.8,PRM,Trans,-97.7200000000016
2026-01-23,21.15,12.67,33.82,8.49,45.37,PRM,Trans,-89.23000000000161
2026-01-26,4.79,6.97,11.76,-2.18,29.35,PRM,Trans,-91.41000000000162
2026-01-27,4.24,5.86,10.1,-1.62,28.47,PRM,Trans,-93.03000000000162
2026-01-28,6.99,7.6,14.59,-0.62,26.6,PRM,Trans,-93.65000000000163
2026-01-29,5.7,3.65,9.36,2.05,20.12,PRM,Trans,-91.60000000000163
2026-01-30,7.53,10.53,18.06,-3.0,25.78,PRM,Trans,-94.60000000000163
2026-02-02,9.7,6.74,16.44,2.96,29.82,PRM,Trans,-91.64000000000163
2026-02-03,7.6,17.51,25.11,-9.91,17.1,PRM,Trans,-101.55000000000163
2026-02-04,7.46,21.99,29.45,-14.52,28.27,PRM,Trans,-116.07000000000163
2026-02-05,1.63,13.0,14.63,-11.37,20.23,PRM,Trans,-127.44000000000163
2026-02-06,1.54,10.55,12.09,-9.0,10.3,PRM,Trans,-136.44000000000165
2026-02-09,15.7,1.6,17.31,14.1,21.63,PRM,Trans,-122.34000000000165
2026-02-10,12.72,5.47,18.2,7.25,25.38,PRM,Trans,-115.09000000000165
2026-02-11,1.84,3.2,5.04,-1.35,17.51,PRM,Trans,-116.44000000000165
2026-02-12,9.17,3.69,12.86,5.47,19.21,PRM,Trans,-110.97000000000165
2026-02-13,12.55,4.75,17.3,7.79,27.73,PRM,Trans,-103.18000000000164
2026-02-16,16.01,17.02,33.03,-1.01,17.91,PRM,Trans,-104.19000000000165
2026-02-17,21.33,13.9,35.23,7.43,16.1,PRM,Trans,-96.76000000000164
2026-02-18,7.69,5.11,12.8,2.58,10.84,PRM,Trans,-94.18000000000164
2026-02-19,47.46,23.92,71.38,23.53,32.57,PRM,Trans,-70.65000000000164
2026-02-20,24.29,12.08,36.37,12.2,27.5,PRM,Trans,-58.45000000000164
2026-02-23,20.29,11.09,31.38,9.2,31.69,PRM,Trans,-49.250000000001634
2026-02-24,20.97,11.35,32.32,9.62,37.89,PRM,Trans,-39.63000000000164
2026-02-25,9.56,11.04,20.6,-1.48,33.37,PRM,Trans,-41.110000000001634
2026-02-26,9.39,4.83,14.22,4.55,23.61,PRM,Trans,-36.56000000000164
2026-02-27,29.76,10.37,40.13,19.4,17.75,PRM,Trans,-17.160000000001638
2026-03-02,37.8,39.28,77.07,-1.48,18.23,PRM,Trans,-18.64000000000164
2026-03-04,59.39,25.19,84.59,34.2,21.09,PRM,Trans,15.559999999998364
2026-03-05,35.58,29.86,65.43,5.72,33.6,PRM,Trans,21.279999999998363
2026-03-06,7.13,22.19,29.32,-15.06,30.36,PRM,Trans,6.219999999998363
2026-03-09,30.52,17.9,48.42,12.62,30.29,PRM,Trans,18.839999999998362
2026-03-10,13.06,4.99,18.05,8.07,24.76,PRM,Trans,26.909999999998362
2026-03-11,29.35,11.87,41.22,17.49,31.86,PRM,Trans,44.39999999999836
2026-03-12,25.65,16.85,42.49,8.8,35.46,PRM,Trans,53.199999999998354
2026-03-13,16.22,15.19,31.41,1.03,34.98,PRM,Trans,54.229999999998356
2026-03-16,12.84,18.09,30.93,-5.25,24.16,PRM,Trans,48.979999999998356
2026-03-17,21.83,7.05,28.88,14.77,21.96,PRM,Trans,63.74999999999835
2026-03-18,18.39,24.02,42.42,-5.63,28.91,PRM,Trans,58.11999999999835
2026-03-19,10.9,18.98,29.88,-8.09,30.5,PRM,Trans,50.02999999999835
2026-03-20,33.14,10.9,44.04,22.24,38.03,PRM,Trans,72.26999999999835
2026-03-23,23.03,17.42,40.46,5.61,30.82,PRM,Trans,77.87999999999835
2026-03-24,11.96,12.75,24.71,-0.79,26.5,PRM,Trans,77.08999999999834
2026-03-25,22.54,8.34,30.87,14.2,30.75,PRM,Trans,91.28999999999834
2026-03-26,18.56,10.6,29.15,7.96,29.49,PRM,Trans,99.24999999999834
2026-03-27,20.01,4.64,24.65,15.37,24.55,PRM,Trans,114.61999999999834
2026-03-30,21.29,10.65,31.94,10.64,32.24,PRM,Trans,125.25999999999834
2026-03-31,12.87,15.59,28.46,-2.72,20.39,PRM,Trans,122.53999999999834
2026-04-01,16.82,5.75,22.57,11.08,20.35,PRM,Trans,133.61999999999836
2026-04-02,14.19,13.33,27.52,0.86,28.47,PRM,Trans,134.47999999999837
2026-04-03,13.33,7.22,20.55,6.11,29.16,PRM,Trans,140.58999999999838
2026-04-07,14.12,7.34,21.46,6.78,31.47,PRM,Trans,147.36999999999838
2026-04-08,20.86,10.08,30.94,10.77,37.07,PRM,Trans,158.1399999999984
2026-04-09,15.77,14.87,30.64,0.9,15.59,PRM,Trans,159.0399999999984
2026-04-10,224.86,26.63,251.49,198.23,15.46,PRM,Trans,357.2699999999984
2026-04-16,34.96,34.55,69.51,0.41,36.42,PRM,Trans,357.6799999999984
2026-04-17,17.08,4.69,21.77,12.4,22.35,PRM,Trans,370.0799999999984
2026-04-20,15.36,17.77,33.13,-2.42,29.9,PRM,Trans,367.6599999999984
2026-04-21,18.92,20.55,39.47,-1.63,25.48,PRM,Trans,366.0299999999984
2026-04-22,30.19,15.72,45.91,14.47,21.45,PRM,Trans,380.4999999999984
2026-04-23,26.27,20.61,46.88,5.66,29.39,PRM,Trans,386.15999999999843
2026-04-24,19.74,21.38,41.12,-1.64,33.41,PRM,Trans,384.51999999999845
2026-04-27,9.88,24.5,34.38,-14.62,29.28,PRM,Trans,369.89999999999844
2026-04-28,6.07,11.53,17.6,-5.45,18.21,PRM,Trans,364.44999999999845
2026-04-29,1.26,4.87,6.12,-3.61,21.08,PRM,Trans,360.83999999999844
2026-04-30,16.66,23.32,39.98,-6.66,16.84,PRM,Trans,354.1799999999984
2026-05-05,22.95,34.76,57.7,-11.81,27.15,PRM,Trans,342.3699999999984
2026-05-06,15.47,26.28,41.75,-10.82,20.4,PRM,Trans,331.5499999999984
2026-05-07,15.18,46.65,61.83,-31.47,21.27,PRM,Trans,300.07999999999845
2026-05-08,9.82,9.81,19.63,0.01,16.65,PRM,Trans,300.08999999999844
2026-05-11,6.27,12.61,18.88,-6.35,18.43,PRM,Trans,293.7399999999984
2026-05-12,4.31,16.97,21.28,-12.65,18.55,PRM,Trans,281.08999999999844
2026-05-13,27.98,33.23,61.21,-5.25,21.52,PRM,Trans,275.83999999999844
2026-05-14,22.84,4.57,27.41,18.27,19.84,PRM,Trans,294.1099999999984
2026-05-15,20.2,9.55,29.75,10.66,22.06,PRM,Trans,304.76999999999845
2026-05-18,9.76,10.13,19.89,-0.37,0.69,PRM,Trans,304.39999999999844
2026-05-19,8.65,27.11,35.75,-18.46,25.45,PRM,Trans,285.93999999999846
2026-05-20,3.12,16.6,19.71,-13.48,24.81,PRM,Trans,272.45999999999844
2026-05-21,10.52,10.42,20.94,0.1,21.09,PRM,Trans,272.55999999999847
2026-05-22,13.5,7.1,20.59,6.4,17.89,PRM,Trans,278.95999999999844
2026-05-25,9.1,26.43,35.53,-17.33,43.72,PRM,Trans,261.62999999999846
2026-05-26,16.34,33.26,49.6,-16.92,35.82,PRM,Trans,244.70999999999844
2026-05-27,16.21,23.08,39.29,-6.86,23.9,PRM,Trans,237.84999999999843
2026-05-28,12.32,5.92,18.24,6.4,37.11,PRM,Trans,244.24999999999844
2026-05-29,18.5,32.79,51.3,-14.29,32.13,PRM,Trans,229.95999999999844
2026-06-02,6.54,11.99,18.53,-5.45,23.52,PRM,Trans,224.50999999999846
2026-06-04,25.68,14.79,40.48,10.89,25.02,PRM,Trans,235.39999999999844
2026-06-05,15.71,10.66,26.37,5.04,23.92,PRM,Trans,240.43999999999843
2026-06-08,11.35,19.12,30.47,-7.77,27.3,PRM,Trans,232.66999999999842
2026-06-09,11.7,12.95,24.65,-1.24,25.46,PRM,Trans,231.42999999999842
2026-06-10,16.98,10.85,27.83,6.13,23.39,PRM,Trans,237.5599999999984
2026-06-11,5.53,5.98,11.51,-0.46,21.63,PRM,Trans,237.0999999999984
2026-06-12,7.89,8.36,16.25,-0.48,20.78,PRM,Trans,236.6199999999984
2026-06-15,6.49,14.97,21.46,-8.49,30.11,PRM,Trans,228.1299999999984
2026-06-16,11.2,4.62,15.81,6.58,21.92,PRM,Trans,234.70999999999842
2026-06-17,1.63,2.02,3.65,-0.39,15.77,PRM,Trans,234.31999999999843
2026-06-18,12.58,23.75,36.33,-11.17,31.38,PRM,Trans,223.14999999999844
2026-06-19,9.41,4.8,14.21,4.61,13.87,PRM,Trans,227.75999999999846
2026-06-22,49.27,14.99,64.26,34.28,24.46,PRM,Trans,262.0399999999985
2026-06-23,12.87,3.87,16.74,9.0,24.5,PRM,Trans,271.0399999999985
2026-06-24,6.73,3.63,10.36,3.11,19.17,PRM,Trans,274.1499999999985
2026-06-25,11.36,23.08,34.44,-11.72,24.0,PRM,Trans,262.4299999999985
2026-06-26,8.99,5.85,14.84,3.13,22.86,PRM,Trans,265.55999999999847
2026-06-29,10.44,4.66,15.11,5.78,28.3,PRM,Trans,271.33999999999844
2026-06-30,11.79,5.45,17.24,6.34,24.41,PRM,Trans,277.6799999999984
2026-07-01,3.69,8.53,12.22,-4.83,13.7,PRM,Trans,272.84999999999843
2026-07-02,4.6,2.33,6.93,2.26,14.14,PRM,Trans,275.1099999999984
2026-07-03,6.61,2.34,8.95,4.27,14.86,PRM,Trans,279.3799999999984
2026-07-06,7.45,3.18,10.63,4.27,20.31,PRM,Trans,283.6499999999984
2026-07-07,2.68,5.87,8.55,-3.19,22.28,PRM,Trans,280.4599999999984
2026-07-08,8.29,4.69,12.98,3.61,19.61,PRM,Trans,284.0699999999984
2026-07-09,16.02,0.64,16.67,15.38,20.24,PRM,Trans,299.4499999999984
2026-07-10,8.69,1.64,10.33,7.06,29.0,PRM,Trans,306.5099999999984
2026-07-13,6.34,1.8,8.14,4.54,13.44,PRM,Trans,311.0499999999984
2026-07-14,5.23,1.14,6.37,4.09,22.08,PRM,Trans,315.1399999999984
2026-07-15,20.9,2.76,23.65,18.14,20.29,PRM,Trans,333.2799999999984
2026-07-16,12.94,3.05,15.99,9.9,16.41,PRM,Trans,343.17999999999836
2026-07-17,6.78,5.93,12.71,0.86,17.69,PRM,Trans,344.0399999999984
2026-07-20,3.13,2.77,5.9,0.35,8.65,PRM,Trans,344.3899999999984
2026-07-21,5.93,3.34,9.27,2.59,14.24,PRM,Trans,346.97999999999837
2026-07-22,20.79,6.92,27.71,13.87,11.61,PRM,Trans,360.8499999999984
2026-07-23,29.45,15.56,45.01,13.89,19.85,PRM,Trans,374.73999999999836
2026-07-24,27.47,9.35,36.83,18.12,17.23,PRM,Trans,392.85999999999837
2026-07-27,28.12,11.19,39.31,16.93,22.88,PRM,Trans,409.7899999999984
2026-07-30,43.81,9.35,53.16,34.46,20.28,PRM,Trans,444.24999999999835
2026-07-31,59.52,24.44,83.96,35.08,39.09,PRM,Trans,479.32999999999834
2026-08-03,40.98,7.48,48.46,33.51,24.65,PRM,Trans,512.8399999999983
2026-08-04,19.11,5.08,24.19,14.03,26.14,PRM,Trans,526.8699999999983
2026-08-05,15.73,8.66,24.4,7.07,28.09,PRM,Trans,533.9399999999983
2026-08-06,7.56,12.45,20.01,-4.89,25.9,PRM,Trans,529.0499999999984
2026-08-07,11.5,3.75,15.25,7.75,16.94,PRM,Trans,536.7999999999984
2026-08-10,5.61,5.39,11.0,0.22,24.41,PRM,Trans,537.0199999999984
2026-08-11,9.14,7.37,16.51,1.78,10.15,PRM,Trans,538.7999999999984
2026-08-13,11.32,1.84,13.17,9.48,14.68,PRM,Trans,548.2799999999984
