date,buy_mb,sell_mb,buy_sell_mb,net_mb,nvdr_pct,symbol,sector,cumulative_net_mb
2020-01-02,466.0,228.03,694.03,237.97,19.41,PTTEP,Energy,237.97
2020-01-03,734.18,458.62,1192.8,275.56,18.53,PTTEP,Energy,513.53
2020-01-06,545.39,434.42,979.81,110.96,14.4,PTTEP,Energy,624.49
2020-01-07,590.21,167.7,757.91,422.51,15.76,PTTEP,Energy,1047.0
2020-01-08,577.16,338.73,915.89,238.43,14.84,PTTEP,Energy,1285.43
2020-01-09,771.17,678.19,1449.37,92.98,24.31,PTTEP,Energy,1378.41
2020-01-10,380.2,161.05,541.25,219.16,24.95,PTTEP,Energy,1597.5700000000002
2020-01-13,325.54,158.15,483.7,167.39,37.17,PTTEP,Energy,1764.96
2020-01-14,432.84,336.39,769.23,96.45,30.75,PTTEP,Energy,1861.41
2020-01-15,341.47,170.28,511.75,171.19,23.1,PTTEP,Energy,2032.6000000000001
2020-01-16,323.01,130.27,453.28,192.74,17.15,PTTEP,Energy,2225.34
2020-01-17,376.31,137.96,514.27,238.36,18.75,PTTEP,Energy,2463.7000000000003
2020-01-20,201.01,215.01,416.01,-14.0,19.39,PTTEP,Energy,2449.7000000000003
2020-01-21,210.47,246.2,456.67,-35.73,19.77,PTTEP,Energy,2413.9700000000003
2020-01-22,510.8,243.49,754.29,267.31,29.55,PTTEP,Energy,2681.28
2020-01-23,461.46,358.49,819.95,102.96,24.81,PTTEP,Energy,2784.2400000000002
2020-01-24,206.38,150.02,356.4,56.36,26.55,PTTEP,Energy,2840.6000000000004
2020-01-27,411.25,393.52,804.77,17.73,15.43,PTTEP,Energy,2858.3300000000004
2020-01-28,431.49,242.15,673.64,189.34,23.69,PTTEP,Energy,3047.6700000000005
2020-01-29,239.88,416.59,656.46,-176.71,25.86,PTTEP,Energy,2870.9600000000005
2020-01-30,201.04,228.75,429.79,-27.71,26.12,PTTEP,Energy,2843.2500000000005
2020-01-31,428.96,307.09,736.05,121.87,34.81,PTTEP,Energy,2965.1200000000003
2020-02-03,497.34,295.88,793.23,201.46,30.77,PTTEP,Energy,3166.5800000000004
2020-02-04,426.63,450.27,876.91,-23.64,19.13,PTTEP,Energy,3142.9400000000005
2020-02-05,325.83,558.53,884.36,-232.7,25.71,PTTEP,Energy,2910.2400000000007
2020-02-06,659.41,548.85,1208.26,110.56,31.75,PTTEP,Energy,3020.8000000000006
2020-02-07,202.85,236.11,438.96,-33.26,20.45,PTTEP,Energy,2987.5400000000004
2020-02-11,292.08,482.94,775.02,-190.87,31.51,PTTEP,Energy,2796.6700000000005
2020-02-12,354.59,1144.4,1498.98,-789.81,30.9,PTTEP,Energy,2006.8600000000006
2020-02-13,1017.25,562.99,1580.24,454.25,44.48,PTTEP,Energy,2461.1100000000006
2020-02-14,84.04,144.19,228.22,-60.15,25.96,PTTEP,Energy,2400.9600000000005
2020-02-17,37.47,267.74,305.21,-230.27,32.02,PTTEP,Energy,2170.6900000000005
2020-02-18,96.56,151.33,247.89,-54.76,23.65,PTTEP,Energy,2115.9300000000003
2020-02-19,439.67,435.34,875.01,4.32,18.58,PTTEP,Energy,2120.2500000000005
2020-02-20,202.02,342.58,544.6,-140.57,20.9,PTTEP,Energy,1979.6800000000005
2020-02-21,139.47,240.15,379.62,-100.69,30.86,PTTEP,Energy,1878.9900000000005
2020-02-24,387.71,529.07,916.78,-141.36,25.44,PTTEP,Energy,1737.6300000000006
2020-02-25,279.2,327.83,607.04,-48.63,26.46,PTTEP,Energy,1689.0000000000005
2020-02-26,532.78,411.82,944.6,120.96,23.9,PTTEP,Energy,1809.9600000000005
2020-02-27,434.16,382.31,816.47,51.85,30.06,PTTEP,Energy,1861.8100000000004
2020-02-28,832.3,606.16,1438.46,226.14,21.91,PTTEP,Energy,2087.9500000000003
2020-03-02,717.2,485.64,1202.84,231.55,29.92,PTTEP,Energy,2319.5000000000005
2020-03-03,499.15,576.74,1075.89,-77.59,24.62,PTTEP,Energy,2241.9100000000003
2020-03-04,301.84,568.73,870.57,-266.89,23.88,PTTEP,Energy,1975.0200000000004
2020-03-05,130.84,250.62,381.47,-119.78,17.4,PTTEP,Energy,1855.2400000000005
2020-03-06,498.55,420.34,918.89,78.21,36.37,PTTEP,Energy,1933.4500000000005
2020-03-09,1688.79,2447.67,4136.46,-758.88,16.83,PTTEP,Energy,1174.5700000000006
2020-03-10,1117.27,1496.3,2613.56,-379.03,18.99,PTTEP,Energy,795.5400000000006
2020-03-11,976.62,1136.97,2113.59,-160.34,22.97,PTTEP,Energy,635.2000000000006
2020-03-12,792.07,1026.14,1818.21,-234.07,27.1,PTTEP,Energy,401.1300000000006
2020-03-13,1212.43,1190.11,2402.54,22.32,36.34,PTTEP,Energy,423.4500000000006
2020-03-16,707.82,1021.34,1729.16,-313.53,38.83,PTTEP,Energy,109.92000000000064
2020-03-17,609.18,585.17,1194.35,24.01,33.33,PTTEP,Energy,133.93000000000063
2020-03-18,739.38,677.75,1417.13,61.63,34.66,PTTEP,Energy,195.56000000000063
2020-03-19,382.28,413.83,796.11,-31.54,24.29,PTTEP,Energy,164.02000000000064
2020-03-20,818.0,534.76,1352.76,283.25,29.05,PTTEP,Energy,447.27000000000066
2020-03-23,692.15,559.21,1251.36,132.95,34.55,PTTEP,Energy,580.2200000000007
2020-03-24,560.81,354.74,915.56,206.07,28.47,PTTEP,Energy,786.2900000000006
2020-03-25,1349.4,1144.73,2494.13,204.67,34.52,PTTEP,Energy,990.9600000000006
2020-03-26,916.22,1036.04,1952.26,-119.82,34.74,PTTEP,Energy,871.1400000000006
2020-03-27,462.41,491.6,954.01,-29.2,27.64,PTTEP,Energy,841.9400000000005
2020-03-30,335.34,283.12,618.46,52.23,27.25,PTTEP,Energy,894.1700000000005
2020-03-31,306.08,295.97,602.05,10.11,19.8,PTTEP,Energy,904.2800000000005
2020-04-01,243.93,348.61,592.54,-104.67,20.2,PTTEP,Energy,799.6100000000006
2020-04-02,848.13,763.92,1612.05,84.21,16.98,PTTEP,Energy,883.8200000000006
2020-04-03,652.36,709.68,1362.04,-57.32,14.18,PTTEP,Energy,826.5000000000006
2020-04-07,1304.59,1147.14,2451.73,157.45,30.84,PTTEP,Energy,983.9500000000005
2020-04-08,528.13,584.8,1112.93,-56.66,22.94,PTTEP,Energy,927.2900000000005
2020-04-09,668.97,639.85,1308.82,29.13,24.13,PTTEP,Energy,956.4200000000005
2020-04-10,504.7,482.6,987.3,22.1,26.44,PTTEP,Energy,978.5200000000006
2020-04-13,182.08,204.89,386.98,-22.81,25.73,PTTEP,Energy,955.7100000000006
2020-04-14,426.8,462.16,888.96,-35.36,32.46,PTTEP,Energy,920.3500000000006
2020-04-15,337.35,541.29,878.64,-203.94,25.6,PTTEP,Energy,716.4100000000005
2020-04-16,554.29,677.77,1232.06,-123.47,30.49,PTTEP,Energy,592.9400000000005
2020-04-17,566.68,709.11,1275.79,-142.42,37.07,PTTEP,Energy,450.52000000000055
2020-04-20,609.77,511.45,1121.21,98.32,30.17,PTTEP,Energy,548.8400000000006
2020-04-21,533.1,673.49,1206.6,-140.39,33.36,PTTEP,Energy,408.4500000000006
2020-04-22,904.81,848.13,1752.94,56.67,33.92,PTTEP,Energy,465.12000000000063
2020-04-23,482.45,575.08,1057.53,-92.62,30.98,PTTEP,Energy,372.5000000000006
2020-04-24,964.16,925.83,1889.99,38.33,31.02,PTTEP,Energy,410.8300000000006
2020-04-27,381.08,260.91,641.99,120.17,28.74,PTTEP,Energy,531.0000000000006
2020-04-28,249.52,251.34,500.85,-1.82,28.46,PTTEP,Energy,529.1800000000005
2020-04-29,175.45,167.2,342.65,8.25,18.68,PTTEP,Energy,537.4300000000005
2020-04-30,968.64,824.4,1793.04,144.24,19.98,PTTEP,Energy,681.6700000000005
2020-05-05,310.38,522.72,833.11,-212.34,19.41,PTTEP,Energy,469.3300000000005
2020-05-07,350.42,663.83,1014.24,-313.41,25.35,PTTEP,Energy,155.92000000000047
2020-05-08,323.29,381.88,705.18,-58.59,33.96,PTTEP,Energy,97.33000000000047
2020-05-11,202.47,225.59,428.07,-23.12,19.61,PTTEP,Energy,74.21000000000046
2020-05-12,341.55,255.17,596.72,86.38,28.61,PTTEP,Energy,160.59000000000046
2020-05-13,327.65,390.39,718.05,-62.74,36.15,PTTEP,Energy,97.85000000000045
2020-05-14,163.77,204.81,368.58,-41.04,29.18,PTTEP,Energy,56.81000000000045
2020-05-15,395.98,310.76,706.74,85.22,25.81,PTTEP,Energy,142.03000000000046
2020-05-18,411.42,441.26,852.68,-29.84,18.34,PTTEP,Energy,112.19000000000045
2020-05-19,413.21,660.67,1073.89,-247.46,24.2,PTTEP,Energy,-135.26999999999956
2020-05-20,238.06,234.09,472.15,3.97,30.37,PTTEP,Energy,-131.29999999999956
2020-05-21,347.81,384.12,731.93,-36.31,22.87,PTTEP,Energy,-167.60999999999956
2020-05-22,257.23,377.07,634.31,-119.84,14.39,PTTEP,Energy,-287.4499999999996
2020-05-25,284.18,196.43,480.61,87.75,32.09,PTTEP,Energy,-199.6999999999996
2020-05-26,302.61,125.39,428.0,177.21,24.74,PTTEP,Energy,-22.489999999999583
2020-05-27,163.28,217.02,380.3,-53.73,22.06,PTTEP,Energy,-76.21999999999957
2020-05-28,281.22,361.14,642.35,-79.92,27.54,PTTEP,Energy,-156.1399999999996
2020-05-29,499.35,544.87,1044.22,-45.51,37.06,PTTEP,Energy,-201.64999999999958
2020-06-01,503.65,192.05,695.69,311.6,22.83,PTTEP,Energy,109.95000000000044
2020-06-02,458.84,231.75,690.59,227.09,20.76,PTTEP,Energy,337.0400000000004
2020-06-04,590.3,524.47,1114.76,65.83,20.86,PTTEP,Energy,402.8700000000004
2020-06-05,1532.73,989.43,2522.17,543.3,21.08,PTTEP,Energy,946.1700000000003
2020-06-08,882.81,992.14,1874.95,-109.33,21.64,PTTEP,Energy,836.8400000000003
2020-06-09,607.27,808.91,1416.18,-201.64,20.19,PTTEP,Energy,635.2000000000003
2020-06-10,539.77,415.64,955.41,124.13,23.55,PTTEP,Energy,759.3300000000003
2020-06-11,469.99,652.63,1122.62,-182.65,29.8,PTTEP,Energy,576.6800000000003
2020-06-12,479.41,537.67,1017.07,-58.26,20.85,PTTEP,Energy,518.4200000000003
2020-06-15,393.21,378.48,771.69,14.73,20.47,PTTEP,Energy,533.1500000000003
2020-06-16,783.38,453.19,1236.56,330.19,17.28,PTTEP,Energy,863.3400000000004
2020-06-17,317.31,591.09,908.39,-273.78,19.85,PTTEP,Energy,589.5600000000004
2020-06-18,274.74,321.24,595.98,-46.5,29.65,PTTEP,Energy,543.0600000000004
2020-06-19,376.01,498.23,874.24,-122.22,18.18,PTTEP,Energy,420.8400000000004
2020-06-22,408.83,546.42,955.25,-137.6,19.23,PTTEP,Energy,283.24000000000035
2020-06-23,260.77,316.23,577.0,-55.47,21.91,PTTEP,Energy,227.77000000000035
2020-06-24,285.36,366.27,651.63,-80.91,23.94,PTTEP,Energy,146.86000000000035
2020-06-25,306.98,307.74,614.73,-0.76,22.05,PTTEP,Energy,146.10000000000036
2020-06-26,155.8,141.08,296.89,14.72,22.61,PTTEP,Energy,160.82000000000036
2020-06-29,196.78,298.01,494.79,-101.22,29.79,PTTEP,Energy,59.600000000000364
2020-06-30,402.66,354.77,757.43,47.88,30.67,PTTEP,Energy,107.48000000000036
2020-07-01,304.82,346.57,651.4,-41.75,19.15,PTTEP,Energy,65.73000000000036
2020-07-02,363.29,457.16,820.45,-93.87,22.0,PTTEP,Energy,-28.139999999999645
2020-07-03,259.54,324.98,584.52,-65.44,35.83,PTTEP,Energy,-93.57999999999964
2020-07-07,416.47,522.59,939.06,-106.11,30.8,PTTEP,Energy,-199.68999999999966
2020-07-08,363.87,634.88,998.75,-271.0,36.69,PTTEP,Energy,-470.68999999999966
2020-07-09,760.87,765.86,1526.74,-4.99,70.91,PTTEP,Energy,-475.67999999999967
2020-07-10,340.14,339.8,679.94,0.34,23.79,PTTEP,Energy,-475.3399999999997
2020-07-13,358.27,241.98,600.25,116.29,30.04,PTTEP,Energy,-359.04999999999967
2020-07-14,227.18,227.38,454.57,-0.2,29.0,PTTEP,Energy,-359.24999999999966
2020-07-15,476.06,244.61,720.67,231.46,18.86,PTTEP,Energy,-127.78999999999965
2020-07-16,161.63,432.14,593.76,-270.51,31.94,PTTEP,Energy,-398.2999999999996
2020-07-17,227.08,271.46,498.53,-44.38,37.49,PTTEP,Energy,-442.6799999999996
2020-07-20,196.17,300.99,497.16,-104.82,36.48,PTTEP,Energy,-547.4999999999995
2020-07-21,427.25,278.59,705.83,148.66,18.8,PTTEP,Energy,-398.8399999999996
2020-07-22,477.02,455.38,932.4,21.64,33.57,PTTEP,Energy,-377.1999999999996
2020-07-23,541.2,405.87,947.07,135.33,32.98,PTTEP,Energy,-241.86999999999958
2020-07-24,193.38,424.02,617.4,-230.64,25.66,PTTEP,Energy,-472.50999999999954
2020-07-29,215.21,224.84,440.05,-9.63,22.09,PTTEP,Energy,-482.13999999999953
2020-07-30,435.14,314.14,749.28,121.0,27.39,PTTEP,Energy,-361.13999999999953
2020-07-31,320.58,261.44,582.02,59.14,25.7,PTTEP,Energy,-301.99999999999955
2020-08-03,260.06,318.33,578.39,-58.28,28.35,PTTEP,Energy,-360.2799999999995
2020-08-04,295.55,311.49,607.04,-15.94,27.86,PTTEP,Energy,-376.2199999999995
2020-08-05,1001.68,713.28,1714.96,288.4,30.72,PTTEP,Energy,-87.81999999999954
2020-08-06,246.5,436.64,683.14,-190.14,25.97,PTTEP,Energy,-277.9599999999995
2020-08-07,208.83,629.15,837.98,-420.33,29.36,PTTEP,Energy,-698.2899999999995
2020-08-10,169.79,315.31,485.1,-145.53,38.46,PTTEP,Energy,-843.8199999999995
2020-08-11,256.79,400.87,657.66,-144.09,23.5,PTTEP,Energy,-987.9099999999995
2020-08-13,485.97,321.9,807.87,164.07,40.51,PTTEP,Energy,-823.8399999999995
2020-08-14,104.11,253.47,357.59,-149.36,21.79,PTTEP,Energy,-973.1999999999995
2020-08-17,109.86,78.09,187.96,31.77,28.02,PTTEP,Energy,-941.4299999999995
2020-08-18,221.13,151.03,372.16,70.11,35.9,PTTEP,Energy,-871.3199999999995
2020-08-19,259.56,317.84,577.4,-58.28,39.61,PTTEP,Energy,-929.5999999999995
2020-08-20,139.78,436.94,576.71,-297.16,37.44,PTTEP,Energy,-1226.7599999999995
2020-08-21,198.34,267.09,465.43,-68.75,31.29,PTTEP,Energy,-1295.5099999999995
2020-08-24,193.01,292.63,485.64,-99.61,30.72,PTTEP,Energy,-1395.1199999999994
2020-08-25,450.74,372.16,822.91,78.58,39.39,PTTEP,Energy,-1316.5399999999995
2020-08-26,231.8,316.96,548.76,-85.15,31.12,PTTEP,Energy,-1401.6899999999996
2020-08-27,236.03,407.76,643.78,-171.73,30.74,PTTEP,Energy,-1573.4199999999996
2020-08-28,159.02,324.05,483.07,-165.02,27.99,PTTEP,Energy,-1738.4399999999996
2020-08-31,238.74,265.41,504.16,-26.67,36.53,PTTEP,Energy,-1765.1099999999997
2020-09-01,177.37,308.36,485.73,-130.99,34.57,PTTEP,Energy,-1896.0999999999997
2020-09-02,215.82,305.12,520.94,-89.3,30.53,PTTEP,Energy,-1985.3999999999996
2020-09-03,103.79,323.09,426.88,-219.3,24.06,PTTEP,Energy,-2204.7
2020-09-08,171.83,142.09,313.92,29.74,19.02,PTTEP,Energy,-2174.96
2020-09-09,435.98,310.59,746.58,125.39,25.36,PTTEP,Energy,-2049.57
2020-09-10,264.13,104.41,368.54,159.72,31.2,PTTEP,Energy,-1889.8500000000001
2020-09-11,288.48,313.07,601.54,-24.59,40.78,PTTEP,Energy,-1914.44
2020-09-14,344.27,271.95,616.22,72.32,47.04,PTTEP,Energy,-1842.1200000000001
2020-09-15,480.85,530.53,1011.38,-49.68,34.38,PTTEP,Energy,-1891.8000000000002
2020-09-16,220.47,413.06,633.54,-192.59,25.82,PTTEP,Energy,-2084.3900000000003
2020-09-17,230.19,121.69,351.88,108.49,29.0,PTTEP,Energy,-1975.9000000000003
2020-09-18,337.67,423.33,761.0,-85.66,37.18,PTTEP,Energy,-2061.5600000000004
2020-09-21,196.57,166.69,363.25,29.88,32.59,PTTEP,Energy,-2031.6800000000003
2020-09-22,221.33,212.57,433.91,8.76,28.92,PTTEP,Energy,-2022.9200000000003
2020-09-23,240.02,310.41,550.43,-70.38,27.27,PTTEP,Energy,-2093.3
2020-09-24,178.45,352.69,531.13,-174.24,22.75,PTTEP,Energy,-2267.54
2020-09-25,306.88,423.52,730.4,-116.64,33.77,PTTEP,Energy,-2384.18
2020-09-28,149.98,174.42,324.4,-24.44,24.41,PTTEP,Energy,-2408.62
2020-09-29,186.27,166.72,352.99,19.55,30.52,PTTEP,Energy,-2389.0699999999997
2020-09-30,153.8,162.87,316.67,-9.06,22.18,PTTEP,Energy,-2398.1299999999997
2020-10-01,295.85,184.15,480.0,111.7,31.0,PTTEP,Energy,-2286.43
2020-10-02,379.96,509.69,889.65,-129.73,25.23,PTTEP,Energy,-2416.16
2020-10-05,380.99,213.21,594.2,167.78,35.8,PTTEP,Energy,-2248.3799999999997
2020-10-06,773.68,493.27,1266.95,280.42,23.63,PTTEP,Energy,-1967.9599999999996
2020-10-07,279.1,393.78,672.88,-114.69,23.5,PTTEP,Energy,-2082.6499999999996
2020-10-08,163.55,218.58,382.13,-55.03,20.43,PTTEP,Energy,-2137.68
2020-10-09,238.91,291.0,529.91,-52.1,24.44,PTTEP,Energy,-2189.7799999999997
2020-10-12,226.25,346.81,573.06,-120.56,35.92,PTTEP,Energy,-2310.3399999999997
2020-10-14,229.16,403.98,633.14,-174.82,39.88,PTTEP,Energy,-2485.16
2020-10-15,321.13,384.73,705.85,-63.6,38.34,PTTEP,Energy,-2548.7599999999998
2020-10-16,143.69,220.54,364.23,-76.85,33.88,PTTEP,Energy,-2625.6099999999997
2020-10-19,176.05,374.93,550.98,-198.88,27.3,PTTEP,Energy,-2824.49
2020-10-20,245.55,353.22,598.78,-107.67,26.24,PTTEP,Energy,-2932.16
2020-10-21,224.34,364.26,588.6,-139.92,23.1,PTTEP,Energy,-3072.08
2020-10-22,419.18,385.23,804.41,33.94,24.71,PTTEP,Energy,-3038.14
2020-10-26,192.9,202.76,395.66,-9.86,28.1,PTTEP,Energy,-3048.0
2020-10-27,191.05,115.55,306.59,75.5,22.69,PTTEP,Energy,-2972.5
2020-10-28,159.52,206.75,366.27,-47.24,19.44,PTTEP,Energy,-3019.74
2020-10-29,130.25,232.84,363.09,-102.58,23.55,PTTEP,Energy,-3122.3199999999997
2020-10-30,153.62,273.25,426.87,-119.64,27.02,PTTEP,Energy,-3241.9599999999996
2020-11-02,99.62,151.07,250.69,-51.45,33.59,PTTEP,Energy,-3293.4099999999994
2020-11-03,354.97,330.49,685.47,24.48,29.13,PTTEP,Energy,-3268.9299999999994
2020-11-04,262.3,299.14,561.44,-36.85,25.58,PTTEP,Energy,-3305.7799999999993
2020-11-05,288.71,232.27,520.98,56.44,18.78,PTTEP,Energy,-3249.3399999999992
2020-11-06,377.83,242.05,619.88,135.78,31.2,PTTEP,Energy,-3113.559999999999
2020-11-09,430.09,296.48,726.57,133.61,23.2,PTTEP,Energy,-2979.949999999999
2020-11-10,792.59,632.47,1425.06,160.12,21.08,PTTEP,Energy,-2819.829999999999
2020-11-11,571.59,597.52,1169.1,-25.93,27.16,PTTEP,Energy,-2845.759999999999
2020-11-12,534.3,483.63,1017.93,50.67,34.05,PTTEP,Energy,-2795.089999999999
2020-11-13,449.75,278.55,728.31,171.2,34.58,PTTEP,Energy,-2623.889999999999
2020-11-16,187.14,270.71,457.84,-83.57,26.92,PTTEP,Energy,-2707.459999999999
2020-11-17,319.97,356.67,676.64,-36.7,22.26,PTTEP,Energy,-2744.159999999999
2020-11-18,373.74,272.08,645.82,101.65,31.13,PTTEP,Energy,-2642.509999999999
2020-11-19,585.0,483.33,1068.33,101.67,35.18,PTTEP,Energy,-2540.839999999999
2020-11-20,386.18,345.74,731.92,40.45,32.34,PTTEP,Energy,-2500.389999999999
2020-11-23,564.53,518.45,1082.98,46.08,16.0,PTTEP,Energy,-2454.309999999999
2020-11-24,735.76,859.96,1595.72,-124.19,22.59,PTTEP,Energy,-2578.499999999999
2020-11-25,1043.96,796.09,1840.05,247.87,20.35,PTTEP,Energy,-2330.629999999999
2020-11-26,505.82,262.47,768.3,243.35,21.72,PTTEP,Energy,-2087.2799999999993
2020-11-27,185.8,171.31,357.11,14.48,20.63,PTTEP,Energy,-2072.7999999999993
2020-11-30,683.51,483.99,1167.5,199.53,26.63,PTTEP,Energy,-1873.2699999999993
2020-12-01,344.26,342.16,686.42,2.1,22.26,PTTEP,Energy,-1871.1699999999994
2020-12-02,516.45,408.23,924.68,108.22,23.08,PTTEP,Energy,-1762.9499999999994
2020-12-03,449.06,424.49,873.55,24.56,18.4,PTTEP,Energy,-1738.3899999999994
2020-12-04,426.15,262.88,689.04,163.27,17.54,PTTEP,Energy,-1575.1199999999994
2020-12-08,1109.44,461.2,1570.64,648.24,26.9,PTTEP,Energy,-926.8799999999994
2020-12-09,436.08,264.22,700.31,171.86,21.1,PTTEP,Energy,-755.0199999999994
2020-12-14,490.0,374.1,864.1,115.9,25.75,PTTEP,Energy,-639.1199999999994
2020-12-15,541.01,146.97,687.98,394.04,21.5,PTTEP,Energy,-245.07999999999942
2020-12-16,164.31,223.32,387.63,-59.02,15.87,PTTEP,Energy,-304.0999999999994
2020-12-17,318.66,332.43,651.09,-13.78,21.73,PTTEP,Energy,-317.87999999999937
2020-12-18,780.7,567.97,1348.67,212.73,40.84,PTTEP,Energy,-105.14999999999938
2020-12-21,490.98,466.29,957.27,24.68,28.89,PTTEP,Energy,-80.46999999999937
2020-12-22,544.68,499.31,1043.99,45.36,28.79,PTTEP,Energy,-35.109999999999374
2020-12-23,396.24,465.37,861.61,-69.13,48.6,PTTEP,Energy,-104.23999999999937
2020-12-24,321.93,230.58,552.51,91.34,26.81,PTTEP,Energy,-12.899999999999366
2020-12-25,210.65,99.86,310.51,110.79,21.79,PTTEP,Energy,97.89000000000064
2020-12-28,195.54,270.91,466.45,-75.36,35.54,PTTEP,Energy,22.53000000000064
2020-12-29,326.82,200.8,527.62,126.02,33.33,PTTEP,Energy,148.55000000000064
2020-12-30,231.38,383.48,614.86,-152.09,24.93,PTTEP,Energy,-3.5399999999993668
2021-01-04,345.09,279.1,624.19,66.0,24.02,PTTEP,Energy,62.46000000000063
2021-01-05,475.2,308.97,784.18,166.23,19.09,PTTEP,Energy,228.69000000000062
2021-01-06,1221.3,525.26,1746.57,696.04,20.86,PTTEP,Energy,924.7300000000006
2021-01-07,322.05,453.19,775.24,-131.14,23.29,PTTEP,Energy,793.5900000000006
2021-01-08,257.21,382.89,640.09,-125.68,31.8,PTTEP,Energy,667.9100000000005
2021-01-11,451.45,283.09,734.54,168.36,30.08,PTTEP,Energy,836.2700000000006
2021-01-12,1146.02,424.41,1570.42,721.61,28.18,PTTEP,Energy,1557.8800000000006
2021-01-13,1973.8,735.38,2709.18,1238.42,31.71,PTTEP,Energy,2796.3000000000006
2021-01-14,1430.02,849.18,2279.2,580.83,42.62,PTTEP,Energy,3377.1300000000006
2021-01-15,1339.28,658.56,1997.84,680.72,38.55,PTTEP,Energy,4057.8500000000004
2021-01-18,947.09,357.6,1304.69,589.49,35.85,PTTEP,Energy,4647.34
2021-01-19,640.28,402.41,1042.69,237.87,31.78,PTTEP,Energy,4885.21
2021-01-20,952.63,466.77,1419.4,485.86,39.0,PTTEP,Energy,5371.07
2021-01-21,491.57,335.14,826.71,156.43,49.98,PTTEP,Energy,5527.5
2021-01-22,977.41,608.92,1586.33,368.49,47.57,PTTEP,Energy,5895.99
2021-01-25,521.77,213.88,735.65,307.89,34.56,PTTEP,Energy,6203.88
2021-01-26,574.2,269.13,843.33,305.08,33.02,PTTEP,Energy,6508.96
2021-01-27,194.06,207.41,401.46,-13.35,27.47,PTTEP,Energy,6495.61
2021-01-28,238.04,437.94,675.98,-199.91,27.66,PTTEP,Energy,6295.7
2021-01-29,963.44,766.75,1730.19,196.69,30.01,PTTEP,Energy,6492.389999999999
2021-02-01,581.1,518.09,1099.19,63.02,27.22,PTTEP,Energy,6555.41
2021-02-02,357.08,393.2,750.28,-36.11,24.31,PTTEP,Energy,6519.3
2021-02-03,439.74,540.03,979.76,-100.29,31.15,PTTEP,Energy,6419.01
2021-02-04,256.6,420.65,677.26,-164.05,28.42,PTTEP,Energy,6254.96
2021-02-05,307.66,298.68,606.34,8.98,25.7,PTTEP,Energy,6263.94
2021-02-08,256.2,254.14,510.34,2.06,21.7,PTTEP,Energy,6266.0
2021-02-09,544.32,150.44,694.76,393.89,16.3,PTTEP,Energy,6659.89
2021-02-10,162.97,184.58,347.55,-21.62,21.52,PTTEP,Energy,6638.27
2021-02-11,384.96,450.12,835.08,-65.16,18.48,PTTEP,Energy,6573.110000000001
2021-02-15,450.22,289.11,739.33,161.12,19.7,PTTEP,Energy,6734.2300000000005
2021-02-16,221.13,211.16,432.29,9.98,17.54,PTTEP,Energy,6744.21
2021-02-17,282.19,334.09,616.28,-51.9,32.79,PTTEP,Energy,6692.31
2021-02-18,267.19,253.75,520.95,13.44,26.38,PTTEP,Energy,6705.75
2021-02-19,71.23,234.74,305.96,-163.51,13.57,PTTEP,Energy,6542.24
2021-02-22,185.01,255.92,440.93,-70.91,19.07,PTTEP,Energy,6471.33
2021-02-23,554.36,213.8,768.16,340.57,18.31,PTTEP,Energy,6811.9
2021-02-24,323.62,316.44,640.06,7.18,33.33,PTTEP,Energy,6819.08
2021-02-25,602.36,563.56,1165.92,38.79,29.4,PTTEP,Energy,6857.87
2021-03-01,602.48,396.01,998.48,206.47,30.36,PTTEP,Energy,7064.34
2021-03-02,239.59,302.29,541.88,-62.7,27.47,PTTEP,Energy,7001.64
2021-03-03,485.21,172.13,657.34,313.07,27.85,PTTEP,Energy,7314.71
2021-03-04,370.08,328.21,698.29,41.87,27.33,PTTEP,Energy,7356.58
2021-03-05,1071.68,485.87,1557.54,585.81,22.23,PTTEP,Energy,7942.389999999999
2021-03-08,1162.89,557.28,1720.17,605.61,25.88,PTTEP,Energy,8548.0
2021-03-09,618.06,432.22,1050.28,185.84,34.46,PTTEP,Energy,8733.84
2021-03-10,317.42,285.42,602.84,31.99,30.12,PTTEP,Energy,8765.83
2021-03-11,161.16,208.87,370.03,-47.71,21.79,PTTEP,Energy,8718.12
2021-03-12,287.45,253.1,540.55,34.35,28.95,PTTEP,Energy,8752.470000000001
2021-03-15,658.76,287.66,946.42,371.1,33.38,PTTEP,Energy,9123.570000000002
2021-03-16,383.04,365.91,748.95,17.13,24.76,PTTEP,Energy,9140.7
2021-03-17,404.7,372.55,777.25,32.15,25.84,PTTEP,Energy,9172.85
2021-03-18,155.88,258.14,414.01,-102.26,23.27,PTTEP,Energy,9070.59
2021-03-19,479.22,852.19,1331.41,-372.97,27.27,PTTEP,Energy,8697.62
2021-03-22,425.82,142.18,568.0,283.64,26.31,PTTEP,Energy,8981.26
2021-03-23,231.6,287.96,519.56,-56.36,27.91,PTTEP,Energy,8924.9
2021-03-24,367.05,790.19,1157.24,-423.15,37.0,PTTEP,Energy,8501.75
2021-03-25,417.9,280.09,697.99,137.81,32.47,PTTEP,Energy,8639.56
2021-03-26,203.61,156.62,360.23,46.99,28.15,PTTEP,Energy,8686.55
2021-03-29,176.8,228.04,404.85,-51.24,21.64,PTTEP,Energy,8635.31
2021-03-30,442.05,226.97,669.02,215.08,34.4,PTTEP,Energy,8850.39
2021-03-31,130.46,172.38,302.84,-41.92,30.84,PTTEP,Energy,8808.47
2021-04-01,296.7,135.32,432.02,161.38,41.17,PTTEP,Energy,8969.849999999999
2021-04-02,369.91,230.68,600.59,139.23,39.71,PTTEP,Energy,9109.079999999998
2021-04-05,48.57,277.41,325.97,-228.84,24.59,PTTEP,Energy,8880.239999999998
2021-04-07,336.96,253.97,590.93,82.99,31.79,PTTEP,Energy,8963.229999999998
2021-04-08,235.8,345.68,581.48,-109.87,25.63,PTTEP,Energy,8853.359999999997
2021-04-09,417.44,348.69,766.14,68.75,33.53,PTTEP,Energy,8922.109999999997
2021-04-12,254.52,164.02,418.54,90.5,30.23,PTTEP,Energy,9012.609999999997
2021-04-16,1542.5,306.45,1848.95,1236.05,33.94,PTTEP,Energy,10248.659999999996
2021-04-19,204.39,346.96,551.36,-142.57,37.93,PTTEP,Energy,10106.089999999997
2021-04-20,173.82,339.1,512.93,-165.28,37.61,PTTEP,Energy,9940.809999999996
2021-04-21,181.63,334.21,515.84,-152.59,46.32,PTTEP,Energy,9788.219999999996
2021-04-22,535.68,493.21,1028.89,42.47,44.56,PTTEP,Energy,9830.689999999995
2021-04-23,377.77,289.25,667.02,88.52,38.21,PTTEP,Energy,9919.209999999995
2021-04-26,370.67,156.59,527.26,214.07,31.64,PTTEP,Energy,10133.279999999995
2021-04-27,204.48,74.94,279.42,129.54,26.07,PTTEP,Energy,10262.819999999996
2021-04-28,455.74,293.09,748.83,162.66,21.93,PTTEP,Energy,10425.479999999996
2021-04-29,1263.27,292.18,1555.45,971.1,26.54,PTTEP,Energy,11396.579999999996
2021-04-30,775.03,432.73,1207.76,342.3,43.07,PTTEP,Energy,11738.879999999996
2021-05-05,533.89,1021.98,1555.87,-488.1,33.58,PTTEP,Energy,11250.779999999995
2021-05-06,528.76,346.6,875.36,182.15,39.99,PTTEP,Energy,11432.929999999995
2021-05-07,532.04,299.71,831.75,232.33,36.57,PTTEP,Energy,11665.259999999995
2021-05-10,589.67,193.5,783.17,396.17,35.6,PTTEP,Energy,12061.429999999995
2021-05-11,207.17,483.59,690.76,-276.42,37.72,PTTEP,Energy,11785.009999999995
2021-05-12,151.16,345.37,496.52,-194.21,34.56,PTTEP,Energy,11590.799999999996
2021-05-13,368.22,407.66,775.88,-39.44,36.88,PTTEP,Energy,11551.359999999995
2021-05-14,322.52,345.89,668.41,-23.37,28.01,PTTEP,Energy,11527.989999999994
2021-05-17,154.81,155.14,309.96,-0.33,35.56,PTTEP,Energy,11527.659999999994
2021-05-18,757.13,406.89,1164.01,350.24,34.67,PTTEP,Energy,11877.899999999994
2021-05-19,296.53,301.15,597.68,-4.62,30.35,PTTEP,Energy,11873.279999999993
2021-05-20,391.0,839.38,1230.38,-448.38,32.71,PTTEP,Energy,11424.899999999994
2021-05-21,312.21,457.38,769.59,-145.17,32.63,PTTEP,Energy,11279.729999999994
2021-05-24,124.16,252.67,376.83,-128.52,39.44,PTTEP,Energy,11151.209999999994
2021-05-25,142.0,316.46,458.46,-174.46,26.97,PTTEP,Energy,10976.749999999995
2021-05-27,575.26,832.15,1407.41,-256.89,35.32,PTTEP,Energy,10719.859999999995
2021-05-28,170.41,141.66,312.07,28.75,25.18,PTTEP,Energy,10748.609999999995
2021-05-31,98.91,102.92,201.83,-4.01,22.46,PTTEP,Energy,10744.599999999995
2021-06-01,759.67,874.05,1633.72,-114.37,42.71,PTTEP,Energy,10630.229999999994
2021-06-02,440.46,393.21,833.67,47.25,38.43,PTTEP,Energy,10677.479999999994
2021-06-04,359.73,274.6,634.33,85.14,43.84,PTTEP,Energy,10762.619999999994
2021-06-07,310.87,347.2,658.07,-36.33,53.95,PTTEP,Energy,10726.289999999994
2021-06-08,454.14,334.99,789.13,119.15,43.72,PTTEP,Energy,10845.439999999993
2021-06-09,607.49,370.84,978.33,236.64,32.69,PTTEP,Energy,11082.079999999993
2021-06-10,817.82,845.73,1663.55,-27.91,60.82,PTTEP,Energy,11054.169999999993
2021-06-11,116.49,211.94,328.44,-95.45,36.0,PTTEP,Energy,10958.719999999992
2021-06-14,104.52,111.19,215.71,-6.67,27.12,PTTEP,Energy,10952.049999999992
2021-06-15,318.88,336.98,655.86,-18.09,42.9,PTTEP,Energy,10933.959999999992
2021-06-16,1098.14,529.11,1627.25,569.03,24.99,PTTEP,Energy,11502.989999999993
2021-06-17,121.12,223.7,344.83,-102.58,30.09,PTTEP,Energy,11400.409999999993
2021-06-18,308.81,894.82,1203.62,-586.01,28.91,PTTEP,Energy,10814.399999999992
2021-06-21,285.24,605.99,891.23,-320.75,42.01,PTTEP,Energy,10493.649999999992
2021-06-22,382.8,385.86,768.66,-3.06,36.33,PTTEP,Energy,10490.589999999993
2021-06-23,197.3,166.69,363.99,30.61,33.64,PTTEP,Energy,10521.199999999993
2021-06-24,154.28,222.32,376.6,-68.04,26.45,PTTEP,Energy,10453.159999999993
2021-06-25,466.9,191.12,658.02,275.78,30.89,PTTEP,Energy,10728.939999999993
2021-06-28,134.85,177.94,312.79,-43.09,27.77,PTTEP,Energy,10685.849999999993
2021-06-29,621.38,401.29,1022.67,220.09,34.59,PTTEP,Energy,10905.939999999993
2021-06-30,219.28,314.3,533.58,-95.02,32.83,PTTEP,Energy,10810.919999999993
2021-07-01,193.32,175.54,368.86,17.78,26.9,PTTEP,Energy,10828.699999999993
2021-07-02,401.02,327.42,728.44,73.61,37.62,PTTEP,Energy,10902.309999999994
2021-07-05,115.13,80.75,195.88,34.37,28.8,PTTEP,Energy,10936.679999999995
2021-07-06,955.14,318.38,1273.53,636.76,34.36,PTTEP,Energy,11573.439999999995
2021-07-07,262.17,615.35,877.52,-353.18,33.49,PTTEP,Energy,11220.259999999995
2021-07-08,531.44,1586.19,2117.62,-1054.75,33.14,PTTEP,Energy,10165.509999999995
2021-07-09,279.58,444.94,724.52,-165.36,30.87,PTTEP,Energy,10000.149999999994
2021-07-12,226.88,207.81,434.7,19.07,24.33,PTTEP,Energy,10019.219999999994
2021-07-13,112.12,281.13,393.25,-169.02,36.27,PTTEP,Energy,9850.199999999993
2021-07-14,236.29,537.59,773.88,-301.3,36.75,PTTEP,Energy,9548.899999999994
2021-07-15,123.2,236.54,359.74,-113.34,29.43,PTTEP,Energy,9435.559999999994
2021-07-16,260.68,341.28,601.96,-80.6,44.47,PTTEP,Energy,9354.959999999994
2021-07-19,349.74,442.41,792.16,-92.67,41.43,PTTEP,Energy,9262.289999999994
2021-07-20,465.75,252.8,718.55,212.95,26.34,PTTEP,Energy,9475.239999999994
2021-07-21,297.46,261.58,559.04,35.88,32.58,PTTEP,Energy,9511.119999999994
2021-07-22,170.91,227.29,398.21,-56.38,31.09,PTTEP,Energy,9454.739999999994
2021-07-23,67.53,104.44,171.96,-36.91,27.85,PTTEP,Energy,9417.829999999994
2021-07-27,186.69,347.92,534.61,-161.23,48.12,PTTEP,Energy,9256.599999999995
2021-07-29,192.6,237.04,429.64,-44.45,36.87,PTTEP,Energy,9212.149999999994
2021-07-30,696.1,1012.27,1708.36,-316.17,47.22,PTTEP,Energy,8895.979999999994
2021-08-02,402.76,274.59,677.34,128.17,49.04,PTTEP,Energy,9024.149999999994
2021-08-03,295.22,221.96,517.18,73.26,39.12,PTTEP,Energy,9097.409999999994
2021-08-04,134.03,134.59,268.62,-0.57,42.6,PTTEP,Energy,9096.839999999995
2021-08-05,188.77,340.27,529.05,-151.5,42.32,PTTEP,Energy,8945.339999999995
2021-08-06,274.98,437.78,712.76,-162.8,46.53,PTTEP,Energy,8782.539999999995
2021-08-09,283.14,228.41,511.55,54.73,46.99,PTTEP,Energy,8837.269999999995
2021-08-10,260.07,288.16,548.23,-28.09,38.36,PTTEP,Energy,8809.179999999995
2021-08-11,240.65,430.24,670.89,-189.59,44.04,PTTEP,Energy,8619.589999999995
2021-08-13,188.56,245.77,434.33,-57.22,40.84,PTTEP,Energy,8562.369999999995
2021-08-16,226.85,223.33,450.18,3.52,41.57,PTTEP,Energy,8565.889999999996
2021-08-17,283.08,282.74,565.82,0.35,37.79,PTTEP,Energy,8566.239999999996
2021-08-18,128.95,285.71,414.65,-156.76,39.9,PTTEP,Energy,8409.479999999996
2021-08-19,125.7,328.5,454.2,-202.8,26.54,PTTEP,Energy,8206.679999999997
2021-08-20,255.49,299.72,555.22,-44.23,29.26,PTTEP,Energy,8162.449999999997
2021-08-23,630.56,390.61,1021.17,239.95,41.35,PTTEP,Energy,8402.399999999998
2021-08-24,772.53,787.87,1560.4,-15.35,26.76,PTTEP,Energy,8387.049999999997
2021-08-25,153.55,227.96,381.51,-74.41,28.12,PTTEP,Energy,8312.639999999998
2021-08-26,114.08,175.48,289.56,-61.4,39.44,PTTEP,Energy,8251.239999999998
2021-08-27,174.97,209.89,384.86,-34.91,31.61,PTTEP,Energy,8216.329999999998
2021-08-30,235.25,418.11,653.36,-182.86,15.83,PTTEP,Energy,8033.469999999998
2021-08-31,358.77,319.19,677.96,39.58,32.83,PTTEP,Energy,8073.049999999998
2021-09-01,329.52,305.89,635.41,23.63,30.3,PTTEP,Energy,8096.6799999999985
2021-09-02,123.04,78.67,201.71,44.37,24.28,PTTEP,Energy,8141.049999999998
2021-09-03,182.84,206.54,389.38,-23.69,24.97,PTTEP,Energy,8117.359999999999
2021-09-06,197.17,110.45,307.63,86.72,30.56,PTTEP,Energy,8204.079999999998
2021-09-07,266.15,165.34,431.49,100.81,28.98,PTTEP,Energy,8304.889999999998
2021-09-08,425.38,286.81,712.19,138.57,33.82,PTTEP,Energy,8443.459999999997
2021-09-09,303.79,249.13,552.92,54.66,40.98,PTTEP,Energy,8498.119999999997
2021-09-10,326.45,277.27,603.72,49.18,30.17,PTTEP,Energy,8547.299999999997
2021-09-13,247.47,335.58,583.05,-88.11,28.52,PTTEP,Energy,8459.189999999997
2021-09-14,766.64,408.48,1175.12,358.16,35.1,PTTEP,Energy,8817.349999999997
2021-09-15,243.29,388.61,631.9,-145.32,34.37,PTTEP,Energy,8672.029999999997
2021-09-16,386.16,554.86,941.02,-168.7,30.51,PTTEP,Energy,8503.329999999996
2021-09-17,440.25,526.71,966.96,-86.47,36.78,PTTEP,Energy,8416.859999999997
2021-09-20,170.06,280.93,450.99,-110.86,27.9,PTTEP,Energy,8305.999999999996
2021-09-21,227.1,172.86,399.96,54.23,30.79,PTTEP,Energy,8360.229999999996
2021-09-22,297.03,146.08,443.11,150.95,35.75,PTTEP,Energy,8511.179999999997
2021-09-23,486.02,175.97,661.98,310.05,33.52,PTTEP,Energy,8821.229999999996
2021-09-27,1724.5,484.03,2208.53,1240.47,37.69,PTTEP,Energy,10061.699999999995
2021-09-28,1238.64,480.14,1718.79,758.5,20.66,PTTEP,Energy,10820.199999999995
2021-09-29,732.96,430.25,1163.21,302.72,37.55,PTTEP,Energy,11122.919999999995
2021-09-30,392.12,484.62,876.74,-92.49,31.06,PTTEP,Energy,11030.429999999995
2021-10-01,291.75,254.45,546.21,37.3,34.24,PTTEP,Energy,11067.729999999994
2021-10-04,409.44,322.01,731.46,87.43,25.93,PTTEP,Energy,11155.159999999994
2021-10-05,468.88,388.6,857.48,80.28,25.39,PTTEP,Energy,11235.439999999995
2021-10-06,644.97,368.69,1013.66,276.28,26.36,PTTEP,Energy,11511.719999999996
2021-10-07,818.96,836.5,1655.47,-17.54,37.89,PTTEP,Energy,11494.179999999995
2021-10-08,536.95,228.01,764.96,308.94,30.09,PTTEP,Energy,11803.119999999995
2021-10-11,694.16,383.46,1077.62,310.69,26.47,PTTEP,Energy,12113.809999999996
2021-10-12,465.75,370.03,835.77,95.72,31.76,PTTEP,Energy,12209.529999999995
2021-10-14,507.77,386.99,894.76,120.78,31.35,PTTEP,Energy,12330.309999999996
2021-10-15,642.27,285.22,927.49,357.04,41.86,PTTEP,Energy,12687.349999999997
2021-10-18,683.8,270.13,953.93,413.67,37.34,PTTEP,Energy,13101.019999999997
2021-10-19,354.13,382.66,736.78,-28.53,32.65,PTTEP,Energy,13072.489999999996
2021-10-20,528.55,298.73,827.28,229.83,27.82,PTTEP,Energy,13302.319999999996
2021-10-21,469.28,549.32,1018.59,-80.04,35.93,PTTEP,Energy,13222.279999999995
2021-10-25,299.66,234.1,533.76,65.55,27.75,PTTEP,Energy,13287.829999999994
2021-10-26,437.69,418.71,856.4,18.98,33.8,PTTEP,Energy,13306.809999999994
2021-10-27,430.01,392.86,822.87,37.15,31.22,PTTEP,Energy,13343.959999999994
2021-10-28,627.66,492.1,1119.76,135.56,27.23,PTTEP,Energy,13479.519999999993
2021-10-29,329.24,282.76,612.0,46.48,35.91,PTTEP,Energy,13525.999999999993
2021-11-01,563.5,497.15,1060.66,66.35,28.15,PTTEP,Energy,13592.349999999993
2021-11-02,554.0,403.96,957.95,150.04,45.49,PTTEP,Energy,13742.389999999994
2021-11-03,101.78,411.14,512.92,-309.35,30.68,PTTEP,Energy,13433.039999999994
2021-11-04,615.48,665.96,1281.45,-50.48,37.5,PTTEP,Energy,13382.559999999994
2021-11-05,77.41,350.31,427.72,-272.9,36.81,PTTEP,Energy,13109.659999999994
2021-11-08,192.81,183.01,375.82,9.8,25.02,PTTEP,Energy,13119.459999999994
2021-11-09,262.12,268.85,530.97,-6.74,36.65,PTTEP,Energy,13112.719999999994
2021-11-10,161.19,424.97,586.16,-263.77,29.05,PTTEP,Energy,12848.949999999993
2021-11-11,115.57,190.69,306.26,-75.13,35.78,PTTEP,Energy,12773.819999999994
2021-11-12,220.12,234.14,454.26,-14.02,34.54,PTTEP,Energy,12759.799999999994
2021-11-15,397.97,158.33,556.3,239.64,39.89,PTTEP,Energy,12999.439999999993
2021-11-16,313.11,354.75,667.86,-41.63,40.18,PTTEP,Energy,12957.809999999994
2021-11-17,171.23,541.19,712.43,-369.96,28.38,PTTEP,Energy,12587.849999999995
2021-11-18,160.91,671.32,832.23,-510.41,22.13,PTTEP,Energy,12077.439999999995
2021-11-19,112.41,237.43,349.84,-125.01,26.28,PTTEP,Energy,11952.429999999995
2021-11-22,190.71,720.67,911.38,-529.96,30.99,PTTEP,Energy,11422.469999999994
2021-11-23,191.25,571.23,762.48,-379.99,38.5,PTTEP,Energy,11042.479999999994
2021-11-24,353.9,251.52,605.42,102.39,31.38,PTTEP,Energy,11144.869999999994
2021-11-25,128.28,154.62,282.91,-26.34,39.9,PTTEP,Energy,11118.529999999993
2021-11-26,176.87,429.15,606.02,-252.29,14.77,PTTEP,Energy,10866.239999999993
2021-11-29,308.67,624.05,932.72,-315.37,28.85,PTTEP,Energy,10550.869999999992
2021-11-30,535.92,745.22,1281.14,-209.3,37.82,PTTEP,Energy,10341.569999999992
2021-12-01,467.0,593.07,1060.07,-126.07,34.88,PTTEP,Energy,10215.499999999993
2021-12-02,152.93,360.65,513.58,-207.71,27.15,PTTEP,Energy,10007.789999999994
2021-12-03,468.0,346.79,814.79,121.21,36.66,PTTEP,Energy,10128.999999999993
2021-12-07,219.15,144.57,363.72,74.58,31.52,PTTEP,Energy,10203.579999999993
2021-12-08,287.14,212.66,499.8,74.48,26.76,PTTEP,Energy,10278.059999999992
2021-12-09,209.81,179.86,389.67,29.95,44.48,PTTEP,Energy,10308.009999999993
2021-12-13,462.55,277.37,739.92,185.19,51.67,PTTEP,Energy,10493.199999999993
2021-12-14,398.79,253.54,652.33,145.25,36.23,PTTEP,Energy,10638.449999999993
2021-12-15,343.53,202.58,546.11,140.95,34.53,PTTEP,Energy,10779.399999999994
2021-12-16,235.85,278.92,514.77,-43.07,42.11,PTTEP,Energy,10736.329999999994
2021-12-17,401.39,269.19,670.58,132.19,43.7,PTTEP,Energy,10868.519999999995
2021-12-20,104.49,231.65,336.14,-127.16,23.27,PTTEP,Energy,10741.359999999995
2021-12-21,99.74,185.08,284.82,-85.33,34.66,PTTEP,Energy,10656.029999999995
2021-12-22,206.29,214.86,421.15,-8.57,36.06,PTTEP,Energy,10647.459999999995
2021-12-23,315.69,207.92,523.61,107.77,51.57,PTTEP,Energy,10755.229999999996
2021-12-24,155.88,119.05,274.94,36.83,37.02,PTTEP,Energy,10792.059999999996
2021-12-27,136.06,85.11,221.17,50.95,45.61,PTTEP,Energy,10843.009999999997
2021-12-28,184.04,58.47,242.51,125.57,28.11,PTTEP,Energy,10968.579999999996
2021-12-29,316.28,37.48,353.76,278.79,33.25,PTTEP,Energy,11247.369999999997
2021-12-30,211.73,143.47,355.2,68.26,37.07,PTTEP,Energy,11315.629999999997
2022-01-04,363.84,210.83,574.67,153.01,27.69,PTTEP,Energy,11468.639999999998
2022-01-05,1081.48,410.82,1492.3,670.65,23.21,PTTEP,Energy,12139.289999999997
2022-01-06,562.85,430.5,993.35,132.35,40.69,PTTEP,Energy,12271.639999999998
2022-01-07,1617.29,525.93,2143.22,1091.36,33.03,PTTEP,Energy,13362.999999999998
2022-01-10,408.12,333.77,741.89,74.34,31.51,PTTEP,Energy,13437.339999999998
2022-01-11,186.91,152.94,339.85,33.98,33.5,PTTEP,Energy,13471.319999999998
2022-01-12,627.18,619.53,1246.71,7.65,25.65,PTTEP,Energy,13478.969999999998
2022-01-13,238.4,386.99,625.4,-148.59,32.36,PTTEP,Energy,13330.379999999997
2022-01-14,240.0,440.1,680.1,-200.09,34.5,PTTEP,Energy,13130.289999999997
2022-01-17,182.56,172.63,355.19,9.93,24.91,PTTEP,Energy,13140.219999999998
2022-01-18,964.49,563.74,1528.23,400.75,29.45,PTTEP,Energy,13540.969999999998
2022-01-19,991.01,548.54,1539.55,442.47,22.57,PTTEP,Energy,13983.439999999997
2022-01-20,417.62,354.54,772.17,63.08,35.35,PTTEP,Energy,14046.519999999997
2022-01-21,423.9,316.83,740.72,107.07,28.94,PTTEP,Energy,14153.589999999997
2022-01-24,800.64,270.86,1071.5,529.78,23.38,PTTEP,Energy,14683.369999999997
2022-01-25,433.94,793.96,1227.89,-360.02,49.64,PTTEP,Energy,14323.349999999997
2022-01-26,753.43,565.04,1318.47,188.39,33.5,PTTEP,Energy,14511.739999999996
2022-01-27,169.58,185.76,355.35,-16.18,31.76,PTTEP,Energy,14495.559999999996
2022-01-28,492.91,677.69,1170.6,-184.78,36.12,PTTEP,Energy,14310.779999999995
2022-01-31,843.92,297.44,1141.36,546.49,34.98,PTTEP,Energy,14857.269999999995
2022-02-01,347.43,361.4,708.83,-13.96,43.01,PTTEP,Energy,14843.309999999996
2022-02-02,253.18,464.17,717.35,-210.99,29.97,PTTEP,Energy,14632.319999999996
2022-02-03,432.54,345.9,778.44,86.64,31.91,PTTEP,Energy,14718.959999999995
2022-02-04,493.35,237.53,730.88,255.82,22.32,PTTEP,Energy,14974.779999999995
2022-02-07,717.74,202.87,920.61,514.88,36.41,PTTEP,Energy,15489.659999999994
2022-02-08,1811.72,782.67,2594.39,1029.04,33.72,PTTEP,Energy,16518.699999999993
2022-02-09,1284.27,971.18,2255.45,313.09,36.51,PTTEP,Energy,16831.789999999994
2022-02-10,419.5,467.99,887.49,-48.49,18.79,PTTEP,Energy,16783.299999999992
2022-02-11,1232.3,344.62,1576.92,887.69,37.23,PTTEP,Energy,17670.98999999999
2022-02-14,1307.04,544.75,1851.79,762.29,39.16,PTTEP,Energy,18433.27999999999
2022-02-15,762.34,782.01,1544.35,-19.67,44.55,PTTEP,Energy,18413.609999999993
2022-02-17,634.3,605.86,1240.16,28.44,30.91,PTTEP,Energy,18442.049999999992
2022-02-18,378.8,164.19,542.99,214.61,23.26,PTTEP,Energy,18656.659999999993
2022-02-21,281.57,212.35,493.92,69.21,22.55,PTTEP,Energy,18725.86999999999
2022-02-22,627.98,712.07,1340.04,-84.09,29.26,PTTEP,Energy,18641.77999999999
2022-02-23,340.1,218.09,558.19,122.01,19.78,PTTEP,Energy,18763.78999999999
2022-02-24,1389.51,877.06,2266.57,512.45,28.55,PTTEP,Energy,19276.23999999999
2022-02-25,336.0,428.03,764.02,-92.03,21.04,PTTEP,Energy,19184.209999999992
2022-02-28,705.37,680.17,1385.55,25.2,21.32,PTTEP,Energy,19209.409999999993
2022-03-01,1195.55,803.0,1998.55,392.54,29.57,PTTEP,Energy,19601.949999999993
2022-03-02,2900.78,2005.78,4906.56,895.0,27.39,PTTEP,Energy,20496.949999999993
2022-03-03,1596.3,2128.96,3725.26,-532.66,26.02,PTTEP,Energy,19964.289999999994
2022-03-04,805.39,1210.92,2016.31,-405.53,32.17,PTTEP,Energy,19558.759999999995
2022-03-07,1507.96,2337.52,3845.48,-829.55,28.1,PTTEP,Energy,18729.209999999995
2022-03-08,1673.05,1184.93,2857.97,488.12,36.8,PTTEP,Energy,19217.329999999994
2022-03-09,2512.92,1842.32,4355.24,670.6,32.23,PTTEP,Energy,19887.929999999993
2022-03-10,3011.53,1363.31,4374.83,1648.22,32.15,PTTEP,Energy,21536.149999999994
2022-03-11,669.13,716.92,1386.05,-47.79,31.14,PTTEP,Energy,21488.359999999993
2022-03-14,477.42,735.92,1213.34,-258.5,30.9,PTTEP,Energy,21229.859999999993
2022-03-15,558.32,1118.46,1676.79,-560.14,22.81,PTTEP,Energy,20669.719999999994
2022-03-16,1105.24,1032.45,2137.69,72.79,24.1,PTTEP,Energy,20742.509999999995
2022-03-17,1424.04,640.92,2064.95,783.12,31.11,PTTEP,Energy,21525.629999999994
2022-03-18,1874.91,1270.51,3145.42,604.4,36.07,PTTEP,Energy,22130.029999999995
2022-03-21,648.09,512.75,1160.83,135.34,34.68,PTTEP,Energy,22265.369999999995
2022-03-22,1697.23,1683.19,3380.42,14.04,36.95,PTTEP,Energy,22279.409999999996
2022-03-23,481.35,898.54,1379.89,-417.19,33.02,PTTEP,Energy,21862.219999999998
2022-03-24,548.06,910.62,1458.68,-362.56,25.63,PTTEP,Energy,21499.659999999996
2022-03-25,571.82,411.77,983.59,160.05,33.27,PTTEP,Energy,21659.709999999995
2022-03-28,457.91,272.51,730.42,185.4,39.94,PTTEP,Energy,21845.109999999997
2022-03-29,1336.06,557.97,1894.03,778.09,46.11,PTTEP,Energy,22623.199999999997
2022-03-30,1211.03,1105.4,2316.43,105.63,35.45,PTTEP,Energy,22728.829999999998
2022-03-31,1062.65,288.66,1351.31,773.99,27.95,PTTEP,Energy,23502.82
2022-04-01,658.92,426.21,1085.12,232.71,38.08,PTTEP,Energy,23735.53
2022-04-04,462.45,270.93,733.38,191.52,26.89,PTTEP,Energy,23927.05
2022-04-05,558.68,637.84,1196.51,-79.16,26.59,PTTEP,Energy,23847.89
2022-04-07,757.9,312.01,1069.91,445.89,44.92,PTTEP,Energy,24293.78
2022-04-08,793.59,547.05,1340.64,246.54,40.83,PTTEP,Energy,24540.32
2022-04-11,777.87,464.01,1241.88,313.86,44.89,PTTEP,Energy,24854.18
2022-04-12,300.1,442.12,742.22,-142.03,33.36,PTTEP,Energy,24712.15
2022-04-18,960.96,672.7,1633.66,288.26,31.41,PTTEP,Energy,25000.41
2022-04-19,660.78,930.66,1591.44,-269.88,31.69,PTTEP,Energy,24730.53
2022-04-20,247.78,681.71,929.49,-433.93,30.63,PTTEP,Energy,24296.6
2022-04-21,458.24,550.59,1008.83,-92.35,37.25,PTTEP,Energy,24204.25
2022-04-22,230.06,375.4,605.46,-145.35,38.17,PTTEP,Energy,24058.9
2022-04-25,752.25,887.52,1639.77,-135.27,48.7,PTTEP,Energy,23923.63
2022-04-26,973.29,692.73,1666.02,280.56,48.72,PTTEP,Energy,24204.190000000002
2022-04-27,970.28,735.57,1705.85,234.71,42.13,PTTEP,Energy,24438.9
2022-04-28,593.72,545.37,1139.1,48.35,47.38,PTTEP,Energy,24487.25
2022-04-29,922.51,676.63,1599.14,245.88,42.5,PTTEP,Energy,24733.13
2022-05-03,400.88,628.8,1029.69,-227.92,42.64,PTTEP,Energy,24505.210000000003
2022-05-05,2316.38,1168.09,3484.47,1148.3,40.58,PTTEP,Energy,25653.510000000002
2022-05-06,762.53,635.92,1398.45,126.62,40.15,PTTEP,Energy,25780.13
2022-05-09,737.91,765.07,1502.98,-27.16,40.5,PTTEP,Energy,25752.97
2022-05-10,999.56,823.99,1823.55,175.56,28.66,PTTEP,Energy,25928.530000000002
2022-05-11,847.64,607.97,1455.61,239.66,32.58,PTTEP,Energy,26168.190000000002
2022-05-12,933.67,591.61,1525.28,342.06,39.25,PTTEP,Energy,26510.250000000004
2022-05-13,523.12,359.42,882.54,163.7,37.44,PTTEP,Energy,26673.950000000004
2022-05-17,1195.27,922.53,2117.8,272.74,32.49,PTTEP,Energy,26946.690000000006
2022-05-18,1146.27,972.29,2118.57,173.98,28.17,PTTEP,Energy,27120.670000000006
2022-05-19,813.93,742.08,1556.02,71.85,37.12,PTTEP,Energy,27192.520000000004
2022-05-20,601.23,533.53,1134.76,67.7,48.1,PTTEP,Energy,27260.220000000005
2022-05-23,533.75,346.39,880.14,187.36,44.4,PTTEP,Energy,27447.580000000005
2022-05-24,1037.12,647.68,1684.8,389.44,52.91,PTTEP,Energy,27837.020000000004
2022-05-25,744.09,516.84,1260.93,227.25,48.37,PTTEP,Energy,28064.270000000004
2022-05-26,1312.73,636.71,1949.45,676.02,32.8,PTTEP,Energy,28740.290000000005
2022-05-27,1221.68,1104.71,2326.4,116.97,31.71,PTTEP,Energy,28857.260000000006
2022-05-30,557.6,751.54,1309.14,-193.94,37.12,PTTEP,Energy,28663.320000000007
2022-05-31,1141.94,980.74,2122.68,161.2,37.27,PTTEP,Energy,28824.520000000008
2022-06-01,845.7,547.66,1393.37,298.04,31.68,PTTEP,Energy,29122.56000000001
2022-06-02,1330.5,563.43,1893.93,767.08,43.08,PTTEP,Energy,29889.64000000001
2022-06-06,711.52,510.3,1221.81,201.22,41.78,PTTEP,Energy,30090.86000000001
2022-06-07,828.44,506.13,1334.57,322.31,37.25,PTTEP,Energy,30413.170000000013
2022-06-08,495.19,465.39,960.58,29.8,25.14,PTTEP,Energy,30442.970000000012
2022-06-09,1091.13,879.57,1970.7,211.56,32.19,PTTEP,Energy,30654.530000000013
2022-06-10,578.0,736.19,1314.18,-158.19,36.21,PTTEP,Energy,30496.340000000015
2022-06-13,498.52,631.79,1130.31,-133.26,37.54,PTTEP,Energy,30363.080000000016
2022-06-14,473.31,380.52,853.84,92.79,33.28,PTTEP,Energy,30455.870000000017
2022-06-15,768.91,1016.24,1785.15,-247.33,37.87,PTTEP,Energy,30208.540000000015
2022-06-16,1102.66,685.62,1788.27,417.04,32.67,PTTEP,Energy,30625.580000000016
2022-06-17,1584.86,1234.7,2819.56,350.15,42.49,PTTEP,Energy,30975.730000000018
2022-06-20,911.35,633.23,1544.58,278.13,28.65,PTTEP,Energy,31253.86000000002
2022-06-21,653.65,812.08,1465.73,-158.43,37.74,PTTEP,Energy,31095.43000000002
2022-06-22,1452.75,648.62,2101.37,804.13,24.73,PTTEP,Energy,31899.56000000002
2022-06-23,1200.41,1012.97,2213.38,187.44,33.98,PTTEP,Energy,32087.00000000002
2022-06-24,707.23,709.35,1416.58,-2.11,26.84,PTTEP,Energy,32084.890000000018
2022-06-27,975.15,993.1,1968.26,-17.95,36.61,PTTEP,Energy,32066.940000000017
2022-06-28,1459.89,1127.15,2587.04,332.74,35.62,PTTEP,Energy,32399.68000000002
2022-06-29,749.52,508.63,1258.15,240.89,39.37,PTTEP,Energy,32640.570000000018
2022-06-30,822.12,951.77,1773.9,-129.65,44.37,PTTEP,Energy,32510.920000000016
2022-07-01,586.88,472.46,1059.35,114.42,25.38,PTTEP,Energy,32625.340000000015
2022-07-04,674.78,488.24,1163.02,186.54,37.64,PTTEP,Energy,32811.88000000001
2022-07-05,1139.18,590.7,1729.88,548.49,36.23,PTTEP,Energy,33360.37000000001
2022-07-06,1385.11,1188.63,2573.73,196.48,26.94,PTTEP,Energy,33556.85000000001
2022-07-07,794.1,761.14,1555.23,32.96,27.12,PTTEP,Energy,33589.81000000001
2022-07-08,1306.78,625.45,1932.23,681.33,36.1,PTTEP,Energy,34271.140000000014
2022-07-11,1168.89,939.97,2108.86,228.92,40.73,PTTEP,Energy,34500.06000000001
2022-07-12,963.33,573.47,1536.79,389.86,52.97,PTTEP,Energy,34889.92000000001
2022-07-14,1363.09,751.31,2114.4,611.77,37.71,PTTEP,Energy,35501.69000000001
2022-07-15,737.49,1083.88,1821.36,-346.39,33.44,PTTEP,Energy,35155.30000000001
2022-07-18,1117.78,721.1,1838.88,396.68,33.98,PTTEP,Energy,35551.98000000001
2022-07-19,844.56,800.19,1644.75,44.37,37.27,PTTEP,Energy,35596.35000000001
2022-07-20,539.48,704.23,1243.71,-164.75,36.27,PTTEP,Energy,35431.60000000001
2022-07-21,400.48,458.51,858.99,-58.04,33.52,PTTEP,Energy,35373.56000000001
2022-07-22,432.82,318.75,751.58,114.07,39.16,PTTEP,Energy,35487.63000000001
2022-07-25,298.31,167.54,465.86,130.77,33.54,PTTEP,Energy,35618.40000000001
2022-07-26,774.17,467.45,1241.61,306.72,30.87,PTTEP,Energy,35925.12000000001
2022-07-27,645.58,613.53,1259.11,32.05,44.51,PTTEP,Energy,35957.17000000001
2022-08-01,1116.58,746.75,1863.33,369.83,33.26,PTTEP,Energy,36327.000000000015
2022-08-02,868.44,1294.25,2162.69,-425.8,43.26,PTTEP,Energy,35901.20000000001
2022-08-03,567.07,479.84,1046.91,87.22,35.86,PTTEP,Energy,35988.42000000001
2022-08-04,1015.73,3857.8,4873.53,-2842.07,37.62,PTTEP,Energy,33146.35000000001
2022-08-05,1024.98,1289.15,2314.13,-264.17,27.73,PTTEP,Energy,32882.180000000015
2022-08-08,796.71,654.92,1451.63,141.8,33.79,PTTEP,Energy,33023.98000000002
2022-08-09,591.7,528.26,1119.97,63.44,27.76,PTTEP,Energy,33087.42000000002
2022-08-10,520.66,304.83,825.49,215.82,27.3,PTTEP,Energy,33303.24000000002
2022-08-11,637.41,406.79,1044.2,230.63,32.38,PTTEP,Energy,33533.87000000002
2022-08-15,601.01,477.62,1078.63,123.38,34.97,PTTEP,Energy,33657.250000000015
2022-08-16,759.37,884.31,1643.68,-124.94,34.74,PTTEP,Energy,33532.31000000001
2022-08-17,371.1,432.94,804.04,-61.84,35.78,PTTEP,Energy,33470.470000000016
2022-08-18,434.66,313.87,748.53,120.78,29.53,PTTEP,Energy,33591.250000000015
2022-08-19,1776.27,753.94,2530.21,1022.32,30.37,PTTEP,Energy,34613.570000000014
2022-08-22,636.35,402.84,1039.19,233.51,21.02,PTTEP,Energy,34847.080000000016
2022-08-23,1190.62,514.05,1704.68,676.57,24.01,PTTEP,Energy,35523.650000000016
2022-08-24,2214.35,1338.94,3553.29,875.42,29.25,PTTEP,Energy,36399.070000000014
2022-08-25,729.68,691.95,1421.64,37.73,26.37,PTTEP,Energy,36436.80000000002
2022-08-26,466.02,377.79,843.81,88.24,30.39,PTTEP,Energy,36525.040000000015
2022-08-29,1014.72,917.09,1931.81,97.63,32.41,PTTEP,Energy,36622.67000000001
2022-08-30,473.58,1019.31,1492.88,-545.73,24.12,PTTEP,Energy,36076.94000000001
2022-08-31,822.71,1280.15,2102.86,-457.44,31.5,PTTEP,Energy,35619.50000000001
2022-09-01,665.5,624.39,1289.89,41.11,34.02,PTTEP,Energy,35660.61000000001
2022-09-02,947.84,909.07,1856.91,38.78,30.44,PTTEP,Energy,35699.39000000001
2022-09-05,209.78,399.17,608.95,-189.39,28.97,PTTEP,Energy,35510.00000000001
2022-09-06,441.43,706.61,1148.04,-265.17,30.68,PTTEP,Energy,35244.83000000001
2022-09-07,444.24,1004.55,1448.79,-560.3,33.19,PTTEP,Energy,34684.530000000006
2022-09-08,418.59,1099.82,1518.41,-681.24,27.37,PTTEP,Energy,34003.29000000001
2022-09-09,508.66,1041.23,1549.89,-532.57,31.29,PTTEP,Energy,33470.72000000001
2022-09-12,353.32,647.03,1000.35,-293.71,27.19,PTTEP,Energy,33177.01000000001
2022-09-13,259.88,468.81,728.69,-208.93,23.19,PTTEP,Energy,32968.08000000001
2022-09-14,561.08,962.11,1523.19,-401.04,41.92,PTTEP,Energy,32567.040000000008
2022-09-15,702.22,785.18,1487.4,-82.96,29.23,PTTEP,Energy,32484.08000000001
2022-09-16,766.24,1526.55,2292.79,-760.31,30.33,PTTEP,Energy,31723.770000000008
2022-09-19,396.54,808.47,1205.02,-411.93,28.45,PTTEP,Energy,31311.840000000007
2022-09-20,308.87,723.7,1032.57,-414.83,31.32,PTTEP,Energy,30897.010000000006
2022-09-21,1472.24,1057.09,2529.32,415.15,27.46,PTTEP,Energy,31312.160000000007
2022-09-22,820.1,970.69,1790.79,-150.59,23.62,PTTEP,Energy,31161.570000000007
2022-09-23,497.84,457.21,955.05,40.64,22.59,PTTEP,Energy,31202.210000000006
2022-09-26,741.78,2033.16,2774.93,-1291.38,29.89,PTTEP,Energy,29910.830000000005
2022-09-27,819.81,808.66,1628.47,11.15,30.15,PTTEP,Energy,29921.980000000007
2022-09-28,804.23,1175.7,1979.94,-371.47,35.31,PTTEP,Energy,29550.510000000006
2022-09-29,859.28,764.47,1623.75,94.81,28.4,PTTEP,Energy,29645.320000000007
2022-09-30,653.88,748.29,1402.16,-94.41,48.56,PTTEP,Energy,29550.910000000007
2022-10-03,1405.55,882.68,2288.23,522.86,26.49,PTTEP,Energy,30073.770000000008
2022-10-04,523.95,524.64,1048.59,-0.7,26.17,PTTEP,Energy,30073.070000000007
2022-10-05,706.01,632.05,1338.07,73.96,28.62,PTTEP,Energy,30147.030000000006
2022-10-06,715.96,608.96,1324.92,107.01,31.04,PTTEP,Energy,30254.040000000005
2022-10-07,567.99,536.79,1104.79,31.2,26.8,PTTEP,Energy,30285.240000000005
2022-10-10,344.16,546.01,890.17,-201.85,33.38,PTTEP,Energy,30083.390000000007
2022-10-11,672.97,670.15,1343.12,2.83,45.44,PTTEP,Energy,30086.22000000001
2022-10-12,658.45,660.55,1318.99,-2.1,57.23,PTTEP,Energy,30084.12000000001
2022-10-17,1169.85,818.78,1988.63,351.07,43.82,PTTEP,Energy,30435.19000000001
2022-10-18,1030.73,711.72,1742.45,319.01,42.82,PTTEP,Energy,30754.200000000008
2022-10-19,782.12,566.39,1348.51,215.73,35.62,PTTEP,Energy,30969.930000000008
2022-10-20,1316.79,899.22,2216.01,417.56,39.81,PTTEP,Energy,31387.49000000001
2022-10-21,827.75,500.43,1328.18,327.32,49.46,PTTEP,Energy,31714.81000000001
2022-10-25,1153.65,762.08,1915.73,391.56,42.56,PTTEP,Energy,32106.37000000001
2022-10-26,559.4,576.28,1135.68,-16.88,36.33,PTTEP,Energy,32089.49000000001
2022-10-27,1052.59,666.53,1719.12,386.06,35.47,PTTEP,Energy,32475.55000000001
2022-10-28,1659.03,654.41,2313.44,1004.62,37.35,PTTEP,Energy,33480.17000000001
2022-10-31,794.95,856.85,1651.8,-61.89,35.26,PTTEP,Energy,33418.28000000001
2022-11-01,1237.9,888.02,2125.92,349.89,34.26,PTTEP,Energy,33768.17000000001
2022-11-02,1100.21,703.6,1803.81,396.62,37.15,PTTEP,Energy,34164.790000000015
2022-11-03,868.61,781.16,1649.76,87.45,35.99,PTTEP,Energy,34252.24000000001
2022-11-04,1466.22,1055.52,2521.74,410.7,34.89,PTTEP,Energy,34662.94000000001
2022-11-07,1156.81,879.51,2036.32,277.29,41.61,PTTEP,Energy,34940.23000000001
2022-11-08,809.03,538.77,1347.8,270.27,36.26,PTTEP,Energy,35210.50000000001
2022-11-09,556.26,444.66,1000.93,111.6,40.29,PTTEP,Energy,35322.100000000006
2022-11-10,926.88,744.02,1670.89,182.86,30.64,PTTEP,Energy,35504.96000000001
2022-11-11,1136.28,756.27,1892.54,380.01,37.08,PTTEP,Energy,35884.97000000001
2022-11-14,1139.48,623.12,1762.6,516.36,37.74,PTTEP,Energy,36401.33000000001
2022-11-15,837.62,759.08,1596.7,78.54,34.05,PTTEP,Energy,36479.87000000001
2022-11-16,1199.36,797.22,1996.58,402.14,37.17,PTTEP,Energy,36882.01000000001
2022-11-17,421.97,524.27,946.24,-102.31,40.38,PTTEP,Energy,36779.70000000001
2022-11-18,644.9,376.47,1021.38,268.43,31.39,PTTEP,Energy,37048.13000000001
2022-11-21,748.4,625.48,1373.88,122.92,37.46,PTTEP,Energy,37171.05000000001
2022-11-22,724.95,590.07,1315.02,134.89,38.23,PTTEP,Energy,37305.94000000001
2022-11-23,1799.68,720.78,2520.46,1078.9,37.83,PTTEP,Energy,38384.84000000001
2022-11-24,488.48,425.77,914.25,62.71,31.66,PTTEP,Energy,38447.55000000001
2022-11-25,399.53,326.13,725.66,73.39,28.32,PTTEP,Energy,38520.94000000001
2022-11-28,478.43,341.85,820.29,136.58,32.62,PTTEP,Energy,38657.52000000001
2022-11-29,870.31,657.17,1527.49,213.14,25.3,PTTEP,Energy,38870.66000000001
2022-11-30,1770.79,1589.73,3360.52,181.06,36.61,PTTEP,Energy,39051.72000000001
2022-12-01,738.93,400.79,1139.72,338.13,27.6,PTTEP,Energy,39389.850000000006
2022-12-02,556.39,718.47,1274.87,-162.08,24.5,PTTEP,Energy,39227.770000000004
2022-12-06,1158.13,1143.56,2301.7,14.57,39.08,PTTEP,Energy,39242.340000000004
2022-12-07,918.4,978.72,1897.12,-60.31,36.3,PTTEP,Energy,39182.030000000006
2022-12-08,731.85,510.28,1242.13,221.57,29.43,PTTEP,Energy,39403.600000000006
2022-12-09,1135.88,1239.84,2375.72,-103.95,38.86,PTTEP,Energy,39299.65000000001
2022-12-13,798.22,1231.58,2029.79,-433.36,38.24,PTTEP,Energy,38866.29000000001
2022-12-14,817.14,1728.42,2545.57,-911.28,39.26,PTTEP,Energy,37955.01000000001
2022-12-15,612.1,1192.85,1804.95,-580.74,41.4,PTTEP,Energy,37374.27000000001
2022-12-16,1023.69,966.94,1990.63,56.75,43.87,PTTEP,Energy,37431.02000000001
2022-12-19,1318.87,2011.82,3330.69,-692.96,48.91,PTTEP,Energy,36738.06000000001
2022-12-20,803.16,896.34,1699.5,-93.18,39.06,PTTEP,Energy,36644.88000000001
2022-12-21,709.94,848.39,1558.33,-138.44,35.72,PTTEP,Energy,36506.44000000001
2022-12-22,446.31,1234.56,1680.87,-788.26,30.01,PTTEP,Energy,35718.18000000001
2022-12-23,291.82,649.98,941.8,-358.16,33.82,PTTEP,Energy,35360.020000000004
2022-12-26,170.85,441.84,612.69,-271.0,30.88,PTTEP,Energy,35089.020000000004
2022-12-27,493.43,573.31,1066.74,-79.88,35.32,PTTEP,Energy,35009.14000000001
2022-12-28,326.14,275.95,602.1,50.19,25.47,PTTEP,Energy,35059.33000000001
2022-12-29,766.45,430.57,1197.03,335.88,32.71,PTTEP,Energy,35395.21000000001
2022-12-30,614.95,403.71,1018.66,211.24,32.25,PTTEP,Energy,35606.450000000004
2023-01-03,325.41,464.36,789.77,-138.95,35.52,PTTEP,Energy,35467.50000000001
2023-01-04,779.0,991.7,1770.7,-212.71,28.59,PTTEP,Energy,35254.79000000001
2023-01-05,894.76,1190.44,2085.2,-295.68,36.19,PTTEP,Energy,34959.11000000001
2023-01-06,342.72,273.03,615.76,69.69,28.21,PTTEP,Energy,35028.80000000001
2023-01-09,367.86,470.53,838.38,-102.67,33.11,PTTEP,Energy,34926.13000000001
2023-01-10,631.54,612.03,1243.57,19.52,24.21,PTTEP,Energy,34945.65000000001
2023-01-11,523.85,286.55,810.4,237.3,30.0,PTTEP,Energy,35182.95000000001
2023-01-12,747.75,256.71,1004.46,491.04,29.74,PTTEP,Energy,35673.99000000001
2023-01-13,460.59,499.06,959.64,-38.47,34.98,PTTEP,Energy,35635.52000000001
2023-01-16,581.04,576.69,1157.73,4.34,36.73,PTTEP,Energy,35639.86000000001
2023-01-17,292.97,373.44,666.41,-80.48,34.6,PTTEP,Energy,35559.380000000005
2023-01-18,400.62,512.25,912.87,-111.62,25.5,PTTEP,Energy,35447.76
2023-01-19,268.48,427.0,695.48,-158.52,27.71,PTTEP,Energy,35289.240000000005
2023-01-20,562.66,521.1,1083.76,41.56,42.24,PTTEP,Energy,35330.8
2023-01-23,219.17,131.38,350.55,87.79,20.66,PTTEP,Energy,35418.590000000004
2023-01-24,103.66,189.26,292.92,-85.6,16.21,PTTEP,Energy,35332.990000000005
2023-01-25,275.0,248.14,523.14,26.86,42.52,PTTEP,Energy,35359.850000000006
2023-01-26,298.76,246.5,545.26,52.26,27.98,PTTEP,Energy,35412.11000000001
2023-01-27,664.94,486.24,1151.18,178.71,34.14,PTTEP,Energy,35590.82000000001
2023-01-30,253.02,307.21,560.23,-54.2,28.28,PTTEP,Energy,35536.62000000001
2023-01-31,540.32,767.54,1307.85,-227.22,30.8,PTTEP,Energy,35309.40000000001
2023-02-01,283.09,488.25,771.35,-205.16,25.98,PTTEP,Energy,35104.240000000005
2023-02-02,446.98,1380.55,1827.53,-933.57,30.0,PTTEP,Energy,34170.670000000006
2023-02-03,639.32,1169.4,1808.72,-530.08,21.36,PTTEP,Energy,33640.590000000004
2023-02-06,347.97,246.66,594.63,101.31,21.59,PTTEP,Energy,33741.9
2023-02-07,640.7,640.39,1281.08,0.31,25.01,PTTEP,Energy,33742.21
2023-02-08,423.42,316.03,739.45,107.4,22.83,PTTEP,Energy,33849.61
2023-02-09,645.02,494.15,1139.16,150.87,25.66,PTTEP,Energy,34000.48
2023-02-10,664.28,468.37,1132.65,195.92,25.29,PTTEP,Energy,34196.4
2023-02-13,655.9,1043.6,1699.5,-387.69,26.91,PTTEP,Energy,33808.71
2023-02-14,401.96,520.72,922.67,-118.76,30.03,PTTEP,Energy,33689.95
2023-02-15,1095.86,616.91,1712.77,478.96,34.02,PTTEP,Energy,34168.909999999996
2023-02-16,326.97,379.15,706.12,-52.18,31.61,PTTEP,Energy,34116.729999999996
2023-02-17,234.07,222.92,456.99,11.15,16.48,PTTEP,Energy,34127.88
2023-02-20,99.46,240.61,340.07,-141.15,24.22,PTTEP,Energy,33986.729999999996
2023-02-21,177.61,189.4,367.01,-11.79,25.57,PTTEP,Energy,33974.939999999995
2023-02-22,125.88,522.46,648.35,-396.58,21.16,PTTEP,Energy,33578.35999999999
2023-02-23,351.46,349.77,701.22,1.69,26.91,PTTEP,Energy,33580.049999999996
2023-02-24,508.19,302.17,810.36,206.03,28.42,PTTEP,Energy,33786.079999999994
2023-02-27,445.26,261.37,706.63,183.89,39.42,PTTEP,Energy,33969.969999999994
2023-02-28,1120.8,657.65,1778.44,463.15,34.23,PTTEP,Energy,34433.119999999995
2023-03-01,654.1,672.41,1326.52,-18.31,38.08,PTTEP,Energy,34414.81
2023-03-02,513.56,611.33,1124.88,-97.77,32.32,PTTEP,Energy,34317.04
2023-03-03,179.12,365.99,545.12,-186.87,27.63,PTTEP,Energy,34130.17
2023-03-07,725.23,671.63,1396.85,53.6,26.96,PTTEP,Energy,34183.77
2023-03-08,466.18,507.35,973.53,-41.18,40.86,PTTEP,Energy,34142.59
2023-03-09,847.65,491.4,1339.05,356.24,31.7,PTTEP,Energy,34498.829999999994
2023-03-10,488.69,329.7,818.38,158.99,36.14,PTTEP,Energy,34657.81999999999
2023-03-13,783.21,576.16,1359.37,207.05,37.44,PTTEP,Energy,34864.869999999995
2023-03-14,561.78,683.08,1244.86,-121.3,37.23,PTTEP,Energy,34743.56999999999
2023-03-15,424.06,324.85,748.91,99.21,37.26,PTTEP,Energy,34842.77999999999
2023-03-16,791.47,940.66,1732.13,-149.19,26.16,PTTEP,Energy,34693.58999999999
2023-03-17,1215.08,711.07,1926.15,504.02,42.53,PTTEP,Energy,35197.609999999986
2023-03-20,1053.95,511.81,1565.76,542.14,38.24,PTTEP,Energy,35739.749999999985
2023-03-21,327.66,308.54,636.2,19.13,27.39,PTTEP,Energy,35758.87999999998
2023-03-22,687.02,701.38,1388.4,-14.37,34.29,PTTEP,Energy,35744.50999999998
2023-03-23,495.76,264.85,760.61,230.92,30.8,PTTEP,Energy,35975.42999999998
2023-03-24,729.56,675.55,1405.11,54.0,42.05,PTTEP,Energy,36029.42999999998
2023-03-27,242.7,250.89,493.58,-8.19,39.9,PTTEP,Energy,36021.239999999976
2023-03-28,799.91,544.36,1344.27,255.56,33.95,PTTEP,Energy,36276.799999999974
2023-03-29,817.05,948.84,1765.88,-131.79,39.67,PTTEP,Energy,36145.00999999997
2023-03-30,254.07,431.74,685.81,-177.66,32.75,PTTEP,Energy,35967.34999999997
2023-03-31,429.21,572.22,1001.43,-143.01,37.52,PTTEP,Energy,35824.33999999997
2023-04-03,1181.73,847.79,2029.52,333.94,26.55,PTTEP,Energy,36158.27999999997
2023-04-04,415.62,890.22,1305.84,-474.6,33.71,PTTEP,Energy,35683.67999999997
2023-04-05,788.44,520.91,1309.35,267.53,33.76,PTTEP,Energy,35951.20999999997
2023-04-07,102.49,129.02,231.51,-26.53,22.11,PTTEP,Energy,35924.67999999997
2023-04-10,141.53,191.3,332.83,-49.77,34.77,PTTEP,Energy,35874.909999999974
2023-04-11,254.75,175.49,430.25,79.26,29.55,PTTEP,Energy,35954.16999999998
2023-04-12,1125.74,782.45,1908.2,343.29,42.44,PTTEP,Energy,36297.45999999998
2023-04-17,660.4,743.55,1403.95,-83.16,48.55,PTTEP,Energy,36214.299999999974
2023-04-18,306.32,846.01,1152.33,-539.69,29.19,PTTEP,Energy,35674.60999999997
2023-04-19,618.56,481.85,1100.41,136.71,33.36,PTTEP,Energy,35811.31999999997
2023-04-20,610.7,698.1,1308.79,-87.4,42.09,PTTEP,Energy,35723.91999999997
2023-04-21,500.15,755.25,1255.4,-255.09,42.82,PTTEP,Energy,35468.82999999997
2023-04-24,263.53,437.84,701.37,-174.32,36.94,PTTEP,Energy,35294.50999999997
2023-04-25,320.54,530.74,851.28,-210.2,36.03,PTTEP,Energy,35084.309999999976
2023-04-26,591.03,709.77,1300.8,-118.74,37.38,PTTEP,Energy,34965.56999999998
2023-04-27,670.7,504.36,1175.06,166.34,37.5,PTTEP,Energy,35131.909999999974
2023-04-28,722.38,672.52,1394.9,49.87,37.05,PTTEP,Energy,35181.77999999998
2023-05-02,288.51,182.51,471.02,106.0,32.26,PTTEP,Energy,35287.77999999998
2023-05-03,544.09,920.82,1464.91,-376.72,34.36,PTTEP,Energy,34911.059999999976
2023-05-08,719.63,872.94,1592.57,-153.31,30.09,PTTEP,Energy,34757.74999999998
2023-05-09,201.08,471.62,672.71,-270.54,28.41,PTTEP,Energy,34487.20999999998
2023-05-10,287.36,310.8,598.16,-23.44,33.6,PTTEP,Energy,34463.769999999975
2023-05-11,234.43,360.57,595.01,-126.14,29.47,PTTEP,Energy,34337.629999999976
2023-05-12,391.14,544.53,935.67,-153.39,40.83,PTTEP,Energy,34184.239999999976
2023-05-15,502.57,486.93,989.5,15.64,47.1,PTTEP,Energy,34199.879999999976
2023-05-16,559.89,405.16,965.05,154.73,42.05,PTTEP,Energy,34354.60999999998
2023-05-17,171.21,554.75,725.95,-383.54,41.82,PTTEP,Energy,33971.06999999998
2023-05-18,418.6,685.08,1103.68,-266.47,31.97,PTTEP,Energy,33704.59999999998
2023-05-19,300.48,444.89,745.37,-144.41,48.5,PTTEP,Energy,33560.18999999997
2023-05-22,170.44,368.14,538.58,-197.69,48.27,PTTEP,Energy,33362.49999999997
2023-05-23,208.01,325.98,533.99,-117.98,51.11,PTTEP,Energy,33244.51999999997
2023-05-24,342.21,491.27,833.48,-149.07,33.89,PTTEP,Energy,33095.44999999997
2023-05-25,288.98,626.14,915.13,-337.16,36.3,PTTEP,Energy,32758.289999999968
2023-05-26,457.2,1171.88,1629.08,-714.68,38.18,PTTEP,Energy,32043.609999999968
2023-05-29,207.99,188.85,396.84,19.14,35.69,PTTEP,Energy,32062.749999999967
2023-05-30,183.81,417.13,600.94,-233.33,38.08,PTTEP,Energy,31829.419999999966
2023-05-31,679.72,758.8,1438.52,-79.09,45.37,PTTEP,Energy,31750.329999999965
2023-06-01,424.6,521.53,946.13,-96.94,40.41,PTTEP,Energy,31653.389999999967
2023-06-02,372.28,335.0,707.29,37.28,36.06,PTTEP,Energy,31690.669999999966
2023-06-06,856.38,495.37,1351.75,361.01,34.05,PTTEP,Energy,32051.679999999964
2023-06-07,589.58,766.85,1356.43,-177.28,26.33,PTTEP,Energy,31874.399999999965
2023-06-08,437.26,532.27,969.54,-95.01,31.38,PTTEP,Energy,31779.389999999967
2023-06-09,258.8,309.86,568.66,-51.06,34.31,PTTEP,Energy,31728.329999999965
2023-06-12,221.65,192.08,413.73,29.58,38.74,PTTEP,Energy,31757.909999999967
2023-06-13,474.2,365.5,839.7,108.71,35.82,PTTEP,Energy,31866.619999999966
2023-06-14,323.8,178.19,501.99,145.61,29.03,PTTEP,Energy,32012.229999999967
2023-06-15,265.95,248.59,514.54,17.36,29.67,PTTEP,Energy,32029.589999999967
2023-06-16,703.16,465.0,1168.16,238.16,35.22,PTTEP,Energy,32267.749999999967
2023-06-19,188.21,328.45,516.65,-140.24,26.9,PTTEP,Energy,32127.509999999966
2023-06-20,510.66,252.13,762.79,258.53,33.35,PTTEP,Energy,32386.039999999964
2023-06-21,171.82,453.59,625.41,-281.77,35.9,PTTEP,Energy,32104.269999999964
2023-06-22,378.04,244.29,622.33,133.75,25.99,PTTEP,Energy,32238.019999999964
2023-06-23,242.67,248.14,490.81,-5.47,30.74,PTTEP,Energy,32232.549999999963
2023-06-26,198.94,418.73,617.67,-219.79,30.69,PTTEP,Energy,32012.759999999962
2023-06-27,258.28,298.34,556.62,-40.06,32.22,PTTEP,Energy,31972.69999999996
2023-06-28,238.38,323.25,561.63,-84.87,33.55,PTTEP,Energy,31887.82999999996
2023-06-29,423.92,269.76,693.68,154.16,31.3,PTTEP,Energy,32041.98999999996
2023-06-30,313.62,482.57,796.19,-168.95,25.67,PTTEP,Energy,31873.03999999996
2023-07-03,107.33,220.23,327.56,-112.91,22.75,PTTEP,Energy,31760.12999999996
2023-07-04,173.43,206.58,380.01,-33.15,22.35,PTTEP,Energy,31726.97999999996
2023-07-05,375.92,203.08,579.0,172.84,24.69,PTTEP,Energy,31899.81999999996
2023-07-06,242.03,314.45,556.48,-72.43,24.07,PTTEP,Energy,31827.38999999996
2023-07-07,167.15,246.25,413.41,-79.1,23.61,PTTEP,Energy,31748.28999999996
2023-07-10,430.03,222.79,652.82,207.24,28.76,PTTEP,Energy,31955.529999999962
2023-07-11,390.85,277.34,668.19,113.51,39.83,PTTEP,Energy,32069.03999999996
2023-07-12,906.86,413.48,1320.34,493.38,26.42,PTTEP,Energy,32562.419999999962
2023-07-13,287.5,328.9,616.39,-41.4,27.08,PTTEP,Energy,32521.01999999996
2023-07-14,311.07,335.39,646.47,-24.32,28.84,PTTEP,Energy,32496.69999999996
2023-07-17,317.64,523.26,840.9,-205.62,23.08,PTTEP,Energy,32291.07999999996
2023-07-18,312.53,294.31,606.84,18.22,24.98,PTTEP,Energy,32309.299999999963
2023-07-19,446.94,266.32,713.26,180.63,22.17,PTTEP,Energy,32489.929999999964
2023-07-20,241.66,349.45,591.11,-107.78,21.81,PTTEP,Energy,32382.149999999965
2023-07-21,447.59,173.09,620.68,274.5,29.26,PTTEP,Energy,32656.649999999965
2023-07-24,490.05,365.21,855.26,124.84,33.33,PTTEP,Energy,32781.48999999996
2023-07-25,333.16,297.39,630.55,35.76,23.43,PTTEP,Energy,32817.24999999996
2023-07-26,253.02,224.14,477.16,28.88,32.59,PTTEP,Energy,32846.12999999996
2023-07-27,415.33,258.07,673.4,157.26,33.89,PTTEP,Energy,33003.38999999996
2023-07-31,600.99,478.12,1079.11,122.87,41.81,PTTEP,Energy,33126.259999999966
2023-08-02,979.33,475.13,1454.46,504.2,34.88,PTTEP,Energy,33630.45999999996
2023-08-03,323.04,498.65,821.69,-175.61,27.73,PTTEP,Energy,33454.84999999996
2023-08-04,520.68,499.85,1020.53,20.84,29.56,PTTEP,Energy,33475.68999999996
2023-08-07,653.33,577.73,1231.06,75.59,42.03,PTTEP,Energy,33551.279999999955
2023-08-08,623.17,912.21,1535.39,-289.04,43.28,PTTEP,Energy,33262.239999999954
2023-08-09,481.68,359.48,841.16,122.2,35.16,PTTEP,Energy,33384.43999999995
2023-08-10,902.83,527.88,1430.72,374.95,21.7,PTTEP,Energy,33759.38999999995
2023-08-11,617.61,813.22,1430.84,-195.61,39.79,PTTEP,Energy,33563.77999999995
2023-08-15,650.42,520.37,1170.8,130.05,35.05,PTTEP,Energy,33693.82999999995
2023-08-16,753.94,717.11,1471.05,36.83,39.3,PTTEP,Energy,33730.65999999995
2023-08-17,226.86,342.47,569.33,-115.62,26.12,PTTEP,Energy,33615.03999999995
2023-08-18,489.65,430.71,920.36,58.93,38.67,PTTEP,Energy,33673.96999999995
2023-08-21,207.01,347.66,554.67,-140.65,29.11,PTTEP,Energy,33533.31999999995
2023-08-22,221.57,724.1,945.67,-502.53,36.97,PTTEP,Energy,33030.78999999995
2023-08-23,309.57,501.56,811.13,-192.0,28.73,PTTEP,Energy,32838.78999999995
2023-08-24,230.64,463.84,694.48,-233.2,32.5,PTTEP,Energy,32605.58999999995
2023-08-25,150.11,396.4,546.51,-246.3,28.65,PTTEP,Energy,32359.28999999995
2023-08-28,263.88,285.39,549.27,-21.51,31.88,PTTEP,Energy,32337.77999999995
2023-08-29,367.4,328.16,695.55,39.24,30.69,PTTEP,Energy,32377.019999999953
2023-08-30,399.24,498.74,897.99,-99.5,23.4,PTTEP,Energy,32277.519999999953
2023-08-31,1458.02,1639.74,3097.76,-181.73,35.21,PTTEP,Energy,32095.789999999954
2023-09-01,822.89,308.49,1131.38,514.4,28.83,PTTEP,Energy,32610.189999999955
2023-09-04,446.32,443.76,890.07,2.56,23.55,PTTEP,Energy,32612.749999999956
2023-09-05,162.38,204.69,367.07,-42.31,21.93,PTTEP,Energy,32570.439999999955
2023-09-06,1701.39,394.1,2095.49,1307.3,27.96,PTTEP,Energy,33877.739999999954
2023-09-07,758.91,419.41,1178.31,339.5,31.18,PTTEP,Energy,34217.239999999954
2023-09-08,544.71,343.7,888.41,201.01,38.63,PTTEP,Energy,34418.249999999956
2023-09-11,418.83,311.06,729.89,107.76,27.04,PTTEP,Energy,34526.00999999996
2023-09-12,547.67,301.44,849.1,246.23,43.2,PTTEP,Energy,34772.23999999996
2023-09-13,780.02,289.82,1069.84,490.21,35.01,PTTEP,Energy,35262.44999999996
2023-09-14,973.91,168.93,1142.84,804.98,32.28,PTTEP,Energy,36067.429999999964
2023-09-15,1307.13,352.33,1659.46,954.8,35.99,PTTEP,Energy,37022.22999999997
2023-09-18,883.82,405.46,1289.29,478.36,40.37,PTTEP,Energy,37500.58999999997
2023-09-19,889.94,235.06,1125.0,654.88,34.85,PTTEP,Energy,38155.469999999965
2023-09-20,1181.12,1077.22,2258.34,103.9,45.51,PTTEP,Energy,38259.369999999966
2023-09-21,480.38,708.69,1189.07,-228.31,44.58,PTTEP,Energy,38031.05999999997
2023-09-22,669.06,441.71,1110.77,227.36,30.7,PTTEP,Energy,38258.41999999997
2023-09-25,1126.98,819.13,1946.11,307.85,47.49,PTTEP,Energy,38566.26999999997
2023-09-26,1144.45,586.58,1731.04,557.87,26.11,PTTEP,Energy,39124.13999999997
2023-09-27,1208.04,405.8,1613.84,802.24,29.41,PTTEP,Energy,39926.37999999997
2023-09-28,1135.83,598.01,1733.84,537.81,23.52,PTTEP,Energy,40464.189999999966
2023-09-29,971.05,543.44,1514.5,427.61,34.56,PTTEP,Energy,40891.79999999997
2023-10-02,530.8,497.52,1028.32,33.28,32.73,PTTEP,Energy,40925.079999999965
2023-10-03,496.76,887.48,1384.24,-390.71,23.3,PTTEP,Energy,40534.369999999966
2023-10-04,413.12,516.32,929.44,-103.2,30.89,PTTEP,Energy,40431.16999999997
2023-10-05,406.75,584.75,991.5,-178.01,24.93,PTTEP,Energy,40253.15999999997
2023-10-06,241.88,302.63,544.51,-60.74,42.04,PTTEP,Energy,40192.41999999997
2023-10-09,1168.98,824.64,1993.63,344.34,24.13,PTTEP,Energy,40536.759999999966
2023-10-10,702.89,377.74,1080.64,325.15,33.78,PTTEP,Energy,40861.90999999997
2023-10-11,704.6,317.96,1022.56,386.64,32.65,PTTEP,Energy,41248.54999999997
2023-10-12,288.51,381.11,669.63,-92.6,29.56,PTTEP,Energy,41155.94999999997
2023-10-16,828.38,571.36,1399.74,257.01,27.85,PTTEP,Energy,41412.95999999997
2023-10-17,366.17,627.45,993.61,-261.28,24.55,PTTEP,Energy,41151.67999999997
2023-10-18,1831.95,1142.6,2974.55,689.35,39.1,PTTEP,Energy,41841.02999999997
2023-10-19,645.47,482.31,1127.78,163.16,29.37,PTTEP,Energy,42004.18999999997
2023-10-20,1024.18,454.54,1478.71,569.64,31.29,PTTEP,Energy,42573.82999999997
2023-10-24,549.33,564.7,1114.04,-15.37,34.15,PTTEP,Energy,42558.45999999997
2023-10-25,343.46,455.64,799.1,-112.18,31.75,PTTEP,Energy,42446.27999999997
2023-10-26,382.92,427.01,809.94,-44.09,31.52,PTTEP,Energy,42402.18999999997
2023-10-27,288.2,242.96,531.15,45.24,21.58,PTTEP,Energy,42447.42999999997
2023-10-30,250.36,382.87,633.23,-132.5,35.42,PTTEP,Energy,42314.92999999997
2023-10-31,577.93,893.29,1471.22,-315.36,37.05,PTTEP,Energy,41999.56999999997
2023-11-01,460.64,709.79,1170.43,-249.16,33.07,PTTEP,Energy,41750.40999999997
2023-11-02,266.8,345.2,612.0,-78.4,18.35,PTTEP,Energy,41672.009999999966
2023-11-03,453.21,481.77,934.99,-28.56,21.71,PTTEP,Energy,41643.44999999997
2023-11-06,837.29,592.13,1429.42,245.16,39.23,PTTEP,Energy,41888.60999999997
2023-11-07,896.08,681.8,1577.88,214.27,37.74,PTTEP,Energy,42102.87999999997
2023-11-08,403.52,911.86,1315.38,-508.35,28.79,PTTEP,Energy,41594.52999999997
2023-11-09,698.72,885.19,1583.91,-186.47,38.62,PTTEP,Energy,41408.05999999997
2023-11-10,230.01,350.71,580.72,-120.7,36.95,PTTEP,Energy,41287.35999999997
2023-11-13,352.89,308.69,661.58,44.2,36.56,PTTEP,Energy,41331.55999999997
2023-11-14,428.98,332.6,761.58,96.38,31.02,PTTEP,Energy,41427.939999999966
2023-11-15,270.06,465.06,735.12,-195.0,36.19,PTTEP,Energy,41232.939999999966
2023-11-16,290.36,210.33,500.69,80.02,35.04,PTTEP,Energy,41312.95999999996
2023-11-17,346.98,789.78,1136.76,-442.8,34.02,PTTEP,Energy,40870.15999999996
2023-11-20,443.29,269.79,713.08,173.49,31.22,PTTEP,Energy,41043.64999999996
2023-11-21,287.08,347.44,634.52,-60.37,34.43,PTTEP,Energy,40983.279999999955
2023-11-22,160.1,226.92,387.02,-66.82,29.71,PTTEP,Energy,40916.459999999955
2023-11-23,205.75,100.73,306.48,105.02,32.89,PTTEP,Energy,41021.47999999995
2023-11-24,250.8,619.92,870.73,-369.12,35.33,PTTEP,Energy,40652.35999999995
2023-11-27,489.24,669.73,1158.96,-180.49,40.98,PTTEP,Energy,40471.86999999995
2023-11-28,857.21,970.99,1828.2,-113.78,43.0,PTTEP,Energy,40358.08999999995
2023-11-29,827.69,862.69,1690.38,-35.0,41.51,PTTEP,Energy,40323.08999999995
2023-11-30,1183.66,1104.43,2288.09,79.24,46.04,PTTEP,Energy,40402.32999999995
2023-12-01,503.33,429.0,932.33,74.32,25.3,PTTEP,Energy,40476.64999999995
2023-12-04,546.87,634.61,1181.48,-87.74,40.84,PTTEP,Energy,40388.90999999995
2023-12-06,865.51,985.91,1851.42,-120.4,39.59,PTTEP,Energy,40268.50999999995
2023-12-07,649.4,1702.64,2352.04,-1053.24,28.45,PTTEP,Energy,39215.26999999995
2023-12-08,498.65,755.72,1254.37,-257.07,25.8,PTTEP,Energy,38958.19999999995
2023-12-12,275.86,626.61,902.47,-350.75,25.44,PTTEP,Energy,38607.44999999995
2023-12-13,226.1,440.59,666.69,-214.49,29.96,PTTEP,Energy,38392.959999999955
2023-12-14,301.66,429.45,731.11,-127.78,27.85,PTTEP,Energy,38265.17999999996
2023-12-15,780.38,798.21,1578.59,-17.84,35.65,PTTEP,Energy,38247.33999999996
2023-12-18,139.66,487.2,626.86,-347.54,36.1,PTTEP,Energy,37899.79999999996
2023-12-19,90.11,360.26,450.37,-270.15,28.31,PTTEP,Energy,37629.64999999996
2023-12-20,390.68,449.68,840.36,-59.0,32.77,PTTEP,Energy,37570.64999999996
2023-12-21,213.11,376.43,589.54,-163.32,36.9,PTTEP,Energy,37407.32999999996
2023-12-22,171.71,250.91,422.63,-79.2,38.25,PTTEP,Energy,37328.12999999996
2023-12-25,108.65,97.75,206.4,10.89,24.23,PTTEP,Energy,37339.01999999996
2023-12-26,75.0,193.07,268.07,-118.06,24.16,PTTEP,Energy,37220.95999999996
2023-12-27,189.39,415.09,604.48,-225.7,31.76,PTTEP,Energy,36995.259999999966
2023-12-28,203.45,199.21,402.66,4.24,24.82,PTTEP,Energy,36999.49999999996
2024-01-02,153.43,339.17,492.6,-185.75,28.7,PTTEP,Energy,36813.74999999996
2024-01-03,193.99,565.29,759.28,-371.3,29.23,PTTEP,Energy,36442.44999999996
2024-01-04,449.41,488.04,937.44,-38.63,30.59,PTTEP,Energy,36403.81999999996
2024-01-05,215.84,598.12,813.96,-382.28,27.04,PTTEP,Energy,36021.539999999964
2024-01-08,259.83,667.48,927.31,-407.64,38.72,PTTEP,Energy,35613.899999999965
2024-01-09,248.2,819.85,1068.05,-571.65,26.61,PTTEP,Energy,35042.24999999996
2024-01-10,227.4,504.33,731.73,-276.93,32.98,PTTEP,Energy,34765.31999999996
2024-01-11,126.81,423.27,550.08,-296.46,33.59,PTTEP,Energy,34468.859999999964
2024-01-12,264.38,616.76,881.15,-352.38,31.65,PTTEP,Energy,34116.47999999997
2024-01-15,114.81,100.69,215.51,14.12,38.86,PTTEP,Energy,34130.59999999997
2024-01-16,171.15,668.05,839.2,-496.9,40.63,PTTEP,Energy,33633.69999999997
2024-01-17,186.27,1242.35,1428.62,-1056.08,30.37,PTTEP,Energy,32577.619999999966
2024-01-18,288.3,667.17,955.47,-378.87,41.37,PTTEP,Energy,32198.749999999967
2024-01-19,191.73,299.08,490.81,-107.35,27.09,PTTEP,Energy,32091.39999999997
2024-01-22,114.85,166.32,281.17,-51.48,27.29,PTTEP,Energy,32039.91999999997
2024-01-23,204.54,467.56,672.1,-263.02,29.55,PTTEP,Energy,31776.89999999997
2024-01-24,238.8,211.89,450.69,26.91,27.78,PTTEP,Energy,31803.80999999997
2024-01-25,225.42,426.54,651.95,-201.12,34.39,PTTEP,Energy,31602.68999999997
2024-01-26,434.44,1408.29,1842.74,-973.85,41.66,PTTEP,Energy,30628.83999999997
2024-01-29,509.55,552.03,1061.58,-42.47,35.64,PTTEP,Energy,30586.36999999997
2024-01-30,245.05,770.59,1015.63,-525.54,31.8,PTTEP,Energy,30060.82999999997
2024-01-31,1408.62,500.95,1909.58,907.67,34.95,PTTEP,Energy,30968.499999999967
2024-02-01,731.77,277.5,1009.27,454.27,27.08,PTTEP,Energy,31422.769999999968
2024-02-02,296.41,146.14,442.55,150.27,38.93,PTTEP,Energy,31573.039999999968
2024-02-05,210.51,367.31,577.81,-156.8,28.89,PTTEP,Energy,31416.23999999997
2024-02-06,373.36,331.91,705.27,41.45,24.7,PTTEP,Energy,31457.68999999997
2024-02-07,138.29,192.63,330.91,-54.34,21.44,PTTEP,Energy,31403.34999999997
2024-02-08,580.3,453.37,1033.67,126.94,38.16,PTTEP,Energy,31530.289999999968
2024-02-09,154.52,166.88,321.4,-12.36,32.18,PTTEP,Energy,31517.929999999968
2024-02-12,91.16,84.09,175.26,7.07,17.7,PTTEP,Energy,31524.999999999967
2024-02-13,150.89,172.98,323.87,-22.1,28.18,PTTEP,Energy,31502.89999999997
2024-02-14,170.61,472.43,643.04,-301.82,23.61,PTTEP,Energy,31201.07999999997
2024-02-15,230.56,463.37,693.93,-232.81,29.82,PTTEP,Energy,30968.269999999968
2024-02-16,354.61,374.46,729.08,-19.85,27.51,PTTEP,Energy,30948.41999999997
2024-02-19,325.37,300.4,625.77,24.96,25.08,PTTEP,Energy,30973.37999999997
2024-02-20,133.75,452.92,586.66,-319.17,27.57,PTTEP,Energy,30654.20999999997
2024-02-21,492.44,520.43,1012.88,-27.99,29.81,PTTEP,Energy,30626.21999999997
2024-02-22,297.76,327.53,625.29,-29.76,29.85,PTTEP,Energy,30596.45999999997
2024-02-23,229.13,594.62,823.74,-365.49,28.93,PTTEP,Energy,30230.96999999997
2024-02-27,219.0,733.6,952.6,-514.6,29.91,PTTEP,Energy,29716.36999999997
2024-02-28,348.82,475.51,824.33,-126.69,36.65,PTTEP,Energy,29589.67999999997
2024-02-29,722.3,470.37,1192.67,251.93,35.73,PTTEP,Energy,29841.60999999997
2024-03-01,393.72,544.43,938.15,-150.71,32.08,PTTEP,Energy,29690.899999999972
2024-03-04,414.95,363.19,778.14,51.76,34.0,PTTEP,Energy,29742.65999999997
2024-03-05,111.7,241.91,353.61,-130.21,29.3,PTTEP,Energy,29612.44999999997
2024-03-06,289.78,193.55,483.34,96.23,34.63,PTTEP,Energy,29708.67999999997
2024-03-07,200.55,399.86,600.41,-199.31,26.13,PTTEP,Energy,29509.36999999997
2024-03-08,339.3,211.44,550.74,127.86,26.43,PTTEP,Energy,29637.22999999997
2024-03-11,260.82,492.67,753.48,-231.85,30.31,PTTEP,Energy,29405.379999999972
2024-03-12,391.87,238.33,630.2,153.53,30.89,PTTEP,Energy,29558.90999999997
2024-03-13,312.33,399.51,711.84,-87.18,47.98,PTTEP,Energy,29471.72999999997
2024-03-14,694.11,273.93,968.03,420.18,32.28,PTTEP,Energy,29891.90999999997
2024-03-15,1486.09,482.26,1968.35,1003.83,39.36,PTTEP,Energy,30895.739999999972
2024-03-18,396.07,265.19,661.26,130.88,37.49,PTTEP,Energy,31026.619999999974
2024-03-19,483.75,222.05,705.8,261.7,21.58,PTTEP,Energy,31288.319999999974
2024-03-20,207.27,133.92,341.2,73.35,27.8,PTTEP,Energy,31361.669999999973
2024-03-21,181.44,264.48,445.92,-83.05,33.35,PTTEP,Energy,31278.619999999974
2024-03-22,242.24,372.99,615.23,-130.76,32.87,PTTEP,Energy,31147.859999999975
2024-03-25,274.25,236.91,511.16,37.33,24.13,PTTEP,Energy,31185.189999999977
2024-03-26,480.33,432.96,913.29,47.36,38.11,PTTEP,Energy,31232.549999999977
2024-03-27,181.6,110.87,292.47,70.72,33.56,PTTEP,Energy,31303.26999999998
2024-03-28,193.77,328.1,521.86,-134.33,31.14,PTTEP,Energy,31168.939999999977
2024-03-29,348.74,223.01,571.75,125.72,27.49,PTTEP,Energy,31294.659999999978
2024-04-01,97.96,144.99,242.95,-47.03,24.85,PTTEP,Energy,31247.62999999998
2024-04-02,676.67,339.47,1016.14,337.19,24.99,PTTEP,Energy,31584.819999999978
2024-04-03,1604.0,504.13,2108.13,1099.87,20.9,PTTEP,Energy,32684.689999999977
2024-04-04,224.47,346.52,571.0,-122.05,24.81,PTTEP,Energy,32562.639999999978
2024-04-05,1028.07,358.66,1386.74,669.41,33.79,PTTEP,Energy,33232.04999999998
2024-04-09,1023.12,544.14,1567.25,478.98,38.81,PTTEP,Energy,33711.029999999984
2024-04-10,935.42,896.52,1831.94,38.9,54.29,PTTEP,Energy,33749.929999999986
2024-04-11,1248.05,1006.23,2254.29,241.82,67.95,PTTEP,Energy,33991.749999999985
2024-04-17,2280.86,1353.19,3634.04,927.67,41.16,PTTEP,Energy,34919.419999999984
2024-04-18,1218.59,834.62,2053.21,383.97,40.59,PTTEP,Energy,35303.389999999985
2024-04-19,1007.48,756.76,1764.24,250.72,31.88,PTTEP,Energy,35554.109999999986
2024-04-22,527.03,870.18,1397.21,-343.16,34.27,PTTEP,Energy,35210.94999999998
2024-04-23,644.6,254.16,898.76,390.44,32.18,PTTEP,Energy,35601.389999999985
2024-04-24,398.17,216.93,615.1,181.24,35.49,PTTEP,Energy,35782.62999999998
2024-04-25,482.3,666.62,1148.92,-184.33,38.43,PTTEP,Energy,35598.29999999998
2024-04-26,309.84,409.4,719.24,-99.56,32.99,PTTEP,Energy,35498.73999999998
2024-04-29,543.04,416.89,959.93,126.15,38.74,PTTEP,Energy,35624.889999999985
2024-04-30,633.9,833.05,1466.95,-199.15,41.29,PTTEP,Energy,35425.73999999998
2024-05-02,815.46,1664.69,2480.14,-849.23,34.3,PTTEP,Energy,34576.50999999998
2024-05-03,811.06,604.43,1415.49,206.63,36.24,PTTEP,Energy,34783.13999999998
2024-05-07,494.92,484.55,979.47,10.37,31.34,PTTEP,Energy,34793.50999999998
2024-05-08,342.79,403.63,746.42,-60.84,47.59,PTTEP,Energy,34732.669999999984
2024-05-09,281.95,422.29,704.24,-140.34,49.76,PTTEP,Energy,34592.32999999999
2024-05-10,297.02,209.13,506.15,87.9,46.76,PTTEP,Energy,34680.22999999999
2024-05-13,698.43,401.21,1099.64,297.22,45.86,PTTEP,Energy,34977.44999999999
2024-05-14,281.6,335.55,617.14,-53.95,47.29,PTTEP,Energy,34923.49999999999
2024-05-15,445.94,396.65,842.59,49.29,53.76,PTTEP,Energy,34972.78999999999
2024-05-16,956.06,491.53,1447.59,464.53,36.62,PTTEP,Energy,35437.31999999999
2024-05-17,399.58,330.51,730.09,69.07,45.81,PTTEP,Energy,35506.38999999999
2024-05-20,1104.57,212.01,1316.58,892.56,31.64,PTTEP,Energy,36398.94999999999
2024-05-21,267.45,291.21,558.67,-23.76,28.73,PTTEP,Energy,36375.18999999999
2024-05-23,454.52,379.91,834.43,74.62,37.27,PTTEP,Energy,36449.80999999999
2024-05-24,154.8,165.09,319.9,-10.29,36.49,PTTEP,Energy,36439.51999999999
2024-05-27,160.48,248.41,408.89,-87.94,31.44,PTTEP,Energy,36351.57999999999
2024-05-28,168.85,204.8,373.64,-35.95,31.39,PTTEP,Energy,36315.62999999999
2024-05-29,406.0,276.73,682.73,129.27,32.69,PTTEP,Energy,36444.89999999999
2024-05-30,231.1,310.86,541.96,-79.76,37.07,PTTEP,Energy,36365.139999999985
2024-05-31,979.26,607.87,1587.13,371.4,52.98,PTTEP,Energy,36736.539999999986
2024-06-04,451.05,959.65,1410.7,-508.6,35.78,PTTEP,Energy,36227.93999999999
2024-06-05,280.66,354.25,634.91,-73.59,35.61,PTTEP,Energy,36154.34999999999
2024-06-06,234.06,321.57,555.63,-87.51,36.12,PTTEP,Energy,36066.83999999999
2024-06-07,234.12,319.57,553.69,-85.45,36.67,PTTEP,Energy,35981.38999999999
2024-06-10,244.88,324.94,569.82,-80.06,42.04,PTTEP,Energy,35901.329999999994
2024-06-11,312.68,717.28,1029.96,-404.61,30.73,PTTEP,Energy,35496.719999999994
2024-06-12,1031.44,637.12,1668.55,394.32,46.18,PTTEP,Energy,35891.03999999999
2024-06-13,244.16,622.11,866.28,-377.95,44.87,PTTEP,Energy,35513.09
2024-06-14,337.07,524.04,861.11,-186.97,45.55,PTTEP,Energy,35326.119999999995
2024-06-17,212.1,578.11,790.2,-366.01,36.47,PTTEP,Energy,34960.10999999999
2024-06-18,376.97,396.55,773.53,-19.58,48.03,PTTEP,Energy,34940.52999999999
2024-06-19,330.1,762.23,1092.33,-432.13,41.74,PTTEP,Energy,34508.399999999994
2024-06-20,264.34,227.4,491.74,36.94,42.3,PTTEP,Energy,34545.34
2024-06-21,444.26,415.44,859.71,28.82,45.13,PTTEP,Energy,34574.159999999996
2024-06-24,194.98,230.37,425.35,-35.39,35.9,PTTEP,Energy,34538.77
2024-06-25,456.0,220.86,676.86,235.14,32.49,PTTEP,Energy,34773.909999999996
2024-06-26,485.91,399.32,885.24,86.59,44.66,PTTEP,Energy,34860.49999999999
2024-06-27,261.6,308.63,570.22,-47.03,47.67,PTTEP,Energy,34813.469999999994
2024-06-28,834.73,610.96,1445.69,223.77,31.46,PTTEP,Energy,35037.23999999999
2024-07-01,282.96,63.33,346.29,219.64,27.92,PTTEP,Energy,35256.87999999999
2024-07-02,280.59,215.19,495.78,65.39,30.37,PTTEP,Energy,35322.26999999999
2024-07-03,207.39,176.49,383.88,30.9,38.58,PTTEP,Energy,35353.16999999999
2024-07-04,381.93,107.1,489.03,274.82,25.78,PTTEP,Energy,35627.98999999999
2024-07-05,365.55,203.39,568.94,162.16,32.88,PTTEP,Energy,35790.149999999994
2024-07-08,419.94,261.74,681.69,158.2,40.81,PTTEP,Energy,35948.34999999999
2024-07-09,279.96,630.01,909.97,-350.05,33.55,PTTEP,Energy,35598.29999999999
2024-07-10,212.7,479.2,691.9,-266.5,29.49,PTTEP,Energy,35331.79999999999
2024-07-11,190.05,458.35,648.4,-268.31,24.59,PTTEP,Energy,35063.48999999999
2024-07-12,237.53,265.49,503.03,-27.96,30.1,PTTEP,Energy,35035.52999999999
2024-07-15,251.06,340.75,591.8,-89.69,36.53,PTTEP,Energy,34945.83999999999
2024-07-16,346.88,297.02,643.91,49.86,21.23,PTTEP,Energy,34995.69999999999
2024-07-17,300.27,432.35,732.63,-132.08,31.56,PTTEP,Energy,34863.61999999999
2024-07-18,236.42,316.11,552.53,-79.69,32.93,PTTEP,Energy,34783.929999999986
2024-07-19,158.63,333.29,491.92,-174.66,29.21,PTTEP,Energy,34609.26999999998
2024-07-23,387.6,375.6,763.2,12.01,42.13,PTTEP,Energy,34621.279999999984
2024-07-24,253.27,274.16,527.43,-20.89,31.05,PTTEP,Energy,34600.389999999985
2024-07-25,89.76,241.33,331.09,-151.57,25.74,PTTEP,Energy,34448.819999999985
2024-07-26,270.08,362.16,632.25,-92.08,42.14,PTTEP,Energy,34356.73999999998
2024-07-30,103.19,469.94,573.13,-366.75,33.27,PTTEP,Energy,33989.98999999998
2024-07-31,638.66,400.09,1038.75,238.58,29.29,PTTEP,Energy,34228.569999999985
2024-08-01,562.58,367.59,930.17,194.99,30.52,PTTEP,Energy,34423.55999999998
2024-08-02,205.08,323.25,528.33,-118.18,30.16,PTTEP,Energy,34305.37999999998
2024-08-05,208.34,458.37,666.72,-250.03,25.16,PTTEP,Energy,34055.349999999984
2024-08-06,264.71,298.2,562.91,-33.49,31.37,PTTEP,Energy,34021.859999999986
2024-08-07,180.65,307.57,488.21,-126.92,31.04,PTTEP,Energy,33894.93999999999
2024-08-08,363.74,397.26,761.0,-33.52,28.05,PTTEP,Energy,33861.41999999999
2024-08-09,175.24,271.21,446.45,-95.98,27.84,PTTEP,Energy,33765.43999999999
2024-08-13,329.24,454.3,783.54,-125.06,29.21,PTTEP,Energy,33640.37999999999
2024-08-14,296.37,479.02,775.39,-182.65,43.81,PTTEP,Energy,33457.72999999999
2024-08-15,154.54,141.52,296.06,13.02,24.56,PTTEP,Energy,33470.749999999985
2024-08-16,204.36,121.07,325.44,83.29,28.64,PTTEP,Energy,33554.039999999986
2024-08-19,90.37,239.19,329.57,-148.82,25.42,PTTEP,Energy,33405.21999999999
2024-08-20,193.87,296.4,490.27,-102.53,15.18,PTTEP,Energy,33302.68999999999
2024-08-21,305.17,389.91,695.08,-84.75,25.38,PTTEP,Energy,33217.93999999999
2024-08-22,163.88,281.92,445.8,-118.04,17.24,PTTEP,Energy,33099.89999999999
2024-08-23,277.19,161.51,438.7,115.68,17.76,PTTEP,Energy,33215.57999999999
2024-08-26,315.63,154.72,470.35,160.91,19.55,PTTEP,Energy,33376.48999999999
2024-08-27,314.53,164.02,478.55,150.52,19.86,PTTEP,Energy,33527.00999999999
2024-08-28,370.5,288.85,659.36,81.65,34.29,PTTEP,Energy,33608.65999999999
2024-08-29,93.74,216.13,309.87,-122.39,25.71,PTTEP,Energy,33486.26999999999
2024-08-30,1145.35,760.72,1906.07,384.62,50.69,PTTEP,Energy,33870.88999999999
2024-09-02,155.32,374.98,530.3,-219.67,25.48,PTTEP,Energy,33651.219999999994
2024-09-03,254.23,291.7,545.93,-37.47,18.43,PTTEP,Energy,33613.74999999999
2024-09-04,59.88,199.89,259.77,-140.02,13.25,PTTEP,Energy,33473.729999999996
2024-09-05,593.3,502.83,1096.14,90.47,17.91,PTTEP,Energy,33564.2
2024-09-06,698.69,576.99,1275.68,121.69,24.78,PTTEP,Energy,33685.89
2024-09-09,593.51,319.66,913.18,273.85,24.77,PTTEP,Energy,33959.74
2024-09-10,173.54,617.33,790.87,-443.8,24.58,PTTEP,Energy,33515.939999999995
2024-09-11,309.77,869.68,1179.44,-559.91,24.75,PTTEP,Energy,32956.02999999999
2024-09-12,135.99,623.88,759.87,-487.89,32.62,PTTEP,Energy,32468.139999999992
2024-09-13,347.59,516.41,864.0,-168.83,35.12,PTTEP,Energy,32299.30999999999
2024-09-16,61.16,442.44,503.6,-381.28,23.11,PTTEP,Energy,31918.02999999999
2024-09-17,329.14,595.96,925.1,-266.82,29.65,PTTEP,Energy,31651.209999999992
2024-09-18,250.01,281.77,531.78,-31.76,31.8,PTTEP,Energy,31619.449999999993
2024-09-19,307.46,635.72,943.19,-328.26,29.56,PTTEP,Energy,31291.189999999995
2024-09-20,771.77,858.23,1630.0,-86.45,29.74,PTTEP,Energy,31204.739999999994
2024-09-23,322.12,549.13,871.25,-227.0,23.37,PTTEP,Energy,30977.739999999994
2024-09-24,517.58,662.31,1179.89,-144.73,25.24,PTTEP,Energy,30833.009999999995
2024-09-25,857.36,551.98,1409.34,305.38,34.34,PTTEP,Energy,31138.389999999996
2024-09-26,298.97,609.54,908.51,-310.57,26.88,PTTEP,Energy,30827.819999999996
2024-09-27,256.66,924.03,1180.69,-667.37,13.34,PTTEP,Energy,30160.449999999997
2024-09-30,991.72,869.64,1861.36,122.08,33.99,PTTEP,Energy,30282.53
2024-10-01,447.0,443.63,890.63,3.37,27.34,PTTEP,Energy,30285.899999999998
2024-10-02,1216.54,1371.67,2588.2,-155.13,27.26,PTTEP,Energy,30130.769999999997
2024-10-03,598.48,469.64,1068.12,128.84,23.95,PTTEP,Energy,30259.609999999997
2024-10-04,821.88,705.43,1527.31,116.45,20.97,PTTEP,Energy,30376.059999999998
2024-10-07,391.67,793.55,1185.22,-401.88,23.8,PTTEP,Energy,29974.179999999997
2024-10-08,241.65,621.04,862.69,-379.39,22.78,PTTEP,Energy,29594.789999999997
2024-10-09,175.79,905.04,1080.82,-729.25,29.95,PTTEP,Energy,28865.539999999997
2024-10-10,65.52,411.92,477.44,-346.4,26.17,PTTEP,Energy,28519.139999999996
2024-10-11,88.35,237.67,326.03,-149.32,15.56,PTTEP,Energy,28369.819999999996
2024-10-15,241.94,858.67,1100.61,-616.74,25.0,PTTEP,Energy,27753.079999999994
2024-10-16,398.69,705.02,1103.72,-306.33,29.08,PTTEP,Energy,27446.749999999993
2024-10-17,147.53,889.21,1036.73,-741.68,26.28,PTTEP,Energy,26705.069999999992
2024-10-18,264.91,463.81,728.72,-198.91,19.62,PTTEP,Energy,26506.159999999993
2024-10-21,425.77,363.23,789.0,62.54,22.46,PTTEP,Energy,26568.699999999993
2024-10-22,427.89,374.69,802.58,53.21,21.15,PTTEP,Energy,26621.909999999993
2024-10-24,1008.56,377.32,1385.88,631.24,34.11,PTTEP,Energy,27253.149999999994
2024-10-25,323.54,275.69,599.23,47.85,24.22,PTTEP,Energy,27300.999999999993
2024-10-28,284.48,282.19,566.67,2.29,16.05,PTTEP,Energy,27303.289999999994
2024-10-29,542.49,479.4,1021.88,63.09,33.19,PTTEP,Energy,27366.379999999994
2024-10-30,229.06,467.09,696.15,-238.02,27.1,PTTEP,Energy,27128.359999999993
2024-10-31,503.86,294.57,798.44,209.29,36.74,PTTEP,Energy,27337.649999999994
2024-11-01,178.89,252.32,431.21,-73.43,30.18,PTTEP,Energy,27264.219999999994
2024-11-04,305.41,299.57,604.98,5.85,33.06,PTTEP,Energy,27270.069999999992
2024-11-05,488.52,560.65,1049.17,-72.13,26.17,PTTEP,Energy,27197.93999999999
2024-11-06,220.7,573.17,793.87,-352.47,25.21,PTTEP,Energy,26845.46999999999
2024-11-07,476.24,354.6,830.84,121.64,29.99,PTTEP,Energy,26967.10999999999
2024-11-08,404.37,309.82,714.2,94.55,28.08,PTTEP,Energy,27061.65999999999
2024-11-11,264.94,168.59,433.52,96.35,29.06,PTTEP,Energy,27158.009999999987
2024-11-12,173.89,284.3,458.19,-110.41,23.34,PTTEP,Energy,27047.599999999988
2024-11-13,745.47,577.94,1323.41,167.53,31.93,PTTEP,Energy,27215.129999999986
2024-11-14,388.46,180.63,569.1,207.83,19.86,PTTEP,Energy,27422.95999999999
2024-11-15,425.3,169.87,595.17,255.42,28.5,PTTEP,Energy,27678.379999999986
2024-11-18,185.01,350.66,535.67,-165.66,37.91,PTTEP,Energy,27512.719999999987
2024-11-19,319.82,493.52,813.34,-173.69,25.26,PTTEP,Energy,27339.029999999988
2024-11-20,89.31,338.25,427.56,-248.94,30.04,PTTEP,Energy,27090.08999999999
2024-11-21,360.24,304.58,664.82,55.65,26.96,PTTEP,Energy,27145.73999999999
2024-11-22,736.58,400.55,1137.13,336.02,27.7,PTTEP,Energy,27481.75999999999
2024-11-25,368.6,606.2,974.8,-237.6,34.59,PTTEP,Energy,27244.159999999993
2024-11-26,267.51,357.06,624.57,-89.55,26.85,PTTEP,Energy,27154.609999999993
2024-11-27,148.23,296.15,444.38,-147.92,34.27,PTTEP,Energy,27006.689999999995
2024-11-28,231.96,273.55,505.5,-41.59,37.71,PTTEP,Energy,26965.099999999995
2024-11-29,208.36,230.8,439.17,-22.44,35.44,PTTEP,Energy,26942.659999999996
2024-12-02,186.84,203.31,390.15,-16.47,26.03,PTTEP,Energy,26926.189999999995
2024-12-03,174.32,138.69,313.01,35.63,24.82,PTTEP,Energy,26961.819999999996
2024-12-04,149.86,255.03,404.89,-105.18,34.9,PTTEP,Energy,26856.639999999996
2024-12-06,87.45,159.4,246.85,-71.95,39.72,PTTEP,Energy,26784.689999999995
2024-12-09,228.74,320.57,549.31,-91.83,37.25,PTTEP,Energy,26692.859999999993
2024-12-11,234.66,354.45,589.11,-119.79,34.82,PTTEP,Energy,26573.069999999992
2024-12-12,167.65,410.74,578.4,-243.09,26.67,PTTEP,Energy,26329.979999999992
2024-12-13,214.69,284.66,499.35,-69.97,30.7,PTTEP,Energy,26260.00999999999
2024-12-16,188.5,284.52,473.02,-96.01,33.8,PTTEP,Energy,26163.999999999993
2024-12-17,245.34,462.98,708.32,-217.65,33.73,PTTEP,Energy,25946.34999999999
2024-12-18,208.47,240.37,448.85,-31.9,31.24,PTTEP,Energy,25914.44999999999
2024-12-19,366.86,291.16,658.02,75.7,28.32,PTTEP,Energy,25990.14999999999
2024-12-20,675.55,420.39,1095.94,255.15,43.71,PTTEP,Energy,26245.299999999992
2024-12-23,320.8,250.44,571.24,70.37,37.36,PTTEP,Energy,26315.66999999999
2024-12-24,107.97,126.57,234.54,-18.59,32.62,PTTEP,Energy,26297.07999999999
2024-12-25,172.81,114.07,286.87,58.74,19.32,PTTEP,Energy,26355.819999999992
2024-12-26,36.35,65.48,101.83,-29.13,26.06,PTTEP,Energy,26326.68999999999
2024-12-27,301.28,230.21,531.49,71.07,29.0,PTTEP,Energy,26397.75999999999
2024-12-30,315.51,131.91,447.42,183.6,39.66,PTTEP,Energy,26581.35999999999
2025-01-02,585.08,388.42,973.5,196.67,30.43,PTTEP,Energy,26778.029999999988
2025-01-03,216.69,386.37,603.06,-169.69,34.5,PTTEP,Energy,26608.33999999999
2025-01-06,224.48,380.82,605.31,-156.34,21.91,PTTEP,Energy,26451.99999999999
2025-01-07,439.46,499.91,939.37,-60.45,37.68,PTTEP,Energy,26391.54999999999
2025-01-08,514.78,481.58,996.35,33.2,40.38,PTTEP,Energy,26424.74999999999
2025-01-09,534.78,614.86,1149.64,-80.08,43.39,PTTEP,Energy,26344.669999999987
2025-01-10,565.08,278.58,843.66,286.5,45.1,PTTEP,Energy,26631.169999999987
2025-01-13,756.65,738.08,1494.73,18.58,34.38,PTTEP,Energy,26649.74999999999
2025-01-14,681.13,666.99,1348.13,14.14,47.11,PTTEP,Energy,26663.88999999999
2025-01-15,552.43,684.77,1237.19,-132.34,37.46,PTTEP,Energy,26531.54999999999
2025-01-16,397.7,276.33,674.03,121.38,35.9,PTTEP,Energy,26652.92999999999
2025-01-17,416.76,428.52,845.28,-11.77,48.84,PTTEP,Energy,26641.15999999999
2025-01-20,478.52,385.49,864.01,93.03,33.76,PTTEP,Energy,26734.189999999988
2025-01-21,611.33,518.21,1129.54,93.13,30.01,PTTEP,Energy,26827.31999999999
2025-01-22,631.93,434.59,1066.52,197.34,38.2,PTTEP,Energy,27024.65999999999
2025-01-23,234.29,542.66,776.94,-308.37,42.87,PTTEP,Energy,26716.28999999999
2025-01-24,321.19,194.57,515.76,126.62,39.24,PTTEP,Energy,26842.90999999999
2025-01-27,224.67,229.07,453.73,-4.4,40.9,PTTEP,Energy,26838.509999999987
2025-01-28,144.86,120.61,265.48,24.25,35.61,PTTEP,Energy,26862.759999999987
2025-01-29,121.07,273.46,394.53,-152.39,34.14,PTTEP,Energy,26710.369999999988
2025-01-30,142.58,334.74,477.32,-192.16,33.59,PTTEP,Energy,26518.20999999999
2025-01-31,575.28,535.31,1110.59,39.98,29.75,PTTEP,Energy,26558.189999999988
2025-02-03,295.92,494.64,790.55,-198.72,25.71,PTTEP,Energy,26359.469999999987
2025-02-04,269.39,423.29,692.68,-153.89,30.31,PTTEP,Energy,26205.579999999987
2025-02-05,375.34,418.5,793.84,-43.16,38.83,PTTEP,Energy,26162.419999999987
2025-02-06,387.82,441.49,829.31,-53.67,32.25,PTTEP,Energy,26108.74999999999
2025-02-07,386.39,507.11,893.5,-120.72,35.44,PTTEP,Energy,25988.029999999988
2025-02-10,339.09,421.57,760.66,-82.48,37.06,PTTEP,Energy,25905.54999999999
2025-02-11,430.49,207.26,637.76,223.23,34.06,PTTEP,Energy,26128.779999999988
2025-02-13,343.85,415.14,758.98,-71.29,38.44,PTTEP,Energy,26057.489999999987
2025-02-14,505.52,221.03,726.55,284.5,34.7,PTTEP,Energy,26341.989999999987
2025-02-17,333.61,220.91,554.51,112.7,30.42,PTTEP,Energy,26454.689999999988
2025-02-18,303.58,218.45,522.03,85.13,35.71,PTTEP,Energy,26539.81999999999
2025-02-19,249.79,239.84,489.63,9.95,25.2,PTTEP,Energy,26549.76999999999
2025-02-20,211.34,818.68,1030.02,-607.34,37.14,PTTEP,Energy,25942.42999999999
2025-02-21,201.57,159.32,360.89,42.25,35.51,PTTEP,Energy,25984.67999999999
2025-02-24,93.75,94.07,187.82,-0.32,14.58,PTTEP,Energy,25984.35999999999
2025-02-25,341.6,602.54,944.14,-260.94,24.23,PTTEP,Energy,25723.41999999999
2025-02-26,417.2,424.06,841.26,-6.86,33.05,PTTEP,Energy,25716.55999999999
2025-02-27,439.61,418.2,857.81,21.41,30.1,PTTEP,Energy,25737.96999999999
2025-02-28,449.85,449.91,899.77,-0.06,35.52,PTTEP,Energy,25737.90999999999
2025-03-03,400.55,264.19,664.74,136.37,35.2,PTTEP,Energy,25874.279999999988
2025-03-04,227.77,318.96,546.73,-91.18,37.08,PTTEP,Energy,25783.099999999988
2025-03-05,336.35,197.05,533.41,139.3,30.21,PTTEP,Energy,25922.399999999987
2025-03-06,480.23,307.71,787.94,172.53,28.74,PTTEP,Energy,26094.929999999986
2025-03-07,253.64,169.57,423.21,84.07,27.6,PTTEP,Energy,26178.999999999985
2025-03-10,399.46,215.8,615.26,183.66,39.7,PTTEP,Energy,26362.659999999985
2025-03-11,480.95,313.16,794.11,167.79,40.2,PTTEP,Energy,26530.449999999986
2025-03-12,279.77,270.51,550.28,9.25,42.26,PTTEP,Energy,26539.699999999986
2025-03-13,452.87,211.42,664.28,241.45,39.85,PTTEP,Energy,26781.149999999987
2025-03-14,357.54,291.32,648.87,66.22,39.99,PTTEP,Energy,26847.369999999988
2025-03-17,408.18,127.56,535.74,280.61,28.08,PTTEP,Energy,27127.97999999999
2025-03-18,359.06,159.26,518.32,199.79,31.36,PTTEP,Energy,27327.76999999999
2025-03-19,326.46,221.38,547.84,105.07,28.57,PTTEP,Energy,27432.83999999999
2025-03-20,659.43,454.18,1113.61,205.25,34.68,PTTEP,Energy,27638.08999999999
2025-03-21,538.29,571.01,1109.3,-32.72,40.72,PTTEP,Energy,27605.369999999988
2025-03-24,350.01,369.3,719.31,-19.29,36.67,PTTEP,Energy,27586.079999999987
2025-03-25,271.88,463.04,734.93,-191.16,31.99,PTTEP,Energy,27394.919999999987
2025-03-26,95.23,167.16,262.39,-71.93,31.37,PTTEP,Energy,27322.989999999987
2025-03-27,260.79,219.52,480.3,41.27,25.49,PTTEP,Energy,27364.259999999987
2025-03-28,133.6,233.28,366.88,-99.68,31.56,PTTEP,Energy,27264.579999999987
2025-03-31,493.11,430.03,923.14,63.08,47.03,PTTEP,Energy,27327.65999999999
2025-04-01,878.11,511.23,1389.33,366.88,38.46,PTTEP,Energy,27694.53999999999
2025-04-02,228.72,406.11,634.82,-177.39,33.02,PTTEP,Energy,27517.14999999999
2025-04-03,188.97,173.9,362.87,15.07,25.3,PTTEP,Energy,27532.21999999999
2025-04-04,453.18,620.4,1073.57,-167.22,26.45,PTTEP,Energy,27364.99999999999
2025-04-08,718.41,853.88,1572.29,-135.47,37.58,PTTEP,Energy,27229.529999999988
2025-04-09,476.71,537.06,1013.77,-60.35,39.35,PTTEP,Energy,27169.17999999999
2025-04-10,384.49,405.67,790.16,-21.17,28.68,PTTEP,Energy,27148.00999999999
2025-04-11,240.77,419.12,659.89,-178.35,38.72,PTTEP,Energy,26969.659999999993
2025-04-16,437.47,331.3,768.77,106.17,40.32,PTTEP,Energy,27075.82999999999
2025-04-17,134.76,280.91,415.67,-146.14,37.41,PTTEP,Energy,26929.68999999999
2025-04-18,165.01,370.35,535.36,-205.34,28.52,PTTEP,Energy,26724.34999999999
2025-04-21,170.33,239.98,410.32,-69.65,30.48,PTTEP,Energy,26654.69999999999
2025-04-22,431.74,293.12,724.86,138.62,41.07,PTTEP,Energy,26793.31999999999
2025-04-23,225.2,625.43,850.63,-400.23,34.66,PTTEP,Energy,26393.08999999999
2025-04-24,348.85,686.28,1035.14,-337.43,30.99,PTTEP,Energy,26055.65999999999
2025-04-25,457.3,462.9,920.19,-5.6,35.77,PTTEP,Energy,26050.05999999999
2025-04-28,827.52,474.78,1302.29,352.74,45.1,PTTEP,Energy,26402.799999999992
2025-04-29,394.97,778.76,1173.73,-383.79,41.81,PTTEP,Energy,26019.00999999999
2025-04-30,513.61,347.2,860.81,166.41,42.4,PTTEP,Energy,26185.41999999999
2025-05-02,508.49,662.94,1171.43,-154.45,34.54,PTTEP,Energy,26030.96999999999
2025-05-06,671.65,485.13,1156.77,186.52,23.48,PTTEP,Energy,26217.48999999999
2025-05-07,1233.6,711.9,1945.5,521.7,32.03,PTTEP,Energy,26739.18999999999
2025-05-08,212.61,406.57,619.19,-193.96,33.37,PTTEP,Energy,26545.229999999992
2025-05-09,426.57,353.01,779.58,73.56,32.86,PTTEP,Energy,26618.789999999994
2025-05-13,330.42,479.58,810.0,-149.16,27.03,PTTEP,Energy,26469.629999999994
2025-05-14,278.62,210.51,489.13,68.11,33.54,PTTEP,Energy,26537.739999999994
2025-05-15,451.45,280.31,731.76,171.14,32.57,PTTEP,Energy,26708.879999999994
2025-05-16,367.76,435.83,803.59,-68.08,37.24,PTTEP,Energy,26640.799999999992
2025-05-19,352.61,266.87,619.48,85.73,36.86,PTTEP,Energy,26726.52999999999
2025-05-20,200.95,165.51,366.46,35.44,32.19,PTTEP,Energy,26761.96999999999
2025-05-21,172.81,417.31,590.12,-244.5,21.23,PTTEP,Energy,26517.46999999999
2025-05-22,165.71,270.04,435.76,-104.33,26.41,PTTEP,Energy,26413.13999999999
2025-05-23,74.67,155.61,230.28,-80.93,30.8,PTTEP,Energy,26332.20999999999
2025-05-26,93.33,175.73,269.07,-82.4,42.27,PTTEP,Energy,26249.809999999987
2025-05-27,112.18,181.53,293.72,-69.35,35.22,PTTEP,Energy,26180.45999999999
2025-05-28,227.92,319.95,547.87,-92.03,42.12,PTTEP,Energy,26088.42999999999
2025-05-29,319.38,133.51,452.89,185.87,33.18,PTTEP,Energy,26274.29999999999
2025-05-30,325.44,935.71,1261.14,-610.27,37.31,PTTEP,Energy,25664.029999999988
2025-06-04,372.52,384.37,756.89,-11.85,28.82,PTTEP,Energy,25652.17999999999
2025-06-05,348.19,251.92,600.11,96.27,32.5,PTTEP,Energy,25748.44999999999
2025-06-06,368.66,284.58,653.24,84.08,46.01,PTTEP,Energy,25832.52999999999
2025-06-09,152.42,155.34,307.76,-2.92,27.6,PTTEP,Energy,25829.609999999993
2025-06-10,305.33,163.25,468.59,142.08,34.29,PTTEP,Energy,25971.689999999995
2025-06-11,288.84,168.19,457.03,120.64,34.17,PTTEP,Energy,26092.329999999994
2025-06-12,883.57,286.28,1169.86,597.29,26.45,PTTEP,Energy,26689.619999999995
2025-06-13,1420.24,1024.5,2444.74,395.74,31.78,PTTEP,Energy,27085.359999999997
2025-06-16,786.64,844.13,1630.77,-57.49,33.24,PTTEP,Energy,27027.869999999995
2025-06-17,921.95,489.75,1411.7,432.2,28.92,PTTEP,Energy,27460.069999999996
2025-06-18,506.41,537.38,1043.8,-30.97,29.5,PTTEP,Energy,27429.099999999995
2025-06-19,406.01,415.55,821.55,-9.54,31.15,PTTEP,Energy,27419.559999999994
2025-06-20,794.08,550.76,1344.84,243.31,38.23,PTTEP,Energy,27662.869999999995
2025-06-23,277.81,570.22,848.02,-292.41,23.77,PTTEP,Energy,27370.459999999995
2025-06-24,1309.34,809.21,2118.55,500.13,34.09,PTTEP,Energy,27870.589999999997
2025-06-25,337.03,473.21,810.25,-136.18,36.96,PTTEP,Energy,27734.409999999996
2025-06-26,779.66,380.41,1160.07,399.25,44.39,PTTEP,Energy,28133.659999999996
2025-06-27,308.4,407.91,716.31,-99.51,29.67,PTTEP,Energy,28034.149999999998
2025-06-30,372.98,355.43,728.41,17.55,45.39,PTTEP,Energy,28051.699999999997
2025-07-01,737.72,491.0,1228.73,246.72,40.11,PTTEP,Energy,28298.42
2025-07-02,186.78,302.53,489.31,-115.75,26.03,PTTEP,Energy,28182.67
2025-07-03,524.67,425.03,949.7,99.65,41.34,PTTEP,Energy,28282.32
2025-07-04,162.49,250.14,412.63,-87.65,34.67,PTTEP,Energy,28194.67
2025-07-07,367.17,294.82,662.0,72.35,32.38,PTTEP,Energy,28267.019999999997
2025-07-08,306.69,230.93,537.62,75.76,36.51,PTTEP,Energy,28342.779999999995
2025-07-09,283.5,370.64,654.15,-87.14,47.24,PTTEP,Energy,28255.639999999996
2025-07-11,177.39,231.91,409.3,-54.53,46.8,PTTEP,Energy,28201.109999999997
2025-07-14,433.21,375.7,808.9,57.51,30.97,PTTEP,Energy,28258.619999999995
2025-07-15,155.5,271.72,427.22,-116.22,28.76,PTTEP,Energy,28142.399999999994
2025-07-16,281.18,221.3,502.48,59.88,34.85,PTTEP,Energy,28202.279999999995
2025-07-17,462.05,226.21,688.26,235.84,26.08,PTTEP,Energy,28438.119999999995
2025-07-18,524.23,522.63,1046.85,1.6,23.44,PTTEP,Energy,28439.719999999994
2025-07-21,355.25,363.83,719.08,-8.58,36.99,PTTEP,Energy,28431.139999999992
2025-07-22,376.8,437.13,813.92,-60.33,31.66,PTTEP,Energy,28370.80999999999
2025-07-23,422.1,339.35,761.45,82.74,35.92,PTTEP,Energy,28453.549999999992
2025-07-24,160.73,370.3,531.02,-209.57,29.48,PTTEP,Energy,28243.979999999992
2025-07-25,92.92,107.09,200.0,-14.17,19.97,PTTEP,Energy,28229.809999999994
2025-07-29,1090.92,302.58,1393.5,788.34,28.55,PTTEP,Energy,29018.149999999994
2025-07-30,480.0,852.59,1332.59,-372.6,28.88,PTTEP,Energy,28645.549999999996
2025-07-31,379.63,341.14,720.77,38.49,26.53,PTTEP,Energy,28684.039999999997
2025-08-01,265.27,317.75,583.02,-52.48,22.83,PTTEP,Energy,28631.559999999998
2025-08-04,171.57,214.14,385.71,-42.57,21.47,PTTEP,Energy,28588.989999999998
2025-08-05,72.51,341.07,413.58,-268.57,23.6,PTTEP,Energy,28320.42
2025-08-06,315.91,339.28,655.2,-23.37,19.72,PTTEP,Energy,28297.05
2025-08-07,56.89,606.56,663.45,-549.67,22.55,PTTEP,Energy,27747.38
2025-08-08,286.94,306.03,592.97,-19.1,28.23,PTTEP,Energy,27728.280000000002
2025-08-13,349.6,583.05,932.65,-233.44,22.79,PTTEP,Energy,27494.840000000004
2025-08-14,221.95,195.32,417.27,26.63,27.18,PTTEP,Energy,27521.470000000005
2025-08-15,233.24,104.12,337.37,129.12,23.13,PTTEP,Energy,27650.590000000004
2025-08-18,244.09,287.5,531.59,-43.4,20.4,PTTEP,Energy,27607.190000000002
2025-08-19,567.81,472.11,1039.91,95.7,29.32,PTTEP,Energy,27702.890000000003
2025-08-20,360.04,501.75,861.79,-141.71,35.81,PTTEP,Energy,27561.180000000004
2025-08-21,153.42,115.05,268.47,38.37,27.47,PTTEP,Energy,27599.550000000003
2025-08-22,135.18,105.67,240.85,29.51,30.51,PTTEP,Energy,27629.06
2025-08-25,114.35,84.18,198.53,30.18,22.98,PTTEP,Energy,27659.24
2025-08-26,247.91,326.29,574.21,-78.38,31.15,PTTEP,Energy,27580.86
2025-08-27,75.43,217.89,293.32,-142.46,30.28,PTTEP,Energy,27438.4
2025-08-28,220.19,233.38,453.57,-13.2,25.48,PTTEP,Energy,27425.2
2025-08-29,248.42,390.55,638.97,-142.14,37.75,PTTEP,Energy,27283.06
2025-09-01,172.11,164.21,336.33,7.9,22.37,PTTEP,Energy,27290.960000000003
2025-09-02,313.67,180.36,494.03,133.31,26.58,PTTEP,Energy,27424.270000000004
2025-09-03,178.66,287.5,466.15,-108.84,26.29,PTTEP,Energy,27315.430000000004
2025-09-04,81.03,231.78,312.81,-150.75,24.52,PTTEP,Energy,27164.680000000004
2025-09-05,188.07,233.79,421.85,-45.72,23.08,PTTEP,Energy,27118.960000000003
2025-09-08,165.8,197.03,362.84,-31.23,18.26,PTTEP,Energy,27087.730000000003
2025-09-09,231.03,295.66,526.69,-64.63,24.72,PTTEP,Energy,27023.100000000002
2025-09-10,152.89,54.46,207.36,98.43,16.98,PTTEP,Energy,27121.530000000002
2025-09-11,428.44,348.79,777.23,79.66,27.21,PTTEP,Energy,27201.190000000002
2025-09-12,140.34,138.25,278.59,2.08,22.54,PTTEP,Energy,27203.270000000004
2025-09-15,188.14,194.02,382.16,-5.87,22.14,PTTEP,Energy,27197.400000000005
2025-09-16,150.14,297.18,447.31,-147.04,26.67,PTTEP,Energy,27050.360000000004
2025-09-17,279.88,170.1,449.98,109.78,20.86,PTTEP,Energy,27160.140000000003
2025-09-18,325.82,396.03,721.85,-70.21,34.15,PTTEP,Energy,27089.930000000004
2025-09-19,276.9,276.85,553.75,0.05,38.93,PTTEP,Energy,27089.980000000003
2025-09-22,120.65,149.58,270.23,-28.93,25.95,PTTEP,Energy,27061.050000000003
2025-09-23,158.8,208.97,367.77,-50.17,26.11,PTTEP,Energy,27010.880000000005
2025-09-24,62.23,132.62,194.85,-70.4,25.66,PTTEP,Energy,26940.480000000003
2025-09-25,782.1,271.19,1053.29,510.92,26.77,PTTEP,Energy,27451.4
2025-09-26,161.86,206.09,367.94,-44.23,30.26,PTTEP,Energy,27407.170000000002
2025-09-29,146.09,276.05,422.14,-129.96,24.52,PTTEP,Energy,27277.210000000003
2025-09-30,160.3,637.19,797.49,-476.89,34.06,PTTEP,Energy,26800.320000000003
2025-10-01,102.46,197.07,299.52,-94.61,33.65,PTTEP,Energy,26705.710000000003
2025-10-02,213.91,373.89,587.8,-159.99,32.17,PTTEP,Energy,26545.72
2025-10-03,110.15,231.63,341.78,-121.47,26.93,PTTEP,Energy,26424.25
2025-10-06,40.74,41.93,82.67,-1.19,10.57,PTTEP,Energy,26423.06
2025-10-07,71.39,176.14,247.53,-104.75,21.17,PTTEP,Energy,26318.31
2025-10-08,185.16,355.63,540.78,-170.47,39.46,PTTEP,Energy,26147.84
2025-10-09,34.8,326.69,361.49,-291.89,24.54,PTTEP,Energy,25855.95
2025-10-10,43.16,323.93,367.09,-280.77,31.01,PTTEP,Energy,25575.18
2025-10-14,119.66,697.21,816.87,-577.56,22.53,PTTEP,Energy,24997.62
2025-10-15,524.56,720.94,1245.5,-196.37,48.71,PTTEP,Energy,24801.25
2025-10-16,84.27,584.0,668.27,-499.74,33.93,PTTEP,Energy,24301.51
2025-10-17,115.71,412.92,528.63,-297.21,26.05,PTTEP,Energy,24004.3
2025-10-20,128.41,273.55,401.96,-145.14,34.27,PTTEP,Energy,23859.16
2025-10-21,84.93,231.23,316.16,-146.3,28.79,PTTEP,Energy,23712.86
2025-10-22,208.55,286.02,494.58,-77.47,24.12,PTTEP,Energy,23635.39
2025-10-24,488.03,375.97,864.0,112.06,21.97,PTTEP,Energy,23747.45
2025-10-27,195.07,207.16,402.23,-12.1,20.34,PTTEP,Energy,23735.350000000002
2025-10-28,290.97,207.59,498.57,83.38,32.47,PTTEP,Energy,23818.730000000003
2025-10-29,102.68,217.5,320.18,-114.82,24.88,PTTEP,Energy,23703.910000000003
2025-10-30,99.68,199.3,298.99,-99.62,29.44,PTTEP,Energy,23604.290000000005
2025-10-31,63.82,268.09,331.91,-204.27,27.75,PTTEP,Energy,23400.020000000004
2025-11-03,82.77,177.41,260.17,-94.64,23.04,PTTEP,Energy,23305.380000000005
2025-11-04,33.18,193.74,226.92,-160.56,20.82,PTTEP,Energy,23144.820000000003
2025-11-05,129.46,261.93,391.4,-132.47,24.74,PTTEP,Energy,23012.350000000002
2025-11-06,156.43,235.12,391.55,-78.69,26.3,PTTEP,Energy,22933.660000000003
2025-11-07,124.23,211.9,336.13,-87.67,28.99,PTTEP,Energy,22845.990000000005
2025-11-10,238.24,196.65,434.89,41.59,27.7,PTTEP,Energy,22887.580000000005
2025-11-11,120.46,61.19,181.66,59.27,25.71,PTTEP,Energy,22946.850000000006
2025-11-12,106.32,86.46,192.78,19.86,20.69,PTTEP,Energy,22966.710000000006
2025-11-13,195.27,174.92,370.19,20.35,30.03,PTTEP,Energy,22987.060000000005
2025-11-14,171.19,190.13,361.32,-18.94,27.42,PTTEP,Energy,22968.120000000006
2025-11-17,265.38,119.12,384.5,146.26,28.64,PTTEP,Energy,23114.380000000005
2025-11-18,129.25,114.92,244.17,14.33,26.54,PTTEP,Energy,23128.710000000006
2025-11-19,204.14,175.73,379.87,28.4,32.08,PTTEP,Energy,23157.110000000008
2025-11-20,193.19,264.36,457.55,-71.17,28.07,PTTEP,Energy,23085.94000000001
2025-11-21,105.99,106.82,212.81,-0.83,20.53,PTTEP,Energy,23085.110000000008
2025-11-24,523.28,281.72,805.0,241.56,30.08,PTTEP,Energy,23326.67000000001
2025-11-25,111.71,200.88,312.59,-89.17,23.86,PTTEP,Energy,23237.50000000001
2025-11-26,227.37,141.55,368.92,85.83,22.9,PTTEP,Energy,23323.330000000013
2025-11-27,85.09,108.94,194.03,-23.85,17.23,PTTEP,Energy,23299.480000000014
2025-11-28,164.99,62.53,227.52,102.46,16.34,PTTEP,Energy,23401.940000000013
2025-12-01,334.0,185.33,519.33,148.68,32.3,PTTEP,Energy,23550.620000000014
2025-12-02,335.52,387.56,723.08,-52.04,42.03,PTTEP,Energy,23498.580000000013
2025-12-03,397.22,380.51,777.74,16.71,35.07,PTTEP,Energy,23515.29000000001
2025-12-04,315.67,690.99,1006.66,-375.33,37.79,PTTEP,Energy,23139.96000000001
2025-12-08,325.09,633.43,958.52,-308.34,38.63,PTTEP,Energy,22831.62000000001
2025-12-09,159.58,318.2,477.77,-158.62,38.4,PTTEP,Energy,22673.00000000001
2025-12-11,202.75,119.64,322.39,83.11,36.2,PTTEP,Energy,22756.11000000001
2025-12-12,204.99,78.92,283.9,126.07,27.16,PTTEP,Energy,22882.18000000001
2025-12-15,182.58,101.37,283.95,81.21,30.65,PTTEP,Energy,22963.39000000001
2025-12-16,114.91,148.97,263.88,-34.07,32.74,PTTEP,Energy,22929.32000000001
2025-12-17,95.74,130.5,226.24,-34.75,18.7,PTTEP,Energy,22894.57000000001
2025-12-18,259.4,298.35,557.75,-38.94,29.07,PTTEP,Energy,22855.630000000012
2025-12-19,237.38,244.54,481.92,-7.16,23.14,PTTEP,Energy,22848.470000000012
2025-12-22,334.81,233.91,568.72,100.9,25.2,PTTEP,Energy,22949.370000000014
2025-12-23,176.03,146.28,322.31,29.76,23.52,PTTEP,Energy,22979.130000000012
2025-12-24,110.83,147.39,258.21,-36.56,23.52,PTTEP,Energy,22942.57000000001
2025-12-25,36.68,64.8,101.48,-28.11,27.22,PTTEP,Energy,22914.46000000001
2025-12-26,107.25,206.69,313.93,-99.44,26.58,PTTEP,Energy,22815.02000000001
2025-12-29,297.94,357.58,655.52,-59.65,30.73,PTTEP,Energy,22755.37000000001
2025-12-30,239.29,173.42,412.71,65.87,23.19,PTTEP,Energy,22821.24000000001
2026-01-05,381.65,331.75,713.4,49.9,23.72,PTTEP,Energy,22871.14000000001
2026-01-06,245.44,169.39,414.83,76.06,29.96,PTTEP,Energy,22947.20000000001
2026-01-07,221.0,530.43,751.43,-309.43,19.11,PTTEP,Energy,22637.77000000001
2026-01-08,374.78,398.84,773.62,-24.07,32.14,PTTEP,Energy,22613.70000000001
2026-01-09,298.22,215.55,513.77,82.68,25.12,PTTEP,Energy,22696.380000000012
2026-01-12,414.1,210.52,624.62,203.58,31.41,PTTEP,Energy,22899.960000000014
2026-01-13,300.64,312.14,612.78,-11.51,23.03,PTTEP,Energy,22888.450000000015
2026-01-14,760.05,476.68,1236.74,283.37,29.78,PTTEP,Energy,23171.820000000014
2026-01-15,989.0,443.52,1432.52,545.48,40.77,PTTEP,Energy,23717.300000000014
2026-01-16,441.52,330.17,771.7,111.35,39.44,PTTEP,Energy,23828.650000000012
2026-01-19,660.45,384.7,1045.15,275.75,35.45,PTTEP,Energy,24104.400000000012
2026-01-20,285.27,231.77,517.04,53.5,30.42,PTTEP,Energy,24157.900000000012
2026-01-21,511.65,270.57,782.23,241.08,26.43,PTTEP,Energy,24398.980000000014
2026-01-22,876.57,409.78,1286.34,466.79,28.9,PTTEP,Energy,24865.770000000015
2026-01-23,578.74,357.77,936.52,220.97,34.4,PTTEP,Energy,25086.740000000016
2026-01-26,490.67,338.79,829.47,151.88,21.22,PTTEP,Energy,25238.620000000017
2026-01-27,521.45,384.98,906.42,136.47,30.15,PTTEP,Energy,25375.09000000002
2026-01-28,709.42,368.44,1077.86,340.98,19.81,PTTEP,Energy,25716.070000000018
2026-01-29,451.13,519.62,970.75,-68.49,28.84,PTTEP,Energy,25647.580000000016
2026-01-30,268.84,260.11,528.95,8.73,18.77,PTTEP,Energy,25656.310000000016
2026-02-02,1132.0,711.26,1843.26,420.74,36.32,PTTEP,Energy,26077.050000000017
2026-02-03,451.15,578.74,1029.89,-127.59,35.66,PTTEP,Energy,25949.460000000017
2026-02-04,868.6,338.05,1206.65,530.54,31.26,PTTEP,Energy,26480.00000000002
2026-02-05,295.62,206.37,501.99,89.25,22.27,PTTEP,Energy,26569.25000000002
2026-02-06,1249.81,314.06,1563.87,935.75,29.9,PTTEP,Energy,27505.00000000002
2026-02-09,794.42,648.63,1443.05,145.79,26.42,PTTEP,Energy,27650.79000000002
2026-02-10,932.3,501.01,1433.31,431.3,27.97,PTTEP,Energy,28082.09000000002
2026-02-11,601.64,514.78,1116.41,86.86,28.54,PTTEP,Energy,28168.95000000002
2026-02-12,2202.48,650.11,2852.59,1552.36,28.07,PTTEP,Energy,29721.31000000002
2026-02-13,796.23,567.58,1363.8,228.65,38.46,PTTEP,Energy,29949.96000000002
2026-02-16,447.82,395.93,843.75,51.88,24.76,PTTEP,Energy,30001.840000000022
2026-02-17,910.62,558.09,1468.71,352.52,37.41,PTTEP,Energy,30354.360000000022
2026-02-18,288.01,623.7,911.71,-335.69,29.12,PTTEP,Energy,30018.670000000024
2026-02-19,1335.51,508.21,1843.72,827.3,26.28,PTTEP,Energy,30845.970000000023
2026-02-20,843.14,910.81,1753.95,-67.68,29.31,PTTEP,Energy,30778.290000000023
2026-02-23,938.27,847.37,1785.64,90.91,34.41,PTTEP,Energy,30869.200000000023
2026-02-24,1028.58,652.47,1681.05,376.11,31.15,PTTEP,Energy,31245.310000000023
2026-02-25,459.26,833.66,1292.92,-374.4,39.64,PTTEP,Energy,30870.91000000002
2026-02-26,469.38,527.02,996.4,-57.63,34.56,PTTEP,Energy,30813.28000000002
2026-02-27,1373.25,623.32,1996.57,749.93,41.41,PTTEP,Energy,31563.21000000002
2026-03-02,1136.84,2183.75,3320.58,-1046.91,22.38,PTTEP,Energy,30516.30000000002
2026-03-04,2310.15,2392.14,4702.28,-81.99,25.6,PTTEP,Energy,30434.31000000002
2026-03-05,1881.69,1317.59,3199.28,564.1,43.25,PTTEP,Energy,30998.410000000018
2026-03-06,1227.61,1493.86,2721.47,-266.24,37.25,PTTEP,Energy,30732.170000000016
2026-03-09,2095.74,2823.01,4918.75,-727.27,31.06,PTTEP,Energy,30004.900000000016
2026-03-10,1635.62,1488.5,3124.13,147.12,35.13,PTTEP,Energy,30152.020000000015
2026-03-11,1893.46,918.95,2812.41,974.51,33.87,PTTEP,Energy,31126.530000000013
2026-03-12,1545.29,1059.62,2604.9,485.67,38.76,PTTEP,Energy,31612.20000000001
2026-03-13,2556.61,1109.8,3666.41,1446.81,28.31,PTTEP,Energy,33059.01000000001
2026-03-16,639.81,1057.8,1697.61,-417.99,33.26,PTTEP,Energy,32641.020000000008
2026-03-17,2001.95,947.17,2949.12,1054.78,29.36,PTTEP,Energy,33695.80000000001
2026-03-18,704.54,780.11,1484.65,-75.57,36.0,PTTEP,Energy,33620.23000000001
2026-03-19,3073.06,1391.73,4464.79,1681.32,25.73,PTTEP,Energy,35301.55000000001
2026-03-20,1631.16,1460.82,3091.98,170.34,36.88,PTTEP,Energy,35471.89000000001
2026-03-23,2057.43,1548.8,3606.23,508.64,36.1,PTTEP,Energy,35980.530000000006
2026-03-24,2055.11,1715.26,3770.37,339.85,42.98,PTTEP,Energy,36320.380000000005
2026-03-25,1016.53,592.77,1609.29,423.76,31.7,PTTEP,Energy,36744.14000000001
2026-03-26,2606.8,1044.89,3651.68,1561.91,37.5,PTTEP,Energy,38306.05000000001
2026-03-27,1551.09,548.23,2099.33,1002.86,31.39,PTTEP,Energy,39308.91000000001
2026-03-30,1422.61,1342.14,2764.75,80.47,31.98,PTTEP,Energy,39389.38000000001
2026-03-31,1609.45,1033.41,2642.86,576.04,34.05,PTTEP,Energy,39965.42000000001
2026-04-01,1703.02,1380.63,3083.65,322.39,29.69,PTTEP,Energy,40287.81000000001
2026-04-02,1559.89,1090.93,2650.82,468.96,35.11,PTTEP,Energy,40756.77000000001
2026-04-03,169.83,657.55,827.38,-487.72,25.1,PTTEP,Energy,40269.05000000001
2026-04-07,1163.93,581.37,1745.3,582.56,32.4,PTTEP,Energy,40851.61000000001
2026-04-08,2184.88,1675.26,3860.14,509.62,32.46,PTTEP,Energy,41361.23000000001
2026-04-09,2981.92,1882.8,4864.71,1099.12,39.67,PTTEP,Energy,42460.35000000001
2026-04-10,944.09,388.19,1332.28,555.9,35.59,PTTEP,Energy,43016.250000000015
2026-04-16,2395.78,1526.19,3921.96,869.59,32.73,PTTEP,Energy,43885.84000000001
2026-04-17,2037.51,772.08,2809.59,1265.43,38.75,PTTEP,Energy,45151.27000000001
2026-04-20,1587.51,1090.67,2678.18,496.84,32.47,PTTEP,Energy,45648.11000000001
2026-04-21,750.69,533.08,1283.77,217.61,38.65,PTTEP,Energy,45865.72000000001
2026-04-22,1469.31,854.96,2324.26,614.35,44.21,PTTEP,Energy,46480.07000000001
2026-04-23,1578.81,1415.97,2994.78,162.84,33.62,PTTEP,Energy,46642.91
2026-04-24,1189.31,900.45,2089.77,288.86,38.76,PTTEP,Energy,46931.770000000004
2026-04-27,875.26,916.05,1791.31,-40.79,34.25,PTTEP,Energy,46890.98
2026-04-28,925.53,945.7,1871.23,-20.17,36.12,PTTEP,Energy,46870.810000000005
2026-04-29,1093.32,771.53,1864.85,321.78,30.69,PTTEP,Energy,47192.590000000004
2026-04-30,2039.75,1312.22,3351.97,727.54,34.83,PTTEP,Energy,47920.130000000005
2026-05-05,1123.37,463.45,1586.82,659.92,27.02,PTTEP,Energy,48580.05
2026-05-06,1045.49,1313.52,2359.01,-268.03,33.74,PTTEP,Energy,48312.020000000004
2026-05-07,1676.58,1087.81,2764.39,588.77,37.56,PTTEP,Energy,48900.79
2026-05-08,673.36,868.1,1541.46,-194.74,32.22,PTTEP,Energy,48706.05
2026-05-11,977.64,883.57,1861.2,94.07,38.14,PTTEP,Energy,48800.12
2026-05-12,612.31,497.2,1109.51,115.11,36.77,PTTEP,Energy,48915.23
2026-05-13,492.49,358.51,851.0,133.98,37.81,PTTEP,Energy,49049.21000000001
2026-05-14,398.8,656.96,1055.76,-258.16,34.59,PTTEP,Energy,48791.05
2026-05-15,438.03,477.82,915.85,-39.79,33.5,PTTEP,Energy,48751.26
2026-05-18,847.42,203.41,1050.83,644.01,30.42,PTTEP,Energy,49395.270000000004
2026-05-19,411.5,802.94,1214.45,-391.44,39.61,PTTEP,Energy,49003.83
2026-05-20,694.68,388.41,1083.09,306.26,38.64,PTTEP,Energy,49310.090000000004
2026-05-21,348.58,775.86,1124.45,-427.28,34.82,PTTEP,Energy,48882.810000000005
2026-05-22,639.42,390.08,1029.5,249.33,39.73,PTTEP,Energy,49132.14000000001
2026-05-25,243.36,391.24,634.61,-147.88,22.23,PTTEP,Energy,48984.26000000001
2026-05-26,581.45,643.68,1225.14,-62.23,30.97,PTTEP,Energy,48922.030000000006
2026-05-27,728.79,758.98,1487.78,-30.19,40.95,PTTEP,Energy,48891.840000000004
2026-05-28,662.16,649.33,1311.49,12.83,35.63,PTTEP,Energy,48904.670000000006
2026-05-29,2988.37,1540.9,4529.27,1447.47,38.65,PTTEP,Energy,50352.14000000001
2026-06-02,1026.15,1108.98,2135.13,-82.82,30.32,PTTEP,Energy,50269.32000000001
2026-06-04,907.25,988.09,1895.34,-80.84,35.19,PTTEP,Energy,50188.48000000001
2026-06-05,308.06,450.59,758.65,-142.53,34.33,PTTEP,Energy,50045.95000000001
2026-06-08,1310.13,1056.61,2366.75,253.52,36.21,PTTEP,Energy,50299.47000000001
2026-06-09,459.75,595.74,1055.48,-135.99,35.71,PTTEP,Energy,50163.48000000001
2026-06-10,447.01,713.71,1160.72,-266.71,40.4,PTTEP,Energy,49896.77000000001
2026-06-11,899.39,797.88,1697.26,101.51,44.32,PTTEP,Energy,49998.28000000001
2026-06-12,568.63,880.83,1449.47,-312.2,31.18,PTTEP,Energy,49686.080000000016
2026-06-15,804.68,998.02,1802.7,-193.34,24.24,PTTEP,Energy,49492.74000000002
2026-06-16,1275.18,1263.13,2538.3,12.05,39.15,PTTEP,Energy,49504.79000000002
2026-06-17,701.57,720.04,1421.61,-18.47,31.91,PTTEP,Energy,49486.32000000002
2026-06-18,537.38,977.75,1515.13,-440.38,48.63,PTTEP,Energy,49045.940000000024
2026-06-19,1289.38,1281.57,2570.96,7.81,47.55,PTTEP,Energy,49053.75000000002
2026-06-22,453.9,497.17,951.07,-43.28,33.38,PTTEP,Energy,49010.47000000002
2026-06-23,661.08,461.4,1122.48,199.68,29.38,PTTEP,Energy,49210.15000000002
2026-06-24,421.59,552.36,973.95,-130.77,30.78,PTTEP,Energy,49079.38000000003
2026-06-25,518.65,768.91,1287.56,-250.26,35.45,PTTEP,Energy,48829.120000000024
2026-06-26,513.65,346.13,859.78,167.52,36.04,PTTEP,Energy,48996.64000000002
2026-06-29,423.62,598.96,1022.58,-175.34,30.99,PTTEP,Energy,48821.300000000025
2026-06-30,572.94,1152.57,1725.5,-579.63,31.15,PTTEP,Energy,48241.67000000003
2026-07-01,402.81,1055.95,1458.77,-653.14,40.86,PTTEP,Energy,47588.53000000003
2026-07-02,756.55,1323.14,2079.69,-566.59,42.92,PTTEP,Energy,47021.94000000003
2026-07-03,738.63,859.37,1598.0,-120.75,35.65,PTTEP,Energy,46901.19000000003
2026-07-06,545.07,606.69,1151.76,-61.63,33.52,PTTEP,Energy,46839.560000000034
2026-07-07,681.26,872.16,1553.42,-190.9,37.44,PTTEP,Energy,46648.66000000003
2026-07-08,2538.98,3224.55,5763.53,-685.57,29.81,PTTEP,Energy,45963.09000000003
2026-07-09,915.62,1852.68,2768.3,-937.07,29.34,PTTEP,Energy,45026.02000000003
2026-07-10,1251.72,1133.15,2384.88,118.57,44.58,PTTEP,Energy,45144.59000000003
2026-07-13,707.39,1371.99,2079.38,-664.59,30.74,PTTEP,Energy,44480.00000000004
2026-07-14,2545.22,1303.31,3848.54,1241.91,33.41,PTTEP,Energy,45721.91000000004
2026-07-15,1293.49,1012.28,2305.76,281.21,35.39,PTTEP,Energy,46003.12000000004
2026-07-16,1206.38,1457.93,2664.31,-251.55,40.32,PTTEP,Energy,45751.570000000036
2026-07-17,1683.63,1139.96,2823.6,543.67,40.02,PTTEP,Energy,46295.240000000034
2026-07-20,729.22,1795.69,2524.9,-1066.47,29.99,PTTEP,Energy,45228.77000000003
2026-07-21,734.47,745.35,1479.82,-10.88,32.46,PTTEP,Energy,45217.890000000036
2026-07-22,2773.68,1109.89,3883.57,1663.79,30.29,PTTEP,Energy,46881.68000000004
2026-07-23,1456.0,980.31,2436.31,475.69,31.85,PTTEP,Energy,47357.37000000004
2026-07-24,842.37,1283.2,2125.56,-440.83,27.66,PTTEP,Energy,46916.54000000004
2026-07-27,1835.74,795.47,2631.21,1040.27,36.58,PTTEP,Energy,47956.810000000034
2026-07-30,1489.48,1283.74,2773.22,205.74,37.37,PTTEP,Energy,48162.55000000003
2026-07-31,1050.67,865.67,1916.35,185.0,34.21,PTTEP,Energy,48347.55000000003
2026-08-03,1869.71,1101.01,2970.72,768.7,31.16,PTTEP,Energy,49116.25000000003
2026-08-04,1035.63,1051.09,2086.72,-15.46,36.83,PTTEP,Energy,49100.79000000003
2026-08-05,1471.34,2109.48,3580.82,-638.13,35.75,PTTEP,Energy,48462.66000000003
2026-08-06,1062.39,581.99,1644.38,480.39,33.4,PTTEP,Energy,48943.05000000003
2026-08-07,632.12,604.46,1236.58,27.66,36.52,PTTEP,Energy,48970.710000000036
2026-08-10,945.67,672.03,1617.69,273.64,41.3,PTTEP,Energy,49244.350000000035
2026-08-11,1769.2,1134.74,2903.93,634.46,39.3,PTTEP,Energy,49878.810000000034
2026-08-13,683.38,1551.3,2234.68,-867.92,35.99,PTTEP,Energy,49010.890000000036
2026-08-14,326.76,851.46,1178.23,-524.7,27.77,PTTEP,Energy,48486.19000000004
2026-08-17,535.0,350.39,885.38,184.61,31.51,PTTEP,Energy,48670.80000000004
2026-08-18,1003.58,497.45,1501.03,506.13,28.63,PTTEP,Energy,49176.93000000004
