date,buy_mb,sell_mb,buy_sell_mb,net_mb,nvdr_pct,symbol,sector,cumulative_net_mb
2020-01-02,55.97,63.71,119.68,-7.74,27.48,RATCH,Energy,-7.74
2020-01-03,50.93,68.35,119.27,-17.42,18.41,RATCH,Energy,-25.160000000000004
2020-01-06,139.59,74.33,213.92,65.25,31.15,RATCH,Energy,40.089999999999996
2020-01-07,66.79,69.52,136.32,-2.73,37.2,RATCH,Energy,37.36
2020-01-08,68.6,102.78,171.38,-34.19,33.67,RATCH,Energy,3.1700000000000017
2020-01-09,100.68,101.11,201.8,-0.43,26.09,RATCH,Energy,2.7400000000000015
2020-01-10,187.68,289.35,477.03,-101.67,25.99,RATCH,Energy,-98.93
2020-01-13,155.67,309.43,465.1,-153.76,25.2,RATCH,Energy,-252.69
2020-01-14,124.28,269.4,393.68,-145.12,26.28,RATCH,Energy,-397.81
2020-01-15,154.8,173.4,328.2,-18.59,23.96,RATCH,Energy,-416.4
2020-01-16,102.88,114.54,217.42,-11.66,24.47,RATCH,Energy,-428.06
2020-01-17,92.31,90.24,182.55,2.07,28.32,RATCH,Energy,-425.99
2020-01-20,97.15,168.09,265.24,-70.94,19.15,RATCH,Energy,-496.93
2020-01-21,131.99,190.43,322.42,-58.44,21.65,RATCH,Energy,-555.37
2020-01-22,104.59,203.12,307.71,-98.53,29.89,RATCH,Energy,-653.9
2020-01-23,121.94,114.55,236.49,7.39,31.36,RATCH,Energy,-646.51
2020-01-24,69.21,45.3,114.51,23.91,34.87,RATCH,Energy,-622.6
2020-01-27,79.87,107.65,187.52,-27.78,35.3,RATCH,Energy,-650.38
2020-01-28,84.67,109.87,194.54,-25.2,27.52,RATCH,Energy,-675.58
2020-01-29,102.94,104.19,207.13,-1.24,30.98,RATCH,Energy,-676.82
2020-01-30,130.78,125.67,256.45,5.11,37.45,RATCH,Energy,-671.71
2020-01-31,149.01,215.24,364.25,-66.23,26.63,RATCH,Energy,-737.94
2020-02-03,158.88,155.6,314.48,3.28,33.88,RATCH,Energy,-734.6600000000001
2020-02-04,106.46,103.69,210.15,2.77,24.47,RATCH,Energy,-731.8900000000001
2020-02-05,71.47,156.03,227.5,-84.56,26.19,RATCH,Energy,-816.45
2020-02-06,82.51,157.61,240.12,-75.1,25.12,RATCH,Energy,-891.5500000000001
2020-02-07,165.55,155.37,320.92,10.18,38.15,RATCH,Energy,-881.3700000000001
2020-02-11,130.44,189.35,319.79,-58.91,31.42,RATCH,Energy,-940.2800000000001
2020-02-12,109.15,141.22,250.37,-32.08,36.88,RATCH,Energy,-972.3600000000001
2020-02-13,20.04,63.87,83.9,-43.83,29.81,RATCH,Energy,-1016.1900000000002
2020-02-14,69.86,166.2,236.06,-96.34,31.68,RATCH,Energy,-1112.5300000000002
2020-02-17,36.23,79.83,116.06,-43.61,22.13,RATCH,Energy,-1156.14
2020-02-18,18.19,74.8,92.99,-56.61,28.2,RATCH,Energy,-1212.75
2020-02-19,52.65,142.51,195.16,-89.86,30.99,RATCH,Energy,-1302.61
2020-02-20,110.07,145.65,255.72,-35.58,29.89,RATCH,Energy,-1338.1899999999998
2020-02-21,70.2,88.82,159.02,-18.62,31.21,RATCH,Energy,-1356.8099999999997
2020-02-24,135.07,203.57,338.64,-68.49,27.46,RATCH,Energy,-1425.2999999999997
2020-02-25,88.99,214.8,303.8,-125.81,30.76,RATCH,Energy,-1551.1099999999997
2020-02-26,94.68,180.03,274.71,-85.35,38.36,RATCH,Energy,-1636.4599999999996
2020-02-27,80.14,127.32,207.46,-47.18,29.13,RATCH,Energy,-1683.6399999999996
2020-02-28,168.7,259.96,428.66,-91.26,36.27,RATCH,Energy,-1774.8999999999996
2020-03-02,79.85,150.45,230.3,-70.61,34.76,RATCH,Energy,-1845.5099999999995
2020-03-03,77.02,92.18,169.2,-15.16,23.89,RATCH,Energy,-1860.6699999999996
2020-03-04,150.33,71.02,221.34,79.31,26.19,RATCH,Energy,-1781.3599999999997
2020-03-05,84.78,131.7,216.48,-46.92,19.29,RATCH,Energy,-1828.2799999999997
2020-03-06,101.5,92.83,194.33,8.66,30.37,RATCH,Energy,-1819.6199999999997
2020-03-09,139.73,180.48,320.21,-40.76,35.39,RATCH,Energy,-1860.3799999999997
2020-03-10,83.69,154.4,238.1,-70.71,41.65,RATCH,Energy,-1931.0899999999997
2020-03-11,44.74,138.32,183.06,-93.58,30.06,RATCH,Energy,-2024.6699999999996
2020-03-12,216.93,127.58,344.51,89.35,32.84,RATCH,Energy,-1935.3199999999997
2020-03-13,194.88,250.09,444.98,-55.21,31.99,RATCH,Energy,-1990.5299999999997
2020-03-16,77.05,111.97,189.02,-34.92,27.01,RATCH,Energy,-2025.4499999999998
2020-03-17,56.84,109.0,165.84,-52.17,27.81,RATCH,Energy,-2077.62
2020-03-18,80.17,133.53,213.7,-53.37,22.3,RATCH,Energy,-2130.99
2020-03-19,77.86,114.75,192.61,-36.89,26.47,RATCH,Energy,-2167.8799999999997
2020-03-20,126.18,180.97,307.15,-54.79,32.23,RATCH,Energy,-2222.6699999999996
2020-03-23,64.73,84.11,148.84,-19.38,29.9,RATCH,Energy,-2242.0499999999997
2020-03-24,79.97,141.29,221.26,-61.31,31.46,RATCH,Energy,-2303.3599999999997
2020-03-25,104.69,132.97,237.65,-28.28,23.72,RATCH,Energy,-2331.64
2020-03-26,246.77,178.8,425.57,67.97,31.55,RATCH,Energy,-2263.67
2020-03-27,121.42,171.82,293.24,-50.4,23.29,RATCH,Energy,-2314.07
2020-03-30,124.45,142.83,267.28,-18.38,35.4,RATCH,Energy,-2332.4500000000003
2020-03-31,81.17,180.52,261.7,-99.35,32.52,RATCH,Energy,-2431.8
2020-04-01,69.02,97.04,166.07,-28.02,21.83,RATCH,Energy,-2459.82
2020-04-02,76.72,82.67,159.39,-5.95,24.09,RATCH,Energy,-2465.77
2020-04-03,39.19,36.75,75.94,2.45,22.47,RATCH,Energy,-2463.32
2020-04-07,201.14,135.14,336.28,66.0,29.09,RATCH,Energy,-2397.32
2020-04-08,82.8,77.28,160.08,5.51,20.75,RATCH,Energy,-2391.81
2020-04-09,112.13,72.48,184.61,39.66,21.45,RATCH,Energy,-2352.15
2020-04-10,100.6,54.87,155.48,45.73,29.23,RATCH,Energy,-2306.42
2020-04-13,31.61,42.21,73.82,-10.6,20.94,RATCH,Energy,-2317.02
2020-04-14,32.93,79.94,112.87,-47.01,20.44,RATCH,Energy,-2364.03
2020-04-15,50.31,74.72,125.03,-24.42,25.09,RATCH,Energy,-2388.4500000000003
2020-04-16,68.66,62.5,131.16,6.15,36.16,RATCH,Energy,-2382.3
2020-04-17,85.81,46.35,132.15,39.46,34.32,RATCH,Energy,-2342.84
2020-04-20,59.25,38.82,98.08,20.43,31.08,RATCH,Energy,-2322.4100000000003
2020-04-21,126.49,118.85,245.34,7.63,30.36,RATCH,Energy,-2314.78
2020-04-22,139.56,168.32,307.87,-28.76,19.88,RATCH,Energy,-2343.5400000000004
2020-04-23,91.41,244.86,336.27,-153.46,22.8,RATCH,Energy,-2497.0000000000005
2020-04-24,98.99,145.72,244.71,-46.73,32.96,RATCH,Energy,-2543.7300000000005
2020-04-27,88.29,178.33,266.62,-90.04,23.91,RATCH,Energy,-2633.7700000000004
2020-04-28,158.36,182.68,341.04,-24.32,19.42,RATCH,Energy,-2658.0900000000006
2020-04-29,249.88,154.19,404.07,95.68,15.62,RATCH,Energy,-2562.4100000000008
2020-04-30,141.41,92.67,234.08,48.73,23.62,RATCH,Energy,-2513.6800000000007
2020-05-05,155.59,110.93,266.52,44.66,20.75,RATCH,Energy,-2469.020000000001
2020-05-07,106.67,139.57,246.24,-32.91,24.26,RATCH,Energy,-2501.9300000000007
2020-05-08,79.89,169.58,249.46,-89.69,18.32,RATCH,Energy,-2591.620000000001
2020-05-11,48.01,136.77,184.77,-88.76,23.49,RATCH,Energy,-2680.380000000001
2020-05-12,74.15,56.13,130.28,18.03,23.17,RATCH,Energy,-2662.350000000001
2020-05-13,54.07,62.97,117.04,-8.9,21.76,RATCH,Energy,-2671.250000000001
2020-05-14,62.45,138.78,201.22,-76.33,26.42,RATCH,Energy,-2747.580000000001
2020-05-15,60.84,40.72,101.56,20.12,36.6,RATCH,Energy,-2727.460000000001
2020-05-18,103.68,167.93,271.62,-64.25,34.99,RATCH,Energy,-2791.710000000001
2020-05-19,108.16,97.24,205.41,10.92,23.47,RATCH,Energy,-2780.790000000001
2020-05-20,120.01,149.32,269.33,-29.31,21.37,RATCH,Energy,-2810.100000000001
2020-05-21,134.76,207.79,342.55,-73.03,28.44,RATCH,Energy,-2883.130000000001
2020-05-22,83.11,69.1,152.21,14.01,21.44,RATCH,Energy,-2869.120000000001
2020-05-25,73.59,89.66,163.25,-16.07,28.62,RATCH,Energy,-2885.190000000001
2020-05-26,41.71,98.26,139.97,-56.54,22.42,RATCH,Energy,-2941.730000000001
2020-05-27,94.77,83.26,178.02,11.51,20.84,RATCH,Energy,-2930.2200000000007
2020-05-28,164.95,235.81,400.76,-70.87,18.78,RATCH,Energy,-3001.0900000000006
2020-05-29,400.78,482.55,883.33,-81.78,34.83,RATCH,Energy,-3082.870000000001
2020-06-01,67.57,131.64,199.21,-64.07,24.45,RATCH,Energy,-3146.940000000001
2020-06-02,94.98,70.48,165.46,24.5,23.26,RATCH,Energy,-3122.440000000001
2020-06-04,166.54,174.74,341.27,-8.2,24.63,RATCH,Energy,-3130.640000000001
2020-06-05,139.4,132.63,272.03,6.77,25.79,RATCH,Energy,-3123.870000000001
2020-06-08,73.76,79.66,153.42,-5.9,14.9,RATCH,Energy,-3129.770000000001
2020-06-09,126.63,143.22,269.85,-16.59,21.08,RATCH,Energy,-3146.360000000001
2020-06-10,144.0,157.66,301.66,-13.66,31.43,RATCH,Energy,-3160.020000000001
2020-06-11,191.89,130.54,322.43,61.36,28.8,RATCH,Energy,-3098.6600000000008
2020-06-12,65.75,105.12,170.87,-39.38,24.99,RATCH,Energy,-3138.040000000001
2020-06-15,47.25,113.48,160.73,-66.23,28.05,RATCH,Energy,-3204.270000000001
2020-06-16,51.43,66.74,118.17,-15.32,34.09,RATCH,Energy,-3219.590000000001
2020-06-17,55.25,84.18,139.43,-28.93,41.45,RATCH,Energy,-3248.520000000001
2020-06-18,77.59,111.02,188.61,-33.44,38.7,RATCH,Energy,-3281.960000000001
2020-06-19,128.15,131.82,259.97,-3.68,45.71,RATCH,Energy,-3285.640000000001
2020-06-22,41.84,76.24,118.08,-34.4,31.6,RATCH,Energy,-3320.040000000001
2020-06-23,51.11,76.68,127.79,-25.57,30.0,RATCH,Energy,-3345.610000000001
2020-06-24,22.25,80.44,102.69,-58.19,27.29,RATCH,Energy,-3403.800000000001
2020-06-25,63.4,84.68,148.07,-21.28,22.37,RATCH,Energy,-3425.0800000000013
2020-06-26,88.11,43.47,131.57,44.64,22.03,RATCH,Energy,-3380.4400000000014
2020-06-29,91.47,62.74,154.2,28.73,37.98,RATCH,Energy,-3351.7100000000014
2020-06-30,52.75,69.62,122.37,-16.88,29.3,RATCH,Energy,-3368.5900000000015
2020-07-01,23.06,43.58,66.64,-20.52,24.76,RATCH,Energy,-3389.1100000000015
2020-07-02,76.03,76.35,152.38,-0.32,24.16,RATCH,Energy,-3389.4300000000017
2020-07-03,53.53,62.15,115.68,-8.62,17.02,RATCH,Energy,-3398.0500000000015
2020-07-07,80.27,74.31,154.59,5.96,16.26,RATCH,Energy,-3392.0900000000015
2020-07-08,61.27,41.52,102.79,19.76,27.12,RATCH,Energy,-3372.3300000000013
2020-07-09,264.19,226.36,490.55,37.83,70.31,RATCH,Energy,-3334.5000000000014
2020-07-10,64.7,50.72,115.41,13.98,27.8,RATCH,Energy,-3320.5200000000013
2020-07-13,71.53,39.13,110.66,32.39,27.41,RATCH,Energy,-3288.1300000000015
2020-07-14,45.4,77.93,123.33,-32.53,29.58,RATCH,Energy,-3320.6600000000017
2020-07-15,48.93,63.28,112.22,-14.35,17.69,RATCH,Energy,-3335.0100000000016
2020-07-16,21.29,119.65,140.93,-98.36,26.29,RATCH,Energy,-3433.3700000000017
2020-07-17,25.89,33.66,59.54,-7.77,30.01,RATCH,Energy,-3441.1400000000017
2020-07-20,56.39,40.39,96.77,16.0,33.19,RATCH,Energy,-3425.1400000000017
2020-07-21,76.23,76.29,152.52,-0.07,29.62,RATCH,Energy,-3425.210000000002
2020-07-22,65.56,104.33,169.89,-38.77,31.83,RATCH,Energy,-3463.980000000002
2020-07-23,43.14,83.15,126.29,-40.02,26.75,RATCH,Energy,-3504.000000000002
2020-07-24,16.59,50.87,67.46,-34.27,28.23,RATCH,Energy,-3538.270000000002
2020-07-29,56.44,125.26,181.7,-68.83,34.72,RATCH,Energy,-3607.1000000000017
2020-07-30,74.66,177.22,251.88,-102.56,35.36,RATCH,Energy,-3709.6600000000017
2020-07-31,250.62,337.98,588.61,-87.36,55.12,RATCH,Energy,-3797.020000000002
2020-08-03,42.13,45.72,87.84,-3.59,23.03,RATCH,Energy,-3800.610000000002
2020-08-04,32.14,62.83,94.97,-30.69,28.23,RATCH,Energy,-3831.300000000002
2020-08-05,62.03,59.03,121.05,3.0,33.6,RATCH,Energy,-3828.300000000002
2020-08-06,41.89,43.89,85.78,-2.01,21.54,RATCH,Energy,-3830.310000000002
2020-08-07,28.8,32.2,61.0,-3.4,26.84,RATCH,Energy,-3833.7100000000023
2020-08-10,8.9,25.28,34.18,-16.38,22.81,RATCH,Energy,-3850.0900000000024
2020-08-11,22.27,31.19,53.46,-8.92,17.51,RATCH,Energy,-3859.0100000000025
2020-08-13,21.85,59.62,81.47,-37.78,23.37,RATCH,Energy,-3896.7900000000027
2020-08-14,44.54,91.25,135.8,-46.71,25.09,RATCH,Energy,-3943.5000000000027
2020-08-17,156.58,71.29,227.87,85.29,20.69,RATCH,Energy,-3858.2100000000028
2020-08-18,119.1,88.01,207.1,31.09,30.25,RATCH,Energy,-3827.1200000000026
2020-08-19,90.28,90.63,180.91,-0.34,32.66,RATCH,Energy,-3827.4600000000028
2020-08-20,34.64,86.61,121.25,-51.96,23.92,RATCH,Energy,-3879.420000000003
2020-08-21,31.19,39.16,70.35,-7.97,14.98,RATCH,Energy,-3887.3900000000026
2020-08-24,102.8,62.22,165.02,40.58,27.08,RATCH,Energy,-3846.8100000000027
2020-08-25,114.62,69.28,183.91,45.34,21.04,RATCH,Energy,-3801.4700000000025
2020-08-26,33.36,96.36,129.72,-63.0,22.87,RATCH,Energy,-3864.4700000000025
2020-08-27,70.69,46.64,117.33,24.05,17.4,RATCH,Energy,-3840.4200000000023
2020-08-28,37.77,105.41,143.18,-67.64,24.5,RATCH,Energy,-3908.060000000002
2020-08-31,75.93,244.75,320.68,-168.82,32.12,RATCH,Energy,-4076.8800000000024
2020-09-01,47.18,94.52,141.69,-47.34,17.32,RATCH,Energy,-4124.220000000002
2020-09-02,58.59,91.76,150.34,-33.17,24.27,RATCH,Energy,-4157.390000000002
2020-09-03,18.79,38.35,57.14,-19.56,16.96,RATCH,Energy,-4176.950000000003
2020-09-08,19.49,65.28,84.77,-45.79,18.73,RATCH,Energy,-4222.7400000000025
2020-09-09,22.66,28.92,51.58,-6.25,16.86,RATCH,Energy,-4228.9900000000025
2020-09-10,39.89,39.0,78.88,0.89,33.32,RATCH,Energy,-4228.100000000002
2020-09-11,52.91,78.62,131.52,-25.71,27.9,RATCH,Energy,-4253.810000000002
2020-09-14,26.82,65.91,92.73,-39.09,27.82,RATCH,Energy,-4292.900000000002
2020-09-15,42.71,76.87,119.58,-34.15,31.0,RATCH,Energy,-4327.050000000002
2020-09-16,76.05,91.92,167.97,-15.87,20.81,RATCH,Energy,-4342.920000000002
2020-09-17,86.02,64.76,150.78,21.27,29.33,RATCH,Energy,-4321.6500000000015
2020-09-18,89.59,125.2,214.79,-35.62,54.61,RATCH,Energy,-4357.270000000001
2020-09-21,30.5,75.12,105.61,-44.62,33.55,RATCH,Energy,-4401.890000000001
2020-09-22,22.1,61.11,83.21,-39.01,34.38,RATCH,Energy,-4440.9000000000015
2020-09-23,21.83,58.06,79.89,-36.23,22.94,RATCH,Energy,-4477.130000000001
2020-09-24,37.11,92.4,129.51,-55.3,22.74,RATCH,Energy,-4532.430000000001
2020-09-25,61.64,40.77,102.4,20.87,27.2,RATCH,Energy,-4511.560000000001
2020-09-28,26.04,48.68,74.71,-22.64,25.66,RATCH,Energy,-4534.200000000002
2020-09-29,21.03,57.71,78.73,-36.68,22.64,RATCH,Energy,-4570.880000000002
2020-09-30,47.24,79.32,126.56,-32.09,19.73,RATCH,Energy,-4602.970000000002
2020-10-01,16.59,50.81,67.4,-34.22,23.45,RATCH,Energy,-4637.190000000002
2020-10-02,14.87,34.66,49.52,-19.79,14.85,RATCH,Energy,-4656.980000000002
2020-10-05,17.55,72.44,89.99,-54.89,25.54,RATCH,Energy,-4711.870000000003
2020-10-06,16.21,73.84,90.06,-57.63,20.31,RATCH,Energy,-4769.500000000003
2020-10-07,40.67,30.28,70.95,10.39,10.24,RATCH,Energy,-4759.110000000002
2020-10-08,103.69,15.44,119.13,88.25,22.43,RATCH,Energy,-4670.860000000002
2020-10-09,58.75,77.77,136.51,-19.02,23.53,RATCH,Energy,-4689.880000000003
2020-10-12,65.5,50.86,116.36,14.64,20.52,RATCH,Energy,-4675.2400000000025
2020-10-14,44.21,62.21,106.42,-18.0,22.13,RATCH,Energy,-4693.2400000000025
2020-10-15,23.45,59.81,83.26,-36.35,19.35,RATCH,Energy,-4729.590000000003
2020-10-16,27.53,33.78,61.31,-6.24,28.87,RATCH,Energy,-4735.830000000003
2020-10-19,62.02,33.51,95.53,28.51,38.05,RATCH,Energy,-4707.320000000002
2020-10-20,15.83,27.7,43.52,-11.87,15.04,RATCH,Energy,-4719.190000000002
2020-10-21,18.79,73.61,92.41,-54.82,22.45,RATCH,Energy,-4774.010000000002
2020-10-22,69.87,62.87,132.74,7.01,48.16,RATCH,Energy,-4767.000000000002
2020-10-26,31.18,19.45,50.63,11.72,27.5,RATCH,Energy,-4755.280000000002
2020-10-27,23.51,152.68,176.19,-129.17,32.45,RATCH,Energy,-4884.450000000002
2020-10-28,26.07,42.79,68.86,-16.71,25.58,RATCH,Energy,-4901.160000000002
2020-10-29,70.55,112.44,182.99,-41.89,22.99,RATCH,Energy,-4943.050000000002
2020-10-30,28.67,61.37,90.04,-32.7,29.85,RATCH,Energy,-4975.750000000002
2020-11-02,33.5,25.84,59.34,7.66,23.18,RATCH,Energy,-4968.090000000002
2020-11-03,82.66,26.71,109.37,55.96,22.29,RATCH,Energy,-4912.130000000002
2020-11-04,33.46,30.41,63.87,3.06,22.44,RATCH,Energy,-4909.0700000000015
2020-11-05,140.17,108.69,248.86,31.48,24.62,RATCH,Energy,-4877.590000000002
2020-11-06,60.08,73.22,133.3,-13.13,20.05,RATCH,Energy,-4890.720000000002
2020-11-09,104.64,47.9,152.54,56.74,29.69,RATCH,Energy,-4833.980000000002
2020-11-10,234.85,56.51,291.36,178.34,34.06,RATCH,Energy,-4655.640000000002
2020-11-11,96.72,97.92,194.64,-1.21,22.28,RATCH,Energy,-4656.850000000002
2020-11-12,56.94,52.78,109.72,4.16,37.13,RATCH,Energy,-4652.690000000002
2020-11-13,67.03,45.35,112.38,21.68,27.95,RATCH,Energy,-4631.010000000002
2020-11-16,40.57,58.72,99.29,-18.15,25.9,RATCH,Energy,-4649.160000000002
2020-11-17,81.51,71.44,152.95,10.07,30.09,RATCH,Energy,-4639.090000000002
2020-11-18,70.26,37.45,107.72,32.81,38.45,RATCH,Energy,-4606.280000000002
2020-11-19,30.43,71.03,101.46,-40.6,29.82,RATCH,Energy,-4646.880000000002
2020-11-20,83.91,71.74,155.65,12.16,28.04,RATCH,Energy,-4634.720000000002
2020-11-23,125.37,134.91,260.28,-9.54,21.97,RATCH,Energy,-4644.260000000002
2020-11-24,64.44,158.64,223.08,-94.2,28.19,RATCH,Energy,-4738.460000000002
2020-11-25,73.48,145.67,219.16,-72.19,28.42,RATCH,Energy,-4810.6500000000015
2020-11-26,42.05,57.19,99.25,-15.14,20.04,RATCH,Energy,-4825.790000000002
2020-11-27,106.39,148.11,254.5,-41.71,20.27,RATCH,Energy,-4867.500000000002
2020-11-30,185.25,202.6,387.85,-17.36,41.77,RATCH,Energy,-4884.8600000000015
2020-12-01,107.31,168.33,275.64,-61.02,29.57,RATCH,Energy,-4945.880000000002
2020-12-02,53.94,87.28,141.21,-33.34,24.82,RATCH,Energy,-4979.220000000002
2020-12-03,54.65,115.64,170.29,-60.99,24.73,RATCH,Energy,-5040.210000000002
2020-12-04,27.83,100.53,128.36,-72.7,20.68,RATCH,Energy,-5112.910000000002
2020-12-08,136.08,63.01,199.09,73.07,22.95,RATCH,Energy,-5039.840000000002
2020-12-09,114.76,98.32,213.07,16.44,26.81,RATCH,Energy,-5023.400000000002
2020-12-14,75.4,40.69,116.09,34.72,29.97,RATCH,Energy,-4988.680000000002
2020-12-15,79.52,43.3,122.82,36.22,28.56,RATCH,Energy,-4952.460000000002
2020-12-16,63.42,33.94,97.36,29.48,25.36,RATCH,Energy,-4922.980000000002
2020-12-17,72.48,50.29,122.77,22.18,31.03,RATCH,Energy,-4900.800000000002
2020-12-18,191.71,129.5,321.21,62.21,49.88,RATCH,Energy,-4838.590000000002
2020-12-21,119.1,163.45,282.55,-44.35,32.41,RATCH,Energy,-4882.940000000002
2020-12-22,53.08,69.82,122.9,-16.74,36.04,RATCH,Energy,-4899.680000000002
2020-12-23,54.08,76.7,130.78,-22.62,41.82,RATCH,Energy,-4922.300000000002
2020-12-24,54.86,47.35,102.21,7.51,34.93,RATCH,Energy,-4914.790000000002
2020-12-25,35.03,19.9,54.93,15.13,18.54,RATCH,Energy,-4899.660000000002
2020-12-28,91.83,134.07,225.9,-42.23,21.44,RATCH,Energy,-4941.890000000001
2020-12-29,176.98,44.92,221.9,132.06,11.53,RATCH,Energy,-4809.830000000001
2020-12-30,101.94,50.22,152.17,51.72,22.41,RATCH,Energy,-4758.110000000001
2021-01-04,96.8,59.32,156.12,37.49,29.79,RATCH,Energy,-4720.620000000001
2021-01-05,144.63,114.21,258.84,30.41,20.93,RATCH,Energy,-4690.210000000001
2021-01-06,245.47,175.69,421.16,69.79,19.48,RATCH,Energy,-4620.420000000001
2021-01-07,150.58,90.85,241.43,59.73,22.82,RATCH,Energy,-4560.690000000001
2021-01-08,130.1,97.79,227.89,32.31,24.11,RATCH,Energy,-4528.380000000001
2021-01-11,98.47,104.87,203.34,-6.4,31.73,RATCH,Energy,-4534.780000000001
2021-01-12,58.29,151.18,209.47,-92.89,31.36,RATCH,Energy,-4627.670000000001
2021-01-13,62.57,89.26,151.84,-26.69,26.44,RATCH,Energy,-4654.360000000001
2021-01-14,46.99,39.94,86.93,7.05,22.57,RATCH,Energy,-4647.31
2021-01-15,73.87,89.35,163.22,-15.48,9.57,RATCH,Energy,-4662.79
2021-01-18,38.65,63.8,102.45,-25.14,19.32,RATCH,Energy,-4687.93
2021-01-19,60.93,82.03,142.96,-21.1,22.65,RATCH,Energy,-4709.030000000001
2021-01-20,41.67,88.93,130.6,-47.26,21.91,RATCH,Energy,-4756.290000000001
2021-01-21,92.88,106.55,199.42,-13.67,18.59,RATCH,Energy,-4769.960000000001
2021-01-22,65.99,98.36,164.35,-32.36,27.74,RATCH,Energy,-4802.320000000001
2021-01-25,40.56,55.08,95.64,-14.53,25.64,RATCH,Energy,-4816.85
2021-01-26,98.11,75.3,173.41,22.81,24.29,RATCH,Energy,-4794.04
2021-01-27,50.33,89.1,139.44,-38.77,22.59,RATCH,Energy,-4832.81
2021-01-28,79.87,157.12,236.99,-77.25,34.45,RATCH,Energy,-4910.06
2021-01-29,127.01,116.76,243.76,10.25,34.85,RATCH,Energy,-4899.81
2021-02-01,55.98,108.99,164.97,-53.01,27.38,RATCH,Energy,-4952.820000000001
2021-02-02,68.58,59.62,128.2,8.96,22.52,RATCH,Energy,-4943.860000000001
2021-02-03,33.86,89.76,123.61,-55.9,20.13,RATCH,Energy,-4999.76
2021-02-04,66.9,86.72,153.61,-19.82,26.92,RATCH,Energy,-5019.58
2021-02-05,51.84,97.95,149.78,-46.11,28.54,RATCH,Energy,-5065.69
2021-02-08,65.52,125.49,191.01,-59.97,18.91,RATCH,Energy,-5125.66
2021-02-09,73.85,85.84,159.69,-11.98,28.15,RATCH,Energy,-5137.639999999999
2021-02-10,79.59,80.85,160.45,-1.26,16.64,RATCH,Energy,-5138.9
2021-02-11,38.69,84.69,123.38,-46.0,19.3,RATCH,Energy,-5184.9
2021-02-15,82.04,43.29,125.33,38.75,23.84,RATCH,Energy,-5146.15
2021-02-16,125.11,54.9,180.01,70.21,22.33,RATCH,Energy,-5075.94
2021-02-17,66.18,40.12,106.31,26.06,22.07,RATCH,Energy,-5049.879999999999
2021-02-18,94.44,67.21,161.64,27.23,27.81,RATCH,Energy,-5022.65
2021-02-19,40.3,33.79,74.09,6.51,21.18,RATCH,Energy,-5016.139999999999
2021-02-22,45.56,43.06,88.62,2.5,24.95,RATCH,Energy,-5013.639999999999
2021-02-23,87.91,18.51,106.43,69.4,25.94,RATCH,Energy,-4944.24
2021-02-24,45.64,38.31,83.95,7.34,20.04,RATCH,Energy,-4936.9
2021-02-25,86.28,240.95,327.23,-154.67,40.12,RATCH,Energy,-5091.57
2021-03-01,120.37,129.29,249.67,-8.92,36.06,RATCH,Energy,-5100.49
2021-03-02,84.87,41.14,126.01,43.73,28.83,RATCH,Energy,-5056.76
2021-03-03,92.45,36.8,129.25,55.65,25.37,RATCH,Energy,-5001.110000000001
2021-03-04,143.69,67.25,210.93,76.44,30.25,RATCH,Energy,-4924.670000000001
2021-03-05,127.12,54.32,181.44,72.8,28.97,RATCH,Energy,-4851.870000000001
2021-03-08,109.37,60.72,170.09,48.66,23.82,RATCH,Energy,-4803.210000000001
2021-03-09,102.56,71.54,174.1,31.02,20.63,RATCH,Energy,-4772.1900000000005
2021-03-10,112.06,42.67,154.73,69.39,29.11,RATCH,Energy,-4702.8
2021-03-11,107.14,50.9,158.03,56.24,21.6,RATCH,Energy,-4646.56
2021-03-12,148.46,120.61,269.06,27.85,25.04,RATCH,Energy,-4618.71
2021-03-15,31.87,52.17,84.05,-20.3,24.86,RATCH,Energy,-4639.01
2021-03-16,42.86,39.71,82.57,3.15,27.78,RATCH,Energy,-4635.860000000001
2021-03-17,45.95,32.02,77.97,13.93,23.55,RATCH,Energy,-4621.93
2021-03-18,55.35,52.57,107.92,2.78,29.63,RATCH,Energy,-4619.150000000001
2021-03-19,73.88,45.1,118.99,28.78,29.15,RATCH,Energy,-4590.370000000001
2021-03-22,123.5,60.17,183.67,63.34,23.66,RATCH,Energy,-4527.030000000001
2021-03-23,133.4,142.41,275.81,-9.01,18.45,RATCH,Energy,-4536.040000000001
2021-03-24,66.7,56.91,123.61,9.79,20.82,RATCH,Energy,-4526.250000000001
2021-03-25,76.08,25.06,101.14,51.03,26.35,RATCH,Energy,-4475.220000000001
2021-03-26,43.45,42.08,85.53,1.38,31.62,RATCH,Energy,-4473.840000000001
2021-03-29,104.9,49.48,154.38,55.42,28.91,RATCH,Energy,-4418.420000000001
2021-03-30,73.02,78.89,151.91,-5.87,31.99,RATCH,Energy,-4424.290000000001
2021-03-31,43.56,27.17,70.73,16.4,22.53,RATCH,Energy,-4407.890000000001
2021-04-01,11.64,65.01,76.65,-53.37,24.69,RATCH,Energy,-4461.260000000001
2021-04-02,10.34,41.91,52.25,-31.56,18.23,RATCH,Energy,-4492.8200000000015
2021-04-05,51.13,68.45,119.58,-17.32,25.6,RATCH,Energy,-4510.140000000001
2021-04-07,64.83,99.22,164.04,-34.39,29.22,RATCH,Energy,-4544.530000000002
2021-04-08,9.57,60.66,70.24,-51.09,19.21,RATCH,Energy,-4595.620000000002
2021-04-09,31.06,44.72,75.78,-13.66,13.97,RATCH,Energy,-4609.280000000002
2021-04-12,25.78,124.48,150.26,-98.69,25.45,RATCH,Energy,-4707.970000000001
2021-04-16,10.16,63.23,73.39,-53.07,26.55,RATCH,Energy,-4761.040000000001
2021-04-19,37.76,63.45,101.21,-25.69,19.44,RATCH,Energy,-4786.7300000000005
2021-04-20,44.6,51.9,96.5,-7.31,23.18,RATCH,Energy,-4794.040000000001
2021-04-21,25.71,35.72,61.43,-10.01,32.92,RATCH,Energy,-4804.050000000001
2021-04-22,55.9,73.0,128.91,-17.1,26.95,RATCH,Energy,-4821.1500000000015
2021-04-23,33.96,50.06,84.02,-16.1,30.96,RATCH,Energy,-4837.250000000002
2021-04-26,34.33,36.74,71.07,-2.42,29.87,RATCH,Energy,-4839.670000000002
2021-04-27,18.61,20.57,39.18,-1.95,14.39,RATCH,Energy,-4841.620000000002
2021-04-28,76.22,88.67,164.9,-12.45,34.26,RATCH,Energy,-4854.0700000000015
2021-04-29,36.01,47.35,83.37,-11.34,26.81,RATCH,Energy,-4865.410000000002
2021-04-30,23.83,12.53,36.36,11.3,20.03,RATCH,Energy,-4854.1100000000015
2021-05-05,36.23,171.73,207.97,-135.5,33.86,RATCH,Energy,-4989.6100000000015
2021-05-06,33.87,22.84,56.71,11.03,20.41,RATCH,Energy,-4978.580000000002
2021-05-07,61.1,19.58,80.69,41.52,23.1,RATCH,Energy,-4937.060000000001
2021-05-10,66.44,28.51,94.94,37.93,37.11,RATCH,Energy,-4899.130000000001
2021-05-11,68.87,68.35,137.22,0.53,37.84,RATCH,Energy,-4898.600000000001
2021-05-12,37.59,69.45,107.05,-31.86,41.01,RATCH,Energy,-4930.460000000001
2021-05-13,87.71,165.23,252.94,-77.52,32.48,RATCH,Energy,-5007.980000000001
2021-05-14,107.21,89.25,196.46,17.96,30.78,RATCH,Energy,-4990.020000000001
2021-05-17,27.64,64.64,92.28,-37.01,29.28,RATCH,Energy,-5027.030000000002
2021-05-18,16.49,20.26,36.76,-3.77,16.36,RATCH,Energy,-5030.800000000002
2021-05-19,52.11,41.13,93.24,10.98,28.51,RATCH,Energy,-5019.820000000002
2021-05-20,39.74,33.58,73.33,6.16,31.46,RATCH,Energy,-5013.660000000003
2021-05-21,24.57,44.08,68.65,-19.52,39.3,RATCH,Energy,-5033.180000000003
2021-05-24,57.47,66.03,123.5,-8.56,34.12,RATCH,Energy,-5041.740000000003
2021-05-25,5.61,12.21,17.82,-6.6,18.2,RATCH,Energy,-5048.340000000004
2021-05-27,303.51,147.23,450.74,156.28,32.93,RATCH,Energy,-4892.060000000004
2021-05-28,51.96,75.47,127.43,-23.51,20.55,RATCH,Energy,-4915.570000000004
2021-05-31,63.18,34.83,98.0,28.35,30.65,RATCH,Energy,-4887.220000000004
2021-06-01,187.29,70.35,257.63,116.94,24.47,RATCH,Energy,-4770.280000000004
2021-06-02,66.04,114.14,180.18,-48.1,27.01,RATCH,Energy,-4818.380000000005
2021-06-04,42.47,134.17,176.64,-91.69,31.0,RATCH,Energy,-4910.070000000004
2021-06-07,24.17,37.78,61.95,-13.61,18.28,RATCH,Energy,-4923.680000000004
2021-06-08,56.05,65.02,121.06,-8.97,25.76,RATCH,Energy,-4932.650000000004
2021-06-09,58.7,40.32,99.02,18.38,20.56,RATCH,Energy,-4914.270000000004
2021-06-10,284.42,70.42,354.84,213.99,20.31,RATCH,Energy,-4700.280000000004
2021-06-11,70.73,130.43,201.16,-59.69,20.48,RATCH,Energy,-4759.970000000004
2021-06-14,78.64,43.04,121.68,35.6,19.41,RATCH,Energy,-4724.3700000000035
2021-06-15,66.47,58.27,124.74,8.2,21.19,RATCH,Energy,-4716.170000000004
2021-06-16,14.77,33.81,48.58,-19.04,24.92,RATCH,Energy,-4735.210000000004
2021-06-17,29.71,74.01,103.73,-44.3,26.09,RATCH,Energy,-4779.510000000004
2021-06-18,108.66,113.65,222.31,-4.98,36.93,RATCH,Energy,-4784.490000000003
2021-06-21,58.09,77.23,135.32,-19.14,23.61,RATCH,Energy,-4803.630000000004
2021-06-22,11.92,37.22,49.14,-25.3,18.0,RATCH,Energy,-4828.930000000004
2021-06-23,524.05,887.58,1411.62,-363.53,15.49,RATCH,Energy,-5192.460000000004
2021-06-24,228.45,478.72,707.17,-250.27,17.99,RATCH,Energy,-5442.730000000004
2021-06-25,109.57,269.53,379.1,-159.95,17.5,RATCH,Energy,-5602.680000000004
2021-06-28,62.03,88.97,150.99,-26.94,15.28,RATCH,Energy,-5629.6200000000035
2021-06-29,55.81,72.42,128.23,-16.61,20.92,RATCH,Energy,-5646.230000000003
2021-06-30,37.01,86.46,123.47,-49.45,13.55,RATCH,Energy,-5695.680000000003
2021-07-01,29.45,48.8,78.26,-19.35,18.0,RATCH,Energy,-5715.030000000003
2021-07-02,42.26,95.11,137.37,-52.85,25.22,RATCH,Energy,-5767.880000000004
2021-07-05,41.46,9.79,51.25,31.67,19.58,RATCH,Energy,-5736.210000000004
2021-07-06,6.44,20.43,26.86,-13.99,13.87,RATCH,Energy,-5750.2000000000035
2021-07-07,47.12,51.89,99.01,-4.77,15.97,RATCH,Energy,-5754.970000000004
2021-07-08,94.98,85.02,179.99,9.96,24.23,RATCH,Energy,-5745.010000000004
2021-07-09,110.34,70.47,180.81,39.87,28.4,RATCH,Energy,-5705.140000000004
2021-07-12,53.68,46.28,99.95,7.4,25.34,RATCH,Energy,-5697.740000000004
2021-07-13,70.81,57.21,128.02,13.61,33.53,RATCH,Energy,-5684.130000000005
2021-07-14,63.77,50.74,114.51,13.03,24.46,RATCH,Energy,-5671.100000000005
2021-07-15,39.6,87.29,126.88,-47.69,38.72,RATCH,Energy,-5718.7900000000045
2021-07-16,61.54,38.79,100.33,22.76,26.19,RATCH,Energy,-5696.030000000004
2021-07-19,52.73,66.01,118.74,-13.29,28.79,RATCH,Energy,-5709.320000000004
2021-07-20,61.53,27.43,88.96,34.1,25.18,RATCH,Energy,-5675.220000000004
2021-07-21,57.68,72.61,130.29,-14.94,38.25,RATCH,Energy,-5690.1600000000035
2021-07-22,51.58,22.77,74.36,28.81,35.08,RATCH,Energy,-5661.350000000003
2021-07-23,37.97,17.68,55.65,20.29,34.65,RATCH,Energy,-5641.060000000003
2021-07-27,104.2,33.53,137.72,70.67,37.66,RATCH,Energy,-5570.390000000003
2021-07-29,85.51,42.04,127.55,43.47,26.58,RATCH,Energy,-5526.920000000003
2021-07-30,281.17,235.04,516.21,46.12,46.34,RATCH,Energy,-5480.800000000003
2021-08-02,90.7,60.76,151.45,29.94,29.82,RATCH,Energy,-5450.860000000003
2021-08-03,105.38,65.51,170.88,39.87,37.31,RATCH,Energy,-5410.990000000003
2021-08-04,142.6,99.82,242.42,42.79,24.92,RATCH,Energy,-5368.2000000000035
2021-08-05,41.36,54.15,95.51,-12.78,50.25,RATCH,Energy,-5380.980000000003
2021-08-06,55.84,46.39,102.22,9.45,32.18,RATCH,Energy,-5371.530000000003
2021-08-09,45.56,36.18,81.74,9.38,44.95,RATCH,Energy,-5362.150000000003
2021-08-10,60.7,76.04,136.74,-15.34,26.75,RATCH,Energy,-5377.490000000003
2021-08-11,98.39,89.41,187.8,8.98,34.04,RATCH,Energy,-5368.510000000004
2021-08-13,98.46,76.07,174.53,22.39,28.99,RATCH,Energy,-5346.1200000000035
2021-08-16,222.32,111.78,334.1,110.54,34.88,RATCH,Energy,-5235.580000000004
2021-08-17,51.0,135.35,186.35,-84.35,30.96,RATCH,Energy,-5319.930000000004
2021-08-18,35.61,109.04,144.65,-73.43,26.73,RATCH,Energy,-5393.360000000004
2021-08-19,26.65,47.95,74.59,-21.3,28.66,RATCH,Energy,-5414.660000000004
2021-08-20,73.24,34.15,107.39,39.09,36.83,RATCH,Energy,-5375.570000000004
2021-08-23,139.01,56.51,195.51,82.5,30.61,RATCH,Energy,-5293.070000000004
2021-08-24,47.0,43.4,90.4,3.6,17.6,RATCH,Energy,-5289.470000000004
2021-08-25,149.94,71.1,221.03,78.84,26.71,RATCH,Energy,-5210.630000000004
2021-08-26,51.63,65.69,117.31,-14.06,25.74,RATCH,Energy,-5224.690000000004
2021-08-27,57.21,51.01,108.22,6.2,20.57,RATCH,Energy,-5218.490000000004
2021-08-30,99.0,40.82,139.82,58.18,16.56,RATCH,Energy,-5160.310000000004
2021-08-31,243.56,132.35,375.91,111.21,25.35,RATCH,Energy,-5049.100000000004
2021-09-01,37.97,93.96,131.93,-55.99,22.42,RATCH,Energy,-5105.090000000004
2021-09-02,58.75,79.79,138.55,-21.04,26.25,RATCH,Energy,-5126.130000000004
2021-09-03,93.26,45.83,139.09,47.43,23.89,RATCH,Energy,-5078.7000000000035
2021-09-06,34.89,106.61,141.5,-71.72,23.22,RATCH,Energy,-5150.420000000004
2021-09-07,25.96,41.48,67.44,-15.52,15.95,RATCH,Energy,-5165.940000000004
2021-09-08,30.9,56.77,87.67,-25.88,27.33,RATCH,Energy,-5191.820000000004
2021-09-09,39.42,58.3,97.73,-18.88,22.22,RATCH,Energy,-5210.700000000004
2021-09-10,19.31,42.33,61.64,-23.02,22.66,RATCH,Energy,-5233.720000000005
2021-09-13,55.35,41.41,96.76,13.94,21.88,RATCH,Energy,-5219.780000000005
2021-09-14,49.31,53.96,103.27,-4.65,22.83,RATCH,Energy,-5224.430000000005
2021-09-15,7.88,18.76,26.64,-10.89,30.39,RATCH,Energy,-5235.320000000005
2021-09-16,16.23,40.09,56.32,-23.86,33.31,RATCH,Energy,-5259.180000000005
2021-09-17,77.84,97.47,175.31,-19.64,38.55,RATCH,Energy,-5278.820000000005
2021-09-20,30.78,40.46,71.24,-9.69,24.98,RATCH,Energy,-5288.510000000005
2021-09-21,16.74,7.59,24.32,9.15,15.03,RATCH,Energy,-5279.360000000005
2021-09-22,79.26,43.6,122.86,35.65,30.89,RATCH,Energy,-5243.7100000000055
2021-09-23,53.21,33.97,87.17,19.24,28.0,RATCH,Energy,-5224.470000000006
2021-09-27,50.77,50.11,100.88,0.65,23.16,RATCH,Energy,-5223.820000000006
2021-09-28,12.58,29.48,42.06,-16.9,19.07,RATCH,Energy,-5240.720000000006
2021-09-29,36.93,28.18,65.11,8.75,21.37,RATCH,Energy,-5231.970000000006
2021-09-30,26.63,26.81,53.44,-0.19,18.03,RATCH,Energy,-5232.160000000005
2021-10-01,29.71,13.82,43.53,15.88,24.34,RATCH,Energy,-5216.280000000005
2021-10-04,56.99,25.21,82.2,31.78,22.09,RATCH,Energy,-5184.5000000000055
2021-10-05,25.84,23.05,48.89,2.8,27.58,RATCH,Energy,-5181.700000000005
2021-10-06,54.44,23.32,77.76,31.12,26.81,RATCH,Energy,-5150.580000000005
2021-10-07,40.78,24.69,65.47,16.09,25.48,RATCH,Energy,-5134.490000000005
2021-10-08,60.0,35.08,95.08,24.93,23.9,RATCH,Energy,-5109.560000000005
2021-10-11,11.86,44.32,56.18,-32.46,14.26,RATCH,Energy,-5142.020000000005
2021-10-12,35.88,16.66,52.54,19.22,29.26,RATCH,Energy,-5122.800000000005
2021-10-14,74.11,30.09,104.2,44.02,23.6,RATCH,Energy,-5078.780000000004
2021-10-15,35.36,8.67,44.03,26.7,23.92,RATCH,Energy,-5052.0800000000045
2021-10-18,86.52,18.14,104.66,68.38,18.13,RATCH,Energy,-4983.700000000004
2021-10-19,44.6,13.64,58.24,30.97,15.81,RATCH,Energy,-4952.730000000004
2021-10-20,41.42,27.73,69.15,13.69,25.89,RATCH,Energy,-4939.0400000000045
2021-10-21,207.1,78.91,286.01,128.19,38.83,RATCH,Energy,-4810.850000000005
2021-10-25,24.56,14.5,39.06,10.07,13.97,RATCH,Energy,-4800.780000000005
2021-10-26,86.12,31.37,117.49,54.76,20.74,RATCH,Energy,-4746.020000000005
2021-10-27,56.11,43.4,99.51,12.7,31.01,RATCH,Energy,-4733.320000000005
2021-10-28,44.03,25.28,69.31,18.76,18.64,RATCH,Energy,-4714.560000000005
2021-10-29,51.21,41.96,93.17,9.25,26.58,RATCH,Energy,-4705.310000000005
2021-11-01,79.47,62.37,141.84,17.1,16.14,RATCH,Energy,-4688.210000000005
2021-11-02,38.42,50.86,89.28,-12.44,17.66,RATCH,Energy,-4700.650000000004
2021-11-03,29.53,44.69,74.22,-15.16,16.17,RATCH,Energy,-4715.810000000004
2021-11-04,56.77,14.27,71.05,42.5,25.31,RATCH,Energy,-4673.310000000004
2021-11-05,11.32,15.53,26.85,-4.21,17.43,RATCH,Energy,-4677.520000000004
2021-11-08,21.67,32.73,54.41,-11.06,7.9,RATCH,Energy,-4688.5800000000045
2021-11-09,25.76,50.82,76.58,-25.07,12.45,RATCH,Energy,-4713.650000000004
2021-11-10,72.86,66.2,139.06,6.66,22.38,RATCH,Energy,-4706.990000000004
2021-11-11,16.56,11.8,28.36,4.76,16.33,RATCH,Energy,-4702.230000000004
2021-11-12,20.09,16.28,36.37,3.81,20.29,RATCH,Energy,-4698.420000000004
2021-11-15,43.34,16.94,60.28,26.4,19.67,RATCH,Energy,-4672.020000000004
2021-11-16,22.87,29.0,51.87,-6.13,20.43,RATCH,Energy,-4678.150000000004
2021-11-17,14.36,29.25,43.61,-14.89,20.34,RATCH,Energy,-4693.0400000000045
2021-11-18,42.32,27.02,69.34,15.3,20.04,RATCH,Energy,-4677.740000000004
2021-11-19,40.81,44.55,85.36,-3.73,21.88,RATCH,Energy,-4681.470000000004
2021-11-22,165.58,48.02,213.6,117.56,28.47,RATCH,Energy,-4563.9100000000035
2021-11-23,92.82,37.15,129.97,55.68,26.91,RATCH,Energy,-4508.230000000003
2021-11-24,64.65,43.07,107.73,21.58,33.61,RATCH,Energy,-4486.650000000003
2021-11-25,20.48,30.11,50.59,-9.62,16.75,RATCH,Energy,-4496.270000000003
2021-11-26,36.81,118.73,155.54,-81.92,25.22,RATCH,Energy,-4578.190000000003
2021-11-29,20.67,58.28,78.95,-37.61,18.1,RATCH,Energy,-4615.800000000003
2021-11-30,143.92,238.72,382.65,-94.8,43.62,RATCH,Energy,-4710.600000000003
2021-12-01,76.83,72.22,149.05,4.61,29.18,RATCH,Energy,-4705.990000000003
2021-12-02,40.35,59.0,99.35,-18.65,27.36,RATCH,Energy,-4724.640000000003
2021-12-03,77.45,66.08,143.53,11.38,32.15,RATCH,Energy,-4713.260000000003
2021-12-07,93.74,89.39,183.13,4.35,42.37,RATCH,Energy,-4708.910000000003
2021-12-08,36.26,38.98,75.24,-2.73,33.15,RATCH,Energy,-4711.640000000002
2021-12-09,31.1,29.74,60.83,1.36,35.98,RATCH,Energy,-4710.2800000000025
2021-12-13,69.34,30.89,100.23,38.45,42.25,RATCH,Energy,-4671.830000000003
2021-12-14,55.81,38.5,94.31,17.31,35.7,RATCH,Energy,-4654.520000000002
2021-12-15,32.93,24.87,57.8,8.05,26.05,RATCH,Energy,-4646.470000000002
2021-12-16,58.69,35.54,94.23,23.15,38.89,RATCH,Energy,-4623.320000000002
2021-12-17,116.13,84.15,200.29,31.98,44.51,RATCH,Energy,-4591.340000000003
2021-12-20,101.87,61.97,163.84,39.89,27.33,RATCH,Energy,-4551.450000000003
2021-12-21,37.28,27.58,64.85,9.7,33.71,RATCH,Energy,-4541.750000000003
2021-12-22,49.41,49.8,99.21,-0.39,29.24,RATCH,Energy,-4542.140000000003
2021-12-23,38.86,21.23,60.09,17.63,29.31,RATCH,Energy,-4524.510000000003
2021-12-24,36.16,30.08,66.24,6.08,30.64,RATCH,Energy,-4518.430000000003
2021-12-27,17.36,14.71,32.07,2.65,33.85,RATCH,Energy,-4515.780000000003
2021-12-28,49.98,7.04,57.02,42.93,30.67,RATCH,Energy,-4472.850000000003
2021-12-29,52.99,20.05,73.03,32.94,39.2,RATCH,Energy,-4439.9100000000035
2021-12-30,65.33,16.62,81.94,48.71,29.07,RATCH,Energy,-4391.2000000000035
2022-01-04,53.36,37.24,90.6,16.12,35.97,RATCH,Energy,-4375.080000000004
2022-01-05,28.95,22.36,51.3,6.59,27.33,RATCH,Energy,-4368.490000000003
2022-01-06,56.15,113.74,169.89,-57.59,41.21,RATCH,Energy,-4426.080000000004
2022-01-07,35.95,72.57,108.52,-36.63,35.12,RATCH,Energy,-4462.710000000004
2022-01-10,32.32,55.01,87.33,-22.69,34.84,RATCH,Energy,-4485.400000000003
2022-01-11,14.64,28.87,43.52,-14.23,33.47,RATCH,Energy,-4499.630000000003
2022-01-12,58.16,19.39,77.54,38.77,29.32,RATCH,Energy,-4460.860000000002
2022-01-13,45.72,26.31,72.03,19.41,28.92,RATCH,Energy,-4441.450000000003
2022-01-14,39.03,19.6,58.63,19.43,28.3,RATCH,Energy,-4422.020000000002
2022-01-17,22.25,23.2,45.46,-0.95,29.07,RATCH,Energy,-4422.970000000002
2022-01-18,8.22,6.91,15.14,1.31,16.47,RATCH,Energy,-4421.660000000002
2022-01-19,10.1,18.03,28.13,-7.92,22.93,RATCH,Energy,-4429.580000000002
2022-01-20,33.49,25.4,58.89,8.09,20.47,RATCH,Energy,-4421.490000000002
2022-01-21,24.51,32.5,57.02,-7.99,38.48,RATCH,Energy,-4429.480000000001
2022-01-24,27.31,24.59,51.9,2.71,22.22,RATCH,Energy,-4426.770000000001
2022-01-25,63.67,16.86,80.53,46.81,29.83,RATCH,Energy,-4379.960000000001
2022-01-26,31.16,25.42,56.59,5.74,26.69,RATCH,Energy,-4374.220000000001
2022-01-27,29.2,15.86,45.06,13.34,19.07,RATCH,Energy,-4360.880000000001
2022-01-28,3.1,28.54,31.64,-25.45,29.14,RATCH,Energy,-4386.330000000001
2022-01-31,48.86,48.79,97.65,0.07,33.38,RATCH,Energy,-4386.260000000001
2022-02-01,29.62,16.58,46.2,13.05,31.03,RATCH,Energy,-4373.210000000001
2022-02-02,26.92,29.6,56.53,-2.68,20.08,RATCH,Energy,-4375.890000000001
2022-02-03,6.15,16.91,23.07,-10.76,21.38,RATCH,Energy,-4386.6500000000015
2022-02-04,13.39,31.51,44.9,-18.13,17.37,RATCH,Energy,-4404.780000000002
2022-02-07,18.99,17.49,36.48,1.49,35.2,RATCH,Energy,-4403.290000000002
2022-02-08,64.23,32.34,96.57,31.89,25.57,RATCH,Energy,-4371.4000000000015
2022-02-09,205.79,134.17,339.96,71.62,38.21,RATCH,Energy,-4299.780000000002
2022-02-10,68.41,40.8,109.2,27.61,26.81,RATCH,Energy,-4272.170000000002
2022-02-11,27.67,23.71,51.38,3.96,20.05,RATCH,Energy,-4268.210000000002
2022-02-14,19.93,25.94,45.86,-6.01,23.69,RATCH,Energy,-4274.220000000002
2022-02-15,33.15,8.21,41.36,24.94,23.84,RATCH,Energy,-4249.2800000000025
2022-02-17,104.58,45.44,150.02,59.14,28.12,RATCH,Energy,-4190.140000000002
2022-02-18,61.65,108.58,170.24,-46.93,29.67,RATCH,Energy,-4237.070000000002
2022-02-21,32.72,72.42,105.14,-39.69,27.04,RATCH,Energy,-4276.760000000002
2022-02-22,30.59,64.21,94.8,-33.62,32.18,RATCH,Energy,-4310.380000000002
2022-02-23,24.63,73.78,98.41,-49.15,20.74,RATCH,Energy,-4359.530000000002
2022-02-24,38.15,48.16,86.3,-10.01,15.03,RATCH,Energy,-4369.540000000002
2022-02-25,37.7,50.81,88.51,-13.11,34.07,RATCH,Energy,-4382.6500000000015
2022-02-28,62.52,50.62,113.13,11.9,33.02,RATCH,Energy,-4370.750000000002
2022-03-01,23.86,23.71,47.58,0.15,16.32,RATCH,Energy,-4370.600000000002
2022-03-02,80.53,49.74,130.27,30.79,35.95,RATCH,Energy,-4339.810000000002
2022-03-03,42.28,24.15,66.43,18.13,27.34,RATCH,Energy,-4321.680000000002
2022-03-04,92.66,67.33,159.99,25.33,31.35,RATCH,Energy,-4296.350000000002
2022-03-07,31.18,100.9,132.08,-69.72,18.9,RATCH,Energy,-4366.070000000002
2022-03-08,43.82,86.05,129.87,-42.23,24.54,RATCH,Energy,-4408.300000000002
2022-03-09,31.7,67.37,99.07,-35.66,28.18,RATCH,Energy,-4443.960000000002
2022-03-10,26.91,55.15,82.06,-28.24,22.83,RATCH,Energy,-4472.200000000002
2022-03-11,21.35,53.73,75.08,-32.38,25.89,RATCH,Energy,-4504.580000000002
2022-03-14,36.47,61.16,97.63,-24.69,49.85,RATCH,Energy,-4529.270000000001
2022-03-15,16.19,93.67,109.86,-77.49,26.64,RATCH,Energy,-4606.760000000001
2022-03-16,72.65,31.94,104.58,40.71,23.54,RATCH,Energy,-4566.050000000001
2022-03-17,133.53,33.77,167.3,99.76,31.73,RATCH,Energy,-4466.290000000001
2022-03-18,79.05,111.85,190.9,-32.8,42.22,RATCH,Energy,-4499.090000000001
2022-03-21,29.51,68.07,97.58,-38.56,35.64,RATCH,Energy,-4537.6500000000015
2022-03-22,44.22,20.62,64.84,23.6,30.11,RATCH,Energy,-4514.050000000001
2022-03-23,29.18,23.44,52.61,5.74,18.33,RATCH,Energy,-4508.310000000001
2022-03-24,45.52,61.65,107.17,-16.13,32.69,RATCH,Energy,-4524.440000000001
2022-03-25,28.81,42.44,71.25,-13.63,36.21,RATCH,Energy,-4538.0700000000015
2022-03-28,16.16,11.04,27.2,5.12,20.45,RATCH,Energy,-4532.950000000002
2022-03-29,25.66,25.93,51.59,-0.27,25.33,RATCH,Energy,-4533.220000000002
2022-03-30,76.92,18.09,95.01,58.83,33.43,RATCH,Energy,-4474.390000000002
2022-03-31,23.51,70.25,93.76,-46.73,39.59,RATCH,Energy,-4521.120000000002
2022-04-01,16.04,24.04,40.08,-8.0,29.72,RATCH,Energy,-4529.120000000002
2022-04-04,17.12,26.96,44.09,-9.84,16.88,RATCH,Energy,-4538.960000000002
2022-04-05,43.14,49.11,92.25,-5.96,38.93,RATCH,Energy,-4544.920000000002
2022-04-07,34.18,74.96,109.14,-40.78,28.04,RATCH,Energy,-4585.700000000002
2022-04-08,47.31,31.86,79.16,15.45,19.84,RATCH,Energy,-4570.250000000002
2022-04-11,32.14,41.52,73.66,-9.38,24.25,RATCH,Energy,-4579.630000000002
2022-04-12,10.15,18.58,28.73,-8.44,14.4,RATCH,Energy,-4588.0700000000015
2022-04-18,41.73,38.1,79.83,3.64,25.46,RATCH,Energy,-4584.430000000001
2022-04-19,97.9,13.93,111.83,83.97,25.33,RATCH,Energy,-4500.460000000001
2022-04-20,31.36,28.49,59.85,2.86,23.26,RATCH,Energy,-4497.600000000001
2022-04-21,37.4,14.76,52.17,22.64,39.78,RATCH,Energy,-4474.960000000001
2022-04-22,31.3,40.89,72.19,-9.59,32.32,RATCH,Energy,-4484.550000000001
2022-04-25,34.95,25.0,59.95,9.95,33.16,RATCH,Energy,-4474.600000000001
2022-04-26,29.8,44.74,74.54,-14.94,33.37,RATCH,Energy,-4489.540000000001
2022-04-27,38.61,36.25,74.85,2.36,19.8,RATCH,Energy,-4487.180000000001
2022-04-28,44.71,31.36,76.07,13.35,19.92,RATCH,Energy,-4473.830000000001
2022-04-29,63.28,40.99,104.27,22.29,28.84,RATCH,Energy,-4451.540000000001
2022-05-03,79.76,13.23,92.99,66.53,27.6,RATCH,Energy,-4385.010000000001
2022-05-05,130.43,27.62,158.06,102.81,24.83,RATCH,Energy,-4282.200000000001
2022-05-06,70.28,106.04,176.32,-35.75,26.52,RATCH,Energy,-4317.950000000001
2022-05-09,72.39,70.01,142.4,2.38,28.1,RATCH,Energy,-4315.570000000001
2022-05-10,183.39,66.79,250.19,116.6,24.65,RATCH,Energy,-4198.97
2022-05-11,59.85,82.57,142.42,-22.72,23.11,RATCH,Energy,-4221.6900000000005
2022-05-12,100.41,40.46,140.88,59.95,30.89,RATCH,Energy,-4161.740000000001
2022-05-13,65.39,109.17,174.56,-43.79,20.08,RATCH,Energy,-4205.530000000001
2022-05-17,129.3,119.01,248.3,10.29,36.45,RATCH,Energy,-4195.240000000001
2022-05-18,145.89,115.74,261.63,30.15,39.29,RATCH,Energy,-4165.090000000001
2022-05-19,154.2,82.16,236.37,72.04,41.74,RATCH,Energy,-4093.050000000001
2022-05-20,56.94,41.08,98.02,15.86,38.2,RATCH,Energy,-4077.190000000001
2022-05-23,69.01,53.18,122.19,15.83,47.26,RATCH,Energy,-4061.360000000001
2022-05-24,64.28,45.69,109.97,18.59,38.99,RATCH,Energy,-4042.770000000001
2022-05-25,114.97,116.88,231.86,-1.91,30.56,RATCH,Energy,-4044.6800000000007
2022-05-26,46.36,21.4,67.75,24.96,32.04,RATCH,Energy,-4019.7200000000007
2022-05-27,70.8,39.99,110.79,30.81,32.68,RATCH,Energy,-3988.9100000000008
2022-05-30,35.42,28.36,63.78,7.05,23.69,RATCH,Energy,-3981.8600000000006
2022-05-31,341.9,220.75,562.65,121.14,45.11,RATCH,Energy,-3860.7200000000007
2022-06-01,105.27,119.05,224.32,-13.78,34.25,RATCH,Energy,-3874.500000000001
2022-06-02,45.55,32.64,78.19,12.91,23.14,RATCH,Energy,-3861.590000000001
2022-06-06,86.09,128.92,215.01,-42.83,30.87,RATCH,Energy,-3904.420000000001
2022-06-07,89.95,71.54,161.49,18.42,26.11,RATCH,Energy,-3886.000000000001
2022-06-08,132.51,50.52,183.03,81.99,30.58,RATCH,Energy,-3804.010000000001
2022-06-09,118.89,39.58,158.47,79.32,31.68,RATCH,Energy,-3724.690000000001
2022-06-10,60.25,53.3,113.55,6.94,25.29,RATCH,Energy,-3717.750000000001
2022-06-13,65.02,58.85,123.87,6.17,30.91,RATCH,Energy,-3711.580000000001
2022-06-14,27.04,45.85,72.89,-18.81,32.86,RATCH,Energy,-3730.390000000001
2022-06-15,14.37,62.67,77.04,-48.31,33.04,RATCH,Energy,-3778.7000000000007
2022-06-16,144.08,241.56,385.65,-97.48,45.59,RATCH,Energy,-3876.1800000000007
2022-06-17,139.81,93.21,233.02,46.59,39.58,RATCH,Energy,-3829.5900000000006
2022-06-20,36.52,36.17,72.69,0.35,32.23,RATCH,Energy,-3829.2400000000007
2022-06-21,53.58,55.87,109.45,-2.29,36.33,RATCH,Energy,-3831.5300000000007
2022-06-22,43.63,43.67,87.3,-0.03,39.63,RATCH,Energy,-3831.560000000001
2022-06-23,158.86,437.9,596.76,-279.04,45.7,RATCH,Energy,-4110.600000000001
2022-06-24,191.56,296.55,488.12,-104.99,40.67,RATCH,Energy,-4215.590000000001
2022-06-27,97.89,155.26,253.15,-57.38,36.85,RATCH,Energy,-4272.970000000001
2022-06-28,118.98,133.28,252.25,-14.3,35.82,RATCH,Energy,-4287.270000000001
2022-06-29,111.98,226.14,338.12,-114.17,43.12,RATCH,Energy,-4401.440000000001
2022-06-30,270.71,212.94,483.66,57.77,30.12,RATCH,Energy,-4343.670000000001
2022-07-01,126.33,107.45,233.78,18.87,31.87,RATCH,Energy,-4324.800000000001
2022-07-04,70.69,105.44,176.14,-34.75,30.88,RATCH,Energy,-4359.550000000001
2022-07-05,13.95,43.06,57.01,-29.1,26.72,RATCH,Energy,-4388.6500000000015
2022-07-06,75.55,63.16,138.72,12.39,26.59,RATCH,Energy,-4376.260000000001
2022-07-07,48.0,87.87,135.86,-39.87,17.27,RATCH,Energy,-4416.130000000001
2022-07-08,45.21,75.29,120.5,-30.08,26.49,RATCH,Energy,-4446.210000000001
2022-07-11,38.5,61.32,99.82,-22.81,16.96,RATCH,Energy,-4469.020000000001
2022-07-12,77.4,119.27,196.67,-41.88,29.74,RATCH,Energy,-4510.9000000000015
2022-07-14,102.02,100.01,202.03,2.02,33.9,RATCH,Energy,-4508.880000000001
2022-07-15,53.07,22.33,75.4,30.74,24.08,RATCH,Energy,-4478.140000000001
2022-07-18,25.58,47.96,73.54,-22.38,33.83,RATCH,Energy,-4500.520000000001
2022-07-19,34.84,45.73,80.57,-10.88,22.76,RATCH,Energy,-4511.4000000000015
2022-07-20,35.59,72.2,107.79,-36.61,35.13,RATCH,Energy,-4548.010000000001
2022-07-21,30.88,50.24,81.12,-19.36,37.59,RATCH,Energy,-4567.370000000001
2022-07-22,47.2,49.75,96.96,-2.55,21.21,RATCH,Energy,-4569.920000000001
2022-07-25,27.69,38.78,66.47,-11.09,36.61,RATCH,Energy,-4581.010000000001
2022-07-26,60.41,119.4,179.81,-58.98,33.75,RATCH,Energy,-4639.990000000001
2022-07-27,106.15,116.2,222.35,-10.06,59.42,RATCH,Energy,-4650.050000000001
2022-08-01,125.98,84.6,210.58,41.38,36.72,RATCH,Energy,-4608.670000000001
2022-08-02,53.71,76.11,129.82,-22.39,28.54,RATCH,Energy,-4631.060000000001
2022-08-03,23.66,29.17,52.84,-5.51,23.87,RATCH,Energy,-4636.5700000000015
2022-08-04,62.54,50.03,112.57,12.5,27.48,RATCH,Energy,-4624.0700000000015
2022-08-05,60.56,73.27,133.82,-12.71,32.0,RATCH,Energy,-4636.780000000002
2022-08-08,127.15,64.99,192.14,62.16,44.6,RATCH,Energy,-4574.620000000002
2022-08-09,99.14,75.88,175.02,23.26,45.6,RATCH,Energy,-4551.3600000000015
2022-08-10,64.71,127.99,192.7,-63.28,18.14,RATCH,Energy,-4614.640000000001
2022-08-11,77.8,74.49,152.29,3.31,34.47,RATCH,Energy,-4611.330000000001
2022-08-15,74.03,40.1,114.12,33.93,31.64,RATCH,Energy,-4577.400000000001
2022-08-16,79.46,71.23,150.69,8.23,28.38,RATCH,Energy,-4569.170000000001
2022-08-17,161.37,165.0,326.37,-3.63,23.35,RATCH,Energy,-4572.800000000001
2022-08-18,99.09,147.31,246.4,-48.21,13.8,RATCH,Energy,-4621.010000000001
2022-08-19,122.42,93.27,215.69,29.15,23.71,RATCH,Energy,-4591.8600000000015
2022-08-22,62.16,69.67,131.84,-7.51,23.39,RATCH,Energy,-4599.370000000002
2022-08-23,103.75,80.7,184.45,23.06,23.44,RATCH,Energy,-4576.310000000001
2022-08-24,74.15,45.16,119.31,28.99,28.39,RATCH,Energy,-4547.3200000000015
2022-08-25,117.28,109.77,227.05,7.51,20.14,RATCH,Energy,-4539.810000000001
2022-08-26,133.78,75.58,209.36,58.21,23.92,RATCH,Energy,-4481.600000000001
2022-08-29,56.43,70.53,126.96,-14.1,18.89,RATCH,Energy,-4495.700000000002
2022-08-30,99.57,55.29,154.86,44.28,24.0,RATCH,Energy,-4451.420000000002
2022-08-31,102.88,95.07,197.95,7.82,19.73,RATCH,Energy,-4443.600000000002
2022-09-01,230.59,140.64,371.23,89.95,27.68,RATCH,Energy,-4353.650000000002
2022-09-02,174.64,181.01,355.65,-6.38,36.63,RATCH,Energy,-4360.0300000000025
2022-09-05,112.97,104.4,217.36,8.57,32.76,RATCH,Energy,-4351.460000000003
2022-09-06,78.46,95.47,173.94,-17.01,17.2,RATCH,Energy,-4368.470000000003
2022-09-07,47.3,74.02,121.32,-26.73,22.39,RATCH,Energy,-4395.200000000003
2022-09-08,128.75,165.84,294.59,-37.1,26.69,RATCH,Energy,-4432.300000000003
2022-09-09,47.31,61.97,109.28,-14.66,17.83,RATCH,Energy,-4446.960000000003
2022-09-12,92.18,96.35,188.53,-4.17,30.88,RATCH,Energy,-4451.130000000003
2022-09-13,81.19,68.18,149.37,13.01,25.24,RATCH,Energy,-4438.120000000003
2022-09-14,56.82,130.87,187.69,-74.04,27.93,RATCH,Energy,-4512.160000000003
2022-09-15,78.48,127.54,206.02,-49.05,32.71,RATCH,Energy,-4561.210000000003
2022-09-16,227.74,226.58,454.32,1.17,41.8,RATCH,Energy,-4560.040000000003
2022-09-19,64.64,42.45,107.09,22.19,28.75,RATCH,Energy,-4537.850000000003
2022-09-20,88.95,87.06,176.01,1.88,31.23,RATCH,Energy,-4535.970000000003
2022-09-21,26.1,82.42,108.52,-56.33,26.06,RATCH,Energy,-4592.300000000003
2022-09-22,68.91,34.82,103.73,34.1,33.76,RATCH,Energy,-4558.200000000003
2022-09-23,32.63,39.25,71.88,-6.63,34.25,RATCH,Energy,-4564.830000000003
2022-09-26,45.37,56.0,101.37,-10.63,25.47,RATCH,Energy,-4575.460000000003
2022-09-27,71.78,41.45,113.23,30.33,23.28,RATCH,Energy,-4545.130000000003
2022-09-28,138.17,84.56,222.73,53.61,32.51,RATCH,Energy,-4491.520000000003
2022-09-29,59.78,91.36,151.14,-31.57,32.28,RATCH,Energy,-4523.090000000003
2022-09-30,53.38,36.03,89.41,17.34,27.35,RATCH,Energy,-4505.750000000003
2022-10-03,135.2,83.4,218.6,51.81,26.31,RATCH,Energy,-4453.940000000002
2022-10-04,153.73,65.31,219.04,88.42,30.38,RATCH,Energy,-4365.520000000002
2022-10-05,40.98,37.62,78.59,3.36,29.67,RATCH,Energy,-4362.160000000003
2022-10-06,54.66,52.45,107.12,2.21,32.34,RATCH,Energy,-4359.950000000003
2022-10-07,34.73,44.45,79.19,-9.72,27.97,RATCH,Energy,-4369.670000000003
2022-10-10,66.74,53.32,120.06,13.42,27.69,RATCH,Energy,-4356.250000000003
2022-10-11,55.06,32.83,87.89,22.23,31.68,RATCH,Energy,-4334.020000000003
2022-10-12,25.97,31.98,57.96,-6.01,28.45,RATCH,Energy,-4340.030000000003
2022-10-17,150.68,167.53,318.21,-16.85,33.01,RATCH,Energy,-4356.880000000004
2022-10-18,62.18,55.86,118.04,6.32,37.48,RATCH,Energy,-4350.560000000004
2022-10-19,23.85,23.36,47.21,0.49,28.82,RATCH,Energy,-4350.070000000004
2022-10-20,132.16,119.87,252.03,12.29,42.57,RATCH,Energy,-4337.780000000004
2022-10-21,51.17,82.76,133.93,-31.59,33.52,RATCH,Energy,-4369.370000000004
2022-10-25,41.78,43.47,85.25,-1.69,36.06,RATCH,Energy,-4371.060000000004
2022-10-26,67.15,72.4,139.55,-5.24,27.43,RATCH,Energy,-4376.300000000004
2022-10-27,53.11,72.09,125.2,-18.98,35.54,RATCH,Energy,-4395.280000000003
2022-10-28,35.68,47.79,83.47,-12.12,29.61,RATCH,Energy,-4407.400000000003
2022-10-31,47.17,62.91,110.08,-15.74,31.61,RATCH,Energy,-4423.140000000003
2022-11-01,33.21,40.02,73.22,-6.81,17.71,RATCH,Energy,-4429.9500000000035
2022-11-02,39.87,58.79,98.66,-18.92,32.82,RATCH,Energy,-4448.8700000000035
2022-11-03,7.77,12.78,20.54,-5.01,20.35,RATCH,Energy,-4453.880000000004
2022-11-04,82.87,130.39,213.25,-47.52,41.85,RATCH,Energy,-4501.400000000004
2022-11-07,104.0,93.15,197.16,10.85,52.48,RATCH,Energy,-4490.550000000004
2022-11-08,42.07,40.57,82.64,1.5,38.44,RATCH,Energy,-4489.050000000004
2022-11-09,67.7,68.44,136.14,-0.73,42.15,RATCH,Energy,-4489.780000000003
2022-11-10,63.51,82.34,145.85,-18.82,30.29,RATCH,Energy,-4508.600000000003
2022-11-11,89.33,67.1,156.43,22.23,32.79,RATCH,Energy,-4486.3700000000035
2022-11-14,43.73,55.02,98.75,-11.29,28.7,RATCH,Energy,-4497.6600000000035
2022-11-15,83.52,75.32,158.84,8.2,24.16,RATCH,Energy,-4489.460000000004
2022-11-16,38.87,110.44,149.31,-71.57,26.63,RATCH,Energy,-4561.030000000003
2022-11-17,63.76,115.29,179.06,-51.53,30.5,RATCH,Energy,-4612.560000000003
2022-11-18,31.06,36.04,67.1,-4.99,36.0,RATCH,Energy,-4617.550000000003
2022-11-21,58.82,39.57,98.39,19.25,28.97,RATCH,Energy,-4598.300000000003
2022-11-22,53.98,41.83,95.81,12.16,40.01,RATCH,Energy,-4586.140000000003
2022-11-23,50.47,50.99,101.47,-0.52,28.79,RATCH,Energy,-4586.6600000000035
2022-11-24,51.06,37.03,88.08,14.03,25.66,RATCH,Energy,-4572.630000000004
2022-11-25,34.99,47.51,82.5,-12.52,34.22,RATCH,Energy,-4585.150000000004
2022-11-28,67.66,55.11,122.77,12.55,27.05,RATCH,Energy,-4572.600000000004
2022-11-29,36.72,28.43,65.15,8.3,43.01,RATCH,Energy,-4564.300000000004
2022-11-30,100.5,79.4,179.9,21.1,39.3,RATCH,Energy,-4543.2000000000035
2022-12-01,92.11,52.91,145.01,39.2,33.58,RATCH,Energy,-4504.000000000004
2022-12-02,29.94,31.08,61.01,-1.14,30.55,RATCH,Energy,-4505.140000000004
2022-12-06,208.14,112.39,320.53,95.76,39.63,RATCH,Energy,-4409.380000000004
2022-12-07,43.35,70.58,113.93,-27.23,20.3,RATCH,Energy,-4436.610000000003
2022-12-08,29.68,67.88,97.56,-38.2,27.28,RATCH,Energy,-4474.810000000003
2022-12-09,51.4,26.6,78.0,24.8,28.79,RATCH,Energy,-4450.010000000003
2022-12-13,34.45,24.85,59.3,9.6,21.96,RATCH,Energy,-4440.410000000003
2022-12-14,59.53,29.92,89.45,29.61,27.93,RATCH,Energy,-4410.800000000003
2022-12-15,92.02,57.3,149.32,34.72,32.07,RATCH,Energy,-4376.080000000003
2022-12-16,168.06,83.0,251.06,85.05,29.25,RATCH,Energy,-4291.0300000000025
2022-12-19,142.23,107.01,249.24,35.22,38.49,RATCH,Energy,-4255.810000000002
2022-12-20,109.82,75.79,185.61,34.03,30.92,RATCH,Energy,-4221.7800000000025
2022-12-21,105.41,90.31,195.72,15.1,27.91,RATCH,Energy,-4206.680000000002
2022-12-22,51.29,61.49,112.78,-10.21,28.75,RATCH,Energy,-4216.890000000002
2022-12-23,35.23,14.53,49.77,20.7,33.25,RATCH,Energy,-4196.190000000002
2022-12-26,70.83,37.95,108.78,32.88,31.91,RATCH,Energy,-4163.310000000002
2022-12-27,88.66,44.9,133.57,43.76,32.47,RATCH,Energy,-4119.550000000002
2022-12-28,53.18,13.51,66.69,39.68,20.19,RATCH,Energy,-4079.870000000002
2022-12-29,57.98,42.14,100.12,15.84,29.82,RATCH,Energy,-4064.030000000002
2022-12-30,394.16,356.24,750.39,37.92,41.28,RATCH,Energy,-4026.110000000002
2023-01-03,57.7,109.22,166.92,-51.51,21.01,RATCH,Energy,-4077.620000000002
2023-01-04,60.97,45.75,106.72,15.22,33.23,RATCH,Energy,-4062.4000000000024
2023-01-05,265.09,215.78,480.86,49.31,36.02,RATCH,Energy,-4013.0900000000024
2023-01-06,62.11,47.35,109.46,14.77,25.29,RATCH,Energy,-3998.3200000000024
2023-01-09,193.19,113.78,306.97,79.41,36.74,RATCH,Energy,-3918.9100000000026
2023-01-10,54.22,84.57,138.78,-30.35,15.26,RATCH,Energy,-3949.2600000000025
2023-01-11,68.79,56.87,125.66,11.92,29.31,RATCH,Energy,-3937.3400000000024
2023-01-12,89.27,91.38,180.65,-2.12,29.82,RATCH,Energy,-3939.4600000000023
2023-01-13,54.36,57.48,111.84,-3.13,24.17,RATCH,Energy,-3942.5900000000024
2023-01-16,101.28,64.73,166.02,36.55,42.56,RATCH,Energy,-3906.0400000000022
2023-01-17,28.85,33.66,62.51,-4.81,31.55,RATCH,Energy,-3910.850000000002
2023-01-18,62.15,39.03,101.18,23.12,20.78,RATCH,Energy,-3887.7300000000023
2023-01-19,16.35,14.35,30.7,2.0,32.88,RATCH,Energy,-3885.7300000000023
2023-01-20,155.29,190.32,345.61,-35.02,40.08,RATCH,Energy,-3920.7500000000023
2023-01-23,49.31,64.06,113.37,-14.76,27.51,RATCH,Energy,-3935.5100000000025
2023-01-24,11.23,6.89,18.12,4.33,23.81,RATCH,Energy,-3931.1800000000026
2023-01-25,36.79,31.89,68.68,4.91,33.77,RATCH,Energy,-3926.2700000000027
2023-01-26,53.4,69.25,122.65,-15.85,22.26,RATCH,Energy,-3942.1200000000026
2023-01-27,61.84,46.6,108.44,15.24,33.93,RATCH,Energy,-3926.880000000003
2023-01-30,43.2,33.16,76.35,10.04,47.8,RATCH,Energy,-3916.840000000003
2023-01-31,128.47,202.31,330.78,-73.84,50.35,RATCH,Energy,-3990.680000000003
2023-02-01,80.67,45.14,125.82,35.53,33.52,RATCH,Energy,-3955.150000000003
2023-02-02,57.34,67.52,124.86,-10.18,50.91,RATCH,Energy,-3965.3300000000027
2023-02-03,16.85,25.02,41.87,-8.18,26.57,RATCH,Energy,-3973.5100000000025
2023-02-06,24.54,41.7,66.24,-17.16,34.15,RATCH,Energy,-3990.6700000000023
2023-02-07,41.93,35.5,77.43,6.44,40.79,RATCH,Energy,-3984.2300000000023
2023-02-08,24.29,44.64,68.93,-20.35,46.84,RATCH,Energy,-4004.580000000002
2023-02-09,45.78,53.08,98.86,-7.3,34.19,RATCH,Energy,-4011.8800000000024
2023-02-10,22.48,29.86,52.34,-7.38,26.3,RATCH,Energy,-4019.2600000000025
2023-02-13,38.88,34.86,73.73,4.02,33.36,RATCH,Energy,-4015.2400000000025
2023-02-14,62.24,36.64,98.89,25.6,43.21,RATCH,Energy,-3989.6400000000026
2023-02-15,43.71,46.25,89.96,-2.54,28.1,RATCH,Energy,-3992.1800000000026
2023-02-16,22.97,52.56,75.53,-29.59,32.08,RATCH,Energy,-4021.7700000000027
2023-02-17,16.24,19.88,36.12,-3.63,30.29,RATCH,Energy,-4025.400000000003
2023-02-20,14.35,11.91,26.27,2.44,23.06,RATCH,Energy,-4022.9600000000028
2023-02-21,11.0,17.26,28.26,-6.26,25.72,RATCH,Energy,-4029.220000000003
2023-02-22,9.08,16.44,25.52,-7.36,25.49,RATCH,Energy,-4036.580000000003
2023-02-23,63.14,151.08,214.22,-87.93,28.51,RATCH,Energy,-4124.510000000003
2023-02-24,50.23,81.26,131.5,-31.03,25.89,RATCH,Energy,-4155.540000000003
2023-02-27,52.85,64.7,117.55,-11.85,33.65,RATCH,Energy,-4167.390000000003
2023-02-28,93.26,74.44,167.69,18.82,38.56,RATCH,Energy,-4148.570000000003
2023-03-01,48.31,88.04,136.36,-39.73,16.94,RATCH,Energy,-4188.300000000003
2023-03-02,55.13,62.91,118.04,-7.79,29.72,RATCH,Energy,-4196.090000000003
2023-03-03,51.38,65.76,117.14,-14.38,35.51,RATCH,Energy,-4210.470000000003
2023-03-07,74.48,88.21,162.69,-13.73,33.67,RATCH,Energy,-4224.200000000003
2023-03-08,29.39,43.5,72.89,-14.11,27.71,RATCH,Energy,-4238.310000000002
2023-03-09,79.17,90.85,170.01,-11.68,35.78,RATCH,Energy,-4249.9900000000025
2023-03-10,61.31,35.9,97.21,25.4,24.03,RATCH,Energy,-4224.590000000003
2023-03-13,94.45,110.21,204.66,-15.76,38.41,RATCH,Energy,-4240.350000000003
2023-03-14,73.82,163.88,237.7,-90.06,37.82,RATCH,Energy,-4330.4100000000035
2023-03-15,71.74,126.85,198.59,-55.11,29.58,RATCH,Energy,-4385.520000000003
2023-03-16,35.4,75.9,111.3,-40.5,29.32,RATCH,Energy,-4426.020000000003
2023-03-17,57.61,95.41,153.02,-37.8,30.64,RATCH,Energy,-4463.820000000003
2023-03-20,58.86,68.0,126.86,-9.13,34.04,RATCH,Energy,-4472.9500000000035
2023-03-21,46.44,39.79,86.23,6.65,31.49,RATCH,Energy,-4466.300000000004
2023-03-22,31.63,30.24,61.87,1.39,24.04,RATCH,Energy,-4464.9100000000035
2023-03-23,49.73,37.17,86.91,12.56,23.29,RATCH,Energy,-4452.350000000003
2023-03-24,31.72,39.43,71.15,-7.7,29.52,RATCH,Energy,-4460.050000000003
2023-03-27,47.12,54.59,101.72,-7.47,32.43,RATCH,Energy,-4467.520000000003
2023-03-28,35.87,24.78,60.65,11.09,25.57,RATCH,Energy,-4456.430000000003
2023-03-29,49.53,48.14,97.66,1.39,43.14,RATCH,Energy,-4455.040000000003
2023-03-30,34.86,100.15,135.01,-65.29,33.21,RATCH,Energy,-4520.330000000003
2023-03-31,20.32,29.59,49.91,-9.27,35.4,RATCH,Energy,-4529.600000000003
2023-04-03,81.71,51.79,133.5,29.92,30.72,RATCH,Energy,-4499.680000000003
2023-04-04,34.47,29.03,63.5,5.44,16.62,RATCH,Energy,-4494.240000000003
2023-04-05,50.26,61.8,112.06,-11.54,35.24,RATCH,Energy,-4505.780000000003
2023-04-07,26.48,17.42,43.9,9.06,24.5,RATCH,Energy,-4496.720000000003
2023-04-10,49.11,24.0,73.11,25.11,36.36,RATCH,Energy,-4471.610000000003
2023-04-11,49.9,21.03,70.93,28.88,28.42,RATCH,Energy,-4442.730000000003
2023-04-12,38.11,40.34,78.45,-2.22,36.2,RATCH,Energy,-4444.9500000000035
2023-04-17,71.86,87.8,159.66,-15.93,37.43,RATCH,Energy,-4460.880000000004
2023-04-18,35.11,80.13,115.24,-45.03,30.41,RATCH,Energy,-4505.9100000000035
2023-04-19,31.13,62.46,93.59,-31.34,32.93,RATCH,Energy,-4537.250000000004
2023-04-20,19.35,45.65,64.99,-26.3,31.12,RATCH,Energy,-4563.550000000004
2023-04-21,18.98,42.88,61.85,-23.9,22.55,RATCH,Energy,-4587.4500000000035
2023-04-24,15.45,32.09,47.54,-16.64,23.99,RATCH,Energy,-4604.090000000004
2023-04-25,24.91,34.77,59.68,-9.86,41.83,RATCH,Energy,-4613.9500000000035
2023-04-26,35.95,49.66,85.61,-13.72,39.91,RATCH,Energy,-4627.670000000004
2023-04-27,51.19,29.84,81.03,21.35,41.4,RATCH,Energy,-4606.320000000003
2023-04-28,32.21,42.45,74.66,-10.24,48.83,RATCH,Energy,-4616.560000000003
2023-05-02,35.89,32.64,68.53,3.25,35.43,RATCH,Energy,-4613.310000000003
2023-05-03,36.98,67.03,104.01,-30.04,30.81,RATCH,Energy,-4643.350000000003
2023-05-08,55.66,35.49,91.15,20.17,27.2,RATCH,Energy,-4623.180000000003
2023-05-09,14.56,39.22,53.77,-24.66,25.05,RATCH,Energy,-4647.840000000003
2023-05-10,18.13,26.69,44.82,-8.56,26.54,RATCH,Energy,-4656.400000000003
2023-05-11,35.61,31.37,66.97,4.24,26.34,RATCH,Energy,-4652.1600000000035
2023-05-12,39.51,28.21,67.71,11.3,32.24,RATCH,Energy,-4640.860000000003
2023-05-15,26.98,70.64,97.62,-43.66,27.3,RATCH,Energy,-4684.520000000003
2023-05-16,42.6,63.25,105.85,-20.65,38.77,RATCH,Energy,-4705.170000000003
2023-05-17,46.24,86.65,132.89,-40.41,38.97,RATCH,Energy,-4745.580000000003
2023-05-18,72.37,71.51,143.88,0.86,34.36,RATCH,Energy,-4744.720000000003
2023-05-19,35.29,60.5,95.79,-25.21,28.58,RATCH,Energy,-4769.930000000003
2023-05-22,89.16,80.64,169.8,8.52,32.52,RATCH,Energy,-4761.410000000003
2023-05-23,16.57,18.32,34.89,-1.75,15.43,RATCH,Energy,-4763.160000000003
2023-05-24,23.5,32.9,56.4,-9.4,39.3,RATCH,Energy,-4772.560000000002
2023-05-25,12.72,22.41,35.13,-9.7,50.05,RATCH,Energy,-4782.260000000002
2023-05-26,3.36,16.81,20.17,-13.45,26.27,RATCH,Energy,-4795.710000000002
2023-05-29,30.7,30.16,60.86,0.54,32.89,RATCH,Energy,-4795.170000000002
2023-05-30,16.17,28.78,44.95,-12.6,40.85,RATCH,Energy,-4807.770000000002
2023-05-31,88.38,112.41,200.79,-24.03,56.24,RATCH,Energy,-4831.800000000002
2023-06-01,31.65,104.2,135.85,-72.55,35.41,RATCH,Energy,-4904.350000000002
2023-06-02,29.39,36.59,65.98,-7.2,38.14,RATCH,Energy,-4911.550000000002
2023-06-06,18.72,24.96,43.68,-6.24,31.49,RATCH,Energy,-4917.790000000002
2023-06-07,62.85,56.4,119.25,6.45,65.37,RATCH,Energy,-4911.340000000002
2023-06-08,76.21,57.81,134.02,18.39,41.93,RATCH,Energy,-4892.950000000002
2023-06-09,35.62,31.75,67.37,3.87,34.84,RATCH,Energy,-4889.080000000002
2023-06-12,30.22,29.11,59.34,1.11,42.27,RATCH,Energy,-4887.970000000002
2023-06-13,62.71,39.52,102.24,23.19,30.33,RATCH,Energy,-4864.7800000000025
2023-06-14,14.48,23.74,38.22,-9.26,50.04,RATCH,Energy,-4874.040000000003
2023-06-15,12.4,10.41,22.81,1.99,36.06,RATCH,Energy,-4872.050000000003
2023-06-16,67.99,44.32,112.3,23.67,49.65,RATCH,Energy,-4848.380000000003
2023-06-19,42.55,52.17,94.72,-9.61,46.08,RATCH,Energy,-4857.9900000000025
2023-06-20,48.56,29.5,78.06,19.06,49.84,RATCH,Energy,-4838.930000000002
2023-06-21,23.68,44.49,68.17,-20.81,36.95,RATCH,Energy,-4859.7400000000025
2023-06-22,30.06,37.51,67.57,-7.45,39.08,RATCH,Energy,-4867.190000000002
2023-06-23,21.83,15.33,37.16,6.5,35.65,RATCH,Energy,-4860.690000000002
2023-06-26,29.9,32.3,62.2,-2.39,31.72,RATCH,Energy,-4863.080000000003
2023-06-27,43.33,36.32,79.65,7.01,39.04,RATCH,Energy,-4856.070000000002
2023-06-28,39.54,26.0,65.54,13.54,42.61,RATCH,Energy,-4842.5300000000025
2023-06-29,40.51,61.01,101.52,-20.49,41.55,RATCH,Energy,-4863.020000000002
2023-06-30,31.76,57.96,89.71,-26.2,26.66,RATCH,Energy,-4889.220000000002
2023-07-03,25.42,26.41,51.83,-0.98,37.53,RATCH,Energy,-4890.200000000002
2023-07-04,32.4,106.58,138.98,-74.18,30.01,RATCH,Energy,-4964.380000000002
2023-07-05,23.08,38.81,61.89,-15.73,35.42,RATCH,Energy,-4980.1100000000015
2023-07-06,50.97,99.13,150.1,-48.15,45.5,RATCH,Energy,-5028.260000000001
2023-07-07,34.32,101.59,135.9,-67.27,42.51,RATCH,Energy,-5095.530000000002
2023-07-10,32.86,100.28,133.14,-67.43,41.18,RATCH,Energy,-5162.960000000002
2023-07-11,23.43,50.0,73.43,-26.57,39.27,RATCH,Energy,-5189.530000000002
2023-07-12,59.25,74.44,133.69,-15.2,44.35,RATCH,Energy,-5204.730000000001
2023-07-13,16.08,12.52,28.6,3.55,27.54,RATCH,Energy,-5201.180000000001
2023-07-14,30.21,37.57,67.78,-7.36,32.63,RATCH,Energy,-5208.540000000001
2023-07-17,41.16,25.74,66.9,15.43,29.62,RATCH,Energy,-5193.110000000001
2023-07-18,35.8,30.57,66.37,5.23,42.4,RATCH,Energy,-5187.880000000001
2023-07-19,76.99,85.44,162.43,-8.45,36.51,RATCH,Energy,-5196.330000000001
2023-07-20,66.1,54.04,120.14,12.05,34.07,RATCH,Energy,-5184.280000000001
2023-07-21,53.33,50.4,103.73,2.92,40.37,RATCH,Energy,-5181.360000000001
2023-07-24,39.16,21.15,60.3,18.01,44.07,RATCH,Energy,-5163.35
2023-07-25,126.94,233.03,359.97,-106.09,24.04,RATCH,Energy,-5269.4400000000005
2023-07-26,67.71,198.31,266.02,-130.6,24.05,RATCH,Energy,-5400.040000000001
2023-07-27,134.54,95.29,229.83,39.26,27.35,RATCH,Energy,-5360.780000000001
2023-07-31,70.46,45.82,116.28,24.64,37.88,RATCH,Energy,-5336.14
2023-08-02,88.97,77.19,166.16,11.78,40.18,RATCH,Energy,-5324.360000000001
2023-08-03,24.9,37.03,61.94,-12.13,32.39,RATCH,Energy,-5336.490000000001
2023-08-04,76.42,90.5,166.92,-14.08,49.02,RATCH,Energy,-5350.570000000001
2023-08-07,200.21,59.64,259.85,140.57,45.86,RATCH,Energy,-5210.000000000001
2023-08-08,33.36,35.0,68.36,-1.64,47.06,RATCH,Energy,-5211.640000000001
2023-08-09,20.83,22.02,42.85,-1.19,45.41,RATCH,Energy,-5212.830000000001
2023-08-10,37.78,55.34,93.12,-17.56,36.93,RATCH,Energy,-5230.390000000001
2023-08-11,19.65,29.89,49.54,-10.23,39.92,RATCH,Energy,-5240.620000000001
2023-08-15,45.04,114.85,159.89,-69.81,37.26,RATCH,Energy,-5310.430000000001
2023-08-16,59.4,91.63,151.03,-32.24,49.55,RATCH,Energy,-5342.670000000001
2023-08-17,42.43,38.55,80.98,3.88,47.99,RATCH,Energy,-5338.790000000001
2023-08-18,85.16,91.98,177.15,-6.82,50.43,RATCH,Energy,-5345.610000000001
2023-08-21,58.28,57.47,115.76,0.81,41.38,RATCH,Energy,-5344.8
2023-08-22,57.23,63.16,120.39,-5.93,49.88,RATCH,Energy,-5350.7300000000005
2023-08-23,26.67,46.52,73.18,-19.85,42.75,RATCH,Energy,-5370.580000000001
2023-08-24,98.01,57.13,155.14,40.88,29.67,RATCH,Energy,-5329.700000000001
2023-08-25,34.6,41.69,76.29,-7.09,26.84,RATCH,Energy,-5336.790000000001
2023-08-28,20.8,51.58,72.38,-30.78,32.31,RATCH,Energy,-5367.570000000001
2023-08-29,43.79,79.53,123.33,-35.74,35.7,RATCH,Energy,-5403.31
2023-08-30,40.96,104.87,145.83,-63.91,28.09,RATCH,Energy,-5467.22
2023-08-31,119.26,152.16,271.42,-32.91,38.28,RATCH,Energy,-5500.13
2023-09-01,24.24,50.02,74.26,-25.78,30.12,RATCH,Energy,-5525.91
2023-09-04,16.91,58.68,75.59,-41.77,32.86,RATCH,Energy,-5567.68
2023-09-05,36.94,61.79,98.73,-24.84,40.5,RATCH,Energy,-5592.52
2023-09-06,51.17,92.58,143.75,-41.41,33.9,RATCH,Energy,-5633.93
2023-09-07,47.57,73.63,121.19,-26.06,37.14,RATCH,Energy,-5659.990000000001
2023-09-08,14.36,35.06,49.42,-20.69,35.71,RATCH,Energy,-5680.68
2023-09-11,51.72,151.3,203.02,-99.58,32.7,RATCH,Energy,-5780.26
2023-09-12,6.42,32.17,38.59,-25.74,32.87,RATCH,Energy,-5806.0
2023-09-13,16.1,87.9,104.0,-71.8,31.04,RATCH,Energy,-5877.8
2023-09-14,29.99,100.09,130.08,-70.1,38.36,RATCH,Energy,-5947.900000000001
2023-09-15,31.2,108.37,139.57,-77.17,38.98,RATCH,Energy,-6025.070000000001
2023-09-18,8.23,63.77,72.0,-55.55,29.98,RATCH,Energy,-6080.620000000001
2023-09-19,30.99,112.25,143.24,-81.26,36.88,RATCH,Energy,-6161.880000000001
2023-09-20,14.9,46.89,61.8,-31.99,33.55,RATCH,Energy,-6193.870000000001
2023-09-21,65.37,77.66,143.03,-12.29,36.15,RATCH,Energy,-6206.160000000001
2023-09-22,35.05,57.07,92.12,-22.02,38.15,RATCH,Energy,-6228.180000000001
2023-09-25,50.34,57.61,107.95,-7.27,34.45,RATCH,Energy,-6235.450000000002
2023-09-26,70.81,97.58,168.38,-26.77,44.96,RATCH,Energy,-6262.220000000002
2023-09-27,201.58,91.87,293.45,109.7,45.55,RATCH,Energy,-6152.520000000002
2023-09-28,80.54,93.22,173.76,-12.68,39.81,RATCH,Energy,-6165.200000000003
2023-09-29,109.6,55.9,165.5,53.71,40.71,RATCH,Energy,-6111.4900000000025
2023-10-02,53.54,58.03,111.57,-4.49,40.0,RATCH,Energy,-6115.980000000002
2023-10-03,72.12,130.3,202.41,-58.18,33.11,RATCH,Energy,-6174.160000000003
2023-10-04,85.69,62.25,147.94,23.44,40.97,RATCH,Energy,-6150.720000000003
2023-10-05,63.65,68.98,132.63,-5.33,41.01,RATCH,Energy,-6156.050000000003
2023-10-06,98.79,94.77,193.56,4.01,48.85,RATCH,Energy,-6152.040000000003
2023-10-09,86.09,77.9,164.0,8.19,44.27,RATCH,Energy,-6143.850000000003
2023-10-10,37.63,33.11,70.74,4.51,37.37,RATCH,Energy,-6139.340000000003
2023-10-11,78.43,71.04,149.48,7.39,40.2,RATCH,Energy,-6131.950000000003
2023-10-12,32.81,51.18,83.99,-18.37,35.02,RATCH,Energy,-6150.320000000002
2023-10-16,50.44,84.35,134.79,-33.9,36.77,RATCH,Energy,-6184.220000000002
2023-10-17,22.81,45.28,68.09,-22.46,31.59,RATCH,Energy,-6206.680000000002
2023-10-18,99.04,89.5,188.54,9.55,46.46,RATCH,Energy,-6197.130000000002
2023-10-19,47.73,35.98,83.71,11.75,32.54,RATCH,Energy,-6185.380000000002
2023-10-20,59.19,53.33,112.52,5.86,34.84,RATCH,Energy,-6179.520000000002
2023-10-24,139.41,68.88,208.3,70.53,33.62,RATCH,Energy,-6108.9900000000025
2023-10-25,24.62,59.69,84.31,-35.07,33.32,RATCH,Energy,-6144.060000000002
2023-10-26,74.03,73.79,147.82,0.24,37.48,RATCH,Energy,-6143.820000000002
2023-10-27,45.57,29.56,75.14,16.01,33.79,RATCH,Energy,-6127.810000000002
2023-10-30,34.11,29.71,63.82,4.41,34.2,RATCH,Energy,-6123.400000000002
2023-10-31,25.1,22.08,47.18,3.03,21.69,RATCH,Energy,-6120.370000000003
2023-11-01,26.71,35.83,62.53,-9.12,32.95,RATCH,Energy,-6129.4900000000025
2023-11-02,42.81,37.18,79.99,5.63,33.08,RATCH,Energy,-6123.860000000002
2023-11-03,70.2,53.9,124.1,16.3,30.41,RATCH,Energy,-6107.560000000002
2023-11-06,82.49,99.62,182.11,-17.14,54.41,RATCH,Energy,-6124.700000000003
2023-11-07,59.19,77.94,137.12,-18.75,39.55,RATCH,Energy,-6143.450000000003
2023-11-08,32.05,34.74,66.8,-2.69,31.79,RATCH,Energy,-6146.140000000002
2023-11-09,32.74,42.49,75.23,-9.75,28.68,RATCH,Energy,-6155.890000000002
2023-11-10,51.25,34.96,86.22,16.29,32.49,RATCH,Energy,-6139.600000000002
2023-11-13,44.41,12.61,57.02,31.79,26.28,RATCH,Energy,-6107.810000000002
2023-11-14,29.94,41.62,71.56,-11.68,35.62,RATCH,Energy,-6119.4900000000025
2023-11-15,115.91,162.57,278.48,-46.67,38.13,RATCH,Energy,-6166.160000000003
2023-11-16,35.93,24.97,60.9,10.96,32.9,RATCH,Energy,-6155.200000000003
2023-11-17,55.22,22.5,77.72,32.73,30.92,RATCH,Energy,-6122.470000000003
2023-11-20,23.34,13.76,37.11,9.58,26.97,RATCH,Energy,-6112.890000000003
2023-11-21,29.21,7.38,36.58,21.83,27.32,RATCH,Energy,-6091.060000000003
2023-11-22,61.08,25.28,86.36,35.8,39.27,RATCH,Energy,-6055.260000000003
2023-11-23,49.97,9.54,59.51,40.43,32.48,RATCH,Energy,-6014.830000000003
2023-11-24,98.21,72.88,171.1,25.33,41.59,RATCH,Energy,-5989.500000000003
2023-11-27,130.73,83.51,214.25,47.22,45.01,RATCH,Energy,-5942.2800000000025
2023-11-28,152.35,64.87,217.22,87.48,44.16,RATCH,Energy,-5854.800000000003
2023-11-29,200.31,77.33,277.64,122.98,29.12,RATCH,Energy,-5731.820000000003
2023-11-30,2420.29,1974.59,4394.88,445.69,66.63,RATCH,Energy,-5286.130000000004
2023-12-01,76.26,238.57,314.83,-162.31,39.35,RATCH,Energy,-5448.440000000004
2023-12-04,66.04,95.76,161.8,-29.72,32.88,RATCH,Energy,-5478.160000000004
2023-12-06,44.62,54.74,99.37,-10.12,23.41,RATCH,Energy,-5488.280000000004
2023-12-07,30.53,95.9,126.43,-65.37,35.44,RATCH,Energy,-5553.650000000004
2023-12-08,49.82,44.01,93.83,5.81,28.45,RATCH,Energy,-5547.840000000004
2023-12-12,36.39,99.9,136.29,-63.51,30.47,RATCH,Energy,-5611.350000000004
2023-12-13,50.7,55.42,106.12,-4.73,30.57,RATCH,Energy,-5616.080000000004
2023-12-14,42.29,54.18,96.47,-11.89,30.81,RATCH,Energy,-5627.970000000004
2023-12-15,93.58,85.85,179.44,7.73,47.84,RATCH,Energy,-5620.240000000004
2023-12-18,43.88,45.85,89.73,-1.97,41.61,RATCH,Energy,-5622.210000000005
2023-12-19,46.48,91.41,137.89,-44.94,30.64,RATCH,Energy,-5667.150000000004
2023-12-20,45.97,33.88,79.86,12.09,28.12,RATCH,Energy,-5655.060000000004
2023-12-21,22.18,12.81,34.99,9.37,22.64,RATCH,Energy,-5645.690000000004
2023-12-22,12.27,30.48,42.75,-18.2,28.88,RATCH,Energy,-5663.890000000004
2023-12-25,2.04,6.93,8.97,-4.89,18.08,RATCH,Energy,-5668.780000000004
2023-12-26,6.1,6.64,12.74,-0.54,17.12,RATCH,Energy,-5669.320000000004
2023-12-27,19.24,12.43,31.67,6.8,30.32,RATCH,Energy,-5662.520000000004
2023-12-28,24.06,13.4,37.46,10.66,30.05,RATCH,Energy,-5651.860000000004
2024-01-02,29.23,20.88,50.12,8.35,19.87,RATCH,Energy,-5643.510000000004
2024-01-03,24.44,26.25,50.69,-1.81,21.78,RATCH,Energy,-5645.320000000004
2024-01-04,14.06,22.78,36.83,-8.72,20.34,RATCH,Energy,-5654.0400000000045
2024-01-05,21.95,27.73,49.67,-5.78,27.34,RATCH,Energy,-5659.820000000004
2024-01-08,4.1,6.14,10.24,-2.04,19.73,RATCH,Energy,-5661.860000000004
2024-01-09,6.9,29.5,36.4,-22.6,20.15,RATCH,Energy,-5684.460000000005
2024-01-10,108.55,134.34,242.88,-25.79,47.39,RATCH,Energy,-5710.250000000005
2024-01-11,3.29,3.85,7.15,-0.56,19.76,RATCH,Energy,-5710.810000000005
2024-01-12,16.14,21.93,38.07,-5.79,35.28,RATCH,Energy,-5716.600000000005
2024-01-15,32.54,29.04,61.58,3.5,27.42,RATCH,Energy,-5713.100000000005
2024-01-16,27.02,21.63,48.65,5.38,21.02,RATCH,Energy,-5707.720000000005
2024-01-17,16.85,53.32,70.17,-36.46,28.25,RATCH,Energy,-5744.180000000005
2024-01-18,34.22,70.69,104.91,-36.46,37.3,RATCH,Energy,-5780.640000000005
2024-01-19,4.43,14.69,19.12,-10.26,24.16,RATCH,Energy,-5790.900000000005
2024-01-22,39.33,63.07,102.4,-23.75,33.48,RATCH,Energy,-5814.650000000005
2024-01-23,15.65,45.92,61.57,-30.27,34.56,RATCH,Energy,-5844.9200000000055
2024-01-24,37.41,38.71,76.12,-1.3,31.88,RATCH,Energy,-5846.220000000006
2024-01-25,7.47,20.1,27.57,-12.63,28.66,RATCH,Energy,-5858.850000000006
2024-01-26,15.4,13.74,29.14,1.66,28.39,RATCH,Energy,-5857.190000000006
2024-01-29,5.26,7.41,12.67,-2.15,16.5,RATCH,Energy,-5859.340000000006
2024-01-30,28.25,30.28,58.53,-2.04,29.46,RATCH,Energy,-5861.380000000006
2024-01-31,32.1,69.82,101.92,-37.72,30.8,RATCH,Energy,-5899.100000000006
2024-02-01,10.5,13.76,24.26,-3.26,18.56,RATCH,Energy,-5902.360000000006
2024-02-02,37.75,29.0,66.76,8.75,33.36,RATCH,Energy,-5893.610000000006
2024-02-05,8.07,13.74,21.81,-5.68,26.41,RATCH,Energy,-5899.290000000006
2024-02-06,49.7,37.26,86.95,12.44,35.21,RATCH,Energy,-5886.850000000007
2024-02-07,21.36,21.6,42.96,-0.25,31.0,RATCH,Energy,-5887.100000000007
2024-02-08,33.8,21.72,55.52,12.08,27.37,RATCH,Energy,-5875.020000000007
2024-02-09,11.49,34.89,46.37,-23.4,29.24,RATCH,Energy,-5898.420000000006
2024-02-12,21.73,23.6,45.33,-1.87,35.99,RATCH,Energy,-5900.290000000006
2024-02-13,8.01,20.65,28.66,-12.63,18.59,RATCH,Energy,-5912.920000000006
2024-02-14,23.77,43.92,67.69,-20.15,33.82,RATCH,Energy,-5933.070000000006
2024-02-15,24.89,54.32,79.2,-29.43,25.62,RATCH,Energy,-5962.500000000006
2024-02-16,24.08,56.51,80.59,-32.43,23.1,RATCH,Energy,-5994.930000000007
2024-02-19,28.38,10.52,38.9,17.86,34.23,RATCH,Energy,-5977.070000000007
2024-02-20,26.87,30.63,57.51,-3.76,41.79,RATCH,Energy,-5980.830000000007
2024-02-21,20.14,13.57,33.7,6.57,25.58,RATCH,Energy,-5974.2600000000075
2024-02-22,12.0,8.22,20.22,3.78,25.05,RATCH,Energy,-5970.480000000008
2024-02-23,4.69,5.94,10.64,-1.25,14.31,RATCH,Energy,-5971.730000000008
2024-02-27,24.3,54.15,78.45,-29.84,29.19,RATCH,Energy,-6001.570000000008
2024-02-28,12.73,24.67,37.4,-11.94,20.12,RATCH,Energy,-6013.5100000000075
2024-02-29,41.99,59.89,101.89,-17.9,27.92,RATCH,Energy,-6031.410000000007
2024-03-01,17.66,24.95,42.61,-7.29,24.76,RATCH,Energy,-6038.700000000007
2024-03-04,9.14,16.88,26.01,-7.74,19.56,RATCH,Energy,-6046.440000000007
2024-03-05,8.29,27.93,36.22,-19.63,21.27,RATCH,Energy,-6066.070000000007
2024-03-06,21.4,32.3,53.7,-10.9,22.18,RATCH,Energy,-6076.970000000007
2024-03-07,12.86,13.74,26.6,-0.89,20.85,RATCH,Energy,-6077.860000000007
2024-03-08,76.68,25.71,102.39,50.97,27.07,RATCH,Energy,-6026.890000000007
2024-03-11,31.45,21.44,52.89,10.01,32.77,RATCH,Energy,-6016.8800000000065
2024-03-12,8.36,7.77,16.14,0.59,25.64,RATCH,Energy,-6016.290000000006
2024-03-13,21.73,54.15,75.88,-32.43,29.48,RATCH,Energy,-6048.720000000007
2024-03-14,15.6,13.97,29.57,1.62,16.0,RATCH,Energy,-6047.100000000007
2024-03-15,53.53,42.59,96.12,10.94,40.29,RATCH,Energy,-6036.160000000007
2024-03-18,5.91,4.11,10.02,1.8,23.26,RATCH,Energy,-6034.360000000007
2024-03-19,23.8,25.42,49.23,-1.62,37.33,RATCH,Energy,-6035.980000000007
2024-03-20,28.43,49.4,77.83,-20.97,29.41,RATCH,Energy,-6056.950000000007
2024-03-21,27.15,16.78,43.93,10.36,33.54,RATCH,Energy,-6046.590000000007
2024-03-22,9.3,10.77,20.06,-1.47,38.44,RATCH,Energy,-6048.060000000008
2024-03-25,11.7,17.62,29.32,-5.92,28.95,RATCH,Energy,-6053.980000000008
2024-03-26,18.46,18.79,37.25,-0.33,33.47,RATCH,Energy,-6054.310000000008
2024-03-27,19.78,11.86,31.64,7.93,31.56,RATCH,Energy,-6046.380000000007
2024-03-28,7.49,8.14,15.63,-0.65,18.26,RATCH,Energy,-6047.030000000007
2024-03-29,5.0,6.85,11.85,-1.85,20.31,RATCH,Energy,-6048.880000000007
2024-04-01,8.14,5.0,13.13,3.14,19.65,RATCH,Energy,-6045.740000000007
2024-04-02,8.52,4.89,13.41,3.63,26.6,RATCH,Energy,-6042.110000000007
2024-04-03,7.11,11.71,18.82,-4.6,28.33,RATCH,Energy,-6046.710000000007
2024-04-04,4.11,7.99,12.09,-3.88,28.81,RATCH,Energy,-6050.590000000007
2024-04-05,13.36,31.2,44.56,-17.84,41.76,RATCH,Energy,-6068.430000000008
2024-04-09,45.59,16.95,62.54,28.64,33.02,RATCH,Energy,-6039.790000000007
2024-04-10,24.94,14.93,39.87,10.01,30.28,RATCH,Energy,-6029.780000000007
2024-04-11,8.28,15.69,23.97,-7.41,31.67,RATCH,Energy,-6037.190000000007
2024-04-17,13.31,20.17,33.48,-6.86,24.99,RATCH,Energy,-6044.050000000007
2024-04-18,21.19,24.74,45.93,-3.55,25.6,RATCH,Energy,-6047.600000000007
2024-04-19,21.52,85.27,106.79,-63.75,30.87,RATCH,Energy,-6111.350000000007
2024-04-22,30.04,27.17,57.22,2.87,41.89,RATCH,Energy,-6108.480000000007
2024-04-23,23.1,6.35,29.45,16.75,24.31,RATCH,Energy,-6091.730000000007
2024-04-24,8.6,8.87,17.47,-0.28,33.66,RATCH,Energy,-6092.010000000007
2024-04-25,14.9,10.32,25.21,4.58,26.15,RATCH,Energy,-6087.430000000007
2024-04-26,13.49,9.47,22.95,4.02,29.09,RATCH,Energy,-6083.410000000006
2024-04-29,53.68,14.61,68.29,39.06,28.67,RATCH,Energy,-6044.350000000006
2024-04-30,19.0,20.83,39.83,-1.83,33.18,RATCH,Energy,-6046.180000000006
2024-05-02,18.51,17.75,36.27,0.76,25.17,RATCH,Energy,-6045.4200000000055
2024-05-03,15.52,21.31,36.83,-5.8,32.23,RATCH,Energy,-6051.220000000006
2024-05-07,17.21,27.93,45.14,-10.72,29.05,RATCH,Energy,-6061.940000000006
2024-05-08,6.58,15.97,22.54,-9.39,46.22,RATCH,Energy,-6071.330000000006
2024-05-09,8.62,20.61,29.23,-11.99,34.08,RATCH,Energy,-6083.320000000006
2024-05-10,7.91,7.88,15.79,0.03,16.06,RATCH,Energy,-6083.290000000006
2024-05-13,8.43,10.14,18.57,-1.71,33.14,RATCH,Energy,-6085.000000000006
2024-05-14,13.06,17.75,30.81,-4.69,36.63,RATCH,Energy,-6089.690000000006
2024-05-15,26.19,49.67,75.86,-23.49,36.53,RATCH,Energy,-6113.180000000006
2024-05-16,29.96,13.18,43.14,16.77,23.88,RATCH,Energy,-6096.410000000005
2024-05-17,9.01,9.22,18.23,-0.21,28.5,RATCH,Energy,-6096.620000000005
2024-05-20,30.59,14.35,44.94,16.24,27.11,RATCH,Energy,-6080.380000000006
2024-05-21,9.91,23.87,33.78,-13.96,26.43,RATCH,Energy,-6094.340000000006
2024-05-23,12.21,33.83,46.04,-21.62,22.37,RATCH,Energy,-6115.9600000000055
2024-05-24,12.02,13.43,25.45,-1.41,16.54,RATCH,Energy,-6117.370000000005
2024-05-27,10.19,7.1,17.29,3.08,20.65,RATCH,Energy,-6114.290000000005
2024-05-28,2.57,3.47,6.05,-0.9,21.4,RATCH,Energy,-6115.190000000005
2024-05-29,63.53,39.67,103.19,23.86,25.86,RATCH,Energy,-6091.330000000005
2024-05-30,28.24,33.49,61.74,-5.25,27.66,RATCH,Energy,-6096.580000000005
2024-05-31,44.28,81.83,126.11,-37.55,46.6,RATCH,Energy,-6134.130000000006
2024-06-04,13.94,44.14,58.08,-30.19,38.58,RATCH,Energy,-6164.320000000005
2024-06-05,5.11,31.5,36.6,-26.39,19.88,RATCH,Energy,-6190.7100000000055
2024-06-06,7.34,38.47,45.81,-31.13,28.89,RATCH,Energy,-6221.840000000006
2024-06-07,16.02,23.1,39.12,-7.09,24.89,RATCH,Energy,-6228.930000000006
2024-06-10,23.53,41.68,65.2,-18.15,33.2,RATCH,Energy,-6247.080000000005
2024-06-11,31.39,25.05,56.44,6.33,26.37,RATCH,Energy,-6240.7500000000055
2024-06-12,11.98,19.83,31.81,-7.85,22.21,RATCH,Energy,-6248.600000000006
2024-06-13,14.81,11.95,26.76,2.85,26.61,RATCH,Energy,-6245.7500000000055
2024-06-14,22.88,29.75,52.63,-6.87,37.98,RATCH,Energy,-6252.620000000005
2024-06-17,33.8,87.47,121.27,-53.67,33.79,RATCH,Energy,-6306.290000000005
2024-06-18,16.12,20.54,36.66,-4.42,31.31,RATCH,Energy,-6310.7100000000055
2024-06-19,28.2,42.61,70.81,-14.41,30.27,RATCH,Energy,-6325.120000000005
2024-06-20,42.31,32.64,74.95,9.66,33.52,RATCH,Energy,-6315.4600000000055
2024-06-21,109.64,91.8,201.44,17.85,46.03,RATCH,Energy,-6297.610000000005
2024-06-24,16.53,8.86,25.39,7.67,32.29,RATCH,Energy,-6289.940000000005
2024-06-25,7.38,6.01,13.4,1.37,21.47,RATCH,Energy,-6288.570000000005
2024-06-26,9.57,6.41,15.97,3.16,23.44,RATCH,Energy,-6285.410000000005
2024-06-27,9.26,15.96,25.22,-6.7,28.2,RATCH,Energy,-6292.110000000005
2024-06-28,11.17,21.64,32.81,-10.48,31.98,RATCH,Energy,-6302.590000000005
2024-07-01,2.68,2.02,4.7,0.66,9.97,RATCH,Energy,-6301.930000000005
2024-07-02,12.86,9.58,22.44,3.27,22.88,RATCH,Energy,-6298.660000000004
2024-07-03,5.27,1.21,6.48,4.05,18.3,RATCH,Energy,-6294.610000000004
2024-07-04,14.0,13.07,27.07,0.94,18.29,RATCH,Energy,-6293.670000000005
2024-07-05,5.52,27.98,33.5,-22.47,26.03,RATCH,Energy,-6316.140000000005
2024-07-08,41.5,35.56,77.06,5.94,42.63,RATCH,Energy,-6310.200000000005
2024-07-09,9.56,17.06,26.61,-7.5,22.25,RATCH,Energy,-6317.700000000005
2024-07-10,17.94,9.96,27.9,7.98,19.82,RATCH,Energy,-6309.720000000006
2024-07-11,15.25,8.7,23.95,6.56,22.99,RATCH,Energy,-6303.160000000005
2024-07-12,25.88,33.07,58.95,-7.19,18.31,RATCH,Energy,-6310.350000000005
2024-07-15,6.95,2.07,9.01,4.88,17.63,RATCH,Energy,-6305.470000000005
2024-07-16,53.78,28.19,81.97,25.59,30.68,RATCH,Energy,-6279.880000000005
2024-07-17,8.19,20.71,28.9,-12.53,26.69,RATCH,Energy,-6292.410000000004
2024-07-18,51.96,39.26,91.22,12.71,32.44,RATCH,Energy,-6279.700000000004
2024-07-19,11.24,13.57,24.82,-2.33,18.16,RATCH,Energy,-6282.030000000004
2024-07-23,19.22,6.05,25.28,13.17,17.69,RATCH,Energy,-6268.860000000004
2024-07-24,2.89,6.53,9.42,-3.63,17.75,RATCH,Energy,-6272.490000000004
2024-07-25,5.16,8.66,13.82,-3.49,29.49,RATCH,Energy,-6275.980000000004
2024-07-26,4.47,12.13,16.6,-7.67,25.77,RATCH,Energy,-6283.650000000004
2024-07-30,9.29,19.06,28.35,-9.77,25.24,RATCH,Energy,-6293.420000000005
2024-07-31,8.87,14.25,23.13,-5.38,20.53,RATCH,Energy,-6298.800000000005
2024-08-01,11.75,10.36,22.11,1.39,18.02,RATCH,Energy,-6297.410000000004
2024-08-02,3.95,5.15,9.11,-1.2,12.85,RATCH,Energy,-6298.610000000004
2024-08-05,7.48,32.28,39.77,-24.8,22.34,RATCH,Energy,-6323.410000000004
2024-08-06,16.5,12.39,28.88,4.11,22.68,RATCH,Energy,-6319.300000000005
2024-08-07,10.87,14.5,25.37,-3.63,16.53,RATCH,Energy,-6322.930000000005
2024-08-08,38.48,10.61,49.09,27.87,17.37,RATCH,Energy,-6295.060000000005
2024-08-09,10.38,14.67,25.05,-4.28,26.65,RATCH,Energy,-6299.340000000005
2024-08-13,8.06,16.41,24.48,-8.35,28.99,RATCH,Energy,-6307.690000000005
2024-08-14,39.11,26.83,65.94,12.28,26.63,RATCH,Energy,-6295.410000000005
2024-08-15,45.6,26.28,71.89,19.32,20.89,RATCH,Energy,-6276.090000000006
2024-08-16,20.59,29.06,49.65,-8.48,19.12,RATCH,Energy,-6284.570000000005
2024-08-19,24.35,16.79,41.15,7.56,24.34,RATCH,Energy,-6277.010000000005
2024-08-20,22.69,3.76,26.44,18.93,17.32,RATCH,Energy,-6258.0800000000045
2024-08-21,18.53,10.61,29.14,7.92,16.78,RATCH,Energy,-6250.160000000004
2024-08-22,8.49,2.73,11.22,5.76,14.63,RATCH,Energy,-6244.400000000004
2024-08-23,18.71,16.74,35.45,1.96,19.89,RATCH,Energy,-6242.440000000004
2024-08-26,13.75,7.75,21.5,6.0,20.2,RATCH,Energy,-6236.440000000004
2024-08-27,11.16,13.8,24.95,-2.64,22.14,RATCH,Energy,-6239.0800000000045
2024-08-28,7.76,10.91,18.67,-3.15,21.23,RATCH,Energy,-6242.230000000004
2024-08-29,13.39,10.53,23.92,2.87,15.53,RATCH,Energy,-6239.360000000004
2024-08-30,24.14,27.13,51.28,-2.99,35.84,RATCH,Energy,-6242.350000000004
2024-09-02,26.78,14.13,40.91,12.66,21.62,RATCH,Energy,-6229.690000000004
2024-09-03,11.87,9.9,21.78,1.97,14.45,RATCH,Energy,-6227.720000000004
2024-09-04,14.41,35.85,50.26,-21.44,20.94,RATCH,Energy,-6249.1600000000035
2024-09-05,88.73,43.45,132.18,45.28,23.72,RATCH,Energy,-6203.880000000004
2024-09-06,61.97,48.25,110.22,13.72,22.27,RATCH,Energy,-6190.1600000000035
2024-09-09,23.55,30.63,54.18,-7.08,18.78,RATCH,Energy,-6197.240000000003
2024-09-10,67.72,47.88,115.6,19.84,22.53,RATCH,Energy,-6177.400000000003
2024-09-11,25.46,54.16,79.63,-28.7,25.19,RATCH,Energy,-6206.100000000003
2024-09-12,31.48,40.0,71.48,-8.52,29.42,RATCH,Energy,-6214.6200000000035
2024-09-13,6.57,7.44,14.01,-0.87,13.43,RATCH,Energy,-6215.490000000003
2024-09-16,40.53,21.07,61.6,19.45,15.2,RATCH,Energy,-6196.040000000004
2024-09-17,7.62,39.5,47.12,-31.87,29.03,RATCH,Energy,-6227.9100000000035
2024-09-18,25.54,25.15,50.69,0.38,16.8,RATCH,Energy,-6227.530000000003
2024-09-19,24.27,30.57,54.84,-6.3,18.35,RATCH,Energy,-6233.830000000004
2024-09-20,62.79,46.14,108.93,16.66,38.35,RATCH,Energy,-6217.170000000004
2024-09-23,22.92,21.09,44.01,1.83,19.8,RATCH,Energy,-6215.340000000004
2024-09-24,20.34,12.07,32.41,8.27,24.69,RATCH,Energy,-6207.070000000003
2024-09-25,13.96,21.3,35.27,-7.34,15.09,RATCH,Energy,-6214.4100000000035
2024-09-26,7.74,33.94,41.68,-26.2,19.54,RATCH,Energy,-6240.610000000003
2024-09-27,3.79,4.49,8.27,-0.7,12.38,RATCH,Energy,-6241.310000000003
2024-09-30,5.2,21.96,27.16,-16.76,23.06,RATCH,Energy,-6258.070000000003
2024-10-01,18.39,13.43,31.82,4.96,20.7,RATCH,Energy,-6253.110000000003
2024-10-02,25.32,21.46,46.78,3.86,14.21,RATCH,Energy,-6249.250000000004
2024-10-03,11.06,27.05,38.11,-16.0,14.05,RATCH,Energy,-6265.250000000004
2024-10-04,40.55,46.03,86.58,-5.48,22.49,RATCH,Energy,-6270.730000000003
2024-10-07,48.04,17.51,65.54,30.53,28.54,RATCH,Energy,-6240.2000000000035
2024-10-08,0.78,1.84,2.62,-1.05,10.53,RATCH,Energy,-6241.250000000004
2024-10-09,12.76,11.56,24.32,1.19,15.34,RATCH,Energy,-6240.060000000004
2024-10-10,5.6,25.55,31.15,-19.95,11.64,RATCH,Energy,-6260.010000000004
2024-10-11,12.34,16.09,28.44,-3.75,13.66,RATCH,Energy,-6263.760000000004
2024-10-15,36.08,37.8,73.87,-1.72,24.15,RATCH,Energy,-6265.480000000004
2024-10-16,92.59,144.02,236.61,-51.43,36.71,RATCH,Energy,-6316.910000000004
2024-10-17,46.36,40.93,87.29,5.43,19.81,RATCH,Energy,-6311.480000000004
2024-10-18,15.19,43.96,59.15,-28.77,16.46,RATCH,Energy,-6340.250000000005
2024-10-21,40.98,31.84,72.82,9.15,17.14,RATCH,Energy,-6331.100000000005
2024-10-22,8.33,33.25,41.58,-24.92,26.1,RATCH,Energy,-6356.020000000005
2024-10-24,7.26,13.86,21.12,-6.6,16.4,RATCH,Energy,-6362.620000000005
2024-10-25,15.29,17.83,33.12,-2.54,23.14,RATCH,Energy,-6365.160000000005
2024-10-28,2.09,7.74,9.83,-5.65,14.97,RATCH,Energy,-6370.810000000005
2024-10-29,14.88,13.02,27.91,1.86,19.5,RATCH,Energy,-6368.950000000005
2024-10-30,5.13,6.01,11.14,-0.88,14.0,RATCH,Energy,-6369.830000000005
2024-10-31,43.71,32.28,75.99,11.43,19.82,RATCH,Energy,-6358.400000000005
2024-11-01,12.99,27.2,40.19,-14.2,27.57,RATCH,Energy,-6372.600000000005
2024-11-04,8.2,18.96,27.16,-10.75,15.65,RATCH,Energy,-6383.350000000005
2024-11-05,5.09,6.95,12.04,-1.86,19.63,RATCH,Energy,-6385.210000000005
2024-11-06,35.71,26.94,62.65,8.77,16.36,RATCH,Energy,-6376.440000000004
2024-11-07,8.62,14.41,23.03,-5.78,12.28,RATCH,Energy,-6382.220000000004
2024-11-08,20.48,16.63,37.11,3.84,25.64,RATCH,Energy,-6378.380000000004
2024-11-11,8.21,6.5,14.72,1.71,17.18,RATCH,Energy,-6376.670000000004
2024-11-12,9.64,11.3,20.94,-1.66,22.31,RATCH,Energy,-6378.330000000004
2024-11-13,13.22,10.51,23.74,2.71,19.84,RATCH,Energy,-6375.6200000000035
2024-11-14,4.3,15.21,19.51,-10.91,23.54,RATCH,Energy,-6386.530000000003
2024-11-15,16.77,19.92,36.69,-3.14,22.52,RATCH,Energy,-6389.670000000004
2024-11-18,11.05,12.75,23.81,-1.7,22.25,RATCH,Energy,-6391.3700000000035
2024-11-19,23.69,19.18,42.87,4.51,24.22,RATCH,Energy,-6386.860000000003
2024-11-20,15.49,15.35,30.84,0.15,24.18,RATCH,Energy,-6386.710000000004
2024-11-21,16.43,5.61,22.04,10.81,35.35,RATCH,Energy,-6375.900000000003
2024-11-22,11.04,14.41,25.44,-3.37,32.96,RATCH,Energy,-6379.270000000003
2024-11-25,60.93,24.09,85.02,36.84,37.78,RATCH,Energy,-6342.430000000003
2024-11-26,3.63,7.8,11.43,-4.17,16.84,RATCH,Energy,-6346.600000000003
2024-11-27,9.81,12.69,22.5,-2.87,29.43,RATCH,Energy,-6349.470000000003
2024-11-28,18.07,5.69,23.76,12.37,24.78,RATCH,Energy,-6337.100000000003
2024-11-29,12.09,3.36,15.45,8.73,21.57,RATCH,Energy,-6328.3700000000035
2024-12-02,25.34,8.28,33.62,17.06,19.45,RATCH,Energy,-6311.310000000003
2024-12-03,12.53,8.82,21.35,3.71,15.7,RATCH,Energy,-6307.600000000003
2024-12-04,6.05,11.87,17.92,-5.82,10.7,RATCH,Energy,-6313.420000000003
2024-12-06,17.14,21.38,38.51,-4.24,26.8,RATCH,Energy,-6317.660000000003
2024-12-09,6.43,7.7,14.13,-1.27,20.48,RATCH,Energy,-6318.930000000003
2024-12-11,21.18,16.03,37.21,5.15,35.4,RATCH,Energy,-6313.780000000003
2024-12-12,6.6,13.1,19.71,-6.5,22.15,RATCH,Energy,-6320.280000000003
2024-12-13,11.49,4.92,16.42,6.57,12.34,RATCH,Energy,-6313.710000000004
2024-12-16,18.35,12.62,30.97,5.73,23.64,RATCH,Energy,-6307.980000000004
2024-12-17,23.14,18.19,41.33,4.96,22.07,RATCH,Energy,-6303.020000000004
2024-12-18,18.41,13.21,31.62,5.2,17.82,RATCH,Energy,-6297.820000000004
2024-12-19,28.05,8.84,36.88,19.21,20.66,RATCH,Energy,-6278.610000000004
2024-12-20,79.0,70.64,149.64,8.36,46.34,RATCH,Energy,-6270.250000000005
2024-12-23,19.64,21.63,41.27,-1.98,23.93,RATCH,Energy,-6272.230000000004
2024-12-24,7.35,7.25,14.6,0.1,17.68,RATCH,Energy,-6272.130000000004
2024-12-25,5.91,2.27,8.18,3.65,15.65,RATCH,Energy,-6268.480000000004
2024-12-26,10.72,16.47,27.19,-5.75,21.94,RATCH,Energy,-6274.230000000004
2024-12-27,23.54,16.04,39.57,7.5,16.99,RATCH,Energy,-6266.730000000004
2024-12-30,32.15,20.25,52.4,11.9,24.13,RATCH,Energy,-6254.8300000000045
2025-01-02,18.24,19.89,38.13,-1.65,18.0,RATCH,Energy,-6256.480000000004
2025-01-03,8.51,14.18,22.7,-5.67,17.64,RATCH,Energy,-6262.150000000004
2025-01-06,28.34,34.43,62.78,-6.09,32.38,RATCH,Energy,-6268.240000000004
2025-01-07,26.93,14.22,41.15,12.7,35.84,RATCH,Energy,-6255.5400000000045
2025-01-08,4.85,15.54,20.39,-10.69,17.49,RATCH,Energy,-6266.230000000004
2025-01-09,5.6,21.34,26.94,-15.75,17.61,RATCH,Energy,-6281.980000000004
2025-01-10,26.74,51.87,78.61,-25.13,28.92,RATCH,Energy,-6307.110000000004
2025-01-13,17.44,18.1,35.54,-0.67,22.17,RATCH,Energy,-6307.780000000004
2025-01-14,40.93,23.94,64.86,16.99,26.09,RATCH,Energy,-6290.7900000000045
2025-01-15,24.54,11.84,36.38,12.7,20.87,RATCH,Energy,-6278.090000000005
2025-01-16,2.27,4.06,6.32,-1.79,19.2,RATCH,Energy,-6279.880000000005
2025-01-17,19.61,19.76,39.36,-0.15,38.01,RATCH,Energy,-6280.030000000004
2025-01-20,14.69,6.16,20.85,8.52,24.73,RATCH,Energy,-6271.510000000004
2025-01-21,46.96,13.34,60.3,33.62,28.14,RATCH,Energy,-6237.890000000004
2025-01-22,11.74,8.81,20.55,2.93,24.64,RATCH,Energy,-6234.960000000004
2025-01-23,10.8,6.75,17.55,4.05,24.19,RATCH,Energy,-6230.9100000000035
2025-01-24,12.03,48.32,60.35,-36.28,26.53,RATCH,Energy,-6267.190000000003
2025-01-27,5.78,2.38,8.15,3.4,8.03,RATCH,Energy,-6263.790000000004
2025-01-28,12.45,7.33,19.78,5.13,22.99,RATCH,Energy,-6258.6600000000035
2025-01-29,3.15,3.8,6.95,-0.66,39.87,RATCH,Energy,-6259.320000000003
2025-01-30,13.62,8.44,22.06,5.19,37.29,RATCH,Energy,-6254.130000000004
2025-01-31,8.55,11.27,19.82,-2.73,19.74,RATCH,Energy,-6256.860000000003
2025-02-03,40.07,13.57,53.64,26.5,32.04,RATCH,Energy,-6230.360000000003
2025-02-04,8.28,8.92,17.2,-0.64,18.58,RATCH,Energy,-6231.000000000004
2025-02-05,16.57,15.67,32.24,0.9,23.13,RATCH,Energy,-6230.100000000004
2025-02-06,19.69,20.61,40.29,-0.92,31.35,RATCH,Energy,-6231.020000000004
2025-02-07,27.13,22.34,49.47,4.8,30.01,RATCH,Energy,-6226.220000000004
2025-02-10,27.09,17.41,44.5,9.69,26.74,RATCH,Energy,-6216.530000000004
2025-02-11,17.63,11.32,28.95,6.3,24.1,RATCH,Energy,-6210.230000000004
2025-02-13,14.56,21.52,36.08,-6.95,28.2,RATCH,Energy,-6217.180000000004
2025-02-14,18.43,15.46,33.88,2.97,26.11,RATCH,Energy,-6214.210000000004
2025-02-17,41.57,26.83,68.4,14.75,40.52,RATCH,Energy,-6199.460000000004
2025-02-18,15.5,8.08,23.58,7.42,26.59,RATCH,Energy,-6192.040000000004
2025-02-19,16.07,8.82,24.88,7.25,32.1,RATCH,Energy,-6184.790000000004
2025-02-20,23.35,19.21,42.55,4.14,27.83,RATCH,Energy,-6180.650000000003
2025-02-21,22.57,13.57,36.14,9.0,28.57,RATCH,Energy,-6171.650000000003
2025-02-24,16.89,17.7,34.59,-0.81,27.8,RATCH,Energy,-6172.460000000004
2025-02-25,12.09,52.2,64.3,-40.11,35.25,RATCH,Energy,-6212.570000000003
2025-02-26,50.53,24.0,74.54,26.53,34.07,RATCH,Energy,-6186.040000000004
2025-02-27,13.37,24.27,37.64,-10.9,18.52,RATCH,Energy,-6196.940000000003
2025-02-28,29.36,48.94,78.31,-19.58,34.84,RATCH,Energy,-6216.520000000003
2025-03-03,9.16,17.62,26.78,-8.47,32.24,RATCH,Energy,-6224.990000000003
2025-03-04,12.98,11.26,24.23,1.72,21.76,RATCH,Energy,-6223.270000000003
2025-03-05,21.79,16.96,38.76,4.83,24.21,RATCH,Energy,-6218.440000000003
2025-03-06,14.14,29.22,43.36,-15.08,24.75,RATCH,Energy,-6233.520000000003
2025-03-07,18.64,13.89,32.53,4.75,27.72,RATCH,Energy,-6228.770000000003
2025-03-10,19.13,19.17,38.3,-0.04,19.6,RATCH,Energy,-6228.810000000003
2025-03-11,20.51,26.23,46.74,-5.72,24.87,RATCH,Energy,-6234.530000000003
2025-03-12,10.69,25.62,36.31,-14.93,29.19,RATCH,Energy,-6249.460000000004
2025-03-13,10.27,24.68,34.95,-14.41,20.62,RATCH,Energy,-6263.8700000000035
2025-03-14,18.16,30.22,48.38,-12.06,24.49,RATCH,Energy,-6275.930000000004
2025-03-17,9.6,27.68,37.28,-18.09,27.72,RATCH,Energy,-6294.020000000004
2025-03-18,2.78,9.02,11.8,-6.24,15.49,RATCH,Energy,-6300.260000000004
2025-03-19,6.13,11.3,17.43,-5.17,25.18,RATCH,Energy,-6305.430000000004
2025-03-20,15.98,20.59,36.57,-4.61,20.9,RATCH,Energy,-6310.040000000004
2025-03-21,42.8,49.22,92.03,-6.42,39.75,RATCH,Energy,-6316.460000000004
2025-03-24,3.12,8.72,11.84,-5.6,23.37,RATCH,Energy,-6322.060000000004
2025-03-25,1.45,6.63,8.07,-5.18,19.03,RATCH,Energy,-6327.240000000004
2025-03-26,3.15,8.72,11.87,-5.57,29.59,RATCH,Energy,-6332.810000000004
2025-03-27,1.13,1.74,2.87,-0.61,13.46,RATCH,Energy,-6333.420000000004
2025-03-28,5.61,15.38,20.99,-9.77,22.33,RATCH,Energy,-6343.190000000004
2025-03-31,2.34,13.6,15.94,-11.26,20.98,RATCH,Energy,-6354.450000000004
2025-04-01,4.51,4.32,8.83,0.19,19.54,RATCH,Energy,-6354.260000000005
2025-04-02,0.9,3.42,4.33,-2.52,14.71,RATCH,Energy,-6356.780000000005
2025-04-03,2.4,4.82,7.22,-2.42,16.63,RATCH,Energy,-6359.200000000005
2025-04-04,3.83,6.74,10.56,-2.91,10.34,RATCH,Energy,-6362.110000000005
2025-04-08,37.04,46.63,83.68,-9.59,33.61,RATCH,Energy,-6371.700000000005
2025-04-09,44.65,23.77,68.42,20.88,36.9,RATCH,Energy,-6350.820000000005
2025-04-10,32.43,26.73,59.16,5.7,27.96,RATCH,Energy,-6345.120000000005
2025-04-11,9.75,9.59,19.34,0.15,24.42,RATCH,Energy,-6344.970000000006
2025-04-16,22.6,24.23,46.83,-1.63,30.34,RATCH,Energy,-6346.600000000006
2025-04-17,12.9,9.38,22.29,3.52,31.74,RATCH,Energy,-6343.080000000005
2025-04-18,6.19,3.45,9.64,2.74,31.34,RATCH,Energy,-6340.340000000006
2025-04-21,13.21,7.89,21.1,5.32,28.34,RATCH,Energy,-6335.020000000006
2025-04-22,26.0,13.19,39.19,12.81,18.86,RATCH,Energy,-6322.2100000000055
2025-04-23,13.82,18.69,32.51,-4.87,23.91,RATCH,Energy,-6327.080000000005
2025-04-24,16.42,18.39,34.81,-1.96,37.04,RATCH,Energy,-6329.040000000005
2025-04-25,6.36,3.92,10.28,2.44,12.45,RATCH,Energy,-6326.600000000006
2025-04-28,3.18,8.03,11.22,-4.85,16.08,RATCH,Energy,-6331.450000000006
2025-04-29,5.52,12.59,18.11,-7.08,22.49,RATCH,Energy,-6338.530000000006
2025-04-30,9.85,5.07,14.92,4.77,22.56,RATCH,Energy,-6333.760000000006
2025-05-02,9.47,7.41,16.88,2.06,18.43,RATCH,Energy,-6331.700000000005
2025-05-06,10.87,20.67,31.53,-9.8,17.91,RATCH,Energy,-6341.5000000000055
2025-05-07,7.33,29.09,36.42,-21.76,25.94,RATCH,Energy,-6363.260000000006
2025-05-08,8.5,20.69,29.19,-12.19,27.59,RATCH,Energy,-6375.450000000005
2025-05-09,6.29,5.47,11.76,0.82,23.16,RATCH,Energy,-6374.630000000006
2025-05-13,6.05,29.72,35.77,-23.67,29.55,RATCH,Energy,-6398.300000000006
2025-05-14,5.93,6.51,12.44,-0.58,25.15,RATCH,Energy,-6398.880000000006
2025-05-15,11.17,16.16,27.34,-4.99,33.64,RATCH,Energy,-6403.870000000005
2025-05-16,17.13,22.5,39.63,-5.37,31.65,RATCH,Energy,-6409.240000000005
2025-05-19,16.23,20.18,36.41,-3.95,35.38,RATCH,Energy,-6413.190000000005
2025-05-20,14.73,18.25,32.98,-3.52,30.39,RATCH,Energy,-6416.7100000000055
2025-05-21,8.87,13.12,21.99,-4.25,33.96,RATCH,Energy,-6420.9600000000055
2025-05-22,1.76,9.0,10.76,-7.25,16.87,RATCH,Energy,-6428.2100000000055
2025-05-23,9.54,13.68,23.22,-4.13,33.2,RATCH,Energy,-6432.340000000006
2025-05-26,0.24,15.02,15.26,-14.78,27.66,RATCH,Energy,-6447.120000000005
2025-05-27,2.89,11.19,14.08,-8.3,20.22,RATCH,Energy,-6455.4200000000055
2025-05-28,9.4,10.94,20.33,-1.54,15.53,RATCH,Energy,-6456.9600000000055
2025-05-29,12.95,14.65,27.6,-1.7,30.75,RATCH,Energy,-6458.660000000005
2025-05-30,13.04,33.51,46.55,-20.47,24.65,RATCH,Energy,-6479.130000000006
2025-06-04,21.98,9.43,31.41,12.55,37.69,RATCH,Energy,-6466.580000000005
2025-06-05,3.87,6.59,10.46,-2.72,28.73,RATCH,Energy,-6469.300000000006
2025-06-06,4.34,4.43,8.77,-0.1,32.81,RATCH,Energy,-6469.400000000006
2025-06-09,8.31,13.93,22.24,-5.62,19.53,RATCH,Energy,-6475.020000000006
2025-06-10,14.1,8.26,22.36,5.85,20.33,RATCH,Energy,-6469.1700000000055
2025-06-11,5.67,7.87,13.54,-2.19,29.19,RATCH,Energy,-6471.360000000005
2025-06-12,3.27,17.02,20.29,-13.75,25.78,RATCH,Energy,-6485.110000000005
2025-06-13,7.1,20.3,27.4,-13.2,28.65,RATCH,Energy,-6498.310000000005
2025-06-16,24.22,18.48,42.7,5.73,41.07,RATCH,Energy,-6492.580000000005
2025-06-17,10.46,20.2,30.66,-9.74,38.66,RATCH,Energy,-6502.320000000005
2025-06-18,6.67,8.84,15.51,-2.17,24.65,RATCH,Energy,-6504.490000000005
2025-06-19,7.24,18.18,25.42,-10.93,26.17,RATCH,Energy,-6515.4200000000055
2025-06-20,164.82,76.13,240.95,88.69,48.91,RATCH,Energy,-6426.730000000006
2025-06-23,7.87,12.97,20.84,-5.1,31.11,RATCH,Energy,-6431.830000000006
2025-06-24,33.33,32.86,66.19,0.47,37.63,RATCH,Energy,-6431.360000000006
2025-06-25,20.73,19.3,40.04,1.43,37.19,RATCH,Energy,-6429.930000000006
2025-06-26,22.56,19.32,41.87,3.24,34.24,RATCH,Energy,-6426.690000000006
2025-06-27,10.31,23.89,34.2,-13.58,34.15,RATCH,Energy,-6440.270000000006
2025-06-30,4.7,17.33,22.03,-12.62,24.61,RATCH,Energy,-6452.890000000006
2025-07-01,20.06,10.99,31.05,9.08,21.69,RATCH,Energy,-6443.810000000006
2025-07-02,14.84,16.46,31.29,-1.62,13.52,RATCH,Energy,-6445.430000000006
2025-07-03,14.01,10.4,24.41,3.62,30.61,RATCH,Energy,-6441.810000000006
2025-07-04,16.42,27.16,43.57,-10.74,31.67,RATCH,Energy,-6452.550000000006
2025-07-07,20.82,37.07,57.89,-16.26,37.93,RATCH,Energy,-6468.810000000006
2025-07-08,10.19,4.51,14.7,5.68,22.25,RATCH,Energy,-6463.130000000006
2025-07-09,12.61,14.96,27.56,-2.35,41.27,RATCH,Energy,-6465.480000000006
2025-07-11,14.54,5.87,20.41,8.67,27.9,RATCH,Energy,-6456.810000000006
2025-07-14,18.78,8.63,27.41,10.15,30.09,RATCH,Energy,-6446.660000000006
2025-07-15,16.82,10.73,27.55,6.09,34.07,RATCH,Energy,-6440.570000000006
2025-07-16,9.03,4.06,13.09,4.98,17.79,RATCH,Energy,-6435.5900000000065
2025-07-17,32.96,18.78,51.74,14.18,30.22,RATCH,Energy,-6421.410000000006
2025-07-18,7.67,6.13,13.8,1.54,18.9,RATCH,Energy,-6419.870000000006
2025-07-21,17.54,10.87,28.42,6.67,24.22,RATCH,Energy,-6413.200000000006
2025-07-22,6.07,8.69,14.76,-2.63,14.28,RATCH,Energy,-6415.830000000006
2025-07-23,22.79,12.44,35.22,10.35,23.47,RATCH,Energy,-6405.480000000006
2025-07-24,26.94,23.89,50.83,3.06,27.98,RATCH,Energy,-6402.4200000000055
2025-07-25,3.63,8.67,12.3,-5.04,23.98,RATCH,Energy,-6407.4600000000055
2025-07-29,32.45,15.99,48.44,16.45,29.17,RATCH,Energy,-6391.010000000006
2025-07-30,17.5,6.75,24.25,10.75,23.24,RATCH,Energy,-6380.260000000006
2025-07-31,65.1,42.82,107.92,22.28,46.22,RATCH,Energy,-6357.980000000006
2025-08-01,3.33,31.48,34.81,-28.15,28.65,RATCH,Energy,-6386.130000000006
2025-08-04,12.28,14.66,26.94,-2.37,17.09,RATCH,Energy,-6388.5000000000055
2025-08-05,2.58,2.06,4.64,0.53,7.37,RATCH,Energy,-6387.970000000006
2025-08-06,4.99,5.08,10.08,-0.09,9.33,RATCH,Energy,-6388.060000000006
2025-08-07,57.41,26.02,83.42,31.39,23.64,RATCH,Energy,-6356.6700000000055
2025-08-08,6.6,21.46,28.06,-14.86,17.12,RATCH,Energy,-6371.530000000005
2025-08-13,3.67,20.6,24.27,-16.93,23.65,RATCH,Energy,-6388.4600000000055
2025-08-14,0.82,4.14,4.96,-3.32,10.56,RATCH,Energy,-6391.780000000005
2025-08-15,14.63,13.28,27.91,1.35,21.07,RATCH,Energy,-6390.430000000005
2025-08-18,6.42,14.74,21.17,-8.32,10.16,RATCH,Energy,-6398.750000000005
2025-08-19,5.79,3.81,9.61,1.98,16.09,RATCH,Energy,-6396.770000000005
2025-08-20,1.66,8.25,9.9,-6.59,12.03,RATCH,Energy,-6403.360000000005
2025-08-21,7.96,8.0,15.96,-0.05,15.89,RATCH,Energy,-6403.410000000005
2025-08-22,16.15,6.86,23.01,9.29,12.11,RATCH,Energy,-6394.120000000005
2025-08-25,39.95,16.7,56.65,23.25,19.6,RATCH,Energy,-6370.870000000005
2025-08-26,1.83,10.16,11.99,-8.33,10.06,RATCH,Energy,-6379.200000000005
2025-08-27,0.86,9.42,10.27,-8.56,23.39,RATCH,Energy,-6387.760000000006
2025-08-28,8.62,13.09,21.71,-4.48,21.5,RATCH,Energy,-6392.240000000005
2025-08-29,8.73,21.32,30.05,-12.6,9.75,RATCH,Energy,-6404.840000000006
2025-09-01,12.16,43.34,55.51,-31.18,16.6,RATCH,Energy,-6436.020000000006
2025-09-02,12.23,31.34,43.57,-19.12,14.69,RATCH,Energy,-6455.140000000006
2025-09-03,5.98,6.69,12.67,-0.71,16.62,RATCH,Energy,-6455.850000000006
2025-09-04,3.97,23.5,27.47,-19.52,16.56,RATCH,Energy,-6475.370000000006
2025-09-05,0.5,0.84,1.34,-0.33,3.85,RATCH,Energy,-6475.700000000006
2025-09-08,2.03,2.4,4.43,-0.37,10.98,RATCH,Energy,-6476.070000000006
2025-09-09,13.34,2.95,16.29,10.38,17.08,RATCH,Energy,-6465.690000000006
2025-09-10,1.13,1.3,2.42,-0.17,10.02,RATCH,Energy,-6465.860000000006
2025-09-11,0.38,2.27,2.66,-1.89,5.27,RATCH,Energy,-6467.750000000006
2025-09-12,7.98,4.91,12.89,3.07,13.91,RATCH,Energy,-6464.680000000007
2025-09-15,2.33,5.69,8.02,-3.36,10.22,RATCH,Energy,-6468.040000000006
2025-09-16,18.15,5.24,23.39,12.91,15.07,RATCH,Energy,-6455.1300000000065
2025-09-17,9.41,3.62,13.03,5.79,32.71,RATCH,Energy,-6449.3400000000065
2025-09-18,1.44,1.03,2.47,0.41,4.92,RATCH,Energy,-6448.930000000007
2025-09-19,10.96,57.21,68.17,-46.24,35.47,RATCH,Energy,-6495.170000000006
2025-09-22,2.84,8.46,11.3,-5.62,14.96,RATCH,Energy,-6500.790000000006
2025-09-23,4.93,7.23,12.16,-2.3,10.64,RATCH,Energy,-6503.0900000000065
2025-09-24,0.12,3.31,3.43,-3.19,9.77,RATCH,Energy,-6506.280000000006
2025-09-25,6.29,7.05,13.34,-0.76,20.98,RATCH,Energy,-6507.040000000006
2025-09-26,2.73,6.87,9.61,-4.14,12.11,RATCH,Energy,-6511.180000000007
2025-09-29,1.44,4.13,5.56,-2.69,6.88,RATCH,Energy,-6513.870000000006
2025-09-30,2.13,8.96,11.08,-6.83,10.42,RATCH,Energy,-6520.700000000006
2025-10-01,0.25,1.66,1.91,-1.41,5.76,RATCH,Energy,-6522.110000000006
2025-10-02,2.64,2.13,4.77,0.5,14.0,RATCH,Energy,-6521.610000000006
2025-10-03,2.02,1.08,3.1,0.93,12.1,RATCH,Energy,-6520.680000000006
2025-10-06,1.4,1.82,3.22,-0.42,9.33,RATCH,Energy,-6521.100000000006
2025-10-07,14.5,8.7,23.2,5.79,20.56,RATCH,Energy,-6515.310000000006
2025-10-08,18.62,10.29,28.92,8.33,15.32,RATCH,Energy,-6506.980000000006
2025-10-09,64.52,41.43,105.95,23.09,13.48,RATCH,Energy,-6483.890000000006
2025-10-10,26.09,27.31,53.41,-1.22,16.83,RATCH,Energy,-6485.110000000006
2025-10-14,36.89,11.98,48.86,24.91,22.4,RATCH,Energy,-6460.200000000006
2025-10-15,194.2,67.12,261.32,127.08,53.82,RATCH,Energy,-6333.120000000006
2025-10-16,6.79,18.06,24.84,-11.27,12.49,RATCH,Energy,-6344.390000000007
2025-10-17,17.22,23.6,40.82,-6.38,12.75,RATCH,Energy,-6350.770000000007
2025-10-20,13.07,6.29,19.35,6.78,10.95,RATCH,Energy,-6343.990000000007
2025-10-21,2.6,24.07,26.67,-21.47,15.54,RATCH,Energy,-6365.460000000007
2025-10-22,11.42,11.36,22.78,0.06,16.12,RATCH,Energy,-6365.400000000007
2025-10-24,13.9,7.58,21.48,6.32,20.18,RATCH,Energy,-6359.080000000007
2025-10-27,20.34,16.61,36.95,3.73,19.92,RATCH,Energy,-6355.350000000008
2025-10-28,17.04,17.65,34.69,-0.61,28.72,RATCH,Energy,-6355.960000000007
2025-10-29,14.42,15.65,30.07,-1.23,25.09,RATCH,Energy,-6357.190000000007
2025-10-30,14.36,12.21,26.57,2.15,27.96,RATCH,Energy,-6355.040000000007
2025-10-31,1.2,3.42,4.62,-2.22,7.69,RATCH,Energy,-6357.2600000000075
2025-11-03,6.23,12.63,18.86,-6.4,16.58,RATCH,Energy,-6363.660000000007
2025-11-04,3.97,3.08,7.04,0.89,16.05,RATCH,Energy,-6362.770000000007
2025-11-05,15.5,24.36,39.87,-8.86,22.58,RATCH,Energy,-6371.6300000000065
2025-11-06,8.4,21.69,30.1,-13.29,13.19,RATCH,Energy,-6384.920000000006
2025-11-07,13.01,22.98,35.99,-9.97,6.86,RATCH,Energy,-6394.890000000007
2025-11-10,3.28,1.61,4.89,1.68,9.16,RATCH,Energy,-6393.210000000006
2025-11-11,12.6,24.01,36.61,-11.41,18.62,RATCH,Energy,-6404.620000000006
2025-11-12,3.04,10.11,13.16,-7.07,13.05,RATCH,Energy,-6411.690000000006
2025-11-13,5.64,2.14,7.77,3.5,8.36,RATCH,Energy,-6408.190000000006
2025-11-14,9.45,7.04,16.49,2.41,10.56,RATCH,Energy,-6405.780000000006
2025-11-17,39.82,12.5,52.32,27.32,13.83,RATCH,Energy,-6378.460000000006
2025-11-18,12.44,20.13,32.57,-7.69,23.82,RATCH,Energy,-6386.150000000006
2025-11-19,6.77,6.62,13.39,0.15,12.1,RATCH,Energy,-6386.000000000006
2025-11-20,1.76,1.55,3.31,0.2,9.39,RATCH,Energy,-6385.800000000007
2025-11-21,0.75,3.3,4.04,-2.55,3.69,RATCH,Energy,-6388.350000000007
2025-11-24,19.4,29.22,48.61,-9.82,20.44,RATCH,Energy,-6398.170000000006
2025-11-25,3.36,6.95,10.31,-3.59,14.33,RATCH,Energy,-6401.760000000007
2025-11-26,0.98,0.32,1.3,0.65,3.08,RATCH,Energy,-6401.110000000007
2025-11-27,7.45,10.95,18.4,-3.49,22.1,RATCH,Energy,-6404.600000000007
2025-11-28,17.87,9.46,27.33,8.41,15.44,RATCH,Energy,-6396.190000000007
2025-12-01,19.31,21.92,41.23,-2.6,10.14,RATCH,Energy,-6398.790000000007
2025-12-02,16.25,10.44,26.69,5.81,20.68,RATCH,Energy,-6392.980000000007
2025-12-03,12.06,8.54,20.6,3.52,25.18,RATCH,Energy,-6389.460000000006
2025-12-04,18.12,10.35,28.47,7.77,21.64,RATCH,Energy,-6381.690000000006
2025-12-08,3.27,17.68,20.95,-14.41,21.32,RATCH,Energy,-6396.100000000006
2025-12-09,2.51,2.16,4.68,0.35,21.1,RATCH,Energy,-6395.7500000000055
2025-12-11,0.58,0.85,1.43,-0.26,7.0,RATCH,Energy,-6396.010000000006
2025-12-12,13.59,2.7,16.29,10.88,15.41,RATCH,Energy,-6385.130000000006
2025-12-15,17.66,5.77,23.42,11.89,28.06,RATCH,Energy,-6373.240000000005
2025-12-16,7.35,17.23,24.59,-9.88,27.44,RATCH,Energy,-6383.120000000005
2025-12-17,21.21,21.17,42.38,0.03,27.6,RATCH,Energy,-6383.090000000006
2025-12-18,4.74,8.2,12.94,-3.47,10.69,RATCH,Energy,-6386.560000000006
2025-12-19,28.5,21.94,50.44,6.57,40.24,RATCH,Energy,-6379.990000000006
2025-12-22,8.6,7.55,16.16,1.05,25.2,RATCH,Energy,-6378.940000000006
2025-12-23,27.54,6.11,33.65,21.43,22.82,RATCH,Energy,-6357.510000000006
2025-12-24,6.57,5.74,12.31,0.83,19.24,RATCH,Energy,-6356.680000000006
2025-12-25,4.73,7.57,12.3,-2.84,29.36,RATCH,Energy,-6359.520000000006
2025-12-26,1.06,7.61,8.67,-6.54,20.05,RATCH,Energy,-6366.060000000006
2025-12-29,10.36,36.19,46.55,-25.83,25.18,RATCH,Energy,-6391.890000000006
2025-12-30,3.76,9.83,13.59,-6.07,15.21,RATCH,Energy,-6397.9600000000055
2026-01-05,16.72,8.39,25.11,8.33,16.21,RATCH,Energy,-6389.630000000006
2026-01-06,4.09,1.19,5.28,2.9,13.22,RATCH,Energy,-6386.730000000006
2026-01-07,3.85,0.6,4.45,3.25,9.8,RATCH,Energy,-6383.480000000006
2026-01-08,19.95,14.14,34.09,5.81,22.61,RATCH,Energy,-6377.6700000000055
2026-01-09,2.99,4.11,7.1,-1.13,17.28,RATCH,Energy,-6378.800000000006
2026-01-12,1.26,1.64,2.9,-0.38,8.95,RATCH,Energy,-6379.180000000006
2026-01-13,11.81,2.86,14.66,8.95,16.13,RATCH,Energy,-6370.230000000006
2026-01-14,10.66,15.91,26.58,-5.25,17.38,RATCH,Energy,-6375.480000000006
2026-01-15,29.66,6.24,35.9,23.42,33.95,RATCH,Energy,-6352.060000000006
2026-01-16,34.92,8.23,43.15,26.68,26.52,RATCH,Energy,-6325.380000000006
2026-01-19,41.32,15.39,56.71,25.93,38.86,RATCH,Energy,-6299.450000000005
2026-01-20,43.57,16.74,60.31,26.83,22.6,RATCH,Energy,-6272.620000000005
2026-01-21,37.46,24.88,62.34,12.58,37.06,RATCH,Energy,-6260.040000000005
2026-01-22,41.94,16.06,58.0,25.88,32.41,RATCH,Energy,-6234.160000000005
2026-01-23,24.64,7.7,32.34,16.95,27.01,RATCH,Energy,-6217.2100000000055
2026-01-26,25.79,8.77,34.56,17.02,29.69,RATCH,Energy,-6200.190000000005
2026-01-27,48.92,9.69,58.6,39.23,32.99,RATCH,Energy,-6160.9600000000055
2026-01-28,27.67,12.59,40.26,15.08,23.3,RATCH,Energy,-6145.880000000006
2026-01-29,17.95,19.51,37.46,-1.57,28.35,RATCH,Energy,-6147.450000000005
2026-01-30,60.79,30.39,91.18,30.41,58.26,RATCH,Energy,-6117.040000000005
2026-02-02,14.44,12.8,27.24,1.64,25.1,RATCH,Energy,-6115.400000000005
2026-02-03,18.17,12.71,30.88,5.46,21.99,RATCH,Energy,-6109.940000000005
2026-02-04,12.31,3.17,15.48,9.14,15.78,RATCH,Energy,-6100.800000000005
2026-02-05,28.66,12.5,41.16,16.17,34.39,RATCH,Energy,-6084.630000000005
2026-02-06,36.4,12.2,48.6,24.2,25.35,RATCH,Energy,-6060.430000000005
2026-02-09,80.89,2.62,83.51,78.27,30.08,RATCH,Energy,-5982.160000000004
2026-02-10,95.03,26.97,122.01,68.06,31.02,RATCH,Energy,-5914.100000000004
2026-02-11,12.79,17.5,30.29,-4.71,22.35,RATCH,Energy,-5918.810000000004
2026-02-12,48.05,28.74,76.79,19.31,29.83,RATCH,Energy,-5899.500000000004
2026-02-13,53.52,37.91,91.43,15.61,27.91,RATCH,Energy,-5883.890000000004
2026-02-16,11.29,4.85,16.14,6.44,27.94,RATCH,Energy,-5877.450000000004
2026-02-17,49.12,25.59,74.71,23.52,26.75,RATCH,Energy,-5853.930000000004
2026-02-18,46.18,28.34,74.52,17.84,40.42,RATCH,Energy,-5836.090000000004
2026-02-19,50.48,41.89,92.37,8.59,26.73,RATCH,Energy,-5827.500000000004
2026-02-20,34.84,29.81,64.65,5.03,29.76,RATCH,Energy,-5822.470000000004
2026-02-23,18.51,28.6,47.11,-10.08,26.31,RATCH,Energy,-5832.550000000004
2026-02-24,96.24,31.95,128.19,64.29,39.83,RATCH,Energy,-5768.260000000004
2026-02-25,15.24,30.52,45.77,-15.28,31.84,RATCH,Energy,-5783.540000000004
2026-02-26,29.26,13.67,42.93,15.58,32.76,RATCH,Energy,-5767.960000000004
2026-02-27,39.43,74.26,113.69,-34.83,26.78,RATCH,Energy,-5802.790000000004
2026-03-02,83.94,69.46,153.4,14.48,33.19,RATCH,Energy,-5788.310000000004
2026-03-04,72.38,124.02,196.41,-51.64,31.49,RATCH,Energy,-5839.950000000004
2026-03-05,93.29,99.53,192.83,-6.24,44.14,RATCH,Energy,-5846.190000000004
2026-03-06,13.45,36.29,49.73,-22.84,40.25,RATCH,Energy,-5869.030000000004
2026-03-09,79.77,83.58,163.35,-3.82,41.23,RATCH,Energy,-5872.850000000004
2026-03-10,50.49,68.11,118.61,-17.62,44.12,RATCH,Energy,-5890.470000000004
2026-03-11,32.51,34.3,66.81,-1.8,30.53,RATCH,Energy,-5892.270000000004
2026-03-12,77.05,46.53,123.57,30.52,55.19,RATCH,Energy,-5861.750000000004
2026-03-13,24.33,55.53,79.86,-31.2,38.77,RATCH,Energy,-5892.9500000000035
2026-03-16,22.03,17.04,39.06,4.99,23.98,RATCH,Energy,-5887.960000000004
2026-03-17,51.13,36.29,87.43,14.84,40.33,RATCH,Energy,-5873.1200000000035
2026-03-18,19.07,29.31,48.38,-10.24,35.1,RATCH,Energy,-5883.360000000003
2026-03-19,22.58,48.22,70.8,-25.64,37.93,RATCH,Energy,-5909.000000000004
2026-03-20,53.93,46.71,100.64,7.22,37.11,RATCH,Energy,-5901.780000000003
2026-03-23,12.87,40.88,53.75,-28.01,35.89,RATCH,Energy,-5929.790000000004
2026-03-24,16.74,12.03,28.77,4.71,30.97,RATCH,Energy,-5925.080000000004
2026-03-25,62.65,15.45,78.1,47.2,32.27,RATCH,Energy,-5877.880000000004
2026-03-26,44.43,30.5,74.93,13.94,36.31,RATCH,Energy,-5863.940000000004
2026-03-27,54.45,41.55,96.0,12.89,40.85,RATCH,Energy,-5851.050000000004
2026-03-30,36.4,29.61,66.01,6.79,31.05,RATCH,Energy,-5844.260000000004
2026-03-31,40.3,25.99,66.28,14.31,32.33,RATCH,Energy,-5829.9500000000035
2026-04-01,59.23,42.93,102.16,16.3,33.08,RATCH,Energy,-5813.650000000003
2026-04-02,7.14,3.89,11.03,3.24,29.86,RATCH,Energy,-5810.4100000000035
2026-04-03,19.09,26.71,45.8,-7.62,29.47,RATCH,Energy,-5818.030000000003
2026-04-07,51.41,37.25,88.66,14.16,32.59,RATCH,Energy,-5803.8700000000035
2026-04-08,21.56,7.19,28.76,14.37,35.5,RATCH,Energy,-5789.500000000004
2026-04-09,16.21,28.91,45.12,-12.7,52.1,RATCH,Energy,-5802.2000000000035
2026-04-10,34.3,28.26,62.56,6.04,36.69,RATCH,Energy,-5796.1600000000035
2026-04-16,61.04,55.95,117.0,5.09,41.15,RATCH,Energy,-5791.070000000003
2026-04-17,27.1,32.44,59.54,-5.35,42.85,RATCH,Energy,-5796.420000000004
2026-04-20,21.04,24.54,45.58,-3.5,34.33,RATCH,Energy,-5799.920000000004
2026-04-21,16.49,14.16,30.64,2.33,21.0,RATCH,Energy,-5797.590000000004
2026-04-22,15.34,25.67,41.01,-10.33,32.13,RATCH,Energy,-5807.920000000004
2026-04-23,41.07,49.81,90.88,-8.74,41.72,RATCH,Energy,-5816.6600000000035
2026-04-24,17.28,10.82,28.09,6.46,30.43,RATCH,Energy,-5810.2000000000035
2026-04-27,33.49,27.25,60.73,6.24,29.15,RATCH,Energy,-5803.960000000004
2026-04-28,34.4,36.57,70.97,-2.17,42.62,RATCH,Energy,-5806.130000000004
2026-04-29,24.23,26.7,50.92,-2.47,23.39,RATCH,Energy,-5808.600000000004
2026-04-30,10.36,34.14,44.51,-23.78,45.16,RATCH,Energy,-5832.380000000004
2026-05-05,18.4,13.27,31.67,5.13,26.61,RATCH,Energy,-5827.250000000004
2026-05-06,68.97,25.41,94.37,43.56,32.61,RATCH,Energy,-5783.690000000003
2026-05-07,41.37,41.78,83.15,-0.41,39.87,RATCH,Energy,-5784.100000000003
2026-05-08,31.72,47.5,79.21,-15.78,32.06,RATCH,Energy,-5799.880000000003
2026-05-11,22.48,14.41,36.89,8.06,32.09,RATCH,Energy,-5791.820000000002
2026-05-12,22.34,10.75,33.09,11.58,33.2,RATCH,Energy,-5780.2400000000025
2026-05-13,11.72,26.63,38.35,-14.91,29.71,RATCH,Energy,-5795.150000000002
2026-05-14,20.94,41.22,62.16,-20.28,30.68,RATCH,Energy,-5815.430000000002
2026-05-15,10.91,11.4,22.31,-0.49,37.67,RATCH,Energy,-5815.920000000002
2026-05-18,9.93,54.77,64.7,-44.84,42.79,RATCH,Energy,-5860.760000000002
2026-05-19,20.57,17.59,38.17,2.98,36.55,RATCH,Energy,-5857.7800000000025
2026-05-20,6.34,5.5,11.84,0.85,29.61,RATCH,Energy,-5856.930000000002
2026-05-21,13.94,7.44,21.38,6.5,33.43,RATCH,Energy,-5850.430000000002
2026-05-22,33.73,14.26,47.99,19.47,35.25,RATCH,Energy,-5830.960000000002
2026-05-25,53.48,38.75,92.23,14.73,32.07,RATCH,Energy,-5816.230000000002
2026-05-26,18.79,26.16,44.95,-7.37,27.91,RATCH,Energy,-5823.600000000002
2026-05-27,19.89,19.56,39.45,0.34,27.08,RATCH,Energy,-5823.260000000002
2026-05-28,20.91,18.71,39.62,2.21,30.64,RATCH,Energy,-5821.050000000002
2026-05-29,36.35,19.2,55.55,17.16,51.04,RATCH,Energy,-5803.890000000002
2026-06-02,37.4,27.69,65.09,9.71,32.3,RATCH,Energy,-5794.180000000002
2026-06-04,36.31,20.52,56.83,15.79,30.19,RATCH,Energy,-5778.390000000002
2026-06-05,73.37,44.22,117.58,29.15,30.88,RATCH,Energy,-5749.2400000000025
2026-06-08,17.74,25.24,42.98,-7.5,30.69,RATCH,Energy,-5756.7400000000025
2026-06-09,6.67,17.59,24.26,-10.92,24.22,RATCH,Energy,-5767.660000000003
2026-06-10,15.86,16.23,32.08,-0.37,39.01,RATCH,Energy,-5768.0300000000025
2026-06-11,29.19,32.48,61.67,-3.3,33.31,RATCH,Energy,-5771.330000000003
2026-06-12,22.79,22.95,45.74,-0.16,28.87,RATCH,Energy,-5771.4900000000025
2026-06-15,82.1,39.96,122.06,42.14,33.69,RATCH,Energy,-5729.350000000002
2026-06-16,33.79,26.42,60.22,7.37,41.11,RATCH,Energy,-5721.980000000002
2026-06-17,65.08,23.06,88.14,42.02,35.47,RATCH,Energy,-5679.960000000002
2026-06-18,60.34,45.61,105.95,14.74,38.95,RATCH,Energy,-5665.220000000002
2026-06-19,132.82,117.34,250.17,15.48,48.44,RATCH,Energy,-5649.7400000000025
2026-06-22,20.84,23.44,44.28,-2.6,28.56,RATCH,Energy,-5652.340000000003
2026-06-23,30.93,51.05,81.99,-20.12,32.4,RATCH,Energy,-5672.460000000003
2026-06-24,13.95,36.45,50.4,-22.5,29.47,RATCH,Energy,-5694.960000000003
2026-06-25,29.16,25.5,54.66,3.67,39.37,RATCH,Energy,-5691.290000000003
2026-06-26,54.04,31.75,85.8,22.29,45.9,RATCH,Energy,-5669.000000000003
2026-06-29,46.29,46.59,92.87,-0.3,36.1,RATCH,Energy,-5669.300000000003
2026-06-30,80.25,75.29,155.54,4.96,34.57,RATCH,Energy,-5664.340000000003
2026-07-01,37.3,35.83,73.14,1.47,33.23,RATCH,Energy,-5662.870000000003
2026-07-02,36.08,41.59,77.66,-5.51,25.08,RATCH,Energy,-5668.380000000003
2026-07-03,214.65,123.25,337.9,91.39,26.05,RATCH,Energy,-5576.9900000000025
2026-07-06,189.99,168.61,358.59,21.38,23.12,RATCH,Energy,-5555.610000000002
2026-07-07,102.33,142.02,244.36,-39.69,25.33,RATCH,Energy,-5595.300000000002
2026-07-08,179.79,94.33,274.12,85.46,24.7,RATCH,Energy,-5509.840000000002
2026-07-09,70.76,86.75,157.51,-15.99,26.18,RATCH,Energy,-5525.830000000002
2026-07-10,270.23,204.17,474.41,66.06,29.08,RATCH,Energy,-5459.770000000001
2026-07-13,87.63,154.17,241.8,-66.54,28.17,RATCH,Energy,-5526.310000000001
2026-07-14,120.43,141.18,261.61,-20.75,24.48,RATCH,Energy,-5547.060000000001
2026-07-15,53.09,51.85,104.94,1.24,22.7,RATCH,Energy,-5545.8200000000015
2026-07-16,114.07,114.88,228.95,-0.81,26.09,RATCH,Energy,-5546.630000000002
2026-07-17,80.01,86.06,166.07,-6.05,26.41,RATCH,Energy,-5552.680000000002
2026-07-20,74.95,38.69,113.64,36.26,35.86,RATCH,Energy,-5516.420000000002
2026-07-21,280.94,128.83,409.76,152.11,30.07,RATCH,Energy,-5364.310000000002
2026-07-22,244.7,206.87,451.58,37.83,36.66,RATCH,Energy,-5326.480000000002
2026-07-23,121.45,79.7,201.15,41.76,36.69,RATCH,Energy,-5284.720000000002
2026-07-24,170.27,71.02,241.29,99.25,42.19,RATCH,Energy,-5185.470000000002
2026-07-27,61.94,61.12,123.06,0.82,35.32,RATCH,Energy,-5184.650000000002
2026-07-30,115.42,72.67,188.09,42.74,34.93,RATCH,Energy,-5141.910000000003
2026-07-31,111.11,132.08,243.19,-20.98,36.55,RATCH,Energy,-5162.890000000002
2026-08-03,56.83,65.19,122.02,-8.35,29.61,RATCH,Energy,-5171.2400000000025
2026-08-04,85.11,46.93,132.05,38.18,29.65,RATCH,Energy,-5133.060000000002
2026-08-05,68.64,56.41,125.05,12.23,31.42,RATCH,Energy,-5120.830000000003
