date,buy_mb,sell_mb,buy_sell_mb,net_mb,nvdr_pct,symbol,sector,cumulative_net_mb
2020-01-03,0.25,0.0,0.25,0.25,11.18,RCL,Trans,0.25
2020-01-06,0.0,0.0,0.0,0.0,0.15,RCL,Trans,0.25
2020-01-07,0.04,0.0,0.04,0.04,6.56,RCL,Trans,0.29
2020-01-08,0.34,0.0,0.34,0.34,9.13,RCL,Trans,0.63
2020-01-09,0.0,0.0,0.0,0.0,0.02,RCL,Trans,0.63
2020-01-10,0.09,0.0,0.09,0.09,10.06,RCL,Trans,0.72
2020-01-13,0.03,0.0,0.03,0.03,4.55,RCL,Trans,0.75
2020-01-14,0.07,0.0,0.07,0.07,6.88,RCL,Trans,0.8200000000000001
2020-01-15,0.03,0.03,0.06,0.01,5.74,RCL,Trans,0.8300000000000001
2020-01-16,0.08,0.07,0.15,0.01,11.51,RCL,Trans,0.8400000000000001
2020-01-17,0.03,0.0,0.03,0.03,1.94,RCL,Trans,0.8700000000000001
2020-01-20,0.07,0.0,0.07,0.07,11.65,RCL,Trans,0.9400000000000002
2020-01-21,0.07,0.0,0.07,0.07,11.94,RCL,Trans,1.0100000000000002
2020-01-22,0.23,0.0,0.23,0.23,16.99,RCL,Trans,1.2400000000000002
2020-01-23,0.06,0.0,0.06,0.06,7.77,RCL,Trans,1.3000000000000003
2020-01-27,0.29,0.07,0.36,0.22,15.44,RCL,Trans,1.5200000000000002
2020-01-28,0.27,0.04,0.3,0.23,6.99,RCL,Trans,1.7500000000000002
2020-01-29,0.17,0.03,0.2,0.14,4.78,RCL,Trans,1.8900000000000001
2020-01-30,0.01,0.0,0.01,0.01,0.48,RCL,Trans,1.9000000000000001
2020-01-31,0.22,0.0,0.22,0.22,12.29,RCL,Trans,2.12
2020-02-03,0.06,0.0,0.06,0.06,1.81,RCL,Trans,2.18
2020-02-04,0.0,0.01,0.01,-0.01,2.81,RCL,Trans,2.1700000000000004
2020-02-05,0.0,0.0,0.0,-0.0,0.02,RCL,Trans,2.1700000000000004
2020-02-07,0.04,0.06,0.1,-0.03,6.24,RCL,Trans,2.1400000000000006
2020-02-11,0.03,0.0,0.03,0.03,2.62,RCL,Trans,2.1700000000000004
2020-02-14,0.0,0.0,0.0,-0.0,0.06,RCL,Trans,2.1700000000000004
2020-02-18,0.0,0.0,0.0,0.0,0.12,RCL,Trans,2.1700000000000004
2020-02-19,0.0,0.0,0.0,0.0,0.18,RCL,Trans,2.1700000000000004
2020-02-20,0.0,0.0,0.0,0.0,0.03,RCL,Trans,2.1700000000000004
2020-02-21,0.0,0.0,0.0,0.0,0.19,RCL,Trans,2.1700000000000004
2020-02-24,0.0,0.0,0.0,0.0,0.04,RCL,Trans,2.1700000000000004
2020-02-25,0.11,0.0,0.11,0.11,5.21,RCL,Trans,2.2800000000000002
2020-02-26,0.0,0.0,0.0,-0.0,0.27,RCL,Trans,2.2800000000000002
2020-02-27,0.01,0.0,0.01,0.01,0.54,RCL,Trans,2.29
2020-02-28,0.0,0.0,0.0,0.0,0.01,RCL,Trans,2.29
2020-03-02,0.02,0.02,0.05,-0.0,3.99,RCL,Trans,2.29
2020-03-03,0.02,0.0,0.02,0.02,4.99,RCL,Trans,2.31
2020-03-04,0.12,0.02,0.15,0.1,16.46,RCL,Trans,2.41
2020-03-05,0.0,0.0,0.0,0.0,0.02,RCL,Trans,2.41
2020-03-06,0.18,0.0,0.18,0.18,11.37,RCL,Trans,2.5900000000000003
2020-03-09,0.18,0.0,0.18,0.18,3.35,RCL,Trans,2.7700000000000005
2020-03-10,0.02,0.0,0.03,0.02,0.83,RCL,Trans,2.7900000000000005
2020-03-11,0.01,0.0,0.01,0.01,1.26,RCL,Trans,2.8000000000000003
2020-03-12,0.02,0.07,0.09,-0.04,5.08,RCL,Trans,2.7600000000000002
2020-03-13,0.07,0.04,0.11,0.03,1.99,RCL,Trans,2.79
2020-03-16,0.1,0.0,0.1,0.1,2.16,RCL,Trans,2.89
2020-03-17,0.0,0.0,0.0,0.0,0.14,RCL,Trans,2.89
2020-03-18,0.01,0.0,0.01,0.01,0.42,RCL,Trans,2.9
2020-03-20,0.0,0.0,0.0,0.0,0.12,RCL,Trans,2.9
2020-03-23,0.0,0.0,0.0,0.0,0.07,RCL,Trans,2.9
2020-03-24,0.0,0.0,0.0,0.0,0.11,RCL,Trans,2.9
2020-03-25,0.0,0.0,0.0,0.0,0.13,RCL,Trans,2.9
2020-03-27,0.0,0.01,0.01,-0.01,0.96,RCL,Trans,2.89
2020-03-31,0.02,0.0,0.02,0.02,1.57,RCL,Trans,2.91
2020-04-01,0.09,0.0,0.09,0.09,3.01,RCL,Trans,3.0
2020-04-02,0.01,0.04,0.04,-0.03,0.99,RCL,Trans,2.97
2020-04-03,0.01,0.0,0.01,0.01,0.43,RCL,Trans,2.98
2020-04-07,0.0,0.0,0.0,0.0,0.01,RCL,Trans,2.98
2020-04-08,0.01,0.0,0.01,0.01,0.14,RCL,Trans,2.9899999999999998
2020-04-09,0.02,0.01,0.03,0.01,0.55,RCL,Trans,2.9999999999999996
2020-04-13,0.05,0.12,0.17,-0.07,6.77,RCL,Trans,2.9299999999999997
2020-04-14,0.16,0.05,0.21,0.1,2.85,RCL,Trans,3.03
2020-04-15,0.05,0.15,0.2,-0.1,1.65,RCL,Trans,2.9299999999999997
2020-04-16,0.0,0.0,0.0,-0.0,0.05,RCL,Trans,2.9299999999999997
2020-04-17,0.04,0.01,0.05,0.03,1.87,RCL,Trans,2.9599999999999995
2020-04-20,0.06,0.0,0.06,0.06,2.4,RCL,Trans,3.0199999999999996
2020-04-21,0.04,0.0,0.04,0.04,2.03,RCL,Trans,3.0599999999999996
2020-04-22,0.1,0.09,0.19,0.01,2.65,RCL,Trans,3.0699999999999994
2020-04-23,0.2,0.01,0.21,0.19,2.76,RCL,Trans,3.2599999999999993
2020-04-24,0.0,0.03,0.03,-0.03,0.41,RCL,Trans,3.2299999999999995
2020-04-27,0.0,0.08,0.08,-0.08,3.81,RCL,Trans,3.1499999999999995
2020-04-29,0.0,0.17,0.17,-0.17,4.07,RCL,Trans,2.9799999999999995
2020-04-30,0.0,0.04,0.04,-0.04,2.5,RCL,Trans,2.9399999999999995
2020-05-05,0.01,0.06,0.07,-0.05,2.5,RCL,Trans,2.8899999999999997
2020-05-07,0.0,0.04,0.04,-0.04,3.16,RCL,Trans,2.8499999999999996
2020-05-08,0.02,0.02,0.04,0.01,3.62,RCL,Trans,2.8599999999999994
2020-05-11,0.0,0.03,0.03,-0.03,1.93,RCL,Trans,2.8299999999999996
2020-05-12,0.04,0.04,0.08,-0.0,2.8,RCL,Trans,2.8299999999999996
2020-05-13,0.0,0.04,0.04,-0.04,1.44,RCL,Trans,2.7899999999999996
2020-05-14,0.0,0.06,0.06,-0.06,2.98,RCL,Trans,2.7299999999999995
2020-05-19,0.16,0.08,0.24,0.09,4.55,RCL,Trans,2.8199999999999994
2020-05-20,0.0,0.0,0.0,0.0,0.05,RCL,Trans,2.8199999999999994
2020-05-21,0.0,0.0,0.0,0.0,0.04,RCL,Trans,2.8199999999999994
2020-05-22,0.0,0.0,0.0,0.0,0.03,RCL,Trans,2.8199999999999994
2020-05-25,0.03,0.01,0.05,0.02,2.65,RCL,Trans,2.8399999999999994
2020-05-26,0.01,0.01,0.01,0.0,0.57,RCL,Trans,2.8399999999999994
2020-05-27,0.0,0.05,0.05,-0.05,2.55,RCL,Trans,2.7899999999999996
2020-05-28,0.14,0.01,0.15,0.14,4.73,RCL,Trans,2.9299999999999997
2020-05-29,0.02,0.0,0.02,0.02,0.95,RCL,Trans,2.9499999999999997
2020-06-01,0.0,0.01,0.01,-0.01,0.52,RCL,Trans,2.94
2020-06-02,0.03,0.0,0.03,0.03,0.77,RCL,Trans,2.9699999999999998
2020-06-04,0.35,0.32,0.67,0.04,2.28,RCL,Trans,3.01
2020-06-05,0.1,0.05,0.14,0.05,2.76,RCL,Trans,3.0599999999999996
2020-06-08,0.09,0.02,0.1,0.07,1.85,RCL,Trans,3.1299999999999994
2020-06-09,0.02,0.04,0.05,-0.02,1.09,RCL,Trans,3.1099999999999994
2020-06-10,0.11,0.0,0.11,0.11,4.67,RCL,Trans,3.2199999999999993
2020-06-11,0.03,0.09,0.13,-0.06,4.42,RCL,Trans,3.1599999999999993
2020-06-12,0.11,0.02,0.12,0.09,2.65,RCL,Trans,3.249999999999999
2020-06-15,0.0,0.06,0.06,-0.05,0.4,RCL,Trans,3.1999999999999993
2020-06-16,0.1,0.04,0.13,0.06,3.12,RCL,Trans,3.2599999999999993
2020-06-17,0.76,0.5,1.26,0.27,9.22,RCL,Trans,3.5299999999999994
2020-06-18,0.18,0.44,0.62,-0.26,4.63,RCL,Trans,3.2699999999999996
2020-06-19,20.78,16.18,36.96,4.6,19.72,RCL,Trans,7.869999999999999
2020-06-22,0.11,0.63,0.74,-0.52,3.68,RCL,Trans,7.35
2020-06-23,0.11,0.42,0.54,-0.31,8.62,RCL,Trans,7.04
2020-06-24,0.56,0.74,1.29,-0.18,8.82,RCL,Trans,6.86
2020-06-25,0.04,0.12,0.15,-0.08,2.3,RCL,Trans,6.78
2020-06-26,0.04,0.0,0.04,0.04,1.93,RCL,Trans,6.82
2020-06-29,0.03,0.11,0.14,-0.08,2.98,RCL,Trans,6.74
2020-06-30,0.08,0.04,0.12,0.05,3.41,RCL,Trans,6.79
2020-07-01,0.15,0.0,0.15,0.15,5.84,RCL,Trans,6.94
2020-07-02,0.07,0.0,0.08,0.07,1.57,RCL,Trans,7.010000000000001
2020-07-03,0.1,0.0,0.1,0.1,3.12,RCL,Trans,7.11
2020-07-07,0.2,0.2,0.4,-0.01,6.11,RCL,Trans,7.1000000000000005
2020-07-08,0.01,0.02,0.04,-0.01,1.91,RCL,Trans,7.090000000000001
2020-07-09,0.06,0.06,0.11,0.0,4.32,RCL,Trans,7.090000000000001
2020-07-10,0.13,0.13,0.27,-0.0,7.89,RCL,Trans,7.090000000000001
2020-07-13,0.0,0.35,0.35,-0.35,14.74,RCL,Trans,6.740000000000001
2020-07-14,0.02,0.0,0.02,0.01,0.33,RCL,Trans,6.750000000000001
2020-07-15,0.09,0.03,0.12,0.06,3.98,RCL,Trans,6.8100000000000005
2020-07-16,0.03,0.03,0.06,-0.0,1.11,RCL,Trans,6.8100000000000005
2020-07-17,0.0,0.15,0.15,-0.15,6.5,RCL,Trans,6.66
2020-07-20,0.05,0.21,0.26,-0.16,3.51,RCL,Trans,6.5
2020-07-21,0.03,0.0,0.03,0.03,0.42,RCL,Trans,6.53
2020-07-22,0.0,0.0,0.0,0.0,0.36,RCL,Trans,6.53
2020-07-23,0.02,0.0,0.02,0.02,0.93,RCL,Trans,6.55
2020-07-24,0.0,0.0,0.0,0.0,0.01,RCL,Trans,6.55
2020-07-29,0.01,0.0,0.01,0.01,0.39,RCL,Trans,6.56
2020-07-30,0.0,0.0,0.0,0.0,0.03,RCL,Trans,6.56
2020-07-31,0.05,0.04,0.09,0.01,3.59,RCL,Trans,6.569999999999999
2020-08-03,0.36,0.26,0.62,0.1,12.15,RCL,Trans,6.669999999999999
2020-08-04,0.01,0.14,0.15,-0.13,6.04,RCL,Trans,6.539999999999999
2020-08-05,0.0,0.1,0.1,-0.1,1.72,RCL,Trans,6.4399999999999995
2020-08-06,0.03,0.14,0.17,-0.11,6.72,RCL,Trans,6.329999999999999
2020-08-07,0.0,0.03,0.03,-0.03,2.34,RCL,Trans,6.299999999999999
2020-08-10,0.06,0.71,0.77,-0.66,15.74,RCL,Trans,5.639999999999999
2020-08-11,0.39,0.0,0.39,0.39,16.16,RCL,Trans,6.0299999999999985
2020-08-13,0.16,1.26,1.42,-1.1,19.56,RCL,Trans,4.929999999999998
2020-08-14,0.3,0.22,0.53,0.08,11.51,RCL,Trans,5.009999999999998
2020-08-17,0.0,0.14,0.14,-0.14,1.82,RCL,Trans,4.869999999999998
2020-08-18,1.06,0.86,1.93,0.2,2.86,RCL,Trans,5.0699999999999985
2020-08-19,0.19,0.13,0.31,0.06,3.13,RCL,Trans,5.129999999999998
2020-08-20,0.23,0.15,0.39,0.08,6.37,RCL,Trans,5.209999999999998
2020-08-21,0.94,0.13,1.07,0.81,11.26,RCL,Trans,6.019999999999998
2020-08-24,1.01,0.19,1.2,0.82,8.45,RCL,Trans,6.839999999999998
2020-08-25,0.05,0.29,0.34,-0.24,4.98,RCL,Trans,6.599999999999998
2020-08-26,0.35,0.98,1.33,-0.64,6.07,RCL,Trans,5.959999999999998
2020-08-27,0.2,0.25,0.46,-0.05,6.49,RCL,Trans,5.909999999999998
2020-08-28,0.06,0.13,0.19,-0.06,3.41,RCL,Trans,5.849999999999999
2020-08-31,0.09,0.59,0.68,-0.5,7.2,RCL,Trans,5.349999999999999
2020-09-01,0.08,0.82,0.9,-0.74,7.58,RCL,Trans,4.6099999999999985
2020-09-02,0.06,0.0,0.06,0.06,1.64,RCL,Trans,4.669999999999998
2020-09-03,0.74,0.39,1.13,0.36,5.04,RCL,Trans,5.0299999999999985
2020-09-08,1.47,1.94,3.41,-0.47,5.78,RCL,Trans,4.559999999999999
2020-09-09,0.68,0.38,1.06,0.3,5.81,RCL,Trans,4.8599999999999985
2020-09-10,8.66,7.79,16.45,0.87,13.7,RCL,Trans,5.729999999999999
2020-09-11,1.98,2.17,4.15,-0.19,7.75,RCL,Trans,5.539999999999998
2020-09-14,1.05,0.53,1.58,0.52,5.26,RCL,Trans,6.059999999999999
2020-09-15,1.65,1.35,3.0,0.31,10.13,RCL,Trans,6.369999999999998
2020-09-16,0.62,0.59,1.2,0.03,4.75,RCL,Trans,6.399999999999999
2020-09-17,0.33,0.82,1.15,-0.5,10.61,RCL,Trans,5.899999999999999
2020-09-18,0.68,0.99,1.66,-0.31,8.39,RCL,Trans,5.589999999999999
2020-09-21,12.74,3.99,16.73,8.75,15.63,RCL,Trans,14.34
2020-09-22,13.4,15.6,29.0,-2.21,14.56,RCL,Trans,12.129999999999999
2020-09-23,16.91,10.82,27.73,6.09,9.77,RCL,Trans,18.22
2020-09-24,6.11,8.62,14.73,-2.5,9.77,RCL,Trans,15.719999999999999
2020-09-25,1.58,1.28,2.86,0.3,5.47,RCL,Trans,16.02
2020-09-28,3.09,5.63,8.72,-2.54,11.58,RCL,Trans,13.48
2020-09-29,1.84,0.8,2.64,1.05,9.96,RCL,Trans,14.530000000000001
2020-09-30,12.5,5.0,17.5,7.5,13.58,RCL,Trans,22.03
2020-10-01,5.07,6.13,11.19,-1.06,13.41,RCL,Trans,20.970000000000002
2020-10-02,4.27,2.85,7.13,1.42,11.58,RCL,Trans,22.39
2020-10-05,1.89,1.28,3.16,0.61,13.42,RCL,Trans,23.0
2020-10-06,2.19,2.3,4.48,-0.11,9.96,RCL,Trans,22.89
2020-10-07,8.68,2.32,11.0,6.36,9.69,RCL,Trans,29.25
2020-10-08,3.18,6.62,9.8,-3.44,16.59,RCL,Trans,25.81
2020-10-09,2.86,3.33,6.19,-0.47,12.69,RCL,Trans,25.34
2020-10-12,1.85,1.86,3.71,-0.01,26.53,RCL,Trans,25.33
2020-10-14,0.55,0.62,1.18,-0.07,11.25,RCL,Trans,25.259999999999998
2020-10-15,3.51,4.98,8.49,-1.46,23.25,RCL,Trans,23.799999999999997
2020-10-16,5.86,2.27,8.13,3.59,12.35,RCL,Trans,27.389999999999997
2020-10-19,2.92,2.36,5.28,0.56,10.13,RCL,Trans,27.949999999999996
2020-10-20,4.75,2.81,7.56,1.94,28.69,RCL,Trans,29.889999999999997
2020-10-21,1.59,0.77,2.36,0.82,15.01,RCL,Trans,30.709999999999997
2020-10-22,9.22,9.22,18.44,0.01,15.45,RCL,Trans,30.72
2020-10-26,2.2,2.96,5.17,-0.76,11.63,RCL,Trans,29.959999999999997
2020-10-27,3.82,5.98,9.8,-2.16,15.57,RCL,Trans,27.799999999999997
2020-10-28,1.2,3.09,4.29,-1.89,7.87,RCL,Trans,25.909999999999997
2020-10-29,16.58,18.89,35.47,-2.32,11.21,RCL,Trans,23.589999999999996
2020-10-30,1.57,2.46,4.03,-0.89,10.11,RCL,Trans,22.699999999999996
2020-11-02,2.89,5.22,8.11,-2.33,15.02,RCL,Trans,20.369999999999997
2020-11-03,2.74,4.7,7.44,-1.97,8.6,RCL,Trans,18.4
2020-11-04,12.81,3.8,16.6,9.01,13.23,RCL,Trans,27.409999999999997
2020-11-05,14.4,9.35,23.75,5.05,14.26,RCL,Trans,32.459999999999994
2020-11-06,6.3,11.23,17.53,-4.94,11.07,RCL,Trans,27.519999999999992
2020-11-09,25.76,12.12,37.89,13.64,10.69,RCL,Trans,41.16
2020-11-10,14.13,14.68,28.81,-0.54,17.85,RCL,Trans,40.62
2020-11-11,23.18,20.74,43.92,2.44,14.79,RCL,Trans,43.059999999999995
2020-11-12,9.47,9.91,19.38,-0.44,15.49,RCL,Trans,42.62
2020-11-13,64.46,9.73,74.19,54.73,22.17,RCL,Trans,97.35
2020-11-16,10.98,33.2,44.18,-22.23,14.14,RCL,Trans,75.11999999999999
2020-11-17,14.71,9.79,24.5,4.93,14.81,RCL,Trans,80.04999999999998
2020-11-18,51.11,8.77,59.89,42.34,14.51,RCL,Trans,122.38999999999999
2020-11-19,14.42,10.13,24.55,4.3,12.69,RCL,Trans,126.68999999999998
2020-11-20,25.32,10.33,35.65,15.0,12.96,RCL,Trans,141.69
2020-11-23,28.17,40.4,68.57,-12.23,16.84,RCL,Trans,129.46
2020-11-24,34.84,10.88,45.72,23.96,16.3,RCL,Trans,153.42000000000002
2020-11-25,31.64,41.29,72.93,-9.65,21.82,RCL,Trans,143.77
2020-11-26,25.74,8.59,34.33,17.15,22.02,RCL,Trans,160.92000000000002
2020-11-27,19.51,18.76,38.27,0.74,27.85,RCL,Trans,161.66000000000003
2020-11-30,15.45,17.34,32.8,-1.89,25.36,RCL,Trans,159.77000000000004
2020-12-01,6.32,2.97,9.29,3.35,14.72,RCL,Trans,163.12000000000003
2020-12-02,22.18,14.19,36.37,7.99,17.74,RCL,Trans,171.11000000000004
2020-12-03,19.75,37.54,57.29,-17.79,18.02,RCL,Trans,153.32000000000005
2020-12-04,16.48,33.31,49.79,-16.82,20.36,RCL,Trans,136.50000000000006
2020-12-08,55.15,32.79,87.94,22.35,34.86,RCL,Trans,158.85000000000005
2020-12-09,9.69,13.7,23.39,-4.0,12.9,RCL,Trans,154.85000000000005
2020-12-14,104.14,60.35,164.49,43.8,15.79,RCL,Trans,198.65000000000003
2020-12-15,60.16,42.41,102.58,17.75,13.6,RCL,Trans,216.40000000000003
2020-12-16,19.96,37.49,57.45,-17.53,11.93,RCL,Trans,198.87000000000003
2020-12-17,77.9,15.96,93.85,61.94,18.44,RCL,Trans,260.81000000000006
2020-12-18,12.61,22.0,34.61,-9.39,7.73,RCL,Trans,251.42000000000007
2020-12-21,27.35,26.54,53.89,0.81,9.34,RCL,Trans,252.23000000000008
2020-12-22,24.04,30.47,54.52,-6.43,12.72,RCL,Trans,245.80000000000007
2020-12-23,19.02,19.68,38.69,-0.66,12.9,RCL,Trans,245.14000000000007
2020-12-24,86.26,24.62,110.88,61.63,25.42,RCL,Trans,306.7700000000001
2020-12-25,26.58,26.78,53.36,-0.2,14.2,RCL,Trans,306.5700000000001
2020-12-28,87.25,33.29,120.54,53.95,27.54,RCL,Trans,360.5200000000001
2020-12-29,80.88,38.13,119.02,42.75,13.69,RCL,Trans,403.2700000000001
2020-12-30,25.3,27.8,53.1,-2.49,17.1,RCL,Trans,400.7800000000001
2021-01-04,227.49,56.83,284.32,170.66,21.2,RCL,Trans,571.44
2021-01-05,48.4,106.45,154.85,-58.05,13.89,RCL,Trans,513.3900000000001
2021-01-06,97.28,119.19,216.47,-21.91,20.09,RCL,Trans,491.4800000000001
2021-01-07,33.69,71.68,105.37,-37.99,15.21,RCL,Trans,453.49000000000007
2021-01-08,63.57,84.17,147.74,-20.6,15.02,RCL,Trans,432.89000000000004
2021-01-11,130.06,28.82,158.87,101.24,31.25,RCL,Trans,534.13
2021-01-12,18.44,29.1,47.55,-10.66,16.61,RCL,Trans,523.47
2021-01-13,38.17,31.74,69.91,6.44,22.55,RCL,Trans,529.9100000000001
2021-01-14,42.65,30.32,72.97,12.32,19.85,RCL,Trans,542.2300000000001
2021-01-15,14.49,24.0,38.49,-9.52,16.4,RCL,Trans,532.7100000000002
2021-01-18,180.36,68.92,249.28,111.45,20.85,RCL,Trans,644.1600000000002
2021-01-19,21.93,93.94,115.86,-72.01,21.42,RCL,Trans,572.1500000000002
2021-01-20,19.87,54.99,74.85,-35.12,21.15,RCL,Trans,537.0300000000002
2021-01-21,11.21,23.22,34.42,-12.01,20.1,RCL,Trans,525.0200000000002
2021-01-22,20.18,24.94,45.12,-4.76,9.1,RCL,Trans,520.2600000000002
2021-01-25,12.7,23.85,36.55,-11.15,15.77,RCL,Trans,509.11000000000024
2021-01-26,10.31,24.64,34.94,-14.33,14.48,RCL,Trans,494.78000000000026
2021-01-27,28.62,46.15,74.77,-17.53,16.44,RCL,Trans,477.2500000000002
2021-01-28,9.87,23.39,33.26,-13.52,17.12,RCL,Trans,463.73000000000025
2021-01-29,6.97,26.94,33.91,-19.97,16.86,RCL,Trans,443.7600000000002
2021-02-01,9.08,26.32,35.4,-17.23,16.85,RCL,Trans,426.5300000000002
2021-02-02,20.96,27.01,47.96,-6.05,16.46,RCL,Trans,420.4800000000002
2021-02-03,23.46,14.31,37.77,9.15,15.22,RCL,Trans,429.63000000000017
2021-02-04,18.18,26.61,44.8,-8.43,27.13,RCL,Trans,421.20000000000016
2021-02-05,37.3,23.08,60.38,14.23,22.32,RCL,Trans,435.4300000000002
2021-02-08,44.18,60.01,104.2,-15.83,17.58,RCL,Trans,419.6000000000002
2021-02-09,38.91,45.52,84.43,-6.62,23.44,RCL,Trans,412.9800000000002
2021-02-10,40.24,43.53,83.77,-3.3,15.76,RCL,Trans,409.6800000000002
2021-02-11,12.58,32.46,45.04,-19.88,23.65,RCL,Trans,389.8000000000002
2021-02-15,20.36,19.19,39.55,1.16,13.75,RCL,Trans,390.9600000000002
2021-02-16,19.0,40.82,59.81,-21.82,32.73,RCL,Trans,369.1400000000002
2021-02-17,93.91,7.14,101.06,86.77,15.89,RCL,Trans,455.9100000000002
2021-02-18,23.65,62.09,85.74,-38.44,20.07,RCL,Trans,417.4700000000002
2021-02-19,27.82,29.16,56.98,-1.34,21.14,RCL,Trans,416.1300000000002
2021-02-22,221.88,40.72,262.6,181.15,21.24,RCL,Trans,597.2800000000002
2021-02-23,17.08,74.75,91.83,-57.67,20.42,RCL,Trans,539.6100000000002
2021-02-24,213.41,54.67,268.09,158.74,18.25,RCL,Trans,698.3500000000003
2021-02-25,95.35,340.05,435.4,-244.69,9.23,RCL,Trans,453.66000000000025
2021-03-01,78.4,87.54,165.94,-9.14,14.57,RCL,Trans,444.52000000000027
2021-03-02,288.36,139.25,427.62,149.11,17.28,RCL,Trans,593.6300000000003
2021-03-03,179.21,234.89,414.1,-55.68,19.13,RCL,Trans,537.9500000000004
2021-03-04,115.32,62.42,177.74,52.91,19.01,RCL,Trans,590.8600000000004
2021-03-05,63.31,37.36,100.67,25.95,17.04,RCL,Trans,616.8100000000004
2021-03-08,234.1,78.75,312.85,155.35,20.58,RCL,Trans,772.1600000000004
2021-03-09,125.15,409.41,534.56,-284.26,20.88,RCL,Trans,487.90000000000043
2021-03-10,126.69,79.01,205.71,47.68,19.04,RCL,Trans,535.5800000000004
2021-03-11,30.42,51.18,81.6,-20.76,14.11,RCL,Trans,514.8200000000004
2021-03-12,17.53,24.05,41.59,-6.52,12.66,RCL,Trans,508.3000000000004
2021-03-15,27.83,66.01,93.83,-38.18,22.75,RCL,Trans,470.1200000000004
2021-03-16,11.26,69.27,80.53,-58.01,14.41,RCL,Trans,412.1100000000004
2021-03-17,95.2,191.52,286.73,-96.32,17.38,RCL,Trans,315.7900000000004
2021-03-18,115.92,132.13,248.05,-16.21,31.68,RCL,Trans,299.58000000000044
2021-03-19,109.6,149.0,258.6,-39.4,20.49,RCL,Trans,260.18000000000046
2021-03-22,88.68,36.14,124.82,52.54,13.42,RCL,Trans,312.7200000000005
2021-03-23,41.16,94.4,135.56,-53.24,14.49,RCL,Trans,259.4800000000005
2021-03-24,84.61,19.53,104.14,65.09,16.58,RCL,Trans,324.5700000000005
2021-03-25,32.77,50.95,83.72,-18.19,15.21,RCL,Trans,306.3800000000005
2021-03-26,45.74,56.25,101.99,-10.51,23.05,RCL,Trans,295.8700000000005
2021-03-29,76.68,53.6,130.28,23.08,14.16,RCL,Trans,318.9500000000005
2021-03-30,6.1,54.6,60.7,-48.5,19.35,RCL,Trans,270.4500000000005
2021-03-31,5.89,30.2,36.09,-24.31,7.99,RCL,Trans,246.1400000000005
2021-04-01,9.04,18.67,27.71,-9.62,14.01,RCL,Trans,236.5200000000005
2021-04-02,8.99,9.26,18.25,-0.27,9.61,RCL,Trans,236.25000000000048
2021-04-05,7.94,12.97,20.91,-5.03,10.16,RCL,Trans,231.22000000000048
2021-04-07,41.5,31.77,73.27,9.74,17.04,RCL,Trans,240.9600000000005
2021-04-08,152.95,42.28,195.22,110.67,16.07,RCL,Trans,351.6300000000005
2021-04-09,11.35,62.79,74.14,-51.44,13.57,RCL,Trans,300.1900000000005
2021-04-12,4.69,70.1,74.8,-65.41,19.22,RCL,Trans,234.7800000000005
2021-04-16,182.65,20.34,203.0,162.31,17.57,RCL,Trans,397.0900000000005
2021-04-19,164.66,81.47,246.13,83.19,15.97,RCL,Trans,480.2800000000005
2021-04-20,175.17,101.23,276.4,73.94,18.69,RCL,Trans,554.2200000000005
2021-04-21,81.16,17.0,98.15,64.16,16.64,RCL,Trans,618.3800000000005
2021-04-22,303.48,99.45,402.94,204.03,19.82,RCL,Trans,822.4100000000004
2021-04-23,143.11,58.18,201.29,84.93,21.56,RCL,Trans,907.3400000000004
2021-04-26,219.41,137.1,356.52,82.31,20.75,RCL,Trans,989.6500000000003
2021-04-27,102.01,68.2,170.21,33.81,14.2,RCL,Trans,1023.4600000000003
2021-04-28,172.2,150.54,322.75,21.66,15.99,RCL,Trans,1045.1200000000003
2021-04-29,32.05,86.89,118.94,-54.85,15.66,RCL,Trans,990.2700000000003
2021-04-30,120.05,98.88,218.93,21.18,17.77,RCL,Trans,1011.4500000000003
2021-05-05,378.88,269.83,648.72,109.05,15.9,RCL,Trans,1120.5000000000002
2021-05-06,33.32,276.11,309.43,-242.8,21.9,RCL,Trans,877.7000000000003
2021-05-07,167.17,232.61,399.78,-65.44,28.44,RCL,Trans,812.2600000000002
2021-05-10,64.71,274.9,339.62,-210.19,27.71,RCL,Trans,602.0700000000002
2021-05-11,56.33,107.95,164.28,-51.62,18.37,RCL,Trans,550.4500000000002
2021-05-12,37.62,157.98,195.6,-120.36,26.43,RCL,Trans,430.09000000000015
2021-05-13,170.49,167.41,337.91,3.08,17.72,RCL,Trans,433.17000000000013
2021-05-14,143.13,377.9,521.03,-234.77,12.79,RCL,Trans,198.40000000000012
2021-05-17,178.37,81.04,259.41,97.33,17.45,RCL,Trans,295.73000000000013
2021-05-18,595.24,359.3,954.54,235.95,18.96,RCL,Trans,531.6800000000001
2021-05-19,101.13,484.18,585.3,-383.05,25.75,RCL,Trans,148.63000000000005
2021-05-20,116.96,285.27,402.23,-168.3,23.2,RCL,Trans,-19.66999999999996
2021-05-21,87.03,77.6,164.62,9.43,21.21,RCL,Trans,-10.23999999999996
2021-05-24,88.13,79.19,167.32,8.93,16.07,RCL,Trans,-1.3099999999999596
2021-05-25,333.92,196.16,530.08,137.76,19.93,RCL,Trans,136.45000000000005
2021-05-27,330.99,338.72,669.71,-7.73,28.75,RCL,Trans,128.72000000000006
2021-05-28,947.04,350.12,1297.16,596.93,27.9,RCL,Trans,725.65
2021-05-31,287.57,333.75,621.32,-46.17,16.72,RCL,Trans,679.48
2021-06-01,174.73,433.59,608.33,-258.86,17.93,RCL,Trans,420.62
2021-06-02,221.62,156.09,377.71,65.53,14.76,RCL,Trans,486.15
2021-06-04,211.09,584.88,795.97,-373.78,20.72,RCL,Trans,112.37
2021-06-07,104.97,173.88,278.85,-68.91,15.36,RCL,Trans,43.46000000000001
2021-06-08,100.02,174.57,274.58,-74.55,22.49,RCL,Trans,-31.08999999999999
2021-06-09,229.16,59.45,288.61,169.71,19.93,RCL,Trans,138.62
2021-06-10,1350.43,622.69,1973.12,727.75,31.23,RCL,Trans,866.37
2021-06-11,325.31,1694.72,2020.03,-1369.41,17.04,RCL,Trans,-503.0400000000001
2021-06-14,245.37,188.65,434.02,56.72,13.02,RCL,Trans,-446.32000000000005
2021-06-15,153.28,90.06,243.34,63.22,15.66,RCL,Trans,-383.1
2021-06-16,132.48,180.79,313.27,-48.31,18.55,RCL,Trans,-431.41
2021-06-17,277.05,211.46,488.51,65.59,17.79,RCL,Trans,-365.82000000000005
2021-06-18,150.1,46.77,196.87,103.33,19.06,RCL,Trans,-262.49000000000007
2021-06-21,95.01,52.84,147.85,42.16,12.98,RCL,Trans,-220.33000000000007
2021-06-22,253.82,199.67,453.49,54.15,12.71,RCL,Trans,-166.18000000000006
2021-06-23,998.48,454.65,1453.13,543.84,19.66,RCL,Trans,377.65999999999997
2021-06-24,859.77,277.53,1137.3,582.24,17.97,RCL,Trans,959.9
2021-06-25,309.52,433.42,742.94,-123.91,21.91,RCL,Trans,835.99
2021-06-28,319.95,412.04,731.99,-92.09,20.05,RCL,Trans,743.9
2021-06-29,307.27,367.54,674.81,-60.27,14.41,RCL,Trans,683.63
2021-06-30,479.18,491.04,970.21,-11.86,21.78,RCL,Trans,671.77
2021-07-01,87.47,134.46,221.92,-46.99,14.92,RCL,Trans,624.78
2021-07-02,190.54,243.82,434.36,-53.28,24.13,RCL,Trans,571.5
2021-07-05,130.13,101.48,231.62,28.65,21.55,RCL,Trans,600.15
2021-07-06,428.52,170.01,598.53,258.52,25.84,RCL,Trans,858.67
2021-07-07,104.12,137.8,241.92,-33.68,19.31,RCL,Trans,824.99
2021-07-08,490.99,202.61,693.59,288.38,17.25,RCL,Trans,1113.37
2021-07-09,126.72,389.21,515.93,-262.49,21.4,RCL,Trans,850.8799999999999
2021-07-12,27.6,98.73,126.34,-71.13,14.27,RCL,Trans,779.7499999999999
2021-07-13,221.07,110.9,331.97,110.17,20.32,RCL,Trans,889.9199999999998
2021-07-14,52.73,140.55,193.29,-87.82,23.3,RCL,Trans,802.0999999999999
2021-07-15,59.38,150.75,210.12,-91.37,18.52,RCL,Trans,710.7299999999999
2021-07-16,614.05,321.78,935.83,292.27,24.48,RCL,Trans,1002.9999999999999
2021-07-19,133.86,641.42,775.28,-507.56,26.83,RCL,Trans,495.4399999999999
2021-07-20,66.44,91.94,158.37,-25.5,11.88,RCL,Trans,469.9399999999999
2021-07-21,212.02,219.65,431.67,-7.63,26.59,RCL,Trans,462.3099999999999
2021-07-22,54.44,82.61,137.04,-28.17,22.76,RCL,Trans,434.1399999999999
2021-07-23,455.41,179.14,634.56,276.27,27.3,RCL,Trans,710.4099999999999
2021-07-27,473.02,506.38,979.4,-33.36,21.51,RCL,Trans,677.0499999999998
2021-07-29,144.82,112.18,257.0,32.65,18.67,RCL,Trans,709.6999999999998
2021-07-30,295.47,81.16,376.63,214.3,27.08,RCL,Trans,923.9999999999998
2021-08-02,434.71,149.0,583.71,285.71,20.95,RCL,Trans,1209.7099999999998
2021-08-03,143.44,514.43,657.86,-370.99,24.52,RCL,Trans,838.7199999999998
2021-08-04,78.96,59.29,138.25,19.66,20.3,RCL,Trans,858.3799999999998
2021-08-05,180.56,110.46,291.02,70.1,20.86,RCL,Trans,928.4799999999998
2021-08-06,124.21,107.78,231.99,16.42,18.76,RCL,Trans,944.8999999999997
2021-08-09,686.8,198.18,884.98,488.62,27.27,RCL,Trans,1433.5199999999998
2021-08-10,403.07,188.17,591.24,214.9,28.03,RCL,Trans,1648.4199999999998
2021-08-11,208.94,161.31,370.25,47.63,24.63,RCL,Trans,1696.05
2021-08-13,230.2,520.35,750.54,-290.15,19.3,RCL,Trans,1405.9
2021-08-16,257.93,111.34,369.26,146.59,25.38,RCL,Trans,1552.49
2021-08-17,524.59,184.06,708.65,340.53,27.2,RCL,Trans,1893.02
2021-08-18,81.19,168.32,249.51,-87.13,24.2,RCL,Trans,1805.8899999999999
2021-08-19,354.52,206.85,561.37,147.67,27.62,RCL,Trans,1953.56
2021-08-20,68.7,103.65,172.35,-34.95,21.47,RCL,Trans,1918.61
2021-08-23,106.9,723.66,830.56,-616.76,24.63,RCL,Trans,1301.85
2021-08-24,106.86,147.96,254.82,-41.1,23.54,RCL,Trans,1260.75
2021-08-25,137.1,94.58,231.68,42.51,25.22,RCL,Trans,1303.26
2021-08-26,368.41,117.66,486.07,250.75,23.0,RCL,Trans,1554.01
2021-08-27,94.69,86.95,181.64,7.73,21.04,RCL,Trans,1561.74
2021-08-30,8.09,80.19,88.28,-72.09,17.61,RCL,Trans,1489.65
2021-08-31,51.05,111.53,162.57,-60.48,27.38,RCL,Trans,1429.17
2021-09-01,52.77,191.76,244.53,-139.0,16.81,RCL,Trans,1290.17
2021-09-02,81.27,208.25,289.51,-126.98,16.8,RCL,Trans,1163.19
2021-09-03,35.22,87.78,123.0,-52.56,17.04,RCL,Trans,1110.63
2021-09-06,85.63,136.96,222.58,-51.33,18.99,RCL,Trans,1059.3000000000002
2021-09-07,208.23,184.96,393.19,23.27,20.05,RCL,Trans,1082.5700000000002
2021-09-08,190.67,334.35,525.01,-143.68,24.49,RCL,Trans,938.8900000000001
2021-09-09,102.31,138.92,241.22,-36.61,25.76,RCL,Trans,902.2800000000001
2021-09-10,143.88,77.52,221.4,66.36,31.8,RCL,Trans,968.6400000000001
2021-09-13,53.71,51.83,105.54,1.88,20.43,RCL,Trans,970.5200000000001
2021-09-14,75.85,62.42,138.27,13.44,28.07,RCL,Trans,983.9600000000002
2021-09-15,58.29,43.98,102.27,14.32,26.48,RCL,Trans,998.2800000000002
2021-09-16,118.25,49.24,167.49,69.0,28.67,RCL,Trans,1067.2800000000002
2021-09-17,63.66,82.61,146.28,-18.95,24.19,RCL,Trans,1048.3300000000002
2021-09-20,147.71,181.07,328.78,-33.37,17.66,RCL,Trans,1014.9600000000002
2021-09-21,63.05,88.29,151.34,-25.23,21.47,RCL,Trans,989.7300000000001
2021-09-22,25.49,73.58,99.07,-48.09,27.34,RCL,Trans,941.6400000000001
2021-09-23,62.58,109.75,172.34,-47.17,19.28,RCL,Trans,894.4700000000001
2021-09-27,197.62,273.53,471.15,-75.91,34.05,RCL,Trans,818.5600000000002
2021-09-28,197.65,482.45,680.1,-284.8,28.86,RCL,Trans,533.7600000000002
2021-09-29,179.26,201.78,381.04,-22.52,24.68,RCL,Trans,511.24000000000024
2021-09-30,116.68,247.25,363.93,-130.57,31.88,RCL,Trans,380.67000000000024
2021-10-01,440.35,170.05,610.4,270.3,19.77,RCL,Trans,650.9700000000003
2021-10-04,121.97,405.23,527.2,-283.26,19.92,RCL,Trans,367.71000000000026
2021-10-05,253.3,185.1,438.4,68.2,31.57,RCL,Trans,435.91000000000025
2021-10-06,176.75,132.77,309.53,43.98,29.57,RCL,Trans,479.89000000000027
2021-10-07,89.26,149.07,238.32,-59.81,33.25,RCL,Trans,420.08000000000027
2021-10-08,150.3,110.89,261.19,39.41,25.49,RCL,Trans,459.49000000000024
2021-10-11,86.96,153.76,240.72,-66.79,26.88,RCL,Trans,392.7000000000002
2021-10-12,41.92,51.18,93.1,-9.25,23.46,RCL,Trans,383.4500000000002
2021-10-14,172.0,158.38,330.37,13.62,28.45,RCL,Trans,397.0700000000002
2021-10-15,296.77,167.31,464.08,129.46,25.28,RCL,Trans,526.5300000000002
2021-10-18,324.56,99.64,424.21,224.92,27.65,RCL,Trans,751.4500000000002
2021-10-19,87.32,97.55,184.87,-10.22,29.49,RCL,Trans,741.2300000000001
2021-10-20,151.86,87.45,239.31,64.41,30.03,RCL,Trans,805.6400000000001
2021-10-21,157.0,131.73,288.73,25.27,43.11,RCL,Trans,830.9100000000001
2021-10-25,47.92,81.5,129.42,-33.58,27.35,RCL,Trans,797.33
2021-10-26,25.77,14.5,40.27,11.28,17.6,RCL,Trans,808.61
2021-10-27,15.24,39.85,55.1,-24.61,23.33,RCL,Trans,784.0
2021-10-28,49.46,42.81,92.27,6.66,15.42,RCL,Trans,790.66
2021-10-29,33.04,67.86,100.9,-34.81,18.14,RCL,Trans,755.8499999999999
2021-11-01,28.74,112.3,141.03,-83.56,24.42,RCL,Trans,672.29
2021-11-02,28.91,38.88,67.8,-9.97,24.54,RCL,Trans,662.3199999999999
2021-11-03,27.72,112.12,139.84,-84.4,23.23,RCL,Trans,577.92
2021-11-04,140.09,80.15,220.24,59.94,36.03,RCL,Trans,637.8599999999999
2021-11-05,71.64,98.98,170.62,-27.34,20.92,RCL,Trans,610.5199999999999
2021-11-08,111.45,141.45,252.9,-30.01,27.92,RCL,Trans,580.5099999999999
2021-11-09,27.6,41.05,68.66,-13.45,17.98,RCL,Trans,567.0599999999998
2021-11-10,47.14,14.19,61.34,32.95,25.95,RCL,Trans,600.0099999999999
2021-11-11,6.16,29.42,35.58,-23.26,20.16,RCL,Trans,576.7499999999999
2021-11-12,15.79,11.21,27.0,4.58,25.67,RCL,Trans,581.3299999999999
2021-11-15,34.22,73.17,107.39,-38.96,26.79,RCL,Trans,542.3699999999999
2021-11-16,20.88,62.16,83.03,-41.28,14.65,RCL,Trans,501.0899999999999
2021-11-17,30.81,69.81,100.62,-39.0,14.77,RCL,Trans,462.0899999999999
2021-11-18,42.7,41.4,84.1,1.29,14.94,RCL,Trans,463.37999999999994
2021-11-19,31.19,43.16,74.35,-11.97,17.17,RCL,Trans,451.4099999999999
2021-11-22,60.66,14.12,74.78,46.55,26.52,RCL,Trans,497.9599999999999
2021-11-23,55.27,64.35,119.63,-9.08,28.97,RCL,Trans,488.87999999999994
2021-11-24,24.95,30.06,55.01,-5.11,23.39,RCL,Trans,483.7699999999999
2021-11-25,10.68,18.02,28.7,-7.34,21.32,RCL,Trans,476.42999999999995
2021-11-26,79.38,38.31,117.69,41.07,32.82,RCL,Trans,517.5
2021-11-29,165.08,121.83,286.9,43.25,29.78,RCL,Trans,560.75
2021-11-30,71.4,401.43,472.83,-330.03,31.75,RCL,Trans,230.72000000000003
2021-12-01,40.25,78.08,118.34,-37.83,32.42,RCL,Trans,192.89000000000004
2021-12-02,112.64,40.23,152.87,72.4,32.76,RCL,Trans,265.2900000000001
2021-12-03,254.69,135.75,390.44,118.94,17.03,RCL,Trans,384.2300000000001
2021-12-07,73.82,206.49,280.31,-132.67,22.67,RCL,Trans,251.5600000000001
2021-12-08,53.4,23.93,77.33,29.48,19.87,RCL,Trans,281.0400000000001
2021-12-09,12.93,44.72,57.65,-31.8,18.22,RCL,Trans,249.24000000000007
2021-12-13,24.2,78.17,102.37,-53.96,23.76,RCL,Trans,195.28000000000006
2021-12-14,51.36,46.09,97.45,5.28,22.61,RCL,Trans,200.56000000000006
2021-12-15,51.66,192.08,243.75,-140.42,20.51,RCL,Trans,60.14000000000007
2021-12-16,52.87,60.5,113.37,-7.63,30.87,RCL,Trans,52.51000000000007
2021-12-17,54.74,41.87,96.61,12.87,29.2,RCL,Trans,65.38000000000007
2021-12-20,23.84,47.14,70.98,-23.3,30.82,RCL,Trans,42.08000000000007
2021-12-21,630.4,185.08,815.48,445.33,29.07,RCL,Trans,487.4100000000001
2021-12-22,129.78,100.31,230.09,29.47,21.79,RCL,Trans,516.8800000000001
2021-12-23,61.52,73.28,134.79,-11.76,24.95,RCL,Trans,505.1200000000001
2021-12-24,156.05,201.88,357.93,-45.83,23.75,RCL,Trans,459.29000000000013
2021-12-27,17.48,141.48,158.95,-124.0,26.46,RCL,Trans,335.29000000000013
2021-12-28,70.09,94.93,165.02,-24.85,26.38,RCL,Trans,310.4400000000001
2021-12-29,28.15,32.2,60.35,-4.05,19.06,RCL,Trans,306.3900000000001
2021-12-30,26.11,74.01,100.11,-47.9,22.85,RCL,Trans,258.4900000000001
2022-01-04,106.55,143.34,249.89,-36.79,24.33,RCL,Trans,221.70000000000013
2022-01-05,118.34,63.99,182.33,54.36,19.2,RCL,Trans,276.0600000000001
2022-01-06,46.27,84.53,130.8,-38.25,19.62,RCL,Trans,237.81000000000012
2022-01-07,232.48,115.44,347.92,117.04,20.54,RCL,Trans,354.85000000000014
2022-01-10,198.44,257.3,455.74,-58.86,22.42,RCL,Trans,295.9900000000001
2022-01-11,35.98,116.39,152.38,-80.41,20.82,RCL,Trans,215.58000000000013
2022-01-12,36.77,83.4,120.16,-46.63,16.48,RCL,Trans,168.95000000000013
2022-01-13,44.91,40.36,85.27,4.55,18.91,RCL,Trans,173.50000000000014
2022-01-14,95.78,85.58,181.36,10.21,15.01,RCL,Trans,183.71000000000015
2022-01-17,105.08,110.8,215.88,-5.72,17.26,RCL,Trans,177.99000000000015
2022-01-18,86.58,62.28,148.86,24.3,23.04,RCL,Trans,202.29000000000016
2022-01-19,109.95,132.4,242.35,-22.45,23.98,RCL,Trans,179.84000000000017
2022-01-20,56.41,53.57,109.98,2.84,16.78,RCL,Trans,182.68000000000018
2022-01-21,128.18,92.32,220.5,35.87,22.21,RCL,Trans,218.55000000000018
2022-01-24,112.43,83.68,196.11,28.75,17.66,RCL,Trans,247.30000000000018
2022-01-25,180.46,140.59,321.05,39.87,19.11,RCL,Trans,287.1700000000002
2022-01-26,62.84,127.81,190.65,-64.97,23.42,RCL,Trans,222.2000000000002
2022-01-27,35.28,66.21,101.5,-30.93,20.56,RCL,Trans,191.27000000000018
2022-01-28,20.25,49.25,69.5,-29.0,23.34,RCL,Trans,162.27000000000018
2022-01-31,107.85,108.69,216.53,-0.84,27.7,RCL,Trans,161.43000000000018
2022-02-01,49.58,70.12,119.7,-20.54,21.63,RCL,Trans,140.89000000000019
2022-02-02,20.03,61.48,81.51,-41.44,26.55,RCL,Trans,99.45000000000019
2022-02-03,11.47,31.16,42.62,-19.69,18.09,RCL,Trans,79.76000000000019
2022-02-04,9.91,36.57,46.48,-26.66,23.69,RCL,Trans,53.10000000000019
2022-02-07,31.31,26.64,57.95,4.67,13.83,RCL,Trans,57.770000000000195
2022-02-08,20.66,25.59,46.25,-4.92,14.7,RCL,Trans,52.85000000000019
2022-02-09,12.63,33.08,45.71,-20.44,9.57,RCL,Trans,32.410000000000196
2022-02-10,112.11,45.63,157.74,66.48,19.36,RCL,Trans,98.8900000000002
2022-02-11,36.16,103.39,139.55,-67.23,17.34,RCL,Trans,31.660000000000196
2022-02-14,77.12,66.83,143.95,10.29,20.28,RCL,Trans,41.950000000000195
2022-02-15,31.7,48.54,80.24,-16.85,32.05,RCL,Trans,25.100000000000193
2022-02-17,91.37,76.54,167.91,14.82,37.29,RCL,Trans,39.92000000000019
2022-02-18,17.33,36.27,53.6,-18.94,18.17,RCL,Trans,20.980000000000192
2022-02-21,37.97,62.44,100.42,-24.47,20.97,RCL,Trans,-3.4899999999998066
2022-02-22,50.9,45.07,95.97,5.83,18.73,RCL,Trans,2.3400000000001935
2022-02-23,110.78,108.57,219.35,2.21,17.6,RCL,Trans,4.5500000000001934
2022-02-24,66.07,174.2,240.27,-108.13,19.28,RCL,Trans,-103.5799999999998
2022-02-25,313.9,129.08,442.97,184.82,15.48,RCL,Trans,81.2400000000002
2022-02-28,93.11,228.8,321.91,-135.69,23.93,RCL,Trans,-54.449999999999804
2022-03-01,57.3,40.36,97.66,16.95,17.0,RCL,Trans,-37.4999999999998
2022-03-02,142.93,54.42,197.35,88.51,24.53,RCL,Trans,51.010000000000204
2022-03-03,123.74,68.19,191.93,55.55,25.27,RCL,Trans,106.5600000000002
2022-03-04,308.44,142.64,451.08,165.81,21.48,RCL,Trans,272.37000000000023
2022-03-07,133.01,150.66,283.68,-17.65,21.16,RCL,Trans,254.72000000000023
2022-03-08,172.35,202.43,374.78,-30.08,20.28,RCL,Trans,224.6400000000002
2022-03-09,69.13,126.77,195.9,-57.64,21.41,RCL,Trans,167.00000000000023
2022-03-10,69.77,69.78,139.55,-0.01,19.63,RCL,Trans,166.99000000000024
2022-03-11,167.41,83.75,251.16,83.66,24.33,RCL,Trans,250.65000000000023
2022-03-14,155.24,119.71,274.94,35.53,23.46,RCL,Trans,286.18000000000023
2022-03-15,85.94,88.54,174.48,-2.6,24.12,RCL,Trans,283.5800000000002
2022-03-16,140.97,55.47,196.44,85.51,34.03,RCL,Trans,369.0900000000002
2022-03-17,77.07,143.56,220.63,-66.49,24.82,RCL,Trans,302.6000000000002
2022-03-18,60.67,94.14,154.81,-33.46,24.63,RCL,Trans,269.1400000000002
2022-03-21,151.79,72.0,223.79,79.8,27.02,RCL,Trans,348.9400000000002
2022-03-22,63.68,128.03,191.72,-64.35,16.81,RCL,Trans,284.59000000000026
2022-03-23,23.65,50.82,74.46,-27.17,13.9,RCL,Trans,257.42000000000024
2022-03-24,116.59,173.16,289.75,-56.56,21.46,RCL,Trans,200.86000000000024
2022-03-25,67.15,103.72,170.87,-36.57,16.8,RCL,Trans,164.29000000000025
2022-03-28,76.47,96.33,172.8,-19.86,14.2,RCL,Trans,144.43000000000023
2022-03-29,35.48,81.49,116.97,-46.01,23.19,RCL,Trans,98.42000000000024
2022-03-30,61.92,97.67,159.59,-35.75,23.35,RCL,Trans,62.67000000000024
2022-03-31,11.17,63.07,74.24,-51.9,23.01,RCL,Trans,10.770000000000245
2022-04-01,80.86,95.25,176.11,-14.38,33.58,RCL,Trans,-3.609999999999756
2022-04-04,17.15,31.1,48.25,-13.95,20.12,RCL,Trans,-17.559999999999754
2022-04-05,109.41,88.14,197.55,21.28,26.49,RCL,Trans,3.7200000000002476
2022-04-07,51.5,48.73,100.23,2.77,14.48,RCL,Trans,6.490000000000247
2022-04-08,80.1,55.23,135.34,24.87,22.05,RCL,Trans,31.360000000000248
2022-04-11,40.32,27.88,68.2,12.44,19.98,RCL,Trans,43.800000000000246
2022-04-12,43.7,32.18,75.88,11.52,24.02,RCL,Trans,55.32000000000025
2022-04-18,52.91,46.0,98.91,6.91,30.61,RCL,Trans,62.230000000000246
2022-04-19,148.08,66.29,214.37,81.79,31.7,RCL,Trans,144.02000000000027
2022-04-20,27.6,34.29,61.89,-6.69,27.32,RCL,Trans,137.33000000000027
2022-04-21,39.84,50.88,90.72,-11.05,29.71,RCL,Trans,126.28000000000027
2022-04-22,127.65,134.62,262.27,-6.98,39.29,RCL,Trans,119.30000000000027
2022-04-25,47.91,44.79,92.7,3.12,35.23,RCL,Trans,122.42000000000027
2022-04-26,47.49,71.31,118.8,-23.82,28.47,RCL,Trans,98.60000000000028
2022-04-27,37.54,24.48,62.02,13.06,20.76,RCL,Trans,111.66000000000028
2022-04-28,120.29,31.74,152.03,88.56,33.53,RCL,Trans,200.22000000000028
2022-04-29,36.28,31.74,68.01,4.54,26.55,RCL,Trans,204.76000000000028
2022-05-03,35.59,37.97,73.56,-2.38,38.44,RCL,Trans,202.38000000000028
2022-05-05,54.86,59.87,114.73,-5.01,19.07,RCL,Trans,197.3700000000003
2022-05-06,38.86,38.3,77.16,0.55,23.66,RCL,Trans,197.9200000000003
2022-05-09,32.33,38.61,70.94,-6.28,22.25,RCL,Trans,191.6400000000003
2022-05-10,71.43,20.92,92.36,50.51,25.3,RCL,Trans,242.1500000000003
2022-05-11,47.51,64.74,112.25,-17.24,25.49,RCL,Trans,224.91000000000028
2022-05-12,22.32,29.17,51.49,-6.85,19.67,RCL,Trans,218.0600000000003
2022-05-13,328.02,109.66,437.68,218.36,24.63,RCL,Trans,436.4200000000003
2022-05-17,127.96,184.18,312.14,-56.22,23.34,RCL,Trans,380.2000000000003
2022-05-18,100.02,135.65,235.67,-35.62,29.98,RCL,Trans,344.58000000000027
2022-05-19,57.49,44.66,102.15,12.83,22.77,RCL,Trans,357.41000000000025
2022-05-20,109.31,55.53,164.84,53.79,35.73,RCL,Trans,411.2000000000003
2022-05-23,71.06,49.0,120.05,22.06,30.5,RCL,Trans,433.2600000000003
2022-05-24,167.52,51.02,218.55,116.5,36.66,RCL,Trans,549.7600000000002
2022-05-25,121.21,67.01,188.22,54.2,22.99,RCL,Trans,603.9600000000003
2022-05-26,57.84,52.41,110.26,5.43,26.63,RCL,Trans,609.3900000000002
2022-05-27,108.08,167.42,275.5,-59.34,33.85,RCL,Trans,550.0500000000002
2022-05-30,82.14,98.1,180.24,-15.96,35.13,RCL,Trans,534.0900000000001
2022-05-31,158.6,67.23,225.83,91.36,34.11,RCL,Trans,625.4500000000002
2022-06-01,37.6,37.49,75.1,0.11,28.52,RCL,Trans,625.5600000000002
2022-06-02,22.24,14.31,36.55,7.93,15.16,RCL,Trans,633.4900000000001
2022-06-06,21.77,17.85,39.62,3.92,21.41,RCL,Trans,637.4100000000001
2022-06-07,83.82,46.34,130.17,37.48,29.57,RCL,Trans,674.8900000000001
2022-06-08,13.24,53.85,67.1,-40.61,28.75,RCL,Trans,634.2800000000001
2022-06-09,51.56,216.43,267.99,-164.88,28.05,RCL,Trans,469.4000000000001
2022-06-10,23.15,61.9,85.05,-38.74,27.73,RCL,Trans,430.6600000000001
2022-06-13,38.6,58.55,97.14,-19.95,26.91,RCL,Trans,410.7100000000001
2022-06-14,22.42,46.95,69.37,-24.52,21.64,RCL,Trans,386.1900000000001
2022-06-15,106.56,70.85,177.4,35.71,37.04,RCL,Trans,421.9000000000001
2022-06-16,16.53,69.8,86.33,-53.27,27.81,RCL,Trans,368.6300000000001
2022-06-17,32.67,45.41,78.08,-12.74,34.71,RCL,Trans,355.8900000000001
2022-06-20,16.79,15.12,31.9,1.67,20.58,RCL,Trans,357.5600000000001
2022-06-21,24.91,24.21,49.12,0.7,34.31,RCL,Trans,358.2600000000001
2022-06-22,47.33,60.86,108.19,-13.53,30.69,RCL,Trans,344.73000000000013
2022-06-23,18.72,44.35,63.06,-25.63,33.81,RCL,Trans,319.10000000000014
2022-06-24,30.55,43.37,73.92,-12.83,33.13,RCL,Trans,306.27000000000015
2022-06-27,31.11,20.64,51.76,10.47,20.16,RCL,Trans,316.7400000000002
2022-06-28,42.53,27.39,69.92,15.14,22.08,RCL,Trans,331.88000000000017
2022-06-29,27.16,90.2,117.36,-63.04,17.3,RCL,Trans,268.84000000000015
2022-06-30,33.82,70.49,104.31,-36.68,19.13,RCL,Trans,232.16000000000014
2022-07-01,46.41,41.75,88.16,4.66,22.83,RCL,Trans,236.82000000000014
2022-07-04,48.43,28.77,77.2,19.66,17.23,RCL,Trans,256.48000000000013
2022-07-05,13.17,12.92,26.09,0.25,15.84,RCL,Trans,256.73000000000013
2022-07-06,60.48,63.35,123.83,-2.87,27.12,RCL,Trans,253.86000000000013
2022-07-07,12.02,33.96,45.98,-21.94,18.12,RCL,Trans,231.92000000000013
2022-07-08,39.15,13.83,52.98,25.32,25.58,RCL,Trans,257.2400000000001
2022-07-11,18.63,43.8,62.43,-25.17,30.32,RCL,Trans,232.0700000000001
2022-07-12,64.94,77.76,142.7,-12.83,26.62,RCL,Trans,219.2400000000001
2022-07-14,42.46,66.33,108.79,-23.87,15.1,RCL,Trans,195.3700000000001
2022-07-15,109.49,104.81,214.31,4.68,22.52,RCL,Trans,200.0500000000001
2022-07-18,76.01,41.26,117.26,34.75,23.33,RCL,Trans,234.8000000000001
2022-07-19,44.28,28.27,72.54,16.01,27.26,RCL,Trans,250.8100000000001
2022-07-20,45.22,32.59,77.81,12.63,26.08,RCL,Trans,263.4400000000001
2022-07-21,23.18,27.81,50.99,-4.63,22.63,RCL,Trans,258.8100000000001
2022-07-22,23.18,8.77,31.94,14.41,19.34,RCL,Trans,273.22000000000014
2022-07-25,19.29,5.76,25.05,13.52,12.32,RCL,Trans,286.7400000000001
2022-07-26,17.1,7.51,24.61,9.59,17.92,RCL,Trans,296.3300000000001
2022-07-27,23.5,17.45,40.95,6.06,18.89,RCL,Trans,302.3900000000001
2022-08-01,67.22,45.73,112.95,21.49,18.98,RCL,Trans,323.8800000000001
2022-08-02,53.17,45.21,98.38,7.96,20.96,RCL,Trans,331.8400000000001
2022-08-03,34.86,28.64,63.5,6.22,18.8,RCL,Trans,338.0600000000001
2022-08-04,23.21,22.51,45.72,0.7,25.17,RCL,Trans,338.7600000000001
2022-08-05,91.19,42.15,133.34,49.05,11.98,RCL,Trans,387.8100000000001
2022-08-08,30.38,47.49,77.87,-17.11,16.84,RCL,Trans,370.7000000000001
2022-08-09,36.48,32.96,69.43,3.52,17.36,RCL,Trans,374.2200000000001
2022-08-10,47.76,45.96,93.72,1.79,20.21,RCL,Trans,376.0100000000001
2022-08-11,37.15,48.89,86.05,-11.74,18.94,RCL,Trans,364.2700000000001
2022-08-15,29.91,93.93,123.85,-64.02,17.8,RCL,Trans,300.2500000000001
2022-08-16,59.15,40.05,99.2,19.1,19.72,RCL,Trans,319.35000000000014
2022-08-17,57.34,65.99,123.33,-8.65,14.97,RCL,Trans,310.70000000000016
2022-08-18,15.21,61.88,77.09,-46.67,12.36,RCL,Trans,264.03000000000014
2022-08-19,23.15,54.37,77.52,-31.22,19.78,RCL,Trans,232.81000000000014
2022-08-22,32.33,68.94,101.27,-36.6,19.69,RCL,Trans,196.21000000000015
2022-08-23,71.43,44.12,115.55,27.31,19.21,RCL,Trans,223.52000000000015
2022-08-24,37.84,45.73,83.57,-7.89,17.2,RCL,Trans,215.63000000000017
2022-08-25,33.22,63.4,96.62,-30.18,20.92,RCL,Trans,185.45000000000016
2022-08-26,62.32,29.34,91.65,32.98,24.7,RCL,Trans,218.43000000000015
2022-08-29,11.4,34.15,45.54,-22.75,10.86,RCL,Trans,195.68000000000015
2022-08-30,22.76,22.66,45.41,0.1,15.11,RCL,Trans,195.78000000000014
2022-08-31,38.77,52.01,90.78,-13.24,19.26,RCL,Trans,182.54000000000013
2022-09-01,80.61,48.2,128.81,32.4,26.91,RCL,Trans,214.94000000000014
2022-09-02,30.35,13.16,43.5,17.19,16.77,RCL,Trans,232.13000000000014
2022-09-05,38.06,34.62,72.68,3.44,20.43,RCL,Trans,235.57000000000014
2022-09-06,83.38,43.71,127.09,39.67,36.27,RCL,Trans,275.2400000000001
2022-09-07,33.24,25.29,58.54,7.95,31.0,RCL,Trans,283.1900000000001
2022-09-08,82.16,42.93,125.09,39.23,42.36,RCL,Trans,322.42000000000013
2022-09-09,57.14,16.85,74.0,40.29,24.13,RCL,Trans,362.71000000000015
2022-09-12,44.83,35.7,80.53,9.13,31.91,RCL,Trans,371.84000000000015
2022-09-13,64.0,60.12,124.12,3.88,29.96,RCL,Trans,375.72000000000014
2022-09-14,86.16,56.95,143.11,29.22,40.12,RCL,Trans,404.94000000000017
2022-09-15,55.64,55.09,110.73,0.55,29.88,RCL,Trans,405.4900000000002
2022-09-16,31.06,16.47,47.53,14.59,21.61,RCL,Trans,420.08000000000015
2022-09-19,31.27,25.39,56.65,5.88,22.58,RCL,Trans,425.96000000000015
2022-09-20,30.24,15.48,45.71,14.76,20.16,RCL,Trans,440.72000000000014
2022-09-21,30.45,17.02,47.47,13.43,18.63,RCL,Trans,454.15000000000015
2022-09-22,46.54,18.27,64.81,28.28,25.52,RCL,Trans,482.4300000000002
2022-09-23,28.98,21.46,50.44,7.51,27.39,RCL,Trans,489.94000000000017
2022-09-26,19.42,24.04,43.47,-4.62,15.32,RCL,Trans,485.32000000000016
2022-09-27,28.35,43.8,72.15,-15.45,18.41,RCL,Trans,469.8700000000002
2022-09-28,42.27,56.11,98.39,-13.84,16.61,RCL,Trans,456.0300000000002
2022-09-29,59.86,53.45,113.31,6.41,29.4,RCL,Trans,462.4400000000002
2022-09-30,92.03,50.78,142.81,41.25,29.77,RCL,Trans,503.6900000000002
2022-10-03,40.03,41.11,81.14,-1.07,22.6,RCL,Trans,502.62000000000023
2022-10-04,50.13,44.83,94.95,5.3,28.71,RCL,Trans,507.92000000000024
2022-10-05,34.0,31.34,65.35,2.66,24.03,RCL,Trans,510.58000000000027
2022-10-06,152.69,103.81,256.5,48.89,28.07,RCL,Trans,559.4700000000003
2022-10-07,57.08,91.33,148.4,-34.25,31.5,RCL,Trans,525.2200000000003
2022-10-10,43.98,54.83,98.81,-10.85,23.34,RCL,Trans,514.3700000000002
2022-10-11,56.19,25.77,81.95,30.42,28.89,RCL,Trans,544.7900000000002
2022-10-12,32.17,40.74,72.91,-8.57,22.14,RCL,Trans,536.2200000000001
2022-10-17,38.27,29.47,67.74,8.8,32.46,RCL,Trans,545.0200000000001
2022-10-18,37.53,24.74,62.27,12.79,30.65,RCL,Trans,557.8100000000001
2022-10-19,21.02,24.88,45.9,-3.85,24.96,RCL,Trans,553.96
2022-10-20,52.18,49.52,101.71,2.66,31.02,RCL,Trans,556.62
2022-10-21,15.37,20.76,36.13,-5.39,16.02,RCL,Trans,551.23
2022-10-25,24.39,20.98,45.37,3.4,20.77,RCL,Trans,554.63
2022-10-26,35.21,30.71,65.93,4.5,22.27,RCL,Trans,559.13
2022-10-27,31.04,29.65,60.69,1.39,26.29,RCL,Trans,560.52
2022-10-28,15.78,24.88,40.66,-9.1,23.13,RCL,Trans,551.42
2022-10-31,20.46,79.76,100.21,-59.3,18.54,RCL,Trans,492.11999999999995
2022-11-01,55.21,32.67,87.89,22.54,23.85,RCL,Trans,514.66
2022-11-02,52.19,29.97,82.17,22.22,28.0,RCL,Trans,536.88
2022-11-03,31.55,36.42,67.98,-4.87,25.04,RCL,Trans,532.01
2022-11-04,91.16,32.28,123.44,58.88,30.63,RCL,Trans,590.89
2022-11-07,41.95,26.15,68.1,15.81,25.28,RCL,Trans,606.6999999999999
2022-11-08,37.34,12.57,49.91,24.77,20.21,RCL,Trans,631.4699999999999
2022-11-09,13.09,11.54,24.63,1.55,22.32,RCL,Trans,633.0199999999999
2022-11-10,31.78,9.25,41.03,22.53,25.18,RCL,Trans,655.5499999999998
2022-11-11,103.49,111.03,214.52,-7.54,16.22,RCL,Trans,648.0099999999999
2022-11-14,31.53,111.32,142.86,-79.79,14.45,RCL,Trans,568.2199999999999
2022-11-15,41.5,44.65,86.15,-3.15,19.57,RCL,Trans,565.0699999999999
2022-11-16,12.64,24.38,37.02,-11.74,18.61,RCL,Trans,553.3299999999999
2022-11-17,33.38,37.76,71.15,-4.38,19.08,RCL,Trans,548.9499999999999
2022-11-18,18.75,14.78,33.53,3.96,10.9,RCL,Trans,552.91
2022-11-21,20.92,45.24,66.15,-24.32,14.23,RCL,Trans,528.5899999999999
2022-11-22,10.33,23.69,34.01,-13.36,10.8,RCL,Trans,515.2299999999999
2022-11-23,65.45,56.36,121.81,9.1,16.41,RCL,Trans,524.3299999999999
2022-11-24,23.21,39.71,62.92,-16.51,17.09,RCL,Trans,507.81999999999994
2022-11-25,6.99,18.76,25.75,-11.77,17.9,RCL,Trans,496.04999999999995
2022-11-28,8.65,16.63,25.28,-7.99,15.72,RCL,Trans,488.05999999999995
2022-11-29,31.72,26.99,58.71,4.74,22.24,RCL,Trans,492.79999999999995
2022-11-30,36.3,13.5,49.8,22.8,23.81,RCL,Trans,515.5999999999999
2022-12-01,43.79,34.27,78.06,9.52,23.59,RCL,Trans,525.1199999999999
2022-12-02,16.54,16.42,32.96,0.12,19.92,RCL,Trans,525.2399999999999
2022-12-06,8.88,25.52,34.4,-16.64,18.61,RCL,Trans,508.5999999999999
2022-12-07,28.38,25.65,54.03,2.72,20.71,RCL,Trans,511.31999999999994
2022-12-08,14.0,8.52,22.52,5.48,14.21,RCL,Trans,516.8
2022-12-09,48.63,16.87,65.5,31.77,24.39,RCL,Trans,548.5699999999999
2022-12-13,10.1,19.76,29.86,-9.66,15.95,RCL,Trans,538.91
2022-12-14,57.69,8.81,66.49,48.88,33.94,RCL,Trans,587.79
2022-12-15,20.83,21.83,42.65,-1.0,18.15,RCL,Trans,586.79
2022-12-16,91.27,20.01,111.29,71.26,29.17,RCL,Trans,658.05
2022-12-19,24.71,27.36,52.08,-2.65,24.0,RCL,Trans,655.4
2022-12-20,19.25,24.09,43.34,-4.84,26.25,RCL,Trans,650.56
2022-12-21,12.58,11.44,24.01,1.14,21.81,RCL,Trans,651.6999999999999
2022-12-22,40.89,26.68,67.57,14.2,22.51,RCL,Trans,665.9
2022-12-23,9.69,16.32,26.01,-6.63,18.21,RCL,Trans,659.27
2022-12-26,5.83,6.42,12.25,-0.59,16.09,RCL,Trans,658.68
2022-12-27,21.12,14.92,36.04,6.2,27.5,RCL,Trans,664.88
2022-12-28,13.05,18.45,31.5,-5.39,22.13,RCL,Trans,659.49
2022-12-29,15.89,20.98,36.86,-5.09,23.99,RCL,Trans,654.4
2022-12-30,14.28,26.98,41.25,-12.7,22.58,RCL,Trans,641.6999999999999
2023-01-03,6.08,10.22,16.3,-4.14,10.71,RCL,Trans,637.56
2023-01-04,12.2,41.41,53.61,-29.21,13.43,RCL,Trans,608.3499999999999
2023-01-05,16.0,14.06,30.06,1.94,14.05,RCL,Trans,610.29
2023-01-06,52.88,17.42,70.3,35.46,27.48,RCL,Trans,645.75
2023-01-09,53.2,29.06,82.26,24.14,21.73,RCL,Trans,669.89
2023-01-10,23.91,7.53,31.44,16.38,16.7,RCL,Trans,686.27
2023-01-11,23.88,22.04,45.93,1.84,19.45,RCL,Trans,688.11
2023-01-12,13.16,5.69,18.85,7.48,15.26,RCL,Trans,695.59
2023-01-13,18.66,21.59,40.25,-2.94,18.37,RCL,Trans,692.65
2023-01-16,26.81,16.02,42.83,10.79,29.76,RCL,Trans,703.4399999999999
2023-01-17,12.62,3.14,15.76,9.47,14.38,RCL,Trans,712.91
2023-01-18,12.67,7.57,20.23,5.1,21.54,RCL,Trans,718.01
2023-01-19,4.02,2.5,6.51,1.52,13.23,RCL,Trans,719.53
2023-01-20,6.48,11.73,18.21,-5.26,13.39,RCL,Trans,714.27
2023-01-23,8.62,2.23,10.84,6.39,14.06,RCL,Trans,720.66
2023-01-24,3.04,2.68,5.72,0.36,7.45,RCL,Trans,721.02
2023-01-25,34.25,12.27,46.52,21.98,20.94,RCL,Trans,743.0
2023-01-26,11.01,16.13,27.14,-5.11,18.37,RCL,Trans,737.89
2023-01-27,26.16,15.07,41.23,11.08,24.16,RCL,Trans,748.97
2023-01-30,21.6,27.83,49.43,-6.23,16.11,RCL,Trans,742.74
2023-01-31,34.24,36.84,71.09,-2.6,21.67,RCL,Trans,740.14
2023-02-01,49.92,139.73,189.65,-89.81,18.84,RCL,Trans,650.3299999999999
2023-02-02,13.18,41.4,54.58,-28.22,18.23,RCL,Trans,622.1099999999999
2023-02-03,11.19,6.2,17.39,5.0,13.73,RCL,Trans,627.1099999999999
2023-02-06,22.7,8.5,31.21,14.2,21.97,RCL,Trans,641.31
2023-02-07,22.52,12.52,35.04,10.0,30.34,RCL,Trans,651.31
2023-02-08,15.97,14.42,30.38,1.55,21.12,RCL,Trans,652.8599999999999
2023-02-09,15.56,16.25,31.81,-0.69,23.01,RCL,Trans,652.1699999999998
2023-02-10,2.73,9.96,12.7,-7.23,15.48,RCL,Trans,644.9399999999998
2023-02-13,8.41,31.38,39.79,-22.96,13.97,RCL,Trans,621.9799999999998
2023-02-14,10.73,27.35,38.07,-16.62,22.09,RCL,Trans,605.3599999999998
2023-02-15,14.51,19.12,33.64,-4.61,24.74,RCL,Trans,600.7499999999998
2023-02-16,8.35,11.1,19.46,-2.75,18.89,RCL,Trans,597.9999999999998
2023-02-17,4.83,5.06,9.89,-0.23,14.23,RCL,Trans,597.7699999999998
2023-02-20,11.62,5.12,16.73,6.5,16.08,RCL,Trans,604.2699999999998
2023-02-21,12.96,11.35,24.31,1.61,10.89,RCL,Trans,605.8799999999998
2023-02-22,23.72,9.8,33.52,13.91,20.53,RCL,Trans,619.7899999999997
2023-02-23,14.99,17.73,32.71,-2.74,13.32,RCL,Trans,617.0499999999997
2023-02-24,122.6,34.51,157.11,88.1,17.62,RCL,Trans,705.1499999999997
2023-02-27,34.6,38.45,73.06,-3.85,11.38,RCL,Trans,701.2999999999997
2023-02-28,37.09,37.08,74.17,0.01,18.0,RCL,Trans,701.3099999999997
2023-03-01,69.69,12.66,82.36,57.03,15.41,RCL,Trans,758.3399999999997
2023-03-02,39.59,25.66,65.24,13.93,17.08,RCL,Trans,772.2699999999996
2023-03-03,23.43,4.74,28.16,18.69,13.65,RCL,Trans,790.9599999999997
2023-03-07,14.93,12.11,27.04,2.82,9.87,RCL,Trans,793.7799999999997
2023-03-08,31.09,26.23,57.32,4.86,16.59,RCL,Trans,798.6399999999998
2023-03-09,35.67,29.86,65.53,5.81,14.34,RCL,Trans,804.4499999999997
2023-03-10,49.51,28.69,78.2,20.82,16.69,RCL,Trans,825.2699999999998
2023-03-13,38.97,168.21,207.17,-129.24,26.23,RCL,Trans,696.0299999999997
2023-03-14,44.85,88.67,133.52,-43.81,15.82,RCL,Trans,652.2199999999998
2023-03-15,33.59,28.01,61.6,5.58,9.02,RCL,Trans,657.7999999999998
2023-03-16,20.08,87.68,107.76,-67.6,18.37,RCL,Trans,590.1999999999998
2023-03-17,11.51,64.49,76.0,-52.98,19.52,RCL,Trans,537.2199999999998
2023-03-20,17.02,31.05,48.07,-14.04,12.36,RCL,Trans,523.1799999999998
2023-03-21,14.11,29.55,43.66,-15.44,24.87,RCL,Trans,507.73999999999984
2023-03-22,8.85,15.27,24.11,-6.42,17.09,RCL,Trans,501.3199999999998
2023-03-23,5.89,13.7,19.59,-7.81,24.73,RCL,Trans,493.5099999999998
2023-03-24,12.04,41.69,53.73,-29.65,29.28,RCL,Trans,463.85999999999984
2023-03-27,8.3,29.71,38.01,-21.4,18.45,RCL,Trans,442.45999999999987
2023-03-28,7.66,28.93,36.59,-21.27,24.69,RCL,Trans,421.1899999999999
2023-03-29,14.67,18.84,33.51,-4.17,28.89,RCL,Trans,417.01999999999987
2023-03-30,6.93,24.79,31.72,-17.85,21.23,RCL,Trans,399.16999999999985
2023-03-31,14.03,34.75,48.77,-20.72,16.77,RCL,Trans,378.4499999999998
2023-04-03,11.82,28.63,40.45,-16.81,16.81,RCL,Trans,361.6399999999998
2023-04-04,6.61,14.63,21.23,-8.02,19.24,RCL,Trans,353.61999999999983
2023-04-05,17.51,33.34,50.85,-15.83,13.72,RCL,Trans,337.78999999999985
2023-04-07,21.89,6.22,28.11,15.68,22.68,RCL,Trans,353.46999999999986
2023-04-10,23.91,8.45,32.36,15.45,19.84,RCL,Trans,368.91999999999985
2023-04-11,20.36,7.18,27.54,13.18,27.12,RCL,Trans,382.09999999999985
2023-04-12,13.58,20.21,33.78,-6.63,27.23,RCL,Trans,375.46999999999986
2023-04-17,109.62,33.95,143.57,75.68,27.38,RCL,Trans,451.14999999999986
2023-04-18,38.85,21.41,60.26,17.43,13.46,RCL,Trans,468.57999999999987
2023-04-19,14.3,10.93,25.24,3.37,13.13,RCL,Trans,471.9499999999999
2023-04-20,6.72,5.19,11.91,1.53,7.42,RCL,Trans,473.47999999999985
2023-04-21,20.12,9.18,29.3,10.94,20.89,RCL,Trans,484.41999999999985
2023-04-24,8.56,14.82,23.38,-6.26,25.96,RCL,Trans,478.15999999999985
2023-04-25,45.23,19.34,64.57,25.88,24.65,RCL,Trans,504.03999999999985
2023-04-26,8.74,12.82,21.55,-4.08,24.28,RCL,Trans,499.95999999999987
2023-04-27,15.02,36.05,51.07,-21.03,32.51,RCL,Trans,478.92999999999984
2023-04-28,18.96,65.44,84.4,-46.49,17.58,RCL,Trans,432.4399999999998
2023-05-02,27.03,52.47,79.51,-25.44,18.07,RCL,Trans,406.99999999999983
2023-05-03,30.17,27.08,57.25,3.09,19.34,RCL,Trans,410.0899999999998
2023-05-08,12.32,10.18,22.5,2.14,14.04,RCL,Trans,412.2299999999998
2023-05-09,14.85,5.59,20.43,9.26,30.03,RCL,Trans,421.4899999999998
2023-05-10,17.71,6.81,24.52,10.9,18.56,RCL,Trans,432.38999999999976
2023-05-11,15.53,10.19,25.72,5.34,22.66,RCL,Trans,437.72999999999973
2023-05-12,18.59,29.16,47.75,-10.58,16.21,RCL,Trans,427.14999999999975
2023-05-15,8.7,13.37,22.07,-4.68,21.07,RCL,Trans,422.46999999999974
2023-05-16,8.94,12.38,21.32,-3.44,24.42,RCL,Trans,419.02999999999975
2023-05-17,4.22,30.32,34.54,-26.09,21.66,RCL,Trans,392.93999999999977
2023-05-18,6.06,11.1,17.16,-5.05,23.13,RCL,Trans,387.88999999999976
2023-05-19,2.69,12.0,14.69,-9.3,17.04,RCL,Trans,378.58999999999975
2023-05-22,44.57,8.75,53.32,35.82,23.19,RCL,Trans,414.40999999999974
2023-05-23,32.79,5.02,37.81,27.77,29.68,RCL,Trans,442.1799999999997
2023-05-24,22.46,10.12,32.58,12.34,32.23,RCL,Trans,454.5199999999997
2023-05-25,13.69,16.66,30.34,-2.97,28.31,RCL,Trans,451.54999999999967
2023-05-26,12.74,12.85,25.59,-0.11,41.02,RCL,Trans,451.43999999999966
2023-05-29,2.78,7.79,10.57,-5.01,21.12,RCL,Trans,446.42999999999967
2023-05-30,4.91,1.87,6.78,3.04,22.73,RCL,Trans,449.4699999999997
2023-05-31,8.77,15.53,24.31,-6.76,27.38,RCL,Trans,442.7099999999997
2023-06-01,6.11,36.82,42.93,-30.71,24.12,RCL,Trans,411.9999999999997
2023-06-02,11.3,9.41,20.71,1.89,22.64,RCL,Trans,413.8899999999997
2023-06-06,33.15,29.72,62.87,3.43,28.34,RCL,Trans,417.3199999999997
2023-06-07,16.71,18.6,35.31,-1.9,19.71,RCL,Trans,415.41999999999973
2023-06-08,29.08,24.34,53.41,4.74,21.7,RCL,Trans,420.15999999999974
2023-06-09,42.29,14.13,56.41,28.16,24.89,RCL,Trans,448.31999999999977
2023-06-12,11.21,4.77,15.98,6.43,16.63,RCL,Trans,454.7499999999998
2023-06-13,23.04,9.96,33.01,13.08,19.38,RCL,Trans,467.82999999999976
2023-06-14,44.0,8.52,52.52,35.48,18.3,RCL,Trans,503.3099999999998
2023-06-15,10.6,23.67,34.27,-13.07,21.58,RCL,Trans,490.2399999999998
2023-06-16,13.15,10.52,23.67,2.63,24.71,RCL,Trans,492.8699999999998
2023-06-19,7.9,13.09,20.98,-5.19,19.71,RCL,Trans,487.6799999999998
2023-06-20,7.94,6.99,14.94,0.95,17.06,RCL,Trans,488.62999999999977
2023-06-21,5.68,16.75,22.43,-11.07,20.96,RCL,Trans,477.5599999999998
2023-06-22,10.88,16.25,27.13,-5.37,22.6,RCL,Trans,472.18999999999977
2023-06-23,26.78,15.03,41.81,11.75,29.34,RCL,Trans,483.93999999999977
2023-06-26,12.68,39.88,52.56,-27.2,25.72,RCL,Trans,456.7399999999998
2023-06-27,14.45,12.95,27.4,1.5,30.06,RCL,Trans,458.2399999999998
2023-06-28,4.63,16.38,21.01,-11.76,24.58,RCL,Trans,446.4799999999998
2023-06-29,21.8,4.85,26.66,16.95,29.07,RCL,Trans,463.4299999999998
2023-06-30,13.55,10.06,23.6,3.49,24.26,RCL,Trans,466.9199999999998
2023-07-03,14.52,5.68,20.2,8.83,22.64,RCL,Trans,475.7499999999998
2023-07-04,29.05,8.23,37.28,20.82,29.11,RCL,Trans,496.56999999999977
2023-07-05,6.56,8.29,14.85,-1.73,24.07,RCL,Trans,494.83999999999975
2023-07-06,10.89,8.15,19.04,2.73,37.11,RCL,Trans,497.56999999999977
2023-07-07,5.01,3.38,8.39,1.64,30.9,RCL,Trans,499.20999999999975
2023-07-10,3.26,4.42,7.68,-1.16,26.33,RCL,Trans,498.0499999999997
2023-07-11,3.16,4.82,7.98,-1.65,26.46,RCL,Trans,496.39999999999975
2023-07-12,7.89,18.45,26.34,-10.56,19.53,RCL,Trans,485.83999999999975
2023-07-13,6.61,2.61,9.22,4.01,22.75,RCL,Trans,489.84999999999974
2023-07-14,19.22,4.17,23.39,15.05,36.55,RCL,Trans,504.89999999999975
2023-07-17,13.03,7.55,20.58,5.48,38.38,RCL,Trans,510.37999999999977
2023-07-18,6.97,4.17,11.15,2.8,27.53,RCL,Trans,513.1799999999997
2023-07-19,22.92,6.05,28.97,16.86,29.74,RCL,Trans,530.0399999999997
2023-07-20,2.88,4.03,6.91,-1.16,22.67,RCL,Trans,528.8799999999998
2023-07-21,4.01,2.69,6.69,1.32,22.27,RCL,Trans,530.1999999999998
2023-07-24,5.33,7.48,12.81,-2.15,27.09,RCL,Trans,528.0499999999998
2023-07-25,3.23,6.1,9.33,-2.87,20.33,RCL,Trans,525.1799999999998
2023-07-26,1.66,7.71,9.36,-6.05,21.13,RCL,Trans,519.1299999999999
2023-07-27,21.59,7.68,29.26,13.91,24.07,RCL,Trans,533.0399999999998
2023-07-31,33.0,51.31,84.31,-18.31,52.03,RCL,Trans,514.7299999999999
2023-08-02,28.92,8.93,37.85,20.0,34.98,RCL,Trans,534.7299999999999
2023-08-03,5.36,11.03,16.39,-5.66,32.79,RCL,Trans,529.0699999999999
2023-08-04,5.95,6.27,12.22,-0.32,24.53,RCL,Trans,528.7499999999999
2023-08-07,4.48,15.93,20.4,-11.45,19.26,RCL,Trans,517.2999999999998
2023-08-08,3.1,1.34,4.45,1.76,21.87,RCL,Trans,519.0599999999998
2023-08-09,8.18,12.38,20.56,-4.2,25.51,RCL,Trans,514.8599999999998
2023-08-10,6.13,2.64,8.76,3.49,28.24,RCL,Trans,518.3499999999998
2023-08-11,7.67,4.39,12.06,3.29,24.64,RCL,Trans,521.6399999999998
2023-08-15,16.49,37.97,54.45,-21.48,12.06,RCL,Trans,500.15999999999974
2023-08-16,16.19,24.77,40.96,-8.58,15.4,RCL,Trans,491.57999999999976
2023-08-17,7.0,14.69,21.68,-7.69,21.02,RCL,Trans,483.88999999999976
2023-08-18,8.94,14.36,23.3,-5.42,35.41,RCL,Trans,478.46999999999974
2023-08-21,1.16,4.31,5.47,-3.15,19.78,RCL,Trans,475.31999999999977
2023-08-22,7.55,11.35,18.9,-3.8,19.36,RCL,Trans,471.51999999999975
2023-08-23,14.16,8.91,23.07,5.26,16.87,RCL,Trans,476.77999999999975
2023-08-24,4.59,2.37,6.96,2.22,12.2,RCL,Trans,478.9999999999998
2023-08-25,6.56,5.6,12.16,0.97,14.55,RCL,Trans,479.9699999999998
2023-08-28,10.41,5.55,15.97,4.86,18.75,RCL,Trans,484.8299999999998
2023-08-29,6.51,3.97,10.48,2.53,13.38,RCL,Trans,487.3599999999998
2023-08-30,26.13,7.66,33.79,18.48,22.95,RCL,Trans,505.8399999999998
2023-08-31,3.97,16.75,20.73,-12.78,20.02,RCL,Trans,493.05999999999983
2023-09-01,2.42,6.04,8.46,-3.63,14.94,RCL,Trans,489.42999999999984
2023-09-04,1.55,5.58,7.13,-4.03,10.02,RCL,Trans,485.39999999999986
2023-09-05,5.43,1.84,7.28,3.59,16.86,RCL,Trans,488.98999999999984
2023-09-06,2.31,0.57,2.88,1.74,6.34,RCL,Trans,490.72999999999985
2023-09-07,47.17,23.2,70.37,23.98,20.47,RCL,Trans,514.7099999999998
2023-09-08,6.4,13.63,20.03,-7.23,11.7,RCL,Trans,507.4799999999998
2023-09-11,9.58,14.08,23.66,-4.5,19.26,RCL,Trans,502.9799999999998
2023-09-12,9.35,4.75,14.1,4.6,16.17,RCL,Trans,507.5799999999998
2023-09-13,3.46,9.72,13.18,-6.27,17.95,RCL,Trans,501.30999999999983
2023-09-14,10.24,1.29,11.53,8.96,20.0,RCL,Trans,510.2699999999998
2023-09-15,73.57,12.42,85.99,61.15,19.86,RCL,Trans,571.4199999999998
2023-09-18,12.02,18.5,30.52,-6.48,13.06,RCL,Trans,564.9399999999998
2023-09-19,6.15,11.18,17.33,-5.03,12.52,RCL,Trans,559.9099999999999
2023-09-20,5.77,10.8,16.56,-5.03,11.03,RCL,Trans,554.8799999999999
2023-09-21,15.1,3.35,18.45,11.74,19.65,RCL,Trans,566.6199999999999
2023-09-22,13.93,13.26,27.19,0.67,26.03,RCL,Trans,567.2899999999998
2023-09-25,6.26,5.24,11.5,1.02,19.13,RCL,Trans,568.3099999999998
2023-09-26,7.47,7.55,15.02,-0.08,24.46,RCL,Trans,568.2299999999998
2023-09-27,12.39,12.44,24.83,-0.05,21.6,RCL,Trans,568.1799999999998
2023-09-28,9.07,6.57,15.64,2.5,24.24,RCL,Trans,570.6799999999998
2023-09-29,6.78,3.39,10.17,3.39,14.95,RCL,Trans,574.0699999999998
2023-10-02,3.63,13.17,16.8,-9.55,14.29,RCL,Trans,564.5199999999999
2023-10-03,4.54,3.18,7.71,1.36,11.37,RCL,Trans,565.8799999999999
2023-10-04,13.74,6.77,20.5,6.97,31.08,RCL,Trans,572.8499999999999
2023-10-05,2.83,2.78,5.6,0.05,12.95,RCL,Trans,572.8999999999999
2023-10-06,8.11,3.28,11.4,4.83,24.57,RCL,Trans,577.7299999999999
2023-10-09,12.2,28.74,40.94,-16.54,28.98,RCL,Trans,561.1899999999999
2023-10-10,5.56,9.69,15.25,-4.13,15.72,RCL,Trans,557.06
2023-10-11,14.05,27.62,41.67,-13.57,29.78,RCL,Trans,543.4899999999999
2023-10-12,4.57,13.25,17.82,-8.67,27.23,RCL,Trans,534.8199999999999
2023-10-16,14.7,8.23,22.93,6.46,24.35,RCL,Trans,541.28
2023-10-17,6.77,7.58,14.34,-0.81,31.36,RCL,Trans,540.47
2023-10-18,86.46,103.88,190.35,-17.42,62.16,RCL,Trans,523.0500000000001
2023-10-19,5.92,17.92,23.83,-12.0,25.55,RCL,Trans,511.05000000000007
2023-10-20,7.8,25.25,33.05,-17.44,14.78,RCL,Trans,493.61000000000007
2023-10-24,16.37,9.14,25.51,7.23,24.68,RCL,Trans,500.8400000000001
2023-10-25,8.5,4.23,12.73,4.27,29.36,RCL,Trans,505.11000000000007
2023-10-26,10.86,8.6,19.46,2.26,26.85,RCL,Trans,507.37000000000006
2023-10-27,14.6,7.19,21.8,7.41,23.14,RCL,Trans,514.7800000000001
2023-10-30,20.62,8.08,28.7,12.54,35.91,RCL,Trans,527.32
2023-10-31,7.71,7.11,14.82,0.6,25.69,RCL,Trans,527.9200000000001
2023-11-01,5.62,3.77,9.38,1.85,16.57,RCL,Trans,529.7700000000001
2023-11-02,3.18,1.62,4.8,1.56,14.39,RCL,Trans,531.33
2023-11-03,11.03,1.81,12.84,9.21,24.42,RCL,Trans,540.5400000000001
2023-11-06,5.01,10.91,15.92,-5.9,27.37,RCL,Trans,534.6400000000001
2023-11-07,4.33,5.65,9.98,-1.32,17.21,RCL,Trans,533.32
2023-11-08,4.22,5.76,9.98,-1.54,17.01,RCL,Trans,531.7800000000001
2023-11-09,2.41,7.76,10.18,-5.35,21.46,RCL,Trans,526.4300000000001
2023-11-10,18.29,5.07,23.36,13.23,22.45,RCL,Trans,539.6600000000001
2023-11-13,33.01,10.07,43.08,22.94,21.48,RCL,Trans,562.6000000000001
2023-11-14,27.03,10.73,37.76,16.29,30.28,RCL,Trans,578.8900000000001
2023-11-15,20.18,6.57,26.75,13.61,29.33,RCL,Trans,592.5000000000001
2023-11-16,9.52,7.24,16.76,2.28,20.52,RCL,Trans,594.7800000000001
2023-11-17,4.94,4.65,9.59,0.29,24.01,RCL,Trans,595.07
2023-11-20,6.55,2.16,8.71,4.39,24.46,RCL,Trans,599.46
2023-11-21,4.49,2.35,6.84,2.14,22.75,RCL,Trans,601.6
2023-11-22,3.41,1.72,5.13,1.69,28.93,RCL,Trans,603.2900000000001
2023-11-23,3.72,3.69,7.41,0.03,24.91,RCL,Trans,603.32
2023-11-24,12.54,8.09,20.62,4.45,26.44,RCL,Trans,607.7700000000001
2023-11-27,12.47,9.04,21.51,3.43,14.42,RCL,Trans,611.2
2023-11-28,4.81,10.36,15.17,-5.55,25.14,RCL,Trans,605.6500000000001
2023-11-29,4.21,7.69,11.9,-3.48,13.83,RCL,Trans,602.1700000000001
2023-11-30,10.72,13.45,24.18,-2.73,15.82,RCL,Trans,599.44
2023-12-01,10.39,3.0,13.38,7.39,26.52,RCL,Trans,606.83
2023-12-04,82.44,17.67,100.11,64.76,18.63,RCL,Trans,671.59
2023-12-06,11.8,16.76,28.56,-4.96,18.16,RCL,Trans,666.63
2023-12-07,10.16,14.85,25.01,-4.7,28.39,RCL,Trans,661.93
2023-12-08,4.57,8.16,12.73,-3.59,15.43,RCL,Trans,658.3399999999999
2023-12-12,4.79,9.83,14.61,-5.04,22.18,RCL,Trans,653.3
2023-12-13,4.26,8.09,12.35,-3.83,26.53,RCL,Trans,649.4699999999999
2023-12-14,6.53,8.8,15.33,-2.27,22.99,RCL,Trans,647.1999999999999
2023-12-15,4.48,2.95,7.43,1.53,16.01,RCL,Trans,648.7299999999999
2023-12-18,85.99,23.03,109.02,62.96,21.84,RCL,Trans,711.6899999999999
2023-12-19,26.33,12.72,39.06,13.61,19.7,RCL,Trans,725.3
2023-12-20,68.35,33.61,101.96,34.74,18.6,RCL,Trans,760.04
2023-12-21,51.47,17.16,68.62,34.31,27.72,RCL,Trans,794.3499999999999
2023-12-22,95.38,36.26,131.65,59.12,16.05,RCL,Trans,853.4699999999999
2023-12-25,32.14,73.01,105.15,-40.88,15.6,RCL,Trans,812.5899999999999
2023-12-26,23.66,17.74,41.39,5.92,18.31,RCL,Trans,818.5099999999999
2023-12-27,108.0,47.98,155.98,60.02,20.35,RCL,Trans,878.5299999999999
2023-12-28,11.1,33.83,44.93,-22.73,20.43,RCL,Trans,855.7999999999998
2024-01-02,28.38,15.54,43.91,12.84,12.84,RCL,Trans,868.6399999999999
2024-01-03,32.55,18.24,50.79,14.3,14.87,RCL,Trans,882.9399999999998
2024-01-04,117.51,45.59,163.09,71.92,22.57,RCL,Trans,954.8599999999998
2024-01-05,44.46,46.25,90.71,-1.79,16.54,RCL,Trans,953.0699999999998
2024-01-08,16.59,16.67,33.26,-0.08,18.62,RCL,Trans,952.9899999999998
2024-01-09,78.69,116.18,194.87,-37.5,22.59,RCL,Trans,915.4899999999998
2024-01-10,67.18,42.21,109.39,24.97,27.1,RCL,Trans,940.4599999999998
2024-01-11,14.98,28.28,43.25,-13.3,23.0,RCL,Trans,927.1599999999999
2024-01-12,45.41,26.79,72.19,18.62,19.82,RCL,Trans,945.7799999999999
2024-01-15,24.66,31.63,56.28,-6.97,18.82,RCL,Trans,938.8099999999998
2024-01-16,32.27,30.31,62.58,1.96,18.7,RCL,Trans,940.7699999999999
2024-01-17,18.02,21.58,39.59,-3.56,16.23,RCL,Trans,937.2099999999999
2024-01-18,22.65,8.81,31.47,13.84,20.82,RCL,Trans,951.05
2024-01-19,11.12,14.87,25.99,-3.76,17.06,RCL,Trans,947.29
2024-01-22,26.11,12.79,38.9,13.32,17.67,RCL,Trans,960.61
2024-01-23,16.18,18.54,34.72,-2.35,14.33,RCL,Trans,958.26
2024-01-24,26.2,18.59,44.79,7.6,34.86,RCL,Trans,965.86
2024-01-25,7.75,14.79,22.54,-7.05,20.32,RCL,Trans,958.8100000000001
2024-01-26,8.97,12.04,21.01,-3.08,13.42,RCL,Trans,955.73
2024-01-29,5.93,16.09,22.02,-10.16,16.16,RCL,Trans,945.57
2024-01-30,13.0,9.61,22.61,3.39,20.64,RCL,Trans,948.96
2024-01-31,10.94,12.48,23.42,-1.54,20.71,RCL,Trans,947.4200000000001
2024-02-01,9.29,4.71,14.0,4.58,21.35,RCL,Trans,952.0000000000001
2024-02-02,33.78,60.45,94.23,-26.67,21.51,RCL,Trans,925.3300000000002
2024-02-05,37.22,22.07,59.29,15.15,32.46,RCL,Trans,940.4800000000001
2024-02-06,38.13,9.39,47.52,28.73,29.81,RCL,Trans,969.2100000000002
2024-02-07,9.15,6.03,15.18,3.12,25.11,RCL,Trans,972.3300000000002
2024-02-08,11.89,3.21,15.1,8.68,24.05,RCL,Trans,981.0100000000001
2024-02-09,33.97,12.85,46.82,21.12,22.38,RCL,Trans,1002.1300000000001
2024-02-12,7.17,5.6,12.78,1.57,20.58,RCL,Trans,1003.7000000000002
2024-02-13,10.97,5.11,16.08,5.85,17.92,RCL,Trans,1009.5500000000002
2024-02-14,4.56,3.38,7.94,1.18,11.29,RCL,Trans,1010.7300000000001
2024-02-15,3.48,5.78,9.26,-2.3,20.0,RCL,Trans,1008.4300000000002
2024-02-16,10.66,16.53,27.19,-5.87,20.42,RCL,Trans,1002.5600000000002
2024-02-19,11.37,4.33,15.7,7.04,17.65,RCL,Trans,1009.6000000000001
2024-02-20,7.4,11.11,18.51,-3.71,19.88,RCL,Trans,1005.8900000000001
2024-02-21,12.08,9.04,21.12,3.05,17.44,RCL,Trans,1008.94
2024-02-22,29.04,6.56,35.6,22.48,24.68,RCL,Trans,1031.42
2024-02-23,38.32,70.65,108.97,-32.34,15.85,RCL,Trans,999.08
2024-02-27,68.28,61.4,129.69,6.88,27.52,RCL,Trans,1005.96
2024-02-28,10.53,26.87,37.39,-16.34,21.27,RCL,Trans,989.62
2024-02-29,37.72,43.49,81.2,-5.77,30.44,RCL,Trans,983.85
2024-03-01,12.82,12.82,25.65,0.0,25.36,RCL,Trans,983.85
2024-03-04,56.14,69.53,125.67,-13.4,39.04,RCL,Trans,970.45
2024-03-05,17.47,19.48,36.96,-2.01,27.27,RCL,Trans,968.44
2024-03-06,36.09,40.44,76.53,-4.36,41.84,RCL,Trans,964.08
2024-03-07,24.84,31.32,56.16,-6.47,38.79,RCL,Trans,957.61
2024-03-08,14.73,11.44,26.17,3.29,20.32,RCL,Trans,960.9
2024-03-11,13.32,16.6,29.92,-3.28,33.46,RCL,Trans,957.62
2024-03-12,8.69,16.89,25.58,-8.2,22.0,RCL,Trans,949.42
2024-03-13,10.22,12.54,22.76,-2.32,30.43,RCL,Trans,947.0999999999999
2024-03-14,6.78,6.7,13.47,0.08,12.53,RCL,Trans,947.18
2024-03-15,17.71,14.58,32.28,3.13,13.8,RCL,Trans,950.31
2024-03-18,16.24,24.07,40.31,-7.83,22.15,RCL,Trans,942.4799999999999
2024-03-19,26.48,28.3,54.78,-1.82,25.87,RCL,Trans,940.6599999999999
2024-03-20,10.2,24.56,34.75,-14.36,25.15,RCL,Trans,926.2999999999998
2024-03-21,8.88,5.13,14.01,3.75,20.52,RCL,Trans,930.0499999999998
2024-03-22,9.89,27.4,37.29,-17.51,22.81,RCL,Trans,912.5399999999998
2024-03-25,10.9,12.74,23.64,-1.83,18.28,RCL,Trans,910.7099999999998
2024-03-26,9.7,17.73,27.43,-8.03,26.05,RCL,Trans,902.6799999999998
2024-03-27,7.57,15.04,22.6,-7.47,21.79,RCL,Trans,895.2099999999998
2024-03-28,7.78,24.21,31.99,-16.44,25.15,RCL,Trans,878.7699999999998
2024-03-29,9.13,19.17,28.3,-10.04,22.12,RCL,Trans,868.7299999999998
2024-04-01,8.63,7.82,16.45,0.82,23.23,RCL,Trans,869.5499999999998
2024-04-02,6.59,12.68,19.27,-6.1,36.13,RCL,Trans,863.4499999999998
2024-04-03,5.09,9.85,14.94,-4.76,17.12,RCL,Trans,858.6899999999998
2024-04-04,9.2,12.19,21.39,-3.0,16.5,RCL,Trans,855.6899999999998
2024-04-05,13.84,21.84,35.67,-8.0,36.48,RCL,Trans,847.6899999999998
2024-04-09,17.39,21.58,38.97,-4.19,39.99,RCL,Trans,843.4999999999998
2024-04-10,89.22,23.48,112.7,65.74,35.36,RCL,Trans,909.2399999999998
2024-04-11,20.51,33.43,53.95,-12.92,36.82,RCL,Trans,896.3199999999998
2024-04-17,15.22,50.65,65.87,-35.43,22.66,RCL,Trans,860.8899999999999
2024-04-18,21.47,30.96,52.43,-9.48,17.32,RCL,Trans,851.4099999999999
2024-04-19,14.88,9.09,23.97,5.79,10.55,RCL,Trans,857.1999999999998
2024-04-22,29.28,16.62,45.9,12.66,12.77,RCL,Trans,869.8599999999998
2024-04-23,11.17,11.02,22.2,0.15,14.65,RCL,Trans,870.0099999999998
2024-04-24,7.49,4.41,11.89,3.08,7.95,RCL,Trans,873.0899999999998
2024-04-25,27.8,29.94,57.74,-2.14,11.96,RCL,Trans,870.9499999999998
2024-04-26,18.7,16.28,34.97,2.42,14.79,RCL,Trans,873.3699999999998
2024-04-29,8.99,9.81,18.8,-0.83,17.74,RCL,Trans,872.5399999999997
2024-04-30,5.32,7.95,13.28,-2.63,14.59,RCL,Trans,869.9099999999997
2024-05-02,17.73,3.79,21.52,13.94,25.51,RCL,Trans,883.8499999999998
2024-05-03,14.58,9.73,24.3,4.85,17.61,RCL,Trans,888.6999999999998
2024-05-07,17.04,7.72,24.76,9.32,17.35,RCL,Trans,898.0199999999999
2024-05-08,26.5,14.46,40.96,12.04,11.15,RCL,Trans,910.0599999999998
2024-05-09,90.58,57.6,148.18,32.98,17.08,RCL,Trans,943.0399999999998
2024-05-10,149.56,61.17,210.73,88.39,22.01,RCL,Trans,1031.4299999999998
2024-05-13,53.67,45.9,99.57,7.78,20.37,RCL,Trans,1039.2099999999998
2024-05-14,124.37,29.68,154.05,94.69,18.27,RCL,Trans,1133.8999999999999
2024-05-15,62.14,56.21,118.35,5.93,19.98,RCL,Trans,1139.83
2024-05-16,59.99,34.46,94.45,25.52,19.83,RCL,Trans,1165.35
2024-05-17,110.25,50.07,160.32,60.19,16.15,RCL,Trans,1225.54
2024-05-20,41.03,50.33,91.36,-9.3,23.51,RCL,Trans,1216.24
2024-05-21,79.51,52.91,132.42,26.61,25.2,RCL,Trans,1242.85
2024-05-23,39.38,32.85,72.22,6.53,20.71,RCL,Trans,1249.3799999999999
2024-05-24,49.61,22.15,71.76,27.47,21.94,RCL,Trans,1276.85
2024-05-27,24.14,21.45,45.59,2.68,17.52,RCL,Trans,1279.53
2024-05-28,87.48,55.48,142.96,32.0,15.79,RCL,Trans,1311.53
2024-05-29,71.86,74.27,146.13,-2.4,17.5,RCL,Trans,1309.1299999999999
2024-05-30,59.48,62.09,121.56,-2.61,14.01,RCL,Trans,1306.52
2024-05-31,62.58,66.81,129.39,-4.24,22.2,RCL,Trans,1302.28
2024-06-04,79.08,78.41,157.48,0.67,27.95,RCL,Trans,1302.95
2024-06-05,41.5,42.66,84.16,-1.16,32.04,RCL,Trans,1301.79
2024-06-06,74.89,56.2,131.09,18.68,23.39,RCL,Trans,1320.47
2024-06-07,111.84,57.34,169.18,54.5,22.57,RCL,Trans,1374.97
2024-06-10,29.17,67.88,97.05,-38.71,20.3,RCL,Trans,1336.26
2024-06-11,77.99,103.07,181.06,-25.08,21.94,RCL,Trans,1311.18
2024-06-12,239.52,125.47,364.99,114.05,18.69,RCL,Trans,1425.23
2024-06-13,109.24,53.49,162.73,55.75,22.17,RCL,Trans,1480.98
2024-06-14,55.85,70.19,126.04,-14.34,20.46,RCL,Trans,1466.64
2024-06-17,69.85,37.78,107.62,32.07,26.27,RCL,Trans,1498.71
2024-06-18,84.92,97.71,182.63,-12.79,28.33,RCL,Trans,1485.92
2024-06-19,58.06,111.68,169.74,-53.63,19.88,RCL,Trans,1432.29
2024-06-20,59.53,55.75,115.29,3.78,30.59,RCL,Trans,1436.07
2024-06-21,51.76,40.04,91.8,11.72,35.87,RCL,Trans,1447.79
2024-06-24,59.04,35.44,94.47,23.6,40.77,RCL,Trans,1471.3899999999999
2024-06-25,57.6,66.19,123.8,-8.59,43.35,RCL,Trans,1462.8
2024-06-26,67.56,45.42,112.98,22.14,32.57,RCL,Trans,1484.94
2024-06-27,33.28,32.12,65.4,1.16,27.62,RCL,Trans,1486.1000000000001
2024-06-28,50.12,59.19,109.31,-9.07,25.97,RCL,Trans,1477.0300000000002
2024-07-01,48.4,21.02,69.42,27.37,21.28,RCL,Trans,1504.4
2024-07-02,53.23,46.75,99.98,6.48,16.58,RCL,Trans,1510.88
2024-07-03,25.78,33.27,59.05,-7.5,19.7,RCL,Trans,1503.38
2024-07-04,8.25,13.5,21.75,-5.25,20.08,RCL,Trans,1498.13
2024-07-05,20.97,23.56,44.53,-2.59,15.66,RCL,Trans,1495.5400000000002
2024-07-08,31.52,20.45,51.97,11.07,17.82,RCL,Trans,1506.6100000000001
2024-07-09,13.29,32.32,45.61,-19.02,22.74,RCL,Trans,1487.5900000000001
2024-07-10,54.2,31.38,85.58,22.82,21.38,RCL,Trans,1510.41
2024-07-11,14.8,16.41,31.21,-1.61,22.52,RCL,Trans,1508.8000000000002
2024-07-12,4.86,8.55,13.41,-3.7,12.81,RCL,Trans,1505.1000000000001
2024-07-15,20.1,41.52,61.62,-21.42,19.14,RCL,Trans,1483.68
2024-07-16,26.42,34.76,61.18,-8.33,30.47,RCL,Trans,1475.3500000000001
2024-07-17,67.6,31.75,99.36,35.85,21.63,RCL,Trans,1511.2
2024-07-18,43.1,32.75,75.86,10.35,21.51,RCL,Trans,1521.55
2024-07-19,33.11,42.45,75.56,-9.34,29.51,RCL,Trans,1512.21
2024-07-23,23.65,17.28,40.93,6.36,24.26,RCL,Trans,1518.57
2024-07-24,19.27,19.18,38.45,0.09,25.29,RCL,Trans,1518.6599999999999
2024-07-25,24.6,20.63,45.23,3.97,31.02,RCL,Trans,1522.6299999999999
2024-07-26,29.77,48.25,78.02,-18.48,25.95,RCL,Trans,1504.1499999999999
2024-07-30,24.27,31.13,55.41,-6.86,20.3,RCL,Trans,1497.29
2024-07-31,26.61,46.76,73.38,-20.15,22.72,RCL,Trans,1477.1399999999999
2024-08-01,39.3,46.61,85.92,-7.31,15.94,RCL,Trans,1469.83
2024-08-02,23.58,55.59,79.17,-32.02,16.93,RCL,Trans,1437.81
2024-08-05,56.25,62.67,118.93,-6.42,19.58,RCL,Trans,1431.3899999999999
2024-08-06,41.09,44.95,86.04,-3.86,20.88,RCL,Trans,1427.53
2024-08-07,25.27,30.16,55.43,-4.9,17.54,RCL,Trans,1422.6299999999999
2024-08-08,31.05,29.1,60.15,1.95,22.41,RCL,Trans,1424.58
2024-08-09,23.72,64.77,88.49,-41.06,17.47,RCL,Trans,1383.52
2024-08-13,12.81,33.25,46.06,-20.44,23.07,RCL,Trans,1363.08
2024-08-14,13.22,15.57,28.79,-2.35,15.51,RCL,Trans,1360.73
2024-08-15,23.33,32.41,55.74,-9.08,20.61,RCL,Trans,1351.65
2024-08-16,19.7,34.0,53.7,-14.31,22.19,RCL,Trans,1337.3400000000001
2024-08-19,20.39,14.02,34.4,6.37,16.56,RCL,Trans,1343.71
2024-08-20,16.19,14.46,30.64,1.73,15.37,RCL,Trans,1345.44
2024-08-21,15.8,25.21,41.01,-9.41,18.59,RCL,Trans,1336.03
2024-08-22,9.72,5.9,15.62,3.83,15.14,RCL,Trans,1339.86
2024-08-23,23.04,33.39,56.42,-10.35,18.03,RCL,Trans,1329.51
2024-08-26,18.52,11.14,29.65,7.38,21.38,RCL,Trans,1336.89
2024-08-27,60.09,25.74,85.83,34.36,26.47,RCL,Trans,1371.25
2024-08-28,21.4,62.76,84.16,-41.37,26.11,RCL,Trans,1329.88
2024-08-29,8.5,46.89,55.39,-38.38,26.48,RCL,Trans,1291.5
2024-08-30,241.84,45.84,287.68,196.0,23.49,RCL,Trans,1487.5
2024-09-02,25.86,83.23,109.09,-57.37,24.46,RCL,Trans,1430.13
2024-09-03,86.77,91.39,178.16,-4.63,18.22,RCL,Trans,1425.5
2024-09-04,71.78,25.99,97.77,45.78,22.18,RCL,Trans,1471.28
2024-09-05,69.87,129.29,199.17,-59.42,29.63,RCL,Trans,1411.86
2024-09-06,22.19,45.69,67.87,-23.5,16.7,RCL,Trans,1388.36
2024-09-09,97.8,96.71,194.51,1.08,33.35,RCL,Trans,1389.4399999999998
2024-09-10,48.43,110.3,158.73,-61.86,31.78,RCL,Trans,1327.58
2024-09-11,29.97,61.72,91.69,-31.75,26.59,RCL,Trans,1295.83
2024-09-12,53.41,20.58,73.99,32.83,29.71,RCL,Trans,1328.6599999999999
2024-09-13,37.29,17.34,54.63,19.96,25.64,RCL,Trans,1348.62
2024-09-16,68.08,24.99,93.06,43.09,19.25,RCL,Trans,1391.7099999999998
2024-09-17,27.03,60.6,87.63,-33.57,23.02,RCL,Trans,1358.1399999999999
2024-09-18,93.43,31.85,125.28,61.57,21.26,RCL,Trans,1419.7099999999998
2024-09-19,52.93,44.06,97.0,8.87,20.11,RCL,Trans,1428.5799999999997
2024-09-20,127.73,76.88,204.61,50.86,13.34,RCL,Trans,1479.4399999999996
2024-09-23,47.13,61.24,108.37,-14.11,20.64,RCL,Trans,1465.3299999999997
2024-09-24,32.36,60.51,92.88,-28.15,16.51,RCL,Trans,1437.1799999999996
2024-09-25,52.4,39.9,92.31,12.5,17.92,RCL,Trans,1449.6799999999996
2024-09-26,32.83,23.74,56.57,9.09,15.64,RCL,Trans,1458.7699999999995
2024-09-27,42.94,12.8,55.74,30.14,15.08,RCL,Trans,1488.9099999999996
2024-09-30,32.73,27.06,59.79,5.67,14.69,RCL,Trans,1494.5799999999997
2024-10-01,13.78,17.32,31.1,-3.55,12.35,RCL,Trans,1491.0299999999997
2024-10-02,30.55,40.37,70.92,-9.82,19.8,RCL,Trans,1481.2099999999998
2024-10-03,37.74,28.64,66.37,9.1,17.26,RCL,Trans,1490.3099999999997
2024-10-04,53.52,41.17,94.69,12.36,32.65,RCL,Trans,1502.6699999999996
2024-10-07,48.11,70.16,118.28,-22.05,23.69,RCL,Trans,1480.6199999999997
2024-10-08,31.28,23.87,55.15,7.41,20.04,RCL,Trans,1488.0299999999997
2024-10-09,11.4,18.05,29.44,-6.65,21.83,RCL,Trans,1481.3799999999997
2024-10-10,36.56,74.74,111.3,-38.17,17.21,RCL,Trans,1443.2099999999996
2024-10-11,35.79,22.3,58.09,13.48,15.79,RCL,Trans,1456.6899999999996
2024-10-15,32.19,43.08,75.27,-10.89,26.73,RCL,Trans,1445.7999999999995
2024-10-16,38.19,11.97,50.16,26.22,25.64,RCL,Trans,1472.0199999999995
2024-10-17,21.32,16.53,37.85,4.79,19.97,RCL,Trans,1476.8099999999995
2024-10-18,27.74,12.9,40.65,14.84,25.97,RCL,Trans,1491.6499999999994
2024-10-21,43.63,10.74,54.37,32.89,18.29,RCL,Trans,1524.5399999999995
2024-10-22,33.74,16.0,49.74,17.74,25.98,RCL,Trans,1542.2799999999995
2024-10-24,18.42,11.98,30.4,6.44,14.29,RCL,Trans,1548.7199999999996
2024-10-25,20.56,16.97,37.53,3.59,13.22,RCL,Trans,1552.3099999999995
2024-10-28,59.65,12.63,72.28,47.03,24.99,RCL,Trans,1599.3399999999995
2024-10-29,31.33,15.42,46.75,15.9,26.56,RCL,Trans,1615.2399999999996
2024-10-30,14.63,12.18,26.81,2.45,17.85,RCL,Trans,1617.6899999999996
2024-10-31,23.13,11.54,34.66,11.59,21.41,RCL,Trans,1629.2799999999995
2024-11-01,8.98,16.36,25.34,-7.38,11.66,RCL,Trans,1621.8999999999994
2024-11-04,15.75,17.15,32.91,-1.4,15.67,RCL,Trans,1620.4999999999993
2024-11-05,6.55,2.49,9.04,4.06,10.82,RCL,Trans,1624.5599999999993
2024-11-06,10.02,9.87,19.89,0.16,9.44,RCL,Trans,1624.7199999999993
2024-11-07,22.55,14.12,36.67,8.43,19.35,RCL,Trans,1633.1499999999994
2024-11-08,153.3,45.03,198.33,108.27,15.39,RCL,Trans,1741.4199999999994
2024-11-11,84.84,44.67,129.51,40.16,21.54,RCL,Trans,1781.5799999999995
2024-11-12,32.7,29.17,61.87,3.53,24.53,RCL,Trans,1785.1099999999994
2024-11-13,14.02,20.73,34.75,-6.7,17.77,RCL,Trans,1778.4099999999994
2024-11-14,18.76,32.81,51.57,-14.05,24.26,RCL,Trans,1764.3599999999994
2024-11-15,40.26,27.73,67.99,12.53,26.5,RCL,Trans,1776.8899999999994
2024-11-18,41.47,49.42,90.89,-7.95,27.1,RCL,Trans,1768.9399999999994
2024-11-19,23.03,10.18,33.21,12.85,22.1,RCL,Trans,1781.7899999999993
2024-11-20,14.59,9.64,24.22,4.95,14.16,RCL,Trans,1786.7399999999993
2024-11-21,8.1,5.04,13.14,3.07,16.84,RCL,Trans,1789.8099999999993
2024-11-22,7.94,11.87,19.81,-3.93,16.16,RCL,Trans,1785.8799999999992
2024-11-25,17.25,21.24,38.49,-3.99,24.53,RCL,Trans,1781.8899999999992
2024-11-26,22.07,49.51,71.58,-27.44,16.39,RCL,Trans,1754.4499999999991
2024-11-27,12.39,12.39,24.78,-0.0,23.64,RCL,Trans,1754.4499999999991
2024-11-28,7.46,5.89,13.36,1.57,14.53,RCL,Trans,1756.019999999999
2024-11-29,23.07,14.26,37.33,8.81,12.08,RCL,Trans,1764.829999999999
2024-12-02,14.33,11.35,25.69,2.98,26.03,RCL,Trans,1767.809999999999
2024-12-03,17.36,16.62,33.98,0.74,13.83,RCL,Trans,1768.549999999999
2024-12-04,33.14,9.27,42.41,23.87,20.11,RCL,Trans,1792.419999999999
2024-12-06,27.58,7.73,35.31,19.85,27.73,RCL,Trans,1812.2699999999988
2024-12-09,40.83,11.71,52.54,29.12,32.65,RCL,Trans,1841.3899999999987
2024-12-11,26.3,22.26,48.56,4.05,36.24,RCL,Trans,1845.4399999999987
2024-12-12,23.24,12.71,35.95,10.54,23.56,RCL,Trans,1855.9799999999987
2024-12-13,13.9,5.7,19.6,8.2,18.56,RCL,Trans,1864.1799999999987
2024-12-16,6.94,7.84,14.77,-0.9,14.73,RCL,Trans,1863.2799999999986
2024-12-17,22.34,19.15,41.49,3.2,28.55,RCL,Trans,1866.4799999999987
2024-12-18,8.83,7.37,16.19,1.46,21.63,RCL,Trans,1867.9399999999987
2024-12-19,10.02,7.44,17.45,2.58,22.54,RCL,Trans,1870.5199999999986
2024-12-20,12.13,19.45,31.57,-7.32,24.65,RCL,Trans,1863.1999999999987
2024-12-23,2.5,5.42,7.92,-2.92,16.84,RCL,Trans,1860.2799999999986
2024-12-24,3.67,7.26,10.93,-3.58,14.29,RCL,Trans,1856.6999999999987
2024-12-25,3.73,0.97,4.7,2.75,10.35,RCL,Trans,1859.4499999999987
2024-12-26,2.27,7.49,9.76,-5.22,16.24,RCL,Trans,1854.2299999999987
2024-12-27,3.34,5.08,8.42,-1.74,18.92,RCL,Trans,1852.4899999999986
2024-12-30,6.54,2.48,9.02,4.06,26.18,RCL,Trans,1856.5499999999986
2025-01-02,6.38,9.04,15.42,-2.67,31.5,RCL,Trans,1853.8799999999985
2025-01-03,14.08,8.98,23.06,5.1,36.62,RCL,Trans,1858.9799999999984
2025-01-06,7.7,12.47,20.16,-4.77,23.86,RCL,Trans,1854.2099999999984
2025-01-07,7.0,9.38,16.39,-2.38,21.12,RCL,Trans,1851.8299999999983
2025-01-08,8.67,6.58,15.26,2.09,27.56,RCL,Trans,1853.9199999999983
2025-01-09,12.47,22.04,34.51,-9.57,23.6,RCL,Trans,1844.3499999999983
2025-01-10,4.93,13.41,18.35,-8.48,22.94,RCL,Trans,1835.8699999999983
2025-01-13,19.17,14.58,33.75,4.59,34.2,RCL,Trans,1840.4599999999982
2025-01-14,12.26,14.28,26.54,-2.03,21.95,RCL,Trans,1838.4299999999982
2025-01-15,14.55,15.91,30.46,-1.37,27.88,RCL,Trans,1837.0599999999984
2025-01-16,7.31,13.7,21.01,-6.39,21.11,RCL,Trans,1830.6699999999983
2025-01-17,2.95,11.73,14.69,-8.78,25.18,RCL,Trans,1821.8899999999983
2025-01-20,19.74,9.33,29.07,10.41,27.46,RCL,Trans,1832.2999999999984
2025-01-21,4.36,2.81,7.17,1.55,17.34,RCL,Trans,1833.8499999999983
2025-01-22,5.27,4.78,10.05,0.5,26.67,RCL,Trans,1834.3499999999983
2025-01-23,6.05,5.98,12.02,0.07,23.95,RCL,Trans,1834.4199999999983
2025-01-24,6.67,8.35,15.02,-1.68,21.53,RCL,Trans,1832.7399999999982
2025-01-27,2.7,5.7,8.4,-3.01,17.25,RCL,Trans,1829.7299999999982
2025-01-28,5.05,11.27,16.31,-6.22,18.55,RCL,Trans,1823.5099999999982
2025-01-29,4.51,7.81,12.33,-3.3,17.19,RCL,Trans,1820.2099999999982
2025-01-30,3.41,8.89,12.3,-5.49,23.55,RCL,Trans,1814.7199999999982
2025-01-31,4.69,15.07,19.77,-10.38,20.73,RCL,Trans,1804.339999999998
2025-02-03,11.77,8.26,20.03,3.52,14.86,RCL,Trans,1807.859999999998
2025-02-04,9.07,11.87,20.94,-2.8,20.97,RCL,Trans,1805.0599999999981
2025-02-05,7.97,5.45,13.42,2.52,22.58,RCL,Trans,1807.579999999998
2025-02-06,5.79,6.18,11.97,-0.39,17.85,RCL,Trans,1807.189999999998
2025-02-07,23.7,16.69,40.4,7.01,25.61,RCL,Trans,1814.199999999998
2025-02-10,13.45,7.82,21.26,5.63,25.49,RCL,Trans,1819.829999999998
2025-02-11,23.66,2.87,26.53,20.79,26.9,RCL,Trans,1840.619999999998
2025-02-13,18.5,19.59,38.09,-1.08,15.55,RCL,Trans,1839.5399999999981
2025-02-14,9.63,10.82,20.44,-1.19,14.5,RCL,Trans,1838.349999999998
2025-02-17,6.5,16.27,22.77,-9.77,20.25,RCL,Trans,1828.579999999998
2025-02-18,7.03,6.33,13.36,0.7,18.83,RCL,Trans,1829.2799999999982
2025-02-19,11.73,4.8,16.53,6.93,24.87,RCL,Trans,1836.2099999999982
2025-02-20,15.85,10.9,26.75,4.95,24.34,RCL,Trans,1841.1599999999983
2025-02-21,35.48,10.93,46.41,24.55,10.65,RCL,Trans,1865.7099999999982
2025-02-24,12.33,27.42,39.75,-15.09,17.04,RCL,Trans,1850.6199999999983
2025-02-25,23.59,19.79,43.39,3.8,25.45,RCL,Trans,1854.4199999999983
2025-02-26,8.54,12.08,20.63,-3.54,16.06,RCL,Trans,1850.8799999999983
2025-02-27,17.64,3.87,21.51,13.76,13.84,RCL,Trans,1864.6399999999983
2025-02-28,16.69,30.94,47.63,-14.26,21.61,RCL,Trans,1850.3799999999983
2025-03-03,15.38,17.22,32.6,-1.84,19.67,RCL,Trans,1848.5399999999984
2025-03-04,10.57,13.55,24.12,-2.98,14.99,RCL,Trans,1845.5599999999984
2025-03-05,31.93,7.22,39.14,24.71,21.99,RCL,Trans,1870.2699999999984
2025-03-06,20.98,22.9,43.88,-1.93,21.83,RCL,Trans,1868.3399999999983
2025-03-07,10.63,5.21,15.84,5.43,18.66,RCL,Trans,1873.7699999999984
2025-03-10,14.1,18.65,32.76,-4.55,14.16,RCL,Trans,1869.2199999999984
2025-03-11,26.43,10.41,36.84,16.02,20.73,RCL,Trans,1885.2399999999984
2025-03-12,12.31,28.9,41.21,-16.59,16.93,RCL,Trans,1868.6499999999985
2025-03-13,29.94,21.82,51.76,8.11,23.11,RCL,Trans,1876.7599999999984
2025-03-14,11.06,6.25,17.31,4.8,17.28,RCL,Trans,1881.5599999999984
2025-03-17,13.83,5.6,19.43,8.23,18.92,RCL,Trans,1889.7899999999984
2025-03-18,19.68,14.06,33.74,5.62,17.82,RCL,Trans,1895.4099999999983
2025-03-19,21.0,7.22,28.22,13.77,20.95,RCL,Trans,1909.1799999999982
2025-03-20,10.91,20.64,31.55,-9.72,26.96,RCL,Trans,1899.4599999999982
2025-03-21,7.5,14.01,21.51,-6.5,32.91,RCL,Trans,1892.9599999999982
2025-03-24,5.18,5.13,10.31,0.05,21.36,RCL,Trans,1893.0099999999982
2025-03-25,8.14,7.36,15.5,0.77,27.26,RCL,Trans,1893.7799999999982
2025-03-26,19.55,9.29,28.84,10.25,33.18,RCL,Trans,1904.0299999999982
2025-03-27,3.88,7.63,11.51,-3.75,31.6,RCL,Trans,1900.2799999999982
2025-03-28,3.32,2.97,6.3,0.35,26.39,RCL,Trans,1900.629999999998
2025-03-31,17.69,13.96,31.65,3.73,27.83,RCL,Trans,1904.359999999998
2025-04-01,5.16,3.55,8.71,1.61,26.31,RCL,Trans,1905.969999999998
2025-04-02,11.34,6.06,17.4,5.28,38.56,RCL,Trans,1911.249999999998
2025-04-03,10.56,16.11,26.67,-5.55,19.66,RCL,Trans,1905.699999999998
2025-04-04,15.19,20.75,35.94,-5.55,15.5,RCL,Trans,1900.149999999998
2025-04-08,58.24,34.81,93.06,23.43,18.35,RCL,Trans,1923.579999999998
2025-04-09,22.13,31.34,53.47,-9.21,28.27,RCL,Trans,1914.369999999998
2025-04-10,22.76,41.72,64.48,-18.96,22.95,RCL,Trans,1895.409999999998
2025-04-11,7.78,15.06,22.85,-7.28,20.19,RCL,Trans,1888.129999999998
2025-04-16,47.05,25.96,73.02,21.09,31.63,RCL,Trans,1909.219999999998
2025-04-17,9.57,12.13,21.69,-2.56,23.81,RCL,Trans,1906.659999999998
2025-04-18,6.57,11.43,18.0,-4.86,18.45,RCL,Trans,1901.7999999999981
2025-04-21,5.68,10.57,16.24,-4.89,20.26,RCL,Trans,1896.909999999998
2025-04-22,7.1,11.57,18.67,-4.47,32.77,RCL,Trans,1892.439999999998
2025-04-23,8.92,17.82,26.74,-8.91,26.71,RCL,Trans,1883.529999999998
2025-04-24,8.5,1.88,10.38,6.61,27.66,RCL,Trans,1890.1399999999978
2025-04-25,2.74,4.55,7.28,-1.81,14.5,RCL,Trans,1888.3299999999979
2025-04-28,6.17,9.94,16.11,-3.77,18.37,RCL,Trans,1884.559999999998
2025-04-29,6.14,10.01,16.15,-3.87,17.87,RCL,Trans,1880.689999999998
2025-04-30,8.3,10.39,18.7,-2.09,18.22,RCL,Trans,1878.599999999998
2025-05-02,5.89,3.75,9.64,2.14,18.02,RCL,Trans,1880.7399999999982
2025-05-06,2.18,13.04,15.22,-10.86,16.64,RCL,Trans,1869.8799999999983
2025-05-07,9.33,12.13,21.47,-2.8,18.48,RCL,Trans,1867.0799999999983
2025-05-08,1.67,5.47,7.14,-3.8,13.75,RCL,Trans,1863.2799999999984
2025-05-09,31.08,26.13,57.21,4.95,9.26,RCL,Trans,1868.2299999999984
2025-05-13,37.99,4.93,42.92,33.06,18.19,RCL,Trans,1901.2899999999984
2025-05-14,31.35,6.1,37.44,25.25,15.59,RCL,Trans,1926.5399999999984
2025-05-15,14.53,9.85,24.38,4.68,14.99,RCL,Trans,1931.2199999999984
2025-05-16,23.49,5.3,28.79,18.19,13.51,RCL,Trans,1949.4099999999985
2025-05-19,27.32,20.02,47.33,7.3,20.63,RCL,Trans,1956.7099999999984
2025-05-20,13.83,12.1,25.93,1.73,18.98,RCL,Trans,1958.4399999999985
2025-05-21,13.48,8.13,21.61,5.36,15.63,RCL,Trans,1963.7999999999984
2025-05-22,25.56,6.56,32.13,19.0,12.56,RCL,Trans,1982.7999999999984
2025-05-23,18.17,16.94,35.11,1.22,21.08,RCL,Trans,1984.0199999999984
2025-05-26,22.06,1.32,23.38,20.74,18.53,RCL,Trans,2004.7599999999984
2025-05-27,6.39,3.38,9.77,3.01,14.98,RCL,Trans,2007.7699999999984
2025-05-28,16.4,3.55,19.95,12.85,14.35,RCL,Trans,2020.6199999999983
2025-05-29,14.52,3.7,18.23,10.82,14.25,RCL,Trans,2031.4399999999982
2025-05-30,11.37,13.44,24.81,-2.07,17.57,RCL,Trans,2029.3699999999983
2025-06-04,29.3,24.84,54.15,4.46,25.37,RCL,Trans,2033.8299999999983
2025-06-05,8.55,10.98,19.52,-2.43,19.07,RCL,Trans,2031.3999999999983
2025-06-06,49.38,11.19,60.58,38.19,11.96,RCL,Trans,2069.5899999999983
2025-06-09,18.59,18.79,37.38,-0.2,22.05,RCL,Trans,2069.3899999999985
2025-06-10,34.0,26.65,60.65,7.34,28.9,RCL,Trans,2076.7299999999987
2025-06-11,16.32,13.38,29.7,2.94,25.51,RCL,Trans,2079.6699999999987
2025-06-12,12.89,6.93,19.82,5.96,19.56,RCL,Trans,2085.6299999999987
2025-06-13,8.8,20.64,29.43,-11.84,11.0,RCL,Trans,2073.7899999999986
2025-06-16,35.62,14.13,49.75,21.49,21.59,RCL,Trans,2095.2799999999984
2025-06-17,11.02,20.25,31.27,-9.23,22.87,RCL,Trans,2086.0499999999984
2025-06-18,33.52,10.28,43.8,23.24,16.42,RCL,Trans,2109.289999999998
2025-06-19,26.11,4.96,31.07,21.14,21.89,RCL,Trans,2130.429999999998
2025-06-20,10.06,13.67,23.74,-3.61,21.17,RCL,Trans,2126.819999999998
2025-06-23,17.93,19.66,37.59,-1.73,21.99,RCL,Trans,2125.089999999998
2025-06-24,8.77,29.57,38.34,-20.8,24.89,RCL,Trans,2104.2899999999977
2025-06-25,22.21,30.94,53.15,-8.73,24.02,RCL,Trans,2095.5599999999977
2025-06-26,10.52,15.16,25.68,-4.65,19.82,RCL,Trans,2090.9099999999976
2025-06-27,14.87,20.46,35.33,-5.6,28.99,RCL,Trans,2085.3099999999977
2025-06-30,12.5,22.62,35.12,-10.12,23.05,RCL,Trans,2075.189999999998
2025-07-01,9.57,14.82,24.39,-5.25,25.53,RCL,Trans,2069.939999999998
2025-07-02,8.5,16.45,24.94,-7.95,15.83,RCL,Trans,2061.989999999998
2025-07-03,12.82,6.21,19.03,6.61,20.74,RCL,Trans,2068.599999999998
2025-07-04,14.6,11.11,25.71,3.48,11.5,RCL,Trans,2072.079999999998
2025-07-07,15.09,6.17,21.26,8.91,13.08,RCL,Trans,2080.989999999998
2025-07-08,12.69,11.47,24.15,1.22,16.57,RCL,Trans,2082.2099999999978
2025-07-09,56.49,12.65,69.14,43.85,25.89,RCL,Trans,2126.0599999999977
2025-07-11,20.07,16.07,36.14,4.0,19.28,RCL,Trans,2130.0599999999977
2025-07-14,26.16,15.02,41.18,11.13,24.08,RCL,Trans,2141.189999999998
2025-07-15,19.09,13.56,32.65,5.52,22.72,RCL,Trans,2146.7099999999978
2025-07-16,24.92,12.76,37.68,12.16,28.41,RCL,Trans,2158.8699999999976
2025-07-17,110.63,38.19,148.83,72.44,21.83,RCL,Trans,2231.3099999999977
2025-07-18,17.98,25.66,43.63,-7.68,22.75,RCL,Trans,2223.629999999998
2025-07-21,17.28,24.72,42.0,-7.45,30.5,RCL,Trans,2216.179999999998
2025-07-22,19.52,15.2,34.72,4.32,24.22,RCL,Trans,2220.499999999998
2025-07-23,16.15,26.7,42.86,-10.55,22.65,RCL,Trans,2209.949999999998
2025-07-24,20.45,12.49,32.94,7.97,19.4,RCL,Trans,2217.919999999998
2025-07-25,18.09,18.31,36.4,-0.22,22.82,RCL,Trans,2217.699999999998
2025-07-29,8.76,17.94,26.69,-9.18,19.67,RCL,Trans,2208.519999999998
2025-07-30,9.35,21.46,30.82,-12.11,28.27,RCL,Trans,2196.409999999998
2025-07-31,14.94,39.41,54.35,-24.47,21.19,RCL,Trans,2171.9399999999982
2025-08-01,7.98,24.54,32.52,-16.56,17.39,RCL,Trans,2155.3799999999983
2025-08-04,21.01,7.28,28.3,13.73,13.04,RCL,Trans,2169.1099999999983
2025-08-05,1.92,12.84,14.76,-10.91,16.54,RCL,Trans,2158.1999999999985
2025-08-06,25.61,21.74,47.35,3.87,28.27,RCL,Trans,2162.0699999999983
2025-08-07,3.05,9.43,12.48,-6.38,19.53,RCL,Trans,2155.6899999999982
2025-08-08,73.75,30.24,103.99,43.51,18.41,RCL,Trans,2199.1999999999985
2025-08-13,33.35,48.27,81.62,-14.91,24.09,RCL,Trans,2184.2899999999986
2025-08-14,15.23,32.75,47.98,-17.51,15.23,RCL,Trans,2166.7799999999984
2025-08-15,5.53,31.29,36.82,-25.77,15.9,RCL,Trans,2141.0099999999984
2025-08-18,3.28,24.9,28.19,-21.62,13.27,RCL,Trans,2119.3899999999985
2025-08-19,10.4,12.11,22.5,-1.71,12.65,RCL,Trans,2117.6799999999985
2025-08-20,10.17,16.33,26.5,-6.17,11.36,RCL,Trans,2111.5099999999984
2025-08-21,3.62,20.16,23.79,-16.54,17.04,RCL,Trans,2094.9699999999984
2025-08-22,2.17,14.07,16.24,-11.9,14.19,RCL,Trans,2083.0699999999983
2025-08-25,2.46,11.08,13.54,-8.62,19.23,RCL,Trans,2074.4499999999985
2025-08-26,8.05,18.61,26.66,-10.56,12.92,RCL,Trans,2063.8899999999985
2025-08-27,1.73,35.09,36.82,-33.36,13.7,RCL,Trans,2030.5299999999986
2025-08-28,5.7,6.46,12.16,-0.75,14.66,RCL,Trans,2029.7799999999986
2025-08-29,4.9,14.43,19.32,-9.53,14.84,RCL,Trans,2020.2499999999986
2025-09-01,9.37,6.68,16.05,2.69,13.74,RCL,Trans,2022.9399999999987
2025-09-02,8.05,4.96,13.01,3.1,6.14,RCL,Trans,2026.0399999999986
2025-09-03,5.57,8.33,13.9,-2.77,11.79,RCL,Trans,2023.2699999999986
2025-09-04,1.43,5.01,6.44,-3.57,8.08,RCL,Trans,2019.6999999999987
2025-09-05,4.4,4.95,9.35,-0.55,13.02,RCL,Trans,2019.1499999999987
2025-09-08,22.25,16.74,38.99,5.51,11.62,RCL,Trans,2024.6599999999987
2025-09-09,12.61,10.9,23.51,1.71,17.22,RCL,Trans,2026.3699999999988
2025-09-10,22.73,8.71,31.44,14.03,10.77,RCL,Trans,2040.3999999999987
2025-09-11,73.16,33.24,106.4,39.92,15.61,RCL,Trans,2080.319999999999
2025-09-12,13.33,17.37,30.7,-4.03,20.22,RCL,Trans,2076.2899999999986
2025-09-15,5.91,15.91,21.83,-10.0,10.84,RCL,Trans,2066.2899999999986
2025-09-16,5.56,8.23,13.79,-2.68,9.92,RCL,Trans,2063.6099999999988
2025-09-17,30.21,15.8,46.01,14.4,16.19,RCL,Trans,2078.009999999999
2025-09-18,7.26,9.39,16.65,-2.13,12.2,RCL,Trans,2075.8799999999987
2025-09-19,12.46,3.39,15.84,9.07,12.21,RCL,Trans,2084.949999999999
2025-09-22,13.83,20.88,34.71,-7.05,14.09,RCL,Trans,2077.8999999999987
2025-09-23,33.12,12.62,45.74,20.5,17.58,RCL,Trans,2098.3999999999987
2025-09-24,6.18,16.21,22.39,-10.03,14.16,RCL,Trans,2088.3699999999985
2025-09-25,23.27,3.4,26.67,19.87,18.43,RCL,Trans,2108.2399999999984
2025-09-26,1.45,8.74,10.19,-7.29,11.11,RCL,Trans,2100.9499999999985
2025-09-29,5.36,10.25,15.62,-4.89,12.54,RCL,Trans,2096.0599999999986
2025-09-30,18.78,5.88,24.66,12.9,17.91,RCL,Trans,2108.9599999999987
2025-10-01,1.56,8.82,10.38,-7.25,8.89,RCL,Trans,2101.7099999999987
2025-10-02,15.25,10.56,25.81,4.69,19.84,RCL,Trans,2106.3999999999987
2025-10-03,1.3,2.85,4.14,-1.55,7.18,RCL,Trans,2104.8499999999985
2025-10-06,2.44,3.48,5.92,-1.03,7.22,RCL,Trans,2103.8199999999983
2025-10-07,24.27,13.3,37.57,10.96,29.34,RCL,Trans,2114.7799999999984
2025-10-08,19.28,14.39,33.67,4.89,34.37,RCL,Trans,2119.6699999999983
2025-10-09,35.22,16.99,52.21,18.23,30.1,RCL,Trans,2137.8999999999983
2025-10-10,17.56,15.98,33.55,1.58,34.46,RCL,Trans,2139.479999999998
2025-10-14,52.48,37.69,90.17,14.78,22.55,RCL,Trans,2154.2599999999984
2025-10-15,124.26,111.32,235.58,12.93,65.44,RCL,Trans,2167.1899999999982
2025-10-16,3.69,11.5,15.19,-7.81,11.29,RCL,Trans,2159.3799999999983
2025-10-17,1.15,3.69,4.85,-2.54,5.18,RCL,Trans,2156.8399999999983
2025-10-20,3.25,6.87,10.13,-3.62,8.37,RCL,Trans,2153.2199999999984
2025-10-21,11.69,4.41,16.11,7.28,17.46,RCL,Trans,2160.4999999999986
2025-10-22,3.48,19.33,22.81,-15.85,22.73,RCL,Trans,2144.6499999999987
2025-10-24,2.08,7.57,9.66,-5.49,8.16,RCL,Trans,2139.159999999999
2025-10-27,11.22,3.61,14.82,7.61,10.23,RCL,Trans,2146.769999999999
2025-10-28,2.76,4.31,7.07,-1.56,8.03,RCL,Trans,2145.209999999999
2025-10-29,1.93,1.35,3.28,0.58,6.0,RCL,Trans,2145.789999999999
2025-10-30,2.43,6.01,8.43,-3.58,18.03,RCL,Trans,2142.209999999999
2025-10-31,5.64,4.43,10.07,1.22,11.47,RCL,Trans,2143.429999999999
2025-11-03,8.67,4.38,13.05,4.29,11.08,RCL,Trans,2147.719999999999
2025-11-04,5.89,6.86,12.75,-0.97,20.15,RCL,Trans,2146.749999999999
2025-11-05,3.11,27.43,30.53,-24.32,19.38,RCL,Trans,2122.429999999999
2025-11-06,17.45,11.5,28.96,5.95,21.89,RCL,Trans,2128.3799999999987
2025-11-07,21.16,8.19,29.34,12.97,14.04,RCL,Trans,2141.3499999999985
2025-11-10,4.94,6.4,11.34,-1.47,14.17,RCL,Trans,2139.8799999999987
2025-11-11,9.87,5.87,15.74,4.0,21.97,RCL,Trans,2143.8799999999987
2025-11-12,3.07,14.88,17.95,-11.81,24.33,RCL,Trans,2132.069999999999
2025-11-13,8.65,16.62,25.27,-7.97,25.62,RCL,Trans,2124.099999999999
2025-11-14,1.14,0.79,1.93,0.34,5.31,RCL,Trans,2124.439999999999
2025-11-17,6.49,1.72,8.21,4.77,8.65,RCL,Trans,2129.209999999999
2025-11-18,2.37,2.34,4.71,0.03,5.62,RCL,Trans,2129.2399999999993
2025-11-19,1.22,6.42,7.65,-5.2,11.18,RCL,Trans,2124.0399999999995
2025-11-20,0.65,5.96,6.61,-5.31,15.32,RCL,Trans,2118.7299999999996
2025-11-21,0.63,3.68,4.3,-3.05,11.09,RCL,Trans,2115.6799999999994
2025-11-24,5.73,7.71,13.44,-1.98,43.44,RCL,Trans,2113.6999999999994
2025-11-25,4.92,9.85,14.77,-4.93,27.9,RCL,Trans,2108.7699999999995
2025-11-26,0.09,4.68,4.77,-4.59,17.97,RCL,Trans,2104.1799999999994
2025-11-27,0.2,0.13,0.33,0.06,4.74,RCL,Trans,2104.2399999999993
2025-11-28,17.47,0.12,17.59,17.34,24.14,RCL,Trans,2121.5799999999995
2025-12-01,24.24,11.82,36.06,12.42,28.42,RCL,Trans,2133.9999999999995
2025-12-02,27.85,4.63,32.48,23.21,22.75,RCL,Trans,2157.2099999999996
2025-12-03,7.72,2.86,10.58,4.86,18.75,RCL,Trans,2162.0699999999997
2025-12-04,27.77,12.74,40.51,15.03,30.72,RCL,Trans,2177.1
2025-12-08,8.73,12.43,21.15,-3.7,20.79,RCL,Trans,2173.4
2025-12-09,7.18,7.98,15.15,-0.8,30.54,RCL,Trans,2172.6
2025-12-11,6.45,12.84,19.29,-6.39,29.1,RCL,Trans,2166.21
2025-12-12,6.44,7.72,14.16,-1.28,18.68,RCL,Trans,2164.93
2025-12-15,14.75,3.53,18.28,11.21,14.46,RCL,Trans,2176.14
2025-12-16,2.57,5.1,7.68,-2.53,15.44,RCL,Trans,2173.6099999999997
2025-12-17,7.99,4.94,12.93,3.05,23.8,RCL,Trans,2176.66
2025-12-18,2.44,5.9,8.34,-3.46,12.83,RCL,Trans,2173.2
2025-12-19,0.72,2.84,3.55,-2.12,8.18,RCL,Trans,2171.08
2025-12-22,13.48,4.41,17.89,9.07,24.04,RCL,Trans,2180.15
2025-12-23,3.43,1.43,4.86,2.0,12.68,RCL,Trans,2182.15
2025-12-24,0.49,0.05,0.54,0.43,3.53,RCL,Trans,2182.58
2025-12-25,3.56,0.28,3.84,3.29,13.33,RCL,Trans,2185.87
2025-12-26,7.3,21.52,28.82,-14.22,38.31,RCL,Trans,2171.65
2025-12-29,1.78,0.02,1.79,1.76,12.1,RCL,Trans,2173.4100000000003
2025-12-30,2.25,2.89,5.14,-0.64,13.01,RCL,Trans,2172.7700000000004
2026-01-05,30.92,3.37,34.29,27.55,25.75,RCL,Trans,2200.3200000000006
2026-01-06,2.02,6.01,8.03,-4.0,14.0,RCL,Trans,2196.3200000000006
2026-01-07,4.82,6.57,11.39,-1.75,23.66,RCL,Trans,2194.5700000000006
2026-01-08,5.17,15.36,20.52,-10.19,28.17,RCL,Trans,2184.3800000000006
2026-01-09,30.18,8.37,38.55,21.81,24.52,RCL,Trans,2206.1900000000005
2026-01-12,8.13,17.59,25.73,-9.46,28.96,RCL,Trans,2196.7300000000005
2026-01-13,7.8,29.75,37.54,-21.95,33.19,RCL,Trans,2174.7800000000007
2026-01-14,8.51,10.88,19.39,-2.37,27.32,RCL,Trans,2172.4100000000008
2026-01-15,10.77,10.76,21.53,0.01,22.29,RCL,Trans,2172.420000000001
2026-01-16,15.47,3.05,18.51,12.42,36.72,RCL,Trans,2184.840000000001
2026-01-19,2.95,5.41,8.36,-2.45,14.54,RCL,Trans,2182.3900000000012
2026-01-20,16.0,0.71,16.71,15.3,12.64,RCL,Trans,2197.6900000000014
2026-01-21,27.44,7.77,35.21,19.67,35.94,RCL,Trans,2217.3600000000015
2026-01-22,41.7,33.43,75.13,8.28,29.83,RCL,Trans,2225.6400000000017
2026-01-23,7.22,13.33,20.54,-6.11,27.48,RCL,Trans,2219.5300000000016
2026-01-26,0.84,2.44,3.28,-1.6,11.76,RCL,Trans,2217.9300000000017
2026-01-27,1.64,5.63,7.28,-3.99,20.11,RCL,Trans,2213.940000000002
2026-01-28,7.19,19.48,26.66,-12.29,35.94,RCL,Trans,2201.650000000002
2026-01-29,5.83,13.87,19.7,-8.04,30.21,RCL,Trans,2193.610000000002
2026-01-30,6.22,15.89,22.11,-9.66,17.88,RCL,Trans,2183.950000000002
2026-02-02,10.71,11.07,21.79,-0.36,19.64,RCL,Trans,2183.590000000002
2026-02-03,8.48,14.95,23.43,-6.47,13.2,RCL,Trans,2177.120000000002
2026-02-04,4.2,10.94,15.14,-6.74,22.32,RCL,Trans,2170.3800000000024
2026-02-05,6.39,19.53,25.91,-13.14,29.83,RCL,Trans,2157.2400000000025
2026-02-06,10.9,19.85,30.75,-8.95,42.95,RCL,Trans,2148.2900000000027
2026-02-09,43.35,9.06,52.41,34.28,33.45,RCL,Trans,2182.570000000003
2026-02-10,22.69,17.4,40.09,5.29,36.01,RCL,Trans,2187.860000000003
2026-02-11,29.45,14.63,44.07,14.82,31.14,RCL,Trans,2202.680000000003
2026-02-12,48.69,25.38,74.06,23.31,31.9,RCL,Trans,2225.990000000003
2026-02-13,12.09,13.24,25.33,-1.14,24.45,RCL,Trans,2224.850000000003
2026-02-16,12.09,7.84,19.93,4.25,18.72,RCL,Trans,2229.100000000003
2026-02-17,26.19,5.53,31.72,20.66,22.88,RCL,Trans,2249.760000000003
2026-02-18,26.38,12.6,38.99,13.78,24.2,RCL,Trans,2263.540000000003
2026-02-19,60.45,42.0,102.45,18.45,24.56,RCL,Trans,2281.990000000003
2026-02-20,72.47,55.68,128.15,16.79,21.65,RCL,Trans,2298.780000000003
2026-02-23,72.58,23.46,96.04,49.12,27.24,RCL,Trans,2347.900000000003
2026-02-24,31.32,7.25,38.57,24.07,18.9,RCL,Trans,2371.970000000003
2026-02-25,27.59,21.84,49.43,5.74,21.48,RCL,Trans,2377.7100000000028
2026-02-26,24.74,30.88,55.63,-6.14,28.01,RCL,Trans,2371.570000000003
2026-02-27,11.79,10.26,22.06,1.53,23.19,RCL,Trans,2373.100000000003
2026-03-02,104.57,111.37,215.94,-6.8,17.81,RCL,Trans,2366.300000000003
2026-03-04,109.98,122.69,232.66,-12.71,20.18,RCL,Trans,2353.590000000003
2026-03-05,74.14,23.75,97.89,50.39,30.06,RCL,Trans,2403.9800000000027
2026-03-06,10.91,31.52,42.43,-20.62,23.53,RCL,Trans,2383.360000000003
2026-03-09,93.91,77.17,171.08,16.74,35.19,RCL,Trans,2400.1000000000026
2026-03-10,29.89,63.04,92.92,-33.15,28.5,RCL,Trans,2366.9500000000025
2026-03-11,72.26,31.25,103.51,41.01,32.81,RCL,Trans,2407.9600000000028
2026-03-12,20.44,25.47,45.91,-5.03,29.54,RCL,Trans,2402.9300000000026
2026-03-13,9.17,25.33,34.5,-16.16,20.37,RCL,Trans,2386.7700000000027
2026-03-16,26.22,19.43,45.66,6.79,25.16,RCL,Trans,2393.5600000000027
2026-03-17,116.03,20.35,136.38,95.68,28.72,RCL,Trans,2489.2400000000025
2026-03-18,204.27,34.41,238.67,169.86,23.89,RCL,Trans,2659.1000000000026
2026-03-19,51.44,157.52,208.96,-106.07,24.52,RCL,Trans,2553.0300000000025
2026-03-20,23.71,42.17,65.88,-18.46,24.67,RCL,Trans,2534.5700000000024
2026-03-23,18.45,37.27,55.72,-18.83,23.91,RCL,Trans,2515.7400000000025
2026-03-24,29.42,29.97,59.39,-0.54,32.95,RCL,Trans,2515.2000000000025
2026-03-25,37.77,11.25,49.02,26.52,25.15,RCL,Trans,2541.7200000000025
2026-03-26,38.3,24.14,62.45,14.16,42.66,RCL,Trans,2555.8800000000024
2026-03-27,37.34,18.45,55.79,18.89,28.89,RCL,Trans,2574.7700000000023
2026-03-30,12.31,30.65,42.96,-18.34,22.62,RCL,Trans,2556.430000000002
2026-03-31,8.41,11.11,19.53,-2.7,21.61,RCL,Trans,2553.7300000000023
2026-04-01,34.18,26.55,60.72,7.63,25.0,RCL,Trans,2561.3600000000024
2026-04-02,24.94,21.22,46.16,3.71,27.58,RCL,Trans,2565.0700000000024
2026-04-03,5.75,16.67,22.42,-10.91,32.66,RCL,Trans,2554.1600000000026
2026-04-07,13.04,14.59,27.63,-1.55,25.12,RCL,Trans,2552.6100000000024
2026-04-08,19.17,27.74,46.91,-8.57,29.45,RCL,Trans,2544.0400000000022
2026-04-09,95.84,49.4,145.25,46.44,32.13,RCL,Trans,2590.4800000000023
2026-04-10,18.51,57.23,75.74,-38.72,29.78,RCL,Trans,2551.7600000000025
2026-04-16,39.9,28.2,68.1,11.71,31.56,RCL,Trans,2563.4700000000025
2026-04-17,19.71,26.83,46.53,-7.12,24.03,RCL,Trans,2556.3500000000026
2026-04-20,6.55,31.09,37.64,-24.55,28.05,RCL,Trans,2531.8000000000025
2026-04-21,6.02,11.26,17.28,-5.24,17.49,RCL,Trans,2526.5600000000027
2026-04-22,16.83,14.12,30.95,2.71,39.17,RCL,Trans,2529.2700000000027
2026-04-23,14.89,21.64,36.52,-6.75,22.43,RCL,Trans,2522.5200000000027
2026-04-24,7.53,6.7,14.23,0.83,24.05,RCL,Trans,2523.3500000000026
2026-04-27,2.73,7.09,9.82,-4.36,14.65,RCL,Trans,2518.9900000000025
2026-04-28,1.21,8.69,9.9,-7.48,14.8,RCL,Trans,2511.5100000000025
2026-04-29,19.35,53.35,72.71,-34.0,23.07,RCL,Trans,2477.5100000000025
2026-04-30,11.31,21.71,33.02,-10.4,19.61,RCL,Trans,2467.1100000000024
2026-05-05,5.38,11.1,16.48,-5.72,22.38,RCL,Trans,2461.3900000000026
2026-05-06,124.03,53.49,177.52,70.54,35.52,RCL,Trans,2531.9300000000026
2026-05-07,17.06,37.02,54.08,-19.96,31.21,RCL,Trans,2511.9700000000025
2026-05-08,23.18,29.96,53.14,-6.78,23.89,RCL,Trans,2505.1900000000023
2026-05-11,63.46,24.37,87.83,39.09,28.33,RCL,Trans,2544.2800000000025
2026-05-12,38.45,36.37,74.83,2.08,33.56,RCL,Trans,2546.3600000000024
2026-05-13,24.32,47.76,72.08,-23.44,24.5,RCL,Trans,2522.9200000000023
2026-05-14,61.16,20.95,82.11,40.2,29.19,RCL,Trans,2563.120000000002
2026-05-15,9.6,22.71,32.31,-13.12,25.35,RCL,Trans,2550.0000000000023
2026-05-18,2.04,37.37,39.42,-35.33,23.8,RCL,Trans,2514.6700000000023
2026-05-19,2.82,25.13,27.95,-22.31,13.12,RCL,Trans,2492.3600000000024
2026-05-20,5.73,15.49,21.22,-9.76,32.47,RCL,Trans,2482.600000000002
2026-05-21,8.53,12.78,21.31,-4.25,24.58,RCL,Trans,2478.350000000002
2026-05-22,0.55,5.39,5.94,-4.84,16.6,RCL,Trans,2473.510000000002
2026-05-25,14.66,26.26,40.92,-11.59,28.33,RCL,Trans,2461.920000000002
2026-05-26,6.44,10.7,17.14,-4.26,29.97,RCL,Trans,2457.6600000000017
2026-05-27,7.01,6.83,13.84,0.19,13.34,RCL,Trans,2457.8500000000017
2026-05-28,5.83,7.61,13.44,-1.79,25.66,RCL,Trans,2456.0600000000018
2026-05-29,35.75,31.14,66.89,4.61,20.76,RCL,Trans,2460.670000000002
2026-06-02,29.5,12.13,41.63,17.36,23.83,RCL,Trans,2478.030000000002
2026-06-04,50.58,43.58,94.15,7.0,31.92,RCL,Trans,2485.030000000002
2026-06-05,110.85,46.39,157.24,64.46,33.78,RCL,Trans,2549.490000000002
2026-06-08,83.34,60.12,143.46,23.22,24.9,RCL,Trans,2572.710000000002
2026-06-09,49.85,68.81,118.67,-18.96,34.1,RCL,Trans,2553.750000000002
2026-06-10,25.8,25.25,51.05,0.56,36.62,RCL,Trans,2554.3100000000018
2026-06-11,47.41,19.03,66.44,28.38,33.09,RCL,Trans,2582.690000000002
2026-06-12,126.6,37.08,163.69,89.52,26.17,RCL,Trans,2672.210000000002
2026-06-15,33.41,103.97,137.38,-70.56,30.83,RCL,Trans,2601.650000000002
2026-06-16,12.21,47.55,59.76,-35.34,28.19,RCL,Trans,2566.3100000000018
2026-06-17,10.54,34.12,44.66,-23.58,22.28,RCL,Trans,2542.730000000002
2026-06-18,5.18,48.69,53.87,-43.52,16.76,RCL,Trans,2499.210000000002
2026-06-19,5.48,32.09,37.57,-26.6,10.14,RCL,Trans,2472.610000000002
2026-06-22,95.88,27.21,123.09,68.67,17.37,RCL,Trans,2541.280000000002
2026-06-23,15.15,55.54,70.7,-40.39,24.28,RCL,Trans,2500.890000000002
2026-06-24,0.91,20.59,21.5,-19.68,23.71,RCL,Trans,2481.2100000000023
2026-06-25,0.75,31.05,31.8,-30.3,30.92,RCL,Trans,2450.910000000002
2026-06-26,7.29,32.38,39.67,-25.09,22.42,RCL,Trans,2425.820000000002
2026-06-29,15.59,8.71,24.3,6.88,18.62,RCL,Trans,2432.700000000002
2026-06-30,9.21,18.28,27.49,-9.07,16.13,RCL,Trans,2423.630000000002
2026-07-01,12.16,26.6,38.77,-14.44,18.6,RCL,Trans,2409.190000000002
2026-07-02,22.78,27.75,50.53,-4.96,27.33,RCL,Trans,2404.230000000002
2026-07-03,39.17,18.63,57.8,20.55,25.03,RCL,Trans,2424.780000000002
2026-07-06,51.11,33.34,84.45,17.78,30.58,RCL,Trans,2442.560000000002
2026-07-07,18.25,39.85,58.11,-21.6,26.82,RCL,Trans,2420.9600000000023
2026-07-08,94.45,52.69,147.14,41.75,34.97,RCL,Trans,2462.7100000000023
2026-07-09,36.59,15.18,51.77,21.41,29.29,RCL,Trans,2484.120000000002
2026-07-10,41.51,37.3,78.81,4.21,24.67,RCL,Trans,2488.330000000002
2026-07-13,20.5,20.9,41.39,-0.4,21.42,RCL,Trans,2487.930000000002
2026-07-14,9.06,9.17,18.22,-0.11,26.56,RCL,Trans,2487.820000000002
2026-07-15,48.29,36.31,84.59,11.98,34.47,RCL,Trans,2499.800000000002
2026-07-16,18.04,41.09,59.13,-23.05,40.78,RCL,Trans,2476.750000000002
2026-07-17,7.15,52.7,59.85,-45.55,25.15,RCL,Trans,2431.2000000000016
2026-07-20,98.61,32.91,131.52,65.69,21.52,RCL,Trans,2496.8900000000017
2026-07-21,141.95,47.96,189.92,93.99,22.72,RCL,Trans,2590.8800000000015
2026-07-22,140.34,65.92,206.26,74.43,27.68,RCL,Trans,2665.3100000000013
2026-07-23,45.49,69.79,115.28,-24.31,37.57,RCL,Trans,2641.0000000000014
2026-07-24,28.18,47.92,76.1,-19.73,34.67,RCL,Trans,2621.2700000000013
2026-07-27,31.46,52.02,83.48,-20.56,34.31,RCL,Trans,2600.7100000000014
2026-07-30,36.07,21.16,57.22,14.91,24.42,RCL,Trans,2615.6200000000013
2026-07-31,91.94,65.42,157.36,26.52,30.89,RCL,Trans,2642.1400000000012
2026-08-03,11.13,29.07,40.2,-17.94,22.83,RCL,Trans,2624.200000000001
2026-08-04,31.21,42.13,73.34,-10.91,29.33,RCL,Trans,2613.2900000000013
2026-08-05,63.75,57.83,121.58,5.91,31.58,RCL,Trans,2619.200000000001
2026-08-06,18.16,59.62,77.78,-41.46,25.39,RCL,Trans,2577.740000000001
2026-08-07,171.81,127.03,298.84,44.78,28.43,RCL,Trans,2622.5200000000013
2026-08-10,154.17,14.57,168.74,139.6,24.57,RCL,Trans,2762.1200000000013
2026-08-11,276.08,62.76,338.85,213.32,15.28,RCL,Trans,2975.4400000000014
2026-08-13,103.94,70.69,174.63,33.25,31.77,RCL,Trans,3008.6900000000014
2026-08-14,99.42,57.11,156.53,42.31,30.47,RCL,Trans,3051.0000000000014
2026-08-17,97.31,47.48,144.79,49.82,28.85,RCL,Trans,3100.8200000000015
2026-08-18,134.03,100.5,234.53,33.53,24.19,RCL,Trans,3134.3500000000017
2026-08-19,59.99,79.41,139.4,-19.42,23.91,RCL,Trans,3114.9300000000017
2026-08-20,110.45,65.27,175.72,45.18,17.41,RCL,Trans,3160.1100000000015
2026-08-21,138.11,45.53,183.64,92.58,24.1,RCL,Trans,3252.6900000000014
2026-08-24,90.06,63.59,153.65,26.47,27.47,RCL,Trans,3279.160000000001
2026-08-25,78.75,33.42,112.17,45.33,23.21,RCL,Trans,3324.490000000001
2026-08-26,102.26,103.6,205.86,-1.34,38.9,RCL,Trans,3323.150000000001
2026-08-27,99.15,61.03,160.18,38.13,32.74,RCL,Trans,3361.280000000001
