date,buy_mb,sell_mb,buy_sell_mb,net_mb,nvdr_pct,symbol,sector,cumulative_net_mb
2020-01-02,155.39,182.19,337.59,-26.8,43.59,SCC,Conmat,-26.8
2020-01-03,244.28,224.58,468.87,19.7,20.82,SCC,Conmat,-7.100000000000001
2020-01-06,277.29,382.51,659.8,-105.22,24.81,SCC,Conmat,-112.32
2020-01-07,231.17,225.72,456.89,5.45,29.88,SCC,Conmat,-106.86999999999999
2020-01-08,328.35,210.69,539.04,117.67,18.58,SCC,Conmat,10.800000000000011
2020-01-09,320.11,485.36,805.47,-165.24,31.45,SCC,Conmat,-154.44
2020-01-10,141.84,152.84,294.68,-11.0,25.57,SCC,Conmat,-165.44
2020-01-13,266.93,248.68,515.62,18.25,23.91,SCC,Conmat,-147.19
2020-01-14,211.91,127.55,339.46,84.36,32.04,SCC,Conmat,-62.83
2020-01-15,196.07,113.66,309.73,82.4,22.79,SCC,Conmat,19.570000000000007
2020-01-16,372.43,274.35,646.79,98.08,24.92,SCC,Conmat,117.65
2020-01-17,243.86,126.57,370.43,117.29,36.43,SCC,Conmat,234.94
2020-01-20,182.78,131.65,314.42,51.13,31.68,SCC,Conmat,286.07
2020-01-21,227.28,205.59,432.87,21.69,22.2,SCC,Conmat,307.76
2020-01-22,219.94,225.94,445.88,-6.0,20.75,SCC,Conmat,301.76
2020-01-23,211.5,137.58,349.07,73.92,23.77,SCC,Conmat,375.68
2020-01-24,100.57,47.77,148.34,52.8,19.81,SCC,Conmat,428.48
2020-01-27,119.36,332.34,451.7,-212.98,24.21,SCC,Conmat,215.50000000000003
2020-01-28,339.74,362.11,701.85,-22.37,28.68,SCC,Conmat,193.13000000000002
2020-01-29,589.27,472.02,1061.29,117.25,27.79,SCC,Conmat,310.38
2020-01-30,221.12,216.39,437.5,4.73,34.53,SCC,Conmat,315.11
2020-01-31,199.91,464.16,664.07,-264.24,34.45,SCC,Conmat,50.870000000000005
2020-02-03,238.41,461.92,700.33,-223.52,22.14,SCC,Conmat,-172.65
2020-02-04,486.18,305.19,791.37,180.98,18.61,SCC,Conmat,8.329999999999984
2020-02-05,327.0,303.87,630.86,23.13,22.98,SCC,Conmat,31.459999999999983
2020-02-06,454.12,264.94,719.06,189.17,29.98,SCC,Conmat,220.62999999999997
2020-02-07,303.51,214.35,517.86,89.17,42.93,SCC,Conmat,309.79999999999995
2020-02-11,260.47,281.89,542.36,-21.42,28.55,SCC,Conmat,288.37999999999994
2020-02-12,291.52,146.2,437.73,145.32,25.45,SCC,Conmat,433.69999999999993
2020-02-13,188.42,274.91,463.33,-86.49,22.54,SCC,Conmat,347.2099999999999
2020-02-14,113.65,117.45,231.1,-3.81,17.72,SCC,Conmat,343.3999999999999
2020-02-17,65.41,116.26,181.67,-50.85,32.26,SCC,Conmat,292.5499999999999
2020-02-18,117.54,96.56,214.1,20.98,17.19,SCC,Conmat,313.5299999999999
2020-02-19,217.81,166.51,384.32,51.29,25.21,SCC,Conmat,364.81999999999994
2020-02-20,240.0,241.77,481.77,-1.77,29.77,SCC,Conmat,363.04999999999995
2020-02-21,311.68,275.8,587.48,35.88,20.47,SCC,Conmat,398.92999999999995
2020-02-24,294.78,450.58,745.37,-155.8,33.5,SCC,Conmat,243.12999999999994
2020-02-25,443.14,411.92,855.06,31.22,30.46,SCC,Conmat,274.3499999999999
2020-02-26,426.86,517.39,944.25,-90.54,28.28,SCC,Conmat,183.8099999999999
2020-02-27,526.07,382.5,908.57,143.57,33.88,SCC,Conmat,327.3799999999999
2020-02-28,599.56,550.71,1150.27,48.84,34.82,SCC,Conmat,376.2199999999999
2020-03-02,322.18,398.66,720.84,-76.48,37.35,SCC,Conmat,299.7399999999999
2020-03-03,452.47,401.84,854.31,50.62,30.25,SCC,Conmat,350.3599999999999
2020-03-04,316.89,236.47,553.36,80.43,30.03,SCC,Conmat,430.7899999999999
2020-03-05,283.15,339.52,622.67,-56.37,22.89,SCC,Conmat,374.4199999999999
2020-03-06,182.64,217.42,400.05,-34.78,19.04,SCC,Conmat,339.6399999999999
2020-03-09,630.74,552.29,1183.03,78.45,26.73,SCC,Conmat,418.08999999999986
2020-03-10,421.53,565.64,987.17,-144.11,27.86,SCC,Conmat,273.97999999999985
2020-03-11,274.82,453.66,728.48,-178.84,45.12,SCC,Conmat,95.13999999999984
2020-03-12,625.23,827.11,1452.34,-201.88,31.17,SCC,Conmat,-106.74000000000015
2020-03-13,939.7,1065.47,2005.17,-125.78,37.23,SCC,Conmat,-232.52000000000015
2020-03-16,544.43,588.05,1132.47,-43.62,37.81,SCC,Conmat,-276.14000000000016
2020-03-17,541.32,599.28,1140.6,-57.96,34.69,SCC,Conmat,-334.10000000000014
2020-03-18,443.91,453.48,897.39,-9.56,30.88,SCC,Conmat,-343.66000000000014
2020-03-19,485.46,265.87,751.34,219.59,36.9,SCC,Conmat,-124.07000000000014
2020-03-20,680.63,620.81,1301.44,59.82,28.99,SCC,Conmat,-64.25000000000014
2020-03-23,248.31,479.97,728.28,-231.65,30.78,SCC,Conmat,-295.90000000000015
2020-03-24,538.2,384.61,922.81,153.6,35.68,SCC,Conmat,-142.30000000000015
2020-03-25,530.41,557.02,1087.43,-26.61,27.04,SCC,Conmat,-168.91000000000014
2020-03-26,275.13,574.16,849.29,-299.02,26.16,SCC,Conmat,-467.9300000000001
2020-03-27,484.61,410.34,894.95,74.27,28.61,SCC,Conmat,-393.66000000000014
2020-03-30,292.56,246.85,539.41,45.71,28.84,SCC,Conmat,-347.95000000000016
2020-03-31,459.55,404.49,864.03,55.06,33.36,SCC,Conmat,-292.89000000000016
2020-04-01,312.53,500.62,813.16,-188.09,32.5,SCC,Conmat,-480.98000000000013
2020-04-02,445.89,273.04,718.94,172.85,21.83,SCC,Conmat,-308.1300000000001
2020-04-03,280.73,268.96,549.69,11.77,29.78,SCC,Conmat,-296.3600000000001
2020-04-07,579.56,327.98,907.54,251.57,31.16,SCC,Conmat,-44.790000000000134
2020-04-08,385.6,278.65,664.25,106.94,39.27,SCC,Conmat,62.149999999999864
2020-04-09,274.86,439.54,714.39,-164.68,29.88,SCC,Conmat,-102.53000000000014
2020-04-10,208.61,125.09,333.69,83.52,45.5,SCC,Conmat,-19.010000000000147
2020-04-13,152.41,130.43,282.83,21.98,27.81,SCC,Conmat,2.969999999999853
2020-04-14,182.15,174.82,356.97,7.34,35.31,SCC,Conmat,10.309999999999853
2020-04-15,421.07,318.25,739.31,102.82,31.78,SCC,Conmat,113.12999999999985
2020-04-16,337.51,561.04,898.56,-223.53,28.6,SCC,Conmat,-110.40000000000015
2020-04-17,394.31,322.6,716.91,71.72,30.53,SCC,Conmat,-38.68000000000015
2020-04-20,537.68,388.2,925.88,149.48,31.54,SCC,Conmat,110.79999999999984
2020-04-21,323.02,289.22,612.24,33.81,42.43,SCC,Conmat,144.60999999999984
2020-04-22,409.56,349.1,758.66,60.46,28.44,SCC,Conmat,205.06999999999985
2020-04-23,157.56,222.36,379.93,-64.8,28.82,SCC,Conmat,140.26999999999987
2020-04-24,221.67,315.9,537.56,-94.23,43.77,SCC,Conmat,46.039999999999864
2020-04-27,222.5,181.15,403.65,41.35,31.61,SCC,Conmat,87.38999999999987
2020-04-28,391.29,266.76,658.05,124.52,21.78,SCC,Conmat,211.90999999999985
2020-04-29,332.86,173.56,506.41,159.3,35.82,SCC,Conmat,371.20999999999987
2020-04-30,800.85,202.17,1003.02,598.67,36.03,SCC,Conmat,969.8799999999999
2020-05-05,83.47,199.55,283.02,-116.08,33.98,SCC,Conmat,853.7999999999998
2020-05-07,163.34,361.51,524.84,-198.17,35.97,SCC,Conmat,655.6299999999999
2020-05-08,94.18,304.45,398.62,-210.27,36.98,SCC,Conmat,445.3599999999999
2020-05-11,264.2,182.31,446.51,81.9,32.27,SCC,Conmat,527.2599999999999
2020-05-12,323.43,247.0,570.43,76.43,38.86,SCC,Conmat,603.6899999999998
2020-05-13,96.21,109.98,206.19,-13.78,32.89,SCC,Conmat,589.9099999999999
2020-05-14,173.65,154.93,328.58,18.71,35.68,SCC,Conmat,608.6199999999999
2020-05-15,155.39,157.77,313.15,-2.38,21.89,SCC,Conmat,606.2399999999999
2020-05-18,216.77,144.45,361.22,72.32,32.51,SCC,Conmat,678.56
2020-05-19,213.67,218.53,432.2,-4.86,26.49,SCC,Conmat,673.6999999999999
2020-05-20,42.23,90.28,132.51,-48.05,15.44,SCC,Conmat,625.65
2020-05-21,175.14,166.37,341.5,8.77,35.75,SCC,Conmat,634.42
2020-05-22,49.53,172.38,221.9,-122.85,24.99,SCC,Conmat,511.56999999999994
2020-05-25,126.05,209.56,335.61,-83.51,23.09,SCC,Conmat,428.05999999999995
2020-05-26,266.07,218.79,484.86,47.28,29.21,SCC,Conmat,475.3399999999999
2020-05-27,225.79,107.66,333.45,118.13,30.44,SCC,Conmat,593.4699999999999
2020-05-28,320.64,486.14,806.78,-165.5,24.75,SCC,Conmat,427.9699999999999
2020-05-29,1130.47,422.55,1553.02,707.91,55.05,SCC,Conmat,1135.8799999999999
2020-06-01,210.94,83.72,294.67,127.22,26.49,SCC,Conmat,1263.1
2020-06-02,440.39,162.4,602.79,278.0,23.94,SCC,Conmat,1541.1
2020-06-04,399.05,272.31,671.36,126.74,30.49,SCC,Conmat,1667.84
2020-06-05,334.34,256.11,590.44,78.23,20.75,SCC,Conmat,1746.07
2020-06-08,311.91,208.09,520.0,103.81,32.75,SCC,Conmat,1849.8799999999999
2020-06-09,530.31,757.81,1288.12,-227.5,31.32,SCC,Conmat,1622.3799999999999
2020-06-10,313.52,347.21,660.74,-33.69,32.06,SCC,Conmat,1588.6899999999998
2020-06-11,338.2,346.44,684.64,-8.23,30.99,SCC,Conmat,1580.4599999999998
2020-06-12,234.33,358.94,593.27,-124.61,26.12,SCC,Conmat,1455.85
2020-06-15,259.18,422.91,682.09,-163.73,34.33,SCC,Conmat,1292.12
2020-06-16,295.13,219.92,515.06,75.21,39.07,SCC,Conmat,1367.33
2020-06-17,230.71,185.56,416.26,45.15,27.32,SCC,Conmat,1412.48
2020-06-18,172.36,223.19,395.55,-50.84,47.33,SCC,Conmat,1361.64
2020-06-19,460.79,475.67,936.46,-14.88,53.51,SCC,Conmat,1346.76
2020-06-22,218.84,118.2,337.05,100.64,38.05,SCC,Conmat,1447.4
2020-06-23,144.26,77.93,222.19,66.32,36.05,SCC,Conmat,1513.72
2020-06-24,122.27,183.13,305.4,-60.86,35.58,SCC,Conmat,1452.8600000000001
2020-06-25,164.9,339.03,503.93,-174.12,25.39,SCC,Conmat,1278.7400000000002
2020-06-26,156.32,258.72,415.04,-102.4,17.99,SCC,Conmat,1176.3400000000001
2020-06-29,186.54,335.7,522.24,-149.17,31.76,SCC,Conmat,1027.17
2020-06-30,559.51,233.43,792.94,326.07,28.79,SCC,Conmat,1353.24
2020-07-01,222.09,308.18,530.27,-86.08,29.17,SCC,Conmat,1267.16
2020-07-02,983.17,578.7,1561.87,404.48,25.54,SCC,Conmat,1671.64
2020-07-03,221.18,340.23,561.41,-119.04,36.29,SCC,Conmat,1552.6000000000001
2020-07-07,454.0,309.42,763.42,144.59,25.51,SCC,Conmat,1697.19
2020-07-08,376.07,309.5,685.57,66.57,42.89,SCC,Conmat,1763.76
2020-07-09,382.67,489.5,872.17,-106.83,47.42,SCC,Conmat,1656.93
2020-07-10,188.29,252.1,440.38,-63.81,35.21,SCC,Conmat,1593.1200000000001
2020-07-13,263.04,210.0,473.04,53.04,32.29,SCC,Conmat,1646.16
2020-07-14,257.84,344.94,602.77,-87.1,32.75,SCC,Conmat,1559.0600000000002
2020-07-15,179.44,182.07,361.5,-2.63,32.63,SCC,Conmat,1556.43
2020-07-16,178.92,192.43,371.35,-13.51,41.24,SCC,Conmat,1542.92
2020-07-17,183.76,122.49,306.24,61.27,35.44,SCC,Conmat,1604.19
2020-07-20,434.78,357.37,792.15,77.41,28.23,SCC,Conmat,1681.6000000000001
2020-07-21,202.13,293.91,496.04,-91.79,32.58,SCC,Conmat,1589.8100000000002
2020-07-22,163.37,152.56,315.92,10.81,37.5,SCC,Conmat,1600.6200000000001
2020-07-23,251.66,178.45,430.11,73.21,38.49,SCC,Conmat,1673.8300000000002
2020-07-24,101.16,190.67,291.83,-89.52,30.74,SCC,Conmat,1584.3100000000002
2020-07-29,326.5,351.85,678.35,-25.34,39.57,SCC,Conmat,1558.9700000000003
2020-07-30,379.29,331.0,710.29,48.29,28.71,SCC,Conmat,1607.2600000000002
2020-07-31,411.45,184.4,595.85,227.06,46.9,SCC,Conmat,1834.3200000000002
2020-08-03,263.34,252.86,516.2,10.47,26.96,SCC,Conmat,1844.7900000000002
2020-08-04,208.13,201.45,409.58,6.68,30.08,SCC,Conmat,1851.4700000000003
2020-08-05,561.59,240.64,802.23,320.95,40.75,SCC,Conmat,2172.42
2020-08-06,149.33,144.48,293.8,4.85,33.87,SCC,Conmat,2177.27
2020-08-07,157.14,186.72,343.86,-29.58,42.88,SCC,Conmat,2147.69
2020-08-10,81.16,82.64,163.8,-1.47,34.19,SCC,Conmat,2146.2200000000003
2020-08-11,185.62,94.03,279.65,91.58,19.63,SCC,Conmat,2237.8
2020-08-13,300.48,167.14,467.62,133.34,27.51,SCC,Conmat,2371.1400000000003
2020-08-14,97.87,265.65,363.51,-167.78,25.62,SCC,Conmat,2203.36
2020-08-17,137.73,139.39,277.12,-1.66,32.53,SCC,Conmat,2201.7000000000003
2020-08-18,141.63,192.02,333.65,-50.39,43.85,SCC,Conmat,2151.3100000000004
2020-08-19,150.07,327.85,477.92,-177.78,35.39,SCC,Conmat,1973.5300000000004
2020-08-20,215.66,256.75,472.41,-41.08,25.4,SCC,Conmat,1932.4500000000005
2020-08-21,148.99,111.77,260.75,37.22,38.93,SCC,Conmat,1969.6700000000005
2020-08-24,128.0,165.03,293.03,-37.03,37.45,SCC,Conmat,1932.6400000000006
2020-08-25,147.19,253.71,400.89,-106.52,25.0,SCC,Conmat,1826.1200000000006
2020-08-26,238.68,210.35,449.03,28.34,21.83,SCC,Conmat,1854.4600000000005
2020-08-27,218.81,255.76,474.57,-36.96,28.8,SCC,Conmat,1817.5000000000005
2020-08-28,204.47,354.41,558.88,-149.93,24.07,SCC,Conmat,1667.5700000000004
2020-08-31,918.87,617.7,1536.57,301.17,33.6,SCC,Conmat,1968.7400000000005
2020-09-01,383.95,426.11,810.05,-42.16,32.35,SCC,Conmat,1926.5800000000004
2020-09-02,809.12,580.54,1389.67,228.58,26.19,SCC,Conmat,2155.1600000000003
2020-09-03,180.58,366.54,547.11,-185.96,28.43,SCC,Conmat,1969.2000000000003
2020-09-08,247.59,234.46,482.05,13.13,27.21,SCC,Conmat,1982.3300000000004
2020-09-09,221.27,441.67,662.94,-220.41,27.78,SCC,Conmat,1761.9200000000003
2020-09-10,501.93,225.72,727.65,276.2,18.89,SCC,Conmat,2038.1200000000003
2020-09-11,226.25,404.32,630.57,-178.07,32.41,SCC,Conmat,1860.0500000000004
2020-09-14,318.61,257.23,575.84,61.37,47.37,SCC,Conmat,1921.4200000000003
2020-09-15,198.27,253.93,452.19,-55.66,31.45,SCC,Conmat,1865.7600000000002
2020-09-16,258.72,194.88,453.6,63.83,31.45,SCC,Conmat,1929.5900000000001
2020-09-17,217.85,217.51,435.35,0.34,30.86,SCC,Conmat,1929.93
2020-09-18,512.95,400.5,913.45,112.45,42.04,SCC,Conmat,2042.38
2020-09-21,237.29,252.04,489.33,-14.75,24.96,SCC,Conmat,2027.63
2020-09-22,351.11,152.91,504.02,198.2,30.64,SCC,Conmat,2225.83
2020-09-23,137.61,161.35,298.95,-23.74,21.47,SCC,Conmat,2202.09
2020-09-24,103.43,253.92,357.35,-150.48,22.88,SCC,Conmat,2051.61
2020-09-25,310.21,241.26,551.47,68.95,33.47,SCC,Conmat,2120.56
2020-09-28,132.58,164.67,297.24,-32.09,26.28,SCC,Conmat,2088.47
2020-09-29,217.74,111.45,329.19,106.3,28.33,SCC,Conmat,2194.77
2020-09-30,326.52,182.94,509.45,143.58,32.66,SCC,Conmat,2338.35
2020-10-01,399.22,236.98,636.2,162.24,19.67,SCC,Conmat,2500.59
2020-10-02,322.53,346.79,669.33,-24.26,38.74,SCC,Conmat,2476.33
2020-10-05,174.61,135.9,310.51,38.71,34.66,SCC,Conmat,2515.04
2020-10-06,354.98,317.53,672.51,37.46,25.22,SCC,Conmat,2552.5
2020-10-07,176.07,169.51,345.58,6.57,24.01,SCC,Conmat,2559.07
2020-10-08,241.04,119.15,360.19,121.89,31.5,SCC,Conmat,2680.96
2020-10-09,54.96,145.01,199.97,-90.04,17.63,SCC,Conmat,2590.92
2020-10-12,122.32,96.0,218.32,26.32,36.02,SCC,Conmat,2617.2400000000002
2020-10-14,144.76,232.54,377.3,-87.79,40.39,SCC,Conmat,2529.4500000000003
2020-10-15,259.03,237.9,496.94,21.13,32.28,SCC,Conmat,2550.5800000000004
2020-10-16,295.34,253.39,548.73,41.94,29.44,SCC,Conmat,2592.5200000000004
2020-10-19,283.08,198.52,481.6,84.56,27.69,SCC,Conmat,2677.0800000000004
2020-10-20,475.06,361.69,836.75,113.37,27.32,SCC,Conmat,2790.4500000000003
2020-10-21,244.37,262.45,506.82,-18.09,23.68,SCC,Conmat,2772.36
2020-10-22,766.9,180.95,947.85,585.96,35.52,SCC,Conmat,3358.32
2020-10-26,173.46,149.51,322.97,23.95,32.48,SCC,Conmat,3382.27
2020-10-27,263.21,294.95,558.16,-31.73,26.31,SCC,Conmat,3350.54
2020-10-28,261.5,190.34,451.84,71.16,32.87,SCC,Conmat,3421.7
2020-10-29,302.9,150.03,452.93,152.86,23.05,SCC,Conmat,3574.56
2020-10-30,408.98,398.54,807.52,10.44,30.96,SCC,Conmat,3585.0
2020-11-02,206.03,196.75,402.78,9.28,28.56,SCC,Conmat,3594.28
2020-11-03,496.73,156.01,652.74,340.73,30.45,SCC,Conmat,3935.01
2020-11-04,232.81,82.04,314.85,150.77,23.9,SCC,Conmat,4085.78
2020-11-05,559.69,203.15,762.85,356.54,20.74,SCC,Conmat,4442.320000000001
2020-11-06,566.29,196.18,762.48,370.11,32.62,SCC,Conmat,4812.43
2020-11-09,831.8,261.3,1093.1,570.5,25.34,SCC,Conmat,5382.93
2020-11-10,1366.91,666.91,2033.82,700.0,35.63,SCC,Conmat,6082.93
2020-11-11,1161.16,741.03,1902.2,420.13,41.35,SCC,Conmat,6503.06
2020-11-12,390.81,317.31,708.13,73.5,33.77,SCC,Conmat,6576.56
2020-11-13,513.93,433.8,947.73,80.13,42.39,SCC,Conmat,6656.6900000000005
2020-11-16,375.37,312.92,688.29,62.45,34.74,SCC,Conmat,6719.14
2020-11-17,282.39,329.21,611.6,-46.82,40.08,SCC,Conmat,6672.320000000001
2020-11-18,342.88,148.41,491.29,194.48,32.46,SCC,Conmat,6866.8
2020-11-19,348.67,624.31,972.98,-275.64,42.74,SCC,Conmat,6591.16
2020-11-20,450.36,346.06,796.43,104.3,35.31,SCC,Conmat,6695.46
2020-11-23,397.54,317.02,714.57,80.52,22.77,SCC,Conmat,6775.9800000000005
2020-11-24,382.23,450.17,832.41,-67.94,36.78,SCC,Conmat,6708.040000000001
2020-11-25,761.94,334.79,1096.73,427.15,28.91,SCC,Conmat,7135.1900000000005
2020-11-26,530.98,381.85,912.83,149.12,34.85,SCC,Conmat,7284.31
2020-11-27,379.03,344.41,723.44,34.62,39.39,SCC,Conmat,7318.93
2020-11-30,1809.36,1374.61,3183.97,434.75,66.79,SCC,Conmat,7753.68
2020-12-01,365.11,296.55,661.67,68.56,48.62,SCC,Conmat,7822.240000000001
2020-12-02,294.83,228.81,523.63,66.02,44.77,SCC,Conmat,7888.260000000001
2020-12-03,449.79,350.22,800.01,99.56,23.43,SCC,Conmat,7987.8200000000015
2020-12-04,318.3,293.7,612.0,24.6,25.68,SCC,Conmat,8012.420000000002
2020-12-08,1024.58,750.5,1775.08,274.08,32.35,SCC,Conmat,8286.500000000002
2020-12-09,589.82,381.86,971.68,207.96,24.1,SCC,Conmat,8494.460000000001
2020-12-14,611.43,347.86,959.3,263.57,32.95,SCC,Conmat,8758.03
2020-12-15,462.06,482.02,944.08,-19.96,24.56,SCC,Conmat,8738.070000000002
2020-12-16,603.15,273.86,877.01,329.29,21.78,SCC,Conmat,9067.360000000002
2020-12-17,354.16,251.8,605.96,102.36,28.82,SCC,Conmat,9169.720000000003
2020-12-18,1466.13,1147.07,2613.2,319.06,52.52,SCC,Conmat,9488.780000000002
2020-12-21,485.86,590.19,1076.05,-104.33,28.8,SCC,Conmat,9384.450000000003
2020-12-22,373.02,552.92,925.93,-179.9,45.39,SCC,Conmat,9204.550000000003
2020-12-23,362.19,564.78,926.97,-202.58,34.31,SCC,Conmat,9001.970000000003
2020-12-24,253.31,180.69,434.0,72.62,33.14,SCC,Conmat,9074.590000000004
2020-12-25,107.27,107.46,214.73,-0.19,22.19,SCC,Conmat,9074.400000000003
2020-12-28,172.8,265.38,438.18,-92.58,30.97,SCC,Conmat,8981.820000000003
2020-12-29,356.77,225.84,582.61,130.93,34.77,SCC,Conmat,9112.750000000004
2020-12-30,373.32,196.61,569.93,176.71,33.42,SCC,Conmat,9289.460000000003
2021-01-04,381.03,351.14,732.17,29.89,28.86,SCC,Conmat,9319.350000000002
2021-01-05,401.29,444.34,845.63,-43.04,35.48,SCC,Conmat,9276.310000000001
2021-01-06,477.04,274.68,751.72,202.36,29.59,SCC,Conmat,9478.670000000002
2021-01-07,414.14,378.5,792.64,35.65,33.54,SCC,Conmat,9514.320000000002
2021-01-08,779.99,403.33,1183.32,376.67,34.7,SCC,Conmat,9890.990000000002
2021-01-11,361.23,340.64,701.87,20.59,45.61,SCC,Conmat,9911.580000000002
2021-01-12,355.45,314.53,669.98,40.92,30.12,SCC,Conmat,9952.500000000002
2021-01-13,669.59,295.27,964.86,374.33,33.3,SCC,Conmat,10326.830000000002
2021-01-14,548.35,381.36,929.71,166.99,24.79,SCC,Conmat,10493.820000000002
2021-01-15,639.81,715.78,1355.59,-75.97,47.13,SCC,Conmat,10417.850000000002
2021-01-18,87.22,192.8,280.02,-105.58,20.34,SCC,Conmat,10312.270000000002
2021-01-19,380.2,241.61,621.81,138.59,31.24,SCC,Conmat,10450.860000000002
2021-01-20,466.37,439.32,905.69,27.05,33.49,SCC,Conmat,10477.910000000002
2021-01-21,130.14,319.6,449.75,-189.46,28.71,SCC,Conmat,10288.450000000003
2021-01-22,836.6,424.64,1261.24,411.97,36.11,SCC,Conmat,10700.420000000002
2021-01-25,248.31,358.32,606.63,-110.01,25.1,SCC,Conmat,10590.410000000002
2021-01-26,285.76,392.56,678.32,-106.81,33.46,SCC,Conmat,10483.600000000002
2021-01-27,216.85,424.57,641.42,-207.72,20.14,SCC,Conmat,10275.880000000003
2021-01-28,554.71,639.47,1194.18,-84.76,19.62,SCC,Conmat,10191.120000000003
2021-01-29,484.65,478.78,963.43,5.86,31.13,SCC,Conmat,10196.980000000003
2021-02-01,239.29,542.28,781.58,-302.99,29.74,SCC,Conmat,9893.990000000003
2021-02-02,706.9,387.12,1094.01,319.78,38.93,SCC,Conmat,10213.770000000004
2021-02-03,373.07,544.29,917.36,-171.22,24.27,SCC,Conmat,10042.550000000005
2021-02-04,482.93,453.98,936.91,28.95,33.15,SCC,Conmat,10071.500000000005
2021-02-05,264.44,212.42,476.86,52.02,28.06,SCC,Conmat,10123.520000000006
2021-02-08,186.67,217.52,404.19,-30.85,20.93,SCC,Conmat,10092.670000000006
2021-02-09,365.12,270.28,635.4,94.83,26.15,SCC,Conmat,10187.500000000005
2021-02-10,129.36,186.18,315.53,-56.82,24.21,SCC,Conmat,10130.680000000006
2021-02-11,228.02,377.56,605.58,-149.55,42.0,SCC,Conmat,9981.130000000006
2021-02-15,86.84,125.79,212.63,-38.95,17.86,SCC,Conmat,9942.180000000006
2021-02-16,218.0,167.84,385.84,50.15,29.73,SCC,Conmat,9992.330000000005
2021-02-17,133.6,351.5,485.1,-217.9,39.77,SCC,Conmat,9774.430000000006
2021-02-18,121.51,365.07,486.58,-243.57,36.75,SCC,Conmat,9530.860000000006
2021-02-19,250.39,252.55,502.94,-2.16,37.44,SCC,Conmat,9528.700000000006
2021-02-22,152.71,403.43,556.14,-250.73,30.3,SCC,Conmat,9277.970000000007
2021-02-23,435.02,250.36,685.38,184.66,39.1,SCC,Conmat,9462.630000000006
2021-02-24,177.44,354.3,531.73,-176.86,37.16,SCC,Conmat,9285.770000000006
2021-02-25,678.61,667.05,1345.66,11.55,57.69,SCC,Conmat,9297.320000000005
2021-03-01,448.69,338.18,786.87,110.51,33.59,SCC,Conmat,9407.830000000005
2021-03-02,202.38,420.37,622.75,-218.0,45.46,SCC,Conmat,9189.830000000005
2021-03-03,351.69,276.84,628.53,74.85,40.48,SCC,Conmat,9264.680000000006
2021-03-04,347.72,305.24,652.97,42.48,42.66,SCC,Conmat,9307.160000000005
2021-03-05,462.82,286.46,749.28,176.36,31.21,SCC,Conmat,9483.520000000006
2021-03-08,580.49,335.4,915.89,245.09,39.01,SCC,Conmat,9728.610000000006
2021-03-09,237.42,236.14,473.56,1.28,47.72,SCC,Conmat,9729.890000000007
2021-03-10,289.72,269.44,559.16,20.27,27.24,SCC,Conmat,9750.160000000007
2021-03-11,407.96,362.85,770.81,45.1,33.11,SCC,Conmat,9795.260000000007
2021-03-12,177.88,218.83,396.71,-40.95,33.04,SCC,Conmat,9754.310000000007
2021-03-15,205.88,243.01,448.89,-37.14,35.92,SCC,Conmat,9717.170000000007
2021-03-16,335.0,331.17,666.17,3.83,21.47,SCC,Conmat,9721.000000000007
2021-03-17,234.06,393.26,627.32,-159.2,30.28,SCC,Conmat,9561.800000000007
2021-03-18,119.14,207.87,327.01,-88.74,20.33,SCC,Conmat,9473.060000000007
2021-03-19,544.36,528.63,1073.0,15.73,35.26,SCC,Conmat,9488.790000000006
2021-03-22,181.42,293.21,474.63,-111.78,31.68,SCC,Conmat,9377.010000000006
2021-03-23,731.0,384.08,1115.08,346.92,26.64,SCC,Conmat,9723.930000000006
2021-03-24,956.15,331.08,1287.23,625.06,20.33,SCC,Conmat,10348.990000000005
2021-03-25,485.62,325.06,810.69,160.56,27.72,SCC,Conmat,10509.550000000005
2021-03-26,275.74,267.65,543.39,8.09,36.64,SCC,Conmat,10517.640000000005
2021-03-29,436.17,212.52,648.69,223.65,19.87,SCC,Conmat,10741.290000000005
2021-03-30,275.38,149.94,425.33,125.44,20.97,SCC,Conmat,10866.730000000005
2021-03-31,517.8,356.15,873.94,161.65,47.66,SCC,Conmat,11028.380000000005
2021-04-01,404.73,265.91,670.64,138.81,37.8,SCC,Conmat,11167.190000000004
2021-04-02,88.96,128.17,217.14,-39.21,13.4,SCC,Conmat,11127.980000000005
2021-04-05,98.15,127.96,226.11,-29.81,17.61,SCC,Conmat,11098.170000000006
2021-04-07,678.21,445.93,1124.14,232.28,35.95,SCC,Conmat,11330.450000000006
2021-04-08,538.84,679.55,1218.39,-140.72,28.51,SCC,Conmat,11189.730000000007
2021-04-09,1478.38,646.31,2124.69,832.07,22.74,SCC,Conmat,12021.800000000007
2021-04-12,319.24,347.78,667.02,-28.54,31.97,SCC,Conmat,11993.260000000006
2021-04-16,509.93,609.23,1119.16,-99.31,24.86,SCC,Conmat,11893.950000000006
2021-04-19,177.73,273.32,451.05,-95.59,33.92,SCC,Conmat,11798.360000000006
2021-04-20,352.43,403.45,755.88,-51.02,27.39,SCC,Conmat,11747.340000000006
2021-04-21,524.33,846.65,1370.98,-322.32,31.4,SCC,Conmat,11425.020000000006
2021-04-22,559.74,1011.53,1571.26,-451.79,28.05,SCC,Conmat,10973.230000000005
2021-04-23,309.82,306.53,616.34,3.29,24.41,SCC,Conmat,10976.520000000006
2021-04-26,356.14,406.4,762.54,-50.27,24.94,SCC,Conmat,10926.250000000005
2021-04-27,444.75,502.02,946.77,-57.26,25.38,SCC,Conmat,10868.990000000005
2021-04-28,485.81,550.18,1035.99,-64.37,22.17,SCC,Conmat,10804.620000000004
2021-04-29,751.06,634.5,1385.56,116.56,21.86,SCC,Conmat,10921.180000000004
2021-04-30,386.78,716.37,1103.15,-329.58,30.33,SCC,Conmat,10591.600000000004
2021-05-05,575.39,711.38,1286.76,-135.99,30.28,SCC,Conmat,10455.610000000004
2021-05-06,910.79,702.36,1613.15,208.42,33.94,SCC,Conmat,10664.030000000004
2021-05-07,871.1,257.79,1128.9,613.31,23.28,SCC,Conmat,11277.340000000004
2021-05-10,650.29,257.72,908.01,392.57,38.1,SCC,Conmat,11669.910000000003
2021-05-11,545.13,377.24,922.37,167.9,32.44,SCC,Conmat,11837.810000000003
2021-05-12,205.42,200.07,405.49,5.35,30.89,SCC,Conmat,11843.160000000003
2021-05-13,749.01,320.44,1069.45,428.57,32.11,SCC,Conmat,12271.730000000003
2021-05-14,112.64,150.94,263.58,-38.3,17.74,SCC,Conmat,12233.430000000004
2021-05-17,720.43,217.82,938.25,502.61,22.55,SCC,Conmat,12736.040000000005
2021-05-18,596.83,163.4,760.24,433.43,26.49,SCC,Conmat,13169.470000000005
2021-05-19,611.39,168.07,779.46,443.31,32.99,SCC,Conmat,13612.780000000004
2021-05-20,392.37,228.49,620.86,163.88,39.11,SCC,Conmat,13776.660000000003
2021-05-21,620.72,231.85,852.57,388.87,29.46,SCC,Conmat,14165.530000000004
2021-05-24,351.83,271.24,623.07,80.59,34.18,SCC,Conmat,14246.120000000004
2021-05-25,302.16,294.45,596.62,7.71,37.82,SCC,Conmat,14253.830000000004
2021-05-27,1116.11,878.84,1994.95,237.27,47.52,SCC,Conmat,14491.100000000004
2021-05-28,144.02,193.44,337.45,-49.42,20.99,SCC,Conmat,14441.680000000004
2021-05-31,337.48,171.9,509.39,165.58,29.85,SCC,Conmat,14607.260000000004
2021-06-01,341.22,193.67,534.89,147.54,20.95,SCC,Conmat,14754.800000000005
2021-06-02,418.57,218.68,637.25,199.89,32.11,SCC,Conmat,14954.690000000004
2021-06-04,513.29,503.39,1016.68,9.9,32.34,SCC,Conmat,14964.590000000004
2021-06-07,289.6,278.19,567.8,11.41,29.04,SCC,Conmat,14976.000000000004
2021-06-08,598.08,372.3,970.37,225.78,25.4,SCC,Conmat,15201.780000000004
2021-06-09,330.63,257.17,587.81,73.46,26.68,SCC,Conmat,15275.240000000003
2021-06-10,991.56,1373.13,2364.69,-381.58,59.26,SCC,Conmat,14893.660000000003
2021-06-11,237.41,80.53,317.94,156.88,27.92,SCC,Conmat,15050.540000000003
2021-06-14,101.12,145.67,246.79,-44.54,21.7,SCC,Conmat,15006.000000000002
2021-06-15,110.46,249.5,359.97,-139.04,21.49,SCC,Conmat,14866.960000000001
2021-06-16,142.12,145.3,287.42,-3.17,30.24,SCC,Conmat,14863.79
2021-06-17,223.22,227.46,450.68,-4.24,30.5,SCC,Conmat,14859.550000000001
2021-06-18,440.84,396.43,837.27,44.4,46.24,SCC,Conmat,14903.95
2021-06-21,140.81,266.88,407.69,-126.07,20.32,SCC,Conmat,14777.880000000001
2021-06-22,322.43,273.15,595.58,49.29,25.97,SCC,Conmat,14827.170000000002
2021-06-23,159.4,129.89,289.29,29.51,30.78,SCC,Conmat,14856.680000000002
2021-06-24,190.55,324.04,514.59,-133.49,31.49,SCC,Conmat,14723.190000000002
2021-06-25,233.94,315.04,548.98,-81.1,29.27,SCC,Conmat,14642.090000000002
2021-06-28,159.02,262.28,421.3,-103.25,31.77,SCC,Conmat,14538.840000000002
2021-06-29,429.79,244.9,674.69,184.89,23.39,SCC,Conmat,14723.730000000001
2021-06-30,520.25,526.61,1046.86,-6.36,34.23,SCC,Conmat,14717.37
2021-07-01,209.29,315.47,524.76,-106.18,30.09,SCC,Conmat,14611.19
2021-07-02,57.68,226.22,283.9,-168.54,30.52,SCC,Conmat,14442.65
2021-07-05,54.81,86.86,141.66,-32.05,19.21,SCC,Conmat,14410.6
2021-07-06,149.08,443.87,592.95,-294.8,32.7,SCC,Conmat,14115.800000000001
2021-07-07,217.47,466.9,684.37,-249.43,38.6,SCC,Conmat,13866.37
2021-07-08,439.32,341.25,780.57,98.08,35.85,SCC,Conmat,13964.45
2021-07-09,363.96,307.53,671.49,56.43,57.97,SCC,Conmat,14020.880000000001
2021-07-12,200.81,277.62,478.43,-76.8,49.18,SCC,Conmat,13944.080000000002
2021-07-13,421.75,220.35,642.11,201.4,32.47,SCC,Conmat,14145.480000000001
2021-07-14,272.23,267.97,540.2,4.26,36.28,SCC,Conmat,14149.740000000002
2021-07-15,289.54,325.64,615.18,-36.1,40.48,SCC,Conmat,14113.640000000001
2021-07-16,194.04,167.05,361.09,26.98,40.61,SCC,Conmat,14140.62
2021-07-19,65.3,81.96,147.26,-16.66,28.83,SCC,Conmat,14123.960000000001
2021-07-20,269.28,260.59,529.87,8.69,38.06,SCC,Conmat,14132.650000000001
2021-07-21,329.93,636.45,966.38,-306.53,28.3,SCC,Conmat,13826.12
2021-07-22,323.06,231.06,554.13,92.0,35.94,SCC,Conmat,13918.12
2021-07-23,154.82,187.03,341.85,-32.21,33.22,SCC,Conmat,13885.910000000002
2021-07-27,278.04,381.03,659.07,-103.0,37.91,SCC,Conmat,13782.910000000002
2021-07-29,157.14,203.25,360.38,-46.11,34.92,SCC,Conmat,13736.800000000001
2021-07-30,770.11,566.63,1336.75,203.48,29.91,SCC,Conmat,13940.28
2021-08-02,272.78,173.7,446.48,99.08,31.04,SCC,Conmat,14039.36
2021-08-03,258.29,154.54,412.83,103.75,34.43,SCC,Conmat,14143.11
2021-08-04,132.58,185.54,318.12,-52.96,36.71,SCC,Conmat,14090.150000000001
2021-08-05,116.77,529.68,646.45,-412.91,33.81,SCC,Conmat,13677.240000000002
2021-08-06,193.63,380.88,574.51,-187.25,32.77,SCC,Conmat,13489.990000000002
2021-08-09,73.58,119.02,192.6,-45.43,26.26,SCC,Conmat,13444.560000000001
2021-08-10,157.29,388.08,545.37,-230.79,41.53,SCC,Conmat,13213.77
2021-08-11,293.57,593.93,887.5,-300.36,44.47,SCC,Conmat,12913.41
2021-08-13,221.12,185.02,406.13,36.1,37.25,SCC,Conmat,12949.51
2021-08-16,326.69,547.65,874.33,-220.96,38.5,SCC,Conmat,12728.550000000001
2021-08-17,474.44,578.63,1053.07,-104.19,44.55,SCC,Conmat,12624.36
2021-08-18,712.92,343.3,1056.22,369.62,37.8,SCC,Conmat,12993.980000000001
2021-08-19,304.56,485.41,789.98,-180.85,40.85,SCC,Conmat,12813.130000000001
2021-08-20,281.09,279.05,560.14,2.04,36.44,SCC,Conmat,12815.170000000002
2021-08-23,517.48,381.7,899.18,135.78,25.46,SCC,Conmat,12950.950000000003
2021-08-24,209.54,367.71,577.26,-158.17,28.71,SCC,Conmat,12792.780000000002
2021-08-25,233.92,144.29,378.21,89.63,29.12,SCC,Conmat,12882.410000000002
2021-08-26,167.09,164.49,331.58,2.6,44.49,SCC,Conmat,12885.010000000002
2021-08-27,174.95,148.21,323.16,26.74,33.29,SCC,Conmat,12911.750000000002
2021-08-30,420.87,233.46,654.33,187.4,28.34,SCC,Conmat,13099.150000000001
2021-08-31,617.24,499.7,1116.94,117.54,44.66,SCC,Conmat,13216.690000000002
2021-09-01,611.96,471.72,1083.68,140.24,33.36,SCC,Conmat,13356.930000000002
2021-09-02,177.93,107.8,285.73,70.13,25.44,SCC,Conmat,13427.060000000001
2021-09-03,127.69,110.98,238.67,16.72,27.26,SCC,Conmat,13443.78
2021-09-06,80.92,121.23,202.15,-40.32,26.22,SCC,Conmat,13403.460000000001
2021-09-07,163.91,237.58,401.49,-73.67,23.39,SCC,Conmat,13329.79
2021-09-08,243.61,389.84,633.45,-146.22,30.89,SCC,Conmat,13183.570000000002
2021-09-09,165.71,370.23,535.94,-204.52,26.22,SCC,Conmat,12979.050000000001
2021-09-10,158.25,349.61,507.86,-191.37,28.85,SCC,Conmat,12787.68
2021-09-13,134.39,178.82,313.21,-44.42,25.26,SCC,Conmat,12743.26
2021-09-14,231.21,290.75,521.96,-59.54,36.25,SCC,Conmat,12683.72
2021-09-15,312.46,310.39,622.85,2.08,24.6,SCC,Conmat,12685.8
2021-09-16,342.41,275.97,618.39,66.44,22.51,SCC,Conmat,12752.24
2021-09-17,793.73,428.08,1221.81,365.66,44.5,SCC,Conmat,13117.9
2021-09-20,173.32,516.92,690.24,-343.6,29.66,SCC,Conmat,12774.3
2021-09-21,305.64,341.26,646.9,-35.62,33.24,SCC,Conmat,12738.679999999998
2021-09-22,103.44,119.11,222.55,-15.67,12.75,SCC,Conmat,12723.009999999998
2021-09-23,229.06,201.01,430.07,28.05,22.98,SCC,Conmat,12751.059999999998
2021-09-27,208.3,158.61,366.91,49.69,22.54,SCC,Conmat,12800.749999999998
2021-09-28,203.72,402.19,605.91,-198.48,20.7,SCC,Conmat,12602.269999999999
2021-09-29,384.07,437.59,821.66,-53.51,22.24,SCC,Conmat,12548.759999999998
2021-09-30,192.96,383.62,576.58,-190.66,22.65,SCC,Conmat,12358.099999999999
2021-10-01,151.44,233.14,384.58,-81.7,25.49,SCC,Conmat,12276.399999999998
2021-10-04,366.59,434.08,800.67,-67.49,30.46,SCC,Conmat,12208.909999999998
2021-10-05,378.39,166.19,544.58,212.2,21.0,SCC,Conmat,12421.109999999999
2021-10-06,449.46,789.73,1239.19,-340.27,19.66,SCC,Conmat,12080.839999999998
2021-10-07,260.18,320.39,580.58,-60.21,21.71,SCC,Conmat,12020.63
2021-10-08,475.12,279.37,754.48,195.75,38.39,SCC,Conmat,12216.38
2021-10-11,481.32,708.41,1189.72,-227.09,30.64,SCC,Conmat,11989.289999999999
2021-10-12,249.2,742.16,991.36,-492.96,22.9,SCC,Conmat,11496.33
2021-10-14,182.42,270.39,452.81,-87.97,25.27,SCC,Conmat,11408.36
2021-10-15,328.17,152.4,480.57,175.77,32.61,SCC,Conmat,11584.130000000001
2021-10-18,98.37,78.63,177.0,19.74,20.17,SCC,Conmat,11603.87
2021-10-19,253.93,1107.54,1361.47,-853.6,21.39,SCC,Conmat,10750.27
2021-10-20,209.42,440.68,650.1,-231.26,24.4,SCC,Conmat,10519.01
2021-10-21,233.95,228.95,462.9,4.99,20.29,SCC,Conmat,10524.0
2021-10-25,129.46,244.05,373.51,-114.58,24.5,SCC,Conmat,10409.42
2021-10-26,167.0,637.14,804.15,-470.14,36.79,SCC,Conmat,9939.28
2021-10-27,151.48,272.06,423.54,-120.58,20.5,SCC,Conmat,9818.7
2021-10-28,230.15,350.73,580.87,-120.58,17.45,SCC,Conmat,9698.12
2021-10-29,221.1,692.3,913.4,-471.2,29.84,SCC,Conmat,9226.92
2021-11-01,149.11,237.64,386.75,-88.53,23.95,SCC,Conmat,9138.39
2021-11-02,200.38,717.2,917.57,-516.82,23.84,SCC,Conmat,8621.57
2021-11-03,91.2,219.89,311.1,-128.69,15.52,SCC,Conmat,8492.88
2021-11-04,338.51,805.81,1144.32,-467.31,28.89,SCC,Conmat,8025.569999999999
2021-11-05,266.26,496.63,762.89,-230.36,35.74,SCC,Conmat,7795.209999999999
2021-11-08,345.52,338.45,683.97,7.06,33.6,SCC,Conmat,7802.2699999999995
2021-11-09,273.21,499.95,773.15,-226.74,32.55,SCC,Conmat,7575.53
2021-11-10,236.34,409.86,646.21,-173.52,27.42,SCC,Conmat,7402.009999999999
2021-11-11,194.95,147.26,342.21,47.68,32.41,SCC,Conmat,7449.69
2021-11-12,149.42,156.86,306.28,-7.44,34.17,SCC,Conmat,7442.25
2021-11-15,209.66,517.32,726.98,-307.66,43.59,SCC,Conmat,7134.59
2021-11-16,149.24,295.68,444.93,-146.44,30.92,SCC,Conmat,6988.150000000001
2021-11-17,76.16,266.19,342.35,-190.02,33.35,SCC,Conmat,6798.13
2021-11-18,73.0,110.13,183.13,-37.14,28.51,SCC,Conmat,6760.99
2021-11-19,72.06,184.93,256.99,-112.87,28.64,SCC,Conmat,6648.12
2021-11-22,221.62,203.52,425.14,18.1,18.97,SCC,Conmat,6666.22
2021-11-23,130.39,231.48,361.87,-101.09,23.16,SCC,Conmat,6565.13
2021-11-24,208.42,131.89,340.31,76.54,19.29,SCC,Conmat,6641.67
2021-11-25,74.44,59.44,133.88,15.0,12.09,SCC,Conmat,6656.67
2021-11-26,204.79,569.36,774.16,-364.57,16.22,SCC,Conmat,6292.1
2021-11-29,345.02,394.56,739.57,-49.54,17.94,SCC,Conmat,6242.56
2021-11-30,1506.06,1531.97,3038.04,-25.91,30.22,SCC,Conmat,6216.650000000001
2021-12-01,833.51,462.43,1295.94,371.08,29.7,SCC,Conmat,6587.7300000000005
2021-12-02,252.73,335.78,588.5,-83.05,34.28,SCC,Conmat,6504.68
2021-12-03,167.89,125.24,293.12,42.65,29.78,SCC,Conmat,6547.33
2021-12-07,275.59,277.31,552.9,-1.72,26.52,SCC,Conmat,6545.61
2021-12-08,228.04,262.82,490.86,-34.77,19.67,SCC,Conmat,6510.839999999999
2021-12-09,328.18,338.97,667.15,-10.79,26.12,SCC,Conmat,6500.049999999999
2021-12-13,609.1,400.5,1009.6,208.61,35.55,SCC,Conmat,6708.659999999999
2021-12-14,479.9,487.21,967.11,-7.31,40.23,SCC,Conmat,6701.3499999999985
2021-12-15,120.18,216.35,336.53,-96.17,27.52,SCC,Conmat,6605.1799999999985
2021-12-16,550.69,327.23,877.92,223.46,37.53,SCC,Conmat,6828.6399999999985
2021-12-17,717.54,517.21,1234.75,200.33,47.82,SCC,Conmat,7028.969999999998
2021-12-20,457.07,486.26,943.32,-29.19,40.81,SCC,Conmat,6999.779999999999
2021-12-21,515.53,220.46,735.98,295.07,42.94,SCC,Conmat,7294.8499999999985
2021-12-22,128.63,164.33,292.96,-35.69,33.07,SCC,Conmat,7259.159999999999
2021-12-23,162.56,218.21,380.77,-55.64,35.01,SCC,Conmat,7203.519999999999
2021-12-24,199.69,137.93,337.62,61.76,34.48,SCC,Conmat,7265.279999999999
2021-12-27,226.85,191.7,418.55,35.15,25.89,SCC,Conmat,7300.4299999999985
2021-12-28,305.25,123.83,429.08,181.42,29.62,SCC,Conmat,7481.8499999999985
2021-12-29,466.73,332.9,799.63,133.83,32.89,SCC,Conmat,7615.6799999999985
2021-12-30,270.29,390.42,660.71,-120.13,37.45,SCC,Conmat,7495.549999999998
2022-01-04,418.03,396.11,814.14,21.93,38.3,SCC,Conmat,7517.479999999999
2022-01-05,291.49,134.16,425.65,157.33,25.81,SCC,Conmat,7674.809999999999
2022-01-06,430.92,607.77,1038.69,-176.85,34.18,SCC,Conmat,7497.959999999998
2022-01-07,436.06,578.8,1014.86,-142.74,36.27,SCC,Conmat,7355.219999999998
2022-01-10,340.78,459.96,800.74,-119.17,47.79,SCC,Conmat,7236.049999999998
2022-01-11,273.24,164.64,437.87,108.6,25.34,SCC,Conmat,7344.649999999999
2022-01-12,331.79,343.14,674.93,-11.35,27.73,SCC,Conmat,7333.299999999998
2022-01-13,192.42,175.92,368.34,16.5,32.03,SCC,Conmat,7349.799999999998
2022-01-14,332.46,206.12,538.58,126.34,31.0,SCC,Conmat,7476.1399999999985
2022-01-17,192.19,206.89,399.08,-14.71,30.07,SCC,Conmat,7461.4299999999985
2022-01-18,246.96,767.91,1014.86,-520.95,30.09,SCC,Conmat,6940.479999999999
2022-01-19,249.24,150.57,399.81,98.67,21.32,SCC,Conmat,7039.149999999999
2022-01-20,116.56,294.66,411.21,-178.1,27.15,SCC,Conmat,6861.049999999998
2022-01-21,212.71,488.59,701.3,-275.87,36.88,SCC,Conmat,6585.1799999999985
2022-01-24,178.8,135.15,313.95,43.65,32.38,SCC,Conmat,6628.829999999998
2022-01-25,278.51,377.98,656.5,-99.47,44.04,SCC,Conmat,6529.359999999998
2022-01-26,279.87,164.81,444.68,115.07,22.89,SCC,Conmat,6644.429999999998
2022-01-27,1153.52,1220.53,2374.05,-67.01,25.72,SCC,Conmat,6577.419999999997
2022-01-28,184.2,301.81,486.01,-117.61,21.46,SCC,Conmat,6459.809999999998
2022-01-31,295.86,436.02,731.88,-140.15,28.54,SCC,Conmat,6319.659999999998
2022-02-01,279.08,374.28,653.36,-95.2,29.6,SCC,Conmat,6224.459999999998
2022-02-02,154.59,286.24,440.83,-131.65,26.89,SCC,Conmat,6092.809999999999
2022-02-03,386.1,182.48,568.58,203.62,27.81,SCC,Conmat,6296.4299999999985
2022-02-04,193.56,102.07,295.64,91.49,25.89,SCC,Conmat,6387.919999999998
2022-02-07,370.55,532.26,902.81,-161.71,22.06,SCC,Conmat,6226.209999999998
2022-02-08,515.53,400.69,916.23,114.84,38.68,SCC,Conmat,6341.049999999998
2022-02-09,1066.79,498.69,1565.48,568.09,33.71,SCC,Conmat,6909.1399999999985
2022-02-10,540.4,329.32,869.72,211.08,27.82,SCC,Conmat,7120.219999999998
2022-02-11,427.13,644.77,1071.9,-217.65,29.15,SCC,Conmat,6902.569999999999
2022-02-14,274.47,288.06,562.53,-13.59,17.31,SCC,Conmat,6888.979999999999
2022-02-15,270.36,293.45,563.81,-23.09,34.79,SCC,Conmat,6865.8899999999985
2022-02-17,1406.99,471.43,1878.42,935.56,22.37,SCC,Conmat,7801.449999999999
2022-02-18,223.68,424.06,647.73,-200.38,16.47,SCC,Conmat,7601.069999999999
2022-02-21,287.86,295.58,583.44,-7.72,28.82,SCC,Conmat,7593.3499999999985
2022-02-22,622.74,377.08,999.82,245.65,29.19,SCC,Conmat,7838.999999999998
2022-02-23,498.39,383.84,882.23,114.55,28.99,SCC,Conmat,7953.549999999998
2022-02-24,566.93,514.44,1081.38,52.49,21.13,SCC,Conmat,8006.039999999998
2022-02-25,229.77,399.92,629.69,-170.15,30.56,SCC,Conmat,7835.8899999999985
2022-02-28,395.98,449.14,845.13,-53.16,33.83,SCC,Conmat,7782.729999999999
2022-03-01,165.15,249.85,415.0,-84.7,28.45,SCC,Conmat,7698.029999999999
2022-03-02,324.22,552.91,877.13,-228.68,25.99,SCC,Conmat,7469.3499999999985
2022-03-03,347.71,381.58,729.29,-33.87,21.33,SCC,Conmat,7435.479999999999
2022-03-04,236.45,618.13,854.58,-381.68,35.29,SCC,Conmat,7053.799999999998
2022-03-07,553.91,977.45,1531.37,-423.54,20.33,SCC,Conmat,6630.259999999998
2022-03-08,580.71,855.8,1436.51,-275.09,19.38,SCC,Conmat,6355.169999999998
2022-03-09,246.76,648.55,895.3,-401.79,28.96,SCC,Conmat,5953.379999999998
2022-03-10,872.36,687.65,1560.01,184.71,31.59,SCC,Conmat,6138.089999999998
2022-03-11,456.65,381.69,838.34,74.96,31.62,SCC,Conmat,6213.049999999998
2022-03-14,314.75,235.69,550.44,79.06,32.82,SCC,Conmat,6292.109999999999
2022-03-15,532.46,336.05,868.51,196.41,33.71,SCC,Conmat,6488.519999999999
2022-03-16,332.3,166.71,499.01,165.58,28.62,SCC,Conmat,6654.0999999999985
2022-03-17,581.27,236.42,817.69,344.85,41.09,SCC,Conmat,6998.949999999999
2022-03-18,814.63,800.45,1615.08,14.18,40.64,SCC,Conmat,7013.129999999999
2022-03-21,454.31,465.89,920.2,-11.59,30.56,SCC,Conmat,7001.539999999999
2022-03-22,318.92,209.44,528.36,109.48,33.69,SCC,Conmat,7111.019999999999
2022-03-23,273.75,184.18,457.93,89.57,29.55,SCC,Conmat,7200.589999999998
2022-03-24,156.72,58.4,215.12,98.31,24.74,SCC,Conmat,7298.899999999999
2022-03-25,121.87,140.62,262.49,-18.75,34.18,SCC,Conmat,7280.149999999999
2022-03-28,261.83,389.64,651.47,-127.81,32.57,SCC,Conmat,7152.339999999998
2022-03-29,98.44,197.57,296.01,-99.14,22.91,SCC,Conmat,7053.199999999998
2022-03-30,521.13,195.52,716.65,325.61,22.05,SCC,Conmat,7378.809999999998
2022-03-31,229.75,440.43,670.18,-210.68,41.53,SCC,Conmat,7168.129999999997
2022-04-01,150.88,179.13,330.01,-28.25,30.45,SCC,Conmat,7139.879999999997
2022-04-04,219.25,349.8,569.04,-130.55,33.04,SCC,Conmat,7009.329999999997
2022-04-05,225.34,268.36,493.7,-43.01,28.43,SCC,Conmat,6966.319999999997
2022-04-07,370.96,740.09,1111.05,-369.12,33.71,SCC,Conmat,6597.199999999997
2022-04-08,62.37,222.2,284.56,-159.83,15.31,SCC,Conmat,6437.369999999997
2022-04-11,118.39,432.22,550.62,-313.83,22.59,SCC,Conmat,6123.539999999997
2022-04-12,72.91,230.59,303.5,-157.67,23.16,SCC,Conmat,5965.869999999997
2022-04-18,111.03,316.54,427.57,-205.51,24.83,SCC,Conmat,5760.359999999997
2022-04-19,169.48,274.48,443.96,-105.0,21.17,SCC,Conmat,5655.359999999997
2022-04-20,135.14,439.38,574.52,-304.25,31.5,SCC,Conmat,5351.109999999997
2022-04-21,117.74,223.41,341.15,-105.67,31.04,SCC,Conmat,5245.439999999997
2022-04-22,132.9,204.32,337.22,-71.42,33.98,SCC,Conmat,5174.019999999997
2022-04-25,142.28,286.0,428.27,-143.72,20.84,SCC,Conmat,5030.2999999999965
2022-04-26,228.33,386.28,614.61,-157.95,34.84,SCC,Conmat,4872.349999999997
2022-04-27,128.2,401.37,529.57,-273.17,29.34,SCC,Conmat,4599.179999999997
2022-04-28,444.7,419.51,864.21,25.19,42.61,SCC,Conmat,4624.369999999996
2022-04-29,1240.84,681.54,1922.39,559.3,35.21,SCC,Conmat,5183.669999999996
2022-05-03,218.25,189.04,407.29,29.21,26.42,SCC,Conmat,5212.8799999999965
2022-05-05,386.8,302.33,689.13,84.47,33.39,SCC,Conmat,5297.349999999997
2022-05-06,160.97,315.28,476.25,-154.3,27.74,SCC,Conmat,5143.0499999999965
2022-05-09,229.14,454.95,684.09,-225.8,34.7,SCC,Conmat,4917.249999999996
2022-05-10,424.09,515.26,939.35,-91.16,45.65,SCC,Conmat,4826.0899999999965
2022-05-11,257.4,322.21,579.61,-64.81,33.73,SCC,Conmat,4761.279999999996
2022-05-12,314.77,415.27,730.05,-100.5,30.31,SCC,Conmat,4660.779999999996
2022-05-13,216.59,376.7,593.28,-160.11,43.48,SCC,Conmat,4500.669999999996
2022-05-17,340.33,538.69,879.03,-198.36,43.74,SCC,Conmat,4302.309999999997
2022-05-18,253.71,224.63,478.35,29.08,44.86,SCC,Conmat,4331.389999999997
2022-05-19,218.13,266.07,484.2,-47.94,45.15,SCC,Conmat,4283.449999999997
2022-05-20,108.27,139.76,248.03,-31.49,36.63,SCC,Conmat,4251.959999999997
2022-05-23,240.4,150.03,390.43,90.37,45.61,SCC,Conmat,4342.329999999997
2022-05-24,101.11,209.42,310.54,-108.31,29.73,SCC,Conmat,4234.019999999997
2022-05-25,221.02,286.03,507.05,-65.02,41.06,SCC,Conmat,4168.999999999996
2022-05-26,190.44,150.09,340.53,40.34,36.86,SCC,Conmat,4209.3399999999965
2022-05-27,234.09,182.27,416.36,51.81,34.56,SCC,Conmat,4261.149999999997
2022-05-30,444.27,152.14,596.41,292.14,28.23,SCC,Conmat,4553.289999999997
2022-05-31,1135.66,897.98,2033.64,237.67,63.62,SCC,Conmat,4790.959999999997
2022-06-01,163.7,103.82,267.52,59.88,29.98,SCC,Conmat,4850.839999999997
2022-06-02,178.44,151.5,329.94,26.94,43.92,SCC,Conmat,4877.779999999997
2022-06-06,121.73,235.24,356.97,-113.52,38.51,SCC,Conmat,4764.259999999997
2022-06-07,137.68,262.14,399.82,-124.45,39.38,SCC,Conmat,4639.809999999997
2022-06-08,103.09,138.0,241.09,-34.91,44.12,SCC,Conmat,4604.899999999997
2022-06-09,117.58,233.42,351.0,-115.84,38.08,SCC,Conmat,4489.059999999997
2022-06-10,63.8,138.23,202.03,-74.43,35.51,SCC,Conmat,4414.6299999999965
2022-06-13,148.23,372.84,521.07,-224.61,32.93,SCC,Conmat,4190.019999999997
2022-06-14,97.85,215.89,313.74,-118.05,30.24,SCC,Conmat,4071.9699999999966
2022-06-15,86.1,147.91,234.01,-61.81,37.6,SCC,Conmat,4010.1599999999967
2022-06-16,277.04,516.5,793.54,-239.45,31.72,SCC,Conmat,3770.709999999997
2022-06-17,496.76,543.22,1039.98,-46.46,40.9,SCC,Conmat,3724.249999999997
2022-06-20,171.25,228.87,400.12,-57.62,34.6,SCC,Conmat,3666.629999999997
2022-06-21,148.33,183.25,331.58,-34.92,27.9,SCC,Conmat,3631.709999999997
2022-06-22,309.0,345.06,654.06,-36.07,26.38,SCC,Conmat,3595.6399999999967
2022-06-23,215.27,119.96,335.22,95.31,31.55,SCC,Conmat,3690.9499999999966
2022-06-24,1374.75,757.18,2131.94,617.57,24.96,SCC,Conmat,4308.519999999997
2022-06-27,440.76,453.94,894.69,-13.18,26.24,SCC,Conmat,4295.3399999999965
2022-06-28,377.55,287.74,665.29,89.8,26.62,SCC,Conmat,4385.139999999997
2022-06-29,375.33,246.97,622.3,128.35,25.86,SCC,Conmat,4513.489999999997
2022-06-30,562.04,522.11,1084.15,39.93,47.56,SCC,Conmat,4553.419999999997
2022-07-01,206.95,308.31,515.27,-101.36,34.25,SCC,Conmat,4452.059999999998
2022-07-04,185.09,161.14,346.23,23.95,35.2,SCC,Conmat,4476.0099999999975
2022-07-05,195.7,239.74,435.45,-44.04,41.39,SCC,Conmat,4431.9699999999975
2022-07-06,204.87,209.37,414.24,-4.51,26.19,SCC,Conmat,4427.459999999997
2022-07-07,152.99,159.47,312.46,-6.49,29.03,SCC,Conmat,4420.9699999999975
2022-07-08,343.99,227.68,571.67,116.32,43.65,SCC,Conmat,4537.289999999997
2022-07-11,148.11,203.27,351.38,-55.16,35.99,SCC,Conmat,4482.129999999997
2022-07-12,508.52,331.88,840.4,176.63,42.79,SCC,Conmat,4658.7599999999975
2022-07-14,275.39,468.34,743.73,-192.94,40.02,SCC,Conmat,4465.819999999998
2022-07-15,216.45,281.66,498.11,-65.21,27.38,SCC,Conmat,4400.609999999998
2022-07-18,232.24,276.0,508.24,-43.76,46.38,SCC,Conmat,4356.849999999998
2022-07-19,393.18,231.53,624.72,161.65,41.31,SCC,Conmat,4518.499999999997
2022-07-20,287.21,186.06,473.27,101.16,31.96,SCC,Conmat,4619.659999999997
2022-07-21,292.46,179.62,472.08,112.85,37.44,SCC,Conmat,4732.5099999999975
2022-07-22,451.48,292.64,744.12,158.84,39.02,SCC,Conmat,4891.349999999998
2022-07-25,407.39,158.56,565.95,248.83,28.97,SCC,Conmat,5140.179999999998
2022-07-26,450.73,487.72,938.45,-36.99,36.08,SCC,Conmat,5103.189999999998
2022-07-27,681.55,427.73,1109.28,253.81,40.9,SCC,Conmat,5356.999999999998
2022-08-01,619.65,1217.9,1837.56,-598.25,35.23,SCC,Conmat,4758.749999999998
2022-08-02,447.88,444.88,892.77,3.0,38.44,SCC,Conmat,4761.749999999998
2022-08-03,412.09,386.41,798.5,25.68,28.9,SCC,Conmat,4787.4299999999985
2022-08-04,257.61,137.06,394.67,120.55,25.22,SCC,Conmat,4907.979999999999
2022-08-05,315.64,206.04,521.68,109.6,37.44,SCC,Conmat,5017.579999999999
2022-08-08,556.2,366.32,922.52,189.88,46.98,SCC,Conmat,5207.459999999999
2022-08-09,250.3,246.17,496.46,4.13,29.02,SCC,Conmat,5211.589999999999
2022-08-10,437.64,284.16,721.8,153.48,39.18,SCC,Conmat,5365.069999999999
2022-08-11,244.65,177.23,421.88,67.43,36.48,SCC,Conmat,5432.499999999999
2022-08-15,387.81,108.41,496.22,279.4,32.57,SCC,Conmat,5711.899999999999
2022-08-16,358.05,368.32,726.37,-10.27,53.99,SCC,Conmat,5701.629999999998
2022-08-17,146.85,116.63,263.48,30.22,27.45,SCC,Conmat,5731.8499999999985
2022-08-18,188.03,89.71,277.74,98.32,32.81,SCC,Conmat,5830.169999999998
2022-08-19,137.84,144.1,281.94,-6.25,37.52,SCC,Conmat,5823.919999999998
2022-08-22,208.72,350.87,559.59,-142.16,43.94,SCC,Conmat,5681.759999999998
2022-08-23,351.74,362.86,714.6,-11.12,31.88,SCC,Conmat,5670.6399999999985
2022-08-24,309.01,428.16,737.17,-119.15,33.94,SCC,Conmat,5551.489999999999
2022-08-25,155.94,227.99,383.93,-72.04,22.25,SCC,Conmat,5479.449999999999
2022-08-26,216.02,240.82,456.84,-24.8,48.95,SCC,Conmat,5454.649999999999
2022-08-29,131.01,215.82,346.83,-84.8,30.87,SCC,Conmat,5369.8499999999985
2022-08-30,173.08,167.12,340.2,5.96,33.35,SCC,Conmat,5375.809999999999
2022-08-31,611.62,555.72,1167.34,55.9,45.59,SCC,Conmat,5431.709999999998
2022-09-01,197.45,393.35,590.8,-195.9,33.0,SCC,Conmat,5235.809999999999
2022-09-02,57.71,359.77,417.48,-302.05,32.16,SCC,Conmat,4933.759999999998
2022-09-05,169.48,363.32,532.8,-193.83,36.7,SCC,Conmat,4739.9299999999985
2022-09-06,126.64,265.06,391.7,-138.42,31.77,SCC,Conmat,4601.509999999998
2022-09-07,251.43,365.91,617.34,-114.48,38.77,SCC,Conmat,4487.029999999999
2022-09-08,44.92,270.46,315.37,-225.54,27.43,SCC,Conmat,4261.489999999999
2022-09-09,196.84,277.07,473.92,-80.23,37.26,SCC,Conmat,4181.259999999999
2022-09-12,120.93,157.06,277.99,-36.13,41.3,SCC,Conmat,4145.129999999999
2022-09-13,272.73,368.24,640.97,-95.51,24.42,SCC,Conmat,4049.619999999999
2022-09-14,723.3,778.41,1501.71,-55.11,22.37,SCC,Conmat,3994.509999999999
2022-09-15,487.89,662.41,1150.3,-174.53,25.75,SCC,Conmat,3819.9799999999987
2022-09-16,2494.21,862.98,3357.19,1631.23,47.9,SCC,Conmat,5451.209999999999
2022-09-19,333.27,437.04,770.31,-103.76,22.97,SCC,Conmat,5347.449999999999
2022-09-20,334.17,377.19,711.36,-43.03,37.9,SCC,Conmat,5304.419999999999
2022-09-21,630.89,904.55,1535.45,-273.66,25.25,SCC,Conmat,5030.759999999999
2022-09-22,391.38,435.23,826.61,-43.85,21.22,SCC,Conmat,4986.909999999999
2022-09-23,254.63,251.08,505.72,3.55,27.32,SCC,Conmat,4990.459999999999
2022-09-26,317.92,349.71,667.63,-31.79,33.31,SCC,Conmat,4958.669999999999
2022-09-27,189.8,368.12,557.92,-178.33,26.47,SCC,Conmat,4780.339999999999
2022-09-28,289.11,352.55,641.66,-63.44,28.25,SCC,Conmat,4716.9
2022-09-29,147.72,288.97,436.68,-141.25,27.19,SCC,Conmat,4575.65
2022-09-30,268.42,375.18,643.6,-106.75,38.38,SCC,Conmat,4468.9
2022-10-03,467.39,348.14,815.54,119.25,22.6,SCC,Conmat,4588.15
2022-10-04,241.7,434.13,675.83,-192.43,32.43,SCC,Conmat,4395.719999999999
2022-10-05,254.56,212.56,467.12,42.01,34.64,SCC,Conmat,4437.73
2022-10-06,430.58,435.41,865.99,-4.84,28.22,SCC,Conmat,4432.889999999999
2022-10-07,157.32,364.19,521.51,-206.88,33.0,SCC,Conmat,4226.009999999999
2022-10-10,102.13,286.0,388.13,-183.87,25.46,SCC,Conmat,4042.1399999999994
2022-10-11,247.33,166.68,414.0,80.65,21.41,SCC,Conmat,4122.789999999999
2022-10-12,143.56,266.76,410.32,-123.21,27.65,SCC,Conmat,3999.579999999999
2022-10-17,460.45,379.28,839.73,81.17,38.52,SCC,Conmat,4080.749999999999
2022-10-18,337.51,500.83,838.34,-163.32,35.06,SCC,Conmat,3917.429999999999
2022-10-19,249.08,325.48,574.56,-76.4,29.59,SCC,Conmat,3841.029999999999
2022-10-20,271.49,215.27,486.76,56.23,40.16,SCC,Conmat,3897.259999999999
2022-10-21,193.22,257.6,450.82,-64.38,28.31,SCC,Conmat,3832.8799999999987
2022-10-25,337.2,408.05,745.25,-70.85,26.48,SCC,Conmat,3762.029999999999
2022-10-26,146.13,174.6,320.74,-28.47,25.77,SCC,Conmat,3733.559999999999
2022-10-27,260.36,150.15,410.51,110.21,27.54,SCC,Conmat,3843.769999999999
2022-10-28,161.23,170.62,331.85,-9.39,36.67,SCC,Conmat,3834.379999999999
2022-10-31,166.97,162.12,329.08,4.85,34.09,SCC,Conmat,3839.229999999999
2022-11-01,488.43,333.78,822.21,154.65,17.41,SCC,Conmat,3993.879999999999
2022-11-02,219.29,256.83,476.12,-37.54,32.64,SCC,Conmat,3956.3399999999992
2022-11-03,178.96,140.51,319.47,38.45,27.67,SCC,Conmat,3994.789999999999
2022-11-04,417.48,525.25,942.73,-107.77,53.88,SCC,Conmat,3887.019999999999
2022-11-07,540.65,508.48,1049.13,32.17,35.82,SCC,Conmat,3919.189999999999
2022-11-08,316.45,278.59,595.04,37.86,33.75,SCC,Conmat,3957.0499999999993
2022-11-09,337.6,212.5,550.1,125.09,29.26,SCC,Conmat,4082.1399999999994
2022-11-10,258.91,203.21,462.12,55.71,43.99,SCC,Conmat,4137.849999999999
2022-11-11,417.77,132.25,550.02,285.53,25.58,SCC,Conmat,4423.379999999999
2022-11-14,360.44,219.2,579.64,141.24,38.39,SCC,Conmat,4564.619999999999
2022-11-15,245.65,346.76,592.41,-101.12,33.14,SCC,Conmat,4463.499999999999
2022-11-16,238.73,251.29,490.01,-12.56,37.42,SCC,Conmat,4450.939999999999
2022-11-17,132.78,274.15,406.93,-141.37,32.26,SCC,Conmat,4309.569999999999
2022-11-18,167.43,202.88,370.32,-35.45,30.05,SCC,Conmat,4274.119999999999
2022-11-21,179.87,146.84,326.71,33.03,39.73,SCC,Conmat,4307.149999999999
2022-11-22,372.64,266.29,638.94,106.35,36.56,SCC,Conmat,4413.499999999999
2022-11-23,307.14,317.83,624.97,-10.69,37.96,SCC,Conmat,4402.8099999999995
2022-11-24,187.72,128.55,316.26,59.17,43.17,SCC,Conmat,4461.98
2022-11-25,186.72,225.85,412.56,-39.13,34.07,SCC,Conmat,4422.849999999999
2022-11-28,302.9,227.62,530.52,75.28,54.42,SCC,Conmat,4498.129999999999
2022-11-29,426.53,357.39,783.91,69.14,54.38,SCC,Conmat,4567.2699999999995
2022-11-30,1231.68,1170.42,2402.11,61.26,66.67,SCC,Conmat,4628.53
2022-12-01,300.59,258.18,558.77,42.42,53.14,SCC,Conmat,4670.95
2022-12-02,270.62,421.56,692.18,-150.94,34.37,SCC,Conmat,4520.01
2022-12-06,395.57,400.65,796.23,-5.08,54.98,SCC,Conmat,4514.93
2022-12-07,166.9,195.16,362.06,-28.26,47.68,SCC,Conmat,4486.67
2022-12-08,112.04,67.19,179.24,44.85,44.36,SCC,Conmat,4531.52
2022-12-09,164.2,137.01,301.21,27.18,45.69,SCC,Conmat,4558.700000000001
2022-12-13,170.34,196.18,366.51,-25.84,44.48,SCC,Conmat,4532.860000000001
2022-12-14,311.99,158.59,470.58,153.39,40.71,SCC,Conmat,4686.250000000001
2022-12-15,148.96,141.78,290.74,7.18,39.95,SCC,Conmat,4693.430000000001
2022-12-16,356.0,216.31,572.31,139.68,42.01,SCC,Conmat,4833.1100000000015
2022-12-19,87.04,130.17,217.21,-43.13,36.33,SCC,Conmat,4789.980000000001
2022-12-20,193.94,252.89,446.83,-58.95,27.99,SCC,Conmat,4731.030000000002
2022-12-21,88.04,107.13,195.17,-19.1,32.1,SCC,Conmat,4711.930000000001
2022-12-22,122.16,85.38,207.54,36.78,38.96,SCC,Conmat,4748.710000000001
2022-12-23,139.26,94.57,233.83,44.69,37.6,SCC,Conmat,4793.400000000001
2022-12-26,78.46,66.12,144.58,12.35,42.63,SCC,Conmat,4805.750000000001
2022-12-27,219.28,165.19,384.48,54.09,31.97,SCC,Conmat,4859.840000000001
2022-12-28,307.61,165.86,473.46,141.75,40.87,SCC,Conmat,5001.590000000001
2022-12-29,336.45,116.19,452.64,220.26,48.11,SCC,Conmat,5221.850000000001
2022-12-30,306.53,257.17,563.7,49.36,40.37,SCC,Conmat,5271.210000000001
2023-01-03,205.24,172.98,378.22,32.26,33.15,SCC,Conmat,5303.470000000001
2023-01-04,234.38,161.61,395.99,72.77,36.98,SCC,Conmat,5376.240000000002
2023-01-05,356.56,236.31,592.87,120.25,30.98,SCC,Conmat,5496.490000000002
2023-01-06,260.58,90.16,350.74,170.42,34.02,SCC,Conmat,5666.910000000002
2023-01-09,236.97,143.41,380.38,93.56,32.87,SCC,Conmat,5760.470000000002
2023-01-10,337.78,253.34,591.12,84.44,21.52,SCC,Conmat,5844.910000000002
2023-01-11,531.11,465.18,996.29,65.92,39.65,SCC,Conmat,5910.830000000002
2023-01-12,305.64,206.44,512.08,99.2,31.82,SCC,Conmat,6010.030000000002
2023-01-13,674.55,382.76,1057.31,291.79,37.99,SCC,Conmat,6301.8200000000015
2023-01-16,281.71,247.32,529.02,34.39,57.32,SCC,Conmat,6336.210000000002
2023-01-17,214.26,208.18,422.44,6.08,30.61,SCC,Conmat,6342.290000000002
2023-01-18,373.93,156.56,530.48,217.37,39.24,SCC,Conmat,6559.660000000002
2023-01-19,216.51,91.49,308.0,125.01,26.65,SCC,Conmat,6684.670000000002
2023-01-20,182.34,69.85,252.19,112.5,32.03,SCC,Conmat,6797.170000000002
2023-01-23,109.05,44.62,153.67,64.43,19.18,SCC,Conmat,6861.600000000002
2023-01-24,243.09,202.55,445.64,40.54,29.43,SCC,Conmat,6902.140000000002
2023-01-25,282.21,197.99,480.19,84.22,30.21,SCC,Conmat,6986.360000000002
2023-01-26,446.9,478.58,925.48,-31.68,21.59,SCC,Conmat,6954.680000000002
2023-01-27,290.38,230.18,520.56,60.2,31.27,SCC,Conmat,7014.880000000002
2023-01-30,153.1,148.81,301.91,4.28,32.27,SCC,Conmat,7019.160000000002
2023-01-31,335.05,457.98,793.03,-122.92,35.7,SCC,Conmat,6896.240000000002
2023-02-01,309.84,160.59,470.43,149.26,33.31,SCC,Conmat,7045.500000000002
2023-02-02,132.24,98.47,230.71,33.77,24.57,SCC,Conmat,7079.270000000002
2023-02-03,279.38,109.44,388.82,169.93,21.76,SCC,Conmat,7249.200000000003
2023-02-06,68.0,111.57,179.57,-43.56,28.24,SCC,Conmat,7205.640000000002
2023-02-07,331.67,146.47,478.15,185.2,30.71,SCC,Conmat,7390.840000000002
2023-02-08,325.8,228.58,554.38,97.22,38.71,SCC,Conmat,7488.060000000002
2023-02-09,210.85,245.66,456.51,-34.81,31.57,SCC,Conmat,7453.250000000002
2023-02-10,99.06,155.77,254.83,-56.71,19.68,SCC,Conmat,7396.540000000002
2023-02-13,148.62,152.85,301.47,-4.22,24.93,SCC,Conmat,7392.3200000000015
2023-02-14,342.46,210.98,553.45,131.48,24.51,SCC,Conmat,7523.800000000001
2023-02-15,110.5,147.22,257.72,-36.71,42.8,SCC,Conmat,7487.090000000001
2023-02-16,84.95,176.37,261.32,-91.42,30.16,SCC,Conmat,7395.670000000001
2023-02-17,91.38,141.3,232.69,-49.92,37.9,SCC,Conmat,7345.750000000001
2023-02-20,54.54,78.96,133.5,-24.42,37.8,SCC,Conmat,7321.330000000001
2023-02-21,248.32,85.07,333.39,163.26,42.52,SCC,Conmat,7484.590000000001
2023-02-22,153.22,412.94,566.15,-259.72,45.06,SCC,Conmat,7224.870000000001
2023-02-23,159.0,172.03,331.04,-13.03,44.89,SCC,Conmat,7211.840000000001
2023-02-24,111.54,169.94,281.48,-58.4,22.16,SCC,Conmat,7153.440000000001
2023-02-27,204.06,155.69,359.75,48.37,29.56,SCC,Conmat,7201.810000000001
2023-02-28,400.96,522.36,923.32,-121.4,55.83,SCC,Conmat,7080.410000000002
2023-03-01,330.33,293.87,624.2,36.46,30.34,SCC,Conmat,7116.870000000002
2023-03-02,842.76,355.45,1198.21,487.32,45.32,SCC,Conmat,7604.190000000001
2023-03-03,236.69,190.25,426.95,46.44,43.89,SCC,Conmat,7650.630000000001
2023-03-07,506.52,319.25,825.77,187.26,32.64,SCC,Conmat,7837.890000000001
2023-03-08,458.01,470.86,928.87,-12.85,36.23,SCC,Conmat,7825.040000000001
2023-03-09,181.94,347.01,528.95,-165.06,51.59,SCC,Conmat,7659.9800000000005
2023-03-10,127.84,176.28,304.12,-48.44,39.08,SCC,Conmat,7611.540000000001
2023-03-13,156.38,331.44,487.82,-175.06,36.5,SCC,Conmat,7436.4800000000005
2023-03-14,309.97,556.23,866.2,-246.26,32.33,SCC,Conmat,7190.22
2023-03-15,178.72,211.63,390.35,-32.92,26.24,SCC,Conmat,7157.3
2023-03-16,173.69,151.47,325.16,22.23,18.93,SCC,Conmat,7179.53
2023-03-17,583.94,468.16,1052.1,115.79,40.05,SCC,Conmat,7295.32
2023-03-20,263.62,342.84,606.46,-79.22,41.78,SCC,Conmat,7216.099999999999
2023-03-21,156.44,140.18,296.62,16.26,39.51,SCC,Conmat,7232.36
2023-03-22,114.07,75.91,189.97,38.16,33.14,SCC,Conmat,7270.5199999999995
2023-03-23,194.15,104.47,298.62,89.68,41.99,SCC,Conmat,7360.2
2023-03-24,126.45,122.27,248.72,4.18,23.9,SCC,Conmat,7364.38
2023-03-27,73.71,33.05,106.76,40.66,34.5,SCC,Conmat,7405.04
2023-03-28,191.05,169.28,360.33,21.77,43.04,SCC,Conmat,7426.81
2023-03-29,99.42,94.44,193.86,4.98,40.71,SCC,Conmat,7431.79
2023-03-30,93.52,225.64,319.16,-132.11,26.43,SCC,Conmat,7299.68
2023-03-31,95.36,108.25,203.61,-12.89,34.12,SCC,Conmat,7286.79
2023-04-03,196.61,113.84,310.45,82.78,34.25,SCC,Conmat,7369.57
2023-04-04,164.29,155.61,319.9,8.68,33.62,SCC,Conmat,7378.25
2023-04-05,102.19,109.83,212.03,-7.64,35.68,SCC,Conmat,7370.61
2023-04-07,89.37,91.79,181.17,-2.42,34.64,SCC,Conmat,7368.19
2023-04-10,118.5,70.26,188.76,48.25,39.52,SCC,Conmat,7416.44
2023-04-11,151.34,92.87,244.2,58.47,30.06,SCC,Conmat,7474.91
2023-04-12,168.91,149.66,318.58,19.25,41.43,SCC,Conmat,7494.16
2023-04-17,190.87,109.97,300.84,80.9,37.29,SCC,Conmat,7575.0599999999995
2023-04-18,90.02,155.98,246.01,-65.96,39.05,SCC,Conmat,7509.099999999999
2023-04-19,190.7,280.71,471.41,-90.01,31.0,SCC,Conmat,7419.089999999999
2023-04-20,67.11,185.39,252.5,-118.28,22.33,SCC,Conmat,7300.8099999999995
2023-04-21,161.56,230.65,392.21,-69.09,26.5,SCC,Conmat,7231.719999999999
2023-04-24,94.33,161.43,255.76,-67.1,41.41,SCC,Conmat,7164.619999999999
2023-04-25,220.04,248.54,468.58,-28.5,39.95,SCC,Conmat,7136.119999999999
2023-04-26,126.46,165.69,292.15,-39.22,38.73,SCC,Conmat,7096.899999999999
2023-04-27,603.13,192.08,795.22,411.05,25.51,SCC,Conmat,7507.949999999999
2023-04-28,228.84,252.23,481.07,-23.39,34.81,SCC,Conmat,7484.559999999999
2023-05-02,160.45,86.4,246.85,74.06,33.92,SCC,Conmat,7558.619999999999
2023-05-03,322.1,504.61,826.71,-182.5,25.68,SCC,Conmat,7376.119999999999
2023-05-08,455.12,484.9,940.02,-29.79,32.34,SCC,Conmat,7346.329999999999
2023-05-09,210.5,276.54,487.05,-66.04,33.25,SCC,Conmat,7280.289999999999
2023-05-10,305.92,148.06,453.99,157.86,36.47,SCC,Conmat,7438.149999999999
2023-05-11,192.03,125.69,317.72,66.34,48.51,SCC,Conmat,7504.489999999999
2023-05-12,314.43,224.86,539.29,89.57,35.22,SCC,Conmat,7594.059999999999
2023-05-15,268.45,251.52,519.97,16.93,44.71,SCC,Conmat,7610.989999999999
2023-05-16,397.76,263.28,661.04,134.49,55.19,SCC,Conmat,7745.479999999999
2023-05-17,512.05,404.72,916.77,107.33,38.17,SCC,Conmat,7852.809999999999
2023-05-18,266.19,337.32,603.51,-71.12,54.23,SCC,Conmat,7781.689999999999
2023-05-19,306.36,158.94,465.3,147.42,43.83,SCC,Conmat,7929.109999999999
2023-05-22,360.58,332.34,692.91,28.24,46.28,SCC,Conmat,7957.3499999999985
2023-05-23,226.15,244.01,470.16,-17.86,53.64,SCC,Conmat,7939.489999999999
2023-05-24,151.8,197.17,348.97,-45.37,58.22,SCC,Conmat,7894.119999999999
2023-05-25,284.07,361.92,645.99,-77.85,45.65,SCC,Conmat,7816.269999999999
2023-05-26,249.64,241.69,491.32,7.95,49.41,SCC,Conmat,7824.219999999998
2023-05-29,132.82,229.65,362.48,-96.83,45.48,SCC,Conmat,7727.3899999999985
2023-05-30,327.3,332.12,659.42,-4.83,33.13,SCC,Conmat,7722.559999999999
2023-05-31,1399.94,1071.7,2471.64,328.24,62.28,SCC,Conmat,8050.799999999998
2023-06-01,147.74,167.3,315.03,-19.56,51.45,SCC,Conmat,8031.239999999998
2023-06-02,174.25,158.17,332.43,16.08,39.35,SCC,Conmat,8047.319999999998
2023-06-06,196.88,196.54,393.42,0.34,49.08,SCC,Conmat,8047.659999999998
2023-06-07,647.2,407.29,1054.49,239.91,53.42,SCC,Conmat,8287.569999999998
2023-06-08,484.76,234.33,719.08,250.43,41.83,SCC,Conmat,8537.999999999998
2023-06-09,253.12,114.29,367.41,138.83,27.07,SCC,Conmat,8676.829999999998
2023-06-12,71.12,61.72,132.84,9.4,32.31,SCC,Conmat,8686.229999999998
2023-06-13,119.62,164.31,283.94,-44.69,32.93,SCC,Conmat,8641.539999999997
2023-06-14,127.42,152.62,280.04,-25.2,20.92,SCC,Conmat,8616.339999999997
2023-06-15,161.46,159.25,320.71,2.21,32.74,SCC,Conmat,8618.549999999996
2023-06-16,346.46,302.93,649.39,43.54,52.06,SCC,Conmat,8662.089999999997
2023-06-19,147.87,205.27,353.14,-57.4,24.76,SCC,Conmat,8604.689999999997
2023-06-20,361.6,168.1,529.69,193.5,40.82,SCC,Conmat,8798.189999999997
2023-06-21,113.85,303.22,417.07,-189.36,38.88,SCC,Conmat,8608.829999999996
2023-06-22,130.05,169.91,299.97,-39.86,37.43,SCC,Conmat,8568.969999999996
2023-06-23,70.69,128.55,199.24,-57.86,49.17,SCC,Conmat,8511.109999999995
2023-06-26,94.45,130.59,225.04,-36.14,31.3,SCC,Conmat,8474.969999999996
2023-06-27,193.11,194.09,387.2,-0.98,42.83,SCC,Conmat,8473.989999999996
2023-06-28,263.76,114.48,378.24,149.28,35.8,SCC,Conmat,8623.269999999997
2023-06-29,161.14,139.95,301.09,21.19,32.71,SCC,Conmat,8644.459999999997
2023-06-30,286.64,127.59,414.23,159.05,37.65,SCC,Conmat,8803.509999999997
2023-07-03,206.23,162.17,368.39,44.06,33.9,SCC,Conmat,8847.569999999996
2023-07-04,292.85,161.02,453.87,131.84,37.3,SCC,Conmat,8979.409999999996
2023-07-05,301.82,244.76,546.59,57.06,32.0,SCC,Conmat,9036.469999999996
2023-07-06,146.46,397.42,543.88,-250.96,39.32,SCC,Conmat,8785.509999999997
2023-07-07,106.27,123.64,229.92,-17.37,26.87,SCC,Conmat,8768.139999999996
2023-07-10,143.89,178.34,322.23,-34.45,41.68,SCC,Conmat,8733.689999999995
2023-07-11,131.27,124.17,255.43,7.1,32.77,SCC,Conmat,8740.789999999995
2023-07-12,289.78,165.53,455.31,124.26,36.0,SCC,Conmat,8865.049999999996
2023-07-13,203.8,186.77,390.57,17.03,42.65,SCC,Conmat,8882.079999999996
2023-07-14,237.03,172.7,409.73,64.33,34.61,SCC,Conmat,8946.409999999996
2023-07-17,215.69,80.77,296.46,134.92,30.65,SCC,Conmat,9081.329999999996
2023-07-18,98.14,106.97,205.12,-8.83,26.94,SCC,Conmat,9072.499999999996
2023-07-19,410.47,173.66,584.13,236.81,36.33,SCC,Conmat,9309.309999999996
2023-07-20,263.09,439.79,702.88,-176.69,27.74,SCC,Conmat,9132.619999999995
2023-07-21,180.82,160.27,341.09,20.56,32.68,SCC,Conmat,9153.179999999995
2023-07-24,119.56,130.41,249.97,-10.85,38.82,SCC,Conmat,9142.329999999994
2023-07-25,177.56,237.93,415.49,-60.37,39.7,SCC,Conmat,9081.959999999994
2023-07-26,182.03,241.22,423.25,-59.19,42.0,SCC,Conmat,9022.769999999993
2023-07-27,271.08,153.48,424.57,117.6,33.19,SCC,Conmat,9140.369999999994
2023-07-31,396.36,404.95,801.3,-8.59,59.12,SCC,Conmat,9131.779999999993
2023-08-02,146.27,143.3,289.57,2.97,32.33,SCC,Conmat,9134.749999999993
2023-08-03,178.64,124.93,303.57,53.7,46.84,SCC,Conmat,9188.449999999993
2023-08-04,281.77,345.78,627.55,-64.0,65.41,SCC,Conmat,9124.449999999993
2023-08-07,270.2,397.68,667.87,-127.48,56.45,SCC,Conmat,8996.969999999994
2023-08-08,177.64,244.76,422.4,-67.12,54.55,SCC,Conmat,8929.849999999993
2023-08-09,233.62,253.84,487.46,-20.22,43.41,SCC,Conmat,8909.629999999994
2023-08-10,128.51,171.68,300.19,-43.17,47.11,SCC,Conmat,8866.459999999994
2023-08-11,112.71,175.54,288.25,-62.82,44.6,SCC,Conmat,8803.639999999994
2023-08-15,139.57,288.43,428.0,-148.86,45.01,SCC,Conmat,8654.779999999993
2023-08-16,89.22,243.87,333.1,-154.65,45.23,SCC,Conmat,8500.129999999994
2023-08-17,249.66,192.55,442.21,57.11,43.27,SCC,Conmat,8557.239999999994
2023-08-18,246.92,238.06,484.98,8.86,47.52,SCC,Conmat,8566.099999999995
2023-08-21,210.14,188.79,398.93,21.35,40.36,SCC,Conmat,8587.449999999995
2023-08-22,278.13,197.49,475.62,80.65,32.19,SCC,Conmat,8668.099999999995
2023-08-23,271.5,193.78,465.28,77.72,40.53,SCC,Conmat,8745.819999999994
2023-08-24,206.81,113.45,320.26,93.36,31.81,SCC,Conmat,8839.179999999995
2023-08-25,243.91,77.1,321.02,166.81,31.19,SCC,Conmat,9005.989999999994
2023-08-28,198.3,177.6,375.9,20.7,30.67,SCC,Conmat,9026.689999999995
2023-08-29,219.35,169.7,389.06,49.65,42.59,SCC,Conmat,9076.339999999995
2023-08-30,154.53,109.19,263.72,45.33,34.44,SCC,Conmat,9121.669999999995
2023-08-31,1281.06,1404.26,2685.31,-123.2,71.9,SCC,Conmat,8998.469999999994
2023-09-01,145.87,201.34,347.22,-55.47,33.55,SCC,Conmat,8942.999999999995
2023-09-04,121.13,195.21,316.33,-74.08,25.86,SCC,Conmat,8868.919999999995
2023-09-05,89.19,209.22,298.41,-120.03,34.5,SCC,Conmat,8748.889999999994
2023-09-06,101.44,199.88,301.31,-98.44,36.79,SCC,Conmat,8650.449999999993
2023-09-07,150.27,196.69,346.96,-46.42,44.17,SCC,Conmat,8604.029999999993
2023-09-08,101.15,243.78,344.93,-142.63,29.35,SCC,Conmat,8461.399999999994
2023-09-11,128.81,173.83,302.64,-45.02,43.11,SCC,Conmat,8416.379999999994
2023-09-12,164.04,184.48,348.52,-20.44,51.18,SCC,Conmat,8395.939999999993
2023-09-13,163.41,353.74,517.15,-190.33,43.06,SCC,Conmat,8205.609999999993
2023-09-14,60.84,117.72,178.56,-56.88,41.81,SCC,Conmat,8148.729999999993
2023-09-15,414.27,443.32,857.59,-29.06,67.76,SCC,Conmat,8119.669999999993
2023-09-18,70.68,89.85,160.54,-19.17,47.88,SCC,Conmat,8100.499999999993
2023-09-19,151.27,85.12,236.39,66.14,33.34,SCC,Conmat,8166.639999999993
2023-09-20,168.4,346.68,515.09,-178.28,26.53,SCC,Conmat,7988.359999999993
2023-09-21,89.05,107.45,196.5,-18.4,28.58,SCC,Conmat,7969.959999999994
2023-09-22,107.5,138.43,245.93,-30.93,30.12,SCC,Conmat,7939.029999999993
2023-09-25,152.06,186.99,339.06,-34.93,34.77,SCC,Conmat,7904.099999999993
2023-09-26,93.26,171.0,264.26,-77.74,35.87,SCC,Conmat,7826.359999999993
2023-09-27,81.2,124.22,205.42,-43.02,29.99,SCC,Conmat,7783.339999999993
2023-09-28,255.69,308.62,564.31,-52.92,23.13,SCC,Conmat,7730.419999999993
2023-09-29,351.26,101.39,452.65,249.87,35.66,SCC,Conmat,7980.289999999993
2023-10-02,147.25,111.38,258.63,35.87,42.78,SCC,Conmat,8016.159999999993
2023-10-03,68.9,299.5,368.4,-230.6,30.65,SCC,Conmat,7785.559999999992
2023-10-04,113.79,147.15,260.94,-33.35,27.58,SCC,Conmat,7752.209999999992
2023-10-05,186.76,175.77,362.53,10.98,28.88,SCC,Conmat,7763.189999999991
2023-10-06,176.97,171.97,348.94,5.0,51.53,SCC,Conmat,7768.189999999991
2023-10-09,142.98,90.77,233.75,52.21,36.26,SCC,Conmat,7820.399999999991
2023-10-10,108.21,84.79,193.0,23.42,37.59,SCC,Conmat,7843.8199999999915
2023-10-11,242.1,94.55,336.65,147.55,40.74,SCC,Conmat,7991.369999999992
2023-10-12,125.27,121.64,246.91,3.63,26.09,SCC,Conmat,7994.999999999992
2023-10-16,209.31,236.29,445.6,-26.98,29.34,SCC,Conmat,7968.019999999992
2023-10-17,366.58,157.01,523.59,209.56,21.8,SCC,Conmat,8177.579999999993
2023-10-18,112.65,73.93,186.58,38.72,35.64,SCC,Conmat,8216.299999999992
2023-10-19,156.72,338.33,495.05,-181.61,38.07,SCC,Conmat,8034.689999999992
2023-10-20,287.48,336.88,624.36,-49.39,38.88,SCC,Conmat,7985.299999999992
2023-10-24,253.46,200.9,454.37,52.56,39.67,SCC,Conmat,8037.859999999992
2023-10-25,209.48,237.91,447.39,-28.43,33.99,SCC,Conmat,8009.429999999992
2023-10-26,127.02,130.74,257.75,-3.72,29.37,SCC,Conmat,8005.709999999992
2023-10-27,116.64,220.62,337.26,-103.99,25.52,SCC,Conmat,7901.719999999992
2023-10-30,257.6,352.57,610.17,-94.97,43.62,SCC,Conmat,7806.749999999992
2023-10-31,206.24,136.27,342.51,69.97,46.08,SCC,Conmat,7876.719999999992
2023-11-01,187.41,141.31,328.71,46.1,50.36,SCC,Conmat,7922.819999999992
2023-11-02,118.45,151.9,270.35,-33.44,34.79,SCC,Conmat,7889.379999999993
2023-11-03,210.1,139.11,349.21,70.99,45.15,SCC,Conmat,7960.369999999993
2023-11-06,573.91,372.13,946.04,201.77,51.58,SCC,Conmat,8162.139999999993
2023-11-07,381.74,331.53,713.27,50.21,57.34,SCC,Conmat,8212.349999999993
2023-11-08,272.9,252.96,525.85,19.94,29.83,SCC,Conmat,8232.289999999994
2023-11-09,118.44,189.39,307.83,-70.95,37.52,SCC,Conmat,8161.339999999994
2023-11-10,95.69,118.53,214.22,-22.84,28.99,SCC,Conmat,8138.499999999994
2023-11-13,131.28,82.46,213.75,48.82,25.18,SCC,Conmat,8187.319999999993
2023-11-14,75.61,47.43,123.04,28.17,31.15,SCC,Conmat,8215.489999999993
2023-11-15,130.81,90.56,221.37,40.26,31.86,SCC,Conmat,8255.749999999993
2023-11-16,155.61,93.06,248.67,62.55,35.92,SCC,Conmat,8318.299999999992
2023-11-17,112.03,92.76,204.79,19.27,30.85,SCC,Conmat,8337.569999999992
2023-11-20,59.21,62.59,121.8,-3.38,26.9,SCC,Conmat,8334.189999999993
2023-11-21,279.84,112.6,392.45,167.24,34.42,SCC,Conmat,8501.429999999993
2023-11-22,190.5,72.52,263.02,117.98,35.49,SCC,Conmat,8619.409999999993
2023-11-23,110.37,73.66,184.03,36.72,36.93,SCC,Conmat,8656.129999999992
2023-11-24,80.1,71.11,151.21,8.98,43.8,SCC,Conmat,8665.109999999991
2023-11-27,161.23,140.3,301.53,20.93,30.9,SCC,Conmat,8686.039999999992
2023-11-28,144.84,158.63,303.48,-13.79,45.65,SCC,Conmat,8672.24999999999
2023-11-29,192.58,132.97,325.55,59.61,27.66,SCC,Conmat,8731.859999999991
2023-11-30,907.5,732.56,1640.06,174.95,59.86,SCC,Conmat,8906.809999999992
2023-12-01,64.05,31.94,95.99,32.1,32.28,SCC,Conmat,8938.909999999993
2023-12-04,186.77,109.02,295.79,77.75,30.21,SCC,Conmat,9016.659999999993
2023-12-06,166.26,119.17,285.42,47.09,46.41,SCC,Conmat,9063.749999999993
2023-12-07,140.53,151.56,292.09,-11.02,37.93,SCC,Conmat,9052.729999999992
2023-12-08,219.39,193.56,412.95,25.82,31.56,SCC,Conmat,9078.549999999992
2023-12-12,138.96,129.3,268.27,9.66,37.62,SCC,Conmat,9088.209999999992
2023-12-13,149.92,175.98,325.9,-26.06,33.81,SCC,Conmat,9062.149999999992
2023-12-14,143.29,105.44,248.72,37.85,34.16,SCC,Conmat,9099.999999999993
2023-12-15,462.08,321.9,783.98,140.19,60.49,SCC,Conmat,9240.189999999993
2023-12-18,52.74,135.41,188.15,-82.67,39.09,SCC,Conmat,9157.519999999993
2023-12-19,33.83,73.09,106.91,-39.26,15.64,SCC,Conmat,9118.259999999993
2023-12-20,243.79,305.98,549.77,-62.19,32.37,SCC,Conmat,9056.069999999992
2023-12-21,180.88,365.89,546.77,-185.0,36.73,SCC,Conmat,8871.069999999992
2023-12-22,127.96,121.97,249.93,5.99,31.23,SCC,Conmat,8877.059999999992
2023-12-25,21.84,26.49,48.33,-4.65,14.53,SCC,Conmat,8872.409999999993
2023-12-26,308.81,170.69,479.51,138.12,19.27,SCC,Conmat,9010.529999999993
2023-12-27,66.38,176.48,242.86,-110.11,24.78,SCC,Conmat,8900.419999999993
2023-12-28,149.27,172.64,321.91,-23.37,22.99,SCC,Conmat,8877.049999999992
2024-01-02,110.36,134.17,244.54,-23.81,23.16,SCC,Conmat,8853.239999999993
2024-01-03,160.35,125.23,285.58,35.12,31.57,SCC,Conmat,8888.359999999993
2024-01-04,78.72,137.5,216.21,-58.78,27.03,SCC,Conmat,8829.579999999993
2024-01-05,91.05,74.68,165.73,16.36,25.36,SCC,Conmat,8845.939999999993
2024-01-08,46.48,92.71,139.18,-46.23,28.77,SCC,Conmat,8799.709999999994
2024-01-09,94.43,150.39,244.83,-55.96,33.06,SCC,Conmat,8743.749999999995
2024-01-10,194.34,338.8,533.15,-144.46,28.88,SCC,Conmat,8599.289999999995
2024-01-11,165.28,282.52,447.8,-117.24,24.57,SCC,Conmat,8482.049999999996
2024-01-12,121.25,111.33,232.58,9.92,30.05,SCC,Conmat,8491.969999999996
2024-01-15,109.04,142.18,251.22,-33.14,27.74,SCC,Conmat,8458.829999999996
2024-01-16,94.1,194.54,288.64,-100.43,34.13,SCC,Conmat,8358.399999999996
2024-01-17,210.85,772.76,983.61,-561.91,28.22,SCC,Conmat,7796.489999999996
2024-01-18,129.36,316.93,446.29,-187.57,30.15,SCC,Conmat,7608.919999999996
2024-01-19,165.16,133.7,298.86,31.46,26.51,SCC,Conmat,7640.3799999999965
2024-01-22,52.86,75.87,128.73,-23.02,32.93,SCC,Conmat,7617.359999999996
2024-01-23,140.19,128.28,268.46,11.91,21.16,SCC,Conmat,7629.269999999996
2024-01-24,238.18,163.04,401.21,75.14,24.43,SCC,Conmat,7704.409999999996
2024-01-25,115.7,103.89,219.59,11.82,21.24,SCC,Conmat,7716.229999999996
2024-01-26,112.63,115.5,228.14,-2.87,39.05,SCC,Conmat,7713.359999999996
2024-01-29,94.43,81.33,175.76,13.09,31.22,SCC,Conmat,7726.449999999996
2024-01-30,95.36,113.49,208.85,-18.13,26.82,SCC,Conmat,7708.319999999996
2024-01-31,94.75,122.54,217.3,-27.79,27.08,SCC,Conmat,7680.529999999996
2024-02-01,109.58,160.87,270.45,-51.3,23.05,SCC,Conmat,7629.229999999996
2024-02-02,100.41,96.99,197.4,3.42,18.24,SCC,Conmat,7632.649999999996
2024-02-05,119.26,118.89,238.15,0.37,31.24,SCC,Conmat,7633.019999999996
2024-02-06,73.48,83.81,157.29,-10.33,29.15,SCC,Conmat,7622.689999999996
2024-02-07,460.3,137.85,598.14,322.45,21.55,SCC,Conmat,7945.139999999996
2024-02-08,156.44,113.04,269.48,43.4,22.45,SCC,Conmat,7988.539999999995
2024-02-09,56.5,114.46,170.96,-57.96,21.74,SCC,Conmat,7930.579999999995
2024-02-12,118.75,52.1,170.85,66.64,20.73,SCC,Conmat,7997.219999999996
2024-02-13,51.57,94.26,145.83,-42.69,22.92,SCC,Conmat,7954.529999999996
2024-02-14,84.27,101.91,186.18,-17.63,32.24,SCC,Conmat,7936.899999999996
2024-02-15,145.34,73.17,218.51,72.17,27.22,SCC,Conmat,8009.069999999996
2024-02-16,93.23,36.43,129.65,56.8,27.44,SCC,Conmat,8065.869999999996
2024-02-19,666.96,27.87,694.83,639.09,43.94,SCC,Conmat,8704.959999999995
2024-02-20,93.23,61.62,154.85,31.61,20.95,SCC,Conmat,8736.569999999996
2024-02-21,392.65,171.25,563.91,221.4,26.63,SCC,Conmat,8957.969999999996
2024-02-22,139.83,219.6,359.43,-79.78,18.44,SCC,Conmat,8878.189999999995
2024-02-23,70.17,215.8,285.97,-145.63,21.76,SCC,Conmat,8732.559999999996
2024-02-27,141.51,155.56,297.07,-14.05,25.23,SCC,Conmat,8718.509999999997
2024-02-28,88.04,202.04,290.08,-113.99,28.23,SCC,Conmat,8604.519999999997
2024-02-29,307.74,320.03,627.77,-12.29,43.91,SCC,Conmat,8592.229999999996
2024-03-01,111.88,157.83,269.7,-45.95,37.31,SCC,Conmat,8546.279999999995
2024-03-04,165.27,175.77,341.04,-10.5,30.15,SCC,Conmat,8535.779999999995
2024-03-05,58.45,125.58,184.04,-67.13,29.09,SCC,Conmat,8468.649999999996
2024-03-06,133.56,71.94,205.5,61.62,26.71,SCC,Conmat,8530.269999999997
2024-03-07,128.39,97.01,225.41,31.38,31.45,SCC,Conmat,8561.649999999996
2024-03-08,151.3,58.59,209.9,92.71,36.86,SCC,Conmat,8654.359999999995
2024-03-11,147.26,209.98,357.25,-62.72,36.81,SCC,Conmat,8591.639999999996
2024-03-12,57.81,40.4,98.21,17.41,26.47,SCC,Conmat,8609.049999999996
2024-03-13,132.78,77.37,210.15,55.42,21.12,SCC,Conmat,8664.469999999996
2024-03-14,198.59,169.03,367.62,29.56,31.03,SCC,Conmat,8694.029999999995
2024-03-15,512.92,243.35,756.27,269.56,52.36,SCC,Conmat,8963.589999999995
2024-03-18,120.63,240.48,361.12,-119.85,36.59,SCC,Conmat,8843.739999999994
2024-03-19,231.12,183.48,414.6,47.64,42.32,SCC,Conmat,8891.379999999994
2024-03-20,179.82,513.96,693.77,-334.14,26.97,SCC,Conmat,8557.239999999994
2024-03-21,347.7,121.89,469.59,225.81,23.95,SCC,Conmat,8783.049999999994
2024-03-22,201.21,115.88,317.08,85.33,16.4,SCC,Conmat,8868.379999999994
2024-03-25,101.02,61.32,162.34,39.71,25.35,SCC,Conmat,8908.089999999993
2024-03-26,175.28,92.03,267.31,83.24,25.5,SCC,Conmat,8991.329999999993
2024-03-27,130.77,184.33,315.1,-53.56,18.49,SCC,Conmat,8937.769999999993
2024-03-28,83.53,133.83,217.36,-50.3,26.5,SCC,Conmat,8887.469999999994
2024-03-29,83.47,58.1,141.57,25.37,25.86,SCC,Conmat,8912.839999999995
2024-04-01,128.55,90.44,218.99,38.11,36.82,SCC,Conmat,8950.949999999995
2024-04-02,89.14,83.09,172.23,6.04,34.24,SCC,Conmat,8956.989999999996
2024-04-03,154.4,193.08,347.48,-38.68,33.32,SCC,Conmat,8918.309999999996
2024-04-04,92.13,44.97,137.1,47.16,30.02,SCC,Conmat,8965.469999999996
2024-04-05,62.85,138.98,201.84,-76.13,31.8,SCC,Conmat,8889.339999999997
2024-04-09,257.29,106.43,363.72,150.86,43.86,SCC,Conmat,9040.199999999997
2024-04-10,236.28,123.37,359.66,112.91,34.67,SCC,Conmat,9153.109999999997
2024-04-11,101.19,54.21,155.4,46.98,37.19,SCC,Conmat,9200.089999999997
2024-04-17,140.45,302.84,443.29,-162.39,35.66,SCC,Conmat,9037.699999999997
2024-04-18,227.46,305.02,532.48,-77.56,43.21,SCC,Conmat,8960.139999999998
2024-04-19,201.2,286.49,487.69,-85.3,29.58,SCC,Conmat,8874.839999999998
2024-04-22,131.58,152.31,283.89,-20.72,38.97,SCC,Conmat,8854.119999999999
2024-04-23,111.73,149.42,261.15,-37.68,32.72,SCC,Conmat,8816.439999999999
2024-04-24,101.18,61.55,162.73,39.63,29.72,SCC,Conmat,8856.069999999998
2024-04-25,108.41,110.33,218.74,-1.92,44.49,SCC,Conmat,8854.149999999998
2024-04-26,68.11,52.71,120.82,15.4,29.53,SCC,Conmat,8869.549999999997
2024-04-29,173.63,115.26,288.89,58.36,45.85,SCC,Conmat,8927.909999999998
2024-04-30,267.2,181.93,449.13,85.27,38.77,SCC,Conmat,9013.179999999998
2024-05-02,128.2,132.63,260.84,-4.43,33.96,SCC,Conmat,9008.749999999998
2024-05-03,118.33,78.41,196.74,39.92,32.15,SCC,Conmat,9048.669999999998
2024-05-07,223.11,155.95,379.06,67.16,37.12,SCC,Conmat,9115.829999999998
2024-05-08,219.07,395.51,614.58,-176.44,54.27,SCC,Conmat,8939.389999999998
2024-05-09,80.26,222.38,302.64,-142.12,18.78,SCC,Conmat,8797.269999999997
2024-05-10,79.38,129.13,208.51,-49.76,42.44,SCC,Conmat,8747.509999999997
2024-05-13,64.48,52.27,116.75,12.21,27.65,SCC,Conmat,8759.719999999996
2024-05-14,82.62,60.38,143.0,22.25,33.89,SCC,Conmat,8781.969999999996
2024-05-15,125.14,108.81,233.95,16.34,37.41,SCC,Conmat,8798.309999999996
2024-05-16,135.91,103.97,239.88,31.94,42.54,SCC,Conmat,8830.249999999996
2024-05-17,220.11,49.87,269.98,170.24,37.73,SCC,Conmat,9000.489999999996
2024-05-20,200.82,144.09,344.92,56.73,41.02,SCC,Conmat,9057.219999999996
2024-05-21,158.14,209.17,367.3,-51.03,38.07,SCC,Conmat,9006.189999999995
2024-05-23,157.95,273.78,431.74,-115.83,35.62,SCC,Conmat,8890.359999999995
2024-05-24,88.13,296.2,384.33,-208.07,45.45,SCC,Conmat,8682.289999999995
2024-05-27,147.24,361.76,509.0,-214.51,40.49,SCC,Conmat,8467.779999999995
2024-05-28,140.07,145.63,285.7,-5.56,45.73,SCC,Conmat,8462.219999999996
2024-05-29,169.14,600.69,769.83,-431.55,38.87,SCC,Conmat,8030.6699999999955
2024-05-30,208.2,235.02,443.21,-26.82,33.23,SCC,Conmat,8003.849999999996
2024-05-31,1103.12,923.34,2026.45,179.78,54.62,SCC,Conmat,8183.629999999996
2024-06-04,177.33,143.24,320.56,34.09,51.16,SCC,Conmat,8217.719999999996
2024-06-05,183.83,96.66,280.49,87.16,33.31,SCC,Conmat,8304.879999999996
2024-06-06,91.58,184.52,276.1,-92.94,37.12,SCC,Conmat,8211.939999999995
2024-06-07,109.68,68.01,177.69,41.67,36.43,SCC,Conmat,8253.609999999995
2024-06-10,138.62,134.57,273.18,4.05,27.49,SCC,Conmat,8257.659999999994
2024-06-11,105.35,112.33,217.68,-6.99,39.89,SCC,Conmat,8250.669999999995
2024-06-12,136.69,148.59,285.27,-11.9,39.08,SCC,Conmat,8238.769999999995
2024-06-13,173.96,107.83,281.79,66.13,35.82,SCC,Conmat,8304.899999999994
2024-06-14,297.51,144.14,441.65,153.36,36.96,SCC,Conmat,8458.259999999995
2024-06-17,80.5,75.42,155.92,5.07,32.84,SCC,Conmat,8463.329999999994
2024-06-18,91.55,69.91,161.46,21.63,33.59,SCC,Conmat,8484.959999999994
2024-06-19,218.22,150.06,368.28,68.15,39.81,SCC,Conmat,8553.109999999993
2024-06-20,263.91,211.93,475.84,51.98,39.98,SCC,Conmat,8605.089999999993
2024-06-21,289.38,222.37,511.75,67.01,54.99,SCC,Conmat,8672.099999999993
2024-06-24,95.37,83.79,179.16,11.58,36.69,SCC,Conmat,8683.679999999993
2024-06-25,99.46,160.51,259.98,-61.05,28.88,SCC,Conmat,8622.629999999994
2024-06-26,106.97,90.59,197.56,16.38,26.93,SCC,Conmat,8639.009999999993
2024-06-27,146.35,260.46,406.81,-114.11,38.54,SCC,Conmat,8524.899999999992
2024-06-28,173.91,253.35,427.26,-79.44,49.39,SCC,Conmat,8445.459999999992
2024-07-01,117.96,82.27,200.24,35.69,36.67,SCC,Conmat,8481.149999999992
2024-07-02,66.33,121.57,187.9,-55.23,39.17,SCC,Conmat,8425.919999999993
2024-07-03,63.06,66.19,129.26,-3.13,36.76,SCC,Conmat,8422.789999999994
2024-07-04,53.9,101.89,155.79,-47.99,33.24,SCC,Conmat,8374.799999999994
2024-07-05,108.85,27.08,135.93,81.77,37.97,SCC,Conmat,8456.569999999994
2024-07-08,205.7,64.34,270.04,141.37,36.86,SCC,Conmat,8597.939999999995
2024-07-09,45.71,64.4,110.11,-18.69,29.21,SCC,Conmat,8579.249999999995
2024-07-10,78.57,48.4,126.97,30.16,34.21,SCC,Conmat,8609.409999999994
2024-07-11,172.66,78.52,251.19,94.14,44.75,SCC,Conmat,8703.549999999994
2024-07-12,252.39,323.69,576.08,-71.29,44.2,SCC,Conmat,8632.259999999993
2024-07-15,87.09,70.29,157.37,16.8,27.75,SCC,Conmat,8649.059999999992
2024-07-16,46.64,127.11,173.75,-80.47,28.05,SCC,Conmat,8568.589999999993
2024-07-17,40.35,69.9,110.25,-29.56,32.11,SCC,Conmat,8539.029999999993
2024-07-18,74.89,97.25,172.14,-22.36,28.6,SCC,Conmat,8516.669999999993
2024-07-19,66.22,85.1,151.32,-18.88,23.56,SCC,Conmat,8497.789999999994
2024-07-23,73.32,118.25,191.57,-44.93,31.49,SCC,Conmat,8452.859999999993
2024-07-24,38.13,84.15,122.28,-46.02,32.9,SCC,Conmat,8406.839999999993
2024-07-25,100.53,117.54,218.07,-17.0,32.76,SCC,Conmat,8389.839999999993
2024-07-26,58.88,45.95,104.83,12.93,36.52,SCC,Conmat,8402.769999999993
2024-07-30,68.16,204.14,272.31,-135.98,30.51,SCC,Conmat,8266.789999999994
2024-07-31,267.01,147.34,414.35,119.67,36.61,SCC,Conmat,8386.459999999994
2024-08-01,24.46,35.85,60.3,-11.39,24.6,SCC,Conmat,8375.069999999994
2024-08-02,65.04,106.96,172.0,-41.93,23.65,SCC,Conmat,8333.139999999994
2024-08-05,145.27,177.46,322.73,-32.19,24.45,SCC,Conmat,8300.949999999993
2024-08-06,201.41,253.64,455.05,-52.23,38.51,SCC,Conmat,8248.719999999994
2024-08-07,74.95,82.47,157.42,-7.52,30.49,SCC,Conmat,8241.199999999993
2024-08-08,102.51,113.18,215.7,-10.67,34.68,SCC,Conmat,8230.529999999993
2024-08-09,78.38,138.56,216.94,-60.18,29.02,SCC,Conmat,8170.349999999993
2024-08-13,120.87,98.47,219.34,22.39,28.36,SCC,Conmat,8192.739999999993
2024-08-14,151.9,137.62,289.52,14.27,33.48,SCC,Conmat,8207.009999999993
2024-08-15,101.94,65.79,167.73,36.15,30.24,SCC,Conmat,8243.159999999993
2024-08-16,78.33,89.89,168.22,-11.56,19.91,SCC,Conmat,8231.599999999993
2024-08-19,116.99,86.65,203.64,30.34,34.03,SCC,Conmat,8261.939999999993
2024-08-20,87.97,109.65,197.62,-21.68,19.8,SCC,Conmat,8240.259999999993
2024-08-21,97.68,68.53,166.21,29.16,37.29,SCC,Conmat,8269.419999999993
2024-08-22,54.72,36.77,91.49,17.96,40.45,SCC,Conmat,8287.379999999992
2024-08-23,99.21,74.07,173.28,25.14,32.53,SCC,Conmat,8312.519999999991
2024-08-26,127.65,170.16,297.81,-42.51,24.75,SCC,Conmat,8270.009999999991
2024-08-27,32.45,182.88,215.33,-150.43,25.55,SCC,Conmat,8119.579999999991
2024-08-28,74.13,118.56,192.7,-44.43,24.35,SCC,Conmat,8075.1499999999905
2024-08-29,39.38,57.58,96.96,-18.19,25.41,SCC,Conmat,8056.959999999991
2024-08-30,587.42,309.89,897.31,277.53,53.41,SCC,Conmat,8334.48999999999
2024-09-02,77.41,166.84,244.25,-89.43,32.7,SCC,Conmat,8245.05999999999
2024-09-03,14.68,41.98,56.67,-27.3,16.56,SCC,Conmat,8217.759999999991
2024-09-04,97.14,104.67,201.81,-7.52,27.63,SCC,Conmat,8210.23999999999
2024-09-05,315.84,185.74,501.59,130.1,18.55,SCC,Conmat,8340.339999999991
2024-09-06,343.29,307.61,650.9,35.69,27.51,SCC,Conmat,8376.029999999992
2024-09-09,186.81,340.23,527.04,-153.43,25.92,SCC,Conmat,8222.599999999991
2024-09-10,130.74,322.49,453.24,-191.75,27.29,SCC,Conmat,8030.849999999991
2024-09-11,149.82,131.77,281.59,18.05,17.06,SCC,Conmat,8048.899999999991
2024-09-12,59.3,90.02,149.32,-30.72,31.5,SCC,Conmat,8018.179999999991
2024-09-13,85.39,59.86,145.24,25.53,20.43,SCC,Conmat,8043.709999999991
2024-09-16,165.5,250.27,415.76,-84.77,18.09,SCC,Conmat,7958.9399999999905
2024-09-17,76.48,68.83,145.31,7.65,16.23,SCC,Conmat,7966.58999999999
2024-09-18,132.17,68.08,200.25,64.08,17.79,SCC,Conmat,8030.66999999999
2024-09-19,146.54,125.45,271.99,21.09,37.29,SCC,Conmat,8051.75999999999
2024-09-20,189.4,211.66,401.07,-22.26,32.75,SCC,Conmat,8029.49999999999
2024-09-23,260.74,246.7,507.44,14.03,19.98,SCC,Conmat,8043.52999999999
2024-09-24,235.24,257.95,493.19,-22.72,24.04,SCC,Conmat,8020.8099999999895
2024-09-25,797.13,619.54,1416.67,177.59,27.27,SCC,Conmat,8198.399999999989
2024-09-26,110.49,355.31,465.8,-244.82,25.08,SCC,Conmat,7953.579999999989
2024-09-27,273.72,176.53,450.24,97.19,25.97,SCC,Conmat,8050.769999999989
2024-09-30,111.07,247.56,358.63,-136.49,34.64,SCC,Conmat,7914.279999999989
2024-10-01,61.1,91.33,152.43,-30.24,17.13,SCC,Conmat,7884.039999999989
2024-10-02,58.2,166.02,224.21,-107.82,16.15,SCC,Conmat,7776.219999999989
2024-10-03,50.08,169.15,219.24,-119.07,28.07,SCC,Conmat,7657.14999999999
2024-10-04,119.45,222.38,341.84,-102.93,29.1,SCC,Conmat,7554.219999999989
2024-10-07,180.06,123.66,303.71,56.4,25.66,SCC,Conmat,7610.619999999989
2024-10-08,82.27,128.39,210.66,-46.12,31.53,SCC,Conmat,7564.499999999989
2024-10-09,93.53,114.45,207.99,-20.92,30.96,SCC,Conmat,7543.579999999989
2024-10-10,104.65,55.23,159.88,49.41,27.36,SCC,Conmat,7592.989999999989
2024-10-11,260.8,557.45,818.24,-296.65,20.04,SCC,Conmat,7296.339999999989
2024-10-15,177.66,202.85,380.51,-25.19,17.09,SCC,Conmat,7271.14999999999
2024-10-16,183.48,205.16,388.64,-21.68,26.66,SCC,Conmat,7249.469999999989
2024-10-17,112.69,183.23,295.91,-70.54,18.41,SCC,Conmat,7178.929999999989
2024-10-18,57.47,104.45,161.93,-46.98,25.37,SCC,Conmat,7131.94999999999
2024-10-21,25.88,30.24,56.12,-4.36,27.4,SCC,Conmat,7127.58999999999
2024-10-22,130.53,123.87,254.4,6.66,26.41,SCC,Conmat,7134.24999999999
2024-10-24,115.22,65.96,181.18,49.25,30.64,SCC,Conmat,7183.49999999999
2024-10-25,91.31,90.02,181.34,1.29,22.34,SCC,Conmat,7184.78999999999
2024-10-28,174.52,44.31,218.83,130.21,30.78,SCC,Conmat,7314.99999999999
2024-10-29,176.78,152.39,329.17,24.39,36.79,SCC,Conmat,7339.38999999999
2024-10-30,24.58,140.06,164.64,-115.48,33.61,SCC,Conmat,7223.909999999991
2024-10-31,186.86,164.99,351.85,21.88,25.94,SCC,Conmat,7245.789999999991
2024-11-01,98.26,109.64,207.9,-11.37,34.21,SCC,Conmat,7234.419999999991
2024-11-04,99.63,90.77,190.4,8.86,31.98,SCC,Conmat,7243.279999999991
2024-11-05,127.52,198.15,325.66,-70.63,29.99,SCC,Conmat,7172.6499999999905
2024-11-06,134.55,167.07,301.61,-32.52,26.42,SCC,Conmat,7140.12999999999
2024-11-07,122.01,91.49,213.5,30.52,29.28,SCC,Conmat,7170.6499999999905
2024-11-08,260.79,234.04,494.83,26.75,22.23,SCC,Conmat,7197.3999999999905
2024-11-11,157.03,142.81,299.83,14.22,42.78,SCC,Conmat,7211.619999999991
2024-11-12,81.94,68.23,150.18,13.71,21.05,SCC,Conmat,7225.329999999991
2024-11-13,42.95,48.07,91.02,-5.12,23.5,SCC,Conmat,7220.209999999991
2024-11-14,77.28,403.41,480.68,-326.13,31.19,SCC,Conmat,6894.079999999991
2024-11-15,183.6,304.03,487.63,-120.43,24.8,SCC,Conmat,6773.6499999999905
2024-11-18,382.86,235.38,618.24,147.48,35.81,SCC,Conmat,6921.12999999999
2024-11-19,196.03,194.09,390.12,1.94,32.32,SCC,Conmat,6923.06999999999
2024-11-20,169.44,145.1,314.54,24.35,26.85,SCC,Conmat,6947.41999999999
2024-11-21,343.0,171.28,514.28,171.72,37.5,SCC,Conmat,7119.13999999999
2024-11-22,273.85,249.0,522.85,24.86,26.41,SCC,Conmat,7143.99999999999
2024-11-25,1229.35,1088.79,2318.14,140.57,78.93,SCC,Conmat,7284.56999999999
2024-11-26,117.33,101.7,219.03,15.63,37.72,SCC,Conmat,7300.19999999999
2024-11-27,116.95,153.8,270.75,-36.85,26.82,SCC,Conmat,7263.349999999989
2024-11-28,130.02,158.09,288.11,-28.06,25.59,SCC,Conmat,7235.289999999989
2024-11-29,161.33,170.3,331.63,-8.97,40.35,SCC,Conmat,7226.319999999989
2024-12-02,475.34,368.29,843.63,107.05,38.31,SCC,Conmat,7333.369999999989
2024-12-03,244.86,126.4,371.26,118.46,30.11,SCC,Conmat,7451.829999999989
2024-12-04,194.44,178.04,372.47,16.4,28.48,SCC,Conmat,7468.229999999989
2024-12-06,117.04,124.77,241.81,-7.74,27.09,SCC,Conmat,7460.489999999989
2024-12-09,82.62,255.26,337.89,-172.64,32.0,SCC,Conmat,7287.8499999999885
2024-12-11,362.14,219.86,582.0,142.28,23.42,SCC,Conmat,7430.129999999988
2024-12-12,278.66,125.56,404.21,153.1,28.24,SCC,Conmat,7583.229999999989
2024-12-13,72.45,86.92,159.37,-14.47,20.59,SCC,Conmat,7568.759999999988
2024-12-16,110.4,114.04,224.44,-3.63,32.75,SCC,Conmat,7565.129999999988
2024-12-17,145.49,328.49,473.99,-183.0,31.11,SCC,Conmat,7382.129999999988
2024-12-18,209.42,206.75,416.18,2.67,28.44,SCC,Conmat,7384.799999999988
2024-12-19,276.71,166.12,442.82,110.59,28.55,SCC,Conmat,7495.3899999999885
2024-12-20,283.79,463.69,747.48,-179.9,45.93,SCC,Conmat,7315.489999999989
2024-12-23,326.11,186.88,512.99,139.24,23.54,SCC,Conmat,7454.729999999989
2024-12-24,244.65,109.35,354.0,135.3,22.52,SCC,Conmat,7590.029999999989
2024-12-25,42.92,39.77,82.69,3.16,26.63,SCC,Conmat,7593.189999999989
2024-12-26,79.83,75.25,155.08,4.58,26.33,SCC,Conmat,7597.769999999989
2024-12-27,170.14,68.49,238.63,101.65,33.98,SCC,Conmat,7699.419999999988
2024-12-30,113.03,80.62,193.65,32.41,30.17,SCC,Conmat,7731.829999999988
2025-01-02,161.28,61.92,223.2,99.36,37.38,SCC,Conmat,7831.189999999988
2025-01-03,87.86,111.43,199.29,-23.57,35.49,SCC,Conmat,7807.619999999988
2025-01-06,103.22,157.64,260.86,-54.42,28.34,SCC,Conmat,7753.199999999988
2025-01-07,161.5,114.75,276.25,46.74,33.93,SCC,Conmat,7799.939999999988
2025-01-08,145.01,290.08,435.09,-145.07,31.02,SCC,Conmat,7654.869999999988
2025-01-09,104.2,228.71,332.91,-124.51,25.27,SCC,Conmat,7530.359999999988
2025-01-10,231.45,126.78,358.24,104.67,33.93,SCC,Conmat,7635.029999999988
2025-01-13,179.8,120.74,300.54,59.06,31.35,SCC,Conmat,7694.089999999988
2025-01-14,223.25,99.96,323.21,123.28,34.41,SCC,Conmat,7817.369999999988
2025-01-15,222.84,119.27,342.11,103.58,31.89,SCC,Conmat,7920.949999999988
2025-01-16,137.53,78.54,216.07,58.99,32.35,SCC,Conmat,7979.939999999988
2025-01-17,136.27,130.67,266.94,5.59,39.86,SCC,Conmat,7985.529999999988
2025-01-20,60.27,57.57,117.84,2.7,35.12,SCC,Conmat,7988.229999999988
2025-01-21,181.36,107.31,288.67,74.05,39.79,SCC,Conmat,8062.279999999988
2025-01-22,102.48,96.64,199.13,5.84,35.13,SCC,Conmat,8068.119999999988
2025-01-23,74.49,173.57,248.05,-99.08,31.64,SCC,Conmat,7969.039999999988
2025-01-24,414.72,164.28,579.0,250.44,39.56,SCC,Conmat,8219.479999999989
2025-01-27,111.41,84.54,195.95,26.87,32.78,SCC,Conmat,8246.34999999999
2025-01-28,207.83,144.75,352.58,63.08,31.97,SCC,Conmat,8309.42999999999
2025-01-29,94.62,85.19,179.82,9.43,28.36,SCC,Conmat,8318.85999999999
2025-01-30,266.54,184.61,451.15,81.94,35.83,SCC,Conmat,8400.79999999999
2025-01-31,205.67,316.73,522.4,-111.06,45.59,SCC,Conmat,8289.73999999999
2025-02-03,131.66,294.36,426.03,-162.7,35.54,SCC,Conmat,8127.039999999991
2025-02-04,204.72,266.29,471.01,-61.57,41.3,SCC,Conmat,8065.469999999991
2025-02-05,258.12,183.54,441.66,74.58,47.85,SCC,Conmat,8140.049999999991
2025-02-06,153.05,147.52,300.57,5.53,40.59,SCC,Conmat,8145.579999999991
2025-02-07,264.71,273.14,537.85,-8.43,43.36,SCC,Conmat,8137.1499999999905
2025-02-10,149.65,212.55,362.2,-62.9,37.44,SCC,Conmat,8074.249999999991
2025-02-11,78.8,61.1,139.9,17.7,41.02,SCC,Conmat,8091.949999999991
2025-02-13,100.75,151.02,251.77,-50.28,43.96,SCC,Conmat,8041.669999999991
2025-02-14,166.11,86.48,252.59,79.63,48.51,SCC,Conmat,8121.299999999991
2025-02-17,240.65,156.07,396.71,84.58,36.09,SCC,Conmat,8205.879999999992
2025-02-18,158.17,172.31,330.48,-14.15,43.83,SCC,Conmat,8191.729999999992
2025-02-19,116.35,126.52,242.86,-10.17,33.36,SCC,Conmat,8181.559999999992
2025-02-20,162.15,177.8,339.95,-15.65,40.57,SCC,Conmat,8165.909999999993
2025-02-21,90.82,116.3,207.12,-25.48,36.76,SCC,Conmat,8140.429999999993
2025-02-24,170.11,139.77,309.88,30.34,34.5,SCC,Conmat,8170.769999999993
2025-02-25,160.13,161.63,321.76,-1.5,41.27,SCC,Conmat,8169.269999999993
2025-02-26,216.18,185.18,401.36,30.99,38.57,SCC,Conmat,8200.259999999993
2025-02-27,311.52,289.06,600.58,22.46,29.81,SCC,Conmat,8222.719999999992
2025-02-28,329.7,320.99,650.69,8.72,35.21,SCC,Conmat,8231.439999999991
2025-03-03,270.78,216.83,487.61,53.94,32.04,SCC,Conmat,8285.379999999992
2025-03-04,201.19,166.75,367.94,34.44,38.49,SCC,Conmat,8319.819999999992
2025-03-05,370.79,332.46,703.25,38.33,27.36,SCC,Conmat,8358.149999999992
2025-03-06,229.34,289.13,518.47,-59.79,30.66,SCC,Conmat,8298.359999999991
2025-03-07,154.08,187.17,341.25,-33.08,21.75,SCC,Conmat,8265.279999999992
2025-03-10,143.96,189.38,333.33,-45.42,32.15,SCC,Conmat,8219.859999999991
2025-03-11,228.32,314.13,542.44,-85.81,28.24,SCC,Conmat,8134.049999999991
2025-03-12,284.94,476.77,761.72,-191.83,29.11,SCC,Conmat,7942.219999999991
2025-03-13,168.52,243.99,412.52,-75.47,24.64,SCC,Conmat,7866.749999999991
2025-03-14,396.59,427.71,824.29,-31.12,20.25,SCC,Conmat,7835.629999999991
2025-03-17,276.07,537.96,814.03,-261.89,27.46,SCC,Conmat,7573.739999999991
2025-03-18,316.6,482.15,798.75,-165.55,28.88,SCC,Conmat,7408.1899999999905
2025-03-19,163.73,330.06,493.79,-166.33,25.33,SCC,Conmat,7241.859999999991
2025-03-20,128.75,258.83,387.57,-130.08,29.37,SCC,Conmat,7111.779999999991
2025-03-21,279.96,292.17,572.14,-12.21,41.57,SCC,Conmat,7099.569999999991
2025-03-24,163.7,141.78,305.48,21.92,37.47,SCC,Conmat,7121.489999999991
2025-03-25,156.04,244.4,400.44,-88.36,24.08,SCC,Conmat,7033.129999999991
2025-03-26,123.88,141.57,265.46,-17.69,31.61,SCC,Conmat,7015.439999999991
2025-03-27,106.49,136.53,243.02,-30.05,28.08,SCC,Conmat,6985.389999999991
2025-03-28,18.05,91.26,109.31,-73.21,23.25,SCC,Conmat,6912.179999999991
2025-03-31,226.51,296.01,522.53,-69.5,24.78,SCC,Conmat,6842.679999999991
2025-04-01,117.41,216.61,334.02,-99.19,31.06,SCC,Conmat,6743.489999999992
2025-04-02,146.31,141.29,287.6,5.02,32.3,SCC,Conmat,6748.509999999992
2025-04-03,187.75,141.05,328.8,46.69,34.52,SCC,Conmat,6795.199999999992
2025-04-04,148.62,253.41,402.03,-104.79,31.81,SCC,Conmat,6690.409999999992
2025-04-08,273.95,233.43,507.37,40.52,41.34,SCC,Conmat,6730.929999999992
2025-04-09,241.08,182.21,423.29,58.87,35.35,SCC,Conmat,6789.799999999992
2025-04-10,329.69,235.93,565.62,93.77,32.49,SCC,Conmat,6883.569999999992
2025-04-11,133.63,120.2,253.83,13.43,41.76,SCC,Conmat,6896.999999999993
2025-04-16,308.43,262.19,570.62,46.24,43.09,SCC,Conmat,6943.2399999999925
2025-04-17,149.71,197.45,347.17,-47.74,36.5,SCC,Conmat,6895.499999999993
2025-04-18,56.53,85.15,141.68,-28.62,18.88,SCC,Conmat,6866.879999999993
2025-04-21,134.99,166.56,301.55,-31.58,38.72,SCC,Conmat,6835.299999999993
2025-04-22,194.34,130.02,324.37,64.32,48.55,SCC,Conmat,6899.619999999993
2025-04-23,93.76,165.05,258.81,-71.29,35.19,SCC,Conmat,6828.329999999993
2025-04-24,114.46,116.58,231.04,-2.12,36.48,SCC,Conmat,6826.209999999993
2025-04-25,92.61,167.82,260.43,-75.22,26.54,SCC,Conmat,6750.9899999999925
2025-04-28,77.99,68.88,146.87,9.11,29.29,SCC,Conmat,6760.099999999992
2025-04-29,148.53,120.38,268.9,28.15,33.54,SCC,Conmat,6788.249999999992
2025-04-30,430.01,472.65,902.65,-42.64,28.35,SCC,Conmat,6745.6099999999915
2025-05-02,317.48,363.99,681.47,-46.51,30.88,SCC,Conmat,6699.099999999991
2025-05-06,462.87,274.71,737.58,188.16,25.29,SCC,Conmat,6887.259999999991
2025-05-07,344.45,313.92,658.37,30.53,26.15,SCC,Conmat,6917.789999999991
2025-05-08,79.7,277.9,357.6,-198.2,24.71,SCC,Conmat,6719.589999999991
2025-05-09,248.4,197.29,445.69,51.12,30.51,SCC,Conmat,6770.709999999991
2025-05-13,218.52,454.19,672.71,-235.67,25.88,SCC,Conmat,6535.039999999991
2025-05-14,271.46,282.73,554.19,-11.27,35.46,SCC,Conmat,6523.76999999999
2025-05-15,171.39,145.38,316.77,26.01,35.69,SCC,Conmat,6549.779999999991
2025-05-16,246.36,341.66,588.01,-95.3,50.58,SCC,Conmat,6454.4799999999905
2025-05-19,302.3,354.9,657.2,-52.61,52.33,SCC,Conmat,6401.869999999991
2025-05-20,175.69,290.09,465.78,-114.41,31.16,SCC,Conmat,6287.459999999991
2025-05-21,234.46,226.6,461.05,7.86,30.41,SCC,Conmat,6295.319999999991
2025-05-22,80.49,176.67,257.17,-96.18,25.98,SCC,Conmat,6199.13999999999
2025-05-23,138.77,218.66,357.43,-79.89,35.05,SCC,Conmat,6119.24999999999
2025-05-26,141.5,238.65,380.15,-97.14,28.1,SCC,Conmat,6022.10999999999
2025-05-27,119.25,240.59,359.83,-121.34,29.03,SCC,Conmat,5900.7699999999895
2025-05-28,512.43,290.87,803.3,221.56,26.76,SCC,Conmat,6122.32999999999
2025-05-29,148.87,344.78,493.65,-195.92,35.45,SCC,Conmat,5926.40999999999
2025-05-30,340.98,579.56,920.54,-238.58,41.09,SCC,Conmat,5687.82999999999
2025-06-04,417.08,314.15,731.24,102.93,35.6,SCC,Conmat,5790.75999999999
2025-06-05,170.37,169.66,340.03,0.71,35.55,SCC,Conmat,5791.46999999999
2025-06-06,149.9,256.3,406.19,-106.4,38.31,SCC,Conmat,5685.069999999991
2025-06-09,204.11,240.09,444.2,-35.98,36.95,SCC,Conmat,5649.089999999991
2025-06-10,150.06,98.72,248.78,51.34,32.39,SCC,Conmat,5700.429999999991
2025-06-11,301.87,202.51,504.37,99.36,29.32,SCC,Conmat,5799.789999999991
2025-06-12,525.79,401.98,927.77,123.81,29.11,SCC,Conmat,5923.599999999991
2025-06-13,238.32,313.04,551.36,-74.72,30.64,SCC,Conmat,5848.879999999991
2025-06-16,219.33,336.51,555.83,-117.18,38.97,SCC,Conmat,5731.699999999991
2025-06-17,115.77,207.88,323.65,-92.1,42.77,SCC,Conmat,5639.59999999999
2025-06-18,220.91,328.15,549.06,-107.25,40.73,SCC,Conmat,5532.34999999999
2025-06-19,116.01,246.4,362.41,-130.39,24.59,SCC,Conmat,5401.95999999999
2025-06-20,802.91,504.23,1307.14,298.68,50.56,SCC,Conmat,5700.63999999999
2025-06-23,181.55,216.32,397.87,-34.77,41.77,SCC,Conmat,5665.86999999999
2025-06-24,398.48,305.81,704.29,92.66,33.04,SCC,Conmat,5758.52999999999
2025-06-25,252.33,254.35,506.69,-2.02,35.89,SCC,Conmat,5756.509999999989
2025-06-26,229.19,173.65,402.84,55.54,41.01,SCC,Conmat,5812.049999999989
2025-06-27,181.11,218.3,399.42,-37.19,44.16,SCC,Conmat,5774.85999999999
2025-06-30,239.8,224.82,464.62,14.97,40.14,SCC,Conmat,5789.82999999999
2025-07-01,218.18,202.12,420.29,16.06,34.99,SCC,Conmat,5805.88999999999
2025-07-02,185.41,118.08,303.48,67.33,34.23,SCC,Conmat,5873.21999999999
2025-07-03,121.48,98.39,219.88,23.09,35.01,SCC,Conmat,5896.30999999999
2025-07-04,83.74,117.74,201.48,-34.01,32.01,SCC,Conmat,5862.29999999999
2025-07-07,162.79,173.04,335.82,-10.25,37.41,SCC,Conmat,5852.04999999999
2025-07-08,146.98,157.38,304.36,-10.4,30.81,SCC,Conmat,5841.6499999999905
2025-07-09,121.74,101.21,222.95,20.53,26.4,SCC,Conmat,5862.17999999999
2025-07-11,510.81,256.5,767.31,254.31,27.75,SCC,Conmat,6116.489999999991
2025-07-14,202.65,235.39,438.04,-32.74,31.09,SCC,Conmat,6083.749999999991
2025-07-15,212.0,204.08,416.08,7.93,33.97,SCC,Conmat,6091.679999999991
2025-07-16,254.29,183.46,437.75,70.83,33.21,SCC,Conmat,6162.509999999991
2025-07-17,488.1,311.61,799.72,176.49,25.39,SCC,Conmat,6338.999999999991
2025-07-18,201.75,253.55,455.31,-51.8,32.72,SCC,Conmat,6287.199999999991
2025-07-21,168.51,206.11,374.62,-37.6,20.58,SCC,Conmat,6249.59999999999
2025-07-22,131.02,182.72,313.74,-51.7,24.77,SCC,Conmat,6197.8999999999905
2025-07-23,234.08,200.78,434.85,33.3,24.71,SCC,Conmat,6231.199999999991
2025-07-24,213.18,186.66,399.84,26.52,23.51,SCC,Conmat,6257.719999999991
2025-07-25,268.77,191.31,460.08,77.47,22.7,SCC,Conmat,6335.189999999991
2025-07-29,389.98,179.85,569.83,210.13,29.6,SCC,Conmat,6545.3199999999915
2025-07-30,485.07,321.95,807.03,163.12,29.24,SCC,Conmat,6708.439999999991
2025-07-31,487.03,418.78,905.81,68.24,24.69,SCC,Conmat,6776.679999999991
2025-08-01,280.14,190.51,470.65,89.62,29.6,SCC,Conmat,6866.299999999991
2025-08-04,323.66,105.31,428.96,218.35,30.44,SCC,Conmat,7084.649999999991
2025-08-05,216.18,180.67,396.85,35.51,35.95,SCC,Conmat,7120.159999999992
2025-08-06,338.23,171.28,509.51,166.95,32.85,SCC,Conmat,7287.1099999999915
2025-08-07,211.45,172.57,384.02,38.88,38.04,SCC,Conmat,7325.989999999992
2025-08-08,77.26,86.23,163.5,-8.97,25.81,SCC,Conmat,7317.019999999991
2025-08-13,150.54,143.61,294.15,6.93,35.36,SCC,Conmat,7323.949999999992
2025-08-14,154.99,101.96,256.95,53.04,35.65,SCC,Conmat,7376.989999999992
2025-08-15,157.4,77.34,234.74,80.06,35.65,SCC,Conmat,7457.049999999992
2025-08-18,316.37,109.23,425.6,207.14,27.1,SCC,Conmat,7664.189999999992
2025-08-19,129.65,176.17,305.82,-46.51,31.81,SCC,Conmat,7617.679999999992
2025-08-20,415.13,256.76,671.89,158.37,18.64,SCC,Conmat,7776.049999999992
2025-08-21,513.35,555.39,1068.74,-42.04,19.09,SCC,Conmat,7734.009999999992
2025-08-22,159.42,197.19,356.6,-37.77,20.41,SCC,Conmat,7696.239999999992
2025-08-25,193.1,179.67,372.78,13.43,27.53,SCC,Conmat,7709.669999999992
2025-08-26,724.79,524.96,1249.76,199.83,41.66,SCC,Conmat,7909.499999999992
2025-08-27,237.21,225.69,462.9,11.53,30.96,SCC,Conmat,7921.029999999992
2025-08-28,239.36,272.01,511.36,-32.65,42.67,SCC,Conmat,7888.379999999992
2025-08-29,334.63,581.22,915.85,-246.59,35.66,SCC,Conmat,7641.789999999992
2025-09-01,159.7,206.6,366.29,-46.9,27.35,SCC,Conmat,7594.889999999992
2025-09-02,164.81,385.47,550.29,-220.66,20.92,SCC,Conmat,7374.229999999992
2025-09-03,78.39,147.92,226.31,-69.54,22.97,SCC,Conmat,7304.689999999992
2025-09-04,132.34,211.62,343.96,-79.28,30.74,SCC,Conmat,7225.409999999993
2025-09-05,229.35,97.42,326.78,131.93,25.61,SCC,Conmat,7357.339999999993
2025-09-08,184.37,136.02,320.38,48.35,27.27,SCC,Conmat,7405.689999999993
2025-09-09,81.68,231.53,313.21,-149.85,28.86,SCC,Conmat,7255.839999999993
2025-09-10,78.55,147.16,225.7,-68.61,20.38,SCC,Conmat,7187.229999999993
2025-09-11,60.6,149.94,210.54,-89.34,18.27,SCC,Conmat,7097.889999999993
2025-09-12,63.95,122.45,186.39,-58.5,15.83,SCC,Conmat,7039.389999999993
2025-09-15,45.73,244.61,290.34,-198.88,30.74,SCC,Conmat,6840.509999999993
2025-09-16,90.15,151.03,241.17,-60.88,20.0,SCC,Conmat,6779.629999999993
2025-09-17,75.9,70.28,146.17,5.62,17.47,SCC,Conmat,6785.249999999993
2025-09-18,74.73,204.6,279.34,-129.87,21.66,SCC,Conmat,6655.379999999993
2025-09-19,343.22,256.01,599.23,87.21,39.27,SCC,Conmat,6742.589999999993
2025-09-22,216.68,99.21,315.89,117.47,23.14,SCC,Conmat,6860.059999999993
2025-09-23,91.48,116.53,208.0,-25.05,18.47,SCC,Conmat,6835.009999999993
2025-09-24,46.86,93.64,140.49,-46.78,21.23,SCC,Conmat,6788.229999999993
2025-09-25,82.57,122.69,205.26,-40.13,15.32,SCC,Conmat,6748.099999999993
2025-09-26,40.73,119.8,160.53,-79.07,20.95,SCC,Conmat,6669.029999999993
2025-09-29,180.64,119.32,299.96,61.32,32.43,SCC,Conmat,6730.349999999993
2025-09-30,354.48,311.35,665.83,43.14,32.43,SCC,Conmat,6773.489999999993
2025-10-01,52.52,106.84,159.35,-54.32,13.01,SCC,Conmat,6719.169999999994
2025-10-02,43.53,65.04,108.57,-21.5,21.52,SCC,Conmat,6697.669999999994
2025-10-03,51.94,115.79,167.73,-63.86,16.47,SCC,Conmat,6633.809999999994
2025-10-06,57.47,63.85,121.32,-6.38,17.18,SCC,Conmat,6627.429999999994
2025-10-07,90.48,62.75,153.23,27.73,18.51,SCC,Conmat,6655.1599999999935
2025-10-08,179.97,122.45,302.42,57.51,13.16,SCC,Conmat,6712.669999999994
2025-10-09,133.41,90.79,224.2,42.63,8.1,SCC,Conmat,6755.299999999994
2025-10-10,132.94,71.83,204.77,61.12,17.23,SCC,Conmat,6816.419999999994
2025-10-14,146.57,136.61,283.18,9.96,21.96,SCC,Conmat,6826.379999999994
2025-10-15,577.55,467.48,1045.03,110.07,33.39,SCC,Conmat,6936.449999999993
2025-10-16,141.9,148.52,290.43,-6.62,27.79,SCC,Conmat,6929.829999999994
2025-10-17,187.79,181.83,369.62,5.95,29.78,SCC,Conmat,6935.779999999993
2025-10-20,157.62,182.87,340.49,-25.25,35.26,SCC,Conmat,6910.529999999993
2025-10-21,33.59,125.67,159.26,-92.08,27.56,SCC,Conmat,6818.449999999993
2025-10-22,92.61,219.64,312.24,-127.03,27.48,SCC,Conmat,6691.419999999994
2025-10-24,188.98,127.94,316.92,61.04,33.82,SCC,Conmat,6752.459999999994
2025-10-27,82.31,95.32,177.63,-13.01,21.6,SCC,Conmat,6739.449999999993
2025-10-28,112.2,99.69,211.89,12.5,21.74,SCC,Conmat,6751.949999999993
2025-10-29,55.56,82.21,137.78,-26.65,23.12,SCC,Conmat,6725.299999999994
2025-10-30,266.55,194.68,461.23,71.86,22.38,SCC,Conmat,6797.1599999999935
2025-10-31,74.56,225.42,299.98,-150.86,26.2,SCC,Conmat,6646.299999999994
2025-11-03,111.16,169.78,280.94,-58.62,24.4,SCC,Conmat,6587.679999999994
2025-11-04,171.16,203.96,375.13,-32.8,26.31,SCC,Conmat,6554.879999999994
2025-11-05,352.08,210.09,562.18,141.99,31.63,SCC,Conmat,6696.8699999999935
2025-11-06,139.97,144.52,284.49,-4.55,32.67,SCC,Conmat,6692.319999999993
2025-11-07,82.58,85.63,168.21,-3.05,42.29,SCC,Conmat,6689.269999999993
2025-11-10,147.14,151.78,298.92,-4.64,44.8,SCC,Conmat,6684.629999999993
2025-11-11,111.78,155.38,267.16,-43.6,37.68,SCC,Conmat,6641.0299999999925
2025-11-12,154.59,187.5,342.09,-32.92,36.34,SCC,Conmat,6608.109999999992
2025-11-13,146.55,121.11,267.67,25.44,48.29,SCC,Conmat,6633.549999999992
2025-11-14,192.93,168.8,361.73,24.13,33.57,SCC,Conmat,6657.679999999992
2025-11-17,308.44,181.56,490.0,126.88,44.64,SCC,Conmat,6784.559999999992
2025-11-18,113.98,165.41,279.39,-51.44,40.56,SCC,Conmat,6733.119999999993
2025-11-19,199.1,205.35,404.46,-6.25,45.85,SCC,Conmat,6726.869999999993
2025-11-20,184.38,197.84,382.21,-13.46,36.94,SCC,Conmat,6713.409999999993
2025-11-21,260.9,214.63,475.53,46.26,34.09,SCC,Conmat,6759.669999999993
2025-11-24,759.66,712.94,1472.59,46.72,58.43,SCC,Conmat,6806.389999999993
2025-11-25,99.83,189.27,289.1,-89.43,40.11,SCC,Conmat,6716.959999999993
2025-11-26,65.03,108.41,173.44,-43.37,25.86,SCC,Conmat,6673.589999999993
2025-11-27,72.48,79.97,152.45,-7.48,24.69,SCC,Conmat,6666.109999999993
2025-11-28,142.79,151.95,294.74,-9.16,40.83,SCC,Conmat,6656.949999999993
2025-12-01,299.41,262.8,562.21,36.62,44.2,SCC,Conmat,6693.569999999993
2025-12-02,131.47,170.6,302.07,-39.13,33.01,SCC,Conmat,6654.439999999993
2025-12-03,153.14,221.62,374.76,-68.48,30.09,SCC,Conmat,6585.959999999994
2025-12-04,163.08,191.82,354.9,-28.73,29.8,SCC,Conmat,6557.229999999994
2025-12-08,247.97,153.02,400.98,94.95,36.34,SCC,Conmat,6652.179999999994
2025-12-09,141.06,126.55,267.61,14.51,31.96,SCC,Conmat,6666.689999999994
2025-12-11,176.59,139.9,316.49,36.69,33.26,SCC,Conmat,6703.379999999994
2025-12-12,431.09,240.26,671.35,190.82,31.45,SCC,Conmat,6894.199999999993
2025-12-15,254.22,525.69,779.91,-271.47,36.44,SCC,Conmat,6622.729999999993
2025-12-16,113.04,139.11,252.16,-26.07,39.71,SCC,Conmat,6596.6599999999935
2025-12-17,153.8,79.46,233.25,74.34,40.14,SCC,Conmat,6670.999999999994
2025-12-18,106.37,96.95,203.32,9.42,29.97,SCC,Conmat,6680.419999999994
2025-12-19,139.82,170.57,310.39,-30.75,33.71,SCC,Conmat,6649.669999999994
2025-12-22,297.93,54.75,352.67,243.18,31.76,SCC,Conmat,6892.849999999994
2025-12-23,146.06,115.76,261.82,30.29,29.17,SCC,Conmat,6923.139999999994
2025-12-24,100.58,164.32,264.9,-63.74,30.27,SCC,Conmat,6859.399999999994
2025-12-25,56.95,44.4,101.35,12.56,24.47,SCC,Conmat,6871.959999999995
2025-12-26,44.03,37.03,81.06,7.0,38.01,SCC,Conmat,6878.959999999995
2025-12-29,135.33,140.51,275.83,-5.18,31.38,SCC,Conmat,6873.779999999994
2025-12-30,409.39,113.55,522.94,295.84,18.07,SCC,Conmat,7169.619999999994
2026-01-05,303.62,232.78,536.4,70.85,39.67,SCC,Conmat,7240.469999999995
2026-01-06,176.53,156.0,332.53,20.53,45.62,SCC,Conmat,7260.9999999999945
2026-01-07,585.61,431.67,1017.28,153.94,31.13,SCC,Conmat,7414.939999999994
2026-01-08,161.35,237.75,399.11,-76.4,35.4,SCC,Conmat,7338.5399999999945
2026-01-09,149.32,202.29,351.6,-52.97,39.35,SCC,Conmat,7285.569999999994
2026-01-12,137.63,154.28,291.9,-16.65,36.53,SCC,Conmat,7268.919999999995
2026-01-13,191.64,128.34,319.98,63.3,39.67,SCC,Conmat,7332.219999999995
2026-01-14,238.84,156.94,395.78,81.9,25.21,SCC,Conmat,7414.119999999994
2026-01-15,245.73,303.66,549.39,-57.93,34.76,SCC,Conmat,7356.189999999994
2026-01-16,95.28,244.98,340.26,-149.69,27.99,SCC,Conmat,7206.4999999999945
2026-01-19,155.7,254.44,410.14,-98.74,28.53,SCC,Conmat,7107.759999999995
2026-01-20,126.09,242.42,368.52,-116.33,31.15,SCC,Conmat,6991.429999999995
2026-01-21,136.89,101.82,238.71,35.07,24.11,SCC,Conmat,7026.4999999999945
2026-01-22,269.93,187.58,457.5,82.35,38.14,SCC,Conmat,7108.849999999995
2026-01-23,139.7,160.15,299.86,-20.45,46.23,SCC,Conmat,7088.399999999995
2026-01-26,242.66,200.3,442.96,42.36,29.19,SCC,Conmat,7130.759999999995
2026-01-27,233.66,280.42,514.08,-46.75,30.25,SCC,Conmat,7084.009999999995
2026-01-28,137.84,201.89,339.73,-64.05,37.77,SCC,Conmat,7019.959999999995
2026-01-29,125.98,372.71,498.69,-246.73,21.7,SCC,Conmat,6773.229999999995
2026-01-30,315.04,372.65,687.69,-57.61,35.03,SCC,Conmat,6715.619999999995
2026-02-02,203.85,205.17,409.02,-1.32,35.74,SCC,Conmat,6714.299999999996
2026-02-03,272.95,313.67,586.62,-40.72,31.61,SCC,Conmat,6673.579999999995
2026-02-04,334.13,269.52,603.65,64.61,35.88,SCC,Conmat,6738.189999999995
2026-02-05,144.52,181.37,325.89,-36.85,34.65,SCC,Conmat,6701.339999999995
2026-02-06,717.83,144.76,862.59,573.08,30.13,SCC,Conmat,7274.419999999995
2026-02-09,322.8,339.08,661.88,-16.29,26.59,SCC,Conmat,7258.129999999995
2026-02-10,352.67,189.52,542.19,163.16,35.97,SCC,Conmat,7421.2899999999945
2026-02-11,240.8,127.81,368.61,112.99,38.76,SCC,Conmat,7534.279999999994
2026-02-12,358.19,255.08,613.27,103.11,36.71,SCC,Conmat,7637.389999999994
2026-02-13,426.11,461.46,887.57,-35.35,31.08,SCC,Conmat,7602.039999999994
2026-02-16,127.25,288.08,415.33,-160.83,34.32,SCC,Conmat,7441.209999999994
2026-02-17,131.67,161.33,293.0,-29.65,25.44,SCC,Conmat,7411.559999999994
2026-02-18,141.1,134.73,275.84,6.37,34.25,SCC,Conmat,7417.929999999994
2026-02-19,324.3,182.87,507.17,141.43,36.81,SCC,Conmat,7559.359999999994
2026-02-20,161.98,225.7,387.68,-63.72,34.48,SCC,Conmat,7495.639999999994
2026-02-23,420.55,355.53,776.07,65.02,37.71,SCC,Conmat,7560.659999999994
2026-02-24,677.48,327.27,1004.75,350.22,36.12,SCC,Conmat,7910.879999999995
2026-02-25,1170.28,587.59,1757.86,582.69,32.97,SCC,Conmat,8493.569999999994
2026-02-26,301.34,565.56,866.9,-264.21,40.02,SCC,Conmat,8229.359999999995
2026-02-27,790.67,431.2,1221.87,359.47,37.59,SCC,Conmat,8588.829999999994
2026-03-02,355.72,570.51,926.23,-214.79,18.51,SCC,Conmat,8374.039999999994
2026-03-04,787.73,929.2,1716.93,-141.48,27.66,SCC,Conmat,8232.559999999994
2026-03-05,312.52,496.59,809.11,-184.07,27.06,SCC,Conmat,8048.489999999994
2026-03-06,314.63,327.02,641.65,-12.39,30.9,SCC,Conmat,8036.099999999994
2026-03-09,878.9,906.3,1785.2,-27.4,30.5,SCC,Conmat,8008.699999999994
2026-03-10,299.92,472.11,772.02,-172.19,30.75,SCC,Conmat,7836.509999999995
2026-03-11,371.86,470.31,842.17,-98.45,34.01,SCC,Conmat,7738.059999999995
2026-03-12,341.56,468.23,809.79,-126.67,32.28,SCC,Conmat,7611.389999999995
2026-03-13,291.05,377.86,668.91,-86.8,39.0,SCC,Conmat,7524.589999999995
2026-03-16,209.64,222.06,431.7,-12.43,33.47,SCC,Conmat,7512.159999999994
2026-03-17,633.47,367.95,1001.42,265.51,39.62,SCC,Conmat,7777.669999999995
2026-03-18,236.39,382.28,618.66,-145.89,42.56,SCC,Conmat,7631.779999999994
2026-03-19,247.11,351.69,598.8,-104.57,36.22,SCC,Conmat,7527.209999999995
2026-03-20,448.28,442.16,890.45,6.12,45.3,SCC,Conmat,7533.3299999999945
2026-03-23,207.55,260.87,468.42,-53.32,38.23,SCC,Conmat,7480.009999999995
2026-03-24,405.24,476.39,881.63,-71.15,32.7,SCC,Conmat,7408.859999999995
2026-03-25,708.62,468.67,1177.29,239.94,31.29,SCC,Conmat,7648.799999999995
2026-03-26,373.08,386.38,759.46,-13.29,47.58,SCC,Conmat,7635.509999999995
2026-03-27,501.82,486.29,988.11,15.53,30.26,SCC,Conmat,7651.0399999999945
2026-03-30,485.08,417.55,902.63,67.53,28.69,SCC,Conmat,7718.569999999994
2026-03-31,369.7,513.96,883.66,-144.25,35.17,SCC,Conmat,7574.319999999994
2026-04-01,367.6,194.42,562.02,173.18,35.48,SCC,Conmat,7747.4999999999945
2026-04-02,219.55,169.3,388.85,50.24,37.23,SCC,Conmat,7797.739999999994
2026-04-03,261.77,141.87,403.64,119.9,32.57,SCC,Conmat,7917.639999999994
2026-04-07,262.96,164.48,427.44,98.48,36.56,SCC,Conmat,8016.1199999999935
2026-04-08,401.4,299.97,701.37,101.44,36.31,SCC,Conmat,8117.559999999993
2026-04-09,238.59,290.39,528.98,-51.8,36.99,SCC,Conmat,8065.759999999993
2026-04-10,239.37,210.86,450.24,28.51,22.39,SCC,Conmat,8094.269999999993
2026-04-16,2194.89,850.58,3045.47,1344.31,35.16,SCC,Conmat,9438.579999999993
2026-04-17,795.79,480.76,1276.55,315.03,31.02,SCC,Conmat,9753.609999999993
2026-04-20,747.54,454.92,1202.46,292.62,32.27,SCC,Conmat,10046.229999999994
2026-04-21,316.75,400.05,716.8,-83.31,46.72,SCC,Conmat,9962.919999999995
2026-04-22,1767.44,548.47,2315.9,1218.97,40.13,SCC,Conmat,11181.889999999994
2026-04-23,588.81,1311.67,1900.48,-722.86,28.6,SCC,Conmat,10459.029999999993
2026-04-24,262.81,177.04,439.85,85.77,30.79,SCC,Conmat,10544.799999999994
2026-04-27,410.55,219.29,629.84,191.26,36.01,SCC,Conmat,10736.059999999994
2026-04-28,772.15,907.99,1680.14,-135.84,44.0,SCC,Conmat,10600.219999999994
2026-04-29,244.52,368.58,613.09,-124.06,30.0,SCC,Conmat,10476.159999999994
2026-04-30,1643.91,1157.17,2801.08,486.74,29.75,SCC,Conmat,10962.899999999994
2026-05-05,411.23,561.36,972.59,-150.13,29.31,SCC,Conmat,10812.769999999995
2026-05-06,552.15,516.83,1068.98,35.32,34.58,SCC,Conmat,10848.089999999995
2026-05-07,280.84,476.38,757.22,-195.55,39.57,SCC,Conmat,10652.539999999995
2026-05-08,172.16,273.88,446.04,-101.72,37.18,SCC,Conmat,10550.819999999996
2026-05-11,239.93,237.87,477.79,2.06,24.64,SCC,Conmat,10552.879999999996
2026-05-12,174.03,299.53,473.56,-125.51,30.98,SCC,Conmat,10427.369999999995
2026-05-13,170.6,196.76,367.36,-26.16,30.24,SCC,Conmat,10401.209999999995
2026-05-14,175.5,373.23,548.73,-197.73,29.8,SCC,Conmat,10203.479999999996
2026-05-15,192.64,404.34,596.98,-211.71,29.79,SCC,Conmat,9991.769999999997
2026-05-18,57.89,255.26,313.15,-197.38,29.45,SCC,Conmat,9794.389999999998
2026-05-19,160.92,291.59,452.52,-130.67,41.72,SCC,Conmat,9663.719999999998
2026-05-20,195.67,371.17,566.84,-175.5,38.76,SCC,Conmat,9488.219999999998
2026-05-21,143.95,238.81,382.76,-94.86,41.92,SCC,Conmat,9393.359999999997
2026-05-22,106.32,97.58,203.9,8.74,26.37,SCC,Conmat,9402.099999999997
2026-05-25,55.94,64.38,120.32,-8.44,28.18,SCC,Conmat,9393.659999999996
2026-05-26,466.88,430.28,897.17,36.6,33.66,SCC,Conmat,9430.259999999997
2026-05-27,180.65,291.98,472.63,-111.33,43.02,SCC,Conmat,9318.929999999997
2026-05-28,171.87,331.69,503.55,-159.82,37.86,SCC,Conmat,9159.109999999997
2026-05-29,1041.82,564.62,1606.43,477.2,49.09,SCC,Conmat,9636.309999999998
2026-06-02,476.1,507.47,983.57,-31.36,42.53,SCC,Conmat,9604.949999999997
2026-06-04,131.56,496.26,627.81,-364.7,42.03,SCC,Conmat,9240.249999999996
2026-06-05,627.92,88.97,716.89,538.94,26.54,SCC,Conmat,9779.189999999997
2026-06-08,360.13,391.98,752.11,-31.85,33.29,SCC,Conmat,9747.339999999997
2026-06-09,528.58,557.32,1085.89,-28.74,39.75,SCC,Conmat,9718.599999999997
2026-06-10,409.39,317.8,727.19,91.6,33.12,SCC,Conmat,9810.199999999997
2026-06-11,419.34,350.23,769.57,69.11,36.38,SCC,Conmat,9879.309999999998
2026-06-12,551.32,467.68,1019.0,83.65,43.34,SCC,Conmat,9962.959999999997
2026-06-15,878.66,420.38,1299.03,458.28,35.1,SCC,Conmat,10421.239999999998
2026-06-16,689.49,505.49,1194.97,184.0,36.92,SCC,Conmat,10605.239999999998
2026-06-17,525.37,348.49,873.86,176.87,40.05,SCC,Conmat,10782.109999999999
2026-06-18,336.97,89.73,426.7,247.23,32.97,SCC,Conmat,11029.339999999998
2026-06-19,1003.73,477.04,1480.77,526.7,39.26,SCC,Conmat,11556.039999999999
2026-06-22,476.41,491.98,968.39,-15.57,37.07,SCC,Conmat,11540.47
2026-06-23,309.36,796.84,1106.2,-487.47,40.66,SCC,Conmat,11053.0
2026-06-24,308.04,311.23,619.27,-3.19,39.35,SCC,Conmat,11049.81
2026-06-25,230.65,412.47,643.12,-181.82,39.05,SCC,Conmat,10867.99
2026-06-26,343.92,501.85,845.77,-157.93,38.03,SCC,Conmat,10710.06
2026-06-29,527.61,255.89,783.5,271.72,34.73,SCC,Conmat,10981.779999999999
2026-06-30,355.13,532.35,887.48,-177.22,43.89,SCC,Conmat,10804.56
2026-07-01,229.24,382.14,611.37,-152.9,37.3,SCC,Conmat,10651.66
2026-07-02,182.9,304.67,487.57,-121.77,34.85,SCC,Conmat,10529.89
2026-07-03,373.86,290.1,663.97,83.76,39.2,SCC,Conmat,10613.65
2026-07-06,264.86,221.45,486.31,43.4,38.73,SCC,Conmat,10657.05
2026-07-07,156.73,403.78,560.52,-247.05,37.53,SCC,Conmat,10410.0
2026-07-08,106.58,257.33,363.91,-150.75,28.16,SCC,Conmat,10259.25
2026-07-09,193.42,728.17,921.59,-534.75,32.2,SCC,Conmat,9724.5
2026-07-10,801.84,330.58,1132.42,471.26,30.16,SCC,Conmat,10195.76
2026-07-13,1060.48,663.58,1724.06,396.91,38.11,SCC,Conmat,10592.67
2026-07-14,446.59,239.44,686.03,207.14,30.19,SCC,Conmat,10799.81
2026-07-15,727.57,465.0,1192.57,262.57,36.67,SCC,Conmat,11062.38
2026-07-16,638.33,236.06,874.39,402.26,36.09,SCC,Conmat,11464.64
2026-07-17,239.4,274.65,514.05,-35.25,41.49,SCC,Conmat,11429.39
2026-07-20,421.68,282.4,704.08,139.28,36.16,SCC,Conmat,11568.67
2026-07-21,133.18,260.3,393.48,-127.12,34.37,SCC,Conmat,11441.55
2026-07-22,737.74,489.97,1227.71,247.77,36.43,SCC,Conmat,11689.32
2026-07-23,855.79,758.5,1614.29,97.29,34.53,SCC,Conmat,11786.61
2026-07-24,575.48,539.72,1115.2,35.75,32.21,SCC,Conmat,11822.36
2026-07-27,862.42,503.56,1365.98,358.86,32.44,SCC,Conmat,12181.220000000001
2026-07-30,1102.54,578.63,1681.17,523.91,36.85,SCC,Conmat,12705.130000000001
2026-07-31,831.72,417.54,1249.26,414.18,43.07,SCC,Conmat,13119.310000000001
2026-08-03,501.41,335.6,837.01,165.81,44.25,SCC,Conmat,13285.12
2026-08-04,1044.69,253.89,1298.58,790.79,35.86,SCC,Conmat,14075.91
2026-08-05,557.73,663.38,1221.11,-105.65,42.61,SCC,Conmat,13970.26
2026-08-06,434.18,393.23,827.41,40.95,44.97,SCC,Conmat,14011.210000000001
2026-08-07,142.49,184.93,327.42,-42.44,43.51,SCC,Conmat,13968.77
2026-08-10,70.53,87.86,158.38,-17.33,32.53,SCC,Conmat,13951.44
2026-08-11,265.06,239.86,504.92,25.19,36.37,SCC,Conmat,13976.630000000001
2026-08-13,176.72,127.39,304.11,49.32,38.7,SCC,Conmat,14025.95
2026-08-14,204.57,472.83,677.4,-268.26,35.71,SCC,Conmat,13757.69
2026-08-17,99.64,193.11,292.75,-93.47,35.7,SCC,Conmat,13664.220000000001
