date,buy_mb,sell_mb,buy_sell_mb,net_mb,nvdr_pct,symbol,sector,cumulative_net_mb
2020-01-02,6.77,5.11,11.88,1.66,11.85,SIRI,Property,1.66
2020-01-03,2.08,3.21,5.29,-1.13,9.38,SIRI,Property,0.53
2020-01-06,7.4,3.66,11.05,3.74,14.8,SIRI,Property,4.2700000000000005
2020-01-07,4.34,0.49,4.83,3.85,14.03,SIRI,Property,8.120000000000001
2020-01-08,3.18,2.29,5.47,0.88,7.63,SIRI,Property,9.000000000000002
2020-01-09,3.28,1.32,4.61,1.96,7.42,SIRI,Property,10.96
2020-01-10,4.49,0.47,4.96,4.02,11.93,SIRI,Property,14.98
2020-01-13,5.0,0.42,5.42,4.58,6.74,SIRI,Property,19.560000000000002
2020-01-14,5.36,2.24,7.6,3.12,6.29,SIRI,Property,22.680000000000003
2020-01-15,4.18,3.4,7.58,0.78,13.01,SIRI,Property,23.460000000000004
2020-01-16,10.13,1.38,11.51,8.75,14.73,SIRI,Property,32.21000000000001
2020-01-17,15.85,1.13,16.98,14.71,17.35,SIRI,Property,46.92000000000001
2020-01-20,7.65,1.35,9.0,6.3,12.76,SIRI,Property,53.220000000000006
2020-01-21,4.87,5.05,9.93,-0.18,18.62,SIRI,Property,53.040000000000006
2020-01-22,4.89,5.35,10.24,-0.46,28.04,SIRI,Property,52.580000000000005
2020-01-23,3.84,3.73,7.56,0.11,18.17,SIRI,Property,52.690000000000005
2020-01-24,0.38,0.84,1.22,-0.47,19.69,SIRI,Property,52.220000000000006
2020-01-27,1.93,5.74,7.67,-3.81,12.78,SIRI,Property,48.410000000000004
2020-01-28,0.52,2.74,3.26,-2.22,12.08,SIRI,Property,46.190000000000005
2020-01-29,0.36,2.33,2.69,-1.97,12.87,SIRI,Property,44.220000000000006
2020-01-30,1.15,1.72,2.87,-0.57,24.45,SIRI,Property,43.650000000000006
2020-01-31,0.4,3.09,3.49,-2.69,17.81,SIRI,Property,40.96000000000001
2020-02-03,0.92,4.82,5.74,-3.9,18.91,SIRI,Property,37.06000000000001
2020-02-04,0.65,2.23,2.88,-1.58,13.61,SIRI,Property,35.48000000000001
2020-02-05,2.75,3.23,5.98,-0.49,18.1,SIRI,Property,34.99000000000001
2020-02-06,5.71,4.03,9.74,1.67,7.63,SIRI,Property,36.66000000000001
2020-02-07,1.61,1.22,2.83,0.39,11.62,SIRI,Property,37.05000000000001
2020-02-11,2.65,2.27,4.92,0.38,14.56,SIRI,Property,37.430000000000014
2020-02-12,0.82,0.91,1.74,-0.09,7.4,SIRI,Property,37.34000000000001
2020-02-13,1.67,0.6,2.27,1.07,9.96,SIRI,Property,38.41000000000001
2020-02-14,2.78,4.99,7.77,-2.21,20.7,SIRI,Property,36.20000000000001
2020-02-17,2.28,7.15,9.43,-4.86,26.54,SIRI,Property,31.34000000000001
2020-02-18,0.71,5.63,6.34,-4.91,24.61,SIRI,Property,26.43000000000001
2020-02-19,1.18,5.93,7.11,-4.75,31.63,SIRI,Property,21.68000000000001
2020-02-20,0.69,6.34,7.03,-5.64,24.3,SIRI,Property,16.04000000000001
2020-02-21,15.86,7.14,23.0,8.72,41.22,SIRI,Property,24.760000000000012
2020-02-24,16.05,12.3,28.35,3.75,33.02,SIRI,Property,28.510000000000012
2020-02-25,2.96,10.48,13.44,-7.52,20.18,SIRI,Property,20.990000000000013
2020-02-26,4.14,12.11,16.25,-7.96,12.34,SIRI,Property,13.030000000000012
2020-02-27,6.61,6.3,12.9,0.31,6.4,SIRI,Property,13.340000000000012
2020-02-28,5.89,7.0,12.89,-1.11,6.47,SIRI,Property,12.230000000000013
2020-03-02,3.82,8.4,12.22,-4.58,9.16,SIRI,Property,7.650000000000013
2020-03-03,2.54,6.03,8.56,-3.49,8.37,SIRI,Property,4.160000000000013
2020-03-04,2.34,5.82,8.16,-3.48,14.02,SIRI,Property,0.6800000000000126
2020-03-05,8.42,5.89,14.31,2.53,14.44,SIRI,Property,3.2100000000000124
2020-03-06,1.33,3.43,4.76,-2.1,8.61,SIRI,Property,1.1100000000000123
2020-03-09,7.44,6.23,13.67,1.2,14.03,SIRI,Property,2.310000000000012
2020-03-10,1.03,5.62,6.64,-4.59,9.99,SIRI,Property,-2.279999999999988
2020-03-11,0.87,4.46,5.33,-3.59,9.68,SIRI,Property,-5.869999999999988
2020-03-12,5.35,24.09,29.43,-18.74,15.43,SIRI,Property,-24.609999999999985
2020-03-13,15.01,6.59,21.6,8.42,14.35,SIRI,Property,-16.189999999999984
2020-03-16,8.11,8.53,16.64,-0.42,20.37,SIRI,Property,-16.609999999999985
2020-03-17,8.52,3.89,12.42,4.63,12.55,SIRI,Property,-11.979999999999986
2020-03-18,7.62,4.78,12.4,2.84,21.39,SIRI,Property,-9.139999999999986
2020-03-19,7.55,3.53,11.08,4.01,21.74,SIRI,Property,-5.129999999999987
2020-03-20,21.01,14.47,35.48,6.53,21.18,SIRI,Property,1.4000000000000137
2020-03-23,3.3,2.68,5.98,0.62,9.12,SIRI,Property,2.020000000000014
2020-03-24,5.38,5.42,10.8,-0.04,11.79,SIRI,Property,1.9800000000000137
2020-03-25,4.06,2.33,6.39,1.73,7.5,SIRI,Property,3.7100000000000137
2020-03-26,4.41,1.5,5.91,2.91,12.88,SIRI,Property,6.620000000000013
2020-03-27,7.55,1.61,9.17,5.94,12.15,SIRI,Property,12.560000000000013
2020-03-30,2.7,1.41,4.11,1.29,2.0,SIRI,Property,13.850000000000012
2020-03-31,16.7,1.04,17.74,15.66,22.79,SIRI,Property,29.510000000000012
2020-04-01,4.6,1.57,6.17,3.03,12.14,SIRI,Property,32.54000000000001
2020-04-02,0.87,1.99,2.86,-1.11,7.25,SIRI,Property,31.430000000000014
2020-04-03,1.92,0.22,2.14,1.7,7.37,SIRI,Property,33.13000000000002
2020-04-07,8.26,2.9,11.16,5.36,10.7,SIRI,Property,38.490000000000016
2020-04-08,4.16,1.62,5.79,2.54,6.15,SIRI,Property,41.030000000000015
2020-04-09,5.6,3.43,9.04,2.17,8.44,SIRI,Property,43.20000000000002
2020-04-10,1.96,3.82,5.78,-1.86,5.38,SIRI,Property,41.34000000000002
2020-04-13,2.1,0.49,2.6,1.61,4.27,SIRI,Property,42.95000000000002
2020-04-14,4.3,7.59,11.89,-3.29,8.44,SIRI,Property,39.66000000000002
2020-04-15,2.29,2.27,4.56,0.02,5.76,SIRI,Property,39.68000000000002
2020-04-16,5.33,5.25,10.58,0.07,13.79,SIRI,Property,39.75000000000002
2020-04-17,4.78,0.79,5.57,3.99,6.52,SIRI,Property,43.74000000000002
2020-04-20,4.93,2.53,7.46,2.41,12.64,SIRI,Property,46.15000000000002
2020-04-21,2.35,1.72,4.07,0.62,8.47,SIRI,Property,46.77000000000002
2020-04-22,3.76,2.53,6.29,1.22,7.4,SIRI,Property,47.990000000000016
2020-04-23,3.78,2.66,6.43,1.12,8.76,SIRI,Property,49.110000000000014
2020-04-24,2.04,1.11,3.16,0.93,8.41,SIRI,Property,50.04000000000001
2020-04-27,2.14,2.1,4.25,0.04,4.39,SIRI,Property,50.08000000000001
2020-04-28,1.82,0.47,2.29,1.35,3.98,SIRI,Property,51.430000000000014
2020-04-29,4.33,3.01,7.34,1.33,10.52,SIRI,Property,52.76000000000001
2020-04-30,4.98,3.07,8.05,1.91,15.25,SIRI,Property,54.67000000000001
2020-05-05,1.86,0.66,2.52,1.2,8.16,SIRI,Property,55.87000000000001
2020-05-07,0.61,3.97,4.58,-3.35,11.47,SIRI,Property,52.52000000000001
2020-05-08,1.49,1.84,3.33,-0.35,7.5,SIRI,Property,52.17000000000001
2020-05-11,2.24,1.31,3.55,0.93,3.98,SIRI,Property,53.10000000000001
2020-05-12,2.74,7.25,9.99,-4.51,11.69,SIRI,Property,48.59000000000001
2020-05-13,2.94,4.45,7.39,-1.51,11.19,SIRI,Property,47.08000000000001
2020-05-14,0.22,3.47,3.69,-3.25,12.17,SIRI,Property,43.83000000000001
2020-05-15,1.79,6.75,8.54,-4.96,19.02,SIRI,Property,38.87000000000001
2020-05-18,3.89,4.73,8.62,-0.84,7.1,SIRI,Property,38.03000000000001
2020-05-19,2.72,5.07,7.78,-2.35,13.87,SIRI,Property,35.68000000000001
2020-05-20,3.94,4.08,8.01,-0.14,14.12,SIRI,Property,35.540000000000006
2020-05-21,1.85,4.82,6.68,-2.97,7.29,SIRI,Property,32.57000000000001
2020-05-22,2.3,4.29,6.59,-1.98,13.43,SIRI,Property,30.590000000000007
2020-05-25,15.72,19.6,35.32,-3.88,15.94,SIRI,Property,26.710000000000008
2020-05-26,17.12,20.2,37.32,-3.08,14.14,SIRI,Property,23.63000000000001
2020-05-27,1.16,7.22,8.38,-6.06,11.5,SIRI,Property,17.57000000000001
2020-05-28,2.72,4.88,7.6,-2.16,8.42,SIRI,Property,15.41000000000001
2020-05-29,5.53,16.89,22.42,-11.37,19.6,SIRI,Property,4.040000000000012
2020-06-01,12.96,11.03,23.99,1.93,26.17,SIRI,Property,5.970000000000011
2020-06-02,4.73,10.62,15.35,-5.89,12.82,SIRI,Property,0.08000000000001162
2020-06-04,25.64,28.4,54.04,-2.76,5.49,SIRI,Property,-2.679999999999988
2020-06-05,8.56,20.52,29.08,-11.96,3.78,SIRI,Property,-14.63999999999999
2020-06-08,6.83,11.6,18.43,-4.77,5.16,SIRI,Property,-19.40999999999999
2020-06-09,5.77,8.54,14.31,-2.77,2.77,SIRI,Property,-22.17999999999999
2020-06-10,18.11,15.88,33.99,2.22,6.81,SIRI,Property,-19.95999999999999
2020-06-11,6.69,17.58,24.27,-10.9,3.33,SIRI,Property,-30.859999999999992
2020-06-12,7.83,18.12,25.94,-10.29,8.47,SIRI,Property,-41.14999999999999
2020-06-15,3.51,49.0,52.51,-45.49,11.86,SIRI,Property,-86.63999999999999
2020-06-16,2.83,39.55,42.38,-36.73,12.37,SIRI,Property,-123.36999999999998
2020-06-17,20.07,41.57,61.64,-21.5,20.85,SIRI,Property,-144.86999999999998
2020-06-18,36.13,59.09,95.22,-22.96,14.7,SIRI,Property,-167.82999999999998
2020-06-19,266.1,339.17,605.27,-73.06,55.4,SIRI,Property,-240.89
2020-06-22,8.95,20.94,29.88,-11.99,20.76,SIRI,Property,-252.88
2020-06-23,3.13,14.81,17.94,-11.68,8.71,SIRI,Property,-264.56
2020-06-24,6.11,9.38,15.49,-3.27,8.92,SIRI,Property,-267.83
2020-06-25,2.94,8.63,11.57,-5.69,8.91,SIRI,Property,-273.52
2020-06-26,2.99,7.72,10.71,-4.73,8.39,SIRI,Property,-278.25
2020-06-29,3.35,6.85,10.2,-3.5,8.29,SIRI,Property,-281.75
2020-06-30,12.79,9.82,22.61,2.97,15.3,SIRI,Property,-278.78
2020-07-01,4.6,3.51,8.12,1.09,11.23,SIRI,Property,-277.69
2020-07-02,5.68,4.99,10.67,0.69,12.39,SIRI,Property,-277.0
2020-07-03,11.36,16.55,27.91,-5.19,21.78,SIRI,Property,-282.19
2020-07-07,9.08,14.48,23.56,-5.39,17.42,SIRI,Property,-287.58
2020-07-08,3.99,9.69,13.68,-5.7,18.75,SIRI,Property,-293.28
2020-07-09,2.72,10.29,13.01,-7.56,16.03,SIRI,Property,-300.84
2020-07-10,2.14,7.56,9.69,-5.42,17.27,SIRI,Property,-306.26
2020-07-13,3.22,7.13,10.35,-3.91,16.31,SIRI,Property,-310.17
2020-07-14,2.77,9.17,11.95,-6.4,14.44,SIRI,Property,-316.57
2020-07-15,5.24,5.42,10.65,-0.18,13.57,SIRI,Property,-316.75
2020-07-16,1.67,4.23,5.9,-2.57,18.23,SIRI,Property,-319.32
2020-07-17,4.12,6.53,10.66,-2.41,22.73,SIRI,Property,-321.73
2020-07-20,2.97,1.75,4.72,1.23,17.2,SIRI,Property,-320.5
2020-07-21,1.43,2.07,3.5,-0.65,8.68,SIRI,Property,-321.15
2020-07-22,2.83,2.39,5.21,0.44,18.34,SIRI,Property,-320.71
2020-07-23,2.57,5.26,7.83,-2.69,17.67,SIRI,Property,-323.4
2020-07-24,2.0,0.68,2.68,1.31,10.25,SIRI,Property,-322.09
2020-07-29,3.19,5.94,9.13,-2.74,12.09,SIRI,Property,-324.83
2020-07-30,5.09,4.43,9.52,0.65,10.68,SIRI,Property,-324.18
2020-07-31,11.07,1.65,12.71,9.42,14.93,SIRI,Property,-314.76
2020-08-03,1.87,0.93,2.81,0.94,19.37,SIRI,Property,-313.82
2020-08-04,3.04,1.01,4.06,2.03,16.11,SIRI,Property,-311.79
2020-08-05,33.65,29.9,63.55,3.76,58.38,SIRI,Property,-308.03000000000003
2020-08-06,13.24,3.3,16.54,9.94,22.79,SIRI,Property,-298.09000000000003
2020-08-07,2.31,0.78,3.09,1.53,9.02,SIRI,Property,-296.56000000000006
2020-08-10,1.1,0.17,1.27,0.93,10.44,SIRI,Property,-295.63000000000005
2020-08-11,8.55,0.85,9.4,7.7,14.18,SIRI,Property,-287.93000000000006
2020-08-13,6.14,5.64,11.79,0.5,14.12,SIRI,Property,-287.43000000000006
2020-08-14,1.36,3.5,4.85,-2.14,9.85,SIRI,Property,-289.57000000000005
2020-08-17,5.9,2.32,8.22,3.59,19.63,SIRI,Property,-285.9800000000001
2020-08-18,3.49,2.44,5.93,1.05,20.52,SIRI,Property,-284.93000000000006
2020-08-19,4.02,5.11,9.13,-1.09,19.41,SIRI,Property,-286.02000000000004
2020-08-20,4.79,4.27,9.06,0.52,25.18,SIRI,Property,-285.50000000000006
2020-08-21,1.48,3.34,4.82,-1.86,11.37,SIRI,Property,-287.36000000000007
2020-08-24,1.35,3.26,4.61,-1.91,10.26,SIRI,Property,-289.2700000000001
2020-08-25,10.9,1.86,12.76,9.04,32.66,SIRI,Property,-280.2300000000001
2020-08-26,0.66,2.99,3.65,-2.33,11.92,SIRI,Property,-282.56000000000006
2020-08-27,5.58,2.12,7.7,3.46,24.74,SIRI,Property,-279.1000000000001
2020-08-28,3.71,2.22,5.93,1.49,23.23,SIRI,Property,-277.61000000000007
2020-08-31,1.43,2.13,3.55,-0.7,22.28,SIRI,Property,-278.31000000000006
2020-09-01,1.24,1.63,2.87,-0.39,8.08,SIRI,Property,-278.70000000000005
2020-09-02,2.72,0.18,2.91,2.54,9.92,SIRI,Property,-276.16
2020-09-03,3.98,1.15,5.14,2.83,10.3,SIRI,Property,-273.33000000000004
2020-09-08,1.8,2.17,3.96,-0.37,6.15,SIRI,Property,-273.70000000000005
2020-09-09,3.17,0.64,3.81,2.53,14.62,SIRI,Property,-271.1700000000001
2020-09-10,0.88,0.73,1.61,0.16,10.65,SIRI,Property,-271.01000000000005
2020-09-11,1.57,0.59,2.16,0.98,8.5,SIRI,Property,-270.03000000000003
2020-09-14,2.19,4.77,6.96,-2.58,24.38,SIRI,Property,-272.61
2020-09-15,1.6,7.14,8.74,-5.54,30.08,SIRI,Property,-278.15000000000003
2020-09-16,2.58,0.89,3.48,1.69,10.88,SIRI,Property,-276.46000000000004
2020-09-17,3.28,3.82,7.1,-0.54,18.81,SIRI,Property,-277.00000000000006
2020-09-18,5.45,5.48,10.93,-0.03,28.55,SIRI,Property,-277.03000000000003
2020-09-21,3.5,3.29,6.78,0.21,10.26,SIRI,Property,-276.82000000000005
2020-09-22,3.07,8.46,11.53,-5.39,27.24,SIRI,Property,-282.21000000000004
2020-09-23,7.77,2.73,10.51,5.04,21.46,SIRI,Property,-277.17
2020-09-24,3.36,4.82,8.18,-1.47,13.51,SIRI,Property,-278.64000000000004
2020-09-25,4.61,6.87,11.48,-2.27,16.22,SIRI,Property,-280.91
2020-09-28,7.72,6.11,13.83,1.61,22.94,SIRI,Property,-279.3
2020-09-29,2.76,5.11,7.88,-2.35,8.79,SIRI,Property,-281.65000000000003
2020-09-30,21.27,50.47,71.74,-29.2,38.45,SIRI,Property,-310.85
2020-10-01,3.6,1.67,5.27,1.92,8.45,SIRI,Property,-308.93
2020-10-02,5.56,8.9,14.46,-3.34,14.89,SIRI,Property,-312.27
2020-10-05,5.73,2.33,8.06,3.41,12.77,SIRI,Property,-308.85999999999996
2020-10-06,13.99,5.6,19.59,8.4,10.38,SIRI,Property,-300.46
2020-10-07,0.95,0.98,1.92,-0.03,2.69,SIRI,Property,-300.48999999999995
2020-10-08,7.52,2.29,9.81,5.23,6.61,SIRI,Property,-295.25999999999993
2020-10-09,9.06,14.04,23.1,-4.97,20.87,SIRI,Property,-300.22999999999996
2020-10-12,0.99,0.22,1.2,0.77,4.87,SIRI,Property,-299.46
2020-10-14,4.76,7.08,11.84,-2.32,22.89,SIRI,Property,-301.78
2020-10-15,8.07,3.99,12.06,4.07,31.74,SIRI,Property,-297.71
2020-10-16,8.01,2.51,10.52,5.5,12.33,SIRI,Property,-292.21
2020-10-19,7.8,16.24,24.05,-8.44,25.49,SIRI,Property,-300.65
2020-10-20,2.38,1.32,3.7,1.06,12.83,SIRI,Property,-299.59
2020-10-21,7.04,0.61,7.64,6.43,21.07,SIRI,Property,-293.15999999999997
2020-10-22,1.61,0.2,1.82,1.41,12.37,SIRI,Property,-291.74999999999994
2020-10-26,4.15,5.83,9.98,-1.68,19.53,SIRI,Property,-293.42999999999995
2020-10-27,2.85,2.02,4.88,0.83,14.32,SIRI,Property,-292.59999999999997
2020-10-28,1.67,0.06,1.73,1.61,13.06,SIRI,Property,-290.98999999999995
2020-10-29,2.44,1.69,4.13,0.75,17.52,SIRI,Property,-290.23999999999995
2020-10-30,4.37,7.14,11.51,-2.77,17.62,SIRI,Property,-293.00999999999993
2020-11-02,4.01,3.98,7.99,0.03,22.96,SIRI,Property,-292.97999999999996
2020-11-03,2.91,2.78,5.69,0.12,19.21,SIRI,Property,-292.85999999999996
2020-11-04,1.43,0.98,2.41,0.45,6.56,SIRI,Property,-292.40999999999997
2020-11-05,1.49,0.76,2.25,0.73,2.53,SIRI,Property,-291.67999999999995
2020-11-06,11.98,2.94,14.92,9.05,19.12,SIRI,Property,-282.62999999999994
2020-11-09,4.95,3.13,8.08,1.82,10.16,SIRI,Property,-280.80999999999995
2020-11-10,6.0,4.61,10.62,1.39,8.63,SIRI,Property,-279.41999999999996
2020-11-11,2.35,5.76,8.11,-3.41,7.63,SIRI,Property,-282.83
2020-11-12,5.13,7.79,12.92,-2.66,22.67,SIRI,Property,-285.49
2020-11-13,3.82,0.9,4.72,2.93,12.18,SIRI,Property,-282.56
2020-11-16,6.92,3.4,10.32,3.51,10.76,SIRI,Property,-279.05
2020-11-17,14.81,26.71,41.52,-11.91,9.53,SIRI,Property,-290.96000000000004
2020-11-18,6.41,9.17,15.59,-2.76,9.38,SIRI,Property,-293.72
2020-11-19,9.79,11.92,21.71,-2.13,14.0,SIRI,Property,-295.85
2020-11-20,23.76,13.86,37.62,9.9,20.37,SIRI,Property,-285.95000000000005
2020-11-23,10.99,12.45,23.44,-1.46,13.09,SIRI,Property,-287.41
2020-11-24,11.8,12.21,24.01,-0.41,14.99,SIRI,Property,-287.82000000000005
2020-11-25,17.33,20.95,38.28,-3.62,19.3,SIRI,Property,-291.44000000000005
2020-11-26,4.6,1.71,6.31,2.88,9.19,SIRI,Property,-288.56000000000006
2020-11-27,5.92,2.24,8.16,3.67,6.89,SIRI,Property,-284.89000000000004
2020-11-30,2.32,10.75,13.07,-8.43,10.83,SIRI,Property,-293.32000000000005
2020-12-01,23.81,3.78,27.59,20.03,19.97,SIRI,Property,-273.2900000000001
2020-12-02,13.17,14.83,28.0,-1.66,23.08,SIRI,Property,-274.9500000000001
2020-12-03,6.45,1.62,8.07,4.82,9.76,SIRI,Property,-270.1300000000001
2020-12-04,21.71,8.05,29.76,13.66,11.53,SIRI,Property,-256.4700000000001
2020-12-08,20.83,25.61,46.44,-4.78,13.39,SIRI,Property,-261.25000000000006
2020-12-09,29.1,31.71,60.81,-2.62,19.73,SIRI,Property,-263.87000000000006
2020-12-14,10.47,17.59,28.06,-7.11,17.07,SIRI,Property,-270.9800000000001
2020-12-15,6.23,11.32,17.54,-5.09,15.97,SIRI,Property,-276.07000000000005
2020-12-16,31.23,27.56,58.79,3.67,11.44,SIRI,Property,-272.40000000000003
2020-12-17,16.27,15.04,31.31,1.23,14.01,SIRI,Property,-271.17
2020-12-18,22.27,25.59,47.86,-3.31,12.15,SIRI,Property,-274.48
2020-12-21,18.94,17.66,36.6,1.28,7.88,SIRI,Property,-273.20000000000005
2020-12-22,21.84,5.46,27.3,16.38,4.1,SIRI,Property,-256.82000000000005
2020-12-23,6.81,14.01,20.82,-7.2,16.54,SIRI,Property,-264.02000000000004
2020-12-24,12.29,6.82,19.1,5.47,15.45,SIRI,Property,-258.55
2020-12-25,4.72,5.22,9.94,-0.49,10.13,SIRI,Property,-259.04
2020-12-28,5.24,13.57,18.81,-8.33,22.4,SIRI,Property,-267.37
2020-12-29,21.21,9.84,31.05,11.38,38.87,SIRI,Property,-255.99
2020-12-30,6.98,10.53,17.51,-3.54,14.95,SIRI,Property,-259.53000000000003
2021-01-04,10.69,5.04,15.74,5.65,19.18,SIRI,Property,-253.88000000000002
2021-01-05,11.64,5.01,16.65,6.63,26.89,SIRI,Property,-247.25000000000003
2021-01-06,7.07,11.13,18.21,-4.06,18.92,SIRI,Property,-251.31000000000003
2021-01-07,18.78,9.19,27.97,9.59,11.17,SIRI,Property,-241.72000000000003
2021-01-08,10.42,16.24,26.67,-5.82,12.25,SIRI,Property,-247.54000000000002
2021-01-11,2.0,9.23,11.23,-7.24,9.26,SIRI,Property,-254.78000000000003
2021-01-12,1.14,10.35,11.49,-9.2,12.27,SIRI,Property,-263.98
2021-01-13,9.42,12.36,21.77,-2.94,11.86,SIRI,Property,-266.92
2021-01-14,2.56,8.97,11.53,-6.41,13.01,SIRI,Property,-273.33000000000004
2021-01-15,8.28,9.12,17.4,-0.84,15.62,SIRI,Property,-274.17
2021-01-18,3.59,10.68,14.26,-7.09,21.74,SIRI,Property,-281.26
2021-01-19,10.76,8.81,19.57,1.94,27.99,SIRI,Property,-279.32
2021-01-20,0.67,7.22,7.9,-6.55,16.56,SIRI,Property,-285.87
2021-01-21,5.67,4.9,10.57,0.77,15.36,SIRI,Property,-285.1
2021-01-22,11.17,2.34,13.52,8.83,17.7,SIRI,Property,-276.27000000000004
2021-01-25,3.63,8.51,12.15,-4.88,19.4,SIRI,Property,-281.15000000000003
2021-01-26,7.87,2.99,10.86,4.88,14.47,SIRI,Property,-276.27000000000004
2021-01-27,23.57,22.25,45.82,1.32,27.15,SIRI,Property,-274.95000000000005
2021-01-28,22.87,5.59,28.46,17.28,27.46,SIRI,Property,-257.6700000000001
2021-01-29,3.48,5.9,9.37,-2.42,12.87,SIRI,Property,-260.0900000000001
2021-02-01,3.41,3.06,6.47,0.34,24.13,SIRI,Property,-259.7500000000001
2021-02-02,1.35,2.13,3.48,-0.78,9.24,SIRI,Property,-260.5300000000001
2021-02-03,3.63,8.26,11.89,-4.63,16.26,SIRI,Property,-265.1600000000001
2021-02-04,11.23,9.59,20.82,1.64,27.34,SIRI,Property,-263.5200000000001
2021-02-05,1.6,2.45,4.05,-0.85,8.45,SIRI,Property,-264.3700000000001
2021-02-08,21.32,10.69,32.01,10.63,26.8,SIRI,Property,-253.74000000000012
2021-02-09,4.54,12.36,16.9,-7.83,17.71,SIRI,Property,-261.5700000000001
2021-02-10,4.07,7.8,11.87,-3.73,9.95,SIRI,Property,-265.3000000000001
2021-02-11,5.6,4.93,10.53,0.67,16.55,SIRI,Property,-264.6300000000001
2021-02-15,3.14,4.04,7.19,-0.9,19.15,SIRI,Property,-265.5300000000001
2021-02-16,1.78,0.11,1.89,1.67,8.69,SIRI,Property,-263.86000000000007
2021-02-17,4.41,2.46,6.87,1.94,8.76,SIRI,Property,-261.9200000000001
2021-02-18,0.3,4.52,4.82,-4.22,16.32,SIRI,Property,-266.1400000000001
2021-02-19,4.02,5.78,9.8,-1.77,15.5,SIRI,Property,-267.9100000000001
2021-02-22,4.94,7.1,12.04,-2.16,19.91,SIRI,Property,-270.0700000000001
2021-02-23,12.46,4.68,17.13,7.78,20.74,SIRI,Property,-262.29000000000013
2021-02-24,2.19,1.81,3.99,0.38,19.44,SIRI,Property,-261.91000000000014
2021-02-25,3.07,2.23,5.3,0.84,16.2,SIRI,Property,-261.07000000000016
2021-03-01,7.7,7.46,15.17,0.24,14.56,SIRI,Property,-260.83000000000015
2021-03-02,4.38,0.26,4.64,4.12,12.47,SIRI,Property,-256.71000000000015
2021-03-03,4.06,3.34,7.4,0.72,6.79,SIRI,Property,-255.99000000000015
2021-03-04,10.19,5.98,16.17,4.21,15.41,SIRI,Property,-251.78000000000014
2021-03-05,12.2,9.66,21.86,2.55,14.95,SIRI,Property,-249.23000000000013
2021-03-08,13.15,6.09,19.25,7.06,9.83,SIRI,Property,-242.17000000000013
2021-03-09,18.68,12.59,31.27,6.08,12.84,SIRI,Property,-236.09000000000012
2021-03-10,21.71,14.94,36.65,6.77,11.23,SIRI,Property,-229.3200000000001
2021-03-11,20.29,15.49,35.78,4.8,13.88,SIRI,Property,-224.5200000000001
2021-03-12,22.97,21.5,44.47,1.48,15.11,SIRI,Property,-223.0400000000001
2021-03-15,4.27,5.79,10.07,-1.52,6.08,SIRI,Property,-224.56000000000012
2021-03-16,19.0,14.52,33.52,4.49,27.61,SIRI,Property,-220.0700000000001
2021-03-17,7.91,15.92,23.83,-8.02,27.33,SIRI,Property,-228.09000000000012
2021-03-18,21.66,27.75,49.41,-6.09,22.27,SIRI,Property,-234.18000000000012
2021-03-19,7.37,5.6,12.97,1.77,20.79,SIRI,Property,-232.4100000000001
2021-03-22,12.39,8.33,20.72,4.05,26.1,SIRI,Property,-228.3600000000001
2021-03-23,3.62,10.42,14.04,-6.79,13.03,SIRI,Property,-235.1500000000001
2021-03-24,78.73,51.26,130.0,27.47,7.72,SIRI,Property,-207.6800000000001
2021-03-25,68.77,128.75,197.52,-59.97,9.73,SIRI,Property,-267.6500000000001
2021-03-26,38.74,40.1,78.84,-1.36,20.24,SIRI,Property,-269.0100000000001
2021-03-29,14.88,7.17,22.05,7.71,12.0,SIRI,Property,-261.3000000000001
2021-03-30,35.29,39.51,74.79,-4.22,12.18,SIRI,Property,-265.52000000000015
2021-03-31,23.0,28.58,51.58,-5.58,11.17,SIRI,Property,-271.10000000000014
2021-04-01,28.99,33.44,62.43,-4.44,10.81,SIRI,Property,-275.54000000000013
2021-04-02,8.39,18.23,26.62,-9.85,16.96,SIRI,Property,-285.39000000000016
2021-04-05,48.5,29.5,78.0,19.0,16.32,SIRI,Property,-266.39000000000016
2021-04-07,43.76,32.15,75.91,11.6,16.34,SIRI,Property,-254.79000000000016
2021-04-08,22.72,15.08,37.79,7.64,17.66,SIRI,Property,-247.15000000000018
2021-04-09,17.23,16.15,33.38,1.08,13.77,SIRI,Property,-246.07000000000016
2021-04-12,22.7,31.91,54.61,-9.21,9.63,SIRI,Property,-255.28000000000017
2021-04-16,35.44,17.67,53.11,17.76,13.4,SIRI,Property,-237.52000000000018
2021-04-19,16.41,12.48,28.89,3.93,12.39,SIRI,Property,-233.59000000000017
2021-04-20,5.75,4.72,10.46,1.03,12.15,SIRI,Property,-232.56000000000017
2021-04-21,5.94,12.09,18.04,-6.15,12.15,SIRI,Property,-238.71000000000018
2021-04-22,17.31,28.02,45.33,-10.71,18.75,SIRI,Property,-249.4200000000002
2021-04-23,18.62,7.4,26.02,11.23,18.67,SIRI,Property,-238.1900000000002
2021-04-26,12.38,9.26,21.63,3.12,20.42,SIRI,Property,-235.0700000000002
2021-04-27,22.38,18.49,40.87,3.88,16.61,SIRI,Property,-231.1900000000002
2021-04-28,17.28,15.41,32.68,1.87,14.55,SIRI,Property,-229.3200000000002
2021-04-29,32.9,21.81,54.7,11.09,11.99,SIRI,Property,-218.2300000000002
2021-04-30,19.96,26.05,46.02,-6.09,13.94,SIRI,Property,-224.3200000000002
2021-05-05,25.83,21.86,47.69,3.97,15.34,SIRI,Property,-220.3500000000002
2021-05-06,13.08,16.66,29.74,-3.58,18.17,SIRI,Property,-223.9300000000002
2021-05-07,14.03,10.89,24.92,3.15,15.73,SIRI,Property,-220.7800000000002
2021-05-10,5.92,2.29,8.22,3.63,10.92,SIRI,Property,-217.1500000000002
2021-05-11,13.34,17.65,30.98,-4.31,15.33,SIRI,Property,-221.4600000000002
2021-05-12,2.5,3.13,5.63,-0.62,8.26,SIRI,Property,-222.0800000000002
2021-05-13,27.0,40.81,67.8,-13.81,17.81,SIRI,Property,-235.8900000000002
2021-05-14,65.22,65.33,130.55,-0.11,16.12,SIRI,Property,-236.00000000000023
2021-05-17,559.16,505.79,1064.94,53.37,9.56,SIRI,Property,-182.63000000000022
2021-05-18,515.28,550.84,1066.12,-35.57,10.18,SIRI,Property,-218.20000000000022
2021-05-19,423.45,418.43,841.88,5.03,14.78,SIRI,Property,-213.17000000000021
2021-05-20,174.18,132.38,306.56,41.81,15.78,SIRI,Property,-171.3600000000002
2021-05-21,586.0,555.95,1141.95,30.05,11.96,SIRI,Property,-141.3100000000002
2021-05-24,177.76,140.67,318.43,37.1,15.05,SIRI,Property,-104.2100000000002
2021-05-25,166.86,244.95,411.81,-78.09,16.64,SIRI,Property,-182.3000000000002
2021-05-27,279.55,238.13,517.69,41.42,14.45,SIRI,Property,-140.88000000000022
2021-05-28,136.74,158.76,295.51,-22.02,16.06,SIRI,Property,-162.90000000000023
2021-05-31,273.64,313.65,587.29,-40.01,8.45,SIRI,Property,-202.91000000000022
2021-06-01,275.9,377.96,653.85,-102.06,11.65,SIRI,Property,-304.97000000000025
2021-06-02,342.23,397.63,739.86,-55.4,12.8,SIRI,Property,-360.37000000000023
2021-06-04,207.45,147.77,355.21,59.68,16.0,SIRI,Property,-300.6900000000002
2021-06-07,99.87,71.93,171.79,27.94,12.18,SIRI,Property,-272.7500000000002
2021-06-08,151.48,140.44,291.93,11.04,10.75,SIRI,Property,-261.7100000000002
2021-06-09,72.19,96.46,168.65,-24.27,11.2,SIRI,Property,-285.9800000000002
2021-06-10,58.4,60.7,119.1,-2.29,10.09,SIRI,Property,-288.2700000000002
2021-06-11,50.5,51.46,101.96,-0.96,13.82,SIRI,Property,-289.2300000000002
2021-06-14,99.94,67.33,167.28,32.61,14.18,SIRI,Property,-256.6200000000002
2021-06-15,95.32,72.57,167.89,22.76,15.82,SIRI,Property,-233.86000000000018
2021-06-16,72.87,64.34,137.21,8.53,16.59,SIRI,Property,-225.33000000000018
2021-06-17,48.56,62.53,111.09,-13.97,22.06,SIRI,Property,-239.30000000000018
2021-06-18,122.18,100.7,222.88,21.48,11.08,SIRI,Property,-217.8200000000002
2021-06-21,119.41,132.59,252.0,-13.19,10.71,SIRI,Property,-231.0100000000002
2021-06-22,131.76,178.83,310.58,-47.07,12.21,SIRI,Property,-278.0800000000002
2021-06-23,85.95,99.39,185.34,-13.45,18.69,SIRI,Property,-291.5300000000002
2021-06-24,91.13,108.44,199.57,-17.3,11.39,SIRI,Property,-308.8300000000002
2021-06-25,81.49,83.87,165.36,-2.38,15.11,SIRI,Property,-311.2100000000002
2021-06-28,26.29,30.96,57.25,-4.68,9.17,SIRI,Property,-315.8900000000002
2021-06-29,54.12,68.99,123.11,-14.87,16.28,SIRI,Property,-330.7600000000002
2021-06-30,62.53,61.1,123.63,1.43,18.51,SIRI,Property,-329.3300000000002
2021-07-01,85.34,43.86,129.2,41.48,24.39,SIRI,Property,-287.8500000000002
2021-07-02,23.26,51.6,74.86,-28.34,15.38,SIRI,Property,-316.19000000000017
2021-07-05,34.62,33.31,67.93,1.32,15.37,SIRI,Property,-314.8700000000002
2021-07-06,36.51,25.79,62.3,10.72,12.38,SIRI,Property,-304.15000000000015
2021-07-07,14.97,27.19,42.16,-12.23,11.36,SIRI,Property,-316.38000000000017
2021-07-08,106.45,71.3,177.75,35.15,15.04,SIRI,Property,-281.2300000000002
2021-07-09,217.22,88.77,305.99,128.45,25.65,SIRI,Property,-152.7800000000002
2021-07-12,19.92,18.83,38.75,1.09,14.39,SIRI,Property,-151.6900000000002
2021-07-13,73.61,110.27,183.87,-36.66,23.53,SIRI,Property,-188.3500000000002
2021-07-14,34.86,61.4,96.27,-26.54,19.82,SIRI,Property,-214.89000000000019
2021-07-15,45.28,23.63,68.91,21.65,20.86,SIRI,Property,-193.24000000000018
2021-07-16,62.04,101.08,163.12,-39.03,21.28,SIRI,Property,-232.27000000000018
2021-07-19,20.35,47.46,67.8,-27.11,19.21,SIRI,Property,-259.38000000000017
2021-07-20,46.6,47.31,93.91,-0.71,21.15,SIRI,Property,-260.09000000000015
2021-07-21,28.57,13.18,41.75,15.39,19.84,SIRI,Property,-244.70000000000016
2021-07-22,39.16,32.3,71.46,6.86,24.25,SIRI,Property,-237.84000000000015
2021-07-23,16.81,11.93,28.74,4.88,25.03,SIRI,Property,-232.96000000000015
2021-07-27,58.19,62.23,120.43,-4.04,14.36,SIRI,Property,-237.00000000000014
2021-07-29,110.38,159.6,269.98,-49.22,11.55,SIRI,Property,-286.22000000000014
2021-07-30,85.76,101.57,187.33,-15.81,18.63,SIRI,Property,-302.03000000000014
2021-08-02,24.66,35.95,60.62,-11.29,19.51,SIRI,Property,-313.32000000000016
2021-08-03,24.76,33.4,58.16,-8.64,16.41,SIRI,Property,-321.96000000000015
2021-08-04,36.83,45.52,82.35,-8.69,15.98,SIRI,Property,-330.65000000000015
2021-08-05,44.81,43.36,88.18,1.45,22.72,SIRI,Property,-329.20000000000016
2021-08-06,30.72,44.46,75.18,-13.74,17.42,SIRI,Property,-342.94000000000017
2021-08-09,30.34,12.95,43.29,17.39,24.19,SIRI,Property,-325.5500000000002
2021-08-10,52.49,20.8,73.28,31.69,17.29,SIRI,Property,-293.8600000000002
2021-08-11,19.34,19.56,38.9,-0.22,18.99,SIRI,Property,-294.0800000000002
2021-08-13,17.98,18.43,36.4,-0.45,21.75,SIRI,Property,-294.5300000000002
2021-08-16,22.41,27.0,49.41,-4.59,13.39,SIRI,Property,-299.1200000000002
2021-08-17,53.17,30.41,83.59,22.76,13.15,SIRI,Property,-276.3600000000002
2021-08-18,35.02,58.3,93.32,-23.28,14.56,SIRI,Property,-299.6400000000002
2021-08-19,10.22,15.29,25.51,-5.06,17.62,SIRI,Property,-304.7000000000002
2021-08-20,21.94,16.61,38.55,5.33,21.09,SIRI,Property,-299.37000000000023
2021-08-23,93.67,54.23,147.9,39.44,17.0,SIRI,Property,-259.93000000000023
2021-08-24,82.08,81.35,163.43,0.73,20.61,SIRI,Property,-259.2000000000002
2021-08-25,24.64,15.77,40.41,8.87,21.62,SIRI,Property,-250.3300000000002
2021-08-26,46.43,71.93,118.36,-25.49,21.87,SIRI,Property,-275.8200000000002
2021-08-27,86.42,38.67,125.09,47.74,16.9,SIRI,Property,-228.0800000000002
2021-08-30,59.63,81.32,140.95,-21.69,14.88,SIRI,Property,-249.7700000000002
2021-08-31,46.2,46.34,92.54,-0.15,20.68,SIRI,Property,-249.92000000000021
2021-09-01,151.18,128.51,279.7,22.67,11.22,SIRI,Property,-227.25000000000023
2021-09-02,41.62,45.29,86.9,-3.67,16.49,SIRI,Property,-230.92000000000021
2021-09-03,33.25,36.7,69.95,-3.45,23.46,SIRI,Property,-234.3700000000002
2021-09-06,40.9,43.12,84.01,-2.22,14.47,SIRI,Property,-236.5900000000002
2021-09-07,74.28,37.74,112.02,36.54,12.07,SIRI,Property,-200.0500000000002
2021-09-08,36.52,33.38,69.9,3.13,19.03,SIRI,Property,-196.92000000000021
2021-09-09,38.09,30.25,68.34,7.84,18.12,SIRI,Property,-189.0800000000002
2021-09-10,50.09,39.25,89.34,10.84,24.34,SIRI,Property,-178.2400000000002
2021-09-13,63.71,44.3,108.0,19.41,13.1,SIRI,Property,-158.8300000000002
2021-09-14,34.04,24.62,58.66,9.42,15.0,SIRI,Property,-149.41000000000022
2021-09-15,62.15,43.3,105.44,18.85,28.73,SIRI,Property,-130.56000000000023
2021-09-16,134.75,50.78,185.53,83.96,14.17,SIRI,Property,-46.600000000000236
2021-09-17,112.53,308.78,421.3,-196.25,18.46,SIRI,Property,-242.85000000000025
2021-09-20,94.61,77.71,172.32,16.89,13.42,SIRI,Property,-225.96000000000026
2021-09-21,59.71,59.35,119.06,0.36,18.21,SIRI,Property,-225.60000000000025
2021-09-22,18.52,40.79,59.31,-22.27,15.84,SIRI,Property,-247.87000000000026
2021-09-23,41.4,37.57,78.97,3.83,22.62,SIRI,Property,-244.04000000000025
2021-09-27,59.0,70.8,129.8,-11.8,15.44,SIRI,Property,-255.84000000000026
2021-09-28,32.4,21.31,53.71,11.1,12.32,SIRI,Property,-244.74000000000026
2021-09-29,39.21,24.73,63.94,14.48,23.76,SIRI,Property,-230.26000000000028
2021-09-30,16.69,25.92,42.61,-9.23,21.07,SIRI,Property,-239.49000000000026
2021-10-01,41.11,25.52,66.62,15.59,21.95,SIRI,Property,-223.90000000000026
2021-10-04,24.97,18.74,43.71,6.22,18.97,SIRI,Property,-217.68000000000026
2021-10-05,18.94,21.48,40.42,-2.53,22.1,SIRI,Property,-220.21000000000026
2021-10-06,47.65,45.59,93.24,2.07,15.69,SIRI,Property,-218.14000000000027
2021-10-07,14.73,23.89,38.62,-9.16,18.03,SIRI,Property,-227.30000000000027
2021-10-08,21.31,19.9,41.21,1.41,25.45,SIRI,Property,-225.89000000000027
2021-10-11,22.06,16.68,38.75,5.38,16.59,SIRI,Property,-220.51000000000028
2021-10-12,28.51,18.27,46.78,10.25,34.08,SIRI,Property,-210.26000000000028
2021-10-14,68.25,45.88,114.13,22.37,16.31,SIRI,Property,-187.89000000000027
2021-10-15,22.62,11.11,33.73,11.51,13.58,SIRI,Property,-176.38000000000028
2021-10-18,14.29,24.79,39.09,-10.5,23.62,SIRI,Property,-186.88000000000028
2021-10-19,32.39,33.23,65.62,-0.84,24.54,SIRI,Property,-187.72000000000028
2021-10-20,16.78,22.92,39.7,-6.14,22.6,SIRI,Property,-193.86000000000027
2021-10-21,108.93,48.93,157.86,60.01,21.53,SIRI,Property,-133.85000000000028
2021-10-25,32.64,39.56,72.21,-6.92,11.35,SIRI,Property,-140.77000000000027
2021-10-26,38.98,50.95,89.93,-11.97,19.28,SIRI,Property,-152.74000000000026
2021-10-27,15.21,18.55,33.75,-3.34,14.13,SIRI,Property,-156.08000000000027
2021-10-28,14.91,17.44,32.36,-2.53,19.2,SIRI,Property,-158.61000000000027
2021-10-29,21.77,12.83,34.6,8.95,18.74,SIRI,Property,-149.66000000000028
2021-11-01,19.36,16.19,35.55,3.17,23.12,SIRI,Property,-146.4900000000003
2021-11-02,28.35,16.34,44.69,12.01,17.65,SIRI,Property,-134.4800000000003
2021-11-03,164.69,89.5,254.19,75.19,18.65,SIRI,Property,-59.290000000000305
2021-11-04,32.85,37.81,70.66,-4.97,16.28,SIRI,Property,-64.2600000000003
2021-11-05,37.68,31.68,69.36,5.99,22.77,SIRI,Property,-58.2700000000003
2021-11-08,31.35,46.78,78.13,-15.43,24.22,SIRI,Property,-73.7000000000003
2021-11-09,15.65,11.18,26.83,4.47,21.08,SIRI,Property,-69.2300000000003
2021-11-10,40.01,13.59,53.59,26.42,28.55,SIRI,Property,-42.8100000000003
2021-11-11,13.98,6.25,20.22,7.73,20.64,SIRI,Property,-35.0800000000003
2021-11-12,37.19,9.93,47.12,27.27,30.19,SIRI,Property,-7.810000000000297
2021-11-15,15.41,9.8,25.21,5.61,25.08,SIRI,Property,-2.200000000000297
2021-11-16,74.62,30.59,105.22,44.03,26.25,SIRI,Property,41.82999999999971
2021-11-17,113.67,41.42,155.09,72.26,25.28,SIRI,Property,114.08999999999972
2021-11-18,17.29,14.63,31.92,2.67,24.21,SIRI,Property,116.75999999999972
2021-11-19,35.31,93.78,129.09,-58.47,27.44,SIRI,Property,58.28999999999972
2021-11-22,30.44,89.41,119.85,-58.97,36.22,SIRI,Property,-0.6800000000002768
2021-11-23,12.4,43.35,55.75,-30.96,23.6,SIRI,Property,-31.640000000000278
2021-11-24,2.75,24.87,27.62,-22.11,18.05,SIRI,Property,-53.75000000000028
2021-11-25,14.77,40.92,55.69,-26.15,25.16,SIRI,Property,-79.90000000000028
2021-11-26,45.96,117.75,163.71,-71.79,23.48,SIRI,Property,-151.69000000000028
2021-11-29,32.49,30.02,62.51,2.47,18.79,SIRI,Property,-149.22000000000028
2021-11-30,24.55,58.91,83.46,-34.37,20.34,SIRI,Property,-183.5900000000003
2021-12-01,29.28,24.18,53.46,5.1,18.42,SIRI,Property,-178.4900000000003
2021-12-02,12.03,21.05,33.08,-9.02,22.87,SIRI,Property,-187.5100000000003
2021-12-03,11.95,15.28,27.24,-3.33,25.95,SIRI,Property,-190.84000000000032
2021-12-07,9.46,11.33,20.79,-1.88,18.37,SIRI,Property,-192.7200000000003
2021-12-08,13.55,5.27,18.82,8.28,18.35,SIRI,Property,-184.4400000000003
2021-12-09,16.96,12.47,29.43,4.5,29.04,SIRI,Property,-179.9400000000003
2021-12-13,9.8,13.52,23.31,-3.72,10.73,SIRI,Property,-183.6600000000003
2021-12-14,26.55,22.37,48.92,4.18,19.04,SIRI,Property,-179.4800000000003
2021-12-15,26.86,11.9,38.77,14.96,30.63,SIRI,Property,-164.5200000000003
2021-12-16,15.37,9.01,24.38,6.36,21.26,SIRI,Property,-158.16000000000028
2021-12-17,6.78,5.08,11.85,1.7,14.61,SIRI,Property,-156.4600000000003
2021-12-20,18.78,10.28,29.05,8.5,22.36,SIRI,Property,-147.9600000000003
2021-12-21,16.06,11.42,27.48,4.65,15.82,SIRI,Property,-143.3100000000003
2021-12-22,3.18,4.47,7.65,-1.29,16.81,SIRI,Property,-144.60000000000028
2021-12-23,4.0,5.42,9.43,-1.42,12.52,SIRI,Property,-146.02000000000027
2021-12-24,6.84,2.23,9.08,4.61,20.17,SIRI,Property,-141.41000000000025
2021-12-27,6.28,3.55,9.83,2.73,12.06,SIRI,Property,-138.68000000000026
2021-12-28,16.8,7.08,23.88,9.72,22.67,SIRI,Property,-128.96000000000026
2021-12-29,7.98,5.69,13.68,2.29,20.19,SIRI,Property,-126.67000000000026
2021-12-30,9.16,10.97,20.14,-1.81,20.04,SIRI,Property,-128.48000000000025
2022-01-04,64.34,41.93,106.27,22.41,20.86,SIRI,Property,-106.07000000000025
2022-01-05,37.7,21.7,59.4,16.0,23.65,SIRI,Property,-90.07000000000025
2022-01-06,62.41,29.72,92.13,32.68,27.83,SIRI,Property,-57.39000000000025
2022-01-07,41.58,39.42,81.01,2.16,19.61,SIRI,Property,-55.230000000000246
2022-01-10,24.66,8.91,33.57,15.75,20.07,SIRI,Property,-39.480000000000246
2022-01-11,170.79,103.68,274.47,67.11,22.35,SIRI,Property,27.629999999999754
2022-01-12,95.03,77.32,172.35,17.7,21.7,SIRI,Property,45.32999999999976
2022-01-13,112.75,34.1,146.85,78.65,23.97,SIRI,Property,123.97999999999976
2022-01-14,120.86,50.67,171.53,70.19,25.42,SIRI,Property,194.16999999999976
2022-01-17,52.64,18.3,70.94,34.33,16.53,SIRI,Property,228.49999999999977
2022-01-18,111.76,67.44,179.2,44.32,21.31,SIRI,Property,272.81999999999977
2022-01-19,41.82,23.32,65.14,18.5,29.46,SIRI,Property,291.31999999999977
2022-01-20,80.64,35.58,116.22,45.05,33.1,SIRI,Property,336.3699999999998
2022-01-21,67.92,55.27,123.19,12.65,27.53,SIRI,Property,349.01999999999975
2022-01-24,20.0,12.86,32.86,7.14,25.68,SIRI,Property,356.15999999999974
2022-01-25,32.87,44.83,77.7,-11.95,30.91,SIRI,Property,344.20999999999975
2022-01-26,118.58,53.78,172.36,64.8,34.65,SIRI,Property,409.00999999999976
2022-01-27,45.47,53.16,98.63,-7.68,28.41,SIRI,Property,401.32999999999976
2022-01-28,94.35,63.04,157.39,31.32,28.62,SIRI,Property,432.64999999999975
2022-01-31,25.22,16.79,42.01,8.44,20.75,SIRI,Property,441.08999999999975
2022-02-01,22.44,13.76,36.2,8.67,22.94,SIRI,Property,449.75999999999976
2022-02-02,48.38,29.84,78.22,18.54,31.26,SIRI,Property,468.2999999999998
2022-02-03,120.01,178.99,299.0,-58.97,11.68,SIRI,Property,409.3299999999998
2022-02-04,29.04,71.51,100.55,-42.47,17.16,SIRI,Property,366.8599999999998
2022-02-07,35.64,45.17,80.82,-9.53,26.22,SIRI,Property,357.3299999999998
2022-02-08,110.33,48.48,158.82,61.85,26.49,SIRI,Property,419.17999999999984
2022-02-09,35.83,31.71,67.54,4.12,22.46,SIRI,Property,423.29999999999984
2022-02-10,152.19,130.56,282.74,21.63,12.92,SIRI,Property,444.92999999999984
2022-02-11,43.35,57.86,101.2,-14.51,23.26,SIRI,Property,430.41999999999985
2022-02-14,27.71,72.94,100.65,-45.23,23.91,SIRI,Property,385.1899999999998
2022-02-15,22.36,43.29,65.65,-20.93,29.79,SIRI,Property,364.2599999999998
2022-02-17,31.73,71.09,102.82,-39.36,33.12,SIRI,Property,324.8999999999998
2022-02-18,25.51,55.2,80.71,-29.68,28.86,SIRI,Property,295.2199999999998
2022-02-21,19.74,58.31,78.05,-38.58,16.51,SIRI,Property,256.6399999999998
2022-02-22,34.89,38.39,73.28,-3.5,25.19,SIRI,Property,253.13999999999982
2022-02-23,11.16,24.91,36.08,-13.75,20.48,SIRI,Property,239.38999999999982
2022-02-24,49.6,133.38,182.97,-83.78,27.14,SIRI,Property,155.60999999999981
2022-02-25,17.69,25.06,42.75,-7.36,22.86,SIRI,Property,148.2499999999998
2022-02-28,13.75,31.08,44.84,-17.33,32.81,SIRI,Property,130.9199999999998
2022-03-01,13.73,25.79,39.53,-12.06,19.82,SIRI,Property,118.85999999999979
2022-03-02,15.26,42.21,57.47,-26.95,21.74,SIRI,Property,91.90999999999978
2022-03-03,6.3,9.63,15.93,-3.33,14.3,SIRI,Property,88.57999999999979
2022-03-04,0.46,12.63,13.1,-12.17,16.95,SIRI,Property,76.40999999999978
2022-03-07,11.68,64.67,76.35,-52.98,16.38,SIRI,Property,23.429999999999787
2022-03-08,42.01,54.95,96.95,-12.94,17.09,SIRI,Property,10.489999999999787
2022-03-09,43.51,29.06,72.57,14.45,32.77,SIRI,Property,24.939999999999785
2022-03-10,30.72,32.62,63.34,-1.9,28.98,SIRI,Property,23.039999999999786
2022-03-11,20.17,16.25,36.42,3.92,27.15,SIRI,Property,26.959999999999788
2022-03-14,19.49,24.79,44.28,-5.3,20.31,SIRI,Property,21.659999999999787
2022-03-15,37.86,65.08,102.94,-27.22,26.2,SIRI,Property,-5.560000000000212
2022-03-16,10.86,14.42,25.28,-3.56,25.02,SIRI,Property,-9.120000000000212
2022-03-17,5.97,11.19,17.16,-5.21,16.52,SIRI,Property,-14.330000000000211
2022-03-18,71.91,46.3,118.21,25.61,31.38,SIRI,Property,11.279999999999788
2022-03-21,16.4,30.27,46.67,-13.87,18.5,SIRI,Property,-2.5900000000002112
2022-03-22,33.39,15.39,48.78,17.99,28.71,SIRI,Property,15.399999999999787
2022-03-23,30.75,9.03,39.78,21.71,23.13,SIRI,Property,37.109999999999786
2022-03-24,11.12,9.99,21.1,1.13,17.62,SIRI,Property,38.23999999999979
2022-03-25,30.16,14.36,44.52,15.8,24.83,SIRI,Property,54.03999999999979
2022-03-28,26.55,7.83,34.38,18.73,25.85,SIRI,Property,72.7699999999998
2022-03-29,11.62,4.09,15.71,7.53,18.34,SIRI,Property,80.2999999999998
2022-03-30,13.68,6.84,20.53,6.84,20.66,SIRI,Property,87.1399999999998
2022-03-31,27.12,10.82,37.94,16.29,25.24,SIRI,Property,103.42999999999981
2022-04-01,13.72,5.92,19.64,7.8,26.45,SIRI,Property,111.2299999999998
2022-04-04,5.04,1.61,6.65,3.42,16.97,SIRI,Property,114.6499999999998
2022-04-05,4.8,7.13,11.93,-2.33,14.84,SIRI,Property,112.31999999999981
2022-04-07,5.43,6.45,11.88,-1.03,6.54,SIRI,Property,111.28999999999981
2022-04-08,2.54,17.56,20.11,-15.02,24.34,SIRI,Property,96.26999999999981
2022-04-11,9.65,21.61,31.26,-11.96,37.59,SIRI,Property,84.3099999999998
2022-04-12,15.9,40.81,56.71,-24.91,19.24,SIRI,Property,59.39999999999981
2022-04-18,17.51,28.25,45.77,-10.74,25.22,SIRI,Property,48.659999999999805
2022-04-19,11.53,6.52,18.05,5.02,17.39,SIRI,Property,53.67999999999981
2022-04-20,3.64,6.27,9.9,-2.63,11.14,SIRI,Property,51.049999999999805
2022-04-21,18.81,16.36,35.17,2.45,21.45,SIRI,Property,53.49999999999981
2022-04-22,14.91,21.59,36.49,-6.68,30.64,SIRI,Property,46.81999999999981
2022-04-25,2.85,3.24,6.09,-0.4,14.38,SIRI,Property,46.41999999999981
2022-04-26,16.75,20.46,37.21,-3.71,28.47,SIRI,Property,42.70999999999981
2022-04-27,6.89,18.91,25.81,-12.02,20.15,SIRI,Property,30.68999999999981
2022-04-28,15.26,25.34,40.6,-10.08,34.21,SIRI,Property,20.609999999999808
2022-04-29,33.11,18.02,51.13,15.08,34.43,SIRI,Property,35.689999999999806
2022-05-03,13.11,6.22,19.33,6.89,22.77,SIRI,Property,42.57999999999981
2022-05-05,20.88,22.9,43.78,-2.03,20.85,SIRI,Property,40.549999999999805
2022-05-06,40.6,65.55,106.15,-24.94,28.62,SIRI,Property,15.609999999999804
2022-05-09,21.25,15.03,36.28,6.22,25.22,SIRI,Property,21.829999999999803
2022-05-10,28.39,20.76,49.14,7.63,33.13,SIRI,Property,29.459999999999802
2022-05-11,33.49,25.92,59.42,7.57,22.87,SIRI,Property,37.0299999999998
2022-05-12,29.42,33.81,63.23,-4.4,29.37,SIRI,Property,32.629999999999804
2022-05-13,11.31,16.91,28.22,-5.61,26.46,SIRI,Property,27.019999999999804
2022-05-17,11.39,11.34,22.73,0.04,22.47,SIRI,Property,27.059999999999803
2022-05-18,19.91,11.99,31.9,7.92,31.65,SIRI,Property,34.979999999999805
2022-05-19,11.16,9.28,20.44,1.88,30.13,SIRI,Property,36.85999999999981
2022-05-20,17.37,32.74,50.11,-15.38,39.92,SIRI,Property,21.479999999999805
2022-05-23,21.23,23.11,44.34,-1.88,35.8,SIRI,Property,19.599999999999806
2022-05-24,35.7,33.87,69.57,1.82,32.83,SIRI,Property,21.419999999999806
2022-05-25,11.51,14.94,26.45,-3.43,31.07,SIRI,Property,17.989999999999807
2022-05-26,6.74,5.67,12.41,1.07,24.2,SIRI,Property,19.059999999999807
2022-05-27,28.17,21.68,49.84,6.49,38.29,SIRI,Property,25.549999999999805
2022-05-30,20.52,17.6,38.12,2.92,25.75,SIRI,Property,28.469999999999807
2022-05-31,34.17,41.21,75.39,-7.04,39.21,SIRI,Property,21.429999999999808
2022-06-01,17.11,9.01,26.13,8.1,26.48,SIRI,Property,29.52999999999981
2022-06-02,11.28,10.64,21.92,0.64,36.78,SIRI,Property,30.16999999999981
2022-06-06,21.58,21.48,43.07,0.1,30.68,SIRI,Property,30.26999999999981
2022-06-07,14.19,18.47,32.65,-4.28,36.18,SIRI,Property,25.98999999999981
2022-06-08,38.43,28.73,67.17,9.7,29.06,SIRI,Property,35.68999999999981
2022-06-09,20.12,17.44,37.56,2.68,35.99,SIRI,Property,38.36999999999981
2022-06-10,16.07,27.84,43.91,-11.78,35.06,SIRI,Property,26.58999999999981
2022-06-13,12.25,20.61,32.86,-8.36,31.66,SIRI,Property,18.229999999999812
2022-06-14,7.11,18.25,25.36,-11.14,37.96,SIRI,Property,7.089999999999812
2022-06-15,51.38,91.27,142.64,-39.89,24.04,SIRI,Property,-32.80000000000019
2022-06-16,28.31,33.69,62.0,-5.38,23.84,SIRI,Property,-38.18000000000019
2022-06-17,56.02,36.52,92.55,19.5,25.27,SIRI,Property,-18.68000000000019
2022-06-20,11.69,16.38,28.07,-4.69,29.66,SIRI,Property,-23.370000000000193
2022-06-21,6.07,4.96,11.02,1.11,25.97,SIRI,Property,-22.260000000000193
2022-06-22,12.28,22.83,35.11,-10.56,34.51,SIRI,Property,-32.82000000000019
2022-06-23,4.39,6.99,11.38,-2.59,44.28,SIRI,Property,-35.410000000000196
2022-06-24,9.34,15.43,24.76,-6.09,30.16,SIRI,Property,-41.5000000000002
2022-06-27,7.11,7.77,14.88,-0.66,38.72,SIRI,Property,-42.160000000000196
2022-06-28,6.69,6.93,13.62,-0.24,42.05,SIRI,Property,-42.4000000000002
2022-06-29,7.83,7.0,14.83,0.83,32.09,SIRI,Property,-41.5700000000002
2022-06-30,10.53,11.17,21.7,-0.65,26.51,SIRI,Property,-42.2200000000002
2022-07-01,1.58,1.85,3.43,-0.27,14.06,SIRI,Property,-42.4900000000002
2022-07-04,4.38,13.98,18.35,-9.6,26.67,SIRI,Property,-52.0900000000002
2022-07-05,6.91,17.3,24.21,-10.39,25.13,SIRI,Property,-62.4800000000002
2022-07-06,9.93,14.59,24.52,-4.66,27.65,SIRI,Property,-67.1400000000002
2022-07-07,10.99,12.0,22.99,-1.01,26.02,SIRI,Property,-68.1500000000002
2022-07-08,9.76,13.6,23.37,-3.84,27.05,SIRI,Property,-71.99000000000021
2022-07-11,17.06,10.02,27.09,7.04,33.33,SIRI,Property,-64.9500000000002
2022-07-12,6.56,5.73,12.29,0.84,31.71,SIRI,Property,-64.1100000000002
2022-07-14,15.74,11.59,27.33,4.16,38.7,SIRI,Property,-59.9500000000002
2022-07-15,10.51,5.47,15.98,5.04,35.26,SIRI,Property,-54.9100000000002
2022-07-18,5.26,3.62,8.88,1.64,26.96,SIRI,Property,-53.2700000000002
2022-07-19,8.01,11.75,19.76,-3.74,26.41,SIRI,Property,-57.010000000000204
2022-07-20,6.37,4.83,11.2,1.54,10.47,SIRI,Property,-55.470000000000205
2022-07-21,9.07,8.74,17.81,0.33,17.04,SIRI,Property,-55.14000000000021
2022-07-22,20.38,11.47,31.86,8.91,19.95,SIRI,Property,-46.2300000000002
2022-07-25,31.13,18.88,50.01,12.25,28.13,SIRI,Property,-33.9800000000002
2022-07-26,7.43,17.57,25.01,-10.14,22.37,SIRI,Property,-44.1200000000002
2022-07-27,12.2,4.55,16.75,7.65,32.33,SIRI,Property,-36.470000000000205
2022-08-01,8.11,7.91,16.02,0.2,28.01,SIRI,Property,-36.2700000000002
2022-08-02,5.31,2.69,7.99,2.62,22.86,SIRI,Property,-33.650000000000205
2022-08-03,6.27,4.77,11.04,1.51,29.39,SIRI,Property,-32.14000000000021
2022-08-04,6.48,4.26,10.74,2.22,27.55,SIRI,Property,-29.920000000000208
2022-08-05,23.43,15.59,39.02,7.84,32.18,SIRI,Property,-22.080000000000208
2022-08-08,19.42,11.8,31.22,7.63,25.09,SIRI,Property,-14.450000000000209
2022-08-09,13.66,13.22,26.89,0.44,37.12,SIRI,Property,-14.01000000000021
2022-08-10,12.54,11.27,23.81,1.27,40.34,SIRI,Property,-12.74000000000021
2022-08-11,15.59,8.29,23.88,7.3,23.39,SIRI,Property,-5.44000000000021
2022-08-15,28.97,23.72,52.69,5.25,21.16,SIRI,Property,-0.19000000000021
2022-08-16,14.08,24.46,38.54,-10.38,23.53,SIRI,Property,-10.57000000000021
2022-08-17,41.63,45.57,87.21,-3.94,18.6,SIRI,Property,-14.51000000000021
2022-08-18,6.81,9.28,16.1,-2.47,20.19,SIRI,Property,-16.98000000000021
2022-08-19,15.76,18.53,34.29,-2.77,18.99,SIRI,Property,-19.75000000000021
2022-08-22,35.51,27.38,62.88,8.13,20.64,SIRI,Property,-11.620000000000209
2022-08-23,31.48,14.04,45.52,17.44,29.74,SIRI,Property,5.8199999999997925
2022-08-24,24.28,4.66,28.94,19.62,21.69,SIRI,Property,25.43999999999979
2022-08-25,52.03,31.23,83.26,20.8,34.93,SIRI,Property,46.239999999999796
2022-08-26,18.23,23.47,41.7,-5.24,17.69,SIRI,Property,40.999999999999794
2022-08-29,11.73,8.42,20.14,3.31,10.31,SIRI,Property,44.309999999999796
2022-08-30,10.07,7.86,17.93,2.22,12.15,SIRI,Property,46.529999999999795
2022-08-31,12.48,4.63,17.11,7.85,17.58,SIRI,Property,54.3799999999998
2022-09-01,14.64,6.7,21.35,7.94,20.64,SIRI,Property,62.319999999999794
2022-09-02,18.66,12.66,31.32,6.0,27.14,SIRI,Property,68.3199999999998
2022-09-05,6.5,1.32,7.81,5.18,22.54,SIRI,Property,73.4999999999998
2022-09-06,17.86,3.57,21.43,14.29,19.23,SIRI,Property,87.7899999999998
2022-09-07,9.76,11.13,20.89,-1.37,19.63,SIRI,Property,86.41999999999979
2022-09-08,30.85,23.57,54.42,7.28,30.53,SIRI,Property,93.69999999999979
2022-09-09,68.73,27.45,96.18,41.28,11.79,SIRI,Property,134.9799999999998
2022-09-12,15.42,34.84,50.26,-19.42,18.7,SIRI,Property,115.55999999999979
2022-09-13,19.61,32.81,52.42,-13.2,12.02,SIRI,Property,102.35999999999979
2022-09-14,16.34,17.77,34.11,-1.42,13.71,SIRI,Property,100.93999999999978
2022-09-15,14.26,19.29,33.55,-5.02,21.37,SIRI,Property,95.91999999999979
2022-09-16,21.44,22.28,43.73,-0.84,22.67,SIRI,Property,95.07999999999979
2022-09-19,8.62,6.97,15.58,1.65,19.16,SIRI,Property,96.72999999999979
2022-09-20,19.01,6.34,25.34,12.67,21.42,SIRI,Property,109.39999999999979
2022-09-21,4.86,13.75,18.6,-8.89,23.22,SIRI,Property,100.50999999999979
2022-09-22,19.38,14.29,33.67,5.09,23.25,SIRI,Property,105.5999999999998
2022-09-23,5.36,11.58,16.94,-6.22,17.77,SIRI,Property,99.3799999999998
2022-09-26,26.16,11.28,37.43,14.88,15.3,SIRI,Property,114.25999999999979
2022-09-27,27.06,15.61,42.67,11.44,16.75,SIRI,Property,125.69999999999979
2022-09-28,5.53,15.57,21.1,-10.04,13.59,SIRI,Property,115.6599999999998
2022-09-29,10.53,14.34,24.87,-3.82,15.97,SIRI,Property,111.8399999999998
2022-09-30,17.08,14.03,31.11,3.05,35.26,SIRI,Property,114.8899999999998
2022-10-03,5.34,10.22,15.56,-4.88,16.41,SIRI,Property,110.0099999999998
2022-10-04,8.58,8.68,17.26,-0.1,14.5,SIRI,Property,109.90999999999981
2022-10-05,9.42,14.72,24.14,-5.3,16.65,SIRI,Property,104.60999999999981
2022-10-06,23.18,14.46,37.64,8.72,11.41,SIRI,Property,113.32999999999981
2022-10-07,26.67,21.95,48.62,4.72,21.66,SIRI,Property,118.04999999999981
2022-10-10,15.41,14.45,29.86,0.96,19.36,SIRI,Property,119.0099999999998
2022-10-11,18.91,22.57,41.47,-3.66,25.86,SIRI,Property,115.34999999999981
2022-10-12,30.9,46.86,77.75,-15.96,12.37,SIRI,Property,99.38999999999982
2022-10-17,24.63,39.76,64.39,-15.13,16.85,SIRI,Property,84.25999999999982
2022-10-18,29.16,23.44,52.59,5.72,10.26,SIRI,Property,89.97999999999982
2022-10-19,24.65,20.52,45.17,4.13,17.34,SIRI,Property,94.10999999999981
2022-10-20,59.76,23.23,82.99,36.53,18.13,SIRI,Property,130.63999999999982
2022-10-21,16.51,21.68,38.19,-5.17,12.1,SIRI,Property,125.46999999999981
2022-10-25,10.08,5.42,15.5,4.66,11.26,SIRI,Property,130.12999999999982
2022-10-26,32.95,29.45,62.4,3.51,10.94,SIRI,Property,133.63999999999982
2022-10-27,25.32,20.25,45.56,5.07,16.96,SIRI,Property,138.7099999999998
2022-10-28,29.0,12.56,41.56,16.44,18.12,SIRI,Property,155.1499999999998
2022-10-31,36.72,15.35,52.07,21.37,13.73,SIRI,Property,176.5199999999998
2022-11-01,50.98,6.8,57.77,44.18,14.2,SIRI,Property,220.69999999999982
2022-11-02,13.01,19.0,32.02,-5.99,15.27,SIRI,Property,214.7099999999998
2022-11-03,37.45,13.31,50.76,24.14,13.51,SIRI,Property,238.8499999999998
2022-11-04,22.49,7.22,29.71,15.27,22.25,SIRI,Property,254.1199999999998
2022-11-07,33.58,16.34,49.92,17.24,22.58,SIRI,Property,271.3599999999998
2022-11-08,21.11,14.86,35.97,6.25,21.29,SIRI,Property,277.6099999999998
2022-11-09,24.98,24.75,49.73,0.23,18.37,SIRI,Property,277.8399999999998
2022-11-10,19.88,13.85,33.73,6.03,19.99,SIRI,Property,283.8699999999998
2022-11-11,12.63,21.57,34.2,-8.94,17.17,SIRI,Property,274.9299999999998
2022-11-14,11.66,12.91,24.57,-1.25,17.77,SIRI,Property,273.6799999999998
2022-11-15,105.78,28.09,133.87,77.69,21.39,SIRI,Property,351.3699999999998
2022-11-16,40.78,27.63,68.4,13.15,20.06,SIRI,Property,364.51999999999975
2022-11-17,42.34,27.3,69.65,15.04,24.46,SIRI,Property,379.5599999999998
2022-11-18,30.82,42.42,73.24,-11.6,16.22,SIRI,Property,367.95999999999975
2022-11-21,157.11,36.82,193.93,120.3,13.55,SIRI,Property,488.25999999999976
2022-11-22,47.05,29.47,76.52,17.58,15.47,SIRI,Property,505.83999999999975
2022-11-23,110.87,44.28,155.15,66.59,23.89,SIRI,Property,572.4299999999997
2022-11-24,20.87,16.64,37.51,4.23,13.0,SIRI,Property,576.6599999999997
2022-11-25,27.39,6.36,33.76,21.03,13.93,SIRI,Property,597.6899999999997
2022-11-28,72.44,21.94,94.39,50.5,19.31,SIRI,Property,648.1899999999997
2022-11-29,156.3,17.23,173.53,139.06,17.88,SIRI,Property,787.2499999999998
2022-11-30,106.65,55.82,162.47,50.82,23.39,SIRI,Property,838.0699999999998
2022-12-01,539.5,207.42,746.92,332.08,13.44,SIRI,Property,1170.1499999999999
2022-12-02,189.84,145.54,335.37,44.3,12.41,SIRI,Property,1214.4499999999998
2022-12-06,334.21,183.53,517.75,150.68,17.29,SIRI,Property,1365.1299999999999
2022-12-07,195.86,188.8,384.66,7.06,24.08,SIRI,Property,1372.1899999999998
2022-12-08,215.53,92.38,307.91,123.14,16.63,SIRI,Property,1495.33
2022-12-09,146.76,69.0,215.75,77.76,14.9,SIRI,Property,1573.09
2022-12-13,282.89,117.25,400.13,165.64,27.42,SIRI,Property,1738.73
2022-12-14,98.94,103.1,202.03,-4.16,22.07,SIRI,Property,1734.57
2022-12-15,167.19,64.88,232.07,102.3,26.78,SIRI,Property,1836.87
2022-12-16,152.58,177.46,330.04,-24.87,19.09,SIRI,Property,1812.0
2022-12-19,192.61,214.14,406.75,-21.52,22.6,SIRI,Property,1790.48
2022-12-20,54.71,36.49,91.19,18.22,15.4,SIRI,Property,1808.7
2022-12-21,92.13,65.37,157.5,26.77,20.56,SIRI,Property,1835.47
2022-12-22,77.01,63.51,140.51,13.5,17.34,SIRI,Property,1848.97
2022-12-23,53.24,53.4,106.64,-0.15,16.43,SIRI,Property,1848.82
2022-12-26,22.29,55.03,77.32,-32.74,8.95,SIRI,Property,1816.08
2022-12-27,68.99,90.39,159.38,-21.4,25.8,SIRI,Property,1794.6799999999998
2022-12-28,24.7,41.35,66.05,-16.65,16.63,SIRI,Property,1778.0299999999997
2022-12-29,84.37,59.39,143.76,24.98,20.5,SIRI,Property,1803.0099999999998
2022-12-30,33.45,34.25,67.7,-0.81,11.64,SIRI,Property,1802.1999999999998
2023-01-03,51.62,50.28,101.9,1.34,16.75,SIRI,Property,1803.5399999999997
2023-01-04,148.12,101.37,249.49,46.75,17.33,SIRI,Property,1850.2899999999997
2023-01-05,151.9,386.23,538.13,-234.34,17.16,SIRI,Property,1615.9499999999998
2023-01-06,94.6,49.52,144.12,45.08,16.21,SIRI,Property,1661.0299999999997
2023-01-09,35.99,45.74,81.73,-9.75,23.05,SIRI,Property,1651.2799999999997
2023-01-10,40.4,60.45,100.84,-20.05,17.43,SIRI,Property,1631.2299999999998
2023-01-11,32.48,62.96,95.44,-30.48,28.14,SIRI,Property,1600.7499999999998
2023-01-12,35.63,38.49,74.12,-2.86,21.0,SIRI,Property,1597.8899999999999
2023-01-13,40.27,40.79,81.05,-0.52,21.8,SIRI,Property,1597.37
2023-01-16,35.85,32.32,68.17,3.54,18.32,SIRI,Property,1600.9099999999999
2023-01-17,32.32,33.97,66.29,-1.64,12.86,SIRI,Property,1599.2699999999998
2023-01-18,31.26,44.76,76.02,-13.5,20.16,SIRI,Property,1585.7699999999998
2023-01-19,41.4,27.49,68.89,13.91,13.69,SIRI,Property,1599.6799999999998
2023-01-20,37.07,40.56,77.62,-3.49,22.48,SIRI,Property,1596.1899999999998
2023-01-23,53.75,27.49,81.25,26.26,12.94,SIRI,Property,1622.4499999999998
2023-01-24,33.18,32.65,65.84,0.53,17.83,SIRI,Property,1622.9799999999998
2023-01-25,21.67,26.78,48.45,-5.11,18.26,SIRI,Property,1617.87
2023-01-26,44.95,52.21,97.16,-7.26,32.25,SIRI,Property,1610.61
2023-01-27,77.65,36.48,114.13,41.16,25.12,SIRI,Property,1651.77
2023-01-30,103.89,88.54,192.42,15.35,14.54,SIRI,Property,1667.12
2023-01-31,220.04,160.74,380.78,59.3,10.51,SIRI,Property,1726.4199999999998
2023-02-01,173.41,91.95,265.36,81.46,10.86,SIRI,Property,1807.8799999999999
2023-02-02,59.2,87.26,146.46,-28.06,13.63,SIRI,Property,1779.82
2023-02-03,75.24,82.44,157.68,-7.2,10.21,SIRI,Property,1772.62
2023-02-06,52.25,98.36,150.61,-46.1,13.39,SIRI,Property,1726.52
2023-02-07,88.17,112.64,200.81,-24.47,21.21,SIRI,Property,1702.05
2023-02-08,125.54,73.25,198.78,52.29,19.05,SIRI,Property,1754.34
2023-02-09,127.48,52.54,180.02,74.93,14.65,SIRI,Property,1829.27
2023-02-10,36.5,26.33,62.83,10.17,16.36,SIRI,Property,1839.44
2023-02-13,18.93,45.95,64.88,-27.02,19.56,SIRI,Property,1812.42
2023-02-14,38.68,35.02,73.69,3.66,18.02,SIRI,Property,1816.0800000000002
2023-02-15,53.36,22.89,76.25,30.47,22.63,SIRI,Property,1846.5500000000002
2023-02-16,21.29,47.48,68.77,-26.19,19.54,SIRI,Property,1820.3600000000001
2023-02-17,17.58,39.38,56.97,-21.8,17.16,SIRI,Property,1798.5600000000002
2023-02-20,22.59,6.32,28.91,16.27,13.69,SIRI,Property,1814.8300000000002
2023-02-21,66.86,89.51,156.37,-22.64,14.72,SIRI,Property,1792.19
2023-02-22,28.66,75.9,104.55,-47.24,14.56,SIRI,Property,1744.95
2023-02-23,91.09,79.37,170.45,11.72,19.43,SIRI,Property,1756.67
2023-02-24,18.15,41.62,59.77,-23.48,16.09,SIRI,Property,1733.19
2023-02-27,23.08,28.78,51.85,-5.7,13.72,SIRI,Property,1727.49
2023-02-28,92.96,73.5,166.46,19.46,17.27,SIRI,Property,1746.95
2023-03-01,139.81,35.04,174.86,104.77,17.53,SIRI,Property,1851.72
2023-03-02,52.58,44.31,96.89,8.26,17.01,SIRI,Property,1859.98
2023-03-03,30.01,36.66,66.67,-6.64,20.05,SIRI,Property,1853.34
2023-03-07,99.28,19.89,119.16,79.39,24.75,SIRI,Property,1932.73
2023-03-08,74.17,19.61,93.78,54.56,17.51,SIRI,Property,1987.29
2023-03-09,126.87,371.76,498.63,-244.89,18.74,SIRI,Property,1742.4
2023-03-10,100.9,57.23,158.13,43.68,20.36,SIRI,Property,1786.0800000000002
2023-03-13,79.72,186.31,266.03,-106.59,21.55,SIRI,Property,1679.4900000000002
2023-03-14,56.98,88.6,145.58,-31.62,14.82,SIRI,Property,1647.8700000000003
2023-03-15,62.05,50.24,112.29,11.81,17.98,SIRI,Property,1659.6800000000003
2023-03-16,31.35,102.02,133.37,-70.67,17.12,SIRI,Property,1589.0100000000002
2023-03-17,92.19,90.7,182.89,1.49,15.06,SIRI,Property,1590.5000000000002
2023-03-20,111.25,86.69,197.94,24.56,13.44,SIRI,Property,1615.0600000000002
2023-03-21,145.88,184.3,330.18,-38.42,17.42,SIRI,Property,1576.64
2023-03-22,227.05,48.91,275.96,178.14,22.89,SIRI,Property,1754.7800000000002
2023-03-23,99.0,48.89,147.89,50.11,22.43,SIRI,Property,1804.89
2023-03-24,19.82,64.48,84.3,-44.65,26.67,SIRI,Property,1760.24
2023-03-27,22.46,45.5,67.95,-23.04,22.99,SIRI,Property,1737.2
2023-03-28,14.17,26.41,40.58,-12.24,19.94,SIRI,Property,1724.96
2023-03-29,62.23,50.95,113.17,11.28,21.78,SIRI,Property,1736.24
2023-03-30,13.12,37.61,50.73,-24.5,14.83,SIRI,Property,1711.74
2023-03-31,95.34,50.77,146.11,44.57,33.19,SIRI,Property,1756.31
2023-04-03,30.05,14.08,44.12,15.97,14.1,SIRI,Property,1772.28
2023-04-04,176.56,66.75,243.31,109.81,16.69,SIRI,Property,1882.09
2023-04-05,43.09,91.45,134.54,-48.35,20.45,SIRI,Property,1833.74
2023-04-07,21.38,17.34,38.72,4.03,16.83,SIRI,Property,1837.77
2023-04-10,66.76,20.17,86.93,46.59,22.28,SIRI,Property,1884.36
2023-04-11,89.38,20.14,109.51,69.24,15.84,SIRI,Property,1953.6
2023-04-12,43.55,54.7,98.25,-11.14,31.01,SIRI,Property,1942.4599999999998
2023-04-17,60.66,27.43,88.09,33.24,15.17,SIRI,Property,1975.6999999999998
2023-04-18,46.89,21.65,68.54,25.24,18.5,SIRI,Property,2000.9399999999998
2023-04-19,35.89,31.58,67.47,4.32,20.5,SIRI,Property,2005.2599999999998
2023-04-20,18.97,14.92,33.89,4.05,16.12,SIRI,Property,2009.3099999999997
2023-04-21,72.25,31.99,104.24,40.26,21.26,SIRI,Property,2049.5699999999997
2023-04-24,39.37,38.38,77.76,0.99,16.75,SIRI,Property,2050.5599999999995
2023-04-25,58.28,48.17,106.45,10.11,15.14,SIRI,Property,2060.6699999999996
2023-04-26,41.18,62.24,103.42,-21.06,16.03,SIRI,Property,2039.6099999999997
2023-04-27,43.99,26.42,70.41,17.56,13.18,SIRI,Property,2057.1699999999996
2023-04-28,63.08,38.34,101.42,24.74,18.89,SIRI,Property,2081.9099999999994
2023-05-02,29.75,26.21,55.96,3.54,12.06,SIRI,Property,2085.4499999999994
2023-05-03,40.22,11.49,51.71,28.73,20.05,SIRI,Property,2114.1799999999994
2023-05-08,60.27,15.44,75.72,44.83,21.34,SIRI,Property,2159.0099999999993
2023-05-09,74.18,43.98,118.17,30.2,11.09,SIRI,Property,2189.209999999999
2023-05-10,28.52,51.0,79.52,-22.48,12.93,SIRI,Property,2166.729999999999
2023-05-11,45.18,44.19,89.37,0.99,13.17,SIRI,Property,2167.719999999999
2023-05-12,84.97,94.76,179.73,-9.79,14.32,SIRI,Property,2157.929999999999
2023-05-15,133.46,174.28,307.74,-40.82,15.77,SIRI,Property,2117.1099999999988
2023-05-16,132.23,166.01,298.24,-33.78,17.96,SIRI,Property,2083.3299999999986
2023-05-17,18.59,126.62,145.21,-108.03,24.22,SIRI,Property,1975.2999999999986
2023-05-18,55.7,45.22,100.92,10.48,25.91,SIRI,Property,1985.7799999999986
2023-05-19,29.93,86.57,116.5,-56.64,21.84,SIRI,Property,1929.1399999999985
2023-05-22,51.54,68.37,119.91,-16.82,16.03,SIRI,Property,1912.3199999999986
2023-05-23,36.85,37.21,74.05,-0.36,20.63,SIRI,Property,1911.9599999999987
2023-05-24,13.7,68.54,82.23,-54.84,26.68,SIRI,Property,1857.1199999999988
2023-05-25,17.45,75.25,92.7,-57.81,25.13,SIRI,Property,1799.3099999999988
2023-05-26,26.14,37.21,63.35,-11.08,26.52,SIRI,Property,1788.2299999999989
2023-05-29,27.31,17.78,45.1,9.53,13.71,SIRI,Property,1797.7599999999989
2023-05-30,30.91,24.6,55.51,6.3,23.93,SIRI,Property,1804.0599999999988
2023-05-31,41.77,56.81,98.58,-15.04,30.05,SIRI,Property,1789.0199999999988
2023-06-01,14.57,32.56,47.13,-17.99,29.92,SIRI,Property,1771.0299999999988
2023-06-02,22.35,23.45,45.8,-1.1,33.04,SIRI,Property,1769.929999999999
2023-06-06,26.68,38.52,65.2,-11.83,25.55,SIRI,Property,1758.099999999999
2023-06-07,82.64,79.8,162.44,2.84,16.81,SIRI,Property,1760.939999999999
2023-06-08,103.9,89.29,193.19,14.6,19.49,SIRI,Property,1775.5399999999988
2023-06-09,33.56,54.86,88.41,-21.3,16.89,SIRI,Property,1754.2399999999989
2023-06-12,35.64,36.59,72.23,-0.94,31.83,SIRI,Property,1753.2999999999988
2023-06-13,23.64,12.38,36.03,11.26,18.9,SIRI,Property,1764.5599999999988
2023-06-14,38.02,24.15,62.17,13.87,19.78,SIRI,Property,1778.4299999999987
2023-06-15,63.27,8.23,71.5,55.05,22.47,SIRI,Property,1833.4799999999987
2023-06-16,51.95,20.72,72.67,31.23,29.02,SIRI,Property,1864.7099999999987
2023-06-19,28.99,11.54,40.53,17.45,23.62,SIRI,Property,1882.1599999999987
2023-06-20,19.19,26.67,45.87,-7.48,24.67,SIRI,Property,1874.6799999999987
2023-06-21,43.73,24.89,68.62,18.84,20.02,SIRI,Property,1893.5199999999986
2023-06-22,78.2,36.82,115.03,41.38,8.88,SIRI,Property,1934.8999999999987
2023-06-23,21.66,27.98,49.64,-6.32,14.23,SIRI,Property,1928.5799999999988
2023-06-26,26.51,51.52,78.03,-25.0,18.17,SIRI,Property,1903.5799999999988
2023-06-27,15.41,17.74,33.14,-2.33,15.84,SIRI,Property,1901.2499999999989
2023-06-28,19.85,42.35,62.2,-22.5,22.98,SIRI,Property,1878.7499999999989
2023-06-29,27.22,22.86,50.08,4.36,23.32,SIRI,Property,1883.1099999999988
2023-06-30,235.93,99.33,335.26,136.59,18.87,SIRI,Property,2019.6999999999987
2023-07-03,39.47,54.71,94.18,-15.24,30.2,SIRI,Property,2004.4599999999987
2023-07-04,39.79,117.26,157.04,-77.47,23.01,SIRI,Property,1926.9899999999986
2023-07-05,73.51,48.97,122.48,24.54,10.2,SIRI,Property,1951.5299999999986
2023-07-06,119.41,120.99,240.4,-1.59,16.38,SIRI,Property,1949.9399999999987
2023-07-07,98.77,156.48,255.25,-57.7,22.48,SIRI,Property,1892.2399999999986
2023-07-10,27.73,93.81,121.53,-66.08,18.97,SIRI,Property,1826.1599999999987
2023-07-11,29.55,112.4,141.95,-82.85,29.98,SIRI,Property,1743.3099999999988
2023-07-12,91.15,188.94,280.09,-97.79,19.73,SIRI,Property,1645.5199999999988
2023-07-13,18.6,99.3,117.9,-80.71,20.41,SIRI,Property,1564.8099999999988
2023-07-14,132.92,74.48,207.4,58.44,17.28,SIRI,Property,1623.2499999999989
2023-07-17,337.68,79.34,417.01,258.34,12.92,SIRI,Property,1881.5899999999988
2023-07-18,273.1,66.42,339.51,206.68,15.36,SIRI,Property,2088.2699999999986
2023-07-19,201.03,53.93,254.96,147.1,12.57,SIRI,Property,2235.3699999999985
2023-07-20,180.05,49.89,229.94,130.15,13.92,SIRI,Property,2365.5199999999986
2023-07-21,208.46,139.33,347.79,69.13,13.93,SIRI,Property,2434.6499999999987
2023-07-24,140.85,236.56,377.41,-95.71,18.27,SIRI,Property,2338.9399999999987
2023-07-25,104.24,59.49,163.73,44.75,14.22,SIRI,Property,2383.6899999999987
2023-07-26,86.06,40.63,126.69,45.42,13.57,SIRI,Property,2429.1099999999988
2023-07-27,146.94,138.98,285.92,7.96,16.17,SIRI,Property,2437.069999999999
2023-07-31,51.37,157.81,209.18,-106.44,16.06,SIRI,Property,2330.6299999999987
2023-08-02,105.12,93.72,198.84,11.4,13.91,SIRI,Property,2342.029999999999
2023-08-03,119.56,233.98,353.54,-114.41,13.59,SIRI,Property,2227.619999999999
2023-08-04,201.44,192.6,394.04,8.84,14.32,SIRI,Property,2236.459999999999
2023-08-07,89.67,212.03,301.69,-122.36,21.77,SIRI,Property,2114.099999999999
2023-08-08,34.41,80.79,115.2,-46.39,23.14,SIRI,Property,2067.709999999999
2023-08-09,73.35,91.54,164.89,-18.19,11.82,SIRI,Property,2049.519999999999
2023-08-10,87.94,116.48,204.43,-28.54,15.51,SIRI,Property,2020.979999999999
2023-08-11,61.29,233.64,294.93,-172.35,20.43,SIRI,Property,1848.6299999999992
2023-08-15,248.78,87.25,336.03,161.53,15.24,SIRI,Property,2010.1599999999992
2023-08-16,108.46,143.23,251.69,-34.78,14.08,SIRI,Property,1975.3799999999992
2023-08-17,135.97,161.31,297.28,-25.34,19.14,SIRI,Property,1950.0399999999993
2023-08-18,57.7,108.45,166.15,-50.74,19.03,SIRI,Property,1899.2999999999993
2023-08-21,57.42,134.34,191.76,-76.92,17.12,SIRI,Property,1822.3799999999992
2023-08-22,559.43,211.06,770.5,348.37,13.22,SIRI,Property,2170.749999999999
2023-08-23,128.09,208.51,336.6,-80.42,9.71,SIRI,Property,2090.329999999999
2023-08-24,132.24,80.92,213.17,51.32,12.81,SIRI,Property,2141.649999999999
2023-08-25,79.85,99.47,179.33,-19.62,13.13,SIRI,Property,2122.0299999999993
2023-08-28,80.52,105.54,186.06,-25.02,8.17,SIRI,Property,2097.0099999999993
2023-08-29,62.83,112.67,175.5,-49.84,13.86,SIRI,Property,2047.1699999999994
2023-08-30,70.59,30.9,101.49,39.68,11.03,SIRI,Property,2086.8499999999995
2023-08-31,388.14,228.38,616.51,159.76,20.61,SIRI,Property,2246.6099999999997
2023-09-01,61.89,138.31,200.2,-76.42,10.94,SIRI,Property,2170.1899999999996
2023-09-04,110.5,169.8,280.3,-59.3,19.07,SIRI,Property,2110.8899999999994
2023-09-05,28.03,39.43,67.45,-11.4,10.55,SIRI,Property,2099.4899999999993
2023-09-06,59.09,46.96,106.05,12.13,10.03,SIRI,Property,2111.6199999999994
2023-09-07,161.77,79.49,241.26,82.28,16.07,SIRI,Property,2193.8999999999996
2023-09-08,48.65,45.23,93.89,3.42,12.97,SIRI,Property,2197.3199999999997
2023-09-11,50.58,99.85,150.44,-49.27,18.5,SIRI,Property,2148.0499999999997
2023-09-12,95.94,98.86,194.8,-2.91,13.83,SIRI,Property,2145.14
2023-09-13,98.09,66.97,165.07,31.12,22.84,SIRI,Property,2176.2599999999998
2023-09-14,68.16,71.08,139.24,-2.93,21.9,SIRI,Property,2173.33
2023-09-15,37.88,71.99,109.87,-34.11,24.87,SIRI,Property,2139.22
2023-09-18,27.94,69.98,97.92,-42.04,18.13,SIRI,Property,2097.18
2023-09-19,31.0,78.11,109.1,-47.11,15.54,SIRI,Property,2050.0699999999997
2023-09-20,137.4,125.08,262.48,12.32,16.58,SIRI,Property,2062.39
2023-09-21,51.04,91.9,142.94,-40.86,16.25,SIRI,Property,2021.53
2023-09-22,44.65,93.41,138.06,-48.77,12.4,SIRI,Property,1972.76
2023-09-25,33.92,66.51,100.42,-32.59,21.33,SIRI,Property,1940.17
2023-09-26,95.4,120.82,216.23,-25.42,18.2,SIRI,Property,1914.75
2023-09-27,43.81,59.94,103.75,-16.14,17.33,SIRI,Property,1898.61
2023-09-28,23.89,72.92,96.8,-49.03,15.79,SIRI,Property,1849.58
2023-09-29,109.59,93.8,203.39,15.79,29.19,SIRI,Property,1865.37
2023-10-02,31.18,49.78,80.96,-18.59,12.36,SIRI,Property,1846.78
2023-10-03,49.43,116.03,165.46,-66.6,18.22,SIRI,Property,1780.18
2023-10-04,43.78,84.88,128.66,-41.1,19.34,SIRI,Property,1739.0800000000002
2023-10-05,75.13,110.06,185.18,-34.93,20.92,SIRI,Property,1704.15
2023-10-06,121.96,57.04,178.99,64.92,25.54,SIRI,Property,1769.0700000000002
2023-10-09,56.57,52.34,108.9,4.23,22.89,SIRI,Property,1773.3000000000002
2023-10-10,48.96,37.3,86.26,11.66,14.91,SIRI,Property,1784.9600000000003
2023-10-11,66.44,96.35,162.79,-29.91,20.73,SIRI,Property,1755.0500000000002
2023-10-12,30.7,50.05,80.75,-19.35,22.64,SIRI,Property,1735.7000000000003
2023-10-16,59.07,212.94,272.01,-153.86,28.86,SIRI,Property,1581.8400000000001
2023-10-17,16.75,16.52,33.28,0.23,24.85,SIRI,Property,1582.0700000000002
2023-10-18,200.13,187.74,387.87,12.39,63.56,SIRI,Property,1594.4600000000003
2023-10-19,8.63,24.17,32.8,-15.53,20.14,SIRI,Property,1578.9300000000003
2023-10-20,37.02,64.39,101.4,-27.37,14.55,SIRI,Property,1551.5600000000004
2023-10-24,42.24,48.99,91.23,-6.75,27.67,SIRI,Property,1544.8100000000004
2023-10-25,19.59,24.87,44.46,-5.29,12.16,SIRI,Property,1539.5200000000004
2023-10-26,22.85,28.02,50.88,-5.17,14.24,SIRI,Property,1534.3500000000004
2023-10-27,38.35,34.36,72.72,3.99,18.19,SIRI,Property,1538.3400000000004
2023-10-30,17.43,15.36,32.79,2.07,21.49,SIRI,Property,1540.4100000000003
2023-10-31,23.81,34.35,58.16,-10.53,26.12,SIRI,Property,1529.8800000000003
2023-11-01,27.12,20.5,47.62,6.62,18.43,SIRI,Property,1536.5000000000002
2023-11-02,57.1,30.37,87.47,26.73,24.78,SIRI,Property,1563.2300000000002
2023-11-03,12.38,38.48,50.86,-26.1,20.57,SIRI,Property,1537.1300000000003
2023-11-06,33.74,40.83,74.57,-7.09,25.24,SIRI,Property,1530.0400000000004
2023-11-07,18.08,38.06,56.14,-19.98,29.97,SIRI,Property,1510.0600000000004
2023-11-08,13.45,38.62,52.06,-25.17,29.25,SIRI,Property,1484.8900000000003
2023-11-09,22.3,35.75,58.05,-13.45,23.71,SIRI,Property,1471.4400000000003
2023-11-10,15.08,21.64,36.72,-6.56,21.21,SIRI,Property,1464.8800000000003
2023-11-13,32.29,34.82,67.11,-2.53,20.84,SIRI,Property,1462.3500000000004
2023-11-14,41.41,23.88,65.29,17.54,24.61,SIRI,Property,1479.8900000000003
2023-11-15,46.26,7.6,53.86,38.66,22.81,SIRI,Property,1518.5500000000004
2023-11-16,10.27,11.54,21.81,-1.28,10.64,SIRI,Property,1517.2700000000004
2023-11-17,14.22,13.31,27.53,0.9,16.25,SIRI,Property,1518.1700000000005
2023-11-20,13.28,4.94,18.22,8.34,16.09,SIRI,Property,1526.5100000000004
2023-11-21,48.76,31.19,79.95,17.57,25.52,SIRI,Property,1544.0800000000004
2023-11-22,22.82,3.67,26.49,19.15,19.15,SIRI,Property,1563.2300000000005
2023-11-23,43.39,22.28,65.67,21.1,21.75,SIRI,Property,1584.3300000000004
2023-11-24,12.73,21.36,34.08,-8.63,23.03,SIRI,Property,1575.7000000000003
2023-11-27,29.0,25.05,54.06,3.95,21.76,SIRI,Property,1579.6500000000003
2023-11-28,31.33,14.8,46.13,16.54,22.2,SIRI,Property,1596.1900000000003
2023-11-29,21.27,22.51,43.79,-1.24,22.7,SIRI,Property,1594.9500000000003
2023-11-30,86.47,32.33,118.8,54.14,31.59,SIRI,Property,1649.0900000000004
2023-12-01,29.65,9.78,39.43,19.87,23.64,SIRI,Property,1668.9600000000003
2023-12-04,18.03,10.13,28.17,7.9,18.98,SIRI,Property,1676.8600000000004
2023-12-06,15.83,10.37,26.2,5.46,19.85,SIRI,Property,1682.3200000000004
2023-12-07,6.12,8.13,14.26,-2.01,17.16,SIRI,Property,1680.3100000000004
2023-12-08,8.75,18.5,27.25,-9.75,24.81,SIRI,Property,1670.5600000000004
2023-12-12,23.26,27.91,51.17,-4.66,21.61,SIRI,Property,1665.9000000000003
2023-12-13,15.19,5.78,20.97,9.41,18.54,SIRI,Property,1675.3100000000004
2023-12-14,31.45,12.2,43.66,19.25,20.3,SIRI,Property,1694.5600000000004
2023-12-15,43.23,14.42,57.65,28.81,26.77,SIRI,Property,1723.3700000000003
2023-12-18,12.06,12.39,24.45,-0.34,13.18,SIRI,Property,1723.0300000000004
2023-12-19,8.19,10.54,18.73,-2.36,19.16,SIRI,Property,1720.6700000000005
2023-12-20,9.06,6.0,15.06,3.07,12.84,SIRI,Property,1723.7400000000005
2023-12-21,26.35,9.78,36.12,16.57,13.91,SIRI,Property,1740.3100000000004
2023-12-22,4.04,10.3,14.35,-6.26,10.47,SIRI,Property,1734.0500000000004
2023-12-25,4.36,4.7,9.06,-0.33,9.58,SIRI,Property,1733.7200000000005
2023-12-26,12.76,10.19,22.95,2.57,24.42,SIRI,Property,1736.2900000000004
2023-12-27,41.45,26.02,67.47,15.43,19.4,SIRI,Property,1751.7200000000005
2023-12-28,36.06,40.75,76.81,-4.7,36.92,SIRI,Property,1747.0200000000004
2024-01-02,21.65,12.96,34.62,8.69,11.7,SIRI,Property,1755.7100000000005
2024-01-03,87.62,32.64,120.26,54.97,10.47,SIRI,Property,1810.6800000000005
2024-01-04,22.05,23.46,45.51,-1.41,8.87,SIRI,Property,1809.2700000000004
2024-01-05,32.82,34.68,67.5,-1.85,15.08,SIRI,Property,1807.4200000000005
2024-01-08,20.15,14.33,34.48,5.81,10.24,SIRI,Property,1813.2300000000005
2024-01-09,10.92,9.7,20.62,1.21,13.38,SIRI,Property,1814.4400000000005
2024-01-10,63.82,20.68,84.5,43.14,22.13,SIRI,Property,1857.5800000000006
2024-01-11,49.96,29.36,79.32,20.59,21.15,SIRI,Property,1878.1700000000005
2024-01-12,29.53,39.63,69.16,-10.1,21.58,SIRI,Property,1868.0700000000006
2024-01-15,17.79,27.91,45.69,-10.12,19.01,SIRI,Property,1857.9500000000007
2024-01-16,17.97,16.3,34.27,1.68,21.07,SIRI,Property,1859.6300000000008
2024-01-17,30.94,43.0,73.94,-12.07,20.09,SIRI,Property,1847.5600000000009
2024-01-18,19.1,15.83,34.92,3.27,22.03,SIRI,Property,1850.8300000000008
2024-01-19,6.89,12.85,19.75,-5.96,16.84,SIRI,Property,1844.8700000000008
2024-01-22,13.38,24.43,37.81,-11.06,26.77,SIRI,Property,1833.8100000000009
2024-01-23,23.54,24.92,48.46,-1.38,21.33,SIRI,Property,1832.4300000000007
2024-01-24,28.47,24.58,53.05,3.89,22.49,SIRI,Property,1836.3200000000008
2024-01-25,7.08,14.1,21.18,-7.02,21.25,SIRI,Property,1829.3000000000009
2024-01-26,10.01,13.62,23.63,-3.61,17.28,SIRI,Property,1825.690000000001
2024-01-29,23.61,17.42,41.03,6.19,24.37,SIRI,Property,1831.880000000001
2024-01-30,41.13,25.26,66.39,15.88,19.92,SIRI,Property,1847.7600000000011
2024-01-31,30.41,38.16,68.57,-7.75,23.05,SIRI,Property,1840.0100000000011
2024-02-01,17.92,19.17,37.09,-1.25,24.95,SIRI,Property,1838.7600000000011
2024-02-02,15.11,9.1,24.21,6.01,16.64,SIRI,Property,1844.7700000000011
2024-02-05,34.25,12.06,46.31,22.19,19.8,SIRI,Property,1866.9600000000012
2024-02-06,30.04,22.25,52.29,7.79,20.27,SIRI,Property,1874.7500000000011
2024-02-07,12.04,16.01,28.04,-3.97,20.03,SIRI,Property,1870.780000000001
2024-02-08,22.46,30.26,52.72,-7.8,15.58,SIRI,Property,1862.9800000000012
2024-02-09,14.77,11.7,26.47,3.07,20.65,SIRI,Property,1866.050000000001
2024-02-12,24.4,10.89,35.29,13.52,18.8,SIRI,Property,1879.570000000001
2024-02-13,6.79,14.06,20.85,-7.26,25.56,SIRI,Property,1872.310000000001
2024-02-14,12.42,18.69,31.1,-6.27,29.86,SIRI,Property,1866.040000000001
2024-02-15,7.72,7.13,14.86,0.59,20.23,SIRI,Property,1866.630000000001
2024-02-16,10.6,9.77,20.37,0.83,24.23,SIRI,Property,1867.460000000001
2024-02-19,33.99,22.4,56.39,11.59,19.69,SIRI,Property,1879.0500000000009
2024-02-20,21.92,30.65,52.57,-8.73,29.93,SIRI,Property,1870.3200000000008
2024-02-21,17.69,17.37,35.06,0.33,18.35,SIRI,Property,1870.6500000000008
2024-02-22,16.67,11.98,28.65,4.68,16.79,SIRI,Property,1875.3300000000008
2024-02-23,10.35,12.09,22.45,-1.74,16.49,SIRI,Property,1873.5900000000008
2024-02-27,66.55,34.87,101.42,31.68,14.2,SIRI,Property,1905.270000000001
2024-02-28,85.04,65.74,150.78,19.29,17.0,SIRI,Property,1924.5600000000009
2024-02-29,76.29,32.85,109.14,43.44,21.47,SIRI,Property,1968.000000000001
2024-03-01,26.63,56.26,82.89,-29.62,28.86,SIRI,Property,1938.380000000001
2024-03-04,35.86,83.92,119.78,-48.07,35.56,SIRI,Property,1890.310000000001
2024-03-05,42.93,80.29,123.22,-37.36,35.5,SIRI,Property,1852.9500000000012
2024-03-06,40.63,91.77,132.4,-51.15,29.0,SIRI,Property,1801.800000000001
2024-03-07,49.8,47.75,97.55,2.05,35.42,SIRI,Property,1803.850000000001
2024-03-08,19.58,39.06,58.64,-19.47,20.48,SIRI,Property,1784.380000000001
2024-03-11,29.33,62.4,91.72,-33.07,24.7,SIRI,Property,1751.310000000001
2024-03-12,17.33,45.51,62.84,-28.17,23.93,SIRI,Property,1723.140000000001
2024-03-13,40.42,46.86,87.28,-6.43,27.35,SIRI,Property,1716.710000000001
2024-03-14,42.59,124.87,167.46,-82.27,20.56,SIRI,Property,1634.440000000001
2024-03-15,270.22,334.81,605.03,-64.59,40.46,SIRI,Property,1569.850000000001
2024-03-18,19.71,112.35,132.07,-92.64,21.24,SIRI,Property,1477.210000000001
2024-03-19,34.55,68.58,103.13,-34.04,29.89,SIRI,Property,1443.170000000001
2024-03-20,31.97,112.63,144.6,-80.66,23.43,SIRI,Property,1362.510000000001
2024-03-21,40.35,70.32,110.67,-29.97,35.69,SIRI,Property,1332.5400000000009
2024-03-22,11.21,35.78,47.0,-24.57,24.25,SIRI,Property,1307.970000000001
2024-03-25,23.66,60.98,84.64,-37.32,24.43,SIRI,Property,1270.650000000001
2024-03-26,25.67,85.31,110.98,-59.64,15.35,SIRI,Property,1211.010000000001
2024-03-27,86.58,70.51,157.09,16.07,18.96,SIRI,Property,1227.0800000000008
2024-03-28,18.7,22.16,40.86,-3.46,13.62,SIRI,Property,1223.6200000000008
2024-03-29,6.71,3.54,10.25,3.17,11.86,SIRI,Property,1226.7900000000009
2024-04-01,32.32,53.34,85.66,-21.02,15.89,SIRI,Property,1205.770000000001
2024-04-02,29.43,14.33,43.76,15.09,16.61,SIRI,Property,1220.8600000000008
2024-04-03,35.99,41.49,77.48,-5.49,12.44,SIRI,Property,1215.3700000000008
2024-04-04,6.13,24.32,30.46,-18.19,7.81,SIRI,Property,1197.1800000000007
2024-04-05,16.07,7.55,23.62,8.51,11.54,SIRI,Property,1205.6900000000007
2024-04-09,154.39,35.83,190.22,118.55,17.92,SIRI,Property,1324.2400000000007
2024-04-10,127.53,32.69,160.23,94.84,20.82,SIRI,Property,1419.0800000000006
2024-04-11,39.91,34.08,73.99,5.83,29.61,SIRI,Property,1424.9100000000005
2024-04-17,30.12,52.42,82.54,-22.3,21.72,SIRI,Property,1402.6100000000006
2024-04-18,35.62,50.69,86.31,-15.08,24.63,SIRI,Property,1387.5300000000007
2024-04-19,43.3,37.81,81.1,5.49,24.24,SIRI,Property,1393.0200000000007
2024-04-22,14.29,46.55,60.83,-32.26,29.05,SIRI,Property,1360.7600000000007
2024-04-23,1.7,26.41,28.11,-24.7,24.62,SIRI,Property,1336.0600000000006
2024-04-24,17.49,20.61,38.1,-3.13,25.2,SIRI,Property,1332.9300000000005
2024-04-25,15.19,40.86,56.04,-25.67,22.68,SIRI,Property,1307.2600000000004
2024-04-26,17.44,13.1,30.54,4.34,11.61,SIRI,Property,1311.6000000000004
2024-04-29,26.44,16.27,42.71,10.18,23.24,SIRI,Property,1321.7800000000004
2024-04-30,25.85,28.64,54.49,-2.78,23.49,SIRI,Property,1319.0000000000005
2024-05-02,22.52,12.36,34.88,10.15,24.99,SIRI,Property,1329.1500000000005
2024-05-03,11.1,12.81,23.91,-1.71,20.28,SIRI,Property,1327.4400000000005
2024-05-07,23.96,39.61,63.56,-15.65,26.82,SIRI,Property,1311.7900000000004
2024-05-08,7.81,9.81,17.62,-2.0,23.41,SIRI,Property,1309.7900000000004
2024-05-09,31.27,35.8,67.06,-4.53,27.85,SIRI,Property,1305.2600000000004
2024-05-10,33.67,20.96,54.63,12.71,30.98,SIRI,Property,1317.9700000000005
2024-05-13,25.86,17.05,42.92,8.81,17.15,SIRI,Property,1326.7800000000004
2024-05-14,9.27,12.31,21.58,-3.03,20.53,SIRI,Property,1323.7500000000005
2024-05-15,17.68,59.18,76.86,-41.5,26.43,SIRI,Property,1282.2500000000005
2024-05-16,27.5,15.56,43.06,11.94,27.97,SIRI,Property,1294.1900000000005
2024-05-17,31.63,21.21,52.84,10.42,26.15,SIRI,Property,1304.6100000000006
2024-05-20,43.67,30.65,74.32,13.01,28.34,SIRI,Property,1317.6200000000006
2024-05-21,13.61,16.56,30.17,-2.95,33.72,SIRI,Property,1314.6700000000005
2024-05-23,39.03,125.83,164.86,-86.81,30.6,SIRI,Property,1227.8600000000006
2024-05-24,64.57,65.34,129.91,-0.76,21.39,SIRI,Property,1227.1000000000006
2024-05-27,17.94,6.04,23.98,11.9,17.1,SIRI,Property,1239.0000000000007
2024-05-28,29.31,13.74,43.05,15.56,28.7,SIRI,Property,1254.5600000000006
2024-05-29,23.38,9.81,33.19,13.57,21.67,SIRI,Property,1268.1300000000006
2024-05-30,20.59,28.53,49.13,-7.94,41.19,SIRI,Property,1260.1900000000005
2024-05-31,56.72,50.49,107.2,6.23,29.2,SIRI,Property,1266.4200000000005
2024-06-04,93.54,88.5,182.03,5.04,54.36,SIRI,Property,1271.4600000000005
2024-06-05,20.98,9.01,29.99,11.97,17.23,SIRI,Property,1283.4300000000005
2024-06-06,82.55,106.03,188.57,-23.48,58.24,SIRI,Property,1259.9500000000005
2024-06-07,12.09,7.36,19.44,4.73,17.46,SIRI,Property,1264.6800000000005
2024-06-10,13.36,17.29,30.65,-3.92,23.73,SIRI,Property,1260.7600000000004
2024-06-11,21.27,21.28,42.54,-0.01,28.0,SIRI,Property,1260.7500000000005
2024-06-12,37.88,17.57,55.44,20.31,35.88,SIRI,Property,1281.0600000000004
2024-06-13,79.5,79.16,158.66,0.35,54.35,SIRI,Property,1281.4100000000003
2024-06-14,21.02,23.65,44.67,-2.63,29.17,SIRI,Property,1278.7800000000002
2024-06-17,17.62,28.68,46.3,-11.06,24.33,SIRI,Property,1267.7200000000003
2024-06-18,41.21,7.82,49.03,33.39,17.58,SIRI,Property,1301.1100000000004
2024-06-19,19.11,25.89,45.0,-6.77,16.68,SIRI,Property,1294.3400000000004
2024-06-20,13.66,15.77,29.43,-2.11,17.36,SIRI,Property,1292.2300000000005
2024-06-21,29.63,68.48,98.11,-38.85,22.42,SIRI,Property,1253.3800000000006
2024-06-24,111.24,21.97,133.21,89.26,25.61,SIRI,Property,1342.6400000000006
2024-06-25,95.07,58.43,153.49,36.64,44.85,SIRI,Property,1379.2800000000007
2024-06-26,75.68,53.42,129.1,22.26,35.02,SIRI,Property,1401.5400000000006
2024-06-27,20.26,20.57,40.83,-0.31,27.56,SIRI,Property,1401.2300000000007
2024-06-28,25.0,16.74,41.74,8.26,23.7,SIRI,Property,1409.4900000000007
2024-07-01,21.61,6.53,28.15,15.08,27.78,SIRI,Property,1424.5700000000006
2024-07-02,11.35,16.5,27.85,-5.15,10.21,SIRI,Property,1419.4200000000005
2024-07-03,12.57,5.25,17.81,7.32,15.56,SIRI,Property,1426.7400000000005
2024-07-04,31.71,5.77,37.49,25.94,16.73,SIRI,Property,1452.6800000000005
2024-07-05,28.05,12.87,40.92,15.19,16.9,SIRI,Property,1467.8700000000006
2024-07-08,26.43,17.91,44.34,8.51,31.11,SIRI,Property,1476.3800000000006
2024-07-09,10.43,4.54,14.97,5.88,20.57,SIRI,Property,1482.2600000000007
2024-07-10,8.63,7.52,16.15,1.11,15.48,SIRI,Property,1483.3700000000006
2024-07-11,58.88,6.79,65.66,52.09,19.52,SIRI,Property,1535.4600000000005
2024-07-12,38.97,19.4,58.37,19.56,17.14,SIRI,Property,1555.0200000000004
2024-07-15,23.92,18.24,42.15,5.68,15.48,SIRI,Property,1560.7000000000005
2024-07-16,33.61,4.53,38.14,29.07,20.04,SIRI,Property,1589.7700000000004
2024-07-17,14.88,13.75,28.63,1.13,17.77,SIRI,Property,1590.9000000000005
2024-07-18,13.03,10.57,23.61,2.46,12.23,SIRI,Property,1593.3600000000006
2024-07-19,7.72,12.38,20.1,-4.66,18.53,SIRI,Property,1588.7000000000005
2024-07-23,8.13,16.99,25.12,-8.85,17.68,SIRI,Property,1579.8500000000006
2024-07-24,21.16,6.97,28.13,14.19,20.79,SIRI,Property,1594.0400000000006
2024-07-25,0.8,5.11,5.91,-4.32,12.17,SIRI,Property,1589.7200000000007
2024-07-26,6.12,6.07,12.19,0.05,14.72,SIRI,Property,1589.7700000000007
2024-07-30,10.37,22.02,32.38,-11.65,20.94,SIRI,Property,1578.1200000000006
2024-07-31,28.7,11.22,39.92,17.49,18.12,SIRI,Property,1595.6100000000006
2024-08-01,32.06,14.72,46.78,17.34,13.83,SIRI,Property,1612.9500000000005
2024-08-02,38.22,8.29,46.51,29.94,18.67,SIRI,Property,1642.8900000000006
2024-08-05,19.29,36.16,55.45,-16.86,18.15,SIRI,Property,1626.0300000000007
2024-08-06,12.98,38.15,51.12,-25.17,27.82,SIRI,Property,1600.8600000000006
2024-08-07,16.51,26.41,42.93,-9.9,18.91,SIRI,Property,1590.9600000000005
2024-08-08,15.43,9.49,24.92,5.95,16.41,SIRI,Property,1596.9100000000005
2024-08-09,14.65,41.04,55.69,-26.38,19.24,SIRI,Property,1570.5300000000004
2024-08-13,26.99,18.38,45.37,8.62,20.68,SIRI,Property,1579.1500000000003
2024-08-14,142.87,50.78,193.65,92.09,17.04,SIRI,Property,1671.2400000000002
2024-08-15,47.18,25.84,73.02,21.34,14.78,SIRI,Property,1692.5800000000002
2024-08-16,61.41,10.48,71.88,50.93,18.79,SIRI,Property,1743.5100000000002
2024-08-19,17.88,44.15,62.03,-26.27,20.49,SIRI,Property,1717.2400000000002
2024-08-20,17.38,34.33,51.71,-16.95,19.05,SIRI,Property,1700.2900000000002
2024-08-21,42.23,44.96,87.18,-2.73,9.45,SIRI,Property,1697.5600000000002
2024-08-22,40.99,41.57,82.56,-0.58,13.01,SIRI,Property,1696.9800000000002
2024-08-23,125.06,20.18,145.24,104.87,22.21,SIRI,Property,1801.8500000000004
2024-08-26,29.66,99.43,129.1,-69.77,19.07,SIRI,Property,1732.0800000000004
2024-08-27,55.37,81.14,136.51,-25.77,19.98,SIRI,Property,1706.3100000000004
2024-08-28,44.33,23.7,68.03,20.63,17.73,SIRI,Property,1726.9400000000005
2024-08-29,12.5,22.08,34.58,-9.57,16.44,SIRI,Property,1717.3700000000006
2024-08-30,56.76,17.28,74.04,39.48,24.08,SIRI,Property,1756.8500000000006
2024-09-02,9.3,12.51,21.81,-3.22,18.12,SIRI,Property,1753.6300000000006
2024-09-03,14.2,8.96,23.17,5.24,13.42,SIRI,Property,1758.8700000000006
2024-09-04,14.34,9.89,24.24,4.45,15.84,SIRI,Property,1763.3200000000006
2024-09-05,39.27,7.51,46.78,31.77,16.53,SIRI,Property,1795.0900000000006
2024-09-06,87.82,11.5,99.33,76.32,18.38,SIRI,Property,1871.4100000000005
2024-09-09,65.96,30.46,96.42,35.49,11.1,SIRI,Property,1906.9000000000005
2024-09-10,68.12,41.19,109.31,26.93,20.96,SIRI,Property,1933.8300000000006
2024-09-11,31.73,42.24,73.97,-10.52,12.64,SIRI,Property,1923.3100000000006
2024-09-12,18.94,10.46,29.41,8.48,13.95,SIRI,Property,1931.7900000000006
2024-09-13,74.69,9.27,83.97,65.42,19.8,SIRI,Property,1997.2100000000007
2024-09-16,61.81,3.21,65.02,58.61,18.24,SIRI,Property,2055.8200000000006
2024-09-17,33.11,22.91,56.02,10.19,13.47,SIRI,Property,2066.0100000000007
2024-09-18,26.17,6.5,32.67,19.67,16.42,SIRI,Property,2085.6800000000007
2024-09-19,54.89,17.75,72.64,37.15,14.95,SIRI,Property,2122.830000000001
2024-09-20,43.45,21.56,65.01,21.89,22.22,SIRI,Property,2144.7200000000007
2024-09-23,39.42,26.25,65.67,13.17,19.86,SIRI,Property,2157.890000000001
2024-09-24,83.19,12.59,95.78,70.6,26.19,SIRI,Property,2228.4900000000007
2024-09-25,213.2,32.05,245.25,181.15,21.68,SIRI,Property,2409.640000000001
2024-09-26,36.22,71.17,107.39,-34.96,14.19,SIRI,Property,2374.6800000000007
2024-09-27,47.75,29.24,76.99,18.5,18.45,SIRI,Property,2393.1800000000007
2024-09-30,118.97,61.85,180.81,57.12,32.1,SIRI,Property,2450.3000000000006
2024-10-01,5.52,22.01,27.54,-16.49,12.38,SIRI,Property,2433.810000000001
2024-10-02,40.86,22.33,63.19,18.53,22.25,SIRI,Property,2452.340000000001
2024-10-03,34.35,19.95,54.29,14.4,16.66,SIRI,Property,2466.740000000001
2024-10-04,59.75,36.99,96.73,22.76,20.35,SIRI,Property,2489.5000000000014
2024-10-07,33.46,11.37,44.83,22.09,20.88,SIRI,Property,2511.5900000000015
2024-10-08,15.98,28.12,44.1,-12.15,18.95,SIRI,Property,2499.4400000000014
2024-10-09,8.18,60.13,68.31,-51.95,24.98,SIRI,Property,2447.4900000000016
2024-10-10,51.39,28.48,79.87,22.91,31.77,SIRI,Property,2470.4000000000015
2024-10-11,22.45,13.09,35.54,9.36,20.47,SIRI,Property,2479.7600000000016
2024-10-15,46.37,58.59,104.96,-12.23,28.45,SIRI,Property,2467.5300000000016
2024-10-16,212.66,87.5,300.16,125.15,37.12,SIRI,Property,2592.6800000000017
2024-10-17,30.09,69.07,99.16,-38.98,25.9,SIRI,Property,2553.7000000000016
2024-10-18,38.28,65.2,103.48,-26.91,22.19,SIRI,Property,2526.790000000002
2024-10-21,18.32,63.14,81.46,-44.82,20.87,SIRI,Property,2481.9700000000016
2024-10-22,34.95,71.99,106.95,-37.04,33.26,SIRI,Property,2444.9300000000017
2024-10-24,37.77,40.52,78.3,-2.75,16.12,SIRI,Property,2442.1800000000017
2024-10-25,35.32,38.5,73.82,-3.18,23.41,SIRI,Property,2439.000000000002
2024-10-28,23.89,23.29,47.18,0.59,27.44,SIRI,Property,2439.590000000002
2024-10-29,30.92,27.68,58.6,3.24,42.16,SIRI,Property,2442.8300000000017
2024-10-30,13.75,16.08,29.83,-2.33,21.28,SIRI,Property,2440.500000000002
2024-10-31,19.18,51.57,70.75,-32.39,20.22,SIRI,Property,2408.110000000002
2024-11-01,29.95,16.42,46.38,13.53,20.55,SIRI,Property,2421.640000000002
2024-11-04,10.21,19.19,29.4,-8.98,27.24,SIRI,Property,2412.660000000002
2024-11-05,24.58,10.36,34.93,14.22,30.43,SIRI,Property,2426.880000000002
2024-11-06,21.79,32.22,54.0,-10.43,21.63,SIRI,Property,2416.450000000002
2024-11-07,6.14,13.44,19.59,-7.3,30.14,SIRI,Property,2409.150000000002
2024-11-08,6.53,31.58,38.11,-25.06,23.31,SIRI,Property,2384.090000000002
2024-11-11,17.67,12.29,29.95,5.38,20.29,SIRI,Property,2389.470000000002
2024-11-12,11.6,11.24,22.84,0.36,13.54,SIRI,Property,2389.830000000002
2024-11-13,24.36,15.32,39.68,9.04,16.7,SIRI,Property,2398.870000000002
2024-11-14,9.85,36.69,46.55,-26.84,26.25,SIRI,Property,2372.030000000002
2024-11-15,19.14,31.85,50.99,-12.7,22.79,SIRI,Property,2359.330000000002
2024-11-18,18.26,29.39,47.65,-11.13,26.91,SIRI,Property,2348.200000000002
2024-11-19,27.49,48.68,76.17,-21.19,15.45,SIRI,Property,2327.010000000002
2024-11-20,8.72,37.81,46.53,-29.1,21.46,SIRI,Property,2297.910000000002
2024-11-21,15.43,24.37,39.8,-8.95,17.56,SIRI,Property,2288.9600000000023
2024-11-22,26.64,20.99,47.63,5.66,13.52,SIRI,Property,2294.620000000002
2024-11-25,4.64,5.97,10.61,-1.33,16.46,SIRI,Property,2293.2900000000022
2024-11-26,7.85,17.55,25.39,-9.7,27.26,SIRI,Property,2283.5900000000024
2024-11-27,1.5,10.87,12.38,-9.37,15.61,SIRI,Property,2274.2200000000025
2024-11-28,5.22,5.32,10.54,-0.09,7.82,SIRI,Property,2274.1300000000024
2024-11-29,31.58,12.66,44.24,18.91,26.31,SIRI,Property,2293.0400000000022
2024-12-02,9.55,13.79,23.34,-4.25,14.47,SIRI,Property,2288.7900000000022
2024-12-03,18.53,7.01,25.54,11.52,14.89,SIRI,Property,2300.310000000002
2024-12-04,7.77,16.16,23.93,-8.4,19.12,SIRI,Property,2291.910000000002
2024-12-06,17.07,6.72,23.79,10.35,18.42,SIRI,Property,2302.260000000002
2024-12-09,8.14,26.84,34.98,-18.7,26.82,SIRI,Property,2283.560000000002
2024-12-11,10.27,9.39,19.66,0.88,21.58,SIRI,Property,2284.4400000000023
2024-12-12,9.32,16.32,25.65,-7.0,22.71,SIRI,Property,2277.4400000000023
2024-12-13,12.32,5.98,18.29,6.34,11.96,SIRI,Property,2283.7800000000025
2024-12-16,22.63,21.36,43.99,1.27,27.63,SIRI,Property,2285.0500000000025
2024-12-17,20.85,33.91,54.76,-13.06,22.98,SIRI,Property,2271.9900000000025
2024-12-18,18.76,37.64,56.4,-18.88,30.09,SIRI,Property,2253.1100000000024
2024-12-19,35.24,45.62,80.86,-10.39,40.05,SIRI,Property,2242.7200000000025
2024-12-20,11.64,22.3,33.94,-10.67,28.32,SIRI,Property,2232.0500000000025
2024-12-23,7.88,21.98,29.86,-14.1,24.4,SIRI,Property,2217.9500000000025
2024-12-24,8.29,11.27,19.56,-2.98,19.26,SIRI,Property,2214.9700000000025
2024-12-25,5.63,4.11,9.74,1.51,14.57,SIRI,Property,2216.4800000000027
2024-12-26,7.86,12.87,20.73,-5.0,25.34,SIRI,Property,2211.4800000000027
2024-12-27,3.57,9.85,13.42,-6.27,9.87,SIRI,Property,2205.2100000000028
2024-12-30,18.9,20.62,39.52,-1.73,16.81,SIRI,Property,2203.4800000000027
2025-01-02,9.27,8.11,17.38,1.16,15.19,SIRI,Property,2204.6400000000026
2025-01-03,3.4,3.53,6.92,-0.13,10.38,SIRI,Property,2204.5100000000025
2025-01-06,9.29,10.58,19.87,-1.29,16.15,SIRI,Property,2203.2200000000025
2025-01-07,23.79,5.1,28.89,18.69,29.06,SIRI,Property,2221.9100000000026
2025-01-08,4.36,6.01,10.38,-1.65,3.75,SIRI,Property,2220.2600000000025
2025-01-09,7.4,10.3,17.7,-2.89,17.02,SIRI,Property,2217.3700000000026
2025-01-10,2.28,18.81,21.09,-16.53,19.55,SIRI,Property,2200.8400000000024
2025-01-13,9.6,9.96,19.56,-0.36,13.46,SIRI,Property,2200.4800000000023
2025-01-14,10.93,39.45,50.38,-28.52,17.54,SIRI,Property,2171.9600000000023
2025-01-15,18.21,8.11,26.32,10.1,11.39,SIRI,Property,2182.060000000002
2025-01-16,6.12,14.3,20.42,-8.18,21.82,SIRI,Property,2173.8800000000024
2025-01-17,5.63,9.65,15.28,-4.03,17.46,SIRI,Property,2169.850000000002
2025-01-20,4.75,6.45,11.2,-1.7,16.58,SIRI,Property,2168.1500000000024
2025-01-21,3.74,6.67,10.41,-2.93,34.98,SIRI,Property,2165.2200000000025
2025-01-22,2.82,9.53,12.35,-6.71,20.58,SIRI,Property,2158.5100000000025
2025-01-23,1.99,3.54,5.53,-1.55,6.78,SIRI,Property,2156.9600000000023
2025-01-24,2.31,4.05,6.36,-1.74,9.07,SIRI,Property,2155.2200000000025
2025-01-27,4.57,5.07,9.64,-0.5,16.38,SIRI,Property,2154.7200000000025
2025-01-28,1.68,2.83,4.51,-1.14,9.28,SIRI,Property,2153.5800000000027
2025-01-29,11.69,2.79,14.48,8.9,20.57,SIRI,Property,2162.4800000000027
2025-01-30,6.71,11.93,18.64,-5.22,16.6,SIRI,Property,2157.260000000003
2025-01-31,7.48,6.69,14.16,0.79,18.43,SIRI,Property,2158.050000000003
2025-02-03,9.73,12.23,21.95,-2.5,12.82,SIRI,Property,2155.550000000003
2025-02-04,2.7,18.7,21.4,-16.01,15.22,SIRI,Property,2139.5400000000027
2025-02-05,6.29,9.33,15.62,-3.04,18.2,SIRI,Property,2136.5000000000027
2025-02-06,3.78,11.3,15.09,-7.52,15.75,SIRI,Property,2128.9800000000027
2025-02-07,1.98,9.74,11.71,-7.76,12.97,SIRI,Property,2121.2200000000025
2025-02-10,8.6,23.17,31.78,-14.57,10.12,SIRI,Property,2106.6500000000024
2025-02-11,39.29,17.61,56.9,21.68,12.3,SIRI,Property,2128.330000000002
2025-02-13,11.87,16.98,28.85,-5.11,20.32,SIRI,Property,2123.220000000002
2025-02-14,11.71,16.44,28.15,-4.73,20.5,SIRI,Property,2118.490000000002
2025-02-17,10.8,8.86,19.66,1.94,18.2,SIRI,Property,2120.430000000002
2025-02-18,24.47,23.74,48.2,0.73,34.65,SIRI,Property,2121.160000000002
2025-02-19,22.57,29.53,52.1,-6.96,17.18,SIRI,Property,2114.200000000002
2025-02-20,9.87,41.71,51.58,-31.84,23.45,SIRI,Property,2082.360000000002
2025-02-21,11.54,28.91,40.45,-17.36,16.22,SIRI,Property,2065.000000000002
2025-02-24,6.96,22.05,29.01,-15.1,19.41,SIRI,Property,2049.900000000002
2025-02-25,8.96,24.5,33.47,-15.54,24.09,SIRI,Property,2034.360000000002
2025-02-26,15.4,11.3,26.7,4.1,10.53,SIRI,Property,2038.4600000000019
2025-02-27,20.1,11.37,31.47,8.73,26.08,SIRI,Property,2047.1900000000019
2025-02-28,25.84,15.07,40.91,10.77,25.24,SIRI,Property,2057.960000000002
2025-03-03,7.73,10.33,18.05,-2.6,18.63,SIRI,Property,2055.360000000002
2025-03-04,15.97,5.27,21.24,10.7,13.93,SIRI,Property,2066.0600000000018
2025-03-05,10.1,9.18,19.28,0.93,13.12,SIRI,Property,2066.9900000000016
2025-03-06,18.78,5.33,24.11,13.46,21.54,SIRI,Property,2080.4500000000016
2025-03-07,6.71,6.12,12.82,0.59,12.37,SIRI,Property,2081.040000000002
2025-03-10,15.95,37.3,53.25,-21.36,26.07,SIRI,Property,2059.6800000000017
2025-03-11,16.38,16.58,32.96,-0.2,20.7,SIRI,Property,2059.480000000002
2025-03-12,11.69,19.23,30.92,-7.54,24.08,SIRI,Property,2051.940000000002
2025-03-13,15.69,13.0,28.69,2.69,14.22,SIRI,Property,2054.630000000002
2025-03-14,8.0,15.93,23.93,-7.93,9.95,SIRI,Property,2046.7000000000019
2025-03-17,19.33,25.3,44.62,-5.97,16.45,SIRI,Property,2040.7300000000018
2025-03-18,5.56,9.93,15.49,-4.37,18.07,SIRI,Property,2036.360000000002
2025-03-19,10.84,13.35,24.18,-2.51,18.64,SIRI,Property,2033.850000000002
2025-03-20,20.03,21.0,41.03,-0.97,10.72,SIRI,Property,2032.880000000002
2025-03-21,59.51,60.54,120.05,-1.03,56.77,SIRI,Property,2031.850000000002
2025-03-24,5.03,23.13,28.16,-18.1,16.33,SIRI,Property,2013.750000000002
2025-03-25,2.68,8.84,11.52,-6.17,3.06,SIRI,Property,2007.580000000002
2025-03-26,6.03,7.56,13.58,-1.53,19.13,SIRI,Property,2006.050000000002
2025-03-27,1.23,7.49,8.73,-6.26,22.41,SIRI,Property,1999.790000000002
2025-03-28,2.25,6.98,9.23,-4.73,12.35,SIRI,Property,1995.060000000002
2025-03-31,30.95,62.45,93.4,-31.49,15.24,SIRI,Property,1963.570000000002
2025-04-01,8.56,14.76,23.33,-6.2,8.75,SIRI,Property,1957.370000000002
2025-04-02,14.75,11.03,25.78,3.72,19.27,SIRI,Property,1961.090000000002
2025-04-03,4.2,7.48,11.68,-3.28,11.58,SIRI,Property,1957.810000000002
2025-04-04,8.81,15.16,23.97,-6.35,13.78,SIRI,Property,1951.460000000002
2025-04-08,27.95,19.36,47.3,8.59,22.13,SIRI,Property,1960.050000000002
2025-04-09,21.51,7.67,29.18,13.84,27.82,SIRI,Property,1973.890000000002
2025-04-10,7.21,42.7,49.91,-35.5,25.54,SIRI,Property,1938.390000000002
2025-04-11,4.57,3.73,8.3,0.84,19.08,SIRI,Property,1939.2300000000018
2025-04-16,7.87,11.85,19.72,-3.97,27.05,SIRI,Property,1935.2600000000018
2025-04-17,5.1,4.53,9.62,0.57,12.98,SIRI,Property,1935.8300000000017
2025-04-18,2.3,3.29,5.59,-0.99,14.58,SIRI,Property,1934.8400000000017
2025-04-21,7.3,8.8,16.1,-1.5,25.72,SIRI,Property,1933.3400000000017
2025-04-22,8.83,1.0,9.83,7.83,9.28,SIRI,Property,1941.1700000000017
2025-04-23,14.33,13.13,27.46,1.19,22.21,SIRI,Property,1942.3600000000017
2025-04-24,13.49,6.31,19.8,7.18,11.27,SIRI,Property,1949.5400000000018
2025-04-25,14.2,11.43,25.63,2.77,17.75,SIRI,Property,1952.3100000000018
2025-04-28,2.14,3.4,5.54,-1.25,11.42,SIRI,Property,1951.0600000000018
2025-04-29,1.67,2.75,4.42,-1.08,11.99,SIRI,Property,1949.9800000000018
2025-04-30,9.52,5.54,15.07,3.98,13.52,SIRI,Property,1953.9600000000019
2025-05-02,2.11,2.28,4.4,-0.17,8.05,SIRI,Property,1953.7900000000018
2025-05-06,8.07,22.57,30.64,-14.5,12.88,SIRI,Property,1939.2900000000018
2025-05-07,12.37,16.22,28.59,-3.84,13.45,SIRI,Property,1935.4500000000019
2025-05-08,2.16,6.4,8.56,-4.24,10.66,SIRI,Property,1931.2100000000019
2025-05-09,0.31,5.26,5.57,-4.94,8.9,SIRI,Property,1926.2700000000018
2025-05-13,22.32,11.06,33.38,11.26,27.72,SIRI,Property,1937.5300000000018
2025-05-14,7.44,6.49,13.93,0.95,25.78,SIRI,Property,1938.4800000000018
2025-05-15,2.19,6.99,9.18,-4.8,9.03,SIRI,Property,1933.6800000000019
2025-05-16,6.65,8.71,15.36,-2.05,15.15,SIRI,Property,1931.630000000002
2025-05-19,1.29,2.53,3.83,-1.24,15.47,SIRI,Property,1930.390000000002
2025-05-20,11.44,13.58,25.02,-2.15,30.13,SIRI,Property,1928.2400000000018
2025-05-21,6.74,9.24,15.98,-2.51,19.04,SIRI,Property,1925.7300000000018
2025-05-22,2.6,1.47,4.07,1.13,8.07,SIRI,Property,1926.860000000002
2025-05-23,4.15,4.34,8.49,-0.19,25.13,SIRI,Property,1926.670000000002
2025-05-26,0.24,1.61,1.84,-1.37,6.72,SIRI,Property,1925.300000000002
2025-05-27,2.43,8.35,10.78,-5.92,14.2,SIRI,Property,1919.380000000002
2025-05-28,9.83,6.99,16.82,2.83,19.47,SIRI,Property,1922.2100000000019
2025-05-29,8.04,8.71,16.76,-0.67,29.25,SIRI,Property,1921.5400000000018
2025-05-30,19.83,24.73,44.57,-4.9,43.33,SIRI,Property,1916.6400000000017
2025-06-04,7.59,7.97,15.55,-0.38,25.71,SIRI,Property,1916.2600000000016
2025-06-05,4.12,3.23,7.35,0.89,8.17,SIRI,Property,1917.1500000000017
2025-06-06,4.67,6.58,11.25,-1.9,19.21,SIRI,Property,1915.2500000000016
2025-06-09,4.0,2.83,6.83,1.17,8.23,SIRI,Property,1916.4200000000017
2025-06-10,16.12,8.71,24.83,7.41,18.4,SIRI,Property,1923.8300000000017
2025-06-11,7.13,8.72,15.85,-1.59,10.33,SIRI,Property,1922.2400000000018
2025-06-12,44.07,11.31,55.38,32.76,16.91,SIRI,Property,1955.0000000000018
2025-06-13,15.49,8.49,23.98,7.01,20.57,SIRI,Property,1962.0100000000018
2025-06-16,11.58,9.19,20.77,2.39,17.56,SIRI,Property,1964.400000000002
2025-06-17,8.44,21.71,30.15,-13.27,19.92,SIRI,Property,1951.130000000002
2025-06-18,7.86,8.82,16.68,-0.95,21.82,SIRI,Property,1950.1800000000019
2025-06-19,12.0,11.96,23.96,0.04,12.88,SIRI,Property,1950.2200000000018
2025-06-20,74.54,20.73,95.27,53.82,34.93,SIRI,Property,2004.0400000000018
2025-06-23,33.7,13.53,47.23,20.16,22.53,SIRI,Property,2024.2000000000019
2025-06-24,19.37,22.01,41.38,-2.64,26.79,SIRI,Property,2021.5600000000018
2025-06-25,15.31,38.79,54.1,-23.48,17.33,SIRI,Property,1998.0800000000017
2025-06-26,12.44,25.86,38.3,-13.43,37.84,SIRI,Property,1984.6500000000017
2025-06-27,12.19,9.26,21.45,2.93,24.24,SIRI,Property,1987.5800000000017
2025-06-30,5.06,18.68,23.74,-13.62,25.64,SIRI,Property,1973.9600000000019
2025-07-01,11.75,8.85,20.6,2.9,21.93,SIRI,Property,1976.860000000002
2025-07-02,7.52,14.97,22.49,-7.45,14.31,SIRI,Property,1969.410000000002
2025-07-03,6.45,4.59,11.04,1.86,18.03,SIRI,Property,1971.2700000000018
2025-07-04,4.73,8.69,13.42,-3.96,9.44,SIRI,Property,1967.3100000000018
2025-07-07,2.61,6.55,9.15,-3.94,16.57,SIRI,Property,1963.3700000000017
2025-07-08,3.5,2.87,6.37,0.62,25.77,SIRI,Property,1963.9900000000016
2025-07-09,9.01,5.03,14.04,3.98,32.83,SIRI,Property,1967.9700000000016
2025-07-11,6.2,4.45,10.64,1.75,27.46,SIRI,Property,1969.7200000000016
2025-07-14,11.04,5.44,16.48,5.6,19.99,SIRI,Property,1975.3200000000015
2025-07-15,33.87,13.18,47.05,20.69,16.08,SIRI,Property,1996.0100000000016
2025-07-16,31.53,14.95,46.48,16.57,29.65,SIRI,Property,2012.5800000000015
2025-07-17,2.43,17.0,19.43,-14.57,13.99,SIRI,Property,1998.0100000000016
2025-07-18,4.23,4.61,8.84,-0.37,13.88,SIRI,Property,1997.6400000000017
2025-07-21,9.9,8.23,18.13,1.68,24.81,SIRI,Property,1999.3200000000018
2025-07-22,5.5,13.3,18.8,-7.8,17.48,SIRI,Property,1991.5200000000018
2025-07-23,7.94,3.61,11.54,4.33,18.71,SIRI,Property,1995.8500000000017
2025-07-24,19.21,6.89,26.09,12.32,22.32,SIRI,Property,2008.1700000000017
2025-07-25,1.08,6.13,7.21,-5.05,15.76,SIRI,Property,2003.1200000000017
2025-07-29,14.96,5.82,20.78,9.14,18.41,SIRI,Property,2012.2600000000018
2025-07-30,20.75,4.28,25.02,16.47,9.89,SIRI,Property,2028.7300000000018
2025-07-31,4.14,16.7,20.83,-12.56,16.0,SIRI,Property,2016.170000000002
2025-08-01,11.95,12.61,24.56,-0.67,18.89,SIRI,Property,2015.5000000000018
2025-08-04,13.26,7.52,20.78,5.74,15.34,SIRI,Property,2021.2400000000018
2025-08-05,20.98,81.55,102.54,-60.57,23.8,SIRI,Property,1960.670000000002
2025-08-06,8.46,7.58,16.03,0.88,12.62,SIRI,Property,1961.550000000002
2025-08-07,8.43,9.89,18.32,-1.45,17.03,SIRI,Property,1960.100000000002
2025-08-08,3.83,2.68,6.51,1.14,14.09,SIRI,Property,1961.240000000002
2025-08-13,11.53,8.4,19.93,3.13,17.91,SIRI,Property,1964.3700000000022
2025-08-14,11.64,9.31,20.95,2.33,14.54,SIRI,Property,1966.700000000002
2025-08-15,6.38,16.14,22.52,-9.76,16.89,SIRI,Property,1956.940000000002
2025-08-18,6.34,9.77,16.11,-3.44,12.88,SIRI,Property,1953.500000000002
2025-08-19,14.83,12.3,27.13,2.53,18.28,SIRI,Property,1956.030000000002
2025-08-20,38.07,18.88,56.94,19.19,34.38,SIRI,Property,1975.220000000002
2025-08-21,6.29,18.63,24.93,-12.34,24.83,SIRI,Property,1962.8800000000022
2025-08-22,5.16,22.94,28.1,-17.78,25.97,SIRI,Property,1945.1000000000022
2025-08-25,10.36,22.98,33.34,-12.62,21.33,SIRI,Property,1932.4800000000023
2025-08-26,6.57,46.68,53.25,-40.11,27.68,SIRI,Property,1892.3700000000024
2025-08-27,9.04,26.26,35.29,-17.22,23.35,SIRI,Property,1875.1500000000024
2025-08-28,10.54,25.95,36.49,-15.41,25.92,SIRI,Property,1859.7400000000023
2025-08-29,6.02,7.58,13.6,-1.55,18.56,SIRI,Property,1858.1900000000023
2025-09-01,18.78,12.48,31.26,6.3,18.4,SIRI,Property,1864.4900000000023
2025-09-02,74.73,86.46,161.18,-11.73,50.52,SIRI,Property,1852.7600000000023
2025-09-03,44.62,94.1,138.72,-49.48,40.06,SIRI,Property,1803.2800000000022
2025-09-04,54.6,98.64,153.24,-44.04,36.84,SIRI,Property,1759.2400000000023
2025-09-05,26.67,22.72,49.39,3.95,25.62,SIRI,Property,1763.1900000000023
2025-09-08,63.84,94.32,158.16,-30.48,52.38,SIRI,Property,1732.7100000000023
2025-09-09,77.1,97.38,174.48,-20.28,51.44,SIRI,Property,1712.4300000000023
2025-09-10,11.9,16.28,28.19,-4.38,26.3,SIRI,Property,1708.0500000000022
2025-09-11,22.44,18.23,40.67,4.21,19.92,SIRI,Property,1712.2600000000023
2025-09-12,8.27,16.92,25.18,-8.65,27.2,SIRI,Property,1703.6100000000022
2025-09-15,6.61,3.98,10.59,2.63,20.86,SIRI,Property,1706.2400000000023
2025-09-16,66.95,24.58,91.53,42.37,16.46,SIRI,Property,1748.6100000000022
2025-09-17,25.05,39.02,64.08,-13.97,21.74,SIRI,Property,1734.6400000000021
2025-09-18,20.91,53.57,74.49,-32.66,26.56,SIRI,Property,1701.980000000002
2025-09-19,13.11,31.49,44.6,-18.38,26.87,SIRI,Property,1683.600000000002
2025-09-22,18.53,24.4,42.93,-5.86,22.32,SIRI,Property,1677.740000000002
2025-09-23,7.05,20.85,27.9,-13.81,22.88,SIRI,Property,1663.930000000002
2025-09-24,6.69,5.84,12.53,0.85,20.97,SIRI,Property,1664.780000000002
2025-09-25,7.45,12.98,20.43,-5.52,18.94,SIRI,Property,1659.260000000002
2025-09-26,17.36,6.59,23.96,10.77,18.61,SIRI,Property,1670.030000000002
2025-09-29,10.3,28.98,39.28,-18.68,26.95,SIRI,Property,1651.350000000002
2025-09-30,30.39,37.0,67.39,-6.61,28.42,SIRI,Property,1644.740000000002
2025-10-01,5.1,12.88,17.97,-7.78,11.25,SIRI,Property,1636.960000000002
2025-10-02,7.68,4.01,11.69,3.67,13.12,SIRI,Property,1640.6300000000022
2025-10-03,2.26,9.08,11.34,-6.81,9.75,SIRI,Property,1633.8200000000022
2025-10-06,7.51,5.39,12.9,2.12,16.48,SIRI,Property,1635.940000000002
2025-10-07,11.8,3.54,15.34,8.26,12.89,SIRI,Property,1644.200000000002
2025-10-08,9.55,8.38,17.93,1.18,21.33,SIRI,Property,1645.3800000000022
2025-10-09,2.78,4.91,7.7,-2.13,16.79,SIRI,Property,1643.250000000002
2025-10-10,11.74,3.94,15.68,7.79,24.79,SIRI,Property,1651.040000000002
2025-10-14,5.45,13.29,18.74,-7.84,23.53,SIRI,Property,1643.200000000002
2025-10-15,33.12,87.68,120.8,-54.56,47.29,SIRI,Property,1588.6400000000021
2025-10-16,15.89,14.14,30.03,1.75,14.54,SIRI,Property,1590.3900000000021
2025-10-17,13.6,33.87,47.47,-20.27,16.35,SIRI,Property,1570.1200000000022
2025-10-20,5.89,6.86,12.75,-0.97,16.68,SIRI,Property,1569.1500000000021
2025-10-21,7.21,12.49,19.7,-5.28,22.72,SIRI,Property,1563.8700000000022
2025-10-22,13.1,12.89,25.98,0.21,16.09,SIRI,Property,1564.0800000000022
2025-10-24,6.82,9.69,16.51,-2.88,17.63,SIRI,Property,1561.200000000002
2025-10-27,3.06,15.4,18.46,-12.34,21.51,SIRI,Property,1548.8600000000022
2025-10-28,5.4,7.48,12.88,-2.07,16.35,SIRI,Property,1546.7900000000022
2025-10-29,2.98,10.81,13.8,-7.83,28.24,SIRI,Property,1538.9600000000023
2025-10-30,4.87,2.99,7.86,1.88,30.03,SIRI,Property,1540.8400000000024
2025-10-31,1.54,7.75,9.29,-6.21,24.44,SIRI,Property,1534.6300000000024
2025-11-03,8.26,10.89,19.16,-2.63,14.23,SIRI,Property,1532.0000000000023
2025-11-04,16.81,5.7,22.51,11.1,21.26,SIRI,Property,1543.1000000000022
2025-11-05,19.67,11.0,30.67,8.68,17.28,SIRI,Property,1551.7800000000022
2025-11-06,12.39,7.18,19.57,5.21,24.64,SIRI,Property,1556.9900000000023
2025-11-07,4.38,3.23,7.61,1.16,19.6,SIRI,Property,1558.1500000000024
2025-11-10,13.27,3.76,17.03,9.51,22.99,SIRI,Property,1567.6600000000024
2025-11-11,8.83,4.84,13.67,4.0,25.38,SIRI,Property,1571.6600000000024
2025-11-12,10.72,12.22,22.94,-1.51,28.76,SIRI,Property,1570.1500000000024
2025-11-13,10.05,3.82,13.88,6.23,22.43,SIRI,Property,1576.3800000000024
2025-11-14,4.71,4.23,8.94,0.48,29.19,SIRI,Property,1576.8600000000024
2025-11-17,21.8,6.88,28.69,14.92,23.5,SIRI,Property,1591.7800000000025
2025-11-18,12.63,5.24,17.87,7.38,29.8,SIRI,Property,1599.1600000000026
2025-11-19,23.73,25.54,49.28,-1.81,33.71,SIRI,Property,1597.3500000000026
2025-11-20,23.72,33.0,56.73,-9.28,33.84,SIRI,Property,1588.0700000000027
2025-11-21,12.07,19.78,31.85,-7.71,20.1,SIRI,Property,1580.3600000000026
2025-11-24,53.98,22.54,76.52,31.45,31.86,SIRI,Property,1611.8100000000027
2025-11-25,42.41,17.05,59.46,25.37,32.73,SIRI,Property,1637.1800000000026
2025-11-26,25.44,21.27,46.71,4.18,28.76,SIRI,Property,1641.3600000000026
2025-11-27,29.21,10.98,40.19,18.24,35.88,SIRI,Property,1659.6000000000026
2025-11-28,21.23,12.59,33.81,8.64,30.21,SIRI,Property,1668.2400000000027
2025-12-01,181.44,110.29,291.73,71.16,23.34,SIRI,Property,1739.4000000000028
2025-12-02,155.76,82.2,237.96,73.56,36.81,SIRI,Property,1812.9600000000028
2025-12-03,169.42,87.28,256.7,82.13,41.93,SIRI,Property,1895.0900000000029
2025-12-04,132.59,82.23,214.83,50.36,54.6,SIRI,Property,1945.4500000000028
2025-12-08,120.79,54.6,175.4,66.19,39.48,SIRI,Property,2011.6400000000028
2025-12-09,31.01,35.63,66.64,-4.62,27.77,SIRI,Property,2007.020000000003
2025-12-11,8.78,3.38,12.16,5.4,21.72,SIRI,Property,2012.420000000003
2025-12-12,11.29,14.05,25.34,-2.75,30.51,SIRI,Property,2009.670000000003
2025-12-15,17.3,10.97,28.27,6.33,26.9,SIRI,Property,2016.000000000003
2025-12-16,52.6,20.22,72.81,32.38,22.06,SIRI,Property,2048.380000000003
2025-12-17,20.08,10.21,30.28,9.87,24.45,SIRI,Property,2058.2500000000027
2025-12-18,22.61,19.95,42.56,2.66,22.9,SIRI,Property,2060.9100000000026
2025-12-19,7.6,8.01,15.61,-0.41,18.93,SIRI,Property,2060.5000000000027
2025-12-22,1.47,5.26,6.73,-3.79,18.23,SIRI,Property,2056.7100000000028
2025-12-23,17.96,5.11,23.07,12.85,17.27,SIRI,Property,2069.5600000000027
2025-12-24,12.75,4.35,17.1,8.4,19.1,SIRI,Property,2077.9600000000028
2025-12-25,4.2,2.71,6.91,1.49,16.69,SIRI,Property,2079.4500000000025
2025-12-26,5.8,2.45,8.25,3.35,15.29,SIRI,Property,2082.8000000000025
2025-12-29,6.1,6.81,12.91,-0.7,17.18,SIRI,Property,2082.1000000000026
2025-12-30,22.9,26.18,49.08,-3.28,27.03,SIRI,Property,2078.8200000000024
2026-01-05,45.02,9.01,54.03,36.01,29.25,SIRI,Property,2114.8300000000027
2026-01-06,11.66,12.5,24.16,-0.85,17.01,SIRI,Property,2113.9800000000027
2026-01-07,10.65,3.47,14.12,7.18,26.27,SIRI,Property,2121.1600000000026
2026-01-08,9.89,8.53,18.42,1.36,19.47,SIRI,Property,2122.5200000000027
2026-01-09,3.81,4.29,8.1,-0.49,22.32,SIRI,Property,2122.030000000003
2026-01-12,7.33,28.48,35.82,-21.15,18.89,SIRI,Property,2100.880000000003
2026-01-13,10.76,36.76,47.52,-25.99,16.33,SIRI,Property,2074.890000000003
2026-01-14,18.81,19.87,38.68,-1.06,31.41,SIRI,Property,2073.830000000003
2026-01-15,16.86,5.75,22.61,11.11,33.31,SIRI,Property,2084.9400000000032
2026-01-16,26.44,1.0,27.44,25.44,20.8,SIRI,Property,2110.3800000000033
2026-01-19,12.64,3.18,15.83,9.46,19.35,SIRI,Property,2119.8400000000033
2026-01-20,69.62,14.36,83.98,55.25,22.47,SIRI,Property,2175.0900000000033
2026-01-21,61.71,13.95,75.65,47.76,27.79,SIRI,Property,2222.8500000000035
2026-01-22,34.71,23.41,58.12,11.3,25.58,SIRI,Property,2234.1500000000037
2026-01-23,27.95,17.8,45.75,10.16,31.19,SIRI,Property,2244.3100000000036
2026-01-26,13.01,18.58,31.59,-5.58,23.89,SIRI,Property,2238.7300000000037
2026-01-27,19.73,5.7,25.43,14.03,27.16,SIRI,Property,2252.760000000004
2026-01-28,65.18,17.78,82.96,47.4,21.21,SIRI,Property,2300.160000000004
2026-01-29,33.36,25.43,58.79,7.93,18.33,SIRI,Property,2308.090000000004
2026-01-30,22.47,22.3,44.77,0.17,26.1,SIRI,Property,2308.260000000004
2026-02-02,16.26,23.8,40.06,-7.55,29.56,SIRI,Property,2300.7100000000037
2026-02-03,15.5,7.18,22.67,8.32,23.2,SIRI,Property,2309.030000000004
2026-02-04,16.07,7.05,23.12,9.02,29.88,SIRI,Property,2318.050000000004
2026-02-05,17.0,2.66,19.65,14.34,26.32,SIRI,Property,2332.390000000004
2026-02-06,10.4,10.59,20.99,-0.18,32.79,SIRI,Property,2332.210000000004
2026-02-09,80.28,8.53,88.81,71.75,20.61,SIRI,Property,2403.960000000004
2026-02-10,18.4,13.37,31.78,5.03,20.95,SIRI,Property,2408.9900000000043
2026-02-11,41.19,20.06,61.25,21.14,25.98,SIRI,Property,2430.130000000004
2026-02-12,39.76,29.96,69.71,9.8,20.58,SIRI,Property,2439.9300000000044
2026-02-13,24.53,38.31,62.83,-13.78,30.85,SIRI,Property,2426.150000000004
2026-02-16,9.97,23.94,33.91,-13.96,21.76,SIRI,Property,2412.190000000004
2026-02-17,28.23,33.64,61.87,-5.41,22.21,SIRI,Property,2406.7800000000043
2026-02-18,103.87,17.18,121.05,86.7,27.27,SIRI,Property,2493.480000000004
2026-02-19,114.97,67.23,182.19,47.74,27.0,SIRI,Property,2541.220000000004
2026-02-20,94.22,67.83,162.06,26.39,25.73,SIRI,Property,2567.6100000000038
2026-02-23,76.4,96.28,172.68,-19.88,37.07,SIRI,Property,2547.7300000000037
2026-02-24,48.13,24.97,73.1,23.15,30.07,SIRI,Property,2570.8800000000037
2026-02-25,111.47,40.6,152.07,70.86,32.3,SIRI,Property,2641.740000000004
2026-02-26,37.17,33.44,70.6,3.73,36.48,SIRI,Property,2645.470000000004
2026-02-27,56.26,57.69,113.95,-1.44,34.35,SIRI,Property,2644.030000000004
2026-03-02,53.7,61.63,115.33,-7.93,23.29,SIRI,Property,2636.100000000004
2026-03-04,122.5,162.29,284.79,-39.79,43.37,SIRI,Property,2596.310000000004
2026-03-05,40.7,63.41,104.11,-22.71,38.07,SIRI,Property,2573.600000000004
2026-03-06,20.58,44.56,65.14,-23.99,33.64,SIRI,Property,2549.610000000004
2026-03-09,57.77,113.53,171.3,-55.76,44.56,SIRI,Property,2493.850000000004
2026-03-10,81.28,97.35,178.63,-16.08,50.06,SIRI,Property,2477.770000000004
2026-03-11,19.04,46.74,65.78,-27.7,39.85,SIRI,Property,2450.0700000000043
2026-03-12,35.35,41.21,76.56,-5.86,37.21,SIRI,Property,2444.210000000004
2026-03-13,12.41,55.14,67.56,-42.73,25.29,SIRI,Property,2401.480000000004
2026-03-16,27.53,40.68,68.21,-13.14,24.4,SIRI,Property,2388.3400000000042
2026-03-17,8.69,25.76,34.46,-17.07,15.55,SIRI,Property,2371.270000000004
2026-03-18,12.93,21.29,34.22,-8.36,27.18,SIRI,Property,2362.910000000004
2026-03-19,27.93,35.5,63.43,-7.57,19.95,SIRI,Property,2355.340000000004
2026-03-20,123.1,71.45,194.55,51.65,52.76,SIRI,Property,2406.990000000004
2026-03-23,18.72,52.75,71.47,-34.02,24.74,SIRI,Property,2372.970000000004
2026-03-24,35.96,33.2,69.17,2.76,35.4,SIRI,Property,2375.730000000004
2026-03-25,7.47,11.55,19.02,-4.09,18.21,SIRI,Property,2371.640000000004
2026-03-26,27.18,15.29,42.47,11.9,20.88,SIRI,Property,2383.540000000004
2026-03-27,9.82,10.8,20.62,-0.98,25.45,SIRI,Property,2382.560000000004
2026-03-30,27.71,15.64,43.35,12.07,17.59,SIRI,Property,2394.630000000004
2026-03-31,19.85,6.24,26.1,13.61,27.75,SIRI,Property,2408.2400000000043
2026-04-01,26.03,18.66,44.69,7.37,20.84,SIRI,Property,2415.610000000004
2026-04-02,23.99,13.58,37.58,10.41,37.68,SIRI,Property,2426.020000000004
2026-04-03,14.89,8.97,23.87,5.92,28.1,SIRI,Property,2431.940000000004
2026-04-07,23.6,25.2,48.8,-1.6,26.54,SIRI,Property,2430.3400000000042
2026-04-08,13.52,14.85,28.38,-1.33,15.34,SIRI,Property,2429.0100000000043
2026-04-09,22.41,22.96,45.37,-0.55,43.36,SIRI,Property,2428.460000000004
2026-04-10,8.44,14.15,22.6,-5.71,21.61,SIRI,Property,2422.750000000004
2026-04-16,53.37,27.92,81.29,25.46,44.42,SIRI,Property,2448.210000000004
2026-04-17,11.51,19.92,31.44,-8.41,44.71,SIRI,Property,2439.8000000000043
2026-04-20,11.38,10.29,21.67,1.09,42.57,SIRI,Property,2440.8900000000044
2026-04-21,11.74,4.47,16.21,7.27,31.86,SIRI,Property,2448.1600000000044
2026-04-22,5.69,4.02,9.71,1.66,40.84,SIRI,Property,2449.8200000000043
2026-04-23,13.17,12.39,25.56,0.78,32.41,SIRI,Property,2450.6000000000045
2026-04-24,3.17,7.8,10.97,-4.63,25.59,SIRI,Property,2445.9700000000043
2026-04-27,8.53,11.25,19.78,-2.72,26.93,SIRI,Property,2443.2500000000045
2026-04-28,16.02,4.15,20.16,11.87,28.48,SIRI,Property,2455.1200000000044
2026-04-29,16.89,6.08,22.97,10.81,24.34,SIRI,Property,2465.9300000000044
2026-04-30,18.25,17.48,35.73,0.77,38.23,SIRI,Property,2466.7000000000044
2026-05-05,17.82,9.78,27.61,8.04,28.15,SIRI,Property,2474.7400000000043
2026-05-06,14.48,4.03,18.51,10.44,30.21,SIRI,Property,2485.1800000000044
2026-05-07,18.3,20.64,38.94,-2.33,28.05,SIRI,Property,2482.8500000000045
2026-05-08,6.1,3.51,9.61,2.6,33.26,SIRI,Property,2485.4500000000044
2026-05-11,11.72,9.98,21.7,1.74,41.62,SIRI,Property,2487.190000000004
2026-05-12,10.59,9.66,20.25,0.94,42.03,SIRI,Property,2488.130000000004
2026-05-13,12.86,19.3,32.16,-6.45,41.75,SIRI,Property,2481.6800000000044
2026-05-14,28.62,10.05,38.67,18.56,27.08,SIRI,Property,2500.2400000000043
2026-05-15,14.43,9.26,23.7,5.17,23.27,SIRI,Property,2505.4100000000044
2026-05-18,15.3,15.52,30.82,-0.22,44.12,SIRI,Property,2505.1900000000046
2026-05-19,13.1,10.6,23.69,2.5,32.8,SIRI,Property,2507.6900000000046
2026-05-20,5.07,6.95,12.02,-1.88,27.86,SIRI,Property,2505.8100000000045
2026-05-21,11.31,3.52,14.83,7.8,21.51,SIRI,Property,2513.6100000000047
2026-05-22,16.79,2.88,19.67,13.91,33.22,SIRI,Property,2527.5200000000045
2026-05-25,1.8,4.87,6.68,-3.07,12.97,SIRI,Property,2524.4500000000044
2026-05-26,14.67,7.8,22.46,6.87,21.8,SIRI,Property,2531.3200000000043
2026-05-27,8.07,3.32,11.4,4.75,14.83,SIRI,Property,2536.0700000000043
2026-05-28,2.07,5.18,7.26,-3.11,21.12,SIRI,Property,2532.960000000004
2026-05-29,0.5,9.98,10.48,-9.48,31.47,SIRI,Property,2523.480000000004
2026-06-02,16.81,24.28,41.08,-7.47,18.31,SIRI,Property,2516.0100000000043
2026-06-04,9.96,8.57,18.53,1.39,20.85,SIRI,Property,2517.400000000004
2026-06-05,1.57,5.72,7.29,-4.15,9.72,SIRI,Property,2513.250000000004
2026-06-08,7.88,8.24,16.12,-0.35,15.64,SIRI,Property,2512.900000000004
2026-06-09,3.46,2.05,5.52,1.41,11.43,SIRI,Property,2514.310000000004
2026-06-10,4.71,6.95,11.66,-2.25,19.93,SIRI,Property,2512.060000000004
2026-06-11,1.43,8.47,9.9,-7.04,21.14,SIRI,Property,2505.020000000004
2026-06-12,2.95,8.15,11.1,-5.19,21.21,SIRI,Property,2499.830000000004
2026-06-15,5.04,2.76,7.8,2.27,11.47,SIRI,Property,2502.100000000004
2026-06-16,8.34,2.47,10.81,5.88,22.87,SIRI,Property,2507.980000000004
2026-06-17,32.33,8.1,40.43,24.23,18.49,SIRI,Property,2532.210000000004
2026-06-18,5.97,4.88,10.85,1.09,23.79,SIRI,Property,2533.3000000000043
2026-06-19,14.96,20.36,35.32,-5.4,45.39,SIRI,Property,2527.900000000004
2026-06-22,8.24,10.89,19.12,-2.65,25.54,SIRI,Property,2525.250000000004
2026-06-23,3.74,6.41,10.15,-2.66,15.76,SIRI,Property,2522.5900000000042
2026-06-24,5.08,1.95,7.03,3.13,18.11,SIRI,Property,2525.7200000000043
2026-06-25,6.53,1.47,8.0,5.06,14.37,SIRI,Property,2530.7800000000043
2026-06-26,5.33,5.45,10.78,-0.12,23.95,SIRI,Property,2530.6600000000044
2026-06-29,51.86,7.63,59.48,44.23,24.32,SIRI,Property,2574.8900000000044
2026-06-30,29.77,7.92,37.7,21.85,22.91,SIRI,Property,2596.7400000000043
2026-07-01,9.52,7.64,17.16,1.87,14.92,SIRI,Property,2598.610000000004
2026-07-02,28.4,22.15,50.55,6.25,22.01,SIRI,Property,2604.860000000004
2026-07-03,10.94,20.64,31.59,-9.7,19.63,SIRI,Property,2595.1600000000044
2026-07-06,7.86,8.03,15.89,-0.17,19.76,SIRI,Property,2594.9900000000043
2026-07-07,9.27,17.69,26.96,-8.42,17.29,SIRI,Property,2586.5700000000043
2026-07-08,5.48,15.37,20.85,-9.9,21.09,SIRI,Property,2576.670000000004
2026-07-09,21.75,9.57,31.32,12.18,27.3,SIRI,Property,2588.850000000004
2026-07-10,13.66,2.06,15.72,11.6,27.59,SIRI,Property,2600.450000000004
2026-07-13,20.12,0.56,20.68,19.56,24.0,SIRI,Property,2620.010000000004
2026-07-14,17.82,3.77,21.59,14.05,21.79,SIRI,Property,2634.060000000004
2026-07-15,32.97,10.42,43.39,22.55,30.15,SIRI,Property,2656.610000000004
2026-07-16,55.06,33.77,88.83,21.29,22.77,SIRI,Property,2677.900000000004
2026-07-17,21.76,45.95,67.72,-24.19,30.65,SIRI,Property,2653.710000000004
2026-07-20,6.68,12.29,18.97,-5.62,18.55,SIRI,Property,2648.0900000000042
2026-07-21,28.59,28.09,56.67,0.5,25.35,SIRI,Property,2648.5900000000042
2026-07-22,5.81,28.91,34.72,-23.1,23.09,SIRI,Property,2625.4900000000043
2026-07-23,12.26,14.93,27.19,-2.68,27.13,SIRI,Property,2622.8100000000045
2026-07-24,9.6,15.78,25.39,-6.18,20.0,SIRI,Property,2616.6300000000047
2026-07-27,21.11,6.68,27.79,14.43,23.36,SIRI,Property,2631.0600000000045
2026-07-30,34.79,16.48,51.28,18.31,27.52,SIRI,Property,2649.3700000000044
2026-07-31,17.73,12.12,29.85,5.62,19.91,SIRI,Property,2654.9900000000043
2026-08-03,59.64,15.69,75.34,43.95,25.51,SIRI,Property,2698.940000000004
2026-08-04,10.17,25.8,35.97,-15.63,22.66,SIRI,Property,2683.310000000004
2026-08-05,23.14,20.58,43.72,2.55,36.92,SIRI,Property,2685.860000000004
2026-08-06,11.71,13.0,24.7,-1.29,26.4,SIRI,Property,2684.5700000000043
2026-08-07,10.15,10.34,20.48,-0.19,36.04,SIRI,Property,2684.380000000004
2026-08-10,4.77,8.04,12.81,-3.26,29.78,SIRI,Property,2681.120000000004
2026-08-11,18.22,26.47,44.69,-8.24,24.62,SIRI,Property,2672.880000000004
2026-08-13,37.83,15.21,53.04,22.62,29.51,SIRI,Property,2695.500000000004
2026-08-14,8.47,32.77,41.24,-24.3,26.05,SIRI,Property,2671.200000000004
2026-08-17,18.35,6.26,24.6,12.09,20.47,SIRI,Property,2683.290000000004
2026-08-18,7.51,16.69,24.19,-9.18,28.17,SIRI,Property,2674.110000000004
