date,buy_mb,sell_mb,buy_sell_mb,net_mb,nvdr_pct,symbol,sector,cumulative_net_mb
2020-01-02,0.04,0.21,0.25,-0.17,2.8,SJWD,Trans,-0.17
2020-01-03,0.33,0.26,0.59,0.06,4.29,SJWD,Trans,-0.11000000000000001
2020-01-06,0.07,0.18,0.25,-0.11,1.38,SJWD,Trans,-0.22000000000000003
2020-01-07,0.02,0.35,0.37,-0.33,10.56,SJWD,Trans,-0.55
2020-01-08,0.41,0.1,0.51,0.31,4.37,SJWD,Trans,-0.24000000000000005
2020-01-09,3.94,1.26,5.2,2.68,19.96,SJWD,Trans,2.44
2020-01-10,1.19,0.6,1.79,0.59,11.59,SJWD,Trans,3.03
2020-01-13,0.05,0.21,0.26,-0.16,6.27,SJWD,Trans,2.8699999999999997
2020-01-14,0.3,0.64,0.94,-0.34,17.9,SJWD,Trans,2.53
2020-01-15,0.0,0.18,0.18,-0.18,5.94,SJWD,Trans,2.3499999999999996
2020-01-16,0.89,0.61,1.5,0.28,13.04,SJWD,Trans,2.63
2020-01-17,0.05,0.14,0.19,-0.09,8.56,SJWD,Trans,2.54
2020-01-20,0.02,0.76,0.78,-0.75,11.28,SJWD,Trans,1.79
2020-01-21,0.03,1.08,1.11,-1.05,18.43,SJWD,Trans,0.74
2020-01-22,0.26,1.08,1.34,-0.82,21.25,SJWD,Trans,-0.07999999999999996
2020-01-23,0.0,0.44,0.44,-0.44,18.93,SJWD,Trans,-0.52
2020-01-24,0.0,0.22,0.22,-0.22,7.07,SJWD,Trans,-0.74
2020-01-27,0.37,1.32,1.69,-0.95,13.22,SJWD,Trans,-1.69
2020-01-28,0.02,0.66,0.68,-0.64,21.7,SJWD,Trans,-2.33
2020-01-29,0.0,0.18,0.18,-0.18,8.29,SJWD,Trans,-2.5100000000000002
2020-01-30,0.01,0.47,0.48,-0.46,20.75,SJWD,Trans,-2.97
2020-01-31,0.0,0.29,0.29,-0.28,8.62,SJWD,Trans,-3.25
2020-02-03,0.0,0.6,0.6,-0.6,7.08,SJWD,Trans,-3.85
2020-02-04,0.12,0.78,0.9,-0.67,12.55,SJWD,Trans,-4.5200000000000005
2020-02-05,1.89,0.86,2.75,1.03,20.51,SJWD,Trans,-3.49
2020-02-06,0.28,0.65,0.93,-0.37,4.78,SJWD,Trans,-3.8600000000000003
2020-02-07,0.37,0.32,0.7,0.05,11.12,SJWD,Trans,-3.8100000000000005
2020-02-11,0.15,0.47,0.61,-0.32,9.8,SJWD,Trans,-4.130000000000001
2020-02-12,0.23,0.4,0.62,-0.17,4.66,SJWD,Trans,-4.300000000000001
2020-02-13,0.11,0.0,0.11,0.11,0.92,SJWD,Trans,-4.19
2020-02-14,0.29,0.57,0.87,-0.28,4.09,SJWD,Trans,-4.470000000000001
2020-02-17,0.01,0.19,0.2,-0.19,4.99,SJWD,Trans,-4.660000000000001
2020-02-18,0.17,0.17,0.34,0.01,7.52,SJWD,Trans,-4.650000000000001
2020-02-19,0.0,0.76,0.77,-0.76,4.34,SJWD,Trans,-5.410000000000001
2020-02-20,0.0,0.21,0.21,-0.21,4.44,SJWD,Trans,-5.620000000000001
2020-02-21,4.07,0.79,4.86,3.28,22.52,SJWD,Trans,-2.340000000000001
2020-02-24,0.21,1.32,1.52,-1.11,6.09,SJWD,Trans,-3.450000000000001
2020-02-25,0.27,0.95,1.21,-0.68,13.06,SJWD,Trans,-4.130000000000001
2020-02-26,0.25,1.84,2.09,-1.59,10.76,SJWD,Trans,-5.720000000000001
2020-02-27,0.5,0.31,0.82,0.19,7.29,SJWD,Trans,-5.53
2020-02-28,0.06,0.05,0.1,0.01,1.78,SJWD,Trans,-5.5200000000000005
2020-03-02,0.16,0.33,0.49,-0.18,10.78,SJWD,Trans,-5.7
2020-03-03,0.01,0.54,0.55,-0.53,7.03,SJWD,Trans,-6.23
2020-03-04,0.69,0.34,1.03,0.34,6.23,SJWD,Trans,-5.890000000000001
2020-03-05,0.39,0.13,0.52,0.26,3.29,SJWD,Trans,-5.630000000000001
2020-03-06,0.51,0.01,0.52,0.49,9.1,SJWD,Trans,-5.140000000000001
2020-03-09,0.48,0.09,0.57,0.39,4.94,SJWD,Trans,-4.750000000000001
2020-03-10,0.02,0.15,0.17,-0.13,3.02,SJWD,Trans,-4.880000000000001
2020-03-11,0.27,0.38,0.65,-0.1,12.25,SJWD,Trans,-4.98
2020-03-12,0.55,0.65,1.19,-0.1,5.28,SJWD,Trans,-5.08
2020-03-13,0.4,0.04,0.44,0.36,3.57,SJWD,Trans,-4.72
2020-03-16,0.2,0.53,0.74,-0.33,8.12,SJWD,Trans,-5.05
2020-03-17,0.03,0.02,0.05,0.01,2.57,SJWD,Trans,-5.04
2020-03-18,0.87,0.37,1.23,0.5,20.89,SJWD,Trans,-4.54
2020-03-19,0.47,0.15,0.62,0.32,16.62,SJWD,Trans,-4.22
2020-03-20,0.38,0.25,0.63,0.12,9.5,SJWD,Trans,-4.1
2020-03-23,0.57,0.15,0.73,0.42,5.69,SJWD,Trans,-3.6799999999999997
2020-03-24,0.03,0.38,0.41,-0.35,8.86,SJWD,Trans,-4.029999999999999
2020-03-25,0.1,0.17,0.27,-0.08,7.11,SJWD,Trans,-4.109999999999999
2020-03-26,0.43,0.02,0.46,0.41,4.79,SJWD,Trans,-3.6999999999999993
2020-03-27,1.41,0.11,1.52,1.3,7.83,SJWD,Trans,-2.3999999999999995
2020-03-30,0.02,0.07,0.09,-0.05,8.48,SJWD,Trans,-2.4499999999999993
2020-03-31,0.3,0.01,0.31,0.29,5.74,SJWD,Trans,-2.1599999999999993
2020-04-01,0.37,0.18,0.55,0.2,3.37,SJWD,Trans,-1.9599999999999993
2020-04-02,0.29,0.31,0.6,-0.02,2.22,SJWD,Trans,-1.9799999999999993
2020-04-03,0.52,0.54,1.07,-0.02,7.15,SJWD,Trans,-1.9999999999999993
2020-04-07,2.55,0.06,2.61,2.49,11.79,SJWD,Trans,0.4900000000000009
2020-04-08,0.85,0.01,0.86,0.84,6.82,SJWD,Trans,1.330000000000001
2020-04-09,0.26,0.48,0.75,-0.22,5.4,SJWD,Trans,1.110000000000001
2020-04-10,0.1,0.14,0.24,-0.04,4.2,SJWD,Trans,1.070000000000001
2020-04-13,0.02,0.11,0.13,-0.09,6.38,SJWD,Trans,0.980000000000001
2020-04-14,0.73,0.32,1.06,0.41,5.95,SJWD,Trans,1.390000000000001
2020-04-15,0.97,0.4,1.37,0.58,7.58,SJWD,Trans,1.970000000000001
2020-04-16,0.07,0.09,0.15,-0.02,1.79,SJWD,Trans,1.950000000000001
2020-04-17,0.11,0.04,0.16,0.07,3.39,SJWD,Trans,2.020000000000001
2020-04-20,0.42,0.14,0.56,0.28,5.43,SJWD,Trans,2.3000000000000007
2020-04-21,0.28,0.04,0.32,0.23,2.5,SJWD,Trans,2.5300000000000007
2020-04-22,6.07,0.46,6.53,5.61,16.57,SJWD,Trans,8.14
2020-04-23,0.64,3.52,4.16,-2.89,9.4,SJWD,Trans,5.25
2020-04-24,0.1,1.02,1.12,-0.92,11.15,SJWD,Trans,4.33
2020-04-27,0.02,0.54,0.57,-0.52,9.99,SJWD,Trans,3.81
2020-04-28,0.12,0.07,0.19,0.06,1.47,SJWD,Trans,3.87
2020-04-29,1.56,0.0,1.56,1.56,8.46,SJWD,Trans,5.43
2020-04-30,0.67,0.36,1.03,0.31,6.68,SJWD,Trans,5.739999999999999
2020-05-05,0.85,0.08,0.94,0.77,2.28,SJWD,Trans,6.51
2020-05-07,2.8,0.31,3.11,2.5,5.27,SJWD,Trans,9.01
2020-05-08,0.81,0.0,0.81,0.81,9.1,SJWD,Trans,9.82
2020-05-11,0.1,0.24,0.34,-0.13,7.13,SJWD,Trans,9.69
2020-05-12,0.52,0.56,1.08,-0.03,5.39,SJWD,Trans,9.66
2020-05-13,0.06,0.17,0.23,-0.1,3.76,SJWD,Trans,9.56
2020-05-14,0.27,1.12,1.39,-0.84,2.35,SJWD,Trans,8.72
2020-05-15,0.34,2.01,2.36,-1.67,3.71,SJWD,Trans,7.050000000000001
2020-05-18,0.37,0.05,0.42,0.32,3.13,SJWD,Trans,7.370000000000001
2020-05-19,1.22,0.04,1.26,1.17,3.79,SJWD,Trans,8.540000000000001
2020-05-20,1.66,0.02,1.68,1.63,4.15,SJWD,Trans,10.170000000000002
2020-05-21,1.36,0.54,1.9,0.82,3.17,SJWD,Trans,10.990000000000002
2020-05-22,0.38,0.25,0.64,0.13,4.13,SJWD,Trans,11.120000000000003
2020-05-25,0.18,0.05,0.23,0.13,2.5,SJWD,Trans,11.250000000000004
2020-05-26,1.48,0.01,1.49,1.47,5.38,SJWD,Trans,12.720000000000004
2020-05-27,0.29,0.65,0.94,-0.36,4.86,SJWD,Trans,12.360000000000005
2020-05-28,7.14,8.67,15.82,-1.53,8.6,SJWD,Trans,10.830000000000005
2020-05-29,0.28,2.12,2.41,-1.84,4.47,SJWD,Trans,8.990000000000006
2020-06-01,2.32,3.52,5.84,-1.2,7.45,SJWD,Trans,7.790000000000005
2020-06-02,0.77,0.16,0.94,0.61,2.61,SJWD,Trans,8.400000000000006
2020-06-04,0.57,0.47,1.04,0.09,3.37,SJWD,Trans,8.490000000000006
2020-06-05,0.46,0.24,0.7,0.22,5.4,SJWD,Trans,8.710000000000006
2020-06-08,18.11,7.73,25.84,10.38,12.11,SJWD,Trans,19.090000000000007
2020-06-09,1.22,5.73,6.95,-4.51,9.22,SJWD,Trans,14.580000000000007
2020-06-10,0.48,1.38,1.86,-0.9,10.29,SJWD,Trans,13.680000000000007
2020-06-11,0.82,2.15,2.97,-1.34,10.41,SJWD,Trans,12.340000000000007
2020-06-12,0.59,0.32,0.91,0.26,5.96,SJWD,Trans,12.600000000000007
2020-06-15,0.57,0.99,1.56,-0.42,8.86,SJWD,Trans,12.180000000000007
2020-06-16,0.03,1.09,1.11,-1.06,9.24,SJWD,Trans,11.120000000000006
2020-06-17,0.3,0.32,0.62,-0.02,6.36,SJWD,Trans,11.100000000000007
2020-06-18,0.49,0.63,1.12,-0.14,5.5,SJWD,Trans,10.960000000000006
2020-06-19,0.1,0.94,1.04,-0.85,7.36,SJWD,Trans,10.110000000000007
2020-06-22,0.17,1.05,1.22,-0.88,10.43,SJWD,Trans,9.230000000000006
2020-06-23,0.31,0.03,0.34,0.27,8.96,SJWD,Trans,9.500000000000005
2020-06-24,0.64,0.5,1.14,0.14,9.42,SJWD,Trans,9.640000000000006
2020-06-25,0.33,1.06,1.39,-0.72,11.3,SJWD,Trans,8.920000000000005
2020-06-26,0.14,0.92,1.07,-0.78,10.75,SJWD,Trans,8.140000000000006
2020-06-29,0.06,0.57,0.63,-0.5,3.7,SJWD,Trans,7.640000000000006
2020-06-30,0.75,0.57,1.32,0.17,3.54,SJWD,Trans,7.810000000000006
2020-07-01,0.49,0.01,0.5,0.48,4.13,SJWD,Trans,8.290000000000006
2020-07-02,1.2,0.31,1.51,0.88,7.38,SJWD,Trans,9.170000000000007
2020-07-03,0.0,0.8,0.8,-0.79,11.1,SJWD,Trans,8.380000000000006
2020-07-07,0.48,0.4,0.88,0.08,4.51,SJWD,Trans,8.460000000000006
2020-07-08,4.07,3.09,7.15,0.98,7.64,SJWD,Trans,9.440000000000007
2020-07-09,1.68,3.65,5.33,-1.97,5.34,SJWD,Trans,7.470000000000007
2020-07-10,0.4,2.8,3.2,-2.4,7.82,SJWD,Trans,5.070000000000007
2020-07-13,0.51,1.77,2.28,-1.26,11.38,SJWD,Trans,3.8100000000000076
2020-07-14,0.31,1.73,2.04,-1.42,14.06,SJWD,Trans,2.3900000000000077
2020-07-15,0.03,0.02,0.05,0.01,0.85,SJWD,Trans,2.4000000000000075
2020-07-16,0.0,0.42,0.42,-0.42,6.59,SJWD,Trans,1.9800000000000075
2020-07-17,0.03,0.2,0.23,-0.17,1.15,SJWD,Trans,1.8100000000000076
2020-07-20,2.38,1.08,3.46,1.31,9.91,SJWD,Trans,3.1200000000000077
2020-07-21,2.17,0.01,2.17,2.16,6.44,SJWD,Trans,5.280000000000008
2020-07-22,1.22,1.15,2.37,0.08,14.55,SJWD,Trans,5.360000000000008
2020-07-23,0.29,0.84,1.14,-0.55,17.57,SJWD,Trans,4.8100000000000085
2020-07-24,0.02,0.25,0.28,-0.23,4.2,SJWD,Trans,4.580000000000008
2020-07-29,0.33,0.68,1.01,-0.35,13.38,SJWD,Trans,4.230000000000008
2020-07-30,0.11,1.86,1.97,-1.75,15.58,SJWD,Trans,2.4800000000000084
2020-07-31,0.0,0.2,0.2,-0.2,3.78,SJWD,Trans,2.2800000000000082
2020-08-03,0.01,0.06,0.07,-0.05,1.54,SJWD,Trans,2.2300000000000084
2020-08-04,0.12,0.06,0.18,0.07,5.27,SJWD,Trans,2.3000000000000083
2020-08-05,0.14,0.15,0.3,-0.01,7.21,SJWD,Trans,2.2900000000000085
2020-08-06,0.79,1.08,1.87,-0.29,7.34,SJWD,Trans,2.0000000000000084
2020-08-07,0.02,0.59,0.61,-0.57,7.8,SJWD,Trans,1.4300000000000086
2020-08-10,0.0,0.01,0.01,-0.01,0.38,SJWD,Trans,1.4200000000000086
2020-08-11,0.28,0.23,0.51,0.05,8.17,SJWD,Trans,1.4700000000000086
2020-08-13,1.34,0.52,1.86,0.81,4.81,SJWD,Trans,2.2800000000000087
2020-08-14,1.49,2.25,3.74,-0.77,3.67,SJWD,Trans,1.5100000000000087
2020-08-17,1.91,1.18,3.09,0.73,2.22,SJWD,Trans,2.2400000000000087
2020-08-18,0.18,1.59,1.78,-1.41,2.99,SJWD,Trans,0.8300000000000087
2020-08-19,0.43,0.49,0.92,-0.06,1.88,SJWD,Trans,0.7700000000000087
2020-08-20,0.98,0.58,1.56,0.4,3.23,SJWD,Trans,1.1700000000000088
2020-08-21,17.69,10.11,27.8,7.58,12.14,SJWD,Trans,8.750000000000009
2020-08-24,5.97,7.07,13.05,-1.1,6.84,SJWD,Trans,7.650000000000009
2020-08-25,1.53,7.05,8.58,-5.52,6.52,SJWD,Trans,2.1300000000000097
2020-08-26,9.18,6.16,15.33,3.02,9.37,SJWD,Trans,5.150000000000009
2020-08-27,1.83,4.28,6.11,-2.45,16.1,SJWD,Trans,2.700000000000009
2020-08-28,2.57,1.11,3.68,1.47,7.67,SJWD,Trans,4.170000000000009
2020-08-31,4.26,2.0,6.26,2.26,8.5,SJWD,Trans,6.430000000000009
2020-09-01,7.65,1.92,9.57,5.73,17.74,SJWD,Trans,12.160000000000009
2020-09-02,10.59,0.83,11.42,9.76,19.86,SJWD,Trans,21.92000000000001
2020-09-03,16.34,15.67,32.01,0.67,18.18,SJWD,Trans,22.59000000000001
2020-09-08,1.79,1.99,3.78,-0.21,9.08,SJWD,Trans,22.38000000000001
2020-09-09,6.2,0.69,6.89,5.52,15.15,SJWD,Trans,27.90000000000001
2020-09-10,1.73,1.62,3.34,0.11,16.64,SJWD,Trans,28.01000000000001
2020-09-11,3.79,1.32,5.11,2.46,19.57,SJWD,Trans,30.47000000000001
2020-09-14,2.35,0.52,2.86,1.83,16.92,SJWD,Trans,32.30000000000001
2020-09-15,2.32,1.31,3.63,1.01,19.49,SJWD,Trans,33.31000000000001
2020-09-16,0.15,0.94,1.09,-0.79,12.3,SJWD,Trans,32.52000000000001
2020-09-17,0.36,1.14,1.5,-0.77,8.55,SJWD,Trans,31.75000000000001
2020-09-18,1.46,0.51,1.97,0.95,12.49,SJWD,Trans,32.70000000000001
2020-09-21,0.74,1.21,1.96,-0.47,7.55,SJWD,Trans,32.23000000000001
2020-09-22,0.65,5.8,6.45,-5.15,19.97,SJWD,Trans,27.080000000000013
2020-09-23,1.78,2.89,4.68,-1.11,17.48,SJWD,Trans,25.970000000000013
2020-09-24,3.14,2.49,5.62,0.65,13.16,SJWD,Trans,26.62000000000001
2020-09-25,21.54,10.62,32.16,10.91,13.72,SJWD,Trans,37.530000000000015
2020-09-28,8.93,8.71,17.64,0.22,9.98,SJWD,Trans,37.750000000000014
2020-09-29,2.86,4.01,6.87,-1.15,8.05,SJWD,Trans,36.600000000000016
2020-09-30,1.87,2.37,4.24,-0.5,10.88,SJWD,Trans,36.100000000000016
2020-10-01,3.67,3.7,7.37,-0.02,14.27,SJWD,Trans,36.08000000000001
2020-10-02,4.8,6.35,11.15,-1.55,10.66,SJWD,Trans,34.530000000000015
2020-10-05,0.13,1.19,1.33,-1.06,3.94,SJWD,Trans,33.47000000000001
2020-10-06,18.75,15.41,34.16,3.34,11.9,SJWD,Trans,36.81000000000002
2020-10-07,10.05,11.66,21.71,-1.61,7.92,SJWD,Trans,35.20000000000002
2020-10-08,2.67,1.85,4.52,0.82,4.82,SJWD,Trans,36.02000000000002
2020-10-09,5.74,6.25,11.99,-0.51,9.39,SJWD,Trans,35.51000000000002
2020-10-12,1.97,0.92,2.89,1.05,8.49,SJWD,Trans,36.56000000000002
2020-10-14,4.35,3.12,7.47,1.23,9.59,SJWD,Trans,37.79000000000001
2020-10-15,2.75,1.21,3.96,1.55,7.64,SJWD,Trans,39.34000000000001
2020-10-16,1.56,1.98,3.54,-0.42,10.06,SJWD,Trans,38.92000000000001
2020-10-19,2.75,2.32,5.07,0.43,9.73,SJWD,Trans,39.35000000000001
2020-10-20,1.31,1.47,2.78,-0.16,5.77,SJWD,Trans,39.19000000000001
2020-10-21,1.45,2.21,3.66,-0.77,11.11,SJWD,Trans,38.42000000000001
2020-10-22,2.97,18.75,21.72,-15.79,37.04,SJWD,Trans,22.63000000000001
2020-10-26,1.96,0.9,2.86,1.05,12.44,SJWD,Trans,23.68000000000001
2020-10-27,1.15,2.42,3.57,-1.27,8.52,SJWD,Trans,22.41000000000001
2020-10-28,0.62,2.61,3.24,-1.99,7.79,SJWD,Trans,20.420000000000012
2020-10-29,3.27,3.23,6.5,0.04,10.7,SJWD,Trans,20.46000000000001
2020-10-30,0.0,1.19,1.2,-1.19,8.64,SJWD,Trans,19.27000000000001
2020-11-02,0.56,2.63,3.2,-2.07,10.12,SJWD,Trans,17.20000000000001
2020-11-03,3.04,1.63,4.66,1.41,7.51,SJWD,Trans,18.61000000000001
2020-11-04,1.65,4.93,6.59,-3.28,10.77,SJWD,Trans,15.33000000000001
2020-11-05,5.7,5.98,11.68,-0.29,12.13,SJWD,Trans,15.040000000000012
2020-11-06,0.72,3.84,4.56,-3.12,14.84,SJWD,Trans,11.920000000000012
2020-11-09,1.89,1.67,3.56,0.23,13.67,SJWD,Trans,12.150000000000013
2020-11-10,5.48,2.48,7.97,3.0,10.58,SJWD,Trans,15.150000000000013
2020-11-11,4.14,1.53,5.67,2.61,19.02,SJWD,Trans,17.760000000000012
2020-11-12,0.9,1.17,2.06,-0.27,11.84,SJWD,Trans,17.490000000000013
2020-11-13,8.46,2.17,10.64,6.29,10.42,SJWD,Trans,23.780000000000012
2020-11-16,4.81,5.56,10.37,-0.75,12.75,SJWD,Trans,23.030000000000012
2020-11-17,18.56,13.56,32.13,5.0,17.07,SJWD,Trans,28.030000000000012
2020-11-18,3.37,5.26,8.63,-1.9,18.67,SJWD,Trans,26.130000000000013
2020-11-19,5.52,4.13,9.64,1.39,13.46,SJWD,Trans,27.520000000000014
2020-11-20,4.37,6.0,10.37,-1.63,11.94,SJWD,Trans,25.890000000000015
2020-11-23,6.43,5.42,11.85,1.01,13.48,SJWD,Trans,26.900000000000016
2020-11-24,2.64,4.88,7.52,-2.25,7.41,SJWD,Trans,24.650000000000016
2020-11-25,7.72,1.9,9.61,5.82,14.43,SJWD,Trans,30.470000000000017
2020-11-26,6.22,0.58,6.8,5.64,11.81,SJWD,Trans,36.110000000000014
2020-11-27,13.92,3.4,17.32,10.52,12.23,SJWD,Trans,46.63000000000001
2020-11-30,33.31,38.64,71.95,-5.32,18.84,SJWD,Trans,41.31000000000001
2020-12-01,6.59,15.31,21.9,-8.71,15.03,SJWD,Trans,32.60000000000001
2020-12-02,31.11,6.04,37.15,25.07,15.34,SJWD,Trans,57.67000000000001
2020-12-03,4.11,8.21,12.31,-4.1,3.71,SJWD,Trans,53.57000000000001
2020-12-04,8.04,4.17,12.21,3.87,7.72,SJWD,Trans,57.440000000000005
2020-12-08,7.61,3.51,11.12,4.1,7.76,SJWD,Trans,61.540000000000006
2020-12-09,15.16,30.19,45.34,-15.03,17.68,SJWD,Trans,46.510000000000005
2020-12-14,27.37,10.41,37.78,16.97,15.05,SJWD,Trans,63.480000000000004
2020-12-15,6.47,20.89,27.36,-14.42,12.78,SJWD,Trans,49.06
2020-12-16,4.67,2.32,6.99,2.35,4.66,SJWD,Trans,51.410000000000004
2020-12-17,12.08,4.14,16.22,7.94,8.53,SJWD,Trans,59.35
2020-12-18,24.77,9.71,34.48,15.07,12.87,SJWD,Trans,74.42
2020-12-21,11.98,38.12,50.09,-26.14,15.69,SJWD,Trans,48.28
2020-12-22,8.48,3.59,12.07,4.89,13.6,SJWD,Trans,53.17
2020-12-23,8.44,11.48,19.92,-3.04,14.76,SJWD,Trans,50.13
2020-12-24,7.54,5.28,12.83,2.26,10.43,SJWD,Trans,52.39
2020-12-25,3.85,3.53,7.39,0.32,11.76,SJWD,Trans,52.71
2020-12-28,3.56,4.6,8.16,-1.05,13.03,SJWD,Trans,51.660000000000004
2020-12-29,3.82,3.79,7.61,0.03,13.59,SJWD,Trans,51.690000000000005
2020-12-30,2.15,8.12,10.26,-5.97,13.0,SJWD,Trans,45.720000000000006
2021-01-04,4.48,2.4,6.88,2.08,7.89,SJWD,Trans,47.800000000000004
2021-01-05,5.06,3.74,8.8,1.31,5.56,SJWD,Trans,49.11000000000001
2021-01-06,29.12,35.56,64.69,-6.44,14.18,SJWD,Trans,42.67000000000001
2021-01-07,7.12,3.22,10.34,3.9,16.98,SJWD,Trans,46.57000000000001
2021-01-08,2.43,4.43,6.86,-2.0,13.91,SJWD,Trans,44.57000000000001
2021-01-11,8.64,2.15,10.79,6.49,17.96,SJWD,Trans,51.06000000000001
2021-01-12,1.0,3.76,4.76,-2.76,6.18,SJWD,Trans,48.30000000000001
2021-01-13,2.06,5.37,7.44,-3.31,9.32,SJWD,Trans,44.99000000000001
2021-01-14,43.57,13.89,57.46,29.67,15.73,SJWD,Trans,74.66000000000001
2021-01-15,6.62,41.61,48.22,-34.99,19.33,SJWD,Trans,39.67000000000001
2021-01-18,2.23,4.76,6.99,-2.53,8.16,SJWD,Trans,37.14000000000001
2021-01-19,2.42,3.94,6.36,-1.51,13.2,SJWD,Trans,35.63000000000001
2021-01-20,4.48,8.52,13.0,-4.05,11.52,SJWD,Trans,31.58000000000001
2021-01-21,0.82,5.45,6.27,-4.64,7.82,SJWD,Trans,26.94000000000001
2021-01-22,0.95,5.36,6.31,-4.41,9.23,SJWD,Trans,22.53000000000001
2021-01-25,3.61,4.48,8.1,-0.87,19.27,SJWD,Trans,21.660000000000007
2021-01-26,1.88,3.73,5.6,-1.85,9.39,SJWD,Trans,19.810000000000006
2021-01-27,1.2,3.07,4.27,-1.87,18.54,SJWD,Trans,17.940000000000005
2021-01-28,1.94,5.72,7.66,-3.78,14.62,SJWD,Trans,14.160000000000005
2021-01-29,2.64,4.4,7.04,-1.76,13.17,SJWD,Trans,12.400000000000006
2021-02-01,6.23,7.57,13.8,-1.34,11.26,SJWD,Trans,11.060000000000006
2021-02-02,1.81,10.12,11.93,-8.31,6.58,SJWD,Trans,2.7500000000000053
2021-02-03,1.22,1.31,2.53,-0.09,5.64,SJWD,Trans,2.6600000000000055
2021-02-04,1.59,1.64,3.23,-0.04,10.72,SJWD,Trans,2.6200000000000054
2021-02-05,2.52,2.56,5.08,-0.04,17.56,SJWD,Trans,2.5800000000000054
2021-02-08,3.12,3.66,6.78,-0.54,10.66,SJWD,Trans,2.0400000000000054
2021-02-09,1.98,7.79,9.76,-5.81,16.66,SJWD,Trans,-3.7699999999999942
2021-02-10,27.75,10.76,38.51,16.99,9.28,SJWD,Trans,13.220000000000004
2021-02-11,1.92,9.05,10.97,-7.13,11.92,SJWD,Trans,6.090000000000004
2021-02-15,2.09,5.06,7.15,-2.97,6.73,SJWD,Trans,3.120000000000004
2021-02-16,1.05,0.56,1.61,0.49,3.97,SJWD,Trans,3.610000000000004
2021-02-17,6.86,3.2,10.06,3.65,6.59,SJWD,Trans,7.260000000000003
2021-02-18,0.7,2.98,3.68,-2.28,4.02,SJWD,Trans,4.980000000000004
2021-02-19,2.87,4.35,7.22,-1.47,7.83,SJWD,Trans,3.5100000000000042
2021-02-22,1.47,5.71,7.18,-4.24,15.2,SJWD,Trans,-0.729999999999996
2021-02-23,1.42,1.4,2.82,0.02,9.06,SJWD,Trans,-0.709999999999996
2021-02-24,1.02,4.23,5.25,-3.21,16.31,SJWD,Trans,-3.919999999999996
2021-02-25,7.74,14.34,22.08,-6.6,16.62,SJWD,Trans,-10.519999999999996
2021-03-01,1.35,2.81,4.15,-1.46,10.0,SJWD,Trans,-11.979999999999997
2021-03-02,0.82,3.59,4.41,-2.77,5.41,SJWD,Trans,-14.749999999999996
2021-03-03,13.42,6.93,20.35,6.49,3.96,SJWD,Trans,-8.259999999999996
2021-03-04,3.81,8.43,12.24,-4.62,7.27,SJWD,Trans,-12.879999999999995
2021-03-05,11.09,13.35,24.45,-2.26,6.64,SJWD,Trans,-15.139999999999995
2021-03-08,2.4,4.85,7.25,-2.46,7.27,SJWD,Trans,-17.599999999999994
2021-03-09,1.0,1.99,2.99,-0.99,7.28,SJWD,Trans,-18.589999999999993
2021-03-10,2.29,0.96,3.25,1.33,4.29,SJWD,Trans,-17.25999999999999
2021-03-11,0.97,3.36,4.33,-2.39,3.93,SJWD,Trans,-19.64999999999999
2021-03-12,4.67,2.66,7.33,2.01,8.6,SJWD,Trans,-17.639999999999993
2021-03-15,0.44,2.62,3.06,-2.17,11.38,SJWD,Trans,-19.809999999999995
2021-03-16,0.62,2.51,3.14,-1.89,11.24,SJWD,Trans,-21.699999999999996
2021-03-17,20.0,3.99,23.98,16.01,16.66,SJWD,Trans,-5.689999999999994
2021-03-18,1.66,24.71,26.37,-23.05,11.94,SJWD,Trans,-28.739999999999995
2021-03-19,0.92,0.73,1.65,0.19,3.88,SJWD,Trans,-28.549999999999994
2021-03-22,14.69,6.33,21.02,8.36,4.99,SJWD,Trans,-20.189999999999994
2021-03-23,2.55,9.3,11.85,-6.75,4.38,SJWD,Trans,-26.939999999999994
2021-03-24,4.35,2.92,7.26,1.43,5.83,SJWD,Trans,-25.509999999999994
2021-03-25,3.17,5.94,9.11,-2.78,9.99,SJWD,Trans,-28.289999999999996
2021-03-26,0.28,1.73,2.02,-1.45,4.76,SJWD,Trans,-29.739999999999995
2021-03-29,2.37,0.82,3.19,1.55,8.22,SJWD,Trans,-28.189999999999994
2021-03-30,1.15,1.57,2.72,-0.42,5.43,SJWD,Trans,-28.609999999999996
2021-03-31,3.53,2.13,5.66,1.41,6.58,SJWD,Trans,-27.199999999999996
2021-04-01,0.85,0.25,1.1,0.6,4.37,SJWD,Trans,-26.599999999999994
2021-04-02,1.17,1.63,2.79,-0.46,6.98,SJWD,Trans,-27.059999999999995
2021-04-05,0.3,2.09,2.39,-1.79,3.84,SJWD,Trans,-28.849999999999994
2021-04-07,0.93,0.75,1.68,0.18,2.91,SJWD,Trans,-28.669999999999995
2021-04-08,21.75,5.47,27.23,16.28,8.81,SJWD,Trans,-12.389999999999993
2021-04-09,38.37,25.43,63.8,12.95,4.96,SJWD,Trans,0.5600000000000058
2021-04-12,29.39,10.96,40.36,18.43,8.69,SJWD,Trans,18.990000000000006
2021-04-16,10.53,5.62,16.15,4.92,9.15,SJWD,Trans,23.910000000000004
2021-04-19,25.68,7.21,32.89,18.46,11.43,SJWD,Trans,42.370000000000005
2021-04-20,25.51,21.03,46.54,4.48,18.67,SJWD,Trans,46.85000000000001
2021-04-21,3.42,2.37,5.79,1.05,12.74,SJWD,Trans,47.900000000000006
2021-04-22,11.71,8.76,20.47,2.94,11.86,SJWD,Trans,50.84
2021-04-23,8.62,4.2,12.82,4.41,18.34,SJWD,Trans,55.25
2021-04-26,11.79,8.42,20.2,3.37,17.28,SJWD,Trans,58.62
2021-04-27,4.56,9.37,13.92,-4.81,14.18,SJWD,Trans,53.809999999999995
2021-04-28,54.1,14.02,68.11,40.08,13.7,SJWD,Trans,93.88999999999999
2021-04-29,9.46,28.5,37.96,-19.04,8.95,SJWD,Trans,74.85
2021-04-30,62.07,40.45,102.52,21.62,11.52,SJWD,Trans,96.47
2021-05-05,14.19,25.05,39.23,-10.86,8.58,SJWD,Trans,85.61
2021-05-06,20.95,9.26,30.21,11.68,11.09,SJWD,Trans,97.28999999999999
2021-05-07,20.89,17.11,38.0,3.77,14.94,SJWD,Trans,101.05999999999999
2021-05-10,9.17,0.6,9.77,8.57,20.44,SJWD,Trans,109.63
2021-05-11,12.33,8.26,20.6,4.07,12.77,SJWD,Trans,113.69999999999999
2021-05-12,15.54,7.62,23.16,7.92,18.61,SJWD,Trans,121.61999999999999
2021-05-13,43.83,13.53,57.35,30.3,16.41,SJWD,Trans,151.92
2021-05-14,6.22,21.04,27.26,-14.82,20.17,SJWD,Trans,137.1
2021-05-17,12.92,4.19,17.11,8.72,25.01,SJWD,Trans,145.82
2021-05-18,53.87,107.98,161.85,-54.11,14.51,SJWD,Trans,91.71
2021-05-19,2.7,21.32,24.01,-18.62,16.53,SJWD,Trans,73.08999999999999
2021-05-20,11.82,41.34,53.16,-29.52,13.57,SJWD,Trans,43.56999999999999
2021-05-21,14.33,2.34,16.66,11.99,17.24,SJWD,Trans,55.559999999999995
2021-05-24,15.89,6.79,22.68,9.11,22.02,SJWD,Trans,64.66999999999999
2021-05-25,20.15,14.48,34.64,5.67,13.77,SJWD,Trans,70.33999999999999
2021-05-27,7.42,3.12,10.54,4.29,17.42,SJWD,Trans,74.63
2021-05-28,22.91,10.5,33.41,12.41,21.72,SJWD,Trans,87.03999999999999
2021-05-31,118.33,34.72,153.05,83.6,13.71,SJWD,Trans,170.64
2021-06-01,23.18,73.85,97.04,-50.67,14.52,SJWD,Trans,119.96999999999998
2021-06-02,10.62,11.14,21.76,-0.52,17.38,SJWD,Trans,119.44999999999999
2021-06-04,4.92,4.24,9.16,0.68,11.75,SJWD,Trans,120.13
2021-06-07,6.69,2.72,9.41,3.96,7.86,SJWD,Trans,124.08999999999999
2021-06-08,16.57,4.79,21.36,11.78,13.53,SJWD,Trans,135.86999999999998
2021-06-09,9.07,2.94,12.01,6.13,18.64,SJWD,Trans,141.99999999999997
2021-06-10,4.51,4.08,8.58,0.43,12.29,SJWD,Trans,142.42999999999998
2021-06-11,3.87,2.82,6.69,1.05,15.58,SJWD,Trans,143.48
2021-06-14,13.52,4.86,18.38,8.65,15.29,SJWD,Trans,152.13
2021-06-15,18.48,4.03,22.51,14.45,16.93,SJWD,Trans,166.57999999999998
2021-06-16,3.38,2.76,6.14,0.62,17.14,SJWD,Trans,167.2
2021-06-17,4.63,22.05,26.68,-17.43,12.02,SJWD,Trans,149.76999999999998
2021-06-18,0.61,16.06,16.67,-15.45,13.61,SJWD,Trans,134.32
2021-06-21,1.31,4.38,5.69,-3.07,3.91,SJWD,Trans,131.25
2021-06-22,9.53,8.17,17.69,1.36,16.88,SJWD,Trans,132.61
2021-06-23,21.2,5.34,26.54,15.86,13.79,SJWD,Trans,148.47000000000003
2021-06-24,44.05,17.1,61.16,26.95,15.51,SJWD,Trans,175.42000000000002
2021-06-25,14.58,24.95,39.53,-10.37,16.15,SJWD,Trans,165.05
2021-06-28,1.73,22.66,24.39,-20.93,15.82,SJWD,Trans,144.12
2021-06-29,27.77,21.15,48.93,6.62,15.37,SJWD,Trans,150.74
2021-06-30,102.03,101.51,203.54,0.52,6.94,SJWD,Trans,151.26000000000002
2021-07-01,56.9,41.64,98.53,15.26,18.22,SJWD,Trans,166.52
2021-07-02,31.65,11.28,42.93,20.36,16.13,SJWD,Trans,186.88
2021-07-05,35.82,25.17,61.0,10.65,24.09,SJWD,Trans,197.53
2021-07-06,11.88,12.38,24.26,-0.5,15.98,SJWD,Trans,197.03
2021-07-07,4.26,10.6,14.85,-6.34,15.16,SJWD,Trans,190.69
2021-07-08,28.07,11.94,40.01,16.13,25.1,SJWD,Trans,206.82
2021-07-09,21.42,46.54,67.96,-25.13,14.88,SJWD,Trans,181.69
2021-07-12,30.87,48.6,79.46,-17.73,20.44,SJWD,Trans,163.96
2021-07-13,32.28,37.54,69.82,-5.26,21.64,SJWD,Trans,158.70000000000002
2021-07-14,37.52,49.03,86.55,-11.5,16.84,SJWD,Trans,147.20000000000002
2021-07-15,2.6,25.37,27.97,-22.77,9.58,SJWD,Trans,124.43000000000002
2021-07-16,2.68,23.22,25.9,-20.54,12.2,SJWD,Trans,103.89000000000001
2021-07-19,7.77,6.95,14.71,0.82,15.72,SJWD,Trans,104.71000000000001
2021-07-20,25.3,10.92,36.23,14.38,13.72,SJWD,Trans,119.09
2021-07-21,6.15,6.15,12.3,-0.01,18.27,SJWD,Trans,119.08
2021-07-22,19.42,20.1,39.51,-0.68,22.65,SJWD,Trans,118.39999999999999
2021-07-23,25.21,24.72,49.93,0.48,14.71,SJWD,Trans,118.88
2021-07-27,67.97,90.61,158.57,-22.64,15.43,SJWD,Trans,96.24
2021-07-29,57.87,58.67,116.54,-0.8,15.28,SJWD,Trans,95.44
2021-07-30,17.0,37.98,54.98,-20.98,20.01,SJWD,Trans,74.46
2021-08-02,10.72,20.82,31.55,-10.1,8.39,SJWD,Trans,64.36
2021-08-03,22.13,42.83,64.96,-20.7,10.93,SJWD,Trans,43.66
2021-08-04,5.6,8.96,14.56,-3.36,9.29,SJWD,Trans,40.3
2021-08-05,7.43,4.06,11.49,3.36,11.22,SJWD,Trans,43.66
2021-08-06,11.35,8.14,19.49,3.21,11.87,SJWD,Trans,46.87
2021-08-09,5.78,10.41,16.19,-4.63,16.84,SJWD,Trans,42.239999999999995
2021-08-10,9.53,6.0,15.54,3.53,20.71,SJWD,Trans,45.769999999999996
2021-08-11,3.28,8.64,11.92,-5.36,11.48,SJWD,Trans,40.41
2021-08-13,27.76,12.67,40.43,15.09,15.82,SJWD,Trans,55.5
2021-08-16,60.67,12.55,73.21,48.12,28.71,SJWD,Trans,103.62
2021-08-17,7.2,20.72,27.93,-13.52,19.51,SJWD,Trans,90.10000000000001
2021-08-18,5.83,10.8,16.63,-4.96,19.86,SJWD,Trans,85.14000000000001
2021-08-19,14.16,11.79,25.95,2.37,15.67,SJWD,Trans,87.51000000000002
2021-08-20,20.58,14.98,35.56,5.61,16.17,SJWD,Trans,93.12000000000002
2021-08-23,11.34,19.67,31.01,-8.34,18.87,SJWD,Trans,84.78000000000002
2021-08-24,121.53,37.84,159.37,83.69,17.04,SJWD,Trans,168.47000000000003
2021-08-25,13.34,73.18,86.52,-59.85,17.93,SJWD,Trans,108.62000000000003
2021-08-26,29.59,7.59,37.18,22.0,11.6,SJWD,Trans,130.62000000000003
2021-08-27,3.12,3.15,6.27,-0.04,4.93,SJWD,Trans,130.58000000000004
2021-08-30,1.68,11.14,12.82,-9.46,8.2,SJWD,Trans,121.12000000000003
2021-08-31,2.47,11.05,13.52,-8.57,17.36,SJWD,Trans,112.55000000000004
2021-09-01,7.97,29.34,37.31,-21.38,13.21,SJWD,Trans,91.17000000000004
2021-09-02,15.89,6.43,22.32,9.46,13.54,SJWD,Trans,100.63000000000005
2021-09-03,10.86,8.6,19.46,2.25,10.76,SJWD,Trans,102.88000000000005
2021-09-06,6.43,7.2,13.63,-0.77,7.93,SJWD,Trans,102.11000000000006
2021-09-07,15.81,6.64,22.45,9.17,12.47,SJWD,Trans,111.28000000000006
2021-09-08,6.79,16.32,23.12,-9.53,23.3,SJWD,Trans,101.75000000000006
2021-09-09,1.9,18.13,20.03,-16.23,21.79,SJWD,Trans,85.52000000000005
2021-09-10,2.79,17.66,20.45,-14.87,18.16,SJWD,Trans,70.65000000000005
2021-09-13,22.76,6.68,29.44,16.08,13.37,SJWD,Trans,86.73000000000005
2021-09-14,22.72,8.62,31.34,14.11,19.87,SJWD,Trans,100.84000000000005
2021-09-15,31.56,32.62,64.17,-1.06,18.23,SJWD,Trans,99.78000000000004
2021-09-16,4.55,18.17,22.71,-13.62,15.93,SJWD,Trans,86.16000000000004
2021-09-17,8.79,23.47,32.26,-14.69,24.47,SJWD,Trans,71.47000000000004
2021-09-20,6.72,27.68,34.4,-20.97,13.85,SJWD,Trans,50.50000000000004
2021-09-21,9.08,11.09,20.17,-2.01,12.93,SJWD,Trans,48.490000000000045
2021-09-22,2.28,5.0,7.28,-2.72,15.45,SJWD,Trans,45.770000000000046
2021-09-23,4.32,9.68,13.99,-5.36,9.65,SJWD,Trans,40.410000000000046
2021-09-27,3.5,17.38,20.88,-13.88,17.31,SJWD,Trans,26.530000000000044
2021-09-28,1.86,8.59,10.45,-6.73,12.88,SJWD,Trans,19.800000000000043
2021-09-29,9.67,14.01,23.68,-4.34,13.16,SJWD,Trans,15.460000000000043
2021-09-30,2.6,12.98,15.58,-10.37,13.78,SJWD,Trans,5.090000000000044
2021-10-01,1.5,4.13,5.63,-2.63,14.74,SJWD,Trans,2.4600000000000444
2021-10-04,0.88,4.65,5.53,-3.77,11.76,SJWD,Trans,-1.3099999999999556
2021-10-05,1.57,8.3,9.87,-6.73,16.32,SJWD,Trans,-8.039999999999957
2021-10-06,2.59,4.92,7.52,-2.33,10.19,SJWD,Trans,-10.369999999999957
2021-10-07,9.61,3.7,13.31,5.91,9.8,SJWD,Trans,-4.459999999999956
2021-10-08,13.45,8.92,22.37,4.53,8.04,SJWD,Trans,0.0700000000000438
2021-10-11,2.88,13.76,16.64,-10.88,19.17,SJWD,Trans,-10.809999999999956
2021-10-12,0.01,6.58,6.58,-6.57,10.55,SJWD,Trans,-17.379999999999956
2021-10-14,5.88,5.79,11.67,0.09,7.42,SJWD,Trans,-17.289999999999957
2021-10-15,6.73,8.59,15.33,-1.86,9.96,SJWD,Trans,-19.149999999999956
2021-10-18,1.74,16.61,18.34,-14.87,17.66,SJWD,Trans,-34.01999999999995
2021-10-19,4.41,8.1,12.51,-3.69,11.47,SJWD,Trans,-37.70999999999995
2021-10-20,1.04,2.64,3.68,-1.6,20.17,SJWD,Trans,-39.30999999999995
2021-10-21,0.58,3.24,3.82,-2.66,11.58,SJWD,Trans,-41.969999999999956
2021-10-25,3.12,3.46,6.58,-0.34,12.86,SJWD,Trans,-42.30999999999996
2021-10-26,15.06,5.08,20.14,9.97,18.31,SJWD,Trans,-32.33999999999996
2021-10-27,0.49,1.35,1.83,-0.86,5.55,SJWD,Trans,-33.19999999999996
2021-10-28,0.8,4.57,5.38,-3.77,9.96,SJWD,Trans,-36.96999999999996
2021-10-29,0.1,0.53,0.63,-0.43,6.36,SJWD,Trans,-37.39999999999996
2021-11-01,2.04,6.91,8.95,-4.88,18.93,SJWD,Trans,-42.279999999999966
2021-11-02,2.19,5.7,7.89,-3.51,20.12,SJWD,Trans,-45.789999999999964
2021-11-03,1.77,8.15,9.91,-6.38,16.21,SJWD,Trans,-52.169999999999966
2021-11-04,2.14,1.85,3.99,0.3,7.77,SJWD,Trans,-51.86999999999997
2021-11-05,52.66,4.67,57.33,47.99,12.56,SJWD,Trans,-3.879999999999967
2021-11-08,9.62,28.06,37.68,-18.43,20.21,SJWD,Trans,-22.309999999999967
2021-11-09,88.75,5.75,94.5,83.0,16.16,SJWD,Trans,60.69000000000003
2021-11-10,20.71,19.69,40.4,1.02,8.54,SJWD,Trans,61.710000000000036
2021-11-11,12.11,36.53,48.65,-24.42,19.88,SJWD,Trans,37.290000000000035
2021-11-12,33.12,16.99,50.1,16.13,14.37,SJWD,Trans,53.42000000000003
2021-11-15,5.19,3.21,8.4,1.98,16.62,SJWD,Trans,55.40000000000003
2021-11-16,4.24,7.12,11.36,-2.88,15.36,SJWD,Trans,52.520000000000024
2021-11-17,1.87,17.77,19.64,-15.9,19.36,SJWD,Trans,36.620000000000026
2021-11-18,5.0,9.33,14.33,-4.33,13.07,SJWD,Trans,32.29000000000003
2021-11-19,3.8,1.87,5.68,1.93,9.03,SJWD,Trans,34.22000000000003
2021-11-22,31.03,23.75,54.78,7.28,13.94,SJWD,Trans,41.50000000000003
2021-11-23,19.97,66.14,86.1,-46.17,16.06,SJWD,Trans,-4.669999999999973
2021-11-24,11.3,5.59,16.89,5.71,16.32,SJWD,Trans,1.0400000000000267
2021-11-25,170.89,26.12,197.01,144.77,23.17,SJWD,Trans,145.81000000000003
2021-11-26,41.99,31.01,73.01,10.98,15.87,SJWD,Trans,156.79000000000002
2021-11-29,21.25,50.61,71.86,-29.37,22.09,SJWD,Trans,127.42000000000002
2021-11-30,24.71,48.3,73.01,-23.6,24.94,SJWD,Trans,103.82000000000002
2021-12-01,18.15,27.79,45.94,-9.65,19.79,SJWD,Trans,94.17000000000002
2021-12-02,1.38,9.29,10.67,-7.9,22.13,SJWD,Trans,86.27000000000001
2021-12-03,8.61,15.92,24.53,-7.32,17.04,SJWD,Trans,78.95000000000002
2021-12-07,68.68,41.92,110.59,26.76,23.51,SJWD,Trans,105.71000000000002
2021-12-08,0.44,16.84,17.28,-16.4,18.7,SJWD,Trans,89.31000000000003
2021-12-09,1.34,9.61,10.95,-8.27,15.85,SJWD,Trans,81.04000000000003
2021-12-13,7.56,6.78,14.35,0.78,12.64,SJWD,Trans,81.82000000000004
2021-12-14,20.32,4.58,24.91,15.74,17.37,SJWD,Trans,97.56000000000003
2021-12-15,73.26,14.68,87.95,58.58,17.76,SJWD,Trans,156.14000000000004
2021-12-16,30.47,26.61,57.08,3.87,19.96,SJWD,Trans,160.01000000000005
2021-12-17,156.23,34.21,190.44,122.01,18.3,SJWD,Trans,282.02000000000004
2021-12-20,111.85,51.05,162.91,60.8,16.45,SJWD,Trans,342.82000000000005
2021-12-21,41.64,40.15,81.79,1.49,27.24,SJWD,Trans,344.31000000000006
2021-12-22,57.98,38.06,96.04,19.93,24.91,SJWD,Trans,364.24000000000007
2021-12-23,29.19,10.72,39.92,18.47,17.92,SJWD,Trans,382.71000000000004
2021-12-24,23.54,37.0,60.54,-13.46,18.37,SJWD,Trans,369.25000000000006
2021-12-27,131.27,31.21,162.48,100.05,28.93,SJWD,Trans,469.30000000000007
2021-12-28,36.4,43.74,80.14,-7.33,23.01,SJWD,Trans,461.9700000000001
2021-12-29,83.94,68.95,152.89,14.99,22.01,SJWD,Trans,476.9600000000001
2021-12-30,32.61,33.81,66.42,-1.2,18.94,SJWD,Trans,475.7600000000001
2022-01-04,48.61,93.88,142.49,-45.27,24.47,SJWD,Trans,430.4900000000001
2022-01-05,60.35,71.73,132.08,-11.38,16.37,SJWD,Trans,419.1100000000001
2022-01-06,86.95,71.61,158.56,15.34,11.66,SJWD,Trans,434.4500000000001
2022-01-07,67.13,33.29,100.41,33.84,15.04,SJWD,Trans,468.2900000000001
2022-01-10,100.81,26.8,127.61,74.02,19.57,SJWD,Trans,542.3100000000001
2022-01-11,22.13,44.16,66.3,-22.03,20.3,SJWD,Trans,520.2800000000001
2022-01-12,63.11,99.56,162.67,-36.45,19.89,SJWD,Trans,483.8300000000001
2022-01-13,9.69,79.11,88.8,-69.42,17.63,SJWD,Trans,414.4100000000001
2022-01-14,24.61,35.46,60.07,-10.85,19.9,SJWD,Trans,403.56000000000006
2022-01-17,15.95,14.95,30.9,1.0,14.96,SJWD,Trans,404.56000000000006
2022-01-18,21.75,12.37,34.12,9.37,17.24,SJWD,Trans,413.93000000000006
2022-01-19,14.48,35.01,49.49,-20.53,14.9,SJWD,Trans,393.4000000000001
2022-01-20,14.79,36.13,50.92,-21.34,17.48,SJWD,Trans,372.0600000000001
2022-01-21,16.62,12.74,29.37,3.88,20.25,SJWD,Trans,375.9400000000001
2022-01-24,67.59,17.2,84.8,50.39,19.92,SJWD,Trans,426.3300000000001
2022-01-25,20.12,26.67,46.79,-6.55,19.53,SJWD,Trans,419.7800000000001
2022-01-26,11.38,19.95,31.32,-8.57,32.95,SJWD,Trans,411.2100000000001
2022-01-27,13.78,8.92,22.7,4.86,18.58,SJWD,Trans,416.0700000000001
2022-01-28,3.13,14.68,17.81,-11.56,16.43,SJWD,Trans,404.5100000000001
2022-01-31,8.95,33.76,42.71,-24.81,21.85,SJWD,Trans,379.7000000000001
2022-02-01,12.14,32.85,44.99,-20.71,22.46,SJWD,Trans,358.9900000000001
2022-02-02,12.94,21.45,34.4,-8.51,17.84,SJWD,Trans,350.48000000000013
2022-02-03,16.83,40.3,57.14,-23.47,22.67,SJWD,Trans,327.0100000000001
2022-02-04,19.14,81.0,100.14,-61.86,23.4,SJWD,Trans,265.1500000000001
2022-02-07,24.51,19.03,43.54,5.47,19.22,SJWD,Trans,270.6200000000001
2022-02-08,47.01,6.5,53.51,40.51,23.92,SJWD,Trans,311.1300000000001
2022-02-09,2.96,28.95,31.9,-25.99,17.8,SJWD,Trans,285.1400000000001
2022-02-10,58.1,18.91,77.01,39.19,21.3,SJWD,Trans,324.3300000000001
2022-02-11,84.85,30.35,115.2,54.49,18.07,SJWD,Trans,378.8200000000001
2022-02-14,18.99,31.74,50.73,-12.75,25.29,SJWD,Trans,366.0700000000001
2022-02-15,18.87,35.65,54.52,-16.78,19.48,SJWD,Trans,349.2900000000001
2022-02-17,7.83,20.44,28.27,-12.61,27.92,SJWD,Trans,336.68000000000006
2022-02-18,3.2,18.97,22.17,-15.77,25.36,SJWD,Trans,320.9100000000001
2022-02-21,8.32,17.88,26.2,-9.56,22.43,SJWD,Trans,311.3500000000001
2022-02-22,4.99,7.48,12.47,-2.48,14.43,SJWD,Trans,308.87000000000006
2022-02-23,1.32,23.06,24.38,-21.73,21.71,SJWD,Trans,287.14000000000004
2022-02-24,4.31,21.93,26.24,-17.63,14.14,SJWD,Trans,269.51000000000005
2022-02-25,19.75,30.19,49.94,-10.44,22.21,SJWD,Trans,259.07000000000005
2022-02-28,36.24,27.49,63.72,8.75,13.07,SJWD,Trans,267.82000000000005
2022-03-01,36.93,42.92,79.85,-5.98,22.38,SJWD,Trans,261.84000000000003
2022-03-02,18.85,31.64,50.49,-12.79,15.03,SJWD,Trans,249.05000000000004
2022-03-03,34.55,17.99,52.53,16.56,16.79,SJWD,Trans,265.61
2022-03-04,18.16,16.67,34.83,1.49,17.94,SJWD,Trans,267.1
2022-03-07,19.29,20.68,39.97,-1.39,15.81,SJWD,Trans,265.71000000000004
2022-03-08,35.38,19.54,54.92,15.85,22.06,SJWD,Trans,281.56000000000006
2022-03-09,8.98,20.07,29.05,-11.09,14.73,SJWD,Trans,270.4700000000001
2022-03-10,20.55,20.55,41.1,-0.0,13.72,SJWD,Trans,270.4700000000001
2022-03-11,22.08,11.33,33.42,10.75,14.26,SJWD,Trans,281.2200000000001
2022-03-14,22.83,16.93,39.76,5.9,18.75,SJWD,Trans,287.12000000000006
2022-03-15,4.33,8.89,13.21,-4.56,13.06,SJWD,Trans,282.56000000000006
2022-03-16,5.65,15.14,20.8,-9.49,28.31,SJWD,Trans,273.07000000000005
2022-03-17,14.01,19.59,33.6,-5.59,24.05,SJWD,Trans,267.4800000000001
2022-03-18,8.9,16.65,25.55,-7.75,17.39,SJWD,Trans,259.7300000000001
2022-03-21,18.98,2.74,21.72,16.24,12.83,SJWD,Trans,275.9700000000001
2022-03-22,3.38,5.57,8.95,-2.2,20.43,SJWD,Trans,273.7700000000001
2022-03-23,10.5,4.22,14.73,6.28,9.6,SJWD,Trans,280.05000000000007
2022-03-24,4.71,11.05,15.76,-6.35,16.84,SJWD,Trans,273.70000000000005
2022-03-25,5.61,10.04,15.66,-4.43,31.31,SJWD,Trans,269.27000000000004
2022-03-28,15.18,18.95,34.14,-3.77,17.32,SJWD,Trans,265.50000000000006
2022-03-29,20.78,42.38,63.16,-21.6,17.24,SJWD,Trans,243.90000000000006
2022-03-30,13.4,41.87,55.27,-28.47,12.03,SJWD,Trans,215.43000000000006
2022-03-31,10.01,51.37,61.38,-41.35,13.84,SJWD,Trans,174.08000000000007
2022-04-01,11.81,70.73,82.54,-58.92,24.37,SJWD,Trans,115.16000000000007
2022-04-04,17.74,21.09,38.83,-3.35,21.29,SJWD,Trans,111.81000000000007
2022-04-05,4.3,24.03,28.33,-19.74,16.64,SJWD,Trans,92.07000000000008
2022-04-07,15.2,25.15,40.35,-9.95,11.46,SJWD,Trans,82.12000000000008
2022-04-08,18.18,16.11,34.29,2.07,11.41,SJWD,Trans,84.19000000000007
2022-04-11,8.88,13.69,22.57,-4.82,12.92,SJWD,Trans,79.37000000000006
2022-04-12,8.02,3.73,11.75,4.29,7.63,SJWD,Trans,83.66000000000007
2022-04-18,14.32,8.07,22.4,6.25,10.56,SJWD,Trans,89.91000000000007
2022-04-19,7.92,25.5,33.42,-17.58,7.74,SJWD,Trans,72.33000000000007
2022-04-20,4.74,9.71,14.45,-4.97,7.84,SJWD,Trans,67.36000000000007
2022-04-21,17.78,17.85,35.63,-0.06,13.28,SJWD,Trans,67.30000000000007
2022-04-22,2.29,11.61,13.91,-9.32,14.3,SJWD,Trans,57.98000000000007
2022-04-25,7.58,8.27,15.85,-0.69,14.84,SJWD,Trans,57.29000000000007
2022-04-26,11.39,11.11,22.5,0.28,10.86,SJWD,Trans,57.57000000000007
2022-04-27,9.67,5.25,14.93,4.42,9.97,SJWD,Trans,61.99000000000007
2022-04-28,9.97,3.17,13.14,6.79,13.44,SJWD,Trans,68.78000000000007
2022-04-29,14.0,7.17,21.17,6.83,18.5,SJWD,Trans,75.61000000000007
2022-05-03,7.22,9.83,17.05,-2.61,16.55,SJWD,Trans,73.00000000000007
2022-05-05,8.1,10.06,18.15,-1.96,13.65,SJWD,Trans,71.04000000000008
2022-05-06,1.56,14.89,16.45,-13.33,22.39,SJWD,Trans,57.71000000000008
2022-05-09,3.83,24.62,28.45,-20.78,19.94,SJWD,Trans,36.93000000000008
2022-05-10,7.28,9.03,16.31,-1.75,21.42,SJWD,Trans,35.18000000000008
2022-05-11,1.88,3.88,5.76,-2.0,8.99,SJWD,Trans,33.18000000000008
2022-05-12,16.18,16.98,33.16,-0.8,17.86,SJWD,Trans,32.38000000000008
2022-05-13,8.81,10.01,18.82,-1.2,34.87,SJWD,Trans,31.18000000000008
2022-05-17,21.94,13.97,35.91,7.96,23.78,SJWD,Trans,39.14000000000008
2022-05-18,5.62,9.93,15.55,-4.31,14.67,SJWD,Trans,34.83000000000008
2022-05-19,0.82,7.89,8.71,-7.07,17.37,SJWD,Trans,27.760000000000076
2022-05-20,1.86,5.9,7.75,-4.04,11.76,SJWD,Trans,23.720000000000077
2022-05-23,5.07,4.18,9.25,0.89,10.57,SJWD,Trans,24.610000000000078
2022-05-24,40.87,27.66,68.53,13.2,15.59,SJWD,Trans,37.81000000000007
2022-05-25,9.9,26.63,36.53,-16.74,18.69,SJWD,Trans,21.070000000000075
2022-05-26,3.54,26.03,29.56,-22.49,10.25,SJWD,Trans,-1.4199999999999235
2022-05-27,2.24,11.59,13.84,-9.35,9.77,SJWD,Trans,-10.769999999999923
2022-05-30,3.99,3.73,7.72,0.26,7.77,SJWD,Trans,-10.509999999999923
2022-05-31,12.98,3.3,16.28,9.68,15.26,SJWD,Trans,-0.8299999999999237
2022-06-01,7.18,16.07,23.25,-8.89,14.15,SJWD,Trans,-9.719999999999924
2022-06-02,1.9,10.98,12.88,-9.08,15.36,SJWD,Trans,-18.799999999999926
2022-06-06,1.74,6.32,8.05,-4.58,12.62,SJWD,Trans,-23.379999999999924
2022-06-07,11.46,18.15,29.61,-6.69,12.74,SJWD,Trans,-30.069999999999926
2022-06-08,2.63,6.63,9.26,-4.0,9.44,SJWD,Trans,-34.06999999999992
2022-06-09,8.7,8.54,17.25,0.16,9.45,SJWD,Trans,-33.909999999999926
2022-06-10,8.43,5.86,14.29,2.57,11.71,SJWD,Trans,-31.339999999999925
2022-06-13,3.33,6.51,9.84,-3.19,15.9,SJWD,Trans,-34.52999999999992
2022-06-14,1.62,11.85,13.46,-10.23,19.14,SJWD,Trans,-44.75999999999992
2022-06-15,0.9,7.18,8.07,-6.28,13.96,SJWD,Trans,-51.03999999999992
2022-06-16,5.03,10.27,15.31,-5.24,11.88,SJWD,Trans,-56.27999999999992
2022-06-17,3.3,1.17,4.48,2.13,9.34,SJWD,Trans,-54.14999999999992
2022-06-20,0.9,1.23,2.14,-0.33,8.91,SJWD,Trans,-54.47999999999992
2022-06-21,4.53,1.65,6.18,2.88,7.56,SJWD,Trans,-51.599999999999916
2022-06-22,0.28,4.67,4.94,-4.39,10.08,SJWD,Trans,-55.98999999999992
2022-06-23,0.66,2.35,3.01,-1.7,8.68,SJWD,Trans,-57.68999999999992
2022-06-24,0.4,0.74,1.13,-0.34,2.21,SJWD,Trans,-58.02999999999992
2022-06-27,2.71,1.28,3.99,1.43,16.61,SJWD,Trans,-56.59999999999992
2022-06-28,0.72,0.34,1.06,0.38,5.32,SJWD,Trans,-56.21999999999992
2022-06-29,0.84,0.48,1.33,0.36,4.9,SJWD,Trans,-55.85999999999992
2022-06-30,0.61,3.7,4.31,-3.09,7.2,SJWD,Trans,-58.94999999999992
2022-07-01,11.96,3.49,15.44,8.47,9.51,SJWD,Trans,-50.47999999999992
2022-07-04,1.41,6.04,7.45,-4.63,12.48,SJWD,Trans,-55.10999999999992
2022-07-05,3.7,4.85,8.55,-1.15,10.75,SJWD,Trans,-56.25999999999992
2022-07-06,4.25,9.22,13.47,-4.98,8.44,SJWD,Trans,-61.239999999999924
2022-07-07,3.45,0.83,4.28,2.62,8.29,SJWD,Trans,-58.619999999999926
2022-07-08,1.31,1.03,2.34,0.28,4.28,SJWD,Trans,-58.339999999999925
2022-07-11,0.68,1.1,1.78,-0.42,4.7,SJWD,Trans,-58.75999999999993
2022-07-12,0.48,1.99,2.47,-1.5,9.0,SJWD,Trans,-60.25999999999993
2022-07-14,0.38,1.74,2.13,-1.36,9.06,SJWD,Trans,-61.619999999999926
2022-07-15,0.7,1.94,2.65,-1.24,4.08,SJWD,Trans,-62.85999999999993
2022-07-18,0.5,0.37,0.88,0.13,6.49,SJWD,Trans,-62.729999999999926
2022-07-19,0.34,0.9,1.24,-0.56,6.36,SJWD,Trans,-63.28999999999993
2022-07-20,1.59,0.12,1.71,1.47,7.32,SJWD,Trans,-61.81999999999993
2022-07-21,3.16,3.24,6.4,-0.08,7.54,SJWD,Trans,-61.89999999999993
2022-07-22,1.06,0.48,1.54,0.58,5.3,SJWD,Trans,-61.31999999999993
2022-07-25,0.61,0.08,0.69,0.53,6.1,SJWD,Trans,-60.78999999999993
2022-07-26,1.68,1.07,2.75,0.61,3.78,SJWD,Trans,-60.17999999999993
2022-07-27,4.18,1.16,5.35,3.02,11.2,SJWD,Trans,-57.159999999999926
2022-08-01,18.35,8.74,27.08,9.61,8.92,SJWD,Trans,-47.549999999999926
2022-08-02,7.68,10.26,17.93,-2.58,11.17,SJWD,Trans,-50.129999999999924
2022-08-03,6.67,5.9,12.57,0.76,10.46,SJWD,Trans,-49.369999999999926
2022-08-04,4.33,6.26,10.58,-1.93,15.97,SJWD,Trans,-51.299999999999926
2022-08-05,5.36,8.81,14.17,-3.45,6.76,SJWD,Trans,-54.74999999999993
2022-08-08,1.14,5.67,6.81,-4.53,7.9,SJWD,Trans,-59.27999999999993
2022-08-09,4.12,5.79,9.91,-1.67,10.91,SJWD,Trans,-60.94999999999993
2022-08-10,3.35,1.95,5.3,1.4,9.84,SJWD,Trans,-59.54999999999993
2022-08-11,10.05,1.73,11.78,8.32,10.64,SJWD,Trans,-51.22999999999993
2022-08-15,0.45,2.31,2.76,-1.86,7.8,SJWD,Trans,-53.08999999999993
2022-08-16,10.31,9.69,20.0,0.61,6.07,SJWD,Trans,-52.47999999999993
2022-08-17,8.34,17.62,25.95,-9.28,7.37,SJWD,Trans,-61.759999999999934
2022-08-18,19.51,6.99,26.5,12.53,16.52,SJWD,Trans,-49.22999999999993
2022-08-19,29.14,21.37,50.51,7.77,12.13,SJWD,Trans,-41.45999999999994
2022-08-22,43.91,4.29,48.2,39.63,21.86,SJWD,Trans,-1.8299999999999343
2022-08-23,22.12,12.06,34.18,10.06,14.89,SJWD,Trans,8.230000000000066
2022-08-24,22.88,13.88,36.76,9.0,24.28,SJWD,Trans,17.230000000000068
2022-08-25,48.66,11.28,59.94,37.38,16.23,SJWD,Trans,54.61000000000007
2022-08-26,20.72,8.36,29.09,12.36,24.48,SJWD,Trans,66.97000000000007
2022-08-29,26.18,7.33,33.51,18.84,20.67,SJWD,Trans,85.81000000000007
2022-08-30,23.16,8.49,31.65,14.67,21.41,SJWD,Trans,100.48000000000008
2022-08-31,4.48,2.1,6.57,2.38,8.68,SJWD,Trans,102.86000000000007
2022-09-01,3.6,7.86,11.46,-4.26,12.77,SJWD,Trans,98.60000000000007
2022-09-02,2.61,4.05,6.66,-1.43,12.71,SJWD,Trans,97.17000000000006
2022-09-05,2.49,8.09,10.58,-5.59,11.11,SJWD,Trans,91.58000000000006
2022-09-06,9.75,4.91,14.66,4.84,15.48,SJWD,Trans,96.42000000000006
2022-09-07,26.95,5.78,32.73,21.17,31.57,SJWD,Trans,117.59000000000006
2022-09-08,0.88,7.68,8.56,-6.8,12.22,SJWD,Trans,110.79000000000006
2022-09-09,3.61,1.48,5.08,2.13,12.29,SJWD,Trans,112.92000000000006
2022-09-12,6.67,13.18,19.85,-6.51,9.83,SJWD,Trans,106.41000000000005
2022-09-13,3.93,12.59,16.52,-8.66,14.0,SJWD,Trans,97.75000000000006
2022-09-14,32.67,8.97,41.65,23.7,20.58,SJWD,Trans,121.45000000000006
2022-09-15,24.43,24.72,49.15,-0.29,15.16,SJWD,Trans,121.16000000000005
2022-09-16,3.27,17.81,21.08,-14.54,12.61,SJWD,Trans,106.62000000000006
2022-09-19,1.77,7.17,8.94,-5.4,15.07,SJWD,Trans,101.22000000000006
2022-09-20,7.4,3.89,11.29,3.51,12.95,SJWD,Trans,104.73000000000006
2022-09-21,2.4,4.41,6.81,-2.01,16.89,SJWD,Trans,102.72000000000006
2022-09-22,8.19,7.12,15.31,1.07,16.5,SJWD,Trans,103.79000000000005
2022-09-23,2.5,5.92,8.43,-3.42,15.1,SJWD,Trans,100.37000000000005
2022-09-26,6.76,6.16,12.92,0.59,14.0,SJWD,Trans,100.96000000000005
2022-09-27,7.14,5.61,12.75,1.52,11.25,SJWD,Trans,102.48000000000005
2022-09-28,11.72,6.8,18.52,4.92,9.1,SJWD,Trans,107.40000000000005
2022-09-29,10.24,3.45,13.7,6.79,16.55,SJWD,Trans,114.19000000000005
2022-09-30,23.5,2.12,25.62,21.38,16.42,SJWD,Trans,135.57000000000005
2022-10-03,9.98,5.59,15.56,4.39,10.06,SJWD,Trans,139.96000000000004
2022-10-04,4.27,6.14,10.41,-1.88,18.45,SJWD,Trans,138.08000000000004
2022-10-05,4.04,2.94,6.98,1.09,9.86,SJWD,Trans,139.17000000000004
2022-10-06,4.34,7.33,11.67,-2.99,11.58,SJWD,Trans,136.18000000000004
2022-10-07,3.46,10.51,13.97,-7.06,13.59,SJWD,Trans,129.12000000000003
2022-10-10,2.55,8.73,11.28,-6.19,10.5,SJWD,Trans,122.93000000000004
2022-10-11,2.96,8.87,11.83,-5.91,8.42,SJWD,Trans,117.02000000000004
2022-10-12,18.81,10.92,29.73,7.89,10.93,SJWD,Trans,124.91000000000004
2022-10-17,151.24,36.74,187.98,114.5,15.7,SJWD,Trans,239.41000000000003
2022-10-18,41.18,21.83,63.0,19.35,12.21,SJWD,Trans,258.76000000000005
2022-10-19,25.98,11.87,37.85,14.11,11.57,SJWD,Trans,272.87000000000006
2022-10-20,24.95,8.61,33.56,16.35,9.5,SJWD,Trans,289.2200000000001
2022-10-21,20.11,7.35,27.47,12.76,6.69,SJWD,Trans,301.9800000000001
2022-10-25,46.96,118.14,165.11,-71.18,15.96,SJWD,Trans,230.80000000000007
2022-10-26,28.34,45.24,73.58,-16.9,7.9,SJWD,Trans,213.90000000000006
2022-10-27,66.51,94.35,160.86,-27.85,10.5,SJWD,Trans,186.05000000000007
2022-10-28,72.24,74.96,147.19,-2.72,9.55,SJWD,Trans,183.33000000000007
2022-10-31,154.18,57.45,211.63,96.72,14.57,SJWD,Trans,280.05000000000007
2022-11-01,37.4,16.15,53.54,21.25,12.15,SJWD,Trans,301.30000000000007
2022-11-02,27.06,35.53,62.6,-8.47,13.15,SJWD,Trans,292.83000000000004
2022-11-03,15.05,10.16,25.22,4.89,13.23,SJWD,Trans,297.72
2022-11-04,4.45,7.19,11.64,-2.73,9.76,SJWD,Trans,294.99
2022-11-07,24.35,16.68,41.03,7.67,11.14,SJWD,Trans,302.66
2022-11-08,6.52,19.29,25.81,-12.77,10.78,SJWD,Trans,289.89000000000004
2022-11-09,7.96,16.23,24.2,-8.27,15.59,SJWD,Trans,281.62000000000006
2022-11-10,24.03,9.05,33.08,14.98,11.72,SJWD,Trans,296.6000000000001
2022-11-11,44.98,15.92,60.89,29.06,13.3,SJWD,Trans,325.6600000000001
2022-11-14,49.41,16.5,65.91,32.91,23.74,SJWD,Trans,358.57000000000005
2022-11-15,15.24,34.92,50.16,-19.68,10.46,SJWD,Trans,338.89000000000004
2022-11-16,9.72,13.63,23.34,-3.91,9.54,SJWD,Trans,334.98
2022-11-17,35.6,22.97,58.57,12.62,10.87,SJWD,Trans,347.6
2022-11-18,12.84,28.49,41.33,-15.65,14.71,SJWD,Trans,331.95000000000005
2022-11-21,21.08,13.61,34.69,7.47,19.51,SJWD,Trans,339.4200000000001
2022-11-22,20.18,23.68,43.86,-3.5,14.38,SJWD,Trans,335.9200000000001
2022-11-23,15.28,15.61,30.89,-0.33,16.91,SJWD,Trans,335.5900000000001
2022-11-24,5.23,7.96,13.2,-2.73,24.36,SJWD,Trans,332.86000000000007
2022-11-25,6.18,5.54,11.72,0.64,18.53,SJWD,Trans,333.50000000000006
2022-11-28,97.84,32.62,130.46,65.22,19.79,SJWD,Trans,398.72
2022-11-29,20.04,26.26,46.3,-6.23,30.26,SJWD,Trans,392.49
2022-11-30,116.29,104.27,220.56,12.02,51.99,SJWD,Trans,404.51
2022-12-01,5.11,37.3,42.42,-32.19,15.31,SJWD,Trans,372.32
2022-12-02,103.36,37.79,141.15,65.57,17.98,SJWD,Trans,437.89
2022-12-06,23.34,54.08,77.42,-30.74,18.28,SJWD,Trans,407.15
2022-12-07,11.74,16.1,27.84,-4.36,17.27,SJWD,Trans,402.78999999999996
2022-12-08,3.02,4.13,7.15,-1.11,9.93,SJWD,Trans,401.67999999999995
2022-12-09,1.24,9.72,10.95,-8.48,15.67,SJWD,Trans,393.19999999999993
2022-12-13,10.49,6.1,16.6,4.39,13.42,SJWD,Trans,397.5899999999999
2022-12-14,17.73,14.28,32.02,3.45,14.66,SJWD,Trans,401.0399999999999
2022-12-15,9.15,20.84,29.99,-11.69,20.8,SJWD,Trans,389.3499999999999
2022-12-16,10.63,1.97,12.6,8.67,13.25,SJWD,Trans,398.0199999999999
2022-12-19,13.57,21.93,35.5,-8.37,13.01,SJWD,Trans,389.6499999999999
2022-12-20,2.45,13.71,16.16,-11.25,18.73,SJWD,Trans,378.3999999999999
2022-12-21,6.97,16.37,23.34,-9.4,22.23,SJWD,Trans,368.99999999999994
2022-12-22,7.01,4.25,11.26,2.76,9.24,SJWD,Trans,371.75999999999993
2022-12-23,20.39,20.24,40.62,0.15,21.91,SJWD,Trans,371.9099999999999
2022-12-26,11.22,6.44,17.66,4.77,13.59,SJWD,Trans,376.6799999999999
2022-12-27,15.76,37.28,53.04,-21.52,18.06,SJWD,Trans,355.1599999999999
2022-12-28,10.63,18.92,29.55,-8.29,17.96,SJWD,Trans,346.8699999999999
2022-12-29,18.64,6.0,24.64,12.63,16.02,SJWD,Trans,359.4999999999999
2022-12-30,7.72,24.39,32.11,-16.67,18.36,SJWD,Trans,342.82999999999987
2023-01-03,39.38,6.61,45.99,32.77,17.22,SJWD,Trans,375.59999999999985
2023-01-04,9.43,24.87,34.3,-15.44,19.12,SJWD,Trans,360.15999999999985
2023-01-05,3.45,15.69,19.14,-12.24,22.55,SJWD,Trans,347.91999999999985
2023-01-06,17.85,2.42,20.27,15.44,11.54,SJWD,Trans,363.35999999999984
2023-01-09,27.02,37.14,64.16,-10.11,12.94,SJWD,Trans,353.24999999999983
2023-01-10,22.7,13.17,35.87,9.53,30.12,SJWD,Trans,362.7799999999998
2023-01-11,1.33,10.01,11.33,-8.68,13.35,SJWD,Trans,354.0999999999998
2023-01-12,0.62,6.8,7.42,-6.18,19.94,SJWD,Trans,347.9199999999998
2023-01-13,35.17,13.21,48.38,21.96,23.13,SJWD,Trans,369.87999999999977
2023-01-16,12.77,4.71,17.47,8.06,17.75,SJWD,Trans,377.93999999999977
2023-01-17,22.72,7.94,30.66,14.79,20.32,SJWD,Trans,392.7299999999998
2023-01-18,3.87,1.64,5.51,2.23,12.45,SJWD,Trans,394.9599999999998
2023-01-19,43.59,3.21,46.8,40.39,14.16,SJWD,Trans,435.3499999999998
2023-01-20,7.64,12.85,20.49,-5.21,17.82,SJWD,Trans,430.1399999999998
2023-01-23,16.74,12.34,29.07,4.4,15.85,SJWD,Trans,434.5399999999998
2023-01-24,4.05,13.88,17.93,-9.83,12.27,SJWD,Trans,424.7099999999998
2023-01-25,30.77,6.69,37.47,24.08,12.35,SJWD,Trans,448.7899999999998
2023-01-26,19.61,42.17,61.78,-22.56,20.18,SJWD,Trans,426.2299999999998
2023-01-27,3.55,14.85,18.4,-11.29,14.54,SJWD,Trans,414.93999999999977
2023-01-30,28.24,9.16,37.41,19.08,14.66,SJWD,Trans,434.01999999999975
2023-01-31,2.74,6.21,8.95,-3.47,9.36,SJWD,Trans,430.5499999999997
2023-02-01,4.35,7.17,11.52,-2.82,8.7,SJWD,Trans,427.72999999999973
2023-02-02,9.15,11.01,20.16,-1.85,11.41,SJWD,Trans,425.8799999999997
2023-02-03,10.3,2.05,12.35,8.25,8.86,SJWD,Trans,434.1299999999997
2023-02-06,7.65,17.29,24.94,-9.64,9.82,SJWD,Trans,424.4899999999997
2023-02-07,19.03,7.65,26.68,11.38,12.78,SJWD,Trans,435.8699999999997
2023-02-08,11.24,19.17,30.41,-7.93,9.9,SJWD,Trans,427.9399999999997
2023-02-09,16.1,13.29,29.39,2.8,16.98,SJWD,Trans,430.7399999999997
2023-02-10,2.38,8.69,11.07,-6.31,15.95,SJWD,Trans,424.4299999999997
2023-02-13,2.81,6.36,9.17,-3.55,13.11,SJWD,Trans,420.8799999999997
2023-02-14,3.52,12.34,15.86,-8.81,15.88,SJWD,Trans,412.0699999999997
2023-02-15,12.02,5.1,17.12,6.91,14.82,SJWD,Trans,418.97999999999973
2023-02-16,8.64,5.93,14.57,2.71,12.38,SJWD,Trans,421.6899999999997
2023-02-17,1.78,1.17,2.95,0.61,4.5,SJWD,Trans,422.2999999999997
2023-02-20,2.01,1.32,3.34,0.69,7.54,SJWD,Trans,422.9899999999997
2023-02-21,11.66,5.15,16.81,6.52,22.14,SJWD,Trans,429.5099999999997
2023-02-22,6.46,9.92,16.38,-3.46,9.23,SJWD,Trans,426.0499999999997
2023-02-23,15.68,11.65,27.32,4.03,11.62,SJWD,Trans,430.0799999999997
2023-02-24,1.01,1.9,2.91,-0.89,8.96,SJWD,Trans,429.1899999999997
2023-02-27,17.67,18.12,35.79,-0.45,22.5,SJWD,Trans,428.7399999999997
2023-02-28,5.27,7.33,12.59,-2.06,12.29,SJWD,Trans,426.6799999999997
2023-03-01,8.52,8.5,17.01,0.02,18.73,SJWD,Trans,426.6999999999997
2023-03-02,16.49,12.93,29.43,3.56,13.39,SJWD,Trans,430.2599999999997
2023-03-03,5.6,12.15,17.74,-6.55,18.26,SJWD,Trans,423.7099999999997
2023-03-07,12.67,5.55,18.22,7.11,18.92,SJWD,Trans,430.8199999999997
2023-03-08,4.52,6.38,10.9,-1.86,11.01,SJWD,Trans,428.9599999999997
2023-03-09,0.97,5.96,6.93,-5.0,11.44,SJWD,Trans,423.9599999999997
2023-03-10,0.11,4.53,4.64,-4.42,6.65,SJWD,Trans,419.5399999999997
2023-03-13,1.93,5.66,7.59,-3.73,8.71,SJWD,Trans,415.80999999999966
2023-03-14,13.93,7.18,21.11,6.75,10.17,SJWD,Trans,422.55999999999966
2023-03-15,10.74,6.26,17.0,4.47,16.02,SJWD,Trans,427.0299999999997
2023-03-16,2.44,7.96,10.4,-5.52,10.03,SJWD,Trans,421.5099999999997
2023-03-17,1.03,4.03,5.07,-3.0,8.61,SJWD,Trans,418.5099999999997
2023-03-20,2.04,5.4,7.44,-3.35,9.37,SJWD,Trans,415.1599999999997
2023-03-21,1.85,4.53,6.38,-2.68,9.91,SJWD,Trans,412.4799999999997
2023-03-22,0.61,2.42,3.03,-1.81,7.5,SJWD,Trans,410.6699999999997
2023-03-23,1.75,4.24,5.99,-2.49,8.56,SJWD,Trans,408.17999999999967
2023-03-24,0.34,2.76,3.1,-2.42,13.78,SJWD,Trans,405.75999999999965
2023-03-27,0.7,1.4,2.1,-0.7,5.06,SJWD,Trans,405.05999999999966
2023-03-28,9.37,3.06,12.43,6.32,11.87,SJWD,Trans,411.37999999999965
2023-03-29,3.66,4.57,8.23,-0.92,9.34,SJWD,Trans,410.45999999999964
2023-03-30,3.39,6.34,9.73,-2.94,11.5,SJWD,Trans,407.51999999999964
2023-03-31,0.92,2.22,3.14,-1.3,3.58,SJWD,Trans,406.21999999999963
2023-04-03,2.77,2.52,5.3,0.25,6.95,SJWD,Trans,406.46999999999963
2023-04-04,5.08,4.12,9.2,0.96,9.33,SJWD,Trans,407.4299999999996
2023-04-05,0.4,4.74,5.13,-4.34,13.65,SJWD,Trans,403.08999999999963
2023-04-07,4.54,3.45,7.99,1.09,16.86,SJWD,Trans,404.1799999999996
2023-04-10,2.53,2.84,5.37,-0.31,12.6,SJWD,Trans,403.8699999999996
2023-04-11,0.52,2.62,3.15,-2.1,15.78,SJWD,Trans,401.7699999999996
2023-04-12,1.12,1.53,2.65,-0.41,11.85,SJWD,Trans,401.35999999999956
2023-04-17,2.98,1.5,4.48,1.48,24.26,SJWD,Trans,402.8399999999996
2023-04-18,0.77,1.24,2.01,-0.47,11.87,SJWD,Trans,402.36999999999955
2023-04-19,7.56,3.08,10.64,4.48,22.4,SJWD,Trans,406.84999999999957
2023-04-20,6.09,3.0,9.09,3.09,19.87,SJWD,Trans,409.93999999999954
2023-04-21,4.99,1.67,6.67,3.32,14.39,SJWD,Trans,413.25999999999954
2023-04-24,2.09,1.39,3.48,0.69,6.01,SJWD,Trans,413.94999999999953
2023-04-25,2.58,3.53,6.11,-0.95,12.22,SJWD,Trans,412.99999999999955
2023-04-26,11.91,3.48,15.39,8.42,13.03,SJWD,Trans,421.41999999999956
2023-04-27,15.8,3.54,19.35,12.26,34.84,SJWD,Trans,433.67999999999955
2023-04-28,1.54,3.31,4.85,-1.77,11.15,SJWD,Trans,431.90999999999957
2023-05-02,2.77,5.24,8.01,-2.47,15.36,SJWD,Trans,429.43999999999954
2023-05-03,4.0,3.25,7.25,0.76,13.23,SJWD,Trans,430.19999999999953
2023-05-08,6.42,0.47,6.9,5.95,6.71,SJWD,Trans,436.1499999999995
2023-05-09,4.63,2.42,7.05,2.21,8.94,SJWD,Trans,438.3599999999995
2023-05-10,3.43,3.72,7.14,-0.29,9.45,SJWD,Trans,438.0699999999995
2023-05-11,5.1,4.83,9.93,0.27,26.35,SJWD,Trans,438.33999999999946
2023-05-12,3.89,2.0,5.89,1.88,8.79,SJWD,Trans,440.21999999999946
2023-05-15,9.92,7.95,17.87,1.97,13.88,SJWD,Trans,442.1899999999995
2023-05-16,30.17,16.14,46.31,14.03,17.91,SJWD,Trans,456.21999999999946
2023-05-17,5.29,4.64,9.92,0.65,12.6,SJWD,Trans,456.86999999999944
2023-05-18,0.1,7.67,7.77,-7.57,18.64,SJWD,Trans,449.29999999999944
2023-05-19,1.67,2.7,4.37,-1.02,8.59,SJWD,Trans,448.27999999999946
2023-05-22,1.89,4.15,6.04,-2.26,16.22,SJWD,Trans,446.01999999999947
2023-05-23,2.4,1.33,3.73,1.07,36.26,SJWD,Trans,447.08999999999946
2023-05-24,6.32,11.19,17.51,-4.86,9.48,SJWD,Trans,442.22999999999945
2023-05-25,5.7,2.58,8.27,3.12,21.48,SJWD,Trans,445.34999999999945
2023-05-26,2.93,1.13,4.06,1.8,13.63,SJWD,Trans,447.14999999999947
2023-05-29,7.06,0.36,7.42,6.7,26.1,SJWD,Trans,453.84999999999945
2023-05-30,8.2,3.51,11.7,4.69,22.95,SJWD,Trans,458.53999999999945
2023-05-31,2.45,3.28,5.73,-0.82,13.71,SJWD,Trans,457.71999999999946
2023-06-01,0.44,2.43,2.87,-1.99,13.09,SJWD,Trans,455.72999999999945
2023-06-02,6.21,2.01,8.21,4.2,14.85,SJWD,Trans,459.92999999999944
2023-06-06,9.51,8.5,18.0,1.01,19.58,SJWD,Trans,460.93999999999943
2023-06-07,13.06,2.51,15.58,10.55,22.42,SJWD,Trans,471.48999999999944
2023-06-08,21.08,3.21,24.29,17.87,28.11,SJWD,Trans,489.35999999999945
2023-06-09,4.29,2.4,6.69,1.9,28.55,SJWD,Trans,491.2599999999994
2023-06-12,8.31,2.0,10.31,6.31,26.2,SJWD,Trans,497.5699999999994
2023-06-13,9.16,6.21,15.37,2.95,28.72,SJWD,Trans,500.5199999999994
2023-06-14,2.08,1.7,3.78,0.39,39.81,SJWD,Trans,500.9099999999994
2023-06-15,6.28,3.45,9.73,2.82,34.8,SJWD,Trans,503.7299999999994
2023-06-16,3.75,3.43,7.18,0.32,41.88,SJWD,Trans,504.0499999999994
2023-06-19,1.86,1.11,2.96,0.75,30.57,SJWD,Trans,504.7999999999994
2023-06-20,9.24,4.56,13.8,4.68,22.03,SJWD,Trans,509.4799999999994
2023-06-21,5.79,10.4,16.19,-4.62,26.23,SJWD,Trans,504.8599999999994
2023-06-22,15.61,7.5,23.11,8.1,11.09,SJWD,Trans,512.9599999999994
2023-06-23,13.53,2.02,15.55,11.51,10.37,SJWD,Trans,524.4699999999993
2023-06-26,9.81,1.84,11.65,7.97,10.48,SJWD,Trans,532.4399999999994
2023-06-27,7.27,4.15,11.42,3.13,20.98,SJWD,Trans,535.5699999999994
2023-06-28,3.23,9.62,12.85,-6.39,18.29,SJWD,Trans,529.1799999999994
2023-06-29,4.94,3.58,8.52,1.36,11.3,SJWD,Trans,530.5399999999994
2023-06-30,0.68,5.37,6.05,-4.69,13.92,SJWD,Trans,525.8499999999993
2023-07-03,13.58,14.38,27.96,-0.81,20.24,SJWD,Trans,525.0399999999994
2023-07-04,24.11,2.99,27.1,21.13,25.23,SJWD,Trans,546.1699999999994
2023-07-05,3.17,8.19,11.35,-5.02,15.5,SJWD,Trans,541.1499999999994
2023-07-06,2.29,5.37,7.66,-3.07,9.88,SJWD,Trans,538.0799999999994
2023-07-07,2.77,3.14,5.91,-0.37,11.95,SJWD,Trans,537.7099999999994
2023-07-10,1.23,3.16,4.39,-1.93,11.97,SJWD,Trans,535.7799999999994
2023-07-11,0.43,3.92,4.35,-3.49,14.93,SJWD,Trans,532.2899999999994
2023-07-12,4.01,4.42,8.43,-0.4,10.68,SJWD,Trans,531.8899999999994
2023-07-13,0.49,2.21,2.69,-1.72,9.9,SJWD,Trans,530.1699999999994
2023-07-14,1.67,3.22,4.89,-1.54,7.32,SJWD,Trans,528.6299999999994
2023-07-17,4.93,0.9,5.82,4.03,9.4,SJWD,Trans,532.6599999999994
2023-07-18,3.04,2.64,5.68,0.4,7.96,SJWD,Trans,533.0599999999994
2023-07-19,8.87,5.17,14.03,3.7,12.37,SJWD,Trans,536.7599999999994
2023-07-20,2.75,4.03,6.77,-1.28,7.8,SJWD,Trans,535.4799999999994
2023-07-21,2.59,2.52,5.1,0.07,8.34,SJWD,Trans,535.5499999999995
2023-07-24,2.65,3.6,6.25,-0.95,10.35,SJWD,Trans,534.5999999999995
2023-07-25,0.01,3.24,3.26,-3.23,16.35,SJWD,Trans,531.3699999999994
2023-07-26,4.03,3.18,7.21,0.85,9.78,SJWD,Trans,532.2199999999995
2023-07-27,12.59,1.61,14.2,10.98,12.11,SJWD,Trans,543.1999999999995
2023-07-31,3.61,6.2,9.81,-2.58,10.15,SJWD,Trans,540.6199999999994
2023-08-02,0.47,9.03,9.5,-8.57,9.67,SJWD,Trans,532.0499999999994
2023-08-03,11.08,15.94,27.02,-4.86,9.51,SJWD,Trans,527.1899999999994
2023-08-04,2.09,4.78,6.87,-2.69,10.02,SJWD,Trans,524.4999999999993
2023-08-07,1.77,6.48,8.25,-4.71,19.88,SJWD,Trans,519.7899999999993
2023-08-08,3.12,4.48,7.6,-1.36,6.36,SJWD,Trans,518.4299999999993
2023-08-09,5.41,3.67,9.08,1.74,15.17,SJWD,Trans,520.1699999999993
2023-08-10,12.19,4.41,16.6,7.79,20.87,SJWD,Trans,527.9599999999992
2023-08-11,1.53,3.13,4.65,-1.6,17.06,SJWD,Trans,526.3599999999992
2023-08-15,1.4,3.91,5.31,-2.51,11.05,SJWD,Trans,523.8499999999992
2023-08-16,6.21,14.59,20.8,-8.37,19.52,SJWD,Trans,515.4799999999992
2023-08-17,8.97,4.15,13.12,4.82,22.59,SJWD,Trans,520.2999999999993
2023-08-18,19.81,4.91,24.72,14.91,33.33,SJWD,Trans,535.2099999999992
2023-08-21,3.64,9.29,12.92,-5.65,19.83,SJWD,Trans,529.5599999999993
2023-08-22,1.64,8.36,10.0,-6.72,21.01,SJWD,Trans,522.8399999999992
2023-08-23,2.53,9.98,12.51,-7.45,18.94,SJWD,Trans,515.3899999999992
2023-08-24,4.28,5.37,9.65,-1.09,16.7,SJWD,Trans,514.2999999999992
2023-08-25,1.64,6.86,8.5,-5.22,21.85,SJWD,Trans,509.07999999999913
2023-08-28,8.19,6.52,14.71,1.66,7.37,SJWD,Trans,510.73999999999916
2023-08-29,5.51,12.48,17.99,-6.97,5.27,SJWD,Trans,503.76999999999913
2023-08-30,10.09,4.53,14.62,5.55,7.62,SJWD,Trans,509.31999999999914
2023-08-31,20.55,8.84,29.39,11.72,12.41,SJWD,Trans,521.0399999999992
2023-09-01,3.78,14.92,18.7,-11.14,13.44,SJWD,Trans,509.8999999999992
2023-09-04,4.1,26.0,30.1,-21.9,12.8,SJWD,Trans,487.9999999999992
2023-09-05,7.49,18.2,25.7,-10.71,14.97,SJWD,Trans,477.2899999999992
2023-09-06,5.07,11.36,16.43,-6.29,12.43,SJWD,Trans,470.9999999999992
2023-09-07,11.72,5.71,17.42,6.01,9.82,SJWD,Trans,477.0099999999992
2023-09-08,2.89,5.45,8.34,-2.56,7.74,SJWD,Trans,474.4499999999992
2023-09-11,4.92,23.01,27.93,-18.09,17.39,SJWD,Trans,456.3599999999992
2023-09-12,3.77,2.51,6.29,1.26,9.99,SJWD,Trans,457.6199999999992
2023-09-13,7.24,15.24,22.48,-8.0,17.09,SJWD,Trans,449.6199999999992
2023-09-14,10.13,19.67,29.8,-9.54,9.48,SJWD,Trans,440.0799999999992
2023-09-15,0.77,23.39,24.16,-22.62,14.29,SJWD,Trans,417.4599999999992
2023-09-18,10.12,4.51,14.63,5.61,8.07,SJWD,Trans,423.0699999999992
2023-09-19,10.11,0.45,10.56,9.66,9.29,SJWD,Trans,432.7299999999992
2023-09-20,12.71,5.56,18.26,7.15,11.63,SJWD,Trans,439.8799999999992
2023-09-21,7.19,7.54,14.74,-0.35,17.93,SJWD,Trans,439.5299999999992
2023-09-22,4.29,15.02,19.31,-10.72,20.65,SJWD,Trans,428.80999999999915
2023-09-25,7.26,9.77,17.03,-2.51,12.81,SJWD,Trans,426.29999999999916
2023-09-26,9.52,7.59,17.11,1.93,18.99,SJWD,Trans,428.22999999999917
2023-09-27,5.62,7.41,13.03,-1.79,13.29,SJWD,Trans,426.43999999999915
2023-09-28,3.31,6.14,9.45,-2.83,15.78,SJWD,Trans,423.60999999999916
2023-09-29,3.6,3.79,7.39,-0.2,8.9,SJWD,Trans,423.4099999999992
2023-10-02,5.33,7.27,12.6,-1.95,11.06,SJWD,Trans,421.4599999999992
2023-10-03,10.16,7.49,17.65,2.66,13.53,SJWD,Trans,424.1199999999992
2023-10-04,12.34,8.94,21.28,3.4,8.13,SJWD,Trans,427.5199999999992
2023-10-05,7.08,7.05,14.13,0.04,9.99,SJWD,Trans,427.5599999999992
2023-10-06,15.31,4.84,20.15,10.47,15.54,SJWD,Trans,438.02999999999923
2023-10-09,5.84,12.48,18.31,-6.64,10.58,SJWD,Trans,431.38999999999925
2023-10-10,12.18,13.42,25.6,-1.24,16.26,SJWD,Trans,430.14999999999924
2023-10-11,14.58,8.53,23.11,6.05,18.11,SJWD,Trans,436.19999999999925
2023-10-12,5.95,8.03,13.97,-2.08,12.73,SJWD,Trans,434.11999999999927
2023-10-16,13.04,9.68,22.71,3.36,18.93,SJWD,Trans,437.4799999999993
2023-10-17,8.77,2.4,11.17,6.37,19.94,SJWD,Trans,443.8499999999993
2023-10-18,6.93,5.91,12.84,1.02,27.14,SJWD,Trans,444.86999999999927
2023-10-19,2.91,6.03,8.95,-3.12,19.71,SJWD,Trans,441.74999999999926
2023-10-20,23.28,28.07,51.35,-4.8,24.14,SJWD,Trans,436.94999999999925
2023-10-24,27.16,9.24,36.4,17.92,31.71,SJWD,Trans,454.86999999999927
2023-10-25,11.62,17.04,28.66,-5.42,26.29,SJWD,Trans,449.44999999999925
2023-10-26,9.72,13.28,23.0,-3.56,31.18,SJWD,Trans,445.88999999999925
2023-10-27,9.08,12.65,21.72,-3.57,26.53,SJWD,Trans,442.31999999999925
2023-10-30,2.71,5.09,7.81,-2.38,19.92,SJWD,Trans,439.93999999999926
2023-10-31,12.7,9.58,22.28,3.11,18.57,SJWD,Trans,443.0499999999993
2023-11-01,3.83,9.28,13.11,-5.45,33.9,SJWD,Trans,437.5999999999993
2023-11-02,5.9,3.15,9.05,2.75,17.39,SJWD,Trans,440.3499999999993
2023-11-03,17.69,23.26,40.95,-5.57,18.82,SJWD,Trans,434.7799999999993
2023-11-06,4.32,24.87,29.19,-20.55,18.42,SJWD,Trans,414.2299999999993
2023-11-07,4.75,13.2,17.96,-8.45,19.05,SJWD,Trans,405.7799999999993
2023-11-08,2.55,3.5,6.05,-0.95,12.92,SJWD,Trans,404.8299999999993
2023-11-09,2.32,3.57,5.89,-1.25,13.01,SJWD,Trans,403.5799999999993
2023-11-10,6.28,7.73,14.02,-1.45,27.75,SJWD,Trans,402.1299999999993
2023-11-13,5.93,12.91,18.84,-6.98,28.11,SJWD,Trans,395.1499999999993
2023-11-14,8.24,7.39,15.63,0.85,9.07,SJWD,Trans,395.9999999999993
2023-11-15,18.35,15.26,33.61,3.09,14.94,SJWD,Trans,399.0899999999993
2023-11-16,8.62,23.68,32.3,-15.07,19.88,SJWD,Trans,384.0199999999993
2023-11-17,5.19,29.16,34.35,-23.98,22.53,SJWD,Trans,360.0399999999993
2023-11-20,6.5,7.6,14.1,-1.1,16.8,SJWD,Trans,358.93999999999926
2023-11-21,8.14,16.83,24.98,-8.69,13.73,SJWD,Trans,350.24999999999926
2023-11-22,7.6,36.99,44.58,-29.39,23.65,SJWD,Trans,320.8599999999993
2023-11-23,9.2,17.91,27.11,-8.71,11.24,SJWD,Trans,312.1499999999993
2023-11-24,8.69,18.33,27.02,-9.64,21.58,SJWD,Trans,302.5099999999993
2023-11-27,8.31,4.53,12.84,3.78,26.02,SJWD,Trans,306.2899999999993
2023-11-28,3.81,14.53,18.33,-10.72,17.1,SJWD,Trans,295.56999999999925
2023-11-29,2.05,12.29,14.35,-10.24,13.55,SJWD,Trans,285.32999999999925
2023-11-30,6.2,19.41,25.61,-13.21,29.67,SJWD,Trans,272.11999999999927
2023-12-01,6.5,5.04,11.55,1.46,22.63,SJWD,Trans,273.57999999999925
2023-12-04,4.38,3.33,7.71,1.05,21.34,SJWD,Trans,274.62999999999926
2023-12-06,15.67,9.2,24.87,6.46,15.52,SJWD,Trans,281.08999999999924
2023-12-07,2.91,11.1,14.01,-8.19,13.87,SJWD,Trans,272.89999999999924
2023-12-08,5.34,6.84,12.18,-1.5,25.68,SJWD,Trans,271.39999999999924
2023-12-12,1.81,2.03,3.84,-0.23,12.19,SJWD,Trans,271.1699999999992
2023-12-13,1.89,3.94,5.82,-2.05,14.69,SJWD,Trans,269.1199999999992
2023-12-14,7.35,1.71,9.07,5.64,7.87,SJWD,Trans,274.7599999999992
2023-12-15,5.08,3.34,8.43,1.74,18.81,SJWD,Trans,276.4999999999992
2023-12-18,1.2,1.99,3.19,-0.8,15.6,SJWD,Trans,275.6999999999992
2023-12-19,5.94,4.18,10.12,1.76,14.08,SJWD,Trans,277.4599999999992
2023-12-20,11.92,27.63,39.56,-15.71,26.5,SJWD,Trans,261.7499999999992
2023-12-21,1.09,15.07,16.16,-13.98,38.93,SJWD,Trans,247.76999999999921
2023-12-22,0.28,3.82,4.1,-3.54,19.67,SJWD,Trans,244.22999999999922
2023-12-25,0.11,2.19,2.3,-2.07,5.34,SJWD,Trans,242.15999999999923
2023-12-26,0.89,2.63,3.52,-1.74,8.94,SJWD,Trans,240.41999999999922
2023-12-27,1.84,1.76,3.61,0.08,3.24,SJWD,Trans,240.49999999999923
2023-12-28,1.81,3.21,5.01,-1.4,2.99,SJWD,Trans,239.09999999999923
2024-01-02,11.69,8.54,20.23,3.15,8.56,SJWD,Trans,242.24999999999923
2024-01-03,2.94,5.95,8.89,-3.0,13.96,SJWD,Trans,239.24999999999923
2024-01-04,3.98,3.98,7.95,0.0,6.72,SJWD,Trans,239.24999999999923
2024-01-05,5.82,20.3,26.12,-14.49,18.59,SJWD,Trans,224.75999999999922
2024-01-08,15.66,3.77,19.43,11.89,11.01,SJWD,Trans,236.64999999999924
2024-01-09,2.52,8.86,11.38,-6.34,16.42,SJWD,Trans,230.30999999999923
2024-01-10,4.16,2.26,6.42,1.91,11.54,SJWD,Trans,232.21999999999923
2024-01-11,7.68,2.45,10.13,5.23,13.1,SJWD,Trans,237.44999999999922
2024-01-12,0.95,1.88,2.83,-0.94,9.15,SJWD,Trans,236.50999999999922
2024-01-15,1.37,2.66,4.03,-1.29,18.32,SJWD,Trans,235.21999999999923
2024-01-16,0.83,4.23,5.06,-3.4,19.03,SJWD,Trans,231.81999999999923
2024-01-17,13.46,20.56,34.01,-7.1,24.39,SJWD,Trans,224.71999999999923
2024-01-18,7.7,17.44,25.14,-9.74,20.22,SJWD,Trans,214.97999999999922
2024-01-19,5.08,18.19,23.28,-13.11,26.89,SJWD,Trans,201.8699999999992
2024-01-22,3.56,2.06,5.63,1.5,12.27,SJWD,Trans,203.3699999999992
2024-01-23,3.11,7.81,10.92,-4.71,11.78,SJWD,Trans,198.6599999999992
2024-01-24,8.54,10.14,18.68,-1.61,13.97,SJWD,Trans,197.0499999999992
2024-01-25,3.19,3.57,6.76,-0.37,10.83,SJWD,Trans,196.67999999999918
2024-01-26,2.41,3.82,6.24,-1.41,11.5,SJWD,Trans,195.2699999999992
2024-01-29,4.4,2.32,6.72,2.09,9.86,SJWD,Trans,197.3599999999992
2024-01-30,1.43,4.33,5.76,-2.91,6.89,SJWD,Trans,194.4499999999992
2024-01-31,1.72,3.84,5.56,-2.12,20.49,SJWD,Trans,192.3299999999992
2024-02-01,0.38,2.6,2.98,-2.22,9.94,SJWD,Trans,190.1099999999992
2024-02-02,5.26,8.49,13.75,-3.23,10.22,SJWD,Trans,186.8799999999992
2024-02-05,2.3,8.27,10.56,-5.97,5.38,SJWD,Trans,180.9099999999992
2024-02-06,12.86,4.03,16.89,8.83,6.44,SJWD,Trans,189.7399999999992
2024-02-07,5.0,9.5,14.5,-4.49,7.47,SJWD,Trans,185.2499999999992
2024-02-08,8.75,8.72,17.47,0.03,11.01,SJWD,Trans,185.2799999999992
2024-02-09,3.24,0.46,3.7,2.78,11.63,SJWD,Trans,188.0599999999992
2024-02-12,24.76,6.05,30.81,18.71,3.65,SJWD,Trans,206.76999999999921
2024-02-13,9.07,6.26,15.33,2.81,10.35,SJWD,Trans,209.57999999999922
2024-02-14,28.03,12.22,40.25,15.81,16.37,SJWD,Trans,225.38999999999922
2024-02-15,7.41,11.66,19.08,-4.25,15.34,SJWD,Trans,221.13999999999922
2024-02-16,1.54,7.33,8.87,-5.79,8.85,SJWD,Trans,215.34999999999923
2024-02-19,2.46,1.45,3.91,1.01,8.06,SJWD,Trans,216.35999999999922
2024-02-20,4.69,3.82,8.52,0.87,10.01,SJWD,Trans,217.22999999999922
2024-02-21,7.48,2.51,9.99,4.96,10.16,SJWD,Trans,222.18999999999923
2024-02-22,5.77,2.47,8.24,3.3,15.71,SJWD,Trans,225.48999999999924
2024-02-23,1.69,3.73,5.42,-2.04,15.85,SJWD,Trans,223.44999999999925
2024-02-27,1.95,3.69,5.63,-1.74,12.95,SJWD,Trans,221.70999999999924
2024-02-28,3.57,5.23,8.8,-1.66,12.77,SJWD,Trans,220.04999999999924
2024-02-29,2.75,9.1,11.85,-6.36,23.9,SJWD,Trans,213.68999999999923
2024-03-01,36.14,5.73,41.87,30.41,11.53,SJWD,Trans,244.09999999999923
2024-03-04,5.59,13.58,19.16,-7.99,13.95,SJWD,Trans,236.10999999999922
2024-03-05,25.93,14.29,40.22,11.65,20.35,SJWD,Trans,247.75999999999922
2024-03-06,8.07,9.75,17.82,-1.68,17.66,SJWD,Trans,246.07999999999922
2024-03-07,1.7,15.44,17.14,-13.74,13.48,SJWD,Trans,232.3399999999992
2024-03-08,5.24,10.48,15.72,-5.25,13.77,SJWD,Trans,227.0899999999992
2024-03-11,7.78,3.93,11.71,3.85,15.59,SJWD,Trans,230.9399999999992
2024-03-12,7.61,4.1,11.71,3.51,14.68,SJWD,Trans,234.4499999999992
2024-03-13,0.96,5.73,6.7,-4.77,11.03,SJWD,Trans,229.67999999999918
2024-03-14,4.97,3.71,8.67,1.26,10.84,SJWD,Trans,230.93999999999917
2024-03-15,4.98,8.09,13.06,-3.11,15.84,SJWD,Trans,227.82999999999916
2024-03-18,0.25,8.02,8.27,-7.77,18.34,SJWD,Trans,220.05999999999915
2024-03-19,0.31,3.81,4.12,-3.5,3.46,SJWD,Trans,216.55999999999915
2024-03-20,2.0,0.97,2.97,1.03,4.06,SJWD,Trans,217.58999999999915
2024-03-21,1.93,3.8,5.73,-1.86,5.95,SJWD,Trans,215.72999999999914
2024-03-22,6.22,2.57,8.79,3.65,7.87,SJWD,Trans,219.37999999999914
2024-03-25,2.75,3.28,6.02,-0.53,7.69,SJWD,Trans,218.84999999999914
2024-03-26,2.39,3.47,5.86,-1.08,14.45,SJWD,Trans,217.76999999999913
2024-03-27,1.43,0.76,2.19,0.67,9.31,SJWD,Trans,218.43999999999912
2024-03-28,2.15,2.55,4.7,-0.39,4.8,SJWD,Trans,218.04999999999913
2024-03-29,24.14,6.0,30.15,18.14,15.02,SJWD,Trans,236.18999999999915
2024-04-01,2.07,6.08,8.15,-4.0,11.79,SJWD,Trans,232.18999999999915
2024-04-02,4.98,2.98,7.96,1.99,8.69,SJWD,Trans,234.17999999999915
2024-04-03,2.5,6.41,8.92,-3.91,13.82,SJWD,Trans,230.26999999999916
2024-04-04,4.19,3.65,7.84,0.54,15.07,SJWD,Trans,230.80999999999915
2024-04-05,3.18,6.24,9.42,-3.06,7.63,SJWD,Trans,227.74999999999915
2024-04-09,2.53,5.55,8.09,-3.02,7.4,SJWD,Trans,224.72999999999914
2024-04-10,5.29,3.52,8.81,1.78,11.18,SJWD,Trans,226.50999999999914
2024-04-11,0.1,2.32,2.42,-2.23,15.81,SJWD,Trans,224.27999999999915
2024-04-17,0.72,7.71,8.43,-6.98,20.74,SJWD,Trans,217.29999999999916
2024-04-18,1.4,4.12,5.52,-2.72,17.95,SJWD,Trans,214.57999999999916
2024-04-19,6.78,6.47,13.25,0.31,10.85,SJWD,Trans,214.88999999999916
2024-04-22,0.38,1.67,2.04,-1.29,5.47,SJWD,Trans,213.59999999999917
2024-04-23,1.69,2.33,4.01,-0.64,5.26,SJWD,Trans,212.95999999999918
2024-04-24,1.71,1.45,3.16,0.26,6.05,SJWD,Trans,213.21999999999917
2024-04-25,11.51,1.94,13.45,9.57,7.31,SJWD,Trans,222.78999999999917
2024-04-26,19.43,14.23,33.66,5.2,8.27,SJWD,Trans,227.98999999999916
2024-04-29,5.77,2.39,8.17,3.38,10.12,SJWD,Trans,231.36999999999915
2024-04-30,1.81,5.68,7.49,-3.87,9.17,SJWD,Trans,227.49999999999915
2024-05-02,0.97,3.75,4.72,-2.78,7.23,SJWD,Trans,224.71999999999915
2024-05-03,2.18,3.02,5.2,-0.85,7.99,SJWD,Trans,223.86999999999915
2024-05-07,6.04,3.88,9.92,2.16,9.91,SJWD,Trans,226.02999999999915
2024-05-08,3.24,5.85,9.1,-2.61,7.18,SJWD,Trans,223.41999999999913
2024-05-09,0.88,3.21,4.09,-2.32,10.32,SJWD,Trans,221.09999999999914
2024-05-10,9.22,6.74,15.96,2.48,4.51,SJWD,Trans,223.57999999999913
2024-05-13,7.3,11.43,18.73,-4.13,9.19,SJWD,Trans,219.44999999999914
2024-05-14,1.9,11.85,13.75,-9.95,14.44,SJWD,Trans,209.49999999999915
2024-05-15,1.89,4.3,6.19,-2.41,6.17,SJWD,Trans,207.08999999999915
2024-05-16,1.05,3.25,4.29,-2.2,7.74,SJWD,Trans,204.88999999999916
2024-05-17,2.31,2.42,4.73,-0.11,12.56,SJWD,Trans,204.77999999999915
2024-05-20,1.89,5.03,6.92,-3.15,7.29,SJWD,Trans,201.62999999999914
2024-05-21,0.59,1.8,2.38,-1.21,14.33,SJWD,Trans,200.41999999999913
2024-05-23,0.75,2.3,3.05,-1.55,7.5,SJWD,Trans,198.86999999999912
2024-05-24,1.46,3.96,5.42,-2.51,8.82,SJWD,Trans,196.35999999999913
2024-05-27,1.42,8.4,9.82,-6.98,20.21,SJWD,Trans,189.37999999999914
2024-05-28,1.13,0.55,1.68,0.58,6.64,SJWD,Trans,189.95999999999916
2024-05-29,0.67,3.17,3.85,-2.5,13.86,SJWD,Trans,187.45999999999916
2024-05-30,1.15,2.42,3.56,-1.27,7.79,SJWD,Trans,186.18999999999915
2024-05-31,1.73,3.79,5.52,-2.07,5.44,SJWD,Trans,184.11999999999915
2024-06-04,0.34,2.98,3.32,-2.64,4.68,SJWD,Trans,181.47999999999917
2024-06-05,1.02,0.38,1.4,0.64,4.26,SJWD,Trans,182.11999999999915
2024-06-06,2.64,1.22,3.86,1.41,5.93,SJWD,Trans,183.52999999999915
2024-06-07,1.01,1.56,2.57,-0.55,5.68,SJWD,Trans,182.97999999999914
2024-06-10,6.26,4.69,10.95,1.57,11.06,SJWD,Trans,184.54999999999913
2024-06-11,4.49,2.99,7.48,1.51,15.11,SJWD,Trans,186.05999999999912
2024-06-12,3.0,2.68,5.68,0.32,14.39,SJWD,Trans,186.37999999999911
2024-06-13,1.39,3.33,4.72,-1.94,15.04,SJWD,Trans,184.43999999999912
2024-06-14,2.83,4.13,6.97,-1.3,9.74,SJWD,Trans,183.1399999999991
2024-06-17,4.0,1.96,5.96,2.04,12.08,SJWD,Trans,185.1799999999991
2024-06-18,1.98,2.49,4.47,-0.52,12.24,SJWD,Trans,184.6599999999991
2024-06-19,10.24,4.37,14.6,5.87,16.98,SJWD,Trans,190.5299999999991
2024-06-20,13.11,3.89,17.0,9.21,18.02,SJWD,Trans,199.7399999999991
2024-06-21,9.55,3.15,12.7,6.39,19.31,SJWD,Trans,206.1299999999991
2024-06-24,2.33,2.21,4.54,0.12,12.66,SJWD,Trans,206.2499999999991
2024-06-25,1.52,6.17,7.69,-4.64,10.55,SJWD,Trans,201.6099999999991
2024-06-26,1.75,2.9,4.65,-1.16,15.88,SJWD,Trans,200.4499999999991
2024-06-27,0.52,2.27,2.78,-1.75,23.37,SJWD,Trans,198.6999999999991
2024-06-28,4.07,9.32,13.39,-5.26,21.81,SJWD,Trans,193.43999999999912
2024-07-01,3.62,1.52,5.14,2.1,33.61,SJWD,Trans,195.5399999999991
2024-07-02,0.98,6.27,7.24,-5.29,16.79,SJWD,Trans,190.24999999999912
2024-07-03,1.71,1.17,2.87,0.54,6.69,SJWD,Trans,190.7899999999991
2024-07-04,2.53,1.21,3.74,1.32,14.83,SJWD,Trans,192.1099999999991
2024-07-05,3.1,0.73,3.83,2.37,11.46,SJWD,Trans,194.4799999999991
2024-07-08,5.43,2.78,8.21,2.65,10.93,SJWD,Trans,197.12999999999911
2024-07-09,5.94,5.58,11.52,0.36,17.69,SJWD,Trans,197.48999999999913
2024-07-10,5.81,3.99,9.8,1.83,7.01,SJWD,Trans,199.31999999999914
2024-07-11,2.43,3.83,6.26,-1.4,9.36,SJWD,Trans,197.91999999999913
2024-07-12,5.25,0.92,6.17,4.32,15.08,SJWD,Trans,202.23999999999913
2024-07-15,1.95,1.53,3.48,0.41,21.4,SJWD,Trans,202.64999999999912
2024-07-16,8.06,3.45,11.51,4.61,11.12,SJWD,Trans,207.25999999999914
2024-07-17,6.05,4.04,10.08,2.01,10.37,SJWD,Trans,209.26999999999913
2024-07-18,1.39,3.76,5.14,-2.37,12.31,SJWD,Trans,206.89999999999912
2024-07-19,0.96,2.74,3.7,-1.78,17.16,SJWD,Trans,205.11999999999912
2024-07-23,1.79,6.91,8.69,-5.12,15.1,SJWD,Trans,199.99999999999912
2024-07-24,1.36,0.83,2.19,0.53,6.86,SJWD,Trans,200.52999999999912
2024-07-25,1.44,1.72,3.16,-0.29,11.42,SJWD,Trans,200.23999999999913
2024-07-26,1.04,0.95,1.99,0.09,13.18,SJWD,Trans,200.32999999999913
2024-07-30,5.94,1.53,7.47,4.41,10.33,SJWD,Trans,204.73999999999913
2024-07-31,6.33,4.51,10.83,1.82,11.73,SJWD,Trans,206.55999999999912
2024-08-01,1.28,2.99,4.27,-1.71,11.11,SJWD,Trans,204.8499999999991
2024-08-02,0.86,2.69,3.54,-1.83,15.43,SJWD,Trans,203.0199999999991
2024-08-05,3.3,5.1,8.41,-1.8,15.15,SJWD,Trans,201.2199999999991
2024-08-06,0.0,1.45,1.45,-1.45,7.17,SJWD,Trans,199.7699999999991
2024-08-07,2.11,2.57,4.68,-0.46,9.55,SJWD,Trans,199.3099999999991
2024-08-08,6.8,2.44,9.24,4.37,16.01,SJWD,Trans,203.6799999999991
2024-08-09,2.71,1.82,4.53,0.89,10.97,SJWD,Trans,204.56999999999908
2024-08-13,22.79,2.17,24.96,20.61,18.49,SJWD,Trans,225.1799999999991
2024-08-14,15.75,6.42,22.17,9.32,16.7,SJWD,Trans,234.4999999999991
2024-08-15,2.85,3.84,6.69,-1.0,13.97,SJWD,Trans,233.4999999999991
2024-08-16,12.06,4.84,16.91,7.22,19.5,SJWD,Trans,240.7199999999991
2024-08-19,4.49,4.47,8.96,0.02,18.92,SJWD,Trans,240.7399999999991
2024-08-20,5.6,4.24,9.84,1.36,17.11,SJWD,Trans,242.0999999999991
2024-08-21,3.42,1.25,4.67,2.17,6.76,SJWD,Trans,244.2699999999991
2024-08-22,2.08,2.64,4.73,-0.56,12.42,SJWD,Trans,243.7099999999991
2024-08-23,17.87,9.65,27.52,8.22,22.97,SJWD,Trans,251.9299999999991
2024-08-26,2.94,4.17,7.11,-1.24,16.05,SJWD,Trans,250.6899999999991
2024-08-27,12.55,6.69,19.24,5.86,14.81,SJWD,Trans,256.5499999999991
2024-08-28,1.44,4.29,5.74,-2.85,12.9,SJWD,Trans,253.6999999999991
2024-08-29,2.71,4.98,7.69,-2.27,13.12,SJWD,Trans,251.4299999999991
2024-08-30,37.43,46.21,83.64,-8.77,49.28,SJWD,Trans,242.6599999999991
2024-09-02,5.45,4.96,10.41,0.5,14.32,SJWD,Trans,243.1599999999991
2024-09-03,12.79,1.87,14.65,10.92,12.71,SJWD,Trans,254.07999999999907
2024-09-04,2.94,2.58,5.52,0.36,7.96,SJWD,Trans,254.4399999999991
2024-09-05,16.03,2.61,18.64,13.42,12.35,SJWD,Trans,267.8599999999991
2024-09-06,5.28,12.57,17.85,-7.3,13.53,SJWD,Trans,260.5599999999991
2024-09-09,3.47,15.03,18.49,-11.56,17.74,SJWD,Trans,248.9999999999991
2024-09-10,2.93,16.7,19.64,-13.77,8.8,SJWD,Trans,235.22999999999908
2024-09-11,4.51,31.13,35.64,-26.62,23.22,SJWD,Trans,208.60999999999908
2024-09-12,1.02,4.99,6.01,-3.97,10.7,SJWD,Trans,204.63999999999908
2024-09-13,1.34,4.03,5.36,-2.69,10.31,SJWD,Trans,201.94999999999908
2024-09-16,2.58,10.73,13.31,-8.15,11.03,SJWD,Trans,193.79999999999907
2024-09-17,2.69,5.68,8.37,-2.99,11.56,SJWD,Trans,190.80999999999906
2024-09-18,2.46,4.81,7.27,-2.34,13.05,SJWD,Trans,188.46999999999906
2024-09-19,3.57,1.07,4.64,2.51,12.02,SJWD,Trans,190.97999999999905
2024-09-20,3.22,4.5,7.72,-1.29,10.46,SJWD,Trans,189.68999999999906
2024-09-23,1.49,3.68,5.17,-2.19,9.86,SJWD,Trans,187.49999999999906
2024-09-24,3.62,2.62,6.24,1.0,13.01,SJWD,Trans,188.49999999999906
2024-09-25,10.64,7.61,18.24,3.03,21.35,SJWD,Trans,191.52999999999906
2024-09-26,7.82,9.72,17.53,-1.9,14.57,SJWD,Trans,189.62999999999906
2024-09-27,1.83,1.77,3.6,0.07,9.99,SJWD,Trans,189.69999999999905
2024-09-30,6.1,5.24,11.34,0.86,15.38,SJWD,Trans,190.55999999999906
2024-10-01,1.82,1.97,3.79,-0.15,7.8,SJWD,Trans,190.40999999999906
2024-10-02,11.68,9.78,21.46,1.89,16.28,SJWD,Trans,192.29999999999905
2024-10-03,4.57,7.32,11.89,-2.75,15.21,SJWD,Trans,189.54999999999905
2024-10-04,2.64,5.83,8.47,-3.19,14.3,SJWD,Trans,186.35999999999905
2024-10-07,4.28,1.31,5.59,2.97,15.14,SJWD,Trans,189.32999999999905
2024-10-08,7.4,2.45,9.85,4.96,15.39,SJWD,Trans,194.28999999999905
2024-10-09,1.04,3.07,4.11,-2.04,14.61,SJWD,Trans,192.24999999999906
2024-10-10,4.95,0.97,5.91,3.98,24.73,SJWD,Trans,196.22999999999905
2024-10-11,2.91,1.81,4.72,1.1,7.8,SJWD,Trans,197.32999999999905
2024-10-15,2.45,8.75,11.2,-6.3,21.72,SJWD,Trans,191.02999999999903
2024-10-16,29.07,6.22,35.29,22.85,45.05,SJWD,Trans,213.87999999999903
2024-10-17,11.31,4.38,15.69,6.94,25.55,SJWD,Trans,220.81999999999903
2024-10-18,13.53,1.11,14.63,12.42,42.55,SJWD,Trans,233.23999999999901
2024-10-21,0.2,0.81,1.01,-0.61,4.92,SJWD,Trans,232.629999999999
2024-10-22,0.2,0.16,0.36,0.05,3.46,SJWD,Trans,232.679999999999
2024-10-24,0.26,1.54,1.8,-1.28,9.16,SJWD,Trans,231.399999999999
2024-10-25,0.26,0.91,1.18,-0.65,10.42,SJWD,Trans,230.749999999999
2024-10-28,0.95,2.64,3.59,-1.68,9.05,SJWD,Trans,229.069999999999
2024-10-29,0.75,2.28,3.03,-1.52,10.28,SJWD,Trans,227.549999999999
2024-10-30,1.28,2.71,3.99,-1.42,6.39,SJWD,Trans,226.129999999999
2024-10-31,6.65,0.41,7.06,6.23,23.38,SJWD,Trans,232.359999999999
2024-11-01,5.86,4.51,10.37,1.35,9.03,SJWD,Trans,233.70999999999898
2024-11-04,1.37,1.59,2.96,-0.21,11.3,SJWD,Trans,233.49999999999898
2024-11-05,2.04,2.89,4.93,-0.85,11.54,SJWD,Trans,232.64999999999898
2024-11-06,0.91,10.48,11.39,-9.57,31.42,SJWD,Trans,223.079999999999
2024-11-07,0.2,2.46,2.66,-2.26,12.23,SJWD,Trans,220.819999999999
2024-11-08,0.36,2.33,2.69,-1.97,11.25,SJWD,Trans,218.849999999999
2024-11-11,2.74,3.7,6.43,-0.96,13.74,SJWD,Trans,217.889999999999
2024-11-12,4.32,1.94,6.27,2.38,17.76,SJWD,Trans,220.269999999999
2024-11-13,30.6,3.22,33.82,27.38,17.09,SJWD,Trans,247.64999999999898
2024-11-14,4.09,3.98,8.06,0.11,11.63,SJWD,Trans,247.759999999999
2024-11-15,12.36,6.74,19.1,5.62,13.08,SJWD,Trans,253.379999999999
2024-11-18,8.06,2.06,10.12,6.0,13.78,SJWD,Trans,259.379999999999
2024-11-19,15.59,3.04,18.62,12.55,13.67,SJWD,Trans,271.929999999999
2024-11-20,2.87,1.38,4.25,1.5,9.62,SJWD,Trans,273.429999999999
2024-11-21,1.15,8.75,9.89,-7.6,14.61,SJWD,Trans,265.82999999999896
2024-11-22,3.53,0.99,4.51,2.54,14.87,SJWD,Trans,268.369999999999
2024-11-25,1.49,1.37,2.86,0.12,9.13,SJWD,Trans,268.489999999999
2024-11-26,5.02,4.07,9.09,0.95,20.88,SJWD,Trans,269.439999999999
2024-11-27,0.52,4.86,5.38,-4.34,15.39,SJWD,Trans,265.099999999999
2024-11-28,0.63,4.78,5.4,-4.15,20.14,SJWD,Trans,260.949999999999
2024-11-29,1.38,2.43,3.81,-1.05,16.3,SJWD,Trans,259.899999999999
2024-12-02,3.42,4.04,7.46,-0.62,33.09,SJWD,Trans,259.279999999999
2024-12-03,0.64,1.53,2.18,-0.89,8.6,SJWD,Trans,258.389999999999
2024-12-04,1.31,6.36,7.67,-5.06,13.19,SJWD,Trans,253.32999999999902
2024-12-06,0.41,3.23,3.64,-2.83,9.15,SJWD,Trans,250.499999999999
2024-12-09,0.73,9.78,10.51,-9.06,16.51,SJWD,Trans,241.439999999999
2024-12-11,0.23,1.34,1.57,-1.11,13.14,SJWD,Trans,240.329999999999
2024-12-12,0.31,4.5,4.81,-4.19,19.82,SJWD,Trans,236.139999999999
2024-12-13,0.59,3.47,4.06,-2.88,9.84,SJWD,Trans,233.259999999999
2024-12-16,0.18,1.42,1.6,-1.25,11.06,SJWD,Trans,232.009999999999
2024-12-17,0.18,2.47,2.65,-2.3,23.55,SJWD,Trans,229.70999999999898
2024-12-18,0.49,3.58,4.08,-3.09,17.88,SJWD,Trans,226.61999999999898
2024-12-19,0.07,0.97,1.04,-0.91,10.92,SJWD,Trans,225.70999999999898
2024-12-20,2.47,2.51,4.99,-0.04,13.94,SJWD,Trans,225.669999999999
2024-12-23,1.19,0.62,1.81,0.57,11.34,SJWD,Trans,226.239999999999
2024-12-24,1.56,2.51,4.08,-0.95,12.25,SJWD,Trans,225.289999999999
2024-12-25,3.03,0.65,3.68,2.38,7.41,SJWD,Trans,227.669999999999
2024-12-26,0.82,5.54,6.36,-4.72,6.17,SJWD,Trans,222.949999999999
2024-12-27,3.17,0.92,4.09,2.25,7.19,SJWD,Trans,225.199999999999
2024-12-30,3.69,2.74,6.43,0.95,10.25,SJWD,Trans,226.14999999999898
2025-01-02,1.09,1.88,2.97,-0.78,11.94,SJWD,Trans,225.36999999999898
2025-01-03,1.29,0.27,1.56,1.03,7.91,SJWD,Trans,226.39999999999898
2025-01-06,0.7,1.31,2.01,-0.62,12.28,SJWD,Trans,225.77999999999898
2025-01-07,2.07,2.78,4.85,-0.72,17.95,SJWD,Trans,225.05999999999898
2025-01-08,0.66,5.06,5.72,-4.41,14.4,SJWD,Trans,220.64999999999898
2025-01-09,2.6,1.68,4.27,0.92,6.32,SJWD,Trans,221.56999999999897
2025-01-10,4.21,1.95,6.16,2.26,15.3,SJWD,Trans,223.82999999999896
2025-01-13,2.42,3.1,5.52,-0.68,16.15,SJWD,Trans,223.14999999999895
2025-01-14,0.96,1.95,2.92,-0.99,15.25,SJWD,Trans,222.15999999999894
2025-01-15,2.43,1.77,4.2,0.66,19.77,SJWD,Trans,222.81999999999894
2025-01-16,0.43,1.82,2.25,-1.39,19.31,SJWD,Trans,221.42999999999896
2025-01-17,0.21,1.19,1.41,-0.98,8.95,SJWD,Trans,220.44999999999897
2025-01-20,2.79,0.26,3.05,2.53,16.87,SJWD,Trans,222.97999999999897
2025-01-21,3.85,0.65,4.51,3.2,16.94,SJWD,Trans,226.17999999999896
2025-01-22,0.88,2.47,3.35,-1.59,15.68,SJWD,Trans,224.58999999999895
2025-01-23,0.16,2.12,2.28,-1.95,11.64,SJWD,Trans,222.63999999999896
2025-01-24,2.94,1.35,4.29,1.59,9.56,SJWD,Trans,224.22999999999897
2025-01-27,1.76,2.45,4.22,-0.69,10.45,SJWD,Trans,223.53999999999897
2025-01-28,1.88,0.94,2.82,0.94,13.63,SJWD,Trans,224.47999999999897
2025-01-29,2.64,2.7,5.34,-0.07,15.4,SJWD,Trans,224.40999999999897
2025-01-30,2.22,0.28,2.5,1.94,15.23,SJWD,Trans,226.34999999999897
2025-01-31,2.33,2.65,4.98,-0.32,15.74,SJWD,Trans,226.02999999999898
2025-02-03,2.18,1.95,4.13,0.23,18.13,SJWD,Trans,226.25999999999897
2025-02-04,2.1,0.89,2.99,1.22,30.0,SJWD,Trans,227.47999999999897
2025-02-05,2.81,1.39,4.21,1.42,15.69,SJWD,Trans,228.89999999999895
2025-02-06,4.36,2.24,6.59,2.12,21.17,SJWD,Trans,231.01999999999896
2025-02-07,8.94,1.09,10.03,7.85,22.58,SJWD,Trans,238.86999999999895
2025-02-10,5.78,1.62,7.4,4.16,17.63,SJWD,Trans,243.02999999999895
2025-02-11,4.28,1.62,5.91,2.66,22.13,SJWD,Trans,245.68999999999895
2025-02-13,2.19,3.2,5.38,-1.01,15.1,SJWD,Trans,244.67999999999896
2025-02-14,3.78,1.5,5.27,2.28,22.33,SJWD,Trans,246.95999999999896
2025-02-17,3.97,2.56,6.53,1.41,16.29,SJWD,Trans,248.36999999999895
2025-02-18,1.65,3.57,5.22,-1.92,10.92,SJWD,Trans,246.44999999999897
2025-02-19,3.96,3.87,7.83,0.09,14.81,SJWD,Trans,246.53999999999897
2025-02-20,1.92,4.62,6.54,-2.7,16.43,SJWD,Trans,243.83999999999898
2025-02-21,2.24,1.21,3.45,1.03,11.82,SJWD,Trans,244.86999999999898
2025-02-24,2.79,2.03,4.82,0.76,14.39,SJWD,Trans,245.62999999999897
2025-02-25,2.4,11.41,13.8,-9.01,26.2,SJWD,Trans,236.61999999999898
2025-02-26,8.07,2.47,10.54,5.6,23.74,SJWD,Trans,242.21999999999898
2025-02-27,3.02,1.92,4.94,1.1,14.06,SJWD,Trans,243.31999999999897
2025-02-28,2.55,2.8,5.36,-0.25,13.46,SJWD,Trans,243.06999999999897
2025-03-03,1.61,3.53,5.14,-1.91,18.01,SJWD,Trans,241.15999999999897
2025-03-04,2.88,1.96,4.84,0.92,17.58,SJWD,Trans,242.07999999999896
2025-03-05,9.97,2.86,12.83,7.11,19.94,SJWD,Trans,249.18999999999897
2025-03-06,1.22,3.39,4.6,-2.17,21.02,SJWD,Trans,247.019999999999
2025-03-07,1.89,1.05,2.95,0.84,22.32,SJWD,Trans,247.859999999999
2025-03-10,0.23,2.63,2.85,-2.4,13.85,SJWD,Trans,245.45999999999898
2025-03-11,4.31,1.02,5.33,3.29,15.8,SJWD,Trans,248.74999999999898
2025-03-12,0.96,3.74,4.7,-2.78,15.37,SJWD,Trans,245.96999999999898
2025-03-13,0.6,2.01,2.6,-1.41,18.33,SJWD,Trans,244.55999999999898
2025-03-14,3.05,0.76,3.81,2.29,10.62,SJWD,Trans,246.84999999999897
2025-03-17,0.62,1.17,1.79,-0.55,14.14,SJWD,Trans,246.29999999999896
2025-03-18,1.87,4.56,6.42,-2.69,16.93,SJWD,Trans,243.60999999999896
2025-03-19,2.65,0.58,3.23,2.07,17.32,SJWD,Trans,245.67999999999896
2025-03-20,2.12,2.48,4.61,-0.36,29.12,SJWD,Trans,245.31999999999894
2025-03-21,0.1,1.72,1.82,-1.62,17.3,SJWD,Trans,243.69999999999894
2025-03-24,2.96,3.55,6.52,-0.59,16.27,SJWD,Trans,243.10999999999893
2025-03-25,0.5,4.41,4.91,-3.91,16.59,SJWD,Trans,239.19999999999894
2025-03-26,1.34,5.39,6.73,-4.05,20.27,SJWD,Trans,235.14999999999893
2025-03-27,0.67,1.88,2.56,-1.21,14.74,SJWD,Trans,233.93999999999892
2025-03-28,0.22,1.12,1.33,-0.9,16.13,SJWD,Trans,233.0399999999989
2025-03-31,1.0,3.11,4.11,-2.11,16.35,SJWD,Trans,230.9299999999989
2025-04-01,0.13,0.67,0.81,-0.54,8.18,SJWD,Trans,230.3899999999989
2025-04-02,1.42,0.81,2.23,0.61,8.82,SJWD,Trans,230.99999999999892
2025-04-03,0.47,2.57,3.04,-2.11,18.58,SJWD,Trans,228.8899999999989
2025-04-04,0.9,7.76,8.66,-6.87,16.53,SJWD,Trans,222.0199999999989
2025-04-08,1.94,4.95,6.88,-3.01,15.11,SJWD,Trans,219.0099999999989
2025-04-09,3.24,2.72,5.96,0.52,16.21,SJWD,Trans,219.52999999999892
2025-04-10,4.26,0.99,5.24,3.27,13.52,SJWD,Trans,222.79999999999893
2025-04-11,1.22,2.49,3.71,-1.28,27.35,SJWD,Trans,221.51999999999893
2025-04-16,3.44,1.22,4.66,2.22,16.79,SJWD,Trans,223.73999999999893
2025-04-17,1.65,0.63,2.28,1.02,21.11,SJWD,Trans,224.75999999999894
2025-04-18,0.96,0.57,1.53,0.39,13.46,SJWD,Trans,225.14999999999893
2025-04-21,0.71,4.18,4.89,-3.47,9.38,SJWD,Trans,221.67999999999893
2025-04-22,2.69,0.28,2.97,2.42,16.21,SJWD,Trans,224.09999999999891
2025-04-23,1.95,1.44,3.39,0.5,12.93,SJWD,Trans,224.59999999999891
2025-04-24,0.7,0.98,1.69,-0.28,14.76,SJWD,Trans,224.3199999999989
2025-04-25,0.72,0.51,1.23,0.21,9.77,SJWD,Trans,224.52999999999892
2025-04-28,1.67,1.11,2.79,0.56,10.48,SJWD,Trans,225.08999999999892
2025-04-29,0.21,2.08,2.29,-1.87,6.42,SJWD,Trans,223.21999999999892
2025-04-30,0.02,2.86,2.88,-2.84,9.35,SJWD,Trans,220.37999999999892
2025-05-02,1.42,4.15,5.57,-2.73,9.79,SJWD,Trans,217.64999999999893
2025-05-06,0.77,3.22,4.0,-2.45,7.67,SJWD,Trans,215.19999999999894
2025-05-07,0.56,0.84,1.4,-0.28,8.29,SJWD,Trans,214.91999999999894
2025-05-08,1.23,2.35,3.59,-1.12,10.23,SJWD,Trans,213.79999999999893
2025-05-09,2.71,2.24,4.95,0.47,10.19,SJWD,Trans,214.26999999999893
2025-05-13,0.7,2.08,2.78,-1.38,9.97,SJWD,Trans,212.88999999999893
2025-05-14,0.48,1.94,2.41,-1.46,16.21,SJWD,Trans,211.42999999999893
2025-05-15,2.77,2.8,5.57,-0.03,14.76,SJWD,Trans,211.39999999999893
2025-05-16,3.69,2.07,5.76,1.62,10.24,SJWD,Trans,213.01999999999893
2025-05-19,3.94,1.56,5.51,2.38,6.61,SJWD,Trans,215.39999999999893
2025-05-20,1.34,4.69,6.03,-3.35,7.87,SJWD,Trans,212.04999999999893
2025-05-21,0.13,2.62,2.75,-2.49,7.2,SJWD,Trans,209.55999999999892
2025-05-22,1.03,1.21,2.24,-0.19,4.97,SJWD,Trans,209.36999999999892
2025-05-23,0.09,2.34,2.43,-2.25,7.75,SJWD,Trans,207.11999999999892
2025-05-26,0.15,1.59,1.74,-1.44,7.37,SJWD,Trans,205.67999999999893
2025-05-27,0.74,1.11,1.85,-0.37,6.96,SJWD,Trans,205.30999999999892
2025-05-28,1.02,2.47,3.49,-1.44,7.83,SJWD,Trans,203.86999999999892
2025-05-29,0.35,0.52,0.87,-0.17,3.8,SJWD,Trans,203.69999999999894
2025-05-30,0.45,1.41,1.87,-0.96,5.96,SJWD,Trans,202.73999999999893
2025-06-04,1.34,3.13,4.47,-1.78,6.17,SJWD,Trans,200.95999999999893
2025-06-05,0.0,0.64,0.64,-0.64,1.58,SJWD,Trans,200.31999999999894
2025-06-06,1.71,1.99,3.69,-0.28,5.82,SJWD,Trans,200.03999999999894
2025-06-09,0.3,1.62,1.93,-1.32,6.45,SJWD,Trans,198.71999999999895
2025-06-10,0.41,0.5,0.91,-0.1,7.65,SJWD,Trans,198.61999999999895
2025-06-11,5.7,3.65,9.35,2.06,4.03,SJWD,Trans,200.67999999999896
2025-06-12,6.69,4.61,11.3,2.08,10.82,SJWD,Trans,202.75999999999897
2025-06-13,0.1,4.84,4.94,-4.74,7.52,SJWD,Trans,198.01999999999896
2025-06-16,0.62,3.13,3.75,-2.5,10.86,SJWD,Trans,195.51999999999896
2025-06-17,0.53,3.76,4.3,-3.23,9.48,SJWD,Trans,192.28999999999897
2025-06-18,0.63,0.89,1.52,-0.25,5.38,SJWD,Trans,192.03999999999897
2025-06-19,0.15,0.93,1.08,-0.78,8.38,SJWD,Trans,191.25999999999897
2025-06-20,0.01,2.46,2.47,-2.46,18.52,SJWD,Trans,188.79999999999896
2025-06-23,0.02,0.41,0.43,-0.38,4.0,SJWD,Trans,188.41999999999896
2025-06-24,0.77,0.78,1.55,-0.01,6.87,SJWD,Trans,188.40999999999897
2025-06-25,1.32,0.74,2.07,0.58,9.08,SJWD,Trans,188.989999999999
2025-06-26,0.95,0.64,1.6,0.31,8.15,SJWD,Trans,189.299999999999
2025-06-27,0.08,0.06,0.15,0.02,1.53,SJWD,Trans,189.319999999999
2025-06-30,1.19,0.89,2.08,0.3,10.24,SJWD,Trans,189.619999999999
2025-07-01,0.36,0.96,1.32,-0.6,7.01,SJWD,Trans,189.01999999999902
2025-07-02,0.51,0.18,0.69,0.33,7.25,SJWD,Trans,189.34999999999903
2025-07-03,0.6,0.11,0.71,0.49,5.64,SJWD,Trans,189.83999999999904
2025-07-04,0.0,0.72,0.73,-0.72,8.46,SJWD,Trans,189.11999999999904
2025-07-07,0.65,0.77,1.41,-0.12,12.85,SJWD,Trans,188.99999999999903
2025-07-08,0.32,0.21,0.54,0.11,5.51,SJWD,Trans,189.10999999999905
2025-07-09,0.0,0.15,0.15,-0.14,2.09,SJWD,Trans,188.96999999999906
2025-07-11,0.56,0.46,1.02,0.1,8.56,SJWD,Trans,189.06999999999906
2025-07-14,0.09,0.23,0.32,-0.14,2.4,SJWD,Trans,188.92999999999907
2025-07-15,3.85,0.76,4.61,3.09,11.05,SJWD,Trans,192.01999999999907
2025-07-16,0.33,3.41,3.74,-3.09,4.15,SJWD,Trans,188.92999999999907
2025-07-17,1.86,1.0,2.86,0.86,2.7,SJWD,Trans,189.78999999999908
2025-07-18,0.42,0.78,1.2,-0.36,4.59,SJWD,Trans,189.42999999999907
2025-07-21,1.42,0.21,1.63,1.2,6.13,SJWD,Trans,190.62999999999906
2025-07-22,4.12,3.22,7.34,0.91,16.69,SJWD,Trans,191.53999999999905
2025-07-23,2.2,0.46,2.67,1.74,11.08,SJWD,Trans,193.27999999999906
2025-07-24,3.66,1.99,5.64,1.67,15.32,SJWD,Trans,194.94999999999905
2025-07-25,0.41,2.01,2.42,-1.59,12.8,SJWD,Trans,193.35999999999905
2025-07-29,3.79,1.29,5.08,2.5,12.04,SJWD,Trans,195.85999999999905
2025-07-30,12.2,0.66,12.85,11.54,9.7,SJWD,Trans,207.39999999999904
2025-07-31,5.86,0.94,6.8,4.92,7.44,SJWD,Trans,212.31999999999903
2025-08-01,2.22,4.44,6.66,-2.23,17.99,SJWD,Trans,210.08999999999904
2025-08-04,2.14,1.97,4.12,0.17,22.67,SJWD,Trans,210.25999999999902
2025-08-05,2.36,1.28,3.65,1.08,11.25,SJWD,Trans,211.33999999999904
2025-08-06,16.5,0.74,17.23,15.76,18.94,SJWD,Trans,227.09999999999903
2025-08-07,1.23,2.79,4.02,-1.55,19.45,SJWD,Trans,225.54999999999902
2025-08-08,1.22,2.66,3.88,-1.44,20.69,SJWD,Trans,224.10999999999902
2025-08-13,2.82,3.22,6.04,-0.4,14.46,SJWD,Trans,223.709999999999
2025-08-14,2.39,2.44,4.82,-0.05,17.81,SJWD,Trans,223.659999999999
2025-08-15,15.0,3.07,18.06,11.93,11.6,SJWD,Trans,235.589999999999
2025-08-18,1.5,7.36,8.86,-5.86,15.56,SJWD,Trans,229.729999999999
2025-08-19,0.48,5.06,5.54,-4.58,19.08,SJWD,Trans,225.14999999999898
2025-08-20,7.18,5.68,12.86,1.49,9.06,SJWD,Trans,226.639999999999
2025-08-21,18.14,1.35,19.48,16.79,14.55,SJWD,Trans,243.42999999999898
2025-08-22,5.39,2.11,7.5,3.28,20.04,SJWD,Trans,246.70999999999898
2025-08-25,5.16,2.08,7.24,3.09,32.65,SJWD,Trans,249.799999999999
2025-08-26,5.5,1.89,7.39,3.61,26.95,SJWD,Trans,253.409999999999
2025-08-27,1.83,2.9,4.73,-1.07,21.52,SJWD,Trans,252.339999999999
2025-08-28,2.44,1.61,4.05,0.83,22.08,SJWD,Trans,253.16999999999902
2025-08-29,3.13,3.29,6.43,-0.16,17.16,SJWD,Trans,253.00999999999902
2025-09-01,0.9,1.19,2.09,-0.28,14.44,SJWD,Trans,252.72999999999902
2025-09-02,1.51,0.76,2.27,0.74,31.17,SJWD,Trans,253.46999999999903
2025-09-03,2.17,2.44,4.61,-0.27,20.51,SJWD,Trans,253.19999999999902
2025-09-04,2.03,4.93,6.96,-2.89,26.43,SJWD,Trans,250.30999999999904
2025-09-05,7.36,0.49,7.86,6.87,19.09,SJWD,Trans,257.17999999999904
2025-09-08,1.11,0.53,1.64,0.58,17.05,SJWD,Trans,257.759999999999
2025-09-09,6.71,3.86,10.57,2.85,12.6,SJWD,Trans,260.60999999999905
2025-09-10,0.97,2.42,3.39,-1.46,8.44,SJWD,Trans,259.14999999999907
2025-09-11,0.11,1.18,1.28,-1.07,11.01,SJWD,Trans,258.0799999999991
2025-09-12,3.04,6.1,9.14,-3.06,15.5,SJWD,Trans,255.01999999999907
2025-09-15,0.82,5.36,6.18,-4.54,18.53,SJWD,Trans,250.47999999999908
2025-09-16,1.56,4.82,6.37,-3.26,15.93,SJWD,Trans,247.2199999999991
2025-09-17,2.24,1.2,3.44,1.04,14.46,SJWD,Trans,248.25999999999908
2025-09-18,13.22,1.82,15.04,11.4,23.82,SJWD,Trans,259.65999999999906
2025-09-19,1.82,2.1,3.92,-0.28,26.39,SJWD,Trans,259.3799999999991
2025-09-22,1.78,3.8,5.58,-2.03,20.08,SJWD,Trans,257.3499999999991
2025-09-23,3.45,3.04,6.48,0.41,24.97,SJWD,Trans,257.75999999999914
2025-09-24,7.01,0.68,7.7,6.33,16.32,SJWD,Trans,264.0899999999991
2025-09-25,2.44,4.09,6.53,-1.66,18.75,SJWD,Trans,262.4299999999991
2025-09-26,1.06,1.63,2.69,-0.57,23.56,SJWD,Trans,261.8599999999991
2025-09-29,0.65,2.42,3.06,-1.77,22.58,SJWD,Trans,260.0899999999991
2025-09-30,1.09,4.2,5.28,-3.11,19.65,SJWD,Trans,256.9799999999991
2025-10-01,6.68,2.34,9.02,4.34,26.98,SJWD,Trans,261.3199999999991
2025-10-02,1.31,3.18,4.49,-1.87,29.37,SJWD,Trans,259.4499999999991
2025-10-03,0.44,1.84,2.29,-1.4,24.32,SJWD,Trans,258.0499999999991
2025-10-06,3.47,1.99,5.46,1.48,18.8,SJWD,Trans,259.5299999999991
2025-10-07,2.03,1.25,3.28,0.77,18.99,SJWD,Trans,260.2999999999991
2025-10-08,7.48,3.0,10.49,4.48,18.31,SJWD,Trans,264.7799999999991
2025-10-09,3.09,3.43,6.52,-0.34,32.59,SJWD,Trans,264.43999999999915
2025-10-10,0.89,1.66,2.55,-0.77,23.1,SJWD,Trans,263.66999999999916
2025-10-14,1.72,2.86,4.58,-1.14,16.1,SJWD,Trans,262.5299999999992
2025-10-15,16.06,3.86,19.91,12.2,34.41,SJWD,Trans,274.72999999999917
2025-10-16,0.87,5.77,6.64,-4.9,19.23,SJWD,Trans,269.8299999999992
2025-10-17,2.27,3.09,5.37,-0.82,24.83,SJWD,Trans,269.0099999999992
2025-10-20,1.5,3.36,4.87,-1.86,23.59,SJWD,Trans,267.1499999999992
2025-10-21,2.8,3.43,6.22,-0.63,23.02,SJWD,Trans,266.5199999999992
2025-10-22,0.82,2.73,3.55,-1.92,22.7,SJWD,Trans,264.59999999999917
2025-10-24,0.67,1.76,2.43,-1.08,27.93,SJWD,Trans,263.5199999999992
2025-10-27,1.44,2.35,3.79,-0.91,18.1,SJWD,Trans,262.60999999999916
2025-10-28,0.86,2.44,3.3,-1.58,9.62,SJWD,Trans,261.0299999999992
2025-10-29,1.15,0.69,1.84,0.46,21.56,SJWD,Trans,261.48999999999916
2025-10-30,1.5,1.31,2.81,0.19,14.64,SJWD,Trans,261.67999999999915
2025-10-31,0.14,1.81,1.96,-1.67,15.92,SJWD,Trans,260.00999999999914
2025-11-03,0.39,2.84,3.23,-2.45,22.84,SJWD,Trans,257.55999999999915
2025-11-04,0.6,2.82,3.42,-2.22,14.11,SJWD,Trans,255.33999999999915
2025-11-05,0.34,1.63,1.98,-1.29,23.72,SJWD,Trans,254.04999999999916
2025-11-06,1.69,1.46,3.15,0.23,18.95,SJWD,Trans,254.27999999999915
2025-11-07,0.44,0.66,1.1,-0.22,15.52,SJWD,Trans,254.05999999999915
2025-11-10,1.03,0.76,1.78,0.27,18.45,SJWD,Trans,254.32999999999916
2025-11-11,0.85,1.41,2.25,-0.56,12.04,SJWD,Trans,253.76999999999916
2025-11-12,2.02,0.88,2.9,1.14,10.35,SJWD,Trans,254.90999999999914
2025-11-13,0.72,0.36,1.08,0.36,14.45,SJWD,Trans,255.26999999999916
2025-11-14,1.49,1.71,3.2,-0.21,12.92,SJWD,Trans,255.05999999999915
2025-11-17,1.09,0.64,1.73,0.45,15.31,SJWD,Trans,255.50999999999914
2025-11-18,0.49,1.06,1.55,-0.57,25.05,SJWD,Trans,254.93999999999915
2025-11-19,0.26,1.75,2.01,-1.49,13.45,SJWD,Trans,253.44999999999914
2025-11-20,0.74,2.76,3.5,-2.02,20.09,SJWD,Trans,251.42999999999913
2025-11-21,0.19,1.71,1.89,-1.52,14.14,SJWD,Trans,249.90999999999912
2025-11-24,0.05,2.59,2.64,-2.55,27.92,SJWD,Trans,247.3599999999991
2025-11-25,0.25,1.83,2.08,-1.57,28.85,SJWD,Trans,245.7899999999991
2025-11-26,0.44,1.38,1.82,-0.94,19.21,SJWD,Trans,244.8499999999991
2025-11-27,0.03,0.76,0.8,-0.73,31.17,SJWD,Trans,244.11999999999912
2025-11-28,0.16,0.98,1.14,-0.81,18.79,SJWD,Trans,243.30999999999912
2025-12-01,0.41,1.42,1.84,-1.01,33.34,SJWD,Trans,242.29999999999913
2025-12-02,0.24,0.35,0.59,-0.11,14.19,SJWD,Trans,242.18999999999912
2025-12-03,0.21,1.44,1.65,-1.22,10.04,SJWD,Trans,240.96999999999912
2025-12-04,0.12,1.69,1.81,-1.57,17.9,SJWD,Trans,239.39999999999912
2025-12-08,0.19,1.29,1.47,-1.1,13.3,SJWD,Trans,238.29999999999913
2025-12-09,0.32,1.04,1.36,-0.72,13.1,SJWD,Trans,237.57999999999913
2025-12-11,0.0,0.35,0.35,-0.35,6.09,SJWD,Trans,237.22999999999914
2025-12-12,1.53,1.42,2.96,0.11,20.32,SJWD,Trans,237.33999999999915
2025-12-15,2.16,0.46,2.61,1.7,9.56,SJWD,Trans,239.03999999999914
2025-12-16,0.68,1.58,2.27,-0.9,17.84,SJWD,Trans,238.13999999999913
2025-12-17,0.7,0.39,1.09,0.32,13.55,SJWD,Trans,238.45999999999913
2025-12-18,0.28,1.76,2.03,-1.48,16.62,SJWD,Trans,236.97999999999914
2025-12-19,0.64,0.54,1.18,0.1,14.99,SJWD,Trans,237.07999999999913
2025-12-22,1.31,2.08,3.39,-0.77,23.66,SJWD,Trans,236.30999999999912
2025-12-23,3.09,1.12,4.21,1.98,17.86,SJWD,Trans,238.2899999999991
2025-12-24,4.91,0.47,5.38,4.43,21.79,SJWD,Trans,242.71999999999912
2025-12-25,1.36,0.34,1.7,1.01,19.47,SJWD,Trans,243.7299999999991
2025-12-26,0.25,2.1,2.36,-1.85,24.93,SJWD,Trans,241.87999999999911
2025-12-29,2.16,0.33,2.49,1.83,23.8,SJWD,Trans,243.70999999999913
2025-12-30,3.42,5.19,8.61,-1.77,16.39,SJWD,Trans,241.93999999999912
2026-01-05,5.04,4.45,9.49,0.58,14.04,SJWD,Trans,242.51999999999913
2026-01-06,0.81,7.48,8.29,-6.67,15.95,SJWD,Trans,235.84999999999914
2026-01-07,5.9,0.57,6.47,5.33,27.12,SJWD,Trans,241.17999999999915
2026-01-08,0.96,3.03,4.0,-2.07,27.09,SJWD,Trans,239.10999999999916
2026-01-09,2.06,5.03,7.1,-2.97,17.45,SJWD,Trans,236.13999999999916
2026-01-12,0.25,2.38,2.64,-2.13,10.31,SJWD,Trans,234.00999999999917
2026-01-13,0.13,1.12,1.25,-0.99,10.48,SJWD,Trans,233.01999999999916
2026-01-14,0.0,0.52,0.52,-0.52,4.6,SJWD,Trans,232.49999999999915
2026-01-15,2.57,1.8,4.37,0.78,11.12,SJWD,Trans,233.27999999999915
2026-01-16,4.7,1.56,6.26,3.13,17.02,SJWD,Trans,236.40999999999914
2026-01-19,3.3,0.93,4.24,2.37,8.51,SJWD,Trans,238.77999999999915
2026-01-20,5.46,2.48,7.93,2.98,18.12,SJWD,Trans,241.75999999999914
2026-01-21,3.58,0.41,3.99,3.17,12.19,SJWD,Trans,244.92999999999913
2026-01-22,3.76,2.51,6.28,1.25,24.22,SJWD,Trans,246.17999999999913
2026-01-23,2.41,2.07,4.48,0.34,17.92,SJWD,Trans,246.51999999999913
2026-01-26,2.61,1.65,4.26,0.95,16.34,SJWD,Trans,247.46999999999912
2026-01-27,1.57,3.5,5.07,-1.93,18.35,SJWD,Trans,245.5399999999991
2026-01-28,2.01,1.68,3.69,0.33,20.26,SJWD,Trans,245.86999999999912
2026-01-29,1.5,1.57,3.07,-0.07,19.89,SJWD,Trans,245.79999999999913
2026-01-30,2.18,1.02,3.2,1.16,18.49,SJWD,Trans,246.95999999999913
2026-02-02,1.59,1.37,2.96,0.22,21.56,SJWD,Trans,247.17999999999913
2026-02-03,4.05,0.92,4.96,3.13,15.23,SJWD,Trans,250.30999999999912
2026-02-04,2.98,1.82,4.8,1.16,18.7,SJWD,Trans,251.46999999999912
2026-02-05,6.1,6.13,12.23,-0.03,22.3,SJWD,Trans,251.43999999999912
2026-02-06,2.69,0.8,3.5,1.89,28.91,SJWD,Trans,253.3299999999991
2026-02-09,4.11,0.65,4.76,3.47,17.88,SJWD,Trans,256.7999999999991
2026-02-10,16.18,8.42,24.61,7.76,19.68,SJWD,Trans,264.5599999999991
2026-02-11,5.55,10.46,16.01,-4.91,16.46,SJWD,Trans,259.64999999999907
2026-02-12,5.7,2.51,8.21,3.2,14.89,SJWD,Trans,262.84999999999906
2026-02-13,3.06,15.61,18.67,-12.56,18.78,SJWD,Trans,250.28999999999905
2026-02-16,0.78,5.13,5.91,-4.36,8.88,SJWD,Trans,245.92999999999904
2026-02-17,4.91,2.27,7.18,2.64,13.65,SJWD,Trans,248.56999999999903
2026-02-18,6.05,3.88,9.93,2.17,14.06,SJWD,Trans,250.73999999999901
2026-02-19,6.16,7.02,13.18,-0.86,12.81,SJWD,Trans,249.879999999999
2026-02-20,6.51,3.51,10.02,3.0,12.96,SJWD,Trans,252.879999999999
2026-02-23,14.34,6.09,20.43,8.25,19.76,SJWD,Trans,261.129999999999
2026-02-24,9.84,2.64,12.48,7.19,22.81,SJWD,Trans,268.31999999999897
2026-02-25,7.42,12.63,20.04,-5.21,17.91,SJWD,Trans,263.109999999999
2026-02-26,2.87,11.68,14.54,-8.81,19.06,SJWD,Trans,254.299999999999
2026-02-27,8.82,3.65,12.47,5.17,16.84,SJWD,Trans,259.469999999999
2026-03-02,12.5,3.79,16.29,8.71,13.49,SJWD,Trans,268.179999999999
2026-03-04,3.64,9.94,13.59,-6.3,19.73,SJWD,Trans,261.879999999999
2026-03-05,2.85,4.86,7.71,-2.01,25.02,SJWD,Trans,259.869999999999
2026-03-06,2.0,7.15,9.15,-5.15,25.3,SJWD,Trans,254.71999999999898
2026-03-09,0.91,1.91,2.82,-1.0,14.2,SJWD,Trans,253.71999999999898
2026-03-10,2.15,6.85,9.0,-4.7,21.42,SJWD,Trans,249.019999999999
2026-03-11,0.24,3.94,4.18,-3.71,16.36,SJWD,Trans,245.30999999999898
2026-03-12,0.76,1.26,2.02,-0.49,11.16,SJWD,Trans,244.81999999999897
2026-03-13,0.6,4.9,5.5,-4.29,18.08,SJWD,Trans,240.52999999999898
2026-03-16,2.64,2.21,4.85,0.44,18.22,SJWD,Trans,240.96999999999898
2026-03-17,5.05,1.87,6.92,3.18,19.13,SJWD,Trans,244.14999999999898
2026-03-18,2.37,4.44,6.81,-2.07,23.87,SJWD,Trans,242.079999999999
2026-03-19,1.22,4.67,5.88,-3.45,20.26,SJWD,Trans,238.629999999999
2026-03-20,4.15,1.36,5.51,2.79,17.76,SJWD,Trans,241.419999999999
2026-03-23,0.95,6.76,7.71,-5.81,22.95,SJWD,Trans,235.609999999999
2026-03-24,0.62,3.17,3.79,-2.55,17.14,SJWD,Trans,233.05999999999898
2026-03-25,1.82,0.86,2.68,0.97,8.65,SJWD,Trans,234.02999999999898
2026-03-26,1.98,2.29,4.26,-0.31,13.01,SJWD,Trans,233.71999999999898
2026-03-27,3.0,2.23,5.22,0.77,9.28,SJWD,Trans,234.489999999999
2026-03-30,3.9,0.7,4.59,3.2,26.33,SJWD,Trans,237.68999999999897
2026-03-31,2.35,1.2,3.55,1.15,18.79,SJWD,Trans,238.83999999999898
2026-04-01,6.96,2.27,9.23,4.68,15.2,SJWD,Trans,243.519999999999
2026-04-02,5.87,1.19,7.06,4.68,17.59,SJWD,Trans,248.199999999999
2026-04-03,0.78,1.75,2.53,-0.97,17.05,SJWD,Trans,247.229999999999
2026-04-07,0.48,0.61,1.08,-0.13,13.16,SJWD,Trans,247.099999999999
2026-04-08,5.58,2.13,7.71,3.45,13.63,SJWD,Trans,250.549999999999
2026-04-09,2.13,8.82,10.94,-6.69,30.03,SJWD,Trans,243.859999999999
2026-04-10,4.1,0.9,5.0,3.2,14.03,SJWD,Trans,247.05999999999898
2026-04-16,5.94,2.15,8.09,3.78,26.7,SJWD,Trans,250.83999999999898
2026-04-17,1.9,1.17,3.07,0.74,23.02,SJWD,Trans,251.579999999999
2026-04-20,3.6,2.42,6.03,1.18,9.53,SJWD,Trans,252.759999999999
2026-04-21,2.55,6.15,8.7,-3.6,13.57,SJWD,Trans,249.159999999999
2026-04-22,4.22,8.34,12.55,-4.12,22.09,SJWD,Trans,245.039999999999
2026-04-23,2.54,2.98,5.52,-0.43,10.81,SJWD,Trans,244.609999999999
2026-04-24,1.02,2.48,3.5,-1.47,13.95,SJWD,Trans,243.139999999999
2026-04-27,1.0,0.85,1.85,0.15,7.68,SJWD,Trans,243.289999999999
2026-04-28,0.88,3.33,4.21,-2.45,18.95,SJWD,Trans,240.839999999999
2026-04-29,1.8,2.78,4.59,-0.98,12.19,SJWD,Trans,239.85999999999902
2026-04-30,0.56,1.96,2.52,-1.39,9.79,SJWD,Trans,238.46999999999903
2026-05-05,0.68,1.45,2.13,-0.77,6.83,SJWD,Trans,237.69999999999902
2026-05-06,6.61,0.44,7.05,6.16,22.96,SJWD,Trans,243.85999999999902
2026-05-07,1.89,1.82,3.71,0.08,17.91,SJWD,Trans,243.93999999999903
2026-05-08,0.24,1.05,1.28,-0.81,15.28,SJWD,Trans,243.12999999999903
2026-05-11,0.28,2.39,2.67,-2.12,16.48,SJWD,Trans,241.00999999999902
2026-05-12,0.4,2.3,2.7,-1.9,24.7,SJWD,Trans,239.10999999999902
2026-05-13,1.22,1.76,2.99,-0.54,23.98,SJWD,Trans,238.56999999999903
2026-05-14,12.93,1.61,14.54,11.33,8.23,SJWD,Trans,249.89999999999904
2026-05-15,0.93,4.54,5.47,-3.6,8.08,SJWD,Trans,246.29999999999905
2026-05-18,0.31,1.34,1.65,-1.02,5.35,SJWD,Trans,245.27999999999903
2026-05-19,0.53,2.8,3.32,-2.27,9.19,SJWD,Trans,243.00999999999902
2026-05-20,1.02,2.67,3.7,-1.65,13.61,SJWD,Trans,241.35999999999902
2026-05-21,1.64,2.19,3.83,-0.54,9.36,SJWD,Trans,240.81999999999903
2026-05-22,2.95,2.3,5.25,0.65,9.65,SJWD,Trans,241.46999999999903
2026-05-25,2.85,1.44,4.29,1.41,10.39,SJWD,Trans,242.87999999999903
2026-05-26,2.7,2.42,5.12,0.28,3.22,SJWD,Trans,243.15999999999903
2026-05-27,7.47,2.9,10.37,4.57,13.64,SJWD,Trans,247.72999999999902
2026-05-28,0.46,5.93,6.39,-5.47,13.88,SJWD,Trans,242.25999999999902
2026-05-29,0.07,2.75,2.81,-2.68,10.15,SJWD,Trans,239.57999999999902
2026-06-02,3.73,1.3,5.03,2.43,13.0,SJWD,Trans,242.00999999999902
2026-06-04,2.91,1.41,4.33,1.5,14.1,SJWD,Trans,243.50999999999902
2026-06-05,13.48,7.02,20.5,6.47,18.2,SJWD,Trans,249.97999999999902
2026-06-08,2.27,7.71,9.98,-5.44,16.79,SJWD,Trans,244.53999999999903
2026-06-09,0.15,4.59,4.74,-4.44,12.51,SJWD,Trans,240.09999999999903
2026-06-10,1.13,4.65,5.78,-3.52,9.62,SJWD,Trans,236.57999999999902
2026-06-11,0.04,1.26,1.3,-1.23,6.97,SJWD,Trans,235.34999999999903
2026-06-12,1.25,1.51,2.76,-0.26,8.94,SJWD,Trans,235.08999999999904
2026-06-15,7.18,2.36,9.54,4.82,19.44,SJWD,Trans,239.90999999999903
2026-06-16,1.12,0.63,1.74,0.49,13.09,SJWD,Trans,240.39999999999904
2026-06-17,12.9,3.72,16.62,9.18,21.06,SJWD,Trans,249.57999999999905
2026-06-18,1.42,6.14,7.56,-4.73,13.1,SJWD,Trans,244.84999999999906
2026-06-19,1.06,0.92,1.98,0.14,8.27,SJWD,Trans,244.98999999999904
2026-06-22,0.79,1.8,2.59,-1.01,12.18,SJWD,Trans,243.97999999999905
2026-06-23,14.04,14.69,28.72,-0.65,16.26,SJWD,Trans,243.32999999999905
2026-06-24,39.67,3.39,43.06,36.28,23.84,SJWD,Trans,279.60999999999905
2026-06-25,11.74,7.96,19.7,3.79,19.79,SJWD,Trans,283.39999999999907
2026-06-26,4.97,2.9,7.88,2.07,19.77,SJWD,Trans,285.46999999999906
2026-06-29,2.18,7.08,9.26,-4.9,14.75,SJWD,Trans,280.5699999999991
2026-06-30,7.2,11.75,18.95,-4.56,17.52,SJWD,Trans,276.0099999999991
2026-07-01,6.77,12.43,19.2,-5.66,11.61,SJWD,Trans,270.34999999999906
2026-07-02,9.6,13.59,23.19,-3.99,21.27,SJWD,Trans,266.35999999999905
2026-07-03,10.47,2.61,13.07,7.86,14.1,SJWD,Trans,274.21999999999906
2026-07-06,5.61,7.78,13.39,-2.16,18.37,SJWD,Trans,272.05999999999904
2026-07-07,6.48,7.07,13.55,-0.59,20.69,SJWD,Trans,271.46999999999906
2026-07-08,5.12,3.53,8.65,1.59,8.27,SJWD,Trans,273.05999999999904
2026-07-09,12.67,1.6,14.27,11.07,21.71,SJWD,Trans,284.12999999999903
2026-07-10,9.72,2.5,12.22,7.23,23.34,SJWD,Trans,291.35999999999905
2026-07-13,8.22,19.23,27.45,-11.01,16.02,SJWD,Trans,280.34999999999906
2026-07-14,13.89,11.74,25.64,2.15,15.78,SJWD,Trans,282.49999999999903
2026-07-15,1.55,5.71,7.27,-4.16,10.34,SJWD,Trans,278.339999999999
2026-07-16,2.77,6.36,9.12,-3.59,23.67,SJWD,Trans,274.74999999999903
2026-07-17,0.81,6.91,7.72,-6.1,15.89,SJWD,Trans,268.649999999999
2026-07-20,7.62,3.86,11.48,3.77,19.38,SJWD,Trans,272.419999999999
2026-07-21,2.43,14.98,17.41,-12.54,11.41,SJWD,Trans,259.879999999999
2026-07-22,2.23,11.06,13.29,-8.83,11.45,SJWD,Trans,251.04999999999896
2026-07-23,0.2,4.59,4.79,-4.39,10.1,SJWD,Trans,246.65999999999897
2026-07-24,3.1,1.99,5.09,1.11,11.88,SJWD,Trans,247.769999999999
2026-07-27,2.6,2.62,5.21,-0.02,9.32,SJWD,Trans,247.74999999999898
2026-07-30,7.63,14.09,21.72,-6.46,11.64,SJWD,Trans,241.28999999999897
2026-07-31,10.21,6.97,17.19,3.24,8.45,SJWD,Trans,244.52999999999898
2026-08-03,7.29,7.48,14.77,-0.18,11.01,SJWD,Trans,244.34999999999897
2026-08-04,2.29,5.89,8.18,-3.6,11.2,SJWD,Trans,240.74999999999898
2026-08-05,18.11,6.93,25.04,11.18,11.01,SJWD,Trans,251.92999999999898
2026-08-06,5.57,7.09,12.66,-1.53,14.66,SJWD,Trans,250.39999999999898
2026-08-07,10.66,5.13,15.79,5.53,12.9,SJWD,Trans,255.92999999999898
2026-08-10,2.77,5.16,7.93,-2.39,16.61,SJWD,Trans,253.539999999999
2026-08-11,2.33,2.21,4.54,0.13,19.83,SJWD,Trans,253.669999999999
2026-08-13,12.05,0.59,12.63,11.46,12.27,SJWD,Trans,265.129999999999
2026-08-14,4.4,6.8,11.2,-2.4,14.75,SJWD,Trans,262.729999999999
2026-08-17,7.68,7.09,14.76,0.59,14.83,SJWD,Trans,263.31999999999897
2026-08-18,12.76,2.4,15.16,10.36,14.73,SJWD,Trans,273.679999999999
2026-08-19,0.6,5.19,5.79,-4.6,17.71,SJWD,Trans,269.07999999999896
2026-08-20,2.4,4.31,6.71,-1.91,15.34,SJWD,Trans,267.16999999999894
2026-08-21,2.16,3.75,5.91,-1.59,17.93,SJWD,Trans,265.57999999999896
2026-08-24,4.23,10.64,14.86,-6.41,18.62,SJWD,Trans,259.16999999999894
2026-08-25,5.11,4.92,10.03,0.18,17.75,SJWD,Trans,259.34999999999894
2026-08-26,3.98,0.92,4.9,3.06,11.42,SJWD,Trans,262.40999999999894
