date,buy_mb,sell_mb,buy_sell_mb,net_mb,nvdr_pct,symbol,sector,cumulative_net_mb
2020-01-02,132.12,82.81,214.93,49.31,22.44,TISCO,Banking,49.31
2020-01-03,48.35,107.31,155.66,-58.96,28.57,TISCO,Banking,-9.649999999999999
2020-01-06,104.07,27.1,131.17,76.97,24.37,TISCO,Banking,67.32
2020-01-07,158.01,82.64,240.65,75.37,20.87,TISCO,Banking,142.69
2020-01-08,60.54,31.85,92.39,28.69,23.12,TISCO,Banking,171.38
2020-01-09,96.73,79.92,176.65,16.81,29.15,TISCO,Banking,188.19
2020-01-10,171.39,129.54,300.93,41.84,31.01,TISCO,Banking,230.03
2020-01-13,103.13,76.57,179.69,26.56,20.45,TISCO,Banking,256.59
2020-01-14,133.7,65.3,198.99,68.4,27.36,TISCO,Banking,324.99
2020-01-15,198.05,155.56,353.6,42.49,40.02,TISCO,Banking,367.48
2020-01-16,76.07,48.92,124.99,27.15,17.69,TISCO,Banking,394.63
2020-01-17,61.05,59.97,121.02,1.08,18.43,TISCO,Banking,395.71
2020-01-20,70.55,16.5,87.05,54.05,15.3,TISCO,Banking,449.76
2020-01-21,67.71,26.98,94.69,40.73,19.38,TISCO,Banking,490.49
2020-01-22,166.96,74.16,241.12,92.81,25.42,TISCO,Banking,583.3
2020-01-23,83.27,60.2,143.47,23.07,22.19,TISCO,Banking,606.37
2020-01-24,52.38,80.42,132.8,-28.04,31.41,TISCO,Banking,578.33
2020-01-27,91.59,95.01,186.6,-3.42,20.75,TISCO,Banking,574.9100000000001
2020-01-28,37.19,36.68,73.87,0.52,13.42,TISCO,Banking,575.4300000000001
2020-01-29,49.36,97.94,147.29,-48.58,21.36,TISCO,Banking,526.85
2020-01-30,29.68,70.01,99.7,-40.33,27.98,TISCO,Banking,486.52000000000004
2020-01-31,143.34,77.85,221.19,65.49,28.75,TISCO,Banking,552.01
2020-02-03,100.1,102.0,202.09,-1.9,20.38,TISCO,Banking,550.11
2020-02-04,99.23,133.28,232.51,-34.06,24.58,TISCO,Banking,516.05
2020-02-05,160.91,145.83,306.74,15.09,33.61,TISCO,Banking,531.14
2020-02-06,182.79,77.07,259.86,105.72,29.29,TISCO,Banking,636.86
2020-02-07,139.63,128.19,267.82,11.44,37.71,TISCO,Banking,648.3000000000001
2020-02-11,56.63,80.26,136.9,-23.63,29.68,TISCO,Banking,624.6700000000001
2020-02-12,124.31,64.89,189.2,59.42,34.16,TISCO,Banking,684.09
2020-02-13,74.14,53.33,127.47,20.81,30.33,TISCO,Banking,704.9
2020-02-14,64.82,90.86,155.68,-26.05,20.96,TISCO,Banking,678.85
2020-02-17,13.05,41.92,54.96,-28.87,17.97,TISCO,Banking,649.98
2020-02-18,46.47,42.85,89.33,3.62,19.24,TISCO,Banking,653.6
2020-02-19,103.58,59.8,163.38,43.79,30.32,TISCO,Banking,697.39
2020-02-20,71.17,55.4,126.57,15.77,26.84,TISCO,Banking,713.16
2020-02-21,24.56,69.77,94.33,-45.22,24.62,TISCO,Banking,667.9399999999999
2020-02-24,66.1,260.55,326.65,-194.44,31.09,TISCO,Banking,473.49999999999994
2020-02-25,64.31,109.69,173.99,-45.38,23.12,TISCO,Banking,428.11999999999995
2020-02-26,137.15,244.68,381.83,-107.52,23.87,TISCO,Banking,320.59999999999997
2020-02-27,129.25,227.67,356.92,-98.43,29.0,TISCO,Banking,222.16999999999996
2020-02-28,333.28,236.05,569.33,97.23,30.81,TISCO,Banking,319.4
2020-03-02,195.37,345.26,540.63,-149.89,45.76,TISCO,Banking,169.51
2020-03-03,128.2,120.35,248.55,7.85,25.31,TISCO,Banking,177.35999999999999
2020-03-04,69.26,57.84,127.1,11.42,22.13,TISCO,Banking,188.77999999999997
2020-03-05,87.85,82.04,169.89,5.8,30.5,TISCO,Banking,194.57999999999998
2020-03-06,77.44,81.38,158.82,-3.94,20.1,TISCO,Banking,190.64
2020-03-09,189.03,348.99,538.02,-159.96,27.97,TISCO,Banking,30.67999999999998
2020-03-10,127.87,178.28,306.14,-50.41,32.1,TISCO,Banking,-19.730000000000018
2020-03-11,224.54,265.81,490.35,-41.27,31.13,TISCO,Banking,-61.00000000000002
2020-03-12,377.53,195.53,573.06,182.0,31.66,TISCO,Banking,120.99999999999997
2020-03-13,394.42,419.22,813.64,-24.8,33.6,TISCO,Banking,96.19999999999997
2020-03-16,231.51,232.29,463.8,-0.77,35.3,TISCO,Banking,95.42999999999998
2020-03-17,309.85,332.47,642.32,-22.62,24.85,TISCO,Banking,72.80999999999997
2020-03-18,204.5,139.04,343.54,65.46,23.49,TISCO,Banking,138.26999999999998
2020-03-19,218.12,328.53,546.65,-110.41,29.85,TISCO,Banking,27.859999999999985
2020-03-20,238.17,353.97,592.14,-115.8,16.76,TISCO,Banking,-87.94000000000001
2020-03-23,163.09,170.44,333.52,-7.35,23.18,TISCO,Banking,-95.29
2020-03-24,114.53,123.95,238.48,-9.42,29.21,TISCO,Banking,-104.71000000000001
2020-03-25,179.84,158.42,338.26,21.41,16.86,TISCO,Banking,-83.30000000000001
2020-03-26,221.77,132.24,354.02,89.53,20.19,TISCO,Banking,6.22999999999999
2020-03-27,335.4,303.96,639.36,31.44,25.5,TISCO,Banking,37.66999999999999
2020-03-30,144.76,156.71,301.47,-11.95,33.17,TISCO,Banking,25.719999999999988
2020-03-31,313.95,322.32,636.27,-8.38,35.64,TISCO,Banking,17.33999999999999
2020-04-01,106.28,185.57,291.85,-79.3,27.63,TISCO,Banking,-61.96000000000001
2020-04-02,151.53,107.93,259.46,43.6,20.81,TISCO,Banking,-18.360000000000007
2020-04-03,93.21,183.39,276.6,-90.18,29.0,TISCO,Banking,-108.54000000000002
2020-04-07,325.71,365.57,691.28,-39.85,26.72,TISCO,Banking,-148.39000000000001
2020-04-08,208.43,161.71,370.14,46.71,20.17,TISCO,Banking,-101.68
2020-04-09,168.89,255.08,423.97,-86.2,14.41,TISCO,Banking,-187.88
2020-04-10,172.81,138.22,311.03,34.58,13.64,TISCO,Banking,-153.3
2020-04-13,332.55,253.88,586.43,78.67,30.75,TISCO,Banking,-74.63000000000001
2020-04-14,83.93,161.59,245.53,-77.66,15.08,TISCO,Banking,-152.29000000000002
2020-04-15,72.0,136.17,208.17,-64.17,12.68,TISCO,Banking,-216.46000000000004
2020-04-16,109.72,132.67,242.39,-22.96,15.19,TISCO,Banking,-239.42000000000004
2020-04-17,93.97,188.11,282.08,-94.14,18.03,TISCO,Banking,-333.56000000000006
2020-04-20,172.45,121.26,293.71,51.18,13.24,TISCO,Banking,-282.38000000000005
2020-04-21,107.43,171.18,278.6,-63.75,19.7,TISCO,Banking,-346.13000000000005
2020-04-22,146.14,188.39,334.53,-42.25,20.51,TISCO,Banking,-388.38000000000005
2020-04-23,314.71,344.39,659.1,-29.68,27.19,TISCO,Banking,-418.06000000000006
2020-04-24,141.57,234.52,376.09,-92.95,12.81,TISCO,Banking,-511.01000000000005
2020-04-27,196.63,218.84,415.47,-22.22,15.35,TISCO,Banking,-533.23
2020-04-28,197.94,131.95,329.89,65.99,21.43,TISCO,Banking,-467.24
2020-04-29,145.38,105.63,251.01,39.75,22.0,TISCO,Banking,-427.49
2020-04-30,135.35,55.74,191.09,79.61,18.75,TISCO,Banking,-347.88
2020-05-05,38.4,27.78,66.19,10.62,12.0,TISCO,Banking,-337.26
2020-05-07,76.1,121.97,198.07,-45.86,17.75,TISCO,Banking,-383.12
2020-05-08,115.19,83.65,198.84,31.53,24.59,TISCO,Banking,-351.59000000000003
2020-05-11,118.42,125.09,243.51,-6.67,27.11,TISCO,Banking,-358.26000000000005
2020-05-12,200.44,82.33,282.77,118.11,18.87,TISCO,Banking,-240.15000000000003
2020-05-13,109.96,68.68,178.63,41.28,21.16,TISCO,Banking,-198.87000000000003
2020-05-14,109.76,96.48,206.25,13.28,17.21,TISCO,Banking,-185.59000000000003
2020-05-15,100.82,103.42,204.24,-2.61,29.3,TISCO,Banking,-188.20000000000005
2020-05-18,71.78,22.63,94.41,49.15,17.72,TISCO,Banking,-139.05000000000004
2020-05-19,142.52,114.08,256.61,28.44,23.26,TISCO,Banking,-110.61000000000004
2020-05-20,134.44,172.15,306.59,-37.7,29.21,TISCO,Banking,-148.31000000000006
2020-05-21,105.53,161.16,266.68,-55.63,16.68,TISCO,Banking,-203.94000000000005
2020-05-22,47.97,98.93,146.9,-50.96,17.16,TISCO,Banking,-254.90000000000006
2020-05-25,58.25,38.3,96.55,19.95,17.39,TISCO,Banking,-234.95000000000007
2020-05-26,55.57,51.79,107.37,3.78,14.69,TISCO,Banking,-231.17000000000007
2020-05-27,136.91,114.51,251.42,22.4,13.54,TISCO,Banking,-208.77000000000007
2020-05-28,261.08,150.46,411.54,110.62,14.38,TISCO,Banking,-98.15000000000006
2020-05-29,209.24,188.02,397.26,21.21,22.45,TISCO,Banking,-76.94000000000005
2020-06-01,116.27,132.4,248.66,-16.13,12.03,TISCO,Banking,-93.07000000000005
2020-06-02,151.46,127.17,278.63,24.29,18.85,TISCO,Banking,-68.78000000000006
2020-06-04,406.92,260.79,667.71,146.13,13.53,TISCO,Banking,77.34999999999994
2020-06-05,162.42,123.14,285.56,39.29,18.97,TISCO,Banking,116.63999999999993
2020-06-08,155.05,165.46,320.51,-10.42,22.97,TISCO,Banking,106.21999999999993
2020-06-09,272.59,216.88,489.47,55.71,29.28,TISCO,Banking,161.92999999999992
2020-06-10,104.78,129.02,233.79,-24.24,27.49,TISCO,Banking,137.6899999999999
2020-06-11,192.56,106.31,298.87,86.25,26.88,TISCO,Banking,223.9399999999999
2020-06-12,185.39,124.27,309.65,61.12,26.35,TISCO,Banking,285.0599999999999
2020-06-15,303.71,183.47,487.18,120.24,38.53,TISCO,Banking,405.2999999999999
2020-06-16,172.21,92.03,264.24,80.17,44.95,TISCO,Banking,485.4699999999999
2020-06-17,132.05,85.15,217.19,46.9,40.55,TISCO,Banking,532.3699999999999
2020-06-18,230.12,125.59,355.71,104.53,17.83,TISCO,Banking,636.8999999999999
2020-06-19,586.29,282.01,868.3,304.28,41.76,TISCO,Banking,941.1799999999998
2020-06-22,312.96,385.68,698.64,-72.72,22.86,TISCO,Banking,868.4599999999998
2020-06-23,247.13,161.44,408.57,85.69,25.64,TISCO,Banking,954.1499999999999
2020-06-24,98.69,142.5,241.19,-43.82,24.11,TISCO,Banking,910.3299999999998
2020-06-25,89.2,76.72,165.92,12.48,22.16,TISCO,Banking,922.8099999999998
2020-06-26,42.99,175.27,218.26,-132.28,31.24,TISCO,Banking,790.5299999999999
2020-06-29,59.23,82.84,142.06,-23.61,32.01,TISCO,Banking,766.9199999999998
2020-06-30,127.01,255.64,382.65,-128.63,42.36,TISCO,Banking,638.2899999999998
2020-07-01,75.98,38.19,114.17,37.79,34.84,TISCO,Banking,676.0799999999998
2020-07-02,74.27,99.95,174.22,-25.68,19.1,TISCO,Banking,650.3999999999999
2020-07-03,45.51,62.76,108.28,-17.25,23.93,TISCO,Banking,633.1499999999999
2020-07-07,111.56,76.91,188.47,34.64,27.7,TISCO,Banking,667.7899999999998
2020-07-08,69.69,132.74,202.43,-63.06,37.01,TISCO,Banking,604.7299999999998
2020-07-09,576.67,668.0,1244.68,-91.33,79.08,TISCO,Banking,513.3999999999997
2020-07-10,38.8,85.56,124.36,-46.76,18.16,TISCO,Banking,466.63999999999976
2020-07-13,99.83,99.9,199.73,-0.07,14.78,TISCO,Banking,466.56999999999977
2020-07-14,145.48,69.03,214.52,76.45,21.3,TISCO,Banking,543.0199999999998
2020-07-15,70.02,124.77,194.79,-54.74,18.19,TISCO,Banking,488.27999999999975
2020-07-16,43.76,115.81,159.56,-72.05,22.12,TISCO,Banking,416.22999999999973
2020-07-17,43.1,47.94,91.04,-4.84,16.85,TISCO,Banking,411.38999999999976
2020-07-20,96.8,237.74,334.54,-140.94,28.15,TISCO,Banking,270.44999999999976
2020-07-21,299.63,302.84,602.47,-3.21,54.03,TISCO,Banking,267.2399999999998
2020-07-22,62.94,57.45,120.39,5.49,27.72,TISCO,Banking,272.7299999999998
2020-07-23,105.87,21.6,127.47,84.27,24.23,TISCO,Banking,356.9999999999998
2020-07-24,26.59,66.0,92.58,-39.41,18.93,TISCO,Banking,317.5899999999998
2020-07-29,165.92,161.31,327.23,4.61,24.35,TISCO,Banking,322.1999999999998
2020-07-30,156.51,159.09,315.6,-2.58,32.04,TISCO,Banking,319.61999999999983
2020-07-31,116.99,197.57,314.57,-80.58,44.05,TISCO,Banking,239.03999999999985
2020-08-03,54.03,63.74,117.77,-9.71,28.16,TISCO,Banking,229.32999999999984
2020-08-04,62.79,72.7,135.49,-9.9,23.82,TISCO,Banking,219.42999999999984
2020-08-05,162.45,222.27,384.71,-59.82,50.97,TISCO,Banking,159.60999999999984
2020-08-06,26.33,71.12,97.45,-44.79,25.47,TISCO,Banking,114.81999999999985
2020-08-07,101.58,27.12,128.71,74.46,35.94,TISCO,Banking,189.27999999999986
2020-08-10,36.41,42.35,78.76,-5.94,26.77,TISCO,Banking,183.33999999999986
2020-08-11,111.71,80.53,192.25,31.18,34.73,TISCO,Banking,214.51999999999987
2020-08-13,299.77,303.07,602.84,-3.3,33.4,TISCO,Banking,211.21999999999986
2020-08-14,61.69,110.82,172.51,-49.13,20.05,TISCO,Banking,162.08999999999986
2020-08-17,126.71,69.85,196.56,56.86,32.52,TISCO,Banking,218.94999999999987
2020-08-18,162.06,180.29,342.35,-18.24,22.34,TISCO,Banking,200.70999999999987
2020-08-19,166.82,174.84,341.66,-8.02,23.28,TISCO,Banking,192.68999999999986
2020-08-20,34.48,85.04,119.53,-50.56,28.63,TISCO,Banking,142.12999999999985
2020-08-21,34.51,56.38,90.9,-21.87,23.52,TISCO,Banking,120.25999999999985
2020-08-24,70.4,101.6,172.0,-31.21,36.34,TISCO,Banking,89.04999999999984
2020-08-25,155.44,80.97,236.41,74.47,24.88,TISCO,Banking,163.51999999999984
2020-08-26,78.7,142.99,221.69,-64.29,31.68,TISCO,Banking,99.22999999999983
2020-08-27,159.25,45.85,205.09,113.4,39.01,TISCO,Banking,212.62999999999982
2020-08-28,142.19,57.92,200.12,84.27,28.24,TISCO,Banking,296.8999999999998
2020-08-31,133.61,54.53,188.14,79.08,33.22,TISCO,Banking,375.9799999999998
2020-09-01,96.25,79.4,175.66,16.85,35.58,TISCO,Banking,392.8299999999998
2020-09-02,29.72,39.26,68.97,-9.54,29.93,TISCO,Banking,383.2899999999998
2020-09-03,24.45,39.02,63.48,-14.57,31.71,TISCO,Banking,368.7199999999998
2020-09-08,61.02,101.12,162.14,-40.1,37.17,TISCO,Banking,328.6199999999998
2020-09-09,25.01,72.39,97.39,-47.38,21.56,TISCO,Banking,281.2399999999998
2020-09-10,15.52,13.32,28.84,2.2,21.77,TISCO,Banking,283.43999999999977
2020-09-11,59.29,32.71,92.0,26.58,35.78,TISCO,Banking,310.01999999999975
2020-09-14,38.03,31.84,69.88,6.19,16.89,TISCO,Banking,316.20999999999975
2020-09-15,46.25,83.16,129.41,-36.91,21.6,TISCO,Banking,279.2999999999997
2020-09-16,48.31,69.64,117.95,-21.33,20.69,TISCO,Banking,257.96999999999974
2020-09-17,25.96,54.67,80.63,-28.72,25.9,TISCO,Banking,229.24999999999974
2020-09-18,148.53,52.4,200.93,96.13,45.96,TISCO,Banking,325.37999999999977
2020-09-21,42.44,38.47,80.91,3.97,21.84,TISCO,Banking,329.3499999999998
2020-09-22,20.17,74.79,94.96,-54.61,20.37,TISCO,Banking,274.7399999999998
2020-09-23,28.79,49.89,78.67,-21.1,21.9,TISCO,Banking,253.6399999999998
2020-09-24,54.56,28.86,83.42,25.7,21.03,TISCO,Banking,279.3399999999998
2020-09-25,27.47,68.67,96.13,-41.2,24.39,TISCO,Banking,238.13999999999982
2020-09-28,106.73,52.49,159.23,54.24,21.21,TISCO,Banking,292.3799999999998
2020-09-29,31.84,40.67,72.5,-8.83,20.33,TISCO,Banking,283.54999999999984
2020-09-30,80.59,134.6,215.19,-54.01,44.11,TISCO,Banking,229.53999999999985
2020-10-01,20.53,24.18,44.71,-3.65,16.61,TISCO,Banking,225.88999999999984
2020-10-02,20.95,61.68,82.62,-40.73,16.99,TISCO,Banking,185.15999999999985
2020-10-05,229.5,232.26,461.76,-2.77,51.84,TISCO,Banking,182.38999999999984
2020-10-06,83.82,59.63,143.45,24.19,18.67,TISCO,Banking,206.57999999999984
2020-10-07,31.12,28.22,59.34,2.9,15.1,TISCO,Banking,209.47999999999985
2020-10-08,60.3,88.15,148.46,-27.85,14.72,TISCO,Banking,181.62999999999985
2020-10-09,50.9,77.79,128.69,-26.89,15.47,TISCO,Banking,154.73999999999984
2020-10-12,212.87,152.57,365.44,60.3,25.83,TISCO,Banking,215.03999999999985
2020-10-14,108.95,107.64,216.59,1.31,25.51,TISCO,Banking,216.34999999999985
2020-10-15,109.54,69.55,179.09,39.98,26.33,TISCO,Banking,256.32999999999987
2020-10-16,391.23,128.73,519.96,262.5,24.96,TISCO,Banking,518.8299999999999
2020-10-19,263.06,202.68,465.73,60.38,39.36,TISCO,Banking,579.2099999999999
2020-10-20,266.24,178.85,445.09,87.39,48.35,TISCO,Banking,666.5999999999999
2020-10-21,121.46,135.59,257.05,-14.13,26.23,TISCO,Banking,652.4699999999999
2020-10-22,692.3,621.95,1314.25,70.34,53.76,TISCO,Banking,722.81
2020-10-26,117.33,131.19,248.52,-13.86,26.08,TISCO,Banking,708.9499999999999
2020-10-27,101.99,150.45,252.44,-48.46,26.85,TISCO,Banking,660.4899999999999
2020-10-28,62.62,40.78,103.4,21.84,15.96,TISCO,Banking,682.3299999999999
2020-10-29,109.29,42.37,151.66,66.93,19.23,TISCO,Banking,749.26
2020-10-30,141.08,99.43,240.51,41.66,23.54,TISCO,Banking,790.92
2020-11-02,194.08,105.04,299.12,89.04,27.99,TISCO,Banking,879.9599999999999
2020-11-03,76.91,150.4,227.31,-73.49,21.77,TISCO,Banking,806.4699999999999
2020-11-04,123.35,97.28,220.64,26.07,32.39,TISCO,Banking,832.54
2020-11-05,262.92,134.93,397.85,127.99,39.4,TISCO,Banking,960.53
2020-11-06,219.87,126.02,345.89,93.85,32.66,TISCO,Banking,1054.3799999999999
2020-11-09,198.66,104.8,303.46,93.86,31.54,TISCO,Banking,1148.2399999999998
2020-11-10,266.26,235.01,501.27,31.26,23.54,TISCO,Banking,1179.4999999999998
2020-11-11,293.37,272.15,565.52,21.22,31.78,TISCO,Banking,1200.7199999999998
2020-11-12,175.24,103.6,278.84,71.63,18.84,TISCO,Banking,1272.35
2020-11-13,424.62,337.04,761.66,87.58,25.99,TISCO,Banking,1359.9299999999998
2020-11-16,438.93,222.31,661.24,216.61,33.86,TISCO,Banking,1576.54
2020-11-17,370.24,323.25,693.49,46.98,36.41,TISCO,Banking,1623.52
2020-11-18,377.55,282.06,659.61,95.49,41.45,TISCO,Banking,1719.01
2020-11-19,159.13,275.91,435.04,-116.78,47.12,TISCO,Banking,1602.23
2020-11-20,252.33,167.62,419.95,84.71,28.11,TISCO,Banking,1686.94
2020-11-23,152.79,126.71,279.5,26.07,29.9,TISCO,Banking,1713.01
2020-11-24,142.8,116.74,259.54,26.07,32.72,TISCO,Banking,1739.08
2020-11-25,162.31,111.96,274.27,50.35,37.51,TISCO,Banking,1789.4299999999998
2020-11-26,281.85,163.5,445.35,118.35,49.55,TISCO,Banking,1907.7799999999997
2020-11-27,71.0,45.94,116.94,25.06,26.93,TISCO,Banking,1932.8399999999997
2020-11-30,404.2,321.93,726.12,82.27,49.24,TISCO,Banking,2015.1099999999997
2020-12-01,208.69,204.89,413.59,3.8,28.01,TISCO,Banking,2018.9099999999996
2020-12-02,131.16,107.81,238.97,23.35,25.13,TISCO,Banking,2042.2599999999995
2020-12-03,298.89,227.7,526.58,71.19,37.19,TISCO,Banking,2113.4499999999994
2020-12-04,349.06,224.92,573.98,124.13,23.89,TISCO,Banking,2237.5799999999995
2020-12-08,444.76,452.57,897.33,-7.8,28.01,TISCO,Banking,2229.7799999999993
2020-12-09,544.33,466.74,1011.06,77.59,37.14,TISCO,Banking,2307.3699999999994
2020-12-14,308.01,314.29,622.3,-6.29,37.77,TISCO,Banking,2301.0799999999995
2020-12-15,292.28,195.66,487.94,96.62,29.06,TISCO,Banking,2397.6999999999994
2020-12-16,193.68,171.95,365.63,21.73,34.62,TISCO,Banking,2419.4299999999994
2020-12-17,119.29,70.69,189.97,48.6,20.82,TISCO,Banking,2468.0299999999993
2020-12-18,223.42,113.36,336.77,110.06,32.07,TISCO,Banking,2578.0899999999992
2020-12-21,408.84,267.51,676.35,141.33,25.3,TISCO,Banking,2719.419999999999
2020-12-22,300.79,144.58,445.37,156.22,25.32,TISCO,Banking,2875.639999999999
2020-12-23,136.52,126.37,262.88,10.15,28.23,TISCO,Banking,2885.789999999999
2020-12-24,137.19,85.96,223.15,51.23,22.62,TISCO,Banking,2937.019999999999
2020-12-25,60.26,70.42,130.69,-10.16,16.52,TISCO,Banking,2926.859999999999
2020-12-28,50.39,97.28,147.67,-46.89,21.91,TISCO,Banking,2879.9699999999993
2020-12-29,109.21,72.13,181.34,37.08,28.44,TISCO,Banking,2917.0499999999993
2020-12-30,103.57,91.74,195.31,11.84,31.8,TISCO,Banking,2928.8899999999994
2021-01-04,116.64,63.78,180.42,52.86,27.4,TISCO,Banking,2981.7499999999995
2021-01-05,104.92,196.21,301.13,-91.29,27.1,TISCO,Banking,2890.4599999999996
2021-01-06,144.95,151.37,296.32,-6.43,22.76,TISCO,Banking,2884.0299999999997
2021-01-07,151.46,205.46,356.92,-54.01,16.56,TISCO,Banking,2830.0199999999995
2021-01-08,288.84,207.73,496.57,81.12,29.2,TISCO,Banking,2911.1399999999994
2021-01-11,193.92,133.21,327.13,60.7,28.72,TISCO,Banking,2971.8399999999992
2021-01-12,227.16,50.8,277.96,176.36,29.48,TISCO,Banking,3148.1999999999994
2021-01-13,177.78,122.88,300.66,54.89,26.38,TISCO,Banking,3203.0899999999992
2021-01-14,604.26,436.96,1041.23,167.3,29.02,TISCO,Banking,3370.3899999999994
2021-01-15,196.32,302.79,499.12,-106.47,33.25,TISCO,Banking,3263.9199999999996
2021-01-18,83.87,82.0,165.87,1.87,19.26,TISCO,Banking,3265.7899999999995
2021-01-19,154.3,125.44,279.74,28.87,20.57,TISCO,Banking,3294.6599999999994
2021-01-20,139.26,107.76,247.02,31.5,33.65,TISCO,Banking,3326.1599999999994
2021-01-21,251.64,156.95,408.6,94.69,26.44,TISCO,Banking,3420.8499999999995
2021-01-22,561.77,303.83,865.6,257.94,23.71,TISCO,Banking,3678.7899999999995
2021-01-25,180.24,197.49,377.73,-17.25,32.71,TISCO,Banking,3661.5399999999995
2021-01-26,214.32,162.32,376.64,52.0,28.04,TISCO,Banking,3713.5399999999995
2021-01-27,156.9,128.77,285.67,28.12,27.75,TISCO,Banking,3741.6599999999994
2021-01-28,187.95,129.01,316.96,58.95,29.0,TISCO,Banking,3800.609999999999
2021-01-29,272.59,180.49,453.08,92.09,31.91,TISCO,Banking,3892.6999999999994
2021-02-01,115.69,114.29,229.98,1.4,29.25,TISCO,Banking,3894.0999999999995
2021-02-02,51.04,95.02,146.07,-43.98,22.33,TISCO,Banking,3850.1199999999994
2021-02-03,123.79,78.36,202.14,45.43,20.03,TISCO,Banking,3895.5499999999993
2021-02-04,159.16,148.64,307.8,10.52,31.19,TISCO,Banking,3906.0699999999993
2021-02-05,163.22,104.9,268.12,58.33,22.83,TISCO,Banking,3964.399999999999
2021-02-08,211.04,224.13,435.17,-13.09,26.97,TISCO,Banking,3951.309999999999
2021-02-09,81.39,100.24,181.63,-18.85,15.12,TISCO,Banking,3932.459999999999
2021-02-10,121.67,60.53,182.2,61.14,13.88,TISCO,Banking,3993.599999999999
2021-02-11,177.19,94.17,271.36,83.02,19.73,TISCO,Banking,4076.619999999999
2021-02-15,169.84,87.73,257.57,82.11,16.28,TISCO,Banking,4158.729999999999
2021-02-16,258.76,158.86,417.62,99.91,21.43,TISCO,Banking,4258.6399999999985
2021-02-17,285.83,91.01,376.84,194.82,32.94,TISCO,Banking,4453.459999999998
2021-02-18,185.58,142.2,327.77,43.38,21.8,TISCO,Banking,4496.839999999998
2021-02-19,163.16,94.72,257.88,68.44,22.49,TISCO,Banking,4565.279999999998
2021-02-22,53.31,133.37,186.68,-80.05,20.88,TISCO,Banking,4485.229999999998
2021-02-23,118.84,144.25,263.09,-25.41,35.75,TISCO,Banking,4459.819999999998
2021-02-24,72.89,152.24,225.14,-79.35,34.17,TISCO,Banking,4380.4699999999975
2021-02-25,596.85,363.92,960.77,232.94,25.36,TISCO,Banking,4613.409999999997
2021-03-01,234.98,128.9,363.88,106.08,19.62,TISCO,Banking,4719.489999999997
2021-03-02,195.95,111.49,307.44,84.47,26.76,TISCO,Banking,4803.959999999997
2021-03-03,124.76,147.15,271.91,-22.39,20.59,TISCO,Banking,4781.569999999997
2021-03-04,159.66,197.6,357.26,-37.94,28.07,TISCO,Banking,4743.629999999997
2021-03-05,254.77,217.91,472.68,36.87,23.87,TISCO,Banking,4780.499999999997
2021-03-08,72.39,145.43,217.82,-73.04,20.66,TISCO,Banking,4707.459999999997
2021-03-09,177.01,166.53,343.54,10.47,23.36,TISCO,Banking,4717.929999999998
2021-03-10,164.74,77.7,242.43,87.04,24.4,TISCO,Banking,4804.9699999999975
2021-03-11,98.21,64.84,163.05,33.37,18.38,TISCO,Banking,4838.339999999997
2021-03-12,89.26,122.45,211.71,-33.19,17.13,TISCO,Banking,4805.149999999998
2021-03-15,63.61,137.69,201.3,-74.08,24.63,TISCO,Banking,4731.069999999998
2021-03-16,64.88,95.89,160.77,-31.01,30.03,TISCO,Banking,4700.059999999998
2021-03-17,83.29,166.03,249.32,-82.74,33.37,TISCO,Banking,4617.319999999998
2021-03-18,144.75,234.9,379.65,-90.16,26.75,TISCO,Banking,4527.159999999998
2021-03-19,142.58,154.21,296.79,-11.63,32.86,TISCO,Banking,4515.529999999998
2021-03-22,121.37,143.67,265.04,-22.3,25.62,TISCO,Banking,4493.229999999998
2021-03-23,112.24,200.0,312.24,-87.76,27.34,TISCO,Banking,4405.4699999999975
2021-03-24,55.94,106.63,162.57,-50.7,25.83,TISCO,Banking,4354.769999999998
2021-03-25,108.67,115.25,223.92,-6.57,21.52,TISCO,Banking,4348.199999999998
2021-03-26,53.97,60.05,114.02,-6.08,18.77,TISCO,Banking,4342.119999999998
2021-03-29,53.88,38.93,92.82,14.95,14.78,TISCO,Banking,4357.069999999998
2021-03-30,149.55,85.19,234.74,64.36,20.36,TISCO,Banking,4421.429999999998
2021-03-31,42.12,71.07,113.19,-28.94,15.54,TISCO,Banking,4392.489999999998
2021-04-01,191.46,190.76,382.22,0.7,24.31,TISCO,Banking,4393.189999999998
2021-04-02,44.75,20.17,64.92,24.58,10.13,TISCO,Banking,4417.769999999998
2021-04-05,64.32,87.4,151.71,-23.08,21.0,TISCO,Banking,4394.689999999998
2021-04-07,167.63,44.26,211.89,123.36,17.96,TISCO,Banking,4518.049999999997
2021-04-08,327.98,298.7,626.67,29.28,20.78,TISCO,Banking,4547.329999999997
2021-04-09,87.31,55.08,142.38,32.23,14.35,TISCO,Banking,4579.559999999997
2021-04-12,88.95,123.62,212.57,-34.67,21.18,TISCO,Banking,4544.889999999997
2021-04-16,280.96,499.07,780.04,-218.11,26.57,TISCO,Banking,4326.779999999997
2021-04-19,310.32,140.31,450.63,170.02,25.57,TISCO,Banking,4496.799999999997
2021-04-20,666.51,276.97,943.48,389.54,25.96,TISCO,Banking,4886.339999999997
2021-04-21,266.83,350.14,616.97,-83.31,25.24,TISCO,Banking,4803.029999999997
2021-04-22,129.06,202.26,331.32,-73.19,22.17,TISCO,Banking,4729.839999999997
2021-04-23,105.97,237.22,343.2,-131.25,22.74,TISCO,Banking,4598.589999999997
2021-04-26,38.6,193.68,232.28,-155.08,14.8,TISCO,Banking,4443.5099999999975
2021-04-27,208.62,502.52,711.14,-293.9,26.73,TISCO,Banking,4149.609999999998
2021-04-28,336.18,733.06,1069.25,-396.88,25.27,TISCO,Banking,3752.7299999999977
2021-04-29,274.79,211.16,485.95,63.63,20.76,TISCO,Banking,3816.359999999998
2021-04-30,315.7,107.1,422.8,208.59,34.29,TISCO,Banking,4024.949999999998
2021-05-05,242.62,316.54,559.16,-73.91,23.38,TISCO,Banking,3951.039999999998
2021-05-06,121.61,135.65,257.27,-14.04,19.77,TISCO,Banking,3936.999999999998
2021-05-07,242.08,186.39,428.48,55.69,27.3,TISCO,Banking,3992.6899999999982
2021-05-10,190.67,179.6,370.26,11.07,22.97,TISCO,Banking,4003.7599999999984
2021-05-11,236.82,283.78,520.61,-46.96,32.33,TISCO,Banking,3956.7999999999984
2021-05-12,124.02,147.69,271.72,-23.67,24.53,TISCO,Banking,3933.1299999999983
2021-05-13,290.64,225.36,515.99,65.28,26.57,TISCO,Banking,3998.4099999999985
2021-05-14,147.54,166.57,314.12,-19.03,27.46,TISCO,Banking,3979.3799999999983
2021-05-17,107.13,102.2,209.33,4.93,17.73,TISCO,Banking,3984.309999999998
2021-05-18,87.04,195.02,282.06,-107.99,28.09,TISCO,Banking,3876.3199999999983
2021-05-19,97.3,156.32,253.62,-59.02,29.3,TISCO,Banking,3817.2999999999984
2021-05-20,83.88,78.56,162.44,5.32,27.79,TISCO,Banking,3822.6199999999985
2021-05-21,68.36,69.06,137.42,-0.7,22.2,TISCO,Banking,3821.9199999999987
2021-05-24,81.37,72.06,153.42,9.31,40.64,TISCO,Banking,3831.2299999999987
2021-05-25,105.37,178.93,284.3,-73.56,24.42,TISCO,Banking,3757.6699999999987
2021-05-27,92.07,226.03,318.09,-133.96,27.5,TISCO,Banking,3623.7099999999987
2021-05-28,65.19,125.44,190.63,-60.25,27.29,TISCO,Banking,3563.4599999999987
2021-05-31,74.93,37.41,112.34,37.52,27.42,TISCO,Banking,3600.9799999999987
2021-06-01,82.34,68.78,151.12,13.56,32.92,TISCO,Banking,3614.5399999999986
2021-06-02,63.39,106.88,170.27,-43.49,31.91,TISCO,Banking,3571.049999999999
2021-06-04,114.2,85.63,199.84,28.57,27.19,TISCO,Banking,3599.619999999999
2021-06-07,191.66,94.49,286.15,97.18,31.99,TISCO,Banking,3696.799999999999
2021-06-08,68.7,82.1,150.8,-13.4,23.36,TISCO,Banking,3683.3999999999987
2021-06-09,184.13,105.43,289.55,78.7,26.39,TISCO,Banking,3762.0999999999985
2021-06-10,86.36,109.46,195.82,-23.1,22.44,TISCO,Banking,3738.9999999999986
2021-06-11,153.99,167.2,321.2,-13.21,19.78,TISCO,Banking,3725.7899999999986
2021-06-14,55.76,134.13,189.89,-78.36,19.33,TISCO,Banking,3647.4299999999985
2021-06-15,76.11,149.2,225.31,-73.09,17.54,TISCO,Banking,3574.3399999999983
2021-06-16,113.54,78.94,192.48,34.6,28.63,TISCO,Banking,3608.9399999999982
2021-06-17,115.85,57.85,173.7,58.0,30.5,TISCO,Banking,3666.9399999999982
2021-06-18,380.66,216.59,597.25,164.07,42.93,TISCO,Banking,3831.0099999999984
2021-06-21,55.29,92.88,148.18,-37.59,21.76,TISCO,Banking,3793.4199999999983
2021-06-22,90.34,111.25,201.59,-20.91,29.65,TISCO,Banking,3772.5099999999984
2021-06-23,71.65,112.17,183.81,-40.52,29.54,TISCO,Banking,3731.9899999999984
2021-06-24,203.78,74.01,277.79,129.77,29.57,TISCO,Banking,3861.7599999999984
2021-06-25,83.5,42.24,125.74,41.27,36.31,TISCO,Banking,3903.0299999999984
2021-06-28,47.16,40.09,87.25,7.07,15.49,TISCO,Banking,3910.0999999999985
2021-06-29,77.24,49.02,126.26,28.22,28.92,TISCO,Banking,3938.3199999999983
2021-06-30,55.06,93.89,148.95,-38.84,27.63,TISCO,Banking,3899.479999999998
2021-07-01,500.4,241.26,741.66,259.14,24.32,TISCO,Banking,4158.619999999998
2021-07-02,78.57,184.42,262.99,-105.85,16.91,TISCO,Banking,4052.769999999998
2021-07-05,82.67,143.16,225.83,-60.49,26.99,TISCO,Banking,3992.2799999999984
2021-07-06,213.7,155.37,369.06,58.33,31.69,TISCO,Banking,4050.6099999999983
2021-07-07,220.99,137.24,358.22,83.75,43.52,TISCO,Banking,4134.359999999999
2021-07-08,146.94,244.05,390.99,-97.1,24.11,TISCO,Banking,4037.259999999999
2021-07-09,69.22,141.45,210.68,-72.23,17.86,TISCO,Banking,3965.029999999999
2021-07-12,105.43,75.18,180.6,30.25,18.24,TISCO,Banking,3995.279999999999
2021-07-13,43.04,95.48,138.52,-52.45,12.14,TISCO,Banking,3942.829999999999
2021-07-14,77.34,106.87,184.21,-29.53,25.57,TISCO,Banking,3913.299999999999
2021-07-15,490.23,342.71,832.94,147.52,25.04,TISCO,Banking,4060.819999999999
2021-07-16,83.08,176.84,259.92,-93.76,29.61,TISCO,Banking,3967.0599999999986
2021-07-19,74.74,170.2,244.94,-95.45,28.76,TISCO,Banking,3871.6099999999988
2021-07-20,69.23,139.82,209.04,-70.59,22.71,TISCO,Banking,3801.0199999999986
2021-07-21,66.41,113.49,179.9,-47.07,17.12,TISCO,Banking,3753.9499999999985
2021-07-22,94.57,44.61,139.18,49.96,23.3,TISCO,Banking,3803.9099999999985
2021-07-23,130.17,90.33,220.5,39.85,43.07,TISCO,Banking,3843.7599999999984
2021-07-27,104.16,134.64,238.8,-30.48,40.93,TISCO,Banking,3813.2799999999984
2021-07-29,47.51,108.04,155.55,-60.53,20.14,TISCO,Banking,3752.749999999998
2021-07-30,161.84,162.04,323.88,-0.2,51.56,TISCO,Banking,3752.5499999999984
2021-08-02,66.67,70.23,136.89,-3.56,39.69,TISCO,Banking,3748.9899999999984
2021-08-03,78.82,57.77,136.59,21.05,19.25,TISCO,Banking,3770.0399999999986
2021-08-04,96.41,65.98,162.39,30.44,42.89,TISCO,Banking,3800.4799999999987
2021-08-05,73.73,70.98,144.71,2.75,24.25,TISCO,Banking,3803.2299999999987
2021-08-06,54.76,62.32,117.08,-7.57,22.32,TISCO,Banking,3795.6599999999985
2021-08-09,143.02,51.79,194.81,91.23,35.98,TISCO,Banking,3886.8899999999985
2021-08-10,45.99,46.92,92.9,-0.93,27.38,TISCO,Banking,3885.9599999999987
2021-08-11,90.23,53.59,143.82,36.64,42.41,TISCO,Banking,3922.5999999999985
2021-08-13,69.12,53.51,122.62,15.61,36.94,TISCO,Banking,3938.2099999999987
2021-08-16,66.28,41.32,107.6,24.97,29.03,TISCO,Banking,3963.1799999999985
2021-08-17,103.02,107.76,210.78,-4.74,28.25,TISCO,Banking,3958.4399999999987
2021-08-18,60.41,54.27,114.68,6.14,34.02,TISCO,Banking,3964.5799999999986
2021-08-19,58.77,52.34,111.11,6.43,25.46,TISCO,Banking,3971.0099999999984
2021-08-20,202.94,79.5,282.44,123.44,19.95,TISCO,Banking,4094.4499999999985
2021-08-23,256.33,93.71,350.04,162.62,22.88,TISCO,Banking,4257.069999999999
2021-08-24,148.94,108.53,257.47,40.42,24.7,TISCO,Banking,4297.489999999999
2021-08-25,178.69,109.18,287.87,69.51,20.54,TISCO,Banking,4366.999999999999
2021-08-26,102.37,74.59,176.96,27.78,26.76,TISCO,Banking,4394.779999999999
2021-08-27,242.57,49.14,291.71,193.43,26.37,TISCO,Banking,4588.209999999999
2021-08-30,223.44,79.39,302.83,144.05,24.84,TISCO,Banking,4732.259999999999
2021-08-31,68.56,114.45,183.01,-45.89,35.38,TISCO,Banking,4686.369999999999
2021-09-01,135.89,75.85,211.74,60.04,31.31,TISCO,Banking,4746.409999999999
2021-09-02,110.81,51.98,162.79,58.84,31.42,TISCO,Banking,4805.249999999999
2021-09-03,114.54,69.81,184.35,44.73,26.68,TISCO,Banking,4849.979999999999
2021-09-06,74.8,76.05,150.84,-1.25,28.85,TISCO,Banking,4848.729999999999
2021-09-07,79.29,96.74,176.02,-17.45,36.01,TISCO,Banking,4831.279999999999
2021-09-08,44.33,85.83,130.15,-41.5,33.78,TISCO,Banking,4789.779999999999
2021-09-09,72.86,123.12,195.98,-50.25,31.88,TISCO,Banking,4739.529999999999
2021-09-10,96.52,60.59,157.11,35.93,32.77,TISCO,Banking,4775.459999999999
2021-09-13,54.35,57.05,111.4,-2.71,36.75,TISCO,Banking,4772.749999999999
2021-09-14,65.42,52.17,117.59,13.24,34.05,TISCO,Banking,4785.989999999999
2021-09-15,55.04,36.49,91.53,18.54,28.52,TISCO,Banking,4804.529999999999
2021-09-16,163.51,29.71,193.21,133.8,30.21,TISCO,Banking,4938.329999999999
2021-09-17,155.83,103.53,259.36,52.29,28.07,TISCO,Banking,4990.619999999999
2021-09-20,117.53,94.79,212.32,22.73,25.56,TISCO,Banking,5013.3499999999985
2021-09-21,240.82,141.12,381.94,99.7,17.3,TISCO,Banking,5113.049999999998
2021-09-22,154.72,191.82,346.54,-37.1,22.68,TISCO,Banking,5075.949999999998
2021-09-23,133.25,67.41,200.66,65.84,32.18,TISCO,Banking,5141.789999999998
2021-09-27,177.51,95.7,273.21,81.81,26.64,TISCO,Banking,5223.5999999999985
2021-09-28,61.51,78.39,139.9,-16.87,34.05,TISCO,Banking,5206.729999999999
2021-09-29,159.76,134.34,294.1,25.42,29.44,TISCO,Banking,5232.149999999999
2021-09-30,112.41,77.53,189.94,34.88,34.13,TISCO,Banking,5267.029999999999
2021-10-01,70.46,57.7,128.16,12.77,38.1,TISCO,Banking,5279.799999999999
2021-10-04,47.22,32.36,79.57,14.86,45.74,TISCO,Banking,5294.659999999999
2021-10-05,72.11,88.27,160.38,-16.16,42.18,TISCO,Banking,5278.499999999999
2021-10-06,41.86,92.19,134.05,-50.33,42.58,TISCO,Banking,5228.169999999999
2021-10-07,112.44,100.28,212.73,12.16,38.1,TISCO,Banking,5240.329999999999
2021-10-08,163.41,98.77,262.18,64.64,26.06,TISCO,Banking,5304.969999999999
2021-10-11,71.7,76.66,148.36,-4.96,21.64,TISCO,Banking,5300.009999999999
2021-10-12,149.49,110.27,259.75,39.22,50.04,TISCO,Banking,5339.23
2021-10-14,84.91,74.79,159.71,10.12,31.93,TISCO,Banking,5349.349999999999
2021-10-15,280.33,147.76,428.09,132.57,37.91,TISCO,Banking,5481.919999999999
2021-10-18,62.63,58.51,121.14,4.12,28.96,TISCO,Banking,5486.039999999999
2021-10-19,156.3,232.45,388.75,-76.16,26.61,TISCO,Banking,5409.879999999999
2021-10-20,141.11,102.62,243.72,38.49,27.06,TISCO,Banking,5448.369999999999
2021-10-21,317.25,290.76,608.02,26.49,50.8,TISCO,Banking,5474.859999999999
2021-10-25,84.49,39.48,123.97,45.01,21.66,TISCO,Banking,5519.869999999999
2021-10-26,122.04,138.61,260.65,-16.57,29.04,TISCO,Banking,5503.299999999999
2021-10-27,72.28,35.78,108.06,36.5,22.29,TISCO,Banking,5539.799999999999
2021-10-28,144.84,78.26,223.1,66.57,20.96,TISCO,Banking,5606.369999999999
2021-10-29,92.62,62.77,155.39,29.85,28.74,TISCO,Banking,5636.219999999999
2021-11-01,62.59,32.97,95.56,29.62,37.3,TISCO,Banking,5665.839999999999
2021-11-02,143.83,128.57,272.4,15.26,19.25,TISCO,Banking,5681.099999999999
2021-11-03,35.58,33.31,68.9,2.27,18.55,TISCO,Banking,5683.37
2021-11-04,154.86,116.93,271.79,37.93,23.94,TISCO,Banking,5721.3
2021-11-05,54.69,56.81,111.5,-2.12,25.83,TISCO,Banking,5719.18
2021-11-08,65.25,30.09,95.34,35.15,25.51,TISCO,Banking,5754.33
2021-11-09,111.6,99.52,211.12,12.07,38.09,TISCO,Banking,5766.4
2021-11-10,59.5,50.11,109.61,9.39,33.63,TISCO,Banking,5775.79
2021-11-11,73.11,43.01,116.13,30.1,23.84,TISCO,Banking,5805.89
2021-11-12,32.58,14.38,46.97,18.2,14.75,TISCO,Banking,5824.09
2021-11-15,118.83,73.98,192.8,44.85,21.38,TISCO,Banking,5868.9400000000005
2021-11-16,88.67,100.51,189.19,-11.84,26.06,TISCO,Banking,5857.1
2021-11-17,77.2,63.3,140.5,13.9,19.13,TISCO,Banking,5871.0
2021-11-18,63.4,35.76,99.16,27.65,18.9,TISCO,Banking,5898.65
2021-11-19,35.78,108.85,144.62,-73.07,29.71,TISCO,Banking,5825.58
2021-11-22,32.06,54.97,87.03,-22.9,27.86,TISCO,Banking,5802.68
2021-11-23,26.4,86.84,113.24,-60.44,24.96,TISCO,Banking,5742.240000000001
2021-11-24,150.83,124.24,275.07,26.59,22.43,TISCO,Banking,5768.830000000001
2021-11-25,150.56,236.42,386.98,-85.86,23.69,TISCO,Banking,5682.970000000001
2021-11-26,105.07,260.59,365.66,-155.52,18.19,TISCO,Banking,5527.450000000001
2021-11-29,95.8,156.53,252.33,-60.73,23.77,TISCO,Banking,5466.720000000001
2021-11-30,193.0,225.63,418.63,-32.64,26.92,TISCO,Banking,5434.080000000001
2021-12-01,151.6,132.56,284.15,19.04,36.81,TISCO,Banking,5453.120000000001
2021-12-02,20.11,36.04,56.14,-15.93,18.7,TISCO,Banking,5437.1900000000005
2021-12-03,109.47,65.48,174.95,43.99,39.98,TISCO,Banking,5481.18
2021-12-07,136.1,81.12,217.22,54.97,26.91,TISCO,Banking,5536.150000000001
2021-12-08,59.08,64.78,123.86,-5.7,24.21,TISCO,Banking,5530.450000000001
2021-12-09,60.56,53.03,113.58,7.53,23.44,TISCO,Banking,5537.9800000000005
2021-12-13,135.89,60.11,196.0,75.79,27.98,TISCO,Banking,5613.77
2021-12-14,164.55,88.93,253.48,75.62,30.4,TISCO,Banking,5689.39
2021-12-15,105.41,30.02,135.43,75.4,21.32,TISCO,Banking,5764.79
2021-12-16,148.64,55.24,203.88,93.4,22.78,TISCO,Banking,5858.19
2021-12-17,66.65,102.56,169.21,-35.91,31.29,TISCO,Banking,5822.28
2021-12-20,137.51,84.02,221.53,53.48,30.3,TISCO,Banking,5875.759999999999
2021-12-21,66.43,65.46,131.89,0.96,18.37,TISCO,Banking,5876.719999999999
2021-12-22,96.66,71.88,168.54,24.78,24.82,TISCO,Banking,5901.499999999999
2021-12-23,77.78,79.82,157.6,-2.05,17.6,TISCO,Banking,5899.449999999999
2021-12-24,45.1,34.28,79.38,10.82,29.62,TISCO,Banking,5910.269999999999
2021-12-27,60.92,66.01,126.93,-5.1,22.58,TISCO,Banking,5905.169999999998
2021-12-28,140.39,53.82,194.21,86.57,23.68,TISCO,Banking,5991.739999999998
2021-12-29,209.28,135.14,344.42,74.13,29.4,TISCO,Banking,6065.869999999998
2021-12-30,55.96,68.15,124.11,-12.18,22.36,TISCO,Banking,6053.689999999998
2022-01-04,234.28,177.74,412.03,56.54,20.12,TISCO,Banking,6110.229999999998
2022-01-05,133.69,134.55,268.24,-0.86,19.22,TISCO,Banking,6109.369999999998
2022-01-06,157.82,109.95,267.77,47.86,19.93,TISCO,Banking,6157.229999999998
2022-01-07,300.26,156.08,456.33,144.18,20.94,TISCO,Banking,6301.409999999998
2022-01-10,152.56,74.4,226.97,78.16,27.97,TISCO,Banking,6379.569999999998
2022-01-11,85.02,35.77,120.79,49.25,28.18,TISCO,Banking,6428.819999999998
2022-01-12,92.9,47.65,140.55,45.25,23.69,TISCO,Banking,6474.069999999998
2022-01-13,126.05,79.02,205.07,47.03,21.72,TISCO,Banking,6521.099999999998
2022-01-14,353.88,181.59,535.46,172.29,27.5,TISCO,Banking,6693.389999999998
2022-01-17,81.93,160.21,242.14,-78.29,27.51,TISCO,Banking,6615.099999999998
2022-01-18,100.5,144.26,244.77,-43.76,33.77,TISCO,Banking,6571.339999999997
2022-01-19,162.96,417.11,580.07,-254.15,37.19,TISCO,Banking,6317.189999999998
2022-01-20,103.31,168.68,271.99,-65.37,39.39,TISCO,Banking,6251.819999999998
2022-01-21,181.65,252.13,433.78,-70.48,41.51,TISCO,Banking,6181.339999999998
2022-01-24,205.61,143.42,349.03,62.2,38.69,TISCO,Banking,6243.539999999998
2022-01-25,110.43,175.48,285.91,-65.05,25.0,TISCO,Banking,6178.489999999998
2022-01-26,250.73,144.27,395.0,106.46,22.92,TISCO,Banking,6284.949999999998
2022-01-27,166.46,123.07,289.53,43.38,24.93,TISCO,Banking,6328.329999999998
2022-01-28,122.85,148.57,271.42,-25.72,25.83,TISCO,Banking,6302.609999999998
2022-01-31,170.62,40.56,211.18,130.06,27.24,TISCO,Banking,6432.669999999998
2022-02-01,54.56,89.68,144.24,-35.12,26.58,TISCO,Banking,6397.549999999998
2022-02-02,118.62,44.43,163.05,74.19,27.59,TISCO,Banking,6471.739999999998
2022-02-03,50.88,68.32,119.2,-17.44,16.03,TISCO,Banking,6454.299999999998
2022-02-04,130.74,71.08,201.82,59.66,33.71,TISCO,Banking,6513.959999999998
2022-02-07,147.12,48.54,195.66,98.58,20.73,TISCO,Banking,6612.539999999998
2022-02-08,107.5,73.91,181.41,33.6,17.31,TISCO,Banking,6646.1399999999985
2022-02-09,600.51,296.73,897.24,303.78,31.8,TISCO,Banking,6949.919999999998
2022-02-10,338.75,227.71,566.46,111.04,25.1,TISCO,Banking,7060.959999999998
2022-02-11,156.86,103.19,260.05,53.66,26.73,TISCO,Banking,7114.619999999998
2022-02-14,138.71,173.5,312.21,-34.79,39.03,TISCO,Banking,7079.829999999998
2022-02-15,108.15,159.9,268.05,-51.75,23.29,TISCO,Banking,7028.079999999998
2022-02-17,149.8,416.47,566.27,-266.67,25.85,TISCO,Banking,6761.409999999998
2022-02-18,56.52,276.17,332.69,-219.65,20.9,TISCO,Banking,6541.759999999998
2022-02-21,91.57,144.97,236.55,-53.4,32.94,TISCO,Banking,6488.359999999999
2022-02-22,125.65,462.05,587.7,-336.41,32.94,TISCO,Banking,6151.949999999999
2022-02-23,71.09,69.51,140.59,1.58,24.53,TISCO,Banking,6153.529999999999
2022-02-24,79.54,334.5,414.04,-254.96,24.02,TISCO,Banking,5898.569999999999
2022-02-25,94.59,214.93,309.52,-120.33,42.11,TISCO,Banking,5778.239999999999
2022-02-28,127.26,177.69,304.95,-50.43,26.48,TISCO,Banking,5727.809999999999
2022-03-01,98.51,280.19,378.71,-181.68,22.12,TISCO,Banking,5546.129999999998
2022-03-02,126.82,184.42,311.24,-57.61,29.2,TISCO,Banking,5488.519999999999
2022-03-03,107.77,62.31,170.09,45.46,22.39,TISCO,Banking,5533.979999999999
2022-03-04,158.32,145.93,304.26,12.39,26.62,TISCO,Banking,5546.369999999999
2022-03-07,109.36,474.88,584.25,-365.52,24.06,TISCO,Banking,5180.8499999999985
2022-03-08,254.09,413.96,668.04,-159.87,25.11,TISCO,Banking,5020.979999999999
2022-03-09,208.26,215.2,423.46,-6.94,24.8,TISCO,Banking,5014.039999999999
2022-03-10,185.64,191.04,376.68,-5.4,34.69,TISCO,Banking,5008.639999999999
2022-03-11,127.72,232.14,359.86,-104.42,38.17,TISCO,Banking,4904.219999999999
2022-03-14,158.28,180.34,338.62,-22.05,39.86,TISCO,Banking,4882.169999999999
2022-03-15,369.61,209.61,579.22,159.99,36.03,TISCO,Banking,5042.159999999999
2022-03-16,288.05,158.71,446.75,129.34,23.89,TISCO,Banking,5171.499999999999
2022-03-17,395.39,72.51,467.9,322.87,22.83,TISCO,Banking,5494.369999999999
2022-03-18,346.13,263.29,609.41,82.84,39.64,TISCO,Banking,5577.209999999999
2022-03-21,65.34,109.26,174.59,-43.92,27.03,TISCO,Banking,5533.289999999999
2022-03-22,110.34,162.72,273.06,-52.39,27.12,TISCO,Banking,5480.899999999999
2022-03-23,70.86,61.27,132.14,9.59,22.75,TISCO,Banking,5490.489999999999
2022-03-24,67.11,89.24,156.35,-22.14,27.45,TISCO,Banking,5468.3499999999985
2022-03-25,67.32,54.31,121.64,13.01,20.13,TISCO,Banking,5481.359999999999
2022-03-28,31.74,41.4,73.14,-9.67,19.09,TISCO,Banking,5471.689999999999
2022-03-29,96.21,90.16,186.38,6.05,26.44,TISCO,Banking,5477.739999999999
2022-03-30,47.81,124.61,172.43,-76.8,22.95,TISCO,Banking,5400.939999999999
2022-03-31,33.67,44.9,78.57,-11.23,31.37,TISCO,Banking,5389.709999999999
2022-04-01,26.26,29.51,55.76,-3.25,20.6,TISCO,Banking,5386.459999999999
2022-04-04,45.99,60.34,106.33,-14.34,22.81,TISCO,Banking,5372.119999999999
2022-04-05,88.77,71.32,160.08,17.45,30.72,TISCO,Banking,5389.569999999999
2022-04-07,34.07,94.99,129.07,-60.92,15.34,TISCO,Banking,5328.649999999999
2022-04-08,19.81,45.75,65.57,-25.94,12.45,TISCO,Banking,5302.709999999999
2022-04-11,89.55,102.38,191.93,-12.83,23.0,TISCO,Banking,5289.879999999999
2022-04-12,46.38,123.14,169.52,-76.76,21.8,TISCO,Banking,5213.119999999999
2022-04-18,58.36,60.06,118.42,-1.7,13.25,TISCO,Banking,5211.419999999999
2022-04-19,171.07,144.71,315.78,26.36,29.7,TISCO,Banking,5237.779999999999
2022-04-20,78.13,13.71,91.84,64.42,8.72,TISCO,Banking,5302.199999999999
2022-04-21,225.7,68.26,293.96,157.44,25.94,TISCO,Banking,5459.6399999999985
2022-04-22,42.4,56.68,99.08,-14.29,13.73,TISCO,Banking,5445.3499999999985
2022-04-25,110.86,94.35,205.2,16.51,15.45,TISCO,Banking,5461.859999999999
2022-04-26,192.15,132.47,324.62,59.68,21.86,TISCO,Banking,5521.539999999999
2022-04-27,147.44,383.82,531.26,-236.38,21.85,TISCO,Banking,5285.159999999999
2022-04-28,246.56,208.94,455.51,37.62,16.57,TISCO,Banking,5322.779999999999
2022-04-29,170.6,452.38,622.98,-281.79,24.6,TISCO,Banking,5040.989999999999
2022-05-03,323.9,295.48,619.38,28.42,37.34,TISCO,Banking,5069.409999999999
2022-05-05,111.64,126.45,238.09,-14.81,28.81,TISCO,Banking,5054.5999999999985
2022-05-06,79.97,71.34,151.31,8.63,18.39,TISCO,Banking,5063.229999999999
2022-05-09,109.63,94.63,204.26,15.01,21.01,TISCO,Banking,5078.239999999999
2022-05-10,197.85,131.79,329.64,66.06,30.78,TISCO,Banking,5144.299999999999
2022-05-11,109.03,123.01,232.04,-13.98,22.12,TISCO,Banking,5130.32
2022-05-12,195.77,230.42,426.19,-34.66,34.91,TISCO,Banking,5095.66
2022-05-13,119.13,136.38,255.5,-17.25,35.1,TISCO,Banking,5078.41
2022-05-17,166.06,160.87,326.93,5.18,31.01,TISCO,Banking,5083.59
2022-05-18,146.42,77.9,224.32,68.51,27.66,TISCO,Banking,5152.1
2022-05-19,85.27,101.87,187.14,-16.59,33.08,TISCO,Banking,5135.51
2022-05-20,95.62,56.84,152.46,38.78,24.21,TISCO,Banking,5174.29
2022-05-23,91.8,30.02,121.82,61.78,27.35,TISCO,Banking,5236.07
2022-05-24,85.45,65.96,151.42,19.49,39.76,TISCO,Banking,5255.5599999999995
2022-05-25,72.79,75.56,148.35,-2.77,31.27,TISCO,Banking,5252.789999999999
2022-05-26,97.58,56.94,154.52,40.64,30.13,TISCO,Banking,5293.429999999999
2022-05-27,235.52,56.32,291.84,179.2,27.78,TISCO,Banking,5472.629999999999
2022-05-30,450.86,129.25,580.11,321.6,31.55,TISCO,Banking,5794.23
2022-05-31,129.23,126.05,255.28,3.18,39.07,TISCO,Banking,5797.41
2022-06-01,75.17,74.74,149.91,0.43,37.18,TISCO,Banking,5797.84
2022-06-02,97.39,71.83,169.22,25.57,30.77,TISCO,Banking,5823.41
2022-06-06,49.15,57.77,106.92,-8.62,32.55,TISCO,Banking,5814.79
2022-06-07,53.2,126.55,179.74,-73.35,40.07,TISCO,Banking,5741.44
2022-06-08,91.19,208.08,299.27,-116.89,40.57,TISCO,Banking,5624.549999999999
2022-06-09,232.64,170.25,402.89,62.39,30.23,TISCO,Banking,5686.94
2022-06-10,93.22,159.01,252.23,-65.79,25.8,TISCO,Banking,5621.15
2022-06-13,83.82,137.81,221.63,-54.0,26.38,TISCO,Banking,5567.15
2022-06-14,163.01,110.8,273.81,52.22,39.89,TISCO,Banking,5619.37
2022-06-15,183.59,119.23,302.82,64.36,37.58,TISCO,Banking,5683.73
2022-06-16,157.3,154.64,311.95,2.66,39.59,TISCO,Banking,5686.389999999999
2022-06-17,248.58,220.56,469.15,28.02,45.86,TISCO,Banking,5714.41
2022-06-20,41.94,93.58,135.52,-51.64,33.5,TISCO,Banking,5662.7699999999995
2022-06-21,75.51,111.71,187.22,-36.19,31.93,TISCO,Banking,5626.58
2022-06-22,84.09,185.71,269.8,-101.63,31.97,TISCO,Banking,5524.95
2022-06-23,46.84,122.04,168.88,-75.2,28.55,TISCO,Banking,5449.75
2022-06-24,39.68,80.43,120.11,-40.75,25.15,TISCO,Banking,5409.0
2022-06-27,76.72,82.5,159.22,-5.78,28.8,TISCO,Banking,5403.22
2022-06-28,12.41,67.73,80.14,-55.31,28.97,TISCO,Banking,5347.91
2022-06-29,88.04,94.91,182.95,-6.87,28.63,TISCO,Banking,5341.04
2022-06-30,60.07,94.13,154.21,-34.06,25.33,TISCO,Banking,5306.98
2022-07-01,33.45,21.15,54.6,12.31,15.65,TISCO,Banking,5319.29
2022-07-04,88.8,75.01,163.81,13.79,23.49,TISCO,Banking,5333.08
2022-07-05,24.81,92.23,117.04,-67.42,18.89,TISCO,Banking,5265.66
2022-07-06,181.84,197.75,379.59,-15.91,41.63,TISCO,Banking,5249.75
2022-07-07,97.12,196.88,294.0,-99.75,32.45,TISCO,Banking,5150.0
2022-07-08,77.67,90.01,167.68,-12.34,23.61,TISCO,Banking,5137.66
2022-07-11,142.31,162.22,304.53,-19.91,45.23,TISCO,Banking,5117.75
2022-07-12,70.96,88.47,159.42,-17.51,39.4,TISCO,Banking,5100.24
2022-07-14,67.08,169.82,236.9,-102.73,23.91,TISCO,Banking,4997.51
2022-07-15,92.18,187.57,279.75,-95.39,38.35,TISCO,Banking,4902.12
2022-07-18,186.87,209.96,396.83,-23.09,40.84,TISCO,Banking,4879.03
2022-07-19,167.77,275.09,442.86,-107.32,40.89,TISCO,Banking,4771.71
2022-07-20,69.01,118.3,187.31,-49.29,39.77,TISCO,Banking,4722.42
2022-07-21,154.95,108.22,263.17,46.74,24.37,TISCO,Banking,4769.16
2022-07-22,71.26,58.14,129.4,13.12,25.11,TISCO,Banking,4782.28
2022-07-25,82.18,68.42,150.61,13.76,26.01,TISCO,Banking,4796.04
2022-07-26,160.6,91.96,252.56,68.63,34.5,TISCO,Banking,4864.67
2022-07-27,85.86,91.53,177.39,-5.66,33.03,TISCO,Banking,4859.01
2022-08-01,116.24,94.65,210.89,21.6,29.54,TISCO,Banking,4880.610000000001
2022-08-02,98.38,99.24,197.62,-0.85,34.7,TISCO,Banking,4879.76
2022-08-03,23.48,33.47,56.95,-9.99,18.1,TISCO,Banking,4869.77
2022-08-04,64.81,39.3,104.11,25.51,22.21,TISCO,Banking,4895.280000000001
2022-08-05,96.94,37.18,134.11,59.76,23.08,TISCO,Banking,4955.040000000001
2022-08-08,148.89,88.86,237.75,60.03,34.62,TISCO,Banking,5015.070000000001
2022-08-09,100.13,30.11,130.23,70.02,24.52,TISCO,Banking,5085.090000000001
2022-08-10,72.76,111.88,184.64,-39.13,19.93,TISCO,Banking,5045.960000000001
2022-08-11,52.38,88.88,141.27,-36.5,22.33,TISCO,Banking,5009.460000000001
2022-08-15,108.71,98.12,206.83,10.59,27.16,TISCO,Banking,5020.050000000001
2022-08-16,74.43,157.92,232.35,-83.5,31.43,TISCO,Banking,4936.550000000001
2022-08-17,73.77,70.79,144.56,2.98,21.98,TISCO,Banking,4939.530000000001
2022-08-18,105.78,99.2,204.98,6.58,28.84,TISCO,Banking,4946.110000000001
2022-08-19,156.97,149.77,306.75,7.2,39.85,TISCO,Banking,4953.31
2022-08-22,115.87,120.19,236.06,-4.32,38.23,TISCO,Banking,4948.990000000001
2022-08-23,141.67,63.23,204.9,78.44,26.57,TISCO,Banking,5027.43
2022-08-24,158.38,94.88,253.26,63.5,30.69,TISCO,Banking,5090.93
2022-08-25,52.75,47.44,100.2,5.31,39.64,TISCO,Banking,5096.240000000001
2022-08-26,108.31,66.03,174.33,42.28,34.08,TISCO,Banking,5138.52
2022-08-29,94.36,28.66,123.03,65.7,22.6,TISCO,Banking,5204.22
2022-08-30,76.67,55.59,132.26,21.08,28.28,TISCO,Banking,5225.3
2022-08-31,54.44,111.89,166.33,-57.44,27.24,TISCO,Banking,5167.860000000001
2022-09-01,100.9,79.46,180.35,21.44,33.65,TISCO,Banking,5189.3
2022-09-02,76.83,47.32,124.15,29.51,26.36,TISCO,Banking,5218.81
2022-09-05,41.78,33.32,75.1,8.45,19.59,TISCO,Banking,5227.26
2022-09-06,34.63,53.36,87.99,-18.72,31.52,TISCO,Banking,5208.54
2022-09-07,115.48,92.68,208.16,22.8,45.95,TISCO,Banking,5231.34
2022-09-08,32.77,51.06,83.82,-18.29,22.63,TISCO,Banking,5213.05
2022-09-09,40.56,22.69,63.25,17.87,22.12,TISCO,Banking,5230.92
2022-09-12,128.14,61.65,189.79,66.48,31.7,TISCO,Banking,5297.4
2022-09-13,52.81,53.59,106.39,-0.78,33.2,TISCO,Banking,5296.62
2022-09-14,68.57,120.86,189.43,-52.3,34.75,TISCO,Banking,5244.32
2022-09-15,69.6,97.58,167.18,-27.99,30.68,TISCO,Banking,5216.33
2022-09-16,163.02,132.13,295.16,30.89,43.67,TISCO,Banking,5247.22
2022-09-19,132.58,81.67,214.25,50.91,24.47,TISCO,Banking,5298.13
2022-09-20,63.71,124.69,188.4,-60.99,32.56,TISCO,Banking,5237.14
2022-09-21,41.98,39.07,81.05,2.9,16.95,TISCO,Banking,5240.04
2022-09-22,104.52,86.94,191.46,17.58,23.8,TISCO,Banking,5257.62
2022-09-23,117.1,133.42,250.52,-16.32,35.27,TISCO,Banking,5241.3
2022-09-26,129.15,117.47,246.63,11.68,47.2,TISCO,Banking,5252.9800000000005
2022-09-27,66.2,170.42,236.62,-104.23,37.43,TISCO,Banking,5148.750000000001
2022-09-28,105.86,112.62,218.48,-6.75,32.08,TISCO,Banking,5142.000000000001
2022-09-29,67.4,106.01,173.41,-38.61,30.67,TISCO,Banking,5103.390000000001
2022-09-30,123.41,208.86,332.27,-85.45,28.32,TISCO,Banking,5017.940000000001
2022-10-03,73.32,111.26,184.58,-37.95,23.63,TISCO,Banking,4979.990000000002
2022-10-04,191.58,112.37,303.95,79.21,26.45,TISCO,Banking,5059.200000000002
2022-10-05,94.98,74.22,169.21,20.76,29.91,TISCO,Banking,5079.960000000002
2022-10-06,171.37,151.68,323.05,19.69,28.32,TISCO,Banking,5099.6500000000015
2022-10-07,134.6,105.04,239.64,29.55,33.71,TISCO,Banking,5129.200000000002
2022-10-10,61.34,64.28,125.61,-2.94,33.35,TISCO,Banking,5126.260000000002
2022-10-11,56.5,101.71,158.21,-45.2,38.31,TISCO,Banking,5081.060000000002
2022-10-12,120.06,62.63,182.7,57.43,32.85,TISCO,Banking,5138.4900000000025
2022-10-17,147.16,137.19,284.35,9.97,34.68,TISCO,Banking,5148.460000000003
2022-10-18,95.09,211.54,306.63,-116.45,34.36,TISCO,Banking,5032.010000000003
2022-10-19,120.96,38.59,159.55,82.38,29.95,TISCO,Banking,5114.390000000003
2022-10-20,371.43,202.89,574.32,168.55,49.44,TISCO,Banking,5282.940000000003
2022-10-21,111.07,86.48,197.55,24.59,30.28,TISCO,Banking,5307.530000000003
2022-10-25,109.2,44.91,154.11,64.29,30.5,TISCO,Banking,5371.820000000003
2022-10-26,45.45,38.77,84.22,6.68,23.52,TISCO,Banking,5378.500000000004
2022-10-27,92.49,56.31,148.8,36.18,32.77,TISCO,Banking,5414.680000000004
2022-10-28,120.11,139.87,259.98,-19.76,35.82,TISCO,Banking,5394.920000000004
2022-10-31,139.98,34.17,174.15,105.82,36.29,TISCO,Banking,5500.740000000003
2022-11-01,77.15,35.43,112.57,41.72,24.55,TISCO,Banking,5542.460000000004
2022-11-02,58.97,92.45,151.42,-33.47,25.37,TISCO,Banking,5508.990000000003
2022-11-03,211.33,130.67,342.0,80.66,30.75,TISCO,Banking,5589.650000000003
2022-11-04,76.01,87.9,163.92,-11.89,30.16,TISCO,Banking,5577.760000000003
2022-11-07,80.33,65.12,145.45,15.21,39.07,TISCO,Banking,5592.970000000003
2022-11-08,80.72,95.29,176.01,-14.57,32.33,TISCO,Banking,5578.400000000003
2022-11-09,99.55,114.69,214.24,-15.15,31.16,TISCO,Banking,5563.250000000004
2022-11-10,251.37,107.9,359.28,143.47,36.81,TISCO,Banking,5706.720000000004
2022-11-11,186.07,74.13,260.2,111.95,29.97,TISCO,Banking,5818.670000000004
2022-11-14,192.97,101.1,294.08,91.87,24.86,TISCO,Banking,5910.540000000004
2022-11-15,135.11,51.1,186.21,84.0,31.0,TISCO,Banking,5994.540000000004
2022-11-16,413.73,180.94,594.68,232.79,41.67,TISCO,Banking,6227.330000000004
2022-11-17,132.13,67.37,199.5,64.76,27.9,TISCO,Banking,6292.090000000004
2022-11-18,121.01,55.11,176.12,65.9,27.91,TISCO,Banking,6357.990000000003
2022-11-21,113.89,73.24,187.13,40.64,33.5,TISCO,Banking,6398.630000000004
2022-11-22,183.01,74.06,257.07,108.95,34.05,TISCO,Banking,6507.580000000004
2022-11-23,147.18,25.62,172.81,121.56,26.59,TISCO,Banking,6629.140000000004
2022-11-24,63.38,21.14,84.52,42.24,33.18,TISCO,Banking,6671.380000000004
2022-11-25,28.47,13.53,42.0,14.94,28.5,TISCO,Banking,6686.320000000003
2022-11-28,55.19,54.17,109.36,1.02,20.23,TISCO,Banking,6687.340000000004
2022-11-29,148.94,68.4,217.34,80.53,36.7,TISCO,Banking,6767.8700000000035
2022-11-30,196.89,93.53,290.42,103.36,27.95,TISCO,Banking,6871.230000000003
2022-12-01,166.97,96.01,262.99,70.96,42.28,TISCO,Banking,6942.190000000003
2022-12-02,96.02,51.87,147.89,44.15,38.85,TISCO,Banking,6986.340000000003
2022-12-06,100.55,166.53,267.08,-65.97,49.97,TISCO,Banking,6920.370000000003
2022-12-07,143.39,111.15,254.55,32.24,39.06,TISCO,Banking,6952.610000000002
2022-12-08,66.67,22.08,88.75,44.59,27.01,TISCO,Banking,6997.200000000003
2022-12-09,47.57,47.35,94.92,0.22,26.3,TISCO,Banking,6997.420000000003
2022-12-13,171.88,122.77,294.65,49.12,40.95,TISCO,Banking,7046.540000000003
2022-12-14,123.61,54.0,177.61,69.6,36.43,TISCO,Banking,7116.140000000003
2022-12-15,75.37,83.02,158.39,-7.66,21.8,TISCO,Banking,7108.480000000003
2022-12-16,151.71,101.42,253.13,50.29,35.99,TISCO,Banking,7158.770000000003
2022-12-19,148.38,71.43,219.81,76.95,38.42,TISCO,Banking,7235.720000000003
2022-12-20,51.1,49.41,100.51,1.7,32.03,TISCO,Banking,7237.420000000003
2022-12-21,123.89,45.06,168.94,78.83,24.38,TISCO,Banking,7316.250000000003
2022-12-22,64.65,66.33,130.98,-1.68,20.95,TISCO,Banking,7314.570000000002
2022-12-23,32.38,31.12,63.49,1.26,21.49,TISCO,Banking,7315.830000000003
2022-12-26,63.09,43.41,106.5,19.68,34.52,TISCO,Banking,7335.510000000003
2022-12-27,48.78,59.35,108.13,-10.58,22.81,TISCO,Banking,7324.930000000003
2022-12-28,72.89,48.81,121.7,24.07,27.19,TISCO,Banking,7349.000000000003
2022-12-29,107.89,79.74,187.63,28.15,28.86,TISCO,Banking,7377.150000000002
2022-12-30,134.2,121.06,255.27,13.14,28.67,TISCO,Banking,7390.290000000003
2023-01-03,62.75,70.17,132.92,-7.42,36.53,TISCO,Banking,7382.870000000003
2023-01-04,193.18,46.45,239.63,146.73,36.5,TISCO,Banking,7529.600000000002
2023-01-05,42.75,52.78,95.52,-10.03,19.33,TISCO,Banking,7519.570000000002
2023-01-06,239.3,40.08,279.38,199.22,19.72,TISCO,Banking,7718.790000000003
2023-01-09,223.81,124.88,348.7,98.93,26.9,TISCO,Banking,7817.720000000003
2023-01-10,171.69,88.84,260.53,82.84,17.91,TISCO,Banking,7900.560000000003
2023-01-11,95.97,112.49,208.45,-16.52,18.69,TISCO,Banking,7884.040000000003
2023-01-12,193.22,95.21,288.43,98.01,31.17,TISCO,Banking,7982.050000000003
2023-01-13,201.85,258.64,460.5,-56.79,31.43,TISCO,Banking,7925.260000000003
2023-01-16,93.67,159.12,252.79,-65.45,19.72,TISCO,Banking,7859.810000000003
2023-01-17,137.87,66.04,203.91,71.83,23.75,TISCO,Banking,7931.640000000003
2023-01-18,173.69,111.75,285.44,61.95,27.64,TISCO,Banking,7993.590000000003
2023-01-19,52.32,65.2,117.52,-12.88,25.84,TISCO,Banking,7980.710000000003
2023-01-20,107.64,271.01,378.64,-163.37,26.57,TISCO,Banking,7817.340000000003
2023-01-23,5.57,50.21,55.79,-44.64,9.33,TISCO,Banking,7772.700000000003
2023-01-24,58.96,35.89,94.85,23.07,22.4,TISCO,Banking,7795.770000000002
2023-01-25,81.59,31.88,113.46,49.71,22.65,TISCO,Banking,7845.480000000002
2023-01-26,89.21,37.08,126.3,52.13,21.88,TISCO,Banking,7897.610000000002
2023-01-27,22.38,18.08,40.46,4.31,12.0,TISCO,Banking,7901.920000000003
2023-01-30,19.38,9.35,28.72,10.03,16.53,TISCO,Banking,7911.950000000003
2023-01-31,53.47,103.87,157.34,-50.4,22.86,TISCO,Banking,7861.550000000003
2023-02-01,53.05,53.24,106.29,-0.19,21.27,TISCO,Banking,7861.360000000003
2023-02-02,30.47,106.34,136.81,-75.88,22.95,TISCO,Banking,7785.480000000003
2023-02-03,18.97,76.74,95.7,-57.77,32.15,TISCO,Banking,7727.710000000003
2023-02-06,72.19,67.84,140.03,4.34,23.36,TISCO,Banking,7732.050000000003
2023-02-07,104.19,119.6,223.8,-15.41,29.04,TISCO,Banking,7716.640000000003
2023-02-08,24.26,120.73,144.99,-96.47,22.59,TISCO,Banking,7620.170000000003
2023-02-09,32.75,39.34,72.09,-6.59,27.94,TISCO,Banking,7613.580000000003
2023-02-10,33.58,35.16,68.74,-1.58,32.94,TISCO,Banking,7612.000000000003
2023-02-13,52.61,36.31,88.93,16.3,32.41,TISCO,Banking,7628.300000000003
2023-02-14,44.81,51.5,96.31,-6.69,26.98,TISCO,Banking,7621.610000000003
2023-02-15,25.95,55.82,81.77,-29.86,17.33,TISCO,Banking,7591.750000000004
2023-02-16,160.04,80.61,240.65,79.43,26.46,TISCO,Banking,7671.180000000004
2023-02-17,64.66,28.78,93.44,35.88,19.71,TISCO,Banking,7707.060000000004
2023-02-20,80.78,27.93,108.7,52.85,15.38,TISCO,Banking,7759.910000000004
2023-02-21,60.46,29.39,89.86,31.07,23.46,TISCO,Banking,7790.980000000004
2023-02-22,97.62,62.98,160.6,34.64,11.36,TISCO,Banking,7825.620000000004
2023-02-23,69.95,112.61,182.56,-42.66,24.81,TISCO,Banking,7782.960000000005
2023-02-24,71.31,58.89,130.2,12.42,18.62,TISCO,Banking,7795.380000000005
2023-02-27,63.47,68.47,131.93,-5.0,17.18,TISCO,Banking,7790.380000000005
2023-02-28,528.77,309.05,837.82,219.72,53.68,TISCO,Banking,8010.100000000005
2023-03-01,122.3,235.54,357.84,-113.24,36.14,TISCO,Banking,7896.860000000005
2023-03-02,29.13,52.35,81.48,-23.21,15.3,TISCO,Banking,7873.650000000005
2023-03-03,21.74,48.97,70.71,-27.23,22.36,TISCO,Banking,7846.4200000000055
2023-03-07,55.67,130.99,186.66,-75.32,30.75,TISCO,Banking,7771.100000000006
2023-03-08,57.63,77.16,134.79,-19.53,19.86,TISCO,Banking,7751.570000000006
2023-03-09,81.89,145.23,227.12,-63.34,35.19,TISCO,Banking,7688.230000000006
2023-03-10,126.26,244.02,370.27,-117.76,44.6,TISCO,Banking,7570.470000000006
2023-03-13,88.06,226.1,314.15,-138.04,24.12,TISCO,Banking,7432.430000000006
2023-03-14,212.15,534.85,747.01,-322.7,26.79,TISCO,Banking,7109.730000000006
2023-03-15,88.77,68.58,157.35,20.19,20.35,TISCO,Banking,7129.9200000000055
2023-03-16,129.81,97.71,227.52,32.11,22.05,TISCO,Banking,7162.030000000005
2023-03-17,220.78,236.48,457.26,-15.7,52.83,TISCO,Banking,7146.330000000005
2023-03-20,63.66,176.47,240.13,-112.81,26.69,TISCO,Banking,7033.520000000005
2023-03-21,68.75,105.43,174.19,-36.68,28.51,TISCO,Banking,6996.840000000005
2023-03-22,56.6,51.24,107.84,5.36,26.19,TISCO,Banking,7002.200000000004
2023-03-23,86.45,48.22,134.68,38.23,30.46,TISCO,Banking,7040.430000000004
2023-03-24,92.61,51.88,144.49,40.73,26.61,TISCO,Banking,7081.1600000000035
2023-03-27,45.26,59.05,104.32,-13.79,22.16,TISCO,Banking,7067.3700000000035
2023-03-28,80.52,72.68,153.2,7.84,25.39,TISCO,Banking,7075.210000000004
2023-03-29,86.29,34.09,120.38,52.2,28.51,TISCO,Banking,7127.4100000000035
2023-03-30,22.13,86.52,108.65,-64.4,22.3,TISCO,Banking,7063.010000000004
2023-03-31,64.02,136.3,200.32,-72.28,23.14,TISCO,Banking,6990.730000000004
2023-04-03,46.13,38.73,84.86,7.4,23.97,TISCO,Banking,6998.130000000004
2023-04-04,84.5,33.36,117.86,51.13,23.64,TISCO,Banking,7049.260000000004
2023-04-05,46.17,124.68,170.85,-78.51,13.08,TISCO,Banking,6970.750000000004
2023-04-07,98.96,95.18,194.14,3.78,20.8,TISCO,Banking,6974.530000000003
2023-04-10,61.19,65.17,126.36,-3.98,16.67,TISCO,Banking,6970.550000000004
2023-04-11,34.48,63.99,98.47,-29.51,17.31,TISCO,Banking,6941.040000000004
2023-04-12,129.69,231.92,361.61,-102.23,27.17,TISCO,Banking,6838.810000000004
2023-04-17,108.44,132.55,240.99,-24.1,10.88,TISCO,Banking,6814.710000000004
2023-04-18,100.66,221.3,321.96,-120.64,20.08,TISCO,Banking,6694.070000000003
2023-04-19,243.24,562.27,805.5,-319.03,20.77,TISCO,Banking,6375.040000000004
2023-04-20,156.89,265.95,422.84,-109.07,18.7,TISCO,Banking,6265.970000000004
2023-04-21,185.46,541.55,727.01,-356.09,20.88,TISCO,Banking,5909.880000000004
2023-04-24,136.14,358.72,494.86,-222.58,23.15,TISCO,Banking,5687.300000000004
2023-04-25,290.84,478.27,769.11,-187.44,34.99,TISCO,Banking,5499.860000000004
2023-04-26,70.93,129.37,200.31,-58.44,28.98,TISCO,Banking,5441.420000000005
2023-04-27,67.98,164.66,232.64,-96.68,31.87,TISCO,Banking,5344.740000000004
2023-04-28,115.81,257.84,373.65,-142.03,44.0,TISCO,Banking,5202.710000000005
2023-05-02,77.22,78.15,155.37,-0.92,22.73,TISCO,Banking,5201.7900000000045
2023-05-03,117.98,159.28,277.26,-41.3,30.88,TISCO,Banking,5160.490000000004
2023-05-08,84.34,85.52,169.86,-1.18,20.28,TISCO,Banking,5159.310000000004
2023-05-09,174.51,155.62,330.13,18.89,28.46,TISCO,Banking,5178.200000000004
2023-05-10,79.91,134.81,214.73,-54.9,24.77,TISCO,Banking,5123.300000000005
2023-05-11,91.34,129.42,220.76,-38.07,33.92,TISCO,Banking,5085.230000000005
2023-05-12,69.21,51.21,120.42,17.99,24.07,TISCO,Banking,5103.220000000005
2023-05-15,389.91,185.68,575.59,204.23,49.42,TISCO,Banking,5307.450000000004
2023-05-16,69.56,92.91,162.48,-23.35,25.78,TISCO,Banking,5284.100000000004
2023-05-17,99.35,138.19,237.54,-38.85,41.71,TISCO,Banking,5245.250000000004
2023-05-18,162.7,113.19,275.89,49.51,35.06,TISCO,Banking,5294.760000000004
2023-05-19,76.74,101.9,178.64,-25.16,26.35,TISCO,Banking,5269.600000000004
2023-05-22,106.07,111.44,217.51,-5.37,25.34,TISCO,Banking,5264.230000000004
2023-05-23,124.07,81.28,205.35,42.8,38.55,TISCO,Banking,5307.030000000004
2023-05-24,99.85,64.44,164.29,35.41,27.33,TISCO,Banking,5342.440000000004
2023-05-25,125.76,185.87,311.63,-60.11,36.36,TISCO,Banking,5282.3300000000045
2023-05-26,18.86,66.28,85.14,-47.43,33.8,TISCO,Banking,5234.900000000004
2023-05-29,20.34,17.89,38.23,2.45,18.09,TISCO,Banking,5237.350000000004
2023-05-30,63.94,60.07,124.01,3.87,23.06,TISCO,Banking,5241.220000000004
2023-05-31,117.51,126.5,244.01,-8.99,32.98,TISCO,Banking,5232.230000000004
2023-06-01,43.77,46.96,90.73,-3.19,32.04,TISCO,Banking,5229.0400000000045
2023-06-02,90.86,124.79,215.65,-33.93,30.41,TISCO,Banking,5195.110000000004
2023-06-06,95.61,111.13,206.74,-15.53,27.98,TISCO,Banking,5179.5800000000045
2023-06-07,140.69,61.49,202.18,79.21,33.43,TISCO,Banking,5258.7900000000045
2023-06-08,195.75,136.13,331.88,59.62,53.5,TISCO,Banking,5318.410000000004
2023-06-09,122.37,81.43,203.8,40.94,37.5,TISCO,Banking,5359.350000000004
2023-06-12,111.08,70.8,181.88,40.28,49.8,TISCO,Banking,5399.630000000004
2023-06-13,128.96,47.44,176.4,81.53,39.3,TISCO,Banking,5481.1600000000035
2023-06-14,49.95,38.36,88.32,11.59,29.1,TISCO,Banking,5492.750000000004
2023-06-15,41.56,92.08,133.63,-50.52,39.17,TISCO,Banking,5442.230000000003
2023-06-16,108.67,90.36,199.03,18.32,46.45,TISCO,Banking,5460.550000000003
2023-06-19,50.44,65.25,115.69,-14.81,40.1,TISCO,Banking,5445.7400000000025
2023-06-20,68.25,57.6,125.85,10.66,32.92,TISCO,Banking,5456.400000000002
2023-06-21,114.71,119.78,234.49,-5.07,39.61,TISCO,Banking,5451.330000000003
2023-06-22,132.72,164.1,296.81,-31.38,35.86,TISCO,Banking,5419.950000000003
2023-06-23,72.56,93.88,166.44,-21.31,28.13,TISCO,Banking,5398.640000000002
2023-06-26,67.07,55.31,122.37,11.76,28.93,TISCO,Banking,5410.400000000002
2023-06-27,76.79,71.19,147.98,5.6,36.3,TISCO,Banking,5416.000000000003
2023-06-28,117.88,99.86,217.74,18.03,38.09,TISCO,Banking,5434.0300000000025
2023-06-29,103.2,44.3,147.5,58.9,42.53,TISCO,Banking,5492.930000000002
2023-06-30,178.68,165.89,344.58,12.79,54.45,TISCO,Banking,5505.720000000002
2023-07-03,48.7,70.11,118.82,-21.41,38.61,TISCO,Banking,5484.310000000002
2023-07-04,100.54,46.32,146.85,54.22,32.13,TISCO,Banking,5538.5300000000025
2023-07-05,59.89,28.7,88.59,31.19,29.28,TISCO,Banking,5569.720000000002
2023-07-06,78.6,181.07,259.68,-102.47,27.63,TISCO,Banking,5467.250000000002
2023-07-07,73.26,45.13,118.4,28.13,36.54,TISCO,Banking,5495.380000000002
2023-07-10,76.87,84.53,161.4,-7.65,35.07,TISCO,Banking,5487.730000000002
2023-07-11,74.02,77.68,151.71,-3.66,34.07,TISCO,Banking,5484.070000000002
2023-07-12,54.14,75.12,129.26,-20.98,26.06,TISCO,Banking,5463.090000000003
2023-07-13,316.29,135.07,451.36,181.23,35.92,TISCO,Banking,5644.320000000002
2023-07-14,162.84,23.95,186.79,138.89,30.64,TISCO,Banking,5783.210000000003
2023-07-17,108.9,87.47,196.37,21.43,36.95,TISCO,Banking,5804.640000000003
2023-07-18,130.77,48.9,179.67,81.87,27.02,TISCO,Banking,5886.510000000003
2023-07-19,102.74,126.32,229.06,-23.58,31.89,TISCO,Banking,5862.930000000003
2023-07-20,122.63,84.88,207.52,37.75,37.85,TISCO,Banking,5900.680000000003
2023-07-21,129.25,85.31,214.56,43.95,26.47,TISCO,Banking,5944.630000000003
2023-07-24,128.35,77.73,206.07,50.62,34.29,TISCO,Banking,5995.250000000003
2023-07-25,81.92,43.05,124.97,38.87,36.52,TISCO,Banking,6034.120000000003
2023-07-26,162.16,44.7,206.86,117.46,27.58,TISCO,Banking,6151.580000000003
2023-07-27,178.86,162.94,341.79,15.92,29.32,TISCO,Banking,6167.500000000003
2023-07-31,43.73,58.99,102.72,-15.26,19.68,TISCO,Banking,6152.2400000000025
2023-08-02,116.3,103.69,219.99,12.61,30.88,TISCO,Banking,6164.850000000002
2023-08-03,70.66,90.68,161.34,-20.02,17.97,TISCO,Banking,6144.830000000002
2023-08-04,20.17,20.95,41.12,-0.78,24.8,TISCO,Banking,6144.050000000002
2023-08-07,72.7,55.12,127.82,17.58,39.2,TISCO,Banking,6161.630000000002
2023-08-08,86.0,117.25,203.25,-31.25,39.4,TISCO,Banking,6130.380000000002
2023-08-09,76.75,91.53,168.28,-14.77,55.62,TISCO,Banking,6115.6100000000015
2023-08-10,134.6,83.3,217.9,51.3,27.46,TISCO,Banking,6166.910000000002
2023-08-11,73.39,60.23,133.63,13.16,51.98,TISCO,Banking,6180.0700000000015
2023-08-15,43.91,90.23,134.14,-46.32,33.01,TISCO,Banking,6133.750000000002
2023-08-16,67.8,72.97,140.77,-5.16,29.79,TISCO,Banking,6128.590000000002
2023-08-17,50.69,98.33,149.01,-47.64,45.24,TISCO,Banking,6080.950000000002
2023-08-18,120.7,99.11,219.8,21.59,46.68,TISCO,Banking,6102.540000000002
2023-08-21,72.74,66.11,138.85,6.64,29.64,TISCO,Banking,6109.180000000002
2023-08-22,89.57,38.42,128.0,51.15,13.86,TISCO,Banking,6160.330000000002
2023-08-23,46.96,10.88,57.84,36.08,9.45,TISCO,Banking,6196.410000000002
2023-08-24,78.42,48.49,126.91,29.93,15.33,TISCO,Banking,6226.340000000002
2023-08-25,192.6,115.58,308.18,77.02,25.68,TISCO,Banking,6303.360000000002
2023-08-28,103.86,39.9,143.76,63.96,21.28,TISCO,Banking,6367.320000000002
2023-08-29,101.47,42.06,143.53,59.41,14.81,TISCO,Banking,6426.730000000002
2023-08-30,67.7,11.94,79.64,55.76,7.81,TISCO,Banking,6482.4900000000025
2023-08-31,135.14,88.43,223.57,46.71,20.7,TISCO,Banking,6529.200000000003
2023-09-01,87.41,67.29,154.7,20.12,30.54,TISCO,Banking,6549.320000000002
2023-09-04,127.41,180.26,307.67,-52.84,28.03,TISCO,Banking,6496.480000000002
2023-09-05,28.93,105.13,134.06,-76.19,14.09,TISCO,Banking,6420.290000000003
2023-09-06,31.55,84.79,116.35,-53.24,21.2,TISCO,Banking,6367.050000000003
2023-09-07,138.16,179.65,317.81,-41.5,19.06,TISCO,Banking,6325.550000000003
2023-09-08,28.39,31.73,60.12,-3.34,14.64,TISCO,Banking,6322.210000000003
2023-09-11,36.12,45.88,81.99,-9.76,28.35,TISCO,Banking,6312.450000000003
2023-09-12,80.89,84.02,164.91,-3.12,29.44,TISCO,Banking,6309.330000000003
2023-09-13,17.46,15.83,33.29,1.63,17.46,TISCO,Banking,6310.960000000003
2023-09-14,14.67,9.1,23.77,5.57,20.41,TISCO,Banking,6316.5300000000025
2023-09-15,29.52,34.81,64.33,-5.3,26.64,TISCO,Banking,6311.230000000002
2023-09-18,100.23,33.19,133.42,67.04,27.41,TISCO,Banking,6378.270000000002
2023-09-19,65.13,47.05,112.18,18.08,15.73,TISCO,Banking,6396.350000000002
2023-09-20,90.68,61.82,152.5,28.86,29.22,TISCO,Banking,6425.210000000002
2023-09-21,51.3,26.99,78.29,24.31,21.15,TISCO,Banking,6449.520000000002
2023-09-22,146.13,179.47,325.6,-33.33,34.78,TISCO,Banking,6416.190000000002
2023-09-25,40.54,87.42,127.96,-46.87,27.06,TISCO,Banking,6369.320000000002
2023-09-26,45.12,190.84,235.96,-145.72,32.32,TISCO,Banking,6223.600000000002
2023-09-27,160.35,163.99,324.34,-3.64,25.71,TISCO,Banking,6219.960000000002
2023-09-28,188.9,101.95,290.84,86.95,48.21,TISCO,Banking,6306.910000000002
2023-09-29,240.16,277.17,517.34,-37.01,60.57,TISCO,Banking,6269.9000000000015
2023-10-02,83.92,138.52,222.44,-54.6,40.04,TISCO,Banking,6215.300000000001
2023-10-03,64.17,179.09,243.26,-114.92,26.69,TISCO,Banking,6100.380000000001
2023-10-04,133.97,118.2,252.17,15.77,27.46,TISCO,Banking,6116.1500000000015
2023-10-05,159.29,193.46,352.75,-34.16,29.26,TISCO,Banking,6081.990000000002
2023-10-06,57.58,103.74,161.32,-46.16,28.29,TISCO,Banking,6035.830000000002
2023-10-09,190.97,75.12,266.09,115.85,31.77,TISCO,Banking,6151.680000000002
2023-10-10,70.9,59.34,130.25,11.56,28.16,TISCO,Banking,6163.2400000000025
2023-10-11,108.14,133.52,241.66,-25.38,32.52,TISCO,Banking,6137.860000000002
2023-10-12,177.4,43.85,221.25,133.55,37.04,TISCO,Banking,6271.410000000003
2023-10-16,221.45,213.32,434.77,8.13,26.4,TISCO,Banking,6279.540000000003
2023-10-17,77.44,149.43,226.88,-71.99,45.67,TISCO,Banking,6207.550000000003
2023-10-18,463.95,514.05,978.0,-50.1,64.4,TISCO,Banking,6157.450000000003
2023-10-19,68.43,144.27,212.7,-75.84,31.3,TISCO,Banking,6081.610000000002
2023-10-20,192.04,295.17,487.21,-103.12,21.61,TISCO,Banking,5978.4900000000025
2023-10-24,179.53,221.38,400.91,-41.85,21.22,TISCO,Banking,5936.640000000002
2023-10-25,149.08,125.83,274.91,23.25,29.19,TISCO,Banking,5959.890000000002
2023-10-26,94.35,116.67,211.02,-22.32,29.8,TISCO,Banking,5937.570000000002
2023-10-27,42.87,73.93,116.8,-31.07,26.88,TISCO,Banking,5906.500000000003
2023-10-30,75.86,66.6,142.46,9.26,17.61,TISCO,Banking,5915.760000000003
2023-10-31,74.16,187.62,261.78,-113.46,45.48,TISCO,Banking,5802.300000000003
2023-11-01,107.54,96.52,204.06,11.03,36.81,TISCO,Banking,5813.330000000003
2023-11-02,155.09,111.81,266.9,43.28,20.74,TISCO,Banking,5856.610000000002
2023-11-03,45.39,82.66,128.05,-37.26,34.85,TISCO,Banking,5819.350000000002
2023-11-06,75.61,85.13,160.74,-9.52,29.8,TISCO,Banking,5809.830000000002
2023-11-07,123.92,82.03,205.96,41.89,46.02,TISCO,Banking,5851.720000000002
2023-11-08,32.81,41.52,74.33,-8.71,36.78,TISCO,Banking,5843.010000000002
2023-11-09,68.76,39.82,108.59,28.94,25.12,TISCO,Banking,5871.950000000002
2023-11-10,97.2,100.07,197.27,-2.87,19.37,TISCO,Banking,5869.080000000002
2023-11-13,66.22,28.83,95.04,37.39,34.48,TISCO,Banking,5906.470000000002
2023-11-14,73.05,75.65,148.7,-2.6,42.9,TISCO,Banking,5903.870000000002
2023-11-15,35.34,64.56,99.9,-29.21,23.93,TISCO,Banking,5874.660000000002
2023-11-16,33.95,52.09,86.04,-18.14,21.11,TISCO,Banking,5856.520000000001
2023-11-17,58.35,53.57,111.93,4.78,33.37,TISCO,Banking,5861.300000000001
2023-11-20,62.22,85.43,147.65,-23.21,42.15,TISCO,Banking,5838.090000000001
2023-11-21,90.11,88.81,178.92,1.3,33.57,TISCO,Banking,5839.390000000001
2023-11-22,105.1,61.04,166.14,44.06,41.06,TISCO,Banking,5883.450000000002
2023-11-23,53.62,50.56,104.18,3.07,37.2,TISCO,Banking,5886.520000000001
2023-11-24,92.09,41.54,133.63,50.55,35.47,TISCO,Banking,5937.0700000000015
2023-11-27,118.5,108.09,226.6,10.41,41.23,TISCO,Banking,5947.480000000001
2023-11-28,71.51,58.33,129.84,13.18,25.1,TISCO,Banking,5960.660000000002
2023-11-29,84.7,169.02,253.72,-84.33,34.37,TISCO,Banking,5876.330000000002
2023-11-30,74.83,69.13,143.95,5.7,30.16,TISCO,Banking,5882.030000000002
2023-12-01,39.56,94.64,134.21,-55.08,37.05,TISCO,Banking,5826.950000000002
2023-12-04,59.6,111.46,171.06,-51.86,29.57,TISCO,Banking,5775.090000000002
2023-12-06,70.77,63.16,133.93,7.62,44.87,TISCO,Banking,5782.710000000002
2023-12-07,31.27,18.25,49.52,13.02,22.18,TISCO,Banking,5795.730000000002
2023-12-08,45.67,23.66,69.32,22.01,22.85,TISCO,Banking,5817.7400000000025
2023-12-12,68.4,19.77,88.17,48.63,19.69,TISCO,Banking,5866.370000000003
2023-12-13,44.41,40.49,84.9,3.92,31.33,TISCO,Banking,5870.290000000003
2023-12-14,77.06,82.55,159.61,-5.49,24.32,TISCO,Banking,5864.800000000003
2023-12-15,133.57,67.82,201.4,65.75,29.25,TISCO,Banking,5930.550000000003
2023-12-18,31.3,44.33,75.63,-13.03,28.35,TISCO,Banking,5917.520000000003
2023-12-19,25.71,57.86,83.56,-32.15,17.71,TISCO,Banking,5885.3700000000035
2023-12-20,57.22,53.76,110.98,3.46,19.22,TISCO,Banking,5888.830000000004
2023-12-21,40.2,41.99,82.19,-1.8,17.5,TISCO,Banking,5887.030000000003
2023-12-22,45.34,65.03,110.37,-19.69,30.53,TISCO,Banking,5867.340000000004
2023-12-25,17.64,21.55,39.19,-3.9,13.05,TISCO,Banking,5863.440000000004
2023-12-26,58.54,32.42,90.96,26.12,21.35,TISCO,Banking,5889.560000000004
2023-12-27,8.93,40.74,49.68,-31.81,14.98,TISCO,Banking,5857.750000000004
2023-12-28,55.47,104.17,159.64,-48.71,20.99,TISCO,Banking,5809.040000000004
2024-01-02,84.62,82.38,167.0,2.24,32.34,TISCO,Banking,5811.280000000003
2024-01-03,54.56,23.78,78.33,30.78,16.49,TISCO,Banking,5842.060000000003
2024-01-04,132.12,113.02,245.13,19.1,26.08,TISCO,Banking,5861.1600000000035
2024-01-05,76.86,12.51,89.37,64.35,29.66,TISCO,Banking,5925.510000000004
2024-01-08,123.85,34.25,158.1,89.61,18.08,TISCO,Banking,6015.1200000000035
2024-01-09,64.67,32.36,97.03,32.31,21.98,TISCO,Banking,6047.430000000004
2024-01-10,37.93,31.86,69.79,6.07,15.23,TISCO,Banking,6053.500000000004
2024-01-11,46.02,24.1,70.12,21.92,22.26,TISCO,Banking,6075.420000000004
2024-01-12,66.11,30.38,96.5,35.73,19.99,TISCO,Banking,6111.150000000003
2024-01-15,141.07,81.2,222.26,59.87,22.04,TISCO,Banking,6171.020000000003
2024-01-16,84.42,389.1,473.51,-304.68,20.51,TISCO,Banking,5866.340000000003
2024-01-17,97.29,206.84,304.13,-109.55,19.53,TISCO,Banking,5756.790000000003
2024-01-18,68.05,306.12,374.17,-238.07,27.63,TISCO,Banking,5518.720000000003
2024-01-19,61.89,155.48,217.37,-93.59,16.05,TISCO,Banking,5425.130000000003
2024-01-22,96.11,166.53,262.64,-70.43,26.78,TISCO,Banking,5354.700000000003
2024-01-23,81.01,190.63,271.64,-109.62,21.25,TISCO,Banking,5245.080000000003
2024-01-24,101.95,191.8,293.75,-89.84,21.41,TISCO,Banking,5155.2400000000025
2024-01-25,80.81,158.25,239.06,-77.44,24.66,TISCO,Banking,5077.800000000003
2024-01-26,114.11,144.42,258.53,-30.31,31.2,TISCO,Banking,5047.4900000000025
2024-01-29,57.18,104.39,161.57,-47.21,28.06,TISCO,Banking,5000.2800000000025
2024-01-30,43.46,45.58,89.04,-2.11,21.4,TISCO,Banking,4998.170000000003
2024-01-31,105.07,115.79,220.86,-10.72,26.23,TISCO,Banking,4987.450000000003
2024-02-01,121.63,84.34,205.97,37.29,29.67,TISCO,Banking,5024.7400000000025
2024-02-02,191.03,151.37,342.4,39.66,18.81,TISCO,Banking,5064.400000000002
2024-02-05,55.75,48.38,104.12,7.37,19.4,TISCO,Banking,5071.770000000002
2024-02-06,33.48,32.59,66.07,0.89,15.78,TISCO,Banking,5072.660000000003
2024-02-07,49.4,61.55,110.95,-12.14,23.27,TISCO,Banking,5060.520000000002
2024-02-08,62.78,53.94,116.72,8.85,23.32,TISCO,Banking,5069.370000000003
2024-02-09,34.55,65.18,99.73,-30.63,13.96,TISCO,Banking,5038.7400000000025
2024-02-12,65.02,24.44,89.46,40.58,26.8,TISCO,Banking,5079.320000000002
2024-02-13,50.58,41.91,92.49,8.66,33.42,TISCO,Banking,5087.980000000002
2024-02-14,66.29,65.91,132.2,0.38,29.2,TISCO,Banking,5088.360000000002
2024-02-15,64.96,67.28,132.24,-2.32,25.56,TISCO,Banking,5086.040000000003
2024-02-16,73.26,12.51,85.77,60.74,17.09,TISCO,Banking,5146.7800000000025
2024-02-19,58.91,31.54,90.45,27.37,25.16,TISCO,Banking,5174.150000000002
2024-02-20,59.9,64.78,124.68,-4.88,26.13,TISCO,Banking,5169.270000000002
2024-02-21,398.93,267.02,665.95,131.92,32.37,TISCO,Banking,5301.190000000002
2024-02-22,68.44,116.68,185.12,-48.24,21.48,TISCO,Banking,5252.950000000003
2024-02-23,72.46,93.28,165.74,-20.81,25.76,TISCO,Banking,5232.140000000002
2024-02-27,64.92,80.56,145.48,-15.64,19.55,TISCO,Banking,5216.500000000002
2024-02-28,33.07,70.87,103.94,-37.8,17.31,TISCO,Banking,5178.700000000002
2024-02-29,555.8,524.56,1080.35,31.24,51.09,TISCO,Banking,5209.940000000001
2024-03-01,49.69,69.96,119.64,-20.27,30.83,TISCO,Banking,5189.670000000001
2024-03-04,70.69,31.92,102.61,38.77,30.99,TISCO,Banking,5228.440000000001
2024-03-05,96.72,15.37,112.09,81.34,36.82,TISCO,Banking,5309.780000000002
2024-03-06,77.55,20.43,97.98,57.12,25.29,TISCO,Banking,5366.9000000000015
2024-03-07,67.99,113.37,181.36,-45.37,27.34,TISCO,Banking,5321.530000000002
2024-03-08,248.85,63.98,312.83,184.88,36.86,TISCO,Banking,5506.410000000002
2024-03-11,72.03,55.49,127.52,16.53,31.11,TISCO,Banking,5522.940000000001
2024-03-12,34.41,15.85,50.26,18.56,12.66,TISCO,Banking,5541.500000000002
2024-03-13,25.5,28.78,54.28,-3.28,11.96,TISCO,Banking,5538.220000000002
2024-03-14,33.36,16.59,49.95,16.76,9.71,TISCO,Banking,5554.980000000002
2024-03-15,117.15,81.89,199.04,35.26,46.9,TISCO,Banking,5590.2400000000025
2024-03-18,118.09,86.62,204.71,31.48,16.63,TISCO,Banking,5621.720000000002
2024-03-19,99.41,77.38,176.8,22.03,29.04,TISCO,Banking,5643.750000000002
2024-03-20,15.97,61.05,77.03,-45.08,27.44,TISCO,Banking,5598.670000000002
2024-03-21,61.6,21.03,82.63,40.57,24.31,TISCO,Banking,5639.240000000002
2024-03-22,44.1,64.92,109.02,-20.83,27.3,TISCO,Banking,5618.410000000002
2024-03-25,108.1,191.79,299.89,-83.69,19.49,TISCO,Banking,5534.720000000002
2024-03-26,72.99,150.42,223.41,-77.44,34.09,TISCO,Banking,5457.2800000000025
2024-03-27,60.66,43.24,103.9,17.43,33.35,TISCO,Banking,5474.710000000003
2024-03-28,18.38,143.35,161.72,-124.97,26.7,TISCO,Banking,5349.7400000000025
2024-03-29,45.16,59.9,105.06,-14.74,26.93,TISCO,Banking,5335.000000000003
2024-04-01,32.1,87.16,119.26,-55.05,25.41,TISCO,Banking,5279.950000000003
2024-04-02,90.5,274.83,365.33,-184.32,38.77,TISCO,Banking,5095.630000000003
2024-04-03,44.83,133.06,177.89,-88.23,26.56,TISCO,Banking,5007.400000000003
2024-04-04,146.35,287.28,433.62,-140.93,18.25,TISCO,Banking,4866.470000000003
2024-04-05,57.37,86.69,144.06,-29.31,25.2,TISCO,Banking,4837.160000000003
2024-04-09,145.33,68.48,213.82,76.85,32.49,TISCO,Banking,4914.010000000003
2024-04-10,59.51,72.08,131.59,-12.58,26.74,TISCO,Banking,4901.430000000003
2024-04-11,141.41,104.13,245.54,37.27,29.09,TISCO,Banking,4938.7000000000035
2024-04-17,99.97,169.04,269.01,-69.07,13.63,TISCO,Banking,4869.630000000004
2024-04-18,149.7,167.91,317.62,-18.21,23.08,TISCO,Banking,4851.420000000004
2024-04-19,143.68,334.36,478.03,-190.68,25.93,TISCO,Banking,4660.740000000003
2024-04-22,157.68,309.22,466.9,-151.54,20.93,TISCO,Banking,4509.2000000000035
2024-04-23,219.18,153.16,372.34,66.02,10.86,TISCO,Banking,4575.220000000004
2024-04-24,125.09,227.2,352.28,-102.11,10.36,TISCO,Banking,4473.110000000004
2024-04-25,141.34,147.07,288.41,-5.73,24.16,TISCO,Banking,4467.380000000005
2024-04-26,49.91,149.81,199.72,-99.9,24.83,TISCO,Banking,4367.480000000005
2024-04-29,42.83,59.44,102.27,-16.61,18.81,TISCO,Banking,4350.870000000005
2024-04-30,72.64,74.23,146.86,-1.59,17.44,TISCO,Banking,4349.280000000005
2024-05-02,79.24,14.7,93.95,64.54,13.3,TISCO,Banking,4413.820000000005
2024-05-03,65.34,14.05,79.39,51.29,22.18,TISCO,Banking,4465.110000000005
2024-05-07,117.26,67.07,184.33,50.19,22.03,TISCO,Banking,4515.300000000005
2024-05-08,101.28,49.9,151.18,51.38,33.1,TISCO,Banking,4566.680000000005
2024-05-09,131.33,45.74,177.06,85.59,31.71,TISCO,Banking,4652.270000000005
2024-05-10,61.82,24.9,86.72,36.91,28.74,TISCO,Banking,4689.180000000005
2024-05-13,86.31,39.73,126.05,46.58,37.06,TISCO,Banking,4735.760000000005
2024-05-14,32.05,37.28,69.33,-5.23,23.54,TISCO,Banking,4730.530000000005
2024-05-15,184.6,94.7,279.31,89.9,42.37,TISCO,Banking,4820.430000000005
2024-05-16,312.39,98.24,410.63,214.15,38.2,TISCO,Banking,5034.5800000000045
2024-05-17,81.83,53.46,135.29,28.37,30.86,TISCO,Banking,5062.950000000004
2024-05-20,109.91,19.37,129.28,90.54,20.31,TISCO,Banking,5153.490000000004
2024-05-21,50.33,35.99,86.32,14.33,19.08,TISCO,Banking,5167.820000000004
2024-05-23,214.19,203.48,417.66,10.71,43.8,TISCO,Banking,5178.530000000004
2024-05-24,336.96,170.61,507.58,166.35,43.65,TISCO,Banking,5344.880000000005
2024-05-27,46.11,42.98,89.09,3.13,26.91,TISCO,Banking,5348.010000000005
2024-05-28,130.7,63.15,193.85,67.55,36.82,TISCO,Banking,5415.560000000005
2024-05-29,121.66,129.18,250.84,-7.52,28.12,TISCO,Banking,5408.0400000000045
2024-05-30,104.24,174.09,278.33,-69.85,34.24,TISCO,Banking,5338.190000000004
2024-05-31,106.28,120.42,226.7,-14.14,36.01,TISCO,Banking,5324.050000000004
2024-06-04,137.31,241.97,379.28,-104.66,40.96,TISCO,Banking,5219.390000000004
2024-06-05,69.95,145.0,214.95,-75.04,46.0,TISCO,Banking,5144.350000000004
2024-06-06,118.32,154.72,273.04,-36.4,29.3,TISCO,Banking,5107.950000000004
2024-06-07,129.96,72.31,202.27,57.65,33.99,TISCO,Banking,5165.600000000004
2024-06-10,131.43,183.59,315.02,-52.16,34.62,TISCO,Banking,5113.440000000004
2024-06-11,85.46,134.07,219.53,-48.62,29.63,TISCO,Banking,5064.820000000004
2024-06-12,86.62,110.64,197.26,-24.02,35.37,TISCO,Banking,5040.800000000004
2024-06-13,79.89,110.76,190.65,-30.87,40.6,TISCO,Banking,5009.930000000004
2024-06-14,105.67,133.87,239.54,-28.19,30.93,TISCO,Banking,4981.740000000004
2024-06-17,114.27,214.56,328.82,-100.29,29.29,TISCO,Banking,4881.450000000004
2024-06-18,65.11,52.31,117.42,12.8,28.32,TISCO,Banking,4894.250000000005
2024-06-19,78.55,156.04,234.59,-77.48,27.91,TISCO,Banking,4816.770000000005
2024-06-20,27.23,31.4,58.63,-4.17,24.6,TISCO,Banking,4812.600000000005
2024-06-21,169.54,264.79,434.33,-95.24,43.09,TISCO,Banking,4717.360000000005
2024-06-24,34.01,16.7,50.71,17.31,21.89,TISCO,Banking,4734.6700000000055
2024-06-25,42.83,17.82,60.65,25.01,19.75,TISCO,Banking,4759.680000000006
2024-06-26,91.8,131.17,222.97,-39.37,26.02,TISCO,Banking,4720.310000000006
2024-06-27,65.04,160.64,225.67,-95.6,27.61,TISCO,Banking,4624.7100000000055
2024-06-28,135.18,234.94,370.12,-99.76,32.42,TISCO,Banking,4524.950000000005
2024-07-01,82.96,44.77,127.73,38.19,32.17,TISCO,Banking,4563.140000000005
2024-07-02,35.41,96.45,131.86,-61.05,25.12,TISCO,Banking,4502.090000000005
2024-07-03,48.36,43.29,91.66,5.07,26.87,TISCO,Banking,4507.160000000004
2024-07-04,93.0,33.75,126.75,59.26,24.38,TISCO,Banking,4566.420000000005
2024-07-05,84.96,54.09,139.06,30.87,27.59,TISCO,Banking,4597.2900000000045
2024-07-08,31.91,41.54,73.45,-9.63,25.55,TISCO,Banking,4587.660000000004
2024-07-09,63.6,77.59,141.2,-13.99,29.18,TISCO,Banking,4573.670000000005
2024-07-10,80.63,103.36,183.99,-22.73,21.55,TISCO,Banking,4550.940000000005
2024-07-11,33.71,25.1,58.81,8.61,20.3,TISCO,Banking,4559.550000000005
2024-07-12,18.19,76.04,94.23,-57.85,19.19,TISCO,Banking,4501.700000000004
2024-07-15,42.64,76.8,119.43,-34.16,16.83,TISCO,Banking,4467.5400000000045
2024-07-16,22.85,79.01,101.86,-56.17,13.0,TISCO,Banking,4411.370000000004
2024-07-17,46.5,23.84,70.34,22.66,25.11,TISCO,Banking,4434.030000000004
2024-07-18,30.04,124.39,154.42,-94.35,12.22,TISCO,Banking,4339.680000000004
2024-07-19,44.3,128.5,172.8,-84.2,16.27,TISCO,Banking,4255.480000000004
2024-07-23,71.14,198.65,269.78,-127.51,22.44,TISCO,Banking,4127.970000000004
2024-07-24,50.22,53.67,103.89,-3.45,9.56,TISCO,Banking,4124.520000000004
2024-07-25,62.66,96.89,159.55,-34.23,16.76,TISCO,Banking,4090.290000000004
2024-07-26,64.81,67.35,132.16,-2.54,16.04,TISCO,Banking,4087.750000000004
2024-07-30,66.28,42.85,109.13,23.43,16.18,TISCO,Banking,4111.180000000004
2024-07-31,250.1,139.2,389.3,110.9,40.34,TISCO,Banking,4222.080000000004
2024-08-01,40.68,21.25,61.93,19.43,9.17,TISCO,Banking,4241.510000000004
2024-08-02,13.08,31.04,44.13,-17.96,10.48,TISCO,Banking,4223.550000000004
2024-08-05,33.77,118.01,151.78,-84.24,18.84,TISCO,Banking,4139.310000000004
2024-08-06,17.68,59.65,77.33,-41.97,17.68,TISCO,Banking,4097.340000000004
2024-08-07,69.12,69.12,138.25,0.0,26.79,TISCO,Banking,4097.340000000004
2024-08-08,74.0,29.63,103.63,44.38,14.62,TISCO,Banking,4141.720000000004
2024-08-09,79.15,80.38,159.53,-1.23,18.96,TISCO,Banking,4140.490000000004
2024-08-13,97.99,37.84,135.82,60.15,21.87,TISCO,Banking,4200.640000000004
2024-08-14,117.65,80.28,197.93,37.37,28.71,TISCO,Banking,4238.010000000004
2024-08-15,107.37,82.16,189.53,25.21,29.12,TISCO,Banking,4263.220000000004
2024-08-16,58.02,58.6,116.62,-0.59,21.79,TISCO,Banking,4262.630000000004
2024-08-19,144.51,57.25,201.76,87.26,20.89,TISCO,Banking,4349.890000000004
2024-08-20,35.17,64.65,99.82,-29.49,14.56,TISCO,Banking,4320.400000000004
2024-08-21,124.34,65.26,189.6,59.09,28.67,TISCO,Banking,4379.490000000004
2024-08-22,40.22,105.35,145.57,-65.13,25.29,TISCO,Banking,4314.360000000004
2024-08-23,73.62,166.94,240.56,-93.32,20.14,TISCO,Banking,4221.0400000000045
2024-08-26,71.18,103.68,174.86,-32.5,17.2,TISCO,Banking,4188.5400000000045
2024-08-27,83.86,44.53,128.39,39.33,17.81,TISCO,Banking,4227.870000000004
2024-08-28,82.65,59.15,141.8,23.5,16.72,TISCO,Banking,4251.370000000004
2024-08-29,86.83,101.29,188.13,-14.46,19.67,TISCO,Banking,4236.910000000004
2024-08-30,163.8,96.66,260.46,67.14,27.76,TISCO,Banking,4304.050000000005
2024-09-02,127.19,73.64,200.83,53.55,26.57,TISCO,Banking,4357.600000000005
2024-09-03,165.65,64.6,230.24,101.05,25.88,TISCO,Banking,4458.650000000005
2024-09-04,93.76,179.41,273.17,-85.65,27.21,TISCO,Banking,4373.0000000000055
2024-09-05,55.53,56.56,112.09,-1.03,9.42,TISCO,Banking,4371.970000000006
2024-09-06,382.85,226.62,609.47,156.23,19.18,TISCO,Banking,4528.200000000005
2024-09-09,290.48,233.23,523.71,57.24,16.75,TISCO,Banking,4585.440000000005
2024-09-10,241.65,158.63,400.27,83.02,21.76,TISCO,Banking,4668.4600000000055
2024-09-11,86.11,98.59,184.7,-12.48,21.72,TISCO,Banking,4655.980000000006
2024-09-12,100.49,44.07,144.57,56.42,18.91,TISCO,Banking,4712.400000000006
2024-09-13,257.21,75.4,332.62,181.81,35.97,TISCO,Banking,4894.210000000006
2024-09-16,27.76,43.21,70.97,-15.45,15.52,TISCO,Banking,4878.760000000007
2024-09-17,135.77,28.74,164.5,107.03,29.72,TISCO,Banking,4985.790000000006
2024-09-18,63.3,53.02,116.32,10.28,24.12,TISCO,Banking,4996.070000000006
2024-09-19,128.81,44.75,173.56,84.07,29.77,TISCO,Banking,5080.140000000006
2024-09-20,187.86,86.06,273.92,101.8,42.11,TISCO,Banking,5181.940000000006
2024-09-23,50.58,29.84,80.43,20.74,23.07,TISCO,Banking,5202.680000000006
2024-09-24,47.48,45.58,93.06,1.91,32.97,TISCO,Banking,5204.590000000006
2024-09-25,67.07,71.33,138.4,-4.26,34.82,TISCO,Banking,5200.330000000005
2024-09-26,46.75,30.53,77.28,16.22,27.37,TISCO,Banking,5216.550000000006
2024-09-27,55.23,73.98,129.22,-18.75,26.46,TISCO,Banking,5197.800000000006
2024-09-30,123.24,91.33,214.56,31.91,21.94,TISCO,Banking,5229.7100000000055
2024-10-01,119.39,56.66,176.05,62.73,24.44,TISCO,Banking,5292.440000000005
2024-10-02,108.03,131.23,239.26,-23.2,30.11,TISCO,Banking,5269.240000000005
2024-10-03,55.17,64.62,119.8,-9.45,26.17,TISCO,Banking,5259.790000000005
2024-10-04,65.65,88.28,153.93,-22.62,20.51,TISCO,Banking,5237.1700000000055
2024-10-07,110.76,103.18,213.94,7.58,32.39,TISCO,Banking,5244.7500000000055
2024-10-08,105.16,48.29,153.45,56.87,24.24,TISCO,Banking,5301.620000000005
2024-10-09,55.5,54.28,109.78,1.22,29.82,TISCO,Banking,5302.840000000006
2024-10-10,24.66,21.15,45.81,3.51,19.83,TISCO,Banking,5306.350000000006
2024-10-11,33.78,18.57,52.35,15.21,15.98,TISCO,Banking,5321.560000000006
2024-10-15,65.96,60.94,126.91,5.02,27.26,TISCO,Banking,5326.580000000006
2024-10-16,481.35,96.64,577.99,384.71,34.55,TISCO,Banking,5711.290000000006
2024-10-17,131.74,102.45,234.19,29.28,32.93,TISCO,Banking,5740.570000000006
2024-10-18,84.89,51.58,136.47,33.32,28.95,TISCO,Banking,5773.890000000006
2024-10-21,44.88,40.36,85.24,4.52,27.22,TISCO,Banking,5778.410000000006
2024-10-22,36.64,84.66,121.29,-48.02,20.84,TISCO,Banking,5730.390000000006
2024-10-24,41.88,40.5,82.38,1.38,31.29,TISCO,Banking,5731.770000000006
2024-10-25,46.74,41.89,88.64,4.85,36.02,TISCO,Banking,5736.620000000006
2024-10-28,27.29,30.52,57.8,-3.23,28.44,TISCO,Banking,5733.390000000007
2024-10-29,64.82,68.21,133.03,-3.39,43.42,TISCO,Banking,5730.000000000006
2024-10-30,30.83,97.99,128.83,-67.16,20.02,TISCO,Banking,5662.8400000000065
2024-10-31,46.27,70.61,116.88,-24.35,36.35,TISCO,Banking,5638.490000000006
2024-11-01,23.35,28.63,51.98,-5.28,32.61,TISCO,Banking,5633.210000000006
2024-11-04,18.42,33.44,51.86,-15.02,19.01,TISCO,Banking,5618.190000000006
2024-11-05,100.44,100.43,200.87,0.01,38.75,TISCO,Banking,5618.200000000006
2024-11-06,98.26,124.5,222.76,-26.24,35.45,TISCO,Banking,5591.960000000006
2024-11-07,99.0,157.83,256.82,-58.83,38.11,TISCO,Banking,5533.1300000000065
2024-11-08,74.92,164.21,239.13,-89.29,32.49,TISCO,Banking,5443.8400000000065
2024-11-11,41.7,71.45,113.15,-29.75,41.01,TISCO,Banking,5414.0900000000065
2024-11-12,42.01,65.12,107.13,-23.11,29.01,TISCO,Banking,5390.980000000007
2024-11-13,26.44,34.86,61.3,-8.43,28.7,TISCO,Banking,5382.550000000007
2024-11-14,51.92,82.0,133.92,-30.09,33.88,TISCO,Banking,5352.460000000006
2024-11-15,50.1,52.46,102.56,-2.35,24.61,TISCO,Banking,5350.110000000006
2024-11-18,33.33,26.55,59.88,6.77,29.96,TISCO,Banking,5356.8800000000065
2024-11-19,63.86,48.75,112.62,15.11,28.87,TISCO,Banking,5371.990000000006
2024-11-20,26.47,20.08,46.55,6.38,32.5,TISCO,Banking,5378.370000000006
2024-11-21,158.02,87.43,245.45,70.6,38.05,TISCO,Banking,5448.970000000007
2024-11-22,69.76,34.93,104.69,34.82,22.66,TISCO,Banking,5483.790000000006
2024-11-25,81.52,99.57,181.1,-18.05,33.28,TISCO,Banking,5465.740000000006
2024-11-26,60.83,29.9,90.73,30.93,29.82,TISCO,Banking,5496.670000000006
2024-11-27,47.37,42.32,89.68,5.05,14.55,TISCO,Banking,5501.720000000007
2024-11-28,37.29,18.17,55.46,19.12,18.15,TISCO,Banking,5520.8400000000065
2024-11-29,51.82,52.22,104.04,-0.4,28.79,TISCO,Banking,5520.440000000007
2024-12-02,20.12,35.26,55.37,-15.14,17.36,TISCO,Banking,5505.300000000007
2024-12-03,52.25,28.4,80.65,23.84,19.42,TISCO,Banking,5529.140000000007
2024-12-04,55.69,55.33,111.02,0.36,41.92,TISCO,Banking,5529.500000000006
2024-12-06,36.12,28.54,64.67,7.58,25.11,TISCO,Banking,5537.080000000006
2024-12-09,128.21,38.31,166.52,89.9,24.02,TISCO,Banking,5626.980000000006
2024-12-11,66.28,26.18,92.46,40.1,19.48,TISCO,Banking,5667.080000000006
2024-12-12,64.84,57.41,122.25,7.43,30.07,TISCO,Banking,5674.510000000007
2024-12-13,82.27,12.08,94.35,70.18,28.43,TISCO,Banking,5744.690000000007
2024-12-16,80.52,56.16,136.67,24.36,25.83,TISCO,Banking,5769.050000000007
2024-12-17,65.95,169.7,235.65,-103.75,31.85,TISCO,Banking,5665.300000000007
2024-12-18,156.24,85.35,241.58,70.89,16.95,TISCO,Banking,5736.190000000007
2024-12-19,36.99,72.03,109.01,-35.04,14.61,TISCO,Banking,5701.150000000007
2024-12-20,87.35,153.51,240.85,-66.16,25.39,TISCO,Banking,5634.990000000007
2024-12-23,104.47,36.33,140.8,68.14,25.63,TISCO,Banking,5703.130000000007
2024-12-24,59.95,23.75,83.7,36.21,27.31,TISCO,Banking,5739.340000000007
2024-12-25,52.22,8.32,60.54,43.89,19.18,TISCO,Banking,5783.230000000008
2024-12-26,53.88,23.18,77.06,30.69,25.79,TISCO,Banking,5813.920000000007
2024-12-27,33.7,46.54,80.23,-12.84,24.54,TISCO,Banking,5801.080000000007
2024-12-30,62.16,8.57,70.74,53.59,30.61,TISCO,Banking,5854.670000000007
2025-01-02,45.83,26.05,71.88,19.78,29.85,TISCO,Banking,5874.450000000007
2025-01-03,20.74,36.79,57.54,-16.05,25.54,TISCO,Banking,5858.400000000007
2025-01-06,116.13,75.73,191.86,40.4,42.1,TISCO,Banking,5898.800000000007
2025-01-07,134.93,43.88,178.81,91.05,27.75,TISCO,Banking,5989.850000000007
2025-01-08,147.38,49.97,197.36,97.41,34.03,TISCO,Banking,6087.260000000007
2025-01-09,61.38,62.88,124.26,-1.5,26.15,TISCO,Banking,6085.760000000007
2025-01-10,98.78,34.44,133.22,64.34,24.22,TISCO,Banking,6150.100000000007
2025-01-13,87.75,59.93,147.68,27.83,29.42,TISCO,Banking,6177.930000000007
2025-01-14,84.49,52.26,136.76,32.23,25.57,TISCO,Banking,6210.160000000006
2025-01-15,87.18,115.84,203.02,-28.66,26.87,TISCO,Banking,6181.500000000006
2025-01-16,61.5,117.38,178.88,-55.88,27.43,TISCO,Banking,6125.620000000006
2025-01-17,80.46,119.68,200.14,-39.21,28.08,TISCO,Banking,6086.410000000006
2025-01-20,27.81,67.34,95.15,-39.53,25.69,TISCO,Banking,6046.8800000000065
2025-01-21,65.29,50.84,116.13,14.46,28.84,TISCO,Banking,6061.3400000000065
2025-01-22,100.08,44.33,144.41,55.75,26.38,TISCO,Banking,6117.0900000000065
2025-01-23,77.77,157.71,235.48,-79.94,18.8,TISCO,Banking,6037.150000000007
2025-01-24,106.44,44.21,150.65,62.24,30.96,TISCO,Banking,6099.390000000007
2025-01-27,33.13,28.84,61.96,4.29,21.66,TISCO,Banking,6103.680000000007
2025-01-28,128.34,51.78,180.11,76.56,23.61,TISCO,Banking,6180.240000000007
2025-01-29,94.79,40.46,135.26,54.33,26.79,TISCO,Banking,6234.570000000007
2025-01-30,84.15,50.1,134.26,34.05,24.17,TISCO,Banking,6268.620000000007
2025-01-31,78.3,70.17,148.47,8.13,28.21,TISCO,Banking,6276.750000000007
2025-02-03,161.8,123.34,285.14,38.46,27.63,TISCO,Banking,6315.210000000007
2025-02-04,124.18,53.18,177.36,71.0,23.67,TISCO,Banking,6386.210000000007
2025-02-05,74.88,76.47,151.35,-1.59,22.05,TISCO,Banking,6384.620000000007
2025-02-06,54.08,51.24,105.31,2.84,21.97,TISCO,Banking,6387.460000000007
2025-02-07,99.12,191.01,290.14,-91.89,21.8,TISCO,Banking,6295.570000000007
2025-02-10,154.83,118.81,273.64,36.01,23.26,TISCO,Banking,6331.580000000007
2025-02-11,57.62,73.94,131.56,-16.31,30.48,TISCO,Banking,6315.270000000007
2025-02-13,43.95,141.74,185.7,-97.79,21.58,TISCO,Banking,6217.480000000007
2025-02-14,77.03,66.46,143.48,10.57,34.67,TISCO,Banking,6228.050000000007
2025-02-17,125.18,132.8,257.98,-7.62,32.21,TISCO,Banking,6220.430000000007
2025-02-18,89.93,35.98,125.91,53.95,27.06,TISCO,Banking,6274.3800000000065
2025-02-19,63.98,52.88,116.86,11.09,17.87,TISCO,Banking,6285.470000000007
2025-02-20,119.88,88.98,208.86,30.9,27.64,TISCO,Banking,6316.370000000006
2025-02-21,42.89,50.64,93.54,-7.75,24.28,TISCO,Banking,6308.620000000006
2025-02-24,37.17,69.88,107.05,-32.71,16.59,TISCO,Banking,6275.910000000006
2025-02-25,54.3,78.84,133.14,-24.54,20.53,TISCO,Banking,6251.370000000006
2025-02-26,146.64,134.67,281.3,11.97,27.12,TISCO,Banking,6263.3400000000065
2025-02-27,93.24,105.66,198.9,-12.42,28.93,TISCO,Banking,6250.920000000006
2025-02-28,114.32,170.17,284.49,-55.84,21.96,TISCO,Banking,6195.080000000006
2025-03-03,146.72,91.59,238.31,55.13,29.74,TISCO,Banking,6250.210000000006
2025-03-04,126.58,213.66,340.23,-87.08,28.35,TISCO,Banking,6163.1300000000065
2025-03-05,265.42,127.62,393.04,137.81,30.18,TISCO,Banking,6300.940000000007
2025-03-06,110.1,239.24,349.34,-129.15,24.58,TISCO,Banking,6171.790000000007
2025-03-07,130.24,95.79,226.03,34.45,22.56,TISCO,Banking,6206.240000000007
2025-03-10,108.52,112.08,220.6,-3.56,27.8,TISCO,Banking,6202.680000000007
2025-03-11,98.61,120.07,218.68,-21.46,24.08,TISCO,Banking,6181.220000000007
2025-03-12,189.04,131.88,320.92,57.16,34.32,TISCO,Banking,6238.3800000000065
2025-03-13,152.52,82.12,234.64,70.4,35.67,TISCO,Banking,6308.780000000006
2025-03-14,88.85,73.83,162.68,15.02,28.45,TISCO,Banking,6323.800000000007
2025-03-17,110.53,89.74,200.27,20.79,36.46,TISCO,Banking,6344.5900000000065
2025-03-18,398.54,87.99,486.53,310.56,28.14,TISCO,Banking,6655.150000000007
2025-03-19,81.5,42.57,124.08,38.93,28.16,TISCO,Banking,6694.080000000007
2025-03-20,176.95,69.8,246.74,107.15,34.86,TISCO,Banking,6801.230000000007
2025-03-21,408.23,61.06,469.29,347.16,39.27,TISCO,Banking,7148.390000000007
2025-03-24,73.13,57.09,130.21,16.04,28.05,TISCO,Banking,7164.430000000007
2025-03-25,54.08,48.13,102.21,5.96,24.76,TISCO,Banking,7170.390000000007
2025-03-26,63.31,44.41,107.73,18.9,15.58,TISCO,Banking,7189.290000000006
2025-03-27,54.35,19.17,73.52,35.18,16.7,TISCO,Banking,7224.470000000007
2025-03-28,54.65,23.87,78.52,30.79,27.82,TISCO,Banking,7255.260000000007
2025-03-31,92.47,147.1,239.57,-54.63,29.52,TISCO,Banking,7200.6300000000065
2025-04-01,82.77,62.75,145.52,20.02,14.55,TISCO,Banking,7220.650000000007
2025-04-02,68.66,66.92,135.58,1.73,22.19,TISCO,Banking,7222.3800000000065
2025-04-03,39.89,60.47,100.36,-20.58,21.58,TISCO,Banking,7201.800000000007
2025-04-04,113.31,240.88,354.19,-127.56,21.62,TISCO,Banking,7074.240000000006
2025-04-08,289.02,389.8,678.83,-100.78,29.23,TISCO,Banking,6973.460000000006
2025-04-09,297.24,372.1,669.34,-74.86,35.8,TISCO,Banking,6898.600000000007
2025-04-10,128.55,111.16,239.71,17.38,31.92,TISCO,Banking,6915.980000000007
2025-04-11,154.44,132.43,286.87,22.02,46.16,TISCO,Banking,6938.000000000007
2025-04-16,201.07,100.06,301.13,101.01,38.04,TISCO,Banking,7039.0100000000075
2025-04-17,150.45,112.68,263.13,37.77,32.47,TISCO,Banking,7076.780000000008
2025-04-18,123.39,121.82,245.22,1.57,33.57,TISCO,Banking,7078.350000000008
2025-04-21,22.01,159.58,181.59,-137.57,15.44,TISCO,Banking,6940.780000000008
2025-04-22,136.15,204.98,341.13,-68.83,29.31,TISCO,Banking,6871.950000000008
2025-04-23,91.14,272.66,363.8,-181.52,33.89,TISCO,Banking,6690.430000000008
2025-04-24,153.44,327.69,481.13,-174.25,28.12,TISCO,Banking,6516.180000000008
2025-04-25,207.95,134.96,342.91,72.99,15.33,TISCO,Banking,6589.170000000007
2025-04-28,76.33,98.79,175.12,-22.45,19.64,TISCO,Banking,6566.7200000000075
2025-04-29,157.63,113.12,270.74,44.51,23.57,TISCO,Banking,6611.230000000008
2025-04-30,187.06,186.55,373.61,0.5,25.9,TISCO,Banking,6611.730000000008
2025-05-02,143.58,94.32,237.9,49.25,33.98,TISCO,Banking,6660.980000000008
2025-05-06,177.44,108.16,285.6,69.29,32.81,TISCO,Banking,6730.270000000008
2025-05-07,185.99,95.18,281.17,90.81,32.16,TISCO,Banking,6821.080000000008
2025-05-08,158.1,64.03,222.14,94.07,31.8,TISCO,Banking,6915.150000000008
2025-05-09,138.82,115.85,254.67,22.97,38.19,TISCO,Banking,6938.120000000008
2025-05-13,97.03,118.93,215.97,-21.9,38.14,TISCO,Banking,6916.220000000008
2025-05-14,140.97,73.31,214.28,67.67,37.32,TISCO,Banking,6983.8900000000085
2025-05-15,123.91,102.72,226.63,21.19,41.87,TISCO,Banking,7005.080000000008
2025-05-16,170.91,137.49,308.4,33.42,33.05,TISCO,Banking,7038.500000000008
2025-05-19,95.22,109.18,204.39,-13.96,37.97,TISCO,Banking,7024.540000000008
2025-05-20,186.42,88.51,274.93,97.91,29.98,TISCO,Banking,7122.450000000008
2025-05-21,85.78,74.84,160.62,10.93,33.41,TISCO,Banking,7133.380000000008
2025-05-22,91.4,85.05,176.45,6.35,38.29,TISCO,Banking,7139.730000000009
2025-05-23,38.44,61.46,99.9,-23.02,32.7,TISCO,Banking,7116.710000000008
2025-05-26,123.25,59.3,182.56,63.95,36.42,TISCO,Banking,7180.660000000008
2025-05-27,177.98,291.64,469.62,-113.66,31.29,TISCO,Banking,7067.000000000008
2025-05-28,90.61,54.46,145.07,36.16,37.81,TISCO,Banking,7103.160000000008
2025-05-29,57.66,114.94,172.6,-57.27,46.69,TISCO,Banking,7045.890000000008
2025-05-30,131.11,108.47,239.58,22.64,45.27,TISCO,Banking,7068.530000000008
2025-06-04,103.22,137.5,240.72,-34.28,22.29,TISCO,Banking,7034.250000000008
2025-06-05,93.88,72.73,166.61,21.16,32.56,TISCO,Banking,7055.410000000008
2025-06-06,44.14,23.09,67.23,21.05,30.05,TISCO,Banking,7076.460000000008
2025-06-09,44.26,61.61,105.87,-17.35,46.66,TISCO,Banking,7059.110000000008
2025-06-10,126.2,61.79,187.99,64.41,33.78,TISCO,Banking,7123.520000000008
2025-06-11,84.29,68.59,152.88,15.7,35.31,TISCO,Banking,7139.2200000000075
2025-06-12,40.39,72.06,112.45,-31.68,23.46,TISCO,Banking,7107.540000000007
2025-06-13,52.99,87.99,140.99,-35.0,32.72,TISCO,Banking,7072.540000000007
2025-06-16,62.72,78.42,141.14,-15.7,36.96,TISCO,Banking,7056.840000000007
2025-06-17,71.51,145.36,216.87,-73.85,34.64,TISCO,Banking,6982.990000000007
2025-06-18,68.02,90.81,158.82,-22.79,25.51,TISCO,Banking,6960.200000000007
2025-06-19,88.12,80.88,169.0,7.24,31.0,TISCO,Banking,6967.440000000007
2025-06-20,100.11,118.95,219.06,-18.84,35.86,TISCO,Banking,6948.600000000007
2025-06-23,75.45,98.69,174.14,-23.23,24.55,TISCO,Banking,6925.370000000007
2025-06-24,62.14,62.04,124.17,0.1,29.84,TISCO,Banking,6925.4700000000075
2025-06-25,125.6,76.35,201.95,49.25,42.01,TISCO,Banking,6974.7200000000075
2025-06-26,143.13,77.34,220.47,65.79,30.13,TISCO,Banking,7040.5100000000075
2025-06-27,108.73,84.08,192.81,24.65,39.54,TISCO,Banking,7065.160000000007
2025-06-30,8.94,105.33,114.27,-96.39,20.01,TISCO,Banking,6968.770000000007
2025-07-01,67.29,99.75,167.04,-32.46,36.47,TISCO,Banking,6936.310000000007
2025-07-02,44.49,37.42,81.91,7.06,19.37,TISCO,Banking,6943.370000000007
2025-07-03,80.19,75.08,155.28,5.11,27.62,TISCO,Banking,6948.480000000007
2025-07-04,36.5,40.58,77.08,-4.07,35.52,TISCO,Banking,6944.410000000007
2025-07-07,66.35,28.73,95.08,37.62,27.15,TISCO,Banking,6982.030000000007
2025-07-08,136.93,96.94,233.87,39.99,34.7,TISCO,Banking,7022.020000000007
2025-07-09,68.16,63.59,131.75,4.58,38.11,TISCO,Banking,7026.600000000007
2025-07-11,30.08,43.91,73.99,-13.84,39.16,TISCO,Banking,7012.760000000007
2025-07-14,36.67,44.16,80.83,-7.5,30.03,TISCO,Banking,7005.260000000007
2025-07-15,154.36,68.51,222.87,85.85,24.39,TISCO,Banking,7091.110000000007
2025-07-16,98.9,208.03,306.93,-109.13,25.0,TISCO,Banking,6981.980000000007
2025-07-17,111.07,214.45,325.51,-103.38,26.33,TISCO,Banking,6878.600000000007
2025-07-18,93.85,70.8,164.65,23.05,28.76,TISCO,Banking,6901.650000000007
2025-07-21,117.23,39.22,156.45,78.01,23.09,TISCO,Banking,6979.660000000007
2025-07-22,240.58,104.33,344.91,136.25,32.8,TISCO,Banking,7115.910000000007
2025-07-23,72.36,89.81,162.17,-17.45,24.01,TISCO,Banking,7098.460000000007
2025-07-24,92.94,50.68,143.62,42.26,23.59,TISCO,Banking,7140.7200000000075
2025-07-25,10.3,24.96,35.27,-14.66,21.74,TISCO,Banking,7126.060000000008
2025-07-29,104.94,73.74,178.68,31.2,29.78,TISCO,Banking,7157.2600000000075
2025-07-30,106.84,47.21,154.05,59.63,24.56,TISCO,Banking,7216.890000000008
2025-07-31,312.18,143.23,455.41,168.95,42.28,TISCO,Banking,7385.840000000007
2025-08-01,149.47,84.21,233.67,65.26,37.44,TISCO,Banking,7451.100000000008
2025-08-04,94.37,56.54,150.9,37.83,32.8,TISCO,Banking,7488.930000000008
2025-08-05,113.43,21.45,134.88,91.98,32.72,TISCO,Banking,7580.910000000007
2025-08-06,187.65,53.26,240.9,134.39,26.3,TISCO,Banking,7715.3000000000075
2025-08-07,90.23,126.65,216.88,-36.42,17.81,TISCO,Banking,7678.880000000007
2025-08-08,135.02,58.51,193.53,76.5,14.15,TISCO,Banking,7755.380000000007
2025-08-13,592.01,141.78,733.79,450.24,34.24,TISCO,Banking,8205.620000000008
2025-08-14,125.67,76.67,202.33,49.0,23.64,TISCO,Banking,8254.620000000008
2025-08-15,73.13,39.07,112.2,34.06,31.8,TISCO,Banking,8288.680000000008
2025-08-18,104.11,45.43,149.54,58.68,31.6,TISCO,Banking,8347.360000000008
2025-08-19,103.7,81.78,185.47,21.92,30.42,TISCO,Banking,8369.280000000008
2025-08-20,66.82,42.68,109.5,24.15,30.65,TISCO,Banking,8393.430000000008
2025-08-21,23.89,26.44,50.32,-2.55,26.55,TISCO,Banking,8390.880000000008
2025-08-22,85.76,51.86,137.62,33.9,33.98,TISCO,Banking,8424.780000000008
2025-08-25,41.5,83.52,125.03,-42.02,23.9,TISCO,Banking,8382.760000000007
2025-08-26,65.09,122.25,187.34,-57.15,31.34,TISCO,Banking,8325.610000000008
2025-08-27,123.14,40.4,163.55,82.74,38.94,TISCO,Banking,8408.350000000008
2025-08-28,44.5,68.03,112.53,-23.53,26.22,TISCO,Banking,8384.820000000007
2025-08-29,52.69,61.57,114.27,-8.88,23.06,TISCO,Banking,8375.940000000008
2025-09-01,51.66,42.66,94.32,9.0,19.12,TISCO,Banking,8384.940000000008
2025-09-02,55.41,37.91,93.32,17.5,18.37,TISCO,Banking,8402.440000000008
2025-09-03,30.96,79.19,110.14,-48.23,23.99,TISCO,Banking,8354.210000000008
2025-09-04,29.92,21.3,51.23,8.62,15.79,TISCO,Banking,8362.830000000009
2025-09-05,103.82,125.4,229.21,-21.58,26.24,TISCO,Banking,8341.25000000001
2025-09-08,118.7,77.63,196.33,41.07,23.36,TISCO,Banking,8382.320000000009
2025-09-09,39.89,205.28,245.18,-165.39,17.26,TISCO,Banking,8216.93000000001
2025-09-10,78.66,164.38,243.04,-85.73,10.09,TISCO,Banking,8131.20000000001
2025-09-11,100.77,90.29,191.06,10.48,19.03,TISCO,Banking,8141.680000000009
2025-09-12,36.63,37.78,74.41,-1.16,16.41,TISCO,Banking,8140.5200000000095
2025-09-15,50.87,48.39,99.26,2.48,16.29,TISCO,Banking,8143.000000000009
2025-09-16,71.17,81.96,153.13,-10.79,28.56,TISCO,Banking,8132.210000000009
2025-09-17,100.27,127.27,227.54,-27.0,26.86,TISCO,Banking,8105.210000000009
2025-09-18,84.24,37.44,121.68,46.81,22.62,TISCO,Banking,8152.0200000000095
2025-09-19,156.51,93.74,250.26,62.77,29.64,TISCO,Banking,8214.79000000001
2025-09-22,88.13,59.67,147.8,28.47,29.84,TISCO,Banking,8243.26000000001
2025-09-23,56.94,25.82,82.76,31.11,18.15,TISCO,Banking,8274.37000000001
2025-09-24,19.14,14.27,33.41,4.87,21.34,TISCO,Banking,8279.24000000001
2025-09-25,32.01,24.87,56.88,7.14,17.08,TISCO,Banking,8286.38000000001
2025-09-26,81.66,55.92,137.58,25.74,27.67,TISCO,Banking,8312.12000000001
2025-09-29,75.83,55.99,131.82,19.85,25.77,TISCO,Banking,8331.97000000001
2025-09-30,190.32,135.49,325.81,54.82,42.1,TISCO,Banking,8386.79000000001
2025-10-01,19.74,26.87,46.61,-7.13,22.3,TISCO,Banking,8379.66000000001
2025-10-02,57.84,51.88,109.72,5.96,19.5,TISCO,Banking,8385.62000000001
2025-10-03,233.84,44.45,278.29,189.39,22.95,TISCO,Banking,8575.01000000001
2025-10-06,65.35,29.78,95.13,35.57,32.33,TISCO,Banking,8610.580000000009
2025-10-07,83.27,64.89,148.16,18.39,21.3,TISCO,Banking,8628.970000000008
2025-10-08,128.74,35.98,164.72,92.76,21.41,TISCO,Banking,8721.730000000009
2025-10-09,92.29,24.72,117.0,67.57,18.29,TISCO,Banking,8789.300000000008
2025-10-10,162.11,58.25,220.36,103.86,26.57,TISCO,Banking,8893.160000000009
2025-10-14,74.18,61.88,136.07,12.3,30.58,TISCO,Banking,8905.460000000008
2025-10-15,1033.07,284.24,1317.31,748.83,37.97,TISCO,Banking,9654.290000000008
2025-10-16,285.18,130.07,415.25,155.1,26.46,TISCO,Banking,9809.390000000009
2025-10-17,159.12,43.25,202.37,115.86,24.64,TISCO,Banking,9925.25000000001
2025-10-20,175.58,84.53,260.11,91.05,24.19,TISCO,Banking,10016.300000000008
2025-10-21,183.28,59.16,242.43,124.12,25.24,TISCO,Banking,10140.42000000001
2025-10-22,223.85,142.84,366.69,81.02,31.22,TISCO,Banking,10221.44000000001
2025-10-24,316.51,133.61,450.11,182.9,41.58,TISCO,Banking,10404.34000000001
2025-10-27,166.67,119.59,286.27,47.08,38.76,TISCO,Banking,10451.42000000001
2025-10-28,211.28,123.49,334.78,87.79,36.38,TISCO,Banking,10539.21000000001
2025-10-29,133.71,111.2,244.9,22.51,38.54,TISCO,Banking,10561.72000000001
2025-10-30,179.3,138.96,318.26,40.34,35.13,TISCO,Banking,10602.06000000001
2025-10-31,43.27,33.03,76.3,10.24,27.73,TISCO,Banking,10612.30000000001
2025-11-03,46.41,31.06,77.47,15.35,16.21,TISCO,Banking,10627.65000000001
2025-11-04,176.39,67.26,243.65,109.13,26.62,TISCO,Banking,10736.78000000001
2025-11-05,165.28,81.84,247.11,83.44,33.68,TISCO,Banking,10820.22000000001
2025-11-06,120.48,128.58,249.06,-8.1,33.59,TISCO,Banking,10812.12000000001
2025-11-07,47.45,62.74,110.19,-15.29,30.2,TISCO,Banking,10796.830000000009
2025-11-10,100.1,52.56,152.67,47.54,35.08,TISCO,Banking,10844.37000000001
2025-11-11,70.76,108.37,179.13,-37.6,27.53,TISCO,Banking,10806.77000000001
2025-11-12,68.79,85.64,154.43,-16.84,28.12,TISCO,Banking,10789.93000000001
2025-11-13,30.95,65.26,96.21,-34.31,34.88,TISCO,Banking,10755.62000000001
2025-11-14,59.47,133.66,193.13,-74.18,25.56,TISCO,Banking,10681.44000000001
2025-11-17,115.24,170.33,285.57,-55.09,34.38,TISCO,Banking,10626.35000000001
2025-11-18,83.97,50.55,134.52,33.43,33.17,TISCO,Banking,10659.78000000001
2025-11-19,145.29,64.66,209.95,80.63,28.47,TISCO,Banking,10740.410000000009
2025-11-20,139.24,77.81,217.05,61.43,25.01,TISCO,Banking,10801.84000000001
2025-11-21,220.65,84.4,305.05,136.25,31.28,TISCO,Banking,10938.09000000001
2025-11-24,192.08,208.48,400.56,-16.4,38.6,TISCO,Banking,10921.69000000001
2025-11-25,89.27,47.11,136.37,42.16,26.8,TISCO,Banking,10963.85000000001
2025-11-26,210.08,33.01,243.08,177.07,23.45,TISCO,Banking,11140.92000000001
2025-11-27,46.09,50.4,96.5,-4.31,22.67,TISCO,Banking,11136.61000000001
2025-11-28,161.49,55.81,217.3,105.68,24.92,TISCO,Banking,11242.29000000001
2025-12-01,234.38,27.9,262.27,206.48,28.37,TISCO,Banking,11448.77000000001
2025-12-02,320.79,64.56,385.36,256.23,29.49,TISCO,Banking,11705.00000000001
2025-12-03,285.26,93.39,378.65,191.87,31.76,TISCO,Banking,11896.87000000001
2025-12-04,146.21,192.56,338.77,-46.35,29.96,TISCO,Banking,11850.52000000001
2025-12-08,48.87,94.41,143.28,-45.55,29.63,TISCO,Banking,11804.97000000001
2025-12-09,82.52,157.71,240.23,-75.19,36.32,TISCO,Banking,11729.78000000001
2025-12-11,17.26,58.46,75.73,-41.2,32.46,TISCO,Banking,11688.580000000009
2025-12-12,6.53,12.58,19.11,-6.05,20.74,TISCO,Banking,11682.53000000001
2025-12-15,61.97,141.03,203.0,-79.06,32.55,TISCO,Banking,11603.47000000001
2025-12-16,53.6,31.95,85.55,21.65,20.67,TISCO,Banking,11625.12000000001
2025-12-17,185.16,111.65,296.81,73.51,32.56,TISCO,Banking,11698.63000000001
2025-12-18,398.33,70.81,469.14,327.53,25.22,TISCO,Banking,12026.16000000001
2025-12-19,67.93,96.17,164.1,-28.24,28.63,TISCO,Banking,11997.920000000011
2025-12-22,190.79,228.45,419.24,-37.66,41.86,TISCO,Banking,11960.260000000011
2025-12-23,124.41,122.99,247.4,1.41,30.69,TISCO,Banking,11961.670000000011
2025-12-24,95.25,127.96,223.21,-32.71,36.6,TISCO,Banking,11928.960000000012
2025-12-25,88.53,132.5,221.03,-43.97,27.62,TISCO,Banking,11884.990000000013
2025-12-26,107.2,86.99,194.19,20.21,35.19,TISCO,Banking,11905.200000000012
2025-12-29,37.59,95.14,132.74,-57.55,25.43,TISCO,Banking,11847.650000000012
2025-12-30,75.66,128.59,204.25,-52.93,36.73,TISCO,Banking,11794.720000000012
2026-01-05,203.78,143.52,347.31,60.26,30.91,TISCO,Banking,11854.980000000012
2026-01-06,58.32,140.27,198.6,-81.95,23.42,TISCO,Banking,11773.030000000012
2026-01-07,87.57,239.57,327.14,-152.0,32.17,TISCO,Banking,11621.030000000012
2026-01-08,142.85,157.4,300.25,-14.56,31.72,TISCO,Banking,11606.470000000012
2026-01-09,53.97,191.71,245.68,-137.74,34.13,TISCO,Banking,11468.730000000012
2026-01-12,48.33,112.45,160.78,-64.12,35.02,TISCO,Banking,11404.610000000011
2026-01-13,87.0,184.29,271.3,-97.29,28.61,TISCO,Banking,11307.32000000001
2026-01-14,96.08,230.86,326.94,-134.78,25.16,TISCO,Banking,11172.54000000001
2026-01-15,215.97,82.87,298.84,133.1,33.23,TISCO,Banking,11305.64000000001
2026-01-16,164.47,97.27,261.74,67.19,34.74,TISCO,Banking,11372.83000000001
2026-01-19,64.72,154.03,218.76,-89.31,36.58,TISCO,Banking,11283.520000000011
2026-01-20,98.28,166.43,264.71,-68.15,23.52,TISCO,Banking,11215.370000000012
2026-01-21,229.54,213.06,442.6,16.48,30.61,TISCO,Banking,11231.850000000011
2026-01-22,132.14,202.01,334.15,-69.86,31.14,TISCO,Banking,11161.99000000001
2026-01-23,106.88,127.64,234.53,-20.76,39.12,TISCO,Banking,11141.23000000001
2026-01-26,121.42,97.77,219.19,23.65,34.93,TISCO,Banking,11164.88000000001
2026-01-27,226.47,144.07,370.54,82.4,39.52,TISCO,Banking,11247.28000000001
2026-01-28,95.05,95.14,190.19,-0.1,39.98,TISCO,Banking,11247.18000000001
2026-01-29,131.35,114.25,245.6,17.1,43.59,TISCO,Banking,11264.28000000001
2026-01-30,376.18,292.31,668.49,83.87,74.14,TISCO,Banking,11348.15000000001
2026-02-02,147.63,146.93,294.56,0.69,38.68,TISCO,Banking,11348.840000000011
2026-02-03,155.13,103.51,258.64,51.62,35.18,TISCO,Banking,11400.460000000012
2026-02-04,124.8,184.23,309.03,-59.44,22.98,TISCO,Banking,11341.020000000011
2026-02-05,202.33,174.55,376.88,27.78,31.19,TISCO,Banking,11368.800000000012
2026-02-06,100.55,117.52,218.07,-16.97,29.47,TISCO,Banking,11351.830000000013
2026-02-09,211.35,147.16,358.51,64.2,36.62,TISCO,Banking,11416.030000000013
2026-02-10,222.41,159.47,381.88,62.94,39.42,TISCO,Banking,11478.970000000014
2026-02-11,108.91,151.78,260.7,-42.87,34.84,TISCO,Banking,11436.100000000013
2026-02-12,154.17,303.75,457.91,-149.58,33.96,TISCO,Banking,11286.520000000013
2026-02-13,249.89,127.02,376.91,122.87,32.99,TISCO,Banking,11409.390000000014
2026-02-16,75.94,72.0,147.94,3.94,29.11,TISCO,Banking,11413.330000000014
2026-02-17,294.69,143.18,437.88,151.51,33.35,TISCO,Banking,11564.840000000015
2026-02-18,95.72,93.54,189.27,2.18,27.22,TISCO,Banking,11567.020000000015
2026-02-19,267.29,274.23,541.52,-6.95,45.95,TISCO,Banking,11560.070000000014
2026-02-20,113.63,124.82,238.45,-11.18,40.19,TISCO,Banking,11548.890000000014
2026-02-23,358.41,308.84,667.24,49.57,42.97,TISCO,Banking,11598.460000000014
2026-02-24,111.19,184.63,295.82,-73.44,43.42,TISCO,Banking,11525.020000000013
2026-02-25,197.25,191.47,388.72,5.78,41.23,TISCO,Banking,11530.800000000014
2026-02-26,174.18,143.9,318.08,30.29,47.15,TISCO,Banking,11561.090000000015
2026-02-27,123.64,277.63,401.27,-153.98,29.72,TISCO,Banking,11407.110000000015
2026-03-02,163.78,179.98,343.76,-16.2,27.6,TISCO,Banking,11390.910000000014
2026-03-04,543.98,541.97,1085.95,2.01,31.27,TISCO,Banking,11392.920000000015
2026-03-05,105.75,207.35,313.11,-101.6,29.74,TISCO,Banking,11291.320000000014
2026-03-06,64.66,225.12,289.78,-160.46,34.8,TISCO,Banking,11130.860000000015
2026-03-09,150.77,402.08,552.86,-251.31,32.11,TISCO,Banking,10879.550000000016
2026-03-10,205.46,342.99,548.44,-137.53,46.73,TISCO,Banking,10742.020000000015
2026-03-11,183.82,277.93,461.75,-94.11,49.95,TISCO,Banking,10647.910000000014
2026-03-12,121.7,213.35,335.05,-91.65,47.57,TISCO,Banking,10556.260000000015
2026-03-13,77.25,79.77,157.02,-2.51,31.32,TISCO,Banking,10553.750000000015
2026-03-16,130.89,219.98,350.87,-89.08,33.44,TISCO,Banking,10464.670000000015
2026-03-17,87.2,66.05,153.25,21.15,27.41,TISCO,Banking,10485.820000000014
2026-03-18,161.65,108.32,269.96,53.33,31.76,TISCO,Banking,10539.150000000014
2026-03-19,320.03,200.45,520.48,119.57,43.47,TISCO,Banking,10658.720000000014
2026-03-20,368.81,485.12,853.93,-116.31,45.39,TISCO,Banking,10542.410000000014
2026-03-23,140.24,343.32,483.56,-203.07,36.6,TISCO,Banking,10339.340000000015
2026-03-24,338.27,248.16,586.43,90.11,42.78,TISCO,Banking,10429.450000000015
2026-03-25,141.31,173.29,314.6,-31.99,37.55,TISCO,Banking,10397.460000000015
2026-03-26,67.24,123.96,191.2,-56.72,25.43,TISCO,Banking,10340.740000000016
2026-03-27,148.66,166.3,314.96,-17.64,39.03,TISCO,Banking,10323.100000000017
2026-03-30,98.56,153.09,251.64,-54.53,31.87,TISCO,Banking,10268.570000000016
2026-03-31,88.81,76.37,165.18,12.44,37.06,TISCO,Banking,10281.010000000017
2026-04-01,179.75,137.94,317.69,41.82,33.0,TISCO,Banking,10322.830000000016
2026-04-02,274.85,241.08,515.93,33.77,46.31,TISCO,Banking,10356.600000000017
2026-04-03,34.65,6.45,41.1,28.2,23.89,TISCO,Banking,10384.800000000017
2026-04-07,330.8,185.06,515.86,145.74,30.11,TISCO,Banking,10530.540000000017
2026-04-08,123.89,121.01,244.91,2.88,29.46,TISCO,Banking,10533.420000000016
2026-04-09,163.37,149.46,312.83,13.92,41.12,TISCO,Banking,10547.340000000017
2026-04-10,61.72,77.28,139.01,-15.56,33.43,TISCO,Banking,10531.780000000017
2026-04-16,196.46,358.28,554.74,-161.82,31.59,TISCO,Banking,10369.960000000017
2026-04-17,130.39,252.37,382.77,-121.98,36.95,TISCO,Banking,10247.980000000018
2026-04-20,184.49,347.55,532.04,-163.06,33.88,TISCO,Banking,10084.920000000018
2026-04-21,190.41,169.72,360.13,20.69,31.24,TISCO,Banking,10105.610000000019
2026-04-22,165.1,356.05,521.15,-190.96,33.62,TISCO,Banking,9914.65000000002
2026-04-23,42.77,280.29,323.06,-237.53,29.95,TISCO,Banking,9677.120000000019
2026-04-24,23.0,270.55,293.55,-247.55,25.84,TISCO,Banking,9429.57000000002
2026-04-27,160.69,252.88,413.57,-92.19,29.04,TISCO,Banking,9337.38000000002
2026-04-28,53.96,384.85,438.81,-330.89,30.22,TISCO,Banking,9006.49000000002
2026-04-29,304.96,329.42,634.38,-24.46,21.28,TISCO,Banking,8982.03000000002
2026-04-30,82.48,275.58,358.06,-193.1,23.19,TISCO,Banking,8788.93000000002
2026-05-05,117.82,141.97,259.79,-24.15,27.04,TISCO,Banking,8764.78000000002
2026-05-06,116.28,79.1,195.38,37.17,16.5,TISCO,Banking,8801.95000000002
2026-05-07,63.6,55.62,119.23,7.98,18.36,TISCO,Banking,8809.93000000002
2026-05-08,43.09,35.91,79.0,7.18,15.41,TISCO,Banking,8817.11000000002
2026-05-11,99.18,27.66,126.85,71.52,26.2,TISCO,Banking,8888.630000000021
2026-05-12,84.77,69.44,154.21,15.32,36.39,TISCO,Banking,8903.95000000002
2026-05-13,112.15,149.19,261.34,-37.04,38.03,TISCO,Banking,8866.91000000002
2026-05-14,114.68,119.84,234.52,-5.16,30.83,TISCO,Banking,8861.75000000002
2026-05-15,189.6,68.7,258.3,120.9,26.9,TISCO,Banking,8982.65000000002
2026-05-18,260.82,217.73,478.55,43.09,37.24,TISCO,Banking,9025.74000000002
2026-05-19,110.27,129.41,239.68,-19.14,30.74,TISCO,Banking,9006.60000000002
2026-05-20,88.77,119.41,208.18,-30.63,36.07,TISCO,Banking,8975.970000000021
2026-05-21,55.93,96.12,152.04,-40.19,35.26,TISCO,Banking,8935.78000000002
2026-05-22,46.32,31.37,77.69,14.95,15.64,TISCO,Banking,8950.730000000021
2026-05-25,30.4,33.66,64.07,-3.26,18.6,TISCO,Banking,8947.470000000021
2026-05-26,54.39,27.9,82.29,26.5,32.33,TISCO,Banking,8973.970000000021
2026-05-27,133.0,37.65,170.65,95.36,26.64,TISCO,Banking,9069.330000000022
2026-05-28,28.78,39.48,68.26,-10.7,27.56,TISCO,Banking,9058.630000000021
2026-05-29,59.35,25.11,84.46,34.24,21.22,TISCO,Banking,9092.87000000002
2026-06-02,145.7,40.98,186.68,104.72,29.0,TISCO,Banking,9197.59000000002
2026-06-04,257.98,138.29,396.27,119.69,22.93,TISCO,Banking,9317.28000000002
2026-06-05,129.44,69.36,198.8,60.08,30.51,TISCO,Banking,9377.36000000002
2026-06-08,151.16,128.75,279.92,22.41,25.34,TISCO,Banking,9399.77000000002
2026-06-09,132.38,50.64,183.02,81.74,21.72,TISCO,Banking,9481.51000000002
2026-06-10,204.84,80.84,285.69,124.0,30.72,TISCO,Banking,9605.51000000002
2026-06-11,39.44,177.78,217.22,-138.34,36.09,TISCO,Banking,9467.17000000002
2026-06-12,143.4,27.95,171.35,115.45,27.3,TISCO,Banking,9582.62000000002
2026-06-15,109.84,79.14,188.98,30.7,32.73,TISCO,Banking,9613.320000000022
2026-06-16,195.5,122.66,318.16,72.83,22.88,TISCO,Banking,9686.150000000021
2026-06-17,159.03,212.32,371.35,-53.29,33.89,TISCO,Banking,9632.86000000002
2026-06-18,348.44,147.67,496.11,200.77,28.19,TISCO,Banking,9833.630000000021
2026-06-19,68.54,202.11,270.64,-133.57,28.8,TISCO,Banking,9700.060000000021
2026-06-22,116.04,119.34,235.38,-3.3,23.35,TISCO,Banking,9696.760000000022
2026-06-23,181.35,146.85,328.2,34.51,30.88,TISCO,Banking,9731.270000000022
2026-06-24,121.19,104.13,225.32,17.06,34.26,TISCO,Banking,9748.330000000022
2026-06-25,109.89,129.79,239.68,-19.91,33.54,TISCO,Banking,9728.420000000022
2026-06-26,102.45,95.18,197.63,7.27,34.85,TISCO,Banking,9735.690000000022
2026-06-29,161.1,167.54,328.64,-6.43,36.45,TISCO,Banking,9729.260000000022
2026-06-30,327.79,321.27,649.06,6.52,52.86,TISCO,Banking,9735.780000000022
2026-07-01,55.24,62.89,118.13,-7.65,27.92,TISCO,Banking,9728.130000000023
2026-07-02,283.72,268.04,551.76,15.67,31.43,TISCO,Banking,9743.800000000023
2026-07-03,281.45,98.28,379.73,183.16,27.07,TISCO,Banking,9926.960000000023
2026-07-06,150.8,97.15,247.95,53.65,26.8,TISCO,Banking,9980.610000000022
2026-07-07,372.96,241.11,614.06,131.85,43.44,TISCO,Banking,10112.460000000023
2026-07-08,145.25,59.46,204.71,85.79,25.48,TISCO,Banking,10198.250000000024
2026-07-09,151.59,107.73,259.31,43.86,25.22,TISCO,Banking,10242.110000000024
2026-07-10,257.87,222.96,480.83,34.91,32.44,TISCO,Banking,10277.020000000024
2026-07-13,275.98,154.6,430.59,121.38,44.06,TISCO,Banking,10398.400000000023
2026-07-14,83.37,251.93,335.3,-168.56,34.54,TISCO,Banking,10229.840000000024
2026-07-15,201.96,147.1,349.05,54.86,30.97,TISCO,Banking,10284.700000000024
2026-07-16,277.78,155.25,433.03,122.53,38.34,TISCO,Banking,10407.230000000025
2026-07-17,107.31,183.45,290.76,-76.13,31.49,TISCO,Banking,10331.100000000026
2026-07-20,248.77,226.22,474.98,22.55,33.85,TISCO,Banking,10353.650000000025
2026-07-21,244.24,326.99,571.23,-82.74,31.68,TISCO,Banking,10270.910000000025
2026-07-22,222.34,163.59,385.93,58.75,35.0,TISCO,Banking,10329.660000000025
2026-07-23,123.94,102.78,226.71,21.16,29.41,TISCO,Banking,10350.820000000025
2026-07-24,177.78,49.0,226.79,128.78,26.34,TISCO,Banking,10479.600000000026
