date,buy_mb,sell_mb,buy_sell_mb,net_mb,nvdr_pct,symbol,sector,cumulative_net_mb
2020-01-02,9.82,8.86,18.68,0.96,13.68,TOA,Conmat,0.96
2020-01-03,28.27,33.9,62.17,-5.62,19.36,TOA,Conmat,-4.66
2020-01-06,29.41,10.59,40.0,18.82,25.74,TOA,Conmat,14.16
2020-01-07,40.25,10.85,51.1,29.41,25.52,TOA,Conmat,43.57
2020-01-08,21.39,22.23,43.62,-0.84,22.98,TOA,Conmat,42.73
2020-01-09,53.58,23.9,77.49,29.68,27.14,TOA,Conmat,72.41
2020-01-10,7.09,5.0,12.09,2.09,17.36,TOA,Conmat,74.5
2020-01-13,18.68,10.81,29.5,7.87,17.07,TOA,Conmat,82.37
2020-01-14,13.6,6.11,19.71,7.49,20.67,TOA,Conmat,89.86
2020-01-15,27.49,15.69,43.18,11.8,20.12,TOA,Conmat,101.66
2020-01-16,20.31,37.11,57.43,-16.8,25.89,TOA,Conmat,84.86
2020-01-17,9.15,51.23,60.38,-42.08,22.56,TOA,Conmat,42.78
2020-01-20,28.89,12.06,40.94,16.83,23.1,TOA,Conmat,59.61
2020-01-21,34.84,12.64,47.48,22.19,26.78,TOA,Conmat,81.8
2020-01-22,30.84,30.1,60.95,0.74,26.68,TOA,Conmat,82.53999999999999
2020-01-23,4.61,9.0,13.61,-4.39,21.89,TOA,Conmat,78.14999999999999
2020-01-24,12.35,10.87,23.22,1.48,18.3,TOA,Conmat,79.63
2020-01-27,14.95,37.21,52.16,-22.26,34.71,TOA,Conmat,57.36999999999999
2020-01-28,31.65,20.84,52.49,10.81,33.21,TOA,Conmat,68.17999999999999
2020-01-29,8.59,14.28,22.87,-5.7,25.75,TOA,Conmat,62.47999999999999
2020-01-30,4.14,10.02,14.15,-5.88,12.13,TOA,Conmat,56.59999999999999
2020-01-31,4.24,6.68,10.92,-2.44,11.53,TOA,Conmat,54.15999999999999
2020-02-03,10.11,14.03,24.14,-3.92,17.67,TOA,Conmat,50.23999999999999
2020-02-04,13.89,23.6,37.49,-9.71,25.42,TOA,Conmat,40.52999999999999
2020-02-05,8.79,6.51,15.3,2.28,15.24,TOA,Conmat,42.80999999999999
2020-02-06,15.02,14.91,29.93,0.1,9.88,TOA,Conmat,42.90999999999999
2020-02-07,7.69,5.61,13.3,2.09,19.73,TOA,Conmat,44.999999999999986
2020-02-11,6.64,10.08,16.72,-3.44,38.71,TOA,Conmat,41.55999999999999
2020-02-12,23.6,13.47,37.07,10.13,21.4,TOA,Conmat,51.68999999999999
2020-02-13,7.25,12.6,19.86,-5.35,30.54,TOA,Conmat,46.33999999999999
2020-02-14,26.57,29.05,55.62,-2.47,22.01,TOA,Conmat,43.86999999999999
2020-02-17,12.88,9.24,22.12,3.65,21.27,TOA,Conmat,47.51999999999999
2020-02-18,5.57,14.99,20.56,-9.42,20.94,TOA,Conmat,38.09999999999999
2020-02-19,11.39,15.7,27.09,-4.31,29.34,TOA,Conmat,33.789999999999985
2020-02-20,17.6,27.45,45.05,-9.85,17.62,TOA,Conmat,23.939999999999984
2020-02-21,19.55,21.98,41.53,-2.43,21.77,TOA,Conmat,21.509999999999984
2020-02-24,22.99,26.4,49.39,-3.41,27.62,TOA,Conmat,18.099999999999984
2020-02-25,17.56,21.83,39.39,-4.27,18.61,TOA,Conmat,13.829999999999984
2020-02-26,24.13,15.44,39.57,8.68,24.23,TOA,Conmat,22.509999999999984
2020-02-27,11.8,21.32,33.13,-9.52,19.34,TOA,Conmat,12.989999999999984
2020-02-28,11.46,13.64,25.1,-2.18,16.82,TOA,Conmat,10.809999999999985
2020-03-02,13.98,18.56,32.54,-4.58,20.28,TOA,Conmat,6.229999999999984
2020-03-03,26.67,22.2,48.88,4.47,13.78,TOA,Conmat,10.699999999999985
2020-03-04,21.35,20.69,42.04,0.67,28.31,TOA,Conmat,11.369999999999985
2020-03-05,75.65,49.27,124.92,26.38,40.04,TOA,Conmat,37.749999999999986
2020-03-06,17.38,19.15,36.53,-1.77,19.16,TOA,Conmat,35.97999999999998
2020-03-09,28.88,50.13,79.01,-21.25,23.6,TOA,Conmat,14.729999999999983
2020-03-10,14.95,20.63,35.58,-5.68,20.32,TOA,Conmat,9.049999999999983
2020-03-11,28.52,20.52,49.04,7.99,29.9,TOA,Conmat,17.039999999999985
2020-03-12,35.52,49.46,84.98,-13.94,27.71,TOA,Conmat,3.0999999999999854
2020-03-13,69.75,53.81,123.56,15.94,25.1,TOA,Conmat,19.039999999999985
2020-03-16,27.79,47.32,75.11,-19.54,38.92,TOA,Conmat,-0.5000000000000142
2020-03-17,11.32,24.09,35.41,-12.77,21.89,TOA,Conmat,-13.270000000000014
2020-03-18,32.19,31.23,63.42,0.96,39.46,TOA,Conmat,-12.310000000000013
2020-03-19,12.62,21.2,33.82,-8.59,22.84,TOA,Conmat,-20.900000000000013
2020-03-20,32.26,17.98,50.24,14.27,20.24,TOA,Conmat,-6.630000000000013
2020-03-23,4.98,6.96,11.94,-1.97,16.11,TOA,Conmat,-8.600000000000014
2020-03-24,19.47,17.18,36.66,2.29,32.97,TOA,Conmat,-6.310000000000014
2020-03-25,19.77,8.24,28.01,11.53,12.39,TOA,Conmat,5.2199999999999855
2020-03-26,23.73,4.83,28.57,18.9,21.95,TOA,Conmat,24.119999999999983
2020-03-27,12.94,5.45,18.39,7.49,25.78,TOA,Conmat,31.609999999999985
2020-03-30,14.79,3.92,18.71,10.87,38.15,TOA,Conmat,42.47999999999998
2020-03-31,19.57,13.11,32.67,6.46,19.11,TOA,Conmat,48.93999999999998
2020-04-01,9.96,7.79,17.75,2.17,22.51,TOA,Conmat,51.109999999999985
2020-04-02,35.71,12.88,48.59,22.84,30.64,TOA,Conmat,73.94999999999999
2020-04-03,14.77,19.74,34.5,-4.97,32.44,TOA,Conmat,68.97999999999999
2020-04-07,33.73,37.56,71.29,-3.83,31.44,TOA,Conmat,65.14999999999999
2020-04-08,8.97,9.8,18.77,-0.82,25.56,TOA,Conmat,64.33
2020-04-09,7.27,14.79,22.07,-7.52,21.13,TOA,Conmat,56.81
2020-04-10,5.97,9.48,15.45,-3.51,19.03,TOA,Conmat,53.300000000000004
2020-04-13,3.6,16.29,19.89,-12.69,9.49,TOA,Conmat,40.61000000000001
2020-04-14,21.52,13.62,35.14,7.9,11.86,TOA,Conmat,48.510000000000005
2020-04-15,14.88,13.14,28.02,1.74,14.71,TOA,Conmat,50.25000000000001
2020-04-16,40.72,18.98,59.7,21.74,21.57,TOA,Conmat,71.99000000000001
2020-04-17,30.66,14.31,44.96,16.35,16.25,TOA,Conmat,88.34
2020-04-20,31.31,10.4,41.71,20.91,18.77,TOA,Conmat,109.25
2020-04-21,16.98,13.18,30.16,3.8,28.37,TOA,Conmat,113.05
2020-04-22,13.73,26.04,39.77,-12.3,21.82,TOA,Conmat,100.75
2020-04-23,10.16,16.5,26.66,-6.34,17.56,TOA,Conmat,94.41
2020-04-24,30.36,12.84,43.21,17.52,17.92,TOA,Conmat,111.92999999999999
2020-04-27,16.38,7.57,23.94,8.81,18.79,TOA,Conmat,120.74
2020-04-28,35.52,28.16,63.68,7.36,23.02,TOA,Conmat,128.1
2020-04-29,16.05,32.04,48.08,-15.99,15.82,TOA,Conmat,112.11
2020-04-30,22.78,12.71,35.5,10.07,8.68,TOA,Conmat,122.18
2020-05-05,11.04,19.36,30.4,-8.32,21.7,TOA,Conmat,113.86000000000001
2020-05-07,57.0,15.19,72.18,41.81,17.75,TOA,Conmat,155.67000000000002
2020-05-08,22.97,10.72,33.69,12.25,20.05,TOA,Conmat,167.92000000000002
2020-05-11,12.9,23.68,36.59,-10.78,13.88,TOA,Conmat,157.14000000000001
2020-05-12,19.1,35.39,54.49,-16.3,12.31,TOA,Conmat,140.84
2020-05-13,20.39,72.91,93.31,-52.52,13.08,TOA,Conmat,88.32
2020-05-14,26.77,11.86,38.63,14.92,38.48,TOA,Conmat,103.24
2020-05-15,38.85,23.82,62.67,15.04,21.87,TOA,Conmat,118.28
2020-05-18,4.36,15.85,20.21,-11.5,24.79,TOA,Conmat,106.78
2020-05-19,11.64,6.01,17.65,5.63,9.26,TOA,Conmat,112.41
2020-05-20,13.79,17.81,31.6,-4.01,14.71,TOA,Conmat,108.39999999999999
2020-05-21,10.32,12.48,22.8,-2.16,15.3,TOA,Conmat,106.24
2020-05-22,5.79,9.44,15.23,-3.65,14.6,TOA,Conmat,102.58999999999999
2020-05-25,9.01,18.56,27.57,-9.55,27.36,TOA,Conmat,93.03999999999999
2020-05-26,2.44,11.78,14.22,-9.34,16.9,TOA,Conmat,83.69999999999999
2020-05-27,7.02,21.9,28.92,-14.88,23.39,TOA,Conmat,68.82
2020-05-28,3.7,13.04,16.75,-9.34,18.21,TOA,Conmat,59.47999999999999
2020-05-29,11.2,8.77,19.97,2.43,18.18,TOA,Conmat,61.90999999999999
2020-06-01,13.21,11.8,25.01,1.41,13.26,TOA,Conmat,63.319999999999986
2020-06-02,22.12,9.84,31.96,12.27,10.52,TOA,Conmat,75.58999999999999
2020-06-04,15.5,17.08,32.58,-1.58,9.66,TOA,Conmat,74.00999999999999
2020-06-05,24.66,35.72,60.37,-11.06,32.3,TOA,Conmat,62.94999999999999
2020-06-08,22.07,53.8,75.88,-31.73,28.09,TOA,Conmat,31.219999999999988
2020-06-09,24.84,82.74,107.58,-57.91,35.43,TOA,Conmat,-26.69000000000001
2020-06-10,13.17,28.68,41.85,-15.5,20.04,TOA,Conmat,-42.19000000000001
2020-06-11,5.15,34.5,39.65,-29.34,24.15,TOA,Conmat,-71.53000000000002
2020-06-12,9.64,25.7,35.34,-16.06,30.26,TOA,Conmat,-87.59000000000002
2020-06-15,9.25,36.46,45.71,-27.21,20.77,TOA,Conmat,-114.80000000000001
2020-06-16,19.19,44.99,64.18,-25.81,29.53,TOA,Conmat,-140.61
2020-06-17,14.06,34.16,48.22,-20.1,27.72,TOA,Conmat,-160.71
2020-06-18,7.34,8.07,15.41,-0.73,20.59,TOA,Conmat,-161.44
2020-06-19,1.64,4.83,6.47,-3.19,13.24,TOA,Conmat,-164.63
2020-06-22,6.84,9.25,16.09,-2.4,22.67,TOA,Conmat,-167.03
2020-06-23,7.42,7.59,15.02,-0.17,22.12,TOA,Conmat,-167.2
2020-06-24,3.41,10.13,13.54,-6.72,17.64,TOA,Conmat,-173.92
2020-06-25,2.55,7.98,10.54,-5.43,16.76,TOA,Conmat,-179.35
2020-06-26,10.05,11.76,21.8,-1.71,11.77,TOA,Conmat,-181.06
2020-06-29,22.09,7.17,29.26,14.92,17.26,TOA,Conmat,-166.14000000000001
2020-06-30,12.67,11.67,24.34,1.0,15.22,TOA,Conmat,-165.14000000000001
2020-07-01,11.43,12.16,23.59,-0.72,9.52,TOA,Conmat,-165.86
2020-07-02,33.64,26.08,59.72,7.57,17.97,TOA,Conmat,-158.29000000000002
2020-07-03,9.83,1.06,10.9,8.77,10.95,TOA,Conmat,-149.52
2020-07-07,35.36,11.19,46.55,24.17,31.58,TOA,Conmat,-125.35000000000001
2020-07-08,14.32,9.01,23.32,5.31,20.18,TOA,Conmat,-120.04
2020-07-09,38.91,21.76,60.67,17.14,26.34,TOA,Conmat,-102.9
2020-07-10,29.12,27.79,56.91,1.33,15.26,TOA,Conmat,-101.57000000000001
2020-07-13,40.77,29.56,70.33,11.21,14.73,TOA,Conmat,-90.36000000000001
2020-07-14,23.13,6.92,30.05,16.21,12.26,TOA,Conmat,-74.15
2020-07-15,38.56,19.15,57.72,19.41,18.93,TOA,Conmat,-54.74000000000001
2020-07-16,7.38,24.28,31.66,-16.89,28.1,TOA,Conmat,-71.63000000000001
2020-07-17,10.33,25.32,35.65,-14.98,22.81,TOA,Conmat,-86.61000000000001
2020-07-20,12.54,25.05,37.59,-12.51,34.91,TOA,Conmat,-99.12000000000002
2020-07-21,23.1,13.69,36.79,9.42,27.39,TOA,Conmat,-89.70000000000002
2020-07-22,23.01,28.56,51.57,-5.55,36.85,TOA,Conmat,-95.25000000000001
2020-07-23,26.1,11.13,37.23,14.97,27.62,TOA,Conmat,-80.28000000000002
2020-07-24,5.19,24.06,29.25,-18.87,19.95,TOA,Conmat,-99.15000000000002
2020-07-29,7.32,14.63,21.94,-7.31,30.89,TOA,Conmat,-106.46000000000002
2020-07-30,9.15,19.14,28.29,-9.98,23.77,TOA,Conmat,-116.44000000000003
2020-07-31,8.45,13.67,22.11,-5.22,21.75,TOA,Conmat,-121.66000000000003
2020-08-03,11.99,7.78,19.76,4.21,32.38,TOA,Conmat,-117.45000000000003
2020-08-04,36.51,15.23,51.74,21.28,13.92,TOA,Conmat,-96.17000000000003
2020-08-05,11.67,8.62,20.29,3.05,13.17,TOA,Conmat,-93.12000000000003
2020-08-06,7.24,6.72,13.96,0.52,13.8,TOA,Conmat,-92.60000000000004
2020-08-07,19.96,18.71,38.68,1.25,28.08,TOA,Conmat,-91.35000000000004
2020-08-10,11.28,16.67,27.95,-5.4,20.34,TOA,Conmat,-96.75000000000004
2020-08-11,8.39,11.49,19.88,-3.1,17.73,TOA,Conmat,-99.85000000000004
2020-08-13,10.66,27.06,37.72,-16.4,18.31,TOA,Conmat,-116.25000000000003
2020-08-14,8.31,9.35,17.66,-1.04,24.39,TOA,Conmat,-117.29000000000003
2020-08-17,16.99,11.61,28.6,5.38,37.01,TOA,Conmat,-111.91000000000004
2020-08-18,13.82,16.79,30.6,-2.97,15.0,TOA,Conmat,-114.88000000000004
2020-08-19,10.24,16.53,26.76,-6.29,18.94,TOA,Conmat,-121.17000000000004
2020-08-20,3.81,6.31,10.12,-2.5,9.35,TOA,Conmat,-123.67000000000004
2020-08-21,2.48,2.16,4.64,0.31,11.93,TOA,Conmat,-123.36000000000004
2020-08-24,5.48,6.28,11.77,-0.8,11.06,TOA,Conmat,-124.16000000000004
2020-08-25,7.93,3.8,11.73,4.14,19.16,TOA,Conmat,-120.02000000000004
2020-08-26,9.43,10.54,19.97,-1.11,27.33,TOA,Conmat,-121.13000000000004
2020-08-27,8.16,13.42,21.58,-5.25,14.04,TOA,Conmat,-126.38000000000004
2020-08-28,3.27,5.39,8.66,-2.12,27.38,TOA,Conmat,-128.50000000000003
2020-08-31,12.11,6.58,18.69,5.53,14.86,TOA,Conmat,-122.97000000000003
2020-09-01,16.39,45.79,62.19,-29.4,27.64,TOA,Conmat,-152.37000000000003
2020-09-02,17.45,9.7,27.15,7.74,20.51,TOA,Conmat,-144.63000000000002
2020-09-03,3.97,10.61,14.58,-6.64,16.84,TOA,Conmat,-151.27
2020-09-08,5.22,7.0,12.22,-1.78,15.54,TOA,Conmat,-153.05
2020-09-09,13.78,21.4,35.18,-7.61,17.13,TOA,Conmat,-160.66000000000003
2020-09-10,4.21,6.84,11.05,-2.62,20.31,TOA,Conmat,-163.28000000000003
2020-09-11,7.65,7.01,14.66,0.64,25.63,TOA,Conmat,-162.64000000000004
2020-09-14,1.87,6.08,7.95,-4.21,26.72,TOA,Conmat,-166.85000000000005
2020-09-15,4.93,11.42,16.35,-6.5,24.11,TOA,Conmat,-173.35000000000005
2020-09-16,12.67,13.43,26.1,-0.76,21.79,TOA,Conmat,-174.11000000000004
2020-09-17,11.52,8.68,20.2,2.83,21.77,TOA,Conmat,-171.28000000000003
2020-09-18,5.2,5.79,11.0,-0.59,27.93,TOA,Conmat,-171.87000000000003
2020-09-21,7.16,17.72,24.88,-10.56,13.34,TOA,Conmat,-182.43000000000004
2020-09-22,3.91,4.01,7.92,-0.1,7.03,TOA,Conmat,-182.53000000000003
2020-09-23,16.28,10.42,26.7,5.87,14.24,TOA,Conmat,-176.66000000000003
2020-09-24,10.17,14.68,24.85,-4.52,12.71,TOA,Conmat,-181.18000000000004
2020-09-25,3.68,8.53,12.21,-4.85,12.58,TOA,Conmat,-186.03000000000003
2020-09-28,17.49,11.6,29.08,5.89,13.33,TOA,Conmat,-180.14000000000004
2020-09-29,5.26,2.55,7.8,2.71,14.35,TOA,Conmat,-177.43000000000004
2020-09-30,2.01,11.7,13.71,-9.69,23.07,TOA,Conmat,-187.12000000000003
2020-10-01,11.33,3.88,15.21,7.45,12.7,TOA,Conmat,-179.67000000000004
2020-10-02,5.88,11.58,17.46,-5.69,22.07,TOA,Conmat,-185.36000000000004
2020-10-05,10.45,3.12,13.57,7.32,14.4,TOA,Conmat,-178.04000000000005
2020-10-06,27.51,9.34,36.86,18.17,13.03,TOA,Conmat,-159.87000000000006
2020-10-07,25.88,4.98,30.86,20.9,21.65,TOA,Conmat,-138.97000000000006
2020-10-08,12.4,13.66,26.06,-1.27,14.45,TOA,Conmat,-140.24000000000007
2020-10-09,13.76,15.13,28.89,-1.37,14.22,TOA,Conmat,-141.61000000000007
2020-10-12,11.31,13.44,24.74,-2.13,24.35,TOA,Conmat,-143.74000000000007
2020-10-14,6.08,9.17,15.25,-3.09,25.89,TOA,Conmat,-146.83000000000007
2020-10-15,3.39,8.16,11.55,-4.78,10.64,TOA,Conmat,-151.61000000000007
2020-10-16,3.48,5.76,9.23,-2.28,12.46,TOA,Conmat,-153.89000000000007
2020-10-19,17.43,9.25,26.68,8.17,24.49,TOA,Conmat,-145.72000000000008
2020-10-20,16.26,18.94,35.2,-2.68,24.71,TOA,Conmat,-148.4000000000001
2020-10-21,5.52,12.82,18.34,-7.3,29.02,TOA,Conmat,-155.7000000000001
2020-10-22,13.43,11.08,24.51,2.35,25.06,TOA,Conmat,-153.3500000000001
2020-10-26,11.76,5.16,16.92,6.6,14.67,TOA,Conmat,-146.7500000000001
2020-10-27,19.96,9.11,29.06,10.85,17.18,TOA,Conmat,-135.90000000000012
2020-10-28,6.07,6.99,13.06,-0.92,14.22,TOA,Conmat,-136.8200000000001
2020-10-29,1.94,6.15,8.09,-4.22,24.27,TOA,Conmat,-141.0400000000001
2020-10-30,5.5,8.86,14.36,-3.36,22.22,TOA,Conmat,-144.40000000000012
2020-11-02,5.39,8.16,13.55,-2.76,22.82,TOA,Conmat,-147.1600000000001
2020-11-03,1.9,16.12,18.02,-14.22,20.04,TOA,Conmat,-161.3800000000001
2020-11-04,2.48,6.17,8.65,-3.69,22.74,TOA,Conmat,-165.0700000000001
2020-11-05,13.15,19.72,32.87,-6.57,20.08,TOA,Conmat,-171.6400000000001
2020-11-06,16.86,6.85,23.71,10.01,23.05,TOA,Conmat,-161.6300000000001
2020-11-09,26.15,37.87,64.02,-11.72,36.01,TOA,Conmat,-173.3500000000001
2020-11-10,32.99,11.75,44.74,21.24,31.89,TOA,Conmat,-152.1100000000001
2020-11-11,23.67,20.0,43.67,3.67,26.4,TOA,Conmat,-148.4400000000001
2020-11-12,7.87,6.31,14.18,1.55,27.71,TOA,Conmat,-146.8900000000001
2020-11-13,27.46,14.46,41.92,13.0,38.55,TOA,Conmat,-133.8900000000001
2020-11-16,16.7,14.28,30.99,2.42,31.13,TOA,Conmat,-131.4700000000001
2020-11-17,20.39,29.08,49.47,-8.69,32.41,TOA,Conmat,-140.1600000000001
2020-11-18,21.45,36.02,57.48,-14.57,36.61,TOA,Conmat,-154.7300000000001
2020-11-19,17.29,34.14,51.44,-16.85,31.67,TOA,Conmat,-171.5800000000001
2020-11-20,40.94,45.22,86.16,-4.27,38.32,TOA,Conmat,-175.8500000000001
2020-11-23,54.69,77.21,131.9,-22.52,37.18,TOA,Conmat,-198.37000000000012
2020-11-24,35.16,158.15,193.31,-122.99,24.11,TOA,Conmat,-321.3600000000001
2020-11-25,14.81,31.74,46.55,-16.94,18.7,TOA,Conmat,-338.3000000000001
2020-11-26,14.23,18.13,32.35,-3.9,17.69,TOA,Conmat,-342.2000000000001
2020-11-27,14.65,11.04,25.69,3.61,26.29,TOA,Conmat,-338.5900000000001
2020-11-30,10.31,4.8,15.12,5.51,24.83,TOA,Conmat,-333.0800000000001
2020-12-01,14.65,9.65,24.3,5.01,23.75,TOA,Conmat,-328.0700000000001
2020-12-02,22.79,11.06,33.85,11.73,15.71,TOA,Conmat,-316.3400000000001
2020-12-03,24.85,25.58,50.44,-0.73,22.29,TOA,Conmat,-317.0700000000001
2020-12-04,21.96,20.1,42.06,1.87,14.71,TOA,Conmat,-315.2000000000001
2020-12-08,38.59,15.78,54.38,22.81,12.46,TOA,Conmat,-292.3900000000001
2020-12-09,44.65,30.2,74.85,14.45,14.09,TOA,Conmat,-277.9400000000001
2020-12-14,17.9,22.06,39.96,-4.16,27.89,TOA,Conmat,-282.10000000000014
2020-12-15,5.55,5.83,11.38,-0.28,22.47,TOA,Conmat,-282.3800000000001
2020-12-16,35.8,55.39,91.2,-19.59,27.07,TOA,Conmat,-301.9700000000001
2020-12-17,26.93,36.79,63.72,-9.86,16.4,TOA,Conmat,-311.8300000000001
2020-12-18,17.79,13.62,31.42,4.17,19.86,TOA,Conmat,-307.6600000000001
2020-12-21,22.07,27.8,49.88,-5.73,16.95,TOA,Conmat,-313.3900000000001
2020-12-22,14.72,16.66,31.38,-1.94,17.41,TOA,Conmat,-315.3300000000001
2020-12-23,18.74,21.32,40.06,-2.57,34.28,TOA,Conmat,-317.9000000000001
2020-12-24,24.93,17.15,42.08,7.78,20.12,TOA,Conmat,-310.1200000000001
2020-12-25,6.9,12.99,19.9,-6.09,15.4,TOA,Conmat,-316.2100000000001
2020-12-28,9.37,25.04,34.41,-15.67,23.92,TOA,Conmat,-331.8800000000001
2020-12-29,28.22,22.75,50.97,5.46,32.4,TOA,Conmat,-326.42000000000013
2020-12-30,9.27,22.25,31.53,-12.98,15.67,TOA,Conmat,-339.40000000000015
2021-01-04,15.32,22.54,37.86,-7.22,20.11,TOA,Conmat,-346.6200000000002
2021-01-05,16.97,25.82,42.8,-8.85,17.55,TOA,Conmat,-355.4700000000002
2021-01-06,38.81,34.04,72.86,4.77,14.79,TOA,Conmat,-350.7000000000002
2021-01-07,27.36,16.57,43.92,10.79,25.1,TOA,Conmat,-339.9100000000002
2021-01-08,5.64,11.58,17.22,-5.93,11.68,TOA,Conmat,-345.8400000000002
2021-01-11,8.35,14.08,22.43,-5.73,27.88,TOA,Conmat,-351.5700000000002
2021-01-12,9.16,8.65,17.81,0.51,13.64,TOA,Conmat,-351.06000000000023
2021-01-13,18.54,25.27,43.81,-6.73,20.3,TOA,Conmat,-357.79000000000025
2021-01-14,15.06,31.07,46.13,-16.01,12.42,TOA,Conmat,-373.80000000000024
2021-01-15,21.21,34.33,55.54,-13.11,17.46,TOA,Conmat,-386.91000000000025
2021-01-18,14.1,12.2,26.3,1.9,16.85,TOA,Conmat,-385.0100000000003
2021-01-19,12.4,3.79,16.19,8.61,20.76,TOA,Conmat,-376.40000000000026
2021-01-20,9.65,5.53,15.18,4.12,22.68,TOA,Conmat,-372.28000000000026
2021-01-21,9.62,14.39,24.01,-4.76,21.71,TOA,Conmat,-377.04000000000025
2021-01-22,19.75,29.39,49.14,-9.64,16.62,TOA,Conmat,-386.68000000000023
2021-01-25,13.25,8.45,21.71,4.8,17.43,TOA,Conmat,-381.8800000000002
2021-01-26,8.29,14.83,23.12,-6.54,24.06,TOA,Conmat,-388.42000000000024
2021-01-27,2.94,18.3,21.24,-15.36,21.29,TOA,Conmat,-403.78000000000026
2021-01-28,1.65,16.47,18.12,-14.82,13.06,TOA,Conmat,-418.60000000000025
2021-01-29,13.03,5.96,18.99,7.07,12.08,TOA,Conmat,-411.53000000000026
2021-02-01,13.1,5.45,18.54,7.65,9.64,TOA,Conmat,-403.8800000000003
2021-02-02,30.01,8.7,38.71,21.3,13.51,TOA,Conmat,-382.58000000000027
2021-02-03,26.49,3.89,30.38,22.6,10.87,TOA,Conmat,-359.98000000000025
2021-02-04,5.51,14.87,20.38,-9.36,15.81,TOA,Conmat,-369.34000000000026
2021-02-05,4.49,10.83,15.32,-6.34,17.17,TOA,Conmat,-375.68000000000023
2021-02-08,4.07,5.74,9.82,-1.67,6.64,TOA,Conmat,-377.35000000000025
2021-02-09,11.5,5.28,16.78,6.22,10.45,TOA,Conmat,-371.1300000000002
2021-02-10,6.85,12.89,19.74,-6.04,9.9,TOA,Conmat,-377.17000000000024
2021-02-11,2.54,23.87,26.4,-21.33,17.14,TOA,Conmat,-398.5000000000002
2021-02-15,1.48,6.61,8.08,-5.13,11.74,TOA,Conmat,-403.6300000000002
2021-02-16,16.9,7.96,24.86,8.93,13.54,TOA,Conmat,-394.7000000000002
2021-02-17,12.23,3.55,15.78,8.68,16.3,TOA,Conmat,-386.0200000000002
2021-02-18,2.77,4.11,6.88,-1.34,8.17,TOA,Conmat,-387.3600000000002
2021-02-19,0.32,14.83,15.16,-14.51,11.95,TOA,Conmat,-401.8700000000002
2021-02-22,9.33,18.88,28.22,-9.55,18.62,TOA,Conmat,-411.4200000000002
2021-02-23,10.44,3.77,14.21,6.67,14.89,TOA,Conmat,-404.75000000000017
2021-02-24,7.66,5.7,13.36,1.96,13.04,TOA,Conmat,-402.7900000000002
2021-02-25,7.85,5.57,13.42,2.27,13.42,TOA,Conmat,-400.5200000000002
2021-03-01,17.98,9.4,27.38,8.57,12.16,TOA,Conmat,-391.9500000000002
2021-03-02,5.72,7.25,12.97,-1.53,8.33,TOA,Conmat,-393.4800000000002
2021-03-03,45.5,22.57,68.08,22.93,17.76,TOA,Conmat,-370.5500000000002
2021-03-04,2.44,18.59,21.04,-16.15,22.67,TOA,Conmat,-386.70000000000016
2021-03-05,9.85,18.18,28.03,-8.33,13.31,TOA,Conmat,-395.03000000000014
2021-03-08,10.14,6.94,17.08,3.2,8.97,TOA,Conmat,-391.83000000000015
2021-03-09,12.02,10.13,22.15,1.9,17.45,TOA,Conmat,-389.9300000000002
2021-03-10,10.23,26.87,37.09,-16.64,24.02,TOA,Conmat,-406.57000000000016
2021-03-11,16.18,17.47,33.65,-1.28,9.9,TOA,Conmat,-407.85000000000014
2021-03-12,5.06,10.84,15.9,-5.78,12.81,TOA,Conmat,-413.6300000000001
2021-03-15,15.97,10.35,26.32,5.62,13.63,TOA,Conmat,-408.0100000000001
2021-03-16,5.78,5.3,11.08,0.48,11.19,TOA,Conmat,-407.5300000000001
2021-03-17,14.89,5.2,20.08,9.69,21.22,TOA,Conmat,-397.8400000000001
2021-03-18,6.94,11.13,18.07,-4.19,30.46,TOA,Conmat,-402.0300000000001
2021-03-19,14.79,2.91,17.7,11.88,20.8,TOA,Conmat,-390.1500000000001
2021-03-22,2.58,10.62,13.19,-8.04,19.52,TOA,Conmat,-398.1900000000001
2021-03-23,18.62,15.75,34.38,2.87,15.0,TOA,Conmat,-395.3200000000001
2021-03-24,12.86,17.92,30.77,-5.06,9.12,TOA,Conmat,-400.3800000000001
2021-03-25,13.67,13.11,26.78,0.56,11.04,TOA,Conmat,-399.8200000000001
2021-03-26,6.19,4.16,10.35,2.04,13.4,TOA,Conmat,-397.7800000000001
2021-03-29,2.35,1.87,4.22,0.48,6.98,TOA,Conmat,-397.30000000000007
2021-03-30,19.71,13.43,33.14,6.28,32.99,TOA,Conmat,-391.0200000000001
2021-03-31,2.55,5.34,7.89,-2.79,6.32,TOA,Conmat,-393.8100000000001
2021-04-01,4.99,3.78,8.78,1.21,6.82,TOA,Conmat,-392.60000000000014
2021-04-02,10.69,6.69,17.38,4.0,23.32,TOA,Conmat,-388.60000000000014
2021-04-05,1.66,6.88,8.54,-5.22,17.52,TOA,Conmat,-393.82000000000016
2021-04-07,1.77,5.41,7.19,-3.64,7.34,TOA,Conmat,-397.46000000000015
2021-04-08,13.15,8.95,22.11,4.2,15.78,TOA,Conmat,-393.26000000000016
2021-04-09,2.06,0.7,2.76,1.36,3.93,TOA,Conmat,-391.90000000000015
2021-04-12,4.18,8.89,13.08,-4.71,13.33,TOA,Conmat,-396.6100000000001
2021-04-16,38.45,3.77,42.23,34.68,35.19,TOA,Conmat,-361.9300000000001
2021-04-19,11.42,5.94,17.35,5.48,16.14,TOA,Conmat,-356.4500000000001
2021-04-20,3.96,8.4,12.37,-4.44,24.82,TOA,Conmat,-360.8900000000001
2021-04-21,8.89,15.67,24.56,-6.78,26.96,TOA,Conmat,-367.6700000000001
2021-04-22,5.63,13.74,19.36,-8.11,17.21,TOA,Conmat,-375.7800000000001
2021-04-23,31.23,18.42,49.65,12.81,33.8,TOA,Conmat,-362.9700000000001
2021-04-26,25.42,25.82,51.23,-0.4,13.29,TOA,Conmat,-363.37000000000006
2021-04-27,21.57,38.74,60.31,-17.17,8.11,TOA,Conmat,-380.5400000000001
2021-04-28,78.23,42.9,121.13,35.32,18.95,TOA,Conmat,-345.2200000000001
2021-04-29,38.01,27.33,65.34,10.68,20.04,TOA,Conmat,-334.5400000000001
2021-04-30,17.01,25.64,42.65,-8.64,14.84,TOA,Conmat,-343.18000000000006
2021-05-05,34.93,63.54,98.47,-28.62,27.85,TOA,Conmat,-371.80000000000007
2021-05-06,23.94,22.41,46.35,1.53,28.72,TOA,Conmat,-370.2700000000001
2021-05-07,24.12,11.53,35.65,12.59,27.15,TOA,Conmat,-357.6800000000001
2021-05-10,22.93,20.44,43.37,2.5,23.24,TOA,Conmat,-355.1800000000001
2021-05-11,34.21,15.3,49.52,18.91,19.83,TOA,Conmat,-336.2700000000001
2021-05-12,34.06,18.91,52.97,15.15,41.0,TOA,Conmat,-321.1200000000001
2021-05-13,37.83,21.53,59.37,16.3,29.42,TOA,Conmat,-304.8200000000001
2021-05-14,194.18,54.48,248.66,139.7,18.55,TOA,Conmat,-165.12000000000012
2021-05-17,31.64,44.79,76.43,-13.15,20.04,TOA,Conmat,-178.27000000000012
2021-05-18,31.3,29.66,60.96,1.64,18.96,TOA,Conmat,-176.63000000000014
2021-05-19,37.27,23.05,60.32,14.22,20.99,TOA,Conmat,-162.41000000000014
2021-05-20,81.08,74.04,155.12,7.05,19.83,TOA,Conmat,-155.36000000000013
2021-05-21,56.5,47.86,104.36,8.64,21.54,TOA,Conmat,-146.72000000000014
2021-05-24,63.11,16.2,79.31,46.91,24.94,TOA,Conmat,-99.81000000000014
2021-05-25,50.41,59.39,109.8,-8.99,17.53,TOA,Conmat,-108.80000000000014
2021-05-27,500.49,324.45,824.94,176.05,47.22,TOA,Conmat,67.24999999999987
2021-05-28,91.64,18.33,109.96,73.31,23.75,TOA,Conmat,140.5599999999999
2021-05-31,65.4,117.83,183.23,-52.44,39.49,TOA,Conmat,88.11999999999989
2021-06-01,41.73,35.09,76.82,6.65,34.9,TOA,Conmat,94.7699999999999
2021-06-02,79.76,29.57,109.33,50.19,28.57,TOA,Conmat,144.9599999999999
2021-06-04,36.4,49.08,85.48,-12.68,36.62,TOA,Conmat,132.2799999999999
2021-06-07,14.86,14.81,29.67,0.05,18.33,TOA,Conmat,132.3299999999999
2021-06-08,43.94,18.26,62.2,25.67,26.24,TOA,Conmat,157.9999999999999
2021-06-09,48.73,14.54,63.27,34.19,31.59,TOA,Conmat,192.18999999999988
2021-06-10,20.09,23.36,43.45,-3.28,29.82,TOA,Conmat,188.90999999999988
2021-06-11,45.89,38.44,84.32,7.45,38.04,TOA,Conmat,196.35999999999987
2021-06-14,25.94,24.0,49.93,1.94,30.09,TOA,Conmat,198.29999999999987
2021-06-15,22.42,21.1,43.52,1.31,34.6,TOA,Conmat,199.60999999999987
2021-06-16,22.66,21.73,44.4,0.93,29.52,TOA,Conmat,200.53999999999988
2021-06-17,51.99,58.54,110.54,-6.55,26.05,TOA,Conmat,193.98999999999987
2021-06-18,27.8,47.62,75.42,-19.82,25.7,TOA,Conmat,174.16999999999987
2021-06-21,25.43,20.82,46.25,4.61,25.32,TOA,Conmat,178.7799999999999
2021-06-22,41.01,36.67,77.68,4.35,27.71,TOA,Conmat,183.12999999999988
2021-06-23,49.69,19.79,69.48,29.89,26.45,TOA,Conmat,213.01999999999987
2021-06-24,37.84,33.53,71.38,4.31,22.09,TOA,Conmat,217.32999999999987
2021-06-25,23.4,16.53,39.92,6.87,27.34,TOA,Conmat,224.19999999999987
2021-06-28,45.77,11.8,57.58,33.97,14.22,TOA,Conmat,258.16999999999985
2021-06-29,97.49,43.7,141.19,53.79,28.69,TOA,Conmat,311.95999999999987
2021-06-30,176.3,60.8,237.1,115.5,29.64,TOA,Conmat,427.45999999999987
2021-07-01,34.1,71.38,105.48,-37.29,22.0,TOA,Conmat,390.16999999999985
2021-07-02,10.38,23.0,33.38,-12.61,16.82,TOA,Conmat,377.55999999999983
2021-07-05,16.63,20.1,36.73,-3.48,37.21,TOA,Conmat,374.0799999999998
2021-07-06,25.2,9.61,34.81,15.59,27.1,TOA,Conmat,389.6699999999998
2021-07-07,25.45,14.19,39.64,11.27,38.37,TOA,Conmat,400.93999999999977
2021-07-08,58.1,12.4,70.51,45.7,25.39,TOA,Conmat,446.63999999999976
2021-07-09,42.77,40.99,83.76,1.79,29.8,TOA,Conmat,448.4299999999998
2021-07-12,10.85,9.68,20.54,1.17,29.97,TOA,Conmat,449.5999999999998
2021-07-13,24.62,18.38,42.99,6.24,26.1,TOA,Conmat,455.8399999999998
2021-07-14,59.49,64.01,123.5,-4.53,31.61,TOA,Conmat,451.30999999999983
2021-07-15,22.85,37.24,60.09,-14.39,35.74,TOA,Conmat,436.91999999999985
2021-07-16,17.8,25.79,43.59,-7.99,32.58,TOA,Conmat,428.92999999999984
2021-07-19,18.97,22.46,41.43,-3.48,19.0,TOA,Conmat,425.4499999999998
2021-07-20,26.97,21.26,48.23,5.71,31.57,TOA,Conmat,431.1599999999998
2021-07-21,56.21,48.02,104.23,8.19,21.51,TOA,Conmat,439.3499999999998
2021-07-22,15.73,41.88,57.61,-26.15,24.76,TOA,Conmat,413.1999999999998
2021-07-23,37.96,23.37,61.34,14.59,29.89,TOA,Conmat,427.7899999999998
2021-07-27,22.24,20.65,42.89,1.59,18.31,TOA,Conmat,429.37999999999977
2021-07-29,23.12,17.22,40.34,5.91,24.91,TOA,Conmat,435.2899999999998
2021-07-30,59.82,17.04,76.86,42.79,45.19,TOA,Conmat,478.0799999999998
2021-08-02,4.01,15.13,19.13,-11.12,15.64,TOA,Conmat,466.9599999999998
2021-08-03,7.18,32.38,39.55,-25.2,26.39,TOA,Conmat,441.7599999999998
2021-08-04,10.63,8.1,18.73,2.52,21.64,TOA,Conmat,444.2799999999998
2021-08-05,25.97,11.33,37.3,14.64,26.69,TOA,Conmat,458.9199999999998
2021-08-06,11.98,11.43,23.41,0.55,24.88,TOA,Conmat,459.4699999999998
2021-08-09,9.09,4.61,13.71,4.48,22.52,TOA,Conmat,463.9499999999998
2021-08-10,30.12,6.97,37.09,23.15,16.16,TOA,Conmat,487.0999999999998
2021-08-11,29.39,12.89,42.28,16.5,42.87,TOA,Conmat,503.5999999999998
2021-08-13,8.14,6.67,14.81,1.47,30.29,TOA,Conmat,505.0699999999998
2021-08-16,13.32,17.87,31.2,-4.55,28.16,TOA,Conmat,500.5199999999998
2021-08-17,4.67,11.94,16.62,-7.27,17.63,TOA,Conmat,493.24999999999983
2021-08-18,10.16,8.63,18.78,1.53,27.33,TOA,Conmat,494.7799999999998
2021-08-19,9.91,11.73,21.64,-1.82,19.46,TOA,Conmat,492.9599999999998
2021-08-20,8.27,12.73,21.0,-4.46,20.53,TOA,Conmat,488.49999999999983
2021-08-23,14.94,11.47,26.41,3.48,17.11,TOA,Conmat,491.97999999999985
2021-08-24,17.87,6.26,24.13,11.62,12.33,TOA,Conmat,503.59999999999985
2021-08-25,19.36,10.17,29.53,9.19,14.68,TOA,Conmat,512.7899999999998
2021-08-26,8.09,17.45,25.54,-9.36,24.0,TOA,Conmat,503.42999999999984
2021-08-27,9.08,12.14,21.22,-3.05,17.39,TOA,Conmat,500.3799999999998
2021-08-30,17.79,30.02,47.81,-12.23,18.08,TOA,Conmat,488.1499999999998
2021-08-31,23.4,26.57,49.97,-3.18,17.06,TOA,Conmat,484.9699999999998
2021-09-01,34.52,22.06,56.57,12.46,22.08,TOA,Conmat,497.4299999999998
2021-09-02,15.78,5.78,21.56,10.0,27.36,TOA,Conmat,507.4299999999998
2021-09-03,9.01,6.81,15.82,2.2,27.86,TOA,Conmat,509.62999999999977
2021-09-06,9.58,12.82,22.4,-3.24,12.52,TOA,Conmat,506.38999999999976
2021-09-07,5.86,21.69,27.55,-15.83,15.08,TOA,Conmat,490.5599999999998
2021-09-08,6.04,13.76,19.8,-7.72,15.68,TOA,Conmat,482.83999999999975
2021-09-09,1.86,4.76,6.62,-2.9,13.66,TOA,Conmat,479.93999999999977
2021-09-10,4.31,10.41,14.72,-6.1,25.07,TOA,Conmat,473.83999999999975
2021-09-13,5.67,3.46,9.13,2.2,14.58,TOA,Conmat,476.03999999999974
2021-09-14,2.42,6.62,9.04,-4.2,13.95,TOA,Conmat,471.83999999999975
2021-09-15,2.18,4.22,6.4,-2.04,11.28,TOA,Conmat,469.7999999999997
2021-09-16,9.97,10.05,20.02,-0.08,13.17,TOA,Conmat,469.71999999999974
2021-09-17,24.39,11.88,36.27,12.5,44.95,TOA,Conmat,482.21999999999974
2021-09-20,2.03,3.2,5.23,-1.17,11.46,TOA,Conmat,481.0499999999997
2021-09-21,2.84,19.17,22.02,-16.33,27.75,TOA,Conmat,464.71999999999974
2021-09-22,1.11,2.81,3.92,-1.71,13.82,TOA,Conmat,463.00999999999976
2021-09-23,4.73,17.31,22.04,-12.57,13.04,TOA,Conmat,450.43999999999977
2021-09-27,7.2,8.3,15.49,-1.1,9.87,TOA,Conmat,449.33999999999975
2021-09-28,13.8,35.81,49.61,-22.01,15.1,TOA,Conmat,427.32999999999976
2021-09-29,15.45,12.71,28.16,2.74,11.71,TOA,Conmat,430.06999999999977
2021-09-30,6.61,11.79,18.4,-5.18,14.97,TOA,Conmat,424.88999999999976
2021-10-01,7.23,9.87,17.1,-2.64,18.11,TOA,Conmat,422.2499999999998
2021-10-04,3.32,3.91,7.23,-0.59,11.57,TOA,Conmat,421.6599999999998
2021-10-05,4.02,7.47,11.49,-3.44,19.3,TOA,Conmat,418.2199999999998
2021-10-06,1.57,7.68,9.24,-6.11,20.42,TOA,Conmat,412.1099999999998
2021-10-07,4.22,4.41,8.63,-0.19,20.62,TOA,Conmat,411.9199999999998
2021-10-08,15.45,12.4,27.84,3.05,31.12,TOA,Conmat,414.9699999999998
2021-10-11,21.32,4.37,25.69,16.95,26.85,TOA,Conmat,431.9199999999998
2021-10-12,6.77,7.44,14.21,-0.67,19.4,TOA,Conmat,431.2499999999998
2021-10-14,7.66,3.13,10.79,4.53,17.95,TOA,Conmat,435.77999999999975
2021-10-15,4.5,10.99,15.49,-6.5,22.34,TOA,Conmat,429.27999999999975
2021-10-18,3.96,1.37,5.34,2.59,22.11,TOA,Conmat,431.8699999999997
2021-10-19,4.6,7.5,12.1,-2.9,27.23,TOA,Conmat,428.96999999999974
2021-10-20,6.0,13.26,19.25,-7.26,25.23,TOA,Conmat,421.70999999999975
2021-10-21,50.48,26.66,77.13,23.82,33.88,TOA,Conmat,445.52999999999975
2021-10-25,7.07,12.34,19.41,-5.27,9.73,TOA,Conmat,440.25999999999976
2021-10-26,2.93,4.87,7.8,-1.94,8.77,TOA,Conmat,438.31999999999977
2021-10-27,2.53,5.63,8.16,-3.1,10.69,TOA,Conmat,435.21999999999974
2021-10-28,35.82,29.09,64.91,6.73,9.4,TOA,Conmat,441.94999999999976
2021-10-29,16.88,10.55,27.43,6.34,15.81,TOA,Conmat,448.28999999999974
2021-11-01,4.61,18.91,23.51,-14.3,16.36,TOA,Conmat,433.9899999999997
2021-11-02,1.6,5.15,6.75,-3.56,11.29,TOA,Conmat,430.4299999999997
2021-11-03,2.03,6.54,8.57,-4.51,22.6,TOA,Conmat,425.91999999999973
2021-11-04,0.68,1.78,2.46,-1.1,4.92,TOA,Conmat,424.8199999999997
2021-11-05,4.08,5.12,9.2,-1.04,16.97,TOA,Conmat,423.7799999999997
2021-11-08,2.54,6.02,8.56,-3.49,16.47,TOA,Conmat,420.2899999999997
2021-11-09,1.34,3.34,4.68,-2.0,15.77,TOA,Conmat,418.2899999999997
2021-11-10,1.24,13.08,14.31,-11.84,10.07,TOA,Conmat,406.4499999999997
2021-11-11,0.96,13.94,14.9,-12.98,6.44,TOA,Conmat,393.4699999999997
2021-11-12,2.83,7.66,10.49,-4.82,18.52,TOA,Conmat,388.6499999999997
2021-11-15,1.05,2.56,3.6,-1.51,4.27,TOA,Conmat,387.1399999999997
2021-11-16,7.29,15.59,22.87,-8.3,17.93,TOA,Conmat,378.8399999999997
2021-11-17,0.24,10.0,10.24,-9.76,14.16,TOA,Conmat,369.0799999999997
2021-11-18,7.13,7.0,14.13,0.13,34.01,TOA,Conmat,369.2099999999997
2021-11-19,10.5,16.3,26.79,-5.8,10.72,TOA,Conmat,363.4099999999997
2021-11-22,3.17,15.98,19.15,-12.82,10.64,TOA,Conmat,350.5899999999997
2021-11-23,20.03,20.1,40.13,-0.06,20.97,TOA,Conmat,350.5299999999997
2021-11-24,4.87,10.85,15.72,-5.98,7.86,TOA,Conmat,344.54999999999967
2021-11-25,1.83,6.89,8.72,-5.06,13.16,TOA,Conmat,339.48999999999967
2021-11-26,22.61,7.45,30.06,15.16,19.39,TOA,Conmat,354.6499999999997
2021-11-29,7.13,9.71,16.83,-2.58,18.18,TOA,Conmat,352.0699999999997
2021-11-30,18.37,12.39,30.76,5.99,23.15,TOA,Conmat,358.0599999999997
2021-12-01,3.68,8.42,12.1,-4.74,19.27,TOA,Conmat,353.3199999999997
2021-12-02,5.04,8.57,13.61,-3.53,20.93,TOA,Conmat,349.78999999999974
2021-12-03,0.46,3.94,4.4,-3.48,29.43,TOA,Conmat,346.3099999999997
2021-12-07,7.16,3.26,10.42,3.9,13.47,TOA,Conmat,350.2099999999997
2021-12-08,22.21,13.79,36.01,8.42,25.62,TOA,Conmat,358.6299999999997
2021-12-09,2.18,4.25,6.43,-2.06,19.92,TOA,Conmat,356.5699999999997
2021-12-13,1.45,0.91,2.35,0.54,14.5,TOA,Conmat,357.10999999999973
2021-12-14,5.88,2.61,8.49,3.27,11.98,TOA,Conmat,360.3799999999997
2021-12-15,4.06,4.5,8.56,-0.43,19.51,TOA,Conmat,359.9499999999997
2021-12-16,10.16,5.33,15.48,4.83,13.45,TOA,Conmat,364.7799999999997
2021-12-17,0.44,3.42,3.86,-2.98,16.08,TOA,Conmat,361.79999999999967
2021-12-20,3.59,3.01,6.6,0.58,15.44,TOA,Conmat,362.37999999999965
2021-12-21,9.71,13.91,23.62,-4.2,19.14,TOA,Conmat,358.17999999999967
2021-12-22,0.28,1.99,2.26,-1.71,8.88,TOA,Conmat,356.4699999999997
2021-12-23,6.63,7.89,14.52,-1.25,15.48,TOA,Conmat,355.2199999999997
2021-12-24,2.04,11.88,13.92,-9.85,10.05,TOA,Conmat,345.36999999999966
2021-12-27,0.25,1.04,1.28,-0.79,10.13,TOA,Conmat,344.57999999999964
2021-12-28,4.14,5.03,9.17,-0.89,19.97,TOA,Conmat,343.68999999999966
2021-12-29,0.65,29.05,29.7,-28.39,11.81,TOA,Conmat,315.29999999999967
2021-12-30,2.45,5.44,7.9,-2.99,16.69,TOA,Conmat,312.30999999999966
2022-01-04,0.28,3.98,4.26,-3.7,15.66,TOA,Conmat,308.6099999999997
2022-01-05,3.28,0.48,3.77,2.8,6.1,TOA,Conmat,311.4099999999997
2022-01-06,1.38,0.4,1.78,0.99,4.32,TOA,Conmat,312.3999999999997
2022-01-07,2.05,3.03,5.08,-0.98,8.68,TOA,Conmat,311.4199999999997
2022-01-10,3.21,0.99,4.2,2.23,7.55,TOA,Conmat,313.6499999999997
2022-01-11,9.12,2.99,12.12,6.13,6.57,TOA,Conmat,319.7799999999997
2022-01-12,11.75,3.33,15.08,8.42,5.07,TOA,Conmat,328.1999999999997
2022-01-13,8.11,2.39,10.5,5.72,16.65,TOA,Conmat,333.91999999999973
2022-01-14,2.15,2.64,4.8,-0.49,10.76,TOA,Conmat,333.4299999999997
2022-01-17,1.71,6.27,7.98,-4.56,8.71,TOA,Conmat,328.8699999999997
2022-01-18,0.82,8.88,9.7,-8.06,13.83,TOA,Conmat,320.8099999999997
2022-01-19,11.55,12.63,24.18,-1.08,16.42,TOA,Conmat,319.72999999999973
2022-01-20,1.5,2.9,4.4,-1.4,20.81,TOA,Conmat,318.32999999999976
2022-01-21,0.79,0.73,1.51,0.06,12.88,TOA,Conmat,318.38999999999976
2022-01-24,0.08,1.66,1.73,-1.58,10.24,TOA,Conmat,316.8099999999998
2022-01-25,0.47,5.52,5.99,-5.04,11.54,TOA,Conmat,311.76999999999975
2022-01-26,1.67,9.43,11.1,-7.75,12.56,TOA,Conmat,304.01999999999975
2022-01-27,3.13,6.34,9.47,-3.21,22.96,TOA,Conmat,300.8099999999998
2022-01-28,15.32,17.04,32.36,-1.72,8.12,TOA,Conmat,299.08999999999975
2022-01-31,1.79,3.35,5.14,-1.56,23.19,TOA,Conmat,297.52999999999975
2022-02-01,3.2,2.17,5.37,1.04,10.37,TOA,Conmat,298.56999999999977
2022-02-02,9.15,4.19,13.34,4.96,14.73,TOA,Conmat,303.52999999999975
2022-02-03,4.49,6.75,11.25,-2.26,8.39,TOA,Conmat,301.26999999999975
2022-02-04,4.03,3.51,7.54,0.53,14.12,TOA,Conmat,301.7999999999997
2022-02-07,0.44,0.41,0.85,0.03,8.02,TOA,Conmat,301.8299999999997
2022-02-08,0.08,0.32,0.39,-0.24,5.8,TOA,Conmat,301.5899999999997
2022-02-09,7.08,39.52,46.6,-32.44,38.14,TOA,Conmat,269.1499999999997
2022-02-10,0.59,2.87,3.46,-2.27,16.11,TOA,Conmat,266.8799999999997
2022-02-11,2.09,1.46,3.54,0.63,12.08,TOA,Conmat,267.5099999999997
2022-02-14,6.88,8.12,15.0,-1.23,17.88,TOA,Conmat,266.2799999999997
2022-02-15,5.61,7.08,12.69,-1.48,16.7,TOA,Conmat,264.79999999999967
2022-02-17,5.58,3.31,8.89,2.28,24.53,TOA,Conmat,267.07999999999964
2022-02-18,4.49,6.97,11.45,-2.48,21.11,TOA,Conmat,264.5999999999996
2022-02-21,6.7,21.6,28.3,-14.9,20.03,TOA,Conmat,249.69999999999962
2022-02-22,4.68,1.51,6.19,3.17,17.05,TOA,Conmat,252.8699999999996
2022-02-23,7.98,1.21,9.19,6.77,8.2,TOA,Conmat,259.6399999999996
2022-02-24,4.29,13.82,18.11,-9.53,13.86,TOA,Conmat,250.1099999999996
2022-02-25,22.44,3.94,26.38,18.51,12.56,TOA,Conmat,268.6199999999996
2022-02-28,9.92,3.39,13.3,6.53,18.07,TOA,Conmat,275.1499999999996
2022-03-01,21.45,7.18,28.63,14.28,21.51,TOA,Conmat,289.42999999999955
2022-03-02,15.8,6.42,22.22,9.38,13.44,TOA,Conmat,298.80999999999955
2022-03-03,21.93,6.96,28.89,14.97,18.35,TOA,Conmat,313.7799999999996
2022-03-04,7.03,4.69,11.72,2.34,25.63,TOA,Conmat,316.11999999999955
2022-03-07,32.22,14.12,46.34,18.09,21.85,TOA,Conmat,334.2099999999995
2022-03-08,42.27,8.56,50.83,33.71,22.31,TOA,Conmat,367.9199999999995
2022-03-09,32.5,8.45,40.95,24.04,21.21,TOA,Conmat,391.9599999999995
2022-03-10,32.54,14.34,46.87,18.2,15.55,TOA,Conmat,410.1599999999995
2022-03-11,7.18,4.13,11.31,3.04,15.39,TOA,Conmat,413.19999999999953
2022-03-14,7.69,5.07,12.77,2.62,26.21,TOA,Conmat,415.81999999999954
2022-03-15,2.36,5.95,8.31,-3.59,12.62,TOA,Conmat,412.22999999999956
2022-03-16,2.45,11.64,14.09,-9.19,18.96,TOA,Conmat,403.03999999999957
2022-03-17,9.1,5.11,14.21,3.98,14.69,TOA,Conmat,407.0199999999996
2022-03-18,7.46,4.45,11.9,3.01,14.8,TOA,Conmat,410.0299999999996
2022-03-21,4.65,2.7,7.35,1.96,24.71,TOA,Conmat,411.98999999999955
2022-03-22,2.23,3.98,6.21,-1.75,17.47,TOA,Conmat,410.23999999999955
2022-03-23,1.15,3.37,4.52,-2.23,14.66,TOA,Conmat,408.00999999999954
2022-03-24,0.42,2.88,3.31,-2.46,10.43,TOA,Conmat,405.54999999999956
2022-03-25,2.36,6.51,8.87,-4.15,21.96,TOA,Conmat,401.3999999999996
2022-03-28,1.15,4.09,5.24,-2.94,23.45,TOA,Conmat,398.4599999999996
2022-03-29,9.04,5.6,14.64,3.45,29.46,TOA,Conmat,401.90999999999957
2022-03-30,12.07,2.81,14.89,9.26,13.23,TOA,Conmat,411.16999999999956
2022-03-31,33.53,7.91,41.44,25.62,22.42,TOA,Conmat,436.78999999999957
2022-04-01,2.89,7.0,9.89,-4.11,30.91,TOA,Conmat,432.67999999999955
2022-04-04,1.34,1.75,3.09,-0.42,29.18,TOA,Conmat,432.25999999999954
2022-04-05,3.4,2.79,6.19,0.61,25.43,TOA,Conmat,432.86999999999955
2022-04-07,2.51,2.22,4.72,0.29,19.46,TOA,Conmat,433.15999999999957
2022-04-08,0.07,0.46,0.53,-0.39,5.79,TOA,Conmat,432.7699999999996
2022-04-11,1.93,6.3,8.23,-4.36,12.76,TOA,Conmat,428.40999999999957
2022-04-12,1.34,2.09,3.43,-0.75,37.39,TOA,Conmat,427.65999999999957
2022-04-18,2.32,2.75,5.07,-0.42,27.02,TOA,Conmat,427.23999999999955
2022-04-19,1.63,1.14,2.76,0.49,29.37,TOA,Conmat,427.72999999999956
2022-04-20,2.07,4.8,6.87,-2.73,40.13,TOA,Conmat,424.99999999999955
2022-04-21,1.19,5.83,7.02,-4.64,9.25,TOA,Conmat,420.35999999999956
2022-04-22,0.13,0.07,0.2,0.06,7.54,TOA,Conmat,420.41999999999956
2022-04-25,3.66,2.02,5.68,1.65,33.11,TOA,Conmat,422.06999999999954
2022-04-26,0.92,2.41,3.33,-1.49,15.34,TOA,Conmat,420.57999999999953
2022-04-27,0.38,1.81,2.18,-1.43,18.49,TOA,Conmat,419.1499999999995
2022-04-28,0.45,0.17,0.62,0.28,13.83,TOA,Conmat,419.4299999999995
2022-04-29,0.9,2.79,3.69,-1.89,17.53,TOA,Conmat,417.5399999999995
2022-05-03,1.2,4.19,5.39,-2.98,15.27,TOA,Conmat,414.5599999999995
2022-05-05,0.44,1.49,1.94,-1.05,29.08,TOA,Conmat,413.5099999999995
2022-05-06,0.58,2.87,3.45,-2.3,15.89,TOA,Conmat,411.20999999999947
2022-05-09,1.02,3.15,4.17,-2.14,21.5,TOA,Conmat,409.0699999999995
2022-05-10,9.55,1.89,11.44,7.65,20.95,TOA,Conmat,416.71999999999946
2022-05-11,1.73,9.28,11.01,-7.55,24.38,TOA,Conmat,409.16999999999945
2022-05-12,2.26,13.44,15.7,-11.18,22.62,TOA,Conmat,397.98999999999944
2022-05-13,1.08,4.51,5.59,-3.43,17.54,TOA,Conmat,394.55999999999943
2022-05-17,2.35,13.6,15.95,-11.25,19.08,TOA,Conmat,383.30999999999943
2022-05-18,8.27,8.68,16.95,-0.42,19.69,TOA,Conmat,382.8899999999994
2022-05-19,6.73,12.08,18.81,-5.36,18.73,TOA,Conmat,377.5299999999994
2022-05-20,2.12,1.53,3.65,0.59,29.58,TOA,Conmat,378.1199999999994
2022-05-23,2.91,1.89,4.79,1.02,23.96,TOA,Conmat,379.13999999999936
2022-05-24,1.69,2.46,4.14,-0.77,31.69,TOA,Conmat,378.3699999999994
2022-05-25,1.05,5.61,6.66,-4.57,22.81,TOA,Conmat,373.7999999999994
2022-05-26,1.36,1.64,3.0,-0.28,47.19,TOA,Conmat,373.5199999999994
2022-05-27,0.99,1.91,2.9,-0.92,22.57,TOA,Conmat,372.5999999999994
2022-05-30,5.87,7.44,13.31,-1.57,30.37,TOA,Conmat,371.0299999999994
2022-05-31,5.0,5.66,10.66,-0.66,35.46,TOA,Conmat,370.3699999999994
2022-06-01,4.75,6.72,11.48,-1.97,17.69,TOA,Conmat,368.39999999999935
2022-06-02,2.23,1.34,3.57,0.89,30.41,TOA,Conmat,369.28999999999934
2022-06-06,3.13,1.62,4.75,1.51,31.58,TOA,Conmat,370.79999999999933
2022-06-07,1.83,2.25,4.09,-0.42,27.85,TOA,Conmat,370.3799999999993
2022-06-08,1.21,2.64,3.85,-1.43,19.18,TOA,Conmat,368.9499999999993
2022-06-09,0.62,1.1,1.73,-0.48,21.42,TOA,Conmat,368.4699999999993
2022-06-10,0.23,1.36,1.6,-1.13,10.49,TOA,Conmat,367.3399999999993
2022-06-13,0.75,0.89,1.64,-0.14,6.72,TOA,Conmat,367.1999999999993
2022-06-14,0.91,1.72,2.63,-0.81,16.54,TOA,Conmat,366.3899999999993
2022-06-15,1.02,2.8,3.82,-1.77,9.79,TOA,Conmat,364.6199999999993
2022-06-16,2.7,5.1,7.8,-2.4,11.27,TOA,Conmat,362.21999999999935
2022-06-17,0.41,2.94,3.35,-2.54,10.07,TOA,Conmat,359.6799999999993
2022-06-20,0.58,0.44,1.02,0.14,11.39,TOA,Conmat,359.8199999999993
2022-06-21,1.36,0.12,1.48,1.24,10.64,TOA,Conmat,361.0599999999993
2022-06-22,1.68,0.18,1.86,1.5,11.22,TOA,Conmat,362.5599999999993
2022-06-23,2.25,2.89,5.14,-0.64,9.52,TOA,Conmat,361.91999999999933
2022-06-24,4.69,2.8,7.49,1.9,8.99,TOA,Conmat,363.8199999999993
2022-06-27,1.23,1.06,2.29,0.17,8.64,TOA,Conmat,363.9899999999993
2022-06-28,3.01,7.53,10.54,-4.52,11.88,TOA,Conmat,359.46999999999935
2022-06-29,1.04,2.29,3.34,-1.25,6.75,TOA,Conmat,358.21999999999935
2022-06-30,1.4,6.99,8.39,-5.59,6.27,TOA,Conmat,352.62999999999937
2022-07-01,5.12,5.24,10.36,-0.12,13.34,TOA,Conmat,352.50999999999937
2022-07-04,4.0,0.69,4.69,3.31,17.12,TOA,Conmat,355.81999999999937
2022-07-05,1.8,0.22,2.02,1.57,13.03,TOA,Conmat,357.38999999999936
2022-07-06,2.06,0.47,2.53,1.59,15.33,TOA,Conmat,358.97999999999934
2022-07-07,1.59,1.92,3.51,-0.32,6.75,TOA,Conmat,358.65999999999934
2022-07-08,1.76,1.39,3.15,0.37,12.12,TOA,Conmat,359.02999999999935
2022-07-11,6.09,5.81,11.91,0.28,29.77,TOA,Conmat,359.3099999999993
2022-07-12,7.48,1.96,9.44,5.52,11.33,TOA,Conmat,364.8299999999993
2022-07-14,4.04,2.01,6.05,2.03,15.52,TOA,Conmat,366.8599999999993
2022-07-15,1.44,1.44,2.88,0.0,33.42,TOA,Conmat,366.8599999999993
2022-07-18,0.88,0.25,1.12,0.63,15.67,TOA,Conmat,367.48999999999927
2022-07-19,4.38,2.32,6.7,2.07,17.16,TOA,Conmat,369.55999999999926
2022-07-20,0.21,1.32,1.54,-1.11,10.73,TOA,Conmat,368.44999999999925
2022-07-21,0.18,0.03,0.21,0.15,12.11,TOA,Conmat,368.5999999999992
2022-07-22,1.33,0.56,1.89,0.76,16.97,TOA,Conmat,369.3599999999992
2022-07-25,1.69,0.71,2.4,0.97,21.21,TOA,Conmat,370.32999999999925
2022-07-26,1.04,1.57,2.6,-0.53,12.31,TOA,Conmat,369.7999999999993
2022-07-27,1.36,0.68,2.04,0.68,15.83,TOA,Conmat,370.4799999999993
2022-08-01,0.6,0.71,1.31,-0.11,19.94,TOA,Conmat,370.36999999999927
2022-08-02,0.85,0.15,1.0,0.71,14.43,TOA,Conmat,371.07999999999925
2022-08-03,2.56,0.89,3.44,1.67,34.29,TOA,Conmat,372.74999999999926
2022-08-04,0.84,0.15,0.99,0.69,12.01,TOA,Conmat,373.43999999999926
2022-08-05,1.16,2.72,3.89,-1.56,8.57,TOA,Conmat,371.87999999999926
2022-08-08,15.52,1.38,16.9,14.13,7.99,TOA,Conmat,386.00999999999925
2022-08-09,49.35,3.35,52.7,46.0,23.4,TOA,Conmat,432.00999999999925
2022-08-10,9.32,0.98,10.3,8.33,24.11,TOA,Conmat,440.33999999999924
2022-08-11,7.47,0.17,7.64,7.31,18.05,TOA,Conmat,447.64999999999924
2022-08-15,6.76,1.08,7.84,5.67,12.08,TOA,Conmat,453.31999999999925
2022-08-16,21.11,1.35,22.45,19.76,6.24,TOA,Conmat,473.07999999999925
2022-08-17,18.14,6.49,24.62,11.65,11.35,TOA,Conmat,484.7299999999992
2022-08-18,2.55,0.37,2.92,2.18,8.38,TOA,Conmat,486.90999999999923
2022-08-19,2.45,1.7,4.15,0.74,9.4,TOA,Conmat,487.64999999999924
2022-08-22,5.2,2.94,8.13,2.26,24.2,TOA,Conmat,489.90999999999923
2022-08-23,3.29,2.29,5.57,1.0,13.67,TOA,Conmat,490.90999999999923
2022-08-24,14.3,10.05,24.36,4.25,16.41,TOA,Conmat,495.15999999999923
2022-08-25,2.07,8.81,10.87,-6.74,23.46,TOA,Conmat,488.4199999999992
2022-08-26,0.87,1.33,2.19,-0.46,4.93,TOA,Conmat,487.95999999999924
2022-08-29,2.08,3.18,5.26,-1.1,13.22,TOA,Conmat,486.8599999999992
2022-08-30,0.52,1.81,2.33,-1.29,16.18,TOA,Conmat,485.5699999999992
2022-08-31,12.5,19.23,31.73,-6.73,12.57,TOA,Conmat,478.8399999999992
2022-09-01,1.51,7.68,9.19,-6.16,17.07,TOA,Conmat,472.67999999999915
2022-09-02,2.67,6.41,9.08,-3.73,7.59,TOA,Conmat,468.94999999999914
2022-09-05,1.18,4.92,6.1,-3.74,15.28,TOA,Conmat,465.2099999999991
2022-09-06,0.94,4.45,5.39,-3.5,25.27,TOA,Conmat,461.7099999999991
2022-09-07,8.46,9.86,18.32,-1.4,34.41,TOA,Conmat,460.30999999999915
2022-09-08,20.4,3.51,23.91,16.89,17.14,TOA,Conmat,477.19999999999914
2022-09-09,5.21,4.64,9.85,0.57,12.53,TOA,Conmat,477.76999999999913
2022-09-12,12.17,5.1,17.26,7.07,29.12,TOA,Conmat,484.8399999999991
2022-09-13,3.45,2.42,5.87,1.04,39.47,TOA,Conmat,485.87999999999914
2022-09-14,0.75,1.93,2.69,-1.18,11.11,TOA,Conmat,484.69999999999914
2022-09-15,2.75,3.16,5.91,-0.41,12.49,TOA,Conmat,484.2899999999991
2022-09-16,13.66,2.12,15.79,11.54,18.75,TOA,Conmat,495.82999999999913
2022-09-19,4.42,3.57,7.99,0.85,13.23,TOA,Conmat,496.67999999999915
2022-09-20,71.12,14.81,85.93,56.31,16.23,TOA,Conmat,552.9899999999991
2022-09-21,35.58,19.81,55.39,15.77,16.19,TOA,Conmat,568.7599999999991
2022-09-22,93.72,9.17,102.89,84.55,21.66,TOA,Conmat,653.309999999999
2022-09-23,58.09,23.07,81.15,35.02,27.05,TOA,Conmat,688.329999999999
2022-09-26,115.71,17.71,133.43,98.0,33.91,TOA,Conmat,786.329999999999
2022-09-27,123.28,4.29,127.58,118.99,46.99,TOA,Conmat,905.319999999999
2022-09-28,8.78,6.43,15.21,2.36,12.0,TOA,Conmat,907.679999999999
2022-09-29,10.6,3.35,13.95,7.25,14.44,TOA,Conmat,914.929999999999
2022-09-30,31.28,4.81,36.09,26.47,23.79,TOA,Conmat,941.3999999999991
2022-10-03,12.59,18.08,30.67,-5.5,20.55,TOA,Conmat,935.8999999999991
2022-10-04,23.01,17.6,40.61,5.41,23.39,TOA,Conmat,941.309999999999
2022-10-05,19.55,5.45,25.01,14.1,19.61,TOA,Conmat,955.4099999999991
2022-10-06,8.4,7.8,16.21,0.6,14.83,TOA,Conmat,956.0099999999991
2022-10-07,4.65,5.96,10.61,-1.31,13.29,TOA,Conmat,954.6999999999991
2022-10-10,3.77,10.99,14.76,-7.22,23.57,TOA,Conmat,947.4799999999991
2022-10-11,11.56,8.55,20.1,3.01,37.74,TOA,Conmat,950.4899999999991
2022-10-12,3.49,12.05,15.54,-8.55,31.54,TOA,Conmat,941.9399999999991
2022-10-17,25.81,22.04,47.86,3.77,37.67,TOA,Conmat,945.7099999999991
2022-10-18,9.48,12.99,22.47,-3.51,51.67,TOA,Conmat,942.1999999999991
2022-10-19,18.01,14.43,32.45,3.58,33.55,TOA,Conmat,945.7799999999992
2022-10-20,64.12,66.25,130.37,-2.13,35.68,TOA,Conmat,943.6499999999992
2022-10-21,4.28,3.55,7.83,0.73,46.76,TOA,Conmat,944.3799999999992
2022-10-25,2.34,5.66,7.99,-3.32,15.33,TOA,Conmat,941.0599999999991
2022-10-26,3.05,2.41,5.45,0.64,12.67,TOA,Conmat,941.6999999999991
2022-10-27,9.53,12.56,22.09,-3.03,21.08,TOA,Conmat,938.6699999999992
2022-10-28,2.75,13.52,16.27,-10.77,16.44,TOA,Conmat,927.8999999999992
2022-10-31,13.29,3.48,16.77,9.81,11.27,TOA,Conmat,937.7099999999991
2022-11-01,20.14,6.83,26.97,13.31,24.39,TOA,Conmat,951.0199999999991
2022-11-02,9.83,2.21,12.04,7.62,10.7,TOA,Conmat,958.6399999999991
2022-11-03,2.65,1.94,4.59,0.71,14.2,TOA,Conmat,959.3499999999991
2022-11-04,2.91,1.21,4.13,1.7,19.62,TOA,Conmat,961.0499999999992
2022-11-07,22.94,4.52,27.46,18.42,22.63,TOA,Conmat,979.4699999999991
2022-11-08,1.27,4.39,5.66,-3.11,12.95,TOA,Conmat,976.3599999999991
2022-11-09,3.32,1.56,4.88,1.76,9.25,TOA,Conmat,978.1199999999991
2022-11-10,3.46,4.4,7.86,-0.93,28.93,TOA,Conmat,977.1899999999991
2022-11-11,5.5,8.29,13.79,-2.8,14.82,TOA,Conmat,974.3899999999992
2022-11-14,10.62,7.23,17.85,3.39,25.1,TOA,Conmat,977.7799999999992
2022-11-15,12.89,3.82,16.71,9.07,11.32,TOA,Conmat,986.8499999999992
2022-11-16,3.29,13.45,16.74,-10.16,22.06,TOA,Conmat,976.6899999999993
2022-11-17,0.61,7.27,7.88,-6.66,23.57,TOA,Conmat,970.0299999999993
2022-11-18,0.29,7.63,7.92,-7.33,23.03,TOA,Conmat,962.6999999999992
2022-11-21,1.17,4.08,5.24,-2.91,17.85,TOA,Conmat,959.7899999999993
2022-11-22,1.41,4.18,5.59,-2.76,19.22,TOA,Conmat,957.0299999999993
2022-11-23,10.07,18.28,28.35,-8.22,9.8,TOA,Conmat,948.8099999999993
2022-11-24,4.17,10.46,14.63,-6.29,7.95,TOA,Conmat,942.5199999999993
2022-11-25,4.5,4.13,8.63,0.37,21.43,TOA,Conmat,942.8899999999993
2022-11-28,3.28,3.12,6.4,0.16,17.54,TOA,Conmat,943.0499999999993
2022-11-29,3.47,4.71,8.18,-1.25,12.69,TOA,Conmat,941.7999999999993
2022-11-30,25.29,13.39,38.68,11.9,26.53,TOA,Conmat,953.6999999999992
2022-12-01,0.79,3.2,3.99,-2.41,18.8,TOA,Conmat,951.2899999999993
2022-12-02,5.1,1.66,6.76,3.44,17.66,TOA,Conmat,954.7299999999993
2022-12-06,6.95,3.96,10.92,2.99,23.01,TOA,Conmat,957.7199999999993
2022-12-07,5.05,6.92,11.97,-1.87,23.0,TOA,Conmat,955.8499999999993
2022-12-08,2.88,1.48,4.36,1.39,12.97,TOA,Conmat,957.2399999999993
2022-12-09,1.02,4.61,5.63,-3.59,6.7,TOA,Conmat,953.6499999999993
2022-12-13,0.52,5.4,5.92,-4.89,17.22,TOA,Conmat,948.7599999999993
2022-12-14,0.5,5.29,5.79,-4.78,7.66,TOA,Conmat,943.9799999999993
2022-12-15,1.53,1.05,2.58,0.48,9.68,TOA,Conmat,944.4599999999994
2022-12-16,13.12,7.32,20.44,5.8,11.3,TOA,Conmat,950.2599999999993
2022-12-19,0.59,3.69,4.28,-3.11,11.33,TOA,Conmat,947.1499999999993
2022-12-20,4.49,12.09,16.59,-7.6,13.99,TOA,Conmat,939.5499999999993
2022-12-21,0.49,4.18,4.67,-3.69,12.12,TOA,Conmat,935.8599999999992
2022-12-22,3.3,1.21,4.51,2.08,12.35,TOA,Conmat,937.9399999999993
2022-12-23,1.2,0.68,1.88,0.53,27.93,TOA,Conmat,938.4699999999992
2022-12-26,0.27,1.7,1.98,-1.43,10.68,TOA,Conmat,937.0399999999993
2022-12-27,2.01,0.49,2.51,1.52,17.63,TOA,Conmat,938.5599999999993
2022-12-28,2.88,1.14,4.02,1.74,16.38,TOA,Conmat,940.2999999999993
2022-12-29,1.18,2.76,3.94,-1.58,23.35,TOA,Conmat,938.7199999999992
2022-12-30,1.72,5.45,7.16,-3.73,13.66,TOA,Conmat,934.9899999999992
2023-01-03,2.4,2.0,4.4,0.39,24.42,TOA,Conmat,935.3799999999992
2023-01-04,5.81,18.18,24.0,-12.37,5.66,TOA,Conmat,923.0099999999992
2023-01-05,18.17,25.86,44.03,-7.69,8.75,TOA,Conmat,915.3199999999991
2023-01-06,2.63,3.28,5.9,-0.65,12.71,TOA,Conmat,914.6699999999992
2023-01-09,0.75,15.18,15.93,-14.42,20.15,TOA,Conmat,900.2499999999992
2023-01-10,15.93,6.83,22.76,9.11,9.67,TOA,Conmat,909.3599999999992
2023-01-11,31.89,129.89,161.78,-98.0,28.37,TOA,Conmat,811.3599999999992
2023-01-12,28.84,139.6,168.44,-110.77,21.78,TOA,Conmat,700.5899999999992
2023-01-13,2.98,28.9,31.88,-25.93,14.59,TOA,Conmat,674.6599999999993
2023-01-16,9.34,16.76,26.11,-7.42,15.43,TOA,Conmat,667.2399999999993
2023-01-17,12.06,51.32,63.39,-39.26,26.13,TOA,Conmat,627.9799999999993
2023-01-18,4.29,10.6,14.89,-6.31,33.07,TOA,Conmat,621.6699999999994
2023-01-19,28.7,56.39,85.09,-27.68,18.67,TOA,Conmat,593.9899999999994
2023-01-20,9.54,12.21,21.75,-2.68,19.06,TOA,Conmat,591.3099999999995
2023-01-23,9.09,12.59,21.67,-3.5,11.35,TOA,Conmat,587.8099999999995
2023-01-24,6.72,0.26,6.99,6.46,18.89,TOA,Conmat,594.2699999999995
2023-01-25,18.93,2.22,21.15,16.71,23.14,TOA,Conmat,610.9799999999996
2023-01-26,27.86,7.08,34.95,20.78,17.14,TOA,Conmat,631.7599999999995
2023-01-27,17.51,18.04,35.55,-0.53,17.69,TOA,Conmat,631.2299999999996
2023-01-30,15.75,3.84,19.59,11.91,21.21,TOA,Conmat,643.1399999999995
2023-01-31,23.98,29.96,53.93,-5.98,22.65,TOA,Conmat,637.1599999999995
2023-02-01,16.26,6.1,22.36,10.15,12.32,TOA,Conmat,647.3099999999995
2023-02-02,1.83,6.82,8.65,-4.99,19.94,TOA,Conmat,642.3199999999995
2023-02-03,4.93,8.01,12.94,-3.08,32.54,TOA,Conmat,639.2399999999994
2023-02-06,8.85,14.17,23.02,-5.32,24.24,TOA,Conmat,633.9199999999994
2023-02-07,2.73,2.94,5.67,-0.21,26.71,TOA,Conmat,633.7099999999994
2023-02-08,0.57,1.91,2.48,-1.34,15.29,TOA,Conmat,632.3699999999993
2023-02-09,6.18,5.66,11.84,0.53,10.57,TOA,Conmat,632.8999999999993
2023-02-10,5.2,12.73,17.93,-7.54,27.65,TOA,Conmat,625.3599999999993
2023-02-13,12.36,2.02,14.38,10.34,11.0,TOA,Conmat,635.6999999999994
2023-02-14,3.97,7.05,11.02,-3.08,23.19,TOA,Conmat,632.6199999999993
2023-02-15,6.01,7.66,13.67,-1.65,22.32,TOA,Conmat,630.9699999999993
2023-02-16,13.67,20.04,33.71,-6.37,25.62,TOA,Conmat,624.5999999999993
2023-02-17,8.15,2.66,10.81,5.49,22.57,TOA,Conmat,630.0899999999993
2023-02-20,4.72,13.96,18.68,-9.23,14.87,TOA,Conmat,620.8599999999993
2023-02-21,0.55,1.82,2.36,-1.27,17.05,TOA,Conmat,619.5899999999993
2023-02-22,1.35,1.09,2.44,0.27,7.72,TOA,Conmat,619.8599999999993
2023-02-23,1.44,1.2,2.64,0.24,19.17,TOA,Conmat,620.0999999999993
2023-02-24,2.29,3.37,5.65,-1.08,14.37,TOA,Conmat,619.0199999999993
2023-02-27,4.54,4.85,9.39,-0.32,9.68,TOA,Conmat,618.6999999999992
2023-02-28,37.4,19.39,56.79,18.02,38.47,TOA,Conmat,636.7199999999992
2023-03-01,12.98,7.59,20.56,5.39,12.42,TOA,Conmat,642.1099999999992
2023-03-02,4.14,5.01,9.15,-0.87,23.98,TOA,Conmat,641.2399999999992
2023-03-03,1.29,1.49,2.78,-0.2,24.96,TOA,Conmat,641.0399999999992
2023-03-07,13.14,17.72,30.86,-4.58,17.43,TOA,Conmat,636.4599999999991
2023-03-08,4.96,13.25,18.21,-8.29,13.21,TOA,Conmat,628.1699999999992
2023-03-09,18.41,6.36,24.77,12.06,33.31,TOA,Conmat,640.2299999999991
2023-03-10,12.21,21.4,33.61,-9.18,49.63,TOA,Conmat,631.0499999999992
2023-03-13,14.3,12.02,26.33,2.28,34.71,TOA,Conmat,633.3299999999991
2023-03-14,12.59,7.67,20.26,4.91,34.89,TOA,Conmat,638.2399999999991
2023-03-15,18.45,7.53,25.97,10.92,26.43,TOA,Conmat,649.1599999999991
2023-03-16,6.06,3.69,9.75,2.37,39.75,TOA,Conmat,651.5299999999991
2023-03-17,5.3,3.18,8.48,2.11,22.94,TOA,Conmat,653.6399999999991
2023-03-20,5.59,5.06,10.65,0.53,18.04,TOA,Conmat,654.169999999999
2023-03-21,7.71,3.82,11.53,3.9,25.34,TOA,Conmat,658.069999999999
2023-03-22,9.21,1.52,10.73,7.69,22.5,TOA,Conmat,665.7599999999991
2023-03-23,23.93,2.35,26.28,21.58,21.57,TOA,Conmat,687.3399999999991
2023-03-24,19.73,7.5,27.23,12.23,13.64,TOA,Conmat,699.5699999999991
2023-03-27,8.42,2.2,10.62,6.22,10.56,TOA,Conmat,705.7899999999992
2023-03-28,22.0,12.18,34.18,9.82,13.86,TOA,Conmat,715.6099999999992
2023-03-29,7.66,4.59,12.25,3.07,17.64,TOA,Conmat,718.6799999999993
2023-03-30,4.24,2.93,7.17,1.31,30.08,TOA,Conmat,719.9899999999992
2023-03-31,13.59,8.99,22.58,4.6,18.63,TOA,Conmat,724.5899999999992
2023-04-03,2.64,2.34,4.98,0.31,22.9,TOA,Conmat,724.8999999999992
2023-04-04,2.65,3.57,6.22,-0.92,29.69,TOA,Conmat,723.9799999999992
2023-04-05,1.82,5.92,7.74,-4.11,31.76,TOA,Conmat,719.8699999999992
2023-04-07,0.81,0.76,1.56,0.05,28.16,TOA,Conmat,719.9199999999992
2023-04-10,5.27,1.43,6.7,3.83,22.91,TOA,Conmat,723.7499999999992
2023-04-11,11.06,4.91,15.98,6.15,47.97,TOA,Conmat,729.8999999999992
2023-04-12,11.49,9.3,20.79,2.19,60.78,TOA,Conmat,732.0899999999992
2023-04-17,2.61,1.15,3.76,1.46,24.69,TOA,Conmat,733.5499999999993
2023-04-18,2.24,2.7,4.94,-0.46,23.11,TOA,Conmat,733.0899999999992
2023-04-19,2.75,3.74,6.49,-0.99,16.94,TOA,Conmat,732.0999999999992
2023-04-20,25.98,25.44,51.41,0.54,18.61,TOA,Conmat,732.6399999999992
2023-04-21,3.15,3.68,6.82,-0.53,10.4,TOA,Conmat,732.1099999999992
2023-04-24,18.32,1.39,19.71,16.93,35.45,TOA,Conmat,749.0399999999992
2023-04-25,26.46,5.92,32.38,20.54,52.56,TOA,Conmat,769.5799999999991
2023-04-26,35.28,5.15,40.43,30.13,49.04,TOA,Conmat,799.7099999999991
2023-04-27,34.28,7.67,41.95,26.61,16.45,TOA,Conmat,826.3199999999991
2023-04-28,25.42,7.58,33.0,17.84,27.52,TOA,Conmat,844.1599999999992
2023-05-02,21.22,3.27,24.48,17.95,23.53,TOA,Conmat,862.1099999999992
2023-05-03,10.53,3.61,14.14,6.93,16.7,TOA,Conmat,869.0399999999992
2023-05-08,12.78,2.18,14.95,10.6,20.74,TOA,Conmat,879.6399999999992
2023-05-09,8.85,7.97,16.82,0.88,19.05,TOA,Conmat,880.5199999999992
2023-05-10,4.94,2.07,7.01,2.86,27.82,TOA,Conmat,883.3799999999992
2023-05-11,6.46,7.87,14.33,-1.41,22.43,TOA,Conmat,881.9699999999992
2023-05-12,6.27,12.83,19.11,-6.56,15.86,TOA,Conmat,875.4099999999993
2023-05-15,37.48,7.96,45.44,29.52,22.65,TOA,Conmat,904.9299999999993
2023-05-16,19.43,8.83,28.26,10.61,23.16,TOA,Conmat,915.5399999999993
2023-05-17,12.36,5.92,18.28,6.44,41.65,TOA,Conmat,921.9799999999993
2023-05-18,6.33,1.87,8.2,4.46,18.88,TOA,Conmat,926.4399999999994
2023-05-19,22.24,20.69,42.93,1.56,30.41,TOA,Conmat,927.9999999999993
2023-05-22,14.88,5.96,20.84,8.92,29.42,TOA,Conmat,936.9199999999993
2023-05-23,29.12,5.02,34.13,24.1,27.13,TOA,Conmat,961.0199999999993
2023-05-24,32.61,9.2,41.81,23.41,29.48,TOA,Conmat,984.4299999999993
2023-05-25,20.77,13.01,33.79,7.76,18.74,TOA,Conmat,992.1899999999993
2023-05-26,3.46,6.04,9.5,-2.58,16.56,TOA,Conmat,989.6099999999992
2023-05-29,1.14,2.28,3.42,-1.14,21.42,TOA,Conmat,988.4699999999992
2023-05-30,8.91,13.31,22.22,-4.4,17.26,TOA,Conmat,984.0699999999993
2023-05-31,16.37,23.67,40.04,-7.29,20.04,TOA,Conmat,976.7799999999993
2023-06-01,3.78,15.41,19.19,-11.62,22.76,TOA,Conmat,965.1599999999993
2023-06-02,6.29,3.49,9.78,2.79,24.44,TOA,Conmat,967.9499999999992
2023-06-06,4.15,0.64,4.79,3.51,8.27,TOA,Conmat,971.4599999999992
2023-06-07,27.64,3.35,30.99,24.28,35.77,TOA,Conmat,995.7399999999992
2023-06-08,38.77,11.46,50.23,27.32,21.27,TOA,Conmat,1023.0599999999993
2023-06-09,4.77,3.52,8.3,1.25,38.67,TOA,Conmat,1024.3099999999993
2023-06-12,13.25,1.34,14.59,11.91,21.14,TOA,Conmat,1036.2199999999993
2023-06-13,7.13,7.44,14.56,-0.31,21.36,TOA,Conmat,1035.9099999999994
2023-06-14,16.56,19.63,36.19,-3.06,13.25,TOA,Conmat,1032.8499999999995
2023-06-15,15.21,4.82,20.03,10.39,17.46,TOA,Conmat,1043.2399999999996
2023-06-16,0.82,6.46,7.29,-5.64,16.5,TOA,Conmat,1037.5999999999995
2023-06-19,127.84,140.49,268.33,-12.65,17.5,TOA,Conmat,1024.9499999999994
2023-06-20,91.13,93.99,185.12,-2.86,20.21,TOA,Conmat,1022.0899999999993
2023-06-21,61.45,19.86,81.31,41.58,27.02,TOA,Conmat,1063.6699999999994
2023-06-22,15.6,16.28,31.88,-0.68,31.79,TOA,Conmat,1062.9899999999993
2023-06-23,15.6,17.81,33.41,-2.21,24.89,TOA,Conmat,1060.7799999999993
2023-06-26,10.16,7.95,18.11,2.21,29.91,TOA,Conmat,1062.9899999999993
2023-06-27,4.15,4.32,8.46,-0.17,22.18,TOA,Conmat,1062.8199999999993
2023-06-28,16.78,25.38,42.17,-8.6,31.03,TOA,Conmat,1054.2199999999993
2023-06-29,9.11,10.51,19.62,-1.41,25.49,TOA,Conmat,1052.8099999999993
2023-06-30,3.53,5.17,8.7,-1.64,20.39,TOA,Conmat,1051.1699999999992
2023-07-03,6.03,4.5,10.53,1.53,29.39,TOA,Conmat,1052.6999999999991
2023-07-04,6.0,5.46,11.46,0.54,20.63,TOA,Conmat,1053.239999999999
2023-07-05,72.8,37.33,110.13,35.48,21.59,TOA,Conmat,1088.7199999999991
2023-07-06,117.74,45.09,162.83,72.65,26.49,TOA,Conmat,1161.3699999999992
2023-07-07,20.87,10.43,31.31,10.44,28.76,TOA,Conmat,1171.8099999999993
2023-07-10,14.5,16.32,30.82,-1.81,32.57,TOA,Conmat,1169.9999999999993
2023-07-11,9.41,9.1,18.51,0.31,25.87,TOA,Conmat,1170.3099999999993
2023-07-12,10.93,13.67,24.6,-2.74,19.78,TOA,Conmat,1167.5699999999993
2023-07-13,14.31,17.44,31.75,-3.13,25.18,TOA,Conmat,1164.4399999999991
2023-07-14,0.53,6.74,7.27,-6.2,14.54,TOA,Conmat,1158.239999999999
2023-07-17,6.97,3.98,10.96,2.99,21.98,TOA,Conmat,1161.229999999999
2023-07-18,13.57,9.44,23.0,4.13,21.27,TOA,Conmat,1165.3599999999992
2023-07-19,7.88,5.84,13.72,2.04,21.06,TOA,Conmat,1167.3999999999992
2023-07-20,7.08,15.51,22.59,-8.43,23.97,TOA,Conmat,1158.9699999999991
2023-07-21,0.96,2.59,3.56,-1.63,14.74,TOA,Conmat,1157.339999999999
2023-07-24,4.02,6.58,10.59,-2.56,10.68,TOA,Conmat,1154.779999999999
2023-07-25,7.98,8.61,16.59,-0.62,21.21,TOA,Conmat,1154.1599999999992
2023-07-26,1.96,3.43,5.39,-1.46,20.17,TOA,Conmat,1152.6999999999991
2023-07-27,10.77,22.31,33.08,-11.54,25.19,TOA,Conmat,1141.1599999999992
2023-07-31,9.15,9.47,18.63,-0.32,23.67,TOA,Conmat,1140.8399999999992
2023-08-02,9.57,3.03,12.6,6.54,18.01,TOA,Conmat,1147.3799999999992
2023-08-03,10.3,10.32,20.62,-0.02,23.07,TOA,Conmat,1147.3599999999992
2023-08-04,3.75,3.81,7.56,-0.06,15.68,TOA,Conmat,1147.2999999999993
2023-08-07,4.01,4.74,8.75,-0.73,24.55,TOA,Conmat,1146.5699999999993
2023-08-08,12.52,7.01,19.53,5.5,26.11,TOA,Conmat,1152.0699999999993
2023-08-09,6.24,6.56,12.8,-0.32,20.23,TOA,Conmat,1151.7499999999993
2023-08-10,3.36,5.47,8.82,-2.11,16.35,TOA,Conmat,1149.6399999999994
2023-08-11,13.66,4.12,17.78,9.55,16.17,TOA,Conmat,1159.1899999999994
2023-08-15,21.85,10.43,32.28,11.42,31.31,TOA,Conmat,1170.6099999999994
2023-08-16,43.27,29.91,73.18,13.36,18.63,TOA,Conmat,1183.9699999999993
2023-08-17,11.51,4.12,15.63,7.39,21.4,TOA,Conmat,1191.3599999999994
2023-08-18,13.91,5.15,19.07,8.76,28.71,TOA,Conmat,1200.1199999999994
2023-08-21,7.11,7.78,14.89,-0.68,15.41,TOA,Conmat,1199.4399999999994
2023-08-22,4.26,6.69,10.95,-2.43,13.1,TOA,Conmat,1197.0099999999993
2023-08-23,10.32,12.72,23.04,-2.39,12.55,TOA,Conmat,1194.6199999999992
2023-08-24,16.47,6.66,23.12,9.81,14.8,TOA,Conmat,1204.4299999999992
2023-08-25,17.38,3.32,20.7,14.07,24.64,TOA,Conmat,1218.499999999999
2023-08-28,13.11,6.91,20.01,6.2,17.23,TOA,Conmat,1224.6999999999991
2023-08-29,7.64,4.18,11.82,3.46,22.8,TOA,Conmat,1228.1599999999992
2023-08-30,5.28,5.35,10.63,-0.06,15.95,TOA,Conmat,1228.0999999999992
2023-08-31,4.84,2.24,7.08,2.59,14.86,TOA,Conmat,1230.6899999999991
2023-09-01,16.7,9.77,26.47,6.93,27.94,TOA,Conmat,1237.6199999999992
2023-09-04,0.77,2.09,2.85,-1.32,18.74,TOA,Conmat,1236.2999999999993
2023-09-05,1.0,2.85,3.85,-1.86,34.01,TOA,Conmat,1234.4399999999994
2023-09-06,9.64,13.09,22.73,-3.44,19.7,TOA,Conmat,1230.9999999999993
2023-09-07,0.58,0.81,1.39,-0.23,8.25,TOA,Conmat,1230.7699999999993
2023-09-08,13.88,12.68,26.56,1.2,21.1,TOA,Conmat,1231.9699999999993
2023-09-11,24.67,4.8,29.46,19.87,18.51,TOA,Conmat,1251.8399999999992
2023-09-12,2.52,1.25,3.76,1.27,13.49,TOA,Conmat,1253.1099999999992
2023-09-13,28.97,69.15,98.12,-40.18,25.78,TOA,Conmat,1212.9299999999992
2023-09-14,18.95,11.25,30.2,7.7,22.42,TOA,Conmat,1220.6299999999992
2023-09-15,9.51,7.47,16.98,2.03,35.04,TOA,Conmat,1222.6599999999992
2023-09-18,1.32,6.97,8.28,-5.65,21.95,TOA,Conmat,1217.009999999999
2023-09-19,5.78,7.02,12.8,-1.23,25.47,TOA,Conmat,1215.779999999999
2023-09-20,5.59,12.81,18.4,-7.22,19.61,TOA,Conmat,1208.559999999999
2023-09-21,15.86,4.98,20.84,10.88,17.63,TOA,Conmat,1219.4399999999991
2023-09-22,13.85,4.76,18.6,9.09,27.31,TOA,Conmat,1228.529999999999
2023-09-25,1.07,6.72,7.79,-5.66,35.79,TOA,Conmat,1222.869999999999
2023-09-26,5.81,13.32,19.13,-7.51,32.55,TOA,Conmat,1215.359999999999
2023-09-27,7.46,5.42,12.87,2.04,27.86,TOA,Conmat,1217.399999999999
2023-09-28,10.96,13.26,24.22,-2.31,23.11,TOA,Conmat,1215.089999999999
2023-09-29,5.95,2.02,7.97,3.93,36.73,TOA,Conmat,1219.019999999999
2023-10-02,3.58,4.24,7.82,-0.66,45.64,TOA,Conmat,1218.359999999999
2023-10-03,3.54,6.93,10.47,-3.39,15.0,TOA,Conmat,1214.969999999999
2023-10-04,11.76,5.45,17.21,6.31,26.7,TOA,Conmat,1221.2799999999988
2023-10-05,9.22,5.62,14.84,3.6,17.22,TOA,Conmat,1224.8799999999987
2023-10-06,11.97,3.86,15.83,8.11,29.37,TOA,Conmat,1232.9899999999986
2023-10-09,27.86,8.31,36.17,19.55,30.08,TOA,Conmat,1252.5399999999986
2023-10-10,7.13,3.36,10.49,3.77,22.57,TOA,Conmat,1256.3099999999986
2023-10-11,26.73,7.89,34.62,18.84,38.16,TOA,Conmat,1275.1499999999985
2023-10-12,6.56,3.71,10.27,2.86,26.48,TOA,Conmat,1278.0099999999984
2023-10-16,21.0,13.57,34.57,7.43,27.93,TOA,Conmat,1285.4399999999985
2023-10-17,8.2,1.95,10.14,6.25,23.46,TOA,Conmat,1291.6899999999985
2023-10-18,20.22,23.44,43.66,-3.23,34.02,TOA,Conmat,1288.4599999999984
2023-10-19,17.44,2.91,20.35,14.53,21.56,TOA,Conmat,1302.9899999999984
2023-10-20,17.28,6.29,23.57,11.0,21.5,TOA,Conmat,1313.9899999999984
2023-10-24,27.06,7.25,34.32,19.81,18.47,TOA,Conmat,1333.7999999999984
2023-10-25,19.0,4.99,23.99,14.01,15.02,TOA,Conmat,1347.8099999999984
2023-10-26,31.31,9.74,41.05,21.57,24.27,TOA,Conmat,1369.3799999999983
2023-10-27,18.88,8.6,27.48,10.27,30.23,TOA,Conmat,1379.6499999999983
2023-10-30,15.77,9.67,25.44,6.09,29.66,TOA,Conmat,1385.7399999999982
2023-10-31,14.82,13.39,28.21,1.42,44.29,TOA,Conmat,1387.1599999999983
2023-11-01,7.8,12.5,20.3,-4.7,42.19,TOA,Conmat,1382.4599999999982
2023-11-02,4.76,1.97,6.72,2.79,11.1,TOA,Conmat,1385.2499999999982
2023-11-03,5.58,7.98,13.56,-2.4,13.48,TOA,Conmat,1382.849999999998
2023-11-06,8.11,8.45,16.55,-0.34,16.94,TOA,Conmat,1382.5099999999982
2023-11-07,5.11,7.64,12.75,-2.53,30.22,TOA,Conmat,1379.9799999999982
2023-11-08,4.78,6.23,11.0,-1.45,33.35,TOA,Conmat,1378.5299999999982
2023-11-09,2.5,4.3,6.79,-1.8,17.95,TOA,Conmat,1376.7299999999982
2023-11-10,2.56,5.14,7.7,-2.58,37.6,TOA,Conmat,1374.1499999999983
2023-11-13,1.49,9.71,11.2,-8.22,26.05,TOA,Conmat,1365.9299999999982
2023-11-14,8.59,17.7,26.29,-9.11,26.81,TOA,Conmat,1356.8199999999983
2023-11-15,17.71,6.77,24.48,10.93,14.26,TOA,Conmat,1367.7499999999984
2023-11-16,28.25,11.71,39.96,16.54,17.8,TOA,Conmat,1384.2899999999984
2023-11-17,7.47,17.56,25.04,-10.09,25.63,TOA,Conmat,1374.1999999999985
2023-11-20,2.36,3.24,5.59,-0.88,25.93,TOA,Conmat,1373.3199999999983
2023-11-21,11.47,11.98,23.44,-0.51,28.2,TOA,Conmat,1372.8099999999984
2023-11-22,12.14,5.08,17.23,7.06,19.69,TOA,Conmat,1379.8699999999983
2023-11-23,4.87,5.4,10.27,-0.53,12.76,TOA,Conmat,1379.3399999999983
2023-11-24,5.39,10.16,15.55,-4.76,19.09,TOA,Conmat,1374.5799999999983
2023-11-27,3.21,2.22,5.43,1.0,17.47,TOA,Conmat,1375.5799999999983
2023-11-28,1.8,2.22,4.03,-0.42,21.57,TOA,Conmat,1375.1599999999983
2023-11-29,2.94,5.11,8.05,-2.17,20.9,TOA,Conmat,1372.9899999999982
2023-11-30,8.83,14.9,23.73,-6.07,24.64,TOA,Conmat,1366.9199999999983
2023-12-01,9.72,14.85,24.58,-5.13,27.28,TOA,Conmat,1361.7899999999981
2023-12-04,3.78,6.57,10.35,-2.78,27.59,TOA,Conmat,1359.0099999999982
2023-12-06,20.38,5.06,25.44,15.33,27.39,TOA,Conmat,1374.339999999998
2023-12-07,7.58,5.74,13.32,1.85,25.96,TOA,Conmat,1376.189999999998
2023-12-08,8.96,7.68,16.65,1.28,24.9,TOA,Conmat,1377.469999999998
2023-12-12,12.32,6.43,18.76,5.89,27.21,TOA,Conmat,1383.359999999998
2023-12-13,4.92,6.61,11.53,-1.69,17.86,TOA,Conmat,1381.669999999998
2023-12-14,8.29,3.44,11.73,4.85,29.19,TOA,Conmat,1386.519999999998
2023-12-15,7.25,9.63,16.88,-2.38,31.42,TOA,Conmat,1384.1399999999978
2023-12-18,1.92,2.75,4.66,-0.83,20.62,TOA,Conmat,1383.309999999998
2023-12-19,2.33,1.56,3.89,0.77,20.05,TOA,Conmat,1384.0799999999979
2023-12-20,5.74,5.78,11.53,-0.04,26.52,TOA,Conmat,1384.039999999998
2023-12-21,1.07,2.93,4.0,-1.86,18.23,TOA,Conmat,1382.179999999998
2023-12-22,1.37,3.12,4.49,-1.74,15.72,TOA,Conmat,1380.439999999998
2023-12-25,0.83,2.07,2.9,-1.24,13.44,TOA,Conmat,1379.199999999998
2023-12-26,0.57,2.84,3.41,-2.27,23.97,TOA,Conmat,1376.929999999998
2023-12-27,0.3,4.78,5.08,-4.48,25.56,TOA,Conmat,1372.449999999998
2023-12-28,0.1,3.71,3.81,-3.62,11.62,TOA,Conmat,1368.829999999998
2024-01-02,6.37,3.4,9.77,2.98,10.51,TOA,Conmat,1371.8099999999981
2024-01-03,10.77,8.3,19.07,2.47,24.01,TOA,Conmat,1374.2799999999982
2024-01-04,5.17,9.01,14.18,-3.84,25.36,TOA,Conmat,1370.4399999999982
2024-01-05,9.62,15.52,25.14,-5.89,18.38,TOA,Conmat,1364.5499999999981
2024-01-08,3.73,6.35,10.09,-2.62,42.8,TOA,Conmat,1361.9299999999982
2024-01-09,3.79,5.52,9.31,-1.72,39.39,TOA,Conmat,1360.2099999999982
2024-01-10,10.92,5.33,16.25,5.59,30.31,TOA,Conmat,1365.7999999999981
2024-01-11,8.2,7.77,15.97,0.42,27.64,TOA,Conmat,1366.2199999999982
2024-01-12,3.67,4.26,7.94,-0.59,24.25,TOA,Conmat,1365.6299999999983
2024-01-15,1.34,1.47,2.81,-0.13,18.37,TOA,Conmat,1365.4999999999982
2024-01-16,1.53,4.31,5.84,-2.77,15.92,TOA,Conmat,1362.7299999999982
2024-01-17,0.89,10.57,11.45,-9.68,21.11,TOA,Conmat,1353.0499999999981
2024-01-18,6.26,7.37,13.64,-1.11,16.54,TOA,Conmat,1351.9399999999982
2024-01-19,6.49,12.14,18.63,-5.65,18.82,TOA,Conmat,1346.2899999999981
2024-01-22,6.12,7.61,13.74,-1.49,32.49,TOA,Conmat,1344.7999999999981
2024-01-23,1.14,15.36,16.5,-14.22,24.3,TOA,Conmat,1330.579999999998
2024-01-24,5.4,10.98,16.39,-5.58,23.55,TOA,Conmat,1324.9999999999982
2024-01-25,8.09,3.35,11.44,4.75,17.66,TOA,Conmat,1329.7499999999982
2024-01-26,3.98,4.12,8.1,-0.14,20.97,TOA,Conmat,1329.609999999998
2024-01-29,2.6,2.45,5.05,0.15,19.88,TOA,Conmat,1329.7599999999982
2024-01-30,0.84,11.85,12.69,-11.01,24.02,TOA,Conmat,1318.7499999999982
2024-01-31,7.13,10.71,17.85,-3.58,18.11,TOA,Conmat,1315.1699999999983
2024-02-01,6.01,2.34,8.35,3.67,17.11,TOA,Conmat,1318.8399999999983
2024-02-02,2.2,4.42,6.62,-2.22,21.15,TOA,Conmat,1316.6199999999983
2024-02-05,1.14,4.33,5.48,-3.19,11.61,TOA,Conmat,1313.4299999999982
2024-02-06,4.74,1.01,5.75,3.72,19.05,TOA,Conmat,1317.1499999999983
2024-02-07,4.66,2.87,7.53,1.78,7.8,TOA,Conmat,1318.9299999999982
2024-02-08,1.78,2.8,4.59,-1.02,16.69,TOA,Conmat,1317.9099999999983
2024-02-09,0.55,0.38,0.93,0.17,8.04,TOA,Conmat,1318.0799999999983
2024-02-12,0.64,1.4,2.04,-0.77,13.33,TOA,Conmat,1317.3099999999984
2024-02-13,2.39,2.6,4.99,-0.2,18.13,TOA,Conmat,1317.1099999999983
2024-02-14,2.93,0.85,3.78,2.08,17.13,TOA,Conmat,1319.1899999999982
2024-02-15,0.19,0.49,0.68,-0.3,6.52,TOA,Conmat,1318.8899999999983
2024-02-16,1.25,2.06,3.31,-0.81,20.55,TOA,Conmat,1318.0799999999983
2024-02-19,0.99,0.1,1.09,0.89,22.25,TOA,Conmat,1318.9699999999984
2024-02-20,1.1,1.07,2.17,0.03,23.88,TOA,Conmat,1318.9999999999984
2024-02-21,0.88,1.91,2.8,-1.03,25.09,TOA,Conmat,1317.9699999999984
2024-02-22,5.13,5.93,11.06,-0.8,18.26,TOA,Conmat,1317.1699999999985
2024-02-23,6.4,25.21,31.61,-18.81,13.74,TOA,Conmat,1298.3599999999985
2024-02-27,2.98,0.82,3.8,2.17,16.94,TOA,Conmat,1300.5299999999986
2024-02-28,11.91,10.07,21.99,1.84,16.56,TOA,Conmat,1302.3699999999985
2024-02-29,32.98,20.9,53.89,12.08,31.54,TOA,Conmat,1314.4499999999985
2024-03-01,8.5,8.33,16.83,0.17,33.88,TOA,Conmat,1314.6199999999985
2024-03-04,9.42,6.23,15.65,3.18,30.39,TOA,Conmat,1317.7999999999986
2024-03-05,4.62,2.8,7.42,1.83,18.97,TOA,Conmat,1319.6299999999985
2024-03-06,5.37,3.34,8.72,2.03,17.92,TOA,Conmat,1321.6599999999985
2024-03-07,6.15,1.37,7.52,4.79,11.22,TOA,Conmat,1326.4499999999985
2024-03-08,8.05,3.01,11.06,5.04,7.8,TOA,Conmat,1331.4899999999984
2024-03-11,3.67,1.62,5.29,2.06,12.88,TOA,Conmat,1333.5499999999984
2024-03-12,2.51,1.46,3.97,1.05,15.88,TOA,Conmat,1334.5999999999983
2024-03-13,3.6,1.77,5.37,1.84,29.17,TOA,Conmat,1336.4399999999982
2024-03-14,10.38,7.86,18.24,2.52,26.31,TOA,Conmat,1338.9599999999982
2024-03-15,1.38,5.26,6.64,-3.88,10.65,TOA,Conmat,1335.079999999998
2024-03-18,1.14,7.92,9.05,-6.78,18.12,TOA,Conmat,1328.2999999999981
2024-03-19,0.88,2.71,3.6,-1.83,16.41,TOA,Conmat,1326.4699999999982
2024-03-20,2.66,2.09,4.75,0.57,20.82,TOA,Conmat,1327.0399999999981
2024-03-21,1.23,3.93,5.16,-2.71,25.35,TOA,Conmat,1324.329999999998
2024-03-22,0.95,6.41,7.36,-5.46,29.03,TOA,Conmat,1318.869999999998
2024-03-25,2.0,12.42,14.42,-10.43,19.85,TOA,Conmat,1308.439999999998
2024-03-26,4.38,6.6,10.98,-2.21,15.63,TOA,Conmat,1306.229999999998
2024-03-27,3.68,2.61,6.28,1.07,26.2,TOA,Conmat,1307.299999999998
2024-03-28,0.32,7.04,7.35,-6.72,34.8,TOA,Conmat,1300.5799999999979
2024-03-29,2.06,1.63,3.7,0.43,9.2,TOA,Conmat,1301.009999999998
2024-04-01,2.28,6.1,8.38,-3.81,16.29,TOA,Conmat,1297.199999999998
2024-04-02,1.98,2.69,4.67,-0.72,10.51,TOA,Conmat,1296.479999999998
2024-04-03,6.6,1.32,7.92,5.27,14.13,TOA,Conmat,1301.749999999998
2024-04-04,1.61,1.69,3.3,-0.09,6.05,TOA,Conmat,1301.659999999998
2024-04-05,6.96,9.51,16.47,-2.55,12.33,TOA,Conmat,1299.109999999998
2024-04-09,3.16,15.67,18.83,-12.51,16.93,TOA,Conmat,1286.599999999998
2024-04-10,14.65,9.64,24.29,5.01,13.9,TOA,Conmat,1291.609999999998
2024-04-11,3.97,20.31,24.28,-16.33,17.1,TOA,Conmat,1275.2799999999982
2024-04-17,3.41,20.55,23.96,-17.14,16.94,TOA,Conmat,1258.139999999998
2024-04-18,4.03,11.28,15.31,-7.24,11.66,TOA,Conmat,1250.899999999998
2024-04-19,5.98,21.05,27.02,-15.07,14.62,TOA,Conmat,1235.829999999998
2024-04-22,2.12,18.21,20.33,-16.09,12.75,TOA,Conmat,1219.7399999999982
2024-04-23,26.03,22.18,48.21,3.85,25.4,TOA,Conmat,1223.589999999998
2024-04-24,2.88,17.74,20.62,-14.86,22.73,TOA,Conmat,1208.7299999999982
2024-04-25,5.52,27.16,32.68,-21.64,15.15,TOA,Conmat,1187.089999999998
2024-04-26,5.83,17.72,23.55,-11.89,15.26,TOA,Conmat,1175.199999999998
2024-04-29,4.85,15.5,20.36,-10.65,7.33,TOA,Conmat,1164.549999999998
2024-04-30,5.84,24.02,29.87,-18.18,16.28,TOA,Conmat,1146.3699999999978
2024-05-02,21.12,37.66,58.78,-16.55,19.21,TOA,Conmat,1129.819999999998
2024-05-03,7.24,13.68,20.91,-6.44,22.69,TOA,Conmat,1123.3799999999978
2024-05-07,7.85,51.37,59.22,-43.51,27.12,TOA,Conmat,1079.8699999999978
2024-05-08,18.35,21.11,39.46,-2.76,27.02,TOA,Conmat,1077.1099999999979
2024-05-09,5.24,17.99,23.23,-12.75,23.39,TOA,Conmat,1064.3599999999979
2024-05-10,24.87,5.84,30.72,19.03,22.41,TOA,Conmat,1083.3899999999978
2024-05-13,15.92,7.11,23.02,8.81,7.2,TOA,Conmat,1092.1999999999978
2024-05-14,13.22,4.24,17.46,8.98,21.77,TOA,Conmat,1101.1799999999978
2024-05-15,11.19,10.49,21.68,0.71,17.65,TOA,Conmat,1101.8899999999978
2024-05-16,18.75,32.23,50.98,-13.48,16.06,TOA,Conmat,1088.4099999999978
2024-05-17,32.64,31.24,63.88,1.39,15.66,TOA,Conmat,1089.799999999998
2024-05-20,13.67,5.4,19.08,8.27,20.65,TOA,Conmat,1098.069999999998
2024-05-21,3.8,10.79,14.59,-7.0,32.59,TOA,Conmat,1091.069999999998
2024-05-23,4.39,11.16,15.55,-6.76,35.22,TOA,Conmat,1084.309999999998
2024-05-24,3.64,4.75,8.39,-1.1,13.79,TOA,Conmat,1083.209999999998
2024-05-27,21.39,20.53,41.92,0.86,34.21,TOA,Conmat,1084.069999999998
2024-05-28,14.17,15.83,29.99,-1.66,38.84,TOA,Conmat,1082.4099999999978
2024-05-29,15.12,18.38,33.5,-3.27,41.46,TOA,Conmat,1079.1399999999978
2024-05-30,9.42,6.15,15.58,3.27,36.87,TOA,Conmat,1082.4099999999978
2024-05-31,21.4,16.38,37.78,5.03,36.67,TOA,Conmat,1087.4399999999978
2024-06-04,6.16,6.31,12.47,-0.16,26.93,TOA,Conmat,1087.2799999999977
2024-06-05,2.99,4.94,7.93,-1.95,23.82,TOA,Conmat,1085.3299999999977
2024-06-06,0.78,6.99,7.78,-6.21,27.94,TOA,Conmat,1079.1199999999976
2024-06-07,3.22,7.39,10.61,-4.18,37.52,TOA,Conmat,1074.9399999999976
2024-06-10,3.36,2.64,6.0,0.71,28.84,TOA,Conmat,1075.6499999999976
2024-06-11,3.76,7.01,10.77,-3.25,37.82,TOA,Conmat,1072.3999999999976
2024-06-12,5.25,8.84,14.09,-3.59,36.99,TOA,Conmat,1068.8099999999977
2024-06-13,7.37,7.49,14.86,-0.13,21.57,TOA,Conmat,1068.6799999999976
2024-06-14,4.09,3.57,7.66,0.52,31.16,TOA,Conmat,1069.1999999999975
2024-06-17,4.7,2.64,7.33,2.06,27.25,TOA,Conmat,1071.2599999999975
2024-06-18,1.76,3.21,4.97,-1.45,29.68,TOA,Conmat,1069.8099999999974
2024-06-19,4.16,7.52,11.68,-3.36,30.33,TOA,Conmat,1066.4499999999975
2024-06-20,1.86,6.63,8.48,-4.77,19.83,TOA,Conmat,1061.6799999999976
2024-06-21,12.45,6.44,18.88,6.01,29.59,TOA,Conmat,1067.6899999999976
2024-06-24,2.16,5.0,7.16,-2.84,25.54,TOA,Conmat,1064.8499999999976
2024-06-25,3.69,11.0,14.69,-7.31,24.73,TOA,Conmat,1057.5399999999977
2024-06-26,0.0,2.59,2.59,-2.59,13.83,TOA,Conmat,1054.9499999999978
2024-06-27,0.58,8.27,8.86,-7.69,30.18,TOA,Conmat,1047.2599999999977
2024-06-28,3.66,16.06,19.71,-12.4,27.87,TOA,Conmat,1034.8599999999976
2024-07-01,8.99,3.87,12.86,5.12,22.93,TOA,Conmat,1039.9799999999975
2024-07-02,1.07,5.13,6.19,-4.06,14.71,TOA,Conmat,1035.9199999999976
2024-07-03,1.16,3.22,4.38,-2.06,28.43,TOA,Conmat,1033.8599999999976
2024-07-04,0.37,1.88,2.25,-1.51,12.89,TOA,Conmat,1032.3499999999976
2024-07-05,1.29,2.35,3.64,-1.06,17.44,TOA,Conmat,1031.2899999999977
2024-07-08,21.13,9.89,31.02,11.24,42.81,TOA,Conmat,1042.5299999999977
2024-07-09,1.64,5.4,7.04,-3.76,23.1,TOA,Conmat,1038.7699999999977
2024-07-10,2.16,4.71,6.88,-2.55,21.56,TOA,Conmat,1036.2199999999978
2024-07-11,0.63,5.46,6.08,-4.83,22.6,TOA,Conmat,1031.3899999999978
2024-07-12,1.22,0.61,1.83,0.6,7.7,TOA,Conmat,1031.9899999999977
2024-07-15,0.42,2.7,3.12,-2.29,10.93,TOA,Conmat,1029.6999999999978
2024-07-16,1.36,4.8,6.16,-3.44,16.38,TOA,Conmat,1026.2599999999977
2024-07-17,1.63,4.91,6.54,-3.28,18.8,TOA,Conmat,1022.9799999999977
2024-07-18,1.25,1.01,2.26,0.24,22.26,TOA,Conmat,1023.2199999999978
2024-07-19,0.74,1.24,1.98,-0.51,14.27,TOA,Conmat,1022.7099999999978
2024-07-23,1.27,6.41,7.68,-5.14,11.97,TOA,Conmat,1017.5699999999978
2024-07-24,2.87,1.38,4.25,1.49,7.71,TOA,Conmat,1019.0599999999978
2024-07-25,1.22,1.73,2.94,-0.51,15.66,TOA,Conmat,1018.5499999999978
2024-07-26,2.32,0.43,2.75,1.89,21.49,TOA,Conmat,1020.4399999999978
2024-07-30,1.26,1.61,2.87,-0.35,23.7,TOA,Conmat,1020.0899999999978
2024-07-31,1.41,2.37,3.78,-0.96,21.42,TOA,Conmat,1019.1299999999977
2024-08-01,4.38,1.95,6.33,2.42,13.75,TOA,Conmat,1021.5499999999977
2024-08-02,0.26,2.06,2.32,-1.8,18.09,TOA,Conmat,1019.7499999999977
2024-08-05,1.8,4.92,6.73,-3.12,16.71,TOA,Conmat,1016.6299999999977
2024-08-06,2.73,4.65,7.39,-1.92,18.74,TOA,Conmat,1014.7099999999978
2024-08-07,2.71,1.8,4.51,0.91,12.22,TOA,Conmat,1015.6199999999977
2024-08-08,9.35,2.37,11.71,6.98,18.5,TOA,Conmat,1022.5999999999977
2024-08-09,1.62,0.75,2.38,0.87,17.98,TOA,Conmat,1023.4699999999978
2024-08-13,0.63,2.32,2.94,-1.69,24.47,TOA,Conmat,1021.7799999999977
2024-08-14,3.33,3.2,6.52,0.13,17.57,TOA,Conmat,1021.9099999999977
2024-08-15,5.53,3.72,9.25,1.82,21.51,TOA,Conmat,1023.7299999999977
2024-08-16,0.38,3.16,3.53,-2.78,15.42,TOA,Conmat,1020.9499999999978
2024-08-19,5.43,6.3,11.73,-0.86,20.81,TOA,Conmat,1020.0899999999978
2024-08-20,6.95,2.27,9.22,4.68,16.17,TOA,Conmat,1024.7699999999977
2024-08-21,5.39,0.74,6.12,4.65,11.79,TOA,Conmat,1029.4199999999978
2024-08-22,5.1,11.18,16.28,-6.07,17.7,TOA,Conmat,1023.3499999999977
2024-08-23,2.87,3.87,6.75,-1.0,21.47,TOA,Conmat,1022.3499999999977
2024-08-26,4.01,5.59,9.59,-1.58,27.32,TOA,Conmat,1020.7699999999977
2024-08-27,2.73,6.05,8.78,-3.32,16.67,TOA,Conmat,1017.4499999999977
2024-08-28,0.57,6.3,6.87,-5.73,23.72,TOA,Conmat,1011.7199999999976
2024-08-29,2.69,14.05,16.74,-11.36,33.13,TOA,Conmat,1000.3599999999976
2024-08-30,3.5,5.73,9.23,-2.23,27.66,TOA,Conmat,998.1299999999976
2024-09-02,1.12,13.26,14.38,-12.14,36.57,TOA,Conmat,985.9899999999976
2024-09-03,7.09,0.12,7.21,6.97,14.8,TOA,Conmat,992.9599999999976
2024-09-04,2.01,6.48,8.48,-4.47,20.53,TOA,Conmat,988.4899999999976
2024-09-05,10.03,5.94,15.97,4.1,11.95,TOA,Conmat,992.5899999999976
2024-09-06,5.73,4.21,9.94,1.52,9.53,TOA,Conmat,994.1099999999976
2024-09-09,0.68,2.49,3.17,-1.81,13.37,TOA,Conmat,992.2999999999977
2024-09-10,6.84,5.98,12.82,0.86,18.05,TOA,Conmat,993.1599999999977
2024-09-11,8.84,13.57,22.4,-4.73,23.31,TOA,Conmat,988.4299999999977
2024-09-12,17.09,10.37,27.46,6.72,17.36,TOA,Conmat,995.1499999999977
2024-09-13,6.36,8.08,14.44,-1.72,17.3,TOA,Conmat,993.4299999999977
2024-09-16,5.82,2.92,8.74,2.91,23.04,TOA,Conmat,996.3399999999976
2024-09-17,1.44,4.58,6.01,-3.14,13.7,TOA,Conmat,993.1999999999977
2024-09-18,1.22,3.35,4.57,-2.14,17.3,TOA,Conmat,991.0599999999977
2024-09-19,8.47,1.11,9.58,7.35,15.63,TOA,Conmat,998.4099999999977
2024-09-20,7.17,14.06,21.23,-6.89,22.75,TOA,Conmat,991.5199999999977
2024-09-23,11.79,4.15,15.94,7.64,12.47,TOA,Conmat,999.1599999999977
2024-09-24,5.6,3.53,9.13,2.07,18.52,TOA,Conmat,1001.2299999999977
2024-09-25,9.14,8.29,17.43,0.85,26.45,TOA,Conmat,1002.0799999999978
2024-09-26,4.34,3.6,7.93,0.74,15.81,TOA,Conmat,1002.8199999999978
2024-09-27,1.47,4.73,6.19,-3.26,21.58,TOA,Conmat,999.5599999999978
2024-09-30,5.27,2.38,7.66,2.89,13.19,TOA,Conmat,1002.4499999999978
2024-10-01,7.85,1.46,9.31,6.39,23.35,TOA,Conmat,1008.8399999999978
2024-10-02,11.21,1.52,12.73,9.7,18.04,TOA,Conmat,1018.5399999999978
2024-10-03,0.58,7.83,8.41,-7.26,19.71,TOA,Conmat,1011.2799999999978
2024-10-04,3.46,5.92,9.38,-2.45,16.06,TOA,Conmat,1008.8299999999978
2024-10-07,3.28,4.71,7.98,-1.43,22.23,TOA,Conmat,1007.3999999999978
2024-10-08,0.85,3.21,4.06,-2.37,10.86,TOA,Conmat,1005.0299999999978
2024-10-09,1.93,2.91,4.84,-0.98,8.01,TOA,Conmat,1004.0499999999978
2024-10-10,4.32,1.79,6.11,2.53,10.01,TOA,Conmat,1006.5799999999978
2024-10-11,4.36,8.67,13.03,-4.31,19.46,TOA,Conmat,1002.2699999999978
2024-10-15,2.06,6.47,8.54,-4.41,24.91,TOA,Conmat,997.8599999999979
2024-10-16,4.31,4.88,9.19,-0.57,24.58,TOA,Conmat,997.2899999999978
2024-10-17,1.57,0.74,2.32,0.83,15.77,TOA,Conmat,998.1199999999978
2024-10-18,1.27,2.19,3.46,-0.91,16.72,TOA,Conmat,997.2099999999979
2024-10-21,1.2,2.15,3.35,-0.95,19.45,TOA,Conmat,996.2599999999978
2024-10-22,0.77,4.22,4.99,-3.45,18.1,TOA,Conmat,992.8099999999978
2024-10-24,0.28,1.51,1.79,-1.23,18.35,TOA,Conmat,991.5799999999978
2024-10-25,0.28,1.59,1.87,-1.31,11.14,TOA,Conmat,990.2699999999978
2024-10-28,1.67,3.43,5.1,-1.76,15.72,TOA,Conmat,988.5099999999978
2024-10-29,1.72,0.93,2.66,0.79,7.25,TOA,Conmat,989.2999999999978
2024-10-30,0.81,0.91,1.73,-0.1,17.86,TOA,Conmat,989.1999999999978
2024-10-31,6.64,1.48,8.11,5.16,26.68,TOA,Conmat,994.3599999999977
2024-11-01,0.66,1.78,2.43,-1.12,22.38,TOA,Conmat,993.2399999999977
2024-11-04,1.92,1.86,3.78,0.06,22.91,TOA,Conmat,993.2999999999977
2024-11-05,1.67,1.48,3.15,0.19,11.85,TOA,Conmat,993.4899999999977
2024-11-06,2.98,3.37,6.35,-0.39,16.1,TOA,Conmat,993.0999999999977
2024-11-07,0.41,1.02,1.43,-0.61,16.46,TOA,Conmat,992.4899999999977
2024-11-08,0.42,1.18,1.6,-0.76,11.06,TOA,Conmat,991.7299999999977
2024-11-11,1.82,6.23,8.05,-4.42,30.87,TOA,Conmat,987.3099999999978
2024-11-12,1.08,3.11,4.19,-2.03,14.71,TOA,Conmat,985.2799999999978
2024-11-13,5.53,5.17,10.7,0.36,10.46,TOA,Conmat,985.6399999999978
2024-11-14,0.89,2.89,3.78,-2.0,19.52,TOA,Conmat,983.6399999999978
2024-11-15,0.23,1.58,1.81,-1.35,13.98,TOA,Conmat,982.2899999999978
2024-11-18,0.38,1.14,1.51,-0.76,12.06,TOA,Conmat,981.5299999999978
2024-11-19,3.55,1.77,5.32,1.78,20.77,TOA,Conmat,983.3099999999978
2024-11-20,0.0,0.21,0.22,-0.21,3.56,TOA,Conmat,983.0999999999977
2024-11-21,0.29,0.59,0.88,-0.3,12.18,TOA,Conmat,982.7999999999978
2024-11-22,0.22,0.93,1.15,-0.71,10.96,TOA,Conmat,982.0899999999978
2024-11-25,2.12,1.18,3.3,0.94,16.07,TOA,Conmat,983.0299999999978
2024-11-26,0.66,2.06,2.73,-1.4,13.88,TOA,Conmat,981.6299999999978
2024-11-27,2.62,5.59,8.21,-2.97,3.72,TOA,Conmat,978.6599999999978
2024-11-28,11.62,6.78,18.4,4.83,13.01,TOA,Conmat,983.4899999999978
2024-11-29,9.47,1.58,11.04,7.89,14.99,TOA,Conmat,991.3799999999978
2024-12-02,4.97,1.27,6.24,3.7,7.62,TOA,Conmat,995.0799999999979
2024-12-03,8.89,0.92,9.81,7.98,21.05,TOA,Conmat,1003.0599999999979
2024-12-04,5.66,2.07,7.74,3.59,10.2,TOA,Conmat,1006.6499999999979
2024-12-06,3.44,1.5,4.94,1.94,20.59,TOA,Conmat,1008.589999999998
2024-12-09,22.01,16.03,38.04,5.98,11.58,TOA,Conmat,1014.569999999998
2024-12-11,15.09,12.67,27.76,2.42,23.6,TOA,Conmat,1016.989999999998
2024-12-12,7.58,9.46,17.03,-1.88,21.39,TOA,Conmat,1015.109999999998
2024-12-13,13.01,8.36,21.37,4.65,24.19,TOA,Conmat,1019.759999999998
2024-12-16,5.04,4.1,9.15,0.94,15.28,TOA,Conmat,1020.699999999998
2024-12-17,4.22,5.54,9.75,-1.32,21.46,TOA,Conmat,1019.379999999998
2024-12-18,4.17,1.94,6.12,2.23,8.2,TOA,Conmat,1021.609999999998
2024-12-19,1.52,3.24,4.76,-1.72,9.05,TOA,Conmat,1019.8899999999979
2024-12-20,2.08,5.84,7.91,-3.76,15.33,TOA,Conmat,1016.129999999998
2024-12-23,15.15,3.08,18.23,12.06,14.97,TOA,Conmat,1028.189999999998
2024-12-24,3.96,1.42,5.38,2.54,9.37,TOA,Conmat,1030.729999999998
2024-12-25,4.25,2.44,6.69,1.8,14.59,TOA,Conmat,1032.529999999998
2024-12-26,0.56,6.78,7.34,-6.22,12.42,TOA,Conmat,1026.309999999998
2024-12-27,1.23,6.92,8.15,-5.69,7.92,TOA,Conmat,1020.6199999999978
2024-12-30,0.86,2.66,3.52,-1.81,3.89,TOA,Conmat,1018.8099999999979
2025-01-02,7.57,2.85,10.42,4.72,8.28,TOA,Conmat,1023.5299999999979
2025-01-03,3.36,6.06,9.42,-2.7,7.47,TOA,Conmat,1020.8299999999979
2025-01-06,1.74,0.92,2.65,0.82,6.47,TOA,Conmat,1021.6499999999979
2025-01-07,1.88,2.09,3.98,-0.21,3.98,TOA,Conmat,1021.4399999999979
2025-01-08,5.67,5.46,11.14,0.21,8.11,TOA,Conmat,1021.6499999999979
2025-01-09,2.34,17.83,20.17,-15.49,17.06,TOA,Conmat,1006.1599999999979
2025-01-10,0.78,5.05,5.83,-4.27,10.97,TOA,Conmat,1001.8899999999979
2025-01-13,2.41,7.86,10.27,-5.45,8.02,TOA,Conmat,996.4399999999979
2025-01-14,5.47,11.88,17.35,-6.42,8.53,TOA,Conmat,990.0199999999979
2025-01-15,22.48,5.95,28.43,16.53,17.74,TOA,Conmat,1006.5499999999979
2025-01-16,5.46,1.88,7.34,3.58,12.89,TOA,Conmat,1010.129999999998
2025-01-17,20.61,1.89,22.5,18.71,23.02,TOA,Conmat,1028.8399999999979
2025-01-20,9.12,0.85,9.97,8.27,15.23,TOA,Conmat,1037.1099999999979
2025-01-21,19.95,3.72,23.67,16.24,18.64,TOA,Conmat,1053.3499999999979
2025-01-22,11.73,4.56,16.29,7.17,10.62,TOA,Conmat,1060.519999999998
2025-01-23,11.98,6.41,18.4,5.57,13.75,TOA,Conmat,1066.0899999999979
2025-01-24,10.88,1.23,12.12,9.65,22.76,TOA,Conmat,1075.739999999998
2025-01-27,6.55,3.28,9.84,3.27,17.17,TOA,Conmat,1079.009999999998
2025-01-28,5.81,2.34,8.15,3.48,9.44,TOA,Conmat,1082.489999999998
2025-01-29,6.3,2.66,8.96,3.65,14.47,TOA,Conmat,1086.139999999998
2025-01-30,18.23,1.98,20.21,16.25,19.22,TOA,Conmat,1102.389999999998
2025-01-31,8.64,10.16,18.81,-1.52,17.2,TOA,Conmat,1100.869999999998
2025-02-03,17.69,1.94,19.63,15.75,22.44,TOA,Conmat,1116.619999999998
2025-02-04,10.94,6.93,17.86,4.01,22.67,TOA,Conmat,1120.629999999998
2025-02-05,13.59,2.73,16.32,10.87,23.28,TOA,Conmat,1131.499999999998
2025-02-06,3.67,6.77,10.44,-3.09,16.37,TOA,Conmat,1128.409999999998
2025-02-07,27.05,5.18,32.23,21.88,15.4,TOA,Conmat,1150.2899999999981
2025-02-10,4.22,4.22,8.44,0.01,25.32,TOA,Conmat,1150.2999999999981
2025-02-11,3.32,3.37,6.68,-0.05,31.18,TOA,Conmat,1150.2499999999982
2025-02-13,5.76,16.55,22.31,-10.79,18.87,TOA,Conmat,1139.4599999999982
2025-02-14,5.54,5.09,10.63,0.45,22.34,TOA,Conmat,1139.9099999999983
2025-02-17,16.99,8.75,25.74,8.24,47.21,TOA,Conmat,1148.1499999999983
2025-02-18,13.89,2.7,16.59,11.19,27.47,TOA,Conmat,1159.3399999999983
2025-02-19,8.31,2.61,10.92,5.71,48.3,TOA,Conmat,1165.0499999999984
2025-02-20,8.81,8.78,17.59,0.02,23.46,TOA,Conmat,1165.0699999999983
2025-02-21,5.58,2.32,7.9,3.25,19.42,TOA,Conmat,1168.3199999999983
2025-02-24,17.17,2.72,19.89,14.45,26.1,TOA,Conmat,1182.7699999999984
2025-02-25,7.29,14.69,21.98,-7.4,19.8,TOA,Conmat,1175.3699999999983
2025-02-26,13.54,3.81,17.34,9.73,28.23,TOA,Conmat,1185.0999999999983
2025-02-27,11.05,10.18,21.23,0.87,26.16,TOA,Conmat,1185.9699999999982
2025-02-28,6.55,12.66,19.21,-6.11,29.42,TOA,Conmat,1179.8599999999983
2025-03-03,8.15,5.25,13.4,2.9,29.07,TOA,Conmat,1182.7599999999984
2025-03-04,11.23,9.12,20.35,2.11,25.45,TOA,Conmat,1184.8699999999983
2025-03-05,13.79,16.97,30.76,-3.19,26.96,TOA,Conmat,1181.6799999999982
2025-03-06,9.95,8.27,18.22,1.69,16.4,TOA,Conmat,1183.3699999999983
2025-03-07,27.39,9.99,37.38,17.4,20.38,TOA,Conmat,1200.7699999999984
2025-03-10,18.02,8.28,26.31,9.74,14.99,TOA,Conmat,1210.5099999999984
2025-03-11,30.82,5.15,35.97,25.66,26.84,TOA,Conmat,1236.1699999999985
2025-03-12,13.81,10.6,24.42,3.21,17.71,TOA,Conmat,1239.3799999999985
2025-03-13,24.98,7.88,32.86,17.11,16.8,TOA,Conmat,1256.4899999999984
2025-03-14,18.59,8.99,27.58,9.6,22.62,TOA,Conmat,1266.0899999999983
2025-03-17,10.72,9.6,20.32,1.12,27.62,TOA,Conmat,1267.2099999999982
2025-03-18,13.54,9.59,23.13,3.94,27.05,TOA,Conmat,1271.1499999999983
2025-03-19,17.0,11.27,28.26,5.73,31.5,TOA,Conmat,1276.8799999999983
2025-03-20,14.09,9.24,23.33,4.85,31.2,TOA,Conmat,1281.7299999999982
2025-03-21,2.03,77.36,79.39,-75.32,34.7,TOA,Conmat,1206.4099999999983
2025-03-24,2.46,6.37,8.83,-3.9,20.29,TOA,Conmat,1202.5099999999982
2025-03-25,10.96,6.01,16.97,4.95,22.04,TOA,Conmat,1207.4599999999982
2025-03-26,14.69,12.55,27.24,2.13,23.01,TOA,Conmat,1209.5899999999983
2025-03-27,6.38,4.54,10.92,1.84,14.51,TOA,Conmat,1211.4299999999982
2025-03-28,6.38,11.9,18.28,-5.52,20.64,TOA,Conmat,1205.9099999999983
2025-03-31,63.85,29.71,93.56,34.13,13.58,TOA,Conmat,1240.0399999999984
2025-04-01,28.03,21.85,49.87,6.18,14.51,TOA,Conmat,1246.2199999999984
2025-04-02,5.23,5.26,10.49,-0.03,13.8,TOA,Conmat,1246.1899999999985
2025-04-03,7.75,6.24,13.99,1.51,16.88,TOA,Conmat,1247.6999999999985
2025-04-04,9.32,19.21,28.53,-9.89,18.95,TOA,Conmat,1237.8099999999984
2025-04-08,17.48,18.44,35.91,-0.96,23.26,TOA,Conmat,1236.8499999999983
2025-04-09,10.65,13.22,23.87,-2.58,33.55,TOA,Conmat,1234.2699999999984
2025-04-10,12.64,11.68,24.31,0.96,21.06,TOA,Conmat,1235.2299999999984
2025-04-11,5.05,6.82,11.87,-1.77,37.91,TOA,Conmat,1233.4599999999984
2025-04-16,20.39,5.0,25.39,15.39,29.51,TOA,Conmat,1248.8499999999985
2025-04-17,14.3,3.71,18.0,10.59,30.75,TOA,Conmat,1259.4399999999985
2025-04-18,8.6,7.05,15.65,1.55,19.82,TOA,Conmat,1260.9899999999984
2025-04-21,5.39,11.98,17.36,-6.59,23.35,TOA,Conmat,1254.3999999999985
2025-04-22,10.76,13.38,24.14,-2.63,32.08,TOA,Conmat,1251.7699999999984
2025-04-23,3.42,3.81,7.23,-0.39,22.1,TOA,Conmat,1251.3799999999983
2025-04-24,19.58,13.09,32.66,6.49,30.09,TOA,Conmat,1257.8699999999983
2025-04-25,8.63,4.98,13.61,3.64,27.29,TOA,Conmat,1261.5099999999984
2025-04-28,9.48,5.65,15.13,3.83,21.39,TOA,Conmat,1265.3399999999983
2025-04-29,5.88,6.03,11.9,-0.15,24.88,TOA,Conmat,1265.1899999999982
2025-04-30,8.38,3.2,11.57,5.18,24.56,TOA,Conmat,1270.3699999999983
2025-05-02,10.95,2.48,13.43,8.46,27.72,TOA,Conmat,1278.8299999999983
2025-05-06,4.83,4.49,9.31,0.34,30.68,TOA,Conmat,1279.1699999999983
2025-05-07,7.38,7.66,15.04,-0.29,28.88,TOA,Conmat,1278.8799999999983
2025-05-08,3.77,7.29,11.06,-3.52,15.57,TOA,Conmat,1275.3599999999983
2025-05-09,6.95,11.03,17.98,-4.08,26.55,TOA,Conmat,1271.2799999999984
2025-05-13,8.11,2.15,10.26,5.96,42.95,TOA,Conmat,1277.2399999999984
2025-05-14,2.79,9.42,12.22,-6.63,30.03,TOA,Conmat,1270.6099999999983
2025-05-15,20.98,9.25,30.23,11.73,24.88,TOA,Conmat,1282.3399999999983
2025-05-16,8.88,15.77,24.65,-6.9,18.01,TOA,Conmat,1275.4399999999982
2025-05-19,4.01,5.93,9.94,-1.92,22.03,TOA,Conmat,1273.5199999999982
2025-05-20,0.79,8.37,9.17,-7.58,26.42,TOA,Conmat,1265.9399999999982
2025-05-21,3.58,4.9,8.48,-1.32,31.29,TOA,Conmat,1264.6199999999983
2025-05-22,3.4,9.52,12.92,-6.12,31.69,TOA,Conmat,1258.4999999999984
2025-05-23,3.75,6.36,10.11,-2.62,44.86,TOA,Conmat,1255.8799999999985
2025-05-26,1.5,5.28,6.79,-3.78,19.96,TOA,Conmat,1252.0999999999985
2025-05-27,1.62,9.78,11.4,-8.16,24.61,TOA,Conmat,1243.9399999999985
2025-05-28,2.56,5.1,7.65,-2.54,31.24,TOA,Conmat,1241.3999999999985
2025-05-29,0.91,6.36,7.26,-5.45,20.51,TOA,Conmat,1235.9499999999985
2025-05-30,2.7,10.04,12.74,-7.33,24.44,TOA,Conmat,1228.6199999999985
2025-06-04,9.98,3.87,13.85,6.1,21.94,TOA,Conmat,1234.7199999999984
2025-06-05,2.04,1.08,3.12,0.95,13.44,TOA,Conmat,1235.6699999999985
2025-06-06,2.83,4.44,7.27,-1.61,28.98,TOA,Conmat,1234.0599999999986
2025-06-09,2.69,0.81,3.5,1.88,10.06,TOA,Conmat,1235.9399999999987
2025-06-10,3.52,2.48,6.0,1.04,35.6,TOA,Conmat,1236.9799999999987
2025-06-11,0.22,0.68,0.89,-0.46,11.39,TOA,Conmat,1236.5199999999986
2025-06-12,5.32,2.71,8.03,2.61,15.54,TOA,Conmat,1239.1299999999985
2025-06-13,6.5,9.58,16.09,-3.08,27.67,TOA,Conmat,1236.0499999999986
2025-06-16,1.77,5.43,7.2,-3.67,28.88,TOA,Conmat,1232.3799999999985
2025-06-17,0.93,5.5,6.43,-4.56,38.16,TOA,Conmat,1227.8199999999986
2025-06-18,2.27,4.9,7.17,-2.63,40.72,TOA,Conmat,1225.1899999999985
2025-06-19,0.64,11.29,11.93,-10.65,36.7,TOA,Conmat,1214.5399999999984
2025-06-20,33.03,6.29,39.32,26.73,20.24,TOA,Conmat,1241.2699999999984
2025-06-23,0.88,6.1,6.98,-5.22,31.21,TOA,Conmat,1236.0499999999984
2025-06-24,2.99,6.96,9.95,-3.97,25.58,TOA,Conmat,1232.0799999999983
2025-06-25,7.64,9.46,17.1,-1.82,43.21,TOA,Conmat,1230.2599999999984
2025-06-26,2.34,3.29,5.63,-0.95,26.54,TOA,Conmat,1229.3099999999984
2025-06-27,1.73,2.62,4.35,-0.89,18.41,TOA,Conmat,1228.4199999999983
2025-06-30,1.66,4.01,5.67,-2.34,19.45,TOA,Conmat,1226.0799999999983
2025-07-01,2.05,1.94,3.99,0.11,21.06,TOA,Conmat,1226.1899999999982
2025-07-02,4.18,1.76,5.94,2.42,20.7,TOA,Conmat,1228.6099999999983
2025-07-03,7.01,3.19,10.19,3.82,31.94,TOA,Conmat,1232.4299999999982
2025-07-04,2.64,2.21,4.84,0.43,18.4,TOA,Conmat,1232.8599999999983
2025-07-07,3.97,1.3,5.26,2.67,30.2,TOA,Conmat,1235.5299999999984
2025-07-08,4.98,1.87,6.85,3.11,35.0,TOA,Conmat,1238.6399999999983
2025-07-09,3.64,3.49,7.13,0.15,15.22,TOA,Conmat,1238.7899999999984
2025-07-11,4.19,4.73,8.92,-0.54,15.61,TOA,Conmat,1238.2499999999984
2025-07-14,2.14,1.46,3.6,0.68,19.71,TOA,Conmat,1238.9299999999985
2025-07-15,4.55,3.27,7.82,1.29,28.35,TOA,Conmat,1240.2199999999984
2025-07-16,5.78,6.93,12.71,-1.15,24.31,TOA,Conmat,1239.0699999999983
2025-07-17,6.04,3.5,9.53,2.54,22.11,TOA,Conmat,1241.6099999999983
2025-07-18,16.3,7.07,23.37,9.23,25.83,TOA,Conmat,1250.8399999999983
2025-07-21,9.38,8.46,17.84,0.91,38.56,TOA,Conmat,1251.7499999999984
2025-07-22,13.68,7.94,21.62,5.74,28.72,TOA,Conmat,1257.4899999999984
2025-07-23,10.94,8.64,19.59,2.3,21.6,TOA,Conmat,1259.7899999999984
2025-07-24,18.26,9.92,28.18,8.34,36.68,TOA,Conmat,1268.1299999999983
2025-07-25,5.0,3.93,8.94,1.07,28.92,TOA,Conmat,1269.1999999999982
2025-07-29,15.74,23.36,39.1,-7.61,48.44,TOA,Conmat,1261.5899999999983
2025-07-30,14.86,12.07,26.93,2.8,30.13,TOA,Conmat,1264.3899999999983
2025-07-31,15.04,13.53,28.57,1.51,30.32,TOA,Conmat,1265.8999999999983
2025-08-01,15.03,12.9,27.92,2.13,27.93,TOA,Conmat,1268.0299999999984
2025-08-04,7.41,9.32,16.72,-1.91,23.29,TOA,Conmat,1266.1199999999983
2025-08-05,6.64,8.33,14.97,-1.69,20.17,TOA,Conmat,1264.4299999999982
2025-08-06,23.07,13.18,36.25,9.89,24.06,TOA,Conmat,1274.3199999999983
2025-08-07,16.24,17.63,33.87,-1.39,41.35,TOA,Conmat,1272.9299999999982
2025-08-08,8.22,5.75,13.97,2.47,31.7,TOA,Conmat,1275.3999999999983
2025-08-13,20.22,15.37,35.58,4.85,33.44,TOA,Conmat,1280.2499999999982
2025-08-14,13.37,7.2,20.57,6.16,31.88,TOA,Conmat,1286.4099999999983
2025-08-15,28.39,8.75,37.14,19.64,32.8,TOA,Conmat,1306.0499999999984
2025-08-18,13.53,7.93,21.46,5.6,30.19,TOA,Conmat,1311.6499999999983
2025-08-19,31.65,13.79,45.44,17.85,36.02,TOA,Conmat,1329.4999999999982
2025-08-20,37.29,16.59,53.88,20.71,45.12,TOA,Conmat,1350.2099999999982
2025-08-21,26.39,7.53,33.92,18.86,31.2,TOA,Conmat,1369.0699999999981
2025-08-22,32.71,14.67,47.37,18.04,37.07,TOA,Conmat,1387.109999999998
2025-08-25,22.78,7.46,30.23,15.32,37.24,TOA,Conmat,1402.429999999998
2025-08-26,24.27,11.76,36.03,12.51,38.61,TOA,Conmat,1414.939999999998
2025-08-27,16.04,9.32,25.35,6.72,31.36,TOA,Conmat,1421.659999999998
2025-08-28,25.48,9.49,34.97,15.99,45.0,TOA,Conmat,1437.649999999998
2025-08-29,13.29,6.94,20.23,6.36,39.08,TOA,Conmat,1444.009999999998
2025-09-01,5.78,8.96,14.74,-3.17,30.48,TOA,Conmat,1440.8399999999979
2025-09-02,15.3,11.92,27.22,3.37,26.43,TOA,Conmat,1444.2099999999978
2025-09-03,18.46,14.83,33.29,3.64,39.94,TOA,Conmat,1447.8499999999979
2025-09-04,9.24,8.08,17.32,1.16,46.85,TOA,Conmat,1449.009999999998
2025-09-05,7.63,8.0,15.64,-0.37,40.53,TOA,Conmat,1448.639999999998
2025-09-08,15.93,13.89,29.82,2.03,42.18,TOA,Conmat,1450.669999999998
2025-09-09,20.18,20.05,40.23,0.13,45.74,TOA,Conmat,1450.7999999999981
2025-09-10,12.91,12.7,25.62,0.21,41.73,TOA,Conmat,1451.0099999999982
2025-09-11,8.72,7.08,15.79,1.64,40.99,TOA,Conmat,1452.6499999999983
2025-09-12,9.16,11.61,20.77,-2.45,35.53,TOA,Conmat,1450.1999999999982
2025-09-15,6.94,8.02,14.96,-1.08,30.66,TOA,Conmat,1449.1199999999983
2025-09-16,8.96,5.35,14.31,3.6,23.91,TOA,Conmat,1452.7199999999982
2025-09-17,7.09,10.92,18.01,-3.84,30.19,TOA,Conmat,1448.8799999999983
2025-09-18,9.24,13.55,22.79,-4.31,40.1,TOA,Conmat,1444.5699999999983
2025-09-19,8.24,8.38,16.62,-0.14,20.74,TOA,Conmat,1444.4299999999982
2025-09-22,22.86,11.44,34.29,11.42,40.46,TOA,Conmat,1455.8499999999983
2025-09-23,15.93,10.53,26.46,5.39,49.57,TOA,Conmat,1461.2399999999984
2025-09-24,5.55,2.2,7.75,3.35,33.13,TOA,Conmat,1464.5899999999983
2025-09-25,7.05,6.88,13.93,0.17,39.88,TOA,Conmat,1464.7599999999984
2025-09-26,6.16,8.03,14.19,-1.87,35.0,TOA,Conmat,1462.8899999999985
2025-09-29,8.14,8.87,17.01,-0.72,33.9,TOA,Conmat,1462.1699999999985
2025-09-30,8.03,6.31,14.34,1.73,25.06,TOA,Conmat,1463.8999999999985
2025-10-01,4.35,4.26,8.61,0.1,19.35,TOA,Conmat,1463.9999999999984
2025-10-02,6.08,3.34,9.42,2.74,26.42,TOA,Conmat,1466.7399999999984
2025-10-03,5.07,5.99,11.06,-0.92,40.48,TOA,Conmat,1465.8199999999983
2025-10-06,15.47,11.11,26.58,4.36,47.2,TOA,Conmat,1470.1799999999982
2025-10-07,14.61,9.52,24.12,5.09,46.51,TOA,Conmat,1475.2699999999982
2025-10-08,15.6,6.67,22.27,8.92,36.7,TOA,Conmat,1484.1899999999982
2025-10-09,23.51,14.94,38.45,8.57,34.47,TOA,Conmat,1492.7599999999982
2025-10-10,18.48,8.1,26.58,10.38,44.41,TOA,Conmat,1503.1399999999983
2025-10-14,21.63,11.05,32.68,10.58,41.2,TOA,Conmat,1513.7199999999982
2025-10-15,98.71,74.07,172.78,24.64,76.19,TOA,Conmat,1538.3599999999983
2025-10-16,4.21,19.49,23.7,-15.29,23.29,TOA,Conmat,1523.0699999999983
2025-10-17,13.86,8.2,22.06,5.65,24.99,TOA,Conmat,1528.7199999999984
2025-10-20,6.23,6.43,12.66,-0.2,19.47,TOA,Conmat,1528.5199999999984
2025-10-21,9.17,3.54,12.71,5.63,21.85,TOA,Conmat,1534.1499999999985
2025-10-22,12.21,1.8,14.0,10.41,21.46,TOA,Conmat,1544.5599999999986
2025-10-24,2.56,9.42,11.98,-6.86,26.65,TOA,Conmat,1537.6999999999987
2025-10-27,17.21,2.49,19.7,14.72,29.1,TOA,Conmat,1552.4199999999987
2025-10-28,15.68,5.73,21.4,9.95,41.91,TOA,Conmat,1562.3699999999988
2025-10-29,6.93,4.85,11.79,2.08,35.68,TOA,Conmat,1564.4499999999987
2025-10-30,7.58,5.1,12.68,2.47,40.78,TOA,Conmat,1566.9199999999987
2025-10-31,3.81,5.54,9.36,-1.73,53.85,TOA,Conmat,1565.1899999999987
2025-11-03,4.53,17.71,22.25,-13.18,29.02,TOA,Conmat,1552.0099999999986
2025-11-04,6.86,8.78,15.63,-1.92,27.22,TOA,Conmat,1550.0899999999986
2025-11-05,5.11,5.96,11.06,-0.85,26.25,TOA,Conmat,1549.2399999999986
2025-11-06,4.93,2.94,7.86,1.99,21.2,TOA,Conmat,1551.2299999999987
2025-11-07,1.58,2.96,4.54,-1.39,25.58,TOA,Conmat,1549.8399999999986
2025-11-10,4.51,1.97,6.48,2.55,20.16,TOA,Conmat,1552.3899999999985
2025-11-11,5.67,4.34,10.01,1.33,31.55,TOA,Conmat,1553.7199999999984
2025-11-12,4.47,4.2,8.67,0.27,21.29,TOA,Conmat,1553.9899999999984
2025-11-13,5.35,3.92,9.27,1.43,23.79,TOA,Conmat,1555.4199999999985
2025-11-14,40.17,2.31,42.49,37.86,23.73,TOA,Conmat,1593.2799999999984
2025-11-17,11.23,16.52,27.75,-5.29,28.21,TOA,Conmat,1587.9899999999984
2025-11-18,8.93,4.36,13.28,4.57,34.49,TOA,Conmat,1592.5599999999984
2025-11-19,13.51,15.75,29.27,-2.24,24.24,TOA,Conmat,1590.3199999999983
2025-11-20,1.65,2.49,4.14,-0.84,17.84,TOA,Conmat,1589.4799999999984
2025-11-21,4.71,7.17,11.88,-2.46,17.39,TOA,Conmat,1587.0199999999984
2025-11-24,18.71,16.13,34.84,2.58,37.36,TOA,Conmat,1589.5999999999983
2025-11-25,19.86,7.94,27.8,11.92,25.6,TOA,Conmat,1601.5199999999984
2025-11-26,18.3,4.45,22.74,13.85,15.97,TOA,Conmat,1615.3699999999983
2025-11-27,6.45,9.04,15.49,-2.59,15.67,TOA,Conmat,1612.7799999999984
2025-11-28,6.98,3.74,10.73,3.24,13.34,TOA,Conmat,1616.0199999999984
2025-12-01,7.07,4.88,11.95,2.2,21.55,TOA,Conmat,1618.2199999999984
2025-12-02,19.68,6.2,25.87,13.48,20.59,TOA,Conmat,1631.6999999999985
2025-12-03,5.9,2.02,7.92,3.88,21.71,TOA,Conmat,1635.5799999999986
2025-12-04,3.6,5.56,9.15,-1.96,19.22,TOA,Conmat,1633.6199999999985
2025-12-08,7.65,6.43,14.08,1.22,21.62,TOA,Conmat,1634.8399999999986
2025-12-09,8.0,3.73,11.73,4.27,17.89,TOA,Conmat,1639.1099999999985
2025-12-11,7.1,5.75,12.85,1.35,20.32,TOA,Conmat,1640.4599999999984
2025-12-12,3.43,4.24,7.67,-0.82,22.36,TOA,Conmat,1639.6399999999985
2025-12-15,7.93,7.89,15.82,0.05,23.61,TOA,Conmat,1639.6899999999985
2025-12-16,0.78,13.19,13.97,-12.41,27.63,TOA,Conmat,1627.2799999999984
2025-12-17,12.15,2.7,14.84,9.45,21.45,TOA,Conmat,1636.7299999999984
2025-12-18,8.13,8.06,16.18,0.07,23.5,TOA,Conmat,1636.7999999999984
2025-12-19,8.45,7.45,15.91,1.0,35.71,TOA,Conmat,1637.7999999999984
2025-12-22,4.77,4.63,9.4,0.14,46.73,TOA,Conmat,1637.9399999999985
2025-12-23,5.53,3.01,8.54,2.52,28.01,TOA,Conmat,1640.4599999999984
2025-12-24,0.81,2.24,3.05,-1.43,18.1,TOA,Conmat,1639.0299999999984
2025-12-25,0.12,1.95,2.07,-1.83,23.23,TOA,Conmat,1637.1999999999985
2025-12-26,1.74,6.65,8.4,-4.91,27.0,TOA,Conmat,1632.2899999999984
2025-12-29,2.63,2.3,4.93,0.33,25.31,TOA,Conmat,1632.6199999999983
2025-12-30,4.67,7.33,12.01,-2.66,19.21,TOA,Conmat,1629.9599999999982
2026-01-05,23.18,4.26,27.44,18.91,23.59,TOA,Conmat,1648.8699999999983
2026-01-06,12.85,11.08,23.94,1.77,37.0,TOA,Conmat,1650.6399999999983
2026-01-07,10.06,6.79,16.86,3.27,35.83,TOA,Conmat,1653.9099999999983
2026-01-08,11.49,3.82,15.31,7.66,40.21,TOA,Conmat,1661.5699999999983
2026-01-09,0.81,1.39,2.21,-0.58,25.97,TOA,Conmat,1660.9899999999984
2026-01-12,6.59,4.71,11.29,1.88,36.53,TOA,Conmat,1662.8699999999985
2026-01-13,4.28,8.2,12.48,-3.92,50.92,TOA,Conmat,1658.9499999999985
2026-01-14,3.93,11.36,15.29,-7.43,47.83,TOA,Conmat,1651.5199999999984
2026-01-15,4.64,6.54,11.18,-1.89,42.85,TOA,Conmat,1649.6299999999983
2026-01-16,3.26,5.25,8.51,-1.99,33.18,TOA,Conmat,1647.6399999999983
2026-01-19,2.48,3.91,6.39,-1.42,21.89,TOA,Conmat,1646.2199999999982
2026-01-20,6.15,2.63,8.78,3.52,35.71,TOA,Conmat,1649.7399999999982
2026-01-21,16.67,9.44,26.12,7.23,40.83,TOA,Conmat,1656.9699999999982
2026-01-22,8.34,6.72,15.05,1.62,30.4,TOA,Conmat,1658.589999999998
2026-01-23,6.22,3.69,9.91,2.53,39.84,TOA,Conmat,1661.119999999998
2026-01-26,4.84,2.53,7.37,2.3,28.67,TOA,Conmat,1663.419999999998
2026-01-27,14.88,7.04,21.92,7.83,43.14,TOA,Conmat,1671.249999999998
2026-01-28,10.65,9.92,20.57,0.73,41.01,TOA,Conmat,1671.979999999998
2026-01-29,12.4,6.23,18.63,6.17,33.13,TOA,Conmat,1678.149999999998
2026-01-30,9.14,6.4,15.55,2.74,35.51,TOA,Conmat,1680.889999999998
2026-02-02,9.92,19.37,29.29,-9.45,27.35,TOA,Conmat,1671.439999999998
2026-02-03,7.53,2.91,10.43,4.62,27.38,TOA,Conmat,1676.059999999998
2026-02-04,8.08,2.25,10.32,5.83,30.55,TOA,Conmat,1681.8899999999978
2026-02-05,12.86,14.2,27.06,-1.34,42.73,TOA,Conmat,1680.549999999998
2026-02-06,8.84,9.48,18.32,-0.64,48.6,TOA,Conmat,1679.9099999999978
2026-02-09,30.61,3.76,34.37,26.86,41.67,TOA,Conmat,1706.7699999999977
2026-02-10,7.87,7.36,15.22,0.51,43.69,TOA,Conmat,1707.2799999999977
2026-02-11,4.48,6.61,11.09,-2.13,36.46,TOA,Conmat,1705.1499999999976
2026-02-12,4.95,8.31,13.26,-3.36,34.71,TOA,Conmat,1701.7899999999977
2026-02-13,23.28,28.78,52.06,-5.49,26.61,TOA,Conmat,1696.2999999999977
2026-02-16,3.85,8.1,11.96,-4.25,24.02,TOA,Conmat,1692.0499999999977
2026-02-17,6.69,12.48,19.16,-5.79,24.15,TOA,Conmat,1686.2599999999977
2026-02-18,10.5,14.18,24.68,-3.67,15.24,TOA,Conmat,1682.5899999999976
2026-02-19,10.8,7.07,17.88,3.73,26.1,TOA,Conmat,1686.3199999999977
2026-02-20,7.97,3.71,11.68,4.26,23.44,TOA,Conmat,1690.5799999999977
2026-02-23,7.75,6.04,13.79,1.71,28.9,TOA,Conmat,1692.2899999999977
2026-02-24,18.68,7.13,25.81,11.55,36.09,TOA,Conmat,1703.8399999999976
2026-02-25,6.16,7.81,13.96,-1.65,29.29,TOA,Conmat,1702.1899999999976
2026-02-26,6.72,6.79,13.51,-0.08,30.04,TOA,Conmat,1702.1099999999976
2026-02-27,6.45,2.67,9.12,3.78,35.52,TOA,Conmat,1705.8899999999976
2026-03-02,77.78,8.35,86.13,69.42,28.43,TOA,Conmat,1775.3099999999977
2026-03-04,30.47,20.48,50.96,9.99,37.99,TOA,Conmat,1785.2999999999977
2026-03-05,18.66,20.26,38.92,-1.61,34.65,TOA,Conmat,1783.6899999999978
2026-03-06,27.54,8.99,36.53,18.56,45.8,TOA,Conmat,1802.2499999999977
2026-03-09,29.03,9.3,38.34,19.73,40.45,TOA,Conmat,1821.9799999999977
2026-03-10,20.31,37.43,57.73,-17.12,30.75,TOA,Conmat,1804.8599999999979
2026-03-11,17.0,25.07,42.08,-8.07,25.35,TOA,Conmat,1796.789999999998
2026-03-12,19.97,14.03,34.0,5.95,19.41,TOA,Conmat,1802.739999999998
2026-03-13,10.36,18.84,29.2,-8.48,17.01,TOA,Conmat,1794.259999999998
2026-03-16,6.57,3.51,10.09,3.06,10.67,TOA,Conmat,1797.319999999998
2026-03-17,5.98,5.97,11.94,0.01,19.34,TOA,Conmat,1797.3299999999979
2026-03-18,25.43,10.01,35.45,15.42,20.24,TOA,Conmat,1812.749999999998
2026-03-19,4.89,14.31,19.21,-9.42,15.65,TOA,Conmat,1803.3299999999979
2026-03-20,3.53,7.98,11.51,-4.46,22.32,TOA,Conmat,1798.8699999999978
2026-03-23,2.04,5.61,7.65,-3.57,24.47,TOA,Conmat,1795.299999999998
2026-03-24,6.14,4.61,10.75,1.53,32.02,TOA,Conmat,1796.8299999999979
2026-03-25,5.48,13.31,18.79,-7.83,18.4,TOA,Conmat,1788.999999999998
2026-03-26,14.3,9.27,23.58,5.03,30.69,TOA,Conmat,1794.029999999998
2026-03-27,8.55,5.06,13.61,3.49,32.19,TOA,Conmat,1797.519999999998
2026-03-30,10.37,2.95,13.32,7.42,28.96,TOA,Conmat,1804.939999999998
2026-03-31,11.73,8.1,19.82,3.63,25.58,TOA,Conmat,1808.5699999999981
2026-04-01,32.64,6.62,39.26,26.01,31.6,TOA,Conmat,1834.579999999998
2026-04-02,9.48,3.66,13.14,5.82,28.17,TOA,Conmat,1840.399999999998
2026-04-03,6.1,6.13,12.23,-0.03,22.14,TOA,Conmat,1840.369999999998
2026-04-07,9.96,3.81,13.77,6.15,34.43,TOA,Conmat,1846.5199999999982
2026-04-08,26.92,8.9,35.82,18.03,26.99,TOA,Conmat,1864.5499999999981
2026-04-09,24.58,3.69,28.26,20.89,32.34,TOA,Conmat,1885.4399999999982
2026-04-10,3.19,3.05,6.24,0.15,24.21,TOA,Conmat,1885.5899999999983
2026-04-16,5.54,6.39,11.93,-0.85,24.9,TOA,Conmat,1884.7399999999984
2026-04-17,7.56,6.21,13.77,1.35,22.33,TOA,Conmat,1886.0899999999983
2026-04-20,8.19,3.54,11.73,4.64,40.41,TOA,Conmat,1890.7299999999984
2026-04-21,8.77,0.44,9.22,8.33,24.39,TOA,Conmat,1899.0599999999984
2026-04-22,1.13,0.88,2.0,0.25,16.95,TOA,Conmat,1899.3099999999984
2026-04-23,2.44,3.55,5.99,-1.12,34.92,TOA,Conmat,1898.1899999999985
2026-04-24,3.01,3.32,6.33,-0.31,35.18,TOA,Conmat,1897.8799999999985
2026-04-27,2.91,5.7,8.62,-2.79,40.05,TOA,Conmat,1895.0899999999986
2026-04-28,1.46,2.22,3.68,-0.75,23.62,TOA,Conmat,1894.3399999999986
2026-04-29,5.31,5.61,10.92,-0.3,18.0,TOA,Conmat,1894.0399999999986
2026-04-30,15.14,8.29,23.43,6.85,32.47,TOA,Conmat,1900.8899999999985
2026-05-05,2.53,15.7,18.23,-13.17,39.61,TOA,Conmat,1887.7199999999984
2026-05-06,6.58,14.57,21.15,-7.99,38.25,TOA,Conmat,1879.7299999999984
2026-05-07,1.85,12.35,14.2,-10.5,28.55,TOA,Conmat,1869.2299999999984
2026-05-08,0.22,3.73,3.95,-3.52,28.28,TOA,Conmat,1865.7099999999984
2026-05-11,3.75,8.08,11.82,-4.33,38.36,TOA,Conmat,1861.3799999999985
2026-05-12,1.69,4.09,5.78,-2.4,19.95,TOA,Conmat,1858.9799999999984
2026-05-13,7.85,9.44,17.29,-1.6,21.12,TOA,Conmat,1857.3799999999985
2026-05-14,19.51,21.37,40.89,-1.86,36.96,TOA,Conmat,1855.5199999999986
2026-05-15,7.09,12.13,19.22,-5.05,30.92,TOA,Conmat,1850.4699999999987
2026-05-18,8.44,22.27,30.7,-13.83,24.68,TOA,Conmat,1836.6399999999987
2026-05-19,5.76,21.19,26.96,-15.43,25.36,TOA,Conmat,1821.2099999999987
2026-05-20,7.48,16.68,24.16,-9.2,23.42,TOA,Conmat,1812.0099999999986
2026-05-21,17.22,19.56,36.78,-2.33,29.74,TOA,Conmat,1809.6799999999987
2026-05-22,11.63,17.82,29.45,-6.19,33.62,TOA,Conmat,1803.4899999999986
2026-05-25,13.69,9.13,22.81,4.56,15.24,TOA,Conmat,1808.0499999999986
2026-05-26,10.88,11.82,22.7,-0.94,28.45,TOA,Conmat,1807.1099999999985
2026-05-27,5.01,9.25,14.26,-4.24,28.23,TOA,Conmat,1802.8699999999985
2026-05-28,22.05,20.45,42.5,1.6,40.32,TOA,Conmat,1804.4699999999984
2026-05-29,120.72,62.92,183.64,57.79,39.85,TOA,Conmat,1862.2599999999984
2026-06-02,15.24,16.1,31.34,-0.86,21.59,TOA,Conmat,1861.3999999999985
2026-06-04,7.32,44.06,51.38,-36.74,21.47,TOA,Conmat,1824.6599999999985
2026-06-05,5.61,11.11,16.72,-5.5,22.51,TOA,Conmat,1819.1599999999985
2026-06-08,10.91,18.16,29.07,-7.25,25.97,TOA,Conmat,1811.9099999999985
2026-06-09,9.17,15.1,24.27,-5.92,29.94,TOA,Conmat,1805.9899999999984
2026-06-10,6.32,11.82,18.14,-5.49,24.07,TOA,Conmat,1800.4999999999984
2026-06-11,11.98,33.48,45.47,-21.5,32.47,TOA,Conmat,1778.9999999999984
2026-06-12,7.2,15.33,22.53,-8.13,35.39,TOA,Conmat,1770.8699999999983
2026-06-15,35.17,15.14,50.31,20.03,18.08,TOA,Conmat,1790.8999999999983
2026-06-16,16.88,15.66,32.54,1.22,37.88,TOA,Conmat,1792.1199999999983
2026-06-17,29.93,25.85,55.79,4.08,20.29,TOA,Conmat,1796.1999999999982
2026-06-18,24.07,23.44,47.51,0.63,25.11,TOA,Conmat,1796.8299999999983
2026-06-19,23.07,16.98,40.05,6.09,15.81,TOA,Conmat,1802.9199999999983
2026-06-22,18.05,17.18,35.22,0.87,20.03,TOA,Conmat,1803.7899999999981
2026-06-23,11.69,16.81,28.5,-5.12,19.03,TOA,Conmat,1798.6699999999983
2026-06-24,11.8,17.72,29.52,-5.92,22.52,TOA,Conmat,1792.7499999999982
2026-06-25,10.34,12.08,22.42,-1.73,32.42,TOA,Conmat,1791.0199999999982
2026-06-26,60.99,13.02,74.01,47.97,25.3,TOA,Conmat,1838.9899999999982
2026-06-29,24.83,22.46,47.29,2.37,24.48,TOA,Conmat,1841.359999999998
2026-06-30,29.49,30.22,59.71,-0.73,23.65,TOA,Conmat,1840.629999999998
2026-07-01,21.71,15.6,37.31,6.11,41.5,TOA,Conmat,1846.739999999998
2026-07-02,27.19,21.45,48.64,5.75,22.05,TOA,Conmat,1852.489999999998
2026-07-03,13.59,13.24,26.83,0.34,19.34,TOA,Conmat,1852.8299999999979
2026-07-06,18.68,6.06,24.74,12.61,23.05,TOA,Conmat,1865.4399999999978
2026-07-07,35.98,26.26,62.24,9.72,33.47,TOA,Conmat,1875.1599999999978
2026-07-08,72.82,18.41,91.23,54.41,33.77,TOA,Conmat,1929.569999999998
2026-07-09,38.05,11.17,49.21,26.88,31.23,TOA,Conmat,1956.449999999998
2026-07-10,18.14,33.58,51.72,-15.43,42.79,TOA,Conmat,1941.019999999998
2026-07-13,18.56,12.22,30.78,6.34,31.94,TOA,Conmat,1947.3599999999979
2026-07-14,12.16,18.01,30.17,-5.85,32.52,TOA,Conmat,1941.509999999998
2026-07-15,17.71,15.82,33.53,1.88,34.5,TOA,Conmat,1943.389999999998
2026-07-16,16.9,12.63,29.53,4.27,42.5,TOA,Conmat,1947.659999999998
2026-07-17,22.58,32.24,54.82,-9.65,40.47,TOA,Conmat,1938.009999999998
2026-07-20,12.08,12.91,24.99,-0.82,36.24,TOA,Conmat,1937.189999999998
2026-07-21,10.16,17.17,27.33,-7.02,32.41,TOA,Conmat,1930.169999999998
2026-07-22,28.88,21.38,50.25,7.5,34.17,TOA,Conmat,1937.669999999998
2026-07-23,27.84,20.44,48.28,7.4,37.59,TOA,Conmat,1945.0699999999981
2026-07-24,21.54,12.35,33.9,9.19,27.1,TOA,Conmat,1954.2599999999982
2026-07-27,27.89,18.38,46.28,9.51,38.96,TOA,Conmat,1963.7699999999982
2026-07-30,15.21,17.95,33.16,-2.74,28.92,TOA,Conmat,1961.0299999999982
2026-07-31,15.33,20.36,35.7,-5.03,43.8,TOA,Conmat,1955.9999999999982
2026-08-03,32.08,25.81,57.89,6.28,21.51,TOA,Conmat,1962.2799999999982
2026-08-04,9.19,8.74,17.93,0.45,30.43,TOA,Conmat,1962.7299999999982
2026-08-05,11.22,10.39,21.61,0.83,23.84,TOA,Conmat,1963.5599999999981
2026-08-06,12.9,16.2,29.1,-3.31,30.57,TOA,Conmat,1960.2499999999982
2026-08-07,17.37,14.88,32.25,2.49,42.59,TOA,Conmat,1962.7399999999982
2026-08-10,7.3,7.09,14.39,0.21,33.8,TOA,Conmat,1962.9499999999982
2026-08-11,17.87,7.8,25.67,10.08,35.52,TOA,Conmat,1973.0299999999982
2026-08-13,24.29,11.3,35.59,12.99,38.63,TOA,Conmat,1986.0199999999982
2026-08-14,30.65,60.76,91.41,-30.11,16.3,TOA,Conmat,1955.9099999999983
2026-08-17,21.71,11.51,33.22,10.2,13.71,TOA,Conmat,1966.1099999999983
2026-08-18,18.94,14.61,33.55,4.33,22.74,TOA,Conmat,1970.4399999999982
2026-08-19,9.83,14.06,23.89,-4.23,28.36,TOA,Conmat,1966.2099999999982
2026-08-20,16.23,11.2,27.43,5.03,30.74,TOA,Conmat,1971.2399999999982
2026-08-21,9.55,17.77,27.32,-8.22,30.71,TOA,Conmat,1963.0199999999982
2026-08-24,10.86,13.53,24.39,-2.68,19.84,TOA,Conmat,1960.339999999998
2026-08-25,3.97,9.95,13.91,-5.98,19.3,TOA,Conmat,1954.359999999998
2026-08-26,13.56,16.19,29.75,-2.64,25.85,TOA,Conmat,1951.719999999998
2026-08-27,2.31,9.12,11.43,-6.81,29.53,TOA,Conmat,1944.909999999998
2026-08-28,14.85,21.47,36.32,-6.62,25.06,TOA,Conmat,1938.2899999999981
2026-08-31,24.61,11.16,35.77,13.45,22.83,TOA,Conmat,1951.7399999999982
2026-09-01,13.06,14.13,27.19,-1.06,27.57,TOA,Conmat,1950.6799999999982
2026-09-02,9.42,11.26,20.67,-1.84,15.36,TOA,Conmat,1948.8399999999983
