date,buy_mb,sell_mb,buy_sell_mb,net_mb,nvdr_pct,symbol,sector,cumulative_net_mb
2020-01-02,149.27,267.54,416.81,-118.26,30.15,TTB,Banking,-118.26
2020-01-03,128.75,231.79,360.54,-103.05,29.06,TTB,Banking,-221.31
2020-01-06,177.31,92.94,270.25,84.37,21.1,TTB,Banking,-136.94
2020-01-07,156.12,172.48,328.6,-16.36,26.4,TTB,Banking,-153.3
2020-01-08,203.36,145.27,348.62,58.09,22.1,TTB,Banking,-95.21000000000001
2020-01-09,198.37,157.66,356.03,40.71,31.12,TTB,Banking,-54.50000000000001
2020-01-10,170.01,248.42,418.43,-78.41,40.84,TTB,Banking,-132.91
2020-01-13,88.59,82.04,170.63,6.55,42.43,TTB,Banking,-126.36
2020-01-14,64.01,82.64,146.65,-18.63,32.47,TTB,Banking,-144.99
2020-01-15,118.71,124.35,243.06,-5.64,38.31,TTB,Banking,-150.63
2020-01-16,41.06,114.8,155.86,-73.73,24.45,TTB,Banking,-224.36
2020-01-17,54.35,138.69,193.04,-84.33,18.02,TTB,Banking,-308.69
2020-01-20,108.49,67.03,175.52,41.46,23.8,TTB,Banking,-267.23
2020-01-21,143.0,121.14,264.15,21.86,33.52,TTB,Banking,-245.37
2020-01-22,94.35,113.16,207.52,-18.81,41.0,TTB,Banking,-264.18
2020-01-23,41.19,66.13,107.32,-24.94,35.68,TTB,Banking,-289.12
2020-01-24,61.23,63.53,124.76,-2.31,33.63,TTB,Banking,-291.43
2020-01-27,93.31,133.31,226.62,-40.0,19.08,TTB,Banking,-331.43
2020-01-28,55.05,72.78,127.83,-17.73,22.31,TTB,Banking,-349.16
2020-01-29,36.01,56.39,92.4,-20.38,28.33,TTB,Banking,-369.54
2020-01-30,30.42,66.19,96.61,-35.77,31.62,TTB,Banking,-405.31
2020-01-31,44.07,108.29,152.36,-64.23,29.37,TTB,Banking,-469.54
2020-02-03,22.36,63.0,85.36,-40.64,40.46,TTB,Banking,-510.18
2020-02-04,31.82,64.9,96.72,-33.08,26.1,TTB,Banking,-543.26
2020-02-05,55.13,71.75,126.89,-16.62,30.7,TTB,Banking,-559.88
2020-02-06,77.98,85.88,163.86,-7.91,28.58,TTB,Banking,-567.79
2020-02-07,208.02,106.05,314.07,101.97,37.44,TTB,Banking,-465.81999999999994
2020-02-11,125.21,97.4,222.61,27.8,31.53,TTB,Banking,-438.0199999999999
2020-02-12,85.24,47.53,132.77,37.71,33.68,TTB,Banking,-400.30999999999995
2020-02-13,47.17,72.0,119.16,-24.83,29.48,TTB,Banking,-425.13999999999993
2020-02-14,27.49,61.64,89.13,-34.15,31.22,TTB,Banking,-459.2899999999999
2020-02-17,51.81,38.81,90.62,13.0,32.18,TTB,Banking,-446.2899999999999
2020-02-18,40.61,40.51,81.12,0.1,26.73,TTB,Banking,-446.1899999999999
2020-02-19,81.07,80.67,161.74,0.4,20.95,TTB,Banking,-445.7899999999999
2020-02-20,129.07,75.49,204.56,53.59,17.67,TTB,Banking,-392.19999999999993
2020-02-21,86.73,40.05,126.78,46.68,27.6,TTB,Banking,-345.5199999999999
2020-02-24,145.79,83.15,228.94,62.64,24.27,TTB,Banking,-282.87999999999994
2020-02-25,135.87,98.93,234.8,36.93,29.29,TTB,Banking,-245.94999999999993
2020-02-26,249.67,77.25,326.91,172.42,22.37,TTB,Banking,-73.52999999999994
2020-02-27,167.72,90.57,258.28,77.15,31.0,TTB,Banking,3.6200000000000614
2020-02-28,154.43,207.11,361.54,-52.67,42.45,TTB,Banking,-49.04999999999994
2020-03-02,77.33,131.68,209.0,-54.35,30.95,TTB,Banking,-103.39999999999995
2020-03-03,68.36,234.58,302.94,-166.22,32.87,TTB,Banking,-269.61999999999995
2020-03-04,107.01,76.41,183.42,30.59,41.43,TTB,Banking,-239.02999999999994
2020-03-05,41.34,53.47,94.81,-12.13,20.74,TTB,Banking,-251.15999999999994
2020-03-06,77.15,73.65,150.8,3.49,16.85,TTB,Banking,-247.66999999999993
2020-03-09,97.46,115.78,213.24,-18.32,24.36,TTB,Banking,-265.98999999999995
2020-03-10,86.09,104.9,190.99,-18.81,29.13,TTB,Banking,-284.79999999999995
2020-03-11,63.34,78.17,141.51,-14.82,31.27,TTB,Banking,-299.61999999999995
2020-03-12,102.7,123.62,226.32,-20.92,23.12,TTB,Banking,-320.53999999999996
2020-03-13,103.59,126.27,229.86,-22.69,18.24,TTB,Banking,-343.22999999999996
2020-03-16,83.21,107.99,191.19,-24.78,28.13,TTB,Banking,-368.01
2020-03-17,52.43,37.9,90.34,14.53,20.39,TTB,Banking,-353.48
2020-03-18,42.33,58.08,100.41,-15.76,29.42,TTB,Banking,-369.24
2020-03-19,46.52,50.91,97.43,-4.39,23.59,TTB,Banking,-373.63
2020-03-20,126.4,173.97,300.37,-47.57,33.9,TTB,Banking,-421.2
2020-03-23,37.77,52.47,90.25,-14.7,16.63,TTB,Banking,-435.9
2020-03-24,50.11,26.84,76.95,23.27,15.14,TTB,Banking,-412.63
2020-03-25,79.43,34.92,114.36,44.51,22.9,TTB,Banking,-368.12
2020-03-26,74.96,55.57,130.53,19.38,19.63,TTB,Banking,-348.74
2020-03-27,72.51,49.73,122.24,22.78,15.86,TTB,Banking,-325.96000000000004
2020-03-30,28.9,18.36,47.26,10.54,24.57,TTB,Banking,-315.42
2020-03-31,58.9,102.27,161.17,-43.37,15.99,TTB,Banking,-358.79
2020-04-01,50.06,171.01,221.08,-120.95,23.12,TTB,Banking,-479.74
2020-04-02,37.37,85.4,122.77,-48.04,21.64,TTB,Banking,-527.78
2020-04-03,36.38,74.08,110.46,-37.7,22.71,TTB,Banking,-565.48
2020-04-07,76.96,25.91,102.87,51.04,16.76,TTB,Banking,-514.44
2020-04-08,62.16,65.34,127.5,-3.18,13.6,TTB,Banking,-517.62
2020-04-09,81.73,58.65,140.38,23.09,16.1,TTB,Banking,-494.53000000000003
2020-04-10,20.34,37.55,57.88,-17.21,14.31,TTB,Banking,-511.74
2020-04-13,28.73,34.98,63.71,-6.24,16.69,TTB,Banking,-517.98
2020-04-14,42.97,67.24,110.21,-24.26,19.32,TTB,Banking,-542.24
2020-04-15,25.31,62.01,87.33,-36.7,20.81,TTB,Banking,-578.94
2020-04-16,24.19,48.22,72.41,-24.02,16.18,TTB,Banking,-602.96
2020-04-17,23.47,28.36,51.83,-4.89,21.52,TTB,Banking,-607.85
2020-04-20,52.2,53.04,105.23,-0.84,16.32,TTB,Banking,-608.69
2020-04-21,44.79,79.22,124.01,-34.43,17.91,TTB,Banking,-643.12
2020-04-22,38.22,73.66,111.88,-35.44,17.59,TTB,Banking,-678.56
2020-04-23,7.8,13.86,21.66,-6.06,8.27,TTB,Banking,-684.6199999999999
2020-04-24,9.07,28.18,37.25,-19.11,15.56,TTB,Banking,-703.7299999999999
2020-04-27,12.24,11.44,23.68,0.8,13.9,TTB,Banking,-702.93
2020-04-28,63.63,66.52,130.15,-2.9,25.39,TTB,Banking,-705.8299999999999
2020-04-29,35.05,29.13,64.18,5.92,20.64,TTB,Banking,-699.91
2020-04-30,56.3,43.9,100.2,12.39,14.2,TTB,Banking,-687.52
2020-05-05,27.54,48.5,76.04,-20.97,12.43,TTB,Banking,-708.49
2020-05-07,67.75,52.74,120.48,15.01,18.58,TTB,Banking,-693.48
2020-05-08,31.98,31.29,63.28,0.69,17.31,TTB,Banking,-692.79
2020-05-11,65.14,7.49,72.63,57.66,15.16,TTB,Banking,-635.13
2020-05-12,28.89,26.14,55.03,2.76,22.6,TTB,Banking,-632.37
2020-05-13,54.52,49.22,103.74,5.3,19.26,TTB,Banking,-627.07
2020-05-14,30.98,18.92,49.9,12.05,24.92,TTB,Banking,-615.0200000000001
2020-05-15,24.52,16.42,40.93,8.1,24.64,TTB,Banking,-606.9200000000001
2020-05-18,43.92,19.04,62.96,24.87,17.92,TTB,Banking,-582.0500000000001
2020-05-19,45.43,43.61,89.03,1.82,13.58,TTB,Banking,-580.23
2020-05-20,98.94,63.71,162.64,35.23,12.18,TTB,Banking,-545.0
2020-05-21,34.64,34.9,69.54,-0.26,10.51,TTB,Banking,-545.26
2020-05-22,60.26,76.45,136.71,-16.19,16.68,TTB,Banking,-561.45
2020-05-25,42.61,18.22,60.83,24.39,21.87,TTB,Banking,-537.0600000000001
2020-05-26,48.92,50.77,99.69,-1.85,10.44,TTB,Banking,-538.9100000000001
2020-05-27,193.82,197.71,391.53,-3.89,18.71,TTB,Banking,-542.8000000000001
2020-05-28,54.95,157.35,212.3,-102.4,14.41,TTB,Banking,-645.2
2020-05-29,229.03,131.27,360.3,97.76,28.07,TTB,Banking,-547.44
2020-06-01,54.97,104.07,159.04,-49.1,16.86,TTB,Banking,-596.5400000000001
2020-06-02,213.81,142.02,355.83,71.79,24.06,TTB,Banking,-524.7500000000001
2020-06-04,175.47,161.88,337.35,13.59,10.83,TTB,Banking,-511.16000000000014
2020-06-05,134.31,135.03,269.34,-0.73,15.9,TTB,Banking,-511.89000000000016
2020-06-08,133.02,111.64,244.66,21.38,18.36,TTB,Banking,-490.51000000000016
2020-06-09,164.12,131.45,295.58,32.67,20.01,TTB,Banking,-457.84000000000015
2020-06-10,106.91,53.62,160.54,53.29,14.56,TTB,Banking,-404.5500000000001
2020-06-11,97.08,50.85,147.93,46.23,11.83,TTB,Banking,-358.3200000000001
2020-06-12,122.28,63.11,185.39,59.17,19.36,TTB,Banking,-299.1500000000001
2020-06-15,109.81,125.99,235.8,-16.17,16.48,TTB,Banking,-315.3200000000001
2020-06-16,56.31,40.78,97.09,15.53,18.57,TTB,Banking,-299.79000000000013
2020-06-17,59.71,64.77,124.49,-5.06,23.14,TTB,Banking,-304.85000000000014
2020-06-18,99.29,111.61,210.89,-12.32,17.23,TTB,Banking,-317.17000000000013
2020-06-19,61.86,61.11,122.97,0.75,19.21,TTB,Banking,-316.42000000000013
2020-06-22,78.2,61.29,139.48,16.91,11.6,TTB,Banking,-299.5100000000001
2020-06-23,93.32,66.19,159.52,27.13,18.13,TTB,Banking,-272.3800000000001
2020-06-24,83.71,114.63,198.34,-30.91,19.36,TTB,Banking,-303.29000000000013
2020-06-25,107.03,41.82,148.85,65.22,15.68,TTB,Banking,-238.07000000000014
2020-06-26,27.79,31.47,59.26,-3.68,17.29,TTB,Banking,-241.75000000000014
2020-06-29,62.39,63.02,125.41,-0.63,24.1,TTB,Banking,-242.38000000000014
2020-06-30,48.82,25.77,74.59,23.05,16.84,TTB,Banking,-219.33000000000013
2020-07-01,45.55,65.21,110.75,-19.66,24.32,TTB,Banking,-238.99000000000012
2020-07-02,94.42,59.36,153.78,35.05,24.68,TTB,Banking,-203.9400000000001
2020-07-03,38.22,37.9,76.12,0.32,21.71,TTB,Banking,-203.62000000000012
2020-07-07,24.21,41.74,65.96,-17.53,12.28,TTB,Banking,-221.15000000000012
2020-07-08,30.1,65.68,95.79,-35.58,21.03,TTB,Banking,-256.73000000000013
2020-07-09,114.33,119.27,233.6,-4.94,39.58,TTB,Banking,-261.67000000000013
2020-07-10,16.43,34.62,51.05,-18.19,18.29,TTB,Banking,-279.8600000000001
2020-07-13,49.09,65.56,114.65,-16.46,15.89,TTB,Banking,-296.3200000000001
2020-07-14,45.63,10.91,56.54,34.71,11.1,TTB,Banking,-261.6100000000001
2020-07-15,64.1,26.47,90.57,37.62,19.61,TTB,Banking,-223.99000000000012
2020-07-16,14.94,22.0,36.95,-7.06,15.83,TTB,Banking,-231.05000000000013
2020-07-17,26.32,3.07,29.39,23.25,15.25,TTB,Banking,-207.80000000000013
2020-07-20,41.17,27.6,68.77,13.56,13.06,TTB,Banking,-194.24000000000012
2020-07-21,45.67,38.24,83.91,7.43,18.2,TTB,Banking,-186.81000000000012
2020-07-22,28.72,57.71,86.42,-28.99,18.07,TTB,Banking,-215.80000000000013
2020-07-23,47.79,33.94,81.72,13.85,24.98,TTB,Banking,-201.95000000000013
2020-07-24,32.93,29.55,62.48,3.38,14.81,TTB,Banking,-198.57000000000014
2020-07-29,33.61,49.42,83.03,-15.81,14.68,TTB,Banking,-214.38000000000014
2020-07-30,25.86,26.88,52.73,-1.02,13.82,TTB,Banking,-215.40000000000015
2020-07-31,75.33,67.15,142.48,8.18,19.12,TTB,Banking,-207.22000000000014
2020-08-03,29.02,34.05,63.07,-5.03,20.6,TTB,Banking,-212.25000000000014
2020-08-04,34.0,33.74,67.75,0.26,15.89,TTB,Banking,-211.99000000000015
2020-08-05,47.22,25.45,72.67,21.77,24.87,TTB,Banking,-190.22000000000014
2020-08-06,44.43,57.86,102.29,-13.43,30.95,TTB,Banking,-203.65000000000015
2020-08-07,10.78,12.1,22.88,-1.33,18.16,TTB,Banking,-204.98000000000016
2020-08-10,17.9,21.23,39.13,-3.33,18.56,TTB,Banking,-208.31000000000017
2020-08-11,35.68,32.07,67.75,3.61,20.34,TTB,Banking,-204.70000000000016
2020-08-13,83.5,75.75,159.25,7.76,13.35,TTB,Banking,-196.94000000000017
2020-08-14,59.58,77.88,137.47,-18.3,21.74,TTB,Banking,-215.24000000000018
2020-08-17,26.21,74.78,100.98,-48.57,17.29,TTB,Banking,-263.8100000000002
2020-08-18,27.14,49.6,76.74,-22.47,20.12,TTB,Banking,-286.2800000000002
2020-08-19,29.92,78.16,108.09,-48.24,15.29,TTB,Banking,-334.5200000000002
2020-08-20,39.09,39.73,78.82,-0.64,14.4,TTB,Banking,-335.1600000000002
2020-08-21,6.09,31.54,37.63,-25.45,17.66,TTB,Banking,-360.6100000000002
2020-08-24,11.99,53.21,65.2,-41.22,22.93,TTB,Banking,-401.83000000000015
2020-08-25,40.69,45.39,86.08,-4.69,24.79,TTB,Banking,-406.52000000000015
2020-08-26,25.83,25.47,51.3,0.36,19.33,TTB,Banking,-406.16000000000014
2020-08-27,14.46,25.54,40.0,-11.08,25.49,TTB,Banking,-417.2400000000001
2020-08-28,41.51,51.8,93.31,-10.29,16.11,TTB,Banking,-427.53000000000014
2020-08-31,60.2,104.66,164.86,-44.46,20.72,TTB,Banking,-471.9900000000001
2020-09-01,12.67,19.48,32.16,-6.81,17.53,TTB,Banking,-478.8000000000001
2020-09-02,24.65,28.54,53.19,-3.89,15.74,TTB,Banking,-482.6900000000001
2020-09-03,18.51,34.39,52.9,-15.89,30.85,TTB,Banking,-498.5800000000001
2020-09-08,21.31,29.62,50.93,-8.31,23.67,TTB,Banking,-506.8900000000001
2020-09-09,21.92,69.61,91.53,-47.7,20.65,TTB,Banking,-554.5900000000001
2020-09-10,28.54,16.49,45.03,12.06,19.61,TTB,Banking,-542.5300000000002
2020-09-11,23.67,26.72,50.39,-3.05,28.27,TTB,Banking,-545.5800000000002
2020-09-14,11.98,8.92,20.89,3.06,18.28,TTB,Banking,-542.5200000000002
2020-09-15,7.46,6.67,14.13,0.8,24.07,TTB,Banking,-541.7200000000003
2020-09-16,16.03,14.57,30.6,1.46,24.51,TTB,Banking,-540.2600000000002
2020-09-17,14.82,20.32,35.14,-5.49,18.21,TTB,Banking,-545.7500000000002
2020-09-18,74.26,50.98,125.24,23.28,33.45,TTB,Banking,-522.4700000000003
2020-09-21,10.53,29.21,39.74,-18.68,25.23,TTB,Banking,-541.1500000000002
2020-09-22,9.6,24.92,34.52,-15.32,13.05,TTB,Banking,-556.4700000000003
2020-09-23,16.41,17.55,33.96,-1.15,14.81,TTB,Banking,-557.6200000000002
2020-09-24,37.59,57.23,94.82,-19.64,24.51,TTB,Banking,-577.2600000000002
2020-09-25,41.55,43.52,85.07,-1.97,27.37,TTB,Banking,-579.2300000000002
2020-09-28,45.76,30.94,76.7,14.82,17.5,TTB,Banking,-564.4100000000002
2020-09-29,45.85,26.22,72.07,19.63,21.6,TTB,Banking,-544.7800000000002
2020-09-30,12.21,36.35,48.56,-24.14,18.18,TTB,Banking,-568.9200000000002
2020-10-01,21.94,20.47,42.41,1.47,18.24,TTB,Banking,-567.4500000000002
2020-10-02,50.03,106.34,156.37,-56.31,21.26,TTB,Banking,-623.7600000000002
2020-10-05,15.79,37.19,52.98,-21.41,17.74,TTB,Banking,-645.1700000000002
2020-10-06,14.52,41.22,55.75,-26.7,26.74,TTB,Banking,-671.8700000000002
2020-10-07,46.98,55.14,102.12,-8.16,27.74,TTB,Banking,-680.0300000000002
2020-10-08,22.7,10.56,33.26,12.14,12.12,TTB,Banking,-667.8900000000002
2020-10-09,23.8,33.84,57.63,-10.04,21.53,TTB,Banking,-677.9300000000002
2020-10-12,16.38,17.9,34.29,-1.52,16.08,TTB,Banking,-679.4500000000002
2020-10-14,28.04,51.43,79.47,-23.39,29.33,TTB,Banking,-702.8400000000001
2020-10-15,23.8,33.16,56.96,-9.35,22.91,TTB,Banking,-712.1900000000002
2020-10-16,10.26,18.23,28.49,-7.97,23.54,TTB,Banking,-720.1600000000002
2020-10-19,25.52,21.83,47.35,3.69,17.4,TTB,Banking,-716.4700000000001
2020-10-20,17.6,16.61,34.22,0.99,13.67,TTB,Banking,-715.4800000000001
2020-10-21,21.35,43.18,64.53,-21.84,19.85,TTB,Banking,-737.3200000000002
2020-10-22,17.82,33.12,50.93,-15.3,29.61,TTB,Banking,-752.6200000000001
2020-10-26,39.81,6.42,46.24,33.39,28.78,TTB,Banking,-719.2300000000001
2020-10-27,22.59,40.56,63.15,-17.97,22.51,TTB,Banking,-737.2000000000002
2020-10-28,37.39,64.92,102.3,-27.53,24.69,TTB,Banking,-764.7300000000001
2020-10-29,14.93,22.26,37.19,-7.34,13.41,TTB,Banking,-772.0700000000002
2020-10-30,39.75,56.69,96.44,-16.94,17.38,TTB,Banking,-789.0100000000002
2020-11-02,10.06,19.91,29.97,-9.86,15.63,TTB,Banking,-798.8700000000002
2020-11-03,24.4,30.34,54.74,-5.93,18.02,TTB,Banking,-804.8000000000002
2020-11-04,34.04,29.32,63.36,4.73,18.3,TTB,Banking,-800.0700000000002
2020-11-05,60.39,32.2,92.59,28.2,16.37,TTB,Banking,-771.8700000000001
2020-11-06,79.36,92.53,171.88,-13.17,15.22,TTB,Banking,-785.0400000000001
2020-11-09,70.21,23.59,93.8,46.62,14.1,TTB,Banking,-738.4200000000001
2020-11-10,177.09,124.2,301.28,52.89,13.2,TTB,Banking,-685.5300000000001
2020-11-11,162.63,78.63,241.26,84.01,17.66,TTB,Banking,-601.5200000000001
2020-11-12,65.27,28.46,93.73,36.82,17.67,TTB,Banking,-564.7
2020-11-13,117.17,95.53,212.7,21.63,14.33,TTB,Banking,-543.07
2020-11-16,33.06,58.46,91.52,-25.4,10.79,TTB,Banking,-568.47
2020-11-17,104.46,46.21,150.67,58.25,10.87,TTB,Banking,-510.22
2020-11-18,93.15,55.81,148.96,37.34,16.48,TTB,Banking,-472.88
2020-11-19,67.49,76.59,144.09,-9.1,22.06,TTB,Banking,-481.98
2020-11-20,166.71,163.87,330.57,2.84,15.21,TTB,Banking,-479.14000000000004
2020-11-23,237.75,224.59,462.34,13.16,16.06,TTB,Banking,-465.98
2020-11-24,149.37,219.39,368.76,-70.02,11.94,TTB,Banking,-536.0
2020-11-25,140.48,207.03,347.51,-66.56,15.94,TTB,Banking,-602.56
2020-11-26,131.65,150.26,281.91,-18.61,21.45,TTB,Banking,-621.17
2020-11-27,80.51,230.45,310.97,-149.94,24.5,TTB,Banking,-771.1099999999999
2020-11-30,1569.7,1434.26,3003.96,135.44,45.35,TTB,Banking,-635.6699999999998
2020-12-01,137.0,273.41,410.41,-136.41,15.74,TTB,Banking,-772.0799999999998
2020-12-02,146.66,204.11,350.77,-57.45,13.9,TTB,Banking,-829.5299999999999
2020-12-03,104.1,154.33,258.43,-50.23,13.83,TTB,Banking,-879.7599999999999
2020-12-04,244.24,280.5,524.74,-36.25,12.54,TTB,Banking,-916.0099999999999
2020-12-08,384.36,268.53,652.9,115.83,12.77,TTB,Banking,-800.1799999999998
2020-12-09,123.75,227.88,351.64,-104.13,12.97,TTB,Banking,-904.3099999999998
2020-12-14,177.39,305.81,483.2,-128.42,16.83,TTB,Banking,-1032.7299999999998
2020-12-15,147.71,95.01,242.72,52.7,15.34,TTB,Banking,-980.0299999999997
2020-12-16,99.29,173.92,273.21,-74.63,12.14,TTB,Banking,-1054.6599999999999
2020-12-17,129.26,131.58,260.84,-2.33,2.69,TTB,Banking,-1056.9899999999998
2020-12-18,249.26,132.75,382.01,116.51,21.9,TTB,Banking,-940.4799999999998
2020-12-21,227.34,139.96,367.3,87.37,9.66,TTB,Banking,-853.1099999999998
2020-12-22,299.36,222.39,521.75,76.97,16.64,TTB,Banking,-776.1399999999998
2020-12-23,113.02,159.48,272.5,-46.45,14.88,TTB,Banking,-822.5899999999998
2020-12-24,111.44,91.73,203.17,19.7,11.98,TTB,Banking,-802.8899999999998
2020-12-25,28.84,35.53,64.37,-6.7,8.2,TTB,Banking,-809.5899999999998
2020-12-28,78.34,104.93,183.27,-26.6,10.5,TTB,Banking,-836.1899999999998
2020-12-29,167.96,101.01,268.97,66.94,19.72,TTB,Banking,-769.2499999999998
2020-12-30,85.13,128.46,213.59,-43.33,10.39,TTB,Banking,-812.5799999999998
2021-01-04,111.49,85.57,197.06,25.93,7.34,TTB,Banking,-786.6499999999999
2021-01-05,147.9,174.22,322.12,-26.32,11.72,TTB,Banking,-812.9699999999999
2021-01-06,181.71,242.66,424.38,-60.95,11.37,TTB,Banking,-873.92
2021-01-07,388.72,238.93,627.65,149.79,9.4,TTB,Banking,-724.13
2021-01-08,121.7,132.82,254.52,-11.12,10.99,TTB,Banking,-735.25
2021-01-11,95.68,123.56,219.24,-27.88,13.51,TTB,Banking,-763.13
2021-01-12,45.29,41.25,86.53,4.04,11.7,TTB,Banking,-759.09
2021-01-13,174.52,142.89,317.42,31.63,15.61,TTB,Banking,-727.46
2021-01-14,136.61,73.96,210.57,62.66,21.88,TTB,Banking,-664.8000000000001
2021-01-15,45.8,50.16,95.96,-4.35,13.79,TTB,Banking,-669.1500000000001
2021-01-18,179.26,90.56,269.82,88.7,25.82,TTB,Banking,-580.45
2021-01-19,155.48,74.83,230.31,80.66,30.43,TTB,Banking,-499.7900000000001
2021-01-20,162.02,91.55,253.57,70.47,14.4,TTB,Banking,-429.32000000000005
2021-01-21,239.47,160.5,399.97,78.97,14.12,TTB,Banking,-350.35
2021-01-22,181.83,127.39,309.23,54.44,18.93,TTB,Banking,-295.91
2021-01-25,46.66,102.04,148.7,-55.38,12.54,TTB,Banking,-351.29
2021-01-26,62.73,78.72,141.45,-15.99,15.75,TTB,Banking,-367.28000000000003
2021-01-27,50.11,77.47,127.59,-27.36,23.49,TTB,Banking,-394.64000000000004
2021-01-28,78.49,230.71,309.19,-152.22,20.3,TTB,Banking,-546.86
2021-01-29,198.25,366.99,565.24,-168.75,28.98,TTB,Banking,-715.61
2021-02-01,120.41,126.85,247.27,-6.44,15.31,TTB,Banking,-722.0500000000001
2021-02-02,69.1,103.98,173.09,-34.88,17.47,TTB,Banking,-756.9300000000001
2021-02-03,171.98,259.76,431.74,-87.79,17.21,TTB,Banking,-844.72
2021-02-04,173.26,150.89,324.14,22.37,20.34,TTB,Banking,-822.35
2021-02-05,134.94,79.8,214.75,55.14,17.07,TTB,Banking,-767.21
2021-02-08,732.52,242.6,975.11,489.92,23.92,TTB,Banking,-277.29
2021-02-09,101.49,97.42,198.9,4.07,10.01,TTB,Banking,-273.22
2021-02-10,124.45,61.07,185.52,63.39,16.7,TTB,Banking,-209.83000000000004
2021-02-11,63.9,48.55,112.46,15.35,19.94,TTB,Banking,-194.48000000000005
2021-02-15,63.44,46.47,109.91,16.97,21.71,TTB,Banking,-177.51000000000005
2021-02-16,48.57,52.64,101.21,-4.07,18.52,TTB,Banking,-181.58000000000004
2021-02-17,42.94,43.25,86.18,-0.31,10.73,TTB,Banking,-181.89000000000004
2021-02-18,53.4,61.88,115.28,-8.49,33.1,TTB,Banking,-190.38000000000005
2021-02-19,116.71,176.93,293.64,-60.23,18.56,TTB,Banking,-250.61000000000004
2021-02-22,75.43,108.62,184.05,-33.19,13.82,TTB,Banking,-283.80000000000007
2021-02-23,46.57,69.39,115.96,-22.82,17.27,TTB,Banking,-306.62000000000006
2021-02-24,48.09,70.45,118.54,-22.35,26.82,TTB,Banking,-328.9700000000001
2021-02-25,33.18,122.5,155.67,-89.32,15.73,TTB,Banking,-418.2900000000001
2021-03-01,37.0,118.62,155.62,-81.62,25.05,TTB,Banking,-499.9100000000001
2021-03-02,78.32,115.64,193.95,-37.32,38.2,TTB,Banking,-537.2300000000001
2021-03-03,240.28,311.39,551.68,-71.11,26.87,TTB,Banking,-608.3400000000001
2021-03-04,126.24,148.29,274.53,-22.05,18.68,TTB,Banking,-630.3900000000001
2021-03-05,254.24,146.77,401.01,107.48,18.09,TTB,Banking,-522.9100000000001
2021-03-08,190.08,79.07,269.15,111.01,11.38,TTB,Banking,-411.9000000000001
2021-03-09,168.55,141.38,309.92,27.17,17.21,TTB,Banking,-384.7300000000001
2021-03-10,388.84,138.52,527.35,250.32,25.87,TTB,Banking,-134.41000000000008
2021-03-11,233.8,141.55,375.34,92.25,18.83,TTB,Banking,-42.16000000000008
2021-03-12,196.24,155.5,351.74,40.74,16.57,TTB,Banking,-1.4200000000000799
2021-03-15,187.98,44.11,232.09,143.86,23.97,TTB,Banking,142.43999999999994
2021-03-16,106.32,92.88,199.2,13.44,26.03,TTB,Banking,155.87999999999994
2021-03-17,133.24,97.54,230.78,35.69,20.63,TTB,Banking,191.56999999999994
2021-03-18,101.93,95.82,197.75,6.11,14.94,TTB,Banking,197.67999999999995
2021-03-19,229.6,57.92,287.52,171.68,25.01,TTB,Banking,369.35999999999996
2021-03-22,34.76,28.7,63.45,6.06,14.45,TTB,Banking,375.41999999999996
2021-03-23,176.73,117.81,294.54,58.92,21.57,TTB,Banking,434.34
2021-03-24,124.93,135.81,260.74,-10.89,18.27,TTB,Banking,423.45
2021-03-25,64.7,25.33,90.03,39.38,10.89,TTB,Banking,462.83
2021-03-26,85.04,241.97,327.0,-156.93,31.93,TTB,Banking,305.9
2021-03-29,55.37,91.52,146.88,-36.15,22.73,TTB,Banking,269.75
2021-03-30,127.64,166.72,294.36,-39.08,25.04,TTB,Banking,230.67000000000002
2021-03-31,30.74,93.52,124.25,-62.78,20.42,TTB,Banking,167.89000000000001
2021-04-01,161.65,128.82,290.48,32.83,20.2,TTB,Banking,200.72000000000003
2021-04-02,131.44,100.27,231.71,31.16,26.58,TTB,Banking,231.88000000000002
2021-04-05,81.94,165.98,247.92,-84.04,27.65,TTB,Banking,147.84000000000003
2021-04-07,74.97,172.58,247.55,-97.61,15.63,TTB,Banking,50.23000000000003
2021-04-08,41.06,84.59,125.65,-43.54,16.04,TTB,Banking,6.690000000000033
2021-04-09,67.56,59.85,127.41,7.71,25.47,TTB,Banking,14.400000000000034
2021-04-12,54.97,101.51,156.49,-46.54,25.94,TTB,Banking,-32.139999999999965
2021-04-16,93.44,193.48,286.92,-100.03,17.81,TTB,Banking,-132.16999999999996
2021-04-19,56.99,56.52,113.5,0.47,15.95,TTB,Banking,-131.69999999999996
2021-04-20,100.82,108.85,209.67,-8.03,20.2,TTB,Banking,-139.72999999999996
2021-04-21,113.6,91.95,205.54,21.65,27.28,TTB,Banking,-118.07999999999996
2021-04-22,145.28,170.01,315.29,-24.74,18.86,TTB,Banking,-142.81999999999996
2021-04-23,119.97,262.05,382.02,-142.08,27.41,TTB,Banking,-284.9
2021-04-26,108.86,92.06,200.93,16.8,16.92,TTB,Banking,-268.09999999999997
2021-04-27,146.81,321.17,467.98,-174.36,26.6,TTB,Banking,-442.46
2021-04-28,50.3,190.55,240.85,-140.26,20.28,TTB,Banking,-582.72
2021-04-29,153.25,128.0,281.25,25.25,22.03,TTB,Banking,-557.47
2021-04-30,39.59,55.29,94.88,-15.7,19.03,TTB,Banking,-573.1700000000001
2021-05-05,111.85,122.09,233.93,-10.24,26.28,TTB,Banking,-583.4100000000001
2021-05-06,150.6,156.77,307.37,-6.17,32.95,TTB,Banking,-589.58
2021-05-07,70.7,48.19,118.89,22.51,27.03,TTB,Banking,-567.07
2021-05-10,28.05,38.94,66.99,-10.88,28.59,TTB,Banking,-577.95
2021-05-11,50.04,240.89,290.93,-190.85,26.3,TTB,Banking,-768.8000000000001
2021-05-12,25.35,36.71,62.06,-11.37,10.58,TTB,Banking,-780.1700000000001
2021-05-13,172.14,132.68,304.83,39.46,21.06,TTB,Banking,-740.71
2021-05-14,84.04,186.74,270.78,-102.69,34.09,TTB,Banking,-843.4000000000001
2021-05-17,88.95,101.18,190.13,-12.23,28.53,TTB,Banking,-855.6300000000001
2021-05-18,31.36,19.11,50.48,12.25,11.28,TTB,Banking,-843.3800000000001
2021-05-19,103.48,142.07,245.55,-38.59,27.16,TTB,Banking,-881.9700000000001
2021-05-20,71.82,95.22,167.05,-23.4,21.6,TTB,Banking,-905.3700000000001
2021-05-21,59.57,104.04,163.61,-44.47,33.36,TTB,Banking,-949.8400000000001
2021-05-24,63.64,237.42,301.07,-173.78,30.08,TTB,Banking,-1123.6200000000001
2021-05-25,86.87,33.51,120.38,53.36,16.76,TTB,Banking,-1070.2600000000002
2021-05-27,12.98,36.13,49.11,-23.15,21.33,TTB,Banking,-1093.4100000000003
2021-05-28,127.39,57.49,184.89,69.9,29.11,TTB,Banking,-1023.5100000000003
2021-05-31,53.14,81.49,134.62,-28.35,22.23,TTB,Banking,-1051.8600000000004
2021-06-01,77.21,8.47,85.68,68.74,12.03,TTB,Banking,-983.1200000000003
2021-06-02,32.83,47.93,80.77,-15.1,12.63,TTB,Banking,-998.2200000000004
2021-06-04,55.12,51.11,106.24,4.01,18.53,TTB,Banking,-994.2100000000004
2021-06-07,77.04,52.89,129.93,24.15,15.67,TTB,Banking,-970.0600000000004
2021-06-08,93.68,80.6,174.28,13.09,25.29,TTB,Banking,-956.9700000000004
2021-06-09,6.28,17.19,23.47,-10.92,8.41,TTB,Banking,-967.8900000000003
2021-06-10,47.02,21.91,68.94,25.11,21.61,TTB,Banking,-942.7800000000003
2021-06-11,80.79,48.53,129.32,32.27,16.32,TTB,Banking,-910.5100000000003
2021-06-14,86.3,37.32,123.62,48.98,17.91,TTB,Banking,-861.5300000000003
2021-06-15,173.3,62.17,235.47,111.13,21.6,TTB,Banking,-750.4000000000003
2021-06-16,59.11,50.62,109.73,8.5,17.23,TTB,Banking,-741.9000000000003
2021-06-17,49.96,93.22,143.18,-43.25,31.31,TTB,Banking,-785.1500000000003
2021-06-18,190.05,166.89,356.94,23.16,35.89,TTB,Banking,-761.9900000000004
2021-06-21,37.55,51.29,88.84,-13.73,14.03,TTB,Banking,-775.7200000000004
2021-06-22,36.35,83.54,119.88,-47.19,24.39,TTB,Banking,-822.9100000000003
2021-06-23,91.61,106.0,197.61,-14.39,20.28,TTB,Banking,-837.3000000000003
2021-06-24,70.65,73.71,144.35,-3.06,13.56,TTB,Banking,-840.3600000000002
2021-06-25,100.7,76.47,177.17,24.23,25.02,TTB,Banking,-816.1300000000002
2021-06-28,45.39,58.48,103.86,-13.09,12.4,TTB,Banking,-829.2200000000003
2021-06-29,73.25,69.17,142.42,4.09,22.32,TTB,Banking,-825.1300000000002
2021-06-30,73.32,122.85,196.17,-49.53,18.48,TTB,Banking,-874.6600000000002
2021-07-01,128.98,57.29,186.27,71.68,26.88,TTB,Banking,-802.9800000000002
2021-07-02,91.53,111.18,202.71,-19.65,31.51,TTB,Banking,-822.6300000000002
2021-07-05,74.96,92.91,167.86,-17.95,22.33,TTB,Banking,-840.5800000000003
2021-07-06,3.85,30.28,34.12,-26.43,13.49,TTB,Banking,-867.0100000000002
2021-07-07,112.01,303.14,415.15,-191.13,26.22,TTB,Banking,-1058.1400000000003
2021-07-08,207.64,362.9,570.54,-155.26,20.13,TTB,Banking,-1213.4000000000003
2021-07-09,158.19,115.83,274.02,42.35,16.26,TTB,Banking,-1171.0500000000004
2021-07-12,58.69,143.17,201.86,-84.48,32.12,TTB,Banking,-1255.5300000000004
2021-07-13,88.71,139.21,227.92,-50.5,34.19,TTB,Banking,-1306.0300000000004
2021-07-14,51.44,38.89,90.33,12.54,14.51,TTB,Banking,-1293.4900000000005
2021-07-15,47.31,82.12,129.43,-34.81,16.88,TTB,Banking,-1328.3000000000004
2021-07-16,101.7,66.43,168.13,35.27,18.5,TTB,Banking,-1293.0300000000004
2021-07-19,21.37,26.39,47.75,-5.02,10.23,TTB,Banking,-1298.0500000000004
2021-07-20,48.59,44.68,93.27,3.92,14.48,TTB,Banking,-1294.1300000000003
2021-07-21,58.96,100.38,159.34,-41.42,13.89,TTB,Banking,-1335.5500000000004
2021-07-22,61.99,43.45,105.44,18.54,8.9,TTB,Banking,-1317.0100000000004
2021-07-23,53.32,101.77,155.09,-48.46,10.6,TTB,Banking,-1365.4700000000005
2021-07-27,71.35,36.13,107.49,35.22,20.06,TTB,Banking,-1330.2500000000005
2021-07-29,28.33,11.49,39.81,16.84,13.38,TTB,Banking,-1313.4100000000005
2021-07-30,89.95,53.38,143.33,36.57,14.83,TTB,Banking,-1276.8400000000006
2021-08-02,32.87,33.24,66.12,-0.37,12.09,TTB,Banking,-1277.2100000000005
2021-08-03,90.89,86.2,177.09,4.69,21.72,TTB,Banking,-1272.5200000000004
2021-08-04,22.37,43.52,65.89,-21.15,25.74,TTB,Banking,-1293.6700000000005
2021-08-05,27.26,27.56,54.81,-0.3,21.17,TTB,Banking,-1293.9700000000005
2021-08-06,26.99,31.43,58.42,-4.45,25.72,TTB,Banking,-1298.4200000000005
2021-08-09,35.2,17.97,53.17,17.24,12.11,TTB,Banking,-1281.1800000000005
2021-08-10,9.17,18.19,27.36,-9.01,14.84,TTB,Banking,-1290.1900000000005
2021-08-11,16.37,35.41,51.77,-19.04,18.03,TTB,Banking,-1309.2300000000005
2021-08-13,5.64,14.22,19.86,-8.57,8.73,TTB,Banking,-1317.8000000000004
2021-08-16,39.35,33.05,72.41,6.3,17.49,TTB,Banking,-1311.5000000000005
2021-08-17,50.13,69.38,119.52,-19.25,20.49,TTB,Banking,-1330.7500000000005
2021-08-18,32.77,31.29,64.05,1.48,20.06,TTB,Banking,-1329.2700000000004
2021-08-19,7.52,26.54,34.06,-19.02,19.44,TTB,Banking,-1348.2900000000004
2021-08-20,73.49,80.13,153.61,-6.64,23.25,TTB,Banking,-1354.9300000000005
2021-08-23,98.42,107.27,205.69,-8.85,11.43,TTB,Banking,-1363.7800000000004
2021-08-24,40.12,54.04,94.16,-13.91,13.7,TTB,Banking,-1377.6900000000005
2021-08-25,49.22,29.02,78.24,20.19,14.68,TTB,Banking,-1357.5000000000005
2021-08-26,33.04,37.86,70.9,-4.82,21.28,TTB,Banking,-1362.3200000000004
2021-08-27,84.04,79.28,163.32,4.76,21.92,TTB,Banking,-1357.5600000000004
2021-08-30,79.29,73.83,153.13,5.46,19.28,TTB,Banking,-1352.1000000000004
2021-08-31,32.43,56.78,89.2,-24.35,22.0,TTB,Banking,-1376.4500000000003
2021-09-01,33.72,25.11,58.83,8.61,15.43,TTB,Banking,-1367.8400000000004
2021-09-02,30.25,19.12,49.37,11.13,16.04,TTB,Banking,-1356.7100000000003
2021-09-03,12.86,17.36,30.22,-4.5,11.63,TTB,Banking,-1361.2100000000003
2021-09-06,10.56,16.48,27.04,-5.93,11.43,TTB,Banking,-1367.1400000000003
2021-09-07,35.47,25.92,61.38,9.55,16.89,TTB,Banking,-1357.5900000000004
2021-09-08,46.69,25.92,72.61,20.78,17.85,TTB,Banking,-1336.8100000000004
2021-09-09,44.93,35.67,80.6,9.26,25.2,TTB,Banking,-1327.5500000000004
2021-09-10,18.02,30.62,48.64,-12.6,20.3,TTB,Banking,-1340.1500000000003
2021-09-13,96.86,77.39,174.25,19.47,20.98,TTB,Banking,-1320.6800000000003
2021-09-14,33.15,19.87,53.02,13.28,15.51,TTB,Banking,-1307.4000000000003
2021-09-15,11.05,15.36,26.41,-4.31,24.84,TTB,Banking,-1311.7100000000003
2021-09-16,15.72,24.31,40.03,-8.59,8.73,TTB,Banking,-1320.3000000000002
2021-09-17,91.96,122.22,214.18,-30.26,27.52,TTB,Banking,-1350.5600000000002
2021-09-20,6.99,13.62,20.61,-6.64,8.3,TTB,Banking,-1357.2000000000003
2021-09-21,59.15,31.26,90.4,27.89,22.53,TTB,Banking,-1329.3100000000002
2021-09-22,18.74,23.47,42.22,-4.73,15.94,TTB,Banking,-1334.0400000000002
2021-09-23,206.63,171.83,378.46,34.8,14.88,TTB,Banking,-1299.2400000000002
2021-09-27,214.86,266.49,481.36,-51.63,16.23,TTB,Banking,-1350.8700000000003
2021-09-28,63.87,75.35,139.23,-11.48,16.99,TTB,Banking,-1362.3500000000004
2021-09-29,69.31,50.39,119.7,18.92,17.6,TTB,Banking,-1343.4300000000003
2021-09-30,29.9,62.75,92.65,-32.85,16.35,TTB,Banking,-1376.2800000000002
2021-10-01,113.09,68.72,181.82,44.37,17.59,TTB,Banking,-1331.9100000000003
2021-10-04,81.31,80.05,161.36,1.26,27.44,TTB,Banking,-1330.6500000000003
2021-10-05,52.33,46.98,99.31,5.36,30.79,TTB,Banking,-1325.2900000000004
2021-10-06,11.66,12.19,23.86,-0.53,14.58,TTB,Banking,-1325.8200000000004
2021-10-07,173.07,142.56,315.63,30.51,15.76,TTB,Banking,-1295.3100000000004
2021-10-08,44.33,92.56,136.89,-48.23,11.18,TTB,Banking,-1343.5400000000004
2021-10-11,52.89,50.34,103.23,2.55,14.6,TTB,Banking,-1340.9900000000005
2021-10-12,57.84,34.98,92.82,22.85,17.19,TTB,Banking,-1318.1400000000006
2021-10-14,33.03,58.05,91.08,-25.02,14.83,TTB,Banking,-1343.1600000000005
2021-10-15,84.67,53.41,138.08,31.25,17.72,TTB,Banking,-1311.9100000000005
2021-10-18,143.66,52.4,196.06,91.26,20.14,TTB,Banking,-1220.6500000000005
2021-10-19,68.49,99.6,168.09,-31.1,16.37,TTB,Banking,-1251.7500000000005
2021-10-20,71.3,27.04,98.34,44.26,21.31,TTB,Banking,-1207.4900000000005
2021-10-21,26.62,33.55,60.18,-6.93,16.33,TTB,Banking,-1214.4200000000005
2021-10-25,57.15,16.9,74.06,40.25,17.55,TTB,Banking,-1174.1700000000005
2021-10-26,64.28,73.0,137.28,-8.72,27.83,TTB,Banking,-1182.8900000000006
2021-10-27,152.97,103.64,256.61,49.32,15.62,TTB,Banking,-1133.5700000000006
2021-10-28,49.73,70.78,120.5,-21.05,19.88,TTB,Banking,-1154.6200000000006
2021-10-29,45.97,54.05,100.02,-8.07,20.3,TTB,Banking,-1162.6900000000005
2021-11-01,17.0,29.52,46.51,-12.52,14.44,TTB,Banking,-1175.2100000000005
2021-11-02,91.61,52.97,144.58,38.64,20.92,TTB,Banking,-1136.5700000000004
2021-11-03,106.45,78.16,184.61,28.29,17.76,TTB,Banking,-1108.2800000000004
2021-11-04,123.44,61.01,184.44,62.43,17.15,TTB,Banking,-1045.8500000000004
2021-11-05,18.13,19.0,37.13,-0.87,9.17,TTB,Banking,-1046.7200000000003
2021-11-08,92.93,27.01,119.93,65.92,17.46,TTB,Banking,-980.8000000000003
2021-11-09,73.02,33.54,106.56,39.48,14.78,TTB,Banking,-941.3200000000003
2021-11-10,35.34,39.23,74.57,-3.89,18.29,TTB,Banking,-945.2100000000003
2021-11-11,34.13,70.56,104.69,-36.42,11.12,TTB,Banking,-981.6300000000002
2021-11-12,37.47,55.2,92.67,-17.73,13.34,TTB,Banking,-999.3600000000002
2021-11-15,24.36,29.98,54.33,-5.62,13.53,TTB,Banking,-1004.9800000000002
2021-11-16,67.33,71.05,138.37,-3.72,17.17,TTB,Banking,-1008.7000000000003
2021-11-17,162.23,124.47,286.7,37.76,9.67,TTB,Banking,-970.9400000000003
2021-11-18,74.02,161.12,235.14,-87.09,18.19,TTB,Banking,-1058.0300000000002
2021-11-19,74.67,116.75,191.42,-42.08,19.87,TTB,Banking,-1100.1100000000001
2021-11-22,7.07,38.5,45.57,-31.43,16.91,TTB,Banking,-1131.5400000000002
2021-11-23,69.3,64.39,133.69,4.9,19.51,TTB,Banking,-1126.64
2021-11-24,88.01,86.24,174.25,1.78,13.09,TTB,Banking,-1124.8600000000001
2021-11-25,266.93,62.91,329.85,204.02,11.45,TTB,Banking,-920.8400000000001
2021-11-26,283.3,346.72,630.03,-63.42,12.39,TTB,Banking,-984.2600000000001
2021-11-29,54.72,205.62,260.35,-150.9,18.12,TTB,Banking,-1135.16
2021-11-30,79.11,231.86,310.97,-152.76,15.28,TTB,Banking,-1287.92
2021-12-01,56.48,73.75,130.23,-17.27,13.55,TTB,Banking,-1305.19
2021-12-02,36.89,63.57,100.45,-26.68,15.67,TTB,Banking,-1331.8700000000001
2021-12-03,99.98,84.7,184.68,15.28,18.29,TTB,Banking,-1316.5900000000001
2021-12-07,127.7,31.41,159.11,96.29,12.11,TTB,Banking,-1220.3000000000002
2021-12-08,140.25,106.9,247.15,33.35,10.4,TTB,Banking,-1186.9500000000003
2021-12-09,92.37,89.36,181.72,3.01,11.66,TTB,Banking,-1183.9400000000003
2021-12-13,58.4,38.23,96.63,20.17,11.68,TTB,Banking,-1163.7700000000002
2021-12-14,77.96,78.52,156.48,-0.56,16.24,TTB,Banking,-1164.3300000000002
2021-12-15,29.25,10.8,40.05,18.44,7.66,TTB,Banking,-1145.89
2021-12-16,105.38,141.32,246.7,-35.95,12.06,TTB,Banking,-1181.8400000000001
2021-12-17,96.22,136.04,232.26,-39.83,14.07,TTB,Banking,-1221.67
2021-12-20,97.28,133.62,230.9,-36.34,13.62,TTB,Banking,-1258.01
2021-12-21,31.71,60.27,91.98,-28.56,17.39,TTB,Banking,-1286.57
2021-12-22,35.13,33.46,68.59,1.67,13.08,TTB,Banking,-1284.8999999999999
2021-12-23,159.22,119.14,278.36,40.08,16.84,TTB,Banking,-1244.82
2021-12-24,49.17,106.04,155.21,-56.87,22.1,TTB,Banking,-1301.6899999999998
2021-12-27,48.55,45.13,93.68,3.41,17.29,TTB,Banking,-1298.2799999999997
2021-12-28,290.57,182.57,473.14,108.0,15.17,TTB,Banking,-1190.2799999999997
2021-12-29,340.3,230.79,571.09,109.51,20.64,TTB,Banking,-1080.7699999999998
2021-12-30,256.09,111.76,367.84,144.33,23.76,TTB,Banking,-936.4399999999997
2022-01-04,201.78,88.29,290.08,113.49,13.14,TTB,Banking,-822.9499999999997
2022-01-05,103.52,80.91,184.43,22.61,13.47,TTB,Banking,-800.3399999999997
2022-01-06,331.9,161.67,493.57,170.23,18.33,TTB,Banking,-630.1099999999997
2022-01-07,275.94,94.01,369.94,181.93,21.21,TTB,Banking,-448.17999999999967
2022-01-10,117.37,70.5,187.87,46.87,15.2,TTB,Banking,-401.30999999999966
2022-01-11,49.05,67.18,116.23,-18.13,14.56,TTB,Banking,-419.43999999999966
2022-01-12,94.29,82.38,176.67,11.91,15.55,TTB,Banking,-407.52999999999963
2022-01-13,154.52,125.06,279.57,29.46,14.76,TTB,Banking,-378.06999999999965
2022-01-14,69.12,114.13,183.26,-45.01,16.75,TTB,Banking,-423.07999999999964
2022-01-17,93.44,101.57,195.01,-8.13,24.36,TTB,Banking,-431.20999999999964
2022-01-18,97.82,121.46,219.28,-23.63,16.91,TTB,Banking,-454.83999999999963
2022-01-19,159.74,118.85,278.58,40.89,17.11,TTB,Banking,-413.94999999999965
2022-01-20,134.36,77.93,212.29,56.43,17.43,TTB,Banking,-357.51999999999964
2022-01-21,380.64,215.68,596.33,164.96,18.38,TTB,Banking,-192.55999999999963
2022-01-24,480.95,167.54,648.48,313.41,21.18,TTB,Banking,120.85000000000039
2022-01-25,232.79,132.27,365.06,100.52,19.91,TTB,Banking,221.3700000000004
2022-01-26,125.47,161.07,286.54,-35.59,16.86,TTB,Banking,185.7800000000004
2022-01-27,229.66,121.05,350.71,108.61,18.9,TTB,Banking,294.3900000000004
2022-01-28,72.15,80.95,153.09,-8.8,17.94,TTB,Banking,285.5900000000004
2022-01-31,83.18,61.28,144.46,21.9,21.2,TTB,Banking,307.49000000000035
2022-02-01,19.93,46.11,66.05,-26.18,17.19,TTB,Banking,281.31000000000034
2022-02-02,50.9,88.88,139.78,-37.98,17.23,TTB,Banking,243.33000000000035
2022-02-03,202.89,545.78,748.67,-342.89,23.63,TTB,Banking,-99.55999999999963
2022-02-04,165.23,104.07,269.3,61.15,14.06,TTB,Banking,-38.409999999999634
2022-02-07,131.78,128.06,259.84,3.72,20.44,TTB,Banking,-34.689999999999635
2022-02-08,56.84,50.08,106.92,6.76,16.4,TTB,Banking,-27.929999999999637
2022-02-09,354.94,369.81,724.75,-14.87,15.07,TTB,Banking,-42.799999999999635
2022-02-10,150.57,159.48,310.06,-8.91,14.72,TTB,Banking,-51.70999999999964
2022-02-11,232.6,359.08,591.67,-126.48,17.72,TTB,Banking,-178.18999999999966
2022-02-14,110.59,144.73,255.32,-34.14,18.87,TTB,Banking,-212.32999999999964
2022-02-15,240.87,220.69,461.56,20.18,17.12,TTB,Banking,-192.14999999999964
2022-02-17,161.05,352.02,513.07,-190.97,12.72,TTB,Banking,-383.11999999999966
2022-02-18,85.55,171.31,256.86,-85.76,15.68,TTB,Banking,-468.87999999999965
2022-02-21,112.86,188.0,300.86,-75.14,13.36,TTB,Banking,-544.0199999999996
2022-02-22,99.22,192.25,291.47,-93.03,16.96,TTB,Banking,-637.0499999999996
2022-02-23,80.79,77.41,158.2,3.38,16.64,TTB,Banking,-633.6699999999996
2022-02-24,66.34,237.2,303.54,-170.86,15.58,TTB,Banking,-804.5299999999996
2022-02-25,72.43,90.88,163.31,-18.45,14.41,TTB,Banking,-822.9799999999997
2022-02-28,122.6,136.12,258.72,-13.53,17.37,TTB,Banking,-836.5099999999996
2022-03-01,51.6,39.11,90.71,12.5,9.77,TTB,Banking,-824.0099999999996
2022-03-02,64.74,101.37,166.11,-36.62,13.93,TTB,Banking,-860.6299999999997
2022-03-03,67.77,95.09,162.86,-27.32,17.63,TTB,Banking,-887.9499999999997
2022-03-04,89.37,142.31,231.68,-52.94,13.02,TTB,Banking,-940.8899999999996
2022-03-07,157.27,181.41,338.68,-24.14,12.94,TTB,Banking,-965.0299999999996
2022-03-08,299.42,237.85,537.27,61.57,17.95,TTB,Banking,-903.4599999999996
2022-03-09,169.11,262.51,431.61,-93.4,21.16,TTB,Banking,-996.8599999999996
2022-03-10,103.26,139.33,242.59,-36.07,17.05,TTB,Banking,-1032.9299999999996
2022-03-11,89.24,106.59,195.83,-17.35,26.73,TTB,Banking,-1050.2799999999995
2022-03-14,152.83,112.9,265.74,39.93,26.86,TTB,Banking,-1010.3499999999996
2022-03-15,56.49,102.69,159.18,-46.2,20.81,TTB,Banking,-1056.5499999999995
2022-03-16,101.98,91.6,193.58,10.37,16.18,TTB,Banking,-1046.1799999999996
2022-03-17,115.15,88.33,203.48,26.81,22.5,TTB,Banking,-1019.3699999999997
2022-03-18,253.07,74.0,327.07,179.06,30.45,TTB,Banking,-840.3099999999997
2022-03-21,110.72,220.47,331.19,-109.76,22.84,TTB,Banking,-950.0699999999997
2022-03-22,65.32,60.42,125.74,4.9,11.05,TTB,Banking,-945.1699999999997
2022-03-23,83.4,59.95,143.35,23.45,19.22,TTB,Banking,-921.7199999999997
2022-03-24,68.53,53.59,122.11,14.94,19.09,TTB,Banking,-906.7799999999996
2022-03-25,40.18,81.05,121.23,-40.88,22.33,TTB,Banking,-947.6599999999996
2022-03-28,54.49,43.33,97.83,11.16,26.98,TTB,Banking,-936.4999999999997
2022-03-29,38.41,36.56,74.97,1.86,24.28,TTB,Banking,-934.6399999999996
2022-03-30,93.06,102.76,195.83,-9.7,23.62,TTB,Banking,-944.3399999999997
2022-03-31,33.93,29.58,63.52,4.35,26.62,TTB,Banking,-939.9899999999997
2022-04-01,122.92,120.98,243.9,1.93,22.89,TTB,Banking,-938.0599999999997
2022-04-04,89.7,85.25,174.95,4.45,20.8,TTB,Banking,-933.6099999999997
2022-04-05,32.97,56.21,89.18,-23.24,16.81,TTB,Banking,-956.8499999999997
2022-04-07,66.98,149.56,216.54,-82.58,19.23,TTB,Banking,-1039.4299999999996
2022-04-08,79.65,102.04,181.69,-22.39,25.58,TTB,Banking,-1061.8199999999997
2022-04-11,24.57,19.39,43.96,5.17,20.83,TTB,Banking,-1056.6499999999996
2022-04-12,6.87,10.33,17.2,-3.47,4.92,TTB,Banking,-1060.1199999999997
2022-04-18,24.44,58.72,83.16,-34.28,15.83,TTB,Banking,-1094.3999999999996
2022-04-19,45.66,183.45,229.11,-137.8,26.18,TTB,Banking,-1232.1999999999996
2022-04-20,111.94,108.35,220.29,3.58,14.11,TTB,Banking,-1228.6199999999997
2022-04-21,21.44,52.58,74.02,-31.14,15.39,TTB,Banking,-1259.7599999999998
2022-04-22,51.88,78.7,130.58,-26.82,18.31,TTB,Banking,-1286.5799999999997
2022-04-25,206.84,175.2,382.05,31.64,18.82,TTB,Banking,-1254.9399999999996
2022-04-26,378.58,141.2,519.78,237.38,22.62,TTB,Banking,-1017.5599999999996
2022-04-27,93.92,88.79,182.71,5.13,25.03,TTB,Banking,-1012.4299999999996
2022-04-28,43.87,23.45,67.32,20.43,23.23,TTB,Banking,-991.9999999999997
2022-04-29,159.44,71.18,230.62,88.26,39.51,TTB,Banking,-903.7399999999997
2022-05-03,100.61,123.76,224.37,-23.15,27.41,TTB,Banking,-926.8899999999996
2022-05-05,98.86,142.81,241.67,-43.95,24.52,TTB,Banking,-970.8399999999997
2022-05-06,40.43,67.32,107.75,-26.88,17.06,TTB,Banking,-997.7199999999997
2022-05-09,79.9,117.3,197.2,-37.4,29.65,TTB,Banking,-1035.1199999999997
2022-05-10,100.97,140.34,241.32,-39.37,25.76,TTB,Banking,-1074.4899999999996
2022-05-11,176.5,173.04,349.54,3.46,26.11,TTB,Banking,-1071.0299999999995
2022-05-12,102.8,99.66,202.46,3.13,26.07,TTB,Banking,-1067.8999999999994
2022-05-13,156.33,202.7,359.04,-46.37,20.41,TTB,Banking,-1114.2699999999993
2022-05-17,97.97,88.34,186.31,9.63,21.42,TTB,Banking,-1104.6399999999992
2022-05-18,88.37,99.91,188.28,-11.54,29.73,TTB,Banking,-1116.1799999999992
2022-05-19,38.86,51.37,90.23,-12.51,28.98,TTB,Banking,-1128.6899999999991
2022-05-20,23.7,19.5,43.2,4.2,20.01,TTB,Banking,-1124.489999999999
2022-05-23,81.07,63.36,144.43,17.71,26.37,TTB,Banking,-1106.779999999999
2022-05-24,46.75,53.83,100.57,-7.08,25.91,TTB,Banking,-1113.859999999999
2022-05-25,54.89,44.7,99.6,10.19,28.61,TTB,Banking,-1103.669999999999
2022-05-26,84.46,55.9,140.36,28.57,34.73,TTB,Banking,-1075.099999999999
2022-05-27,61.16,39.09,100.25,22.07,28.26,TTB,Banking,-1053.029999999999
2022-05-30,29.42,16.04,45.46,13.38,24.05,TTB,Banking,-1039.649999999999
2022-05-31,55.14,49.96,105.09,5.18,24.6,TTB,Banking,-1034.469999999999
2022-06-01,107.86,67.79,175.65,40.07,25.05,TTB,Banking,-994.3999999999988
2022-06-02,70.92,44.99,115.91,25.92,17.52,TTB,Banking,-968.4799999999989
2022-06-06,84.72,57.86,142.58,26.86,22.01,TTB,Banking,-941.6199999999989
2022-06-07,57.01,30.77,87.78,26.25,34.17,TTB,Banking,-915.3699999999989
2022-06-08,46.55,107.17,153.71,-60.62,42.71,TTB,Banking,-975.9899999999989
2022-06-09,252.17,271.43,523.59,-19.26,21.65,TTB,Banking,-995.2499999999989
2022-06-10,119.87,146.95,266.82,-27.08,27.56,TTB,Banking,-1022.3299999999989
2022-06-13,37.64,78.38,116.02,-40.74,25.21,TTB,Banking,-1063.0699999999988
2022-06-14,55.76,56.46,112.21,-0.7,18.97,TTB,Banking,-1063.7699999999988
2022-06-15,99.93,94.79,194.72,5.15,25.53,TTB,Banking,-1058.6199999999988
2022-06-16,175.25,229.11,404.36,-53.86,29.29,TTB,Banking,-1112.4799999999987
2022-06-17,148.85,114.05,262.9,34.8,35.55,TTB,Banking,-1077.6799999999987
2022-06-20,136.99,126.85,263.84,10.14,29.41,TTB,Banking,-1067.5399999999986
2022-06-21,52.08,47.84,99.92,4.24,26.23,TTB,Banking,-1063.2999999999986
2022-06-22,55.46,78.74,134.2,-23.28,27.28,TTB,Banking,-1086.5799999999986
2022-06-23,92.94,98.9,191.84,-5.96,25.97,TTB,Banking,-1092.5399999999986
2022-06-24,44.26,50.09,94.35,-5.84,25.16,TTB,Banking,-1098.3799999999985
2022-06-27,122.04,64.92,186.96,57.12,31.5,TTB,Banking,-1041.2599999999986
2022-06-28,103.87,67.91,171.78,35.96,24.54,TTB,Banking,-1005.2999999999986
2022-06-29,57.12,31.81,88.93,25.3,23.94,TTB,Banking,-979.9999999999986
2022-06-30,66.45,56.85,123.29,9.6,18.17,TTB,Banking,-970.3999999999986
2022-07-01,58.72,98.44,157.16,-39.72,25.46,TTB,Banking,-1010.1199999999986
2022-07-04,13.24,52.07,65.32,-38.83,13.89,TTB,Banking,-1048.9499999999987
2022-07-05,67.94,87.55,155.48,-19.61,22.1,TTB,Banking,-1068.5599999999986
2022-07-06,110.78,65.85,176.63,44.92,19.67,TTB,Banking,-1023.6399999999986
2022-07-07,62.13,28.12,90.25,34.01,15.79,TTB,Banking,-989.6299999999986
2022-07-08,98.33,91.54,189.87,6.8,34.91,TTB,Banking,-982.8299999999987
2022-07-11,110.24,94.69,204.93,15.56,25.03,TTB,Banking,-967.2699999999987
2022-07-12,36.13,24.02,60.15,12.11,15.11,TTB,Banking,-955.1599999999987
2022-07-14,167.88,120.6,288.47,47.28,24.01,TTB,Banking,-907.8799999999987
2022-07-15,117.39,92.66,210.05,24.73,21.26,TTB,Banking,-883.1499999999987
2022-07-18,88.12,59.61,147.73,28.52,24.09,TTB,Banking,-854.6299999999987
2022-07-19,97.74,56.18,153.91,41.56,23.23,TTB,Banking,-813.0699999999988
2022-07-20,43.43,57.82,101.25,-14.38,29.99,TTB,Banking,-827.4499999999988
2022-07-21,99.93,120.42,220.35,-20.49,19.24,TTB,Banking,-847.9399999999988
2022-07-22,158.54,138.72,297.26,19.83,23.0,TTB,Banking,-828.1099999999988
2022-07-25,60.24,31.18,91.43,29.06,18.46,TTB,Banking,-799.0499999999988
2022-07-26,47.49,45.93,93.42,1.56,15.55,TTB,Banking,-797.4899999999989
2022-07-27,64.24,34.37,98.61,29.87,31.72,TTB,Banking,-767.6199999999989
2022-08-01,180.78,85.36,266.14,95.41,23.09,TTB,Banking,-672.2099999999989
2022-08-02,97.72,132.22,229.94,-34.5,35.32,TTB,Banking,-706.7099999999989
2022-08-03,55.58,100.81,156.4,-45.23,30.99,TTB,Banking,-751.9399999999989
2022-08-04,56.07,48.08,104.16,7.99,26.34,TTB,Banking,-743.9499999999989
2022-08-05,90.92,93.39,184.31,-2.47,31.38,TTB,Banking,-746.4199999999989
2022-08-08,139.45,116.89,256.35,22.56,47.27,TTB,Banking,-723.859999999999
2022-08-09,80.78,57.54,138.32,23.25,31.45,TTB,Banking,-700.609999999999
2022-08-10,108.81,89.11,197.92,19.7,35.01,TTB,Banking,-680.909999999999
2022-08-11,155.52,67.32,222.84,88.2,33.26,TTB,Banking,-592.7099999999989
2022-08-15,79.39,79.5,158.89,-0.11,29.46,TTB,Banking,-592.8199999999989
2022-08-16,65.05,90.46,155.51,-25.42,26.02,TTB,Banking,-618.2399999999989
2022-08-17,104.35,71.24,175.59,33.11,20.49,TTB,Banking,-585.1299999999989
2022-08-18,47.44,44.42,91.86,3.02,28.22,TTB,Banking,-582.1099999999989
2022-08-19,30.54,42.45,72.99,-11.91,26.19,TTB,Banking,-594.0199999999988
2022-08-22,54.61,43.19,97.8,11.42,28.13,TTB,Banking,-582.5999999999989
2022-08-23,54.22,36.4,90.61,17.82,32.8,TTB,Banking,-564.7799999999988
2022-08-24,130.05,214.24,344.29,-84.18,19.8,TTB,Banking,-648.9599999999989
2022-08-25,162.63,191.53,354.16,-28.89,22.79,TTB,Banking,-677.8499999999989
2022-08-26,103.17,144.97,248.14,-41.8,26.27,TTB,Banking,-719.6499999999988
2022-08-29,61.26,54.16,115.42,7.11,19.33,TTB,Banking,-712.5399999999988
2022-08-30,49.97,30.02,79.98,19.95,25.04,TTB,Banking,-692.5899999999988
2022-08-31,86.66,114.03,200.69,-27.37,33.14,TTB,Banking,-719.9599999999988
2022-09-01,77.42,36.76,114.18,40.66,19.53,TTB,Banking,-679.2999999999988
2022-09-02,164.2,140.25,304.45,23.95,27.99,TTB,Banking,-655.3499999999988
2022-09-05,27.32,42.58,69.9,-15.26,21.11,TTB,Banking,-670.6099999999988
2022-09-06,58.78,50.83,109.61,7.94,33.17,TTB,Banking,-662.6699999999987
2022-09-07,77.07,76.74,153.81,0.34,34.59,TTB,Banking,-662.3299999999987
2022-09-08,44.35,44.53,88.88,-0.18,32.85,TTB,Banking,-662.5099999999986
2022-09-09,23.82,13.2,37.03,10.62,18.89,TTB,Banking,-651.8899999999986
2022-09-12,49.67,42.07,91.74,7.59,18.78,TTB,Banking,-644.2999999999986
2022-09-13,86.06,92.17,178.23,-6.11,41.44,TTB,Banking,-650.4099999999986
2022-09-14,66.08,37.9,103.98,28.18,22.17,TTB,Banking,-622.2299999999987
2022-09-15,31.72,35.78,67.5,-4.06,26.23,TTB,Banking,-626.2899999999986
2022-09-16,243.75,217.26,461.0,26.49,61.15,TTB,Banking,-599.7999999999986
2022-09-19,16.19,20.84,37.03,-4.64,23.86,TTB,Banking,-604.4399999999986
2022-09-20,44.12,50.44,94.56,-6.32,18.11,TTB,Banking,-610.7599999999986
2022-09-21,66.02,121.33,187.35,-55.31,31.32,TTB,Banking,-666.0699999999986
2022-09-22,59.02,39.13,98.15,19.89,25.42,TTB,Banking,-646.1799999999986
2022-09-23,34.24,48.95,83.19,-14.71,19.91,TTB,Banking,-660.8899999999986
2022-09-26,84.48,93.96,178.44,-9.48,13.42,TTB,Banking,-670.3699999999986
2022-09-27,122.25,67.8,190.05,54.45,16.23,TTB,Banking,-615.9199999999986
2022-09-28,31.07,49.15,80.22,-18.08,22.14,TTB,Banking,-633.9999999999986
2022-09-29,53.8,79.07,132.86,-25.27,22.86,TTB,Banking,-659.2699999999986
2022-09-30,35.93,51.74,87.67,-15.81,21.58,TTB,Banking,-675.0799999999986
2022-10-03,27.56,45.15,72.71,-17.59,14.82,TTB,Banking,-692.6699999999986
2022-10-04,55.37,121.28,176.66,-65.91,35.2,TTB,Banking,-758.5799999999986
2022-10-05,57.15,44.25,101.4,12.9,30.85,TTB,Banking,-745.6799999999986
2022-10-06,114.71,90.3,205.01,24.41,21.8,TTB,Banking,-721.2699999999986
2022-10-07,33.98,43.44,77.42,-9.46,24.95,TTB,Banking,-730.7299999999987
2022-10-10,23.38,20.36,43.74,3.02,14.04,TTB,Banking,-727.7099999999987
2022-10-11,13.31,18.56,31.88,-5.25,9.61,TTB,Banking,-732.9599999999987
2022-10-12,83.29,56.59,139.88,26.71,19.54,TTB,Banking,-706.2499999999986
2022-10-17,44.16,74.58,118.74,-30.43,34.37,TTB,Banking,-736.6799999999986
2022-10-18,74.51,59.28,133.79,15.23,21.31,TTB,Banking,-721.4499999999986
2022-10-19,31.15,26.82,57.97,4.33,17.51,TTB,Banking,-717.1199999999985
2022-10-20,142.06,140.67,282.73,1.4,20.0,TTB,Banking,-715.7199999999985
2022-10-21,160.13,82.74,242.86,77.39,24.77,TTB,Banking,-638.3299999999986
2022-10-25,287.87,181.08,468.95,106.78,20.4,TTB,Banking,-531.5499999999986
2022-10-26,250.03,256.86,506.89,-6.84,13.83,TTB,Banking,-538.3899999999986
2022-10-27,131.6,171.07,302.67,-39.47,16.14,TTB,Banking,-577.8599999999986
2022-10-28,53.6,38.67,92.27,14.92,21.2,TTB,Banking,-562.9399999999987
2022-10-31,96.2,48.02,144.21,48.18,26.08,TTB,Banking,-514.7599999999987
2022-11-01,75.75,103.41,179.16,-27.66,15.65,TTB,Banking,-542.4199999999987
2022-11-02,31.88,72.94,104.82,-41.06,20.05,TTB,Banking,-583.4799999999987
2022-11-03,62.57,99.3,161.88,-36.73,14.56,TTB,Banking,-620.2099999999987
2022-11-04,69.84,93.44,163.29,-23.6,26.89,TTB,Banking,-643.8099999999987
2022-11-07,114.36,55.44,169.8,58.92,31.17,TTB,Banking,-584.8899999999987
2022-11-08,29.74,36.46,66.2,-6.71,26.02,TTB,Banking,-591.5999999999988
2022-11-09,141.28,101.74,243.02,39.54,32.1,TTB,Banking,-552.0599999999988
2022-11-10,59.43,43.84,103.27,15.59,31.97,TTB,Banking,-536.4699999999988
2022-11-11,96.16,73.4,169.56,22.76,26.48,TTB,Banking,-513.7099999999988
2022-11-14,45.21,24.54,69.75,20.67,21.61,TTB,Banking,-493.03999999999877
2022-11-15,168.12,124.28,292.4,43.84,33.49,TTB,Banking,-449.1999999999988
2022-11-16,201.44,95.73,297.17,105.71,38.5,TTB,Banking,-343.4899999999988
2022-11-17,17.48,34.05,51.53,-16.57,17.81,TTB,Banking,-360.0599999999988
2022-11-18,61.61,48.95,110.56,12.66,43.89,TTB,Banking,-347.3999999999988
2022-11-21,16.61,23.25,39.85,-6.64,18.7,TTB,Banking,-354.03999999999877
2022-11-22,71.0,50.78,121.78,20.23,35.68,TTB,Banking,-333.80999999999875
2022-11-23,77.42,30.16,107.58,47.26,23.31,TTB,Banking,-286.54999999999876
2022-11-24,57.01,29.71,86.72,27.31,28.23,TTB,Banking,-259.23999999999876
2022-11-25,54.08,37.17,91.25,16.91,19.17,TTB,Banking,-242.32999999999876
2022-11-28,67.65,49.84,117.49,17.81,21.85,TTB,Banking,-224.51999999999876
2022-11-29,98.57,73.02,171.59,25.54,31.98,TTB,Banking,-198.97999999999877
2022-11-30,41.2,33.53,74.73,7.67,17.85,TTB,Banking,-191.30999999999878
2022-12-01,72.53,48.89,121.42,23.64,24.35,TTB,Banking,-167.66999999999877
2022-12-02,50.16,41.69,91.85,8.47,29.02,TTB,Banking,-159.19999999999877
2022-12-06,44.81,46.27,91.09,-1.46,22.46,TTB,Banking,-160.65999999999877
2022-12-07,41.35,40.29,81.64,1.05,27.44,TTB,Banking,-159.60999999999876
2022-12-08,48.88,51.08,99.96,-2.2,32.73,TTB,Banking,-161.80999999999875
2022-12-09,20.64,18.94,39.58,1.7,22.26,TTB,Banking,-160.10999999999876
2022-12-13,17.35,20.58,37.93,-3.23,24.88,TTB,Banking,-163.33999999999875
2022-12-14,64.65,69.55,134.2,-4.9,31.95,TTB,Banking,-168.23999999999876
2022-12-15,77.08,80.85,157.93,-3.77,38.28,TTB,Banking,-172.00999999999877
2022-12-16,46.4,35.89,82.3,10.51,28.22,TTB,Banking,-161.49999999999878
2022-12-19,37.24,31.65,68.9,5.59,27.22,TTB,Banking,-155.90999999999877
2022-12-20,74.2,32.53,106.73,41.66,22.78,TTB,Banking,-114.24999999999878
2022-12-21,44.32,53.56,97.88,-9.25,26.96,TTB,Banking,-123.49999999999878
2022-12-22,58.5,39.0,97.5,19.5,44.45,TTB,Banking,-103.99999999999878
2022-12-23,33.13,57.02,90.14,-23.89,34.33,TTB,Banking,-127.88999999999878
2022-12-26,43.79,27.32,71.1,16.47,22.46,TTB,Banking,-111.41999999999878
2022-12-27,162.35,74.82,237.17,87.53,30.48,TTB,Banking,-23.88999999999878
2022-12-28,68.39,45.58,113.97,22.81,42.86,TTB,Banking,-1.0799999999987797
2022-12-29,196.19,81.62,277.81,114.57,37.03,TTB,Banking,113.49000000000122
2022-12-30,174.4,143.76,318.16,30.65,17.0,TTB,Banking,144.1400000000012
2023-01-03,90.65,105.61,196.27,-14.96,19.33,TTB,Banking,129.1800000000012
2023-01-04,107.39,95.42,202.81,11.97,21.51,TTB,Banking,141.1500000000012
2023-01-05,303.3,142.88,446.19,160.42,26.28,TTB,Banking,301.5700000000012
2023-01-06,189.54,131.35,320.89,58.19,23.56,TTB,Banking,359.7600000000012
2023-01-09,95.43,50.61,146.04,44.82,18.5,TTB,Banking,404.5800000000012
2023-01-10,190.32,86.22,276.54,104.11,41.59,TTB,Banking,508.6900000000012
2023-01-11,68.14,58.96,127.1,9.18,25.55,TTB,Banking,517.8700000000011
2023-01-12,81.77,108.44,190.21,-26.67,29.69,TTB,Banking,491.2000000000011
2023-01-13,106.24,40.35,146.59,65.89,14.05,TTB,Banking,557.0900000000012
2023-01-16,81.52,39.35,120.87,42.17,30.05,TTB,Banking,599.2600000000011
2023-01-17,69.96,77.24,147.2,-7.27,39.22,TTB,Banking,591.9900000000011
2023-01-18,62.04,83.68,145.72,-21.64,29.6,TTB,Banking,570.3500000000012
2023-01-19,83.03,118.7,201.73,-35.68,29.43,TTB,Banking,534.6700000000012
2023-01-20,100.21,86.34,186.55,13.87,13.08,TTB,Banking,548.5400000000012
2023-01-23,167.52,80.04,247.56,87.48,19.67,TTB,Banking,636.0200000000012
2023-01-24,86.82,35.46,122.27,51.36,30.11,TTB,Banking,687.3800000000012
2023-01-25,76.22,31.04,107.26,45.18,27.49,TTB,Banking,732.5600000000012
2023-01-26,112.01,63.59,175.6,48.41,26.82,TTB,Banking,780.9700000000012
2023-01-27,139.11,105.61,244.72,33.51,23.79,TTB,Banking,814.4800000000012
2023-01-30,153.02,97.56,250.58,55.46,19.17,TTB,Banking,869.9400000000012
2023-01-31,118.07,71.47,189.54,46.6,26.09,TTB,Banking,916.5400000000012
2023-02-01,85.03,93.51,178.54,-8.48,22.95,TTB,Banking,908.0600000000012
2023-02-02,44.43,40.47,84.9,3.96,27.55,TTB,Banking,912.0200000000012
2023-02-03,43.91,37.6,81.51,6.31,17.12,TTB,Banking,918.3300000000012
2023-02-06,4.53,10.3,14.83,-5.77,12.84,TTB,Banking,912.5600000000012
2023-02-07,48.97,43.69,92.66,5.28,16.74,TTB,Banking,917.8400000000012
2023-02-08,45.08,16.65,61.73,28.42,12.42,TTB,Banking,946.2600000000011
2023-02-09,37.37,71.69,109.06,-34.31,15.42,TTB,Banking,911.9500000000012
2023-02-10,63.19,61.76,124.95,1.44,17.78,TTB,Banking,913.3900000000012
2023-02-13,59.13,25.18,84.31,33.95,19.49,TTB,Banking,947.3400000000013
2023-02-14,68.85,68.73,137.58,0.11,26.36,TTB,Banking,947.4500000000013
2023-02-15,21.53,27.47,49.0,-5.94,10.0,TTB,Banking,941.5100000000012
2023-02-16,10.42,42.16,52.58,-31.74,24.11,TTB,Banking,909.7700000000012
2023-02-17,66.73,65.16,131.88,1.57,15.64,TTB,Banking,911.3400000000013
2023-02-20,76.5,62.62,139.12,13.88,23.24,TTB,Banking,925.2200000000013
2023-02-21,45.04,22.43,67.47,22.6,22.64,TTB,Banking,947.8200000000013
2023-02-22,33.33,65.27,98.6,-31.94,27.61,TTB,Banking,915.8800000000012
2023-02-23,43.78,69.9,113.68,-26.13,22.19,TTB,Banking,889.7500000000013
2023-02-24,100.89,34.03,134.92,66.86,26.56,TTB,Banking,956.6100000000013
2023-02-27,59.15,48.64,107.79,10.51,23.96,TTB,Banking,967.1200000000013
2023-02-28,55.98,32.29,88.27,23.69,22.34,TTB,Banking,990.8100000000013
2023-03-01,32.09,39.49,71.59,-7.4,17.77,TTB,Banking,983.4100000000013
2023-03-02,70.13,49.25,119.38,20.87,12.71,TTB,Banking,1004.2800000000013
2023-03-03,55.48,25.66,81.14,29.82,11.28,TTB,Banking,1034.1000000000013
2023-03-07,54.48,15.89,70.37,38.59,18.91,TTB,Banking,1072.6900000000012
2023-03-08,84.66,100.99,185.65,-16.32,26.12,TTB,Banking,1056.3700000000013
2023-03-09,114.67,88.79,203.46,25.88,32.8,TTB,Banking,1082.2500000000014
2023-03-10,65.9,71.51,137.41,-5.61,31.92,TTB,Banking,1076.6400000000015
2023-03-13,200.06,107.31,307.37,92.74,30.0,TTB,Banking,1169.3800000000015
2023-03-14,178.12,151.6,329.72,26.51,15.9,TTB,Banking,1195.8900000000015
2023-03-15,136.46,162.14,298.6,-25.68,23.48,TTB,Banking,1170.2100000000014
2023-03-16,92.89,108.77,201.66,-15.88,19.48,TTB,Banking,1154.3300000000013
2023-03-17,127.3,115.58,242.88,11.72,23.87,TTB,Banking,1166.0500000000013
2023-03-20,55.34,119.59,174.93,-64.25,22.96,TTB,Banking,1101.8000000000013
2023-03-21,73.11,95.26,168.37,-22.16,19.55,TTB,Banking,1079.6400000000012
2023-03-22,40.62,163.64,204.26,-123.01,16.72,TTB,Banking,956.6300000000012
2023-03-23,70.99,79.68,150.66,-8.69,27.58,TTB,Banking,947.9400000000012
2023-03-24,91.93,91.12,183.05,0.81,41.84,TTB,Banking,948.7500000000011
2023-03-27,64.68,79.09,143.77,-14.41,25.38,TTB,Banking,934.3400000000012
2023-03-28,148.39,231.47,379.85,-83.08,18.46,TTB,Banking,851.2600000000011
2023-03-29,163.47,121.06,284.53,42.41,27.62,TTB,Banking,893.6700000000011
2023-03-30,111.3,145.55,256.85,-34.24,33.31,TTB,Banking,859.4300000000011
2023-03-31,29.48,53.91,83.39,-24.43,19.72,TTB,Banking,835.0000000000011
2023-04-03,53.63,44.21,97.84,9.43,36.4,TTB,Banking,844.4300000000011
2023-04-04,151.26,92.56,243.82,58.7,36.94,TTB,Banking,903.1300000000011
2023-04-05,86.08,113.52,199.59,-27.44,39.27,TTB,Banking,875.6900000000011
2023-04-07,92.97,94.28,187.26,-1.31,24.24,TTB,Banking,874.3800000000011
2023-04-10,34.58,81.61,116.18,-47.03,38.66,TTB,Banking,827.3500000000012
2023-04-11,34.92,140.5,175.41,-105.58,19.34,TTB,Banking,721.7700000000011
2023-04-12,160.08,185.79,345.87,-25.71,39.41,TTB,Banking,696.0600000000011
2023-04-17,109.69,106.8,216.5,2.89,35.28,TTB,Banking,698.9500000000011
2023-04-18,71.86,104.46,176.31,-32.6,26.78,TTB,Banking,666.350000000001
2023-04-19,73.23,65.71,138.94,7.52,31.72,TTB,Banking,673.870000000001
2023-04-20,184.22,212.55,396.77,-28.33,23.51,TTB,Banking,645.540000000001
2023-04-21,367.86,89.85,457.72,278.01,14.74,TTB,Banking,923.550000000001
2023-04-24,83.95,113.72,197.67,-29.76,13.48,TTB,Banking,893.790000000001
2023-04-25,183.48,129.61,313.09,53.87,20.2,TTB,Banking,947.660000000001
2023-04-26,125.41,154.26,279.68,-28.85,15.42,TTB,Banking,918.810000000001
2023-04-27,48.56,70.87,119.44,-22.31,25.2,TTB,Banking,896.500000000001
2023-04-28,54.48,46.1,100.57,8.38,27.2,TTB,Banking,904.880000000001
2023-05-02,63.07,70.2,133.27,-7.13,17.77,TTB,Banking,897.750000000001
2023-05-03,111.12,75.37,186.5,35.75,10.8,TTB,Banking,933.500000000001
2023-05-08,76.09,136.23,212.32,-60.14,14.2,TTB,Banking,873.360000000001
2023-05-09,107.58,144.87,252.45,-37.29,19.88,TTB,Banking,836.0700000000011
2023-05-10,59.03,32.54,91.56,26.49,14.11,TTB,Banking,862.5600000000011
2023-05-11,126.45,87.37,213.82,39.08,23.71,TTB,Banking,901.6400000000011
2023-05-12,99.55,93.34,192.89,6.21,21.55,TTB,Banking,907.8500000000012
2023-05-15,141.48,52.53,194.01,88.95,14.97,TTB,Banking,996.8000000000012
2023-05-16,130.99,76.76,207.75,54.23,17.13,TTB,Banking,1051.030000000001
2023-05-17,192.43,94.65,287.09,97.78,21.49,TTB,Banking,1148.810000000001
2023-05-18,127.78,58.03,185.81,69.75,19.42,TTB,Banking,1218.560000000001
2023-05-19,214.13,68.16,282.29,145.98,17.04,TTB,Banking,1364.540000000001
2023-05-22,102.67,113.36,216.04,-10.69,15.93,TTB,Banking,1353.850000000001
2023-05-23,367.35,155.47,522.83,211.88,19.24,TTB,Banking,1565.730000000001
2023-05-24,105.71,94.94,200.65,10.76,16.3,TTB,Banking,1576.490000000001
2023-05-25,301.3,142.26,443.56,159.03,21.06,TTB,Banking,1735.520000000001
2023-05-26,134.36,170.71,305.06,-36.35,31.74,TTB,Banking,1699.170000000001
2023-05-29,89.07,70.25,159.33,18.82,23.59,TTB,Banking,1717.990000000001
2023-05-30,160.54,94.45,254.99,66.09,17.94,TTB,Banking,1784.0800000000008
2023-05-31,112.82,89.06,201.89,23.76,13.22,TTB,Banking,1807.8400000000008
2023-06-01,263.17,168.91,432.08,94.26,23.28,TTB,Banking,1902.1000000000008
2023-06-02,216.47,219.69,436.15,-3.22,17.75,TTB,Banking,1898.8800000000008
2023-06-06,244.49,214.81,459.3,29.68,21.62,TTB,Banking,1928.5600000000009
2023-06-07,187.52,151.32,338.83,36.2,20.69,TTB,Banking,1964.760000000001
2023-06-08,228.1,186.99,415.1,41.11,31.56,TTB,Banking,2005.8700000000008
2023-06-09,237.85,94.11,331.96,143.74,24.66,TTB,Banking,2149.6100000000006
2023-06-12,336.13,148.49,484.62,187.64,21.17,TTB,Banking,2337.2500000000005
2023-06-13,145.75,64.86,210.6,80.89,28.72,TTB,Banking,2418.1400000000003
2023-06-14,173.45,136.02,309.47,37.43,26.38,TTB,Banking,2455.57
2023-06-15,120.85,115.32,236.17,5.53,32.32,TTB,Banking,2461.1000000000004
2023-06-16,218.06,224.43,442.49,-6.37,38.48,TTB,Banking,2454.7300000000005
2023-06-19,104.72,58.2,162.92,46.53,18.57,TTB,Banking,2501.2600000000007
2023-06-20,355.65,165.48,521.13,190.17,17.85,TTB,Banking,2691.4300000000007
2023-06-21,297.56,100.21,397.78,197.35,24.71,TTB,Banking,2888.7800000000007
2023-06-22,125.74,42.48,168.22,83.26,17.72,TTB,Banking,2972.040000000001
2023-06-23,148.43,69.52,217.95,78.91,17.66,TTB,Banking,3050.9500000000007
2023-06-26,202.75,125.3,328.05,77.46,14.54,TTB,Banking,3128.4100000000008
2023-06-27,57.32,193.12,250.44,-135.8,19.65,TTB,Banking,2992.6100000000006
2023-06-28,315.0,261.81,576.81,53.19,20.94,TTB,Banking,3045.8000000000006
2023-06-29,609.64,173.41,783.05,436.23,19.49,TTB,Banking,3482.0300000000007
2023-06-30,240.51,188.23,428.74,52.28,20.85,TTB,Banking,3534.310000000001
2023-07-03,46.83,92.33,139.16,-45.51,19.82,TTB,Banking,3488.8000000000006
2023-07-04,129.37,106.38,235.74,22.99,17.08,TTB,Banking,3511.7900000000004
2023-07-05,178.3,236.44,414.74,-58.14,28.43,TTB,Banking,3453.6500000000005
2023-07-06,112.03,96.47,208.5,15.57,24.16,TTB,Banking,3469.2200000000007
2023-07-07,38.6,67.6,106.2,-29.0,18.2,TTB,Banking,3440.2200000000007
2023-07-10,93.37,167.56,260.93,-74.19,24.12,TTB,Banking,3366.0300000000007
2023-07-11,118.11,79.31,197.42,38.81,27.95,TTB,Banking,3404.8400000000006
2023-07-12,88.48,64.24,152.72,24.23,15.36,TTB,Banking,3429.0700000000006
2023-07-13,115.93,112.25,228.18,3.68,25.28,TTB,Banking,3432.7500000000005
2023-07-14,168.62,189.98,358.61,-21.36,21.6,TTB,Banking,3411.3900000000003
2023-07-17,126.58,136.72,263.3,-10.15,18.57,TTB,Banking,3401.2400000000002
2023-07-18,243.09,140.46,383.55,102.64,28.55,TTB,Banking,3503.88
2023-07-19,296.03,223.92,519.95,72.11,23.91,TTB,Banking,3575.9900000000002
2023-07-20,235.37,103.78,339.15,131.59,23.29,TTB,Banking,3707.5800000000004
2023-07-21,331.53,179.07,510.6,152.46,27.64,TTB,Banking,3860.0400000000004
2023-07-24,251.62,104.36,355.98,147.26,28.88,TTB,Banking,4007.3
2023-07-25,174.87,78.18,253.05,96.7,26.58,TTB,Banking,4104.0
2023-07-26,154.08,53.77,207.84,100.31,27.28,TTB,Banking,4204.31
2023-07-27,255.28,203.49,458.78,51.79,27.82,TTB,Banking,4256.1
2023-07-31,466.88,272.43,739.31,194.44,46.17,TTB,Banking,4450.54
2023-08-02,178.76,189.14,367.9,-10.38,26.11,TTB,Banking,4440.16
2023-08-03,162.93,187.08,350.01,-24.15,20.6,TTB,Banking,4416.01
2023-08-04,243.63,139.19,382.83,104.44,35.09,TTB,Banking,4520.45
2023-08-07,194.29,88.0,282.29,106.29,32.4,TTB,Banking,4626.74
2023-08-08,167.97,129.73,297.7,38.24,31.51,TTB,Banking,4664.98
2023-08-09,124.97,113.37,238.34,11.6,24.55,TTB,Banking,4676.58
2023-08-10,155.7,74.87,230.57,80.83,23.71,TTB,Banking,4757.41
2023-08-11,319.52,301.9,621.43,17.62,23.79,TTB,Banking,4775.03
2023-08-15,275.07,257.03,532.1,18.04,35.72,TTB,Banking,4793.07
2023-08-16,203.0,116.71,319.71,86.3,21.51,TTB,Banking,4879.37
2023-08-17,206.01,153.7,359.71,52.3,33.58,TTB,Banking,4931.67
2023-08-18,180.38,224.13,404.51,-43.75,26.96,TTB,Banking,4887.92
2023-08-21,89.97,77.44,167.41,12.53,27.74,TTB,Banking,4900.45
2023-08-22,292.27,251.99,544.26,40.28,25.8,TTB,Banking,4940.73
2023-08-23,208.27,179.07,387.34,29.2,28.56,TTB,Banking,4969.929999999999
2023-08-24,397.99,441.46,839.45,-43.47,19.24,TTB,Banking,4926.459999999999
2023-08-25,713.48,202.7,916.17,510.78,27.1,TTB,Banking,5437.239999999999
2023-08-28,294.02,150.66,444.68,143.37,39.13,TTB,Banking,5580.609999999999
2023-08-29,298.47,142.65,441.13,155.82,37.62,TTB,Banking,5736.4299999999985
2023-08-30,419.08,187.7,606.77,231.38,29.97,TTB,Banking,5967.809999999999
2023-08-31,3047.88,3462.8,6510.68,-414.92,63.94,TTB,Banking,5552.8899999999985
2023-09-01,247.8,262.75,510.54,-14.95,28.14,TTB,Banking,5537.939999999999
2023-09-04,93.03,176.28,269.32,-83.25,17.48,TTB,Banking,5454.689999999999
2023-09-05,224.05,176.99,401.04,47.05,25.46,TTB,Banking,5501.739999999999
2023-09-06,270.44,187.61,458.05,82.83,23.94,TTB,Banking,5584.569999999999
2023-09-07,128.51,175.1,303.6,-46.59,31.78,TTB,Banking,5537.979999999999
2023-09-08,170.06,213.61,383.67,-43.55,40.94,TTB,Banking,5494.4299999999985
2023-09-11,21.01,36.88,57.89,-15.88,23.04,TTB,Banking,5478.549999999998
2023-09-12,55.95,39.09,95.03,16.86,24.7,TTB,Banking,5495.409999999998
2023-09-13,73.33,58.44,131.77,14.89,28.66,TTB,Banking,5510.299999999998
2023-09-14,84.8,52.6,137.4,32.21,32.87,TTB,Banking,5542.509999999998
2023-09-15,183.02,183.04,366.06,-0.02,46.5,TTB,Banking,5542.489999999998
2023-09-18,71.79,70.85,142.64,0.95,42.71,TTB,Banking,5543.439999999998
2023-09-19,174.82,147.41,322.23,27.4,53.55,TTB,Banking,5570.839999999997
2023-09-20,94.49,98.13,192.62,-3.64,29.47,TTB,Banking,5567.199999999997
2023-09-21,29.11,75.92,105.02,-46.81,24.41,TTB,Banking,5520.389999999997
2023-09-22,124.92,133.11,258.02,-8.19,29.3,TTB,Banking,5512.199999999997
2023-09-25,95.4,91.11,186.51,4.3,28.15,TTB,Banking,5516.499999999997
2023-09-26,136.8,73.72,210.52,63.08,31.22,TTB,Banking,5579.579999999997
2023-09-27,182.89,109.71,292.6,73.18,24.59,TTB,Banking,5652.7599999999975
2023-09-28,104.24,195.15,299.39,-90.91,28.28,TTB,Banking,5561.849999999998
2023-09-29,131.9,76.94,208.84,54.96,38.65,TTB,Banking,5616.809999999998
2023-10-02,36.7,67.2,103.9,-30.5,14.7,TTB,Banking,5586.309999999998
2023-10-03,187.45,232.29,419.75,-44.84,21.2,TTB,Banking,5541.4699999999975
2023-10-04,84.63,103.21,187.84,-18.58,17.09,TTB,Banking,5522.889999999998
2023-10-05,78.39,94.2,172.59,-15.81,38.22,TTB,Banking,5507.079999999997
2023-10-06,79.0,116.19,195.19,-37.2,32.37,TTB,Banking,5469.879999999997
2023-10-09,61.09,80.18,141.27,-19.09,23.8,TTB,Banking,5450.789999999997
2023-10-10,33.66,76.06,109.72,-42.4,20.87,TTB,Banking,5408.389999999998
2023-10-11,104.27,94.04,198.31,10.23,30.38,TTB,Banking,5418.619999999997
2023-10-12,174.51,38.37,212.88,136.15,22.28,TTB,Banking,5554.769999999997
2023-10-16,52.82,68.53,121.35,-15.71,16.44,TTB,Banking,5539.059999999997
2023-10-17,157.27,97.39,254.66,59.89,27.87,TTB,Banking,5598.949999999997
2023-10-18,197.69,141.58,339.27,56.11,40.72,TTB,Banking,5655.059999999997
2023-10-19,97.64,83.0,180.64,14.64,20.02,TTB,Banking,5669.699999999997
2023-10-20,116.14,243.67,359.8,-127.53,23.58,TTB,Banking,5542.169999999997
2023-10-24,90.1,129.7,219.8,-39.6,18.62,TTB,Banking,5502.569999999997
2023-10-25,66.07,64.6,130.67,1.47,14.16,TTB,Banking,5504.039999999997
2023-10-26,100.22,157.95,258.17,-57.73,27.37,TTB,Banking,5446.309999999998
2023-10-27,72.64,152.5,225.15,-79.86,27.59,TTB,Banking,5366.449999999998
2023-10-30,21.8,49.79,71.6,-27.99,15.02,TTB,Banking,5338.459999999998
2023-10-31,61.1,134.61,195.7,-73.51,43.82,TTB,Banking,5264.949999999998
2023-11-01,98.47,90.16,188.63,8.31,19.63,TTB,Banking,5273.259999999998
2023-11-02,100.67,63.92,164.59,36.75,16.18,TTB,Banking,5310.009999999998
2023-11-03,76.18,58.29,134.47,17.89,19.4,TTB,Banking,5327.899999999999
2023-11-06,77.46,107.56,185.02,-30.1,38.08,TTB,Banking,5297.799999999998
2023-11-07,90.39,128.46,218.85,-38.07,20.14,TTB,Banking,5259.729999999999
2023-11-08,39.12,47.24,86.36,-8.13,18.63,TTB,Banking,5251.5999999999985
2023-11-09,30.45,65.23,95.68,-34.78,15.87,TTB,Banking,5216.819999999999
2023-11-10,58.9,51.16,110.06,7.75,23.38,TTB,Banking,5224.569999999999
2023-11-13,30.47,24.69,55.16,5.78,22.01,TTB,Banking,5230.3499999999985
2023-11-14,42.12,19.7,61.81,22.42,20.72,TTB,Banking,5252.769999999999
2023-11-15,169.8,156.55,326.35,13.25,31.9,TTB,Banking,5266.019999999999
2023-11-16,63.08,269.7,332.79,-206.62,25.26,TTB,Banking,5059.399999999999
2023-11-17,119.42,136.91,256.33,-17.49,20.29,TTB,Banking,5041.909999999999
2023-11-20,121.01,69.8,190.81,51.2,23.62,TTB,Banking,5093.109999999999
2023-11-21,150.21,84.25,234.47,65.96,27.78,TTB,Banking,5159.069999999999
2023-11-22,193.41,67.53,260.94,125.87,19.29,TTB,Banking,5284.939999999999
2023-11-23,96.56,22.84,119.39,73.72,22.66,TTB,Banking,5358.659999999999
2023-11-24,56.02,33.11,89.13,22.91,36.72,TTB,Banking,5381.569999999999
2023-11-27,136.62,85.77,222.38,50.85,30.84,TTB,Banking,5432.419999999999
2023-11-28,95.41,121.56,216.97,-26.15,34.79,TTB,Banking,5406.2699999999995
2023-11-29,81.11,83.72,164.83,-2.61,23.97,TTB,Banking,5403.66
2023-11-30,194.57,187.27,381.85,7.3,34.86,TTB,Banking,5410.96
2023-12-01,84.69,31.39,116.08,53.3,31.11,TTB,Banking,5464.26
2023-12-04,54.22,42.99,97.21,11.23,20.63,TTB,Banking,5475.49
2023-12-06,154.92,74.16,229.08,80.76,37.53,TTB,Banking,5556.25
2023-12-07,24.16,40.48,64.64,-16.32,20.26,TTB,Banking,5539.93
2023-12-08,60.11,56.95,117.06,3.16,46.43,TTB,Banking,5543.09
2023-12-12,40.73,53.78,94.51,-13.05,38.74,TTB,Banking,5530.04
2023-12-13,21.42,14.43,35.85,6.99,20.84,TTB,Banking,5537.03
2023-12-14,32.84,43.01,75.85,-10.16,24.19,TTB,Banking,5526.87
2023-12-15,177.8,60.41,238.21,117.38,37.56,TTB,Banking,5644.25
2023-12-18,36.34,33.61,69.95,2.73,30.44,TTB,Banking,5646.98
2023-12-19,34.64,19.13,53.77,15.51,34.56,TTB,Banking,5662.49
2023-12-20,73.78,70.5,144.28,3.29,32.64,TTB,Banking,5665.78
2023-12-21,88.08,130.89,218.97,-42.8,25.74,TTB,Banking,5622.98
2023-12-22,43.84,40.38,84.22,3.46,36.29,TTB,Banking,5626.44
2023-12-25,10.8,12.73,23.52,-1.93,16.99,TTB,Banking,5624.509999999999
2023-12-26,48.91,40.13,89.04,8.79,32.77,TTB,Banking,5633.299999999999
2023-12-27,68.24,81.66,149.9,-13.42,44.49,TTB,Banking,5619.879999999999
2023-12-28,208.81,110.08,318.89,98.73,22.72,TTB,Banking,5718.609999999999
2024-01-02,70.57,90.52,161.09,-19.96,26.77,TTB,Banking,5698.649999999999
2024-01-03,59.62,88.05,147.67,-28.43,23.9,TTB,Banking,5670.219999999998
2024-01-04,79.11,101.12,180.23,-22.01,26.73,TTB,Banking,5648.209999999998
2024-01-05,77.45,52.11,129.56,25.34,28.23,TTB,Banking,5673.549999999998
2024-01-08,161.99,51.02,213.01,110.97,24.41,TTB,Banking,5784.519999999999
2024-01-09,83.33,62.11,145.45,21.22,36.92,TTB,Banking,5805.739999999999
2024-01-10,136.81,247.61,384.41,-110.8,25.82,TTB,Banking,5694.939999999999
2024-01-11,38.69,40.64,79.33,-1.95,26.97,TTB,Banking,5692.989999999999
2024-01-12,31.68,46.12,77.79,-14.44,20.59,TTB,Banking,5678.549999999999
2024-01-15,42.29,30.12,72.4,12.17,24.79,TTB,Banking,5690.719999999999
2024-01-16,42.43,57.9,100.33,-15.47,30.45,TTB,Banking,5675.249999999999
2024-01-17,97.76,115.81,213.56,-18.05,36.45,TTB,Banking,5657.199999999999
2024-01-18,101.42,197.39,298.81,-95.96,34.26,TTB,Banking,5561.239999999999
2024-01-19,392.41,240.81,633.22,151.61,21.04,TTB,Banking,5712.8499999999985
2024-01-22,866.81,350.14,1216.94,516.67,19.02,TTB,Banking,6229.519999999999
2024-01-23,483.11,186.57,669.68,296.55,27.05,TTB,Banking,6526.069999999999
2024-01-24,178.04,127.95,305.98,50.09,22.24,TTB,Banking,6576.159999999999
2024-01-25,120.72,142.41,263.13,-21.69,22.79,TTB,Banking,6554.469999999999
2024-01-26,140.99,130.68,271.67,10.32,33.68,TTB,Banking,6564.789999999999
2024-01-29,143.81,112.33,256.13,31.48,32.75,TTB,Banking,6596.269999999999
2024-01-30,58.99,94.97,153.96,-35.97,31.95,TTB,Banking,6560.299999999998
2024-01-31,203.33,152.03,355.36,51.3,30.32,TTB,Banking,6611.5999999999985
2024-02-01,92.88,136.7,229.58,-43.82,28.72,TTB,Banking,6567.779999999999
2024-02-02,214.74,136.33,351.07,78.41,30.42,TTB,Banking,6646.189999999999
2024-02-05,392.06,158.98,551.04,233.08,24.68,TTB,Banking,6879.269999999999
2024-02-06,186.69,165.93,352.61,20.76,38.01,TTB,Banking,6900.029999999999
2024-02-07,71.01,56.35,127.35,14.66,18.93,TTB,Banking,6914.689999999999
2024-02-08,75.58,96.29,171.87,-20.71,29.56,TTB,Banking,6893.979999999999
2024-02-09,32.07,89.81,121.89,-57.74,29.97,TTB,Banking,6836.239999999999
2024-02-12,65.14,102.93,168.07,-37.79,22.69,TTB,Banking,6798.449999999999
2024-02-13,199.01,220.91,419.91,-21.9,44.58,TTB,Banking,6776.549999999999
2024-02-14,95.39,87.27,182.66,8.13,26.23,TTB,Banking,6784.679999999999
2024-02-15,107.01,136.42,243.43,-29.41,24.9,TTB,Banking,6755.2699999999995
2024-02-16,110.32,129.87,240.19,-19.55,23.26,TTB,Banking,6735.719999999999
2024-02-19,67.95,71.78,139.73,-3.84,25.2,TTB,Banking,6731.879999999999
2024-02-20,59.64,29.64,89.28,30.0,24.61,TTB,Banking,6761.879999999999
2024-02-21,202.75,149.34,352.09,53.41,25.2,TTB,Banking,6815.289999999999
2024-02-22,180.6,120.28,300.89,60.32,36.19,TTB,Banking,6875.609999999999
2024-02-23,28.43,91.9,120.34,-63.47,23.39,TTB,Banking,6812.1399999999985
2024-02-27,79.78,87.13,166.91,-7.34,40.68,TTB,Banking,6804.799999999998
2024-02-28,37.8,46.93,84.73,-9.13,28.58,TTB,Banking,6795.669999999998
2024-02-29,123.71,123.54,247.25,0.17,32.72,TTB,Banking,6795.839999999998
2024-03-01,80.04,36.44,116.48,43.59,33.83,TTB,Banking,6839.4299999999985
2024-03-04,36.86,30.04,66.9,6.81,24.99,TTB,Banking,6846.239999999999
2024-03-05,36.83,71.84,108.67,-35.01,29.84,TTB,Banking,6811.229999999999
2024-03-06,18.7,39.97,58.67,-21.27,17.83,TTB,Banking,6789.959999999998
2024-03-07,34.06,29.39,63.45,4.67,20.45,TTB,Banking,6794.629999999998
2024-03-08,41.21,37.6,78.81,3.61,33.46,TTB,Banking,6798.239999999998
2024-03-11,110.19,97.73,207.92,12.46,42.59,TTB,Banking,6810.699999999998
2024-03-12,87.35,114.48,201.83,-27.14,32.65,TTB,Banking,6783.559999999998
2024-03-13,42.18,44.9,87.08,-2.72,31.84,TTB,Banking,6780.839999999997
2024-03-14,38.02,56.22,94.24,-18.2,41.57,TTB,Banking,6762.639999999998
2024-03-15,270.88,230.51,501.39,40.37,47.52,TTB,Banking,6803.0099999999975
2024-03-18,56.9,45.95,102.84,10.95,21.76,TTB,Banking,6813.959999999997
2024-03-19,38.08,24.21,62.29,13.88,29.38,TTB,Banking,6827.839999999997
2024-03-20,38.63,32.77,71.4,5.86,38.02,TTB,Banking,6833.699999999997
2024-03-21,75.68,25.99,101.67,49.68,39.98,TTB,Banking,6883.379999999997
2024-03-22,82.54,103.44,185.98,-20.9,41.55,TTB,Banking,6862.479999999998
2024-03-25,53.65,82.12,135.77,-28.47,24.96,TTB,Banking,6834.0099999999975
2024-03-26,51.2,44.9,96.1,6.3,18.29,TTB,Banking,6840.309999999998
2024-03-27,63.89,60.52,124.41,3.37,33.97,TTB,Banking,6843.679999999998
2024-03-28,51.53,111.99,163.52,-60.45,21.44,TTB,Banking,6783.229999999998
2024-03-29,33.75,20.82,54.57,12.93,30.09,TTB,Banking,6796.159999999998
2024-04-01,50.77,105.97,156.75,-55.2,33.59,TTB,Banking,6740.959999999998
2024-04-02,155.75,323.81,479.56,-168.05,37.5,TTB,Banking,6572.909999999998
2024-04-03,93.2,115.69,208.9,-22.49,18.19,TTB,Banking,6550.419999999998
2024-04-04,62.8,37.24,100.04,25.56,25.43,TTB,Banking,6575.979999999999
2024-04-05,52.84,47.66,100.5,5.18,23.52,TTB,Banking,6581.159999999999
2024-04-09,97.37,93.75,191.11,3.62,24.95,TTB,Banking,6584.779999999999
2024-04-10,136.72,128.64,265.36,8.07,40.87,TTB,Banking,6592.8499999999985
2024-04-11,116.47,69.33,185.79,47.14,26.77,TTB,Banking,6639.989999999999
2024-04-17,86.24,196.0,282.24,-109.77,35.43,TTB,Banking,6530.219999999998
2024-04-18,83.06,128.71,211.77,-45.65,25.13,TTB,Banking,6484.569999999999
2024-04-19,150.7,109.3,260.0,41.41,20.72,TTB,Banking,6525.979999999999
2024-04-22,80.72,75.06,155.78,5.66,28.46,TTB,Banking,6531.6399999999985
2024-04-23,352.63,211.39,564.02,141.24,45.64,TTB,Banking,6672.879999999998
2024-04-24,212.44,296.06,508.5,-83.62,29.21,TTB,Banking,6589.259999999998
2024-04-25,47.28,139.07,186.35,-91.79,24.41,TTB,Banking,6497.469999999998
2024-04-26,32.93,49.53,82.46,-16.6,19.16,TTB,Banking,6480.869999999998
2024-04-29,172.49,77.75,250.25,94.74,30.69,TTB,Banking,6575.609999999998
2024-04-30,68.05,31.25,99.31,36.8,17.81,TTB,Banking,6612.409999999998
2024-05-02,79.47,220.08,299.55,-140.62,26.14,TTB,Banking,6471.789999999998
2024-05-03,118.96,193.11,312.07,-74.15,22.17,TTB,Banking,6397.6399999999985
2024-05-07,105.46,206.49,311.95,-101.03,22.81,TTB,Banking,6296.609999999999
2024-05-08,109.52,100.21,209.73,9.32,29.27,TTB,Banking,6305.9299999999985
2024-05-09,98.76,84.15,182.91,14.61,20.98,TTB,Banking,6320.539999999998
2024-05-10,27.57,54.81,82.38,-27.24,21.72,TTB,Banking,6293.299999999998
2024-05-13,85.52,92.12,177.65,-6.6,28.06,TTB,Banking,6286.699999999998
2024-05-14,9.04,37.2,46.24,-28.16,13.42,TTB,Banking,6258.539999999998
2024-05-15,30.88,129.27,160.15,-98.38,27.08,TTB,Banking,6160.159999999998
2024-05-16,73.35,44.97,118.32,28.38,16.38,TTB,Banking,6188.539999999998
2024-05-17,17.29,49.33,66.61,-32.04,20.57,TTB,Banking,6156.499999999998
2024-05-20,52.32,58.38,110.7,-6.06,22.72,TTB,Banking,6150.439999999998
2024-05-21,90.04,27.36,117.39,62.68,20.57,TTB,Banking,6213.119999999998
2024-05-23,81.21,77.01,158.22,4.2,25.26,TTB,Banking,6217.319999999998
2024-05-24,161.83,306.21,468.05,-144.38,27.89,TTB,Banking,6072.939999999998
2024-05-27,45.74,54.46,100.2,-8.72,12.31,TTB,Banking,6064.2199999999975
2024-05-28,120.03,167.17,287.2,-47.14,34.09,TTB,Banking,6017.079999999997
2024-05-29,41.59,130.72,172.31,-89.13,29.42,TTB,Banking,5927.949999999997
2024-05-30,86.09,156.79,242.88,-70.7,30.45,TTB,Banking,5857.249999999997
2024-05-31,104.35,174.55,278.9,-70.21,37.7,TTB,Banking,5787.039999999997
2024-06-04,108.36,190.44,298.8,-82.08,23.23,TTB,Banking,5704.959999999997
2024-06-05,144.99,163.18,308.17,-18.2,21.29,TTB,Banking,5686.7599999999975
2024-06-06,114.1,40.69,154.78,73.41,25.01,TTB,Banking,5760.169999999997
2024-06-07,118.91,144.72,263.63,-25.81,25.32,TTB,Banking,5734.359999999997
2024-06-10,13.66,106.77,120.43,-93.11,27.57,TTB,Banking,5641.249999999997
2024-06-11,20.05,83.72,103.78,-63.67,30.1,TTB,Banking,5577.579999999997
2024-06-12,120.81,114.81,235.62,5.99,26.84,TTB,Banking,5583.569999999997
2024-06-13,140.77,91.37,232.14,49.4,31.76,TTB,Banking,5632.969999999997
2024-06-14,57.31,36.03,93.34,21.28,27.22,TTB,Banking,5654.249999999996
2024-06-17,63.98,188.52,252.5,-124.53,28.61,TTB,Banking,5529.719999999997
2024-06-18,67.03,100.29,167.32,-33.26,24.85,TTB,Banking,5496.459999999996
2024-06-19,176.67,332.43,509.11,-155.76,28.76,TTB,Banking,5340.699999999996
2024-06-20,72.44,130.98,203.41,-58.54,23.69,TTB,Banking,5282.159999999996
2024-06-21,213.62,377.68,591.3,-164.06,27.63,TTB,Banking,5118.099999999996
2024-06-24,116.53,184.61,301.14,-68.08,16.51,TTB,Banking,5050.019999999996
2024-06-25,71.45,212.03,283.48,-140.57,16.06,TTB,Banking,4909.449999999996
2024-06-26,43.45,119.83,163.29,-76.38,25.53,TTB,Banking,4833.069999999996
2024-06-27,57.1,82.76,139.86,-25.67,28.36,TTB,Banking,4807.399999999996
2024-06-28,117.97,50.72,168.69,67.24,26.59,TTB,Banking,4874.639999999996
2024-07-01,44.67,7.89,52.56,36.78,14.76,TTB,Banking,4911.4199999999955
2024-07-02,38.37,50.82,89.2,-12.45,25.21,TTB,Banking,4898.969999999996
2024-07-03,58.61,33.27,91.88,25.34,17.0,TTB,Banking,4924.309999999996
2024-07-04,28.86,52.55,81.41,-23.69,19.94,TTB,Banking,4900.619999999996
2024-07-05,77.3,33.72,111.02,43.58,14.38,TTB,Banking,4944.199999999996
2024-07-08,112.2,93.89,206.09,18.31,21.06,TTB,Banking,4962.509999999997
2024-07-09,59.16,99.67,158.83,-40.52,20.12,TTB,Banking,4921.989999999996
2024-07-10,68.96,140.02,208.97,-71.06,16.26,TTB,Banking,4850.929999999996
2024-07-11,52.03,27.16,79.19,24.87,19.5,TTB,Banking,4875.799999999996
2024-07-12,116.46,77.58,194.04,38.88,20.68,TTB,Banking,4914.679999999996
2024-07-15,128.5,125.66,254.16,2.84,18.84,TTB,Banking,4917.519999999996
2024-07-16,83.06,44.41,127.47,38.66,20.96,TTB,Banking,4956.179999999996
2024-07-17,67.79,71.08,138.86,-3.29,11.73,TTB,Banking,4952.889999999996
2024-07-18,119.17,71.8,190.97,47.38,18.31,TTB,Banking,5000.269999999996
2024-07-19,85.21,37.75,122.96,47.46,13.42,TTB,Banking,5047.729999999996
2024-07-23,80.6,106.13,186.73,-25.53,20.09,TTB,Banking,5022.199999999996
2024-07-24,80.4,117.2,197.6,-36.8,18.58,TTB,Banking,4985.399999999996
2024-07-25,118.55,114.11,232.65,4.44,18.65,TTB,Banking,4989.839999999996
2024-07-26,96.89,127.6,224.49,-30.71,18.19,TTB,Banking,4959.129999999996
2024-07-30,34.38,81.55,115.93,-47.17,27.73,TTB,Banking,4911.9599999999955
2024-07-31,277.92,302.17,580.09,-24.25,59.91,TTB,Banking,4887.7099999999955
2024-08-01,11.52,31.58,43.09,-20.06,25.42,TTB,Banking,4867.649999999995
2024-08-02,21.51,85.74,107.25,-64.23,20.5,TTB,Banking,4803.4199999999955
2024-08-05,27.06,105.13,132.19,-78.07,18.31,TTB,Banking,4725.349999999996
2024-08-06,4.93,30.16,35.09,-25.23,14.48,TTB,Banking,4700.119999999996
2024-08-07,35.02,50.7,85.72,-15.68,13.07,TTB,Banking,4684.439999999996
2024-08-08,66.58,75.33,141.91,-8.75,19.98,TTB,Banking,4675.689999999996
2024-08-09,16.7,48.54,65.24,-31.84,17.34,TTB,Banking,4643.849999999996
2024-08-13,93.57,111.69,205.26,-18.12,22.84,TTB,Banking,4625.729999999996
2024-08-14,105.31,166.02,271.33,-60.71,15.58,TTB,Banking,4565.019999999996
2024-08-15,17.62,35.95,53.57,-18.33,16.74,TTB,Banking,4546.689999999996
2024-08-16,82.76,54.7,137.47,28.06,14.44,TTB,Banking,4574.749999999996
2024-08-19,75.37,72.09,147.46,3.29,9.0,TTB,Banking,4578.039999999996
2024-08-20,51.12,68.16,119.28,-17.04,12.26,TTB,Banking,4560.999999999996
2024-08-21,33.54,73.25,106.79,-39.71,20.77,TTB,Banking,4521.289999999996
2024-08-22,93.58,36.9,130.47,56.68,24.27,TTB,Banking,4577.969999999997
2024-08-23,208.22,70.84,279.06,137.37,17.32,TTB,Banking,4715.3399999999965
2024-08-26,107.89,125.56,233.45,-17.67,12.29,TTB,Banking,4697.669999999996
2024-08-27,78.72,41.92,120.64,36.8,10.84,TTB,Banking,4734.469999999997
2024-08-28,128.99,135.82,264.8,-6.83,31.64,TTB,Banking,4727.639999999997
2024-08-29,219.94,164.15,384.09,55.78,28.26,TTB,Banking,4783.419999999996
2024-08-30,151.65,130.08,281.73,21.56,48.23,TTB,Banking,4804.979999999997
2024-09-02,93.73,114.43,208.16,-20.7,26.38,TTB,Banking,4784.279999999997
2024-09-03,64.33,106.57,170.9,-42.23,31.64,TTB,Banking,4742.049999999997
2024-09-04,33.65,47.8,81.45,-14.16,25.21,TTB,Banking,4727.889999999998
2024-09-05,230.12,93.94,324.06,136.18,19.63,TTB,Banking,4864.069999999998
2024-09-06,469.89,340.27,810.16,129.63,18.02,TTB,Banking,4993.699999999998
2024-09-09,295.95,377.76,673.71,-81.81,16.74,TTB,Banking,4911.889999999998
2024-09-10,153.27,207.41,360.67,-54.14,14.81,TTB,Banking,4857.749999999997
2024-09-11,59.75,102.32,162.07,-42.57,19.5,TTB,Banking,4815.179999999998
2024-09-12,81.37,39.65,121.01,41.72,13.05,TTB,Banking,4856.899999999998
2024-09-13,252.05,137.61,389.66,114.45,23.39,TTB,Banking,4971.349999999998
2024-09-16,290.93,124.84,415.77,166.09,12.84,TTB,Banking,5137.439999999998
2024-09-17,275.29,86.83,362.12,188.46,18.32,TTB,Banking,5325.899999999998
2024-09-18,490.62,136.91,627.53,353.72,18.55,TTB,Banking,5679.619999999998
2024-09-19,363.11,201.77,564.87,161.34,22.22,TTB,Banking,5840.959999999998
2024-09-20,207.69,228.5,436.18,-20.81,18.98,TTB,Banking,5820.149999999998
2024-09-23,122.38,87.62,209.99,34.76,23.37,TTB,Banking,5854.909999999998
2024-09-24,67.4,144.85,212.25,-77.44,16.7,TTB,Banking,5777.469999999998
2024-09-25,194.08,183.25,377.33,10.83,12.36,TTB,Banking,5788.299999999998
2024-09-26,76.78,141.8,218.59,-65.02,14.73,TTB,Banking,5723.279999999998
2024-09-27,127.12,248.22,375.34,-121.1,14.59,TTB,Banking,5602.179999999998
2024-09-30,52.03,89.79,141.83,-37.76,13.77,TTB,Banking,5564.419999999997
2024-10-01,28.98,208.15,237.13,-179.18,17.69,TTB,Banking,5385.239999999997
2024-10-02,63.9,200.03,263.93,-136.13,22.47,TTB,Banking,5249.109999999997
2024-10-03,43.33,109.68,153.0,-66.35,13.18,TTB,Banking,5182.759999999997
2024-10-04,41.26,149.3,190.56,-108.04,17.59,TTB,Banking,5074.719999999997
2024-10-07,79.34,263.05,342.39,-183.71,19.12,TTB,Banking,4891.009999999997
2024-10-08,128.08,82.38,210.46,45.7,17.16,TTB,Banking,4936.709999999996
2024-10-09,33.51,60.52,94.03,-27.01,12.15,TTB,Banking,4909.699999999996
2024-10-10,14.59,55.76,70.36,-41.17,13.52,TTB,Banking,4868.529999999996
2024-10-11,96.73,25.58,122.32,71.15,12.75,TTB,Banking,4939.679999999996
2024-10-15,128.33,105.02,233.35,23.31,24.6,TTB,Banking,4962.989999999996
2024-10-16,182.13,164.24,346.37,17.9,25.62,TTB,Banking,4980.889999999996
2024-10-17,60.16,47.46,107.62,12.69,24.36,TTB,Banking,4993.579999999995
2024-10-18,217.32,245.05,462.37,-27.73,17.27,TTB,Banking,4965.849999999996
2024-10-21,109.24,181.37,290.61,-72.13,19.85,TTB,Banking,4893.719999999996
2024-10-22,91.17,121.4,212.57,-30.23,16.16,TTB,Banking,4863.489999999996
2024-10-24,92.6,158.88,251.48,-66.28,18.03,TTB,Banking,4797.209999999996
2024-10-25,119.37,92.96,212.34,26.41,17.92,TTB,Banking,4823.619999999996
2024-10-28,65.69,105.7,171.39,-40.01,22.32,TTB,Banking,4783.609999999996
2024-10-29,39.26,73.24,112.5,-33.98,25.53,TTB,Banking,4749.6299999999965
2024-10-30,147.55,175.02,322.58,-27.47,32.21,TTB,Banking,4722.159999999996
2024-10-31,138.68,131.78,270.46,6.9,35.89,TTB,Banking,4729.059999999996
2024-11-01,59.97,90.88,150.86,-30.91,29.56,TTB,Banking,4698.149999999996
2024-11-04,51.53,53.88,105.41,-2.35,31.26,TTB,Banking,4695.799999999996
2024-11-05,114.07,108.74,222.81,5.32,30.91,TTB,Banking,4701.119999999995
2024-11-06,88.02,114.74,202.76,-26.72,27.53,TTB,Banking,4674.399999999995
2024-11-07,53.74,72.67,126.41,-18.92,23.9,TTB,Banking,4655.479999999995
2024-11-08,51.91,81.3,133.21,-29.39,27.69,TTB,Banking,4626.089999999995
2024-11-11,51.61,88.5,140.11,-36.89,22.3,TTB,Banking,4589.199999999994
2024-11-12,34.12,84.08,118.2,-49.95,26.08,TTB,Banking,4539.2499999999945
2024-11-13,20.96,27.61,48.57,-6.65,17.63,TTB,Banking,4532.599999999995
2024-11-14,87.88,65.65,153.53,22.23,20.85,TTB,Banking,4554.8299999999945
2024-11-15,58.55,49.55,108.09,9.0,25.24,TTB,Banking,4563.8299999999945
2024-11-18,82.54,75.68,158.22,6.86,29.12,TTB,Banking,4570.689999999994
2024-11-19,55.06,32.9,87.95,22.16,15.52,TTB,Banking,4592.849999999994
2024-11-20,56.53,70.81,127.33,-14.28,21.28,TTB,Banking,4578.569999999994
2024-11-21,64.47,13.91,78.38,50.56,26.78,TTB,Banking,4629.129999999995
2024-11-22,107.02,38.39,145.4,68.63,20.91,TTB,Banking,4697.759999999995
2024-11-25,75.22,73.33,148.55,1.89,31.27,TTB,Banking,4699.649999999995
2024-11-26,47.43,29.19,76.62,18.23,26.3,TTB,Banking,4717.879999999995
2024-11-27,37.3,25.77,63.07,11.53,31.07,TTB,Banking,4729.409999999994
2024-11-28,39.21,39.02,78.23,0.19,25.43,TTB,Banking,4729.599999999994
2024-11-29,89.86,89.94,179.8,-0.08,27.11,TTB,Banking,4729.519999999994
2024-12-02,81.94,56.84,138.78,25.1,35.21,TTB,Banking,4754.619999999994
2024-12-03,45.42,29.4,74.82,16.03,22.17,TTB,Banking,4770.649999999994
2024-12-04,43.3,30.41,73.71,12.9,15.04,TTB,Banking,4783.549999999994
2024-12-06,87.44,90.42,177.86,-2.98,17.05,TTB,Banking,4780.569999999994
2024-12-09,30.28,71.84,102.11,-41.56,18.22,TTB,Banking,4739.009999999994
2024-12-11,30.18,64.27,94.45,-34.1,22.6,TTB,Banking,4704.9099999999935
2024-12-12,105.17,121.85,227.02,-16.68,14.37,TTB,Banking,4688.229999999993
2024-12-13,65.45,29.66,95.1,35.79,16.44,TTB,Banking,4724.019999999993
2024-12-16,97.19,14.6,111.79,82.59,24.31,TTB,Banking,4806.609999999993
2024-12-17,72.83,59.78,132.6,13.05,21.26,TTB,Banking,4819.6599999999935
2024-12-18,84.25,80.98,165.24,3.27,25.09,TTB,Banking,4822.929999999994
2024-12-19,70.78,69.31,140.09,1.47,19.07,TTB,Banking,4824.399999999994
2024-12-20,117.08,115.52,232.59,1.56,25.55,TTB,Banking,4825.959999999995
2024-12-23,35.11,77.43,112.54,-42.32,17.79,TTB,Banking,4783.639999999995
2024-12-24,17.59,6.36,23.96,11.23,11.18,TTB,Banking,4794.869999999994
2024-12-25,33.93,22.11,56.04,11.82,8.57,TTB,Banking,4806.689999999994
2024-12-26,42.8,34.51,77.31,8.29,29.67,TTB,Banking,4814.979999999994
2024-12-27,20.93,22.96,43.88,-2.03,15.69,TTB,Banking,4812.949999999994
2024-12-30,63.86,53.93,117.79,9.93,20.32,TTB,Banking,4822.879999999995
2025-01-02,29.75,31.99,61.74,-2.24,17.92,TTB,Banking,4820.639999999995
2025-01-03,31.27,21.55,52.82,9.72,17.82,TTB,Banking,4830.359999999995
2025-01-06,41.87,46.16,88.03,-4.3,14.1,TTB,Banking,4826.059999999995
2025-01-07,100.98,129.71,230.69,-28.73,23.95,TTB,Banking,4797.329999999995
2025-01-08,140.46,52.8,193.27,87.66,24.18,TTB,Banking,4884.989999999995
2025-01-09,60.66,108.23,168.89,-47.56,18.82,TTB,Banking,4837.429999999995
2025-01-10,111.49,69.67,181.16,41.82,18.35,TTB,Banking,4879.2499999999945
2025-01-13,90.35,99.98,190.33,-9.62,13.5,TTB,Banking,4869.629999999995
2025-01-14,54.35,105.28,159.63,-50.93,23.74,TTB,Banking,4818.699999999994
2025-01-15,47.43,104.75,152.18,-57.32,22.7,TTB,Banking,4761.379999999995
2025-01-16,112.35,52.52,164.86,59.83,20.73,TTB,Banking,4821.209999999995
2025-01-17,88.37,96.26,184.62,-7.89,23.14,TTB,Banking,4813.319999999994
2025-01-20,151.02,39.86,190.87,111.16,21.89,TTB,Banking,4924.479999999994
2025-01-21,98.97,207.17,306.15,-108.2,22.78,TTB,Banking,4816.279999999994
2025-01-22,696.26,66.5,762.77,629.76,21.72,TTB,Banking,5446.0399999999945
2025-01-23,266.09,212.08,478.17,54.01,22.64,TTB,Banking,5500.049999999995
2025-01-24,87.81,95.17,182.97,-7.36,27.3,TTB,Banking,5492.689999999995
2025-01-27,134.2,58.58,192.78,75.62,26.19,TTB,Banking,5568.309999999995
2025-01-28,174.83,156.46,331.3,18.37,20.95,TTB,Banking,5586.679999999995
2025-01-29,556.73,175.88,732.61,380.86,18.22,TTB,Banking,5967.5399999999945
2025-01-30,147.19,157.96,305.15,-10.77,23.18,TTB,Banking,5956.769999999994
2025-01-31,283.62,164.07,447.69,119.55,15.98,TTB,Banking,6076.319999999994
2025-02-03,226.29,205.21,431.49,21.08,17.78,TTB,Banking,6097.399999999994
2025-02-04,193.38,112.55,305.94,80.83,19.05,TTB,Banking,6178.229999999994
2025-02-05,163.9,132.32,296.21,31.58,24.75,TTB,Banking,6209.809999999994
2025-02-06,152.31,133.08,285.4,19.23,18.95,TTB,Banking,6229.039999999994
2025-02-07,226.05,108.02,334.07,118.02,20.09,TTB,Banking,6347.059999999994
2025-02-10,123.93,169.15,293.08,-45.22,22.54,TTB,Banking,6301.839999999994
2025-02-11,105.67,119.32,224.98,-13.65,30.0,TTB,Banking,6288.189999999994
2025-02-13,150.78,68.11,218.88,82.67,28.71,TTB,Banking,6370.859999999994
2025-02-14,199.77,169.44,369.21,30.33,31.08,TTB,Banking,6401.189999999994
2025-02-17,186.68,146.53,333.21,40.16,16.51,TTB,Banking,6441.349999999994
2025-02-18,173.73,75.8,249.53,97.94,17.47,TTB,Banking,6539.289999999994
2025-02-19,263.63,190.23,453.85,73.4,15.1,TTB,Banking,6612.689999999993
2025-02-20,162.03,337.27,499.29,-175.24,19.72,TTB,Banking,6437.449999999993
2025-02-21,104.0,148.31,252.31,-44.31,20.42,TTB,Banking,6393.139999999993
2025-02-24,93.17,88.68,181.85,4.49,19.09,TTB,Banking,6397.629999999993
2025-02-25,58.89,156.22,215.11,-97.32,15.84,TTB,Banking,6300.309999999993
2025-02-26,186.23,174.57,360.8,11.66,16.61,TTB,Banking,6311.969999999993
2025-02-27,136.36,107.4,243.76,28.96,24.84,TTB,Banking,6340.929999999993
2025-02-28,200.04,335.22,535.25,-135.18,28.22,TTB,Banking,6205.749999999993
2025-03-03,146.74,151.16,297.9,-4.41,27.05,TTB,Banking,6201.339999999993
2025-03-04,80.55,164.41,244.96,-83.85,26.11,TTB,Banking,6117.4899999999925
2025-03-05,120.96,169.33,290.29,-48.36,33.92,TTB,Banking,6069.129999999993
2025-03-06,77.09,155.73,232.82,-78.63,26.06,TTB,Banking,5990.499999999993
2025-03-07,37.16,80.01,117.17,-42.84,26.72,TTB,Banking,5947.659999999993
2025-03-10,217.59,164.55,382.14,53.03,33.75,TTB,Banking,6000.689999999992
2025-03-11,98.32,151.36,249.68,-53.03,24.61,TTB,Banking,5947.659999999993
2025-03-12,84.52,149.5,234.02,-64.99,24.05,TTB,Banking,5882.669999999993
2025-03-13,42.2,90.34,132.55,-48.14,33.3,TTB,Banking,5834.5299999999925
2025-03-14,33.71,38.25,71.97,-4.54,25.11,TTB,Banking,5829.9899999999925
2025-03-17,87.16,68.08,155.24,19.08,23.48,TTB,Banking,5849.069999999992
2025-03-18,116.16,101.22,217.38,14.95,22.92,TTB,Banking,5864.019999999992
2025-03-19,29.25,83.24,112.49,-53.99,33.69,TTB,Banking,5810.0299999999925
2025-03-20,59.79,60.26,120.05,-0.47,22.97,TTB,Banking,5809.559999999992
2025-03-21,637.29,384.47,1021.76,252.82,23.48,TTB,Banking,6062.379999999992
2025-03-24,13.33,60.57,73.9,-47.24,28.38,TTB,Banking,6015.139999999992
2025-03-25,65.46,117.37,182.83,-51.91,17.19,TTB,Banking,5963.229999999992
2025-03-26,84.36,76.26,160.62,8.1,22.95,TTB,Banking,5971.329999999993
2025-03-27,218.11,75.14,293.25,142.97,17.18,TTB,Banking,6114.299999999993
2025-03-28,94.85,101.32,196.17,-6.48,21.06,TTB,Banking,6107.819999999993
2025-03-31,119.59,147.93,267.52,-28.34,23.71,TTB,Banking,6079.479999999993
2025-04-01,33.3,32.84,66.13,0.46,11.22,TTB,Banking,6079.939999999993
2025-04-02,222.65,144.19,366.84,78.46,29.59,TTB,Banking,6158.399999999993
2025-04-03,41.15,93.17,134.32,-52.02,19.3,TTB,Banking,6106.379999999993
2025-04-04,90.24,204.41,294.65,-114.17,22.47,TTB,Banking,5992.209999999993
2025-04-08,231.69,369.65,601.34,-137.96,34.15,TTB,Banking,5854.249999999993
2025-04-09,144.96,222.25,367.22,-77.29,30.32,TTB,Banking,5776.959999999993
2025-04-10,130.29,78.97,209.26,51.32,24.83,TTB,Banking,5828.2799999999925
2025-04-11,76.63,94.12,170.76,-17.49,33.38,TTB,Banking,5810.789999999993
2025-04-16,139.84,150.79,290.63,-10.95,41.27,TTB,Banking,5799.839999999993
2025-04-17,216.45,149.25,365.7,67.2,26.62,TTB,Banking,5867.039999999993
2025-04-18,124.16,340.09,464.25,-215.93,23.61,TTB,Banking,5651.109999999992
2025-04-21,102.52,380.85,483.37,-278.33,25.65,TTB,Banking,5372.7799999999925
2025-04-22,229.01,225.56,454.57,3.46,22.99,TTB,Banking,5376.2399999999925
2025-04-23,113.67,227.28,340.95,-113.61,19.65,TTB,Banking,5262.629999999993
2025-04-24,31.62,64.98,96.6,-33.35,13.61,TTB,Banking,5229.2799999999925
2025-04-25,46.66,87.98,134.63,-41.32,14.69,TTB,Banking,5187.959999999993
2025-04-28,40.92,99.2,140.11,-58.28,16.78,TTB,Banking,5129.679999999993
2025-04-29,129.7,130.68,260.38,-0.98,22.87,TTB,Banking,5128.699999999993
2025-04-30,157.84,252.47,410.32,-94.63,16.67,TTB,Banking,5034.069999999993
2025-05-02,112.07,207.36,319.43,-95.3,26.37,TTB,Banking,4938.769999999993
2025-05-06,145.97,142.21,288.18,3.76,16.87,TTB,Banking,4942.529999999993
2025-05-07,168.14,121.9,290.03,46.24,17.26,TTB,Banking,4988.769999999993
2025-05-08,107.82,120.53,228.35,-12.72,19.58,TTB,Banking,4976.049999999993
2025-05-09,125.47,73.73,199.2,51.74,16.99,TTB,Banking,5027.789999999993
2025-05-13,129.55,107.98,237.53,21.57,20.36,TTB,Banking,5049.359999999992
2025-05-14,155.7,107.49,263.18,48.21,21.58,TTB,Banking,5097.569999999992
2025-05-15,84.44,72.12,156.56,12.32,15.58,TTB,Banking,5109.889999999992
2025-05-16,225.78,206.86,432.64,18.92,26.96,TTB,Banking,5128.809999999992
2025-05-19,195.99,212.38,408.37,-16.39,22.73,TTB,Banking,5112.419999999992
2025-05-20,490.29,123.15,613.44,367.14,28.54,TTB,Banking,5479.559999999992
2025-05-21,96.96,118.97,215.92,-22.01,24.33,TTB,Banking,5457.549999999992
2025-05-22,148.1,149.8,297.9,-1.69,30.03,TTB,Banking,5455.859999999992
2025-05-23,95.05,89.47,184.52,5.58,27.97,TTB,Banking,5461.439999999992
2025-05-26,77.19,114.23,191.42,-37.04,26.93,TTB,Banking,5424.399999999992
2025-05-27,120.8,200.74,321.54,-79.94,29.51,TTB,Banking,5344.459999999993
2025-05-28,95.34,143.12,238.46,-47.78,32.34,TTB,Banking,5296.679999999993
2025-05-29,68.1,150.21,218.31,-82.1,30.24,TTB,Banking,5214.579999999993
2025-05-30,102.46,162.32,264.78,-59.86,33.45,TTB,Banking,5154.719999999993
2025-06-04,135.75,183.36,319.12,-47.61,26.61,TTB,Banking,5107.109999999993
2025-06-05,159.77,111.45,271.23,48.32,26.02,TTB,Banking,5155.429999999993
2025-06-06,78.54,71.34,149.88,7.2,24.35,TTB,Banking,5162.629999999993
2025-06-09,81.4,113.87,195.28,-32.47,33.05,TTB,Banking,5130.159999999993
2025-06-10,174.69,152.05,326.74,22.64,30.53,TTB,Banking,5152.799999999993
2025-06-11,106.66,124.46,231.12,-17.8,19.05,TTB,Banking,5134.999999999993
2025-06-12,81.0,238.8,319.8,-157.79,25.48,TTB,Banking,4977.209999999993
2025-06-13,349.58,158.27,507.85,191.31,27.28,TTB,Banking,5168.519999999993
2025-06-16,163.56,199.4,362.96,-35.84,32.12,TTB,Banking,5132.679999999993
2025-06-17,152.26,65.5,217.76,86.76,30.04,TTB,Banking,5219.439999999993
2025-06-18,232.23,260.44,492.67,-28.21,25.13,TTB,Banking,5191.229999999993
2025-06-19,210.06,230.77,440.83,-20.71,27.14,TTB,Banking,5170.519999999993
2025-06-20,376.01,153.47,529.48,222.54,29.6,TTB,Banking,5393.059999999993
2025-06-23,110.19,210.93,321.12,-100.74,35.13,TTB,Banking,5292.319999999993
2025-06-24,256.59,367.43,624.02,-110.83,29.37,TTB,Banking,5181.489999999993
2025-06-25,80.25,158.73,238.98,-78.48,26.65,TTB,Banking,5103.009999999994
2025-06-26,141.86,138.73,280.59,3.14,22.73,TTB,Banking,5106.149999999994
2025-06-27,101.43,151.09,252.53,-49.66,23.93,TTB,Banking,5056.489999999994
2025-06-30,90.91,119.6,210.52,-28.69,20.24,TTB,Banking,5027.799999999995
2025-07-01,155.52,168.86,324.38,-13.34,25.77,TTB,Banking,5014.459999999995
2025-07-02,101.07,135.27,236.34,-34.2,26.41,TTB,Banking,4980.259999999995
2025-07-03,62.7,100.96,163.65,-38.26,20.37,TTB,Banking,4941.9999999999945
2025-07-04,45.14,148.09,193.23,-102.94,29.91,TTB,Banking,4839.059999999995
2025-07-07,58.47,87.84,146.31,-29.36,21.44,TTB,Banking,4809.699999999995
2025-07-08,31.38,30.73,62.11,0.66,10.91,TTB,Banking,4810.359999999995
2025-07-09,73.36,95.37,168.72,-22.01,21.42,TTB,Banking,4788.349999999995
2025-07-11,48.39,98.89,147.28,-50.5,26.89,TTB,Banking,4737.849999999995
2025-07-14,62.6,77.47,140.06,-14.87,23.51,TTB,Banking,4722.979999999995
2025-07-15,205.01,143.79,348.8,61.22,21.25,TTB,Banking,4784.199999999995
2025-07-16,69.46,79.31,148.77,-9.85,15.19,TTB,Banking,4774.349999999995
2025-07-17,62.76,116.03,178.79,-53.26,12.95,TTB,Banking,4721.089999999995
2025-07-18,269.99,201.26,471.25,68.73,26.08,TTB,Banking,4789.819999999994
2025-07-21,255.87,127.66,383.53,128.21,22.14,TTB,Banking,4918.029999999994
2025-07-22,261.81,242.99,504.8,18.83,23.92,TTB,Banking,4936.859999999994
2025-07-23,149.75,199.87,349.62,-50.13,16.34,TTB,Banking,4886.729999999994
2025-07-24,163.99,88.48,252.47,75.51,16.58,TTB,Banking,4962.239999999994
2025-07-25,40.66,72.44,113.1,-31.78,14.2,TTB,Banking,4930.459999999995
2025-07-29,50.04,53.59,103.63,-3.56,11.83,TTB,Banking,4926.899999999994
2025-07-30,109.88,117.52,227.4,-7.65,17.97,TTB,Banking,4919.2499999999945
2025-07-31,130.89,95.51,226.41,35.38,16.94,TTB,Banking,4954.629999999995
2025-08-01,91.44,106.13,197.57,-14.69,20.71,TTB,Banking,4939.939999999995
2025-08-04,34.66,65.77,100.44,-31.11,21.19,TTB,Banking,4908.829999999995
2025-08-05,278.71,96.0,374.71,182.71,26.82,TTB,Banking,5091.539999999995
2025-08-06,353.38,282.17,635.55,71.21,26.61,TTB,Banking,5162.749999999995
2025-08-07,266.35,244.15,510.5,22.2,23.36,TTB,Banking,5184.949999999995
2025-08-08,227.59,169.04,396.63,58.55,26.24,TTB,Banking,5243.499999999995
2025-08-13,293.6,197.24,490.83,96.36,22.83,TTB,Banking,5339.859999999995
2025-08-14,80.12,193.26,273.38,-113.14,19.93,TTB,Banking,5226.719999999995
2025-08-15,387.22,146.82,534.04,240.41,28.72,TTB,Banking,5467.129999999995
2025-08-18,77.71,56.31,134.02,21.41,23.03,TTB,Banking,5488.5399999999945
2025-08-19,170.2,87.09,257.29,83.11,30.41,TTB,Banking,5571.649999999994
2025-08-20,81.99,119.46,201.45,-37.47,20.43,TTB,Banking,5534.179999999994
2025-08-21,104.19,166.29,270.47,-62.1,23.15,TTB,Banking,5472.079999999994
2025-08-22,112.76,208.05,320.81,-95.29,27.25,TTB,Banking,5376.789999999994
2025-08-25,33.58,128.1,161.68,-94.53,16.03,TTB,Banking,5282.259999999994
2025-08-26,219.3,240.31,459.61,-21.01,35.65,TTB,Banking,5261.249999999994
2025-08-27,90.08,146.28,236.36,-56.19,37.16,TTB,Banking,5205.059999999994
2025-08-28,73.5,79.15,152.65,-5.66,26.34,TTB,Banking,5199.399999999994
2025-08-29,160.5,261.4,421.91,-100.9,24.09,TTB,Banking,5098.4999999999945
2025-09-01,67.9,158.6,226.5,-90.71,23.63,TTB,Banking,5007.7899999999945
2025-09-02,95.31,80.22,175.53,15.09,20.18,TTB,Banking,5022.879999999995
2025-09-03,70.32,155.78,226.1,-85.46,16.91,TTB,Banking,4937.419999999995
2025-09-04,49.9,91.27,141.16,-41.37,20.4,TTB,Banking,4896.049999999995
2025-09-05,35.62,57.76,93.38,-22.14,17.02,TTB,Banking,4873.909999999994
2025-09-08,97.74,130.08,227.82,-32.35,13.94,TTB,Banking,4841.559999999994
2025-09-09,64.69,178.98,243.67,-114.29,21.73,TTB,Banking,4727.269999999994
2025-09-10,93.2,81.61,174.8,11.59,21.36,TTB,Banking,4738.859999999994
2025-09-11,207.26,210.45,417.71,-3.19,32.11,TTB,Banking,4735.669999999995
2025-09-12,104.21,112.37,216.58,-8.16,29.38,TTB,Banking,4727.509999999995
2025-09-15,61.94,95.33,157.27,-33.38,25.14,TTB,Banking,4694.129999999995
2025-09-16,60.23,144.22,204.45,-83.99,18.79,TTB,Banking,4610.139999999995
2025-09-17,67.9,156.59,224.49,-88.69,23.48,TTB,Banking,4521.449999999995
2025-09-18,57.24,80.27,137.51,-23.02,22.36,TTB,Banking,4498.429999999995
2025-09-19,141.64,155.19,296.83,-13.54,27.15,TTB,Banking,4484.889999999995
2025-09-22,99.48,178.2,277.68,-78.72,25.62,TTB,Banking,4406.169999999995
2025-09-23,52.5,190.79,243.29,-138.28,29.04,TTB,Banking,4267.889999999995
2025-09-24,67.23,206.72,273.94,-139.49,24.04,TTB,Banking,4128.399999999995
2025-09-25,49.75,79.27,129.02,-29.52,12.98,TTB,Banking,4098.879999999995
2025-09-26,71.39,47.39,118.78,24.0,20.82,TTB,Banking,4122.879999999995
2025-09-29,220.63,332.52,553.15,-111.9,29.97,TTB,Banking,4010.9799999999946
2025-09-30,149.7,130.59,280.29,19.11,16.33,TTB,Banking,4030.0899999999947
2025-10-01,70.97,152.6,223.57,-81.63,22.81,TTB,Banking,3948.4599999999946
2025-10-02,110.29,175.81,286.09,-65.52,30.06,TTB,Banking,3882.9399999999946
2025-10-03,194.97,120.96,315.92,74.01,21.22,TTB,Banking,3956.949999999995
2025-10-06,140.51,161.87,302.37,-21.36,16.96,TTB,Banking,3935.5899999999947
2025-10-07,114.8,118.48,233.28,-3.67,20.41,TTB,Banking,3931.9199999999946
2025-10-08,108.0,269.43,377.43,-161.43,18.64,TTB,Banking,3770.489999999995
2025-10-09,110.78,115.75,226.53,-4.97,29.92,TTB,Banking,3765.519999999995
2025-10-10,59.9,53.62,113.53,6.28,25.2,TTB,Banking,3771.799999999995
2025-10-14,106.94,108.69,215.63,-1.75,28.28,TTB,Banking,3770.049999999995
2025-10-15,211.06,239.31,450.37,-28.25,32.96,TTB,Banking,3741.799999999995
2025-10-16,142.03,265.43,407.45,-123.4,35.44,TTB,Banking,3618.399999999995
2025-10-17,128.84,194.57,323.41,-65.72,32.89,TTB,Banking,3552.6799999999953
2025-10-20,127.62,138.79,266.42,-11.17,30.98,TTB,Banking,3541.509999999995
2025-10-21,484.43,381.6,866.03,102.82,40.58,TTB,Banking,3644.3299999999954
2025-10-22,467.16,390.01,857.17,77.15,33.53,TTB,Banking,3721.4799999999955
2025-10-24,842.98,541.64,1384.61,301.34,42.72,TTB,Banking,4022.8199999999956
2025-10-27,377.46,548.93,926.39,-171.47,45.74,TTB,Banking,3851.349999999996
2025-10-28,525.4,432.84,958.25,92.56,47.56,TTB,Banking,3943.9099999999958
2025-10-29,424.47,317.92,742.4,106.55,44.55,TTB,Banking,4050.459999999996
2025-10-30,325.91,298.36,624.27,27.54,31.09,TTB,Banking,4077.999999999996
2025-10-31,166.36,146.47,312.82,19.89,33.59,TTB,Banking,4097.889999999996
2025-11-03,224.6,162.55,387.15,62.04,42.69,TTB,Banking,4159.929999999996
2025-11-04,298.99,268.62,567.61,30.37,38.97,TTB,Banking,4190.299999999996
2025-11-05,237.93,265.08,503.02,-27.15,43.85,TTB,Banking,4163.149999999996
2025-11-06,261.16,348.26,609.42,-87.1,41.73,TTB,Banking,4076.049999999996
2025-11-07,76.31,79.32,155.63,-3.01,44.44,TTB,Banking,4073.039999999996
2025-11-10,148.23,179.54,327.77,-31.3,39.86,TTB,Banking,4041.7399999999957
2025-11-11,233.72,364.01,597.73,-130.29,40.13,TTB,Banking,3911.4499999999957
2025-11-12,400.78,367.51,768.28,33.27,47.83,TTB,Banking,3944.7199999999957
2025-11-13,126.9,142.02,268.92,-15.12,43.25,TTB,Banking,3929.599999999996
2025-11-14,150.54,208.51,359.05,-57.97,44.62,TTB,Banking,3871.629999999996
2025-11-17,260.44,256.42,516.86,4.02,45.74,TTB,Banking,3875.649999999996
2025-11-18,181.57,113.52,295.1,68.05,39.36,TTB,Banking,3943.699999999996
2025-11-19,787.28,268.96,1056.24,518.33,35.01,TTB,Banking,4462.029999999996
2025-11-20,510.03,202.66,712.69,307.37,33.36,TTB,Banking,4769.399999999996
2025-11-21,837.68,267.78,1105.46,569.91,36.7,TTB,Banking,5339.309999999996
2025-11-24,273.51,217.47,490.98,56.04,39.91,TTB,Banking,5395.349999999996
2025-11-25,453.72,247.44,701.16,206.28,32.19,TTB,Banking,5601.629999999996
2025-11-26,812.91,462.33,1275.24,350.57,25.06,TTB,Banking,5952.199999999995
2025-11-27,164.82,191.96,356.78,-27.14,28.28,TTB,Banking,5925.059999999995
2025-11-28,309.07,339.48,648.55,-30.41,39.84,TTB,Banking,5894.649999999995
2025-12-01,224.87,238.99,463.86,-14.12,31.91,TTB,Banking,5880.529999999995
2025-12-02,329.37,247.71,577.08,81.66,34.72,TTB,Banking,5962.189999999995
2025-12-03,308.08,274.0,582.08,34.08,31.75,TTB,Banking,5996.269999999995
2025-12-04,600.89,455.58,1056.47,145.31,45.87,TTB,Banking,6141.579999999995
2025-12-08,239.33,197.9,437.23,41.43,35.81,TTB,Banking,6183.009999999996
2025-12-09,158.0,135.18,293.18,22.83,36.4,TTB,Banking,6205.839999999996
2025-12-11,374.71,272.76,647.46,101.95,44.2,TTB,Banking,6307.789999999995
2025-12-12,111.13,116.81,227.94,-5.68,30.68,TTB,Banking,6302.109999999995
2025-12-15,454.88,272.32,727.21,182.56,39.53,TTB,Banking,6484.6699999999955
2025-12-16,304.84,196.23,501.07,108.61,27.71,TTB,Banking,6593.279999999995
2025-12-17,450.79,327.01,777.8,123.78,43.55,TTB,Banking,6717.059999999995
2025-12-18,913.09,501.4,1414.5,411.69,36.35,TTB,Banking,7128.7499999999945
2025-12-19,310.7,212.21,522.91,98.48,39.65,TTB,Banking,7227.229999999994
2025-12-22,194.44,215.45,409.89,-21.02,49.31,TTB,Banking,7206.209999999994
2025-12-23,111.31,143.83,255.15,-32.52,40.63,TTB,Banking,7173.689999999993
2025-12-24,379.23,445.01,824.24,-65.78,38.49,TTB,Banking,7107.9099999999935
2025-12-25,30.09,41.43,71.52,-11.34,31.65,TTB,Banking,7096.569999999993
2025-12-26,97.14,212.09,309.22,-114.95,46.82,TTB,Banking,6981.6199999999935
2025-12-29,88.51,121.55,210.06,-33.03,34.33,TTB,Banking,6948.589999999994
2025-12-30,210.64,141.77,352.41,68.88,28.54,TTB,Banking,7017.469999999994
2026-01-05,617.66,304.46,922.12,313.19,34.25,TTB,Banking,7330.6599999999935
2026-01-06,505.83,364.28,870.11,141.54,46.36,TTB,Banking,7472.199999999993
2026-01-07,284.14,526.17,810.31,-242.03,34.55,TTB,Banking,7230.169999999994
2026-01-08,125.12,150.85,275.97,-25.72,38.19,TTB,Banking,7204.449999999993
2026-01-09,160.0,96.63,256.63,63.37,34.66,TTB,Banking,7267.819999999993
2026-01-12,253.86,112.6,366.46,141.26,35.13,TTB,Banking,7409.079999999994
2026-01-13,144.01,131.15,275.17,12.86,39.23,TTB,Banking,7421.939999999993
2026-01-14,73.44,138.1,211.54,-64.66,39.49,TTB,Banking,7357.279999999993
2026-01-15,113.49,63.17,176.66,50.31,35.38,TTB,Banking,7407.589999999994
2026-01-16,397.78,343.93,741.71,53.86,36.25,TTB,Banking,7461.449999999993
2026-01-19,265.87,176.49,442.36,89.38,33.24,TTB,Banking,7550.829999999994
2026-01-20,219.47,69.96,289.43,149.51,32.73,TTB,Banking,7700.339999999994
2026-01-21,567.52,434.41,1001.93,133.1,40.46,TTB,Banking,7833.439999999994
2026-01-22,155.17,186.29,341.45,-31.12,34.95,TTB,Banking,7802.319999999994
2026-01-23,281.2,499.76,780.96,-218.55,34.15,TTB,Banking,7583.769999999994
2026-01-26,505.88,227.36,733.24,278.51,43.09,TTB,Banking,7862.279999999994
2026-01-27,454.83,339.01,793.83,115.82,41.67,TTB,Banking,7978.099999999994
2026-01-28,214.82,272.66,487.48,-57.84,37.69,TTB,Banking,7920.259999999994
2026-01-29,192.91,254.94,447.85,-62.03,48.72,TTB,Banking,7858.229999999994
2026-01-30,336.59,219.7,556.3,116.89,54.39,TTB,Banking,7975.119999999994
2026-02-02,244.49,257.88,502.38,-13.39,32.1,TTB,Banking,7961.729999999994
2026-02-03,231.39,223.91,455.3,7.48,30.83,TTB,Banking,7969.209999999994
2026-02-04,205.82,284.92,490.74,-79.09,31.29,TTB,Banking,7890.1199999999935
2026-02-05,232.74,132.48,365.22,100.26,33.08,TTB,Banking,7990.379999999994
2026-02-06,168.72,170.75,339.47,-2.03,35.92,TTB,Banking,7988.349999999994
2026-02-09,489.98,187.28,677.27,302.7,6.75,TTB,Banking,8291.049999999994
2026-02-10,172.97,125.07,298.04,47.9,41.81,TTB,Banking,8338.949999999993
2026-02-11,130.04,69.44,199.49,60.6,29.04,TTB,Banking,8399.549999999994
2026-02-12,312.88,434.57,747.44,-121.69,33.88,TTB,Banking,8277.859999999993
2026-02-13,105.66,54.94,160.6,50.72,33.97,TTB,Banking,8328.579999999993
2026-02-16,284.56,206.84,491.4,77.71,31.33,TTB,Banking,8406.289999999992
2026-02-17,492.11,429.92,922.03,62.19,23.95,TTB,Banking,8468.479999999992
2026-02-18,588.04,297.53,885.58,290.51,22.13,TTB,Banking,8758.989999999993
2026-02-19,619.88,412.85,1032.73,207.03,37.4,TTB,Banking,8966.019999999993
2026-02-20,1018.57,595.5,1614.07,423.06,48.68,TTB,Banking,9389.079999999993
2026-02-23,608.39,496.94,1105.33,111.45,42.46,TTB,Banking,9500.529999999993
2026-02-24,373.5,247.66,621.16,125.84,44.1,TTB,Banking,9626.369999999994
2026-02-25,287.67,281.57,569.24,6.1,38.21,TTB,Banking,9632.469999999994
2026-02-26,403.44,222.61,626.05,180.83,46.62,TTB,Banking,9813.299999999994
2026-02-27,535.38,360.59,895.96,174.79,41.2,TTB,Banking,9988.089999999995
2026-03-02,470.0,361.38,831.38,108.62,39.03,TTB,Banking,10096.709999999995
2026-03-04,534.85,476.1,1010.95,58.75,31.11,TTB,Banking,10155.459999999995
2026-03-05,379.59,480.04,859.63,-100.45,39.03,TTB,Banking,10055.009999999995
2026-03-06,230.26,221.32,451.58,8.94,48.74,TTB,Banking,10063.949999999995
2026-03-09,327.14,438.77,765.91,-111.63,41.88,TTB,Banking,9952.319999999996
2026-03-10,179.17,275.37,454.53,-96.2,30.57,TTB,Banking,9856.119999999995
2026-03-11,279.87,313.01,592.88,-33.13,30.93,TTB,Banking,9822.989999999996
2026-03-12,108.61,217.51,326.12,-108.9,36.87,TTB,Banking,9714.089999999997
2026-03-13,504.63,274.18,778.8,230.45,45.92,TTB,Banking,9944.539999999997
2026-03-16,119.37,262.9,382.26,-143.53,42.37,TTB,Banking,9801.009999999997
2026-03-17,122.04,134.52,256.56,-12.48,24.1,TTB,Banking,9788.529999999997
2026-03-18,373.02,374.42,747.44,-1.39,33.07,TTB,Banking,9787.139999999998
2026-03-19,267.27,266.97,534.24,0.31,42.33,TTB,Banking,9787.449999999997
2026-03-20,295.05,293.5,588.55,1.55,46.78,TTB,Banking,9788.999999999996
2026-03-23,107.97,278.58,386.56,-170.61,32.89,TTB,Banking,9618.389999999996
2026-03-24,185.54,239.3,424.84,-53.76,37.85,TTB,Banking,9564.629999999996
2026-03-25,336.41,174.06,510.47,162.36,30.42,TTB,Banking,9726.989999999996
2026-03-26,707.62,410.12,1117.74,297.51,40.55,TTB,Banking,10024.499999999996
2026-03-27,228.54,273.17,501.71,-44.62,31.15,TTB,Banking,9979.879999999996
2026-03-30,109.47,170.37,279.84,-60.9,51.63,TTB,Banking,9918.979999999996
2026-03-31,240.15,283.85,524.0,-43.7,36.53,TTB,Banking,9875.279999999995
2026-04-01,185.62,192.31,377.93,-6.69,26.82,TTB,Banking,9868.589999999995
2026-04-02,143.34,93.3,236.64,50.04,29.27,TTB,Banking,9918.629999999996
2026-04-03,297.91,365.15,663.06,-67.24,36.68,TTB,Banking,9851.389999999996
2026-04-07,193.4,185.33,378.73,8.07,45.02,TTB,Banking,9859.459999999995
2026-04-08,215.59,199.2,414.78,16.39,38.71,TTB,Banking,9875.849999999995
2026-04-09,227.36,294.49,521.85,-67.13,41.85,TTB,Banking,9808.719999999996
2026-04-10,153.49,323.25,476.74,-169.76,41.0,TTB,Banking,9638.959999999995
2026-04-16,323.87,466.61,790.48,-142.74,42.1,TTB,Banking,9496.219999999996
2026-04-17,222.4,493.01,715.41,-270.6,31.54,TTB,Banking,9225.619999999995
2026-04-20,187.12,157.16,344.29,29.96,30.79,TTB,Banking,9255.579999999994
2026-04-21,203.93,215.31,419.24,-11.38,30.32,TTB,Banking,9244.199999999995
2026-04-22,159.67,238.21,397.88,-78.53,30.28,TTB,Banking,9165.669999999995
2026-04-23,131.64,220.44,352.08,-88.79,30.21,TTB,Banking,9076.879999999994
2026-04-24,102.1,180.95,283.05,-78.84,30.6,TTB,Banking,8998.039999999994
2026-04-27,154.09,169.31,323.4,-15.22,35.21,TTB,Banking,8982.819999999994
2026-04-28,192.69,306.71,499.4,-114.01,36.42,TTB,Banking,8868.809999999994
2026-04-29,300.77,247.92,548.69,52.85,31.58,TTB,Banking,8921.659999999994
2026-04-30,139.14,283.2,422.34,-144.06,40.87,TTB,Banking,8777.599999999995
2026-05-05,222.09,231.04,453.13,-8.95,33.04,TTB,Banking,8768.649999999994
2026-05-06,234.63,383.94,618.57,-149.31,46.08,TTB,Banking,8619.339999999995
2026-05-07,151.02,167.78,318.8,-16.76,46.62,TTB,Banking,8602.579999999994
2026-05-08,157.61,202.31,359.92,-44.69,43.85,TTB,Banking,8557.889999999994
2026-05-11,147.31,156.22,303.53,-8.91,32.48,TTB,Banking,8548.979999999994
2026-05-12,128.53,69.51,198.04,59.02,33.31,TTB,Banking,8607.999999999995
2026-05-13,125.14,255.72,380.86,-130.57,41.46,TTB,Banking,8477.429999999995
2026-05-14,235.01,208.17,443.18,26.84,26.87,TTB,Banking,8504.269999999995
2026-05-15,544.42,156.81,701.23,387.61,31.57,TTB,Banking,8891.879999999996
2026-05-18,297.23,199.59,496.82,97.63,40.22,TTB,Banking,8989.509999999995
2026-05-19,199.15,313.44,512.59,-114.29,35.55,TTB,Banking,8875.219999999994
2026-05-20,167.17,175.98,343.15,-8.81,42.59,TTB,Banking,8866.409999999994
2026-05-21,172.84,252.43,425.27,-79.58,48.79,TTB,Banking,8786.829999999994
2026-05-22,104.65,91.85,196.5,12.8,40.88,TTB,Banking,8799.629999999994
2026-05-25,52.89,50.21,103.1,2.68,27.64,TTB,Banking,8802.309999999994
2026-05-26,116.43,102.91,219.34,13.52,41.7,TTB,Banking,8815.829999999994
2026-05-27,173.37,163.18,336.56,10.19,41.77,TTB,Banking,8826.019999999995
2026-05-28,147.5,98.64,246.14,48.86,30.83,TTB,Banking,8874.879999999996
2026-05-29,96.74,87.26,184.0,9.48,24.38,TTB,Banking,8884.359999999995
2026-06-02,278.46,141.2,419.66,137.27,38.84,TTB,Banking,9021.629999999996
2026-06-04,219.03,226.81,445.83,-7.78,34.82,TTB,Banking,9013.849999999995
2026-06-05,362.83,197.66,560.49,165.17,37.54,TTB,Banking,9179.019999999995
2026-06-08,210.7,162.37,373.07,48.32,44.81,TTB,Banking,9227.339999999995
2026-06-09,117.09,221.22,338.31,-104.13,36.84,TTB,Banking,9123.209999999995
2026-06-10,117.85,92.05,209.9,25.79,49.14,TTB,Banking,9148.999999999996
2026-06-11,160.53,158.8,319.33,1.74,41.95,TTB,Banking,9150.739999999996
2026-06-12,266.86,89.77,356.63,177.1,37.67,TTB,Banking,9327.839999999997
2026-06-15,294.21,155.66,449.86,138.55,2.29,TTB,Banking,9466.389999999996
2026-06-16,410.31,374.86,785.18,35.45,34.91,TTB,Banking,9501.839999999997
2026-06-17,219.08,214.1,433.18,4.97,29.72,TTB,Banking,9506.809999999996
2026-06-18,309.53,237.77,547.29,71.76,31.47,TTB,Banking,9578.569999999996
2026-06-19,235.51,126.2,361.72,109.31,35.41,TTB,Banking,9687.879999999996
2026-06-22,139.53,168.2,307.73,-28.68,34.6,TTB,Banking,9659.199999999995
2026-06-23,443.24,531.46,974.7,-88.22,45.43,TTB,Banking,9570.979999999996
2026-06-24,154.06,169.23,323.3,-15.17,39.74,TTB,Banking,9555.809999999996
2026-06-25,281.31,228.73,510.04,52.57,46.23,TTB,Banking,9608.379999999996
2026-06-26,207.16,124.98,332.15,82.18,40.11,TTB,Banking,9690.559999999996
2026-06-29,414.16,579.38,993.54,-165.21,36.44,TTB,Banking,9525.349999999997
2026-06-30,233.76,161.2,394.97,72.56,32.55,TTB,Banking,9597.909999999996
2026-07-01,189.31,216.24,405.55,-26.93,38.98,TTB,Banking,9570.979999999996
2026-07-02,452.44,236.35,688.79,216.09,32.65,TTB,Banking,9787.069999999996
2026-07-03,185.8,218.97,404.77,-33.17,33.82,TTB,Banking,9753.899999999996
2026-07-06,237.61,268.0,505.6,-30.39,38.55,TTB,Banking,9723.509999999997
2026-07-07,440.82,302.47,743.28,138.35,37.39,TTB,Banking,9861.859999999997
2026-07-08,455.61,277.84,733.44,177.77,32.82,TTB,Banking,10039.629999999997
2026-07-09,377.0,435.93,812.93,-58.93,35.02,TTB,Banking,9980.699999999997
2026-07-10,226.12,264.15,490.27,-38.03,41.37,TTB,Banking,9942.669999999996
2026-07-13,281.35,293.04,574.39,-11.69,37.44,TTB,Banking,9930.979999999996
2026-07-14,397.17,369.75,766.92,27.41,36.89,TTB,Banking,9958.389999999996
2026-07-15,250.74,260.54,511.29,-9.8,31.71,TTB,Banking,9948.589999999997
2026-07-16,384.72,283.43,668.15,101.29,31.56,TTB,Banking,10049.879999999997
2026-07-17,333.45,340.5,673.95,-7.05,42.68,TTB,Banking,10042.829999999998
2026-07-20,1366.52,825.47,2192.0,541.05,38.41,TTB,Banking,10583.879999999997
2026-07-21,754.39,952.57,1706.96,-198.19,32.01,TTB,Banking,10385.689999999997
2026-07-22,456.7,440.07,896.77,16.63,34.09,TTB,Banking,10402.319999999996
2026-07-23,418.34,395.78,814.12,22.56,37.83,TTB,Banking,10424.879999999996
2026-07-24,893.14,615.61,1508.75,277.53,30.25,TTB,Banking,10702.409999999996
2026-07-27,692.13,727.96,1420.1,-35.83,31.13,TTB,Banking,10666.579999999996
2026-07-30,661.81,609.69,1271.5,52.11,34.73,TTB,Banking,10718.689999999997
2026-07-31,795.48,614.34,1409.82,181.14,40.62,TTB,Banking,10899.829999999996
2026-08-03,723.48,483.43,1206.91,240.05,35.06,TTB,Banking,11139.879999999996
2026-08-04,521.74,332.63,854.38,189.11,34.68,TTB,Banking,11328.989999999996
2026-08-05,488.26,323.71,811.97,164.54,34.66,TTB,Banking,11493.529999999997
2026-08-06,559.87,345.58,905.45,214.29,39.24,TTB,Banking,11707.819999999998
2026-08-07,224.89,252.24,477.13,-27.36,37.94,TTB,Banking,11680.459999999997
2026-08-10,305.01,297.96,602.96,7.05,39.25,TTB,Banking,11687.509999999997
2026-08-11,349.84,261.09,610.93,88.75,32.61,TTB,Banking,11776.259999999997
