date,buy_mb,sell_mb,buy_sell_mb,net_mb,nvdr_pct,symbol,sector,cumulative_net_mb
2020-01-02,30.6,57.67,88.28,-27.07,15.88,WHA,Property,-27.07
2020-01-03,47.13,40.82,87.94,6.31,14.96,WHA,Property,-20.76
2020-01-06,85.79,27.99,113.79,57.8,21.59,WHA,Property,37.03999999999999
2020-01-07,66.62,18.23,84.85,48.39,17.89,WHA,Property,85.42999999999999
2020-01-08,99.97,71.04,171.02,28.93,22.72,WHA,Property,114.35999999999999
2020-01-09,138.63,68.83,207.46,69.8,17.37,WHA,Property,184.15999999999997
2020-01-10,102.64,162.98,265.62,-60.34,26.66,WHA,Property,123.81999999999996
2020-01-13,59.12,51.79,110.91,7.33,21.02,WHA,Property,131.14999999999998
2020-01-14,73.37,81.74,155.11,-8.38,33.55,WHA,Property,122.76999999999998
2020-01-15,38.55,28.66,67.2,9.89,10.84,WHA,Property,132.65999999999997
2020-01-16,103.51,44.47,147.98,59.05,18.58,WHA,Property,191.70999999999998
2020-01-17,61.25,42.72,103.97,18.54,22.01,WHA,Property,210.24999999999997
2020-01-20,243.62,220.56,464.18,23.05,26.31,WHA,Property,233.29999999999998
2020-01-21,282.48,143.6,426.08,138.88,22.86,WHA,Property,372.17999999999995
2020-01-22,172.26,105.03,277.29,67.24,21.9,WHA,Property,439.41999999999996
2020-01-23,167.24,89.92,257.16,77.32,17.38,WHA,Property,516.74
2020-01-24,92.98,143.48,236.46,-50.5,14.72,WHA,Property,466.24
2020-01-27,43.49,152.27,195.76,-108.79,14.91,WHA,Property,357.45
2020-01-28,56.51,115.57,172.08,-59.05,19.56,WHA,Property,298.4
2020-01-29,69.11,139.72,208.83,-70.61,22.92,WHA,Property,227.78999999999996
2020-01-30,30.69,57.52,88.2,-26.83,18.87,WHA,Property,200.95999999999998
2020-01-31,31.96,100.48,132.44,-68.52,22.31,WHA,Property,132.44
2020-02-03,65.63,53.79,119.43,11.84,18.45,WHA,Property,144.28
2020-02-04,63.96,65.75,129.71,-1.79,23.2,WHA,Property,142.49
2020-02-05,209.82,165.84,375.66,43.98,27.09,WHA,Property,186.47
2020-02-06,161.68,171.22,332.9,-9.54,32.01,WHA,Property,176.93
2020-02-07,76.65,103.37,180.02,-26.72,24.88,WHA,Property,150.21
2020-02-11,89.81,53.73,143.54,36.07,26.29,WHA,Property,186.28
2020-02-12,66.14,99.23,165.37,-33.09,19.45,WHA,Property,153.19
2020-02-13,16.44,63.51,79.95,-47.06,19.16,WHA,Property,106.13
2020-02-14,97.62,140.22,237.84,-42.6,22.54,WHA,Property,63.529999999999994
2020-02-17,39.15,63.77,102.93,-24.62,19.42,WHA,Property,38.91
2020-02-18,18.2,19.83,38.03,-1.63,15.66,WHA,Property,37.279999999999994
2020-02-19,44.12,51.75,95.87,-7.64,18.6,WHA,Property,29.639999999999993
2020-02-20,77.37,57.61,134.98,19.76,28.01,WHA,Property,49.39999999999999
2020-02-21,43.25,52.94,96.19,-9.68,23.5,WHA,Property,39.71999999999999
2020-02-24,58.67,63.81,122.48,-5.14,18.98,WHA,Property,34.57999999999999
2020-02-25,72.31,76.98,149.29,-4.68,20.76,WHA,Property,29.89999999999999
2020-02-26,76.74,120.66,197.4,-43.92,28.78,WHA,Property,-14.02000000000001
2020-02-27,94.86,138.45,233.3,-43.59,33.63,WHA,Property,-57.610000000000014
2020-02-28,36.9,45.91,82.81,-9.01,22.57,WHA,Property,-66.62000000000002
2020-03-02,118.23,136.52,254.75,-18.28,30.44,WHA,Property,-84.90000000000002
2020-03-03,108.71,200.7,309.41,-91.99,30.42,WHA,Property,-176.89000000000001
2020-03-04,61.19,70.91,132.1,-9.71,25.59,WHA,Property,-186.60000000000002
2020-03-05,57.63,86.93,144.56,-29.29,22.36,WHA,Property,-215.89000000000001
2020-03-06,28.17,31.87,60.03,-3.7,20.17,WHA,Property,-219.59
2020-03-09,42.41,75.3,117.7,-32.89,24.98,WHA,Property,-252.48000000000002
2020-03-10,63.77,124.9,188.67,-61.12,30.27,WHA,Property,-313.6
2020-03-11,56.46,86.3,142.75,-29.84,30.54,WHA,Property,-343.44
2020-03-12,82.57,143.01,225.57,-60.44,25.6,WHA,Property,-403.88
2020-03-13,55.9,75.59,131.5,-19.69,19.91,WHA,Property,-423.57
2020-03-16,37.74,82.04,119.77,-44.3,29.88,WHA,Property,-467.87
2020-03-17,25.75,51.3,77.05,-25.55,22.73,WHA,Property,-493.42
2020-03-18,37.93,108.1,146.04,-70.17,36.03,WHA,Property,-563.59
2020-03-19,41.12,46.87,87.99,-5.74,25.92,WHA,Property,-569.33
2020-03-20,52.4,46.24,98.63,6.16,21.45,WHA,Property,-563.1700000000001
2020-03-23,20.79,31.25,52.03,-10.46,14.2,WHA,Property,-573.6300000000001
2020-03-24,51.12,86.84,137.95,-35.72,30.35,WHA,Property,-609.3500000000001
2020-03-25,33.44,89.57,123.01,-56.12,34.02,WHA,Property,-665.4700000000001
2020-03-26,48.41,87.12,135.53,-38.71,24.39,WHA,Property,-704.1800000000002
2020-03-27,93.29,60.68,153.97,32.6,23.05,WHA,Property,-671.5800000000002
2020-03-30,23.5,15.5,39.0,8.0,24.51,WHA,Property,-663.5800000000002
2020-03-31,42.48,29.72,72.19,12.76,23.6,WHA,Property,-650.8200000000002
2020-04-01,22.81,31.72,54.53,-8.9,20.68,WHA,Property,-659.7200000000001
2020-04-02,31.65,60.42,92.07,-28.78,1.33,WHA,Property,-688.5000000000001
2020-04-03,64.38,118.99,183.36,-54.61,2.39,WHA,Property,-743.1100000000001
2020-04-07,93.57,95.4,188.97,-1.83,19.7,WHA,Property,-744.9400000000002
2020-04-08,65.25,98.2,163.45,-32.95,23.34,WHA,Property,-777.8900000000002
2020-04-09,108.83,88.24,197.08,20.59,21.36,WHA,Property,-757.3000000000002
2020-04-10,60.09,66.67,126.76,-6.58,19.24,WHA,Property,-763.8800000000002
2020-04-13,98.72,66.46,165.18,32.25,17.04,WHA,Property,-731.6300000000002
2020-04-14,145.12,88.35,233.48,56.77,25.39,WHA,Property,-674.8600000000002
2020-04-15,134.36,79.0,213.35,55.36,23.27,WHA,Property,-619.5000000000002
2020-04-16,101.29,61.06,162.35,40.23,15.87,WHA,Property,-579.2700000000002
2020-04-17,78.16,24.19,102.36,53.97,19.37,WHA,Property,-525.3000000000002
2020-04-20,45.93,57.42,103.35,-11.49,19.51,WHA,Property,-536.7900000000002
2020-04-21,19.1,35.0,54.09,-15.9,15.51,WHA,Property,-552.6900000000002
2020-04-22,41.44,39.89,81.32,1.55,20.82,WHA,Property,-551.1400000000002
2020-04-23,52.09,57.93,110.01,-5.84,11.82,WHA,Property,-556.9800000000002
2020-04-24,55.18,72.33,127.51,-17.16,14.75,WHA,Property,-574.1400000000002
2020-04-27,14.36,30.78,45.14,-16.42,18.81,WHA,Property,-590.5600000000002
2020-04-28,44.27,64.41,108.68,-20.14,15.36,WHA,Property,-610.7000000000002
2020-04-29,16.5,15.26,31.77,1.24,10.43,WHA,Property,-609.4600000000002
2020-04-30,34.92,49.27,84.19,-14.35,14.29,WHA,Property,-623.8100000000002
2020-05-05,29.24,37.6,66.84,-8.35,18.21,WHA,Property,-632.1600000000002
2020-05-07,49.15,45.87,95.02,3.28,21.36,WHA,Property,-628.8800000000002
2020-05-08,33.87,30.86,64.73,3.0,18.89,WHA,Property,-625.8800000000002
2020-05-11,19.69,31.28,50.97,-11.59,12.45,WHA,Property,-637.4700000000003
2020-05-12,104.74,87.43,192.16,17.31,19.91,WHA,Property,-620.1600000000003
2020-05-13,27.31,61.08,88.39,-33.77,16.78,WHA,Property,-653.9300000000003
2020-05-14,21.92,36.69,58.61,-14.78,14.85,WHA,Property,-668.7100000000003
2020-05-15,21.95,35.96,57.92,-14.01,12.82,WHA,Property,-682.7200000000003
2020-05-18,28.51,27.85,56.36,0.66,15.71,WHA,Property,-682.0600000000003
2020-05-19,41.7,18.91,60.61,22.79,12.43,WHA,Property,-659.2700000000003
2020-05-20,172.71,139.68,312.39,33.03,10.14,WHA,Property,-626.2400000000004
2020-05-21,67.96,120.48,188.44,-52.53,12.73,WHA,Property,-678.7700000000003
2020-05-22,54.81,68.44,123.25,-13.63,8.98,WHA,Property,-692.4000000000003
2020-05-25,443.5,371.57,815.07,71.93,24.34,WHA,Property,-620.4700000000003
2020-05-26,73.35,132.46,205.81,-59.11,14.1,WHA,Property,-679.5800000000003
2020-05-27,115.8,98.43,214.24,17.37,14.99,WHA,Property,-662.2100000000003
2020-05-28,31.55,83.09,114.64,-51.54,12.3,WHA,Property,-713.7500000000002
2020-05-29,76.36,41.95,118.31,34.42,17.16,WHA,Property,-679.3300000000003
2020-06-01,78.28,58.61,136.89,19.67,18.36,WHA,Property,-659.6600000000003
2020-06-02,70.32,71.3,141.62,-0.98,11.54,WHA,Property,-660.6400000000003
2020-06-04,111.31,93.3,204.61,18.01,13.6,WHA,Property,-642.6300000000003
2020-06-05,150.91,188.04,338.95,-37.13,18.06,WHA,Property,-679.7600000000003
2020-06-08,61.55,75.78,137.33,-14.23,17.98,WHA,Property,-693.9900000000004
2020-06-09,58.51,50.41,108.92,8.1,15.01,WHA,Property,-685.8900000000003
2020-06-10,79.73,41.89,121.62,37.85,16.61,WHA,Property,-648.0400000000003
2020-06-11,72.59,102.5,175.09,-29.91,11.28,WHA,Property,-677.9500000000003
2020-06-12,62.41,248.41,310.82,-186.0,16.72,WHA,Property,-863.9500000000003
2020-06-15,59.14,75.28,134.42,-16.14,12.56,WHA,Property,-880.0900000000003
2020-06-16,127.58,49.81,177.39,77.78,15.49,WHA,Property,-802.3100000000003
2020-06-17,182.39,175.46,357.86,6.93,12.18,WHA,Property,-795.3800000000003
2020-06-18,37.11,99.33,136.44,-62.22,11.54,WHA,Property,-857.6000000000004
2020-06-19,19.87,82.73,102.59,-62.86,7.27,WHA,Property,-920.4600000000004
2020-06-22,30.68,45.14,75.82,-14.46,7.9,WHA,Property,-934.9200000000004
2020-06-23,41.2,29.09,70.28,12.11,15.14,WHA,Property,-922.8100000000004
2020-06-24,48.08,52.5,100.58,-4.42,16.56,WHA,Property,-927.2300000000004
2020-06-25,96.98,68.59,165.57,28.4,15.22,WHA,Property,-898.8300000000004
2020-06-26,29.56,39.74,69.3,-10.19,11.93,WHA,Property,-909.0200000000004
2020-06-29,68.22,34.91,103.12,33.31,20.79,WHA,Property,-875.7100000000005
2020-06-30,55.86,40.1,95.96,15.77,9.38,WHA,Property,-859.9400000000005
2020-07-01,28.67,67.86,96.53,-39.2,18.29,WHA,Property,-899.1400000000006
2020-07-02,65.3,22.36,87.66,42.95,13.16,WHA,Property,-856.1900000000005
2020-07-03,41.24,60.79,102.03,-19.55,15.14,WHA,Property,-875.7400000000005
2020-07-07,39.27,30.28,69.55,8.99,15.06,WHA,Property,-866.7500000000005
2020-07-08,35.7,46.08,81.77,-10.38,19.98,WHA,Property,-877.1300000000005
2020-07-09,68.82,52.47,121.29,16.35,39.61,WHA,Property,-860.7800000000004
2020-07-10,46.61,22.27,68.88,24.34,14.06,WHA,Property,-836.4400000000004
2020-07-13,101.37,68.9,170.27,32.48,34.11,WHA,Property,-803.9600000000004
2020-07-14,72.49,41.38,113.86,31.11,21.1,WHA,Property,-772.8500000000004
2020-07-15,84.73,43.43,128.15,41.3,26.15,WHA,Property,-731.5500000000004
2020-07-16,51.84,35.19,87.03,16.65,21.58,WHA,Property,-714.9000000000004
2020-07-17,59.91,32.23,92.13,27.68,19.94,WHA,Property,-687.2200000000005
2020-07-20,54.0,22.21,76.2,31.79,23.37,WHA,Property,-655.4300000000005
2020-07-21,183.31,92.78,276.09,90.53,18.66,WHA,Property,-564.9000000000005
2020-07-22,56.14,117.29,173.42,-61.15,21.38,WHA,Property,-626.0500000000005
2020-07-23,24.2,68.8,93.0,-44.6,20.3,WHA,Property,-670.6500000000005
2020-07-24,50.96,97.64,148.6,-46.69,22.86,WHA,Property,-717.3400000000006
2020-07-29,29.9,36.47,66.37,-6.57,17.13,WHA,Property,-723.9100000000007
2020-07-30,33.39,43.95,77.34,-10.57,17.41,WHA,Property,-734.4800000000007
2020-07-31,50.36,27.9,78.26,22.46,24.61,WHA,Property,-712.0200000000007
2020-08-03,70.36,68.53,138.89,1.83,20.27,WHA,Property,-710.1900000000006
2020-08-04,18.63,48.08,66.7,-29.45,19.69,WHA,Property,-739.6400000000007
2020-08-05,144.57,107.47,252.04,37.1,18.58,WHA,Property,-702.5400000000006
2020-08-06,44.49,96.32,140.81,-51.82,11.19,WHA,Property,-754.3600000000007
2020-08-07,54.56,54.61,109.17,-0.06,20.11,WHA,Property,-754.4200000000006
2020-08-10,21.75,26.72,48.47,-4.97,28.74,WHA,Property,-759.3900000000007
2020-08-11,36.44,35.99,72.43,0.45,17.58,WHA,Property,-758.9400000000006
2020-08-13,22.92,33.29,56.21,-10.38,12.14,WHA,Property,-769.3200000000006
2020-08-14,30.64,37.47,68.11,-6.83,19.48,WHA,Property,-776.1500000000007
2020-08-17,34.79,30.98,65.77,3.81,12.19,WHA,Property,-772.3400000000007
2020-08-18,53.13,41.41,94.55,11.72,19.91,WHA,Property,-760.6200000000007
2020-08-19,42.56,43.89,86.45,-1.33,18.6,WHA,Property,-761.9500000000007
2020-08-20,29.55,20.18,49.72,9.37,19.14,WHA,Property,-752.5800000000007
2020-08-21,8.99,22.09,31.08,-13.1,11.28,WHA,Property,-765.6800000000007
2020-08-24,30.33,25.61,55.95,4.72,14.3,WHA,Property,-760.9600000000007
2020-08-25,19.59,43.97,63.56,-24.38,17.93,WHA,Property,-785.3400000000007
2020-08-26,28.92,37.11,66.03,-8.19,20.34,WHA,Property,-793.5300000000008
2020-08-27,14.59,17.89,32.48,-3.3,16.1,WHA,Property,-796.8300000000007
2020-08-28,16.21,22.17,38.38,-5.96,23.52,WHA,Property,-802.7900000000008
2020-08-31,36.45,42.31,78.76,-5.86,27.32,WHA,Property,-808.6500000000008
2020-09-01,90.39,52.41,142.8,37.98,19.87,WHA,Property,-770.6700000000008
2020-09-02,56.75,32.79,89.54,23.96,18.98,WHA,Property,-746.7100000000007
2020-09-03,81.39,56.61,138.0,24.78,22.31,WHA,Property,-721.9300000000007
2020-09-08,29.49,17.39,46.87,12.1,18.35,WHA,Property,-709.8300000000007
2020-09-09,70.29,41.9,112.19,28.39,23.37,WHA,Property,-681.4400000000007
2020-09-10,27.6,44.79,72.39,-17.19,23.48,WHA,Property,-698.6300000000008
2020-09-11,40.27,46.43,86.7,-6.16,30.44,WHA,Property,-704.7900000000008
2020-09-14,51.24,23.06,74.3,28.17,24.54,WHA,Property,-676.6200000000008
2020-09-15,36.3,26.56,62.86,9.75,24.72,WHA,Property,-666.8700000000008
2020-09-16,11.86,22.13,33.99,-10.27,17.09,WHA,Property,-677.1400000000008
2020-09-17,23.58,17.33,40.91,6.25,20.01,WHA,Property,-670.8900000000008
2020-09-18,69.52,21.77,91.29,47.75,29.97,WHA,Property,-623.1400000000008
2020-09-21,31.91,30.65,62.56,1.25,29.61,WHA,Property,-621.8900000000008
2020-09-22,52.87,38.35,91.22,14.53,25.74,WHA,Property,-607.3600000000008
2020-09-23,40.43,23.78,64.21,16.65,14.84,WHA,Property,-590.7100000000008
2020-09-24,53.83,39.73,93.56,14.1,19.94,WHA,Property,-576.6100000000008
2020-09-25,30.6,30.26,60.86,0.34,18.45,WHA,Property,-576.2700000000008
2020-09-28,15.19,50.09,65.29,-34.9,18.71,WHA,Property,-611.1700000000008
2020-09-29,18.79,24.84,43.63,-6.05,26.96,WHA,Property,-617.2200000000007
2020-09-30,13.47,35.45,48.92,-21.99,14.82,WHA,Property,-639.2100000000007
2020-10-01,20.32,9.93,30.25,10.4,19.16,WHA,Property,-628.8100000000007
2020-10-02,14.43,23.86,38.29,-9.43,19.95,WHA,Property,-638.2400000000007
2020-10-05,13.65,23.82,37.47,-10.17,24.52,WHA,Property,-648.4100000000007
2020-10-06,56.46,96.89,153.35,-40.43,19.23,WHA,Property,-688.8400000000006
2020-10-07,45.84,86.0,131.84,-40.16,19.15,WHA,Property,-729.0000000000006
2020-10-08,44.35,81.92,126.26,-37.57,15.29,WHA,Property,-766.5700000000006
2020-10-09,33.2,35.46,68.66,-2.26,17.85,WHA,Property,-768.8300000000006
2020-10-12,30.6,43.23,73.83,-12.64,16.8,WHA,Property,-781.4700000000006
2020-10-14,43.91,43.99,87.89,-0.08,16.77,WHA,Property,-781.5500000000006
2020-10-15,28.48,37.28,65.76,-8.79,17.44,WHA,Property,-790.3400000000006
2020-10-16,64.73,45.35,110.08,19.38,15.08,WHA,Property,-770.9600000000006
2020-10-19,74.65,26.13,100.78,48.52,18.13,WHA,Property,-722.4400000000006
2020-10-20,58.47,18.16,76.63,40.3,20.87,WHA,Property,-682.1400000000007
2020-10-21,61.84,25.76,87.6,36.07,18.04,WHA,Property,-646.0700000000006
2020-10-22,159.55,106.38,265.93,53.17,38.8,WHA,Property,-592.9000000000007
2020-10-26,20.69,27.06,47.75,-6.36,18.15,WHA,Property,-599.2600000000007
2020-10-27,19.47,19.94,39.41,-0.47,16.74,WHA,Property,-599.7300000000007
2020-10-28,30.24,49.32,79.56,-19.09,11.86,WHA,Property,-618.8200000000007
2020-10-29,74.25,62.98,137.24,11.27,22.85,WHA,Property,-607.5500000000008
2020-10-30,47.68,25.17,72.84,22.51,26.35,WHA,Property,-585.0400000000008
2020-11-02,30.12,14.32,44.44,15.81,19.92,WHA,Property,-569.2300000000008
2020-11-03,37.71,17.16,54.87,20.54,18.96,WHA,Property,-548.6900000000009
2020-11-04,40.59,46.77,87.36,-6.18,12.08,WHA,Property,-554.8700000000008
2020-11-05,122.57,56.64,179.21,65.92,17.46,WHA,Property,-488.9500000000008
2020-11-06,81.44,65.42,146.86,16.01,18.01,WHA,Property,-472.9400000000008
2020-11-09,120.39,43.14,163.52,77.25,17.94,WHA,Property,-395.6900000000008
2020-11-10,231.54,133.23,364.77,98.31,20.33,WHA,Property,-297.3800000000008
2020-11-11,124.46,118.15,242.6,6.31,23.12,WHA,Property,-291.0700000000008
2020-11-12,50.76,30.51,81.27,20.26,15.77,WHA,Property,-270.8100000000008
2020-11-13,97.9,81.13,179.03,16.76,22.51,WHA,Property,-254.0500000000008
2020-11-16,185.34,150.98,336.32,34.36,9.61,WHA,Property,-219.6900000000008
2020-11-17,154.59,172.72,327.31,-18.13,13.83,WHA,Property,-237.8200000000008
2020-11-18,109.07,43.54,152.61,65.53,24.22,WHA,Property,-172.2900000000008
2020-11-19,56.98,113.16,170.14,-56.19,17.92,WHA,Property,-228.48000000000079
2020-11-20,99.47,110.47,209.94,-11.01,10.84,WHA,Property,-239.49000000000078
2020-11-23,109.44,99.97,209.41,9.47,10.99,WHA,Property,-230.02000000000078
2020-11-24,85.21,93.84,179.04,-8.63,9.92,WHA,Property,-238.65000000000077
2020-11-25,75.73,61.49,137.22,14.24,9.86,WHA,Property,-224.41000000000076
2020-11-26,33.23,26.94,60.17,6.29,16.19,WHA,Property,-218.12000000000077
2020-11-27,76.18,139.06,215.23,-62.88,11.43,WHA,Property,-281.0000000000008
2020-11-30,180.98,141.53,322.52,39.45,22.58,WHA,Property,-241.5500000000008
2020-12-01,44.4,114.54,158.93,-70.14,17.33,WHA,Property,-311.6900000000008
2020-12-02,68.32,77.19,145.51,-8.87,16.91,WHA,Property,-320.5600000000008
2020-12-03,115.3,113.25,228.55,2.05,18.33,WHA,Property,-318.5100000000008
2020-12-04,127.6,52.61,180.21,74.99,17.09,WHA,Property,-243.52000000000078
2020-12-08,116.07,68.57,184.64,47.5,25.14,WHA,Property,-196.02000000000078
2020-12-09,90.28,73.33,163.61,16.95,22.59,WHA,Property,-179.0700000000008
2020-12-14,170.93,147.78,318.71,23.15,19.38,WHA,Property,-155.92000000000078
2020-12-15,69.65,76.41,146.06,-6.77,21.04,WHA,Property,-162.6900000000008
2020-12-16,98.0,104.4,202.4,-6.41,10.21,WHA,Property,-169.1000000000008
2020-12-17,55.56,106.49,162.05,-50.94,15.58,WHA,Property,-220.0400000000008
2020-12-18,106.49,85.1,191.59,21.39,17.98,WHA,Property,-198.65000000000077
2020-12-21,141.46,137.59,279.04,3.87,14.61,WHA,Property,-194.78000000000077
2020-12-22,118.82,77.29,196.11,41.53,15.71,WHA,Property,-153.25000000000077
2020-12-23,65.55,96.7,162.25,-31.15,19.06,WHA,Property,-184.40000000000077
2020-12-24,41.79,43.33,85.11,-1.54,15.06,WHA,Property,-185.94000000000077
2020-12-25,38.59,42.81,81.4,-4.22,15.05,WHA,Property,-190.16000000000076
2020-12-28,71.45,50.76,122.22,20.69,18.39,WHA,Property,-169.47000000000077
2020-12-29,69.71,37.07,106.78,32.64,23.13,WHA,Property,-136.83000000000078
2020-12-30,140.33,88.16,228.49,52.18,20.81,WHA,Property,-84.65000000000077
2021-01-04,83.38,89.71,173.09,-6.33,21.83,WHA,Property,-90.98000000000077
2021-01-05,90.87,79.8,170.66,11.07,13.13,WHA,Property,-79.91000000000076
2021-01-06,51.41,97.51,148.92,-46.1,18.64,WHA,Property,-126.01000000000076
2021-01-07,58.35,104.56,162.92,-46.21,20.1,WHA,Property,-172.22000000000077
2021-01-08,74.99,62.57,137.56,12.42,21.34,WHA,Property,-159.80000000000078
2021-01-11,34.54,33.39,67.92,1.15,23.04,WHA,Property,-158.65000000000077
2021-01-12,73.4,28.38,101.78,45.03,16.39,WHA,Property,-113.62000000000077
2021-01-13,68.25,51.39,119.64,16.86,13.8,WHA,Property,-96.76000000000077
2021-01-14,53.45,88.21,141.66,-34.75,30.29,WHA,Property,-131.5100000000008
2021-01-15,32.17,41.53,73.7,-9.36,18.74,WHA,Property,-140.8700000000008
2021-01-18,6.59,24.67,31.27,-18.08,16.88,WHA,Property,-158.95000000000078
2021-01-19,32.29,66.08,98.37,-33.78,18.25,WHA,Property,-192.73000000000079
2021-01-20,49.67,33.92,83.59,15.74,21.49,WHA,Property,-176.99000000000078
2021-01-21,28.12,44.28,72.4,-16.17,21.39,WHA,Property,-193.16000000000076
2021-01-22,45.67,27.24,72.91,18.42,20.3,WHA,Property,-174.74000000000075
2021-01-25,44.99,15.4,60.4,29.59,11.57,WHA,Property,-145.15000000000074
2021-01-26,65.65,39.9,105.55,25.75,20.97,WHA,Property,-119.40000000000074
2021-01-27,156.31,117.55,273.87,38.76,19.89,WHA,Property,-80.64000000000075
2021-01-28,31.78,92.15,123.93,-60.37,17.34,WHA,Property,-141.01000000000076
2021-01-29,45.08,68.06,113.14,-22.97,19.05,WHA,Property,-163.98000000000076
2021-02-01,20.23,40.13,60.36,-19.89,19.36,WHA,Property,-183.87000000000074
2021-02-02,49.02,32.22,81.24,16.81,19.93,WHA,Property,-167.06000000000074
2021-02-03,66.32,58.89,125.2,7.43,17.87,WHA,Property,-159.63000000000073
2021-02-04,113.52,98.65,212.17,14.88,17.43,WHA,Property,-144.75000000000074
2021-02-05,97.54,60.72,158.26,36.81,14.3,WHA,Property,-107.94000000000074
2021-02-08,177.72,113.36,291.08,64.36,19.95,WHA,Property,-43.58000000000074
2021-02-09,88.03,118.56,206.59,-30.52,11.39,WHA,Property,-74.10000000000073
2021-02-10,91.73,46.81,138.55,44.92,27.01,WHA,Property,-29.18000000000073
2021-02-11,104.83,83.46,188.3,21.37,35.17,WHA,Property,-7.810000000000731
2021-02-15,140.14,41.6,181.74,98.54,24.4,WHA,Property,90.72999999999928
2021-02-16,30.74,27.39,58.13,3.35,18.48,WHA,Property,94.07999999999927
2021-02-17,39.39,33.85,73.24,5.54,14.77,WHA,Property,99.61999999999928
2021-02-18,34.9,35.78,70.68,-0.88,23.03,WHA,Property,98.73999999999928
2021-02-19,74.01,105.08,179.09,-31.07,37.11,WHA,Property,67.66999999999928
2021-02-22,104.78,120.59,225.37,-15.81,40.67,WHA,Property,51.859999999999275
2021-02-23,42.72,88.12,130.84,-45.39,29.01,WHA,Property,6.469999999999274
2021-02-24,53.63,38.88,92.51,14.75,30.78,WHA,Property,21.219999999999274
2021-02-25,36.25,49.94,86.19,-13.69,23.24,WHA,Property,7.529999999999275
2021-03-01,64.58,40.05,104.63,24.53,17.04,WHA,Property,32.05999999999928
2021-03-02,57.78,35.44,93.22,22.34,18.9,WHA,Property,54.39999999999928
2021-03-03,34.47,21.03,55.5,13.45,20.34,WHA,Property,67.84999999999928
2021-03-04,70.31,42.51,112.81,27.8,25.36,WHA,Property,95.64999999999928
2021-03-05,101.61,51.9,153.51,49.71,21.82,WHA,Property,145.35999999999927
2021-03-08,43.03,35.36,78.38,7.67,23.52,WHA,Property,153.02999999999926
2021-03-09,176.08,145.12,321.2,30.95,13.25,WHA,Property,183.97999999999925
2021-03-10,68.36,91.32,159.68,-22.96,11.9,WHA,Property,161.01999999999924
2021-03-11,49.83,62.91,112.74,-13.08,12.71,WHA,Property,147.93999999999923
2021-03-12,130.72,117.11,247.83,13.61,19.33,WHA,Property,161.54999999999922
2021-03-15,36.4,39.55,75.96,-3.15,14.12,WHA,Property,158.3999999999992
2021-03-16,69.85,94.46,164.31,-24.6,11.34,WHA,Property,133.79999999999922
2021-03-17,34.91,78.62,113.53,-43.72,15.05,WHA,Property,90.07999999999922
2021-03-18,49.03,84.49,133.53,-35.46,11.29,WHA,Property,54.619999999999216
2021-03-19,35.66,47.46,83.12,-11.8,18.18,WHA,Property,42.81999999999921
2021-03-22,22.41,67.94,90.35,-45.53,9.85,WHA,Property,-2.7100000000007896
2021-03-23,56.83,57.54,114.37,-0.7,21.44,WHA,Property,-3.4100000000007897
2021-03-24,52.19,28.37,80.56,23.82,17.51,WHA,Property,20.40999999999921
2021-03-25,83.58,38.9,122.48,44.68,19.36,WHA,Property,65.08999999999921
2021-03-26,118.79,22.79,141.58,96.0,17.61,WHA,Property,161.0899999999992
2021-03-29,62.85,43.86,106.7,18.99,29.04,WHA,Property,180.07999999999922
2021-03-30,74.33,13.16,87.49,61.17,20.7,WHA,Property,241.2499999999992
2021-03-31,97.63,54.53,152.16,43.09,16.87,WHA,Property,284.33999999999924
2021-04-01,47.92,53.91,101.83,-5.98,20.07,WHA,Property,278.3599999999992
2021-04-02,40.78,62.31,103.09,-21.53,15.0,WHA,Property,256.82999999999925
2021-04-05,32.61,63.32,95.93,-30.71,21.49,WHA,Property,226.11999999999924
2021-04-07,105.29,50.51,155.8,54.79,20.31,WHA,Property,280.90999999999923
2021-04-08,140.51,48.57,189.08,91.94,19.41,WHA,Property,372.8499999999992
2021-04-09,17.25,16.78,34.04,0.47,9.42,WHA,Property,373.31999999999925
2021-04-12,90.12,40.47,130.59,49.64,21.61,WHA,Property,422.95999999999924
2021-04-16,80.26,57.54,137.79,22.72,19.79,WHA,Property,445.67999999999927
2021-04-19,93.76,87.56,181.32,6.19,29.68,WHA,Property,451.86999999999927
2021-04-20,71.55,48.84,120.4,22.71,30.28,WHA,Property,474.57999999999925
2021-04-21,49.57,33.2,82.76,16.37,33.34,WHA,Property,490.94999999999925
2021-04-22,81.68,81.26,162.94,0.42,35.22,WHA,Property,491.36999999999927
2021-04-23,38.82,54.53,93.35,-15.71,25.32,WHA,Property,475.6599999999993
2021-04-26,44.81,69.92,114.73,-25.11,24.09,WHA,Property,450.5499999999993
2021-04-27,22.61,40.35,62.95,-17.74,21.02,WHA,Property,432.80999999999926
2021-04-28,17.36,14.56,31.92,2.8,13.1,WHA,Property,435.6099999999993
2021-04-29,123.06,84.67,207.73,38.4,16.74,WHA,Property,474.00999999999925
2021-04-30,48.77,101.98,150.75,-53.21,18.52,WHA,Property,420.7999999999993
2021-05-05,37.75,99.72,137.48,-61.97,17.15,WHA,Property,358.82999999999925
2021-05-06,61.63,53.8,115.43,7.83,26.88,WHA,Property,366.65999999999923
2021-05-07,36.92,31.27,68.19,5.66,19.03,WHA,Property,372.31999999999925
2021-05-10,55.58,34.65,90.23,20.93,30.02,WHA,Property,393.24999999999926
2021-05-11,65.1,62.38,127.48,2.72,26.92,WHA,Property,395.9699999999993
2021-05-12,106.1,134.87,240.97,-28.77,25.74,WHA,Property,367.1999999999993
2021-05-13,187.58,87.53,275.11,100.05,24.33,WHA,Property,467.2499999999993
2021-05-14,89.18,77.36,166.54,11.82,23.31,WHA,Property,479.0699999999993
2021-05-17,103.08,71.39,174.47,31.69,24.76,WHA,Property,510.7599999999993
2021-05-18,235.19,96.51,331.7,138.68,16.0,WHA,Property,649.4399999999994
2021-05-19,248.73,151.55,400.28,97.18,20.81,WHA,Property,746.6199999999994
2021-05-20,61.7,168.75,230.45,-107.05,19.96,WHA,Property,639.5699999999995
2021-05-21,54.01,72.51,126.53,-18.5,4.48,WHA,Property,621.0699999999995
2021-05-24,48.2,64.14,112.34,-15.94,27.07,WHA,Property,605.1299999999994
2021-05-25,31.84,40.51,72.35,-8.67,19.96,WHA,Property,596.4599999999995
2021-05-27,95.88,77.18,173.06,18.69,21.2,WHA,Property,615.1499999999995
2021-05-28,63.87,61.03,124.9,2.84,22.74,WHA,Property,617.9899999999996
2021-05-31,60.54,44.26,104.8,16.27,20.87,WHA,Property,634.2599999999995
2021-06-01,290.63,202.21,492.84,88.42,25.67,WHA,Property,722.6799999999995
2021-06-02,68.94,146.62,215.56,-77.69,15.4,WHA,Property,644.9899999999996
2021-06-04,44.94,67.0,111.94,-22.06,18.65,WHA,Property,622.9299999999996
2021-06-07,43.39,64.84,108.23,-21.45,20.96,WHA,Property,601.4799999999996
2021-06-08,48.67,35.1,83.77,13.57,25.41,WHA,Property,615.0499999999996
2021-06-09,32.84,115.8,148.63,-82.96,17.64,WHA,Property,532.0899999999996
2021-06-10,88.75,114.15,202.89,-25.4,16.08,WHA,Property,506.6899999999996
2021-06-11,31.84,18.65,50.49,13.19,18.08,WHA,Property,519.8799999999997
2021-06-14,24.85,33.13,57.98,-8.28,25.74,WHA,Property,511.5999999999997
2021-06-15,54.59,34.01,88.6,20.58,23.68,WHA,Property,532.1799999999997
2021-06-16,82.68,47.88,130.56,34.8,15.17,WHA,Property,566.9799999999997
2021-06-17,140.66,116.23,256.89,24.43,18.48,WHA,Property,591.4099999999996
2021-06-18,68.93,47.79,116.72,21.14,20.69,WHA,Property,612.5499999999996
2021-06-21,60.85,65.86,126.71,-5.01,21.4,WHA,Property,607.5399999999996
2021-06-22,69.22,52.7,121.92,16.53,16.33,WHA,Property,624.0699999999996
2021-06-23,46.17,48.65,94.82,-2.47,19.14,WHA,Property,621.5999999999996
2021-06-24,57.39,67.29,124.68,-9.9,21.89,WHA,Property,611.6999999999996
2021-06-25,52.83,44.23,97.06,8.59,22.33,WHA,Property,620.2899999999996
2021-06-28,62.59,26.93,89.52,35.66,24.97,WHA,Property,655.9499999999996
2021-06-29,46.32,46.82,93.14,-0.5,26.94,WHA,Property,655.4499999999996
2021-06-30,74.46,67.67,142.14,6.79,18.08,WHA,Property,662.2399999999996
2021-07-01,25.08,4.7,29.78,20.38,16.91,WHA,Property,682.6199999999995
2021-07-02,26.79,34.27,61.06,-7.47,22.23,WHA,Property,675.1499999999995
2021-07-05,32.99,28.94,61.93,4.05,24.48,WHA,Property,679.1999999999995
2021-07-06,35.68,25.83,61.52,9.85,21.67,WHA,Property,689.0499999999995
2021-07-07,28.78,45.4,74.17,-16.62,24.9,WHA,Property,672.4299999999995
2021-07-08,111.01,28.51,139.52,82.5,17.61,WHA,Property,754.9299999999995
2021-07-09,60.2,38.24,98.44,21.97,15.19,WHA,Property,776.8999999999995
2021-07-12,16.81,39.84,56.65,-23.03,24.7,WHA,Property,753.8699999999995
2021-07-13,34.0,26.26,60.26,7.74,18.91,WHA,Property,761.6099999999996
2021-07-14,13.75,57.69,71.44,-43.95,16.39,WHA,Property,717.6599999999995
2021-07-15,11.51,41.24,52.75,-29.73,19.26,WHA,Property,687.9299999999995
2021-07-16,59.31,45.52,104.83,13.78,20.86,WHA,Property,701.7099999999995
2021-07-19,17.44,8.03,25.47,9.41,17.68,WHA,Property,711.1199999999994
2021-07-20,20.8,25.29,46.09,-4.49,10.53,WHA,Property,706.6299999999994
2021-07-21,17.93,21.12,39.05,-3.19,16.27,WHA,Property,703.4399999999994
2021-07-22,17.34,21.16,38.49,-3.82,17.52,WHA,Property,699.6199999999993
2021-07-23,44.0,21.38,65.38,22.62,25.67,WHA,Property,722.2399999999993
2021-07-27,14.82,22.03,36.85,-7.21,12.5,WHA,Property,715.0299999999993
2021-07-29,25.0,39.97,64.97,-14.97,8.87,WHA,Property,700.0599999999993
2021-07-30,28.76,45.07,73.84,-16.31,16.32,WHA,Property,683.7499999999993
2021-08-02,16.89,16.66,33.55,0.23,19.99,WHA,Property,683.9799999999993
2021-08-03,100.45,30.67,131.13,69.78,31.11,WHA,Property,753.7599999999993
2021-08-04,15.77,20.35,36.12,-4.58,21.31,WHA,Property,749.1799999999993
2021-08-05,19.11,22.32,41.43,-3.21,30.71,WHA,Property,745.9699999999992
2021-08-06,10.67,20.14,30.81,-9.46,28.53,WHA,Property,736.5099999999992
2021-08-09,15.7,12.86,28.56,2.84,23.07,WHA,Property,739.3499999999992
2021-08-10,19.78,25.38,45.16,-5.6,24.91,WHA,Property,733.7499999999992
2021-08-11,22.14,21.76,43.9,0.38,27.51,WHA,Property,734.1299999999992
2021-08-13,25.77,10.61,36.37,15.16,19.25,WHA,Property,749.2899999999992
2021-08-16,23.36,33.03,56.39,-9.67,36.97,WHA,Property,739.6199999999992
2021-08-17,31.71,36.03,67.74,-4.32,24.44,WHA,Property,735.2999999999992
2021-08-18,85.38,42.0,127.38,43.38,16.75,WHA,Property,778.6799999999992
2021-08-19,29.49,20.45,49.94,9.03,21.93,WHA,Property,787.7099999999991
2021-08-20,63.24,22.34,85.58,40.9,25.57,WHA,Property,828.6099999999991
2021-08-23,43.36,69.01,112.37,-25.65,14.43,WHA,Property,802.9599999999991
2021-08-24,48.17,83.42,131.59,-35.26,15.52,WHA,Property,767.6999999999991
2021-08-25,40.21,16.47,56.68,23.74,22.71,WHA,Property,791.4399999999991
2021-08-26,67.98,40.68,108.66,27.29,23.06,WHA,Property,818.7299999999991
2021-08-27,57.44,33.8,91.23,23.64,20.99,WHA,Property,842.3699999999991
2021-08-30,70.62,30.98,101.59,39.64,15.75,WHA,Property,882.0099999999991
2021-08-31,49.8,32.57,82.37,17.24,24.99,WHA,Property,899.2499999999991
2021-09-01,78.49,70.32,148.81,8.17,27.96,WHA,Property,907.419999999999
2021-09-02,49.21,14.79,64.0,34.42,32.19,WHA,Property,941.839999999999
2021-09-03,68.27,39.5,107.78,28.77,26.59,WHA,Property,970.609999999999
2021-09-06,60.49,32.29,92.78,28.2,20.1,WHA,Property,998.809999999999
2021-09-07,42.84,39.43,82.27,3.41,25.5,WHA,Property,1002.219999999999
2021-09-08,51.2,82.79,134.0,-31.59,21.01,WHA,Property,970.629999999999
2021-09-09,44.69,39.53,84.22,5.16,35.0,WHA,Property,975.7899999999989
2021-09-10,22.4,35.95,58.34,-13.55,33.47,WHA,Property,962.239999999999
2021-09-13,34.3,25.6,59.9,8.7,30.17,WHA,Property,970.939999999999
2021-09-14,43.78,55.48,99.26,-11.7,35.13,WHA,Property,959.239999999999
2021-09-15,113.05,94.76,207.81,18.29,15.46,WHA,Property,977.529999999999
2021-09-16,59.87,74.86,134.73,-14.99,24.53,WHA,Property,962.5399999999989
2021-09-17,81.14,65.12,146.25,16.02,25.0,WHA,Property,978.5599999999989
2021-09-20,77.23,47.48,124.71,29.74,37.13,WHA,Property,1008.2999999999989
2021-09-21,61.28,16.2,77.48,45.09,26.87,WHA,Property,1053.389999999999
2021-09-22,34.01,27.87,61.88,6.14,19.18,WHA,Property,1059.529999999999
2021-09-23,29.97,20.6,50.57,9.37,18.11,WHA,Property,1068.899999999999
2021-09-27,87.02,45.77,132.79,41.26,20.51,WHA,Property,1110.159999999999
2021-09-28,43.25,97.5,140.74,-54.25,25.39,WHA,Property,1055.909999999999
2021-09-29,131.57,124.64,256.22,6.93,31.22,WHA,Property,1062.839999999999
2021-09-30,79.5,205.24,284.74,-125.75,26.87,WHA,Property,937.089999999999
2021-10-01,47.64,83.47,131.11,-35.83,24.94,WHA,Property,901.259999999999
2021-10-04,155.57,64.43,220.0,91.13,21.66,WHA,Property,992.389999999999
2021-10-05,128.34,95.44,223.77,32.9,19.69,WHA,Property,1025.289999999999
2021-10-06,232.15,375.82,607.97,-143.68,27.39,WHA,Property,881.609999999999
2021-10-07,53.3,123.48,176.78,-70.18,28.23,WHA,Property,811.4299999999989
2021-10-08,88.21,135.34,223.55,-47.12,41.04,WHA,Property,764.3099999999989
2021-10-11,75.14,128.09,203.23,-52.95,33.9,WHA,Property,711.3599999999989
2021-10-12,406.67,268.55,675.22,138.13,24.58,WHA,Property,849.4899999999989
2021-10-14,81.59,133.4,214.99,-51.82,19.98,WHA,Property,797.6699999999988
2021-10-15,59.89,121.17,181.06,-61.27,27.17,WHA,Property,736.3999999999988
2021-10-18,105.63,123.5,229.13,-17.86,36.81,WHA,Property,718.5399999999988
2021-10-19,120.46,158.42,278.89,-37.96,24.09,WHA,Property,680.5799999999988
2021-10-20,97.4,111.95,209.35,-14.55,32.53,WHA,Property,666.0299999999988
2021-10-21,100.46,145.19,245.66,-44.73,42.71,WHA,Property,621.2999999999988
2021-10-25,94.0,139.19,233.19,-45.18,23.76,WHA,Property,576.1199999999989
2021-10-26,55.52,124.15,179.67,-68.63,27.43,WHA,Property,507.4899999999989
2021-10-27,46.79,100.5,147.28,-53.71,20.09,WHA,Property,453.7799999999989
2021-10-28,38.7,52.32,91.02,-13.62,26.11,WHA,Property,440.1599999999989
2021-10-29,46.69,63.29,109.98,-16.6,30.47,WHA,Property,423.55999999999887
2021-11-01,92.91,98.86,191.77,-5.95,18.73,WHA,Property,417.6099999999989
2021-11-02,156.85,164.82,321.67,-7.96,19.56,WHA,Property,409.6499999999989
2021-11-03,47.46,115.91,163.37,-68.45,21.32,WHA,Property,341.1999999999989
2021-11-04,14.1,22.76,36.86,-8.66,23.43,WHA,Property,332.5399999999989
2021-11-05,45.72,71.59,117.3,-25.87,33.58,WHA,Property,306.6699999999989
2021-11-08,38.89,34.97,73.86,3.91,18.3,WHA,Property,310.5799999999989
2021-11-09,49.32,19.49,68.81,29.83,24.35,WHA,Property,340.4099999999989
2021-11-10,102.07,88.91,190.98,13.16,17.63,WHA,Property,353.5699999999989
2021-11-11,23.07,43.44,66.51,-20.38,14.39,WHA,Property,333.1899999999989
2021-11-12,31.07,31.77,62.84,-0.69,13.9,WHA,Property,332.4999999999989
2021-11-15,33.83,25.03,58.86,8.8,26.62,WHA,Property,341.29999999999893
2021-11-16,153.87,90.7,244.57,63.17,22.1,WHA,Property,404.46999999999895
2021-11-17,112.94,148.0,260.93,-35.06,24.26,WHA,Property,369.40999999999894
2021-11-18,87.18,114.2,201.37,-27.02,20.32,WHA,Property,342.38999999999896
2021-11-19,297.12,271.83,568.95,25.29,22.34,WHA,Property,367.679999999999
2021-11-22,86.73,76.5,163.23,10.23,22.19,WHA,Property,377.909999999999
2021-11-23,112.46,105.9,218.37,6.56,32.99,WHA,Property,384.469999999999
2021-11-24,39.57,69.0,108.57,-29.43,32.05,WHA,Property,355.039999999999
2021-11-25,110.8,75.21,186.01,35.59,23.28,WHA,Property,390.629999999999
2021-11-26,332.15,156.97,489.12,175.18,28.41,WHA,Property,565.809999999999
2021-11-29,162.81,87.26,250.08,75.55,23.9,WHA,Property,641.359999999999
2021-11-30,251.19,157.45,408.65,93.74,29.58,WHA,Property,735.099999999999
2021-12-01,111.31,194.52,305.83,-83.22,26.82,WHA,Property,651.879999999999
2021-12-02,46.0,97.74,143.73,-51.74,32.74,WHA,Property,600.139999999999
2021-12-03,50.0,54.1,104.1,-4.09,37.38,WHA,Property,596.0499999999989
2021-12-07,70.74,56.46,127.2,14.28,32.34,WHA,Property,610.3299999999989
2021-12-08,39.18,110.46,149.64,-71.28,28.76,WHA,Property,539.0499999999989
2021-12-09,22.43,84.66,107.09,-62.22,18.36,WHA,Property,476.8299999999989
2021-12-13,43.89,46.32,90.2,-2.43,27.5,WHA,Property,474.3999999999989
2021-12-14,38.84,21.06,59.91,17.78,27.85,WHA,Property,492.1799999999989
2021-12-15,125.92,92.83,218.75,33.1,23.02,WHA,Property,525.279999999999
2021-12-16,81.3,77.4,158.7,3.89,25.8,WHA,Property,529.1699999999989
2021-12-17,44.52,40.66,85.18,3.86,24.42,WHA,Property,533.029999999999
2021-12-20,140.52,72.87,213.39,67.66,32.39,WHA,Property,600.6899999999989
2021-12-21,79.32,103.34,182.67,-24.02,35.33,WHA,Property,576.6699999999989
2021-12-22,58.69,82.06,140.76,-23.37,32.74,WHA,Property,553.2999999999989
2021-12-23,63.16,113.47,176.62,-50.31,29.83,WHA,Property,502.98999999999893
2021-12-24,48.02,66.3,114.33,-18.28,35.41,WHA,Property,484.7099999999989
2021-12-27,23.1,19.69,42.79,3.4,24.31,WHA,Property,488.1099999999989
2021-12-28,74.69,59.37,134.06,15.31,22.7,WHA,Property,503.4199999999989
2021-12-29,80.27,66.83,147.1,13.44,25.78,WHA,Property,516.8599999999989
2021-12-30,62.56,65.34,127.89,-2.78,23.36,WHA,Property,514.0799999999989
2022-01-04,58.4,63.0,121.41,-4.6,23.73,WHA,Property,509.4799999999989
2022-01-05,23.05,43.08,66.13,-20.03,24.94,WHA,Property,489.4499999999989
2022-01-06,41.94,44.93,86.88,-2.99,17.7,WHA,Property,486.4599999999989
2022-01-07,50.26,56.16,106.42,-5.9,27.69,WHA,Property,480.5599999999989
2022-01-10,41.38,56.11,97.49,-14.74,32.31,WHA,Property,465.8199999999989
2022-01-11,105.16,34.48,139.65,70.68,14.43,WHA,Property,536.4999999999989
2022-01-12,128.25,62.8,191.05,65.45,19.88,WHA,Property,601.9499999999989
2022-01-13,55.19,73.53,128.73,-18.34,22.22,WHA,Property,583.6099999999989
2022-01-14,24.81,46.29,71.1,-21.47,24.09,WHA,Property,562.1399999999988
2022-01-17,53.62,81.37,134.99,-27.75,25.09,WHA,Property,534.3899999999988
2022-01-18,59.25,63.18,122.43,-3.93,16.65,WHA,Property,530.4599999999989
2022-01-19,68.87,81.21,150.08,-12.34,25.29,WHA,Property,518.1199999999989
2022-01-20,63.68,64.38,128.05,-0.7,12.91,WHA,Property,517.4199999999988
2022-01-21,118.62,150.61,269.23,-31.99,22.23,WHA,Property,485.4299999999988
2022-01-24,59.0,57.31,116.31,1.69,25.01,WHA,Property,487.1199999999988
2022-01-25,59.82,58.51,118.33,1.31,24.94,WHA,Property,488.4299999999988
2022-01-26,47.17,33.78,80.94,13.39,22.93,WHA,Property,501.8199999999988
2022-01-27,64.26,77.89,142.14,-13.63,25.65,WHA,Property,488.1899999999988
2022-01-28,17.05,20.3,37.35,-3.25,23.04,WHA,Property,484.9399999999988
2022-01-31,58.29,36.55,94.84,21.74,24.09,WHA,Property,506.6799999999988
2022-02-01,53.92,42.23,96.15,11.7,23.86,WHA,Property,518.3799999999989
2022-02-02,55.68,47.82,103.49,7.86,27.39,WHA,Property,526.2399999999989
2022-02-03,182.27,160.55,342.81,21.72,23.9,WHA,Property,547.9599999999989
2022-02-04,39.32,42.78,82.1,-3.47,19.52,WHA,Property,544.4899999999989
2022-02-07,27.11,43.73,70.84,-16.62,24.85,WHA,Property,527.8699999999989
2022-02-08,65.28,45.58,110.86,19.69,17.71,WHA,Property,547.5599999999989
2022-02-09,117.87,77.35,195.22,40.52,22.86,WHA,Property,588.0799999999989
2022-02-10,69.54,64.5,134.04,5.04,21.23,WHA,Property,593.1199999999989
2022-02-11,69.47,72.97,142.44,-3.5,23.96,WHA,Property,589.6199999999989
2022-02-14,77.2,56.82,134.02,20.38,34.03,WHA,Property,609.9999999999989
2022-02-15,46.26,42.05,88.3,4.21,30.86,WHA,Property,614.2099999999989
2022-02-17,188.57,276.53,465.1,-87.96,24.19,WHA,Property,526.2499999999989
2022-02-18,33.45,53.25,86.7,-19.79,14.43,WHA,Property,506.45999999999884
2022-02-21,102.2,131.11,233.31,-28.91,27.16,WHA,Property,477.5499999999988
2022-02-22,98.01,109.27,207.28,-11.26,23.34,WHA,Property,466.2899999999988
2022-02-23,46.0,29.19,75.19,16.8,16.88,WHA,Property,483.08999999999884
2022-02-24,127.61,197.43,325.04,-69.82,24.44,WHA,Property,413.26999999999884
2022-02-25,71.4,70.69,142.1,0.71,27.47,WHA,Property,413.9799999999988
2022-02-28,57.05,42.66,99.72,14.39,30.18,WHA,Property,428.3699999999988
2022-03-01,54.09,65.78,119.87,-11.69,22.0,WHA,Property,416.6799999999988
2022-03-02,43.23,82.83,126.06,-39.6,31.93,WHA,Property,377.0799999999988
2022-03-03,45.55,63.61,109.16,-18.06,24.9,WHA,Property,359.0199999999988
2022-03-04,58.24,51.55,109.79,6.69,25.42,WHA,Property,365.7099999999988
2022-03-07,119.67,178.54,298.21,-58.87,25.73,WHA,Property,306.8399999999988
2022-03-08,302.18,149.34,451.51,152.84,31.8,WHA,Property,459.6799999999988
2022-03-09,105.88,94.48,200.36,11.41,25.28,WHA,Property,471.08999999999884
2022-03-10,65.22,166.29,231.51,-101.07,31.0,WHA,Property,370.01999999999884
2022-03-11,37.71,42.76,80.46,-5.05,37.2,WHA,Property,364.96999999999883
2022-03-14,43.0,49.42,92.42,-6.43,35.48,WHA,Property,358.5399999999988
2022-03-15,39.49,48.61,88.1,-9.12,19.68,WHA,Property,349.4199999999988
2022-03-16,54.75,68.99,123.74,-14.23,23.05,WHA,Property,335.1899999999988
2022-03-17,38.16,32.96,71.12,5.2,28.15,WHA,Property,340.3899999999988
2022-03-18,177.91,91.93,269.84,85.98,40.38,WHA,Property,426.3699999999988
2022-03-21,20.1,29.65,49.75,-9.55,26.07,WHA,Property,416.8199999999988
2022-03-22,12.53,22.51,35.04,-9.99,14.08,WHA,Property,406.8299999999988
2022-03-23,50.87,30.6,81.47,20.28,33.08,WHA,Property,427.10999999999876
2022-03-24,12.42,8.48,20.91,3.94,27.42,WHA,Property,431.04999999999876
2022-03-25,19.67,17.46,37.13,2.21,28.1,WHA,Property,433.25999999999874
2022-03-28,8.38,7.46,15.84,0.92,13.77,WHA,Property,434.17999999999876
2022-03-29,23.95,49.96,73.91,-26.01,28.31,WHA,Property,408.16999999999877
2022-03-30,20.23,13.15,33.38,7.09,16.54,WHA,Property,415.25999999999874
2022-03-31,25.08,18.79,43.87,6.28,24.97,WHA,Property,421.5399999999987
2022-04-01,16.81,17.2,34.01,-0.39,20.35,WHA,Property,421.1499999999987
2022-04-04,19.61,5.69,25.3,13.92,20.51,WHA,Property,435.06999999999874
2022-04-05,16.68,14.45,31.13,2.24,23.54,WHA,Property,437.30999999999875
2022-04-07,24.58,22.87,47.45,1.71,22.66,WHA,Property,439.01999999999873
2022-04-08,25.83,16.97,42.8,8.86,38.25,WHA,Property,447.87999999999874
2022-04-11,30.46,21.66,52.12,8.81,34.24,WHA,Property,456.68999999999875
2022-04-12,36.48,13.38,49.86,23.1,27.03,WHA,Property,479.78999999999877
2022-04-18,47.67,36.0,83.67,11.67,34.06,WHA,Property,491.4599999999988
2022-04-19,11.37,31.16,42.52,-19.79,23.92,WHA,Property,471.66999999999877
2022-04-20,33.97,30.63,64.6,3.34,24.54,WHA,Property,475.00999999999874
2022-04-21,25.74,20.0,45.74,5.74,27.39,WHA,Property,480.74999999999875
2022-04-22,36.35,46.94,83.3,-10.59,24.84,WHA,Property,470.1599999999988
2022-04-25,36.78,14.18,50.96,22.6,25.21,WHA,Property,492.7599999999988
2022-04-26,83.38,30.95,114.33,52.44,25.15,WHA,Property,545.1999999999988
2022-04-27,30.01,25.59,55.6,4.42,22.13,WHA,Property,549.6199999999988
2022-04-28,22.39,14.89,37.28,7.5,32.75,WHA,Property,557.1199999999988
2022-04-29,29.79,18.18,47.97,11.61,22.88,WHA,Property,568.7299999999988
2022-05-03,52.5,79.23,131.73,-26.72,21.07,WHA,Property,542.0099999999987
2022-05-05,34.67,67.09,101.77,-32.42,25.54,WHA,Property,509.5899999999987
2022-05-06,82.75,219.26,302.01,-136.51,30.05,WHA,Property,373.07999999999873
2022-05-09,49.11,50.86,99.97,-1.75,23.93,WHA,Property,371.32999999999873
2022-05-10,54.63,52.12,106.75,2.51,21.21,WHA,Property,373.8399999999987
2022-05-11,44.62,48.65,93.27,-4.04,33.84,WHA,Property,369.7999999999987
2022-05-12,19.49,51.07,70.56,-31.58,26.9,WHA,Property,338.2199999999987
2022-05-13,28.03,38.34,66.37,-10.32,29.07,WHA,Property,327.8999999999987
2022-05-17,45.87,45.9,91.77,-0.03,24.49,WHA,Property,327.86999999999875
2022-05-18,61.0,53.74,114.75,7.26,32.29,WHA,Property,335.12999999999874
2022-05-19,29.81,26.39,56.2,3.42,41.12,WHA,Property,338.54999999999876
2022-05-20,59.22,34.56,93.78,24.66,25.6,WHA,Property,363.2099999999988
2022-05-23,21.33,15.72,37.04,5.61,23.14,WHA,Property,368.8199999999988
2022-05-24,47.31,23.75,71.06,23.56,23.07,WHA,Property,392.3799999999988
2022-05-25,59.74,47.07,106.81,12.67,21.7,WHA,Property,405.0499999999988
2022-05-26,23.12,12.25,35.36,10.87,28.49,WHA,Property,415.9199999999988
2022-05-27,31.67,38.61,70.28,-6.94,20.74,WHA,Property,408.9799999999988
2022-05-30,42.32,36.6,78.91,5.72,15.04,WHA,Property,414.69999999999885
2022-05-31,34.93,35.4,70.33,-0.48,27.46,WHA,Property,414.21999999999883
2022-06-01,22.64,58.53,81.17,-35.9,13.95,WHA,Property,378.31999999999886
2022-06-02,31.29,45.79,77.08,-14.49,22.54,WHA,Property,363.82999999999885
2022-06-06,26.48,32.07,58.54,-5.59,28.19,WHA,Property,358.2399999999989
2022-06-07,31.91,24.59,56.5,7.32,31.37,WHA,Property,365.55999999999887
2022-06-08,43.71,29.45,73.16,14.27,35.68,WHA,Property,379.82999999999885
2022-06-09,28.53,35.92,64.45,-7.39,33.63,WHA,Property,372.43999999999886
2022-06-10,33.84,45.04,78.89,-11.2,30.36,WHA,Property,361.2399999999989
2022-06-13,51.14,50.81,101.96,0.33,20.71,WHA,Property,361.56999999999886
2022-06-14,24.09,30.69,54.77,-6.6,27.95,WHA,Property,354.96999999999883
2022-06-15,26.66,30.16,56.81,-3.5,24.59,WHA,Property,351.46999999999883
2022-06-16,27.02,42.13,69.15,-15.11,25.17,WHA,Property,336.3599999999988
2022-06-17,51.78,44.99,96.77,6.8,36.57,WHA,Property,343.15999999999883
2022-06-20,25.94,13.92,39.85,12.02,23.83,WHA,Property,355.1799999999988
2022-06-21,41.61,11.42,53.04,30.19,25.14,WHA,Property,385.3699999999988
2022-06-22,66.25,39.03,105.28,27.22,24.23,WHA,Property,412.5899999999988
2022-06-23,58.62,17.42,76.04,41.19,30.85,WHA,Property,453.7799999999988
2022-06-24,8.54,12.12,20.65,-3.58,20.01,WHA,Property,450.1999999999988
2022-06-27,50.7,30.58,81.29,20.12,24.29,WHA,Property,470.3199999999988
2022-06-28,21.07,9.36,30.43,11.71,20.18,WHA,Property,482.0299999999988
2022-06-29,58.34,23.79,82.13,34.55,32.39,WHA,Property,516.5799999999988
2022-06-30,18.05,10.68,28.72,7.37,18.38,WHA,Property,523.9499999999988
2022-07-01,24.67,23.44,48.11,1.23,27.81,WHA,Property,525.1799999999988
2022-07-04,31.71,17.96,49.66,13.75,18.33,WHA,Property,538.9299999999988
2022-07-05,53.76,99.53,153.29,-45.76,20.07,WHA,Property,493.1699999999988
2022-07-06,74.83,60.79,135.63,14.04,26.89,WHA,Property,507.20999999999884
2022-07-07,35.16,37.85,73.01,-2.68,23.44,WHA,Property,504.52999999999884
2022-07-08,13.95,13.39,27.34,0.56,16.86,WHA,Property,505.08999999999884
2022-07-11,19.53,26.52,46.05,-6.98,21.61,WHA,Property,498.1099999999988
2022-07-12,15.29,22.37,37.66,-7.08,36.33,WHA,Property,491.02999999999884
2022-07-14,50.43,75.62,126.05,-25.19,39.55,WHA,Property,465.83999999999884
2022-07-15,29.87,32.54,62.4,-2.67,31.72,WHA,Property,463.1699999999988
2022-07-18,37.47,46.15,83.62,-8.67,30.62,WHA,Property,454.4999999999988
2022-07-19,27.94,28.25,56.19,-0.31,21.54,WHA,Property,454.1899999999988
2022-07-20,10.06,35.98,46.04,-25.92,21.66,WHA,Property,428.2699999999988
2022-07-21,9.96,17.98,27.95,-8.02,24.88,WHA,Property,420.2499999999988
2022-07-22,31.31,18.43,49.74,12.88,25.86,WHA,Property,433.1299999999988
2022-07-25,35.77,15.0,50.77,20.77,18.77,WHA,Property,453.8999999999988
2022-07-26,11.43,14.0,25.43,-2.57,22.38,WHA,Property,451.3299999999988
2022-07-27,12.47,22.52,34.99,-10.04,18.84,WHA,Property,441.28999999999877
2022-08-01,15.95,20.58,36.53,-4.63,14.55,WHA,Property,436.6599999999988
2022-08-02,16.45,15.42,31.87,1.03,21.53,WHA,Property,437.68999999999875
2022-08-03,47.03,30.22,77.25,16.8,15.61,WHA,Property,454.48999999999876
2022-08-04,31.95,62.4,94.35,-30.45,20.31,WHA,Property,424.03999999999877
2022-08-05,26.25,60.56,86.81,-34.3,22.09,WHA,Property,389.73999999999876
2022-08-08,11.56,29.53,41.09,-17.97,13.77,WHA,Property,371.76999999999873
2022-08-09,13.59,9.98,23.57,3.61,12.85,WHA,Property,375.37999999999874
2022-08-10,38.92,23.74,62.66,15.18,17.17,WHA,Property,390.55999999999875
2022-08-11,27.3,15.91,43.2,11.39,16.35,WHA,Property,401.94999999999874
2022-08-15,17.73,14.49,32.22,3.25,18.64,WHA,Property,405.19999999999874
2022-08-16,29.91,30.65,60.57,-0.74,27.13,WHA,Property,404.45999999999873
2022-08-17,10.89,6.11,17.0,4.78,12.15,WHA,Property,409.2399999999987
2022-08-18,65.21,53.78,118.99,11.43,14.2,WHA,Property,420.6699999999987
2022-08-19,100.94,219.97,320.91,-119.04,16.66,WHA,Property,301.6299999999987
2022-08-22,143.56,89.03,232.59,54.52,20.25,WHA,Property,356.14999999999867
2022-08-23,178.86,83.62,262.48,95.23,20.6,WHA,Property,451.3799999999987
2022-08-24,82.51,100.22,182.72,-17.71,14.55,WHA,Property,433.6699999999987
2022-08-25,104.33,129.21,233.54,-24.89,19.26,WHA,Property,408.7799999999987
2022-08-26,148.9,52.17,201.07,96.73,26.29,WHA,Property,505.50999999999874
2022-08-29,90.97,48.72,139.69,42.25,24.56,WHA,Property,547.7599999999987
2022-08-30,78.84,112.44,191.29,-33.6,31.26,WHA,Property,514.1599999999987
2022-08-31,114.64,72.69,187.33,41.96,26.69,WHA,Property,556.1199999999988
2022-09-01,90.02,34.68,124.7,55.35,28.91,WHA,Property,611.4699999999988
2022-09-02,185.22,143.94,329.15,41.28,24.02,WHA,Property,652.7499999999987
2022-09-05,127.07,198.11,325.18,-71.04,30.4,WHA,Property,581.7099999999988
2022-09-06,82.52,99.09,181.61,-16.57,22.96,WHA,Property,565.1399999999987
2022-09-07,64.4,40.57,104.97,23.83,20.44,WHA,Property,588.9699999999988
2022-09-08,137.4,102.29,239.69,35.12,28.67,WHA,Property,624.0899999999988
2022-09-09,111.63,33.39,145.02,78.24,20.57,WHA,Property,702.3299999999988
2022-09-12,48.53,27.84,76.37,20.69,26.5,WHA,Property,723.0199999999988
2022-09-13,97.95,30.38,128.33,67.57,28.26,WHA,Property,790.5899999999988
2022-09-14,71.59,61.14,132.73,10.46,31.95,WHA,Property,801.0499999999988
2022-09-15,69.15,44.4,113.55,24.76,25.71,WHA,Property,825.8099999999988
2022-09-16,135.97,60.61,196.57,75.36,34.82,WHA,Property,901.1699999999988
2022-09-19,138.39,79.16,217.54,59.23,27.47,WHA,Property,960.3999999999988
2022-09-20,84.97,143.09,228.06,-58.11,31.01,WHA,Property,902.2899999999988
2022-09-21,13.33,52.87,66.19,-39.54,20.69,WHA,Property,862.7499999999989
2022-09-22,58.92,48.17,107.1,10.75,22.52,WHA,Property,873.4999999999989
2022-09-23,53.77,58.99,112.77,-5.22,26.67,WHA,Property,868.2799999999988
2022-09-26,59.22,55.33,114.55,3.88,29.12,WHA,Property,872.1599999999988
2022-09-27,57.06,29.14,86.2,27.91,39.33,WHA,Property,900.0699999999988
2022-09-28,86.96,135.56,222.52,-48.59,33.14,WHA,Property,851.4799999999988
2022-09-29,70.64,111.96,182.6,-41.32,35.73,WHA,Property,810.1599999999987
2022-09-30,58.36,60.78,119.14,-2.42,21.25,WHA,Property,807.7399999999988
2022-10-03,185.05,90.66,275.71,94.39,27.8,WHA,Property,902.1299999999987
2022-10-04,33.85,35.83,69.68,-1.98,28.16,WHA,Property,900.1499999999987
2022-10-05,20.61,28.36,48.97,-7.76,19.19,WHA,Property,892.3899999999987
2022-10-06,17.36,33.33,50.7,-15.97,22.14,WHA,Property,876.4199999999987
2022-10-07,13.64,27.75,41.4,-14.11,23.69,WHA,Property,862.3099999999987
2022-10-10,23.32,31.23,54.56,-7.91,24.11,WHA,Property,854.3999999999987
2022-10-11,30.04,62.15,92.19,-32.11,24.28,WHA,Property,822.2899999999987
2022-10-12,39.37,46.48,85.84,-7.11,23.05,WHA,Property,815.1799999999987
2022-10-17,40.97,26.78,67.75,14.19,24.56,WHA,Property,829.3699999999988
2022-10-18,112.52,51.88,164.4,60.64,37.32,WHA,Property,890.0099999999987
2022-10-19,53.04,38.67,91.7,14.37,21.14,WHA,Property,904.3799999999987
2022-10-20,148.14,98.87,247.01,49.27,26.89,WHA,Property,953.6499999999987
2022-10-21,45.3,33.77,79.08,11.53,20.7,WHA,Property,965.1799999999987
2022-10-25,186.84,123.86,310.7,62.99,25.49,WHA,Property,1028.1699999999987
2022-10-26,205.43,152.27,357.71,53.16,24.19,WHA,Property,1081.3299999999988
2022-10-27,121.52,146.97,268.49,-25.44,20.55,WHA,Property,1055.8899999999987
2022-10-28,115.28,196.3,311.58,-81.02,23.25,WHA,Property,974.8699999999988
2022-10-31,95.41,114.57,209.98,-19.16,22.09,WHA,Property,955.7099999999988
2022-11-01,132.02,53.57,185.6,78.45,22.31,WHA,Property,1034.1599999999987
2022-11-02,83.11,67.96,151.07,15.15,20.33,WHA,Property,1049.3099999999988
2022-11-03,45.89,30.32,76.2,15.57,23.24,WHA,Property,1064.8799999999987
2022-11-04,55.14,42.6,97.75,12.54,34.45,WHA,Property,1077.4199999999987
2022-11-07,105.32,168.52,273.84,-63.2,19.72,WHA,Property,1014.2199999999987
2022-11-08,112.53,45.22,157.75,67.31,21.91,WHA,Property,1081.5299999999986
2022-11-09,53.38,21.51,74.89,31.86,25.05,WHA,Property,1113.3899999999985
2022-11-10,70.97,21.53,92.5,49.44,21.57,WHA,Property,1162.8299999999986
2022-11-11,85.33,88.0,173.33,-2.67,28.69,WHA,Property,1160.1599999999985
2022-11-14,95.74,123.52,219.26,-27.78,27.23,WHA,Property,1132.3799999999985
2022-11-15,85.56,69.73,155.29,15.84,38.82,WHA,Property,1148.2199999999984
2022-11-16,72.18,55.72,127.9,16.46,41.55,WHA,Property,1164.6799999999985
2022-11-17,39.15,45.18,84.34,-6.03,27.16,WHA,Property,1158.6499999999985
2022-11-18,81.98,98.84,180.82,-16.86,33.99,WHA,Property,1141.7899999999986
2022-11-21,35.66,53.68,89.34,-18.02,21.94,WHA,Property,1123.7699999999986
2022-11-22,12.84,16.58,29.41,-3.74,8.67,WHA,Property,1120.0299999999986
2022-11-23,45.5,35.44,80.93,10.06,21.96,WHA,Property,1130.0899999999986
2022-11-24,71.03,51.67,122.7,19.37,22.29,WHA,Property,1149.4599999999984
2022-11-25,31.51,12.05,43.56,19.46,14.34,WHA,Property,1168.9199999999985
2022-11-28,22.68,26.77,49.45,-4.09,27.77,WHA,Property,1164.8299999999986
2022-11-29,69.8,77.91,147.71,-8.11,18.7,WHA,Property,1156.7199999999987
2022-11-30,74.68,34.82,109.5,39.87,26.68,WHA,Property,1196.5899999999986
2022-12-01,88.31,60.9,149.21,27.41,20.12,WHA,Property,1223.9999999999986
2022-12-02,42.73,29.75,72.48,12.99,19.77,WHA,Property,1236.9899999999986
2022-12-06,140.84,100.99,241.83,39.85,18.45,WHA,Property,1276.8399999999986
2022-12-07,46.06,45.73,91.78,0.33,16.66,WHA,Property,1277.1699999999985
2022-12-08,65.67,57.12,122.79,8.55,15.73,WHA,Property,1285.7199999999984
2022-12-09,41.62,21.55,63.17,20.07,17.93,WHA,Property,1305.7899999999984
2022-12-13,59.31,34.87,94.18,24.43,13.25,WHA,Property,1330.2199999999984
2022-12-14,74.03,140.82,214.85,-66.79,19.33,WHA,Property,1263.4299999999985
2022-12-15,60.72,91.06,151.78,-30.34,16.74,WHA,Property,1233.0899999999986
2022-12-16,64.61,100.92,165.54,-36.31,31.18,WHA,Property,1196.7799999999986
2022-12-19,34.45,18.03,52.48,16.42,17.25,WHA,Property,1213.1999999999987
2022-12-20,90.66,58.0,148.66,32.66,27.46,WHA,Property,1245.8599999999988
2022-12-21,44.8,22.21,67.01,22.59,31.03,WHA,Property,1268.4499999999987
2022-12-22,19.37,12.72,32.08,6.65,21.17,WHA,Property,1275.0999999999988
2022-12-23,16.84,36.16,52.99,-19.32,22.91,WHA,Property,1255.7799999999988
2022-12-26,12.65,5.02,17.68,7.63,12.32,WHA,Property,1263.409999999999
2022-12-27,53.48,52.97,106.44,0.51,18.0,WHA,Property,1263.919999999999
2022-12-28,131.03,259.18,390.22,-128.15,22.94,WHA,Property,1135.7699999999988
2022-12-29,58.35,115.6,173.95,-57.25,18.89,WHA,Property,1078.5199999999988
2022-12-30,94.03,120.57,214.6,-26.55,13.94,WHA,Property,1051.969999999999
2023-01-03,30.44,82.95,113.39,-52.51,15.4,WHA,Property,999.4599999999989
2023-01-04,71.56,43.71,115.26,27.85,15.95,WHA,Property,1027.3099999999988
2023-01-05,133.03,76.81,209.84,56.22,14.65,WHA,Property,1083.5299999999988
2023-01-06,73.88,95.51,169.39,-21.63,18.26,WHA,Property,1061.8999999999987
2023-01-09,103.07,41.03,144.1,62.04,24.13,WHA,Property,1123.9399999999987
2023-01-10,192.29,80.93,273.22,111.36,19.51,WHA,Property,1235.2999999999986
2023-01-11,77.83,73.85,151.69,3.98,19.22,WHA,Property,1239.2799999999986
2023-01-12,47.7,60.1,107.8,-12.4,21.55,WHA,Property,1226.8799999999985
2023-01-13,179.84,76.77,256.6,103.07,19.22,WHA,Property,1329.9499999999985
2023-01-16,37.76,40.52,78.28,-2.75,16.35,WHA,Property,1327.1999999999985
2023-01-17,65.55,54.35,119.9,11.2,18.14,WHA,Property,1338.3999999999985
2023-01-18,112.82,90.09,202.91,22.73,12.47,WHA,Property,1361.1299999999985
2023-01-19,78.88,46.99,125.88,31.89,19.23,WHA,Property,1393.0199999999986
2023-01-20,67.79,37.9,105.69,29.89,22.56,WHA,Property,1422.9099999999987
2023-01-23,37.05,13.72,50.77,23.33,10.37,WHA,Property,1446.2399999999986
2023-01-24,45.59,34.95,80.54,10.64,17.33,WHA,Property,1456.8799999999987
2023-01-25,83.56,34.03,117.58,49.53,17.89,WHA,Property,1506.4099999999987
2023-01-26,115.65,71.8,187.45,43.86,25.51,WHA,Property,1550.2699999999986
2023-01-27,67.76,19.49,87.25,48.27,19.62,WHA,Property,1598.5399999999986
2023-01-30,68.18,72.81,140.99,-4.62,22.41,WHA,Property,1593.9199999999987
2023-01-31,31.41,93.52,124.94,-62.11,23.32,WHA,Property,1531.8099999999988
2023-02-01,60.5,82.32,142.82,-21.81,14.95,WHA,Property,1509.9999999999989
2023-02-02,75.55,223.14,298.7,-147.59,15.27,WHA,Property,1362.409999999999
2023-02-03,55.01,64.59,119.6,-9.58,19.76,WHA,Property,1352.829999999999
2023-02-06,70.93,41.34,112.27,29.6,17.6,WHA,Property,1382.429999999999
2023-02-07,45.68,88.29,133.97,-42.61,23.4,WHA,Property,1339.819999999999
2023-02-08,87.54,57.3,144.84,30.25,26.65,WHA,Property,1370.069999999999
2023-02-09,111.77,100.76,212.53,11.01,26.36,WHA,Property,1381.079999999999
2023-02-10,64.59,37.84,102.43,26.75,20.01,WHA,Property,1407.829999999999
2023-02-13,121.69,22.31,144.0,99.38,23.12,WHA,Property,1507.2099999999991
2023-02-14,34.75,46.58,81.33,-11.83,20.4,WHA,Property,1495.3799999999992
2023-02-15,92.48,64.06,156.54,28.42,35.56,WHA,Property,1523.7999999999993
2023-02-16,29.39,41.38,70.77,-11.99,20.85,WHA,Property,1511.8099999999993
2023-02-17,21.23,30.06,51.29,-8.83,21.77,WHA,Property,1502.9799999999993
2023-02-20,9.43,22.54,31.98,-13.11,25.94,WHA,Property,1489.8699999999994
2023-02-21,146.45,248.94,395.4,-102.49,15.28,WHA,Property,1387.3799999999994
2023-02-22,93.97,101.39,195.36,-7.43,18.16,WHA,Property,1379.9499999999994
2023-02-23,39.69,56.06,95.75,-16.37,23.18,WHA,Property,1363.5799999999995
2023-02-24,101.36,80.55,181.91,20.81,12.63,WHA,Property,1384.3899999999994
2023-02-27,77.42,74.9,152.32,2.52,12.98,WHA,Property,1386.9099999999994
2023-02-28,162.03,103.17,265.2,58.86,14.44,WHA,Property,1445.7699999999993
2023-03-01,101.57,122.88,224.44,-21.31,15.67,WHA,Property,1424.4599999999994
2023-03-02,92.86,92.56,185.42,0.3,14.23,WHA,Property,1424.7599999999993
2023-03-03,37.34,46.8,84.14,-9.46,17.17,WHA,Property,1415.2999999999993
2023-03-07,79.57,43.07,122.64,36.5,19.56,WHA,Property,1451.7999999999993
2023-03-08,170.26,114.8,285.05,55.46,17.12,WHA,Property,1507.2599999999993
2023-03-09,422.42,97.15,519.58,325.27,20.35,WHA,Property,1832.5299999999993
2023-03-10,128.05,102.36,230.41,25.69,26.16,WHA,Property,1858.2199999999993
2023-03-13,222.66,308.96,531.62,-86.3,27.25,WHA,Property,1771.9199999999994
2023-03-14,223.32,223.91,447.23,-0.59,21.91,WHA,Property,1771.3299999999995
2023-03-15,94.02,104.19,198.2,-10.17,14.62,WHA,Property,1761.1599999999994
2023-03-16,165.61,98.99,264.59,66.62,15.07,WHA,Property,1827.7799999999993
2023-03-17,100.47,200.29,300.76,-99.82,18.59,WHA,Property,1727.9599999999994
2023-03-20,127.02,168.1,295.12,-41.07,21.87,WHA,Property,1686.8899999999994
2023-03-21,143.18,139.76,282.94,3.41,19.8,WHA,Property,1690.2999999999995
2023-03-22,116.13,75.73,191.86,40.39,27.93,WHA,Property,1730.6899999999996
2023-03-23,108.31,42.44,150.76,65.87,19.67,WHA,Property,1796.5599999999995
2023-03-24,36.39,29.86,66.25,6.53,28.27,WHA,Property,1803.0899999999995
2023-03-27,60.0,53.77,113.77,6.22,22.53,WHA,Property,1809.3099999999995
2023-03-28,69.01,48.23,117.24,20.77,23.56,WHA,Property,1830.0799999999995
2023-03-29,22.78,47.23,70.02,-24.45,34.97,WHA,Property,1805.6299999999994
2023-03-30,80.03,49.8,129.82,30.23,24.54,WHA,Property,1835.8599999999994
2023-03-31,98.37,28.18,126.55,70.19,23.05,WHA,Property,1906.0499999999995
2023-04-03,54.37,78.84,133.21,-24.47,23.46,WHA,Property,1881.5799999999995
2023-04-04,71.03,23.12,94.14,47.91,28.93,WHA,Property,1929.4899999999996
2023-04-05,186.27,45.73,231.99,140.54,24.3,WHA,Property,2070.0299999999997
2023-04-07,66.99,30.66,97.65,36.32,25.58,WHA,Property,2106.35
2023-04-10,121.04,49.07,170.11,71.98,24.38,WHA,Property,2178.33
2023-04-11,157.89,43.53,201.41,114.36,25.02,WHA,Property,2292.69
2023-04-12,97.42,64.58,162.0,32.84,26.48,WHA,Property,2325.53
2023-04-17,75.17,59.84,135.01,15.32,22.12,WHA,Property,2340.8500000000004
2023-04-18,86.99,47.09,134.09,39.9,31.74,WHA,Property,2380.7500000000005
2023-04-19,112.03,29.58,141.61,82.45,26.25,WHA,Property,2463.2000000000003
2023-04-20,297.03,81.3,378.32,215.73,31.58,WHA,Property,2678.9300000000003
2023-04-21,129.22,58.13,187.34,71.09,25.99,WHA,Property,2750.0200000000004
2023-04-24,55.67,43.99,99.65,11.68,26.86,WHA,Property,2761.7000000000003
2023-04-25,68.07,31.65,99.72,36.42,29.01,WHA,Property,2798.1200000000003
2023-04-26,61.0,57.1,118.1,3.9,26.73,WHA,Property,2802.0200000000004
2023-04-27,55.48,37.83,93.3,17.65,27.75,WHA,Property,2819.6700000000005
2023-04-28,42.63,103.93,146.57,-61.3,32.28,WHA,Property,2758.3700000000003
2023-05-02,27.97,34.97,62.94,-7.01,27.72,WHA,Property,2751.36
2023-05-03,205.35,130.55,335.9,74.79,26.93,WHA,Property,2826.15
2023-05-08,53.5,52.36,105.86,1.15,16.44,WHA,Property,2827.3
2023-05-09,63.35,140.54,203.89,-77.19,27.94,WHA,Property,2750.11
2023-05-10,37.97,102.63,140.6,-64.66,26.4,WHA,Property,2685.4500000000003
2023-05-11,77.59,62.79,140.37,14.8,30.25,WHA,Property,2700.2500000000005
2023-05-12,46.42,85.71,132.13,-39.28,18.27,WHA,Property,2660.9700000000003
2023-05-15,51.31,108.99,160.3,-57.69,25.91,WHA,Property,2603.28
2023-05-16,115.65,128.13,243.78,-12.48,25.56,WHA,Property,2590.8
2023-05-17,80.22,55.21,135.42,25.01,19.47,WHA,Property,2615.8100000000004
2023-05-18,51.03,115.21,166.24,-64.18,21.39,WHA,Property,2551.6300000000006
2023-05-19,82.14,87.6,169.74,-5.46,25.13,WHA,Property,2546.1700000000005
2023-05-22,89.19,90.76,179.95,-1.57,20.26,WHA,Property,2544.6000000000004
2023-05-23,70.16,158.95,229.11,-88.78,25.65,WHA,Property,2455.82
2023-05-24,93.81,83.67,177.48,10.14,24.11,WHA,Property,2465.96
2023-05-25,13.12,111.78,124.9,-98.66,26.13,WHA,Property,2367.3
2023-05-26,32.14,74.54,106.68,-42.39,27.77,WHA,Property,2324.9100000000003
2023-05-29,19.14,35.53,54.66,-16.39,16.54,WHA,Property,2308.5200000000004
2023-05-30,39.2,75.31,114.51,-36.11,25.63,WHA,Property,2272.4100000000003
2023-05-31,39.75,71.74,111.49,-31.99,37.44,WHA,Property,2240.4200000000005
2023-06-01,113.45,71.34,184.79,42.12,37.93,WHA,Property,2282.5400000000004
2023-06-02,51.24,71.14,122.38,-19.9,31.14,WHA,Property,2262.6400000000003
2023-06-06,36.94,35.37,72.31,1.57,34.8,WHA,Property,2264.2100000000005
2023-06-07,50.9,43.84,94.75,7.06,34.55,WHA,Property,2271.2700000000004
2023-06-08,120.32,79.09,199.41,41.23,24.47,WHA,Property,2312.5000000000005
2023-06-09,49.73,26.64,76.37,23.09,33.36,WHA,Property,2335.5900000000006
2023-06-12,27.87,17.53,45.4,10.35,21.05,WHA,Property,2345.9400000000005
2023-06-13,30.09,69.3,99.39,-39.21,16.04,WHA,Property,2306.7300000000005
2023-06-14,30.46,78.69,109.16,-48.23,20.73,WHA,Property,2258.5000000000005
2023-06-15,27.56,41.78,69.34,-14.21,29.65,WHA,Property,2244.2900000000004
2023-06-16,49.02,94.31,143.33,-45.3,20.68,WHA,Property,2198.9900000000002
2023-06-19,108.57,111.99,220.56,-3.42,18.1,WHA,Property,2195.57
2023-06-20,114.69,47.37,162.06,67.32,21.14,WHA,Property,2262.8900000000003
2023-06-21,52.15,47.21,99.36,4.93,26.62,WHA,Property,2267.82
2023-06-22,32.91,60.03,92.94,-27.12,21.34,WHA,Property,2240.7000000000003
2023-06-23,25.19,57.66,82.85,-32.47,13.35,WHA,Property,2208.2300000000005
2023-06-26,116.01,80.69,196.7,35.33,19.8,WHA,Property,2243.5600000000004
2023-06-27,105.33,49.95,155.28,55.38,29.4,WHA,Property,2298.9400000000005
2023-06-28,64.15,41.67,105.82,22.48,29.64,WHA,Property,2321.4200000000005
2023-06-29,77.22,59.53,136.74,17.69,19.41,WHA,Property,2339.1100000000006
2023-06-30,132.8,436.85,569.65,-304.06,35.61,WHA,Property,2035.0500000000006
2023-07-03,30.24,92.33,122.57,-62.09,24.65,WHA,Property,1972.9600000000007
2023-07-04,111.59,161.51,273.1,-49.92,23.61,WHA,Property,1923.0400000000006
2023-07-05,40.2,55.67,95.87,-15.47,18.9,WHA,Property,1907.5700000000006
2023-07-06,104.43,93.03,197.47,11.4,20.48,WHA,Property,1918.9700000000007
2023-07-07,34.91,39.85,74.76,-4.93,21.89,WHA,Property,1914.0400000000006
2023-07-10,117.64,49.92,167.57,67.72,32.01,WHA,Property,1981.7600000000007
2023-07-11,102.32,56.0,158.32,46.32,22.99,WHA,Property,2028.0800000000006
2023-07-12,57.1,76.02,133.12,-18.93,22.7,WHA,Property,2009.1500000000005
2023-07-13,103.58,123.15,226.73,-19.57,29.8,WHA,Property,1989.5800000000006
2023-07-14,94.28,52.79,147.07,41.49,19.92,WHA,Property,2031.0700000000006
2023-07-17,53.41,48.55,101.96,4.86,19.11,WHA,Property,2035.9300000000005
2023-07-18,28.8,59.0,87.8,-30.21,21.67,WHA,Property,2005.7200000000005
2023-07-19,48.87,67.43,116.3,-18.57,19.14,WHA,Property,1987.1500000000005
2023-07-20,130.92,78.43,209.35,52.49,23.23,WHA,Property,2039.6400000000006
2023-07-21,220.52,93.05,313.57,127.46,31.0,WHA,Property,2167.1000000000004
2023-07-24,59.76,98.86,158.62,-39.1,35.1,WHA,Property,2128.0000000000005
2023-07-25,105.83,55.0,160.83,50.83,30.12,WHA,Property,2178.8300000000004
2023-07-26,47.68,46.49,94.17,1.19,31.05,WHA,Property,2180.0200000000004
2023-07-27,145.05,92.74,237.79,52.31,35.45,WHA,Property,2232.3300000000004
2023-07-31,138.58,117.98,256.56,20.61,27.62,WHA,Property,2252.9400000000005
2023-08-02,58.6,40.44,99.04,18.16,20.3,WHA,Property,2271.1000000000004
2023-08-03,49.57,69.76,119.33,-20.18,30.41,WHA,Property,2250.9200000000005
2023-08-04,40.58,20.2,60.77,20.38,27.0,WHA,Property,2271.3000000000006
2023-08-07,74.63,37.6,112.23,37.03,38.38,WHA,Property,2308.330000000001
2023-08-08,38.61,52.41,91.02,-13.8,27.85,WHA,Property,2294.5300000000007
2023-08-09,64.04,54.24,118.28,9.8,20.63,WHA,Property,2304.330000000001
2023-08-10,66.49,19.93,86.42,46.56,23.2,WHA,Property,2350.890000000001
2023-08-11,158.7,107.19,265.89,51.51,14.32,WHA,Property,2402.400000000001
2023-08-15,78.84,48.04,126.87,30.8,38.39,WHA,Property,2433.200000000001
2023-08-16,44.87,79.16,124.04,-34.29,22.24,WHA,Property,2398.910000000001
2023-08-17,126.86,129.85,256.71,-2.99,17.8,WHA,Property,2395.9200000000014
2023-08-18,596.58,195.33,791.9,401.25,19.39,WHA,Property,2797.1700000000014
2023-08-21,63.13,63.0,126.14,0.13,11.93,WHA,Property,2797.3000000000015
2023-08-22,138.62,93.26,231.88,45.36,24.9,WHA,Property,2842.6600000000017
2023-08-23,66.31,59.67,125.98,6.64,17.24,WHA,Property,2849.3000000000015
2023-08-24,55.29,24.6,79.88,30.69,24.13,WHA,Property,2879.9900000000016
2023-08-25,122.18,49.57,171.76,72.61,42.31,WHA,Property,2952.6000000000017
2023-08-28,46.96,49.83,96.79,-2.86,17.45,WHA,Property,2949.7400000000016
2023-08-29,63.91,46.12,110.03,17.79,36.77,WHA,Property,2967.5300000000016
2023-08-30,47.81,37.19,85.01,10.62,22.09,WHA,Property,2978.1500000000015
2023-08-31,65.58,26.94,92.52,38.64,25.32,WHA,Property,3016.7900000000013
2023-09-01,59.65,29.47,89.12,30.18,41.34,WHA,Property,3046.970000000001
2023-09-04,55.17,37.12,92.29,18.05,12.85,WHA,Property,3065.0200000000013
2023-09-05,109.82,67.54,177.35,42.28,41.45,WHA,Property,3107.3000000000015
2023-09-06,73.53,31.48,105.01,42.05,23.35,WHA,Property,3149.3500000000017
2023-09-07,54.08,56.55,110.63,-2.47,11.48,WHA,Property,3146.880000000002
2023-09-08,20.25,77.14,97.39,-56.89,12.79,WHA,Property,3089.990000000002
2023-09-11,48.49,33.0,81.49,15.49,12.99,WHA,Property,3105.480000000002
2023-09-12,133.31,39.68,172.99,93.62,21.59,WHA,Property,3199.1000000000017
2023-09-13,55.41,88.92,144.33,-33.51,24.3,WHA,Property,3165.5900000000015
2023-09-14,87.34,23.44,110.77,63.9,22.48,WHA,Property,3229.4900000000016
2023-09-15,276.98,150.92,427.9,126.06,28.94,WHA,Property,3355.5500000000015
2023-09-18,15.75,27.2,42.96,-11.45,25.36,WHA,Property,3344.1000000000017
2023-09-19,33.98,29.7,63.69,4.28,34.14,WHA,Property,3348.380000000002
2023-09-20,87.53,69.48,157.01,18.04,31.48,WHA,Property,3366.420000000002
2023-09-21,45.61,18.95,64.56,26.66,29.6,WHA,Property,3393.0800000000017
2023-09-22,68.47,181.23,249.71,-112.76,18.15,WHA,Property,3280.3200000000015
2023-09-25,18.24,73.42,91.65,-55.18,20.42,WHA,Property,3225.1400000000017
2023-09-26,130.94,183.13,314.07,-52.19,28.51,WHA,Property,3172.9500000000016
2023-09-27,27.35,36.64,63.99,-9.29,23.49,WHA,Property,3163.6600000000017
2023-09-28,63.34,60.41,123.75,2.94,30.8,WHA,Property,3166.6000000000017
2023-09-29,134.58,47.02,181.6,87.56,26.2,WHA,Property,3254.1600000000017
2023-10-02,120.66,50.25,170.91,70.41,22.03,WHA,Property,3324.5700000000015
2023-10-03,106.38,58.4,164.78,47.97,27.28,WHA,Property,3372.5400000000013
2023-10-04,46.8,87.27,134.07,-40.47,30.7,WHA,Property,3332.0700000000015
2023-10-05,38.98,58.11,97.09,-19.13,28.07,WHA,Property,3312.9400000000014
2023-10-06,42.92,45.02,87.94,-2.09,37.06,WHA,Property,3310.8500000000013
2023-10-09,59.73,63.94,123.67,-4.2,27.35,WHA,Property,3306.6500000000015
2023-10-10,52.94,71.09,124.03,-18.15,31.52,WHA,Property,3288.5000000000014
2023-10-11,35.49,109.33,144.81,-73.84,23.43,WHA,Property,3214.660000000001
2023-10-12,62.11,34.82,96.93,27.28,27.23,WHA,Property,3241.9400000000014
2023-10-16,65.59,70.12,135.71,-4.53,29.41,WHA,Property,3237.410000000001
2023-10-17,65.54,75.37,140.91,-9.84,40.02,WHA,Property,3227.570000000001
2023-10-18,100.62,73.57,174.19,27.05,42.08,WHA,Property,3254.6200000000013
2023-10-19,314.06,89.34,403.4,224.72,42.33,WHA,Property,3479.340000000001
2023-10-20,63.74,86.21,149.95,-22.46,30.45,WHA,Property,3456.880000000001
2023-10-24,95.1,26.62,121.72,68.48,36.36,WHA,Property,3525.360000000001
2023-10-25,43.03,161.36,204.39,-118.32,19.54,WHA,Property,3407.040000000001
2023-10-26,78.03,111.79,189.82,-33.75,29.41,WHA,Property,3373.290000000001
2023-10-27,74.37,83.68,158.06,-9.31,24.51,WHA,Property,3363.980000000001
2023-10-30,29.0,30.15,59.16,-1.15,25.88,WHA,Property,3362.830000000001
2023-10-31,143.61,85.03,228.65,58.58,25.49,WHA,Property,3421.4100000000008
2023-11-01,281.3,94.21,375.51,187.09,23.25,WHA,Property,3608.500000000001
2023-11-02,117.2,38.9,156.11,78.3,18.48,WHA,Property,3686.800000000001
2023-11-03,70.14,35.91,106.05,34.23,16.4,WHA,Property,3721.030000000001
2023-11-06,42.47,84.82,127.29,-42.35,16.41,WHA,Property,3678.680000000001
2023-11-07,97.11,96.17,193.27,0.94,32.08,WHA,Property,3679.6200000000013
2023-11-08,66.14,26.76,92.9,39.38,14.89,WHA,Property,3719.0000000000014
2023-11-09,20.85,35.59,56.44,-14.75,13.95,WHA,Property,3704.2500000000014
2023-11-10,185.6,293.05,478.65,-107.45,20.73,WHA,Property,3596.8000000000015
2023-11-13,137.62,101.21,238.83,36.41,26.18,WHA,Property,3633.2100000000014
2023-11-14,107.13,103.15,210.28,3.98,22.61,WHA,Property,3637.1900000000014
2023-11-15,92.81,152.13,244.94,-59.32,18.64,WHA,Property,3577.8700000000013
2023-11-16,49.46,154.81,204.26,-105.35,28.12,WHA,Property,3472.5200000000013
2023-11-17,111.96,114.59,226.55,-2.63,34.58,WHA,Property,3469.8900000000012
2023-11-20,162.1,164.37,326.46,-2.27,30.94,WHA,Property,3467.6200000000013
2023-11-21,16.9,18.57,35.47,-1.67,17.52,WHA,Property,3465.950000000001
2023-11-22,30.33,30.35,60.68,-0.02,18.52,WHA,Property,3465.930000000001
2023-11-23,18.37,23.12,41.49,-4.75,15.04,WHA,Property,3461.180000000001
2023-11-24,59.98,63.37,123.35,-3.4,17.1,WHA,Property,3457.780000000001
2023-11-27,56.85,69.6,126.45,-12.75,18.03,WHA,Property,3445.030000000001
2023-11-28,68.05,50.0,118.05,18.05,19.69,WHA,Property,3463.0800000000013
2023-11-29,76.52,171.31,247.83,-94.79,16.57,WHA,Property,3368.2900000000013
2023-11-30,154.92,136.96,291.88,17.97,22.9,WHA,Property,3386.260000000001
2023-12-01,80.77,111.61,192.39,-30.84,26.54,WHA,Property,3355.420000000001
2023-12-04,23.92,58.9,82.83,-34.98,23.71,WHA,Property,3320.440000000001
2023-12-06,75.24,52.31,127.56,22.93,25.53,WHA,Property,3343.370000000001
2023-12-07,37.26,67.88,105.14,-30.62,23.61,WHA,Property,3312.750000000001
2023-12-08,58.1,80.89,138.99,-22.79,31.48,WHA,Property,3289.960000000001
2023-12-12,38.37,49.25,87.62,-10.89,27.71,WHA,Property,3279.070000000001
2023-12-13,28.38,21.45,49.84,6.93,19.31,WHA,Property,3286.000000000001
2023-12-14,33.98,65.89,99.87,-31.91,26.25,WHA,Property,3254.090000000001
2023-12-15,196.06,188.96,385.02,7.1,55.2,WHA,Property,3261.190000000001
2023-12-18,25.38,26.32,51.7,-0.94,26.43,WHA,Property,3260.250000000001
2023-12-19,53.22,76.0,129.22,-22.79,25.01,WHA,Property,3237.460000000001
2023-12-20,30.04,10.27,40.31,19.76,20.7,WHA,Property,3257.220000000001
2023-12-21,57.21,69.57,126.78,-12.36,31.86,WHA,Property,3244.860000000001
2023-12-22,16.41,51.29,67.7,-34.88,21.36,WHA,Property,3209.980000000001
2023-12-25,22.59,25.6,48.18,-3.01,16.39,WHA,Property,3206.9700000000007
2023-12-26,101.24,11.78,113.02,89.45,22.64,WHA,Property,3296.4200000000005
2023-12-27,124.31,35.06,159.37,89.25,35.45,WHA,Property,3385.6700000000005
2023-12-28,46.46,28.77,75.22,17.69,22.75,WHA,Property,3403.3600000000006
2024-01-02,91.13,41.0,132.13,50.13,16.7,WHA,Property,3453.4900000000007
2024-01-03,95.28,24.07,119.34,71.21,19.99,WHA,Property,3524.7000000000007
2024-01-04,65.02,55.88,120.89,9.14,13.43,WHA,Property,3533.8400000000006
2024-01-05,34.44,39.38,73.82,-4.93,21.34,WHA,Property,3528.9100000000008
2024-01-08,92.48,174.27,266.76,-81.79,16.35,WHA,Property,3447.120000000001
2024-01-09,111.03,140.6,251.63,-29.56,21.93,WHA,Property,3417.560000000001
2024-01-10,67.09,37.05,104.14,30.04,19.31,WHA,Property,3447.600000000001
2024-01-11,67.4,71.81,139.21,-4.41,30.38,WHA,Property,3443.190000000001
2024-01-12,183.78,148.11,331.89,35.67,18.12,WHA,Property,3478.860000000001
2024-01-15,42.62,49.85,92.47,-7.23,18.69,WHA,Property,3471.630000000001
2024-01-16,193.19,75.51,268.7,117.68,19.63,WHA,Property,3589.310000000001
2024-01-17,262.98,210.55,473.53,52.43,17.04,WHA,Property,3641.7400000000007
2024-01-18,136.26,188.65,324.91,-52.39,15.97,WHA,Property,3589.350000000001
2024-01-19,103.65,158.77,262.42,-55.12,16.98,WHA,Property,3534.230000000001
2024-01-22,191.71,105.54,297.25,86.17,28.15,WHA,Property,3620.400000000001
2024-01-23,76.14,110.71,186.84,-34.57,17.44,WHA,Property,3585.830000000001
2024-01-24,117.49,61.69,179.17,55.8,27.11,WHA,Property,3641.630000000001
2024-01-25,251.11,172.48,423.58,78.63,37.83,WHA,Property,3720.260000000001
2024-01-26,55.87,109.41,165.28,-53.55,26.78,WHA,Property,3666.710000000001
2024-01-29,59.1,47.3,106.4,11.8,26.58,WHA,Property,3678.510000000001
2024-01-30,97.4,121.5,218.9,-24.11,28.24,WHA,Property,3654.400000000001
2024-01-31,65.77,93.63,159.41,-27.86,22.65,WHA,Property,3626.540000000001
2024-02-01,49.82,88.77,138.59,-38.95,24.9,WHA,Property,3587.590000000001
2024-02-02,38.37,55.33,93.7,-16.96,14.82,WHA,Property,3570.630000000001
2024-02-05,45.71,25.41,71.12,20.3,18.81,WHA,Property,3590.930000000001
2024-02-06,137.71,156.14,293.85,-18.43,20.12,WHA,Property,3572.5000000000014
2024-02-07,67.05,120.35,187.4,-53.3,30.82,WHA,Property,3519.200000000001
2024-02-08,30.59,57.35,87.94,-26.76,22.65,WHA,Property,3492.440000000001
2024-02-09,23.35,45.96,69.31,-22.61,14.56,WHA,Property,3469.830000000001
2024-02-12,42.58,32.81,75.39,9.76,19.28,WHA,Property,3479.590000000001
2024-02-13,46.53,41.27,87.8,5.26,22.98,WHA,Property,3484.8500000000013
2024-02-14,41.38,53.16,94.54,-11.79,20.1,WHA,Property,3473.0600000000013
2024-02-15,30.98,35.63,66.62,-4.65,27.1,WHA,Property,3468.410000000001
2024-02-16,48.17,44.7,92.87,3.46,22.08,WHA,Property,3471.8700000000013
2024-02-19,73.3,23.81,97.11,49.5,34.59,WHA,Property,3521.3700000000013
2024-02-20,60.6,94.46,155.05,-33.86,27.01,WHA,Property,3487.510000000001
2024-02-21,69.77,50.5,120.28,19.27,31.94,WHA,Property,3506.780000000001
2024-02-22,84.68,196.44,281.13,-111.76,23.59,WHA,Property,3395.020000000001
2024-02-23,32.53,34.39,66.91,-1.86,24.02,WHA,Property,3393.1600000000008
2024-02-27,107.73,170.63,278.36,-62.9,27.68,WHA,Property,3330.2600000000007
2024-02-28,52.94,95.0,147.94,-42.06,25.23,WHA,Property,3288.2000000000007
2024-02-29,164.92,154.71,319.64,10.21,43.04,WHA,Property,3298.4100000000008
2024-03-01,54.08,69.82,123.89,-15.74,31.39,WHA,Property,3282.670000000001
2024-03-04,41.12,36.4,77.51,4.72,17.74,WHA,Property,3287.390000000001
2024-03-05,52.78,148.09,200.87,-95.3,31.73,WHA,Property,3192.0900000000006
2024-03-06,57.62,57.53,115.15,0.09,19.67,WHA,Property,3192.1800000000007
2024-03-07,34.27,39.75,74.02,-5.48,20.92,WHA,Property,3186.7000000000007
2024-03-08,30.25,28.09,58.34,2.16,15.42,WHA,Property,3188.8600000000006
2024-03-11,19.65,43.72,63.37,-24.07,17.71,WHA,Property,3164.7900000000004
2024-03-12,42.1,88.96,131.06,-46.86,26.83,WHA,Property,3117.9300000000003
2024-03-13,25.86,27.6,53.46,-1.75,13.19,WHA,Property,3116.1800000000003
2024-03-14,13.8,25.43,39.22,-11.63,17.08,WHA,Property,3104.55
2024-03-15,51.91,41.9,93.81,10.0,22.9,WHA,Property,3114.55
2024-03-18,29.53,62.27,91.8,-32.75,21.2,WHA,Property,3081.8
2024-03-19,75.0,90.79,165.8,-15.79,24.11,WHA,Property,3066.01
2024-03-20,69.86,42.91,112.76,26.95,29.76,WHA,Property,3092.96
2024-03-21,37.69,37.83,75.51,-0.14,19.19,WHA,Property,3092.82
2024-03-22,29.71,39.18,68.9,-9.47,20.85,WHA,Property,3083.3500000000004
2024-03-25,39.38,28.66,68.04,10.72,16.01,WHA,Property,3094.07
2024-03-26,83.6,104.7,188.3,-21.09,21.41,WHA,Property,3072.98
2024-03-27,93.76,26.07,119.83,67.69,25.44,WHA,Property,3140.67
2024-03-28,34.35,51.47,85.82,-17.12,22.08,WHA,Property,3123.55
2024-03-29,49.46,45.99,95.45,3.47,21.88,WHA,Property,3127.02
2024-04-01,47.3,31.5,78.81,15.8,23.36,WHA,Property,3142.82
2024-04-02,12.75,46.5,59.24,-33.75,16.29,WHA,Property,3109.07
2024-04-03,24.9,45.86,70.76,-20.96,20.2,WHA,Property,3088.11
2024-04-04,23.43,28.32,51.75,-4.89,18.27,WHA,Property,3083.2200000000003
2024-04-05,25.99,25.3,51.29,0.68,22.14,WHA,Property,3083.9
2024-04-09,86.85,49.37,136.22,37.47,31.54,WHA,Property,3121.37
2024-04-10,103.67,50.11,153.78,53.55,25.15,WHA,Property,3174.92
2024-04-11,23.07,86.69,109.76,-63.62,28.74,WHA,Property,3111.3
2024-04-17,40.6,50.88,91.48,-10.27,22.04,WHA,Property,3101.03
2024-04-18,62.6,81.18,143.78,-18.58,34.85,WHA,Property,3082.4500000000003
2024-04-19,50.16,107.52,157.69,-57.36,23.0,WHA,Property,3025.09
2024-04-22,62.07,43.47,105.54,18.6,20.11,WHA,Property,3043.69
2024-04-23,36.9,35.34,72.24,1.56,21.23,WHA,Property,3045.25
2024-04-24,54.0,41.68,95.68,12.32,17.66,WHA,Property,3057.57
2024-04-25,49.62,32.35,81.97,17.27,22.39,WHA,Property,3074.84
2024-04-26,113.76,42.15,155.91,71.62,31.25,WHA,Property,3146.46
2024-04-29,307.89,90.67,398.56,217.22,27.77,WHA,Property,3363.68
2024-04-30,124.97,75.77,200.75,49.2,23.92,WHA,Property,3412.8799999999997
2024-05-02,66.07,56.03,122.1,10.05,12.62,WHA,Property,3422.93
2024-05-03,24.89,59.35,84.24,-34.47,18.76,WHA,Property,3388.46
2024-05-07,37.98,56.06,94.04,-18.08,23.04,WHA,Property,3370.38
2024-05-08,59.41,36.95,96.36,22.46,16.74,WHA,Property,3392.84
2024-05-09,37.03,83.81,120.85,-46.78,26.61,WHA,Property,3346.06
2024-05-10,13.54,38.9,52.44,-25.36,21.87,WHA,Property,3320.7
2024-05-13,317.87,95.37,413.24,222.5,25.07,WHA,Property,3543.2
2024-05-14,70.0,36.4,106.41,33.6,24.45,WHA,Property,3576.7999999999997
2024-05-15,46.52,57.27,103.79,-10.75,23.32,WHA,Property,3566.0499999999997
2024-05-16,150.95,121.85,272.8,29.1,23.19,WHA,Property,3595.1499999999996
2024-05-17,50.77,52.49,103.26,-1.72,16.45,WHA,Property,3593.43
2024-05-20,175.46,58.53,233.99,116.93,20.29,WHA,Property,3710.3599999999997
2024-05-21,123.52,30.96,154.48,92.55,32.24,WHA,Property,3802.91
2024-05-23,208.94,91.97,300.9,116.97,25.64,WHA,Property,3919.8799999999997
2024-05-24,121.51,62.01,183.52,59.49,12.34,WHA,Property,3979.3699999999994
2024-05-27,149.79,147.72,297.51,2.07,30.07,WHA,Property,3981.4399999999996
2024-05-28,35.08,46.36,81.44,-11.28,19.64,WHA,Property,3970.1599999999994
2024-05-29,99.19,43.23,142.42,55.96,26.45,WHA,Property,4026.1199999999994
2024-05-30,162.71,62.14,224.85,100.57,24.16,WHA,Property,4126.69
2024-05-31,148.37,98.81,247.19,49.56,36.06,WHA,Property,4176.25
2024-06-04,155.26,190.64,345.9,-35.38,28.72,WHA,Property,4140.87
2024-06-05,49.47,65.03,114.5,-15.56,19.99,WHA,Property,4125.3099999999995
2024-06-06,57.23,25.69,82.92,31.54,18.11,WHA,Property,4156.849999999999
2024-06-07,74.21,48.84,123.05,25.37,21.56,WHA,Property,4182.219999999999
2024-06-10,41.27,30.12,71.39,11.15,23.74,WHA,Property,4193.369999999999
2024-06-11,88.03,89.55,177.58,-1.52,21.46,WHA,Property,4191.8499999999985
2024-06-12,78.96,25.83,104.79,53.14,24.91,WHA,Property,4244.989999999999
2024-06-13,62.96,52.38,115.34,10.58,24.6,WHA,Property,4255.569999999999
2024-06-14,39.87,77.13,117.0,-37.26,34.66,WHA,Property,4218.309999999999
2024-06-17,39.15,50.28,89.43,-11.14,26.56,WHA,Property,4207.169999999998
2024-06-18,7.97,20.91,28.88,-12.95,15.95,WHA,Property,4194.219999999998
2024-06-19,182.91,125.13,308.04,57.78,36.35,WHA,Property,4251.999999999998
2024-06-20,208.2,69.93,278.14,138.27,18.82,WHA,Property,4390.269999999999
2024-06-21,315.32,204.11,519.44,111.21,22.39,WHA,Property,4501.479999999999
2024-06-24,95.08,164.29,259.37,-69.21,17.88,WHA,Property,4432.269999999999
2024-06-25,86.32,160.99,247.31,-74.68,28.1,WHA,Property,4357.589999999998
2024-06-26,164.77,108.14,272.91,56.63,25.8,WHA,Property,4414.219999999998
2024-06-27,105.99,130.76,236.75,-24.77,31.62,WHA,Property,4389.449999999998
2024-06-28,89.0,97.31,186.3,-8.31,20.06,WHA,Property,4381.139999999998
2024-07-01,23.8,95.08,118.88,-71.27,25.88,WHA,Property,4309.869999999997
2024-07-02,74.72,104.0,178.72,-29.29,23.38,WHA,Property,4280.579999999997
2024-07-03,10.44,39.39,49.84,-28.95,22.84,WHA,Property,4251.629999999997
2024-07-04,33.35,61.87,95.22,-28.52,27.27,WHA,Property,4223.109999999997
2024-07-05,32.53,51.9,84.42,-19.37,17.4,WHA,Property,4203.739999999997
2024-07-08,83.21,96.93,180.13,-13.72,36.47,WHA,Property,4190.019999999997
2024-07-09,85.43,59.01,144.44,26.41,24.16,WHA,Property,4216.429999999997
2024-07-10,34.2,50.07,84.27,-15.87,25.11,WHA,Property,4200.559999999997
2024-07-11,36.6,25.47,62.07,11.13,25.11,WHA,Property,4211.689999999997
2024-07-12,37.2,70.64,107.84,-33.44,15.15,WHA,Property,4178.249999999997
2024-07-15,47.68,90.21,137.88,-42.53,17.99,WHA,Property,4135.7199999999975
2024-07-16,30.37,50.83,81.2,-20.46,15.21,WHA,Property,4115.2599999999975
2024-07-17,24.42,39.56,63.99,-15.14,24.63,WHA,Property,4100.119999999997
2024-07-18,47.53,68.55,116.08,-21.03,18.74,WHA,Property,4079.089999999997
2024-07-19,33.44,23.72,57.16,9.72,11.81,WHA,Property,4088.8099999999968
2024-07-23,29.99,23.35,53.34,6.64,18.67,WHA,Property,4095.4499999999966
2024-07-24,24.22,33.52,57.74,-9.3,10.92,WHA,Property,4086.1499999999965
2024-07-25,32.36,11.96,44.31,20.4,20.2,WHA,Property,4106.5499999999965
2024-07-26,42.11,36.21,78.32,5.9,27.84,WHA,Property,4112.449999999996
2024-07-30,155.77,108.29,264.06,47.48,32.23,WHA,Property,4159.929999999996
2024-07-31,171.12,178.18,349.31,-7.06,47.62,WHA,Property,4152.869999999995
2024-08-01,14.72,29.88,44.6,-15.16,12.69,WHA,Property,4137.7099999999955
2024-08-02,1.19,5.33,6.52,-4.14,3.71,WHA,Property,4133.569999999995
2024-08-05,30.93,96.66,127.58,-65.73,13.67,WHA,Property,4067.839999999995
2024-08-06,10.32,26.08,36.4,-15.76,12.0,WHA,Property,4052.079999999995
2024-08-07,27.36,29.15,56.51,-1.79,21.48,WHA,Property,4050.289999999995
2024-08-08,0.9,23.28,24.18,-22.39,12.7,WHA,Property,4027.899999999995
2024-08-09,12.83,43.64,56.47,-30.8,10.94,WHA,Property,3997.099999999995
2024-08-13,35.13,67.27,102.4,-32.14,19.45,WHA,Property,3964.959999999995
2024-08-14,20.55,27.32,47.87,-6.77,14.85,WHA,Property,3958.189999999995
2024-08-15,51.32,52.44,103.76,-1.12,15.68,WHA,Property,3957.069999999995
2024-08-16,10.85,20.14,30.99,-9.29,19.65,WHA,Property,3947.779999999995
2024-08-19,38.99,30.74,69.72,8.25,15.11,WHA,Property,3956.029999999995
2024-08-20,40.87,38.09,78.96,2.78,11.3,WHA,Property,3958.8099999999954
2024-08-21,7.65,13.31,20.95,-5.66,10.17,WHA,Property,3953.1499999999955
2024-08-22,12.53,17.41,29.93,-4.88,18.25,WHA,Property,3948.2699999999954
2024-08-23,10.74,29.4,40.14,-18.66,17.82,WHA,Property,3929.6099999999956
2024-08-26,15.05,20.19,35.24,-5.14,14.24,WHA,Property,3924.4699999999957
2024-08-27,26.46,39.51,65.97,-13.04,21.16,WHA,Property,3911.4299999999957
2024-08-28,69.57,57.37,126.94,12.2,15.46,WHA,Property,3923.6299999999956
2024-08-29,26.91,40.61,67.52,-13.7,10.07,WHA,Property,3909.9299999999957
2024-08-30,99.71,57.83,157.53,41.88,36.8,WHA,Property,3951.809999999996
2024-09-02,13.01,31.61,44.62,-18.6,21.57,WHA,Property,3933.209999999996
2024-09-03,16.19,28.43,44.62,-12.24,15.66,WHA,Property,3920.969999999996
2024-09-04,30.39,22.54,52.93,7.85,11.62,WHA,Property,3928.819999999996
2024-09-05,74.75,86.98,161.72,-12.23,16.18,WHA,Property,3916.589999999996
2024-09-06,115.83,87.09,202.92,28.74,23.21,WHA,Property,3945.329999999996
2024-09-09,146.42,48.49,194.91,97.93,17.87,WHA,Property,4043.2599999999957
2024-09-10,24.69,48.3,72.99,-23.61,11.88,WHA,Property,4019.6499999999955
2024-09-11,73.35,80.08,153.43,-6.73,17.01,WHA,Property,4012.9199999999955
2024-09-12,139.02,67.22,206.24,71.8,17.1,WHA,Property,4084.7199999999957
2024-09-13,28.73,28.8,57.53,-0.07,17.38,WHA,Property,4084.6499999999955
2024-09-16,62.13,24.92,87.05,37.21,15.85,WHA,Property,4121.859999999995
2024-09-17,54.11,49.72,103.83,4.39,16.92,WHA,Property,4126.249999999995
2024-09-18,92.01,25.25,117.26,66.75,15.78,WHA,Property,4192.999999999995
2024-09-19,89.79,25.05,114.85,64.74,17.41,WHA,Property,4257.739999999995
2024-09-20,30.29,46.18,76.47,-15.89,12.81,WHA,Property,4241.849999999995
2024-09-23,39.05,57.03,96.08,-17.98,20.52,WHA,Property,4223.869999999995
2024-09-24,32.62,39.41,72.03,-6.8,16.57,WHA,Property,4217.069999999995
2024-09-25,65.58,45.23,110.81,20.35,36.02,WHA,Property,4237.4199999999955
2024-09-26,83.42,25.81,109.23,57.61,23.11,WHA,Property,4295.029999999995
2024-09-27,38.03,51.58,89.6,-13.55,21.77,WHA,Property,4281.479999999995
2024-09-30,74.1,62.44,136.54,11.66,23.52,WHA,Property,4293.139999999995
2024-10-01,68.11,38.35,106.46,29.76,21.92,WHA,Property,4322.899999999995
2024-10-02,227.41,99.1,326.51,128.31,17.5,WHA,Property,4451.2099999999955
2024-10-03,30.75,38.78,69.52,-8.03,15.56,WHA,Property,4443.179999999996
2024-10-04,46.95,131.51,178.46,-84.56,27.37,WHA,Property,4358.619999999995
2024-10-07,59.05,167.65,226.7,-108.6,14.19,WHA,Property,4250.019999999995
2024-10-08,112.39,165.09,277.48,-52.7,13.37,WHA,Property,4197.319999999995
2024-10-09,114.02,78.63,192.65,35.39,9.83,WHA,Property,4232.7099999999955
2024-10-10,66.12,73.06,139.18,-6.94,14.16,WHA,Property,4225.769999999996
2024-10-11,26.89,33.44,60.33,-6.55,13.91,WHA,Property,4219.219999999996
2024-10-15,78.77,73.11,151.89,5.66,21.37,WHA,Property,4224.879999999996
2024-10-16,115.59,65.36,180.95,50.22,20.4,WHA,Property,4275.099999999996
2024-10-17,115.51,70.0,185.5,45.51,10.11,WHA,Property,4320.609999999996
2024-10-18,72.72,49.43,122.15,23.29,23.91,WHA,Property,4343.899999999996
2024-10-21,120.62,119.27,239.89,1.35,40.65,WHA,Property,4345.249999999996
2024-10-22,36.18,22.28,58.46,13.9,13.43,WHA,Property,4359.149999999996
2024-10-24,113.34,69.45,182.79,43.89,17.97,WHA,Property,4403.039999999996
2024-10-25,142.95,143.55,286.5,-0.61,16.64,WHA,Property,4402.429999999997
2024-10-28,242.82,133.12,375.94,109.7,21.0,WHA,Property,4512.1299999999965
2024-10-29,55.35,65.38,120.73,-10.03,18.27,WHA,Property,4502.099999999997
2024-10-30,22.5,111.24,133.75,-88.74,20.32,WHA,Property,4413.359999999997
2024-10-31,60.93,67.44,128.37,-6.52,19.13,WHA,Property,4406.8399999999965
2024-11-01,14.35,38.43,52.78,-24.08,10.71,WHA,Property,4382.759999999997
2024-11-04,8.16,31.64,39.8,-23.49,9.91,WHA,Property,4359.269999999997
2024-11-05,129.23,53.16,182.39,76.07,27.0,WHA,Property,4435.3399999999965
2024-11-06,230.19,117.63,347.82,112.56,13.22,WHA,Property,4547.899999999997
2024-11-07,116.52,49.36,165.88,67.17,17.02,WHA,Property,4615.069999999997
2024-11-08,93.67,98.39,192.06,-4.72,15.27,WHA,Property,4610.349999999997
2024-11-11,117.26,168.75,286.01,-51.5,11.08,WHA,Property,4558.849999999997
2024-11-12,124.33,120.27,244.6,4.05,19.65,WHA,Property,4562.899999999997
2024-11-13,62.39,62.04,124.43,0.36,14.4,WHA,Property,4563.259999999997
2024-11-14,19.1,21.14,40.24,-2.05,7.07,WHA,Property,4561.209999999996
2024-11-15,27.09,39.21,66.31,-12.12,14.54,WHA,Property,4549.0899999999965
2024-11-18,22.86,2.88,25.74,19.98,12.81,WHA,Property,4569.069999999996
2024-11-19,8.31,3.7,12.02,4.61,5.58,WHA,Property,4573.679999999996
2024-11-20,44.88,27.33,72.21,17.56,18.86,WHA,Property,4591.239999999996
2024-11-21,35.17,25.77,60.93,9.4,18.43,WHA,Property,4600.639999999996
2024-11-22,43.91,90.44,134.35,-46.52,12.92,WHA,Property,4554.119999999995
2024-11-25,46.45,59.21,105.66,-12.76,17.1,WHA,Property,4541.359999999995
2024-11-26,27.79,19.94,47.73,7.85,12.97,WHA,Property,4549.2099999999955
2024-11-27,42.47,26.51,68.98,15.96,15.77,WHA,Property,4565.1699999999955
2024-11-28,12.61,6.69,19.3,5.92,14.55,WHA,Property,4571.089999999996
2024-11-29,41.44,37.4,78.84,4.04,25.34,WHA,Property,4575.129999999996
2024-12-02,17.97,13.44,31.42,4.53,8.67,WHA,Property,4579.659999999995
2024-12-03,17.53,14.67,32.21,2.86,10.28,WHA,Property,4582.519999999995
2024-12-04,16.72,8.94,25.65,7.78,20.53,WHA,Property,4590.299999999995
2024-12-06,22.15,9.12,31.27,13.03,17.65,WHA,Property,4603.3299999999945
2024-12-09,47.19,32.77,79.96,14.42,16.88,WHA,Property,4617.7499999999945
2024-12-11,22.85,8.7,31.55,14.15,12.04,WHA,Property,4631.899999999994
2024-12-12,42.98,53.54,96.53,-10.56,17.29,WHA,Property,4621.339999999994
2024-12-13,40.69,35.93,76.62,4.75,13.4,WHA,Property,4626.089999999994
2024-12-16,70.8,31.24,102.04,39.55,19.19,WHA,Property,4665.639999999994
2024-12-17,54.62,68.37,122.99,-13.75,25.33,WHA,Property,4651.889999999994
2024-12-18,42.21,33.41,75.62,8.8,17.66,WHA,Property,4660.689999999994
2024-12-19,108.33,70.48,178.81,37.85,18.39,WHA,Property,4698.5399999999945
2024-12-20,71.22,44.84,116.06,26.39,21.39,WHA,Property,4724.929999999995
2024-12-23,41.5,62.68,104.18,-21.18,18.88,WHA,Property,4703.7499999999945
2024-12-24,9.06,24.54,33.6,-15.47,16.32,WHA,Property,4688.279999999994
2024-12-25,12.75,15.81,28.56,-3.06,12.84,WHA,Property,4685.219999999994
2024-12-26,29.56,44.77,74.33,-15.21,18.43,WHA,Property,4670.009999999994
2024-12-27,20.3,54.23,74.54,-33.93,19.27,WHA,Property,4636.079999999994
2024-12-30,24.86,67.94,92.8,-43.08,20.62,WHA,Property,4592.999999999994
2025-01-02,6.59,14.73,21.32,-8.14,8.36,WHA,Property,4584.859999999993
2025-01-03,41.82,35.77,77.58,6.05,15.69,WHA,Property,4590.9099999999935
2025-01-06,49.28,97.86,147.14,-48.59,19.26,WHA,Property,4542.319999999993
2025-01-07,65.33,67.07,132.4,-1.74,16.21,WHA,Property,4540.579999999994
2025-01-08,16.98,31.68,48.66,-14.69,7.59,WHA,Property,4525.889999999994
2025-01-09,45.55,48.45,94.0,-2.9,19.09,WHA,Property,4522.989999999994
2025-01-10,37.85,50.21,88.06,-12.36,15.39,WHA,Property,4510.629999999995
2025-01-13,40.62,30.58,71.2,10.04,16.75,WHA,Property,4520.669999999995
2025-01-14,46.82,34.04,80.87,12.78,26.05,WHA,Property,4533.449999999994
2025-01-15,41.28,48.77,90.06,-7.49,15.0,WHA,Property,4525.959999999995
2025-01-16,46.61,36.19,82.8,10.42,13.48,WHA,Property,4536.379999999995
2025-01-17,267.91,127.49,395.39,140.42,21.26,WHA,Property,4676.799999999995
2025-01-20,276.64,83.25,359.89,193.39,20.06,WHA,Property,4870.189999999995
2025-01-21,72.16,83.78,155.95,-11.62,17.73,WHA,Property,4858.569999999995
2025-01-22,107.1,192.96,300.06,-85.87,21.87,WHA,Property,4772.699999999995
2025-01-23,25.6,32.12,57.72,-6.52,20.31,WHA,Property,4766.179999999995
2025-01-24,205.34,70.29,275.63,135.06,20.47,WHA,Property,4901.239999999995
2025-01-27,90.5,45.13,135.63,45.37,23.16,WHA,Property,4946.609999999995
2025-01-28,107.41,59.13,166.54,48.29,26.21,WHA,Property,4994.899999999995
2025-01-29,77.22,66.68,143.9,10.54,26.45,WHA,Property,5005.439999999995
2025-01-30,111.04,112.44,223.48,-1.41,21.94,WHA,Property,5004.029999999995
2025-01-31,110.13,195.87,306.0,-85.74,28.4,WHA,Property,4918.289999999995
2025-02-03,114.62,124.25,238.86,-9.63,31.06,WHA,Property,4908.659999999995
2025-02-04,159.53,150.43,309.96,9.09,46.51,WHA,Property,4917.749999999995
2025-02-05,57.38,59.25,116.63,-1.88,20.45,WHA,Property,4915.869999999995
2025-02-06,293.83,164.96,458.78,128.87,20.56,WHA,Property,5044.739999999995
2025-02-07,234.9,134.35,369.25,100.54,29.56,WHA,Property,5145.279999999995
2025-02-10,88.36,104.58,192.94,-16.23,23.24,WHA,Property,5129.049999999996
2025-02-11,37.2,128.25,165.45,-91.05,21.49,WHA,Property,5037.999999999995
2025-02-13,51.82,84.51,136.32,-32.69,35.23,WHA,Property,5005.309999999996
2025-02-14,82.61,72.11,154.72,10.5,33.29,WHA,Property,5015.809999999996
2025-02-17,108.04,125.71,233.75,-17.67,35.28,WHA,Property,4998.139999999996
2025-02-18,56.03,67.07,123.1,-11.03,32.03,WHA,Property,4987.109999999996
2025-02-19,135.66,72.28,207.94,63.38,19.74,WHA,Property,5050.489999999996
2025-02-20,98.71,100.05,198.76,-1.34,20.02,WHA,Property,5049.149999999996
2025-02-21,160.72,72.8,233.52,87.93,20.62,WHA,Property,5137.079999999996
2025-02-24,485.07,859.36,1344.44,-374.29,17.53,WHA,Property,4762.789999999996
2025-02-25,363.67,429.79,793.46,-66.11,17.04,WHA,Property,4696.679999999997
2025-02-26,496.81,435.64,932.45,61.17,20.45,WHA,Property,4757.849999999997
2025-02-27,268.96,217.28,486.24,51.68,25.2,WHA,Property,4809.529999999997
2025-02-28,92.39,89.27,181.66,3.12,18.29,WHA,Property,4812.649999999997
2025-03-03,104.86,128.04,232.9,-23.19,16.82,WHA,Property,4789.459999999997
2025-03-04,112.67,211.25,323.92,-98.58,15.62,WHA,Property,4690.879999999997
2025-03-05,97.68,103.07,200.75,-5.39,16.03,WHA,Property,4685.489999999997
2025-03-06,107.61,161.35,268.96,-53.73,24.72,WHA,Property,4631.7599999999975
2025-03-07,151.35,172.78,324.13,-21.42,12.08,WHA,Property,4610.339999999997
2025-03-10,65.55,83.56,149.1,-18.01,20.17,WHA,Property,4592.329999999997
2025-03-11,127.44,101.17,228.61,26.28,18.33,WHA,Property,4618.609999999997
2025-03-12,62.39,78.95,141.34,-16.55,16.27,WHA,Property,4602.059999999997
2025-03-13,70.78,79.89,150.68,-9.11,21.82,WHA,Property,4592.949999999997
2025-03-14,89.44,169.15,258.59,-79.71,29.83,WHA,Property,4513.239999999997
2025-03-17,74.65,70.64,145.29,4.0,18.05,WHA,Property,4517.239999999997
2025-03-18,115.17,89.92,205.1,25.25,19.8,WHA,Property,4542.489999999997
2025-03-19,153.06,101.61,254.67,51.44,15.73,WHA,Property,4593.929999999997
2025-03-20,60.61,134.16,194.77,-73.55,21.21,WHA,Property,4520.3799999999965
2025-03-21,101.57,107.67,209.24,-6.1,28.38,WHA,Property,4514.279999999996
2025-03-24,48.99,60.61,109.6,-11.62,30.79,WHA,Property,4502.659999999996
2025-03-25,61.04,90.11,151.15,-29.08,27.06,WHA,Property,4473.579999999996
2025-03-26,32.97,38.1,71.07,-5.14,32.39,WHA,Property,4468.439999999996
2025-03-27,71.96,68.98,140.94,2.98,15.28,WHA,Property,4471.4199999999955
2025-03-28,74.86,101.18,176.04,-26.31,26.43,WHA,Property,4445.109999999995
2025-03-31,145.38,114.63,260.01,30.75,30.35,WHA,Property,4475.859999999995
2025-04-01,51.21,31.38,82.59,19.83,21.87,WHA,Property,4495.689999999995
2025-04-02,35.45,66.38,101.82,-30.93,37.43,WHA,Property,4464.759999999995
2025-04-03,197.98,241.91,439.9,-43.93,15.17,WHA,Property,4420.8299999999945
2025-04-04,280.23,161.84,442.07,118.4,24.99,WHA,Property,4539.229999999994
2025-04-08,514.01,284.96,798.97,229.05,34.15,WHA,Property,4768.279999999994
2025-04-09,359.72,211.33,571.04,148.39,31.74,WHA,Property,4916.669999999995
2025-04-10,33.55,13.79,47.35,19.76,6.22,WHA,Property,4936.429999999995
2025-04-11,225.95,322.13,548.08,-96.19,21.66,WHA,Property,4840.239999999995
2025-04-16,217.92,183.75,401.68,34.17,22.82,WHA,Property,4874.409999999995
2025-04-17,65.05,95.48,160.53,-30.43,21.27,WHA,Property,4843.979999999995
2025-04-18,64.66,106.73,171.38,-42.07,25.69,WHA,Property,4801.909999999995
2025-04-21,129.95,293.96,423.91,-164.01,23.74,WHA,Property,4637.899999999995
2025-04-22,96.74,74.16,170.9,22.59,23.77,WHA,Property,4660.489999999995
2025-04-23,26.7,134.38,161.08,-107.69,27.84,WHA,Property,4552.799999999996
2025-04-24,72.0,66.81,138.81,5.19,23.87,WHA,Property,4557.989999999995
2025-04-25,98.46,56.69,155.15,41.77,20.75,WHA,Property,4599.759999999996
2025-04-28,23.55,83.84,107.39,-60.29,24.46,WHA,Property,4539.469999999996
2025-04-29,59.72,86.68,146.39,-26.96,24.48,WHA,Property,4512.509999999996
2025-04-30,80.83,57.01,137.84,23.83,28.32,WHA,Property,4536.339999999996
2025-05-02,97.97,113.06,211.04,-15.09,19.58,WHA,Property,4521.249999999995
2025-05-06,66.22,103.53,169.76,-37.31,18.4,WHA,Property,4483.939999999995
2025-05-07,119.55,132.86,252.41,-13.31,20.6,WHA,Property,4470.629999999995
2025-05-08,39.29,99.57,138.87,-60.28,22.82,WHA,Property,4410.349999999995
2025-05-09,56.49,67.3,123.79,-10.81,20.77,WHA,Property,4399.5399999999945
2025-05-13,434.6,252.39,686.98,182.21,23.75,WHA,Property,4581.7499999999945
2025-05-14,130.96,137.26,268.23,-6.3,22.56,WHA,Property,4575.449999999994
2025-05-15,81.86,141.14,222.99,-59.28,19.28,WHA,Property,4516.169999999995
2025-05-16,60.72,86.18,146.9,-25.46,32.53,WHA,Property,4490.709999999995
2025-05-19,119.14,64.58,183.72,54.56,26.98,WHA,Property,4545.269999999995
2025-05-20,61.92,62.59,124.51,-0.67,25.32,WHA,Property,4544.599999999995
2025-05-21,84.13,87.99,172.12,-3.87,25.11,WHA,Property,4540.729999999995
2025-05-22,64.55,60.14,124.69,4.41,21.11,WHA,Property,4545.139999999995
2025-05-23,73.07,53.98,127.05,19.09,22.1,WHA,Property,4564.229999999995
2025-05-26,68.83,80.13,148.96,-11.3,25.01,WHA,Property,4552.929999999995
2025-05-27,108.61,37.16,145.77,71.45,32.69,WHA,Property,4624.379999999995
2025-05-28,110.96,71.17,182.13,39.8,33.05,WHA,Property,4664.179999999995
2025-05-29,83.27,130.58,213.85,-47.32,19.96,WHA,Property,4616.859999999995
2025-05-30,125.4,91.43,216.83,33.97,24.17,WHA,Property,4650.829999999995
2025-06-04,77.41,104.47,181.87,-27.06,28.57,WHA,Property,4623.769999999995
2025-06-05,39.26,45.21,84.48,-5.95,34.31,WHA,Property,4617.819999999995
2025-06-06,27.58,43.87,71.45,-16.29,23.47,WHA,Property,4601.529999999995
2025-06-09,84.39,33.24,117.63,51.15,22.77,WHA,Property,4652.679999999995
2025-06-10,26.61,75.18,101.79,-48.56,30.45,WHA,Property,4604.119999999994
2025-06-11,22.66,27.53,50.19,-4.87,18.22,WHA,Property,4599.2499999999945
2025-06-12,34.21,47.25,81.46,-13.03,15.91,WHA,Property,4586.219999999995
2025-06-13,201.56,67.05,268.61,134.51,24.16,WHA,Property,4720.729999999995
2025-06-16,121.43,56.52,177.95,64.91,24.37,WHA,Property,4785.639999999995
2025-06-17,87.1,35.73,122.82,51.37,33.21,WHA,Property,4837.009999999995
2025-06-18,62.77,57.19,119.96,5.57,28.1,WHA,Property,4842.5799999999945
2025-06-19,110.23,183.46,293.69,-73.23,26.05,WHA,Property,4769.349999999995
2025-06-20,64.16,72.62,136.79,-8.46,26.78,WHA,Property,4760.889999999995
2025-06-23,80.94,45.33,126.27,35.61,31.82,WHA,Property,4796.4999999999945
2025-06-24,210.32,87.14,297.46,123.18,35.7,WHA,Property,4919.679999999995
2025-06-25,107.72,87.74,195.45,19.98,27.73,WHA,Property,4939.659999999994
2025-06-26,135.63,71.87,207.5,63.76,27.37,WHA,Property,5003.419999999995
2025-06-27,45.58,110.96,156.54,-65.38,28.32,WHA,Property,4938.0399999999945
2025-06-30,124.94,78.23,203.17,46.7,32.42,WHA,Property,4984.739999999994
2025-07-01,123.14,96.12,219.26,27.01,24.34,WHA,Property,5011.7499999999945
2025-07-02,42.28,81.7,123.98,-39.41,22.5,WHA,Property,4972.339999999995
2025-07-03,103.87,119.49,223.36,-15.62,20.72,WHA,Property,4956.719999999995
2025-07-04,125.09,104.09,229.18,21.0,22.22,WHA,Property,4977.719999999995
2025-07-07,123.9,280.85,404.76,-156.95,17.98,WHA,Property,4820.769999999995
2025-07-08,206.25,99.1,305.34,107.15,17.61,WHA,Property,4927.919999999995
2025-07-09,182.03,90.79,272.82,91.23,26.03,WHA,Property,5019.149999999994
2025-07-11,107.23,61.81,169.04,45.41,27.84,WHA,Property,5064.559999999994
2025-07-14,69.47,29.72,99.18,39.75,18.71,WHA,Property,5104.309999999994
2025-07-15,57.29,45.81,103.1,11.48,20.29,WHA,Property,5115.789999999994
2025-07-16,175.68,103.89,279.57,71.79,17.14,WHA,Property,5187.579999999994
2025-07-17,99.38,98.84,198.22,0.54,17.97,WHA,Property,5188.1199999999935
2025-07-18,51.3,133.59,184.89,-82.29,22.58,WHA,Property,5105.829999999994
2025-07-21,46.27,47.13,93.4,-0.85,19.03,WHA,Property,5104.979999999993
2025-07-22,39.04,78.49,117.53,-39.46,24.0,WHA,Property,5065.519999999993
2025-07-23,165.53,131.29,296.83,34.24,23.69,WHA,Property,5099.759999999993
2025-07-24,37.42,151.95,189.37,-114.53,26.3,WHA,Property,4985.229999999993
2025-07-25,69.29,104.01,173.3,-34.72,23.56,WHA,Property,4950.509999999993
2025-07-29,116.93,83.48,200.42,33.45,23.12,WHA,Property,4983.959999999993
2025-07-30,201.86,144.6,346.46,57.26,18.56,WHA,Property,5041.219999999993
2025-07-31,142.26,220.06,362.32,-77.8,27.39,WHA,Property,4963.419999999993
2025-08-01,110.84,253.19,364.03,-142.35,12.65,WHA,Property,4821.069999999992
2025-08-04,99.5,96.57,196.08,2.93,16.92,WHA,Property,4823.999999999993
2025-08-05,65.67,138.6,204.27,-72.93,19.02,WHA,Property,4751.069999999992
2025-08-06,46.7,89.7,136.4,-42.99,12.61,WHA,Property,4708.079999999993
2025-08-07,86.78,94.69,181.47,-7.91,17.33,WHA,Property,4700.169999999993
2025-08-08,34.6,105.26,139.86,-70.66,22.44,WHA,Property,4629.509999999993
2025-08-13,116.65,86.7,203.35,29.95,20.2,WHA,Property,4659.459999999993
2025-08-14,27.32,97.66,124.98,-70.34,19.46,WHA,Property,4589.119999999993
2025-08-15,57.07,75.49,132.56,-18.42,18.09,WHA,Property,4570.6999999999925
2025-08-18,92.98,38.41,131.4,54.57,31.18,WHA,Property,4625.269999999992
2025-08-19,30.35,39.29,69.65,-8.94,29.76,WHA,Property,4616.329999999993
2025-08-20,132.61,78.37,210.98,54.24,16.12,WHA,Property,4670.569999999992
2025-08-21,81.28,78.97,160.25,2.3,17.44,WHA,Property,4672.869999999993
2025-08-22,47.67,50.77,98.44,-3.1,24.46,WHA,Property,4669.769999999992
2025-08-25,129.32,49.65,178.97,79.67,16.79,WHA,Property,4749.439999999992
2025-08-26,37.5,135.1,172.6,-97.6,23.05,WHA,Property,4651.839999999992
2025-08-27,62.86,66.28,129.14,-3.41,26.81,WHA,Property,4648.429999999992
2025-08-28,28.33,48.87,77.2,-20.55,25.66,WHA,Property,4627.879999999992
2025-08-29,56.15,98.36,154.51,-42.21,28.16,WHA,Property,4585.669999999992
2025-09-01,34.64,29.76,64.4,4.88,19.84,WHA,Property,4590.549999999992
2025-09-02,15.36,29.38,44.75,-14.02,16.18,WHA,Property,4576.529999999992
2025-09-03,86.7,37.64,124.34,49.06,15.51,WHA,Property,4625.589999999992
2025-09-04,51.11,48.85,99.96,2.26,24.08,WHA,Property,4627.849999999992
2025-09-05,121.72,31.94,153.66,89.79,19.82,WHA,Property,4717.639999999992
2025-09-08,49.72,30.62,80.34,19.1,17.01,WHA,Property,4736.7399999999925
2025-09-09,39.1,51.03,90.13,-11.93,17.08,WHA,Property,4724.809999999992
2025-09-10,29.79,17.28,47.07,12.51,10.75,WHA,Property,4737.319999999992
2025-09-11,92.27,65.65,157.92,26.62,16.42,WHA,Property,4763.939999999992
2025-09-12,14.22,57.06,71.28,-42.83,15.75,WHA,Property,4721.109999999992
2025-09-15,57.69,101.45,159.14,-43.75,33.19,WHA,Property,4677.359999999992
2025-09-16,40.86,42.77,83.63,-1.91,15.48,WHA,Property,4675.4499999999925
2025-09-17,39.2,53.64,92.84,-14.44,20.38,WHA,Property,4661.009999999993
2025-09-18,13.76,82.99,96.75,-69.23,19.4,WHA,Property,4591.779999999993
2025-09-19,53.14,49.46,102.61,3.68,29.08,WHA,Property,4595.459999999994
2025-09-22,23.02,46.86,69.87,-23.84,17.92,WHA,Property,4571.6199999999935
2025-09-23,20.06,66.73,86.79,-46.68,19.55,WHA,Property,4524.939999999993
2025-09-24,49.65,60.98,110.63,-11.34,22.11,WHA,Property,4513.599999999993
2025-09-25,54.35,80.44,134.79,-26.09,25.03,WHA,Property,4487.509999999993
2025-09-26,47.5,60.02,107.53,-12.52,24.01,WHA,Property,4474.9899999999925
2025-09-29,21.24,67.74,88.97,-46.5,30.87,WHA,Property,4428.4899999999925
2025-09-30,37.92,49.03,86.95,-11.11,20.09,WHA,Property,4417.379999999993
2025-10-01,10.86,34.74,45.6,-23.87,17.27,WHA,Property,4393.509999999993
2025-10-02,24.3,25.0,49.3,-0.7,24.85,WHA,Property,4392.809999999993
2025-10-03,10.94,49.96,60.89,-39.02,25.29,WHA,Property,4353.789999999993
2025-10-06,6.72,12.84,19.56,-6.13,12.74,WHA,Property,4347.659999999993
2025-10-07,55.12,45.75,100.87,9.37,20.05,WHA,Property,4357.0299999999925
2025-10-08,33.16,48.55,81.71,-15.39,22.19,WHA,Property,4341.639999999992
2025-10-09,113.0,65.96,178.96,47.04,24.27,WHA,Property,4388.679999999992
2025-10-10,54.12,71.74,125.87,-17.62,21.12,WHA,Property,4371.059999999992
2025-10-14,103.95,136.19,240.15,-32.24,26.29,WHA,Property,4338.819999999992
2025-10-15,211.6,179.34,390.94,32.26,48.43,WHA,Property,4371.079999999993
2025-10-16,65.84,78.91,144.75,-13.07,27.59,WHA,Property,4358.009999999993
2025-10-17,11.31,62.94,74.25,-51.62,22.02,WHA,Property,4306.389999999993
2025-10-20,25.17,63.11,88.28,-37.93,14.0,WHA,Property,4268.459999999993
2025-10-21,14.95,42.47,57.42,-27.53,17.41,WHA,Property,4240.929999999993
2025-10-22,85.97,80.11,166.08,5.86,31.71,WHA,Property,4246.789999999993
2025-10-24,61.46,51.67,113.14,9.79,22.6,WHA,Property,4256.579999999993
2025-10-27,56.75,107.74,164.49,-50.99,22.64,WHA,Property,4205.589999999993
2025-10-28,98.69,115.34,214.03,-16.66,21.92,WHA,Property,4188.929999999993
2025-10-29,59.71,41.03,100.74,18.68,20.86,WHA,Property,4207.609999999993
2025-10-30,127.59,44.39,171.99,83.2,23.85,WHA,Property,4290.809999999993
2025-10-31,43.49,51.99,95.48,-8.5,27.43,WHA,Property,4282.309999999993
2025-11-03,26.66,70.61,97.27,-43.94,24.65,WHA,Property,4238.3699999999935
2025-11-04,39.98,35.46,75.43,4.52,13.7,WHA,Property,4242.889999999994
2025-11-05,97.5,72.73,170.23,24.77,28.04,WHA,Property,4267.659999999994
2025-11-06,149.29,141.05,290.34,8.24,32.2,WHA,Property,4275.899999999994
2025-11-07,31.64,70.33,101.97,-38.69,27.05,WHA,Property,4237.209999999995
2025-11-10,15.92,27.1,43.02,-11.18,21.11,WHA,Property,4226.029999999994
2025-11-11,59.15,85.01,144.17,-25.86,43.91,WHA,Property,4200.169999999995
2025-11-12,69.37,73.3,142.66,-3.93,33.13,WHA,Property,4196.239999999994
2025-11-13,41.34,63.74,105.09,-22.4,38.61,WHA,Property,4173.839999999995
2025-11-14,14.86,57.58,72.44,-42.72,30.73,WHA,Property,4131.119999999994
2025-11-17,46.31,48.32,94.63,-2.02,22.51,WHA,Property,4129.099999999994
2025-11-18,80.47,37.05,117.52,43.42,24.81,WHA,Property,4172.519999999994
2025-11-19,10.87,54.91,65.79,-44.04,35.42,WHA,Property,4128.479999999994
2025-11-20,8.63,38.41,47.04,-29.77,15.18,WHA,Property,4098.709999999994
2025-11-21,31.4,39.49,70.9,-8.09,20.56,WHA,Property,4090.6199999999935
2025-11-24,67.08,81.5,148.58,-14.42,30.17,WHA,Property,4076.1999999999935
2025-11-25,189.12,125.96,315.09,63.16,24.57,WHA,Property,4139.359999999993
2025-11-26,17.91,54.09,72.0,-36.18,13.05,WHA,Property,4103.179999999993
2025-11-27,22.01,47.03,69.05,-25.02,20.72,WHA,Property,4078.159999999993
2025-11-28,9.42,12.15,21.58,-2.73,22.18,WHA,Property,4075.429999999993
2025-12-01,33.27,49.34,82.61,-16.07,32.77,WHA,Property,4059.359999999993
2025-12-02,25.91,56.88,82.79,-30.97,30.48,WHA,Property,4028.389999999993
2025-12-03,75.21,82.66,157.87,-7.46,32.83,WHA,Property,4020.929999999993
2025-12-04,32.58,46.29,78.86,-13.71,24.77,WHA,Property,4007.219999999993
2025-12-08,14.71,28.83,43.54,-14.13,22.87,WHA,Property,3993.089999999993
2025-12-09,16.74,37.38,54.12,-20.64,24.36,WHA,Property,3972.449999999993
2025-12-11,21.01,39.53,60.54,-18.51,24.72,WHA,Property,3953.939999999993
2025-12-12,21.18,28.22,49.4,-7.03,24.89,WHA,Property,3946.9099999999926
2025-12-15,49.96,36.46,86.42,13.49,27.1,WHA,Property,3960.3999999999924
2025-12-16,51.56,47.9,99.46,3.66,21.17,WHA,Property,3964.059999999992
2025-12-17,62.99,101.53,164.52,-38.53,25.5,WHA,Property,3925.529999999992
2025-12-18,32.29,107.95,140.24,-75.66,23.19,WHA,Property,3849.869999999992
2025-12-19,20.8,38.09,58.89,-17.29,35.6,WHA,Property,3832.579999999992
2025-12-22,25.47,28.88,54.34,-3.41,24.5,WHA,Property,3829.1699999999923
2025-12-23,115.08,36.53,151.61,78.55,29.42,WHA,Property,3907.7199999999925
2025-12-24,59.85,33.91,93.76,25.94,24.36,WHA,Property,3933.6599999999926
2025-12-25,17.61,19.02,36.63,-1.42,20.9,WHA,Property,3932.2399999999925
2025-12-26,35.19,36.98,72.17,-1.8,29.47,WHA,Property,3930.4399999999923
2025-12-29,15.5,33.36,48.87,-17.86,21.12,WHA,Property,3912.579999999992
2025-12-30,14.82,18.66,33.48,-3.84,15.13,WHA,Property,3908.739999999992
2026-01-05,70.59,37.48,108.07,33.12,17.74,WHA,Property,3941.859999999992
2026-01-06,43.39,39.94,83.33,3.45,21.3,WHA,Property,3945.3099999999918
2026-01-07,34.57,29.08,63.64,5.49,23.12,WHA,Property,3950.7999999999915
2026-01-08,13.52,20.58,34.1,-7.05,16.21,WHA,Property,3943.7499999999914
2026-01-09,46.34,52.03,98.37,-5.69,27.51,WHA,Property,3938.0599999999913
2026-01-12,23.22,60.43,83.64,-37.21,24.74,WHA,Property,3900.8499999999913
2026-01-13,44.71,45.74,90.45,-1.03,34.67,WHA,Property,3899.819999999991
2026-01-14,34.89,37.98,72.87,-3.09,31.7,WHA,Property,3896.729999999991
2026-01-15,50.54,39.52,90.06,11.02,34.71,WHA,Property,3907.749999999991
2026-01-16,60.17,38.55,98.72,21.61,33.15,WHA,Property,3929.359999999991
2026-01-19,54.7,30.95,85.64,23.75,26.49,WHA,Property,3953.109999999991
2026-01-20,140.16,52.78,192.94,87.38,31.74,WHA,Property,4040.489999999991
2026-01-21,95.23,32.54,127.77,62.69,21.12,WHA,Property,4103.179999999991
2026-01-22,141.7,148.12,289.82,-6.42,37.18,WHA,Property,4096.759999999991
2026-01-23,42.76,55.7,98.46,-12.94,37.16,WHA,Property,4083.819999999991
2026-01-26,52.8,102.7,155.51,-49.9,42.41,WHA,Property,4033.919999999991
2026-01-27,115.55,38.09,153.64,77.47,29.05,WHA,Property,4111.389999999991
2026-01-28,116.18,39.4,155.58,76.78,34.87,WHA,Property,4188.169999999991
2026-01-29,35.51,39.21,74.72,-3.7,36.36,WHA,Property,4184.469999999991
2026-01-30,253.51,155.39,408.89,98.12,56.16,WHA,Property,4282.589999999991
2026-02-02,47.97,100.41,148.38,-52.44,31.88,WHA,Property,4230.149999999991
2026-02-03,51.29,56.45,107.74,-5.16,20.85,WHA,Property,4224.989999999992
2026-02-04,57.79,32.77,90.55,25.02,29.63,WHA,Property,4250.009999999992
2026-02-05,88.23,59.2,147.42,29.03,19.47,WHA,Property,4279.039999999992
2026-02-06,34.23,42.73,76.96,-8.5,24.98,WHA,Property,4270.539999999992
2026-02-09,545.06,177.62,722.68,367.44,25.77,WHA,Property,4637.979999999991
2026-02-10,168.15,156.92,325.07,11.23,19.92,WHA,Property,4649.209999999991
2026-02-11,220.36,144.92,365.29,75.44,22.55,WHA,Property,4724.6499999999905
2026-02-12,428.97,245.34,674.31,183.63,26.76,WHA,Property,4908.279999999991
2026-02-13,309.44,205.57,515.01,103.88,23.88,WHA,Property,5012.159999999991
2026-02-16,167.83,254.53,422.36,-86.71,30.96,WHA,Property,4925.449999999991
2026-02-17,138.84,143.7,282.54,-4.85,28.51,WHA,Property,4920.59999999999
2026-02-18,409.59,247.18,656.76,162.41,35.05,WHA,Property,5083.00999999999
2026-02-19,309.97,225.75,535.71,84.22,32.37,WHA,Property,5167.2299999999905
2026-02-20,375.88,271.53,647.41,104.36,36.04,WHA,Property,5271.58999999999
2026-02-23,318.25,262.46,580.71,55.79,33.54,WHA,Property,5327.37999999999
2026-02-24,199.3,181.59,380.89,17.7,27.37,WHA,Property,5345.07999999999
2026-02-25,266.31,312.0,578.31,-45.68,35.75,WHA,Property,5299.39999999999
2026-02-26,98.44,214.96,313.4,-116.53,17.59,WHA,Property,5182.86999999999
2026-02-27,168.73,148.41,317.14,20.32,27.2,WHA,Property,5203.18999999999
2026-03-02,414.06,219.62,633.68,194.44,29.84,WHA,Property,5397.629999999989
2026-03-04,489.41,595.47,1084.88,-106.06,31.98,WHA,Property,5291.569999999989
2026-03-05,237.22,289.23,526.44,-52.01,31.2,WHA,Property,5239.559999999989
2026-03-06,120.53,147.39,267.92,-26.85,37.97,WHA,Property,5212.709999999988
2026-03-09,203.1,216.32,419.42,-13.22,30.74,WHA,Property,5199.489999999988
2026-03-10,116.58,238.72,355.31,-122.14,33.68,WHA,Property,5077.349999999988
2026-03-11,117.55,226.58,344.13,-109.03,28.75,WHA,Property,4968.319999999988
2026-03-12,61.08,151.4,212.48,-90.32,27.07,WHA,Property,4877.999999999988
2026-03-13,51.34,117.35,168.69,-66.01,26.22,WHA,Property,4811.989999999988
2026-03-16,30.8,70.06,100.86,-39.26,25.93,WHA,Property,4772.729999999988
2026-03-17,76.74,130.36,207.1,-53.61,19.11,WHA,Property,4719.119999999988
2026-03-18,111.81,158.45,270.26,-46.65,26.11,WHA,Property,4672.469999999988
2026-03-19,69.56,140.56,210.12,-71.01,26.25,WHA,Property,4601.459999999988
2026-03-20,73.69,101.47,175.16,-27.78,28.28,WHA,Property,4573.6799999999885
2026-03-23,102.75,107.46,210.21,-4.72,22.93,WHA,Property,4568.959999999988
2026-03-24,103.66,123.98,227.63,-20.32,26.24,WHA,Property,4548.6399999999885
2026-03-25,296.56,192.52,489.08,104.04,37.77,WHA,Property,4652.6799999999885
2026-03-26,381.38,167.34,548.72,214.04,41.13,WHA,Property,4866.719999999988
2026-03-27,83.81,118.78,202.58,-34.97,26.75,WHA,Property,4831.749999999988
2026-03-30,76.61,52.96,129.57,23.65,36.09,WHA,Property,4855.399999999988
2026-03-31,58.87,49.46,108.34,9.41,23.32,WHA,Property,4864.809999999988
2026-04-01,133.2,91.4,224.59,41.8,20.78,WHA,Property,4906.609999999988
2026-04-02,124.86,171.29,296.15,-46.43,26.88,WHA,Property,4860.179999999988
2026-04-03,133.76,94.9,228.66,38.86,22.62,WHA,Property,4899.039999999987
2026-04-07,60.88,56.26,117.14,4.62,29.23,WHA,Property,4903.659999999987
2026-04-08,78.01,46.14,124.15,31.88,18.63,WHA,Property,4935.539999999987
2026-04-09,20.78,64.07,84.85,-43.29,26.63,WHA,Property,4892.249999999987
2026-04-10,23.59,33.97,57.56,-10.38,20.04,WHA,Property,4881.869999999987
2026-04-16,231.19,131.7,362.89,99.49,24.09,WHA,Property,4981.359999999987
2026-04-17,84.03,112.29,196.32,-28.26,26.75,WHA,Property,4953.099999999987
2026-04-20,52.34,56.54,108.87,-4.2,24.08,WHA,Property,4948.899999999987
2026-04-21,154.19,102.35,256.54,51.84,21.2,WHA,Property,5000.739999999987
2026-04-22,104.09,149.81,253.89,-45.72,26.13,WHA,Property,4955.019999999987
2026-04-23,162.51,118.09,280.6,44.42,28.38,WHA,Property,4999.439999999987
2026-04-24,130.91,120.65,251.56,10.26,32.14,WHA,Property,5009.699999999987
2026-04-27,42.51,61.57,104.08,-19.07,24.77,WHA,Property,4990.629999999987
2026-04-28,118.79,134.19,252.97,-15.4,26.88,WHA,Property,4975.229999999988
2026-04-29,142.5,153.06,295.56,-10.56,22.28,WHA,Property,4964.669999999987
2026-04-30,89.85,96.3,186.16,-6.45,24.4,WHA,Property,4958.2199999999875
2026-05-05,51.55,90.02,141.57,-38.47,22.52,WHA,Property,4919.749999999987
2026-05-06,289.66,233.12,522.78,56.54,23.99,WHA,Property,4976.289999999987
2026-05-07,94.0,212.33,306.33,-118.33,17.68,WHA,Property,4857.959999999987
2026-05-08,119.05,188.37,307.43,-69.32,22.98,WHA,Property,4788.639999999988
2026-05-11,55.43,115.45,170.88,-60.02,29.28,WHA,Property,4728.619999999987
2026-05-12,69.94,81.08,151.02,-11.15,22.24,WHA,Property,4717.4699999999875
2026-05-13,52.51,98.01,150.52,-45.5,20.25,WHA,Property,4671.9699999999875
2026-05-14,297.78,197.16,494.94,100.61,26.68,WHA,Property,4772.579999999987
2026-05-15,168.26,146.15,314.41,22.11,28.49,WHA,Property,4794.689999999987
2026-05-18,55.46,92.52,147.99,-37.06,24.79,WHA,Property,4757.6299999999865
2026-05-19,293.24,245.8,539.04,47.44,21.56,WHA,Property,4805.069999999986
2026-05-20,59.52,82.16,141.68,-22.64,21.9,WHA,Property,4782.429999999986
2026-05-21,166.37,186.76,353.13,-20.39,23.04,WHA,Property,4762.039999999985
2026-05-22,245.36,239.33,484.69,6.03,22.92,WHA,Property,4768.069999999985
2026-05-25,100.13,120.48,220.61,-20.36,21.86,WHA,Property,4747.7099999999855
2026-05-26,69.79,68.14,137.93,1.65,20.51,WHA,Property,4749.359999999985
2026-05-27,21.9,66.35,88.25,-44.45,17.39,WHA,Property,4704.909999999985
2026-05-28,231.64,122.73,354.38,108.91,21.58,WHA,Property,4813.819999999985
2026-05-29,189.56,130.13,319.7,59.43,29.29,WHA,Property,4873.249999999985
2026-06-02,134.42,114.77,249.2,19.65,24.73,WHA,Property,4892.899999999985
2026-06-04,116.73,122.58,239.3,-5.85,26.38,WHA,Property,4887.049999999985
2026-06-05,86.93,133.58,220.51,-46.65,28.1,WHA,Property,4840.399999999985
2026-06-08,203.07,164.45,367.52,38.61,27.07,WHA,Property,4879.009999999985
2026-06-09,183.06,262.74,445.81,-79.68,31.9,WHA,Property,4799.3299999999845
2026-06-10,129.67,142.0,271.66,-12.33,24.65,WHA,Property,4786.9999999999845
2026-06-11,120.06,100.96,221.02,19.09,24.82,WHA,Property,4806.089999999985
2026-06-12,184.45,171.68,356.13,12.76,23.64,WHA,Property,4818.849999999985
2026-06-15,315.21,394.31,709.52,-79.1,31.5,WHA,Property,4739.7499999999845
2026-06-16,303.49,255.2,558.69,48.29,31.61,WHA,Property,4788.0399999999845
2026-06-17,61.2,83.7,144.9,-22.5,22.06,WHA,Property,4765.5399999999845
2026-06-18,56.19,97.1,153.28,-40.91,24.28,WHA,Property,4724.629999999985
2026-06-19,161.05,126.24,287.29,34.81,26.2,WHA,Property,4759.439999999985
2026-06-22,26.26,18.74,45.0,7.52,13.81,WHA,Property,4766.9599999999855
2026-06-23,159.03,104.59,263.62,54.44,18.56,WHA,Property,4821.399999999985
2026-06-24,187.88,146.44,334.32,41.44,32.75,WHA,Property,4862.839999999985
2026-06-25,198.74,125.05,323.79,73.69,26.63,WHA,Property,4936.529999999984
2026-06-26,76.65,127.53,204.17,-50.88,26.61,WHA,Property,4885.649999999984
2026-06-29,37.44,23.13,60.58,14.31,17.3,WHA,Property,4899.959999999985
2026-06-30,91.12,81.18,172.31,9.94,21.77,WHA,Property,4909.899999999984
2026-07-01,109.61,106.01,215.62,3.59,16.25,WHA,Property,4913.489999999984
2026-07-02,105.38,134.53,239.91,-29.15,20.38,WHA,Property,4884.339999999985
2026-07-03,179.07,117.37,296.44,61.7,27.75,WHA,Property,4946.0399999999845
2026-07-06,34.52,91.56,126.09,-57.04,30.86,WHA,Property,4888.9999999999845
2026-07-07,79.33,77.68,157.01,1.65,19.08,WHA,Property,4890.649999999984
2026-07-08,53.65,124.26,177.91,-70.6,15.46,WHA,Property,4820.049999999984
2026-07-09,89.72,70.64,160.36,19.08,24.2,WHA,Property,4839.129999999984
2026-07-10,579.5,168.17,747.67,411.32,24.47,WHA,Property,5250.449999999983
2026-07-13,100.12,193.46,293.58,-93.35,23.83,WHA,Property,5157.099999999983
2026-07-14,43.24,111.38,154.62,-68.14,28.34,WHA,Property,5088.959999999983
2026-07-15,105.44,79.25,184.69,26.19,22.16,WHA,Property,5115.149999999982
2026-07-16,48.5,77.1,125.6,-28.59,20.49,WHA,Property,5086.559999999982
2026-07-17,154.17,145.29,299.46,8.88,38.53,WHA,Property,5095.439999999982
2026-07-20,185.57,145.24,330.82,40.33,30.9,WHA,Property,5135.769999999982
2026-07-21,165.5,119.84,285.35,45.66,30.83,WHA,Property,5181.429999999982
2026-07-22,198.58,200.21,398.79,-1.64,28.22,WHA,Property,5179.789999999982
2026-07-23,141.19,146.88,288.07,-5.69,23.97,WHA,Property,5174.099999999982
2026-07-24,172.88,219.1,391.98,-46.22,17.94,WHA,Property,5127.879999999982
2026-07-27,213.74,369.99,583.73,-156.24,16.98,WHA,Property,4971.639999999982
2026-07-30,222.39,308.89,531.27,-86.5,21.73,WHA,Property,4885.139999999982
2026-07-31,781.63,995.53,1777.16,-213.89,46.46,WHA,Property,4671.249999999982
2026-08-03,97.46,248.59,346.06,-151.13,21.4,WHA,Property,4520.119999999982
2026-08-04,39.64,108.58,148.22,-68.95,26.43,WHA,Property,4451.169999999982
2026-08-05,139.43,318.94,458.36,-179.51,23.43,WHA,Property,4271.659999999982
2026-08-06,166.36,214.73,381.09,-48.37,21.55,WHA,Property,4223.289999999982
2026-08-07,146.98,179.63,326.6,-32.65,22.87,WHA,Property,4190.639999999982
2026-08-10,51.57,80.23,131.8,-28.66,26.51,WHA,Property,4161.979999999982
2026-08-11,128.88,147.57,276.46,-18.69,15.26,WHA,Property,4143.289999999983
2026-08-13,62.83,156.66,219.49,-93.83,25.66,WHA,Property,4049.4599999999828
2026-08-14,189.7,163.09,352.79,26.61,20.51,WHA,Property,4076.069999999983
2026-08-17,318.22,172.66,490.88,145.57,26.96,WHA,Property,4221.639999999983
2026-08-18,119.64,169.6,289.23,-49.96,21.9,WHA,Property,4171.679999999983
2026-08-19,51.66,132.49,184.15,-80.84,18.4,WHA,Property,4090.839999999983
2026-08-20,51.5,123.31,174.81,-71.82,21.62,WHA,Property,4019.0199999999827
2026-08-21,14.47,85.03,99.5,-70.56,22.29,WHA,Property,3948.4599999999828
